policy_id,title,organization,bucket,subtype,recommended_action,review_reason,source,old_amount_manwon,old_amount_actual,decision_reasons,candidate_count,url
ENERGYAGENCY:21809,2019년 에너지경영시스템 인프라 구축 지원사업 공고 안내,한국에너지공단,resolved_update,,apply_payload_candidate,통합 payload에 포함된 업데이트 후보,,15000.0,최대 1.5억원,clear_selected_candidate,2,https://www.energy.or.kr/front/board/View2.do?boardMngNo=2&boardNo=21809
ENERGYAGENCY:21849,2019년 에너지경영시스템 인프라 구축 지원사업 공고 안내,한국에너지공단,resolved_update,,apply_payload_candidate,통합 payload에 포함된 업데이트 후보,,15000.0,최대 1.5억원,clear_selected_candidate,2,https://www.energy.or.kr/front/board/View2.do?boardMngNo=2&boardNo=21849
PBLN_000000000115994,2026년 스마트 제조혁신 지원사업 통합 공고,중소벤처기업부,resolved_update,,apply_payload_candidate,통합 payload에 포함된 업데이트 후보,,50000.0,최대 5억원,clear_selected_candidate,42,https://www.bizinfo.go.kr/sii/siia/selectSIIA200Detail.do?pblancId=PBLN_000000000115994
PBLN_000000000116004,스마트 공장 수준 확인(2026년 스마트 제조혁신 지원사업 통합 공고),중소벤처기업부,resolved_update,,apply_payload_candidate,통합 payload에 포함된 업데이트 후보,,50000.0,최대 5억원,clear_selected_candidate,42,https://www.bizinfo.go.kr/sii/siia/selectSIIA200Detail.do?pblancId=PBLN_000000000116004
PBLN_000000000116008,제조 DX멘토단 활용지원(2026년 스마트 제조혁신 지원사업 통합 공고),중소벤처기업부,resolved_update,,apply_payload_candidate,통합 payload에 포함된 업데이트 후보,,50000.0,최대 5억원,clear_selected_candidate,42,https://www.bizinfo.go.kr/sii/siia/selectSIIA200Detail.do?pblancId=PBLN_000000000116008
PBLN_000000000117019,2026년 제조DX멘토단 활용지원사업 통합 공고,중소벤처기업부,resolved_update,,apply_payload_candidate,통합 payload에 포함된 업데이트 후보,,238.0,최대 238만원,selected_candidate_missing,14,https://www.bizinfo.go.kr/sii/siia/selectSIIA200Detail.do?pblancId=PBLN_000000000117019
PBLN_000000000117643,2026년 예산군 로케이션 인센티브 제작지원 사업 공고,충청남도,resolved_update,,apply_payload_candidate,통합 payload에 포함된 업데이트 후보,,6000.0,"최대 6,000만원",clear_selected_candidate,3,https://www.bizinfo.go.kr/sii/siia/selectSIIA200Detail.do?pblancId=PBLN_000000000117643
PBLN_000000000117781,[경북] 국방기술 민간이전 사업 참여기업 모집 공고(경북ㆍ구미 방산혁신클러스터),경상북도,resolved_update,,apply_payload_candidate,통합 payload에 포함된 업데이트 후보,,4000.0,"최대 4,000만원",clear_selected_candidate,4,https://www.bizinfo.go.kr/sii/siia/selectSIIA200Detail.do?pblancId=PBLN_000000000117781
PBLN_000000000118003,[경기] 용인시 2026년 다통해 서포터즈(시민 통번역 서포터즈) 지원사업 공고,경기도,resolved_update,,apply_payload_candidate,통합 payload에 포함된 업데이트 후보,,50.0,최대 50만원,clear_selected_candidate,8,https://www.bizinfo.go.kr/sii/siia/selectSIIA200Detail.do?pblancId=PBLN_000000000118003
PBLN_000000000118122,[울산] 2026년 이전ㆍ창업기업(기술강소기업) 특별보조금 지원사업 공고,울산광역시,resolved_update,,apply_payload_candidate,통합 payload에 포함된 업데이트 후보,,20000.0,최대 2억원,clear_selected_candidate,10,https://www.bizinfo.go.kr/sii/siia/selectSIIA200Detail.do?pblancId=PBLN_000000000118122
PBLN_000000000118395,[경기] 2026년 기술닥터사업 공고,경기도,resolved_update,,apply_payload_candidate,통합 payload에 포함된 업데이트 후보,,500.0,최대 500만원,large_amount_delta,14,https://www.bizinfo.go.kr/sii/siia/selectSIIA200Detail.do?pblancId=PBLN_000000000118395
PBLN_000000000118679,[인천] 2026년 채용연계형 뿌리기업 근로환경 혁신 지원사업(환경개선) 모집 공고(지역산업맞춤형 일자리지원 사업),인천광역시,resolved_update,,apply_payload_candidate,통합 payload에 포함된 업데이트 후보,,2100.0,"최대 2,100만원",clear_selected_candidate,12,https://www.bizinfo.go.kr/sii/siia/selectSIIA200Detail.do?pblancId=PBLN_000000000118679
PBLN_000000000118681,[경남] 진주시 2026년 산업재산권 권리화 지원 사업 공고,경상남도,resolved_update,,apply_payload_candidate,통합 payload에 포함된 업데이트 후보,,100.0,최대 100만원,clear_selected_candidate,8,https://www.bizinfo.go.kr/sii/siia/selectSIIA200Detail.do?pblancId=PBLN_000000000118681
PBLN_000000000118752,2026년 한국농수산식품유통공사(aT) 안전성 검사비 지원사업 공고,농림축산식품부,resolved_update,,apply_payload_candidate,통합 payload에 포함된 업데이트 후보,,8000.0,"최대 8,000만원",clear_selected_candidate,3,https://www.bizinfo.go.kr/sii/siia/selectSIIA200Detail.do?pblancId=PBLN_000000000118752
PBLN_000000000118806,[경남] 사천시ㆍ진주시 2026년 디지털전환(DX) 컨설팅 및 인력양성 지원 사업 수요기업 모집 공고,경상남도,resolved_update,,apply_payload_candidate,통합 payload에 포함된 업데이트 후보,,500.0,최대 500만원,clear_selected_candidate,4,https://www.bizinfo.go.kr/sii/siia/selectSIIA200Detail.do?pblancId=PBLN_000000000118806
PBLN_000000000119158,[전북] 2026년 초등학부모 10시 출근제 도입 중소기업 지원 사업 참여기업 모집 공고,전북특별자치도,resolved_update,,apply_payload_candidate,통합 payload에 포함된 업데이트 후보,,120.0,최대 120만원,clear_selected_candidate,5,https://www.bizinfo.go.kr/sii/siia/selectSIIA200Detail.do?pblancId=PBLN_000000000119158
PBLN_000000000119321,[세종] 2026년 수출보증보험료 지원 사업 참가기업 모집 공고,세종특별자치시,resolved_update,,apply_payload_candidate,통합 payload에 포함된 업데이트 후보,,200.0,최대 200만원,clear_selected_candidate,4,https://www.bizinfo.go.kr/sii/siia/selectSIIA200Detail.do?pblancId=PBLN_000000000119321
PBLN_000000000119515,2026년 M&A 활성화 지원사업 공고,중소벤처기업부,resolved_update,,apply_payload_candidate,통합 payload에 포함된 업데이트 후보,,3000.0,"최대 3,000만원",clear_selected_candidate,16,https://www.bizinfo.go.kr/sii/siia/selectSIIA200Detail.do?pblancId=PBLN_000000000119515
PBLN_000000000119686,[경기] 2026년 베이비부머 라이트잡 모집 공고,경기도,resolved_update,,apply_payload_candidate,통합 payload에 포함된 업데이트 후보,,40.0,최대 40만원,clear_selected_candidate,5,https://www.bizinfo.go.kr/sii/siia/selectSIIA200Detail.do?pblancId=PBLN_000000000119686
PBLN_000000000119693,[경기] 2026년 중소기업 R&D 기획ㆍ컨설팅 사업 모집 공고,경기도,resolved_update,,apply_payload_candidate,통합 payload에 포함된 업데이트 후보,,10000.0,최대 1억원,clear_selected_candidate,12,https://www.bizinfo.go.kr/sii/siia/selectSIIA200Detail.do?pblancId=PBLN_000000000119693
PBLN_000000000119822,[경북] 구미시 2026년 시제품제작센터 수혜기업 모집 공고,경상북도,resolved_update,,apply_payload_candidate,통합 payload에 포함된 업데이트 후보,,600.0,최대 600만원,clear_selected_candidate,4,https://www.bizinfo.go.kr/sii/siia/selectSIIA200Detail.do?pblancId=PBLN_000000000119822
PBLN_000000000119910,2026년 정보보호제품 신속확인 신규 제품 수수료  지원 사업 안내 공고,과학기술정보통신부,resolved_update,,apply_payload_candidate,통합 payload에 포함된 업데이트 후보,,1000.0,"최대 1,000만원",clear_selected_candidate,4,https://www.bizinfo.go.kr/sii/siia/selectSIIA200Detail.do?pblancId=PBLN_000000000119910
PBLN_000000000119953,[부산] 제조산업 산업전환을 통한 혁신성장 지원 사업 참여 기업 모집 공고,부산광역시,resolved_update,,apply_payload_candidate,통합 payload에 포함된 업데이트 후보,,4000.0,"최대 4,000만원",clear_selected_candidate,18,https://www.bizinfo.go.kr/sii/siia/selectSIIA200Detail.do?pblancId=PBLN_000000000119953
PBLN_000000000119957,[부산] 기계ㆍ부품ㆍ철강산업 숙련기술자 고용안정 지원사업 참여 기업 및 참여자 모집 공고,부산광역시,resolved_update,,apply_payload_candidate,통합 payload에 포함된 업데이트 후보,,750.0,최대 750만원,large_amount_delta,14,https://www.bizinfo.go.kr/sii/siia/selectSIIA200Detail.do?pblancId=PBLN_000000000119957
PBLN_000000000120012,[경기] 2026년 공동활용 연구장비 사용료 지원 기업 모집 공고,경기도,resolved_update,,apply_payload_candidate,통합 payload에 포함된 업데이트 후보,,10000.0,최대 1억원,large_amount_delta,10,https://www.bizinfo.go.kr/sii/siia/selectSIIA200Detail.do?pblancId=PBLN_000000000120012
PBLN_000000000120097,2026년 데이터 품질인증 지원사업 공고,과학기술정보통신부,resolved_update,,apply_payload_candidate,통합 payload에 포함된 업데이트 후보,,1150.0,"최대 1,150만원",clear_selected_candidate,43,https://www.bizinfo.go.kr/sii/siia/selectSIIA200Detail.do?pblancId=PBLN_000000000120097
PBLN_000000000120123,2026년 금융 테스트베드 참여기업 테스트비용 지원 공고,금융위원회,resolved_update,,apply_payload_candidate,통합 payload에 포함된 업데이트 후보,,15000.0,최대 1.5억원,large_amount_delta,7,https://www.bizinfo.go.kr/sii/siia/selectSIIA200Detail.do?pblancId=PBLN_000000000120123
PBLN_000000000120219,2026년 투자연계형 기술확보지원사업(기술검증지원) 참여기업 모집 공고,산업통상부,resolved_update,,apply_payload_candidate,통합 payload에 포함된 업데이트 후보,,6000.0,"최대 6,000만원",clear_selected_candidate,8,https://www.bizinfo.go.kr/sii/siia/selectSIIA200Detail.do?pblancId=PBLN_000000000120219
PBLN_000000000120340,[경기] 2026년 섬유분야 유해물질 시험분석 및 인증지원 공고,경기도,resolved_update,,apply_payload_candidate,통합 payload에 포함된 업데이트 후보,,300.0,최대 300만원,clear_selected_candidate,3,https://www.bizinfo.go.kr/sii/siia/selectSIIA200Detail.do?pblancId=PBLN_000000000120340
PBLN_000000000120375,2026년 중소기업 연구인력 현장맞춤형 양성지원사업 연구인력(R&D) 양성프로그램 참여기업 모집 공고,경기도,resolved_update,,apply_payload_candidate,통합 payload에 포함된 업데이트 후보,,1000.0,"최대 1,000만원",clear_selected_candidate,7,https://www.bizinfo.go.kr/sii/siia/selectSIIA200Detail.do?pblancId=PBLN_000000000120375
PBLN_000000000120385,[울산] 2026년 자동차 부품업종 근로자 지역정착 지원사업 참여기업 모집 공고(지역ㆍ산업맞춤형 일자리지원 사업(자율계정)),울산광역시,resolved_update,,apply_payload_candidate,통합 payload에 포함된 업데이트 후보,,10000.0,최대 1억원,clear_selected_candidate,24,https://www.bizinfo.go.kr/sii/siia/selectSIIA200Detail.do?pblancId=PBLN_000000000120385
PBLN_000000000120423,2026년 로봇 재제조산업 기업지원사업(기술 자문) 공고,산업통상부,resolved_update,,apply_payload_candidate,통합 payload에 포함된 업데이트 후보,,300.0,최대 300만원,clear_selected_candidate,2,https://www.bizinfo.go.kr/sii/siia/selectSIIA200Detail.do?pblancId=PBLN_000000000120423
PBLN_000000000120509,[충남] 2026년 혁신기업 기술창업 활성화 지원사업 모집 공고,충청남도,resolved_update,,apply_payload_candidate,통합 payload에 포함된 업데이트 후보,,1020.0,"최대 1,020만원",clear_selected_candidate,6,https://www.bizinfo.go.kr/sii/siia/selectSIIA200Detail.do?pblancId=PBLN_000000000120509
PBLN_000000000120600,[경북] 김천시 2026년 기술주치의119지원사업 공고,경상북도,resolved_update,,apply_payload_candidate,통합 payload에 포함된 업데이트 후보,,200000.0,최대 20억원,large_amount_delta,13,https://www.bizinfo.go.kr/sii/siia/selectSIIA200Detail.do?pblancId=PBLN_000000000120600
PBLN_000000000120673,2026년 다공성 탄소소재 기반 환경소재 및 부품개발 기반구축 사업 수혜기업 지원(시제품 제작 및 기술지도) 사업 공고,산업통상부,resolved_update,,apply_payload_candidate,통합 payload에 포함된 업데이트 후보,,50.0,최대 50만원,large_amount_delta,5,https://www.bizinfo.go.kr/sii/siia/selectSIIA200Detail.do?pblancId=PBLN_000000000120673
PBLN_000000000120780,2026년 통상변화대응지원사업 참여기업 모집 공고,산업통상부,resolved_update,,apply_payload_candidate,통합 payload에 포함된 업데이트 후보,,1000000.0,최대 100억원,large_amount_delta,22,https://www.bizinfo.go.kr/sii/siia/selectSIIA200Detail.do?pblancId=PBLN_000000000120780
PBLN_000000000120822,[경북] 영천시 2026년 영천기업 연구시설장비 바우처 지원사업 수혜기업 모집 공고,경상북도,resolved_update,,apply_payload_candidate,통합 payload에 포함된 업데이트 후보,,800.0,최대 800만원,clear_selected_candidate,9,https://www.bizinfo.go.kr/sii/siia/selectSIIA200Detail.do?pblancId=PBLN_000000000120822
PBLN_000000000120865,2026년 한ㆍ이스라엘 국제공동기술개발사업 신규 과제 통합 공고,산업통상부,resolved_update,,apply_payload_candidate,통합 payload에 포함된 업데이트 후보,,168000.0,최대 16.8억원,large_amount_delta,39,https://www.bizinfo.go.kr/sii/siia/selectSIIA200Detail.do?pblancId=PBLN_000000000120865
PBLN_000000000120933,[경기] 시흥시 2026년 대야기계장비 소공인특화지원센터 자율사업 통합 모집 공고,경기도,resolved_update,,apply_payload_candidate,통합 payload에 포함된 업데이트 후보,,300.0,최대 300만원,large_amount_delta,27,https://www.bizinfo.go.kr/sii/siia/selectSIIA200Detail.do?pblancId=PBLN_000000000120933
PBLN_000000000120964,[경북] 경주시 2026년 중소기업 화재보험료 지원사업 참여기업 모집 공고,경상북도,resolved_update,,apply_payload_candidate,통합 payload에 포함된 업데이트 후보,,1000.0,"최대 1,000만원",clear_selected_candidate,12,https://www.bizinfo.go.kr/sii/siia/selectSIIA200Detail.do?pblancId=PBLN_000000000120964
PBLN_000000000121028,[울산] 2026년 상반기 산업안전보건 국제표준 인증기업 지원사업 시행 공고,울산광역시,resolved_update,,apply_payload_candidate,통합 payload에 포함된 업데이트 후보,,200.0,최대 200만원,large_amount_delta,27,https://www.bizinfo.go.kr/sii/siia/selectSIIA200Detail.do?pblancId=PBLN_000000000121028
PBLN_000000000121291,2026년 비즈니스지원단(현장클리닉) 사업 운영계획 공고,중소벤처기업부,resolved_update,,apply_payload_candidate,통합 payload에 포함된 업데이트 후보,,35.0,최대 35만원,clear_selected_candidate,3,https://www.bizinfo.go.kr/sii/siia/selectSIIA200Detail.do?pblancId=PBLN_000000000121291
PBLN_000000000121311,[전남광주] 2026년 융ㆍ복합 가전산업 고용 안착 활성화 지원 사업 참여기업(참여자) 모집 공고,전남광주통합특별시,resolved_update,,apply_payload_candidate,통합 payload에 포함된 업데이트 후보,,300.0,최대 300만원,clear_selected_candidate,12,https://www.bizinfo.go.kr/sii/siia/selectSIIA200Detail.do?pblancId=PBLN_000000000121311
PBLN_000000000121327,[경북] 상주시 2026년 일자리 공감페이 지원사업 참여기업 모집 공고,경상북도,resolved_update,,apply_payload_candidate,통합 payload에 포함된 업데이트 후보,,1000.0,"최대 1,000만원",clear_selected_candidate,1,https://www.bizinfo.go.kr/sii/siia/selectSIIA200Detail.do?pblancId=PBLN_000000000121327
PBLN_000000000121417,[대구] 2026년 디지털전환 현장캠퍼스 지원대상 기업 모집 공고,대구광역시,resolved_update,,apply_payload_candidate,통합 payload에 포함된 업데이트 후보,,2000.0,,clear_selected_candidate,12,https://www.bizinfo.go.kr/sii/siia/selectSIIA200Detail.do?pblancId=PBLN_000000000121417
PBLN_000000000121424,[경북] 고령군 2026년 지역발전 우수기업 환경개선 사업 참가기업 모집 공고,경상북도,resolved_update,,apply_payload_candidate,통합 payload에 포함된 업데이트 후보,,1000.0,"최대 1,000만원",clear_selected_candidate,9,https://www.bizinfo.go.kr/sii/siia/selectSIIA200Detail.do?pblancId=PBLN_000000000121424
PBLN_000000000121442,[인천] 2026년 소규모 제조업 중대재해 예방 안전조치 지원사업 참여기업 모집 공고,인천광역시,resolved_update,,apply_payload_candidate,통합 payload에 포함된 업데이트 후보,,250.0,최대 250만원,clear_selected_candidate,9,https://www.bizinfo.go.kr/sii/siia/selectSIIA200Detail.do?pblancId=PBLN_000000000121442
PBLN_000000000121444,[경기] 군포시 2026년 품질경쟁력 강화 지원사업 참여기업 모집 공고,경기도,resolved_update,,apply_payload_candidate,통합 payload에 포함된 업데이트 후보,,300.0,최대 300만원,clear_selected_candidate,13,https://www.bizinfo.go.kr/sii/siia/selectSIIA200Detail.do?pblancId=PBLN_000000000121444
PBLN_000000000121591,[충남] 2026년 수소상용차 부품 성능 검증 기반 구축 사업 장비활용 지원 수혜기업 상시 모집 공고,충청남도,resolved_update,,apply_payload_candidate,통합 payload에 포함된 업데이트 후보,,1000.0,"최대 1,000만원",clear_selected_candidate,4,https://www.bizinfo.go.kr/sii/siia/selectSIIA200Detail.do?pblancId=PBLN_000000000121591
PBLN_000000000121664,2026년 IP투자연계 지식재산평가 지원사업 공고,지식재산처,resolved_update,,apply_payload_candidate,통합 payload에 포함된 업데이트 후보,,1500.0,"최대 1,500만원",clear_selected_candidate,19,https://www.bizinfo.go.kr/sii/siia/selectSIIA200Detail.do?pblancId=PBLN_000000000121664
PBLN_000000000121677,[충남] 2026년 대전상공회의소 ESG 경영 컨설팅 지원사업 참여기업 모집 공고,충청남도,resolved_update,,apply_payload_candidate,통합 payload에 포함된 업데이트 후보,,300.0,최대 300만원,clear_selected_candidate,1,https://www.bizinfo.go.kr/sii/siia/selectSIIA200Detail.do?pblancId=PBLN_000000000121677
PBLN_000000000122153,[서울] 외식업 경영혁신 컨설팅 지원사업 컨설팅 참여업소 모집 공고,서울특별시,resolved_update,,apply_payload_candidate,통합 payload에 포함된 업데이트 후보,,60.0,최대 60만원,clear_selected_candidate,5,https://www.bizinfo.go.kr/sii/siia/selectSIIA200Detail.do?pblancId=PBLN_000000000122153
PBLN_000000000122174,2026년 인천 블록체인 바우처 지원사업 수요기업 모집 공고,인천광역시,resolved_update,,apply_payload_candidate,통합 payload에 포함된 업데이트 후보,,500.0,최대 500만원,clear_selected_candidate,11,https://www.bizinfo.go.kr/sii/siia/selectSIIA200Detail.do?pblancId=PBLN_000000000122174
PBLN_000000000122238,[강원] 춘천시 2026년 지식재산 국내분쟁 비용지원 사업 모집 연장 공고,강원특별자치도,resolved_update,,apply_payload_candidate,통합 payload에 포함된 업데이트 후보,,300.0,최대 300만원,large_amount_delta,5,https://www.bizinfo.go.kr/sii/siia/selectSIIA200Detail.do?pblancId=PBLN_000000000122238
PBLN_000000000122325,2026년 대전 도심 공실 활용 스마트팜 조성사업 운영사 모집 공고,대전광역시,resolved_update,,apply_payload_candidate,통합 payload에 포함된 업데이트 후보,,200.0,최대 200만원,clear_selected_candidate,20,https://www.bizinfo.go.kr/sii/siia/selectSIIA200Detail.do?pblancId=PBLN_000000000122325
PBLN_000000000122394,[제주] 2026년 전기차 사용 후 배터리 실증 지원사업(KC인증) 상시모집 공고,제주특별자치도,resolved_update,,apply_payload_candidate,통합 payload에 포함된 업데이트 후보,,5000.0,"최대 5,000만원",large_amount_delta,6,https://www.bizinfo.go.kr/sii/siia/selectSIIA200Detail.do?pblancId=PBLN_000000000122394
PBLN_000000000122433,[대구] 2026년 (Pre)스타기업 육성사업 개별지원 유형별 특성화지원 통합 공고,대구광역시,resolved_update,,apply_payload_candidate,통합 payload에 포함된 업데이트 후보,,3000.0,"최대 3,000만원",clear_selected_candidate,48,https://www.bizinfo.go.kr/sii/siia/selectSIIA200Detail.do?pblancId=PBLN_000000000122433
PBLN_000000000122454,[경기] 포천시 2026년 현장기술돌봄이 지원사업 모집 공고,경기도,resolved_update,,apply_payload_candidate,통합 payload에 포함된 업데이트 후보,,90.0,,clear_selected_candidate,14,https://www.bizinfo.go.kr/sii/siia/selectSIIA200Detail.do?pblancId=PBLN_000000000122454
PBLN_000000000122495,[경기] 2026년 GH 민간협력기술개발사업 과제 공모 공고,경기도,resolved_update,,apply_payload_candidate,통합 payload에 포함된 업데이트 후보,,7000.0,"최대 7,000만원",clear_selected_candidate,6,https://www.bizinfo.go.kr/sii/siia/selectSIIA200Detail.do?pblancId=PBLN_000000000122495
PBLN_000000000122563,[충남] 천안시 2026년 기술이전ㆍ가치평가 지원사업 참여기업 모집 공고,충청남도,resolved_update,,apply_payload_candidate,통합 payload에 포함된 업데이트 후보,,900.0,,clear_selected_candidate,30,https://www.bizinfo.go.kr/sii/siia/selectSIIA200Detail.do?pblancId=PBLN_000000000122563
PBLN_000000000122623,[전북] 2026년 2차 자동차 대체부품 분야 기업지원 사업 공고,전북특별자치도,resolved_update,,apply_payload_candidate,통합 payload에 포함된 업데이트 후보,,49493.0,,large_amount_delta,7,https://www.bizinfo.go.kr/sii/siia/selectSIIA200Detail.do?pblancId=PBLN_000000000122623
PBLN_000000000122718,[충북] 2026년 유망기업 IP투자연계 지식재산평가 지원사업 모집 재공고,충청북도,resolved_update,,apply_payload_candidate,통합 payload에 포함된 업데이트 후보,,1500.0,"최대 1,500만원",clear_selected_candidate,12,https://www.bizinfo.go.kr/sii/siia/selectSIIA200Detail.do?pblancId=PBLN_000000000122718
PBLN_000000000122724,[충북] 청주시 2026년 2차 공정혁신시뮬레이션센터 구축 및 운영사업 기술지원 수혜기업 모집 연장 공고,산업통상부,resolved_update,,apply_payload_candidate,통합 payload에 포함된 업데이트 후보,,1600.0,"최대 1,600만원",clear_selected_candidate,5,https://www.bizinfo.go.kr/sii/siia/selectSIIA200Detail.do?pblancId=PBLN_000000000122724
PBLN_000000000122793,2026년 연구개발특구 딥테크 스타트업 챌린지 기업모집 공고,과학기술정보통신부,resolved_update,,apply_payload_candidate,통합 payload에 포함된 업데이트 후보,,300000.0,최대 30억원,clear_selected_candidate,15,https://www.bizinfo.go.kr/sii/siia/selectSIIA200Detail.do?pblancId=PBLN_000000000122793
PBLN_000000000122893,2026년 세종테크밸리 첨단기업 유치 임차료 지원사업 희망기업(임차기업) 모집 수정 공고,세종특별자치시,resolved_update,,apply_payload_candidate,통합 payload에 포함된 업데이트 후보,,2000.0,"최대 2,000만원",clear_selected_candidate,14,https://www.bizinfo.go.kr/sii/siia/selectSIIA200Detail.do?pblancId=PBLN_000000000122893
PBLN_000000000122906,[부산ㆍ울산ㆍ경남] 2026년 부ㆍ울ㆍ경 3T(Together Towards Tomorrow) 협력 파트너십 참여기업 모집 공고,고용노동부,resolved_update,,apply_payload_candidate,통합 payload에 포함된 업데이트 후보,,6000.0,"최대 6,000만원",clear_selected_candidate,18,https://www.bizinfo.go.kr/sii/siia/selectSIIA200Detail.do?pblancId=PBLN_000000000122906
PBLN_000000000122930,[경남] 서부 2026년 3차 지식재산 긴급지원 사업 모집 공고,경상남도,resolved_update,,apply_payload_candidate,통합 payload에 포함된 업데이트 후보,,900.0,최대 900만원,clear_selected_candidate,26,https://www.bizinfo.go.kr/sii/siia/selectSIIA200Detail.do?pblancId=PBLN_000000000122930
PBLN_000000000122976,2026년 2차 첨단제조로봇 실증사업 참여기업 모집 공고,산업통상부,resolved_update,,apply_payload_candidate,통합 payload에 포함된 업데이트 후보,,50000.0,최대 5억원,clear_selected_candidate,31,https://www.bizinfo.go.kr/sii/siia/selectSIIA200Detail.do?pblancId=PBLN_000000000122976
PBLN_000000000123023,[경남] 2026년 사이버 위기대응 모의훈련 및 보안점검 수요기업 모집 공고(지역 정보보호 지원센터),경상남도,resolved_update,,apply_payload_candidate,통합 payload에 포함된 업데이트 후보,,1300.0,"최대 1,300만원",clear_selected_candidate,3,https://www.bizinfo.go.kr/sii/siia/selectSIIA200Detail.do?pblancId=PBLN_000000000123023
PBLN_000000000123043,2026년 1인 중증장애인기업 업무지원인 서비스 지원사업 의사소통형ㆍ경영지도형 지원대상자 모집 공고,중소벤처기업부,resolved_update,,apply_payload_candidate,통합 payload에 포함된 업데이트 후보,,300.0,최대 300만원,clear_selected_candidate,5,https://www.bizinfo.go.kr/sii/siia/selectSIIA200Detail.do?pblancId=PBLN_000000000123043
PBLN_000000000123053,2026년 2차 경북 영천시 금호 이웃사촌마을 조성사업 청년창업 및 이전기업 지원사업 참여기업(이전기업) 모집 공고,경상북도,resolved_update,,apply_payload_candidate,통합 payload에 포함된 업데이트 후보,,5000.0,"최대 5,000만원",large_amount_delta,13,https://www.bizinfo.go.kr/sii/siia/selectSIIA200Detail.do?pblancId=PBLN_000000000123053
PBLN_000000000123074,[경남] 2026년 산업안전 AI 스마트공장 구축 지원사업 공고,경상남도,resolved_update,,apply_payload_candidate,통합 payload에 포함된 업데이트 후보,,20000.0,최대 2억원,clear_selected_candidate,14,https://www.bizinfo.go.kr/sii/siia/selectSIIA200Detail.do?pblancId=PBLN_000000000123074
PBLN_000000000123109,[전남광주] 장성군 2026년 2차 스마트기계전자산업 활성화 지원사업 참여기업 모집 공고(시군구연고산업육성사업),중소벤처기업부,resolved_update,,apply_payload_candidate,통합 payload에 포함된 업데이트 후보,,4000.0,"최대 4,000만원",clear_selected_candidate,17,https://www.bizinfo.go.kr/sii/siia/selectSIIA200Detail.do?pblancId=PBLN_000000000123109
PBLN_000000000123112,[전남광주] 화순군 2026년 2차 바이오산업 활성화 지원사업 참여기업 모집 공고(시군구연고산업육성사업),전남광주통합특별시,resolved_update,,apply_payload_candidate,통합 payload에 포함된 업데이트 후보,,5000.0,"최대 5,000만원",clear_selected_candidate,25,https://www.bizinfo.go.kr/sii/siia/selectSIIA200Detail.do?pblancId=PBLN_000000000123112
PBLN_000000000123150,2026년 소공인 스마트제조지원(스마트공방)사업 추가 모집 공고,중소벤처기업부,resolved_update,,apply_payload_candidate,통합 payload에 포함된 업데이트 후보,,600.0,최대 600만원,large_amount_delta,15,https://www.bizinfo.go.kr/sii/siia/selectSIIA200Detail.do?pblancId=PBLN_000000000123150
PBLN_000000000123165,[울산] 데이터 파이프라인 구축 사업 수혜기업 추가 모집 공고(지역주도형 AI 대전환),중소벤처기업부,resolved_update,,apply_payload_candidate,통합 payload에 포함된 업데이트 후보,,5000.0,"최대 5,000만원",clear_selected_candidate,11,https://www.bizinfo.go.kr/sii/siia/selectSIIA200Detail.do?pblancId=PBLN_000000000123165
PBLN_000000000123173,[전남광주] 여수시 2026년 2차 지역산업위기대응 맞춤형 지원사업 공고,전남광주통합특별시,resolved_update,,apply_payload_candidate,통합 payload에 포함된 업데이트 후보,,20000.0,최대 2억원,clear_selected_candidate,18,https://www.bizinfo.go.kr/sii/siia/selectSIIA200Detail.do?pblancId=PBLN_000000000123173
PBLN_000000000123174,[경기] 포천시 2026년 현장기술 돌봄이 지원사업 모집 수정 공고,경기도,resolved_update,,apply_payload_candidate,통합 payload에 포함된 업데이트 후보,,90.0,최대 90만원,clear_selected_candidate,11,https://www.bizinfo.go.kr/sii/siia/selectSIIA200Detail.do?pblancId=PBLN_000000000123174
PBLN_000000000123179,[경기] 2026년 2차 제조로봇 도입ㆍ실증 및 고도화지원 사업 공고(제조로봇 도입지원),경기도,resolved_update,,apply_payload_candidate,통합 payload에 포함된 업데이트 후보,,12000.0,최대 1.2억원,clear_selected_candidate,27,https://www.bizinfo.go.kr/sii/siia/selectSIIA200Detail.do?pblancId=PBLN_000000000123179
PBLN_000000000123191,[경북] 안동시 2026년 3차 지식재산 긴급지원 사업 모집 공고,경상북도,resolved_update,,apply_payload_candidate,통합 payload에 포함된 업데이트 후보,,900.0,최대 900만원,clear_selected_candidate,31,https://www.bizinfo.go.kr/sii/siia/selectSIIA200Detail.do?pblancId=PBLN_000000000123191
PBLN_000000000123195,[경북] 의성군 2026년 3차 지식재산 긴급지원 사업 모집 공고,경상북도,resolved_update,,apply_payload_candidate,통합 payload에 포함된 업데이트 후보,,900.0,최대 900만원,clear_selected_candidate,31,https://www.bizinfo.go.kr/sii/siia/selectSIIA200Detail.do?pblancId=PBLN_000000000123195
PBLN_000000000123231,[충북] 2026년 산업 AI 도입·실증 지원사업 참여기업 모집 공고(산업 인공지능 전환 및 확산 기반조성 사업),산업통상부,resolved_update,,apply_payload_candidate,통합 payload에 포함된 업데이트 후보,,5500.0,"최대 5,500만원",clear_selected_candidate,5,https://www.bizinfo.go.kr/sii/siia/selectSIIA200Detail.do?pblancId=PBLN_000000000123231
PBLN_000000000123257,[부산] 2027년 방산 중소기업 생산성향상 지원사업 공고,부산광역시,resolved_update,,apply_payload_candidate,통합 payload에 포함된 업데이트 후보,,15000.0,최대 1.5억원,clear_selected_candidate,13,https://www.bizinfo.go.kr/sii/siia/selectSIIA200Detail.do?pblancId=PBLN_000000000123257
PBLN_000000000123264,[경북] 2026년 모빌리티 산업 디지털 전환 고도화 지원사업 수혜기업 모집 공고,경상북도,resolved_update,,apply_payload_candidate,통합 payload에 포함된 업데이트 후보,,2000.0,"최대 2,000만원",clear_selected_candidate,1,https://www.bizinfo.go.kr/sii/siia/selectSIIA200Detail.do?pblancId=PBLN_000000000123264
PBLN_000000000123268,[충남] 천안시ㆍ아산시 2026년 디스플레이 특화단지 R&D 컨설팅 지원 수혜기업 모집 공고,충청남도,resolved_update,,apply_payload_candidate,통합 payload에 포함된 업데이트 후보,,300.0,최대 300만원,clear_selected_candidate,2,https://www.bizinfo.go.kr/sii/siia/selectSIIA200Detail.do?pblancId=PBLN_000000000123268
PBLN_000000000123277,[대전ㆍ충청] 2026년 중소기업 AI훈련확산 지원사업 참여기업 모집 공고,고용노동부,resolved_update,,apply_payload_candidate,통합 payload에 포함된 업데이트 후보,,280.0,최대 280만원,large_amount_delta,16,https://www.bizinfo.go.kr/sii/siia/selectSIIA200Detail.do?pblancId=PBLN_000000000123277
PBLN_000000000123291,[전북] 군산시 2026년 2차 AX얼라이언스 산ㆍ학ㆍ연 종합프로그램 지원 수혜기업 모집 공고(군산국가산업단지 스마트그린 AX실증산단 구축사업),산업통상부,resolved_update,,apply_payload_candidate,통합 payload에 포함된 업데이트 후보,,2000.0,"최대 2,000만원",clear_selected_candidate,2,https://www.bizinfo.go.kr/sii/siia/selectSIIA200Detail.do?pblancId=PBLN_000000000123291
PBLN_000000000123298,2026년 산업데이터 표준 기반 AI 솔루션 실증지원 사업수요기업 추가모집 공고(산업데이터 표준확산 기반구축 사업),경기도,resolved_update,,apply_payload_candidate,통합 payload에 포함된 업데이트 후보,,5000.0,"최대 5,000만원",clear_selected_candidate,3,https://www.bizinfo.go.kr/sii/siia/selectSIIA200Detail.do?pblancId=PBLN_000000000123298
PBLN_000000000123300,[광주] 2026년 자동차 부품업체 지속 가능 전환기업 육성지원사업 지원기업 모집 공고,광주광역시,resolved_update,,apply_payload_candidate,통합 payload에 포함된 업데이트 후보,,1600.0,"최대 1,600만원",large_amount_delta,6,https://www.bizinfo.go.kr/sii/siia/selectSIIA200Detail.do?pblancId=PBLN_000000000123300
PBLN_000000000123336,[서울] 2026년 2차 서울제로마켓 활성화 사업 참여자 모집 공고,서울특별시,resolved_update,,apply_payload_candidate,통합 payload에 포함된 업데이트 후보,,120.0,최대 120만원,selected_candidate_missing,3,https://www.bizinfo.go.kr/sii/siia/selectSIIA200Detail.do?pblancId=PBLN_000000000123336
PBLN_000000000123338,2026년 IP투자연계 지식재산평가 지원사업 공고,지식재산처,resolved_update,,apply_payload_candidate,통합 payload에 포함된 업데이트 후보,,1500.0,"최대 1,500만원",clear_selected_candidate,11,https://www.bizinfo.go.kr/sii/siia/selectSIIA200Detail.do?pblancId=PBLN_000000000123338
PBLN_000000000123358,[충북] 2026년 화장품산업 근로자 고용안정을 위한 복지 지원사업 참여기업 모집 공고(충청북도 고용유지 버팀이음 프로젝트 사업),충청북도,resolved_update,,apply_payload_candidate,통합 payload에 포함된 업데이트 후보,,50.0,최대 50만원,clear_selected_candidate,12,https://www.bizinfo.go.kr/sii/siia/selectSIIA200Detail.do?pblancId=PBLN_000000000123358
PBLN_000000000123375,[전남] 첨단로봇ㆍAI 활용 중소기업 제조혁신 사업 기업지원(기술개발) 모집 공고,전라남도,resolved_update,,apply_payload_candidate,통합 payload에 포함된 업데이트 후보,,7000.0,"최대 7,000만원",clear_selected_candidate,12,https://www.bizinfo.go.kr/sii/siia/selectSIIA200Detail.do?pblancId=PBLN_000000000123375
PBLN_000000000123392,[부산] 2026년 2차 지산학 기술도입 지원사업 참여기업 모집 공고(지산학 연결중개 촉진 지원사업),부산광역시,resolved_update,,apply_payload_candidate,통합 payload에 포함된 업데이트 후보,,1000.0,"최대 1,000만원",clear_selected_candidate,4,https://www.bizinfo.go.kr/sii/siia/selectSIIA200Detail.do?pblancId=PBLN_000000000123392
PBLN_000000000123412,[경남] 2026년 수산부산물 재활용 규제자유특구 책임보험 지원기업 모집 공고,경상남도,resolved_update,,apply_payload_candidate,통합 payload에 포함된 업데이트 후보,,2000.0,"최대 2,000만원",clear_selected_candidate,2,https://www.bizinfo.go.kr/sii/siia/selectSIIA200Detail.do?pblancId=PBLN_000000000123412
PBLN_000000000123413,[경북] 2026년 3차 디지털전환 지원모델 확산사업 지역특화산업지원 참여기업 모집 재공고,경상북도,resolved_update,,apply_payload_candidate,통합 payload에 포함된 업데이트 후보,,5000.0,"최대 5,000만원",clear_selected_candidate,8,https://www.bizinfo.go.kr/sii/siia/selectSIIA200Detail.do?pblancId=PBLN_000000000123413
PBLN_000000000123423,[경북] 안동시 2026년 장애인기업육성지원사업 기업(사업화) 지원 모집 공고,경상북도,resolved_update,,apply_payload_candidate,통합 payload에 포함된 업데이트 후보,,500.0,최대 500만원,clear_selected_candidate,6,https://www.bizinfo.go.kr/sii/siia/selectSIIA200Detail.do?pblancId=PBLN_000000000123423
PBLN_000000000123434,[충북] 2026년 벤처 및 스타트업 기업 공동연구장비 활용 지원사업 참여기업 추가 공고,충청북도,resolved_update,,apply_payload_candidate,통합 payload에 포함된 업데이트 후보,,1000.0,"최대 1,000만원",clear_selected_candidate,6,https://www.bizinfo.go.kr/sii/siia/selectSIIA200Detail.do?pblancId=PBLN_000000000123434
PBLN_000000000123437,[전북] 2026년 인공지능 신뢰성 향상지원 및 확보지원 참여기업 모집 공고,전북특별자치도,resolved_update,,apply_payload_candidate,통합 payload에 포함된 업데이트 후보,,500.0,최대 500만원,clear_selected_candidate,1,https://www.bizinfo.go.kr/sii/siia/selectSIIA200Detail.do?pblancId=PBLN_000000000123437
PBLN_000000000123443,[충북] 2026년 2차 바이오 국제공동연구사업 지원과제 공고(양자간 국제공동연구사업),충청북도,resolved_update,,apply_payload_candidate,통합 payload에 포함된 업데이트 후보,,6000.0,"최대 6,000만원",clear_selected_candidate,4,https://www.bizinfo.go.kr/sii/siia/selectSIIA200Detail.do?pblancId=PBLN_000000000123443
PBLN_000000000123456,[전남] 화순군 2026년 스타기업 모집 공고,전라남도,resolved_update,,apply_payload_candidate,통합 payload에 포함된 업데이트 후보,,6000.0,"최대 6,000만원",large_amount_delta,8,https://www.bizinfo.go.kr/sii/siia/selectSIIA200Detail.do?pblancId=PBLN_000000000123456
PBLN_000000000123462,[경기] 고양시 2026년 28청춘창업소 제품화 지원 프로그램 참가자 모집 공고,경기도,resolved_update,,apply_payload_candidate,통합 payload에 포함된 업데이트 후보,,270.0,최대 270만원,selected_candidate_missing,3,https://www.bizinfo.go.kr/sii/siia/selectSIIA200Detail.do?pblancId=PBLN_000000000123462
PBLN_000000000123469,[충남] 2026년 2차 지역 거점 정보보호 클러스터 구축 사업 정보보호 기업 성장(사업화) 지원사업 모집 재공고,충청남도,resolved_update,,apply_payload_candidate,통합 payload에 포함된 업데이트 후보,,1000.0,"최대 1,000만원",clear_selected_candidate,5,https://www.bizinfo.go.kr/sii/siia/selectSIIA200Detail.do?pblancId=PBLN_000000000123469
PBLN_000000000123471,[충북] 2026년 예비수소전문기업 지원사업 수혜기업 추가 모집 공고,기후에너지환경부,resolved_update,,apply_payload_candidate,통합 payload에 포함된 업데이트 후보,,5500.0,"최대 5,500만원",clear_selected_candidate,16,https://www.bizinfo.go.kr/sii/siia/selectSIIA200Detail.do?pblancId=PBLN_000000000123471
PBLN_000000000123472,[세종] 2026년 정보보호 기업육성(사업화 & 창업ㆍ벤처 육성) 지원사업 모집 공고,세종특별자치시,resolved_update,,apply_payload_candidate,통합 payload에 포함된 업데이트 후보,,4000.0,"최대 4,000만원",large_amount_delta,11,https://www.bizinfo.go.kr/sii/siia/selectSIIA200Detail.do?pblancId=PBLN_000000000123472
PBLN_000000000123477,[대구] 서대구산단 혁신지원센터 및 복합문화센터 운영 지원 입주기업 수요맞춤형 지원 참여기업 모집 공고,대구광역시,resolved_update,,apply_payload_candidate,통합 payload에 포함된 업데이트 후보,,440.0,최대 440만원,clear_selected_candidate,10,https://www.bizinfo.go.kr/sii/siia/selectSIIA200Detail.do?pblancId=PBLN_000000000123477
PBLN_000000000123480,[부산] 2026년 2차 블록체인 허브 입주기업 맞춤형 지원 프로그램 모집 공고,부산광역시,resolved_update,,apply_payload_candidate,통합 payload에 포함된 업데이트 후보,,100.0,최대 100만원,large_amount_delta,9,https://www.bizinfo.go.kr/sii/siia/selectSIIA200Detail.do?pblancId=PBLN_000000000123480
PBLN_000000000123482,[경기] 2026년 기후테크 경진대회 참여기업 모집 공고(2027년 경기도 실증화 지원사업 연계),경기도,resolved_update,,apply_payload_candidate,통합 payload에 포함된 업데이트 후보,,20000.0,최대 2억원,clear_selected_candidate,3,https://www.bizinfo.go.kr/sii/siia/selectSIIA200Detail.do?pblancId=PBLN_000000000123482
PBLN_000000000123483,[부산] 2026년 2차 소규모사업장 작업환경개선 지원사업 모집 공고,부산광역시,resolved_update,,apply_payload_candidate,통합 payload에 포함된 업데이트 후보,,175.0,최대 175만원,clear_selected_candidate,3,https://www.bizinfo.go.kr/sii/siia/selectSIIA200Detail.do?pblancId=PBLN_000000000123483
PBLN_000000000123488,[경북] 구미시 2026년 푸드테크 상용화모델 개발 및 실증사업 수혜기업 모집 공고,경상북도,resolved_update,,apply_payload_candidate,통합 payload에 포함된 업데이트 후보,,7500.0,"최대 7,500만원",clear_selected_candidate,2,https://www.bizinfo.go.kr/sii/siia/selectSIIA200Detail.do?pblancId=PBLN_000000000123488
PBLN_000000000123489,[경북] 포항시 2026년 푸드테크 상용화모델 개발 및 실증사업 수혜기업 모집 공고,경상북도,resolved_update,,apply_payload_candidate,통합 payload에 포함된 업데이트 후보,,7500.0,"최대 7,500만원",clear_selected_candidate,2,https://www.bizinfo.go.kr/sii/siia/selectSIIA200Detail.do?pblancId=PBLN_000000000123489
PBLN_000000000123496,2026년 경북 뿌리산업 DX(디지털전환) 기술지원사업 수혜기업 모집 재공고(뿌리산업 제조공정혁신 지원을 위한 DX 기반구축),산업통상부,resolved_update,,apply_payload_candidate,통합 payload에 포함된 업데이트 후보,,250.0,최대 250만원,clear_selected_candidate,5,https://www.bizinfo.go.kr/sii/siia/selectSIIA200Detail.do?pblancId=PBLN_000000000123496
PBLN_000000000123506,[전남광주] 2026년 2차 전남 지역기업 성장사다리 지원사업 연장 공고,중소벤처기업부,resolved_update,,apply_payload_candidate,통합 payload에 포함된 업데이트 후보,,3500.0,"최대 3,500만원",large_amount_delta,27,https://www.bizinfo.go.kr/sii/siia/selectSIIA200Detail.do?pblancId=PBLN_000000000123506
PBLN_000000000123507,2026년 2차 전북 기업성장 환류형 상생일자리 지원사업 참여기업 모집 공고(BIONE 고용혁신 프로젝트),전북특별자치도,resolved_update,,apply_payload_candidate,통합 payload에 포함된 업데이트 후보,,5000.0,"최대 5,000만원",clear_selected_candidate,14,https://www.bizinfo.go.kr/sii/siia/selectSIIA200Detail.do?pblancId=PBLN_000000000123507
PBLN_000000000123524,[경북] 경산시 2026년 푸드테크 상용화모델 개발 및 실증사업 수혜기업 모집 공고,경상북도,resolved_update,,apply_payload_candidate,통합 payload에 포함된 업데이트 후보,,7500.0,"최대 7,500만원",clear_selected_candidate,2,https://www.bizinfo.go.kr/sii/siia/selectSIIA200Detail.do?pblancId=PBLN_000000000123524
PBLN_000000000123525,[충남ㆍ충북ㆍ대전ㆍ세종] 2026년 2차 기업 지원 프로그램(비R&D) 지원대상 모집 공고(미래차 산업 혁신 지원사업),충청남도,resolved_update,,apply_payload_candidate,통합 payload에 포함된 업데이트 후보,,1100.0,"최대 1,100만원",large_amount_delta,20,https://www.bizinfo.go.kr/sii/siia/selectSIIA200Detail.do?pblancId=PBLN_000000000123525
PBLN_000000000123527,[경북] 안동시 2026년 푸드테크 상용화모델 개발 및 실증사업 수혜기업 모집 공고,경상북도,resolved_update,,apply_payload_candidate,통합 payload에 포함된 업데이트 후보,,7500.0,"최대 7,500만원",clear_selected_candidate,2,https://www.bizinfo.go.kr/sii/siia/selectSIIA200Detail.do?pblancId=PBLN_000000000123527
PBLN_000000000123529,[부산] 2026년 리스크 대응 섬유패션 원부자재 공동 비축 시스템 구축사업 참여기업 모집공고,부산광역시,resolved_update,,apply_payload_candidate,통합 payload에 포함된 업데이트 후보,,200.0,최대 200만원,clear_selected_candidate,3,https://www.bizinfo.go.kr/sii/siia/selectSIIA200Detail.do?pblancId=PBLN_000000000123529
PBLN_000000000123534,[전북] 2026년 기후테크 특화 오픈이노베이션 컨소시엄 추가모집 공고(기후테크 창업기업 성장지원사업),전북특별자치도,resolved_update,,apply_payload_candidate,통합 payload에 포함된 업데이트 후보,,3000.0,"최대 3,000만원",clear_selected_candidate,4,https://www.bizinfo.go.kr/sii/siia/selectSIIA200Detail.do?pblancId=PBLN_000000000123534
PBLN_000000000123543,[경북] 포항시 2026년 경북형(포항) 스마트공장(기초단계) 구축지원사업 추가모집 공고,경상북도,resolved_update,,apply_payload_candidate,통합 payload에 포함된 업데이트 후보,,6000.0,"최대 6,000만원",clear_selected_candidate,3,https://www.bizinfo.go.kr/sii/siia/selectSIIA200Detail.do?pblancId=PBLN_000000000123543
PBLN_000000000123560,[경북] 안동시 2026년 중소기업 기술성장 디딤돌 사업 참여기업 추가모집 공고,경상북도,resolved_update,,apply_payload_candidate,통합 payload에 포함된 업데이트 후보,,1000.0,"최대 1,000만원",clear_selected_candidate,15,https://www.bizinfo.go.kr/sii/siia/selectSIIA200Detail.do?pblancId=PBLN_000000000123560
PBLN_000000000123575,인천 공공 실증 오픈이노베이션 참여기업 모집 공고,인천광역시,resolved_update,,apply_payload_candidate,통합 payload에 포함된 업데이트 후보,,2700.0,"최대 2,700만원",clear_selected_candidate,2,https://www.bizinfo.go.kr/sii/siia/selectSIIA200Detail.do?pblancId=PBLN_000000000123575
PBLN_000000000123584,[경남] 2026년 지역기업 성장사다리 지원사업 패스트트랙(Track A) 모집 공고,중소벤처기업부,resolved_update,,apply_payload_candidate,통합 payload에 포함된 업데이트 후보,,1000.0,"최대 1,000만원",large_amount_delta,9,https://www.bizinfo.go.kr/sii/siia/selectSIIA200Detail.do?pblancId=PBLN_000000000123584
PBLN_000000000123585,[경남] 밀양시 2026년 3차 미래차 산업전환 공정기술 고도화 수혜기업 모집 공고(미래차 산업 전환 공정기술 고도화 지원사업),경상남도,resolved_update,,apply_payload_candidate,통합 payload에 포함된 업데이트 후보,,5000.0,"최대 5,000만원",clear_selected_candidate,6,https://www.bizinfo.go.kr/sii/siia/selectSIIA200Detail.do?pblancId=PBLN_000000000123585
PBLN_000000000123603,[경북] 구미시 2026년 핵심부품ㆍ소재기술 개발사업 신규지원(단기상용화R&Dㆍ기술컨설팅) 대상과제 공고,경상북도,resolved_update,,apply_payload_candidate,통합 payload에 포함된 업데이트 후보,,4000.0,"최대 4,000만원",clear_selected_candidate,2,https://www.bizinfo.go.kr/sii/siia/selectSIIA200Detail.do?pblancId=PBLN_000000000123603
PBLN_000000000123605,[경기] 2026년 AI기업 글로벌 공동연구ㆍ해외진출 지원 예비참여기업 공개모집 공고,경기도,resolved_update,,apply_payload_candidate,통합 payload에 포함된 업데이트 후보,,1000.0,"최대 1,000만원",clear_selected_candidate,8,https://www.bizinfo.go.kr/sii/siia/selectSIIA200Detail.do?pblancId=PBLN_000000000123605
PBLN_000000000123606,[전남광주] 2026년 3차 융ㆍ복합 가전산업 기업 브랜드 강화 지원 참여기업 모집 공고(지역주도형 일자리 지원사업),전남광주통합특별시,resolved_update,,apply_payload_candidate,통합 payload에 포함된 업데이트 후보,,1000.0,"최대 1,000만원",clear_selected_candidate,5,https://www.bizinfo.go.kr/sii/siia/selectSIIA200Detail.do?pblancId=PBLN_000000000123606
PBLN_000000000123607,[경북] 김천시 2026년 4차 중소기업 기술성장 디딤돌 사업 참가기업 추가모집 공고,경상북도,resolved_update,,apply_payload_candidate,통합 payload에 포함된 업데이트 후보,,700.0,최대 700만원,clear_selected_candidate,3,https://www.bizinfo.go.kr/sii/siia/selectSIIA200Detail.do?pblancId=PBLN_000000000123607
PBLN_000000000123610,[강원] 동해시 2026년 3차 수소 전문기업 육성지원 사업 공고,강원특별자치도,resolved_update,,apply_payload_candidate,통합 payload에 포함된 업데이트 후보,,2200.0,"최대 2,200만원",clear_selected_candidate,8,https://www.bizinfo.go.kr/sii/siia/selectSIIA200Detail.do?pblancId=PBLN_000000000123610
PBLN_000000000123618,[울산] 2026년 동남권 수소산업 육성을 위한 수요 맞춤형 기술지원 사업 수요기업 모집 공고,산업통상부,resolved_update,,apply_payload_candidate,통합 payload에 포함된 업데이트 후보,,6500.0,"최대 6,500만원",clear_selected_candidate,6,https://www.bizinfo.go.kr/sii/siia/selectSIIA200Detail.do?pblancId=PBLN_000000000123618
PBLN_000000000123642,[전남광주] 2026년 2차 글로벌강소기업 1000+ 프로젝트 자율 프로그램 모집 공고,전남광주통합특별시,resolved_update,,apply_payload_candidate,통합 payload에 포함된 업데이트 후보,,800.0,최대 800만원,large_amount_delta,8,https://www.bizinfo.go.kr/sii/siia/selectSIIA200Detail.do?pblancId=PBLN_000000000123642
PBLN_000000000123651,[부산] 2026년 수리조선산업 맞춤형 지원사업 추가모집 공고(스마트수리조선지원센터 관리운영 사업),부산광역시,resolved_update,,apply_payload_candidate,통합 payload에 포함된 업데이트 후보,,300.0,최대 300만원,clear_selected_candidate,10,https://www.bizinfo.go.kr/sii/siia/selectSIIA200Detail.do?pblancId=PBLN_000000000123651
PBLN_000000000123656,[충남] 2026년 2차 지역혁신클러스터육성(비R&D)사업 사업화 지원 수혜기업 모집 공고,충청남도,resolved_update,,apply_payload_candidate,통합 payload에 포함된 업데이트 후보,,6000.0,"최대 6,000만원",clear_selected_candidate,13,https://www.bizinfo.go.kr/sii/siia/selectSIIA200Detail.do?pblancId=PBLN_000000000123656
PBLN_000000000123666,[경북] 2026년 3차 광역이음프로젝트 공동 R&Dㆍ일터 개선ㆍ재직자 훈련 참여기업 모집 통합 공고,경상북도,resolved_update,,apply_payload_candidate,통합 payload에 포함된 업데이트 후보,,3000.0,"최대 3,000만원",clear_selected_candidate,1,https://www.bizinfo.go.kr/sii/siia/selectSIIA200Detail.do?pblancId=PBLN_000000000123666
PBLN_000000000123669,[대구] 2026년 R&D 과제 발굴 및 기획 지원 공고,대구광역시,resolved_update,,apply_payload_candidate,통합 payload에 포함된 업데이트 후보,,1000.0,"최대 1,000만원",clear_selected_candidate,14,https://www.bizinfo.go.kr/sii/siia/selectSIIA200Detail.do?pblancId=PBLN_000000000123669
PBLN_000000000123671,[전북] 2026년 2차 혁신성장 R&D+(연구개발)사업 지원사업 모집 공고,전북특별자치도,resolved_update,,apply_payload_candidate,통합 payload에 포함된 업데이트 후보,,2470.0,"최대 2,470만원",large_amount_delta,55,https://www.bizinfo.go.kr/sii/siia/selectSIIA200Detail.do?pblancId=PBLN_000000000123671
PBLN_000000000123673,[대전] 2026년 2차 방산혁신클러스터 국방ㆍ드론분야 기술사업화 민-군 브릿지 코디네이터 지원기업 모집 공고,방위사업청,resolved_update,,apply_payload_candidate,통합 payload에 포함된 업데이트 후보,,600.0,최대 600만원,clear_selected_candidate,5,https://www.bizinfo.go.kr/sii/siia/selectSIIA200Detail.do?pblancId=PBLN_000000000123673
PBLN_000000000123677,[제주] 건강기능식품 양산화 지원 사업 수혜기업 모집 공고(기능성식품공장운영 및 제품생산활성화사업),제주특별자치도,resolved_update,,apply_payload_candidate,통합 payload에 포함된 업데이트 후보,,900.0,최대 900만원,clear_selected_candidate,3,https://www.bizinfo.go.kr/sii/siia/selectSIIA200Detail.do?pblancId=PBLN_000000000123677
PBLN_000000000123679,[인천] 2026년 일하기 좋은 뿌리기업 선정 공고,인천광역시,resolved_update,,apply_payload_candidate,통합 payload에 포함된 업데이트 후보,,100000.0,최대 10억원,clear_selected_candidate,5,https://www.bizinfo.go.kr/sii/siia/selectSIIA200Detail.do?pblancId=PBLN_000000000123679
PBLN_000000000123682,2026년 ICT 중소기업 정보보호 지원 사업 수요기업 모집 공고,과학기술정보통신부,resolved_update,,apply_payload_candidate,통합 payload에 포함된 업데이트 후보,,480.0,최대 480만원,clear_selected_candidate,46,https://www.bizinfo.go.kr/sii/siia/selectSIIA200Detail.do?pblancId=PBLN_000000000123682
PBLN_000000000123691,[제주] 2026년 지역소재 기반 미드폼 영상 콘텐츠 제작 지원 사업 모집 공고(제주콘텐츠코리아랩 운영사업),제주특별자치도,resolved_update,,apply_payload_candidate,통합 payload에 포함된 업데이트 후보,,18000.0,최대 1.8억원,clear_selected_candidate,14,https://www.bizinfo.go.kr/sii/siia/selectSIIA200Detail.do?pblancId=PBLN_000000000123691
PBLN_000000000123694,[대전] 2026년 팝:콘 고도화 제작 지원사업 참여기업 모집 수정 공고,대전광역시,resolved_update,,apply_payload_candidate,통합 payload에 포함된 업데이트 후보,,28950.0,최대 2.9억원,large_amount_delta,13,https://www.bizinfo.go.kr/sii/siia/selectSIIA200Detail.do?pblancId=PBLN_000000000123694
PBLN_000000000123698,[대구] 2026년 노사상생 우수기업 발굴 및 지원 공고,대구광역시,resolved_update,,apply_payload_candidate,통합 payload에 포함된 업데이트 후보,,500.0,최대 500만원,clear_selected_candidate,3,https://www.bizinfo.go.kr/sii/siia/selectSIIA200Detail.do?pblancId=PBLN_000000000123698
PBLN_000000000123703,[부산] 2026년 3차 대외협력R&D기획지원사업 신규과제 공고,부산광역시,resolved_update,,apply_payload_candidate,통합 payload에 포함된 업데이트 후보,,2700.0,"최대 2,700만원",clear_selected_candidate,21,https://www.bizinfo.go.kr/sii/siia/selectSIIA200Detail.do?pblancId=PBLN_000000000123703
PBLN_000000000123715,순환경제 DNA 선도기업ㆍ산업단지 2차 모집 공고,기후에너지환경부,resolved_update,,apply_payload_candidate,통합 payload에 포함된 업데이트 후보,,10000.0,최대 1억원,clear_selected_candidate,6,https://www.bizinfo.go.kr/sii/siia/selectSIIA200Detail.do?pblancId=PBLN_000000000123715
PBLN_000000000123732,[충북] 2026년 2차 시군 경쟁력강화산업 육성사업(R&D) 모집 수정 공고,충청북도,resolved_update,,apply_payload_candidate,통합 payload에 포함된 업데이트 후보,,7500.0,"최대 7,500만원",clear_selected_candidate,12,https://www.bizinfo.go.kr/sii/siia/selectSIIA200Detail.do?pblancId=PBLN_000000000123732
PBLN_000000000123733,[경기] 화성시 2026년 하반기 그린안전리모델링 지원사업 참여기업 모집 공고,경기도,resolved_update,,apply_payload_candidate,통합 payload에 포함된 업데이트 후보,,500.0,최대 500만원,clear_selected_candidate,26,https://www.bizinfo.go.kr/sii/siia/selectSIIA200Detail.do?pblancId=PBLN_000000000123733
PBLN_000000000123740,[대구] 2026년 대경이음 상생 R&D 지원 수혜기업 모집 공고(지역산업맞춤형 일자리지원사업 대경권 광역이음프로젝트),고용노동부,resolved_update,,apply_payload_candidate,통합 payload에 포함된 업데이트 후보,,4500.0,"최대 4,500만원",clear_selected_candidate,2,https://www.bizinfo.go.kr/sii/siia/selectSIIA200Detail.do?pblancId=PBLN_000000000123740
PBLN_000000000123750,[경북] 경산시 2026년 산업 AX 미니프로젝트 지원 사업 참여기업 모집 공고(산업 인공지능(AI) 전환 및 확산기반조성),경상북도,resolved_update,,apply_payload_candidate,통합 payload에 포함된 업데이트 후보,,2000.0,"최대 2,000만원",clear_selected_candidate,5,https://www.bizinfo.go.kr/sii/siia/selectSIIA200Detail.do?pblancId=PBLN_000000000123750
SMARTFACTORY:2025-N-0194:1,2026년 스마트제조혁신 지원사업 통합공고,스마트공장 사업관리시스템,resolved_update,,apply_payload_candidate,통합 payload에 포함된 업데이트 후보,,50000.0,최대 5억원,clear_selected_candidate,108,https://www.smart-factory.kr/usr/bg/ba/ma/bsnsPbancDtl?pbancId=2025-N-0194&pbancSn=1
SMARTFACTORY:2025-N-0197:1,2026년도 정부형 스마트공장 구축사업 공고(고도화),스마트공장 사업관리시스템,resolved_update,,apply_payload_candidate,통합 payload에 포함된 업데이트 후보,,20000.0,회당 최대 2억원,clear_selected_candidate,49,https://www.smart-factory.kr/usr/bg/ba/ma/bsnsPbancDtl?pbancId=2025-N-0197&pbancSn=1
SMARTFACTORY:2025-N-0198:1,2026년도 정부형 스마트공장 구축사업 공고(동일수준),스마트공장 사업관리시스템,resolved_update,,apply_payload_candidate,통합 payload에 포함된 업데이트 후보,,20000.0,회당 최대 2억원 이내,clear_selected_candidate,49,https://www.smart-factory.kr/usr/bg/ba/ma/bsnsPbancDtl?pbancId=2025-N-0198&pbancSn=1
SMARTFACTORY:2025-N-0203:2,2026년도 자율형공장 구축 지원사업(단독신청),스마트공장 사업관리시스템,resolved_update,,apply_payload_candidate,통합 payload에 포함된 업데이트 후보,,30000.0,최대 50% 지원,large_amount_delta,28,https://www.smart-factory.kr/usr/bg/ba/ma/bsnsPbancDtl?pbancId=2025-N-0203&pbancSn=2
SMARTFACTORY:2026-N-0061:3,[2차]2026 대중소상생형(삼성) 스마트공장 구축(고도화),스마트공장 사업관리시스템,resolved_update,,apply_payload_candidate,통합 payload에 포함된 업데이트 후보,,15000.0,최대 1.5억원,clear_selected_candidate,7,https://www.smart-factory.kr/usr/bg/ba/ma/bsnsPbancDtl?pbancId=2026-N-0061&pbancSn=3
SMARTFACTORY:2026-N-0061:4,"[2차]2026 대중소상생형(삼성) 스마트공장 구축(기초,동일수준)",스마트공장 사업관리시스템,resolved_update,,apply_payload_candidate,통합 payload에 포함된 업데이트 후보,,15000.0,최대 1.5억원,clear_selected_candidate,7,https://www.smart-factory.kr/usr/bg/ba/ma/bsnsPbancDtl?pbancId=2026-N-0061&pbancSn=4
SMARTFACTORY:2026-N-0100:1,"2026년도 경북 지역특화형(고도화) 스마트공장 구축사업 공고(방산, 모빌리티)",스마트공장 사업관리시스템,resolved_update,,apply_payload_candidate,통합 payload에 포함된 업데이트 후보,,20000.0,회당 최대 2억원 이내,clear_selected_candidate,32,https://www.smart-factory.kr/usr/bg/ba/ma/bsnsPbancDtl?pbancId=2026-N-0100&pbancSn=1
SMARTFACTORY:2026-N-0102:1,2026년도 강원 지역특화형(바이오헬스·식품) 스마트공장 구축사업(고도화) 공고,스마트공장 사업관리시스템,resolved_update,,apply_payload_candidate,통합 payload에 포함된 업데이트 후보,,25000.0,최대 2.5억원,large_amount_delta,15,https://www.smart-factory.kr/usr/bg/ba/ma/bsnsPbancDtl?pbancId=2026-N-0102&pbancSn=1
SMARTFACTORY:2026-N-0103:1,2026년도 강원 지역특화형(바이오헬스·식품) 스마트공장 구축사업(기초) 공고,스마트공장 사업관리시스템,resolved_update,,apply_payload_candidate,통합 payload에 포함된 업데이트 후보,,25000.0,최대 2.5억원,large_amount_delta,15,https://www.smart-factory.kr/usr/bg/ba/ma/bsnsPbancDtl?pbancId=2026-N-0103&pbancSn=1
SMARTFACTORY:2026-N-0107:1,2026년 경남 산업안전AI 스마트공장 구축 지원사업 공고,스마트공장 사업관리시스템,resolved_update,,apply_payload_candidate,통합 payload에 포함된 업데이트 후보,,28000.0,최대 2.8억원 이내,clear_selected_candidate,14,https://www.smart-factory.kr/usr/bg/ba/ma/bsnsPbancDtl?pbancId=2026-N-0107&pbancSn=1
SMARTFACTORY:2026-N-0109:1,2026년 대구지역 스마트공장 구축(기초단계)지원 사업,스마트공장 사업관리시스템,resolved_update,,apply_payload_candidate,통합 payload에 포함된 업데이트 후보,,4700.0,"최대 4,700만원",clear_selected_candidate,5,https://www.smart-factory.kr/usr/bg/ba/ma/bsnsPbancDtl?pbancId=2026-N-0109&pbancSn=1
TECHNOPARK:1382,2026년 인천광역시 우수디자인 시제품개발지원사업 모집 공고[~7/7],인천테크노파크,resolved_update,,apply_payload_candidate,통합 payload에 포함된 업데이트 후보,,2500.0,"최대 2,500만원",clear_selected_candidate,2,https://itp.or.kr/intro.asp?tmid=13&seq=10859
TECHNOPARK:1743,「2026년 충청권 미래차 전환 혁신지원사업」 기업지원 프로그램(비R&D) 모집공고(2차),충남테크노파크,resolved_update,,apply_payload_candidate,통합 payload에 포함된 업데이트 후보,,2000.0,"기업 당 최대 20,000천원",clear_selected_candidate,20,https://www.ctp.or.kr/business/datadetail.do?seq=2709309
TECHNOPARK:1752,[서천군] 2026년 시군구연고산업육성 협업프로젝트(서천군 해양바이오 인큐베이팅 사업) 3차 수혜기업 모집 공고 기간 연장 안내,충남테크노파크,resolved_update,,apply_payload_candidate,통합 payload에 포함된 업데이트 후보,,5000.0,조건별 기업당 최대 5천만원,large_amount_delta,16,https://www.ctp.or.kr/business/datadetail.do?seq=2709311
TECHNOPARK:1794,2026년도 인천광역시 중소기업 디자인개발지원사업 (하반기 일반기업 지원분야) 과제 모집,인천테크노파크,resolved_update,,apply_payload_candidate,통합 payload에 포함된 업데이트 후보,,1800.0,"조건별 최대 1,800만원",selected_candidate_missing,2,https://itp.or.kr/intro.asp?tmid=13&seq=10879
TECHNOPARK:268,「2026년 수소상용차 부품 성능 검증 기반 구축」사업 장비활용 지원 수혜기업 모집,충남테크노파크,resolved_update,,apply_payload_candidate,통합 payload에 포함된 업데이트 후보,,1000.0,"최대 1,000만원",clear_selected_candidate,3,https://www.ctp.or.kr/business/datadetail.do?seq=2709128
TECHNOPARK:271,CES 2027 충남관 참가기업 모집 공고,충남테크노파크,resolved_update,,apply_payload_candidate,통합 payload에 포함된 업데이트 후보,,2650.0,"최대 2,650만원",clear_selected_candidate,3,https://www.ctp.or.kr/business/datadetail.do?seq=2709129
TECHNOPARK:579,「플렉서블·스트레처블 산업 창출을 위한 부착형 디스플레이 기술 기반구축」 2026년도 기업지원 수혜기업 모집 재공고,충남테크노파크,resolved_update,,apply_payload_candidate,통합 payload에 포함된 업데이트 후보,,2630.0,"최대 2,630만원",clear_selected_candidate,2,https://www.ctp.or.kr/business/datadetail.do?seq=2709184
TECHNOPARK:654,아산시 CES 2027 기업지원 사업 참가기업 모집 공고,충남테크노파크,resolved_update,,apply_payload_candidate,통합 payload에 포함된 업데이트 후보,,2700.0,"전액 지원 (27,000천원 이내)",clear_selected_candidate,3,https://www.ctp.or.kr/business/datadetail.do?seq=2709199
TECHNOPARK:818,「2026년 지역 거점 정보보호 클러스터 구축 사업」정보보호 성장지원 과제 모집공고(재공고),충남테크노파크,resolved_update,,apply_payload_candidate,통합 payload에 포함된 업데이트 후보,,1000.0,"최대 1,000만원",clear_selected_candidate,5,https://www.ctp.or.kr/business/datadetail.do?seq=2709227
TECHNOPARK:976,「플렉서블·스트레처블 산업 창출을 위한 부착형 디스플레이 기술 기반구축」 2026년도 기업지원 수혜기업 모집 재공고,충남테크노파크,resolved_update,,apply_payload_candidate,통합 payload에 포함된 업데이트 후보,,200.0,최대 200만원,clear_selected_candidate,2,https://www.ctp.or.kr/business/datadetail.do?seq=2709265
TECHNOPARK:988,2026년 충청권 에너지기술공유대학 산학공동 에너지프로젝트 지원사업 2차 공고,충남테크노파크,resolved_update,,apply_payload_candidate,통합 payload에 포함된 업데이트 후보,,1500.0,"최대 1,500만원",clear_selected_candidate,5,https://www.ctp.or.kr/business/datadetail.do?seq=2709267
ENERGYAGENCY:24575,(수정)2026년도 산업진단 개선이행 지원사업 2차 공고,한국에너지공단,resolved_keep_old,,no_update_keep_existing,large_amount_delta 검수 결과 기존값 유지,,69000.0,최대 6.9억원,large_amount_delta,2,https://www.energy.or.kr/front/board/View2.do?boardMngNo=2&boardNo=24575
KPASS:P2950,2026년 산업기술국제협력사업 통합 시행계획 공고,한국산업기술진흥원,resolved_keep_old,,no_update_keep_existing,large_amount_delta 검수 결과 기존값 유지,,250000.0,최대 25억원,subtract_without_limit_context | large_amount_delta,19,https://www.k-pass.kr/notice/ancView.do?ancId=P2950&gubun=NEW
PBLN_000000000118027,2026년 KOLAS 공인 제품인증 서비스 바우처 지원사업 참가 희망기업 모집 공고,부산광역시,resolved_keep_old,,no_update_keep_existing,large_amount_delta 검수 결과 기존값 유지,,80.0,,large_amount_delta,8,https://www.bizinfo.go.kr/sii/siia/selectSIIA200Detail.do?pblancId=PBLN_000000000118027
PBLN_000000000118209,2026년 중소기업 연구인력지원사업 공고,중소벤처기업부,resolved_keep_old,,no_update_keep_existing,large_amount_delta 검수 결과 기존값 유지,,3800.0,"최대 3,800만원",large_amount_delta,13,https://www.bizinfo.go.kr/sii/siia/selectSIIA200Detail.do?pblancId=PBLN_000000000118209
PBLN_000000000119206,[충남] 아산시 2026년 해외마케팅 지원사업 참가기업 모집 공고,충청남도,resolved_keep_old,,no_update_keep_existing,large_amount_delta 검수 결과 기존값 유지,,400.0,최대 400만원,subtract_without_limit_context | large_amount_delta,11,https://www.bizinfo.go.kr/sii/siia/selectSIIA200Detail.do?pblancId=PBLN_000000000119206
PBLN_000000000119454,[경기] 평택시 2026년 국내외 지식재산 권리화 지원사업 모집 공고,경기도,resolved_keep_old,,no_update_keep_existing,large_amount_delta 검수 결과 기존값 유지,,0.0,최대 0만원,large_amount_delta,4,https://www.bizinfo.go.kr/sii/siia/selectSIIA200Detail.do?pblancId=PBLN_000000000119454
PBLN_000000000119836,[전남광주] 2026년 상반기 구조고도화자금 지원 계획 공고,전남광주통합특별시,resolved_keep_old,,no_update_keep_existing,large_amount_delta 검수 결과 기존값 유지,,3000000.0,최대 300억원,large_amount_delta,9,https://www.bizinfo.go.kr/sii/siia/selectSIIA200Detail.do?pblancId=PBLN_000000000119836
PBLN_000000000121194,[경남] 고성군 2026년 지역지식재산창출 지원사업 공고,경상남도,resolved_keep_old,,no_update_keep_existing,large_amount_delta 검수 결과 기존값 유지,,130.0,최대 130만원,large_amount_delta,5,https://www.bizinfo.go.kr/sii/siia/selectSIIA200Detail.do?pblancId=PBLN_000000000121194
PBLN_000000000121197,[경남] 창녕군 2026년 지역지식재산 창출지원사업 공고,경상남도,resolved_keep_old,,no_update_keep_existing,large_amount_delta 검수 결과 기존값 유지,,130.0,최대 130만원,large_amount_delta,5,https://www.bizinfo.go.kr/sii/siia/selectSIIA200Detail.do?pblancId=PBLN_000000000121197
PBLN_000000000121785,[전남광주] 2026년 소규모 밀착 안전망 구축사업 참여기업 모집 공고(지역 중대재해 예방 사각지대 해소사업),전남광주통합특별시,resolved_keep_old,,no_update_keep_existing,large_amount_delta 검수 결과 기존값 유지,,10000.0,최대 1억원,large_amount_delta,11,https://www.bizinfo.go.kr/sii/siia/selectSIIA200Detail.do?pblancId=PBLN_000000000121785
PBLN_000000000121945,2026년 자이언트캐스팅(다이캐스팅) 부품 시험ㆍ평가ㆍ인증 및 기술지도 지원 시행 공고(자이언트캐스팅 공용센터 기반구축 사업),과학기술정보통신부,resolved_keep_old,,no_update_keep_existing,large_amount_delta 검수 결과 기존값 유지,,1000.0,"최대 1,000만원",large_amount_delta,5,https://www.bizinfo.go.kr/sii/siia/selectSIIA200Detail.do?pblancId=PBLN_000000000121945
PBLN_000000000122359,[경북] 2026년 지역특화형(고도화) 스마트공장 구축사업 공고,중소벤처기업부,resolved_keep_old,,no_update_keep_existing,large_amount_delta 검수 결과 기존값 유지,,63740000.0,최대 6374억원,large_amount_delta,27,https://www.bizinfo.go.kr/sii/siia/selectSIIA200Detail.do?pblancId=PBLN_000000000122359
PBLN_000000000122384,2026년 글로벌산업기술협력센터 사업(M.AX 분야 공동연구) 시행계획 공고,산업통상부,resolved_keep_old,,no_update_keep_existing,large_amount_delta 검수 결과 기존값 유지,,1000000.0,최대 100억원,large_amount_delta,15,https://www.bizinfo.go.kr/sii/siia/selectSIIA200Detail.do?pblancId=PBLN_000000000122384
PBLN_000000000122492,[충남] 2026년 IP디딤돌 프로그램 창업자 후속지원 대상자 모집 공고,충청남도,resolved_keep_old,,no_update_keep_existing,large_amount_delta 검수 결과 기존값 유지,,900.0,최대 900만원,large_amount_delta,7,https://www.bizinfo.go.kr/sii/siia/selectSIIA200Detail.do?pblancId=PBLN_000000000122492
PBLN_000000000122501,2026년 디지털기반 중소사업장 산재예방 기술개발 지원사업 시행계획 공고,중소벤처기업부,resolved_keep_old,,no_update_keep_existing,large_amount_delta 검수 결과 기존값 유지,,50000.0,최대 5억원,large_amount_delta,26,https://www.bizinfo.go.kr/sii/siia/selectSIIA200Detail.do?pblancId=PBLN_000000000122501
PBLN_000000000122968,2026년 2차 안전일터 조성지원 사업 수정 공고,고용노동부,resolved_keep_old,,no_update_keep_existing,large_amount_delta 검수 결과 기존값 유지,,3000.0,"최대 3,000만원",large_amount_delta,9,https://www.bizinfo.go.kr/sii/siia/selectSIIA200Detail.do?pblancId=PBLN_000000000122968
PBLN_000000000122997,[강원] 횡성군 2026년 2차 지식재산 첫걸음 지원사업 참여기업 모집 공고,강원특별자치도,resolved_keep_old,,no_update_keep_existing,large_amount_delta 검수 결과 기존값 유지,,130.0,최대 130만원,large_amount_delta,31,https://www.bizinfo.go.kr/sii/siia/selectSIIA200Detail.do?pblancId=PBLN_000000000122997
PBLN_000000000122998,[강원] 영월군 2026년 2차 지식재산 첫걸음 지원사업 참여기업 모집 공고,강원특별자치도,resolved_keep_old,,no_update_keep_existing,large_amount_delta 검수 결과 기존값 유지,,130.0,최대 130만원,large_amount_delta,31,https://www.bizinfo.go.kr/sii/siia/selectSIIA200Detail.do?pblancId=PBLN_000000000122998
PBLN_000000000123103,[전남광주] 로컬콘텐츠 기반 문화상품 개발 컨소시엄(공방&디자인기업) 모집 공고,전남광주통합특별시,resolved_keep_old,,no_update_keep_existing,large_amount_delta 검수 결과 기존값 유지,,1000.0,"최대 1,000만원",large_amount_delta,3,https://www.bizinfo.go.kr/sii/siia/selectSIIA200Detail.do?pblancId=PBLN_000000000123103
PBLN_000000000123154,2026년 3차 조선해양산업기술개발사업 신규지원 대상과제 공고,산업통상부,resolved_keep_old,,no_update_keep_existing,large_amount_delta 검수 결과 기존값 유지,,297000.0,최대 29.7억원,large_amount_delta,15,https://www.bizinfo.go.kr/sii/siia/selectSIIA200Detail.do?pblancId=PBLN_000000000123154
PBLN_000000000123158,2026년 3차 친환경양식어업육성 사업대상자 모집 재공고(품종별산업화시설지원-친환경개체굴생산지원),해양수산부,resolved_keep_old,,no_update_keep_existing,large_amount_delta 검수 결과 기존값 유지,,100000.0,최대 10억원,large_amount_delta,18,https://www.bizinfo.go.kr/sii/siia/selectSIIA200Detail.do?pblancId=PBLN_000000000123158
PBLN_000000000123188,[경북] 북부 2026년 3차 지식재산 긴급지원 사업 모집 공고,경상북도,resolved_keep_old,,no_update_keep_existing,large_amount_delta 검수 결과 기존값 유지,,420.0,최대 420만원,large_amount_delta,39,https://www.bizinfo.go.kr/sii/siia/selectSIIA200Detail.do?pblancId=PBLN_000000000123188
PBLN_000000000123205,[경기] 안양시 2026년 하반기 국내외 IP 출원 및 인증 지원사업 모집 공고,경기도,resolved_keep_old,,no_update_keep_existing,large_amount_delta 검수 결과 기존값 유지,,400.0,최대 400만원,selected_context_has_risk_keyword | large_amount_delta,8,https://www.bizinfo.go.kr/sii/siia/selectSIIA200Detail.do?pblancId=PBLN_000000000123205
PBLN_000000000123210,2026년 2차 국가표준기술력향상사업 신규지원 대상과제 공고,산업통상부,resolved_keep_old,,no_update_keep_existing,large_amount_delta 검수 결과 기존값 유지,,7000.0,"최대 7,000만원",large_amount_delta,24,https://www.bizinfo.go.kr/sii/siia/selectSIIA200Detail.do?pblancId=PBLN_000000000123210
PBLN_000000000123247,[경남] 고성군 2026년 3차 시군구연고산업육성사업 지원기업 모집 공고,중소벤처기업부,resolved_keep_old,,no_update_keep_existing,large_amount_delta 검수 결과 기존값 유지,,3630.0,"최대 3,630만원",large_amount_delta,17,https://www.bizinfo.go.kr/sii/siia/selectSIIA200Detail.do?pblancId=PBLN_000000000123247
PBLN_000000000123261,[인천] 2026년 우수디자인 시제품개발지원사업 모집 공고,인천광역시,resolved_keep_old,,no_update_keep_existing,large_amount_delta 검수 결과 기존값 유지,,290.0,최대 290만원,large_amount_delta,11,https://www.bizinfo.go.kr/sii/siia/selectSIIA200Detail.do?pblancId=PBLN_000000000123261
PBLN_000000000123371,[경남] 사천시ㆍ진주시 2026년 2차 우주ㆍ항공 제조기업 대상 DX 기반 품질ㆍ공정 개선 및 생산성 향상을 위한 무료 컨설팅 및 전문인력양성 지원사업 공고,산업통상부,resolved_keep_old,,no_update_keep_existing,large_amount_delta 검수 결과 기존값 유지,,1500.0,"최대 1,500만원",large_amount_delta,9,https://www.bizinfo.go.kr/sii/siia/selectSIIA200Detail.do?pblancId=PBLN_000000000123371
PBLN_000000000123421,"2026년 중소기업기술혁신개발사업 글로벌선도기술개발(함께달리기, 이어달리기) 시행계획 공고",중소벤처기업부,resolved_keep_old,,no_update_keep_existing,large_amount_delta 검수 결과 기존값 유지,,100000.0,최대 10억원,large_amount_delta,30,https://www.bizinfo.go.kr/sii/siia/selectSIIA200Detail.do?pblancId=PBLN_000000000123421
PBLN_000000000123459,[경북] 2026년 4차 푸드테크 스마트 제조 기반 구축 사업 재공고,경상북도,resolved_keep_old,,no_update_keep_existing,large_amount_delta 검수 결과 기존값 유지,,4500.0,"최대 4,500만원",large_amount_delta,13,https://www.bizinfo.go.kr/sii/siia/selectSIIA200Detail.do?pblancId=PBLN_000000000123459
PBLN_000000000123468,2026년 에너지신산업 개방형 혁신생태계 OpenLAB 조성사업 기업지원사업 수혜기업모집 공고,산업통상부,resolved_keep_old,,no_update_keep_existing,large_amount_delta 검수 결과 기존값 유지,,8700.0,"최대 8,700만원",large_amount_delta,17,https://www.bizinfo.go.kr/sii/siia/selectSIIA200Detail.do?pblancId=PBLN_000000000123468
PBLN_000000000123512,[경북] 2026년 지역 연계 미드폼 제작지원 사업 공고(경북콘텐츠코리아랩 운영사업),경상북도,resolved_keep_old,,no_update_keep_existing,large_amount_delta 검수 결과 기존값 유지,,1000.0,"최대 1,000만원",subtract_without_limit_context | large_amount_delta,13,https://www.bizinfo.go.kr/sii/siia/selectSIIA200Detail.do?pblancId=PBLN_000000000123512
PBLN_000000000123520,[제주] 2026년 2차 지역기업 성장사다리 지원사업 공고,중소벤처기업부,resolved_keep_old,,no_update_keep_existing,large_amount_delta 검수 결과 기존값 유지,,5000.0,"최대 5,000만원",selected_context_has_risk_keyword | large_amount_delta,7,https://www.bizinfo.go.kr/sii/siia/selectSIIA200Detail.do?pblancId=PBLN_000000000123520
PBLN_000000000123549,[경기] 용인시 제2차 반도체기업 기술보호 지원사업 모집 공고,경기도,resolved_keep_old,,no_update_keep_existing,large_amount_delta 검수 결과 기존값 유지,,2000.0,"최대 2,000만원",subtract_without_limit_context | large_amount_delta,5,https://www.bizinfo.go.kr/sii/siia/selectSIIA200Detail.do?pblancId=PBLN_000000000123549
PBLN_000000000123622,[전북] 2026년 전주1인창조기업지원센터 선택형 지원사업 공고,전북특별자치도,resolved_keep_old,,no_update_keep_existing,large_amount_delta 검수 결과 기존값 유지,,400.0,최대 400만원,large_amount_delta,17,https://www.bizinfo.go.kr/sii/siia/selectSIIA200Detail.do?pblancId=PBLN_000000000123622
PBLN_000000000123644,[전북] 2026년 3차 데이터 활용기업 맞춤형 지원사업 수요기업 모집 연장 공고,전북특별자치도,resolved_keep_old,,no_update_keep_existing,large_amount_delta 검수 결과 기존값 유지,,600.0,최대 600만원,subtract_without_limit_context | large_amount_delta,27,https://www.bizinfo.go.kr/sii/siia/selectSIIA200Detail.do?pblancId=PBLN_000000000123644
PBLN_000000000123659,[경북] 2026년 3차 지역기업 성장사다리 지원사업 통합 추가 공고,중소벤처기업부,resolved_keep_old,,no_update_keep_existing,large_amount_delta 검수 결과 기존값 유지,,4500.0,"최대 4,500만원",large_amount_delta,9,https://www.bizinfo.go.kr/sii/siia/selectSIIA200Detail.do?pblancId=PBLN_000000000123659
PBLN_000000000123764,AI융합 의료기기 신뢰성 강화 및 성능 평가ㆍ실증 사업 수혜기업 모집 공고,산업통상부,resolved_keep_old,,no_update_keep_existing,large_amount_delta 검수 결과 기존값 유지,,2280.0,"최대 2,280만원",large_amount_delta,6,https://www.bizinfo.go.kr/sii/siia/selectSIIA200Detail.do?pblancId=PBLN_000000000123764
PBLN_000000000123782,[충남] 2026년 콘텐츠코리아랩 미드폼 영상콘텐츠 제작 지원사업 모집 공고,충청남도,resolved_keep_old,,no_update_keep_existing,large_amount_delta 검수 결과 기존값 유지,,17500.0,최대 1.8억원,subtract_without_limit_context | large_amount_delta,19,https://www.bizinfo.go.kr/sii/siia/selectSIIA200Detail.do?pblancId=PBLN_000000000123782
SMARTFACTORY:2025-N-0203:1,2026년도 자율형공장 구축 지원사업(컨소시엄신청),스마트공장 사업관리시스템,resolved_keep_old,,no_update_keep_existing,large_amount_delta 검수 결과 기존값 유지,,2000.0,최대 50% 지원,large_amount_delta,28,https://www.smart-factory.kr/usr/bg/ba/ma/bsnsPbancDtl?pbancId=2025-N-0203&pbancSn=1
SMARTFACTORY:2026-N-0105:1,2026년도 강원 지역특화형(바이오헬스·식품) 스마트공장 구축사업(동일수준) 공고,스마트공장 사업관리시스템,resolved_keep_old,,no_update_keep_existing,large_amount_delta 검수 결과 기존값 유지,,25000.0,최대 2.5억원,large_amount_delta,15,https://www.smart-factory.kr/usr/bg/ba/ma/bsnsPbancDtl?pbancId=2026-N-0105&pbancSn=1
TECHNOPARK:1500,"(2026-130호) 2026년도 지역주력산업육성(지역특화 프로젝트 레전드 50+) 지원모집 2차 공고 (강원 2.0, 퀀텀점프)",강원테크노파크,resolved_keep_old,,no_update_keep_existing,large_amount_delta 검수 결과 기존값 유지,,1000.0,"10,000천원",large_amount_delta,12,https://www.gwtp.or.kr/gwtp/bbsNew_view.php?bbs_data=aWR4PTMxNjgmc3RhcnRQYWdlPSZsaXN0Tm89JnRhYmxlPWNzX2Jic19kYXRhX25ldyZjb2RlPXN1YjAxYiZzZWFyY2hfaXRlbT0mc2VhcmNoX29yZGVyPSZ1cmw9c3ViMDFiJmtleXZhbHVlPXN1YjAxJmJic19tYWxuYW1lPQ==||
TECHNOPARK:793,[강원테크노파크 공고 제 2026-101호] 2026년도 강원 지역특화형(바이오헬스·식품) 스마트공장 구축사업 공고,강원테크노파크,resolved_keep_old,,no_update_keep_existing,large_amount_delta 검수 결과 기존값 유지,,25000.0,최대 2.5억원,large_amount_delta,22,https://www.gwtp.or.kr/gwtp/bbsNew_view.php?bbs_data=aWR4PTMwNjYmc3RhcnRQYWdlPSZsaXN0Tm89JnRhYmxlPWNzX2Jic19kYXRhX25ldyZjb2RlPXN1YjAxYiZzZWFyY2hfaXRlbT0mc2VhcmNoX29yZGVyPSZ1cmw9c3ViMDFiJmtleXZhbHVlPXN1YjAxJmJic19tYWxuYW1lPQ==||
TECHNOPARK:872,2026년 충남 정보보호 우수사례 지원사업 수혜기업 모집,충남테크노파크,resolved_keep_old,,no_update_keep_existing,large_amount_delta 검수 결과 기존값 유지,,750.0,최대 750만원,subtract_without_limit_context | large_amount_delta,7,https://www.ctp.or.kr/business/datadetail.do?seq=2709231
PBLN_000000000117056,[경기] 부천시 2026년 내일채움공제 지원 계획 공고,경기도,large_amount_delta_hold,,manual_review,Gemini/규칙 후에도 기존값과 새값 확정 불가,,24.0,최대 24만원,large_amount_delta,8,https://www.bizinfo.go.kr/sii/siia/selectSIIA200Detail.do?pblancId=PBLN_000000000117056
PBLN_000000000117454,[강원] 2026년 글로벌 IP 스타기업 육성 해외OA비용 지원사업 공고,강원특별자치도,large_amount_delta_hold,,manual_review,Gemini/규칙 후에도 기존값과 새값 확정 불가,,164.0,최대 164만원,large_amount_delta,12,https://www.bizinfo.go.kr/sii/siia/selectSIIA200Detail.do?pblancId=PBLN_000000000117454
PBLN_000000000117563,2026년 중소기업 매출채권팩토링 지원계획 공고,중소벤처기업부,large_amount_delta_hold,,manual_review,Gemini/규칙 후에도 기존값과 새값 확정 불가,,100000.0,최대 10억원,large_amount_delta,10,https://www.bizinfo.go.kr/sii/siia/selectSIIA200Detail.do?pblancId=PBLN_000000000117563
PBLN_000000000117671,[인천] 서구 2026년 제품인증획득 지원사업 신청 공고,인천광역시,large_amount_delta_hold,,manual_review,Gemini/규칙 후에도 기존값과 새값 확정 불가,,500.0,,large_amount_delta,7,https://www.bizinfo.go.kr/sii/siia/selectSIIA200Detail.do?pblancId=PBLN_000000000117671
PBLN_000000000117688,[인천] 서구(검단지역) 2026년 제품인증획득 지원사업 신청 공고,인천광역시,large_amount_delta_hold,,manual_review,Gemini/규칙 후에도 기존값과 새값 확정 불가,,500.0,,large_amount_delta,7,https://www.bizinfo.go.kr/sii/siia/selectSIIA200Detail.do?pblancId=PBLN_000000000117688
PBLN_000000000117992,2026년 나눔장비 이전지원사업 모집 공고,과학기술정보통신부,large_amount_delta_hold,,manual_review,Gemini/규칙 후에도 기존값과 새값 확정 불가,,6000.0,"최대 6,000만원",large_amount_delta,11,https://www.bizinfo.go.kr/sii/siia/selectSIIA200Detail.do?pblancId=PBLN_000000000117992
PBLN_000000000118245,[경북] 2026년 중소벤처기업 지식재산권 및 해외인증 지원사업 참가기업 모집 공고,경상북도,large_amount_delta_hold,,manual_review,Gemini/규칙 후에도 기존값과 새값 확정 불가,,500.0,최대 500만원,large_amount_delta,4,https://www.bizinfo.go.kr/sii/siia/selectSIIA200Detail.do?pblancId=PBLN_000000000118245
PBLN_000000000120498,[경기] 화성시 2026년 GAP 안정성 분석 지원사업 신청 공고,경기도,large_amount_delta_hold,,manual_review,Gemini/규칙 후에도 기존값과 새값 확정 불가,,19.0,최대 19만원,large_amount_delta,8,https://www.bizinfo.go.kr/sii/siia/selectSIIA200Detail.do?pblancId=PBLN_000000000120498
PBLN_000000000120845,2026년 하반기 중소기업기술혁신개발사업 유망기술개발(구조혁신R&D) 시행계획 공고,중소벤처기업부,large_amount_delta_hold,,manual_review,Gemini/규칙 후에도 기존값과 새값 확정 불가,,48000.0,,large_amount_delta,38,https://www.bizinfo.go.kr/sii/siia/selectSIIA200Detail.do?pblancId=PBLN_000000000120845
PBLN_000000000120866,2026년 부산형 SiC 전력반도체 연구플랫폼 활성화 지원사업 기업지원 모집 공고,부산광역시,large_amount_delta_hold,,manual_review,Gemini/규칙 후에도 기존값과 새값 확정 불가,,100.0,최대 100만원,large_amount_delta,23,https://www.bizinfo.go.kr/sii/siia/selectSIIA200Detail.do?pblancId=PBLN_000000000120866
PBLN_000000000121348,2026년 한-체코ㆍ한-중국 에너지국제공동R&D 신규지원 대상과제 공고,기후에너지환경부,large_amount_delta_hold,,manual_review,Gemini/규칙 후에도 기존값과 새값 확정 불가,,75000.0,,large_amount_delta,13,https://www.bizinfo.go.kr/sii/siia/selectSIIA200Detail.do?pblancId=PBLN_000000000121348
PBLN_000000000122585,2026년 2차 미래차 전자제어부품 산업 고도화 기반구축 기업지원 수혜기업 모집 공고,산업통상부,large_amount_delta_hold,,manual_review,Gemini/규칙 후에도 기존값과 새값 확정 불가,,2000.0,,large_amount_delta,9,https://www.bizinfo.go.kr/sii/siia/selectSIIA200Detail.do?pblancId=PBLN_000000000122585
PBLN_000000000122726,[강원] 2026년 바이오기업 성장 촉진 및 고용 활성화 지원기업 상시 모집 공고(지역산업맞춤형 일자리창출 지원사업),강원특별자치도,large_amount_delta_hold,,manual_review,Gemini/규칙 후에도 기존값과 새값 확정 불가,,700.0,최대 700만원,large_amount_delta,15,https://www.bizinfo.go.kr/sii/siia/selectSIIA200Detail.do?pblancId=PBLN_000000000122726
PBLN_000000000123148,2026년 2차 조선해양산업기술개발사업 신규지원 대상과제 공고,산업통상부,large_amount_delta_hold,,manual_review,Gemini/규칙 후에도 기존값과 새값 확정 불가,,100000.0,최대 10억원,large_amount_delta,25,https://www.bizinfo.go.kr/sii/siia/selectSIIA200Detail.do?pblancId=PBLN_000000000123148
PBLN_000000000123192,[경북] 영주시 2026년 3차 지식재산 긴급지원 사업 모집 공고,경상북도,large_amount_delta_hold,,manual_review,Gemini/규칙 후에도 기존값과 새값 확정 불가,,1400.0,"최대 1,400만원",large_amount_delta,13,https://www.bizinfo.go.kr/sii/siia/selectSIIA200Detail.do?pblancId=PBLN_000000000123192
PBLN_000000000123267,2026년 제5차 바이오ㆍ의료기술개발 사업 신규과제 공고,과학기술정보통신부,large_amount_delta_hold,,manual_review,Gemini/규칙 후에도 기존값과 새값 확정 불가,,1370000.0,최대 137억원,large_amount_delta,7,https://www.bizinfo.go.kr/sii/siia/selectSIIA200Detail.do?pblancId=PBLN_000000000123267
PBLN_000000000123399,[경북] 2026년 소공인 클린제조환경조성 사업 모집 공고,경상북도,large_amount_delta_hold,,manual_review,Gemini/규칙 후에도 기존값과 새값 확정 불가,,630.0,최대 630만원,large_amount_delta,11,https://www.bizinfo.go.kr/sii/siia/selectSIIA200Detail.do?pblancId=PBLN_000000000123399
PBLN_000000000123416,[경북] 영천시 2026년 2차 중소기업 혁신기술개발 지원사업 공고,경상북도,large_amount_delta_hold,,manual_review,Gemini/규칙 후에도 기존값과 새값 확정 불가,,311.0,최대 311.1만원,large_amount_delta,11,https://www.bizinfo.go.kr/sii/siia/selectSIIA200Detail.do?pblancId=PBLN_000000000123416
PBLN_000000000123417,[경북] 영천시 2026년 2차 중소기업 고부가가치 전환육성 지원사업 공고,경상북도,large_amount_delta_hold,,manual_review,Gemini/규칙 후에도 기존값과 새값 확정 불가,,311.0,최대 311.1만원,large_amount_delta,10,https://www.bizinfo.go.kr/sii/siia/selectSIIA200Detail.do?pblancId=PBLN_000000000123417
PBLN_000000000123419,2026년 소공인 클린제조환경조성사업 추가 모집 공고,중소벤처기업부,large_amount_delta_hold,,manual_review,Gemini/규칙 후에도 기존값과 새값 확정 불가,,630.0,최대 630만원,large_amount_delta,16,https://www.bizinfo.go.kr/sii/siia/selectSIIA200Detail.do?pblancId=PBLN_000000000123419
PBLN_000000000123731,[대구] 2026년 수요맞춤형 AI솔루션 개발ㆍ실증 지원 사업 컨소시엄 모집 재공고(제조업 AI융합 기반 조성사업),대구광역시,large_amount_delta_hold,,manual_review,Gemini/규칙 후에도 기존값과 새값 확정 불가,,210.0,최대 210만원,large_amount_delta,16,https://www.bizinfo.go.kr/sii/siia/selectSIIA200Detail.do?pblancId=PBLN_000000000123731
SMARTFACTORY:2025-N-0202:2,2026년 디지털협업공장 구축 지원사업 컨소시엄 모집공고,스마트공장 사업관리시스템,large_amount_delta_hold,,manual_review,Gemini/규칙 후에도 기존값과 새값 확정 불가,,5000.0,최대 0.5억원,large_amount_delta,61,https://www.smart-factory.kr/usr/bg/ba/ma/bsnsPbancDtl?pbancId=2025-N-0202&pbancSn=2
TECHNOPARK:1724,「2026년 예비수소전문기업지원사업」수소산업분야 기술사업화(비R&D) 수혜기업 모집공고,충남테크노파크,large_amount_delta_hold,,manual_review,Gemini/규칙 후에도 기존값과 새값 확정 불가,,6700.0,"최대 67,000천원 이내",large_amount_delta,9,https://www.ctp.or.kr/business/datadetail.do?seq=2709304
TECHNOPARK:1747,"충남지자체 지식재산창출지원사업 수혜기업모집 공고(상시, 마감시까지)",충남테크노파크,large_amount_delta_hold,,manual_review,Gemini/규칙 후에도 기존값과 새값 확정 불가,,150.0,최대 150만원,subtract_without_limit_context | large_amount_delta,7,https://www.ctp.or.kr/business/datadetail.do?seq=2709310
TECHNOPARK:1769,[2026-056호] 2026년 정보보호 기업육성(사업화 / 창업·벤처 육성)) 지원사업 모집공고,세종테크노파크,large_amount_delta_hold,,manual_review,Gemini/규칙 후에도 기존값과 새값 확정 불가,,4000.0,"최대 4,000만원",large_amount_delta,11,https://www.sjtp.or.kr/bbs/board.php?bo_table=business01&wr_id=1981
TECHNOPARK:1921,"2026년도 지역주력산업육성(지역특화 프로젝트 레전드 50+) 지원모집 2차 공고(충남, 탄소저감 자동차부품, 디스플레이부품장비)",충남테크노파크,large_amount_delta_hold,,manual_review,Gemini/규칙 후에도 기존값과 새값 확정 불가,,11180.0,최대 1.1억원,large_amount_delta,7,https://www.ctp.or.kr/business/datadetail.do?seq=2709320
TECHNOPARK:986,(2026-124호) 2026 강원 미래모빌리티 기업지원 프로그램 통합 공고,강원테크노파크,large_amount_delta_hold,,manual_review,Gemini/규칙 후에도 기존값과 새값 확정 불가,,10000.0,최대 1억원,large_amount_delta,30,https://www.gwtp.or.kr/gwtp/bbsNew_view.php?bbs_data=aWR4PTMxMjYmc3RhcnRQYWdlPSZsaXN0Tm89JnRhYmxlPWNzX2Jic19kYXRhX25ldyZjb2RlPXN1YjAxYiZzZWFyY2hfaXRlbT0mc2VhcmNoX29yZGVyPSZ1cmw9c3ViMDFiJmtleXZhbHVlPXN1YjAxJmJic19tYWxuYW1lPQ==||
PBLN_000000000116853,2026년 기업훈련 탄력운영제 참여기업 모집 공고,고용노동부,selected_candidate_missing,mixed_non_representative,exclude_or_policy_decision,대표금액 제외 타입이 혼합되어 정책 판단이 필요합니다.,,1820000.0,최대 182억원,selected_candidate_missing,2,https://www.bizinfo.go.kr/sii/siia/selectSIIA200Detail.do?pblancId=PBLN_000000000116853
PBLN_000000000117066,장애인고용개선장려금 사업 공고,고용노동부,selected_candidate_missing,mixed_with_unknown,manual_review,Gemini 후보 제안이 sanity check에서 보류됨,,45.0,최대 45만원,selected_candidate_missing,3,https://www.bizinfo.go.kr/sii/siia/selectSIIA200Detail.do?pblancId=PBLN_000000000117066
PBLN_000000000117291,2026년 한국식품산업클러스터진흥원 기업지원시설ㆍ장비 활용 지원사업 공고,농림축산식품부,selected_candidate_missing,mixed_non_representative,exclude_or_policy_decision,대표금액 제외 타입이 혼합되어 정책 판단이 필요합니다.,,25000.0,최대 2.5억원,selected_candidate_missing,3,https://www.bizinfo.go.kr/sii/siia/selectSIIA200Detail.do?pblancId=PBLN_000000000117291
PBLN_000000000117307,[인천] 2026년 가상융합산업 콘텐츠 제작 장비 임차지원 공고(인천 가상융합산업 혁신센터),인천광역시,support_ratio_only,support_ratio_only,store_support_ratio_only,지원비율만 있어 대표금액은 만들지 않습니다.,,,,selected_candidate_missing,1,https://www.bizinfo.go.kr/sii/siia/selectSIIA200Detail.do?pblancId=PBLN_000000000117307
PBLN_000000000117463,[강원] 2026년 글로벌 IP 스타기업 육성 해외등록비용 지원사업 공고,강원특별자치도,selected_candidate_missing,mixed_with_unknown,manual_review,Gemini 후보 제안이 sanity check에서 보류됨,,144.0,최대 144만원,selected_candidate_missing,9,https://www.bizinfo.go.kr/sii/siia/selectSIIA200Detail.do?pblancId=PBLN_000000000117463
PBLN_000000000117481,전북바이오융합교육센터 재직자 교육 훈련생ㆍ기업 모집 공고(국가인적자원개발컨소시엄),전북특별자치도,selected_candidate_missing,mixed_non_representative,exclude_or_policy_decision,대표금액 제외 타입이 혼합되어 정책 판단이 필요합니다.,,100.0,최대 100만원,selected_candidate_missing,2,https://www.bizinfo.go.kr/sii/siia/selectSIIA200Detail.do?pblancId=PBLN_000000000117481
PBLN_000000000117654,[강원] 2026년 중소ㆍ벤처기업 투자이음 강화 프로그램 참여기업 연중 상시접수 공고(강원 벤처투자 생태계 조성사업),강원특별자치도,selected_candidate_missing,unknown_only,no_representative_amount,Gemini 검수 결과 대표금액 없음,,650000.0,최대 65억원,selected_candidate_missing,3,https://www.bizinfo.go.kr/sii/siia/selectSIIA200Detail.do?pblancId=PBLN_000000000117654
PBLN_000000000117794,[경북] 2026년 중소기업 정부기술개발공모사업 선정지원 참여기업 모집 공고,경상북도,selected_candidate_missing,mixed_with_unknown,no_representative_amount,Gemini 검수 결과 대표금액 없음,,150.0,최대 150만원,selected_candidate_missing,12,https://www.bizinfo.go.kr/sii/siia/selectSIIA200Detail.do?pblancId=PBLN_000000000117794
PBLN_000000000117839,2026년 고령친화식품 사용성평가 참여기업 모집 공고,식품의약품안전처,support_ratio_only,support_ratio_only,store_support_ratio_only,지원비율만 있어 대표금액은 만들지 않습니다.,,176.0,최대 100% 지원,selected_candidate_missing,1,https://www.bizinfo.go.kr/sii/siia/selectSIIA200Detail.do?pblancId=PBLN_000000000117839
PBLN_000000000118006,2026년 스마트공장 수준확인 사업 공고,중소벤처기업부,selected_candidate_missing,mixed_non_representative,exclude_or_policy_decision,대표금액 제외 타입이 혼합되어 정책 판단이 필요합니다.,,200000.0,최대 20억원,selected_candidate_missing,2,https://www.bizinfo.go.kr/sii/siia/selectSIIA200Detail.do?pblancId=PBLN_000000000118006
PBLN_000000000118047,[충북] 청주시 2026년 도시근로자 지원사업 참여기업 모집 공고,충청북도,selected_candidate_missing,mixed_with_unknown,no_representative_amount,Gemini 검수 결과 대표금액 없음,,20.0,최대 20만원,selected_candidate_missing,2,https://www.bizinfo.go.kr/sii/siia/selectSIIA200Detail.do?pblancId=PBLN_000000000118047
PBLN_000000000118049,2026년 중소벤처기업부 외국전문인력(E-7-1) 고용추천 공고,중소벤처기업부,selected_candidate_missing,unknown_only,no_representative_amount,Gemini 검수 결과 대표금액 없음,,2897.0,"최대 2,897만원",selected_candidate_missing,1,https://www.bizinfo.go.kr/sii/siia/selectSIIA200Detail.do?pblancId=PBLN_000000000118049
PBLN_000000000118204,2026년 여성기업 육성사업 공고,중소벤처기업부,selected_candidate_missing,mixed_with_unknown,manual_review,Gemini 후보 제안이 sanity check에서 보류됨,,300000.0,최대 30억원,selected_candidate_missing,6,https://www.bizinfo.go.kr/sii/siia/selectSIIA200Detail.do?pblancId=PBLN_000000000118204
PBLN_000000000118224,2026년 미래 치과이식형 디지털의료제품 개발 기반구축 사업 기술서비스 지원사업 통합 공고,산업통상부,support_ratio_only,support_ratio_only,store_support_ratio_only,지원비율만 있어 대표금액은 만들지 않습니다.,,500.0,최대 25% 지원,selected_candidate_missing,1,https://www.bizinfo.go.kr/sii/siia/selectSIIA200Detail.do?pblancId=PBLN_000000000118224
PBLN_000000000118318,2026년 소스개발 및 생산지원 사업 공고,농림축산식품부,selected_candidate_missing,mixed_non_representative,exclude_or_policy_decision,대표금액 제외 타입이 혼합되어 정책 판단이 필요합니다.,,3000.0,"최대 3,000만원",selected_candidate_missing,6,https://www.bizinfo.go.kr/sii/siia/selectSIIA200Detail.do?pblancId=PBLN_000000000118318
PBLN_000000000118467,[부산] 2026년 중소기업 ISO 인증 지원사업 모집 공고,부산광역시,support_ratio_only,support_ratio_only,store_support_ratio_only,지원비율만 있어 대표금액은 만들지 않습니다.,,,최대 40% 지원,selected_candidate_missing,1,https://www.bizinfo.go.kr/sii/siia/selectSIIA200Detail.do?pblancId=PBLN_000000000118467
PBLN_000000000118530,2026년 중소ㆍ중견 에너지효율 혁신 선도 프로젝트 선도기업 모집 공고,기후에너지환경부,support_ratio_only,support_ratio_only,store_support_ratio_only,지원비율만 있어 대표금액은 만들지 않습니다.,,,최대 5% 지원,selected_candidate_missing,1,https://www.bizinfo.go.kr/sii/siia/selectSIIA200Detail.do?pblancId=PBLN_000000000118530
PBLN_000000000118617,[충북] 지능형첨단부품산업의 디지털전환 거점 구축 사업 오픈랩 AI 개발플랫폼 활용 지원 수혜기업 모집 공고,충청북도,support_ratio_only,support_ratio_only,store_support_ratio_only,지원비율만 있어 대표금액은 만들지 않습니다.,,,지원금 확인 필요,selected_candidate_missing,1,https://www.bizinfo.go.kr/sii/siia/selectSIIA200Detail.do?pblancId=PBLN_000000000118617
PBLN_000000000118927,[강원] 2026년 직장문화ㆍ환경개선지원사업 참여기업 모집 공고,강원특별자치도,selected_candidate_missing,mixed_with_unknown,no_representative_amount,Gemini 검수 결과 대표금액 없음,,500.0,최대 500만원,selected_candidate_missing,5,https://www.bizinfo.go.kr/sii/siia/selectSIIA200Detail.do?pblancId=PBLN_000000000118927
PBLN_000000000119083,[충북] 2026년 소상공인 IP출원(상표출원) 지원 사업 소상공인 수혜자 모집 공고,충청북도,support_ratio_only,support_ratio_only,store_support_ratio_only,지원비율만 있어 대표금액은 만들지 않습니다.,,13.0,최대 20% 지원,selected_candidate_missing,1,https://www.bizinfo.go.kr/sii/siia/selectSIIA200Detail.do?pblancId=PBLN_000000000119083
PBLN_000000000119093,[인천] 2026년 파브(PAV) 부품 시험ㆍ인증 지원사업 참여기업 모집 공고,인천광역시,selected_candidate_missing,mixed_non_representative,exclude_or_policy_decision,대표금액 제외 타입이 혼합되어 정책 판단이 필요합니다.,,8000.0,"최대 8,000만원",selected_candidate_missing,2,https://www.bizinfo.go.kr/sii/siia/selectSIIA200Detail.do?pblancId=PBLN_000000000119093
PBLN_000000000119457,[경기] 평택시 2026년 장비 활용 지원사업 기업 모집 공고,경기도,selected_candidate_missing,mixed_with_unknown,no_representative_amount,Gemini 검수 결과 대표금액 없음,,80.0,최대 80만원,selected_candidate_missing,4,https://www.bizinfo.go.kr/sii/siia/selectSIIA200Detail.do?pblancId=PBLN_000000000119457
PBLN_000000000119518,[전북] 2026년 에너지산업융복합단지 공동연구장비 활용 및 컨설팅 지원 수혜기업 모집 공고,전북특별자치도,non_cash_only,non_cash_only,recommend_only_or_exclude,비현금/수수료/인증성 후보만 있어 ROI 직접 차감 제외 후보입니다.,,250.0,최대 250만원,selected_candidate_missing,5,https://www.bizinfo.go.kr/sii/siia/selectSIIA200Detail.do?pblancId=PBLN_000000000119518
PBLN_000000000119727,[부산] 2026년 중소기업 빅데이터 분석 활용 지원사업 참가기업 모집 공고,부산광역시,non_cash_only,non_cash_only,recommend_only_or_exclude,비현금/수수료/인증성 후보만 있어 ROI 직접 차감 제외 후보입니다.,,500.0,최대 500만원,selected_candidate_missing,1,https://www.bizinfo.go.kr/sii/siia/selectSIIA200Detail.do?pblancId=PBLN_000000000119727
PBLN_000000000119764,2026년 중소기업 기술혁신 지원사업(KOSBIR) 통합 공고,중소벤처기업부,selected_candidate_missing,mixed_with_unknown,no_representative_amount,Gemini 검수 결과 대표금액 없음,,90000.0,최대 9억원,selected_candidate_missing,32,https://www.bizinfo.go.kr/sii/siia/selectSIIA200Detail.do?pblancId=PBLN_000000000119764
PBLN_000000000119851,[경북] 안동시 2026년 로케이션 제작지원 사업 공고,경상북도,selected_candidate_missing,mixed_with_unknown,no_representative_amount,Gemini 검수 결과 대표금액 없음,,100000.0,최대 10억원,selected_candidate_missing,7,https://www.bizinfo.go.kr/sii/siia/selectSIIA200Detail.do?pblancId=PBLN_000000000119851
PBLN_000000000119852,[경북] 2026년 로케이션 제작지원 사업 공고,경상북도,selected_candidate_missing,mixed_with_unknown,no_representative_amount,Gemini 검수 결과 대표금액 없음,,100000.0,최대 10억원,selected_candidate_missing,7,https://www.bizinfo.go.kr/sii/siia/selectSIIA200Detail.do?pblancId=PBLN_000000000119852
PBLN_000000000119881,[제주] 2026년 어업활동지원 사업 대상자 모집 공고,제주특별자치도,selected_candidate_missing,mixed_non_representative,exclude_or_policy_decision,대표금액 제외 타입이 혼합되어 정책 판단이 필요합니다.,,1440.0,"최대 1,440만원",selected_candidate_missing,2,https://www.bizinfo.go.kr/sii/siia/selectSIIA200Detail.do?pblancId=PBLN_000000000119881
PBLN_000000000119904,[충북] 2026년 산업체 방사광가속기 활용 역량강화사업 산업체 방사광가속기 활용 프로그램 참여기업 모집 공고,충청북도,support_ratio_only,support_ratio_only,store_support_ratio_only,지원비율만 있어 대표금액은 만들지 않습니다.,,,전 과정 무상지원,selected_candidate_missing,1,https://www.bizinfo.go.kr/sii/siia/selectSIIA200Detail.do?pblancId=PBLN_000000000119904
PBLN_000000000119976,2026년 해양 연구 시설ㆍ장비 사용료 지원사업 모집 공고,해양수산부,support_ratio_only,support_ratio_only,store_support_ratio_only,지원비율만 있어 대표금액은 만들지 않습니다.,,1000.0,최대 100% 지원,selected_candidate_missing,1,https://www.bizinfo.go.kr/sii/siia/selectSIIA200Detail.do?pblancId=PBLN_000000000119976
PBLN_000000000119978,[경북] 2026년 OK FTA 컨설팅 지원사업 모집 공고(경북FTA통상진흥센터),경상북도,selected_candidate_missing,mixed_with_unknown,no_representative_amount,Gemini 검수 결과 대표금액 없음,,15000000.0,최대 1500억원,selected_candidate_missing,5,https://www.bizinfo.go.kr/sii/siia/selectSIIA200Detail.do?pblancId=PBLN_000000000119978
PBLN_000000000120006,[서울] 2026년 노동환경개선컨설팅 사업 대상 모집 공고,서울특별시,selected_candidate_missing,unknown_only,no_representative_amount,Gemini 검수 결과 대표금액 없음,,100000.0,최대 10억원,selected_candidate_missing,2,https://www.bizinfo.go.kr/sii/siia/selectSIIA200Detail.do?pblancId=PBLN_000000000120006
PBLN_000000000120170,2026년 중소기업 기술분쟁 소송보험 지원사업 공고,중소벤처기업부,selected_candidate_missing,mixed_with_unknown,no_representative_amount,Gemini 검수 결과 대표금액 없음,,5000.0,"최대 5,000만원",selected_candidate_missing,17,https://www.bizinfo.go.kr/sii/siia/selectSIIA200Detail.do?pblancId=PBLN_000000000120170
PBLN_000000000120201,[경기] 포천시 2026년 신소재개발 프로그램 지원사업 모집 공고,경기도,selected_candidate_missing,unknown_only,no_representative_amount,Gemini 검수 결과 대표금액 없음,,73.0,최대 73만원,selected_candidate_missing,1,https://www.bizinfo.go.kr/sii/siia/selectSIIA200Detail.do?pblancId=PBLN_000000000120201
PBLN_000000000120312,2026년 국가배터리순환클러스터실증화시설 사용자 모집 공고,기후에너지환경부,support_ratio_only,support_ratio_only,store_support_ratio_only,지원비율만 있어 대표금액은 만들지 않습니다.,,,최대 50% 지원,selected_candidate_missing,1,https://www.bizinfo.go.kr/sii/siia/selectSIIA200Detail.do?pblancId=PBLN_000000000120312
PBLN_000000000120342,2026년 기업승계 M&A 활성화를 위한 컨설팅 지원사업 시행계획 공고,중소벤처기업부,selected_candidate_missing,mixed_non_representative,exclude_or_policy_decision,대표금액 제외 타입이 혼합되어 정책 판단이 필요합니다.,,700.0,최대 700만원,selected_candidate_missing,16,https://www.bizinfo.go.kr/sii/siia/selectSIIA200Detail.do?pblancId=PBLN_000000000120342
PBLN_000000000120459,[경남] 사천시ㆍ진주시 2026년 스마트제조 고급인력양성 사업 수요기업 모집 공고,산업통상부,support_ratio_only,support_ratio_only,store_support_ratio_only,지원비율만 있어 대표금액은 만들지 않습니다.,,,지원금 확인 필요,selected_candidate_missing,1,https://www.bizinfo.go.kr/sii/siia/selectSIIA200Detail.do?pblancId=PBLN_000000000120459
PBLN_000000000120495,[강원] 2026년 수요기술 발굴 및 기술멘토링 지원사업 참여기업 모집 공고(전기차 충돌 후 배터리 핵심부품 안전성 확보 지원사업),강원특별자치도,selected_candidate_missing,mixed_non_representative,exclude_or_policy_decision,대표금액 제외 타입이 혼합되어 정책 판단이 필요합니다.,,0.0,최대 0만원,selected_candidate_missing,1,https://www.bizinfo.go.kr/sii/siia/selectSIIA200Detail.do?pblancId=PBLN_000000000120495
PBLN_000000000120527,2026년 스마트 전자약 종합지원센터 인허가 지원 기업 상시 모집 공고,보건복지부,selected_candidate_missing,mixed_non_representative,exclude_or_policy_decision,대표금액 제외 타입이 혼합되어 정책 판단이 필요합니다.,,,지원금 확인 필요,selected_candidate_missing,1,https://www.bizinfo.go.kr/sii/siia/selectSIIA200Detail.do?pblancId=PBLN_000000000120527
PBLN_000000000120549,[경남] 2026년 항노화기업 천연물 소재화 지원사업 참여기업 모집 공고,경상남도,support_ratio_only,support_ratio_only,store_support_ratio_only,지원비율만 있어 대표금액은 만들지 않습니다.,,,지원금 확인 필요,selected_candidate_missing,1,https://www.bizinfo.go.kr/sii/siia/selectSIIA200Detail.do?pblancId=PBLN_000000000120549
PBLN_000000000121038,2026년 IoT 보안인증 인증시험 수수료 지원 공고,과학기술정보통신부,selected_candidate_missing,mixed_with_unknown,no_representative_amount,Gemini 검수 결과 대표금액 없음,,1600.0,최대 80% 지원,selected_candidate_missing,3,https://www.bizinfo.go.kr/sii/siia/selectSIIA200Detail.do?pblancId=PBLN_000000000121038
PBLN_000000000121193,[경남] 2026년 소상공인 IP출원(상표출원) 지원사업 소상공인 수혜자 모집 공고,지식재산처,support_ratio_only,support_ratio_only,store_support_ratio_only,지원비율만 있어 대표금액은 만들지 않습니다.,,13.0,최대 20% 지원,selected_candidate_missing,1,https://www.bizinfo.go.kr/sii/siia/selectSIIA200Detail.do?pblancId=PBLN_000000000121193
PBLN_000000000121397,[강원] 2026년 바이오기업 애로해소 인허가 컨설팅 지원기업 상시모집 공고,강원특별자치도,selected_candidate_missing,mixed_with_unknown,manual_review,Gemini 후보 제안이 sanity check에서 보류됨,,1000.0,"최대 1,000만원",selected_candidate_missing,11,https://www.bizinfo.go.kr/sii/siia/selectSIIA200Detail.do?pblancId=PBLN_000000000121397
PBLN_000000000121415,[경남] 2026년 경남형 제조 AX 고도화 패스트트랙 지원사업 도입기업 모집 공고,경상남도,selected_candidate_missing,mixed_with_unknown,no_representative_amount,Gemini 검수 결과 대표금액 없음,,30000.0,최대 3억원,selected_candidate_missing,10,https://www.bizinfo.go.kr/sii/siia/selectSIIA200Detail.do?pblancId=PBLN_000000000121415
PBLN_000000000121614,[전남광주] 2026년 스마트공장 지원계획 공고,중소벤처기업부,selected_candidate_missing,mixed_with_unknown,no_representative_amount,Gemini 검수 결과 대표금액 없음,,80000.0,최대 8억원,selected_candidate_missing,12,https://www.bizinfo.go.kr/sii/siia/selectSIIA200Detail.do?pblancId=PBLN_000000000121614
PBLN_000000000121702,[강원] 2026년 수출단체보험 가입 희망기업 모집 공고(강원특별자치도청 전액 보험료지원),강원특별자치도,support_ratio_only,support_ratio_only,store_support_ratio_only,지원비율만 있어 대표금액은 만들지 않습니다.,,,최대 95% 지원,selected_candidate_missing,1,https://www.bizinfo.go.kr/sii/siia/selectSIIA200Detail.do?pblancId=PBLN_000000000121702
PBLN_000000000121777,[울산] 2026년 소상공인 산재보험료 지원사업 공고,울산광역시,selected_candidate_missing,mixed_with_unknown,no_representative_amount,Gemini 검수 결과 대표금액 없음,,,최대 80% 지원,selected_candidate_missing,2,https://www.bizinfo.go.kr/sii/siia/selectSIIA200Detail.do?pblancId=PBLN_000000000121777
PBLN_000000000121849,전기차 차체ㆍ섀시 충돌안전 기업지원 연장 공고(xEV 보호차체 충돌안전 기업지원사업),경상북도,selected_candidate_missing,mixed_non_representative,exclude_or_policy_decision,대표금액 제외 타입이 혼합되어 정책 판단이 필요합니다.,,3000.0,"최대 3,000만원",selected_candidate_missing,3,https://www.bizinfo.go.kr/sii/siia/selectSIIA200Detail.do?pblancId=PBLN_000000000121849
PBLN_000000000121853,2026년 업종별 임금체계 개선 지원 사업 참여기업 모집 공고,고용노동부,non_cash_only,non_cash_only,recommend_only_or_exclude,비현금/수수료/인증성 후보만 있어 ROI 직접 차감 제외 후보입니다.,,8000.0,"최대 8,000만원",selected_candidate_missing,1,https://www.bizinfo.go.kr/sii/siia/selectSIIA200Detail.do?pblancId=PBLN_000000000121853
PBLN_000000000122045,2026년 연구조직(기업부설연구소 등) 설립 및 기술ㆍ경영혁신 인증 지원사업 참여기업 모집 공고,대구광역시,selected_candidate_missing,mixed_non_representative,exclude_or_policy_decision,대표금액 제외 타입이 혼합되어 정책 판단이 필요합니다.,,5000.0,지원금 확인 필요,selected_candidate_missing,4,https://www.bizinfo.go.kr/sii/siia/selectSIIA200Detail.do?pblancId=PBLN_000000000122045
PBLN_000000000122168,[경북] 경주시 2026년 소규모 사업장 방지시설 설치 지원사업 공고,경상북도,selected_candidate_missing,mixed_with_unknown,no_representative_amount,Gemini 검수 결과 대표금액 없음,,,최대 80% 지원,selected_candidate_missing,4,https://www.bizinfo.go.kr/sii/siia/selectSIIA200Detail.do?pblancId=PBLN_000000000122168
PBLN_000000000122275,[대구] 2026년 2차 지역혁신 중심 대학지원체계(RISE) 사업 협업ㆍ지원대상 기업 모집 공고,교육부,selected_candidate_missing,mixed_with_unknown,no_representative_amount,Gemini 검수 결과 대표금액 없음,,5500.0,,selected_candidate_missing,5,https://www.bizinfo.go.kr/sii/siia/selectSIIA200Detail.do?pblancId=PBLN_000000000122275
PBLN_000000000122333,2026년 SDV 전장부품 보안 평가센터 기업지원사업 수혜기업 모집 공고,산업통상부,support_ratio_only,support_ratio_only,store_support_ratio_only,지원비율만 있어 대표금액은 만들지 않습니다.,,2000.0,최대 10% 지원,selected_candidate_missing,1,https://www.bizinfo.go.kr/sii/siia/selectSIIA200Detail.do?pblancId=PBLN_000000000122333
PBLN_000000000122442,[울산] 2026년 기술이전지원사업 기술코칭프로그램 참여기업 모집 공고,울산광역시,total_scale_only,total_scale_only,recheck_total_vs_limit,총규모로 분류됐으나 건당/기업별 한도 가능성 샘플 재검토 필요,,20.0,최대 20만원,selected_candidate_missing,1,https://www.bizinfo.go.kr/sii/siia/selectSIIA200Detail.do?pblancId=PBLN_000000000122442
PBLN_000000000122473,2026년 해양수산 연구장비 렌탈지원사업 공고,해양수산부,support_ratio_only,support_ratio_only,store_support_ratio_only,지원비율만 있어 대표금액은 만들지 않습니다.,,14.0,최대 6% 지원,selected_candidate_missing,1,https://www.bizinfo.go.kr/sii/siia/selectSIIA200Detail.do?pblancId=PBLN_000000000122473
PBLN_000000000122609,2026년 경북AI데이터센터 테스트베드 실증지원 공고(데이터센터 테스트베드 조성 지원),경상북도,support_ratio_only,support_ratio_only,store_support_ratio_only,지원비율만 있어 대표금액은 만들지 않습니다.,,,최대 99% 지원,selected_candidate_missing,1,https://www.bizinfo.go.kr/sii/siia/selectSIIA200Detail.do?pblancId=PBLN_000000000122609
PBLN_000000000122640,[경북] 2026년 경북산업기술단지 거점기능강화사업 기술닥터제 활성화 지원사업 공고,중소벤처기업부,selected_candidate_missing,mixed_non_representative,exclude_or_policy_decision,대표금액 제외 타입이 혼합되어 정책 판단이 필요합니다.,,300000.0,최대 30억원,selected_candidate_missing,6,https://www.bizinfo.go.kr/sii/siia/selectSIIA200Detail.do?pblancId=PBLN_000000000122640
PBLN_000000000122644,[경북] 2026년 2차 미래자동차 사업재편 혁신성장 지원사업 공고,경상북도,selected_candidate_missing,mixed_with_unknown,no_representative_amount,Gemini 검수 결과 대표금액 없음,,3200.0,"최대 3,200만원",selected_candidate_missing,3,https://www.bizinfo.go.kr/sii/siia/selectSIIA200Detail.do?pblancId=PBLN_000000000122644
PBLN_000000000122744,2026년 2차 GLP(세포독성) 시험평가인증 지원사업 공고(메카노바이오활성소재 혁신의료기기 실증 기반구축),산업통상부,non_cash_only,non_cash_only,recommend_only_or_exclude,비현금/수수료/인증성 후보만 있어 ROI 직접 차감 제외 후보입니다.,,,,selected_candidate_missing,2,https://www.bizinfo.go.kr/sii/siia/selectSIIA200Detail.do?pblancId=PBLN_000000000122744
PBLN_000000000122761,"2026년 2차 재생에너지R&D(태양광, 풍력) 신규지원대상 연구개발과제 공고",기후에너지환경부,selected_candidate_missing,mixed_with_unknown,no_representative_amount,Gemini 검수 결과 대표금액 없음,,2050000.0,최대 205억원,selected_candidate_missing,3,https://www.bizinfo.go.kr/sii/siia/selectSIIA200Detail.do?pblancId=PBLN_000000000122761
PBLN_000000000122820,2026년 한국형 ARPA-H 프로젝트 신규지원 대상과제 통합 공고,보건복지부,selected_candidate_missing,mixed_with_unknown,no_representative_amount,Gemini 검수 결과 대표금액 없음,,1930000.0,최대 193억원,selected_candidate_missing,28,https://www.bizinfo.go.kr/sii/siia/selectSIIA200Detail.do?pblancId=PBLN_000000000122820
PBLN_000000000122825,2026년 제3회 신제품(NEP)지정 신규신청(100대 전략품목 포함) 및 유효기간 연장신청 접수 공고,산업통상부,support_ratio_only,support_ratio_only,store_support_ratio_only,지원비율만 있어 대표금액은 만들지 않습니다.,,50.0,,selected_candidate_missing,1,https://www.bizinfo.go.kr/sii/siia/selectSIIA200Detail.do?pblancId=PBLN_000000000122825
PBLN_000000000122826,2026년 제3회 신기술(NET)지정 신규신청(100대 전략품목 포함) 및 유효기간 연장신청 접수 공고,산업통상부,support_ratio_only,support_ratio_only,store_support_ratio_only,지원비율만 있어 대표금액은 만들지 않습니다.,,50.0,지원금 확인 필요,selected_candidate_missing,1,https://www.bizinfo.go.kr/sii/siia/selectSIIA200Detail.do?pblancId=PBLN_000000000122826
PBLN_000000000122852,2026년 하반기 우수 상용품 시범사용 제안제품 접수 공고,국방부,selected_candidate_missing,unknown_only,no_representative_amount,Gemini 검수 결과 대표금액 없음,,2000.0,"최대 2,000만원",selected_candidate_missing,1,https://www.bizinfo.go.kr/sii/siia/selectSIIA200Detail.do?pblancId=PBLN_000000000122852
PBLN_000000000122891,2026년 2차 전력정보화 및 정책지원사업(신재생에너지 분야) 신규지원 대상과제 공고,기후에너지환경부,selected_candidate_missing,mixed_with_unknown,no_representative_amount,Gemini 검수 결과 대표금액 없음,,5000.0,"최대 5,000만원",selected_candidate_missing,4,https://www.bizinfo.go.kr/sii/siia/selectSIIA200Detail.do?pblancId=PBLN_000000000122891
PBLN_000000000122942,[세종] 조달청 다수공급자계약(MAS) 활용 컨설팅 지원사업 공고,세종특별자치시,non_cash_only,non_cash_only,recommend_only_or_exclude,비현금/수수료/인증성 후보만 있어 ROI 직접 차감 제외 후보입니다.,,200.0,최대 200만원,selected_candidate_missing,2,https://www.bizinfo.go.kr/sii/siia/selectSIIA200Detail.do?pblancId=PBLN_000000000122942
PBLN_000000000122971,[경북] 2026년 경북중소기업기술혁신협의회 경북형 R&D플랫폼 참여기업 모집 공고,경상북도,selected_candidate_missing,mixed_non_representative,exclude_or_policy_decision,대표금액 제외 타입이 혼합되어 정책 판단이 필요합니다.,,,지원금 확인 필요,selected_candidate_missing,2,https://www.bizinfo.go.kr/sii/siia/selectSIIA200Detail.do?pblancId=PBLN_000000000122971
PBLN_000000000122990,[경남] 서부 2026년 2차 글로벌IP스타기업육성사업 특허기술 홍보영상제작 지원기업 모집 공고,경상남도,total_scale_only,total_scale_only,recheck_total_vs_limit,총규모로 분류됐으나 건당/기업별 한도 가능성 샘플 재검토 필요,,1500.0,"최대 1,500만원",selected_candidate_missing,1,https://www.bizinfo.go.kr/sii/siia/selectSIIA200Detail.do?pblancId=PBLN_000000000122990
PBLN_000000000122992,[경남] 서부 2026년 2차 글로벌IP스타기업육성사업 포장디자인개발 지원기업 모집 공고,경상남도,total_scale_only,total_scale_only,recheck_total_vs_limit,총규모로 분류됐으나 건당/기업별 한도 가능성 샘플 재검토 필요,,1500.0,"최대 1,500만원",selected_candidate_missing,1,https://www.bizinfo.go.kr/sii/siia/selectSIIA200Detail.do?pblancId=PBLN_000000000122992
PBLN_000000000122996,[경남] 서부 2026년 2차 글로벌IP스타기업육성사업 리뉴얼브랜드개발 지원기업 모집 공고,경상남도,total_scale_only,total_scale_only,recheck_total_vs_limit,총규모로 분류됐으나 건당/기업별 한도 가능성 샘플 재검토 필요,,1000.0,"최대 1,000만원",selected_candidate_missing,1,https://www.bizinfo.go.kr/sii/siia/selectSIIA200Detail.do?pblancId=PBLN_000000000122996
PBLN_000000000123119,2026년 바이오프린팅 활용 첨단바이오 활성화 지원사업(시설ㆍ장비 활용) 수혜기업 모집 공고,경상북도,selected_candidate_missing,mixed_non_representative,exclude_or_policy_decision,대표금액 제외 타입이 혼합되어 정책 판단이 필요합니다.,,3000.0,"최대 3,000만원",selected_candidate_missing,8,https://www.bizinfo.go.kr/sii/siia/selectSIIA200Detail.do?pblancId=PBLN_000000000123119
PBLN_000000000123130,2026년 K-온디바이스 AI반도체 기술개발사업 신규 지원대상 연구개발과제 공고,산업통상부,selected_candidate_missing,mixed_with_unknown,no_representative_amount,Gemini 검수 결과 대표금액 없음,,50000.0,최대 5억원,selected_candidate_missing,12,https://www.bizinfo.go.kr/sii/siia/selectSIIA200Detail.do?pblancId=PBLN_000000000123130
PBLN_000000000123133,2026년 선도형 양자공정 오픈팹 인프라 구축 사업 지원기업 모집 공고,대전광역시,total_scale_only,total_scale_only,recheck_total_vs_limit,총규모로 분류됐으나 건당/기업별 한도 가능성 샘플 재검토 필요,,,최대 10% 지원,selected_candidate_missing,1,https://www.bizinfo.go.kr/sii/siia/selectSIIA200Detail.do?pblancId=PBLN_000000000123133
PBLN_000000000123147,2027년 식품소재 및 반가공산업 육성 사업자 선정계획 공고,농림축산식품부,selected_candidate_missing,mixed_with_unknown,manual_review,Gemini 후보 제안이 sanity check에서 보류됨,,153600.0,최대 15.4억원,selected_candidate_missing,9,https://www.bizinfo.go.kr/sii/siia/selectSIIA200Detail.do?pblancId=PBLN_000000000123147
PBLN_000000000123189,[충북] 지능형첨단부품산업의 디지털전환 거점 구축 사업 AI 융합 제품ㆍ솔루션 고도화 지원 수혜기업 모집 공고,산업통상부,selected_candidate_missing,mixed_non_representative,exclude_or_policy_decision,대표금액 제외 타입이 혼합되어 정책 판단이 필요합니다.,,,최대 10% 지원,selected_candidate_missing,6,https://www.bizinfo.go.kr/sii/siia/selectSIIA200Detail.do?pblancId=PBLN_000000000123189
PBLN_000000000123301,[전남광주] 2026년 뿌리산업 선도기업 육성사업 기업 맞춤형 디지털전환 수준진단 및 컨설팅 지원 수혜기업 공고,전남광주통합특별시,support_ratio_only,support_ratio_only,store_support_ratio_only,지원비율만 있어 대표금액은 만들지 않습니다.,,,최대 65% 지원,selected_candidate_missing,1,https://www.bizinfo.go.kr/sii/siia/selectSIIA200Detail.do?pblancId=PBLN_000000000123301
PBLN_000000000123351,2026년 창원시 AI기반 슬립테크 국제협력 실증 확산 지원사업 기업지원 공고(해외 인허가 기술문서 작성 지원),산업통상부,support_ratio_only,support_ratio_only,store_support_ratio_only,지원비율만 있어 대표금액은 만들지 않습니다.,,,최대 50% 지원,selected_candidate_missing,1,https://www.bizinfo.go.kr/sii/siia/selectSIIA200Detail.do?pblancId=PBLN_000000000123351
PBLN_000000000123354,[부산] 2026년 도시형소공인 맞춤형 패키지 지원사업 모집 공고,부산광역시,selected_candidate_missing,mixed_with_unknown,no_representative_amount,Gemini 검수 결과 대표금액 없음,,1200000.0,최대 120억원,selected_candidate_missing,28,https://www.bizinfo.go.kr/sii/siia/selectSIIA200Detail.do?pblancId=PBLN_000000000123354
PBLN_000000000123374,[전남] 첨단로봇ㆍAI 활용 중소기업 제조혁신 사업 기업지원(실증지원) 모집 공고,전라남도,selected_candidate_missing,mixed_with_unknown,no_representative_amount,Gemini 검수 결과 대표금액 없음,,21000.0,최대 2.1억원,selected_candidate_missing,3,https://www.bizinfo.go.kr/sii/siia/selectSIIA200Detail.do?pblancId=PBLN_000000000123374
PBLN_000000000123379,[경북] 포항시 2026년 지역 기업 투자유치 활성화를 위한 Rising Star IR DAY 참가기업 모집 공고,경상북도,selected_candidate_missing,unknown_only,no_representative_amount,Gemini 검수 결과 대표금액 없음,,400.0,최대 400만원,selected_candidate_missing,1,https://www.bizinfo.go.kr/sii/siia/selectSIIA200Detail.do?pblancId=PBLN_000000000123379
PBLN_000000000123387,[경기] 안양시 2026년 우수기업 선정 공고,경기도,selected_candidate_missing,mixed_with_unknown,no_representative_amount,Gemini 검수 결과 대표금액 없음,,500.0,최대 500만원,selected_candidate_missing,4,https://www.bizinfo.go.kr/sii/siia/selectSIIA200Detail.do?pblancId=PBLN_000000000123387
PBLN_000000000123389,2026년 3차 광주 차세대 지능형 반도체 적용 온디바이스 AI 스케일업 밸리 육성 사업 성장스케일업 지원 수혜기업 추가모집 통합 공고(딥테크 스케일업 밸리 육성사업),과학기술정보통신부,selected_candidate_missing,mixed_non_representative,exclude_or_policy_decision,대표금액 제외 타입이 혼합되어 정책 판단이 필요합니다.,,300.0,최대 300만원,selected_candidate_missing,5,https://www.bizinfo.go.kr/sii/siia/selectSIIA200Detail.do?pblancId=PBLN_000000000123389
PBLN_000000000123406,반도체 소재ㆍ부품 시험평가센터 구축 사업 KIT 반도체 기업지원 사업 추가 모집 공고,산업통상부,support_ratio_only,support_ratio_only,store_support_ratio_only,지원비율만 있어 대표금액은 만들지 않습니다.,,,최대 97% 지원,selected_candidate_missing,1,https://www.bizinfo.go.kr/sii/siia/selectSIIA200Detail.do?pblancId=PBLN_000000000123406
PBLN_000000000123415,[경북] 2026년 소공인 스마트제조지원(스마트공방)사업 모집 공고,경상북도,selected_candidate_missing,mixed_with_unknown,manual_review,Gemini 후보 제안이 sanity check에서 보류됨,,600.0,최대 600만원,selected_candidate_missing,10,https://www.bizinfo.go.kr/sii/siia/selectSIIA200Detail.do?pblancId=PBLN_000000000123415
PBLN_000000000123427,[경기] 안산시 2026년 로봇직업교육센터 구축사업 제조기업 로봇공정 성능개선 지원사업 공고,경기도,selected_candidate_missing,mixed_with_unknown,no_representative_amount,Gemini 검수 결과 대표금액 없음,,210.0,최대 210만원,selected_candidate_missing,4,https://www.bizinfo.go.kr/sii/siia/selectSIIA200Detail.do?pblancId=PBLN_000000000123427
PBLN_000000000123438,2026년 2차 경북 해양기업 혁신성장 R&BD 패키지 지원사업 참여기업 모집 공고,경상북도,support_ratio_only,support_ratio_only,store_support_ratio_only,지원비율만 있어 대표금액은 만들지 않습니다.,,,최대 50% 지원,selected_candidate_missing,1,https://www.bizinfo.go.kr/sii/siia/selectSIIA200Detail.do?pblancId=PBLN_000000000123438
PBLN_000000000123442,[인천] 2026년 콘텐츠 스케일업 플러스 지원사업 재공고,인천광역시,support_ratio_only,support_ratio_only,store_support_ratio_only,지원비율만 있어 대표금액은 만들지 않습니다.,,,최대 100% 지원,selected_candidate_missing,1,https://www.bizinfo.go.kr/sii/siia/selectSIIA200Detail.do?pblancId=PBLN_000000000123442
PBLN_000000000123448,해오름 이차전지 기업지원(비즈협력ㆍ스케일업) 수혜기업 모집 공고(해오름동맹 첨단이차전지 연대협력사업),경상북도,selected_candidate_missing,mixed_with_unknown,no_representative_amount,Gemini 검수 결과 대표금액 없음,,2500.0,"최대 2,500만원",selected_candidate_missing,4,https://www.bizinfo.go.kr/sii/siia/selectSIIA200Detail.do?pblancId=PBLN_000000000123448
PBLN_000000000123451,바이오의약품 소재부품장비 기업지원 프로그램 모집 공고,산업통상부,non_cash_only,non_cash_only,recommend_only_or_exclude,비현금/수수료/인증성 후보만 있어 ROI 직접 차감 제외 후보입니다.,,1000.0,"최대 1,000만원",selected_candidate_missing,2,https://www.bizinfo.go.kr/sii/siia/selectSIIA200Detail.do?pblancId=PBLN_000000000123451
PBLN_000000000123466,2026년 지능형 반도체 개발ㆍ실증지원 고신뢰 반도체 상용화를 위한 검증ㆍ확인 지원사업 기업 지원 프로그램 통합 공고,산업통상부,selected_candidate_missing,mixed_with_unknown,no_representative_amount,Gemini 검수 결과 대표금액 없음,,0.0,최대 0.5만원,selected_candidate_missing,11,https://www.bizinfo.go.kr/sii/siia/selectSIIA200Detail.do?pblancId=PBLN_000000000123466
PBLN_000000000123470,[대구] 2026년 2차 AI솔루션 실증 참여기업 모집 공고(지역특화 제조데이터 활성화 사업),중소벤처기업부,selected_candidate_missing,mixed_non_representative,exclude_or_policy_decision,대표금액 제외 타입이 혼합되어 정책 판단이 필요합니다.,,13000.0,최대 1.3억원,selected_candidate_missing,4,https://www.bizinfo.go.kr/sii/siia/selectSIIA200Detail.do?pblancId=PBLN_000000000123470
PBLN_000000000123478,[부산] 2026년 2차 연구개발장비 공동활용 지원사업 공고(장비사용료 지원사업 안내),부산광역시,selected_candidate_missing,mixed_with_unknown,no_representative_amount,Gemini 검수 결과 대표금액 없음,,600.0,최대 600만원,selected_candidate_missing,5,https://www.bizinfo.go.kr/sii/siia/selectSIIA200Detail.do?pblancId=PBLN_000000000123478
PBLN_000000000123495,2027년 신규 병역지정업체(산업기능요원) 선정 및 필요인원 신청ㆍ접수 공고,중소벤처기업부,support_ratio_only,support_ratio_only,store_support_ratio_only,지원비율만 있어 대표금액은 만들지 않습니다.,,,최대 30% 지원,selected_candidate_missing,1,https://www.bizinfo.go.kr/sii/siia/selectSIIA200Detail.do?pblancId=PBLN_000000000123495
PBLN_000000000123505,2026년 1차 바이오스타 2.0 사업 참여 초기창업기업 모집 공고,과학기술정보통신부,selected_candidate_missing,unknown_only,manual_review,Gemini 후보 제안이 sanity check에서 보류됨,,34000.0,최대 3.4억원,selected_candidate_missing,5,https://www.bizinfo.go.kr/sii/siia/selectSIIA200Detail.do?pblancId=PBLN_000000000123505
PBLN_000000000123526,[충남] 2026년 산학연 협동프로그램 참여기업 지원사업 모집 재공고(테크노파크 생산장비 고도화),충청남도,selected_candidate_missing,mixed_with_unknown,no_representative_amount,Gemini 검수 결과 대표금액 없음,,100.0,최대 100만원,selected_candidate_missing,7,https://www.bizinfo.go.kr/sii/siia/selectSIIA200Detail.do?pblancId=PBLN_000000000123526
PBLN_000000000123569,[충북] 2026년 제조 AI 현장 적용 지원 사업 수혜기업 모집 연장 공고,중소벤처기업부,selected_candidate_missing,mixed_with_unknown,manual_review,Gemini 후보 제안이 sanity check에서 보류됨,,8000.0,"최대 8,000만원",selected_candidate_missing,10,https://www.bizinfo.go.kr/sii/siia/selectSIIA200Detail.do?pblancId=PBLN_000000000123569
PBLN_000000000123587,[부산ㆍ울산ㆍ경남] 2026년 동남 정보보호클러스터 보안 테스팅 지원사업 공고,경상남도,support_ratio_only,support_ratio_only,store_support_ratio_only,지원비율만 있어 대표금액은 만들지 않습니다.,,,최대 97% 지원,selected_candidate_missing,1,https://www.bizinfo.go.kr/sii/siia/selectSIIA200Detail.do?pblancId=PBLN_000000000123587
PBLN_000000000123596,[서울ㆍ경기ㆍ인천ㆍ강원] 2026년 중소기업 AI활용 도입을 위한 AI훈련 참여기업 모집 공고,고용노동부,non_cash_only,non_cash_only,recommend_only_or_exclude,비현금/수수료/인증성 후보만 있어 ROI 직접 차감 제외 후보입니다.,,783.0,최대 783만원,selected_candidate_missing,1,https://www.bizinfo.go.kr/sii/siia/selectSIIA200Detail.do?pblancId=PBLN_000000000123596
PBLN_000000000123638,[경남] 2026년 4차 기술경영 애로해결을 위한 Quick Solution Program(기술닥터 및 이노카페심층상담) 참여기업 모집 공고,경상남도,non_cash_only,non_cash_only,recommend_only_or_exclude,비현금/수수료/인증성 후보만 있어 ROI 직접 차감 제외 후보입니다.,,10.0,최대 10만원,selected_candidate_missing,2,https://www.bizinfo.go.kr/sii/siia/selectSIIA200Detail.do?pblancId=PBLN_000000000123638
PBLN_000000000123661,2026년 중소사업장 유해화학물질 취급시설 안전관리 지원 사업 참여 사업장 모집 공고,기후에너지환경부,support_ratio_only,support_ratio_only,store_support_ratio_only,지원비율만 있어 대표금액은 만들지 않습니다.,,,최대 97% 지원,selected_candidate_missing,1,https://www.bizinfo.go.kr/sii/siia/selectSIIA200Detail.do?pblancId=PBLN_000000000123661
PBLN_000000000123670,[부산] 영도구 2026년 3차 부산 커피산업 생태계 R&D 클러스트 구축사업 기업지원 프로그램 통합 모집 공고(시군구연고산업육성 협업프로젝트),중소벤처기업부,selected_candidate_missing,mixed_non_representative,exclude_or_policy_decision,대표금액 제외 타입이 혼합되어 정책 판단이 필요합니다.,,3300.0,"최대 3,300만원",selected_candidate_missing,7,https://www.bizinfo.go.kr/sii/siia/selectSIIA200Detail.do?pblancId=PBLN_000000000123670
PBLN_000000000123680,2026년 중견기업-공공연 개방형 혁신 지원 사업 신규과제 모집 공고,산업통상부,selected_candidate_missing,mixed_non_representative,exclude_or_policy_decision,대표금액 제외 타입이 혼합되어 정책 판단이 필요합니다.,,700.0,최대 700만원,selected_candidate_missing,2,https://www.bizinfo.go.kr/sii/siia/selectSIIA200Detail.do?pblancId=PBLN_000000000123680
PBLN_000000000123681,자동차부품기업 사이버보안 컨설팅 참여기업 모집 공고,산업통상부,selected_candidate_missing,mixed_non_representative,exclude_or_policy_decision,대표금액 제외 타입이 혼합되어 정책 판단이 필요합니다.,,5000.0,"최대 5,000만원",selected_candidate_missing,2,https://www.bizinfo.go.kr/sii/siia/selectSIIA200Detail.do?pblancId=PBLN_000000000123681
PBLN_000000000123700,[대구] 2026년 산업안전보건 원스톱 서비스 지원 공고,대구광역시,selected_candidate_missing,mixed_with_unknown,no_representative_amount,Gemini 검수 결과 대표금액 없음,,1250.0,"최대 1,250만원",selected_candidate_missing,5,https://www.bizinfo.go.kr/sii/siia/selectSIIA200Detail.do?pblancId=PBLN_000000000123700
PBLN_000000000123708,[경기] 2026년 공공의료원 AI진단보조기기 실증지원사업 참여기업 모집 공고,경기도,selected_candidate_missing,mixed_non_representative,exclude_or_policy_decision,대표금액 제외 타입이 혼합되어 정책 판단이 필요합니다.,,8000.0,"최대 8,000만원",selected_candidate_missing,6,https://www.bizinfo.go.kr/sii/siia/selectSIIA200Detail.do?pblancId=PBLN_000000000123708
PBLN_000000000123712,[강원] 바이오ㆍ헬스케어 AI 대전환 실증기업 모집 공고(지역 주도형 AI 대전환 사업),강원특별자치도,support_ratio_only,support_ratio_only,store_support_ratio_only,지원비율만 있어 대표금액은 만들지 않습니다.,,,지원금 확인 필요,selected_candidate_missing,1,https://www.bizinfo.go.kr/sii/siia/selectSIIA200Detail.do?pblancId=PBLN_000000000123712
PBLN_000000000123713,[강원] 바이오ㆍ헬스케어 AI 대전환 수요기업 모집 공고(지역 주도형 AI 대전환 사업),강원특별자치도,support_ratio_only,support_ratio_only,store_support_ratio_only,지원비율만 있어 대표금액은 만들지 않습니다.,,,최대 70% 지원,selected_candidate_missing,1,https://www.bizinfo.go.kr/sii/siia/selectSIIA200Detail.do?pblancId=PBLN_000000000123713
PBLN_000000000123718,[전남광주] 2026년 2차 중소기업 맞춤형 성장지원(컨설팅) 참여기업 모집 기간 연장 공고,전남광주통합특별시,selected_candidate_missing,mixed_with_unknown,no_representative_amount,Gemini 검수 결과 대표금액 없음,,350.0,최대 350만원,selected_candidate_missing,6,https://www.bizinfo.go.kr/sii/siia/selectSIIA200Detail.do?pblancId=PBLN_000000000123718
PBLN_000000000123747,2026년 디지털전환 혁신기업 기획지원 사업 (컨설팅 참여기업(관)) 모집,경상북도,selected_candidate_missing,mixed_non_representative,exclude_or_policy_decision,대표금액 제외 타입이 혼합되어 정책 판단이 필요합니다.,,150.0,최대 150만원,selected_candidate_missing,2,https://www.bizinfo.go.kr/sii/siia/selectSIIA200Detail.do?pblancId=PBLN_000000000123747
PBLN_000000000123771,[강원] 2026년 3차 지식재산 긴급지원 모집 공고,강원특별자치도,non_cash_only,non_cash_only,recommend_only_or_exclude,비현금/수수료/인증성 후보만 있어 ROI 직접 차감 제외 후보입니다.,,2000.0,"최대 2,000만원",selected_candidate_missing,1,https://www.bizinfo.go.kr/sii/siia/selectSIIA200Detail.do?pblancId=PBLN_000000000123771
PBLN_000000000123783,[전남광주] 첨단 스마트그린 AX실증산단 구축사업 제조경쟁력 강화를 위한 기업AX 실증지원 공고,전남광주통합특별시,selected_candidate_missing,mixed_with_unknown,no_representative_amount,Gemini 검수 결과 대표금액 없음,,0.0,최대 0만원,selected_candidate_missing,9,https://www.bizinfo.go.kr/sii/siia/selectSIIA200Detail.do?pblancId=PBLN_000000000123783
SMARTFACTORY:2025-N-0205:1,2026년 한국로봇산업진흥원 로봇활용 제조혁신 지원사업,스마트공장 사업관리시스템,selected_candidate_missing,mixed_with_unknown,manual_review,Gemini 후보 제안이 sanity check에서 보류됨,,,,selected_candidate_missing,37,https://www.smart-factory.kr/usr/bg/ba/ma/bsnsPbancDtl?pbancId=2025-N-0205&pbancSn=1
SMARTFACTORY:2025-N-0211:1,2026년 제조DX멘토단 활용지원사업 통합공고,스마트공장 사업관리시스템,selected_candidate_missing,mixed_with_unknown,no_representative_amount,Gemini 검수 결과 대표금액 없음,,,지원금 확인 필요,selected_candidate_missing,13,https://www.smart-factory.kr/usr/bg/ba/ma/bsnsPbancDtl?pbancId=2025-N-0211&pbancSn=1
SMARTFACTORY:2026-N-0010:1,2026년도 제조DX멘토단 활용지원(AX기획) 도입기업 모집 공고,스마트공장 사업관리시스템,selected_candidate_missing,mixed_with_unknown,no_representative_amount,Gemini 검수 결과 대표금액 없음,,238.0,최대 238만원,selected_candidate_missing,6,https://www.smart-factory.kr/usr/bg/ba/ma/bsnsPbancDtl?pbancId=2026-N-0010&pbancSn=1
SMARTFACTORY:2026-N-0011:1,2026년도 제조DX멘토단 활용지원(사전기획) 도입기업 모집 공고,스마트공장 사업관리시스템,selected_candidate_missing,mixed_with_unknown,no_representative_amount,Gemini 검수 결과 대표금액 없음,,,,selected_candidate_missing,6,https://www.smart-factory.kr/usr/bg/ba/ma/bsnsPbancDtl?pbancId=2026-N-0011&pbancSn=1
SMARTFACTORY:2026-N-0062:3,[2차] 2026 AI 트랙 (삼성) 스마트공장 구축,스마트공장 사업관리시스템,total_scale_only,total_scale_only,recheck_total_vs_limit,총규모로 분류됐으나 건당/기업별 한도 가능성 샘플 재검토 필요,,,,selected_candidate_missing,1,https://www.smart-factory.kr/usr/bg/ba/ma/bsnsPbancDtl?pbancId=2026-N-0062&pbancSn=3
SMARTFACTORY:2026-N-0067:3,[인천] 2026년 제조DX멘토단 활용지원사업 (구축지도) 도입기업 모집공고,스마트공장 사업관리시스템,total_scale_only,total_scale_only,recheck_total_vs_limit,총규모로 분류됐으나 건당/기업별 한도 가능성 샘플 재검토 필요,,,,selected_candidate_missing,6,https://www.smart-factory.kr/usr/bg/ba/ma/bsnsPbancDtl?pbancId=2026-N-0067&pbancSn=3
SMARTFACTORY:2026-N-0068:1,[부산] 2026년 제조DX멘토단 활용지원사업(구축지도) 도입기업 모집 공고,스마트공장 사업관리시스템,total_scale_only,total_scale_only,recheck_total_vs_limit,총규모로 분류됐으나 건당/기업별 한도 가능성 샘플 재검토 필요,,,,selected_candidate_missing,3,https://www.smart-factory.kr/usr/bg/ba/ma/bsnsPbancDtl?pbancId=2026-N-0068&pbancSn=1
SMARTFACTORY:2026-N-0069:1,[경기] 2026년 제조DX멘토단 활용지원사업(구축지도) 도입기업 모집 공고,스마트공장 사업관리시스템,total_scale_only,total_scale_only,recheck_total_vs_limit,총규모로 분류됐으나 건당/기업별 한도 가능성 샘플 재검토 필요,,,,selected_candidate_missing,3,https://www.smart-factory.kr/usr/bg/ba/ma/bsnsPbancDtl?pbancId=2026-N-0069&pbancSn=1
SMARTFACTORY:2026-N-0070:1,[전북] 2026년 제조DX멘토단 활용지원(구축지도) 도입기업 모집 공고,스마트공장 사업관리시스템,total_scale_only,total_scale_only,recheck_total_vs_limit,총규모로 분류됐으나 건당/기업별 한도 가능성 샘플 재검토 필요,,,,selected_candidate_missing,3,https://www.smart-factory.kr/usr/bg/ba/ma/bsnsPbancDtl?pbancId=2026-N-0070&pbancSn=1
SMARTFACTORY:2026-N-0071:1,[경북] 2026년 제조DX멘토단 활용지원사업(구축지도) 도입기업 모집 공고,스마트공장 사업관리시스템,selected_candidate_missing,mixed_non_representative,exclude_or_policy_decision,대표금액 제외 타입이 혼합되어 정책 판단이 필요합니다.,,21.0,최대 21만원,selected_candidate_missing,4,https://www.smart-factory.kr/usr/bg/ba/ma/bsnsPbancDtl?pbancId=2026-N-0071&pbancSn=1
SMARTFACTORY:2026-N-0072:1,[전남]2026년 제조DX멘토단 활용지원(구축지도) 도입기업 모집 공고,스마트공장 사업관리시스템,total_scale_only,total_scale_only,recheck_total_vs_limit,총규모로 분류됐으나 건당/기업별 한도 가능성 샘플 재검토 필요,,,,selected_candidate_missing,3,https://www.smart-factory.kr/usr/bg/ba/ma/bsnsPbancDtl?pbancId=2026-N-0072&pbancSn=1
SMARTFACTORY:2026-N-0073:1,[충남] 2026년 제조DX멘토단 활용지원사업(구축지도) 도입기업 모집 공고,스마트공장 사업관리시스템,selected_candidate_missing,mixed_non_representative,exclude_or_policy_decision,대표금액 제외 타입이 혼합되어 정책 판단이 필요합니다.,,,,selected_candidate_missing,4,https://www.smart-factory.kr/usr/bg/ba/ma/bsnsPbancDtl?pbancId=2026-N-0073&pbancSn=1
SMARTFACTORY:2026-N-0074:1,[대구] 2026년 제조DX멘토단 활용지원사업(구축지도) 도입기업 모집 공고,스마트공장 사업관리시스템,selected_candidate_missing,mixed_non_representative,exclude_or_policy_decision,대표금액 제외 타입이 혼합되어 정책 판단이 필요합니다.,,21.0,최대 21만원,selected_candidate_missing,4,https://www.smart-factory.kr/usr/bg/ba/ma/bsnsPbancDtl?pbancId=2026-N-0074&pbancSn=1
SMARTFACTORY:2026-N-0075:1,[경남]2026년 제조DX멘토단 활용지원(구축지도) 도입기업 모집 공고,스마트공장 사업관리시스템,selected_candidate_missing,mixed_non_representative,exclude_or_policy_decision,대표금액 제외 타입이 혼합되어 정책 판단이 필요합니다.,,21.0,최대 21만원,selected_candidate_missing,4,https://www.smart-factory.kr/usr/bg/ba/ma/bsnsPbancDtl?pbancId=2026-N-0075&pbancSn=1
SMARTFACTORY:2026-N-0076:2,[충북] 2026년 제조DX멘토단 활용지원(구축지도) 도입기업 모집 공고,스마트공장 사업관리시스템,total_scale_only,total_scale_only,recheck_total_vs_limit,총규모로 분류됐으나 건당/기업별 한도 가능성 샘플 재검토 필요,,21.0,최대 21만원,selected_candidate_missing,6,https://www.smart-factory.kr/usr/bg/ba/ma/bsnsPbancDtl?pbancId=2026-N-0076&pbancSn=2
SMARTFACTORY:2026-N-0082:1,[서울] 2026년 제조DX멘토단 활용지원사업(구축지도) 도입기업 모집 공고,스마트공장 사업관리시스템,total_scale_only,total_scale_only,recheck_total_vs_limit,총규모로 분류됐으나 건당/기업별 한도 가능성 샘플 재검토 필요,,21.0,최대 21만원,selected_candidate_missing,6,https://www.smart-factory.kr/usr/bg/ba/ma/bsnsPbancDtl?pbancId=2026-N-0082&pbancSn=1
SMARTFACTORY:2026-N-0085:1,[경기북부]2026년 제조DX멘토단 활용지원(구축지도) 도입기업 모집 공고,스마트공장 사업관리시스템,selected_candidate_missing,mixed_non_representative,exclude_or_policy_decision,대표금액 제외 타입이 혼합되어 정책 판단이 필요합니다.,,21.0,최대 21만원,selected_candidate_missing,4,https://www.smart-factory.kr/usr/bg/ba/ma/bsnsPbancDtl?pbancId=2026-N-0085&pbancSn=1
SMARTFACTORY:2026-N-0087:1,[강원] 2026년 제조DX멘토단 활용지원사업(구축지도) 도입기업 모집 공고,스마트공장 사업관리시스템,total_scale_only,total_scale_only,recheck_total_vs_limit,총규모로 분류됐으나 건당/기업별 한도 가능성 샘플 재검토 필요,,21.0,최대 21만원,selected_candidate_missing,3,https://www.smart-factory.kr/usr/bg/ba/ma/bsnsPbancDtl?pbancId=2026-N-0087&pbancSn=1
SMARTFACTORY:2026-N-0099:1,[포항] 2026년 제조DX멘토단 활용지원(구축지도) 도입기업 모집공고,스마트공장 사업관리시스템,total_scale_only,total_scale_only,recheck_total_vs_limit,총규모로 분류됐으나 건당/기업별 한도 가능성 샘플 재검토 필요,,21.0,최대 21만원,selected_candidate_missing,3,https://www.smart-factory.kr/usr/bg/ba/ma/bsnsPbancDtl?pbancId=2026-N-0099&pbancSn=1
SMARTFACTORY:2026-N-0104:1,2026 제조DX멘토 활용지원 구축지도 도입기업 모집,스마트공장 사업관리시스템,selected_candidate_missing,mixed_with_unknown,no_representative_amount,Gemini 검수 결과 대표금액 없음,,21.0,최대 21만원,selected_candidate_missing,4,https://www.smart-factory.kr/usr/bg/ba/ma/bsnsPbancDtl?pbancId=2026-N-0104&pbancSn=1
SMARTFACTORY:2026-N-0106:1,(충북) 2026년 제조 AI 현장 적용 지원 사업,스마트공장 사업관리시스템,selected_candidate_missing,mixed_with_unknown,manual_review,Gemini 후보 제안이 sanity check에서 보류됨,,,,selected_candidate_missing,10,https://www.smart-factory.kr/usr/bg/ba/ma/bsnsPbancDtl?pbancId=2026-N-0106&pbancSn=1
SMARTFACTORY:2026-N-0110:2,[현대자동차그룹]2026 대중소상생형 스마트공장 구축(고도화 동일),스마트공장 사업관리시스템,selected_candidate_missing,mixed_non_representative,exclude_or_policy_decision,대표금액 제외 타입이 혼합되어 정책 판단이 필요합니다.,,,지원금 확인 필요,selected_candidate_missing,15,https://www.smart-factory.kr/usr/bg/ba/ma/bsnsPbancDtl?pbancId=2026-N-0110&pbancSn=2
SMARTFACTORY:2026-N-0110:4,[현대자동차그룹]2026 대중소상생형 스마트공장 구축(고도화1),스마트공장 사업관리시스템,selected_candidate_missing,mixed_non_representative,exclude_or_policy_decision,대표금액 제외 타입이 혼합되어 정책 판단이 필요합니다.,,,지원금 확인 필요,selected_candidate_missing,15,https://www.smart-factory.kr/usr/bg/ba/ma/bsnsPbancDtl?pbancId=2026-N-0110&pbancSn=4
SMARTFACTORY:2026-N-0110:5,[현대자동차그룹]2026 대중소상생형 스마트공장 구축(기초),스마트공장 사업관리시스템,selected_candidate_missing,mixed_non_representative,exclude_or_policy_decision,대표금액 제외 타입이 혼합되어 정책 판단이 필요합니다.,,,지원금 확인 필요,selected_candidate_missing,15,https://www.smart-factory.kr/usr/bg/ba/ma/bsnsPbancDtl?pbancId=2026-N-0110&pbancSn=5
SMARTFACTORY:2026-N-0111:1,[제주] 2026년 제조DX멘토단 활용지원(구축지도) 도입기업 모집 공고,스마트공장 사업관리시스템,total_scale_only,total_scale_only,recheck_total_vs_limit,총규모로 분류됐으나 건당/기업별 한도 가능성 샘플 재검토 필요,,21.0,최대 21만원,selected_candidate_missing,3,https://www.smart-factory.kr/usr/bg/ba/ma/bsnsPbancDtl?pbancId=2026-N-0111&pbancSn=1
SMARTFACTORY:2026-N-0112:1,2026년 전북형 스마트 제조혁신 프로젝트 추가모집 (JS1-일반과제),스마트공장 사업관리시스템,selected_candidate_missing,mixed_with_unknown,no_representative_amount,Gemini 검수 결과 대표금액 없음,,,,selected_candidate_missing,22,https://www.smart-factory.kr/usr/bg/ba/ma/bsnsPbancDtl?pbancId=2026-N-0112&pbancSn=1
SMARTFACTORY:2026-N-0112:2,2026년 전북형 스마트 제조혁신 프로젝트 추가모집 (JS1-간편자동화과제),스마트공장 사업관리시스템,selected_candidate_missing,mixed_with_unknown,manual_review,Gemini 후보 제안이 sanity check에서 보류됨,,,,selected_candidate_missing,22,https://www.smart-factory.kr/usr/bg/ba/ma/bsnsPbancDtl?pbancId=2026-N-0112&pbancSn=2
SMARTFACTORY:2026-N-0113:1,[포스코DX] 2026년도 상생형 인공지능 전환(AX) 선도모델 구축지원 사업 공고,스마트공장 사업관리시스템,selected_candidate_missing,mixed_with_unknown,no_representative_amount,Gemini 검수 결과 대표금액 없음,,150000.0,최대 15억원,selected_candidate_missing,17,https://www.smart-factory.kr/usr/bg/ba/ma/bsnsPbancDtl?pbancId=2026-N-0113&pbancSn=1
SMARTFACTORY:2026-N-0114:1,[미라콤] 2026년도 상생형 인공지능 전환(AX) 선도모델 구축지원 사업 공고,스마트공장 사업관리시스템,selected_candidate_missing,mixed_with_unknown,no_representative_amount,Gemini 검수 결과 대표금액 없음,,300000.0,최대 30억원,selected_candidate_missing,17,https://www.smart-factory.kr/usr/bg/ba/ma/bsnsPbancDtl?pbancId=2026-N-0114&pbancSn=1
SMARTFACTORY:2026-N-0115:1,[LS일렉트릭] 2026년도 상생형 인공지능 전환(AX) 선도모델 구축지원 사업 공고,스마트공장 사업관리시스템,selected_candidate_missing,mixed_with_unknown,no_representative_amount,Gemini 검수 결과 대표금액 없음,,150000.0,최대 15억원,selected_candidate_missing,17,https://www.smart-factory.kr/usr/bg/ba/ma/bsnsPbancDtl?pbancId=2026-N-0115&pbancSn=1
SMARTFACTORY:2026-N-0118:1,[LG전자] 2026년도 상생형 인공지능 전환(AX) 선도모델 구축지원 사업 공고,스마트공장 사업관리시스템,selected_candidate_missing,mixed_with_unknown,no_representative_amount,Gemini 검수 결과 대표금액 없음,,150000.0,최대 15억원,selected_candidate_missing,17,https://www.smart-factory.kr/usr/bg/ba/ma/bsnsPbancDtl?pbancId=2026-N-0118&pbancSn=1
SMARTFACTORY:2026-N-0119:1,[CJ올리브네트웍스] 2026년도 상생형 인공지능 전환(AX) 선도모델 구축지원 사업 공고,스마트공장 사업관리시스템,selected_candidate_missing,mixed_with_unknown,no_representative_amount,Gemini 검수 결과 대표금액 없음,,150000.0,최대 15억원,selected_candidate_missing,17,https://www.smart-factory.kr/usr/bg/ba/ma/bsnsPbancDtl?pbancId=2026-N-0119&pbancSn=1
SMARTFACTORY:2026-N-0120:1,[한국네트웍스] 2026년도 상생형 인공지능 전환(AX) 선도모델 구축지원 사업 공고,스마트공장 사업관리시스템,selected_candidate_missing,mixed_with_unknown,no_representative_amount,Gemini 검수 결과 대표금액 없음,,150000.0,최대 15억원,selected_candidate_missing,17,https://www.smart-factory.kr/usr/bg/ba/ma/bsnsPbancDtl?pbancId=2026-N-0120&pbancSn=1
SMARTFACTORY:2026-N-0122:1,[코오롱베니트] 2026년도 상생형 인공지능 전환(AX) 선도모델 구축지원 사업 공고,스마트공장 사업관리시스템,selected_candidate_missing,mixed_with_unknown,no_representative_amount,Gemini 검수 결과 대표금액 없음,,150000.0,최대 15억원,selected_candidate_missing,17,https://www.smart-factory.kr/usr/bg/ba/ma/bsnsPbancDtl?pbancId=2026-N-0122&pbancSn=1
SMARTFACTORY:2026-N-0123:1,[한솔PNS] 2026년도 상생형 인공지능 전환(AX) 선도모델 구축지원 사업 공고,스마트공장 사업관리시스템,selected_candidate_missing,mixed_with_unknown,no_representative_amount,Gemini 검수 결과 대표금액 없음,,150000.0,최대 15억원,selected_candidate_missing,17,https://www.smart-factory.kr/usr/bg/ba/ma/bsnsPbancDtl?pbancId=2026-N-0123&pbancSn=1
SMARTFACTORY:2026-N-0124:1,[현대자동차 그룹] 2026년도 상생형 인공지능 전환(AX) 선도모델 구축지원 사업 공고,스마트공장 사업관리시스템,selected_candidate_missing,mixed_with_unknown,no_representative_amount,Gemini 검수 결과 대표금액 없음,,50000.0,최대 5억원,selected_candidate_missing,9,https://www.smart-factory.kr/usr/bg/ba/ma/bsnsPbancDtl?pbancId=2026-N-0124&pbancSn=1
TECHNOPARK:1316,아산시 CES 2027 기업지원 사업 참가기업 모집 재공고,충남테크노파크,selected_candidate_missing,mixed_non_representative,exclude_or_policy_decision,대표금액 제외 타입이 혼합되어 정책 판단이 필요합니다.,,2900.0,"전액 지원 (29,000천원 이내)",selected_candidate_missing,3,https://www.ctp.or.kr/business/datadetail.do?seq=2709280
TECHNOPARK:135,2026년 제조DX멘토단 활용지원(구축지도) 도입기업 모집 공고,전북테크노파크,total_scale_only,total_scale_only,recheck_total_vs_limit,총규모로 분류됐으나 건당/기업별 한도 가능성 샘플 재검토 필요,,,,selected_candidate_missing,3,https://www.jbtp.or.kr/board/view.jbtp?menuCd=DOM_000000102001000000&boardId=BBS_0000006&dataSid=19904
TECHNOPARK:1399,(2026-129호) 「수요맞춤형 전기구동 경형 PBV 개발 지원기반 구축사업」 2026년 기업지원 프로그램 기술자문(지도) 추가 모집 공고,강원테크노파크,non_cash_only,non_cash_only,recommend_only_or_exclude,비현금/수수료/인증성 후보만 있어 ROI 직접 차감 제외 후보입니다.,,,지원금 확인 필요,selected_candidate_missing,1,https://www.gwtp.or.kr/gwtp/bbsNew_view.php?bbs_data=aWR4PTMxNjAmc3RhcnRQYWdlPSZsaXN0Tm89JnRhYmxlPWNzX2Jic19kYXRhX25ldyZjb2RlPXN1YjAxYiZzZWFyY2hfaXRlbT0mc2VhcmNoX29yZGVyPSZ1cmw9c3ViMDFiJmtleXZhbHVlPXN1YjAxJmJic19tYWxuYW1lPQ==||
TECHNOPARK:1519,2026년 햇빛소득마을 컨설팅 지원사업 위탁기관 모집 공고,충남테크노파크,selected_candidate_missing,mixed_with_unknown,no_representative_amount,Gemini 검수 결과 대표금액 없음,,,,selected_candidate_missing,14,https://www.ctp.or.kr/business/datadetail.do?seq=2709292
TECHNOPARK:1532,(재공고) 2026년 테크노파크 생산장비 고도화 지원사업 산학연 협동프로그램 참여 기업 모집 재공고,충남테크노파크,selected_candidate_missing,mixed_with_unknown,no_representative_amount,Gemini 검수 결과 대표금액 없음,,,,selected_candidate_missing,7,https://www.ctp.or.kr/business/datadetail.do?seq=2709293
TECHNOPARK:1770,[2026-037호] 2026년도 세종 규제자유특구 수요조사 재공고(3차),세종테크노파크,selected_candidate_missing,mixed_with_unknown,no_representative_amount,Gemini 검수 결과 대표금액 없음,,,지원금 확인 필요,selected_candidate_missing,2,https://www.sjtp.or.kr/bbs/board.php?bo_table=business01&wr_id=1982
TECHNOPARK:1792,2026년 수출디딤돌지원사업 「2026 중국 상하이 시장개척단」참가기업 모집 공고,충남테크노파크,selected_candidate_missing,mixed_non_representative,exclude_or_policy_decision,대표금액 제외 타입이 혼합되어 정책 판단이 필요합니다.,,,,selected_candidate_missing,1,https://www.ctp.or.kr/business/datadetail.do?seq=2709312
TECHNOPARK:1854,2026 동남 정보보호클러스터 보안 테스팅 지원,경남테크노파크,support_ratio_only,support_ratio_only,store_support_ratio_only,지원비율만 있어 대표금액은 만들지 않습니다.,,,,selected_candidate_missing,1,http://www.gntp.or.kr/biz/applyInfo/3790
TECHNOPARK:257,(2026-69호) 2026년 디지털트윈 플랫폼 활용 수요기업 모집 수정공고 (싱가포르 지원 삭제),강원테크노파크,support_ratio_only,support_ratio_only,store_support_ratio_only,지원비율만 있어 대표금액은 만들지 않습니다.,,,지원금 확인 필요,selected_candidate_missing,1,https://www.gwtp.or.kr/gwtp/bbsNew_view.php?bbs_data=aWR4PTI5MTkmc3RhcnRQYWdlPSZsaXN0Tm89JnRhYmxlPWNzX2Jic19kYXRhX25ldyZjb2RlPXN1YjAxYiZzZWFyY2hfaXRlbT0mc2VhcmNoX29yZGVyPSZ1cmw9c3ViMDFiJmtleXZhbHVlPXN1YjAxJmJic19tYWxuYW1lPQ==||
TECHNOPARK:304,(2026-70호) 「2026 강원후평스마트에너지플랫폼 구축사업」 공장에너지관리시스템(FEMS) 수요기업 모집 공고,강원테크노파크,selected_candidate_missing,mixed_non_representative,exclude_or_policy_decision,대표금액 제외 타입이 혼합되어 정책 판단이 필요합니다.,,7000.0,"최대 7,000만원",selected_candidate_missing,2,https://www.gwtp.or.kr/gwtp/bbsNew_view.php?bbs_data=aWR4PTI5MzEmc3RhcnRQYWdlPSZsaXN0Tm89JnRhYmxlPWNzX2Jic19kYXRhX25ldyZjb2RlPXN1YjAxYiZzZWFyY2hfaXRlbT0mc2VhcmNoX29yZGVyPSZ1cmw9c3ViMDFiJmtleXZhbHVlPXN1YjAxJmJic19tYWxuYW1lPQ==||
TECHNOPARK:391,(2026-75호) 2026년 제조DX멘토단 활용지원(구축지도) 도입기업 모집 공고,강원테크노파크,selected_candidate_missing,mixed_non_representative,exclude_or_policy_decision,대표금액 제외 타입이 혼합되어 정책 판단이 필요합니다.,,21.0,최대 21만원,selected_candidate_missing,6,https://www.gwtp.or.kr/gwtp/bbsNew_view.php?bbs_data=aWR4PTI5NTEmc3RhcnRQYWdlPSZsaXN0Tm89JnRhYmxlPWNzX2Jic19kYXRhX25ldyZjb2RlPXN1YjAxYiZzZWFyY2hfaXRlbT0mc2VhcmNoX29yZGVyPSZ1cmw9c3ViMDFiJmtleXZhbHVlPXN1YjAxJmJic19tYWxuYW1lPQ==||
TECHNOPARK:405,2026년 전북특별자치도 공공데이터·AI 활용 창업경진대회 공고,전북테크노파크,selected_candidate_missing,mixed_with_unknown,no_representative_amount,Gemini 검수 결과 대표금액 없음,,,,selected_candidate_missing,5,https://www.jbtp.or.kr/board/view.jbtp?menuCd=DOM_000000102001000000&boardId=BBS_0000006&dataSid=20084
TECHNOPARK:525,「AI 솔루션 기술개발」참여기업 모집공고,충남테크노파크,selected_candidate_missing,mixed_non_representative,exclude_or_policy_decision,대표금액 제외 타입이 혼합되어 정책 판단이 필요합니다.,,5000.0,"최대 5,000만원",selected_candidate_missing,2,https://www.ctp.or.kr/business/datadetail.do?seq=2709173
TECHNOPARK:616,(2026-88호) 「홍천군 첨단바이오산업 활성화 지원사업」 지역(홍천군)선도기업 육성사업 수혜기업 모집,강원테크노파크,selected_candidate_missing,mixed_with_unknown,no_representative_amount,Gemini 검수 결과 대표금액 없음,,40000.0,최대 4억원,selected_candidate_missing,15,https://www.gwtp.or.kr/gwtp/bbsNew_view.php?bbs_data=aWR4PTMwMDkmc3RhcnRQYWdlPSZsaXN0Tm89JnRhYmxlPWNzX2Jic19kYXRhX25ldyZjb2RlPXN1YjAxYiZzZWFyY2hfaXRlbT0mc2VhcmNoX29yZGVyPSZ1cmw9c3ViMDFiJmtleXZhbHVlPXN1YjAxJmJic19tYWxuYW1lPQ==||
TECHNOPARK:955,(예산) 2026 시군구연고산업육성사업 2차 공고 (수정공고),충남테크노파크,selected_candidate_missing,mixed_with_unknown,no_representative_amount,Gemini 검수 결과 대표금액 없음,,15427.0,최대 1.5억원,selected_candidate_missing,11,https://www.ctp.or.kr/business/datadetail.do?seq=2709247
TECHNOPARK:977,「AI 솔루션 기술개발」참여기업 추가 모집공고,충남테크노파크,selected_candidate_missing,mixed_non_representative,exclude_or_policy_decision,대표금액 제외 타입이 혼합되어 정책 판단이 필요합니다.,,5000.0,"최대 5,000만원",selected_candidate_missing,2,https://www.ctp.or.kr/business/datadetail.do?seq=2709266
KOSMES:6107069,2026년 숙련기능인력 E-7-4 전환추천 모집공고(제2026-52호),중소벤처기업진흥공단,candidate_missing,no_amount_found_in_source,manual_or_ocr_review,원문에서 금액 후보가 없어 표/OCR/첨부 품질 확인 필요,,,,candidate_missing,0,https://www.kosmes.or.kr/nsh/SH/NTS/SHNTS001F0.do?seqNo=6107069&tabPage=01
PBLN_000000000117557,[충북] 충주시 2026년 기술평가 인증 수수료 지원사업 공고,충청북도,candidate_missing,no_amount_found_in_source,manual_or_ocr_review,원문에서 금액 후보가 없어 표/OCR/첨부 품질 확인 필요,,,최대 98% 지원,candidate_missing,0,https://www.bizinfo.go.kr/sii/siia/selectSIIA200Detail.do?pblancId=PBLN_000000000117557
PBLN_000000000117668,[인천] 2026년 기술거래촉진네트워크사업(인천기술전환플랫폼) 기술이전 및 기술수요조사서 신청 공고,인천광역시,candidate_missing,no_amount_found_in_source,manual_or_ocr_review,원문에서 금액 후보가 없어 표/OCR/첨부 품질 확인 필요,,,지원금 확인 필요,candidate_missing,0,https://www.bizinfo.go.kr/sii/siia/selectSIIA200Detail.do?pblancId=PBLN_000000000117668
PBLN_000000000117774,[서울] 가죽ㆍ패션산업 소공인 장비 임대지원사업 공고,서울특별시,candidate_missing,no_amount_found_in_source,manual_or_ocr_review,원문에서 금액 후보가 없어 표/OCR/첨부 품질 확인 필요,,,지원금 확인 필요,candidate_missing,0,https://www.bizinfo.go.kr/sii/siia/selectSIIA200Detail.do?pblancId=PBLN_000000000117774
PBLN_000000000118037,2026년 기업인력애로센터 활용 취업지원 사업 구인기업 및 구직자 모집 공고,중소벤처기업부,candidate_missing,no_amount_found_in_source,manual_or_ocr_review,원문에서 금액 후보가 없어 표/OCR/첨부 품질 확인 필요,,,지원금 확인 필요,candidate_missing,0,https://www.bizinfo.go.kr/sii/siia/selectSIIA200Detail.do?pblancId=PBLN_000000000118037
PBLN_000000000118213,[경기] 2026년 가구디자인창작공간운영사업 경기가구창작스튜디오 공동장비 활용 지원 참여기업 모집 공고,경기도,candidate_missing,no_amount_found_in_source,manual_or_ocr_review,원문에서 금액 후보가 없어 표/OCR/첨부 품질 확인 필요,,,최대 84% 지원,candidate_missing,0,https://www.bizinfo.go.kr/sii/siia/selectSIIA200Detail.do?pblancId=PBLN_000000000118213
PBLN_000000000119064,2026년 자동차용 반도체 기능안전ㆍ신뢰성 산업혁신기반구축사업 기업지원 모집 공고,산업통상부,candidate_missing,no_amount_found_in_source,manual_or_ocr_review,원문에서 금액 후보가 없어 표/OCR/첨부 품질 확인 필요,,,지원금 확인 필요,candidate_missing,0,https://www.bizinfo.go.kr/sii/siia/selectSIIA200Detail.do?pblancId=PBLN_000000000119064
PBLN_000000000119124,2026년 의료기기 분야 기술지도 지원사업 공고(메카노바이오활성소재 혁신의료기기 실증 기반구축),전북특별자치도,candidate_missing,no_amount_found_in_source,manual_or_ocr_review,원문에서 금액 후보가 없어 표/OCR/첨부 품질 확인 필요,,500.0,,candidate_missing,0,https://www.bizinfo.go.kr/sii/siia/selectSIIA200Detail.do?pblancId=PBLN_000000000119124
PBLN_000000000119234,2026년 안전관리 우수연구실 인증제 시행 공고,과학기술정보통신부,candidate_missing,no_amount_found_in_source,manual_or_ocr_review,원문에서 금액 후보가 없어 표/OCR/첨부 품질 확인 필요,,,지원금 확인 필요,candidate_missing,0,https://www.bizinfo.go.kr/sii/siia/selectSIIA200Detail.do?pblancId=PBLN_000000000119234
PBLN_000000000119235,[부산] 2026년 AI실증지원센터 고성능 컴퓨터(HPC) 이용 지원사업 모집 공고,부산광역시,candidate_missing,no_amount_found_in_source,manual_or_ocr_review,원문에서 금액 후보가 없어 표/OCR/첨부 품질 확인 필요,,,최대 97% 지원,candidate_missing,0,https://www.bizinfo.go.kr/sii/siia/selectSIIA200Detail.do?pblancId=PBLN_000000000119235
PBLN_000000000119272,2026년 유니버설디자인리빙랩 제품 사용성조사 장비 공동활용 지원안내 공고 ,인천광역시,candidate_missing,no_amount_found_in_source,manual_or_ocr_review,원문에서 금액 후보가 없어 표/OCR/첨부 품질 확인 필요,,,지원금 확인 필요,candidate_missing,0,https://www.bizinfo.go.kr/sii/siia/selectSIIA200Detail.do?pblancId=PBLN_000000000119272
PBLN_000000000119584,2026년 광주테크노파크 공동활용 연구시설ㆍ장비 사용 안내 공고,전남광주통합특별시,candidate_missing,no_amount_found_in_source,manual_or_ocr_review,원문에서 금액 후보가 없어 표/OCR/첨부 품질 확인 필요,,,지원금 확인 필요,candidate_missing,0,https://www.bizinfo.go.kr/sii/siia/selectSIIA200Detail.do?pblancId=PBLN_000000000119584
PBLN_000000000119762,2026년 일터혁신 상생컨설팅 지원사업 기업 모집 공고,고용노동부,candidate_missing,likely_non_cash_no_amount,recommend_only_or_exclude,교육/컨설팅성 공고로 대표 현금지원금이 없을 가능성,,,지원금 확인 필요,candidate_missing,0,https://www.bizinfo.go.kr/sii/siia/selectSIIA200Detail.do?pblancId=PBLN_000000000119762
PBLN_000000000120113,중소기업 전파 공동엔지니어링랩 운영지원 사업 공고,과학기술정보통신부,candidate_missing,no_amount_found_in_source,manual_or_ocr_review,원문에서 금액 후보가 없어 표/OCR/첨부 품질 확인 필요,,,최대 98% 지원,candidate_missing,0,https://www.bizinfo.go.kr/sii/siia/selectSIIA200Detail.do?pblancId=PBLN_000000000120113
PBLN_000000000120215,2026년 산업ㆍ일자리전환 컨설팅 참여기업 모집 공고,고용노동부,candidate_missing,likely_non_cash_no_amount,recommend_only_or_exclude,교육/컨설팅성 공고로 대표 현금지원금이 없을 가능성,,,지원금 확인 필요,candidate_missing,0,https://www.bizinfo.go.kr/sii/siia/selectSIIA200Detail.do?pblancId=PBLN_000000000120215
PBLN_000000000120516,[부산] 2026년 지산학 브랜치 기업 현장솔루션 랩(lab) 참여 기업 모집 공고,부산광역시,candidate_missing,no_amount_found_in_source,manual_or_ocr_review,원문에서 금액 후보가 없어 표/OCR/첨부 품질 확인 필요,,,지원금 확인 필요,candidate_missing,0,https://www.bizinfo.go.kr/sii/siia/selectSIIA200Detail.do?pblancId=PBLN_000000000120516
PBLN_000000000120588,해양플랜트산업지원센터 보유 시험장비ㆍ교육시설 활용 지원사업 공고,해양수산부,candidate_missing,likely_non_cash_no_amount,recommend_only_or_exclude,교육/컨설팅성 공고로 대표 현금지원금이 없을 가능성,,,지원금 확인 필요,candidate_missing,0,https://www.bizinfo.go.kr/sii/siia/selectSIIA200Detail.do?pblancId=PBLN_000000000120588
PBLN_000000000120591,조선ㆍ해양 배관 및 시운전 장비 공동활용 지원 사업 모집 공고(선박해양플랜트연구소 해양플랜트산업지원센터 구축 장비 공동 활용 사업),해양수산부,candidate_missing,no_amount_found_in_source,manual_or_ocr_review,원문에서 금액 후보가 없어 표/OCR/첨부 품질 확인 필요,,,지원금 확인 필요,candidate_missing,0,https://www.bizinfo.go.kr/sii/siia/selectSIIA200Detail.do?pblancId=PBLN_000000000120591
PBLN_000000000120679,[인천] 2026년 시제품제작 장비 (3D 프린팅) 공동활용 지원 공고,인천광역시,candidate_missing,no_amount_found_in_source,manual_or_ocr_review,원문에서 금액 후보가 없어 표/OCR/첨부 품질 확인 필요,,,지원금 확인 필요,candidate_missing,0,https://www.bizinfo.go.kr/sii/siia/selectSIIA200Detail.do?pblancId=PBLN_000000000120679
PBLN_000000000120694,[충북] 2026년 수출기업 해외규격인증 취득 지원사업 참여기업 모집 공고,충청북도,candidate_missing,no_amount_found_in_source,manual_or_ocr_review,원문에서 금액 후보가 없어 표/OCR/첨부 품질 확인 필요,,,지원금 확인 필요,candidate_missing,0,https://www.bizinfo.go.kr/sii/siia/selectSIIA200Detail.do?pblancId=PBLN_000000000120694
PBLN_000000000120871,[경북] 2026년 초거대 AI 기술 컨설팅 신규 대상기업 모집 공고(초거대 AI 클라우드 팜 실증 및 확산 환경 조성사업),경상북도,candidate_missing,likely_non_cash_no_amount,recommend_only_or_exclude,교육/컨설팅성 공고로 대표 현금지원금이 없을 가능성,,,지원금 확인 필요,candidate_missing,0,https://www.bizinfo.go.kr/sii/siia/selectSIIA200Detail.do?pblancId=PBLN_000000000120871
PBLN_000000000121025,2026년 해양플랜트 서비스산업 엔지니어링 기술 지원 공고(해양플랜트 서비스산업 장비 공동활용 및 인력양성 사업),해양수산부,candidate_missing,no_amount_found_in_source,manual_or_ocr_review,원문에서 금액 후보가 없어 표/OCR/첨부 품질 확인 필요,,,최대 97% 지원,candidate_missing,0,https://www.bizinfo.go.kr/sii/siia/selectSIIA200Detail.do?pblancId=PBLN_000000000121025
PBLN_000000000121098,2026년 전동화 전력반도체 일괄공정 테스트베드 구축 기업지원 모집 공고,부산광역시,candidate_missing,no_amount_found_in_source,manual_or_ocr_review,원문에서 금액 후보가 없어 표/OCR/첨부 품질 확인 필요,,,최대 97% 지원,candidate_missing,0,https://www.bizinfo.go.kr/sii/siia/selectSIIA200Detail.do?pblancId=PBLN_000000000121098
PBLN_000000000121617,2026년 조달청 우수제품 지정계획 변경 공고,조달청,candidate_missing,no_amount_found_in_source,manual_or_ocr_review,원문에서 금액 후보가 없어 표/OCR/첨부 품질 확인 필요,,,지원금 확인 필요,candidate_missing,0,https://www.bizinfo.go.kr/sii/siia/selectSIIA200Detail.do?pblancId=PBLN_000000000121617
PBLN_000000000121697,[경북] 2026년 중대재해 예방 사각지대 해소 지원사업 참여기업 모집 공고,경상북도,candidate_missing,no_amount_found_in_source,manual_or_ocr_review,원문에서 금액 후보가 없어 표/OCR/첨부 품질 확인 필요,,,지원금 확인 필요,candidate_missing,0,https://www.bizinfo.go.kr/sii/siia/selectSIIA200Detail.do?pblancId=PBLN_000000000121697
PBLN_000000000121868,2026년 생활화학제품 안전관리 컨설팅 지원사업 참여기업 모집 공고,기후에너지환경부,candidate_missing,likely_non_cash_no_amount,recommend_only_or_exclude,교육/컨설팅성 공고로 대표 현금지원금이 없을 가능성,,,지원금 확인 필요,candidate_missing,0,https://www.bizinfo.go.kr/sii/siia/selectSIIA200Detail.do?pblancId=PBLN_000000000121868
PBLN_000000000122309,2026년 바이오 의료기기 해외 진출 지원 제로트러스트 기반구축사업 참여기업 상시 지원 모집 공고,산업통상부,candidate_missing,no_amount_found_in_source,manual_or_ocr_review,원문에서 금액 후보가 없어 표/OCR/첨부 품질 확인 필요,,,지원금 확인 필요,candidate_missing,0,https://www.bizinfo.go.kr/sii/siia/selectSIIA200Detail.do?pblancId=PBLN_000000000122309
PBLN_000000000122357,[충북] 2026년 중소기업 경영애로 전문가 컨설팅서비스 참여기업 모집 공고,충청북도,candidate_missing,likely_non_cash_no_amount,recommend_only_or_exclude,교육/컨설팅성 공고로 대표 현금지원금이 없을 가능성,,,지원금 확인 필요,candidate_missing,0,https://www.bizinfo.go.kr/sii/siia/selectSIIA200Detail.do?pblancId=PBLN_000000000122357
PBLN_000000000122371,[경기] 제조데이터 기반 디지털전환 실증 참여기업 모집 공고,산업통상부,candidate_missing,no_amount_found_in_source,manual_or_ocr_review,원문에서 금액 후보가 없어 표/OCR/첨부 품질 확인 필요,,,지원금 확인 필요,candidate_missing,0,https://www.bizinfo.go.kr/sii/siia/selectSIIA200Detail.do?pblancId=PBLN_000000000122371
PBLN_000000000122526,[경북] 2026년 중대재해 예방 사각지대 해소 지원사업 참여기업 모집 변경 공고,경상북도,candidate_missing,no_amount_found_in_source,manual_or_ocr_review,원문에서 금액 후보가 없어 표/OCR/첨부 품질 확인 필요,,,지원금 확인 필요,candidate_missing,0,https://www.bizinfo.go.kr/sii/siia/selectSIIA200Detail.do?pblancId=PBLN_000000000122526
PBLN_000000000122589,2026년 제조산업 공정작업용 로봇 엔드이펙터 실증 기반 구축 사업 지원 기업 모집 공고,산업통상부,candidate_missing,no_amount_found_in_source,manual_or_ocr_review,원문에서 금액 후보가 없어 표/OCR/첨부 품질 확인 필요,,1148.0,최대 30% 지원,candidate_missing,0,https://www.bizinfo.go.kr/sii/siia/selectSIIA200Detail.do?pblancId=PBLN_000000000122589
PBLN_000000000122627,[서울] 2026년 2차 서울형 R&D 지원사업 테스트베드서울 통합 공고,서울특별시,candidate_missing,no_amount_found_in_source,manual_or_ocr_review,원문에서 금액 후보가 없어 표/OCR/첨부 품질 확인 필요,,20000.0,지원금 확인 필요,candidate_missing,0,https://www.bizinfo.go.kr/sii/siia/selectSIIA200Detail.do?pblancId=PBLN_000000000122627
PBLN_000000000122650,[충북] 2026년 연구개발장비 공동활용 기업애로상담 프로그램 수요기업 모집 공고,충청북도,candidate_missing,likely_non_cash_no_amount,recommend_only_or_exclude,교육/컨설팅성 공고로 대표 현금지원금이 없을 가능성,,,최대 98% 지원,candidate_missing,0,https://www.bizinfo.go.kr/sii/siia/selectSIIA200Detail.do?pblancId=PBLN_000000000122650
PBLN_000000000122670,2026년 산업통상부-공공기관 기술나눔 공고,산업통상부,candidate_missing,no_amount_found_in_source,manual_or_ocr_review,원문에서 금액 후보가 없어 표/OCR/첨부 품질 확인 필요,,,,candidate_missing,0,https://www.bizinfo.go.kr/sii/siia/selectSIIA200Detail.do?pblancId=PBLN_000000000122670
PBLN_000000000122863,[경북] 2026년 제조업AI융합기반조성사업 경북AX랩 활용기업 모집 공고,경상북도,candidate_missing,no_amount_found_in_source,manual_or_ocr_review,원문에서 금액 후보가 없어 표/OCR/첨부 품질 확인 필요,,,지원금 확인 필요,candidate_missing,0,https://www.bizinfo.go.kr/sii/siia/selectSIIA200Detail.do?pblancId=PBLN_000000000122863
PBLN_000000000123038,2026년 대구 미래신산업 유망벤처ㆍ고성장기업 육성사업 글로벌 비상(飛上) 프로젝트 참여기업 모집 공고,대구광역시,candidate_missing,no_amount_found_in_source,manual_or_ocr_review,원문에서 금액 후보가 없어 표/OCR/첨부 품질 확인 필요,,,지원금 확인 필요,candidate_missing,0,https://www.bizinfo.go.kr/sii/siia/selectSIIA200Detail.do?pblancId=PBLN_000000000123038
PBLN_000000000123203,AI기반 Age-Tech 산업 중심의 디지털의료제품 지원 바이오데이터 및 알고리즘 실증 기술서비스 모집 상시 공고(산업혁신기반구축ㆍ2차년도),산업통상부,candidate_missing,no_amount_found_in_source,manual_or_ocr_review,원문에서 금액 후보가 없어 표/OCR/첨부 품질 확인 필요,,,지원금 확인 필요,candidate_missing,0,https://www.bizinfo.go.kr/sii/siia/selectSIIA200Detail.do?pblancId=PBLN_000000000123203
PBLN_000000000123222,2026년 2차 섬유산업 지능형 마이크로팩토리 제조 플랫폼 실증기반 구축사업 I-Tube 기술지원 서비스 참여기업 모집 공고,산업통상부,candidate_missing,no_amount_found_in_source,manual_or_ocr_review,원문에서 금액 후보가 없어 표/OCR/첨부 품질 확인 필요,,,지원금 확인 필요,candidate_missing,0,https://www.bizinfo.go.kr/sii/siia/selectSIIA200Detail.do?pblancId=PBLN_000000000123222
PBLN_000000000123225,[전북] 2026년 5차 ILP 서비스 기술연결 수요기업 모집 공고,전북특별자치도,candidate_missing,no_amount_found_in_source,manual_or_ocr_review,원문에서 금액 후보가 없어 표/OCR/첨부 품질 확인 필요,,,최대 91% 지원,candidate_missing,0,https://www.bizinfo.go.kr/sii/siia/selectSIIA200Detail.do?pblancId=PBLN_000000000123225
PBLN_000000000123296,2026년 2차 기후에너지환경부 혁신제품 지정기간 연장(2차 연장) 공고,기후에너지환경부,candidate_missing,no_amount_found_in_source,manual_or_ocr_review,원문에서 금액 후보가 없어 표/OCR/첨부 품질 확인 필요,,,지원금 확인 필요,candidate_missing,0,https://www.bizinfo.go.kr/sii/siia/selectSIIA200Detail.do?pblancId=PBLN_000000000123296
PBLN_000000000123335,2026년 차세대 특화망 사전검증(PoC) 지원사업 수요기업 모집 공고,과학기술정보통신부,candidate_missing,no_amount_found_in_source,manual_or_ocr_review,원문에서 금액 후보가 없어 표/OCR/첨부 품질 확인 필요,,,지원금 확인 필요,candidate_missing,0,https://www.bizinfo.go.kr/sii/siia/selectSIIA200Detail.do?pblancId=PBLN_000000000123335
PBLN_000000000123346,[경북] 포항시 중소ㆍ벤처기업 기술지원(벤처지원단) 사업 참여기업 모집 공고,경상북도,candidate_missing,no_amount_found_in_source,manual_or_ocr_review,원문에서 금액 후보가 없어 표/OCR/첨부 품질 확인 필요,,,최대 88% 지원,candidate_missing,0,https://www.bizinfo.go.kr/sii/siia/selectSIIA200Detail.do?pblancId=PBLN_000000000123346
PBLN_000000000123361,2026년 청정공정 확산사업 참여기업 모집 공고,산업통상부,candidate_missing,no_amount_found_in_source,manual_or_ocr_review,원문에서 금액 후보가 없어 표/OCR/첨부 품질 확인 필요,,,지원금 확인 필요,candidate_missing,0,https://www.bizinfo.go.kr/sii/siia/selectSIIA200Detail.do?pblancId=PBLN_000000000123361
PBLN_000000000123397,[충북] 2026년 중소기업 산업보안 진단 컨설팅 모집 공고(산업기술단지 거점기능강화사업),중소벤처기업부,candidate_missing,likely_non_cash_no_amount,recommend_only_or_exclude,교육/컨설팅성 공고로 대표 현금지원금이 없을 가능성,,,지원금 확인 필요,candidate_missing,0,https://www.bizinfo.go.kr/sii/siia/selectSIIA200Detail.do?pblancId=PBLN_000000000123397
PBLN_000000000123668,2026년 이차전지 소재부품 기업대상 기술개발 패키지 지원프로그램 참여기업 모집 공고,경상북도,candidate_missing,no_amount_found_in_source,manual_or_ocr_review,원문에서 금액 후보가 없어 표/OCR/첨부 품질 확인 필요,,,최대 97% 지원,candidate_missing,0,https://www.bizinfo.go.kr/sii/siia/selectSIIA200Detail.do?pblancId=PBLN_000000000123668
PBLN_000000000123719,2026년 3차 품질보증조달물품 지정계획 공고,조달청,candidate_missing,no_amount_found_in_source,manual_or_ocr_review,원문에서 금액 후보가 없어 표/OCR/첨부 품질 확인 필요,,,지원금 확인 필요,candidate_missing,0,https://www.bizinfo.go.kr/sii/siia/selectSIIA200Detail.do?pblancId=PBLN_000000000123719
SMARTFACTORY:2026-N-0077:1,[대구] AI솔루션 실증 지원(단일 실증),스마트공장 사업관리시스템,candidate_missing,no_amount_found_in_source,manual_or_ocr_review,원문에서 금액 후보가 없어 표/OCR/첨부 품질 확인 필요,,,지원금 확인 필요,candidate_missing,0,https://www.smart-factory.kr/usr/bg/ba/ma/bsnsPbancDtl?pbancId=2026-N-0077&pbancSn=1
TECHNOPARK:1558,2026 패패부산(부산국제신발섬유패션전시회) 참가기업 모집공고,부산테크노파크,candidate_missing,no_amount_found_in_source,manual_or_ocr_review,원문에서 금액 후보가 없어 표/OCR/첨부 품질 확인 필요,,,,candidate_missing,0,https://www.btp.or.kr/kor/CMS/Board/Board.do?mCode=MN013&mode=view&mgr_seq=16&board_seq=9582070
TECHNOPARK:1559,2026년 부산 연구개발장비 공동활용 지원사업 모집 공고(2차),부산테크노파크,candidate_missing,no_amount_found_in_source,manual_or_ocr_review,원문에서 금액 후보가 없어 표/OCR/첨부 품질 확인 필요,,,,candidate_missing,0,https://www.btp.or.kr/kor/CMS/Board/Board.do?mCode=MN013&mode=view&mgr_seq=16&board_seq=9582071
TECHNOPARK:1749,「2026년 지역특화 제조데이터 활성화 사업」AI솔루션 실증 참여기업 모집 2차 공고,대구테크노파크,candidate_missing,source_fetch_issue,retry_or_manual_source,원문 조회 실패/빈 본문이라 재조회 또는 수동 원문 확인 필요,,,지원금 확인 필요,source_fetch_failed | candidate_missing,0,https://dgtp.or.kr/bbs/BoardControllView.do?bbsId=BBSMSTR_000000000003&nttId=15579
TECHNOPARK:1868,『고성능 전기차용 전동화시스템 성능평가 기반구축』 2026년도 기업지원 통합 모집 공고,충남테크노파크,candidate_missing,no_amount_found_in_source,manual_or_ocr_review,원문에서 금액 후보가 없어 표/OCR/첨부 품질 확인 필요,,2000.0,"건당 최대 20,000천원",candidate_missing,0,https://www.ctp.or.kr/business/datadetail.do?seq=2709315
TECHNOPARK:539,전북AX랩 활용 희망기업 모집 상시공고,전북테크노파크,candidate_missing,no_amount_found_in_source,manual_or_ocr_review,원문에서 금액 후보가 없어 표/OCR/첨부 품질 확인 필요,,,지원금 확인 필요,candidate_missing,0,https://www.jbtp.or.kr/board/view.jbtp?menuCd=DOM_000000102001000000&boardId=BBS_0000006&dataSid=20151
TECHNOPARK:694,정보보호 기업 육성을 위한 지원사업 참여기업 추가모집(창업·벤처 기업),경남테크노파크,candidate_missing,source_fetch_issue,retry_or_manual_source,원문 조회 실패/빈 본문이라 재조회 또는 수동 원문 확인 필요,,1000.0,"최대 1,000만원",source_fetched_empty | candidate_missing,0,http://www.gntp.or.kr/biz/applyInfo/3744
TECHNOPARK:946,「2026 제12회 한국 AI 신발디자인 공모전」후원사 모집,부산테크노파크,candidate_missing,no_amount_found_in_source,manual_or_ocr_review,원문에서 금액 후보가 없어 표/OCR/첨부 품질 확인 필요,,,지원금 확인 필요,candidate_missing,0,https://www.btp.or.kr/kor/CMS/Board/Board.do?mCode=MN013&mode=view&mgr_seq=16&board_seq=9581974
TECHNOPARK:964,[2026-047호] 2026년 디지털 콘텐츠 산업 규제개혁 어드바이저 참여기업 모집 공고,세종테크노파크,candidate_missing,no_amount_found_in_source,manual_or_ocr_review,원문에서 금액 후보가 없어 표/OCR/첨부 품질 확인 필요,,,,candidate_missing,0,https://www.sjtp.or.kr/bbs/board.php?bo_table=business01&wr_id=1972
PBLN_000000000117942,[경남] 창원시 2026년 지식재산진흥 지원사업 기업 모집 공고,경상남도,residual_risk_reason,subtract_without_limit_context,manual_review,한도/기업당 문맥 부족으로 보류 유지,,,지원금 확인 필요,subtract_without_limit_context,5,https://www.bizinfo.go.kr/sii/siia/selectSIIA200Detail.do?pblancId=PBLN_000000000117942
PBLN_000000000119212,[제주] 2026년 청정임산물 생산기반 지원사업 재공고,제주특별자치도,residual_risk_reason,subtract_without_limit_context,manual_review,한도/기업당 문맥 부족으로 보류 유지,,2161.0,"최대 2,161.8만원",subtract_without_limit_context,13,https://www.bizinfo.go.kr/sii/siia/selectSIIA200Detail.do?pblancId=PBLN_000000000119212
PBLN_000000000121191,2026년 산업 분야 온실가스 국제감축사업 공고,산업통상부,residual_risk_reason,subtract_without_limit_context,manual_review,한도/기업당 문맥 부족으로 보류 유지,,1000000.0,최대 100억원,subtract_without_limit_context,7,https://www.bizinfo.go.kr/sii/siia/selectSIIA200Detail.do?pblancId=PBLN_000000000121191
PBLN_000000000123662,[전북] 2026년 게임기업 컨설팅 지원사업 신청 게임기업(예비창업자) 모집 공고,전북특별자치도,residual_risk_reason,subtract_without_limit_context,manual_review,한도/기업당 문맥 부족으로 보류 유지,,60000.0,최대 6억원,subtract_without_limit_context,4,https://www.bizinfo.go.kr/sii/siia/selectSIIA200Detail.do?pblancId=PBLN_000000000123662
PBLN_000000000123720,[부산] 2026년 콘텐츠코리아 랩 미드폼 영상콘텐츠 제작지원 사업 모집 공고,부산광역시,residual_risk_reason,subtract_without_limit_context,manual_review,한도/기업당 문맥 부족으로 보류 유지,,5000.0,"최대 5,000만원",subtract_without_limit_context,12,https://www.bizinfo.go.kr/sii/siia/selectSIIA200Detail.do?pblancId=PBLN_000000000123720
PBLN_000000000118133,[경북] 2026년 화장품산업 경쟁력 강화사업(성분 분석ㆍ검증 시험인증) 모집공고,경상북도,safe_non_update_remainder,/recommend_only,no_payload_update,위험 사유는 없지만 통합 업데이트 payload 기준에는 포함되지 않은 잔여 건,,80.0,최대 80만원,clear_selected_candidate,3,https://www.bizinfo.go.kr/sii/siia/selectSIIA200Detail.do?pblancId=PBLN_000000000118133
PBLN_000000000118361,[경기] 부천시 2026년 유해물질 시험분석 수수료 지원 사업 참여 기업 모집 공고,경기도,safe_non_update_remainder,/recommend_only,no_payload_update,위험 사유는 없지만 통합 업데이트 payload 기준에는 포함되지 않은 잔여 건,,100.0,최대 100만원,clear_selected_candidate,2,https://www.bizinfo.go.kr/sii/siia/selectSIIA200Detail.do?pblancId=PBLN_000000000118361
PBLN_000000000118750,[경남] 진주시 2026년 중소기업 국내외 인증수수료 지원사업 공고,경상남도,safe_non_update_remainder,/recommend_only,no_payload_update,위험 사유는 없지만 통합 업데이트 payload 기준에는 포함되지 않은 잔여 건,,100.0,최대 100만원,clear_selected_candidate,7,https://www.bizinfo.go.kr/sii/siia/selectSIIA200Detail.do?pblancId=PBLN_000000000118750
PBLN_000000000119010,[인천] 2026년 연구장비 공동활용 지원사업 모집 공고,인천광역시,safe_non_update_remainder,/subtract,no_payload_update,위험 사유는 없지만 통합 업데이트 payload 기준에는 포함되지 않은 잔여 건,,300.0,,clear_selected_candidate,3,https://www.bizinfo.go.kr/sii/siia/selectSIIA200Detail.do?pblancId=PBLN_000000000119010
PBLN_000000000119126,2026년 물리ㆍ화학적 시험평가인증 지원사업 공고(메카노바이오활성소재 혁신의료기기 실증 기반구축),전북특별자치도,safe_non_update_remainder,/recommend_only,no_payload_update,위험 사유는 없지만 통합 업데이트 payload 기준에는 포함되지 않은 잔여 건,,400.0,,clear_selected_candidate,2,https://www.bizinfo.go.kr/sii/siia/selectSIIA200Detail.do?pblancId=PBLN_000000000119126
PBLN_000000000119181,[충북] 2026년 소부장 지원 전문가 스테이션 운영사업 기술애로 지원 모집 공고,충청북도,safe_non_update_remainder,/recommend_only,no_payload_update,위험 사유는 없지만 통합 업데이트 payload 기준에는 포함되지 않은 잔여 건,,100.0,최대 100만원,clear_selected_candidate,4,https://www.bizinfo.go.kr/sii/siia/selectSIIA200Detail.do?pblancId=PBLN_000000000119181
PBLN_000000000119201,2026년 중소기업 연구인력 현장맞춤형 양성지원 사업 시행계획 공고,중소벤처기업부,safe_non_update_remainder,/subtract,no_payload_update,위험 사유는 없지만 통합 업데이트 payload 기준에는 포함되지 않은 잔여 건,,1720.0,"최대 1,720만원",clear_selected_candidate,7,https://www.bizinfo.go.kr/sii/siia/selectSIIA200Detail.do?pblancId=PBLN_000000000119201
PBLN_000000000119733,[울산] 울주군 2026년 강소기업 육성 기술 혁신 지원사업 시행 공고,울산광역시,safe_non_update_remainder,/subtract,no_payload_update,위험 사유는 없지만 통합 업데이트 payload 기준에는 포함되지 않은 잔여 건,,1000.0,"최대 1,000만원",clear_selected_candidate,12,https://www.bizinfo.go.kr/sii/siia/selectSIIA200Detail.do?pblancId=PBLN_000000000119733
PBLN_000000000120134,[전남광주] 2026년 평동산업단지 중소기업 보증료 지원사업 공고,전남광주통합특별시,safe_non_update_remainder,/exclude,no_payload_update,위험 사유는 없지만 통합 업데이트 payload 기준에는 포함되지 않은 잔여 건,,100.0,최대 100만원,clear_selected_candidate,3,https://www.bizinfo.go.kr/sii/siia/selectSIIA200Detail.do?pblancId=PBLN_000000000120134
PBLN_000000000120135,[전남광주] 2026년 하남산업단지 중소기업 보증료 지원사업 공고,전남광주통합특별시,safe_non_update_remainder,/exclude,no_payload_update,위험 사유는 없지만 통합 업데이트 payload 기준에는 포함되지 않은 잔여 건,,100.0,최대 100만원,clear_selected_candidate,3,https://www.bizinfo.go.kr/sii/siia/selectSIIA200Detail.do?pblancId=PBLN_000000000120135
PBLN_000000000120468,[경기] 2026년 국내ㆍ외 우수 물기술 인ㆍ검증 지원사업 참여기업 모집 공고,경기도,safe_non_update_remainder,/recommend_only,no_payload_update,위험 사유는 없지만 통합 업데이트 payload 기준에는 포함되지 않은 잔여 건,,600.0,최대 600만원,clear_selected_candidate,13,https://www.bizinfo.go.kr/sii/siia/selectSIIA200Detail.do?pblancId=PBLN_000000000120468
PBLN_000000000121239,[전북] 2026년 산업체 애로기술 해결을 위한 기술자문 참여기업 모집 공고(지역지능화혁신인재양성사업),전북특별자치도,safe_non_update_remainder,/recommend_only,no_payload_update,위험 사유는 없지만 통합 업데이트 payload 기준에는 포함되지 않은 잔여 건,,20.0,최대 20만원,clear_selected_candidate,1,https://www.bizinfo.go.kr/sii/siia/selectSIIA200Detail.do?pblancId=PBLN_000000000121239
PBLN_000000000121411,[울산] 울주군 2026년 강소기업 육성 기술 혁신 지원사업 추가모집 공고,울산광역시,safe_non_update_remainder,/subtract,no_payload_update,위험 사유는 없지만 통합 업데이트 payload 기준에는 포함되지 않은 잔여 건,,1000.0,"최대 1,000만원",clear_selected_candidate,12,https://www.bizinfo.go.kr/sii/siia/selectSIIA200Detail.do?pblancId=PBLN_000000000121411
PBLN_000000000121426,[대구] 2026년 BIT융합캠퍼스(의료ㆍ헬스ㆍ바이오) 지원사업 기업 모집 공고,대구광역시,safe_non_update_remainder,/subtract,no_payload_update,위험 사유는 없지만 통합 업데이트 payload 기준에는 포함되지 않은 잔여 건,,7500.0,최대 100% 지원,clear_selected_candidate,12,https://www.bizinfo.go.kr/sii/siia/selectSIIA200Detail.do?pblancId=PBLN_000000000121426
PBLN_000000000121784,[경기] 2026년 로봇직업교육센터 취업 연계 지원사업 참여기업 모집 공고,경기도,safe_non_update_remainder,/subtract,no_payload_update,위험 사유는 없지만 통합 업데이트 payload 기준에는 포함되지 않은 잔여 건,,210.0,최대 210만원,clear_selected_candidate,5,https://www.bizinfo.go.kr/sii/siia/selectSIIA200Detail.do?pblancId=PBLN_000000000121784
PBLN_000000000121956,2026년 시흥시 (국비)금형 디지털전환 지원사업 기술지도 모집 공고,경기도,safe_non_update_remainder,/recommend_only,no_payload_update,위험 사유는 없지만 통합 업데이트 payload 기준에는 포함되지 않은 잔여 건,,200.0,최대 200만원,clear_selected_candidate,3,https://www.bizinfo.go.kr/sii/siia/selectSIIA200Detail.do?pblancId=PBLN_000000000121956
PBLN_000000000122268,2026년 2차 메카노바이오활성소재 혁신의료기기 실증 기반구축 생물학적 시험평가인증 지원사업 공고(산업혁신기반구축사업),산업통상부,safe_non_update_remainder,/recommend_only,no_payload_update,위험 사유는 없지만 통합 업데이트 payload 기준에는 포함되지 않은 잔여 건,,800.0,,clear_selected_candidate,4,https://www.bizinfo.go.kr/sii/siia/selectSIIA200Detail.do?pblancId=PBLN_000000000122268
PBLN_000000000123029,2026년 2차 차세대 재생에너지 표준화 및 인증고도화 혁신지원 사업 대상과제 공고,기후에너지환경부,safe_non_update_remainder,/recommend_only,no_payload_update,위험 사유는 없지만 통합 업데이트 payload 기준에는 포함되지 않은 잔여 건,,30000.0,최대 3억원,clear_selected_candidate,3,https://www.bizinfo.go.kr/sii/siia/selectSIIA200Detail.do?pblancId=PBLN_000000000123029
PBLN_000000000123284,2026년 고용노동부(안전보건공단) 연계 스마트 안전장비지원 품목 등록 시행계획 공고,과학기술정보통신부,safe_non_update_remainder,/subtract,no_payload_update,위험 사유는 없지만 통합 업데이트 payload 기준에는 포함되지 않은 잔여 건,,3000.0,"최대 3,000만원",clear_selected_candidate,2,https://www.bizinfo.go.kr/sii/siia/selectSIIA200Detail.do?pblancId=PBLN_000000000123284
PBLN_000000000123299,2026년 수요맞춤형 전기구동 경형 PBV 개발 지원기반 구축사업 기업지원 프로그램(기술자문) 추가 모집 공고,강원특별자치도,safe_non_update_remainder,/recommend_only,no_payload_update,위험 사유는 없지만 통합 업데이트 payload 기준에는 포함되지 않은 잔여 건,,300.0,최대 300만원,clear_selected_candidate,2,https://www.bizinfo.go.kr/sii/siia/selectSIIA200Detail.do?pblancId=PBLN_000000000123299
PBLN_000000000123377,[전남] 첨단로봇ㆍAI 활용 중소기업 제조혁신 사업 기업지원(기획 컨설팅) 모집 공고,전라남도,safe_non_update_remainder,/subtract,no_payload_update,위험 사유는 없지만 통합 업데이트 payload 기준에는 포함되지 않은 잔여 건,,400.0,최대 400만원,clear_selected_candidate,9,https://www.bizinfo.go.kr/sii/siia/selectSIIA200Detail.do?pblancId=PBLN_000000000123377
PBLN_000000000123381,[강원] 2026년 2차 지역주력산업육성(지역특화 프로젝트 레전드 50+) 지원모집 공고(강원 2.0 퀀텀점프),중소벤처기업부,safe_non_update_remainder,/subtract,no_payload_update,위험 사유는 없지만 통합 업데이트 payload 기준에는 포함되지 않은 잔여 건,,,지원금 확인 필요,clear_selected_candidate,12,https://www.bizinfo.go.kr/sii/siia/selectSIIA200Detail.do?pblancId=PBLN_000000000123381
PBLN_000000000123398,[경북] 2026년 4차산업혁명 핵심기술개발사업(혁신기술R&D) 지원사업 공고,경상북도,safe_non_update_remainder,/subtract,no_payload_update,위험 사유는 없지만 통합 업데이트 payload 기준에는 포함되지 않은 잔여 건,,,최대 10% 지원,clear_selected_candidate,5,https://www.bizinfo.go.kr/sii/siia/selectSIIA200Detail.do?pblancId=PBLN_000000000123398
PBLN_000000000123433,2026년 K-바이오헬스 지역ㆍ전략센터 연계ㆍ협력 지원사업 참여기업 모집 공고,충청북도,safe_non_update_remainder,/recommend_only,no_payload_update,위험 사유는 없지만 통합 업데이트 payload 기준에는 포함되지 않은 잔여 건,,,지원금 확인 필요,clear_selected_candidate,3,https://www.bizinfo.go.kr/sii/siia/selectSIIA200Detail.do?pblancId=PBLN_000000000123433
PBLN_000000000123447,[전북] 2026년 특화역량 BI 지원사업 AI-R&D 부스팅 프로그램 참여기업 모집 공고,중소벤처기업부,safe_non_update_remainder,/subtract,no_payload_update,위험 사유는 없지만 통합 업데이트 payload 기준에는 포함되지 않은 잔여 건,,,지원금 확인 필요,clear_selected_candidate,4,https://www.bizinfo.go.kr/sii/siia/selectSIIA200Detail.do?pblancId=PBLN_000000000123447
PBLN_000000000123504,[서남권] 2026년 2차 지역혁신클러스터육성(비R&D) 기업지원사업 모집 공고,전남광주통합특별시,safe_non_update_remainder,/subtract,no_payload_update,위험 사유는 없지만 통합 업데이트 payload 기준에는 포함되지 않은 잔여 건,,,지원금 확인 필요,clear_selected_candidate,27,https://www.bizinfo.go.kr/sii/siia/selectSIIA200Detail.do?pblancId=PBLN_000000000123504
PBLN_000000000123542,[충남] 2026년 미래차전환 종합지원사업 기업지원(R&D) 프로그램 모집 공고,충청남도,safe_non_update_remainder,/exclude,no_payload_update,위험 사유는 없지만 통합 업데이트 payload 기준에는 포함되지 않은 잔여 건,,10000.0,최대 1억원,clear_selected_candidate,11,https://www.bizinfo.go.kr/sii/siia/selectSIIA200Detail.do?pblancId=PBLN_000000000123542
PBLN_000000000123593,[비수도권] 2026년 3차 지능형 반도체 시험분석ㆍ성능검증 지원 지원기업 모집 공고,산업통상부,safe_non_update_remainder,/recommend_only,no_payload_update,위험 사유는 없지만 통합 업데이트 payload 기준에는 포함되지 않은 잔여 건,,1000.0,"최대 1,000만원",clear_selected_candidate,13,https://www.bizinfo.go.kr/sii/siia/selectSIIA200Detail.do?pblancId=PBLN_000000000123593
PBLN_000000000123689,지능형 헬스케어제품 기반 실증ㆍ사업화 지원사업 기업지원 기술지원 추가 공고,산업통상부,safe_non_update_remainder,/recommend_only,no_payload_update,위험 사유는 없지만 통합 업데이트 payload 기준에는 포함되지 않은 잔여 건,,1000.0,"최대 1,000만원",clear_selected_candidate,8,https://www.bizinfo.go.kr/sii/siia/selectSIIA200Detail.do?pblancId=PBLN_000000000123689
PBLN_000000000123739,2026년 4차 무기체계 부품국산화개발 지원사업 (상생협력부품국산화) 과제ㆍ연구개발기관 모집 공고,방위사업청,safe_non_update_remainder,/recommend_only,no_payload_update,위험 사유는 없지만 통합 업데이트 payload 기준에는 포함되지 않은 잔여 건,,1000000.0,최대 100억원,clear_selected_candidate,3,https://www.bizinfo.go.kr/sii/siia/selectSIIA200Detail.do?pblancId=PBLN_000000000123739
PBLN_000000000123745,2026년 4차 예술산업보증 7월 공고,문화체육관광부,safe_non_update_remainder,/exclude,no_payload_update,위험 사유는 없지만 통합 업데이트 payload 기준에는 포함되지 않은 잔여 건,,100000.0,최대 10억원,clear_selected_candidate,5,https://www.bizinfo.go.kr/sii/siia/selectSIIA200Detail.do?pblancId=PBLN_000000000123745
PBLN_000000000123766,[충북] 2026년 스마트공장 구축 자부담금 지원사업 수혜기업 모집 공고,충청북도,safe_non_update_remainder,/subtract,no_payload_update,위험 사유는 없지만 통합 업데이트 payload 기준에는 포함되지 않은 잔여 건,,,최대 15% 지원,clear_selected_candidate,5,https://www.bizinfo.go.kr/sii/siia/selectSIIA200Detail.do?pblancId=PBLN_000000000123766
PBLN_000000000123767,2026년 바이오소재(항원ㆍ항체) 개발지원사업 공고(중소형 CDMO육성 항원 항체소재 뱅크 구축 사업),산업통상부,safe_non_update_remainder,/recommend_only,no_payload_update,위험 사유는 없지만 통합 업데이트 payload 기준에는 포함되지 않은 잔여 건,,10000.0,최대 1억원,clear_selected_candidate,2,https://www.bizinfo.go.kr/sii/siia/selectSIIA200Detail.do?pblancId=PBLN_000000000123767
SMARTFACTORY:2025-N-0210:1,2026년도 지역특화 프로젝트「레전드50+」연계 스마트공장 구축 지원사업 공고,스마트공장 사업관리시스템,safe_non_update_remainder,/subtract,no_payload_update,위험 사유는 없지만 통합 업데이트 payload 기준에는 포함되지 않은 잔여 건,,1000000.0,최대 100억원,clear_selected_candidate,44,https://www.smart-factory.kr/usr/bg/ba/ma/bsnsPbancDtl?pbancId=2025-N-0210&pbancSn=1
SMARTFACTORY:2026-N-0005:1,2026년 스마트공장 수준확인 사업 공고,스마트공장 사업관리시스템,safe_non_update_remainder,/exclude,no_payload_update,위험 사유는 없지만 통합 업데이트 payload 기준에는 포함되지 않은 잔여 건,,,최대 100% 지원,clear_selected_candidate,6,https://www.smart-factory.kr/usr/bg/ba/ma/bsnsPbancDtl?pbancId=2026-N-0005&pbancSn=1
SMARTFACTORY:2026-N-0090:1,2026년 경북형 스마트공장(기초단계) 구축지원 사업 2차모집_(신규구축),스마트공장 사업관리시스템,safe_non_update_remainder,/subtract,no_payload_update,위험 사유는 없지만 통합 업데이트 payload 기준에는 포함되지 않은 잔여 건,,6000.0,"최대 6,000만원",clear_selected_candidate,13,https://www.smart-factory.kr/usr/bg/ba/ma/bsnsPbancDtl?pbancId=2026-N-0090&pbancSn=1
SMARTFACTORY:2026-N-0090:3,2026년 경북형 스마트공장(기초단계) 구축지원 사업 2차모집_(동일수준),스마트공장 사업관리시스템,safe_non_update_remainder,/subtract,no_payload_update,위험 사유는 없지만 통합 업데이트 payload 기준에는 포함되지 않은 잔여 건,,6000.0,"최대 6,000만원",clear_selected_candidate,13,https://www.smart-factory.kr/usr/bg/ba/ma/bsnsPbancDtl?pbancId=2026-N-0090&pbancSn=3
SMARTFACTORY:2026-N-0121:1,2026년「푸드테크 스마트 제조 기반 구축」사업 공고(기초)_4차 재공고,스마트공장 사업관리시스템,safe_non_update_remainder,/subtract,no_payload_update,위험 사유는 없지만 통합 업데이트 payload 기준에는 포함되지 않은 잔여 건,,,지원금 확인 필요,clear_selected_candidate,11,https://www.smart-factory.kr/usr/bg/ba/ma/bsnsPbancDtl?pbancId=2026-N-0121&pbancSn=1
TECHNOPARK:1343,2026년 충남 디스플레이 특화단지 R&D 컨설팅 지원 수혜기업 모집,충남테크노파크,safe_non_update_remainder,/subtract,no_payload_update,위험 사유는 없지만 통합 업데이트 payload 기준에는 포함되지 않은 잔여 건,,,,clear_selected_candidate,2,https://www.ctp.or.kr/business/datadetail.do?seq=2709286
TECHNOPARK:1348,(2026-127호) 2026년 강원지역연구장비 서비스 활성화 지원사업 참여기관 모집 공고,강원테크노파크,safe_non_update_remainder,/subtract,no_payload_update,위험 사유는 없지만 통합 업데이트 payload 기준에는 포함되지 않은 잔여 건,,1000.0,"기관별 최대 10,000천원 이내",clear_selected_candidate,4,https://www.gwtp.or.kr/gwtp/bbsNew_view.php?bbs_data=aWR4PTMxNTMmc3RhcnRQYWdlPSZsaXN0Tm89JnRhYmxlPWNzX2Jic19kYXRhX25ldyZjb2RlPXN1YjAxYiZzZWFyY2hfaXRlbT0mc2VhcmNoX29yZGVyPSZ1cmw9c3ViMDFiJmtleXZhbHVlPXN1YjAxJmJic19tYWxuYW1lPQ==||
TECHNOPARK:1439,「2026년 미래차전환 종합지원사업」 기업지원(R&D) 프로그램 모집 공고,충남테크노파크,safe_non_update_remainder,/exclude,no_payload_update,위험 사유는 없지만 통합 업데이트 payload 기준에는 포함되지 않은 잔여 건,,,,clear_selected_candidate,10,https://www.ctp.or.kr/business/datadetail.do?seq=2709289
TECHNOPARK:1725,「2026년 지역 거점 정보보호 클러스터 구축 사업」정보보호 비즈니스 모델 발굴 및 유망기업 지원 모집공고 재공고(2차),충남테크노파크,safe_non_update_remainder,/subtract,no_payload_update,위험 사유는 없지만 통합 업데이트 payload 기준에는 포함되지 않은 잔여 건,,,,clear_selected_candidate,7,https://www.ctp.or.kr/business/datadetail.do?seq=2709305
TECHNOPARK:1857,미래차 산업전환 공정기술 고도화 수혜기업 모집 공고(3차),경남테크노파크,safe_non_update_remainder,/subtract,no_payload_update,위험 사유는 없지만 통합 업데이트 payload 기준에는 포함되지 않은 잔여 건,,,,clear_selected_candidate,5,http://www.gntp.or.kr/biz/applyInfo/3791
TECHNOPARK:1873,「충남 지역혁신클러스터육성(비R&D)사업」사업화 지원 수혜기업 모집 공고(2차),충남테크노파크,safe_non_update_remainder,/subtract,no_payload_update,위험 사유는 없지만 통합 업데이트 payload 기준에는 포함되지 않은 잔여 건,,,지원금 확인 필요,clear_selected_candidate,12,https://www.ctp.or.kr/business/datadetail.do?seq=2709316
TECHNOPARK:434,「해양수산자원 산업화 육성 지원(바이오)」수혜기업 모집(2차) 공고,충남테크노파크,safe_non_update_remainder,/subtract,no_payload_update,위험 사유는 없지만 통합 업데이트 payload 기준에는 포함되지 않은 잔여 건,,,지원금 확인 필요,clear_selected_candidate,4,https://www.ctp.or.kr/business/datadetail.do?seq=2709157
TECHNOPARK:957,(2026-119호) 2026년 강원지역연구장비 활용 수수료 지원사업 참여기업(1차) 모집 공고,강원테크노파크,safe_non_update_remainder,/subtract,no_payload_update,위험 사유는 없지만 통합 업데이트 payload 기준에는 포함되지 않은 잔여 건,,,,clear_selected_candidate,12,https://www.gwtp.or.kr/gwtp/bbsNew_view.php?bbs_data=aWR4PTMxMTQmc3RhcnRQYWdlPSZsaXN0Tm89JnRhYmxlPWNzX2Jic19kYXRhX25ldyZjb2RlPXN1YjAxYiZzZWFyY2hfaXRlbT0mc2VhcmNoX29yZGVyPSZ1cmw9c3ViMDFiJmtleXZhbHVlPXN1YjAxJmJic19tYWxuYW1lPQ==||
