policy_id,source,title,organization,page_url,file_url,file_type,local_path,download_status,error_message,created_at
PBLN_000000000123732,bizinfo,[충북] 2026년 2차 시군 경쟁력강화산업 육성사업(R&D) 모집 수정 공고,충청북도,https://www.bizinfo.go.kr/sii/siia/selectSIIA200Detail.do?pblancId=PBLN_000000000123732,https://www.bizinfo.go.kr/cmm/fms/fileDown.do?atchFileId=FILE_000000000762049&fileSn=0,.hwp,C:\dongaAI\3차 프로젝트\0.0\data\attachments\hwp_raw\PBLN_000000000123732_ë¶ì2. ê¸°ì ê°ë°(R&D) ì§ì ì ì²­ì ë° ì¬ì ê³íì(ìì).hwp,downloaded,,2026-07-01T02:34:44
TECHNOPARK:1861,technopark,[2026년 제조전문형 메이커스페이스 지원사업] 경상남도 제조 스타트업 제품화 지원 수혜기업 모집공고,경남테크노파크,http://www.gntp.or.kr/biz/applyInfo/3792,https://www.gntp.or.kr/dextnj/streamDownload?fileSaveNm=20260624113335615_1.hwp,.hwp,C:\dongaAI\3차 프로젝트\0.0\data\attachments\hwp_raw\TECHNOPARK_1861_streamDownload_fileSaveNm=20260624113335615_1.hwp,download_failed,404 Client Error:  for url: https://www.gntp.or.kr/dextnj/streamDownload?fileSaveNm=20260624113335615_1.hwp,2026-07-01T02:34:44
TECHNOPARK:1861,technopark,[2026년 제조전문형 메이커스페이스 지원사업] 경상남도 제조 스타트업 제품화 지원 수혜기업 모집공고,경남테크노파크,http://www.gntp.or.kr/biz/applyInfo/3792,https://www.gntp.or.kr/dextnj/streamDownload?fileSaveNm=20260624113335615_2.hwp,.hwp,C:\dongaAI\3차 프로젝트\0.0\data\attachments\hwp_raw\TECHNOPARK_1861_streamDownload_fileSaveNm=20260624113335615_2.hwp,download_failed,404 Client Error:  for url: https://www.gntp.or.kr/dextnj/streamDownload?fileSaveNm=20260624113335615_2.hwp,2026-07-01T02:34:44
PBLN_000000000120889,bizinfo,[전남광주] 목포시 2026년 소상공인 융자금 이차보전 지원 정정 공고,전남광주통합특별시,https://www.bizinfo.go.kr/sii/siia/selectSIIA200Detail.do?pblancId=PBLN_000000000120889,https://www.bizinfo.go.kr/sii/siia/202604161404070288.hwp,.hwp,C:\dongaAI\3차 프로젝트\0.0\data\attachments\hwp_raw\PBLN_000000000120889_202604161404070288.hwp,download_failed,404 Client Error: Not Found for url: https://www.bizinfo.go.kr/sii/siia/202604161404070288.hwp,2026-07-01T02:34:45
PBLN_000000000120889,bizinfo,[전남광주] 목포시 2026년 소상공인 융자금 이차보전 지원 정정 공고,전남광주통합특별시,https://www.bizinfo.go.kr/sii/siia/selectSIIA200Detail.do?pblancId=PBLN_000000000120889,https://www.bizinfo.go.kr/sii/siia/2026년 소상공인 융자금 이차보전 지원사업 정정 공고문.hwp,.hwp,C:\dongaAI\3차 프로젝트\0.0\data\attachments\hwp_raw\PBLN_000000000120889_2026년 소상공인 융자금 이차보전 지원사업 정정 공고문.hwp,download_failed,400 Client Error: Bad Request for url: https://www.bizinfo.go.kr/sii/siia/2026%EB%85%84%20%EC%86%8C%EC%83%81%EA%B3%B5%EC%9D%B8%20%EC%9C%B5%EC%9E%90%EA%B8%88%20%EC%9D%B4%EC%B0%A8%EB%B3%B4%EC%A0%84%20%EC%A7%80%EC%9B%90%EC%82%AC%EC%97%85%20%EC%A0%95%EC%A0%95%20%EA%B3%B5%EA%B3%A0%EB%AC%B8.hwp,2026-07-01T02:34:45
PBLN_000000000120889,bizinfo,[전남광주] 목포시 2026년 소상공인 융자금 이차보전 지원 정정 공고,전남광주통합특별시,https://www.bizinfo.go.kr/sii/siia/selectSIIA200Detail.do?pblancId=PBLN_000000000120889,https://www.bizinfo.go.kr/cmm/fms/fileDown.do?atchFileId=FILE_000000000751562&fileSn=0,.hwp,C:\dongaAI\3차 프로젝트\0.0\data\attachments\hwp_raw\PBLN_000000000120889_2026ë  ììê³µì¸ ìµìê¸ ì´ì°¨ë³´ì  ì§ìì¬ì ì ì  ê³µê³ ë¬¸.hwp,downloaded,,2026-07-01T02:34:45
PBLN_000000000122057,bizinfo,[경기] 김포시 중소기업 육성자금 긴급 경영자금(중동위기 피해 관련) 지원계획 공고,경기도,https://www.bizinfo.go.kr/sii/siia/selectSIIA200Detail.do?pblancId=PBLN_000000000122057,https://www.bizinfo.go.kr/sii/siia/202605151346110646.hwp,.hwp,C:\dongaAI\3차 프로젝트\0.0\data\attachments\hwp_raw\PBLN_000000000122057_202605151346110646.hwp,download_failed,404 Client Error: Not Found for url: https://www.bizinfo.go.kr/sii/siia/202605151346110646.hwp,2026-07-01T02:34:45
PBLN_000000000122057,bizinfo,[경기] 김포시 중소기업 육성자금 긴급 경영자금(중동위기 피해 관련) 지원계획 공고,경기도,https://www.bizinfo.go.kr/sii/siia/selectSIIA200Detail.do?pblancId=PBLN_000000000122057,https://www.bizinfo.go.kr/sii/siia/김포시 중소기업 긴급경영자금 지원계획 공고문.hwp,.hwp,C:\dongaAI\3차 프로젝트\0.0\data\attachments\hwp_raw\PBLN_000000000122057_김포시 중소기업 긴급경영자금 지원계획 공고문.hwp,download_failed,400 Client Error: Bad Request for url: https://www.bizinfo.go.kr/sii/siia/%EA%B9%80%ED%8F%AC%EC%8B%9C%20%EC%A4%91%EC%86%8C%EA%B8%B0%EC%97%85%20%EA%B8%B4%EA%B8%89%EA%B2%BD%EC%98%81%EC%9E%90%EA%B8%88%20%EC%A7%80%EC%9B%90%EA%B3%84%ED%9A%8D%20%EA%B3%B5%EA%B3%A0%EB%AC%B8.hwp,2026-07-01T02:34:45
PBLN_000000000122057,bizinfo,[경기] 김포시 중소기업 육성자금 긴급 경영자금(중동위기 피해 관련) 지원계획 공고,경기도,https://www.bizinfo.go.kr/sii/siia/selectSIIA200Detail.do?pblancId=PBLN_000000000122057,https://www.bizinfo.go.kr/cmm/fms/fileDown.do?atchFileId=FILE_000000000755721&fileSn=0,.hwp,C:\dongaAI\3차 프로젝트\0.0\data\attachments\hwp_raw\PBLN_000000000122057_ê¹í¬ì ì¤ìê¸°ì ê¸´ê¸ê²½ììê¸ ì§ìê³í ê³µê³ ë¬¸.hwp,downloaded,,2026-07-01T02:34:45
PBLN_000000000120673,bizinfo,2026년 다공성 탄소소재 기반 환경소재 및 부품개발 기반구축 사업 수혜기업 지원(시제품 제작 및 기술지도) 사업 공고,산업통상부,https://www.bizinfo.go.kr/sii/siia/selectSIIA200Detail.do?pblancId=PBLN_000000000120673,https://www.bizinfo.go.kr/sii/siia/test.hwp,.hwp,C:\dongaAI\3차 프로젝트\0.0\data\attachments\hwp_raw\PBLN_000000000120673_test.hwp,download_failed,404 Client Error: Not Found for url: https://www.bizinfo.go.kr/sii/siia/test.hwp,2026-07-01T02:34:45
PBLN_000000000120673,bizinfo,2026년 다공성 탄소소재 기반 환경소재 및 부품개발 기반구축 사업 수혜기업 지원(시제품 제작 및 기술지도) 사업 공고,산업통상부,https://www.bizinfo.go.kr/sii/siia/selectSIIA200Detail.do?pblancId=PBLN_000000000120673,https://www.bizinfo.go.kr/cmm/fms/fileDown.do?atchFileId=FILE_000000000750845&fileSn=1,.hwp,C:\dongaAI\3차 프로젝트\0.0\data\attachments\hwp_raw\PBLN_000000000120673_ë¶ì_ì§ìì ì²­ì2026_ìì.hwp,downloaded,,2026-07-01T02:34:45
PBLN_000000000120673,bizinfo,2026년 다공성 탄소소재 기반 환경소재 및 부품개발 기반구축 사업 수혜기업 지원(시제품 제작 및 기술지도) 사업 공고,산업통상부,https://www.bizinfo.go.kr/sii/siia/selectSIIA200Detail.do?pblancId=PBLN_000000000120673,https://www.bizinfo.go.kr/cmm/fms/fileDown.do?atchFileId=FILE_000000000750844&fileSn=0,.hwp,C:\dongaAI\3차 프로젝트\0.0\data\attachments\hwp_raw\PBLN_000000000120673_[2026-10]_2026ë _ë¤ê³µì±_íììì¬_ê¸°ë°êµ¬ì¶_ì¬ì _ìíê¸°ì _ìì í_ì ì_ë°_ê¸°ì ì§ë.hwp,downloaded,,2026-07-01T02:34:45
PBLN_000000000120829,bizinfo,[울산] 2026년 소상공인 재기지원자금 긴급 융자 지원계획 공고,울산광역시,https://www.bizinfo.go.kr/sii/siia/selectSIIA200Detail.do?pblancId=PBLN_000000000120829,https://www.bizinfo.go.kr/sii/siia/202604151344280617.hwp,.hwp,C:\dongaAI\3차 프로젝트\0.0\data\attachments\hwp_raw\PBLN_000000000120829_202604151344280617.hwp,download_failed,404 Client Error: Not Found for url: https://www.bizinfo.go.kr/sii/siia/202604151344280617.hwp,2026-07-01T02:34:46
PBLN_000000000120829,bizinfo,[울산] 2026년 소상공인 재기지원자금 긴급 융자 지원계획 공고,울산광역시,https://www.bizinfo.go.kr/sii/siia/selectSIIA200Detail.do?pblancId=PBLN_000000000120829,https://www.bizinfo.go.kr/sii/siia/★2026년 울산광역시 소상공인 재기지원자금 긴급 융자지원계획 공고.hwp,.hwp,C:\dongaAI\3차 프로젝트\0.0\data\attachments\hwp_raw\PBLN_000000000120829_★2026년 울산광역시 소상공인 재기지원자금 긴급 융자지원계획 공고.hwp,download_failed,400 Client Error: Bad Request for url: https://www.bizinfo.go.kr/sii/siia/%E2%98%852026%EB%85%84%20%EC%9A%B8%EC%82%B0%EA%B4%91%EC%97%AD%EC%8B%9C%20%EC%86%8C%EC%83%81%EA%B3%B5%EC%9D%B8%20%EC%9E%AC%EA%B8%B0%EC%A7%80%EC%9B%90%EC%9E%90%EA%B8%88%20%EA%B8%B4%EA%B8%89%20%EC%9C%B5%EC%9E%90%EC%A7%80%EC%9B%90%EA%B3%84%ED%9A%8D%20%EA%B3%B5%EA%B3%A0.hwp,2026-07-01T02:34:46
PBLN_000000000120829,bizinfo,[울산] 2026년 소상공인 재기지원자금 긴급 융자 지원계획 공고,울산광역시,https://www.bizinfo.go.kr/sii/siia/selectSIIA200Detail.do?pblancId=PBLN_000000000120829,https://www.bizinfo.go.kr/cmm/fms/fileDown.do?atchFileId=FILE_000000000751384&fileSn=0,.hwp,C:\dongaAI\3차 프로젝트\0.0\data\attachments\hwp_raw\PBLN_000000000120829_â 2026ë  ì¸ì°ê´ì­ì ììê³µì¸ ì¬ê¸°ì§ììê¸ ê¸´ê¸ ìµìì§ìê³í ê³µê³.hwp,downloaded,,2026-07-01T02:34:46
PBLN_000000000123671,bizinfo,[전북] 2026년 2차 혁신성장 R&D+(연구개발)사업 지원사업 모집 공고,전북특별자치도,https://www.bizinfo.go.kr/sii/siia/selectSIIA200Detail.do?pblancId=PBLN_000000000123671,https://www.bizinfo.go.kr/cmm/fms/fileDown.do?atchFileId=FILE_000000000761764&fileSn=1,.hwp,C:\dongaAI\3차 프로젝트\0.0\data\attachments\hwp_raw\PBLN_000000000123671_[ìì]1.2026ë íì ì±ì¥R&D+ì¬ì (2ì°¨)ê³íì.hwp,downloaded,,2026-07-01T02:34:46
PBLN_000000000123685,bizinfo,[전남광주] 2026년 생성형 AI SW 활용 지원사업 공고(가상융합산업 혁신센터 운영사업),전남광주통합특별시,https://www.bizinfo.go.kr/sii/siia/selectSIIA200Detail.do?pblancId=PBLN_000000000123685,https://www.bizinfo.go.kr/cmm/fms/fileDown.do?atchFileId=FILE_000000000761798&fileSn=0,.hwp,C:\dongaAI\3차 프로젝트\0.0\data\attachments\hwp_raw\PBLN_000000000123685_ë¶ì 2. ìì±í AI SW íì© ì§ìì¬ì ì°¸ê° ì§ì ìë¥ ì¼ì²´(ìì).hwp,downloaded,,2026-07-01T02:34:46
PBLN_000000000122613,bizinfo,[경기] 평택시 2026년 수출ㆍ환변동 보험료 지원사업 모집 공고,경기도,https://www.bizinfo.go.kr/sii/siia/selectSIIA200Detail.do?pblancId=PBLN_000000000122613,https://www.bizinfo.go.kr/cmm/fms/fileDown.do?atchFileId=FILE_000000000757668&fileSn=0,.hwp,C:\dongaAI\3차 프로젝트\0.0\data\attachments\hwp_raw\PBLN_000000000122613_ë¶ì3. íì½ì.hwp,downloaded,,2026-07-01T02:34:46
PBLN_000000000122613,bizinfo,[경기] 평택시 2026년 수출ㆍ환변동 보험료 지원사업 모집 공고,경기도,https://www.bizinfo.go.kr/sii/siia/selectSIIA200Detail.do?pblancId=PBLN_000000000122613,https://www.bizinfo.go.kr/cmm/fms/fileDown.do?atchFileId=FILE_000000000757668&fileSn=1,.hwp,C:\dongaAI\3차 프로젝트\0.0\data\attachments\hwp_raw\PBLN_000000000122613_ë¶ì1. ì ì²­ì.hwp,downloaded,,2026-07-01T02:34:46
PBLN_000000000122613,bizinfo,[경기] 평택시 2026년 수출ㆍ환변동 보험료 지원사업 모집 공고,경기도,https://www.bizinfo.go.kr/sii/siia/selectSIIA200Detail.do?pblancId=PBLN_000000000122613,https://www.bizinfo.go.kr/cmm/fms/fileDown.do?atchFileId=FILE_000000000757668&fileSn=2,.hwp,C:\dongaAI\3차 프로젝트\0.0\data\attachments\hwp_raw\PBLN_000000000122613_ë¶ì2. ê°ì¸ì ë³´íì©ëìì.hwp,downloaded,,2026-07-01T02:34:46
PBLN_000000000120694,bizinfo,[충북] 2026년 수출기업 해외규격인증 취득 지원사업 참여기업 모집 공고,충청북도,https://www.bizinfo.go.kr/sii/siia/selectSIIA200Detail.do?pblancId=PBLN_000000000120694,https://www.bizinfo.go.kr/cmm/fms/fileDown.do?atchFileId=FILE_000000000750894&fileSn=0,.hwp,C:\dongaAI\3차 프로젝트\0.0\data\attachments\hwp_raw\PBLN_000000000120694_[ìì] ì ì²­ì¬ì ì¬ì©ê³íì.hwp,downloaded,,2026-07-01T02:34:46
PBLN_000000000120694,bizinfo,[충북] 2026년 수출기업 해외규격인증 취득 지원사업 참여기업 모집 공고,충청북도,https://www.bizinfo.go.kr/sii/siia/selectSIIA200Detail.do?pblancId=PBLN_000000000120694,https://www.bizinfo.go.kr/cmm/fms/fileDown.do?atchFileId=FILE_000000000750894&fileSn=2,.hwp,C:\dongaAI\3차 프로젝트\0.0\data\attachments\hwp_raw\PBLN_000000000120694_[ë¶ì1] í´ì¸ê·ê²©ì¸ì¦ ì·¨ë ìë£ë³´ê³ ì ìì.hwp,downloaded,,2026-07-01T02:34:47
PBLN_000000000121243,bizinfo,[울산] 2026년 중소기업 AI인프라 육성자금 지원계획 변경 공고,울산광역시,https://www.bizinfo.go.kr/sii/siia/selectSIIA200Detail.do?pblancId=PBLN_000000000121243,https://www.bizinfo.go.kr/cmm/fms/fileDown.do?atchFileId=FILE_000000000752801&fileSn=0,.hwp,C:\dongaAI\3차 프로젝트\0.0\data\attachments\hwp_raw\PBLN_000000000121243_â 2026ë  ì¸ì°ê´ì­ì ì¤ìê¸°ì AIì¸íë¼ ì¡ì±ìê¸ ê³í ë³ê²½ ê³µê³.hwp,downloaded,,2026-07-01T02:34:47
PBLN_000000000120828,bizinfo,[울산] 2026년 2차 소상공인 경영안정자금 긴급 융자 지원계획 공고,울산광역시,https://www.bizinfo.go.kr/sii/siia/selectSIIA200Detail.do?pblancId=PBLN_000000000120828,https://www.bizinfo.go.kr/sii/siia/202604151336570884.hwp,.hwp,C:\dongaAI\3차 프로젝트\0.0\data\attachments\hwp_raw\PBLN_000000000120828_202604151336570884.hwp,download_failed,404 Client Error: Not Found for url: https://www.bizinfo.go.kr/sii/siia/202604151336570884.hwp,2026-07-01T02:34:47
PBLN_000000000120828,bizinfo,[울산] 2026년 2차 소상공인 경영안정자금 긴급 융자 지원계획 공고,울산광역시,https://www.bizinfo.go.kr/sii/siia/selectSIIA200Detail.do?pblancId=PBLN_000000000120828,https://www.bizinfo.go.kr/sii/siia/★2026년 2차 울산광역시 소상공인 경영안정자금 융자 긴급 융자지원계획 공고.hwp,.hwp,C:\dongaAI\3차 프로젝트\0.0\data\attachments\hwp_raw\PBLN_000000000120828_★2026년 2차 울산광역시 소상공인 경영안정자금 융자 긴급 융자지원계획 공고.hwp,download_failed,400 Client Error: Bad Request for url: https://www.bizinfo.go.kr/sii/siia/%E2%98%852026%EB%85%84%202%EC%B0%A8%20%EC%9A%B8%EC%82%B0%EA%B4%91%EC%97%AD%EC%8B%9C%20%EC%86%8C%EC%83%81%EA%B3%B5%EC%9D%B8%20%EA%B2%BD%EC%98%81%EC%95%88%EC%A0%95%EC%9E%90%EA%B8%88%20%EC%9C%B5%EC%9E%90%20%EA%B8%B4%EA%B8%89%20%EC%9C%B5%EC%9E%90%EC%A7%80%EC%9B%90%EA%B3%84%ED%9A%8D%20%EA%B3%B5%EA%B3%A0.hwp,2026-07-01T02:34:47
PBLN_000000000120828,bizinfo,[울산] 2026년 2차 소상공인 경영안정자금 긴급 융자 지원계획 공고,울산광역시,https://www.bizinfo.go.kr/sii/siia/selectSIIA200Detail.do?pblancId=PBLN_000000000120828,https://www.bizinfo.go.kr/cmm/fms/fileDown.do?atchFileId=FILE_000000000751382&fileSn=0,.hwp,C:\dongaAI\3차 프로젝트\0.0\data\attachments\hwp_raw\PBLN_000000000120828_â 2026ë  2ì°¨ ì¸ì°ê´ì­ì ììê³µì¸ ê²½ììì ìê¸ ìµì ê¸´ê¸ ìµìì§ìê³í ê³µê³.hwp,downloaded,,2026-07-01T02:34:47
PBLN_000000000120268,bizinfo,[강원] 원주시 2026년 소상공인 경영안정자금 지원 사업 변경 공고,강원특별자치도,https://www.bizinfo.go.kr/sii/siia/selectSIIA200Detail.do?pblancId=PBLN_000000000120268,https://www.bizinfo.go.kr/sii/siia/202604011550120171.hwp,.hwp,C:\dongaAI\3차 프로젝트\0.0\data\attachments\hwp_raw\PBLN_000000000120268_202604011550120171.hwp,download_failed,404 Client Error: Not Found for url: https://www.bizinfo.go.kr/sii/siia/202604011550120171.hwp,2026-07-01T02:34:47
PBLN_000000000120268,bizinfo,[강원] 원주시 2026년 소상공인 경영안정자금 지원 사업 변경 공고,강원특별자치도,https://www.bizinfo.go.kr/sii/siia/selectSIIA200Detail.do?pblancId=PBLN_000000000120268,https://www.bizinfo.go.kr/sii/siia/2026년 원주시 소상공인 경영안정자금 지원 사업 공고 （변경 260327）.hwp,.hwp,C:\dongaAI\3차 프로젝트\0.0\data\attachments\hwp_raw\PBLN_000000000120268_2026년 원주시 소상공인 경영안정자금 지원 사업 공고 （변경 260327）.hwp,download_failed,400 Client Error: Bad Request for url: https://www.bizinfo.go.kr/sii/siia/2026%EB%85%84%20%EC%9B%90%EC%A3%BC%EC%8B%9C%20%EC%86%8C%EC%83%81%EA%B3%B5%EC%9D%B8%20%EA%B2%BD%EC%98%81%EC%95%88%EC%A0%95%EC%9E%90%EA%B8%88%20%EC%A7%80%EC%9B%90%20%EC%82%AC%EC%97%85%20%EA%B3%B5%EA%B3%A0%20%EF%BC%88%EB%B3%80%EA%B2%BD%20260327%EF%BC%89.hwp,2026-07-01T02:34:47
PBLN_000000000120268,bizinfo,[강원] 원주시 2026년 소상공인 경영안정자금 지원 사업 변경 공고,강원특별자치도,https://www.bizinfo.go.kr/sii/siia/selectSIIA200Detail.do?pblancId=PBLN_000000000120268,https://www.bizinfo.go.kr/cmm/fms/fileDown.do?atchFileId=FILE_000000000749498&fileSn=0,.hwp,C:\dongaAI\3차 프로젝트\0.0\data\attachments\hwp_raw\PBLN_000000000120268_2026ë  ìì£¼ì ììê³µì¸ ê²½ììì ìê¸ ì§ì ì¬ì ê³µê³ ï¼ë³ê²½ 260327ï¼.hwp,downloaded,,2026-07-01T02:34:47
PBLN_000000000121214,bizinfo,[광주ㆍ전북ㆍ전남] 2026년 광주ㆍ호남권 거점기업 육성 금융지원 공고,전남광주통합특별시,https://www.bizinfo.go.kr/sii/siia/selectSIIA200Detail.do?pblancId=PBLN_000000000121214,https://www.bizinfo.go.kr/sii/siia/202604231525150333.hwp,.hwp,C:\dongaAI\3차 프로젝트\0.0\data\attachments\hwp_raw\PBLN_000000000121214_202604231525150333.hwp,download_failed,404 Client Error: Not Found for url: https://www.bizinfo.go.kr/sii/siia/202604231525150333.hwp,2026-07-01T02:34:48
PBLN_000000000121214,bizinfo,[광주ㆍ전북ㆍ전남] 2026년 광주ㆍ호남권 거점기업 육성 금융지원 공고,전남광주통합특별시,https://www.bizinfo.go.kr/sii/siia/selectSIIA200Detail.do?pblancId=PBLN_000000000121214,https://www.bizinfo.go.kr/sii/siia/공고문_2026년도+광주·호남권+거점기업+육성+금융지원.hwp,.hwp,C:\dongaAI\3차 프로젝트\0.0\data\attachments\hwp_raw\PBLN_000000000121214_공고문_2026년도+광주·호남권+거점기업+육성+금융지원.hwp,download_failed,400 Client Error: Bad Request for url: https://www.bizinfo.go.kr/sii/siia/%EA%B3%B5%EA%B3%A0%EB%AC%B8_2026%EB%85%84%EB%8F%84+%EA%B4%91%EC%A3%BC%C2%B7%ED%98%B8%EB%82%A8%EA%B6%8C+%EA%B1%B0%EC%A0%90%EA%B8%B0%EC%97%85+%EC%9C%A1%EC%84%B1+%EA%B8%88%EC%9C%B5%EC%A7%80%EC%9B%90.hwp,2026-07-01T02:34:48
PBLN_000000000121214,bizinfo,[광주ㆍ전북ㆍ전남] 2026년 광주ㆍ호남권 거점기업 육성 금융지원 공고,전남광주통합특별시,https://www.bizinfo.go.kr/sii/siia/selectSIIA200Detail.do?pblancId=PBLN_000000000121214,https://www.bizinfo.go.kr/cmm/fms/fileDown.do?atchFileId=FILE_000000000752657&fileSn=0,.hwp,C:\dongaAI\3차 프로젝트\0.0\data\attachments\hwp_raw\PBLN_000000000121214_ì ì²­ìì_2026ë ë+ê´ì£¼Â·í¸ë¨ê¶+ê±°ì ê¸°ì +ì¡ì±+ê¸ìµì§ì.hwp,downloaded,,2026-07-01T02:34:48
PBLN_000000000121214,bizinfo,[광주ㆍ전북ㆍ전남] 2026년 광주ㆍ호남권 거점기업 육성 금융지원 공고,전남광주통합특별시,https://www.bizinfo.go.kr/sii/siia/selectSIIA200Detail.do?pblancId=PBLN_000000000121214,https://www.bizinfo.go.kr/cmm/fms/fileDown.do?atchFileId=FILE_000000000752656&fileSn=0,.hwp,C:\dongaAI\3차 프로젝트\0.0\data\attachments\hwp_raw\PBLN_000000000121214_ê³µê³ ë¬¸_2026ë ë+ê´ì£¼Â·í¸ë¨ê¶+ê±°ì ê¸°ì +ì¡ì±+ê¸ìµì§ì.hwp,downloaded,,2026-07-01T02:34:48
PBLN_000000000120684,bizinfo,[세종] 2026년 식품진흥기금 융자사업 시행 공고,세종특별자치시,https://www.bizinfo.go.kr/sii/siia/selectSIIA200Detail.do?pblancId=PBLN_000000000120684,https://www.bizinfo.go.kr/cmm/fms/fileDown.do?atchFileId=FILE_000000000750858&fileSn=0,.hwp,C:\dongaAI\3차 프로젝트\0.0\data\attachments\hwp_raw\PBLN_000000000120684_ìíì§í¥ê¸°ê¸ ìµìì¬ì ì ì²­ìì.hwp,downloaded,,2026-07-01T02:34:49
PBLN_000000000120866,bizinfo,2026년 부산형 SiC 전력반도체 연구플랫폼 활성화 지원사업 기업지원 모집 공고,부산광역시,https://www.bizinfo.go.kr/sii/siia/selectSIIA200Detail.do?pblancId=PBLN_000000000120866,https://www.bizinfo.go.kr/cmm/fms/fileDown.do?atchFileId=FILE_000000000751505&fileSn=0,.hwp,C:\dongaAI\3차 프로젝트\0.0\data\attachments\hwp_raw\PBLN_000000000120866_ë¶ì.+(ë¶ì°í+ì°êµ¬íë«í¼+íì±íì§ì)+ê¸°ì ì§ì+ëª¨ì§+ê³µê³ ë¬¸(ì).hwp,downloaded,,2026-07-01T02:34:49
PBLN_000000000120964,bizinfo,[경북] 경주시 2026년 중소기업 화재보험료 지원사업 참여기업 모집 공고,경상북도,https://www.bizinfo.go.kr/sii/siia/selectSIIA200Detail.do?pblancId=PBLN_000000000120964,https://www.bizinfo.go.kr/cmm/fms/fileDown.do?atchFileId=FILE_000000000751789&fileSn=0,.hwp,C:\dongaAI\3차 프로젝트\0.0\data\attachments\hwp_raw\PBLN_000000000120964_ã2026ë  ê²½ì£¼ì ì¤ìê¸°ì íì¬ë³´íë£ ì§ìì¬ì ã ì°¸ì¬ì ì²­ ìì.hwp,downloaded,,2026-07-01T02:34:49
PBLN_000000000121039,bizinfo,[충북] 2026년 2차 기숙사임차비지원사업 참여기업 추가모집 공고,충청북도,https://www.bizinfo.go.kr/sii/siia/selectSIIA200Detail.do?pblancId=PBLN_000000000121039,https://www.bizinfo.go.kr/cmm/fms/fileDown.do?atchFileId=FILE_000000000752029&fileSn=1,.hwp,C:\dongaAI\3차 프로젝트\0.0\data\attachments\hwp_raw\PBLN_000000000121039_[ë¶ì] 2026ë  ì¶©ì²­ë¶ë ê¸°ìì¬ìì°¨ë¹ì§ìì¬ì ì ì²­ìì(ê´´ì°êµ°).hwp,downloaded,,2026-07-01T02:34:49
PBLN_000000000121039,bizinfo,[충북] 2026년 2차 기숙사임차비지원사업 참여기업 추가모집 공고,충청북도,https://www.bizinfo.go.kr/sii/siia/selectSIIA200Detail.do?pblancId=PBLN_000000000121039,https://www.bizinfo.go.kr/cmm/fms/fileDown.do?atchFileId=FILE_000000000752029&fileSn=2,.hwp,C:\dongaAI\3차 프로젝트\0.0\data\attachments\hwp_raw\PBLN_000000000121039_[ë¶ì] 2026ë  ì¶©ì²­ë¶ë ê¸°ìì¬ìì°¨ë¹ì§ìì¬ì ì ì²­ìì(ì¦íêµ°).hwp,downloaded,,2026-07-01T02:34:49
PBLN_000000000120570,bizinfo,[인천] 2026년 상반기 경영안정자금 이차보전 지원 추가접수 공고(중소기업 육성자금 지원 사업),인천광역시,https://www.bizinfo.go.kr/sii/siia/selectSIIA200Detail.do?pblancId=PBLN_000000000120570,https://www.bizinfo.go.kr/sii/siia/202604081522580394.hwp,.hwp,C:\dongaAI\3차 프로젝트\0.0\data\attachments\hwp_raw\PBLN_000000000120570_202604081522580394.hwp,download_failed,404 Client Error: Not Found for url: https://www.bizinfo.go.kr/sii/siia/202604081522580394.hwp,2026-07-01T02:34:49
PBLN_000000000120570,bizinfo,[인천] 2026년 상반기 경영안정자금 이차보전 지원 추가접수 공고(중소기업 육성자금 지원 사업),인천광역시,https://www.bizinfo.go.kr/sii/siia/selectSIIA200Detail.do?pblancId=PBLN_000000000120570,https://www.bizinfo.go.kr/cmm/fms/fileDown.do?atchFileId=FILE_000000000750456&fileSn=0,.hwp,C:\dongaAI\3차 프로젝트\0.0\data\attachments\hwp_raw\PBLN_000000000120570_ê³µê³ ë¬¸(ì´ì°¨ë³´ì  ì§ì ì¶ê°ì ì).hwp,downloaded,,2026-07-01T02:34:49
PBLN_000000000120136,bizinfo,[대구] 북구 2026년 상반기 소상공인 경영안정자금 지원사업 공고,대구광역시,https://www.bizinfo.go.kr/sii/siia/selectSIIA200Detail.do?pblancId=PBLN_000000000120136,https://www.bizinfo.go.kr/sii/siia/202603301456090228.hwp,.hwp,C:\dongaAI\3차 프로젝트\0.0\data\attachments\hwp_raw\PBLN_000000000120136_202603301456090228.hwp,download_failed,404 Client Error: Not Found for url: https://www.bizinfo.go.kr/sii/siia/202603301456090228.hwp,2026-07-01T02:34:49
PBLN_000000000120136,bizinfo,[대구] 북구 2026년 상반기 소상공인 경영안정자금 지원사업 공고,대구광역시,https://www.bizinfo.go.kr/sii/siia/selectSIIA200Detail.do?pblancId=PBLN_000000000120136,https://www.bizinfo.go.kr/sii/siia/[공고문]2026년 상반기 소상공인 경영안정자금 지원사업 공고문.hwp,.hwp,C:\dongaAI\3차 프로젝트\0.0\data\attachments\hwp_raw\PBLN_000000000120136_[공고문]2026년 상반기 소상공인 경영안정자금 지원사업 공고문.hwp,download_failed,400 Client Error: Bad Request for url: https://www.bizinfo.go.kr/sii/siia/%5B%EA%B3%B5%EA%B3%A0%EB%AC%B8%5D2026%EB%85%84%20%EC%83%81%EB%B0%98%EA%B8%B0%20%EC%86%8C%EC%83%81%EA%B3%B5%EC%9D%B8%20%EA%B2%BD%EC%98%81%EC%95%88%EC%A0%95%EC%9E%90%EA%B8%88%20%EC%A7%80%EC%9B%90%EC%82%AC%EC%97%85%20%EA%B3%B5%EA%B3%A0%EB%AC%B8.hwp,2026-07-01T02:34:49
PBLN_000000000120136,bizinfo,[대구] 북구 2026년 상반기 소상공인 경영안정자금 지원사업 공고,대구광역시,https://www.bizinfo.go.kr/sii/siia/selectSIIA200Detail.do?pblancId=PBLN_000000000120136,https://www.bizinfo.go.kr/cmm/fms/fileDown.do?atchFileId=FILE_000000000749044&fileSn=0,.hwp,C:\dongaAI\3차 프로젝트\0.0\data\attachments\hwp_raw\PBLN_000000000120136_[ê³µê³ ë¬¸]2026ë  ìë°ê¸° ììê³µì¸ ê²½ììì ìê¸ ì§ìì¬ì ê³µê³ ë¬¸.hwp,downloaded,,2026-07-01T02:34:49
PBLN_000000000120512,bizinfo,[울산] 2026년 1차 통상변화 대응 중소기업 육성자금 지원계획 변경 공고,울산광역시,https://www.bizinfo.go.kr/sii/siia/selectSIIA200Detail.do?pblancId=PBLN_000000000120512,https://www.bizinfo.go.kr/cmm/fms/fileDown.do?atchFileId=FILE_000000000750289&fileSn=1,.hwp,C:\dongaAI\3차 프로젝트\0.0\data\attachments\hwp_raw\PBLN_000000000120512_2026ë  ì¸ì°ê´ì­ì íµìë³í ëì ì¤ìê¸°ì ì¡ì±ìê¸ ì§ì ë³ê²½ ê³µê³ ë¬¸.hwp,downloaded,,2026-07-01T02:34:49
PBLN_000000000120241,bizinfo,[인천] 2026년 2단계 희망 소상공인 경영안정자금 지원 사업 공고,인천광역시,https://www.bizinfo.go.kr/sii/siia/selectSIIA200Detail.do?pblancId=PBLN_000000000120241,https://www.bizinfo.go.kr/cmm/fms/fileDown.do?atchFileId=FILE_000000000749506&fileSn=1,.hwp,C:\dongaAI\3차 프로젝트\0.0\data\attachments\hwp_raw\PBLN_000000000120241_ê³µê³ ë¬¸(2ë¨ê³).hwp,downloaded,,2026-07-01T02:34:49
PBLN_000000000121131,bizinfo,[경기] 2026년 일터동행 기업 파트너십 참여기업 모집 공고(무료 교육ㆍ컨설팅 지원),경기도,https://www.bizinfo.go.kr/sii/siia/selectSIIA200Detail.do?pblancId=PBLN_000000000121131,https://www.bizinfo.go.kr/sii/siia/202604221749380741.hwp,.hwp,C:\dongaAI\3차 프로젝트\0.0\data\attachments\hwp_raw\PBLN_000000000121131_202604221749380741.hwp,download_failed,404 Client Error: Not Found for url: https://www.bizinfo.go.kr/sii/siia/202604221749380741.hwp,2026-07-01T02:34:50
PBLN_000000000121131,bizinfo,[경기] 2026년 일터동행 기업 파트너십 참여기업 모집 공고(무료 교육ㆍ컨설팅 지원),경기도,https://www.bizinfo.go.kr/sii/siia/selectSIIA200Detail.do?pblancId=PBLN_000000000121131,https://www.bizinfo.go.kr/sii/siia/[공고문] 2026년 「일터동행 기업 파트너십」 참여기업 모집(신청서 양식 포함).hwp,.hwp,C:\dongaAI\3차 프로젝트\0.0\data\attachments\hwp_raw\PBLN_000000000121131_[공고문] 2026년 「일터동행 기업 파트너십」 참여기업 모집(신청서 양식 포함).hwp,download_failed,400 Client Error: Bad Request for url: https://www.bizinfo.go.kr/sii/siia/%5B%EA%B3%B5%EA%B3%A0%EB%AC%B8%5D%202026%EB%85%84%20%E3%80%8C%EC%9D%BC%ED%84%B0%EB%8F%99%ED%96%89%20%EA%B8%B0%EC%97%85%20%ED%8C%8C%ED%8A%B8%EB%84%88%EC%8B%AD%E3%80%8D%20%EC%B0%B8%EC%97%AC%EA%B8%B0%EC%97%85%20%EB%AA%A8%EC%A7%91(%EC%8B%A0%EC%B2%AD%EC%84%9C%20%EC%96%91%EC%8B%9D%20%ED%8F%AC%ED%95%A8).hwp,2026-07-01T02:34:50
PBLN_000000000121131,bizinfo,[경기] 2026년 일터동행 기업 파트너십 참여기업 모집 공고(무료 교육ㆍ컨설팅 지원),경기도,https://www.bizinfo.go.kr/sii/siia/selectSIIA200Detail.do?pblancId=PBLN_000000000121131,https://www.bizinfo.go.kr/cmm/fms/fileDown.do?atchFileId=FILE_000000000752381&fileSn=1,.hwp,C:\dongaAI\3차 프로젝트\0.0\data\attachments\hwp_raw\PBLN_000000000121131_[ê³µê³ ë¬¸] 2026ë  ãì¼í°ëí ê¸°ì íí¸ëì­ã ì°¸ì¬ê¸°ì ëª¨ì§(ì ì²­ì ìì í¬í¨).hwp,downloaded,,2026-07-01T02:34:50
PBLN_000000000118681,bizinfo,[경남] 진주시 2026년 산업재산권 권리화 지원 사업 공고,경상남도,https://www.bizinfo.go.kr/sii/siia/selectSIIA200Detail.do?pblancId=PBLN_000000000118681,https://www.bizinfo.go.kr/sii/siia/202602201401290525.hwp,.hwp,C:\dongaAI\3차 프로젝트\0.0\data\attachments\hwp_raw\PBLN_000000000118681_202602201401290525.hwp,download_failed,404 Client Error: Not Found for url: https://www.bizinfo.go.kr/sii/siia/202602201401290525.hwp,2026-07-01T02:34:50
PBLN_000000000118681,bizinfo,[경남] 진주시 2026년 산업재산권 권리화 지원 사업 공고,경상남도,https://www.bizinfo.go.kr/sii/siia/selectSIIA200Detail.do?pblancId=PBLN_000000000118681,https://www.bizinfo.go.kr/sii/siia/2026년 산업재산권 권리화 지원사업 공고.hwp,.hwp,C:\dongaAI\3차 프로젝트\0.0\data\attachments\hwp_raw\PBLN_000000000118681_2026년 산업재산권 권리화 지원사업 공고.hwp,download_failed,400 Client Error: Bad Request for url: https://www.bizinfo.go.kr/sii/siia/2026%EB%85%84%20%EC%82%B0%EC%97%85%EC%9E%AC%EC%82%B0%EA%B6%8C%20%EA%B6%8C%EB%A6%AC%ED%99%94%20%EC%A7%80%EC%9B%90%EC%82%AC%EC%97%85%20%EA%B3%B5%EA%B3%A0.hwp,2026-07-01T02:34:50
PBLN_000000000118681,bizinfo,[경남] 진주시 2026년 산업재산권 권리화 지원 사업 공고,경상남도,https://www.bizinfo.go.kr/sii/siia/selectSIIA200Detail.do?pblancId=PBLN_000000000118681,https://www.bizinfo.go.kr/cmm/fms/fileDown.do?atchFileId=FILE_000000000744220&fileSn=0,.hwp,C:\dongaAI\3차 프로젝트\0.0\data\attachments\hwp_raw\PBLN_000000000118681_2026ë  ì°ì ì¬ì°ê¶ ê¶ë¦¬í ì§ìì¬ì ê³µê³.hwp,downloaded,,2026-07-01T02:34:50
PBLN_000000000120117,bizinfo,2026년 소상공인 투자연계 지원사업 립스(LIPS) 프로그램 소상공인 모집 공고,중소벤처기업부,https://www.bizinfo.go.kr/sii/siia/selectSIIA200Detail.do?pblancId=PBLN_000000000120117,https://www.bizinfo.go.kr/sii/siia/202603301335460644.hwp,.hwp,C:\dongaAI\3차 프로젝트\0.0\data\attachments\hwp_raw\PBLN_000000000120117_202603301335460644.hwp,download_failed,404 Client Error: Not Found for url: https://www.bizinfo.go.kr/sii/siia/202603301335460644.hwp,2026-07-01T02:34:50
PBLN_000000000120117,bizinfo,2026년 소상공인 투자연계 지원사업 립스(LIPS) 프로그램 소상공인 모집 공고,중소벤처기업부,https://www.bizinfo.go.kr/sii/siia/selectSIIA200Detail.do?pblancId=PBLN_000000000120117,https://www.bizinfo.go.kr/cmm/fms/fileDown.do?atchFileId=FILE_000000000749020&fileSn=0,.hwp,C:\dongaAI\3차 프로젝트\0.0\data\attachments\hwp_raw\PBLN_000000000120117_[ìì]+LIPS+íë¡ê·¸ë¨+ì´ìì¬+í¬ìì ìì+ë°+ì¬ì ê³íì.hwp,downloaded,,2026-07-01T02:34:50
PBLN_000000000120117,bizinfo,2026년 소상공인 투자연계 지원사업 립스(LIPS) 프로그램 소상공인 모집 공고,중소벤처기업부,https://www.bizinfo.go.kr/sii/siia/selectSIIA200Detail.do?pblancId=PBLN_000000000120117,https://www.bizinfo.go.kr/cmm/fms/fileDown.do?atchFileId=FILE_000000000749020&fileSn=1,.hwp,C:\dongaAI\3차 프로젝트\0.0\data\attachments\hwp_raw\PBLN_000000000120117_[ë³ì²¨]+2026ë +ë¦½ì¤(LIPS)+ì´ìì¬+íí©.hwp,downloaded,,2026-07-01T02:34:50
PBLN_000000000120117,bizinfo,2026년 소상공인 투자연계 지원사업 립스(LIPS) 프로그램 소상공인 모집 공고,중소벤처기업부,https://www.bizinfo.go.kr/sii/siia/selectSIIA200Detail.do?pblancId=PBLN_000000000120117,https://www.bizinfo.go.kr/cmm/fms/fileDown.do?atchFileId=FILE_000000000749019&fileSn=0,.hwp,C:\dongaAI\3차 프로젝트\0.0\data\attachments\hwp_raw\PBLN_000000000120117_2026ë +ììê³µì¸+í¬ìì°ê³+ì§ìì¬ì +ë¦½ì¤(LIPS)+íë¡ê·¸ë¨+ììê³µì¸+ëª¨ì§+ê³µê³.hwp,downloaded,,2026-07-01T02:34:50
PBLN_000000000123682,bizinfo,2026년 ICT 중소기업 정보보호 지원 사업 수요기업 모집 공고,과학기술정보통신부,https://www.bizinfo.go.kr/sii/siia/selectSIIA200Detail.do?pblancId=PBLN_000000000123682,https://www.bizinfo.go.kr/cmm/fms/fileDown.do?atchFileId=FILE_000000000761779&fileSn=0,.hwp,C:\dongaAI\3차 프로젝트\0.0\data\attachments\hwp_raw\PBLN_000000000123682_2026ë  ICT ì¤ìê¸°ì ì ë³´ë³´í¸ ì§ì ì¬ì ììê¸°ì ëª¨ì§ ê³µê³ ë¬¸.hwp,downloaded,,2026-07-01T02:34:50
PBLN_000000000120102,bizinfo,[전북] 2026년 중동분쟁 대응 수출입기업 긴급 경영안정자금 지원계획 변경 공고,전북특별자치도,https://www.bizinfo.go.kr/sii/siia/selectSIIA200Detail.do?pblancId=PBLN_000000000120102,https://www.bizinfo.go.kr/cmm/fms/fileDown.do?atchFileId=FILE_000000000749046&fileSn=1,.hwp,C:\dongaAI\3차 프로젝트\0.0\data\attachments\hwp_raw\PBLN_000000000120102_ì¤ë ë¶ì ëì ìì¶ì ê¸°ì ê¸´ê¸ê²½ììì ìê¸ ì§ìê³í ë³ê²½ ê³µê³ ë¬¸.hwp,downloaded,,2026-07-01T02:34:51
PBLN_000000000120549,bizinfo,[경남] 2026년 항노화기업 천연물 소재화 지원사업 참여기업 모집 공고,경상남도,https://www.bizinfo.go.kr/sii/siia/selectSIIA200Detail.do?pblancId=PBLN_000000000120549,https://www.bizinfo.go.kr/sii/siia/202604081344290991.hwp,.hwp,C:\dongaAI\3차 프로젝트\0.0\data\attachments\hwp_raw\PBLN_000000000120549_202604081344290991.hwp,download_failed,404 Client Error: Not Found for url: https://www.bizinfo.go.kr/sii/siia/202604081344290991.hwp,2026-07-01T02:34:51
PBLN_000000000120549,bizinfo,[경남] 2026년 항노화기업 천연물 소재화 지원사업 참여기업 모집 공고,경상남도,https://www.bizinfo.go.kr/sii/siia/selectSIIA200Detail.do?pblancId=PBLN_000000000120549,https://www.bizinfo.go.kr/cmm/fms/fileDown.do?atchFileId=FILE_000000000750415&fileSn=1,.hwp,C:\dongaAI\3차 프로젝트\0.0\data\attachments\hwp_raw\PBLN_000000000120549_[ìì] 2026ë  í­ë ¸íê¸°ì ì²ì°ë¬¼ìì¬í ì§ìì¬ì ì§ììë¥.hwp,downloaded,,2026-07-01T02:34:51
PBLN_000000000120549,bizinfo,[경남] 2026년 항노화기업 천연물 소재화 지원사업 참여기업 모집 공고,경상남도,https://www.bizinfo.go.kr/sii/siia/selectSIIA200Detail.do?pblancId=PBLN_000000000120549,https://www.bizinfo.go.kr/cmm/fms/fileDown.do?atchFileId=FILE_000000000750415&fileSn=2,.hwp,C:\dongaAI\3차 프로젝트\0.0\data\attachments\hwp_raw\PBLN_000000000120549_ì¼í° ìì¤ ë° ì¥ë¹íí©.hwp,downloaded,,2026-07-01T02:34:51
PBLN_000000000120549,bizinfo,[경남] 2026년 항노화기업 천연물 소재화 지원사업 참여기업 모집 공고,경상남도,https://www.bizinfo.go.kr/sii/siia/selectSIIA200Detail.do?pblancId=PBLN_000000000120549,https://www.bizinfo.go.kr/cmm/fms/fileDown.do?atchFileId=FILE_000000000750414&fileSn=1,.hwp,C:\dongaAI\3차 프로젝트\0.0\data\attachments\hwp_raw\PBLN_000000000120549_[ê³µê³ ]2026ë  í­ë ¸íê¸°ì ì²ì°ë¬¼ ìì¬í ì§ìì¬ì ì°¸ì¬ê¸°ì ëª¨ì§ ê³µê³.hwp,downloaded,,2026-07-01T02:34:51
PBLN_000000000119481,bizinfo,[경남] 진주시 2026년 중소기업 개별 수출보험료 지원사업 공고,경상남도,https://www.bizinfo.go.kr/sii/siia/selectSIIA200Detail.do?pblancId=PBLN_000000000119481,https://www.bizinfo.go.kr/sii/siia/202603131324020859.hwp,.hwp,C:\dongaAI\3차 프로젝트\0.0\data\attachments\hwp_raw\PBLN_000000000119481_202603131324020859.hwp,download_failed,404 Client Error: Not Found for url: https://www.bizinfo.go.kr/sii/siia/202603131324020859.hwp,2026-07-01T02:34:51
PBLN_000000000119481,bizinfo,[경남] 진주시 2026년 중소기업 개별 수출보험료 지원사업 공고,경상남도,https://www.bizinfo.go.kr/sii/siia/selectSIIA200Detail.do?pblancId=PBLN_000000000119481,https://www.bizinfo.go.kr/sii/siia/2026년 중소기업 개별 수출보험료 지원계획 공고문.hwp,.hwp,C:\dongaAI\3차 프로젝트\0.0\data\attachments\hwp_raw\PBLN_000000000119481_2026년 중소기업 개별 수출보험료 지원계획 공고문.hwp,download_failed,400 Client Error: Bad Request for url: https://www.bizinfo.go.kr/sii/siia/2026%EB%85%84%20%EC%A4%91%EC%86%8C%EA%B8%B0%EC%97%85%20%EA%B0%9C%EB%B3%84%20%EC%88%98%EC%B6%9C%EB%B3%B4%ED%97%98%EB%A3%8C%20%EC%A7%80%EC%9B%90%EA%B3%84%ED%9A%8D%20%EA%B3%B5%EA%B3%A0%EB%AC%B8.hwp,2026-07-01T02:34:51
PBLN_000000000119481,bizinfo,[경남] 진주시 2026년 중소기업 개별 수출보험료 지원사업 공고,경상남도,https://www.bizinfo.go.kr/sii/siia/selectSIIA200Detail.do?pblancId=PBLN_000000000119481,https://www.bizinfo.go.kr/cmm/fms/fileDown.do?atchFileId=FILE_000000000746752&fileSn=0,.hwp,C:\dongaAI\3차 프로젝트\0.0\data\attachments\hwp_raw\PBLN_000000000119481_2026ë  ì¤ìê¸°ì ê°ë³ ìì¶ë³´íë£ ì§ìê³í ê³µê³ ë¬¸.hwp,downloaded,,2026-07-01T02:34:51
PBLN_000000000118880,bizinfo,[인천] 2026년 지역 내 소상공인 고용창출 확대를 위한 일자리 창출 특례보증 지원사업 공고,인천광역시,https://www.bizinfo.go.kr/sii/siia/selectSIIA200Detail.do?pblancId=PBLN_000000000118880,https://www.bizinfo.go.kr/sii/siia/202602251527420972.hwp,.hwp,C:\dongaAI\3차 프로젝트\0.0\data\attachments\hwp_raw\PBLN_000000000118880_202602251527420972.hwp,download_failed,404 Client Error: Not Found for url: https://www.bizinfo.go.kr/sii/siia/202602251527420972.hwp,2026-07-01T02:34:51
PBLN_000000000118880,bizinfo,[인천] 2026년 지역 내 소상공인 고용창출 확대를 위한 일자리 창출 특례보증 지원사업 공고,인천광역시,https://www.bizinfo.go.kr/sii/siia/selectSIIA200Detail.do?pblancId=PBLN_000000000118880,https://www.bizinfo.go.kr/sii/siia/공고문(2026 일자리창출).hwp,.hwp,C:\dongaAI\3차 프로젝트\0.0\data\attachments\hwp_raw\PBLN_000000000118880_공고문(2026 일자리창출).hwp,download_failed,400 Client Error: Bad Request for url: https://www.bizinfo.go.kr/sii/siia/%EA%B3%B5%EA%B3%A0%EB%AC%B8(2026%20%EC%9D%BC%EC%9E%90%EB%A6%AC%EC%B0%BD%EC%B6%9C).hwp,2026-07-01T02:34:51
PBLN_000000000118880,bizinfo,[인천] 2026년 지역 내 소상공인 고용창출 확대를 위한 일자리 창출 특례보증 지원사업 공고,인천광역시,https://www.bizinfo.go.kr/sii/siia/selectSIIA200Detail.do?pblancId=PBLN_000000000118880,https://www.bizinfo.go.kr/cmm/fms/fileDown.do?atchFileId=FILE_000000000744664&fileSn=0,.hwp,C:\dongaAI\3차 프로젝트\0.0\data\attachments\hwp_raw\PBLN_000000000118880_ê³µê³ ë¬¸(2026 ì¼ìë¦¬ì°½ì¶).hwp,downloaded,,2026-07-01T02:34:51
PBLN_000000000120062,bizinfo,[충북] 2026년 긴급 운전자금 융자(이차보전) 지원계획 공고,충청북도,https://www.bizinfo.go.kr/sii/siia/selectSIIA200Detail.do?pblancId=PBLN_000000000120062,https://www.bizinfo.go.kr/cmm/fms/fileDown.do?atchFileId=FILE_000000000748837&fileSn=1,.hwp,C:\dongaAI\3차 프로젝트\0.0\data\attachments\hwp_raw\PBLN_000000000120062_2026ë  ì¶©ì²­ë¶ë ê¸´ê¸ ì´ì ìê¸ ìµì(ì´ì°¨ë³´ì ) ì§ìê³í ê³µê³ ë¬¸.hwp,downloaded,,2026-07-01T02:34:51
PBLN_000000000118917,bizinfo,[경남] 진주시 2026년 창업기업 신용보증수수료 지원사업 공고,경상남도,https://www.bizinfo.go.kr/sii/siia/selectSIIA200Detail.do?pblancId=PBLN_000000000118917,https://www.bizinfo.go.kr/sii/siia/202602261338430790.hwp,.hwp,C:\dongaAI\3차 프로젝트\0.0\data\attachments\hwp_raw\PBLN_000000000118917_202602261338430790.hwp,download_failed,404 Client Error: Not Found for url: https://www.bizinfo.go.kr/sii/siia/202602261338430790.hwp,2026-07-01T02:34:52
PBLN_000000000118917,bizinfo,[경남] 진주시 2026년 창업기업 신용보증수수료 지원사업 공고,경상남도,https://www.bizinfo.go.kr/sii/siia/selectSIIA200Detail.do?pblancId=PBLN_000000000118917,https://www.bizinfo.go.kr/sii/siia/공고문(2026년 창업기업 신용보증수수료 지원사업).hwp,.hwp,C:\dongaAI\3차 프로젝트\0.0\data\attachments\hwp_raw\PBLN_000000000118917_공고문(2026년 창업기업 신용보증수수료 지원사업).hwp,download_failed,400 Client Error: Bad Request for url: https://www.bizinfo.go.kr/sii/siia/%EA%B3%B5%EA%B3%A0%EB%AC%B8(2026%EB%85%84%20%EC%B0%BD%EC%97%85%EA%B8%B0%EC%97%85%20%EC%8B%A0%EC%9A%A9%EB%B3%B4%EC%A6%9D%EC%88%98%EC%88%98%EB%A3%8C%20%EC%A7%80%EC%9B%90%EC%82%AC%EC%97%85).hwp,2026-07-01T02:34:52
PBLN_000000000118917,bizinfo,[경남] 진주시 2026년 창업기업 신용보증수수료 지원사업 공고,경상남도,https://www.bizinfo.go.kr/sii/siia/selectSIIA200Detail.do?pblancId=PBLN_000000000118917,https://www.bizinfo.go.kr/cmm/fms/fileDown.do?atchFileId=FILE_000000000744786&fileSn=0,.hwp,C:\dongaAI\3차 프로젝트\0.0\data\attachments\hwp_raw\PBLN_000000000118917_ê³µê³ ë¬¸(2026ë  ì°½ì ê¸°ì ì ì©ë³´ì¦ììë£ ì§ìì¬ì ).hwp,downloaded,,2026-07-01T02:34:52
PBLN_000000000121328,bizinfo,[경북] 김천시 2026년 소상공인 카드수수료 지원사업 참여점포 모집 공고,경상북도,https://www.bizinfo.go.kr/sii/siia/selectSIIA200Detail.do?pblancId=PBLN_000000000121328,https://www.bizinfo.go.kr/cmm/fms/fileDown.do?atchFileId=FILE_000000000753095&fileSn=1,.hwp,C:\dongaAI\3차 프로젝트\0.0\data\attachments\hwp_raw\PBLN_000000000121328_(ìì)ã2026ë  ê¹ì²ì ììê³µì¸ ì¹´ëììë£ ì§ìì¬ì ã ì ì²­ ìì.hwp,downloaded,,2026-07-01T02:34:52
PBLN_000000000120054,bizinfo,[대전] 2026년 중소유통업 시설투자 및 운전자금 융자지원계획 공고,대전광역시,https://www.bizinfo.go.kr/sii/siia/selectSIIA200Detail.do?pblancId=PBLN_000000000120054,https://www.bizinfo.go.kr/sii/siia/202603271124350800.hwp,.hwp,C:\dongaAI\3차 프로젝트\0.0\data\attachments\hwp_raw\PBLN_000000000120054_202603271124350800.hwp,download_failed,404 Client Error: Not Found for url: https://www.bizinfo.go.kr/sii/siia/202603271124350800.hwp,2026-07-01T02:34:52
PBLN_000000000120054,bizinfo,[대전] 2026년 중소유통업 시설투자 및 운전자금 융자지원계획 공고,대전광역시,https://www.bizinfo.go.kr/sii/siia/selectSIIA200Detail.do?pblancId=PBLN_000000000120054,https://www.bizinfo.go.kr/sii/siia/2026년도+중소유통업+시설투자+및+운전자금+융자지원계획+공고+(최종).hwp,.hwp,C:\dongaAI\3차 프로젝트\0.0\data\attachments\hwp_raw\PBLN_000000000120054_2026년도+중소유통업+시설투자+및+운전자금+융자지원계획+공고+(최종).hwp,download_failed,400 Client Error: Bad Request for url: https://www.bizinfo.go.kr/sii/siia/2026%EB%85%84%EB%8F%84+%EC%A4%91%EC%86%8C%EC%9C%A0%ED%86%B5%EC%97%85+%EC%8B%9C%EC%84%A4%ED%88%AC%EC%9E%90+%EB%B0%8F+%EC%9A%B4%EC%A0%84%EC%9E%90%EA%B8%88+%EC%9C%B5%EC%9E%90%EC%A7%80%EC%9B%90%EA%B3%84%ED%9A%8D+%EA%B3%B5%EA%B3%A0+(%EC%B5%9C%EC%A2%85).hwp,2026-07-01T02:34:52
PBLN_000000000120054,bizinfo,[대전] 2026년 중소유통업 시설투자 및 운전자금 융자지원계획 공고,대전광역시,https://www.bizinfo.go.kr/sii/siia/selectSIIA200Detail.do?pblancId=PBLN_000000000120054,https://www.bizinfo.go.kr/cmm/fms/fileDown.do?atchFileId=FILE_000000000748795&fileSn=1,.hwp,C:\dongaAI\3차 프로젝트\0.0\data\attachments\hwp_raw\PBLN_000000000120054_2026ë ë+ì¤ìì íµì +ìì¤í¬ì+ë°+ì´ì ìê¸+ìµìì§ìê³í+ê³µê³ +(ìµì¢ ).hwp,downloaded,,2026-07-01T02:34:52
PBLN_000000000123656,bizinfo,[충남] 2026년 2차 지역혁신클러스터육성(비R&D)사업 사업화 지원 수혜기업 모집 공고,충청남도,https://www.bizinfo.go.kr/sii/siia/selectSIIA200Detail.do?pblancId=PBLN_000000000123656,https://www.bizinfo.go.kr/cmm/fms/fileDown.do?atchFileId=FILE_000000000761722&fileSn=1,.hwp,C:\dongaAI\3차 프로젝트\0.0\data\attachments\hwp_raw\PBLN_000000000123656_ë¶ì2. ì ì²­ìì_2026ë  ì§ì­íì í´ë¬ì¤í°ì¡ì±(ë¹R&D)_ì¬ì íì§ì ì 2ì°¨.hwp,downloaded,,2026-07-01T02:34:52
PBLN_000000000118879,bizinfo,[인천] 2026년 청년 창업가 육성 및 지원을 위한 청년창업 특례보증 지원사업 공고,인천광역시,https://www.bizinfo.go.kr/sii/siia/selectSIIA200Detail.do?pblancId=PBLN_000000000118879,https://www.bizinfo.go.kr/sii/siia/202602251523130507.hwp,.hwp,C:\dongaAI\3차 프로젝트\0.0\data\attachments\hwp_raw\PBLN_000000000118879_202602251523130507.hwp,download_failed,404 Client Error: Not Found for url: https://www.bizinfo.go.kr/sii/siia/202602251523130507.hwp,2026-07-01T02:34:52
PBLN_000000000118879,bizinfo,[인천] 2026년 청년 창업가 육성 및 지원을 위한 청년창업 특례보증 지원사업 공고,인천광역시,https://www.bizinfo.go.kr/sii/siia/selectSIIA200Detail.do?pblancId=PBLN_000000000118879,https://www.bizinfo.go.kr/sii/siia/공고문(2026 청년창업).hwp,.hwp,C:\dongaAI\3차 프로젝트\0.0\data\attachments\hwp_raw\PBLN_000000000118879_공고문(2026 청년창업).hwp,download_failed,400 Client Error: Bad Request for url: https://www.bizinfo.go.kr/sii/siia/%EA%B3%B5%EA%B3%A0%EB%AC%B8(2026%20%EC%B2%AD%EB%85%84%EC%B0%BD%EC%97%85).hwp,2026-07-01T02:34:52
PBLN_000000000118879,bizinfo,[인천] 2026년 청년 창업가 육성 및 지원을 위한 청년창업 특례보증 지원사업 공고,인천광역시,https://www.bizinfo.go.kr/sii/siia/selectSIIA200Detail.do?pblancId=PBLN_000000000118879,https://www.bizinfo.go.kr/cmm/fms/fileDown.do?atchFileId=FILE_000000000744662&fileSn=0,.hwp,C:\dongaAI\3차 프로젝트\0.0\data\attachments\hwp_raw\PBLN_000000000118879_ê³µê³ ë¬¸(2026 ì²­ë ì°½ì ).hwp,downloaded,,2026-07-01T02:34:52
PBLN_000000000118210,bizinfo,2026년 리스크안전망 구축 지원업체 모집 공고,해양수산부,https://www.bizinfo.go.kr/sii/siia/selectSIIA200Detail.do?pblancId=PBLN_000000000118210,https://www.bizinfo.go.kr/sii/siia/202602041346220792.hwp,.hwp,C:\dongaAI\3차 프로젝트\0.0\data\attachments\hwp_raw\PBLN_000000000118210_202602041346220792.hwp,download_failed,404 Client Error: Not Found for url: https://www.bizinfo.go.kr/sii/siia/202602041346220792.hwp,2026-07-01T02:34:52
PBLN_000000000118210,bizinfo,2026년 리스크안전망 구축 지원업체 모집 공고,해양수산부,https://www.bizinfo.go.kr/sii/siia/selectSIIA200Detail.do?pblancId=PBLN_000000000118210,https://www.bizinfo.go.kr/sii/siia/붙임._2026년_리스크안전망_구축_지원업체_모집공고_및_신청서.hwp,.hwp,C:\dongaAI\3차 프로젝트\0.0\data\attachments\hwp_raw\PBLN_000000000118210_붙임._2026년_리스크안전망_구축_지원업체_모집공고_및_신청서.hwp,download_failed,400 Client Error: Bad Request for url: https://www.bizinfo.go.kr/sii/siia/%EB%B6%99%EC%9E%84._2026%EB%85%84_%EB%A6%AC%EC%8A%A4%ED%81%AC%EC%95%88%EC%A0%84%EB%A7%9D_%EA%B5%AC%EC%B6%95_%EC%A7%80%EC%9B%90%EC%97%85%EC%B2%B4_%EB%AA%A8%EC%A7%91%EA%B3%B5%EA%B3%A0_%EB%B0%8F_%EC%8B%A0%EC%B2%AD%EC%84%9C.hwp,2026-07-01T02:34:52
PBLN_000000000118210,bizinfo,2026년 리스크안전망 구축 지원업체 모집 공고,해양수산부,https://www.bizinfo.go.kr/sii/siia/selectSIIA200Detail.do?pblancId=PBLN_000000000118210,https://www.bizinfo.go.kr/cmm/fms/fileDown.do?atchFileId=FILE_000000000742877&fileSn=0,.hwp,C:\dongaAI\3차 프로젝트\0.0\data\attachments\hwp_raw\PBLN_000000000118210_ë¶ì._2026ë _ë¦¬ì¤í¬ìì ë§_êµ¬ì¶_ì§ìì ì²´_ëª¨ì§ê³µê³ _ë°_ì ì²­ì.hwp,downloaded,,2026-07-01T02:34:52
PBLN_000000000118191,bizinfo,[인천] 2026년 식품진흥기금 융자사업 공고,인천광역시,https://www.bizinfo.go.kr/sii/siia/selectSIIA200Detail.do?pblancId=PBLN_000000000118191,https://www.bizinfo.go.kr/cmm/fms/fileDown.do?atchFileId=FILE_000000000742826&fileSn=1,.hwp,C:\dongaAI\3차 프로젝트\0.0\data\attachments\hwp_raw\PBLN_000000000118191_(2026)ìíì§í¥ê¸°ê¸ ìµìì ì²­ì ë± ì ì¶ìë¥.hwp,downloaded,,2026-07-01T02:34:53
PBLN_000000000123636,bizinfo,[울산] 2026년 산학융합 혁신기반 활용사업 시제품 제작 지원 사업 참여기업 모집 공고,울산광역시,https://www.bizinfo.go.kr/sii/siia/selectSIIA200Detail.do?pblancId=PBLN_000000000123636,https://www.bizinfo.go.kr/cmm/fms/fileDown.do?atchFileId=FILE_000000000761648&fileSn=0,.hwp,C:\dongaAI\3차 프로젝트\0.0\data\attachments\hwp_raw\PBLN_000000000123636_[ë¶ì2] 2026ë  ì°íìµí©íì ê¸°ë°íì©ì¬ì (ìì í ì ì ì§ì) ì ì²­ ìì.hwp,downloaded,,2026-07-01T02:34:53
PBLN_000000000121411,bizinfo,[울산] 울주군 2026년 강소기업 육성 기술 혁신 지원사업 추가모집 공고,울산광역시,https://www.bizinfo.go.kr/sii/siia/selectSIIA200Detail.do?pblancId=PBLN_000000000121411,https://www.bizinfo.go.kr/sii/siia/202604281541320108.hwp,.hwp,C:\dongaAI\3차 프로젝트\0.0\data\attachments\hwp_raw\PBLN_000000000121411_202604281541320108.hwp,download_failed,404 Client Error: Not Found for url: https://www.bizinfo.go.kr/sii/siia/202604281541320108.hwp,2026-07-01T02:34:53
PBLN_000000000121411,bizinfo,[울산] 울주군 2026년 강소기업 육성 기술 혁신 지원사업 추가모집 공고,울산광역시,https://www.bizinfo.go.kr/sii/siia/selectSIIA200Detail.do?pblancId=PBLN_000000000121411,https://www.bizinfo.go.kr/sii/siia/(공고문) 2026년 울주군 강소기업 육성 기술 혁신 지원사업 추가모집.hwp,.hwp,C:\dongaAI\3차 프로젝트\0.0\data\attachments\hwp_raw\PBLN_000000000121411_(공고문) 2026년 울주군 강소기업 육성 기술 혁신 지원사업 추가모집.hwp,download_failed,400 Client Error: Bad Request for url: https://www.bizinfo.go.kr/sii/siia/(%EA%B3%B5%EA%B3%A0%EB%AC%B8)%202026%EB%85%84%20%EC%9A%B8%EC%A3%BC%EA%B5%B0%20%EA%B0%95%EC%86%8C%EA%B8%B0%EC%97%85%20%EC%9C%A1%EC%84%B1%20%EA%B8%B0%EC%88%A0%20%ED%98%81%EC%8B%A0%20%EC%A7%80%EC%9B%90%EC%82%AC%EC%97%85%20%EC%B6%94%EA%B0%80%EB%AA%A8%EC%A7%91.hwp,2026-07-01T02:34:53
PBLN_000000000121411,bizinfo,[울산] 울주군 2026년 강소기업 육성 기술 혁신 지원사업 추가모집 공고,울산광역시,https://www.bizinfo.go.kr/sii/siia/selectSIIA200Detail.do?pblancId=PBLN_000000000121411,https://www.bizinfo.go.kr/cmm/fms/fileDown.do?atchFileId=FILE_000000000753369&fileSn=1,.hwp,C:\dongaAI\3차 프로젝트\0.0\data\attachments\hwp_raw\PBLN_000000000121411_(ìì) ì¸ì£¼êµ° ê°ìê¸°ì ì¡ì± ê¸°ì íì ì§ìì¬ì.hwp,downloaded,,2026-07-01T02:34:53
PBLN_000000000121411,bizinfo,[울산] 울주군 2026년 강소기업 육성 기술 혁신 지원사업 추가모집 공고,울산광역시,https://www.bizinfo.go.kr/sii/siia/selectSIIA200Detail.do?pblancId=PBLN_000000000121411,https://www.bizinfo.go.kr/cmm/fms/fileDown.do?atchFileId=FILE_000000000753368&fileSn=0,.hwp,C:\dongaAI\3차 프로젝트\0.0\data\attachments\hwp_raw\PBLN_000000000121411_(ê³µê³ ë¬¸) 2026ë  ì¸ì£¼êµ° ê°ìê¸°ì ì¡ì± ê¸°ì íì ì§ìì¬ì ì¶ê°ëª¨ì§.hwp,downloaded,,2026-07-01T02:34:53
PBLN_000000000118586,bizinfo,[경남] 2026년 식품진흥기금 융자금 지원계획 공고,경상남도,https://www.bizinfo.go.kr/sii/siia/selectSIIA200Detail.do?pblancId=PBLN_000000000118586,https://www.bizinfo.go.kr/sii/siia/202602191010570714.hwp,.hwp,C:\dongaAI\3차 프로젝트\0.0\data\attachments\hwp_raw\PBLN_000000000118586_202602191010570714.hwp,download_failed,404 Client Error: Not Found for url: https://www.bizinfo.go.kr/sii/siia/202602191010570714.hwp,2026-07-01T02:34:53
PBLN_000000000118586,bizinfo,[경남] 2026년 식품진흥기금 융자금 지원계획 공고,경상남도,https://www.bizinfo.go.kr/sii/siia/selectSIIA200Detail.do?pblancId=PBLN_000000000118586,https://www.bizinfo.go.kr/sii/siia/2026년+경상남도+식품진흥기금+융자+지원계획+공고문.hwp,.hwp,C:\dongaAI\3차 프로젝트\0.0\data\attachments\hwp_raw\PBLN_000000000118586_2026년+경상남도+식품진흥기금+융자+지원계획+공고문.hwp,download_failed,400 Client Error: Bad Request for url: https://www.bizinfo.go.kr/sii/siia/2026%EB%85%84+%EA%B2%BD%EC%83%81%EB%82%A8%EB%8F%84+%EC%8B%9D%ED%92%88%EC%A7%84%ED%9D%A5%EA%B8%B0%EA%B8%88+%EC%9C%B5%EC%9E%90+%EC%A7%80%EC%9B%90%EA%B3%84%ED%9A%8D+%EA%B3%B5%EA%B3%A0%EB%AC%B8.hwp,2026-07-01T02:34:53
PBLN_000000000118586,bizinfo,[경남] 2026년 식품진흥기금 융자금 지원계획 공고,경상남도,https://www.bizinfo.go.kr/sii/siia/selectSIIA200Detail.do?pblancId=PBLN_000000000118586,https://www.bizinfo.go.kr/cmm/fms/fileDown.do?atchFileId=FILE_000000000743977&fileSn=0,.hwp,C:\dongaAI\3차 프로젝트\0.0\data\attachments\hwp_raw\PBLN_000000000118586_2026ë +ê²½ìë¨ë+ìíì§í¥ê¸°ê¸+ìµì+ì§ìê³í+ê³µê³ ë¬¸.hwp,downloaded,,2026-07-01T02:34:53
PBLN_000000000121421,bizinfo,[경북] 영천시 2026년 소상공인 카드수수료 지원사업 참여 점포 모집 공고,경상북도,https://www.bizinfo.go.kr/sii/siia/selectSIIA200Detail.do?pblancId=PBLN_000000000121421,https://www.bizinfo.go.kr/cmm/fms/fileDown.do?atchFileId=FILE_000000000753436&fileSn=0,.hwp,C:\dongaAI\3차 프로젝트\0.0\data\attachments\hwp_raw\PBLN_000000000121421_(ë¶ì)ã2026ë  ê²½ìë¶ë ììê³µì¸ ì¹´ëììë£ ì§ìì¬ì ã ì¬ì ì ì²­ ìì.hwp,downloaded,,2026-07-01T02:34:53
PBLN_000000000121425,bizinfo,[경북] 구미시 2026년 소상공인 카드수수료 지원사업 참여 점포 모집 공고,경상북도,https://www.bizinfo.go.kr/sii/siia/selectSIIA200Detail.do?pblancId=PBLN_000000000121425,https://www.bizinfo.go.kr/cmm/fms/fileDown.do?atchFileId=FILE_000000000753444&fileSn=1,.hwp,C:\dongaAI\3차 프로젝트\0.0\data\attachments\hwp_raw\PBLN_000000000121425_(ìì)ã2026ë  êµ¬ë¯¸ì ììê³µì¸ ì¹´ëììë£ ì§ìì¬ì ã ì ì²­ ìì.hwp,downloaded,,2026-07-01T02:34:53
PBLN_000000000118129,bizinfo,[전남광주] 2026년 상반기 중점산업 창업 중소기업 육성 금융지원 공고,전남광주통합특별시,https://www.bizinfo.go.kr/sii/siia/selectSIIA200Detail.do?pblancId=PBLN_000000000118129,https://www.bizinfo.go.kr/sii/siia/202602031023190270.hwp,.hwp,C:\dongaAI\3차 프로젝트\0.0\data\attachments\hwp_raw\PBLN_000000000118129_202602031023190270.hwp,download_failed,404 Client Error: Not Found for url: https://www.bizinfo.go.kr/sii/siia/202602031023190270.hwp,2026-07-01T02:34:54
PBLN_000000000118129,bizinfo,[전남광주] 2026년 상반기 중점산업 창업 중소기업 육성 금융지원 공고,전남광주통합특별시,https://www.bizinfo.go.kr/sii/siia/selectSIIA200Detail.do?pblancId=PBLN_000000000118129,https://www.bizinfo.go.kr/sii/siia/공고문_2026년도 상반기 중점산업 창업 중소기업 육성 금융지원.hwp,.hwp,C:\dongaAI\3차 프로젝트\0.0\data\attachments\hwp_raw\PBLN_000000000118129_공고문_2026년도 상반기 중점산업 창업 중소기업 육성 금융지원.hwp,download_failed,400 Client Error: Bad Request for url: https://www.bizinfo.go.kr/sii/siia/%EA%B3%B5%EA%B3%A0%EB%AC%B8_2026%EB%85%84%EB%8F%84%20%EC%83%81%EB%B0%98%EA%B8%B0%20%EC%A4%91%EC%A0%90%EC%82%B0%EC%97%85%20%EC%B0%BD%EC%97%85%20%EC%A4%91%EC%86%8C%EA%B8%B0%EC%97%85%20%EC%9C%A1%EC%84%B1%20%EA%B8%88%EC%9C%B5%EC%A7%80%EC%9B%90.hwp,2026-07-01T02:34:54
PBLN_000000000118129,bizinfo,[전남광주] 2026년 상반기 중점산업 창업 중소기업 육성 금융지원 공고,전남광주통합특별시,https://www.bizinfo.go.kr/sii/siia/selectSIIA200Detail.do?pblancId=PBLN_000000000118129,https://www.bizinfo.go.kr/cmm/fms/fileDown.do?atchFileId=FILE_000000000742657&fileSn=0,.hwp,C:\dongaAI\3차 프로젝트\0.0\data\attachments\hwp_raw\PBLN_000000000118129_ì ì²­ìì_2026ë ë ìë°ê¸° ì¤ì ì°ì ì°½ì ì¤ìê¸°ì ì¡ì± ê¸ìµì§ì.hwp,downloaded,,2026-07-01T02:34:54
PBLN_000000000118129,bizinfo,[전남광주] 2026년 상반기 중점산업 창업 중소기업 육성 금융지원 공고,전남광주통합특별시,https://www.bizinfo.go.kr/sii/siia/selectSIIA200Detail.do?pblancId=PBLN_000000000118129,https://www.bizinfo.go.kr/cmm/fms/fileDown.do?atchFileId=FILE_000000000742656&fileSn=0,.hwp,C:\dongaAI\3차 프로젝트\0.0\data\attachments\hwp_raw\PBLN_000000000118129_ê³µê³ ë¬¸_2026ë ë ìë°ê¸° ì¤ì ì°ì ì°½ì ì¤ìê¸°ì ì¡ì± ê¸ìµì§ì.hwp,downloaded,,2026-07-01T02:34:54
PBLN_000000000121565,bizinfo,[경북] 문경시 2026년 소상공인 카드수수료 지원사업 참여점포 모집 공고,경상북도,https://www.bizinfo.go.kr/sii/siia/selectSIIA200Detail.do?pblancId=PBLN_000000000121565,https://www.bizinfo.go.kr/sii/siia/202605041335070931.hwp,.hwp,C:\dongaAI\3차 프로젝트\0.0\data\attachments\hwp_raw\PBLN_000000000121565_202605041335070931.hwp,download_failed,404 Client Error: Not Found for url: https://www.bizinfo.go.kr/sii/siia/202605041335070931.hwp,2026-07-01T02:34:54
PBLN_000000000121565,bizinfo,[경북] 문경시 2026년 소상공인 카드수수료 지원사업 참여점포 모집 공고,경상북도,https://www.bizinfo.go.kr/sii/siia/selectSIIA200Detail.do?pblancId=PBLN_000000000121565,https://www.bizinfo.go.kr/sii/siia/(붙임1)소상공인 카드수수료 모집공고(문경시).hwp,.hwp,C:\dongaAI\3차 프로젝트\0.0\data\attachments\hwp_raw\PBLN_000000000121565_(붙임1)소상공인 카드수수료 모집공고(문경시).hwp,download_failed,400 Client Error: Bad Request for url: https://www.bizinfo.go.kr/sii/siia/(%EB%B6%99%EC%9E%841)%EC%86%8C%EC%83%81%EA%B3%B5%EC%9D%B8%20%EC%B9%B4%EB%93%9C%EC%88%98%EC%88%98%EB%A3%8C%20%EB%AA%A8%EC%A7%91%EA%B3%B5%EA%B3%A0(%EB%AC%B8%EA%B2%BD%EC%8B%9C).hwp,2026-07-01T02:34:54
PBLN_000000000121565,bizinfo,[경북] 문경시 2026년 소상공인 카드수수료 지원사업 참여점포 모집 공고,경상북도,https://www.bizinfo.go.kr/sii/siia/selectSIIA200Detail.do?pblancId=PBLN_000000000121565,https://www.bizinfo.go.kr/cmm/fms/fileDown.do?atchFileId=FILE_000000000753933&fileSn=1,.hwp,C:\dongaAI\3차 프로젝트\0.0\data\attachments\hwp_raw\PBLN_000000000121565_(ë¶ì1)ììê³µì¸ ì¹´ëììë£ ëª¨ì§ê³µê³ (ë¬¸ê²½ì).hwp,downloaded,,2026-07-01T02:34:54
PBLN_000000000121567,bizinfo,[경북] 영양군 2026년 소상공인 카드수수료 지원사업 참여점포 모집 공고,경상북도,https://www.bizinfo.go.kr/sii/siia/selectSIIA200Detail.do?pblancId=PBLN_000000000121567,https://www.bizinfo.go.kr/sii/siia/202605041340380595.hwp,.hwp,C:\dongaAI\3차 프로젝트\0.0\data\attachments\hwp_raw\PBLN_000000000121567_202605041340380595.hwp,download_failed,404 Client Error: Not Found for url: https://www.bizinfo.go.kr/sii/siia/202605041340380595.hwp,2026-07-01T02:34:54
PBLN_000000000121567,bizinfo,[경북] 영양군 2026년 소상공인 카드수수료 지원사업 참여점포 모집 공고,경상북도,https://www.bizinfo.go.kr/sii/siia/selectSIIA200Detail.do?pblancId=PBLN_000000000121567,https://www.bizinfo.go.kr/sii/siia/(붙임1)소상공인 카드수수료 모집공고(영양군).hwp,.hwp,C:\dongaAI\3차 프로젝트\0.0\data\attachments\hwp_raw\PBLN_000000000121567_(붙임1)소상공인 카드수수료 모집공고(영양군).hwp,download_failed,400 Client Error: Bad Request for url: https://www.bizinfo.go.kr/sii/siia/(%EB%B6%99%EC%9E%841)%EC%86%8C%EC%83%81%EA%B3%B5%EC%9D%B8%20%EC%B9%B4%EB%93%9C%EC%88%98%EC%88%98%EB%A3%8C%20%EB%AA%A8%EC%A7%91%EA%B3%B5%EA%B3%A0(%EC%98%81%EC%96%91%EA%B5%B0).hwp,2026-07-01T02:34:54
PBLN_000000000121567,bizinfo,[경북] 영양군 2026년 소상공인 카드수수료 지원사업 참여점포 모집 공고,경상북도,https://www.bizinfo.go.kr/sii/siia/selectSIIA200Detail.do?pblancId=PBLN_000000000121567,https://www.bizinfo.go.kr/cmm/fms/fileDown.do?atchFileId=FILE_000000000753937&fileSn=1,.hwp,C:\dongaAI\3차 프로젝트\0.0\data\attachments\hwp_raw\PBLN_000000000121567_(ë¶ì1)ììê³µì¸ ì¹´ëììë£ ëª¨ì§ê³µê³ (ììêµ°).hwp,downloaded,,2026-07-01T02:34:54
PBLN_000000000118067,bizinfo,[대구] 2026년 동구 소상공인 경영안정자금 지원사업 공고,대구광역시,https://www.bizinfo.go.kr/sii/siia/selectSIIA200Detail.do?pblancId=PBLN_000000000118067,https://www.bizinfo.go.kr/sii/siia/202602020934500057.hwp,.hwp,C:\dongaAI\3차 프로젝트\0.0\data\attachments\hwp_raw\PBLN_000000000118067_202602020934500057.hwp,download_failed,404 Client Error: Not Found for url: https://www.bizinfo.go.kr/sii/siia/202602020934500057.hwp,2026-07-01T02:34:54
PBLN_000000000118067,bizinfo,[대구] 2026년 동구 소상공인 경영안정자금 지원사업 공고,대구광역시,https://www.bizinfo.go.kr/sii/siia/selectSIIA200Detail.do?pblancId=PBLN_000000000118067,https://www.bizinfo.go.kr/sii/siia/2026년 대구광역시 동구 소상공인 경영안정자금 지원사업 공고.hwp,.hwp,C:\dongaAI\3차 프로젝트\0.0\data\attachments\hwp_raw\PBLN_000000000118067_2026년 대구광역시 동구 소상공인 경영안정자금 지원사업 공고.hwp,download_failed,400 Client Error: Bad Request for url: https://www.bizinfo.go.kr/sii/siia/2026%EB%85%84%20%EB%8C%80%EA%B5%AC%EA%B4%91%EC%97%AD%EC%8B%9C%20%EB%8F%99%EA%B5%AC%20%EC%86%8C%EC%83%81%EA%B3%B5%EC%9D%B8%20%EA%B2%BD%EC%98%81%EC%95%88%EC%A0%95%EC%9E%90%EA%B8%88%20%EC%A7%80%EC%9B%90%EC%82%AC%EC%97%85%20%EA%B3%B5%EA%B3%A0.hwp,2026-07-01T02:34:54
PBLN_000000000118067,bizinfo,[대구] 2026년 동구 소상공인 경영안정자금 지원사업 공고,대구광역시,https://www.bizinfo.go.kr/sii/siia/selectSIIA200Detail.do?pblancId=PBLN_000000000118067,https://www.bizinfo.go.kr/cmm/fms/fileDown.do?atchFileId=FILE_000000000742478&fileSn=0,.hwp,C:\dongaAI\3차 프로젝트\0.0\data\attachments\hwp_raw\PBLN_000000000118067_2026ë  ëêµ¬ê´ì­ì ëêµ¬ ììê³µì¸ ê²½ììì ìê¸ ì§ìì¬ì ê³µê³.hwp,downloaded,,2026-07-01T02:34:54
PBLN_000000000121631,bizinfo,[전남광주] 2026년 기술닥터제 지원사업 참여기업 모집 공고,전남광주통합특별시,https://www.bizinfo.go.kr/sii/siia/selectSIIA200Detail.do?pblancId=PBLN_000000000121631,https://www.bizinfo.go.kr/sii/siia/202605061332150422.hwp,.hwp,C:\dongaAI\3차 프로젝트\0.0\data\attachments\hwp_raw\PBLN_000000000121631_202605061332150422.hwp,download_failed,404 Client Error: Not Found for url: https://www.bizinfo.go.kr/sii/siia/202605061332150422.hwp,2026-07-01T02:34:55
PBLN_000000000121631,bizinfo,[전남광주] 2026년 기술닥터제 지원사업 참여기업 모집 공고,전남광주통합특별시,https://www.bizinfo.go.kr/sii/siia/selectSIIA200Detail.do?pblancId=PBLN_000000000121631,https://www.bizinfo.go.kr/sii/siia/붙임. (기업용)기술닥터제 컨설팅 참여기업 신청 양식(2026).hwp,.hwp,C:\dongaAI\3차 프로젝트\0.0\data\attachments\hwp_raw\PBLN_000000000121631_붙임. (기업용)기술닥터제 컨설팅 참여기업 신청 양식(2026).hwp,download_failed,400 Client Error: Bad Request for url: https://www.bizinfo.go.kr/sii/siia/%EB%B6%99%EC%9E%84.%20(%EA%B8%B0%EC%97%85%EC%9A%A9)%EA%B8%B0%EC%88%A0%EB%8B%A5%ED%84%B0%EC%A0%9C%20%EC%BB%A8%EC%84%A4%ED%8C%85%20%EC%B0%B8%EC%97%AC%EA%B8%B0%EC%97%85%20%EC%8B%A0%EC%B2%AD%20%EC%96%91%EC%8B%9D(2026).hwp,2026-07-01T02:34:55
PBLN_000000000121631,bizinfo,[전남광주] 2026년 기술닥터제 지원사업 참여기업 모집 공고,전남광주통합특별시,https://www.bizinfo.go.kr/sii/siia/selectSIIA200Detail.do?pblancId=PBLN_000000000121631,https://www.bizinfo.go.kr/cmm/fms/fileDown.do?atchFileId=FILE_000000000754151&fileSn=1,.hwp,C:\dongaAI\3차 프로젝트\0.0\data\attachments\hwp_raw\PBLN_000000000121631_ë¶ì. (ê¸°ì ì©)ê¸°ì ë¥í°ì  ì»¨ì¤í ì°¸ì¬ê¸°ì ì ì²­ ìì(2026).hwp,downloaded,,2026-07-01T02:34:55
PBLN_000000000118033,bizinfo,[충북] 2026년 사회적기업 육성자금 이차보전금 지원계획 공고,충청북도,https://www.bizinfo.go.kr/sii/siia/selectSIIA200Detail.do?pblancId=PBLN_000000000118033,https://www.bizinfo.go.kr/sii/siia/202601301323280685.hwp,.hwp,C:\dongaAI\3차 프로젝트\0.0\data\attachments\hwp_raw\PBLN_000000000118033_202601301323280685.hwp,download_failed,404 Client Error: Not Found for url: https://www.bizinfo.go.kr/sii/siia/202601301323280685.hwp,2026-07-01T02:34:55
PBLN_000000000118033,bizinfo,[충북] 2026년 사회적기업 육성자금 이차보전금 지원계획 공고,충청북도,https://www.bizinfo.go.kr/sii/siia/selectSIIA200Detail.do?pblancId=PBLN_000000000118033,https://www.bizinfo.go.kr/sii/siia/(공고문)2026년 사회적기업 육성자금 이차보전금 지원계획.hwp,.hwp,C:\dongaAI\3차 프로젝트\0.0\data\attachments\hwp_raw\PBLN_000000000118033_(공고문)2026년 사회적기업 육성자금 이차보전금 지원계획.hwp,download_failed,400 Client Error: Bad Request for url: https://www.bizinfo.go.kr/sii/siia/(%EA%B3%B5%EA%B3%A0%EB%AC%B8)2026%EB%85%84%20%EC%82%AC%ED%9A%8C%EC%A0%81%EA%B8%B0%EC%97%85%20%EC%9C%A1%EC%84%B1%EC%9E%90%EA%B8%88%20%EC%9D%B4%EC%B0%A8%EB%B3%B4%EC%A0%84%EA%B8%88%20%EC%A7%80%EC%9B%90%EA%B3%84%ED%9A%8D.hwp,2026-07-01T02:34:55
PBLN_000000000118033,bizinfo,[충북] 2026년 사회적기업 육성자금 이차보전금 지원계획 공고,충청북도,https://www.bizinfo.go.kr/sii/siia/selectSIIA200Detail.do?pblancId=PBLN_000000000118033,https://www.bizinfo.go.kr/cmm/fms/fileDown.do?atchFileId=FILE_000000000742294&fileSn=0,.hwp,C:\dongaAI\3차 프로젝트\0.0\data\attachments\hwp_raw\PBLN_000000000118033_(ê³µê³ ë¬¸)2026ë  ì¬íì ê¸°ì ì¡ì±ìê¸ ì´ì°¨ë³´ì ê¸ ì§ìê³í.hwp,downloaded,,2026-07-01T02:34:55
PBLN_000000000123427,bizinfo,[경기] 안산시 2026년 로봇직업교육센터 구축사업 제조기업 로봇공정 성능개선 지원사업 공고,경기도,https://www.bizinfo.go.kr/sii/siia/selectSIIA200Detail.do?pblancId=PBLN_000000000123427,https://www.bizinfo.go.kr/cmm/fms/fileDown.do?atchFileId=FILE_000000000760864&fileSn=0,.hwp,C:\dongaAI\3차 프로젝트\0.0\data\attachments\hwp_raw\PBLN_000000000123427_ë¶ì2. 2026ë  ë¡ë´ê³µì ëª¨ë¸ ë¨ê°í.hwp,downloaded,,2026-07-01T02:34:56
PBLN_000000000117972,bizinfo,[대전] 중구 2026년 소상공인 특례보증 지원사업 공고,대전광역시,https://www.bizinfo.go.kr/sii/siia/selectSIIA200Detail.do?pblancId=PBLN_000000000117972,https://www.bizinfo.go.kr/sii/siia/202601290916230170.hwp,.hwp,C:\dongaAI\3차 프로젝트\0.0\data\attachments\hwp_raw\PBLN_000000000117972_202601290916230170.hwp,download_failed,404 Client Error: Not Found for url: https://www.bizinfo.go.kr/sii/siia/202601290916230170.hwp,2026-07-01T02:34:56
PBLN_000000000117972,bizinfo,[대전] 중구 2026년 소상공인 특례보증 지원사업 공고,대전광역시,https://www.bizinfo.go.kr/sii/siia/selectSIIA200Detail.do?pblancId=PBLN_000000000117972,https://www.bizinfo.go.kr/sii/siia/2026년 대전광역시 중구 소상공인 특례보증 지원사업 공고.hwp,.hwp,C:\dongaAI\3차 프로젝트\0.0\data\attachments\hwp_raw\PBLN_000000000117972_2026년 대전광역시 중구 소상공인 특례보증 지원사업 공고.hwp,download_failed,400 Client Error: Bad Request for url: https://www.bizinfo.go.kr/sii/siia/2026%EB%85%84%20%EB%8C%80%EC%A0%84%EA%B4%91%EC%97%AD%EC%8B%9C%20%EC%A4%91%EA%B5%AC%20%EC%86%8C%EC%83%81%EA%B3%B5%EC%9D%B8%20%ED%8A%B9%EB%A1%80%EB%B3%B4%EC%A6%9D%20%EC%A7%80%EC%9B%90%EC%82%AC%EC%97%85%20%EA%B3%B5%EA%B3%A0.hwp,2026-07-01T02:34:56
PBLN_000000000117972,bizinfo,[대전] 중구 2026년 소상공인 특례보증 지원사업 공고,대전광역시,https://www.bizinfo.go.kr/sii/siia/selectSIIA200Detail.do?pblancId=PBLN_000000000117972,https://www.bizinfo.go.kr/cmm/fms/fileDown.do?atchFileId=FILE_000000000742081&fileSn=0,.hwp,C:\dongaAI\3차 프로젝트\0.0\data\attachments\hwp_raw\PBLN_000000000117972_2026ë  ëì ê´ì­ì ì¤êµ¬ ììê³µì¸ í¹ë¡ë³´ì¦ ì§ìì¬ì ê³µê³.hwp,downloaded,,2026-07-01T02:34:56
PBLN_000000000121671,bizinfo,[충남] 2026년 소상공인 IP출원(상표) 지원 사업 모집 공고,충청남도,https://www.bizinfo.go.kr/sii/siia/selectSIIA200Detail.do?pblancId=PBLN_000000000121671,https://www.bizinfo.go.kr/cmm/fms/fileDown.do?atchFileId=FILE_000000000754299&fileSn=0,.hwp,C:\dongaAI\3차 프로젝트\0.0\data\attachments\hwp_raw\PBLN_000000000121671_ë¶ì2. ì ì²­ì ë° ê°ì¸ì ë³´ëìì.hwp,downloaded,,2026-07-01T02:34:56
PBLN_000000000117950,bizinfo,[인천] 중구 2026년 소상공인 (특례)협약보증 지원 사업 공고,인천광역시,https://www.bizinfo.go.kr/sii/siia/selectSIIA200Detail.do?pblancId=PBLN_000000000117950,https://www.bizinfo.go.kr/sii/siia/202601291043050333.hwp,.hwp,C:\dongaAI\3차 프로젝트\0.0\data\attachments\hwp_raw\PBLN_000000000117950_202601291043050333.hwp,download_failed,404 Client Error: Not Found for url: https://www.bizinfo.go.kr/sii/siia/202601291043050333.hwp,2026-07-01T02:34:56
PBLN_000000000117950,bizinfo,[인천] 중구 2026년 소상공인 (특례)협약보증 지원 사업 공고,인천광역시,https://www.bizinfo.go.kr/sii/siia/selectSIIA200Detail.do?pblancId=PBLN_000000000117950,https://www.bizinfo.go.kr/sii/siia/2026년 소상공인 (특례)협약보증 지원 사업 공고.hwp,.hwp,C:\dongaAI\3차 프로젝트\0.0\data\attachments\hwp_raw\PBLN_000000000117950_2026년 소상공인 (특례)협약보증 지원 사업 공고.hwp,download_failed,400 Client Error: Bad Request for url: https://www.bizinfo.go.kr/sii/siia/2026%EB%85%84%20%EC%86%8C%EC%83%81%EA%B3%B5%EC%9D%B8%20(%ED%8A%B9%EB%A1%80)%ED%98%91%EC%95%BD%EB%B3%B4%EC%A6%9D%20%EC%A7%80%EC%9B%90%20%EC%82%AC%EC%97%85%20%EA%B3%B5%EA%B3%A0.hwp,2026-07-01T02:34:56
PBLN_000000000117950,bizinfo,[인천] 중구 2026년 소상공인 (특례)협약보증 지원 사업 공고,인천광역시,https://www.bizinfo.go.kr/sii/siia/selectSIIA200Detail.do?pblancId=PBLN_000000000117950,https://www.bizinfo.go.kr/cmm/fms/fileDown.do?atchFileId=FILE_000000000742112&fileSn=0,.hwp,C:\dongaAI\3차 프로젝트\0.0\data\attachments\hwp_raw\PBLN_000000000117950_2026ë  ììê³µì¸ (í¹ë¡)íì½ë³´ì¦ ì§ì ì¬ì ê³µê³.hwp,downloaded,,2026-07-01T02:34:56
PBLN_000000000117979,bizinfo,[인천] 중구 2026년 소상공인 특례보증 지원 사업 공고,인천광역시,https://www.bizinfo.go.kr/sii/siia/selectSIIA200Detail.do?pblancId=PBLN_000000000117979,https://www.bizinfo.go.kr/sii/siia/202601290959370736.hwp,.hwp,C:\dongaAI\3차 프로젝트\0.0\data\attachments\hwp_raw\PBLN_000000000117979_202601290959370736.hwp,download_failed,404 Client Error: Not Found for url: https://www.bizinfo.go.kr/sii/siia/202601290959370736.hwp,2026-07-01T02:34:56
PBLN_000000000117979,bizinfo,[인천] 중구 2026년 소상공인 특례보증 지원 사업 공고,인천광역시,https://www.bizinfo.go.kr/sii/siia/selectSIIA200Detail.do?pblancId=PBLN_000000000117979,https://www.bizinfo.go.kr/sii/siia/2026년 소상공인 특례보증 지원 사업 공고.hwp,.hwp,C:\dongaAI\3차 프로젝트\0.0\data\attachments\hwp_raw\PBLN_000000000117979_2026년 소상공인 특례보증 지원 사업 공고.hwp,download_failed,400 Client Error: Bad Request for url: https://www.bizinfo.go.kr/sii/siia/2026%EB%85%84%20%EC%86%8C%EC%83%81%EA%B3%B5%EC%9D%B8%20%ED%8A%B9%EB%A1%80%EB%B3%B4%EC%A6%9D%20%EC%A7%80%EC%9B%90%20%EC%82%AC%EC%97%85%20%EA%B3%B5%EA%B3%A0.hwp,2026-07-01T02:34:56
PBLN_000000000117979,bizinfo,[인천] 중구 2026년 소상공인 특례보증 지원 사업 공고,인천광역시,https://www.bizinfo.go.kr/sii/siia/selectSIIA200Detail.do?pblancId=PBLN_000000000117979,https://www.bizinfo.go.kr/cmm/fms/fileDown.do?atchFileId=FILE_000000000742093&fileSn=0,.hwp,C:\dongaAI\3차 프로젝트\0.0\data\attachments\hwp_raw\PBLN_000000000117979_2026ë  ììê³µì¸ í¹ë¡ë³´ì¦ ì§ì ì¬ì ê³µê³.hwp,downloaded,,2026-07-01T02:34:56
PBLN_000000000121736,bizinfo,2026년 경남 관광객 유치 인센티브 지원계획 변경 공고,경상남도,https://www.bizinfo.go.kr/sii/siia/selectSIIA200Detail.do?pblancId=PBLN_000000000121736,https://www.bizinfo.go.kr/cmm/fms/fileDown.do?atchFileId=FILE_000000000754545&fileSn=0,.hwp,C:\dongaAI\3차 프로젝트\0.0\data\attachments\hwp_raw\PBLN_000000000121736_2026ë +ê´ê´ê°+ì ì¹+ì¸ì¼í°ë¸+ì§ì+ë³ê²½+ê³í+ê³µê³ ë¬¸.hwp,downloaded,,2026-07-01T02:34:57
PBLN_000000000117667,bizinfo,[인천] 부평구 2026년 중소기업(소상공인) 운전자금(이차보전금) 융자계획 공고,인천광역시,https://www.bizinfo.go.kr/sii/siia/selectSIIA200Detail.do?pblancId=PBLN_000000000117667,https://www.bizinfo.go.kr/cmm/fms/fileDown.do?atchFileId=FILE_000000000741378&fileSn=0,.hwp,C:\dongaAI\3차 프로젝트\0.0\data\attachments\hwp_raw\PBLN_000000000117667_[ìì1]ì¤ìê¸°ì (ììê³µì¸)_ì´ì ìê¸_ì§ì_ì ì²­ì.hwp,downloaded,,2026-07-01T02:34:57
PBLN_000000000117667,bizinfo,[인천] 부평구 2026년 중소기업(소상공인) 운전자금(이차보전금) 융자계획 공고,인천광역시,https://www.bizinfo.go.kr/sii/siia/selectSIIA200Detail.do?pblancId=PBLN_000000000117667,https://www.bizinfo.go.kr/cmm/fms/fileDown.do?atchFileId=FILE_000000000741378&fileSn=1,.hwp,C:\dongaAI\3차 프로젝트\0.0\data\attachments\hwp_raw\PBLN_000000000117667_[ìì3]ì´ì ìê¸_ì´ì°¨ë³´ì ê¸_ë°í_ì´íê°ì.hwp,downloaded,,2026-07-01T02:34:57
PBLN_000000000117630,bizinfo,[강원] 횡성군 2026년 인구감소지역 중소기업 특례보증 기업지원 공고,강원특별자치도,https://www.bizinfo.go.kr/sii/siia/selectSIIA200Detail.do?pblancId=PBLN_000000000117630,https://www.bizinfo.go.kr/sii/siia/202601201127520198.hwp,.hwp,C:\dongaAI\3차 프로젝트\0.0\data\attachments\hwp_raw\PBLN_000000000117630_202601201127520198.hwp,download_failed,404 Client Error: Not Found for url: https://www.bizinfo.go.kr/sii/siia/202601201127520198.hwp,2026-07-01T02:34:57
PBLN_000000000117630,bizinfo,[강원] 횡성군 2026년 인구감소지역 중소기업 특례보증 기업지원 공고,강원특별자치도,https://www.bizinfo.go.kr/sii/siia/selectSIIA200Detail.do?pblancId=PBLN_000000000117630,https://www.bizinfo.go.kr/sii/siia/2026년 인구감소지역 중소기업 특례보증 기업지원 공고.hwp,.hwp,C:\dongaAI\3차 프로젝트\0.0\data\attachments\hwp_raw\PBLN_000000000117630_2026년 인구감소지역 중소기업 특례보증 기업지원 공고.hwp,download_failed,400 Client Error: Bad Request for url: https://www.bizinfo.go.kr/sii/siia/2026%EB%85%84%20%EC%9D%B8%EA%B5%AC%EA%B0%90%EC%86%8C%EC%A7%80%EC%97%AD%20%EC%A4%91%EC%86%8C%EA%B8%B0%EC%97%85%20%ED%8A%B9%EB%A1%80%EB%B3%B4%EC%A6%9D%20%EA%B8%B0%EC%97%85%EC%A7%80%EC%9B%90%20%EA%B3%B5%EA%B3%A0.hwp,2026-07-01T02:34:57
PBLN_000000000117630,bizinfo,[강원] 횡성군 2026년 인구감소지역 중소기업 특례보증 기업지원 공고,강원특별자치도,https://www.bizinfo.go.kr/sii/siia/selectSIIA200Detail.do?pblancId=PBLN_000000000117630,https://www.bizinfo.go.kr/cmm/fms/fileDown.do?atchFileId=FILE_000000000741255&fileSn=0,.hwp,C:\dongaAI\3차 프로젝트\0.0\data\attachments\hwp_raw\PBLN_000000000117630_2026ë  ì¸êµ¬ê°ìì§ì­ ì¤ìê¸°ì í¹ë¡ë³´ì¦ ê¸°ì ì§ì ê³µê³.hwp,downloaded,,2026-07-01T02:34:57
PBLN_000000000121749,bizinfo,[전북] 인공지능 분야 기술지도 희망기업 모집 상시 공고(AI융합 지능형 농업 생태계 구축 사업),전북특별자치도,https://www.bizinfo.go.kr/sii/siia/selectSIIA200Detail.do?pblancId=PBLN_000000000121749,https://www.bizinfo.go.kr/sii/siia/202605081130190224.hwp,.hwp,C:\dongaAI\3차 프로젝트\0.0\data\attachments\hwp_raw\PBLN_000000000121749_202605081130190224.hwp,download_failed,404 Client Error: Not Found for url: https://www.bizinfo.go.kr/sii/siia/202605081130190224.hwp,2026-07-01T02:34:57
PBLN_000000000121749,bizinfo,[전북] 인공지능 분야 기술지도 희망기업 모집 상시 공고(AI융합 지능형 농업 생태계 구축 사업),전북특별자치도,https://www.bizinfo.go.kr/sii/siia/selectSIIA200Detail.do?pblancId=PBLN_000000000121749,https://www.bizinfo.go.kr/sii/siia/1.인공지능분야기술지도희망기업모집상시공고.hwp,.hwp,C:\dongaAI\3차 프로젝트\0.0\data\attachments\hwp_raw\PBLN_000000000121749_1.인공지능분야기술지도희망기업모집상시공고.hwp,download_failed,400 Client Error: Bad Request for url: https://www.bizinfo.go.kr/sii/siia/1.%EC%9D%B8%EA%B3%B5%EC%A7%80%EB%8A%A5%EB%B6%84%EC%95%BC%EA%B8%B0%EC%88%A0%EC%A7%80%EB%8F%84%ED%9D%AC%EB%A7%9D%EA%B8%B0%EC%97%85%EB%AA%A8%EC%A7%91%EC%83%81%EC%8B%9C%EA%B3%B5%EA%B3%A0.hwp,2026-07-01T02:34:57
PBLN_000000000121749,bizinfo,[전북] 인공지능 분야 기술지도 희망기업 모집 상시 공고(AI융합 지능형 농업 생태계 구축 사업),전북특별자치도,https://www.bizinfo.go.kr/sii/siia/selectSIIA200Detail.do?pblancId=PBLN_000000000121749,https://www.bizinfo.go.kr/cmm/fms/fileDown.do?atchFileId=FILE_000000000754534&fileSn=0,.hwp,C:\dongaAI\3차 프로젝트\0.0\data\attachments\hwp_raw\PBLN_000000000121749_2.(ìì)ê¸°ì ì§ëììì¡°ì¬ìë°ê°ì¸ì ë³´ìì§ì´ì©ëìì.hwp,downloaded,,2026-07-01T02:34:57
PBLN_000000000121749,bizinfo,[전북] 인공지능 분야 기술지도 희망기업 모집 상시 공고(AI융합 지능형 농업 생태계 구축 사업),전북특별자치도,https://www.bizinfo.go.kr/sii/siia/selectSIIA200Detail.do?pblancId=PBLN_000000000121749,https://www.bizinfo.go.kr/cmm/fms/fileDown.do?atchFileId=FILE_000000000754533&fileSn=0,.hwp,C:\dongaAI\3차 프로젝트\0.0\data\attachments\hwp_raw\PBLN_000000000121749_1.ì¸ê³µì§ë¥ë¶ì¼ê¸°ì ì§ëí¬ë§ê¸°ì ëª¨ì§ììê³µê³.hwp,downloaded,,2026-07-01T02:34:57
PBLN_000000000117792,bizinfo,[대전] 2026년 상반기 중소기업 창업 및 경쟁력강화사업자금 지원 공고,대전광역시,https://www.bizinfo.go.kr/sii/siia/selectSIIA200Detail.do?pblancId=PBLN_000000000117792,https://www.bizinfo.go.kr/sii/siia/202601231327290662.hwp,.hwp,C:\dongaAI\3차 프로젝트\0.0\data\attachments\hwp_raw\PBLN_000000000117792_202601231327290662.hwp,download_failed,404 Client Error: Not Found for url: https://www.bizinfo.go.kr/sii/siia/202601231327290662.hwp,2026-07-01T02:34:57
PBLN_000000000117792,bizinfo,[대전] 2026년 상반기 중소기업 창업 및 경쟁력강화사업자금 지원 공고,대전광역시,https://www.bizinfo.go.kr/sii/siia/selectSIIA200Detail.do?pblancId=PBLN_000000000117792,https://www.bizinfo.go.kr/sii/siia/2026년+상반기+중소기업+창업+및+경쟁력강화사업자금+지원+공고문(최종).hwp,.hwp,C:\dongaAI\3차 프로젝트\0.0\data\attachments\hwp_raw\PBLN_000000000117792_2026년+상반기+중소기업+창업+및+경쟁력강화사업자금+지원+공고문(최종).hwp,download_failed,400 Client Error: Bad Request for url: https://www.bizinfo.go.kr/sii/siia/2026%EB%85%84+%EC%83%81%EB%B0%98%EA%B8%B0+%EC%A4%91%EC%86%8C%EA%B8%B0%EC%97%85+%EC%B0%BD%EC%97%85+%EB%B0%8F+%EA%B2%BD%EC%9F%81%EB%A0%A5%EA%B0%95%ED%99%94%EC%82%AC%EC%97%85%EC%9E%90%EA%B8%88+%EC%A7%80%EC%9B%90+%EA%B3%B5%EA%B3%A0%EB%AC%B8(%EC%B5%9C%EC%A2%85).hwp,2026-07-01T02:34:57
PBLN_000000000117792,bizinfo,[대전] 2026년 상반기 중소기업 창업 및 경쟁력강화사업자금 지원 공고,대전광역시,https://www.bizinfo.go.kr/sii/siia/selectSIIA200Detail.do?pblancId=PBLN_000000000117792,https://www.bizinfo.go.kr/cmm/fms/fileDown.do?atchFileId=FILE_000000000741672&fileSn=0,.hwp,C:\dongaAI\3차 프로젝트\0.0\data\attachments\hwp_raw\PBLN_000000000117792_2026ë +ìë°ê¸°+ì¤ìê¸°ì +ì°½ì +ë°+ê²½ìë ¥ê°íì¬ì ìê¸+ì§ì+ê³µê³ ë¬¸(ìµì¢ ).hwp,downloaded,,2026-07-01T02:34:57
PBLN_000000000117768,bizinfo,[울산] 2026년 식품진흥기금 융자사업 시행 공고,울산광역시,https://www.bizinfo.go.kr/sii/siia/selectSIIA200Detail.do?pblancId=PBLN_000000000117768,https://www.bizinfo.go.kr/sii/siia/202601221351010975.hwp,.hwp,C:\dongaAI\3차 프로젝트\0.0\data\attachments\hwp_raw\PBLN_000000000117768_202601221351010975.hwp,download_failed,404 Client Error: Not Found for url: https://www.bizinfo.go.kr/sii/siia/202601221351010975.hwp,2026-07-01T02:34:58
PBLN_000000000117768,bizinfo,[울산] 2026년 식품진흥기금 융자사업 시행 공고,울산광역시,https://www.bizinfo.go.kr/sii/siia/selectSIIA200Detail.do?pblancId=PBLN_000000000117768,https://www.bizinfo.go.kr/sii/siia/공고문(안)-2026년도 식품진흥기금 시설개선자금 융자.hwp,.hwp,C:\dongaAI\3차 프로젝트\0.0\data\attachments\hwp_raw\PBLN_000000000117768_공고문(안)-2026년도 식품진흥기금 시설개선자금 융자.hwp,download_failed,400 Client Error: Bad Request for url: https://www.bizinfo.go.kr/sii/siia/%EA%B3%B5%EA%B3%A0%EB%AC%B8(%EC%95%88)-2026%EB%85%84%EB%8F%84%20%EC%8B%9D%ED%92%88%EC%A7%84%ED%9D%A5%EA%B8%B0%EA%B8%88%20%EC%8B%9C%EC%84%A4%EA%B0%9C%EC%84%A0%EC%9E%90%EA%B8%88%20%EC%9C%B5%EC%9E%90.hwp,2026-07-01T02:34:58
PBLN_000000000117768,bizinfo,[울산] 2026년 식품진흥기금 융자사업 시행 공고,울산광역시,https://www.bizinfo.go.kr/sii/siia/selectSIIA200Detail.do?pblancId=PBLN_000000000117768,https://www.bizinfo.go.kr/cmm/fms/fileDown.do?atchFileId=FILE_000000000741563&fileSn=0,.hwp,C:\dongaAI\3차 프로젝트\0.0\data\attachments\hwp_raw\PBLN_000000000117768_ê³µê³ ë¬¸(ì)-2026ë ë ìíì§í¥ê¸°ê¸ ìì¤ê°ì ìê¸ ìµì.hwp,downloaded,,2026-07-01T02:34:58
PBLN_000000000117728,bizinfo,[경기] 화성시 2026년 중소기업 특례보증 지원계획 공고,경기도,https://www.bizinfo.go.kr/sii/siia/selectSIIA200Detail.do?pblancId=PBLN_000000000117728,https://www.bizinfo.go.kr/sii/siia/202601220930380540.hwp,.hwp,C:\dongaAI\3차 프로젝트\0.0\data\attachments\hwp_raw\PBLN_000000000117728_202601220930380540.hwp,download_failed,404 Client Error: Not Found for url: https://www.bizinfo.go.kr/sii/siia/202601220930380540.hwp,2026-07-01T02:34:58
PBLN_000000000117728,bizinfo,[경기] 화성시 2026년 중소기업 특례보증 지원계획 공고,경기도,https://www.bizinfo.go.kr/sii/siia/selectSIIA200Detail.do?pblancId=PBLN_000000000117728,https://www.bizinfo.go.kr/sii/siia/(공고2026271호)2026년 화성시 중소기업 특례보증 지원계획 공고 및 신청서.hwp,.hwp,C:\dongaAI\3차 프로젝트\0.0\data\attachments\hwp_raw\PBLN_000000000117728_(공고2026271호)2026년 화성시 중소기업 특례보증 지원계획 공고 및 신청서.hwp,download_failed,400 Client Error: Bad Request for url: https://www.bizinfo.go.kr/sii/siia/(%EA%B3%B5%EA%B3%A02026271%ED%98%B8)2026%EB%85%84%20%ED%99%94%EC%84%B1%EC%8B%9C%20%EC%A4%91%EC%86%8C%EA%B8%B0%EC%97%85%20%ED%8A%B9%EB%A1%80%EB%B3%B4%EC%A6%9D%20%EC%A7%80%EC%9B%90%EA%B3%84%ED%9A%8D%20%EA%B3%B5%EA%B3%A0%20%EB%B0%8F%20%EC%8B%A0%EC%B2%AD%EC%84%9C.hwp,2026-07-01T02:34:58
PBLN_000000000117728,bizinfo,[경기] 화성시 2026년 중소기업 특례보증 지원계획 공고,경기도,https://www.bizinfo.go.kr/sii/siia/selectSIIA200Detail.do?pblancId=PBLN_000000000117728,https://www.bizinfo.go.kr/cmm/fms/fileDown.do?atchFileId=FILE_000000000741498&fileSn=0,.hwp,C:\dongaAI\3차 프로젝트\0.0\data\attachments\hwp_raw\PBLN_000000000117728_(ê³µê³ 2026271í¸)2026ë  íì±ì ì¤ìê¸°ì í¹ë¡ë³´ì¦ ì§ìê³í ê³µê³ ë° ì ì²­ì.hwp,downloaded,,2026-07-01T02:34:58
PBLN_000000000123524,bizinfo,[경북] 경산시 2026년 푸드테크 상용화모델 개발 및 실증사업 수혜기업 모집 공고,경상북도,https://www.bizinfo.go.kr/sii/siia/selectSIIA200Detail.do?pblancId=PBLN_000000000123524,https://www.bizinfo.go.kr/cmm/fms/fileDown.do?atchFileId=FILE_000000000761190&fileSn=1,.hwp,C:\dongaAI\3차 프로젝트\0.0\data\attachments\hwp_raw\PBLN_000000000123524_2.2 ì ì²­ìì(ì)_ì ì²­ì~ë³ì§ 5í¸.hwp,downloaded,,2026-07-01T02:34:58
PBLN_000000000123773,bizinfo,2026년 출판콘텐츠 기술개발 지원 사업(후속과제) 신청 공고,문화체육관광부,https://www.bizinfo.go.kr/sii/siia/selectSIIA200Detail.do?pblancId=PBLN_000000000123773,https://www.bizinfo.go.kr/cmm/fms/fileDown.do?atchFileId=FILE_000000000762171&fileSn=1,.hwp,C:\dongaAI\3차 프로젝트\0.0\data\attachments\hwp_raw\PBLN_000000000123773_[ì°¸ê³ ] ë¬¸ì²´ë¶ ìê´ êµ­ê³ ë³´ì¡°ê¸ ì´ìê´ë¦¬ì§ì¹¨ ê°ì 241031.hwp,downloaded,,2026-07-01T02:34:58
PBLN_000000000120588,bizinfo,해양플랜트산업지원센터 보유 시험장비ㆍ교육시설 활용 지원사업 공고,해양수산부,https://www.bizinfo.go.kr/sii/siia/selectSIIA200Detail.do?pblancId=PBLN_000000000120588,https://www.bizinfo.go.kr/sii/siia/202604091101580008.hwp,.hwp,C:\dongaAI\3차 프로젝트\0.0\data\attachments\hwp_raw\PBLN_000000000120588_202604091101580008.hwp,download_failed,404 Client Error: Not Found for url: https://www.bizinfo.go.kr/sii/siia/202604091101580008.hwp,2026-07-01T02:34:58
PBLN_000000000120588,bizinfo,해양플랜트산업지원센터 보유 시험장비ㆍ교육시설 활용 지원사업 공고,해양수산부,https://www.bizinfo.go.kr/sii/siia/selectSIIA200Detail.do?pblancId=PBLN_000000000120588,https://www.bizinfo.go.kr/sii/siia/[공고문]2026 해양플랜트산업지원센터 보유 시험장비-교육설비 활용지원사업.hwp,.hwp,C:\dongaAI\3차 프로젝트\0.0\data\attachments\hwp_raw\PBLN_000000000120588_[공고문]2026 해양플랜트산업지원센터 보유 시험장비-교육설비 활용지원사업.hwp,download_failed,400 Client Error: Bad Request for url: https://www.bizinfo.go.kr/sii/siia/%5B%EA%B3%B5%EA%B3%A0%EB%AC%B8%5D2026%20%ED%95%B4%EC%96%91%ED%94%8C%EB%9E%9C%ED%8A%B8%EC%82%B0%EC%97%85%EC%A7%80%EC%9B%90%EC%84%BC%ED%84%B0%20%EB%B3%B4%EC%9C%A0%20%EC%8B%9C%ED%97%98%EC%9E%A5%EB%B9%84-%EA%B5%90%EC%9C%A1%EC%84%A4%EB%B9%84%20%ED%99%9C%EC%9A%A9%EC%A7%80%EC%9B%90%EC%82%AC%EC%97%85.hwp,2026-07-01T02:34:58
PBLN_000000000120588,bizinfo,해양플랜트산업지원센터 보유 시험장비ㆍ교육시설 활용 지원사업 공고,해양수산부,https://www.bizinfo.go.kr/sii/siia/selectSIIA200Detail.do?pblancId=PBLN_000000000120588,https://www.bizinfo.go.kr/cmm/fms/fileDown.do?atchFileId=FILE_000000000750560&fileSn=1,.hwp,C:\dongaAI\3차 프로젝트\0.0\data\attachments\hwp_raw\PBLN_000000000120588_[ê³µê³ ë¬¸]2026 í´ìíëí¸ì°ì ì§ìì¼í° ë³´ì ìíì¥ë¹-êµì¡ì¤ë¹ íì©ì§ìì¬ì.hwp,downloaded,,2026-07-01T02:34:58
PBLN_000000000117711,bizinfo,[경기] 포천시 2026년 중소기업 육성자금 융자지원 (이자차액 보전) 계획 공고,경기도,https://www.bizinfo.go.kr/sii/siia/selectSIIA200Detail.do?pblancId=PBLN_000000000117711,https://www.bizinfo.go.kr/sii/siia/202601211418480750.hwp,.hwp,C:\dongaAI\3차 프로젝트\0.0\data\attachments\hwp_raw\PBLN_000000000117711_202601211418480750.hwp,download_failed,404 Client Error: Not Found for url: https://www.bizinfo.go.kr/sii/siia/202601211418480750.hwp,2026-07-01T02:34:58
PBLN_000000000117711,bizinfo,[경기] 포천시 2026년 중소기업 육성자금 융자지원 (이자차액 보전) 계획 공고,경기도,https://www.bizinfo.go.kr/sii/siia/selectSIIA200Detail.do?pblancId=PBLN_000000000117711,https://www.bizinfo.go.kr/sii/siia/2026년 포천시 중소기업 육성자금 융자지원 계획 공고.hwp,.hwp,C:\dongaAI\3차 프로젝트\0.0\data\attachments\hwp_raw\PBLN_000000000117711_2026년 포천시 중소기업 육성자금 융자지원 계획 공고.hwp,download_failed,400 Client Error: Bad Request for url: https://www.bizinfo.go.kr/sii/siia/2026%EB%85%84%20%ED%8F%AC%EC%B2%9C%EC%8B%9C%20%EC%A4%91%EC%86%8C%EA%B8%B0%EC%97%85%20%EC%9C%A1%EC%84%B1%EC%9E%90%EA%B8%88%20%EC%9C%B5%EC%9E%90%EC%A7%80%EC%9B%90%20%EA%B3%84%ED%9A%8D%20%EA%B3%B5%EA%B3%A0.hwp,2026-07-01T02:34:58
PBLN_000000000117711,bizinfo,[경기] 포천시 2026년 중소기업 육성자금 융자지원 (이자차액 보전) 계획 공고,경기도,https://www.bizinfo.go.kr/sii/siia/selectSIIA200Detail.do?pblancId=PBLN_000000000117711,https://www.bizinfo.go.kr/cmm/fms/fileDown.do?atchFileId=FILE_000000000741458&fileSn=0,.hwp,C:\dongaAI\3차 프로젝트\0.0\data\attachments\hwp_raw\PBLN_000000000117711_ì ì²­ì ë±(ìì).hwp,downloaded,,2026-07-01T02:34:58
PBLN_000000000117711,bizinfo,[경기] 포천시 2026년 중소기업 육성자금 융자지원 (이자차액 보전) 계획 공고,경기도,https://www.bizinfo.go.kr/sii/siia/selectSIIA200Detail.do?pblancId=PBLN_000000000117711,https://www.bizinfo.go.kr/cmm/fms/fileDown.do?atchFileId=FILE_000000000741457&fileSn=0,.hwp,C:\dongaAI\3차 프로젝트\0.0\data\attachments\hwp_raw\PBLN_000000000117711_2026ë  í¬ì²ì ì¤ìê¸°ì ì¡ì±ìê¸ ìµìì§ì ê³í ê³µê³.hwp,downloaded,,2026-07-01T02:34:59
PBLN_000000000117624,bizinfo,[강원] 속초시 2026년 소상공인 특례보증 지원 계획 공고,강원특별자치도,https://www.bizinfo.go.kr/sii/siia/selectSIIA200Detail.do?pblancId=PBLN_000000000117624,https://www.bizinfo.go.kr/sii/siia/202601201023130465.hwp,.hwp,C:\dongaAI\3차 프로젝트\0.0\data\attachments\hwp_raw\PBLN_000000000117624_202601201023130465.hwp,download_failed,404 Client Error: Not Found for url: https://www.bizinfo.go.kr/sii/siia/202601201023130465.hwp,2026-07-01T02:34:59
PBLN_000000000117624,bizinfo,[강원] 속초시 2026년 소상공인 특례보증 지원 계획 공고,강원특별자치도,https://www.bizinfo.go.kr/sii/siia/selectSIIA200Detail.do?pblancId=PBLN_000000000117624,https://www.bizinfo.go.kr/cmm/fms/fileDown.do?atchFileId=FILE_000000000741241&fileSn=0,.hwp,C:\dongaAI\3차 프로젝트\0.0\data\attachments\hwp_raw\PBLN_000000000117624_í¹ë¡ë³´ì¦ì¶ì²ì(ìì).hwp,downloaded,,2026-07-01T02:34:59
PBLN_000000000117624,bizinfo,[강원] 속초시 2026년 소상공인 특례보증 지원 계획 공고,강원특별자치도,https://www.bizinfo.go.kr/sii/siia/selectSIIA200Detail.do?pblancId=PBLN_000000000117624,https://www.bizinfo.go.kr/cmm/fms/fileDown.do?atchFileId=FILE_000000000741241&fileSn=1,.hwp,C:\dongaAI\3차 프로젝트\0.0\data\attachments\hwp_raw\PBLN_000000000117624_í¹ë¡ë³´ì¦ì ì²­ì(ìì).hwp,downloaded,,2026-07-01T02:34:59
PBLN_000000000117624,bizinfo,[강원] 속초시 2026년 소상공인 특례보증 지원 계획 공고,강원특별자치도,https://www.bizinfo.go.kr/sii/siia/selectSIIA200Detail.do?pblancId=PBLN_000000000117624,https://www.bizinfo.go.kr/cmm/fms/fileDown.do?atchFileId=FILE_000000000741220&fileSn=0,.hwp,C:\dongaAI\3차 프로젝트\0.0\data\attachments\hwp_raw\PBLN_000000000117624_â 2026ë  ìì´ì ììê³µì¸ í¹ë¡ë³´ì¦ ì§ì ê³í ê³µê³.hwp,downloaded,,2026-07-01T02:34:59
PBLN_000000000117656,bizinfo,[강원] 양양군 2026년 중소기업육성자금 지원계획 공고,강원특별자치도,https://www.bizinfo.go.kr/sii/siia/selectSIIA200Detail.do?pblancId=PBLN_000000000117656,https://www.bizinfo.go.kr/sii/siia/202601201444460276.hwp,.hwp,C:\dongaAI\3차 프로젝트\0.0\data\attachments\hwp_raw\PBLN_000000000117656_202601201444460276.hwp,download_failed,404 Client Error: Not Found for url: https://www.bizinfo.go.kr/sii/siia/202601201444460276.hwp,2026-07-01T02:34:59
PBLN_000000000117656,bizinfo,[강원] 양양군 2026년 중소기업육성자금 지원계획 공고,강원특별자치도,https://www.bizinfo.go.kr/sii/siia/selectSIIA200Detail.do?pblancId=PBLN_000000000117656,https://www.bizinfo.go.kr/sii/siia/2026년 양양군 중소기업육성자금 지원계획 공고.hwp,.hwp,C:\dongaAI\3차 프로젝트\0.0\data\attachments\hwp_raw\PBLN_000000000117656_2026년 양양군 중소기업육성자금 지원계획 공고.hwp,download_failed,400 Client Error: Bad Request for url: https://www.bizinfo.go.kr/sii/siia/2026%EB%85%84%20%EC%96%91%EC%96%91%EA%B5%B0%20%EC%A4%91%EC%86%8C%EA%B8%B0%EC%97%85%EC%9C%A1%EC%84%B1%EC%9E%90%EA%B8%88%20%EC%A7%80%EC%9B%90%EA%B3%84%ED%9A%8D%20%EA%B3%B5%EA%B3%A0.hwp,2026-07-01T02:34:59
PBLN_000000000117656,bizinfo,[강원] 양양군 2026년 중소기업육성자금 지원계획 공고,강원특별자치도,https://www.bizinfo.go.kr/sii/siia/selectSIIA200Detail.do?pblancId=PBLN_000000000117656,https://www.bizinfo.go.kr/cmm/fms/fileDown.do?atchFileId=FILE_000000000741304&fileSn=0,.hwp,C:\dongaAI\3차 프로젝트\0.0\data\attachments\hwp_raw\PBLN_000000000117656_2026ë  ììêµ° ì¤ìê¸°ì ì¡ì±ìê¸ ì§ìê³í ê³µê³.hwp,downloaded,,2026-07-01T02:34:59
PBLN_000000000121782,bizinfo,[부산] 2026년 산업기술단지 거점기능강화사업 현장애로지원 기술닥터제 수요기업 모집 공고,중소벤처기업부,https://www.bizinfo.go.kr/sii/siia/selectSIIA200Detail.do?pblancId=PBLN_000000000121782,https://www.bizinfo.go.kr/sii/siia/202605081458520914.hwp,.hwp,C:\dongaAI\3차 프로젝트\0.0\data\attachments\hwp_raw\PBLN_000000000121782_202605081458520914.hwp,download_failed,404 Client Error: Not Found for url: https://www.bizinfo.go.kr/sii/siia/202605081458520914.hwp,2026-07-01T02:34:59
PBLN_000000000121782,bizinfo,[부산] 2026년 산업기술단지 거점기능강화사업 현장애로지원 기술닥터제 수요기업 모집 공고,중소벤처기업부,https://www.bizinfo.go.kr/sii/siia/selectSIIA200Detail.do?pblancId=PBLN_000000000121782,https://www.bizinfo.go.kr/sii/siia/[공고문]+2026년+현장애로지원+기술닥터제+수요기업+모집.hwp,.hwp,C:\dongaAI\3차 프로젝트\0.0\data\attachments\hwp_raw\PBLN_000000000121782_[공고문]+2026년+현장애로지원+기술닥터제+수요기업+모집.hwp,download_failed,400 Client Error: Bad Request for url: https://www.bizinfo.go.kr/sii/siia/%5B%EA%B3%B5%EA%B3%A0%EB%AC%B8%5D+2026%EB%85%84+%ED%98%84%EC%9E%A5%EC%95%A0%EB%A1%9C%EC%A7%80%EC%9B%90+%EA%B8%B0%EC%88%A0%EB%8B%A5%ED%84%B0%EC%A0%9C+%EC%88%98%EC%9A%94%EA%B8%B0%EC%97%85+%EB%AA%A8%EC%A7%91.hwp,2026-07-01T02:34:59
PBLN_000000000121782,bizinfo,[부산] 2026년 산업기술단지 거점기능강화사업 현장애로지원 기술닥터제 수요기업 모집 공고,중소벤처기업부,https://www.bizinfo.go.kr/sii/siia/selectSIIA200Detail.do?pblancId=PBLN_000000000121782,https://www.bizinfo.go.kr/cmm/fms/fileDown.do?atchFileId=FILE_000000000754648&fileSn=0,.hwp,C:\dongaAI\3차 프로젝트\0.0\data\attachments\hwp_raw\PBLN_000000000121782_[ì ì²­ìì]+2026ë +ê¸°ì ë¥í°ì +ì ì²­ì(ê¸°ì ì©).hwp,downloaded,,2026-07-01T02:34:59
PBLN_000000000121782,bizinfo,[부산] 2026년 산업기술단지 거점기능강화사업 현장애로지원 기술닥터제 수요기업 모집 공고,중소벤처기업부,https://www.bizinfo.go.kr/sii/siia/selectSIIA200Detail.do?pblancId=PBLN_000000000121782,https://www.bizinfo.go.kr/cmm/fms/fileDown.do?atchFileId=FILE_000000000754647&fileSn=0,.hwp,C:\dongaAI\3차 프로젝트\0.0\data\attachments\hwp_raw\PBLN_000000000121782_[ê³µê³ ë¬¸]+2026ë +íì¥ì ë¡ì§ì+ê¸°ì ë¥í°ì +ììê¸°ì +ëª¨ì§.hwp,downloaded,,2026-07-01T02:34:59
PBLN_000000000123740,bizinfo,[대구] 2026년 대경이음 상생 R&D 지원 수혜기업 모집 공고(지역산업맞춤형 일자리지원사업 대경권 광역이음프로젝트),고용노동부,https://www.bizinfo.go.kr/sii/siia/selectSIIA200Detail.do?pblancId=PBLN_000000000123740,https://www.bizinfo.go.kr/cmm/fms/fileDown.do?atchFileId=FILE_000000000762068&fileSn=1,.hwp,C:\dongaAI\3차 프로젝트\0.0\data\attachments\hwp_raw\PBLN_000000000123740_2. [ì ì²­ìì]ëê²½ì´ì ììRDì§ì_ì°¸ì¬ê¸°ì ëª.hwp,downloaded,,2026-07-01T02:35:00
PBLN_000000000117634,bizinfo,[강원] 횡성군 2026년 중소기업육성자금 이차보전 지원 공고,강원특별자치도,https://www.bizinfo.go.kr/sii/siia/selectSIIA200Detail.do?pblancId=PBLN_000000000117634,https://www.bizinfo.go.kr/sii/siia/202601201309140201.hwp,.hwp,C:\dongaAI\3차 프로젝트\0.0\data\attachments\hwp_raw\PBLN_000000000117634_202601201309140201.hwp,download_failed,404 Client Error: Not Found for url: https://www.bizinfo.go.kr/sii/siia/202601201309140201.hwp,2026-07-01T02:35:00
PBLN_000000000117634,bizinfo,[강원] 횡성군 2026년 중소기업육성자금 이차보전 지원 공고,강원특별자치도,https://www.bizinfo.go.kr/sii/siia/selectSIIA200Detail.do?pblancId=PBLN_000000000117634,https://www.bizinfo.go.kr/cmm/fms/fileDown.do?atchFileId=FILE_000000000741258&fileSn=0,.hwp,C:\dongaAI\3차 프로젝트\0.0\data\attachments\hwp_raw\PBLN_000000000117634_[ë³ì§ 2] í¡ì±êµ° ì¤ìê¸°ì í¹ë¡ë³´ì¦.hwp,downloaded,,2026-07-01T02:35:00
PBLN_000000000117634,bizinfo,[강원] 횡성군 2026년 중소기업육성자금 이차보전 지원 공고,강원특별자치도,https://www.bizinfo.go.kr/sii/siia/selectSIIA200Detail.do?pblancId=PBLN_000000000117634,https://www.bizinfo.go.kr/cmm/fms/fileDown.do?atchFileId=FILE_000000000741258&fileSn=1,.hwp,C:\dongaAI\3차 프로젝트\0.0\data\attachments\hwp_raw\PBLN_000000000117634_[ë³ì§ 1] í¡ì±êµ° ì¤ìê¸°ì ì¡ì±ìê¸ ì ì²­ìì.hwp,downloaded,,2026-07-01T02:35:00
PBLN_000000000117634,bizinfo,[강원] 횡성군 2026년 중소기업육성자금 이차보전 지원 공고,강원특별자치도,https://www.bizinfo.go.kr/sii/siia/selectSIIA200Detail.do?pblancId=PBLN_000000000117634,https://www.bizinfo.go.kr/cmm/fms/fileDown.do?atchFileId=FILE_000000000741257&fileSn=0,.hwp,C:\dongaAI\3차 프로젝트\0.0\data\attachments\hwp_raw\PBLN_000000000117634_2026ë  í¡ì±êµ° ì¤ìê¸°ì ì¡ì±ìê¸ ì´ì°¨ë³´ì  ì§ì ê³µê³.hwp,downloaded,,2026-07-01T02:35:00
PBLN_000000000121804,bizinfo,[전북] 2026년 자영업자 사회보험료 지원 모집 공고,전북특별자치도,https://www.bizinfo.go.kr/sii/siia/selectSIIA200Detail.do?pblancId=PBLN_000000000121804,https://www.bizinfo.go.kr/cmm/fms/fileDown.do?atchFileId=FILE_000000000754763&fileSn=1,.hwp,C:\dongaAI\3차 프로젝트\0.0\data\attachments\hwp_raw\PBLN_000000000121804_ã2026ë +ììì ì+ì¬íë³´íë£+ì§ìãëª¨ì§+ê³µê³.hwp,downloaded,,2026-07-01T02:35:00
PBLN_000000000121819,bizinfo,[울산] 2026년 울산자유무역지역 역량강화 기업지원사업 참여기업 모집 공고,산업통상부,https://www.bizinfo.go.kr/sii/siia/selectSIIA200Detail.do?pblancId=PBLN_000000000121819,https://www.bizinfo.go.kr/cmm/fms/fileDown.do?atchFileId=FILE_000000000754812&fileSn=1,.hwp,C:\dongaAI\3차 프로젝트\0.0\data\attachments\hwp_raw\PBLN_000000000121819_ë¶ì2-1._ì¬ì ì ì²­ì_ë°_ê³íì__26ë ë-ì¸ì°í í¬ë ¸íí¬.hwp,downloaded,,2026-07-01T02:35:00
PBLN_000000000121819,bizinfo,[울산] 2026년 울산자유무역지역 역량강화 기업지원사업 참여기업 모집 공고,산업통상부,https://www.bizinfo.go.kr/sii/siia/selectSIIA200Detail.do?pblancId=PBLN_000000000121819,https://www.bizinfo.go.kr/cmm/fms/fileDown.do?atchFileId=FILE_000000000754812&fileSn=2,.hwp,C:\dongaAI\3차 프로젝트\0.0\data\attachments\hwp_raw\PBLN_000000000121819_ë¶ì2-2._ì¬ì ì ì²­ì_ë°_ê³íì__26ë ë-ë©ë´í_ëª¨ë_-ì¸ì°ì§ì­ì°ì ì§í¥ì.hwp,downloaded,,2026-07-01T02:35:00
PBLN_000000000121819,bizinfo,[울산] 2026년 울산자유무역지역 역량강화 기업지원사업 참여기업 모집 공고,산업통상부,https://www.bizinfo.go.kr/sii/siia/selectSIIA200Detail.do?pblancId=PBLN_000000000121819,https://www.bizinfo.go.kr/cmm/fms/fileDown.do?atchFileId=FILE_000000000754812&fileSn=3,.hwp,C:\dongaAI\3차 프로젝트\0.0\data\attachments\hwp_raw\PBLN_000000000121819_ë³ì²¨1. ë¥í°FTZì ì²­ì(ê¸°ì ).hwp,downloaded,,2026-07-01T02:35:00
PBLN_000000000121819,bizinfo,[울산] 2026년 울산자유무역지역 역량강화 기업지원사업 참여기업 모집 공고,산업통상부,https://www.bizinfo.go.kr/sii/siia/selectSIIA200Detail.do?pblancId=PBLN_000000000121819,https://www.bizinfo.go.kr/cmm/fms/fileDown.do?atchFileId=FILE_000000000754812&fileSn=4,.hwp,C:\dongaAI\3차 프로젝트\0.0\data\attachments\hwp_raw\PBLN_000000000121819_ë³ì²¨2. ì´ìì ì²­ì.hwp,downloaded,,2026-07-01T02:35:00
PBLN_000000000117626,bizinfo,[강원] 속초시 2026년 중소기업육성자금 이차보전금 지원 계획 공고,강원특별자치도,https://www.bizinfo.go.kr/sii/siia/selectSIIA200Detail.do?pblancId=PBLN_000000000117626,https://www.bizinfo.go.kr/sii/siia/202601201030070514.hwp,.hwp,C:\dongaAI\3차 프로젝트\0.0\data\attachments\hwp_raw\PBLN_000000000117626_202601201030070514.hwp,download_failed,404 Client Error: Not Found for url: https://www.bizinfo.go.kr/sii/siia/202601201030070514.hwp,2026-07-01T02:35:00
PBLN_000000000117626,bizinfo,[강원] 속초시 2026년 중소기업육성자금 이차보전금 지원 계획 공고,강원특별자치도,https://www.bizinfo.go.kr/sii/siia/selectSIIA200Detail.do?pblancId=PBLN_000000000117626,https://www.bizinfo.go.kr/cmm/fms/fileDown.do?atchFileId=FILE_000000000741246&fileSn=0,.hwp,C:\dongaAI\3차 프로젝트\0.0\data\attachments\hwp_raw\PBLN_000000000117626_ë¶ì2 ìµìì¶ì² ì¬ì¬ê¸°ì¤ ë° íê°í [ë³í 2].hwp,downloaded,,2026-07-01T02:35:00
PBLN_000000000117626,bizinfo,[강원] 속초시 2026년 중소기업육성자금 이차보전금 지원 계획 공고,강원특별자치도,https://www.bizinfo.go.kr/sii/siia/selectSIIA200Detail.do?pblancId=PBLN_000000000117626,https://www.bizinfo.go.kr/cmm/fms/fileDown.do?atchFileId=FILE_000000000741246&fileSn=1,.hwp,C:\dongaAI\3차 프로젝트\0.0\data\attachments\hwp_raw\PBLN_000000000117626_ë¶ì1 ìì´ì ì¤ìê¸°ì ì¡ì±ìê¸ ì ì²­ì(ìì).hwp,downloaded,,2026-07-01T02:35:00
PBLN_000000000117626,bizinfo,[강원] 속초시 2026년 중소기업육성자금 이차보전금 지원 계획 공고,강원특별자치도,https://www.bizinfo.go.kr/sii/siia/selectSIIA200Detail.do?pblancId=PBLN_000000000117626,https://www.bizinfo.go.kr/cmm/fms/fileDown.do?atchFileId=FILE_000000000741245&fileSn=0,.hwp,C:\dongaAI\3차 프로젝트\0.0\data\attachments\hwp_raw\PBLN_000000000117626_2026ë  ìì´ì ì¤ìê¸°ì ì¡ì±ìê¸ ì´ì°¨ë³´ì ê¸ ì§ì ê³í ê³µê³.hwp,downloaded,,2026-07-01T02:35:00
PBLN_000000000121832,bizinfo,[강원] 2026년 청년창업자금 무이자 대출지원 사업시행 변경 공고,강원특별자치도,https://www.bizinfo.go.kr/sii/siia/selectSIIA200Detail.do?pblancId=PBLN_000000000121832,https://www.bizinfo.go.kr/cmm/fms/fileDown.do?atchFileId=FILE_000000000754847&fileSn=2,.hwp,C:\dongaAI\3차 프로젝트\0.0\data\attachments\hwp_raw\PBLN_000000000121832_ë¶ì4 (ìì) ì²­ë ì°½ì ìê¸ ë¬´ì´ì ëì¶ ì§ìì¬ì ëìì.hwp,downloaded,,2026-07-01T02:35:00
PBLN_000000000117603,bizinfo,[강원] 원주시 2026년 창업기업자금 동행지원 계획 공고,강원특별자치도,https://www.bizinfo.go.kr/sii/siia/selectSIIA200Detail.do?pblancId=PBLN_000000000117603,https://www.bizinfo.go.kr/sii/siia/202601191424000500.hwp,.hwp,C:\dongaAI\3차 프로젝트\0.0\data\attachments\hwp_raw\PBLN_000000000117603_202601191424000500.hwp,download_failed,404 Client Error: Not Found for url: https://www.bizinfo.go.kr/sii/siia/202601191424000500.hwp,2026-07-01T02:35:00
PBLN_000000000117603,bizinfo,[강원] 원주시 2026년 창업기업자금 동행지원 계획 공고,강원특별자치도,https://www.bizinfo.go.kr/sii/siia/selectSIIA200Detail.do?pblancId=PBLN_000000000117603,https://www.bizinfo.go.kr/sii/siia/2026년도 원주시 창업기업자금 동행지원 계획 공고（안）.hwp,.hwp,C:\dongaAI\3차 프로젝트\0.0\data\attachments\hwp_raw\PBLN_000000000117603_2026년도 원주시 창업기업자금 동행지원 계획 공고（안）.hwp,download_failed,400 Client Error: Bad Request for url: https://www.bizinfo.go.kr/sii/siia/2026%EB%85%84%EB%8F%84%20%EC%9B%90%EC%A3%BC%EC%8B%9C%20%EC%B0%BD%EC%97%85%EA%B8%B0%EC%97%85%EC%9E%90%EA%B8%88%20%EB%8F%99%ED%96%89%EC%A7%80%EC%9B%90%20%EA%B3%84%ED%9A%8D%20%EA%B3%B5%EA%B3%A0%EF%BC%88%EC%95%88%EF%BC%89.hwp,2026-07-01T02:35:00
PBLN_000000000117603,bizinfo,[강원] 원주시 2026년 창업기업자금 동행지원 계획 공고,강원특별자치도,https://www.bizinfo.go.kr/sii/siia/selectSIIA200Detail.do?pblancId=PBLN_000000000117603,https://www.bizinfo.go.kr/cmm/fms/fileDown.do?atchFileId=FILE_000000000741185&fileSn=0,.hwp,C:\dongaAI\3차 프로젝트\0.0\data\attachments\hwp_raw\PBLN_000000000117603_2026ë ë ìì£¼ì ì°½ì ê¸°ì ìê¸ ëíì§ì ì ì²­ììï¼ìï¼.hwp,downloaded,,2026-07-01T02:35:00
PBLN_000000000117603,bizinfo,[강원] 원주시 2026년 창업기업자금 동행지원 계획 공고,강원특별자치도,https://www.bizinfo.go.kr/sii/siia/selectSIIA200Detail.do?pblancId=PBLN_000000000117603,https://www.bizinfo.go.kr/cmm/fms/fileDown.do?atchFileId=FILE_000000000741184&fileSn=0,.hwp,C:\dongaAI\3차 프로젝트\0.0\data\attachments\hwp_raw\PBLN_000000000117603_2026ë ë ìì£¼ì ì°½ì ê¸°ì ìê¸ ëíì§ì ê³í ê³µê³ ï¼ìï¼.hwp,downloaded,,2026-07-01T02:35:01
PBLN_000000000117621,bizinfo,[강원] 속초시 2026년 소상공인 특례보증 수수료 지원 사업 공고,강원특별자치도,https://www.bizinfo.go.kr/sii/siia/selectSIIA200Detail.do?pblancId=PBLN_000000000117621,https://www.bizinfo.go.kr/sii/siia/202601201004240537.hwp,.hwp,C:\dongaAI\3차 프로젝트\0.0\data\attachments\hwp_raw\PBLN_000000000117621_202601201004240537.hwp,download_failed,404 Client Error: Not Found for url: https://www.bizinfo.go.kr/sii/siia/202601201004240537.hwp,2026-07-01T02:35:01
PBLN_000000000117621,bizinfo,[강원] 속초시 2026년 소상공인 특례보증 수수료 지원 사업 공고,강원특별자치도,https://www.bizinfo.go.kr/sii/siia/selectSIIA200Detail.do?pblancId=PBLN_000000000117621,https://www.bizinfo.go.kr/sii/siia/2026년 속초시 소상공인 특례보증 수수료 지원 사업 공고 (1).hwp,.hwp,C:\dongaAI\3차 프로젝트\0.0\data\attachments\hwp_raw\PBLN_000000000117621_2026년 속초시 소상공인 특례보증 수수료 지원 사업 공고 (1).hwp,download_failed,400 Client Error: Bad Request for url: https://www.bizinfo.go.kr/sii/siia/2026%EB%85%84%20%EC%86%8D%EC%B4%88%EC%8B%9C%20%EC%86%8C%EC%83%81%EA%B3%B5%EC%9D%B8%20%ED%8A%B9%EB%A1%80%EB%B3%B4%EC%A6%9D%20%EC%88%98%EC%88%98%EB%A3%8C%20%EC%A7%80%EC%9B%90%20%EC%82%AC%EC%97%85%20%EA%B3%B5%EA%B3%A0%20(1).hwp,2026-07-01T02:35:01
PBLN_000000000117621,bizinfo,[강원] 속초시 2026년 소상공인 특례보증 수수료 지원 사업 공고,강원특별자치도,https://www.bizinfo.go.kr/sii/siia/selectSIIA200Detail.do?pblancId=PBLN_000000000117621,https://www.bizinfo.go.kr/cmm/fms/fileDown.do?atchFileId=FILE_000000000741219&fileSn=0,.hwp,C:\dongaAI\3차 프로젝트\0.0\data\attachments\hwp_raw\PBLN_000000000117621_ìì´ì í¹ë¡ë³´ì¦ ë³´ì¦ììë£ ì§ì ì ì²­ìì.hwp,downloaded,,2026-07-01T02:35:01
PBLN_000000000117621,bizinfo,[강원] 속초시 2026년 소상공인 특례보증 수수료 지원 사업 공고,강원특별자치도,https://www.bizinfo.go.kr/sii/siia/selectSIIA200Detail.do?pblancId=PBLN_000000000117621,https://www.bizinfo.go.kr/cmm/fms/fileDown.do?atchFileId=FILE_000000000741218&fileSn=0,.hwp,C:\dongaAI\3차 프로젝트\0.0\data\attachments\hwp_raw\PBLN_000000000117621_2026ë  ìì´ì ììê³µì¸ í¹ë¡ë³´ì¦ ììë£ ì§ì ì¬ì ê³µê³ (1).hwp,downloaded,,2026-07-01T02:35:01
PBLN_000000000117597,bizinfo,[강원] 태백시 2026년 소상공인 특례보증ㆍ이차보전 지원 계획 공고,강원특별자치도,https://www.bizinfo.go.kr/sii/siia/selectSIIA200Detail.do?pblancId=PBLN_000000000117597,https://www.bizinfo.go.kr/sii/siia/202601200917500955.hwp,.hwp,C:\dongaAI\3차 프로젝트\0.0\data\attachments\hwp_raw\PBLN_000000000117597_202601200917500955.hwp,download_failed,404 Client Error: Not Found for url: https://www.bizinfo.go.kr/sii/siia/202601200917500955.hwp,2026-07-01T02:35:01
PBLN_000000000117597,bizinfo,[강원] 태백시 2026년 소상공인 특례보증ㆍ이차보전 지원 계획 공고,강원특별자치도,https://www.bizinfo.go.kr/sii/siia/selectSIIA200Detail.do?pblancId=PBLN_000000000117597,https://www.bizinfo.go.kr/sii/siia/2026년 태백시 소상공인 특례보증 및 이차보전 지원 계획 공고.hwp,.hwp,C:\dongaAI\3차 프로젝트\0.0\data\attachments\hwp_raw\PBLN_000000000117597_2026년 태백시 소상공인 특례보증 및 이차보전 지원 계획 공고.hwp,download_failed,400 Client Error: Bad Request for url: https://www.bizinfo.go.kr/sii/siia/2026%EB%85%84%20%ED%83%9C%EB%B0%B1%EC%8B%9C%20%EC%86%8C%EC%83%81%EA%B3%B5%EC%9D%B8%20%ED%8A%B9%EB%A1%80%EB%B3%B4%EC%A6%9D%20%EB%B0%8F%20%EC%9D%B4%EC%B0%A8%EB%B3%B4%EC%A0%84%20%EC%A7%80%EC%9B%90%20%EA%B3%84%ED%9A%8D%20%EA%B3%B5%EA%B3%A0.hwp,2026-07-01T02:35:01
PBLN_000000000117597,bizinfo,[강원] 태백시 2026년 소상공인 특례보증ㆍ이차보전 지원 계획 공고,강원특별자치도,https://www.bizinfo.go.kr/sii/siia/selectSIIA200Detail.do?pblancId=PBLN_000000000117597,https://www.bizinfo.go.kr/cmm/fms/fileDown.do?atchFileId=FILE_000000000741213&fileSn=0,.hwp,C:\dongaAI\3차 프로젝트\0.0\data\attachments\hwp_raw\PBLN_000000000117597_2026ë  íë°±ì ììê³µì¸ í¹ë¡ë³´ì¦ ë° ì´ì°¨ë³´ì  ì§ì ê³í ê³µê³.hwp,downloaded,,2026-07-01T02:35:01
PBLN_000000000117583,bizinfo,[강원] 춘천시 2026년 창업지원자금(중소기업동행지원) 지원계획 공고,강원특별자치도,https://www.bizinfo.go.kr/sii/siia/selectSIIA200Detail.do?pblancId=PBLN_000000000117583,https://www.bizinfo.go.kr/sii/siia/202601191319420753.hwp,.hwp,C:\dongaAI\3차 프로젝트\0.0\data\attachments\hwp_raw\PBLN_000000000117583_202601191319420753.hwp,download_failed,404 Client Error: Not Found for url: https://www.bizinfo.go.kr/sii/siia/202601191319420753.hwp,2026-07-01T02:35:01
PBLN_000000000117583,bizinfo,[강원] 춘천시 2026년 창업지원자금(중소기업동행지원) 지원계획 공고,강원특별자치도,https://www.bizinfo.go.kr/sii/siia/selectSIIA200Detail.do?pblancId=PBLN_000000000117583,https://www.bizinfo.go.kr/sii/siia/2026년도 춘천시 창업지원자금(중소기업동행지원)지원 공고.hwp,.hwp,C:\dongaAI\3차 프로젝트\0.0\data\attachments\hwp_raw\PBLN_000000000117583_2026년도 춘천시 창업지원자금(중소기업동행지원)지원 공고.hwp,download_failed,400 Client Error: Bad Request for url: https://www.bizinfo.go.kr/sii/siia/2026%EB%85%84%EB%8F%84%20%EC%B6%98%EC%B2%9C%EC%8B%9C%20%EC%B0%BD%EC%97%85%EC%A7%80%EC%9B%90%EC%9E%90%EA%B8%88(%EC%A4%91%EC%86%8C%EA%B8%B0%EC%97%85%EB%8F%99%ED%96%89%EC%A7%80%EC%9B%90)%EC%A7%80%EC%9B%90%20%EA%B3%B5%EA%B3%A0.hwp,2026-07-01T02:35:01
PBLN_000000000117583,bizinfo,[강원] 춘천시 2026년 창업지원자금(중소기업동행지원) 지원계획 공고,강원특별자치도,https://www.bizinfo.go.kr/sii/siia/selectSIIA200Detail.do?pblancId=PBLN_000000000117583,https://www.bizinfo.go.kr/cmm/fms/fileDown.do?atchFileId=FILE_000000000741161&fileSn=0,.hwp,C:\dongaAI\3차 프로젝트\0.0\data\attachments\hwp_raw\PBLN_000000000117583_2026ë ë ì¶ì²ì ì°½ì ì§ììê¸(ì¤ìê¸°ì ëíì§ì)ì§ì ì ì²­ìì.hwp,downloaded,,2026-07-01T02:35:01
PBLN_000000000117583,bizinfo,[강원] 춘천시 2026년 창업지원자금(중소기업동행지원) 지원계획 공고,강원특별자치도,https://www.bizinfo.go.kr/sii/siia/selectSIIA200Detail.do?pblancId=PBLN_000000000117583,https://www.bizinfo.go.kr/cmm/fms/fileDown.do?atchFileId=FILE_000000000741150&fileSn=0,.hwp,C:\dongaAI\3차 프로젝트\0.0\data\attachments\hwp_raw\PBLN_000000000117583_2026ë ë ì¶ì²ì ì°½ì ì§ììê¸(ì¤ìê¸°ì ëíì§ì)ì§ì ê³µê³.hwp,downloaded,,2026-07-01T02:35:01
PBLN_000000000123703,bizinfo,[부산] 2026년 3차 대외협력R&D기획지원사업 신규과제 공고,부산광역시,https://www.bizinfo.go.kr/sii/siia/selectSIIA200Detail.do?pblancId=PBLN_000000000123703,https://www.bizinfo.go.kr/cmm/fms/fileDown.do?atchFileId=FILE_000000000761898&fileSn=1,.hwp,C:\dongaAI\3차 프로젝트\0.0\data\attachments\hwp_raw\PBLN_000000000123703_(ë¶ì2)+2026ë ë+ì 3ì°¨+ëì¸íë ¥R&Dê¸°íì§ìì¬ì +ì ì¶(ìì).hwp,downloaded,,2026-07-01T02:35:01
PBLN_000000000121980,bizinfo,[강원] 강릉시 2026년 중소기업 지식재산 국내 분쟁 지원 사업 모집 연장 공고,강원특별자치도,https://www.bizinfo.go.kr/sii/siia/selectSIIA200Detail.do?pblancId=PBLN_000000000121980,https://www.bizinfo.go.kr/cmm/fms/fileDown.do?atchFileId=FILE_000000000755382&fileSn=1,.hwp,C:\dongaAI\3차 프로젝트\0.0\data\attachments\hwp_raw\PBLN_000000000121980_ë¶ì2_2026ë  ê°ë¦ì ì§ìì¬ì° êµ­ë´ ë¶ì ì§ì ì¬ì ì ì²­ì.hwp,downloaded,,2026-07-01T02:35:02
PBLN_000000000117600,bizinfo,[강원] 태백시 2026년 중소기업육성자금 지원 사업 공고,강원특별자치도,https://www.bizinfo.go.kr/sii/siia/selectSIIA200Detail.do?pblancId=PBLN_000000000117600,https://www.bizinfo.go.kr/sii/siia/202601200932050706.hwp,.hwp,C:\dongaAI\3차 프로젝트\0.0\data\attachments\hwp_raw\PBLN_000000000117600_202601200932050706.hwp,download_failed,404 Client Error: Not Found for url: https://www.bizinfo.go.kr/sii/siia/202601200932050706.hwp,2026-07-01T02:35:02
PBLN_000000000117600,bizinfo,[강원] 태백시 2026년 중소기업육성자금 지원 사업 공고,강원특별자치도,https://www.bizinfo.go.kr/sii/siia/selectSIIA200Detail.do?pblancId=PBLN_000000000117600,https://www.bizinfo.go.kr/sii/siia/2026년 태백시 중소기업육성자금 지원 사업공고.hwp,.hwp,C:\dongaAI\3차 프로젝트\0.0\data\attachments\hwp_raw\PBLN_000000000117600_2026년 태백시 중소기업육성자금 지원 사업공고.hwp,download_failed,400 Client Error: Bad Request for url: https://www.bizinfo.go.kr/sii/siia/2026%EB%85%84%20%ED%83%9C%EB%B0%B1%EC%8B%9C%20%EC%A4%91%EC%86%8C%EA%B8%B0%EC%97%85%EC%9C%A1%EC%84%B1%EC%9E%90%EA%B8%88%20%EC%A7%80%EC%9B%90%20%EC%82%AC%EC%97%85%EA%B3%B5%EA%B3%A0.hwp,2026-07-01T02:35:02
PBLN_000000000117600,bizinfo,[강원] 태백시 2026년 중소기업육성자금 지원 사업 공고,강원특별자치도,https://www.bizinfo.go.kr/sii/siia/selectSIIA200Detail.do?pblancId=PBLN_000000000117600,https://www.bizinfo.go.kr/cmm/fms/fileDown.do?atchFileId=FILE_000000000741214&fileSn=0,.hwp,C:\dongaAI\3차 프로젝트\0.0\data\attachments\hwp_raw\PBLN_000000000117600_2026ë  íë°±ì ì¤ìê¸°ì ì¡ì±ìê¸ ì§ì ì¬ì ê³µê³.hwp,downloaded,,2026-07-01T02:35:02
PBLN_000000000117592,bizinfo,[강원] 원주시 2026년 상반기 중소기업육성자금 지원 계획 공고,강원특별자치도,https://www.bizinfo.go.kr/sii/siia/selectSIIA200Detail.do?pblancId=PBLN_000000000117592,https://www.bizinfo.go.kr/cmm/fms/fileDown.do?atchFileId=FILE_000000000741181&fileSn=0,.hwp,C:\dongaAI\3차 프로젝트\0.0\data\attachments\hwp_raw\PBLN_000000000117592_2026ë  ìë°ê¸° ìì£¼ì ì¤ìê¸°ì ì¡ì±ìê¸ ì ì²­ìì.hwp,downloaded,,2026-07-01T02:35:02
PBLN_000000000117592,bizinfo,[강원] 원주시 2026년 상반기 중소기업육성자금 지원 계획 공고,강원특별자치도,https://www.bizinfo.go.kr/sii/siia/selectSIIA200Detail.do?pblancId=PBLN_000000000117592,https://www.bizinfo.go.kr/cmm/fms/fileDown.do?atchFileId=FILE_000000000741181&fileSn=1,.hwp,C:\dongaAI\3차 프로젝트\0.0\data\attachments\hwp_raw\PBLN_000000000117592_ì§íê²°ê³¼ìï¼ììï¼.hwp,downloaded,,2026-07-01T02:35:02
PBLN_000000000117592,bizinfo,[강원] 원주시 2026년 상반기 중소기업육성자금 지원 계획 공고,강원특별자치도,https://www.bizinfo.go.kr/sii/siia/selectSIIA200Detail.do?pblancId=PBLN_000000000117592,https://www.bizinfo.go.kr/cmm/fms/fileDown.do?atchFileId=FILE_000000000741181&fileSn=2,.hwp,C:\dongaAI\3차 프로젝트\0.0\data\attachments\hwp_raw\PBLN_000000000117592_ë³ê²½ì ì²­ìï¼ììï¼.hwp,downloaded,,2026-07-01T02:35:02
PBLN_000000000117592,bizinfo,[강원] 원주시 2026년 상반기 중소기업육성자금 지원 계획 공고,강원특별자치도,https://www.bizinfo.go.kr/sii/siia/selectSIIA200Detail.do?pblancId=PBLN_000000000117592,https://www.bizinfo.go.kr/cmm/fms/fileDown.do?atchFileId=FILE_000000000741180&fileSn=0,.hwp,C:\dongaAI\3차 프로젝트\0.0\data\attachments\hwp_raw\PBLN_000000000117592_2026ë  ìë°ê¸° ìì£¼ì ì¤ìê¸°ì ì¡ì±ìê¸ ì§ì ê³í ê³µê³ ë¬¸.hwp,downloaded,,2026-07-01T02:35:02
PBLN_000000000117576,bizinfo,[충북] 괴산군 2026년 저신용 소상공인 대출이자 지원사업 공고,충청북도,https://www.bizinfo.go.kr/sii/siia/selectSIIA200Detail.do?pblancId=PBLN_000000000117576,https://www.bizinfo.go.kr/sii/siia/202601191119030185.hwp,.hwp,C:\dongaAI\3차 프로젝트\0.0\data\attachments\hwp_raw\PBLN_000000000117576_202601191119030185.hwp,download_failed,404 Client Error: Not Found for url: https://www.bizinfo.go.kr/sii/siia/202601191119030185.hwp,2026-07-01T02:35:02
PBLN_000000000117576,bizinfo,[충북] 괴산군 2026년 저신용 소상공인 대출이자 지원사업 공고,충청북도,https://www.bizinfo.go.kr/sii/siia/selectSIIA200Detail.do?pblancId=PBLN_000000000117576,https://www.bizinfo.go.kr/sii/siia/2026년 괴산군 저신용 소상공인 대출이자 지원사업 공고.hwp,.hwp,C:\dongaAI\3차 프로젝트\0.0\data\attachments\hwp_raw\PBLN_000000000117576_2026년 괴산군 저신용 소상공인 대출이자 지원사업 공고.hwp,download_failed,400 Client Error: Bad Request for url: https://www.bizinfo.go.kr/sii/siia/2026%EB%85%84%20%EA%B4%B4%EC%82%B0%EA%B5%B0%20%EC%A0%80%EC%8B%A0%EC%9A%A9%20%EC%86%8C%EC%83%81%EA%B3%B5%EC%9D%B8%20%EB%8C%80%EC%B6%9C%EC%9D%B4%EC%9E%90%20%EC%A7%80%EC%9B%90%EC%82%AC%EC%97%85%20%EA%B3%B5%EA%B3%A0.hwp,2026-07-01T02:35:02
PBLN_000000000117576,bizinfo,[충북] 괴산군 2026년 저신용 소상공인 대출이자 지원사업 공고,충청북도,https://www.bizinfo.go.kr/sii/siia/selectSIIA200Detail.do?pblancId=PBLN_000000000117576,https://www.bizinfo.go.kr/cmm/fms/fileDown.do?atchFileId=FILE_000000000741140&fileSn=0,.hwp,C:\dongaAI\3차 프로젝트\0.0\data\attachments\hwp_raw\PBLN_000000000117576_2026ë  ê´´ì°êµ° ì ì ì© ììê³µì¸ ëì¶ì´ì ì§ìì¬ì ê³µê³.hwp,downloaded,,2026-07-01T02:35:02
PBLN_000000000117554,bizinfo,[충북] 괴산군 2026년 중소기업육성자금 이차보전금 지원 선정계획 공고,충청북도,https://www.bizinfo.go.kr/sii/siia/selectSIIA200Detail.do?pblancId=PBLN_000000000117554,https://www.bizinfo.go.kr/sii/siia/202601191055180145.hwp,.hwp,C:\dongaAI\3차 프로젝트\0.0\data\attachments\hwp_raw\PBLN_000000000117554_202601191055180145.hwp,download_failed,404 Client Error: Not Found for url: https://www.bizinfo.go.kr/sii/siia/202601191055180145.hwp,2026-07-01T02:35:03
PBLN_000000000117554,bizinfo,[충북] 괴산군 2026년 중소기업육성자금 이차보전금 지원 선정계획 공고,충청북도,https://www.bizinfo.go.kr/sii/siia/selectSIIA200Detail.do?pblancId=PBLN_000000000117554,https://www.bizinfo.go.kr/sii/siia/2026년 중소기업육성자금 지원계획 공고문.hwp,.hwp,C:\dongaAI\3차 프로젝트\0.0\data\attachments\hwp_raw\PBLN_000000000117554_2026년 중소기업육성자금 지원계획 공고문.hwp,download_failed,400 Client Error: Bad Request for url: https://www.bizinfo.go.kr/sii/siia/2026%EB%85%84%20%EC%A4%91%EC%86%8C%EA%B8%B0%EC%97%85%EC%9C%A1%EC%84%B1%EC%9E%90%EA%B8%88%20%EC%A7%80%EC%9B%90%EA%B3%84%ED%9A%8D%20%EA%B3%B5%EA%B3%A0%EB%AC%B8.hwp,2026-07-01T02:35:03
PBLN_000000000117554,bizinfo,[충북] 괴산군 2026년 중소기업육성자금 이차보전금 지원 선정계획 공고,충청북도,https://www.bizinfo.go.kr/sii/siia/selectSIIA200Detail.do?pblancId=PBLN_000000000117554,https://www.bizinfo.go.kr/cmm/fms/fileDown.do?atchFileId=FILE_000000000741136&fileSn=0,.hwp,C:\dongaAI\3차 프로젝트\0.0\data\attachments\hwp_raw\PBLN_000000000117554_2026ë  ì¤ìê¸°ì ì¡ì±ìê¸ ì§ìê³í ê³µê³ ë¬¸.hwp,downloaded,,2026-07-01T02:35:03
PBLN_000000000117510,bizinfo,[전북] 진안군 2026년 상공업 육성자금 대출 지원사업 공고,전북특별자치도,https://www.bizinfo.go.kr/sii/siia/selectSIIA200Detail.do?pblancId=PBLN_000000000117510,https://www.bizinfo.go.kr/sii/siia/202601160937530236.hwp,.hwp,C:\dongaAI\3차 프로젝트\0.0\data\attachments\hwp_raw\PBLN_000000000117510_202601160937530236.hwp,download_failed,404 Client Error: Not Found for url: https://www.bizinfo.go.kr/sii/siia/202601160937530236.hwp,2026-07-01T02:35:03
PBLN_000000000117510,bizinfo,[전북] 진안군 2026년 상공업 육성자금 대출 지원사업 공고,전북특별자치도,https://www.bizinfo.go.kr/sii/siia/selectSIIA200Detail.do?pblancId=PBLN_000000000117510,https://www.bizinfo.go.kr/sii/siia/2026년 상공업육성자금 대출 지원 사업 공고.hwp,.hwp,C:\dongaAI\3차 프로젝트\0.0\data\attachments\hwp_raw\PBLN_000000000117510_2026년 상공업육성자금 대출 지원 사업 공고.hwp,download_failed,400 Client Error: Bad Request for url: https://www.bizinfo.go.kr/sii/siia/2026%EB%85%84%20%EC%83%81%EA%B3%B5%EC%97%85%EC%9C%A1%EC%84%B1%EC%9E%90%EA%B8%88%20%EB%8C%80%EC%B6%9C%20%EC%A7%80%EC%9B%90%20%EC%82%AC%EC%97%85%20%EA%B3%B5%EA%B3%A0.hwp,2026-07-01T02:35:03
PBLN_000000000117510,bizinfo,[전북] 진안군 2026년 상공업 육성자금 대출 지원사업 공고,전북특별자치도,https://www.bizinfo.go.kr/sii/siia/selectSIIA200Detail.do?pblancId=PBLN_000000000117510,https://www.bizinfo.go.kr/cmm/fms/fileDown.do?atchFileId=FILE_000000000740990&fileSn=0,.hwp,C:\dongaAI\3차 프로젝트\0.0\data\attachments\hwp_raw\PBLN_000000000117510_2026ë  ìê³µì ì¡ì±ìê¸ ëì¶ ì§ì ì¬ì ê³µê³.hwp,downloaded,,2026-07-01T02:35:03
PBLN_000000000122045,bizinfo,2026년 연구조직(기업부설연구소 등) 설립 및 기술ㆍ경영혁신 인증 지원사업 참여기업 모집 공고,대구광역시,https://www.bizinfo.go.kr/sii/siia/selectSIIA200Detail.do?pblancId=PBLN_000000000122045,https://www.bizinfo.go.kr/cmm/fms/fileDown.do?atchFileId=FILE_000000000755683&fileSn=0,.hwp,C:\dongaAI\3차 프로젝트\0.0\data\attachments\hwp_raw\PBLN_000000000122045_ë¶ì 2. (ìì2) 2026ë  ê¸°ì Â·ê²½ìíì ì¸ì¦ì§ìì¬ì ì ì²­ì.hwp,downloaded,,2026-07-01T02:35:03
PBLN_000000000122045,bizinfo,2026년 연구조직(기업부설연구소 등) 설립 및 기술ㆍ경영혁신 인증 지원사업 참여기업 모집 공고,대구광역시,https://www.bizinfo.go.kr/sii/siia/selectSIIA200Detail.do?pblancId=PBLN_000000000122045,https://www.bizinfo.go.kr/cmm/fms/fileDown.do?atchFileId=FILE_000000000755683&fileSn=1,.hwp,C:\dongaAI\3차 프로젝트\0.0\data\attachments\hwp_raw\PBLN_000000000122045_ë¶ì 1. (ìì1) 2026ë  ì°êµ¬ì¡°ì§ ì¤ë¦½Â·íë ì§ìì¬ì ì§ìì ì²­ì.hwp,downloaded,,2026-07-01T02:35:03
PBLN_000000000117498,bizinfo,[충남] 공주시 2026년 소상공인 특례보증 지원계획 공고,충청남도,https://www.bizinfo.go.kr/sii/siia/selectSIIA200Detail.do?pblancId=PBLN_000000000117498,https://www.bizinfo.go.kr/sii/siia/202601161105490062.hwp,.hwp,C:\dongaAI\3차 프로젝트\0.0\data\attachments\hwp_raw\PBLN_000000000117498_202601161105490062.hwp,download_failed,404 Client Error: Not Found for url: https://www.bizinfo.go.kr/sii/siia/202601161105490062.hwp,2026-07-01T02:35:03
PBLN_000000000117498,bizinfo,[충남] 공주시 2026년 소상공인 특례보증 지원계획 공고,충청남도,https://www.bizinfo.go.kr/sii/siia/selectSIIA200Detail.do?pblancId=PBLN_000000000117498,https://www.bizinfo.go.kr/sii/siia/소상공인 특례보증 지원계획 공고(2026년).hwp,.hwp,C:\dongaAI\3차 프로젝트\0.0\data\attachments\hwp_raw\PBLN_000000000117498_소상공인 특례보증 지원계획 공고(2026년).hwp,download_failed,400 Client Error: Bad Request for url: https://www.bizinfo.go.kr/sii/siia/%EC%86%8C%EC%83%81%EA%B3%B5%EC%9D%B8%20%ED%8A%B9%EB%A1%80%EB%B3%B4%EC%A6%9D%20%EC%A7%80%EC%9B%90%EA%B3%84%ED%9A%8D%20%EA%B3%B5%EA%B3%A0(2026%EB%85%84).hwp,2026-07-01T02:35:03
PBLN_000000000117498,bizinfo,[충남] 공주시 2026년 소상공인 특례보증 지원계획 공고,충청남도,https://www.bizinfo.go.kr/sii/siia/selectSIIA200Detail.do?pblancId=PBLN_000000000117498,https://www.bizinfo.go.kr/cmm/fms/fileDown.do?atchFileId=FILE_000000000741024&fileSn=0,.hwp,C:\dongaAI\3차 프로젝트\0.0\data\attachments\hwp_raw\PBLN_000000000117498_ììê³µì¸ìê¸ ì§ìì ì¸ ëì ì ì¢.hwp,downloaded,,2026-07-01T02:35:03
PBLN_000000000117498,bizinfo,[충남] 공주시 2026년 소상공인 특례보증 지원계획 공고,충청남도,https://www.bizinfo.go.kr/sii/siia/selectSIIA200Detail.do?pblancId=PBLN_000000000117498,https://www.bizinfo.go.kr/cmm/fms/fileDown.do?atchFileId=FILE_000000000741023&fileSn=0,.hwp,C:\dongaAI\3차 프로젝트\0.0\data\attachments\hwp_raw\PBLN_000000000117498_ììê³µì¸ í¹ë¡ë³´ì¦ ì§ìê³í ê³µê³ (2026ë ).hwp,downloaded,,2026-07-01T02:35:04
PBLN_000000000122128,bizinfo,[경북] 울진군 2026년 소상공인 카드수수료 지원사업 참여업체 모집 공고,경상북도,https://www.bizinfo.go.kr/sii/siia/selectSIIA200Detail.do?pblancId=PBLN_000000000122128,https://www.bizinfo.go.kr/cmm/fms/fileDown.do?atchFileId=FILE_000000000755995&fileSn=0,.hwp,C:\dongaAI\3차 프로젝트\0.0\data\attachments\hwp_raw\PBLN_000000000122128_ã2026ë  ì¸ì§êµ° ììê³µì¸ ì¹´ëììë£ ì§ìì¬ì ãì ì²­ìì.hwp,downloaded,,2026-07-01T02:35:04
PBLN_000000000117296,bizinfo,[경남] 거제시 2026년 상반기 중소기업 육성자금 융자지원 계획 공고,경상남도,https://www.bizinfo.go.kr/sii/siia/selectSIIA200Detail.do?pblancId=PBLN_000000000117296,https://www.bizinfo.go.kr/sii/siia/202601091437440415.hwp,.hwp,C:\dongaAI\3차 프로젝트\0.0\data\attachments\hwp_raw\PBLN_000000000117296_202601091437440415.hwp,download_failed,404 Client Error: Not Found for url: https://www.bizinfo.go.kr/sii/siia/202601091437440415.hwp,2026-07-01T02:35:04
PBLN_000000000117296,bizinfo,[경남] 거제시 2026년 상반기 중소기업 육성자금 융자지원 계획 공고,경상남도,https://www.bizinfo.go.kr/sii/siia/selectSIIA200Detail.do?pblancId=PBLN_000000000117296,https://www.bizinfo.go.kr/sii/siia/2026년 상반기 거제시 중소기업 육성자금 융자지원 공고문.hwp,.hwp,C:\dongaAI\3차 프로젝트\0.0\data\attachments\hwp_raw\PBLN_000000000117296_2026년 상반기 거제시 중소기업 육성자금 융자지원 공고문.hwp,download_failed,400 Client Error: Bad Request for url: https://www.bizinfo.go.kr/sii/siia/2026%EB%85%84%20%EC%83%81%EB%B0%98%EA%B8%B0%20%EA%B1%B0%EC%A0%9C%EC%8B%9C%20%EC%A4%91%EC%86%8C%EA%B8%B0%EC%97%85%20%EC%9C%A1%EC%84%B1%EC%9E%90%EA%B8%88%20%EC%9C%B5%EC%9E%90%EC%A7%80%EC%9B%90%20%EA%B3%B5%EA%B3%A0%EB%AC%B8.hwp,2026-07-01T02:35:04
PBLN_000000000117296,bizinfo,[경남] 거제시 2026년 상반기 중소기업 육성자금 융자지원 계획 공고,경상남도,https://www.bizinfo.go.kr/sii/siia/selectSIIA200Detail.do?pblancId=PBLN_000000000117296,https://www.bizinfo.go.kr/cmm/fms/fileDown.do?atchFileId=FILE_000000000740324&fileSn=0,.hwp,C:\dongaAI\3차 프로젝트\0.0\data\attachments\hwp_raw\PBLN_000000000117296_2026ë  ìë°ê¸° ê±°ì ì ì¤ìê¸°ì ì¡ì±ìê¸ ìµìì§ì ê³µê³ ë¬¸.hwp,downloaded,,2026-07-01T02:35:04
PBLN_000000000117495,bizinfo,[전북] 무주군 2026년 소상공인 특례보증 및 이차보전금 지원 사업 공고,전북특별자치도,https://www.bizinfo.go.kr/sii/siia/selectSIIA200Detail.do?pblancId=PBLN_000000000117495,https://www.bizinfo.go.kr/sii/siia/202601160955290015.hwp,.hwp,C:\dongaAI\3차 프로젝트\0.0\data\attachments\hwp_raw\PBLN_000000000117495_202601160955290015.hwp,download_failed,404 Client Error: Not Found for url: https://www.bizinfo.go.kr/sii/siia/202601160955290015.hwp,2026-07-01T02:35:04
PBLN_000000000117495,bizinfo,[전북] 무주군 2026년 소상공인 특례보증 및 이차보전금 지원 사업 공고,전북특별자치도,https://www.bizinfo.go.kr/sii/siia/selectSIIA200Detail.do?pblancId=PBLN_000000000117495,https://www.bizinfo.go.kr/sii/siia/2026년 무주군 소상공인 특례보증 및 이차보전 지원 사업 공고.hwp,.hwp,C:\dongaAI\3차 프로젝트\0.0\data\attachments\hwp_raw\PBLN_000000000117495_2026년 무주군 소상공인 특례보증 및 이차보전 지원 사업 공고.hwp,download_failed,400 Client Error: Bad Request for url: https://www.bizinfo.go.kr/sii/siia/2026%EB%85%84%20%EB%AC%B4%EC%A3%BC%EA%B5%B0%20%EC%86%8C%EC%83%81%EA%B3%B5%EC%9D%B8%20%ED%8A%B9%EB%A1%80%EB%B3%B4%EC%A6%9D%20%EB%B0%8F%20%EC%9D%B4%EC%B0%A8%EB%B3%B4%EC%A0%84%20%EC%A7%80%EC%9B%90%20%EC%82%AC%EC%97%85%20%EA%B3%B5%EA%B3%A0.hwp,2026-07-01T02:35:04
PBLN_000000000117495,bizinfo,[전북] 무주군 2026년 소상공인 특례보증 및 이차보전금 지원 사업 공고,전북특별자치도,https://www.bizinfo.go.kr/sii/siia/selectSIIA200Detail.do?pblancId=PBLN_000000000117495,https://www.bizinfo.go.kr/cmm/fms/fileDown.do?atchFileId=FILE_000000000740994&fileSn=0,.hwp,C:\dongaAI\3차 프로젝트\0.0\data\attachments\hwp_raw\PBLN_000000000117495_2026ë  ë¬´ì£¼êµ° ììê³µì¸ í¹ë¡ë³´ì¦ ë° ì´ì°¨ë³´ì  ì§ì ì¬ì ê³µê³.hwp,downloaded,,2026-07-01T02:35:04
PBLN_000000000117356,bizinfo,[전북] 2026년 중소기업육성자금 융자 지원계획 공고,전북특별자치도,https://www.bizinfo.go.kr/sii/siia/selectSIIA200Detail.do?pblancId=PBLN_000000000117356,https://www.bizinfo.go.kr/sii/siia/202601131007090082.hwp,.hwp,C:\dongaAI\3차 프로젝트\0.0\data\attachments\hwp_raw\PBLN_000000000117356_202601131007090082.hwp,download_failed,404 Client Error: Not Found for url: https://www.bizinfo.go.kr/sii/siia/202601131007090082.hwp,2026-07-01T02:35:04
PBLN_000000000117356,bizinfo,[전북] 2026년 중소기업육성자금 융자 지원계획 공고,전북특별자치도,https://www.bizinfo.go.kr/sii/siia/selectSIIA200Detail.do?pblancId=PBLN_000000000117356,https://www.bizinfo.go.kr/sii/siia/★2026년+전북특별자치도+중소기업육성자금+융자지원+계획+공고.hwp,.hwp,C:\dongaAI\3차 프로젝트\0.0\data\attachments\hwp_raw\PBLN_000000000117356_★2026년+전북특별자치도+중소기업육성자금+융자지원+계획+공고.hwp,download_failed,400 Client Error: Bad Request for url: https://www.bizinfo.go.kr/sii/siia/%E2%98%852026%EB%85%84+%EC%A0%84%EB%B6%81%ED%8A%B9%EB%B3%84%EC%9E%90%EC%B9%98%EB%8F%84+%EC%A4%91%EC%86%8C%EA%B8%B0%EC%97%85%EC%9C%A1%EC%84%B1%EC%9E%90%EA%B8%88+%EC%9C%B5%EC%9E%90%EC%A7%80%EC%9B%90+%EA%B3%84%ED%9A%8D+%EA%B3%B5%EA%B3%A0.hwp,2026-07-01T02:35:04
PBLN_000000000117356,bizinfo,[전북] 2026년 중소기업육성자금 융자 지원계획 공고,전북특별자치도,https://www.bizinfo.go.kr/sii/siia/selectSIIA200Detail.do?pblancId=PBLN_000000000117356,https://www.bizinfo.go.kr/cmm/fms/fileDown.do?atchFileId=FILE_000000000740611&fileSn=0,.hwp,C:\dongaAI\3차 프로젝트\0.0\data\attachments\hwp_raw\PBLN_000000000117356_â 2026ë +ì ë¶í¹ë³ìì¹ë+ì¤ìê¸°ì ì¡ì±ìê¸+ìµìì§ì+ê³í+ê³µê³.hwp,downloaded,,2026-07-01T02:35:04
PBLN_000000000117319,bizinfo,[경북] 의성군 2026년 중소기업 고용보조금 지원사업 공고,경상북도,https://www.bizinfo.go.kr/sii/siia/selectSIIA200Detail.do?pblancId=PBLN_000000000117319,https://www.bizinfo.go.kr/sii/siia/202601121338440925.hwp,.hwp,C:\dongaAI\3차 프로젝트\0.0\data\attachments\hwp_raw\PBLN_000000000117319_202601121338440925.hwp,download_failed,404 Client Error: Not Found for url: https://www.bizinfo.go.kr/sii/siia/202601121338440925.hwp,2026-07-01T02:35:05
PBLN_000000000117319,bizinfo,[경북] 의성군 2026년 중소기업 고용보조금 지원사업 공고,경상북도,https://www.bizinfo.go.kr/sii/siia/selectSIIA200Detail.do?pblancId=PBLN_000000000117319,https://www.bizinfo.go.kr/sii/siia/2026년 중소기업 고용보조금 지원사업 공고.hwp,.hwp,C:\dongaAI\3차 프로젝트\0.0\data\attachments\hwp_raw\PBLN_000000000117319_2026년 중소기업 고용보조금 지원사업 공고.hwp,download_failed,400 Client Error: Bad Request for url: https://www.bizinfo.go.kr/sii/siia/2026%EB%85%84%20%EC%A4%91%EC%86%8C%EA%B8%B0%EC%97%85%20%EA%B3%A0%EC%9A%A9%EB%B3%B4%EC%A1%B0%EA%B8%88%20%EC%A7%80%EC%9B%90%EC%82%AC%EC%97%85%20%EA%B3%B5%EA%B3%A0.hwp,2026-07-01T02:35:05
PBLN_000000000117319,bizinfo,[경북] 의성군 2026년 중소기업 고용보조금 지원사업 공고,경상북도,https://www.bizinfo.go.kr/sii/siia/selectSIIA200Detail.do?pblancId=PBLN_000000000117319,https://www.bizinfo.go.kr/cmm/fms/fileDown.do?atchFileId=FILE_000000000740487&fileSn=0,.hwp,C:\dongaAI\3차 프로젝트\0.0\data\attachments\hwp_raw\PBLN_000000000117319_2026ë  ì¤ìê¸°ì ê³ ì©ë³´ì¡°ê¸ ì§ìì¬ì ê³µê³.hwp,downloaded,,2026-07-01T02:35:05
PBLN_000000000117298,bizinfo,[경남] 창녕군 2026년 상반기 중소기업 육성자금 융자지원 계획 공고,경상남도,https://www.bizinfo.go.kr/sii/siia/selectSIIA200Detail.do?pblancId=PBLN_000000000117298,https://www.bizinfo.go.kr/sii/siia/202601120950230567.hwp,.hwp,C:\dongaAI\3차 프로젝트\0.0\data\attachments\hwp_raw\PBLN_000000000117298_202601120950230567.hwp,download_failed,404 Client Error: Not Found for url: https://www.bizinfo.go.kr/sii/siia/202601120950230567.hwp,2026-07-01T02:35:05
PBLN_000000000117298,bizinfo,[경남] 창녕군 2026년 상반기 중소기업 육성자금 융자지원 계획 공고,경상남도,https://www.bizinfo.go.kr/sii/siia/selectSIIA200Detail.do?pblancId=PBLN_000000000117298,https://www.bizinfo.go.kr/sii/siia/2026년 창녕군 중소기업육성자금 지원계획 공고문.hwp,.hwp,C:\dongaAI\3차 프로젝트\0.0\data\attachments\hwp_raw\PBLN_000000000117298_2026년 창녕군 중소기업육성자금 지원계획 공고문.hwp,download_failed,400 Client Error: Bad Request for url: https://www.bizinfo.go.kr/sii/siia/2026%EB%85%84%20%EC%B0%BD%EB%85%95%EA%B5%B0%20%EC%A4%91%EC%86%8C%EA%B8%B0%EC%97%85%EC%9C%A1%EC%84%B1%EC%9E%90%EA%B8%88%20%EC%A7%80%EC%9B%90%EA%B3%84%ED%9A%8D%20%EA%B3%B5%EA%B3%A0%EB%AC%B8.hwp,2026-07-01T02:35:05
PBLN_000000000117298,bizinfo,[경남] 창녕군 2026년 상반기 중소기업 육성자금 융자지원 계획 공고,경상남도,https://www.bizinfo.go.kr/sii/siia/selectSIIA200Detail.do?pblancId=PBLN_000000000117298,https://www.bizinfo.go.kr/cmm/fms/fileDown.do?atchFileId=FILE_000000000740434&fileSn=0,.hwp,C:\dongaAI\3차 프로젝트\0.0\data\attachments\hwp_raw\PBLN_000000000117298_2026ë  ì°½ë êµ° ì¤ìê¸°ì ì¡ì±ìê¸ ì§ìê³í ê³µê³ ë¬¸.hwp,downloaded,,2026-07-01T02:35:05
PBLN_000000000122394,bizinfo,[제주] 2026년 전기차 사용 후 배터리 실증 지원사업(KC인증) 상시모집 공고,제주특별자치도,https://www.bizinfo.go.kr/sii/siia/selectSIIA200Detail.do?pblancId=PBLN_000000000122394,https://www.bizinfo.go.kr/cmm/fms/fileDown.do?atchFileId=FILE_000000000756966&fileSn=1,.hwp,C:\dongaAI\3차 프로젝트\0.0\data\attachments\hwp_raw\PBLN_000000000122394_ë¶ì. ì ì¶ìì(KCì¸ì¦).hwp,downloaded,,2026-07-01T02:35:06
PBLN_000000000117303,bizinfo,[경남] 거제시 2026년 조선협력사 중소기업 육성자금 연장 지원 계획 공고,경상남도,https://www.bizinfo.go.kr/sii/siia/selectSIIA200Detail.do?pblancId=PBLN_000000000117303,https://www.bizinfo.go.kr/sii/siia/202601091431530849.hwp,.hwp,C:\dongaAI\3차 프로젝트\0.0\data\attachments\hwp_raw\PBLN_000000000117303_202601091431530849.hwp,download_failed,404 Client Error: Not Found for url: https://www.bizinfo.go.kr/sii/siia/202601091431530849.hwp,2026-07-01T02:35:06
PBLN_000000000117303,bizinfo,[경남] 거제시 2026년 조선협력사 중소기업 육성자금 연장 지원 계획 공고,경상남도,https://www.bizinfo.go.kr/sii/siia/selectSIIA200Detail.do?pblancId=PBLN_000000000117303,https://www.bizinfo.go.kr/sii/siia/2026년 조선협력사 중소기업 육성자금 연장 지원 공고문.hwp,.hwp,C:\dongaAI\3차 프로젝트\0.0\data\attachments\hwp_raw\PBLN_000000000117303_2026년 조선협력사 중소기업 육성자금 연장 지원 공고문.hwp,download_failed,400 Client Error: Bad Request for url: https://www.bizinfo.go.kr/sii/siia/2026%EB%85%84%20%EC%A1%B0%EC%84%A0%ED%98%91%EB%A0%A5%EC%82%AC%20%EC%A4%91%EC%86%8C%EA%B8%B0%EC%97%85%20%EC%9C%A1%EC%84%B1%EC%9E%90%EA%B8%88%20%EC%97%B0%EC%9E%A5%20%EC%A7%80%EC%9B%90%20%EA%B3%B5%EA%B3%A0%EB%AC%B8.hwp,2026-07-01T02:35:06
PBLN_000000000117303,bizinfo,[경남] 거제시 2026년 조선협력사 중소기업 육성자금 연장 지원 계획 공고,경상남도,https://www.bizinfo.go.kr/sii/siia/selectSIIA200Detail.do?pblancId=PBLN_000000000117303,https://www.bizinfo.go.kr/cmm/fms/fileDown.do?atchFileId=FILE_000000000740323&fileSn=0,.hwp,C:\dongaAI\3차 프로젝트\0.0\data\attachments\hwp_raw\PBLN_000000000117303_2026ë  ì¡°ì íë ¥ì¬ ì¤ìê¸°ì ì¡ì±ìê¸ ì°ì¥ ì§ì ê³µê³ ë¬¸.hwp,downloaded,,2026-07-01T02:35:06
PBLN_000000000117283,bizinfo,[경남] 거제시 2026년 저신용 소상공인 이차보전 지원사업 계획 공고,경상남도,https://www.bizinfo.go.kr/sii/siia/selectSIIA200Detail.do?pblancId=PBLN_000000000117283,https://www.bizinfo.go.kr/sii/siia/202601091312010606.hwp,.hwp,C:\dongaAI\3차 프로젝트\0.0\data\attachments\hwp_raw\PBLN_000000000117283_202601091312010606.hwp,download_failed,404 Client Error: Not Found for url: https://www.bizinfo.go.kr/sii/siia/202601091312010606.hwp,2026-07-01T02:35:06
PBLN_000000000117283,bizinfo,[경남] 거제시 2026년 저신용 소상공인 이차보전 지원사업 계획 공고,경상남도,https://www.bizinfo.go.kr/sii/siia/selectSIIA200Detail.do?pblancId=PBLN_000000000117283,https://www.bizinfo.go.kr/sii/siia/공고문(2026년 거제시 저신용 소상공인 이차보전 지원사업).hwp,.hwp,C:\dongaAI\3차 프로젝트\0.0\data\attachments\hwp_raw\PBLN_000000000117283_공고문(2026년 거제시 저신용 소상공인 이차보전 지원사업).hwp,download_failed,400 Client Error: Bad Request for url: https://www.bizinfo.go.kr/sii/siia/%EA%B3%B5%EA%B3%A0%EB%AC%B8(2026%EB%85%84%20%EA%B1%B0%EC%A0%9C%EC%8B%9C%20%EC%A0%80%EC%8B%A0%EC%9A%A9%20%EC%86%8C%EC%83%81%EA%B3%B5%EC%9D%B8%20%EC%9D%B4%EC%B0%A8%EB%B3%B4%EC%A0%84%20%EC%A7%80%EC%9B%90%EC%82%AC%EC%97%85).hwp,2026-07-01T02:35:06
PBLN_000000000117283,bizinfo,[경남] 거제시 2026년 저신용 소상공인 이차보전 지원사업 계획 공고,경상남도,https://www.bizinfo.go.kr/sii/siia/selectSIIA200Detail.do?pblancId=PBLN_000000000117283,https://www.bizinfo.go.kr/cmm/fms/fileDown.do?atchFileId=FILE_000000000740291&fileSn=0,.hwp,C:\dongaAI\3차 프로젝트\0.0\data\attachments\hwp_raw\PBLN_000000000117283_ê³µê³ ë¬¸(2026ë  ê±°ì ì ì ì ì© ììê³µì¸ ì´ì°¨ë³´ì  ì§ìì¬ì ).hwp,downloaded,,2026-07-01T02:35:06
PBLN_000000000117309,bizinfo,[경남] 함안군 2026년 소상공인 육성자금(이자) 지원계획 공고,경상남도,https://www.bizinfo.go.kr/sii/siia/selectSIIA200Detail.do?pblancId=PBLN_000000000117309,https://www.bizinfo.go.kr/sii/siia/202601120935470162.hwp,.hwp,C:\dongaAI\3차 프로젝트\0.0\data\attachments\hwp_raw\PBLN_000000000117309_202601120935470162.hwp,download_failed,404 Client Error: Not Found for url: https://www.bizinfo.go.kr/sii/siia/202601120935470162.hwp,2026-07-01T02:35:06
PBLN_000000000117309,bizinfo,[경남] 함안군 2026년 소상공인 육성자금(이자) 지원계획 공고,경상남도,https://www.bizinfo.go.kr/sii/siia/selectSIIA200Detail.do?pblancId=PBLN_000000000117309,https://www.bizinfo.go.kr/sii/siia/2026년도 함안군 소상공인 육성자금(이자) 공고문.hwp,.hwp,C:\dongaAI\3차 프로젝트\0.0\data\attachments\hwp_raw\PBLN_000000000117309_2026년도 함안군 소상공인 육성자금(이자) 공고문.hwp,download_failed,400 Client Error: Bad Request for url: https://www.bizinfo.go.kr/sii/siia/2026%EB%85%84%EB%8F%84%20%ED%95%A8%EC%95%88%EA%B5%B0%20%EC%86%8C%EC%83%81%EA%B3%B5%EC%9D%B8%20%EC%9C%A1%EC%84%B1%EC%9E%90%EA%B8%88(%EC%9D%B4%EC%9E%90)%20%EA%B3%B5%EA%B3%A0%EB%AC%B8.hwp,2026-07-01T02:35:06
PBLN_000000000117309,bizinfo,[경남] 함안군 2026년 소상공인 육성자금(이자) 지원계획 공고,경상남도,https://www.bizinfo.go.kr/sii/siia/selectSIIA200Detail.do?pblancId=PBLN_000000000117309,https://www.bizinfo.go.kr/cmm/fms/fileDown.do?atchFileId=FILE_000000000740433&fileSn=0,.hwp,C:\dongaAI\3차 프로젝트\0.0\data\attachments\hwp_raw\PBLN_000000000117309_2026ë ë í¨ìêµ° ììê³µì¸ ì¡ì±ìê¸(ì´ì) ê³µê³ ë¬¸.hwp,downloaded,,2026-07-01T02:35:06
PBLN_000000000117278,bizinfo,[경남] 산청군 인구감소지역 소재 중소기업 특례보증 금융지원 신청 공고,경상남도,https://www.bizinfo.go.kr/sii/siia/selectSIIA200Detail.do?pblancId=PBLN_000000000117278,https://www.bizinfo.go.kr/sii/siia/202601091340290618.hwp,.hwp,C:\dongaAI\3차 프로젝트\0.0\data\attachments\hwp_raw\PBLN_000000000117278_202601091340290618.hwp,download_failed,404 Client Error: Not Found for url: https://www.bizinfo.go.kr/sii/siia/202601091340290618.hwp,2026-07-01T02:35:06
PBLN_000000000117278,bizinfo,[경남] 산청군 인구감소지역 소재 중소기업 특례보증 금융지원 신청 공고,경상남도,https://www.bizinfo.go.kr/sii/siia/selectSIIA200Detail.do?pblancId=PBLN_000000000117278,https://www.bizinfo.go.kr/sii/siia/공고문(인구감소지역 소재 중소기업 특례보증 금융지원 신청공고).hwp,.hwp,C:\dongaAI\3차 프로젝트\0.0\data\attachments\hwp_raw\PBLN_000000000117278_공고문(인구감소지역 소재 중소기업 특례보증 금융지원 신청공고).hwp,download_failed,400 Client Error: Bad Request for url: https://www.bizinfo.go.kr/sii/siia/%EA%B3%B5%EA%B3%A0%EB%AC%B8(%EC%9D%B8%EA%B5%AC%EA%B0%90%EC%86%8C%EC%A7%80%EC%97%AD%20%EC%86%8C%EC%9E%AC%20%EC%A4%91%EC%86%8C%EA%B8%B0%EC%97%85%20%ED%8A%B9%EB%A1%80%EB%B3%B4%EC%A6%9D%20%EA%B8%88%EC%9C%B5%EC%A7%80%EC%9B%90%20%EC%8B%A0%EC%B2%AD%EA%B3%B5%EA%B3%A0).hwp,2026-07-01T02:35:06
PBLN_000000000117278,bizinfo,[경남] 산청군 인구감소지역 소재 중소기업 특례보증 금융지원 신청 공고,경상남도,https://www.bizinfo.go.kr/sii/siia/selectSIIA200Detail.do?pblancId=PBLN_000000000117278,https://www.bizinfo.go.kr/cmm/fms/fileDown.do?atchFileId=FILE_000000000740302&fileSn=0,.hwp,C:\dongaAI\3차 프로젝트\0.0\data\attachments\hwp_raw\PBLN_000000000117278_ê³µê³ ë¬¸(ì¸êµ¬ê°ìì§ì­ ìì¬ ì¤ìê¸°ì í¹ë¡ë³´ì¦ ê¸ìµì§ì ì ì²­ê³µê³ ).hwp,downloaded,,2026-07-01T02:35:06
PBLN_000000000122428,bizinfo,2026년 콘텐츠 기업 노무 컨설팅 참가기업 모집 공고,문화체육관광부,https://www.bizinfo.go.kr/sii/siia/selectSIIA200Detail.do?pblancId=PBLN_000000000122428,https://www.bizinfo.go.kr/sii/siia/202605261452290635.hwp,.hwp,C:\dongaAI\3차 프로젝트\0.0\data\attachments\hwp_raw\PBLN_000000000122428_202605261452290635.hwp,download_failed,404 Client Error: Not Found for url: https://www.bizinfo.go.kr/sii/siia/202605261452290635.hwp,2026-07-01T02:35:06
PBLN_000000000122428,bizinfo,2026년 콘텐츠 기업 노무 컨설팅 참가기업 모집 공고,문화체육관광부,https://www.bizinfo.go.kr/sii/siia/selectSIIA200Detail.do?pblancId=PBLN_000000000122428,https://www.bizinfo.go.kr/sii/siia/붙임1. 공고문_2026년 콘텐츠 기업 노무 컨설팅 참가사 지원.hwp,.hwp,C:\dongaAI\3차 프로젝트\0.0\data\attachments\hwp_raw\PBLN_000000000122428_붙임1. 공고문_2026년 콘텐츠 기업 노무 컨설팅 참가사 지원.hwp,download_failed,400 Client Error: Bad Request for url: https://www.bizinfo.go.kr/sii/siia/%EB%B6%99%EC%9E%841.%20%EA%B3%B5%EA%B3%A0%EB%AC%B8_2026%EB%85%84%20%EC%BD%98%ED%85%90%EC%B8%A0%20%EA%B8%B0%EC%97%85%20%EB%85%B8%EB%AC%B4%20%EC%BB%A8%EC%84%A4%ED%8C%85%20%EC%B0%B8%EA%B0%80%EC%82%AC%20%EC%A7%80%EC%9B%90.hwp,2026-07-01T02:35:06
PBLN_000000000122428,bizinfo,2026년 콘텐츠 기업 노무 컨설팅 참가기업 모집 공고,문화체육관광부,https://www.bizinfo.go.kr/sii/siia/selectSIIA200Detail.do?pblancId=PBLN_000000000122428,https://www.bizinfo.go.kr/cmm/fms/fileDown.do?atchFileId=FILE_000000000757049&fileSn=0,.hwp,C:\dongaAI\3차 프로젝트\0.0\data\attachments\hwp_raw\PBLN_000000000122428_ë¶ì2. ì°¸ê°ì ì²­ì_2026ë  ì½í ì¸ ê¸°ì ë ¸ë¬´ ì»¨ì¤í ì°¸ê°ì¬ ì§ì.hwp,downloaded,,2026-07-01T02:35:06
PBLN_000000000122428,bizinfo,2026년 콘텐츠 기업 노무 컨설팅 참가기업 모집 공고,문화체육관광부,https://www.bizinfo.go.kr/sii/siia/selectSIIA200Detail.do?pblancId=PBLN_000000000122428,https://www.bizinfo.go.kr/cmm/fms/fileDown.do?atchFileId=FILE_000000000757048&fileSn=0,.hwp,C:\dongaAI\3차 프로젝트\0.0\data\attachments\hwp_raw\PBLN_000000000122428_ë¶ì1. ê³µê³ ë¬¸_2026ë  ì½í ì¸ ê¸°ì ë ¸ë¬´ ì»¨ì¤í ì°¸ê°ì¬ ì§ì.hwp,downloaded,,2026-07-01T02:35:07
PBLN_000000000123545,bizinfo,[충남] 2026년 지자체 지식재산창출지원사업 수혜기업 모집 공고,충청남도,https://www.bizinfo.go.kr/sii/siia/selectSIIA200Detail.do?pblancId=PBLN_000000000123545,https://www.bizinfo.go.kr/sii/siia/202606241123560551.hwp,.hwp,C:\dongaAI\3차 프로젝트\0.0\data\attachments\hwp_raw\PBLN_000000000123545_202606241123560551.hwp,download_failed,404 Client Error: Not Found for url: https://www.bizinfo.go.kr/sii/siia/202606241123560551.hwp,2026-07-01T02:35:07
PBLN_000000000123545,bizinfo,[충남] 2026년 지자체 지식재산창출지원사업 수혜기업 모집 공고,충청남도,https://www.bizinfo.go.kr/sii/siia/selectSIIA200Detail.do?pblancId=PBLN_000000000123545,https://www.bizinfo.go.kr/sii/siia/모집 공고문.hwp,.hwp,C:\dongaAI\3차 프로젝트\0.0\data\attachments\hwp_raw\PBLN_000000000123545_모집 공고문.hwp,download_failed,400 Client Error: Bad Request for url: https://www.bizinfo.go.kr/sii/siia/%EB%AA%A8%EC%A7%91%20%EA%B3%B5%EA%B3%A0%EB%AC%B8.hwp,2026-07-01T02:35:07
PBLN_000000000123545,bizinfo,[충남] 2026년 지자체 지식재산창출지원사업 수혜기업 모집 공고,충청남도,https://www.bizinfo.go.kr/sii/siia/selectSIIA200Detail.do?pblancId=PBLN_000000000123545,https://www.bizinfo.go.kr/cmm/fms/fileDown.do?atchFileId=FILE_000000000761315&fileSn=0,.hwp,C:\dongaAI\3차 프로젝트\0.0\data\attachments\hwp_raw\PBLN_000000000123545_ìíê¸°ì ì ì²­ì.hwp,downloaded,,2026-07-01T02:35:07
PBLN_000000000123545,bizinfo,[충남] 2026년 지자체 지식재산창출지원사업 수혜기업 모집 공고,충청남도,https://www.bizinfo.go.kr/sii/siia/selectSIIA200Detail.do?pblancId=PBLN_000000000123545,https://www.bizinfo.go.kr/cmm/fms/fileDown.do?atchFileId=FILE_000000000761314&fileSn=0,.hwp,C:\dongaAI\3차 프로젝트\0.0\data\attachments\hwp_raw\PBLN_000000000123545_ëª¨ì§ ê³µê³ ë¬¸.hwp,downloaded,,2026-07-01T02:35:07
PBLN_000000000117276,bizinfo,[경남] 김해시 2026년 사회적경제기업 금융지원 사업 계획 공고,경상남도,https://www.bizinfo.go.kr/sii/siia/selectSIIA200Detail.do?pblancId=PBLN_000000000117276,https://www.bizinfo.go.kr/sii/siia/202601091337550422.hwp,.hwp,C:\dongaAI\3차 프로젝트\0.0\data\attachments\hwp_raw\PBLN_000000000117276_202601091337550422.hwp,download_failed,404 Client Error: Not Found for url: https://www.bizinfo.go.kr/sii/siia/202601091337550422.hwp,2026-07-01T02:35:07
PBLN_000000000117276,bizinfo,[경남] 김해시 2026년 사회적경제기업 금융지원 사업 계획 공고,경상남도,https://www.bizinfo.go.kr/sii/siia/selectSIIA200Detail.do?pblancId=PBLN_000000000117276,https://www.bizinfo.go.kr/sii/siia/2026년 김해시 사회적경제기업 금융지원 사업계획 공고.hwp,.hwp,C:\dongaAI\3차 프로젝트\0.0\data\attachments\hwp_raw\PBLN_000000000117276_2026년 김해시 사회적경제기업 금융지원 사업계획 공고.hwp,download_failed,400 Client Error: Bad Request for url: https://www.bizinfo.go.kr/sii/siia/2026%EB%85%84%20%EA%B9%80%ED%95%B4%EC%8B%9C%20%EC%82%AC%ED%9A%8C%EC%A0%81%EA%B2%BD%EC%A0%9C%EA%B8%B0%EC%97%85%20%EA%B8%88%EC%9C%B5%EC%A7%80%EC%9B%90%20%EC%82%AC%EC%97%85%EA%B3%84%ED%9A%8D%20%EA%B3%B5%EA%B3%A0.hwp,2026-07-01T02:35:07
PBLN_000000000117276,bizinfo,[경남] 김해시 2026년 사회적경제기업 금융지원 사업 계획 공고,경상남도,https://www.bizinfo.go.kr/sii/siia/selectSIIA200Detail.do?pblancId=PBLN_000000000117276,https://www.bizinfo.go.kr/cmm/fms/fileDown.do?atchFileId=FILE_000000000740300&fileSn=0,.hwp,C:\dongaAI\3차 프로젝트\0.0\data\attachments\hwp_raw\PBLN_000000000117276_2026ë  ê¹í´ì ì¬íì ê²½ì ê¸°ì ê¸ìµì§ì ì¬ì ê³í ê³µê³.hwp,downloaded,,2026-07-01T02:35:07
PBLN_000000000122497,bizinfo,2026년 SW개발자 채용기업 모집 공고(K-Digital Training 벤처ㆍ스타트업 아카데미),고용노동부,https://www.bizinfo.go.kr/sii/siia/selectSIIA200Detail.do?pblancId=PBLN_000000000122497,https://www.bizinfo.go.kr/sii/siia/202605281004200828.hwp,.hwp,C:\dongaAI\3차 프로젝트\0.0\data\attachments\hwp_raw\PBLN_000000000122497_202605281004200828.hwp,download_failed,404 Client Error: Not Found for url: https://www.bizinfo.go.kr/sii/siia/202605281004200828.hwp,2026-07-01T02:35:07
PBLN_000000000122497,bizinfo,2026년 SW개발자 채용기업 모집 공고(K-Digital Training 벤처ㆍ스타트업 아카데미),고용노동부,https://www.bizinfo.go.kr/sii/siia/selectSIIA200Detail.do?pblancId=PBLN_000000000122497,https://www.bizinfo.go.kr/cmm/fms/fileDown.do?atchFileId=FILE_000000000757342&fileSn=0,.hwp,C:\dongaAI\3차 프로젝트\0.0\data\attachments\hwp_raw\PBLN_000000000122497_[ì²¨ë¶1] 2026ë  K-ëì§í¸ í¸ë ì´ë(ë²¤ì²ì í) ì¬ì ì°¸ì¬ì ì²­ì.hwp,downloaded,,2026-07-01T02:35:07
PBLN_000000000122497,bizinfo,2026년 SW개발자 채용기업 모집 공고(K-Digital Training 벤처ㆍ스타트업 아카데미),고용노동부,https://www.bizinfo.go.kr/sii/siia/selectSIIA200Detail.do?pblancId=PBLN_000000000122497,https://www.bizinfo.go.kr/cmm/fms/fileDown.do?atchFileId=FILE_000000000757342&fileSn=1,.hwp,C:\dongaAI\3차 프로젝트\0.0\data\attachments\hwp_raw\PBLN_000000000122497_[ì²¨ë¶2(í¬ë§ì)] 2026ë  K-ëì§í¸ í¸ë ì´ë(ë²¤ì²ì í) ëì§í¸ì¸ì¬ DB ì ì²­ì(ì±ì©ê³.hwp,downloaded,,2026-07-01T02:35:07
PBLN_000000000123526,bizinfo,[충남] 2026년 산학연 협동프로그램 참여기업 지원사업 모집 재공고(테크노파크 생산장비 고도화),충청남도,https://www.bizinfo.go.kr/sii/siia/selectSIIA200Detail.do?pblancId=PBLN_000000000123526,https://www.bizinfo.go.kr/cmm/fms/fileDown.do?atchFileId=FILE_000000000761198&fileSn=6,.hwp,C:\dongaAI\3차 프로젝트\0.0\data\attachments\hwp_raw\PBLN_000000000123526_[ë³ì²¨ 3] ì ì²­ì ììëª¨ì(0618).hwp,downloaded,,2026-07-01T02:35:07
PBLN_000000000117258,bizinfo,[경남] 김해시 2026년 상반기 중소기업육성자금 지원 계획 공고,경상남도,https://www.bizinfo.go.kr/sii/siia/selectSIIA200Detail.do?pblancId=PBLN_000000000117258,https://www.bizinfo.go.kr/sii/siia/202601091117220956.hwp,.hwp,C:\dongaAI\3차 프로젝트\0.0\data\attachments\hwp_raw\PBLN_000000000117258_202601091117220956.hwp,download_failed,404 Client Error: Not Found for url: https://www.bizinfo.go.kr/sii/siia/202601091117220956.hwp,2026-07-01T02:35:07
PBLN_000000000117258,bizinfo,[경남] 김해시 2026년 상반기 중소기업육성자금 지원 계획 공고,경상남도,https://www.bizinfo.go.kr/sii/siia/selectSIIA200Detail.do?pblancId=PBLN_000000000117258,https://www.bizinfo.go.kr/sii/siia/2026년 상반기 김해시 중소기업육성자금 공고.hwp,.hwp,C:\dongaAI\3차 프로젝트\0.0\data\attachments\hwp_raw\PBLN_000000000117258_2026년 상반기 김해시 중소기업육성자금 공고.hwp,download_failed,400 Client Error: Bad Request for url: https://www.bizinfo.go.kr/sii/siia/2026%EB%85%84%20%EC%83%81%EB%B0%98%EA%B8%B0%20%EA%B9%80%ED%95%B4%EC%8B%9C%20%EC%A4%91%EC%86%8C%EA%B8%B0%EC%97%85%EC%9C%A1%EC%84%B1%EC%9E%90%EA%B8%88%20%EA%B3%B5%EA%B3%A0.hwp,2026-07-01T02:35:07
PBLN_000000000117258,bizinfo,[경남] 김해시 2026년 상반기 중소기업육성자금 지원 계획 공고,경상남도,https://www.bizinfo.go.kr/sii/siia/selectSIIA200Detail.do?pblancId=PBLN_000000000117258,https://www.bizinfo.go.kr/cmm/fms/fileDown.do?atchFileId=FILE_000000000740280&fileSn=0,.hwp,C:\dongaAI\3차 프로젝트\0.0\data\attachments\hwp_raw\PBLN_000000000117258_2026ë  ìë°ê¸° ê¹í´ì ì¤ìê¸°ì ì¡ì±ìê¸ ê³µê³.hwp,downloaded,,2026-07-01T02:35:07
PBLN_000000000117214,bizinfo,[경북] 2026년 중소기업 운전자금(이차보전) 지원 계획 공고,경상북도,https://www.bizinfo.go.kr/sii/siia/selectSIIA200Detail.do?pblancId=PBLN_000000000117214,https://www.bizinfo.go.kr/sii/siia/202601081309570044.hwp,.hwp,C:\dongaAI\3차 프로젝트\0.0\data\attachments\hwp_raw\PBLN_000000000117214_202601081309570044.hwp,download_failed,404 Client Error: Not Found for url: https://www.bizinfo.go.kr/sii/siia/202601081309570044.hwp,2026-07-01T02:35:07
PBLN_000000000117214,bizinfo,[경북] 2026년 중소기업 운전자금(이차보전) 지원 계획 공고,경상북도,https://www.bizinfo.go.kr/sii/siia/selectSIIA200Detail.do?pblancId=PBLN_000000000117214,https://www.bizinfo.go.kr/sii/siia/2026년도 중소기업 운전자금 지원 계획.hwp,.hwp,C:\dongaAI\3차 프로젝트\0.0\data\attachments\hwp_raw\PBLN_000000000117214_2026년도 중소기업 운전자금 지원 계획.hwp,download_failed,400 Client Error: Bad Request for url: https://www.bizinfo.go.kr/sii/siia/2026%EB%85%84%EB%8F%84%20%EC%A4%91%EC%86%8C%EA%B8%B0%EC%97%85%20%EC%9A%B4%EC%A0%84%EC%9E%90%EA%B8%88%20%EC%A7%80%EC%9B%90%20%EA%B3%84%ED%9A%8D.hwp,2026-07-01T02:35:07
PBLN_000000000117214,bizinfo,[경북] 2026년 중소기업 운전자금(이차보전) 지원 계획 공고,경상북도,https://www.bizinfo.go.kr/sii/siia/selectSIIA200Detail.do?pblancId=PBLN_000000000117214,https://www.bizinfo.go.kr/cmm/fms/fileDown.do?atchFileId=FILE_000000000739942&fileSn=0,.hwp,C:\dongaAI\3차 프로젝트\0.0\data\attachments\hwp_raw\PBLN_000000000117214_2026ë ë ì¤ìê¸°ì ì´ì ìê¸ ì§ì ê³í.hwp,downloaded,,2026-07-01T02:35:07
PBLN_000000000122580,bizinfo,[경북] 청도군 2026년 소상공인 카드수수료 지원사업 참여 점포 모집 공고,경상북도,https://www.bizinfo.go.kr/sii/siia/selectSIIA200Detail.do?pblancId=PBLN_000000000122580,https://www.bizinfo.go.kr/cmm/fms/fileDown.do?atchFileId=FILE_000000000757612&fileSn=1,.hwp,C:\dongaAI\3차 프로젝트\0.0\data\attachments\hwp_raw\PBLN_000000000122580_(ë¶ì2)ã2026ë  ê²½ìë¶ë ììê³µì¸ ì¹´ëììë£ ì§ìì¬ì ã ì¬ì ì ì²­ ìì.hwp,downloaded,,2026-07-01T02:35:08
PBLN_000000000122640,bizinfo,[경북] 2026년 경북산업기술단지 거점기능강화사업 기술닥터제 활성화 지원사업 공고,중소벤처기업부,https://www.bizinfo.go.kr/sii/siia/selectSIIA200Detail.do?pblancId=PBLN_000000000122640,https://www.bizinfo.go.kr/cmm/fms/fileDown.do?atchFileId=FILE_000000000757810&fileSn=0,.hwp,C:\dongaAI\3차 프로젝트\0.0\data\attachments\hwp_raw\PBLN_000000000122640_ë¶ì 2. ã.hwp,downloaded,,2026-07-01T02:35:08
PBLN_000000000122640,bizinfo,[경북] 2026년 경북산업기술단지 거점기능강화사업 기술닥터제 활성화 지원사업 공고,중소벤처기업부,https://www.bizinfo.go.kr/sii/siia/selectSIIA200Detail.do?pblancId=PBLN_000000000122640,https://www.bizinfo.go.kr/cmm/fms/fileDown.do?atchFileId=FILE_000000000757810&fileSn=1,.hwp,C:\dongaAI\3차 프로젝트\0.0\data\attachments\hwp_raw\PBLN_000000000122640_ë¶ì 3. ã.hwp,downloaded,,2026-07-01T02:35:08
PBLN_000000000117257,bizinfo,[경남] 사천시 2026년 상반기 소상공인 육성자금 지원 공고,경상남도,https://www.bizinfo.go.kr/sii/siia/selectSIIA200Detail.do?pblancId=PBLN_000000000117257,https://www.bizinfo.go.kr/sii/siia/202601091101330404.hwp,.hwp,C:\dongaAI\3차 프로젝트\0.0\data\attachments\hwp_raw\PBLN_000000000117257_202601091101330404.hwp,download_failed,404 Client Error: Not Found for url: https://www.bizinfo.go.kr/sii/siia/202601091101330404.hwp,2026-07-01T02:35:08
PBLN_000000000117257,bizinfo,[경남] 사천시 2026년 상반기 소상공인 육성자금 지원 공고,경상남도,https://www.bizinfo.go.kr/sii/siia/selectSIIA200Detail.do?pblancId=PBLN_000000000117257,https://www.bizinfo.go.kr/sii/siia/2026년 상반기 사천시 소상공인 육성자금 지원 공고(최종).hwp,.hwp,C:\dongaAI\3차 프로젝트\0.0\data\attachments\hwp_raw\PBLN_000000000117257_2026년 상반기 사천시 소상공인 육성자금 지원 공고(최종).hwp,download_failed,400 Client Error: Bad Request for url: https://www.bizinfo.go.kr/sii/siia/2026%EB%85%84%20%EC%83%81%EB%B0%98%EA%B8%B0%20%EC%82%AC%EC%B2%9C%EC%8B%9C%20%EC%86%8C%EC%83%81%EA%B3%B5%EC%9D%B8%20%EC%9C%A1%EC%84%B1%EC%9E%90%EA%B8%88%20%EC%A7%80%EC%9B%90%20%EA%B3%B5%EA%B3%A0(%EC%B5%9C%EC%A2%85).hwp,2026-07-01T02:35:08
PBLN_000000000117257,bizinfo,[경남] 사천시 2026년 상반기 소상공인 육성자금 지원 공고,경상남도,https://www.bizinfo.go.kr/sii/siia/selectSIIA200Detail.do?pblancId=PBLN_000000000117257,https://www.bizinfo.go.kr/cmm/fms/fileDown.do?atchFileId=FILE_000000000740274&fileSn=0,.hwp,C:\dongaAI\3차 프로젝트\0.0\data\attachments\hwp_raw\PBLN_000000000117257_2026ë  ìë°ê¸° ì¬ì²ì ììê³µì¸ ì¡ì±ìê¸ ì§ì ê³µê³ (ìµì¢ ).hwp,downloaded,,2026-07-01T02:35:08
PBLN_000000000117232,bizinfo,[충남] 2026년 식품진흥기금 시설개선자금 융자계획 공고,충청남도,https://www.bizinfo.go.kr/sii/siia/selectSIIA200Detail.do?pblancId=PBLN_000000000117232,https://www.bizinfo.go.kr/sii/siia/202601080953000412.hwp,.hwp,C:\dongaAI\3차 프로젝트\0.0\data\attachments\hwp_raw\PBLN_000000000117232_202601080953000412.hwp,download_failed,404 Client Error: Not Found for url: https://www.bizinfo.go.kr/sii/siia/202601080953000412.hwp,2026-07-01T02:35:08
PBLN_000000000117232,bizinfo,[충남] 2026년 식품진흥기금 시설개선자금 융자계획 공고,충청남도,https://www.bizinfo.go.kr/sii/siia/selectSIIA200Detail.do?pblancId=PBLN_000000000117232,https://www.bizinfo.go.kr/sii/siia/2026년 식품진흥기금 시설개선자금 융자계획 공고문.hwp,.hwp,C:\dongaAI\3차 프로젝트\0.0\data\attachments\hwp_raw\PBLN_000000000117232_2026년 식품진흥기금 시설개선자금 융자계획 공고문.hwp,download_failed,400 Client Error: Bad Request for url: https://www.bizinfo.go.kr/sii/siia/2026%EB%85%84%20%EC%8B%9D%ED%92%88%EC%A7%84%ED%9D%A5%EA%B8%B0%EA%B8%88%20%EC%8B%9C%EC%84%A4%EA%B0%9C%EC%84%A0%EC%9E%90%EA%B8%88%20%EC%9C%B5%EC%9E%90%EA%B3%84%ED%9A%8D%20%EA%B3%B5%EA%B3%A0%EB%AC%B8.hwp,2026-07-01T02:35:08
PBLN_000000000117232,bizinfo,[충남] 2026년 식품진흥기금 시설개선자금 융자계획 공고,충청남도,https://www.bizinfo.go.kr/sii/siia/selectSIIA200Detail.do?pblancId=PBLN_000000000117232,https://www.bizinfo.go.kr/cmm/fms/fileDown.do?atchFileId=FILE_000000000740143&fileSn=0,.hwp,C:\dongaAI\3차 프로젝트\0.0\data\attachments\hwp_raw\PBLN_000000000117232_2026ë  ìíì§í¥ê¸°ê¸ ìì¤ê°ì ìê¸ ìµìê³í ê³µê³ ë¬¸.hwp,downloaded,,2026-07-01T02:35:08
PBLN_000000000117254,bizinfo,[경남] 창원시 2026년 중소기업 육성자금 융자지원 계획 공고,경상남도,https://www.bizinfo.go.kr/sii/siia/selectSIIA200Detail.do?pblancId=PBLN_000000000117254,https://www.bizinfo.go.kr/sii/siia/202601091046240764.hwp,.hwp,C:\dongaAI\3차 프로젝트\0.0\data\attachments\hwp_raw\PBLN_000000000117254_202601091046240764.hwp,download_failed,404 Client Error: Not Found for url: https://www.bizinfo.go.kr/sii/siia/202601091046240764.hwp,2026-07-01T02:35:09
PBLN_000000000117254,bizinfo,[경남] 창원시 2026년 중소기업 육성자금 융자지원 계획 공고,경상남도,https://www.bizinfo.go.kr/sii/siia/selectSIIA200Detail.do?pblancId=PBLN_000000000117254,https://www.bizinfo.go.kr/sii/siia/2026년 중소기업 육성자금 융자지원 계획 공고문.hwp,.hwp,C:\dongaAI\3차 프로젝트\0.0\data\attachments\hwp_raw\PBLN_000000000117254_2026년 중소기업 육성자금 융자지원 계획 공고문.hwp,download_failed,400 Client Error: Bad Request for url: https://www.bizinfo.go.kr/sii/siia/2026%EB%85%84%20%EC%A4%91%EC%86%8C%EA%B8%B0%EC%97%85%20%EC%9C%A1%EC%84%B1%EC%9E%90%EA%B8%88%20%EC%9C%B5%EC%9E%90%EC%A7%80%EC%9B%90%20%EA%B3%84%ED%9A%8D%20%EA%B3%B5%EA%B3%A0%EB%AC%B8.hwp,2026-07-01T02:35:09
PBLN_000000000117254,bizinfo,[경남] 창원시 2026년 중소기업 육성자금 융자지원 계획 공고,경상남도,https://www.bizinfo.go.kr/sii/siia/selectSIIA200Detail.do?pblancId=PBLN_000000000117254,https://www.bizinfo.go.kr/cmm/fms/fileDown.do?atchFileId=FILE_000000000740265&fileSn=0,.hwp,C:\dongaAI\3차 프로젝트\0.0\data\attachments\hwp_raw\PBLN_000000000117254_2026ë  ì¤ìê¸°ì ì¡ì±ìê¸ ìµìì§ì ê³í ê³µê³ ë¬¸.hwp,downloaded,,2026-07-01T02:35:09
PBLN_000000000117223,bizinfo,[대전] 2026년 1차 소상공인 초저금리 특별자금 지원 계획 공고,대전광역시,https://www.bizinfo.go.kr/sii/siia/selectSIIA200Detail.do?pblancId=PBLN_000000000117223,https://www.bizinfo.go.kr/cmm/fms/fileDown.do?atchFileId=FILE_000000000740038&fileSn=0,.hwp,C:\dongaAI\3차 프로젝트\0.0\data\attachments\hwp_raw\PBLN_000000000117223_(26ë 1ì°¨)ëì í_ì´ì ê¸ë¦¬_í¹ë³ìê¸_ê³µê³ ë¬¸.hwp,downloaded,,2026-07-01T02:35:09
PBLN_000000000122724,bizinfo,[충북] 청주시 2026년 2차 공정혁신시뮬레이션센터 구축 및 운영사업 기술지원 수혜기업 모집 연장 공고,산업통상부,https://www.bizinfo.go.kr/sii/siia/selectSIIA200Detail.do?pblancId=PBLN_000000000122724,https://www.bizinfo.go.kr/cmm/fms/fileDown.do?atchFileId=FILE_000000000758126&fileSn=1,.hwp,C:\dongaAI\3차 프로젝트\0.0\data\attachments\hwp_raw\PBLN_000000000122724_103458216392_ê³µì íì ìë®¬ë ì´ì  ê¸°ì ì§ì ìíê¸°ì ì ì²­ìë¥.hwp,downloaded,,2026-07-01T02:35:09
PBLN_000000000123500,bizinfo,2026년 2차 국가신약개발사업 CMC 전략컨설팅 지원과제 모집 공고,보건복지부,https://www.bizinfo.go.kr/sii/siia/selectSIIA200Detail.do?pblancId=PBLN_000000000123500,https://www.bizinfo.go.kr/cmm/fms/fileDown.do?atchFileId=FILE_000000000761110&fileSn=0,.hwp,C:\dongaAI\3차 프로젝트\0.0\data\attachments\hwp_raw\PBLN_000000000123500_ì²¨ë¶2. 2026ë  CMC ì ëµì»¨ì¤í 2ì°¨ ì§ì ì ì²­ì.hwp,downloaded,,2026-07-01T02:35:09
PBLN_000000000117221,bizinfo,[대전] 소상공인 경영위기극복 특례보증 지원 공고,대전광역시,https://www.bizinfo.go.kr/sii/siia/selectSIIA200Detail.do?pblancId=PBLN_000000000117221,https://www.bizinfo.go.kr/cmm/fms/fileDown.do?atchFileId=FILE_000000000740032&fileSn=0,.hwp,C:\dongaAI\3차 프로젝트\0.0\data\attachments\hwp_raw\PBLN_000000000117221_ëì ì_ê²½ììê¸°ê·¹ë³µ_í¹ë¡ë³´ì¦_ê³µê³ ë¬¸.hwp,downloaded,,2026-07-01T02:35:09
PBLN_000000000117188,bizinfo,[경기] 성남시 2026년 중소기업육성자금 이차보전금 지원계획 공고,경기도,https://www.bizinfo.go.kr/sii/siia/selectSIIA200Detail.do?pblancId=PBLN_000000000117188,https://www.bizinfo.go.kr/sii/siia/202601071020010256.hwp,.hwp,C:\dongaAI\3차 프로젝트\0.0\data\attachments\hwp_raw\PBLN_000000000117188_202601071020010256.hwp,download_failed,404 Client Error: Not Found for url: https://www.bizinfo.go.kr/sii/siia/202601071020010256.hwp,2026-07-01T02:35:09
PBLN_000000000117188,bizinfo,[경기] 성남시 2026년 중소기업육성자금 이차보전금 지원계획 공고,경기도,https://www.bizinfo.go.kr/sii/siia/selectSIIA200Detail.do?pblancId=PBLN_000000000117188,https://www.bizinfo.go.kr/sii/siia/2026년 중소기업육성자금 이차보전금 지원계획 공고.hwp,.hwp,C:\dongaAI\3차 프로젝트\0.0\data\attachments\hwp_raw\PBLN_000000000117188_2026년 중소기업육성자금 이차보전금 지원계획 공고.hwp,download_failed,400 Client Error: Bad Request for url: https://www.bizinfo.go.kr/sii/siia/2026%EB%85%84%20%EC%A4%91%EC%86%8C%EA%B8%B0%EC%97%85%EC%9C%A1%EC%84%B1%EC%9E%90%EA%B8%88%20%EC%9D%B4%EC%B0%A8%EB%B3%B4%EC%A0%84%EA%B8%88%20%EC%A7%80%EC%9B%90%EA%B3%84%ED%9A%8D%20%EA%B3%B5%EA%B3%A0.hwp,2026-07-01T02:35:09
PBLN_000000000117188,bizinfo,[경기] 성남시 2026년 중소기업육성자금 이차보전금 지원계획 공고,경기도,https://www.bizinfo.go.kr/sii/siia/selectSIIA200Detail.do?pblancId=PBLN_000000000117188,https://www.bizinfo.go.kr/cmm/fms/fileDown.do?atchFileId=FILE_000000000739997&fileSn=0,.hwp,C:\dongaAI\3차 프로젝트\0.0\data\attachments\hwp_raw\PBLN_000000000117188_2026ë  ì¤ìê¸°ì ì¡ì±ìê¸ ì´ì°¨ë³´ì ê¸ ì§ìê³í ê³µê³.hwp,downloaded,,2026-07-01T02:35:09
PBLN_000000000122800,bizinfo,[전남광주] 목포시 2026년 여성친화기업 지원 사업 기업환경 개선 참여기업 모집 공고,전남광주통합특별시,https://www.bizinfo.go.kr/sii/siia/selectSIIA200Detail.do?pblancId=PBLN_000000000122800,https://www.bizinfo.go.kr/cmm/fms/fileDown.do?atchFileId=FILE_000000000758451&fileSn=0,.hwp,C:\dongaAI\3차 프로젝트\0.0\data\attachments\hwp_raw\PBLN_000000000122800_ëª©í¬í+ì¬ì±ì¹íê¸°ì +ì§ìì¬ì +ê¸°ì íê²½ê°ì +ì°¸ì¬ê¸°ì +ì ì²­ì.hwp,downloaded,,2026-07-01T02:35:09
PBLN_000000000117191,bizinfo,[부산] 2026년 식품진흥기금 융자사업 계획 공고,부산광역시,https://www.bizinfo.go.kr/sii/siia/selectSIIA200Detail.do?pblancId=PBLN_000000000117191,https://www.bizinfo.go.kr/sii/siia/202601071055200797.hwp,.hwp,C:\dongaAI\3차 프로젝트\0.0\data\attachments\hwp_raw\PBLN_000000000117191_202601071055200797.hwp,download_failed,404 Client Error: Not Found for url: https://www.bizinfo.go.kr/sii/siia/202601071055200797.hwp,2026-07-01T02:35:09
PBLN_000000000117191,bizinfo,[부산] 2026년 식품진흥기금 융자사업 계획 공고,부산광역시,https://www.bizinfo.go.kr/sii/siia/selectSIIA200Detail.do?pblancId=PBLN_000000000117191,https://www.bizinfo.go.kr/sii/siia/2026년 부산광역시 식품진흥기금 융자사업 계획 공고.hwp,.hwp,C:\dongaAI\3차 프로젝트\0.0\data\attachments\hwp_raw\PBLN_000000000117191_2026년 부산광역시 식품진흥기금 융자사업 계획 공고.hwp,download_failed,400 Client Error: Bad Request for url: https://www.bizinfo.go.kr/sii/siia/2026%EB%85%84%20%EB%B6%80%EC%82%B0%EA%B4%91%EC%97%AD%EC%8B%9C%20%EC%8B%9D%ED%92%88%EC%A7%84%ED%9D%A5%EA%B8%B0%EA%B8%88%20%EC%9C%B5%EC%9E%90%EC%82%AC%EC%97%85%20%EA%B3%84%ED%9A%8D%20%EA%B3%B5%EA%B3%A0.hwp,2026-07-01T02:35:09
PBLN_000000000117191,bizinfo,[부산] 2026년 식품진흥기금 융자사업 계획 공고,부산광역시,https://www.bizinfo.go.kr/sii/siia/selectSIIA200Detail.do?pblancId=PBLN_000000000117191,https://www.bizinfo.go.kr/cmm/fms/fileDown.do?atchFileId=FILE_000000000740004&fileSn=0,.hwp,C:\dongaAI\3차 프로젝트\0.0\data\attachments\hwp_raw\PBLN_000000000117191_[ë³ì§ ì 1í¸~ì 6í¸ ìì]ìíì§í¥ê¸°ê¸ ìµìì¬ì (ë¶ì°ê´ì­ì ìíì§í¥ê¸°ê¸ ì¡°ë¡.hwp,downloaded,,2026-07-01T02:35:09
PBLN_000000000117191,bizinfo,[부산] 2026년 식품진흥기금 융자사업 계획 공고,부산광역시,https://www.bizinfo.go.kr/sii/siia/selectSIIA200Detail.do?pblancId=PBLN_000000000117191,https://www.bizinfo.go.kr/cmm/fms/fileDown.do?atchFileId=FILE_000000000740003&fileSn=0,.hwp,C:\dongaAI\3차 프로젝트\0.0\data\attachments\hwp_raw\PBLN_000000000117191_2026ë  ë¶ì°ê´ì­ì ìíì§í¥ê¸°ê¸ ìµìì¬ì ê³í ê³µê³.hwp,downloaded,,2026-07-01T02:35:10
PBLN_000000000122863,bizinfo,[경북] 2026년 제조업AI융합기반조성사업 경북AX랩 활용기업 모집 공고,경상북도,https://www.bizinfo.go.kr/sii/siia/selectSIIA200Detail.do?pblancId=PBLN_000000000122863,https://www.bizinfo.go.kr/cmm/fms/fileDown.do?atchFileId=FILE_000000000758726&fileSn=0,.hwp,C:\dongaAI\3차 프로젝트\0.0\data\attachments\hwp_raw\PBLN_000000000122863_[ë¶ì2] ì ì²­ ìì.hwp,downloaded,,2026-07-01T02:35:10
PBLN_000000000123471,bizinfo,[충북] 2026년 예비수소전문기업 지원사업 수혜기업 추가 모집 공고,기후에너지환경부,https://www.bizinfo.go.kr/sii/siia/selectSIIA200Detail.do?pblancId=PBLN_000000000123471,https://www.bizinfo.go.kr/cmm/fms/fileDown.do?atchFileId=FILE_000000000761021&fileSn=0,.hwp,C:\dongaAI\3차 프로젝트\0.0\data\attachments\hwp_raw\PBLN_000000000123471_ìíê¸°ì ì§ìì ì²­ì ìì 1ë¶.hwp,downloaded,,2026-07-01T02:35:10
PBLN_000000000123471,bizinfo,[충북] 2026년 예비수소전문기업 지원사업 수혜기업 추가 모집 공고,기후에너지환경부,https://www.bizinfo.go.kr/sii/siia/selectSIIA200Detail.do?pblancId=PBLN_000000000123471,https://www.bizinfo.go.kr/cmm/fms/fileDown.do?atchFileId=FILE_000000000761021&fileSn=1,.hwp,C:\dongaAI\3차 프로젝트\0.0\data\attachments\hwp_raw\PBLN_000000000123471_ê¸°ì ìê°ì 1ë¶.hwp,downloaded,,2026-07-01T02:35:10
PBLN_000000000123473,bizinfo,2026년 2차 대경권(대구) 지역혁신클러스터육성(비R&D) 기업지원 수혜기업 모집 연장 공고,산업통상부,https://www.bizinfo.go.kr/sii/siia/selectSIIA200Detail.do?pblancId=PBLN_000000000123473,https://www.bizinfo.go.kr/cmm/fms/fileDown.do?atchFileId=FILE_000000000761018&fileSn=3,.hwp,C:\dongaAI\3차 프로젝트\0.0\data\attachments\hwp_raw\PBLN_000000000123473_(ì²¨ë¶ 3) íë¡ê·¸ë¨ ì¸ë¶ë´ì©.hwp,downloaded,,2026-07-01T02:35:10
PBLN_000000000117177,bizinfo,[경기] 성남시 2026년 중소기업 특례보증 지원계획 공고,경기도,https://www.bizinfo.go.kr/sii/siia/selectSIIA200Detail.do?pblancId=PBLN_000000000117177,https://www.bizinfo.go.kr/sii/siia/202601071041260394.hwp,.hwp,C:\dongaAI\3차 프로젝트\0.0\data\attachments\hwp_raw\PBLN_000000000117177_202601071041260394.hwp,download_failed,404 Client Error: Not Found for url: https://www.bizinfo.go.kr/sii/siia/202601071041260394.hwp,2026-07-01T02:35:10
PBLN_000000000117177,bizinfo,[경기] 성남시 2026년 중소기업 특례보증 지원계획 공고,경기도,https://www.bizinfo.go.kr/sii/siia/selectSIIA200Detail.do?pblancId=PBLN_000000000117177,https://www.bizinfo.go.kr/sii/siia/2026년 성남시 중소기업 특례보증 지원계획 공고.hwp,.hwp,C:\dongaAI\3차 프로젝트\0.0\data\attachments\hwp_raw\PBLN_000000000117177_2026년 성남시 중소기업 특례보증 지원계획 공고.hwp,download_failed,400 Client Error: Bad Request for url: https://www.bizinfo.go.kr/sii/siia/2026%EB%85%84%20%EC%84%B1%EB%82%A8%EC%8B%9C%20%EC%A4%91%EC%86%8C%EA%B8%B0%EC%97%85%20%ED%8A%B9%EB%A1%80%EB%B3%B4%EC%A6%9D%20%EC%A7%80%EC%9B%90%EA%B3%84%ED%9A%8D%20%EA%B3%B5%EA%B3%A0.hwp,2026-07-01T02:35:10
PBLN_000000000117177,bizinfo,[경기] 성남시 2026년 중소기업 특례보증 지원계획 공고,경기도,https://www.bizinfo.go.kr/sii/siia/selectSIIA200Detail.do?pblancId=PBLN_000000000117177,https://www.bizinfo.go.kr/cmm/fms/fileDown.do?atchFileId=FILE_000000000739998&fileSn=0,.hwp,C:\dongaAI\3차 프로젝트\0.0\data\attachments\hwp_raw\PBLN_000000000117177_2026ë  ì±ë¨ì ì¤ìê¸°ì í¹ë¡ë³´ì¦ ì§ìê³í ê³µê³.hwp,downloaded,,2026-07-01T02:35:10
PBLN_000000000122900,bizinfo,[경기] 2026년 수질 자동측정기기 설치운영관리비 지원사업 추가 모집 공고,경기도,https://www.bizinfo.go.kr/sii/siia/selectSIIA200Detail.do?pblancId=PBLN_000000000122900,https://www.bizinfo.go.kr/sii/siia/202606081443520594.hwp,.hwp,C:\dongaAI\3차 프로젝트\0.0\data\attachments\hwp_raw\PBLN_000000000122900_202606081443520594.hwp,download_failed,404 Client Error: Not Found for url: https://www.bizinfo.go.kr/sii/siia/202606081443520594.hwp,2026-07-01T02:35:10
PBLN_000000000122900,bizinfo,[경기] 2026년 수질 자동측정기기 설치운영관리비 지원사업 추가 모집 공고,경기도,https://www.bizinfo.go.kr/sii/siia/selectSIIA200Detail.do?pblancId=PBLN_000000000122900,https://www.bizinfo.go.kr/sii/siia/2026년_수질_자동측정기기_설치운영_지원사업_모집공고문.hwp,.hwp,C:\dongaAI\3차 프로젝트\0.0\data\attachments\hwp_raw\PBLN_000000000122900_2026년_수질_자동측정기기_설치운영_지원사업_모집공고문.hwp,download_failed,400 Client Error: Bad Request for url: https://www.bizinfo.go.kr/sii/siia/2026%EB%85%84_%EC%88%98%EC%A7%88_%EC%9E%90%EB%8F%99%EC%B8%A1%EC%A0%95%EA%B8%B0%EA%B8%B0_%EC%84%A4%EC%B9%98%EC%9A%B4%EC%98%81_%EC%A7%80%EC%9B%90%EC%82%AC%EC%97%85_%EB%AA%A8%EC%A7%91%EA%B3%B5%EA%B3%A0%EB%AC%B8.hwp,2026-07-01T02:35:10
PBLN_000000000122900,bizinfo,[경기] 2026년 수질 자동측정기기 설치운영관리비 지원사업 추가 모집 공고,경기도,https://www.bizinfo.go.kr/sii/siia/selectSIIA200Detail.do?pblancId=PBLN_000000000122900,https://www.bizinfo.go.kr/cmm/fms/fileDown.do?atchFileId=FILE_000000000758839&fileSn=0,.hwp,C:\dongaAI\3차 프로젝트\0.0\data\attachments\hwp_raw\PBLN_000000000122900_2026ë _ìì§_ìëì¸¡ì ê¸°ê¸°_ì¤ì¹ì´ìê´ë¦¬ë¹_ì§ìì¬ì _ì ì²­ì.hwp,downloaded,,2026-07-01T02:35:10
PBLN_000000000122900,bizinfo,[경기] 2026년 수질 자동측정기기 설치운영관리비 지원사업 추가 모집 공고,경기도,https://www.bizinfo.go.kr/sii/siia/selectSIIA200Detail.do?pblancId=PBLN_000000000122900,https://www.bizinfo.go.kr/cmm/fms/fileDown.do?atchFileId=FILE_000000000758838&fileSn=0,.hwp,C:\dongaAI\3차 프로젝트\0.0\data\attachments\hwp_raw\PBLN_000000000122900_2026ë _ìì§_ìëì¸¡ì ê¸°ê¸°_ì¤ì¹ì´ì_ì§ìì¬ì _ëª¨ì§ê³µê³ ë¬¸.hwp,downloaded,,2026-07-01T02:35:10
PBLN_000000000123467,bizinfo,[충남] 2026년 예비수소전문기업지원사업 수소산업분야 기술사업화(비R&D) 수혜기업 모집 공고,충청남도,https://www.bizinfo.go.kr/sii/siia/selectSIIA200Detail.do?pblancId=PBLN_000000000123467,https://www.bizinfo.go.kr/cmm/fms/fileDown.do?atchFileId=FILE_000000000760997&fileSn=0,.hwp,C:\dongaAI\3차 프로젝트\0.0\data\attachments\hwp_raw\PBLN_000000000123467_[íììì2]ìíê¸°ì ëíì ì°¸ì¬ìì¬ íì¸ ë° ì¤ë¬´ë´ë¹ìì ê°ì¸ì ë³´ ì´ì© ëìì.hwp,downloaded,,2026-07-01T02:35:10
PBLN_000000000123467,bizinfo,[충남] 2026년 예비수소전문기업지원사업 수소산업분야 기술사업화(비R&D) 수혜기업 모집 공고,충청남도,https://www.bizinfo.go.kr/sii/siia/selectSIIA200Detail.do?pblancId=PBLN_000000000123467,https://www.bizinfo.go.kr/cmm/fms/fileDown.do?atchFileId=FILE_000000000760997&fileSn=1,.hwp,C:\dongaAI\3차 프로젝트\0.0\data\attachments\hwp_raw\PBLN_000000000123467_[íììì3]ê°ì¸ì ë³´ 3ìì ê³µ ëìì.hwp,downloaded,,2026-07-01T02:35:10
PBLN_000000000123467,bizinfo,[충남] 2026년 예비수소전문기업지원사업 수소산업분야 기술사업화(비R&D) 수혜기업 모집 공고,충청남도,https://www.bizinfo.go.kr/sii/siia/selectSIIA200Detail.do?pblancId=PBLN_000000000123467,https://www.bizinfo.go.kr/cmm/fms/fileDown.do?atchFileId=FILE_000000000760997&fileSn=2,.hwp,C:\dongaAI\3차 프로젝트\0.0\data\attachments\hwp_raw\PBLN_000000000123467_[íììì1]2026ë  ìë¹ììì ë¬¸ê¸°ì ì§ìì¬ì ê¸°ì ì§ì ìíê³íì(ê¸°ì ëª ).hwp,downloaded,,2026-07-01T02:35:11
PBLN_000000000123467,bizinfo,[충남] 2026년 예비수소전문기업지원사업 수소산업분야 기술사업화(비R&D) 수혜기업 모집 공고,충청남도,https://www.bizinfo.go.kr/sii/siia/selectSIIA200Detail.do?pblancId=PBLN_000000000123467,https://www.bizinfo.go.kr/cmm/fms/fileDown.do?atchFileId=FILE_000000000760997&fileSn=3,.hwp,C:\dongaAI\3차 프로젝트\0.0\data\attachments\hwp_raw\PBLN_000000000123467_[íììì4]ì¤ë³µì§ì ê¸ì§ íì½ì.hwp,downloaded,,2026-07-01T02:35:11
PBLN_000000000117154,bizinfo,[경북] 2026년 산불피해기업 재해시설자금 이차보전 지원 계획 공고,경상북도,https://www.bizinfo.go.kr/sii/siia/selectSIIA200Detail.do?pblancId=PBLN_000000000117154,https://www.bizinfo.go.kr/sii/siia/202601061325360984.hwp,.hwp,C:\dongaAI\3차 프로젝트\0.0\data\attachments\hwp_raw\PBLN_000000000117154_202601061325360984.hwp,download_failed,404 Client Error: Not Found for url: https://www.bizinfo.go.kr/sii/siia/202601061325360984.hwp,2026-07-01T02:35:11
PBLN_000000000117154,bizinfo,[경북] 2026년 산불피해기업 재해시설자금 이차보전 지원 계획 공고,경상북도,https://www.bizinfo.go.kr/sii/siia/selectSIIA200Detail.do?pblancId=PBLN_000000000117154,https://www.bizinfo.go.kr/sii/siia/2026 산불피해기업 재해시설자금 이차보전 지원 계획(공고).hwp,.hwp,C:\dongaAI\3차 프로젝트\0.0\data\attachments\hwp_raw\PBLN_000000000117154_2026 산불피해기업 재해시설자금 이차보전 지원 계획(공고).hwp,download_failed,400 Client Error: Bad Request for url: https://www.bizinfo.go.kr/sii/siia/2026%20%EC%82%B0%EB%B6%88%ED%94%BC%ED%95%B4%EA%B8%B0%EC%97%85%20%EC%9E%AC%ED%95%B4%EC%8B%9C%EC%84%A4%EC%9E%90%EA%B8%88%20%EC%9D%B4%EC%B0%A8%EB%B3%B4%EC%A0%84%20%EC%A7%80%EC%9B%90%20%EA%B3%84%ED%9A%8D(%EA%B3%B5%EA%B3%A0).hwp,2026-07-01T02:35:11
PBLN_000000000117154,bizinfo,[경북] 2026년 산불피해기업 재해시설자금 이차보전 지원 계획 공고,경상북도,https://www.bizinfo.go.kr/sii/siia/selectSIIA200Detail.do?pblancId=PBLN_000000000117154,https://www.bizinfo.go.kr/cmm/fms/fileDown.do?atchFileId=FILE_000000000739894&fileSn=0,.hwp,C:\dongaAI\3차 프로젝트\0.0\data\attachments\hwp_raw\PBLN_000000000117154_ì ì²­ìì_2026 ì°ë¶í¼í´ê¸°ì ì¬í´ìì¤ìê¸ ì´ì°¨ë³´ì .hwp,downloaded,,2026-07-01T02:35:11
PBLN_000000000117154,bizinfo,[경북] 2026년 산불피해기업 재해시설자금 이차보전 지원 계획 공고,경상북도,https://www.bizinfo.go.kr/sii/siia/selectSIIA200Detail.do?pblancId=PBLN_000000000117154,https://www.bizinfo.go.kr/cmm/fms/fileDown.do?atchFileId=FILE_000000000739893&fileSn=0,.hwp,C:\dongaAI\3차 프로젝트\0.0\data\attachments\hwp_raw\PBLN_000000000117154_2026 ì°ë¶í¼í´ê¸°ì ì¬í´ìì¤ìê¸ ì´ì°¨ë³´ì  ì§ì ê³í(ê³µê³ ).hwp,downloaded,,2026-07-01T02:35:11
PBLN_000000000117147,bizinfo,[전남광주] 2026년 중소기업 육성자금(건설업 (특별)경영안정자금) 지원계획 공고,전남광주통합특별시,https://www.bizinfo.go.kr/sii/siia/selectSIIA200Detail.do?pblancId=PBLN_000000000117147,https://www.bizinfo.go.kr/sii/siia/202601061109590661.hwp,.hwp,C:\dongaAI\3차 프로젝트\0.0\data\attachments\hwp_raw\PBLN_000000000117147_202601061109590661.hwp,download_failed,404 Client Error: Not Found for url: https://www.bizinfo.go.kr/sii/siia/202601061109590661.hwp,2026-07-01T02:35:11
PBLN_000000000117147,bizinfo,[전남광주] 2026년 중소기업 육성자금(건설업 (특별)경영안정자금) 지원계획 공고,전남광주통합특별시,https://www.bizinfo.go.kr/sii/siia/selectSIIA200Detail.do?pblancId=PBLN_000000000117147,https://www.bizinfo.go.kr/sii/siia/★2026년도_전라남도_중소기업_육성자금(건설업특별경영안정자금)_지원계획_공고.hwp,.hwp,C:\dongaAI\3차 프로젝트\0.0\data\attachments\hwp_raw\PBLN_000000000117147_★2026년도_전라남도_중소기업_육성자금(건설업특별경영안정자금)_지원계획_공고.hwp,download_failed,400 Client Error: Bad Request for url: https://www.bizinfo.go.kr/sii/siia/%E2%98%852026%EB%85%84%EB%8F%84_%EC%A0%84%EB%9D%BC%EB%82%A8%EB%8F%84_%EC%A4%91%EC%86%8C%EA%B8%B0%EC%97%85_%EC%9C%A1%EC%84%B1%EC%9E%90%EA%B8%88(%EA%B1%B4%EC%84%A4%EC%97%85%ED%8A%B9%EB%B3%84%EA%B2%BD%EC%98%81%EC%95%88%EC%A0%95%EC%9E%90%EA%B8%88)_%EC%A7%80%EC%9B%90%EA%B3%84%ED%9A%8D_%EA%B3%B5%EA%B3%A0.hwp,2026-07-01T02:35:11
PBLN_000000000117147,bizinfo,[전남광주] 2026년 중소기업 육성자금(건설업 (특별)경영안정자금) 지원계획 공고,전남광주통합특별시,https://www.bizinfo.go.kr/sii/siia/selectSIIA200Detail.do?pblancId=PBLN_000000000117147,https://www.bizinfo.go.kr/cmm/fms/fileDown.do?atchFileId=FILE_000000000739866&fileSn=0,.hwp,C:\dongaAI\3차 프로젝트\0.0\data\attachments\hwp_raw\PBLN_000000000117147_â 2026ë ë_ì ë¼ë¨ë_ì¤ìê¸°ì _ì¡ì±ìê¸(ê±´ì¤ì í¹ë³ê²½ììì ìê¸)_ì§ìê³í_ê³µê³.hwp,downloaded,,2026-07-01T02:35:11
PBLN_000000000122930,bizinfo,[경남] 서부 2026년 3차 지식재산 긴급지원 사업 모집 공고,경상남도,https://www.bizinfo.go.kr/sii/siia/selectSIIA200Detail.do?pblancId=PBLN_000000000122930,https://www.bizinfo.go.kr/sii/siia/202606091318010798.hwp,.hwp,C:\dongaAI\3차 프로젝트\0.0\data\attachments\hwp_raw\PBLN_000000000122930_202606091318010798.hwp,download_failed,404 Client Error: Not Found for url: https://www.bizinfo.go.kr/sii/siia/202606091318010798.hwp,2026-07-01T02:35:11
PBLN_000000000122930,bizinfo,[경남] 서부 2026년 3차 지식재산 긴급지원 사업 모집 공고,경상남도,https://www.bizinfo.go.kr/sii/siia/selectSIIA200Detail.do?pblancId=PBLN_000000000122930,https://www.bizinfo.go.kr/sii/siia/1. [공고문] 2026년 지식재산 긴급지원 사업 공고.hwp,.hwp,C:\dongaAI\3차 프로젝트\0.0\data\attachments\hwp_raw\PBLN_000000000122930_1. [공고문] 2026년 지식재산 긴급지원 사업 공고.hwp,download_failed,400 Client Error: Bad Request for url: https://www.bizinfo.go.kr/sii/siia/1.%20%5B%EA%B3%B5%EA%B3%A0%EB%AC%B8%5D%202026%EB%85%84%20%EC%A7%80%EC%8B%9D%EC%9E%AC%EC%82%B0%20%EA%B8%B4%EA%B8%89%EC%A7%80%EC%9B%90%20%EC%82%AC%EC%97%85%20%EA%B3%B5%EA%B3%A0.hwp,2026-07-01T02:35:11
PBLN_000000000122930,bizinfo,[경남] 서부 2026년 3차 지식재산 긴급지원 사업 모집 공고,경상남도,https://www.bizinfo.go.kr/sii/siia/selectSIIA200Detail.do?pblancId=PBLN_000000000122930,https://www.bizinfo.go.kr/cmm/fms/fileDown.do?atchFileId=FILE_000000000758903&fileSn=0,.hwp,C:\dongaAI\3차 프로젝트\0.0\data\attachments\hwp_raw\PBLN_000000000122930_1. [ê³µê³ ë¬¸] 2026ë  ì§ìì¬ì° ê¸´ê¸ì§ì ì¬ì ê³µê³.hwp,downloaded,,2026-07-01T02:35:11
PBLN_000000000123451,bizinfo,바이오의약품 소재부품장비 기업지원 프로그램 모집 공고,산업통상부,https://www.bizinfo.go.kr/sii/siia/selectSIIA200Detail.do?pblancId=PBLN_000000000123451,https://www.bizinfo.go.kr/cmm/fms/fileDown.do?atchFileId=FILE_000000000760920&fileSn=1,.hwp,C:\dongaAI\3차 프로젝트\0.0\data\attachments\hwp_raw\PBLN_000000000123451_152734_(ë¶ì1) ë°ì´ì¤ìì½í ìì¬ë¶íì¥ë¹ ê¸°ì ì§ì ì ì²­ì_(ê¸°ì ëª ).hwp,downloaded,,2026-07-01T02:35:11
PBLN_000000000117149,bizinfo,[전남광주] 2026년 중소기업 육성자금(사회적경제 (특별)경영안정자금) 지원계획 공고,전남광주통합특별시,https://www.bizinfo.go.kr/sii/siia/selectSIIA200Detail.do?pblancId=PBLN_000000000117149,https://www.bizinfo.go.kr/sii/siia/202601061112340300.hwp,.hwp,C:\dongaAI\3차 프로젝트\0.0\data\attachments\hwp_raw\PBLN_000000000117149_202601061112340300.hwp,download_failed,404 Client Error: Not Found for url: https://www.bizinfo.go.kr/sii/siia/202601061112340300.hwp,2026-07-01T02:35:11
PBLN_000000000117149,bizinfo,[전남광주] 2026년 중소기업 육성자금(사회적경제 (특별)경영안정자금) 지원계획 공고,전남광주통합특별시,https://www.bizinfo.go.kr/sii/siia/selectSIIA200Detail.do?pblancId=PBLN_000000000117149,https://www.bizinfo.go.kr/sii/siia/★2026년도_전라남도_중소기업_육성자금(사회적경제(특별)경영안정자금)_지원계획_공고.hwp,.hwp,C:\dongaAI\3차 프로젝트\0.0\data\attachments\hwp_raw\PBLN_000000000117149_★2026년도_전라남도_중소기업_육성자금(사회적경제(특별)경영안정자금)_지원계획_공고.hwp,download_failed,400 Client Error: Bad Request for url: https://www.bizinfo.go.kr/sii/siia/%E2%98%852026%EB%85%84%EB%8F%84_%EC%A0%84%EB%9D%BC%EB%82%A8%EB%8F%84_%EC%A4%91%EC%86%8C%EA%B8%B0%EC%97%85_%EC%9C%A1%EC%84%B1%EC%9E%90%EA%B8%88(%EC%82%AC%ED%9A%8C%EC%A0%81%EA%B2%BD%EC%A0%9C(%ED%8A%B9%EB%B3%84)%EA%B2%BD%EC%98%81%EC%95%88%EC%A0%95%EC%9E%90%EA%B8%88)_%EC%A7%80%EC%9B%90%EA%B3%84%ED%9A%8D_%EA%B3%B5%EA%B3%A0.hwp,2026-07-01T02:35:11
PBLN_000000000117149,bizinfo,[전남광주] 2026년 중소기업 육성자금(사회적경제 (특별)경영안정자금) 지원계획 공고,전남광주통합특별시,https://www.bizinfo.go.kr/sii/siia/selectSIIA200Detail.do?pblancId=PBLN_000000000117149,https://www.bizinfo.go.kr/cmm/fms/fileDown.do?atchFileId=FILE_000000000739867&fileSn=0,.hwp,C:\dongaAI\3차 프로젝트\0.0\data\attachments\hwp_raw\PBLN_000000000117149_â 2026ë ë_ì ë¼ë¨ë_ì¤ìê¸°ì _ì¡ì±ìê¸(ì¬íì ê²½ì (í¹ë³)ê²½ììì ìê¸)_ì§ìê³.hwp,downloaded,,2026-07-01T02:35:11
PBLN_000000000117135,bizinfo,[전남광주] 2026년 중소기업 육성자금(창업 및 경쟁력강화자금) 지원계획 공고,전남광주통합특별시,https://www.bizinfo.go.kr/sii/siia/selectSIIA200Detail.do?pblancId=PBLN_000000000117135,https://www.bizinfo.go.kr/sii/siia/202601061100160650.hwp,.hwp,C:\dongaAI\3차 프로젝트\0.0\data\attachments\hwp_raw\PBLN_000000000117135_202601061100160650.hwp,download_failed,404 Client Error: Not Found for url: https://www.bizinfo.go.kr/sii/siia/202601061100160650.hwp,2026-07-01T02:35:12
PBLN_000000000117135,bizinfo,[전남광주] 2026년 중소기업 육성자금(창업 및 경쟁력강화자금) 지원계획 공고,전남광주통합특별시,https://www.bizinfo.go.kr/sii/siia/selectSIIA200Detail.do?pblancId=PBLN_000000000117135,https://www.bizinfo.go.kr/sii/siia/★2026년도_전라남도_중소기업_육성자금(창업및경쟁력강화자금)_지원계획_공고.hwp,.hwp,C:\dongaAI\3차 프로젝트\0.0\data\attachments\hwp_raw\PBLN_000000000117135_★2026년도_전라남도_중소기업_육성자금(창업및경쟁력강화자금)_지원계획_공고.hwp,download_failed,400 Client Error: Bad Request for url: https://www.bizinfo.go.kr/sii/siia/%E2%98%852026%EB%85%84%EB%8F%84_%EC%A0%84%EB%9D%BC%EB%82%A8%EB%8F%84_%EC%A4%91%EC%86%8C%EA%B8%B0%EC%97%85_%EC%9C%A1%EC%84%B1%EC%9E%90%EA%B8%88(%EC%B0%BD%EC%97%85%EB%B0%8F%EA%B2%BD%EC%9F%81%EB%A0%A5%EA%B0%95%ED%99%94%EC%9E%90%EA%B8%88)_%EC%A7%80%EC%9B%90%EA%B3%84%ED%9A%8D_%EA%B3%B5%EA%B3%A0.hwp,2026-07-01T02:35:12
PBLN_000000000117135,bizinfo,[전남광주] 2026년 중소기업 육성자금(창업 및 경쟁력강화자금) 지원계획 공고,전남광주통합특별시,https://www.bizinfo.go.kr/sii/siia/selectSIIA200Detail.do?pblancId=PBLN_000000000117135,https://www.bizinfo.go.kr/cmm/fms/fileDown.do?atchFileId=FILE_000000000739864&fileSn=0,.hwp,C:\dongaAI\3차 프로젝트\0.0\data\attachments\hwp_raw\PBLN_000000000117135_â 2026ë ë_ì ë¼ë¨ë_ì¤ìê¸°ì _ì¡ì±ìê¸(ì°½ì ë°ê²½ìë ¥ê°íìê¸)_ì§ìê³í_ê³µê³.hwp,downloaded,,2026-07-01T02:35:12
PBLN_000000000122990,bizinfo,[경남] 서부 2026년 2차 글로벌IP스타기업육성사업 특허기술 홍보영상제작 지원기업 모집 공고,경상남도,https://www.bizinfo.go.kr/sii/siia/selectSIIA200Detail.do?pblancId=PBLN_000000000122990,https://www.bizinfo.go.kr/cmm/fms/fileDown.do?atchFileId=FILE_000000000759174&fileSn=0,.hwp,C:\dongaAI\3차 프로젝트\0.0\data\attachments\hwp_raw\PBLN_000000000122990_[ê³¼ì ë´ì­ì] í¹íê¸°ì íë³´ììì ì.hwp,downloaded,,2026-07-01T02:35:12
PBLN_000000000122990,bizinfo,[경남] 서부 2026년 2차 글로벌IP스타기업육성사업 특허기술 홍보영상제작 지원기업 모집 공고,경상남도,https://www.bizinfo.go.kr/sii/siia/selectSIIA200Detail.do?pblancId=PBLN_000000000122990,https://www.bizinfo.go.kr/cmm/fms/fileDown.do?atchFileId=FILE_000000000759174&fileSn=1,.hwp,C:\dongaAI\3차 프로젝트\0.0\data\attachments\hwp_raw\PBLN_000000000122990_[ê¸°ì ëª ] í¹íê¸°ì íë³´ììì ì íì©ê³íì.hwp,downloaded,,2026-07-01T02:35:12
PBLN_000000000123437,bizinfo,[전북] 2026년 인공지능 신뢰성 향상지원 및 확보지원 참여기업 모집 공고,전북특별자치도,https://www.bizinfo.go.kr/sii/siia/selectSIIA200Detail.do?pblancId=PBLN_000000000123437,https://www.bizinfo.go.kr/cmm/fms/fileDown.do?atchFileId=FILE_000000000760884&fileSn=0,.hwp,C:\dongaAI\3차 프로젝트\0.0\data\attachments\hwp_raw\PBLN_000000000123437_ë¶ì3_ì°¸ì¬ ì ì²­ì ë° ì§ì ë´ì© íê° ê¸°ì¤ ìì¸.hwp,downloaded,,2026-07-01T02:35:12
PBLN_000000000117137,bizinfo,[전남광주] 2026년 중소기업 육성자금(벤처기업 육성자금) 지원계획 공고,전남광주통합특별시,https://www.bizinfo.go.kr/sii/siia/selectSIIA200Detail.do?pblancId=PBLN_000000000117137,https://www.bizinfo.go.kr/sii/siia/202601061107040847.hwp,.hwp,C:\dongaAI\3차 프로젝트\0.0\data\attachments\hwp_raw\PBLN_000000000117137_202601061107040847.hwp,download_failed,404 Client Error: Not Found for url: https://www.bizinfo.go.kr/sii/siia/202601061107040847.hwp,2026-07-01T02:35:12
PBLN_000000000117137,bizinfo,[전남광주] 2026년 중소기업 육성자금(벤처기업 육성자금) 지원계획 공고,전남광주통합특별시,https://www.bizinfo.go.kr/sii/siia/selectSIIA200Detail.do?pblancId=PBLN_000000000117137,https://www.bizinfo.go.kr/sii/siia/★2026년도_전라남도_중소기업_육성자금(벤처기업육성자금)_지원계획_공고.hwp,.hwp,C:\dongaAI\3차 프로젝트\0.0\data\attachments\hwp_raw\PBLN_000000000117137_★2026년도_전라남도_중소기업_육성자금(벤처기업육성자금)_지원계획_공고.hwp,download_failed,400 Client Error: Bad Request for url: https://www.bizinfo.go.kr/sii/siia/%E2%98%852026%EB%85%84%EB%8F%84_%EC%A0%84%EB%9D%BC%EB%82%A8%EB%8F%84_%EC%A4%91%EC%86%8C%EA%B8%B0%EC%97%85_%EC%9C%A1%EC%84%B1%EC%9E%90%EA%B8%88(%EB%B2%A4%EC%B2%98%EA%B8%B0%EC%97%85%EC%9C%A1%EC%84%B1%EC%9E%90%EA%B8%88)_%EC%A7%80%EC%9B%90%EA%B3%84%ED%9A%8D_%EA%B3%B5%EA%B3%A0.hwp,2026-07-01T02:35:12
PBLN_000000000117137,bizinfo,[전남광주] 2026년 중소기업 육성자금(벤처기업 육성자금) 지원계획 공고,전남광주통합특별시,https://www.bizinfo.go.kr/sii/siia/selectSIIA200Detail.do?pblancId=PBLN_000000000117137,https://www.bizinfo.go.kr/cmm/fms/fileDown.do?atchFileId=FILE_000000000739865&fileSn=0,.hwp,C:\dongaAI\3차 프로젝트\0.0\data\attachments\hwp_raw\PBLN_000000000117137_â 2026ë ë_ì ë¼ë¨ë_ì¤ìê¸°ì _ì¡ì±ìê¸(ë²¤ì²ê¸°ì ì¡ì±ìê¸)_ì§ìê³í_ê³µê³.hwp,downloaded,,2026-07-01T02:35:12
PBLN_000000000117145,bizinfo,[전남광주] 2026년 중소기업 육성자금(중소유통업 구조개선자금) 지원계획 공고,전남광주통합특별시,https://www.bizinfo.go.kr/sii/siia/selectSIIA200Detail.do?pblancId=PBLN_000000000117145,https://www.bizinfo.go.kr/sii/siia/202601061043550243.hwp,.hwp,C:\dongaAI\3차 프로젝트\0.0\data\attachments\hwp_raw\PBLN_000000000117145_202601061043550243.hwp,download_failed,404 Client Error: Not Found for url: https://www.bizinfo.go.kr/sii/siia/202601061043550243.hwp,2026-07-01T02:35:12
PBLN_000000000117145,bizinfo,[전남광주] 2026년 중소기업 육성자금(중소유통업 구조개선자금) 지원계획 공고,전남광주통합특별시,https://www.bizinfo.go.kr/sii/siia/selectSIIA200Detail.do?pblancId=PBLN_000000000117145,https://www.bizinfo.go.kr/sii/siia/★2026년도_전라남도_중소기업_육성자금(중소유통업구조개선자금)_지원계획_공고.hwp,.hwp,C:\dongaAI\3차 프로젝트\0.0\data\attachments\hwp_raw\PBLN_000000000117145_★2026년도_전라남도_중소기업_육성자금(중소유통업구조개선자금)_지원계획_공고.hwp,download_failed,400 Client Error: Bad Request for url: https://www.bizinfo.go.kr/sii/siia/%E2%98%852026%EB%85%84%EB%8F%84_%EC%A0%84%EB%9D%BC%EB%82%A8%EB%8F%84_%EC%A4%91%EC%86%8C%EA%B8%B0%EC%97%85_%EC%9C%A1%EC%84%B1%EC%9E%90%EA%B8%88(%EC%A4%91%EC%86%8C%EC%9C%A0%ED%86%B5%EC%97%85%EA%B5%AC%EC%A1%B0%EA%B0%9C%EC%84%A0%EC%9E%90%EA%B8%88)_%EC%A7%80%EC%9B%90%EA%B3%84%ED%9A%8D_%EA%B3%B5%EA%B3%A0.hwp,2026-07-01T02:35:12
PBLN_000000000117145,bizinfo,[전남광주] 2026년 중소기업 육성자금(중소유통업 구조개선자금) 지원계획 공고,전남광주통합특별시,https://www.bizinfo.go.kr/sii/siia/selectSIIA200Detail.do?pblancId=PBLN_000000000117145,https://www.bizinfo.go.kr/cmm/fms/fileDown.do?atchFileId=FILE_000000000739862&fileSn=0,.hwp,C:\dongaAI\3차 프로젝트\0.0\data\attachments\hwp_raw\PBLN_000000000117145_â 2026ë ë_ì ë¼ë¨ë_ì¤ìê¸°ì _ì¡ì±ìê¸(ì¤ìì íµì êµ¬ì¡°ê°ì ìê¸)_ì§ìê³í_ê³µê³.hwp,downloaded,,2026-07-01T02:35:12
PBLN_000000000117096,bizinfo,[대전] 서구 2026년 소상공인 경영안정자금 지원사업 공고,대전광역시,https://www.bizinfo.go.kr/sii/siia/selectSIIA200Detail.do?pblancId=PBLN_000000000117096,https://www.bizinfo.go.kr/sii/siia/202601141308570129.hwp,.hwp,C:\dongaAI\3차 프로젝트\0.0\data\attachments\hwp_raw\PBLN_000000000117096_202601141308570129.hwp,download_failed,404 Client Error: Not Found for url: https://www.bizinfo.go.kr/sii/siia/202601141308570129.hwp,2026-07-01T02:35:12
PBLN_000000000117096,bizinfo,[대전] 서구 2026년 소상공인 경영안정자금 지원사업 공고,대전광역시,https://www.bizinfo.go.kr/sii/siia/selectSIIA200Detail.do?pblancId=PBLN_000000000117096,https://www.bizinfo.go.kr/sii/siia/2026년 대전 서구 소상공인 경영안정자금 지원사업 공고(정정).hwp,.hwp,C:\dongaAI\3차 프로젝트\0.0\data\attachments\hwp_raw\PBLN_000000000117096_2026년 대전 서구 소상공인 경영안정자금 지원사업 공고(정정).hwp,download_failed,400 Client Error: Bad Request for url: https://www.bizinfo.go.kr/sii/siia/2026%EB%85%84%20%EB%8C%80%EC%A0%84%20%EC%84%9C%EA%B5%AC%20%EC%86%8C%EC%83%81%EA%B3%B5%EC%9D%B8%20%EA%B2%BD%EC%98%81%EC%95%88%EC%A0%95%EC%9E%90%EA%B8%88%20%EC%A7%80%EC%9B%90%EC%82%AC%EC%97%85%20%EA%B3%B5%EA%B3%A0(%EC%A0%95%EC%A0%95).hwp,2026-07-01T02:35:12
PBLN_000000000117096,bizinfo,[대전] 서구 2026년 소상공인 경영안정자금 지원사업 공고,대전광역시,https://www.bizinfo.go.kr/sii/siia/selectSIIA200Detail.do?pblancId=PBLN_000000000117096,https://www.bizinfo.go.kr/cmm/fms/fileDown.do?atchFileId=FILE_000000000739769&fileSn=1,.hwp,C:\dongaAI\3차 프로젝트\0.0\data\attachments\hwp_raw\PBLN_000000000117096_2026ë  ëì  ìêµ¬ ììê³µì¸ ê²½ììì ìê¸ ì§ìì¬ì ê³µê³ (ì ì ).hwp,downloaded,,2026-07-01T02:35:12
PBLN_000000000117146,bizinfo,[전남광주] 2026년 중소기업 육성자금(중소기업 경영안정자금) 지원계획 공고,전남광주통합특별시,https://www.bizinfo.go.kr/sii/siia/selectSIIA200Detail.do?pblancId=PBLN_000000000117146,https://www.bizinfo.go.kr/sii/siia/202601061051020236.hwp,.hwp,C:\dongaAI\3차 프로젝트\0.0\data\attachments\hwp_raw\PBLN_000000000117146_202601061051020236.hwp,download_failed,404 Client Error: Not Found for url: https://www.bizinfo.go.kr/sii/siia/202601061051020236.hwp,2026-07-01T02:35:13
PBLN_000000000117146,bizinfo,[전남광주] 2026년 중소기업 육성자금(중소기업 경영안정자금) 지원계획 공고,전남광주통합특별시,https://www.bizinfo.go.kr/sii/siia/selectSIIA200Detail.do?pblancId=PBLN_000000000117146,https://www.bizinfo.go.kr/sii/siia/제2026-9호_전라남도_중소기업_육성자금(경영안정자금)_지원계획_공고_(1).hwp,.hwp,C:\dongaAI\3차 프로젝트\0.0\data\attachments\hwp_raw\PBLN_000000000117146_제2026-9호_전라남도_중소기업_육성자금(경영안정자금)_지원계획_공고_(1).hwp,download_failed,400 Client Error: Bad Request for url: https://www.bizinfo.go.kr/sii/siia/%EC%A0%9C2026-9%ED%98%B8_%EC%A0%84%EB%9D%BC%EB%82%A8%EB%8F%84_%EC%A4%91%EC%86%8C%EA%B8%B0%EC%97%85_%EC%9C%A1%EC%84%B1%EC%9E%90%EA%B8%88(%EA%B2%BD%EC%98%81%EC%95%88%EC%A0%95%EC%9E%90%EA%B8%88)_%EC%A7%80%EC%9B%90%EA%B3%84%ED%9A%8D_%EA%B3%B5%EA%B3%A0_(1).hwp,2026-07-01T02:35:13
PBLN_000000000117146,bizinfo,[전남광주] 2026년 중소기업 육성자금(중소기업 경영안정자금) 지원계획 공고,전남광주통합특별시,https://www.bizinfo.go.kr/sii/siia/selectSIIA200Detail.do?pblancId=PBLN_000000000117146,https://www.bizinfo.go.kr/cmm/fms/fileDown.do?atchFileId=FILE_000000000739863&fileSn=0,.hwp,C:\dongaAI\3차 프로젝트\0.0\data\attachments\hwp_raw\PBLN_000000000117146_ì 2026-9í¸_ì ë¼ë¨ë_ì¤ìê¸°ì _ì¡ì±ìê¸(ê²½ììì ìê¸)_ì§ìê³í_ê³µê³ _(1).hwp,downloaded,,2026-07-01T02:35:13
PBLN_000000000117127,bizinfo,2026년 관광진흥개발기금 신용보증부 운영자금 특별융자 지원 지침 공고,문화체육관광부,https://www.bizinfo.go.kr/sii/siia/selectSIIA200Detail.do?pblancId=PBLN_000000000117127,https://www.bizinfo.go.kr/sii/siia/202601060945400544.hwp,.hwp,C:\dongaAI\3차 프로젝트\0.0\data\attachments\hwp_raw\PBLN_000000000117127_202601060945400544.hwp,download_failed,404 Client Error: Not Found for url: https://www.bizinfo.go.kr/sii/siia/202601060945400544.hwp,2026-07-01T02:35:13
PBLN_000000000117127,bizinfo,2026년 관광진흥개발기금 신용보증부 운영자금 특별융자 지원 지침 공고,문화체육관광부,https://www.bizinfo.go.kr/sii/siia/selectSIIA200Detail.do?pblancId=PBLN_000000000117127,https://www.bizinfo.go.kr/sii/siia/26년 관광기금 신용보증부 운영자금 특별융자 지원 지침.hwp,.hwp,C:\dongaAI\3차 프로젝트\0.0\data\attachments\hwp_raw\PBLN_000000000117127_26년 관광기금 신용보증부 운영자금 특별융자 지원 지침.hwp,download_failed,400 Client Error: Bad Request for url: https://www.bizinfo.go.kr/sii/siia/26%EB%85%84%20%EA%B4%80%EA%B4%91%EA%B8%B0%EA%B8%88%20%EC%8B%A0%EC%9A%A9%EB%B3%B4%EC%A6%9D%EB%B6%80%20%EC%9A%B4%EC%98%81%EC%9E%90%EA%B8%88%20%ED%8A%B9%EB%B3%84%EC%9C%B5%EC%9E%90%20%EC%A7%80%EC%9B%90%20%EC%A7%80%EC%B9%A8.hwp,2026-07-01T02:35:13
PBLN_000000000117127,bizinfo,2026년 관광진흥개발기금 신용보증부 운영자금 특별융자 지원 지침 공고,문화체육관광부,https://www.bizinfo.go.kr/sii/siia/selectSIIA200Detail.do?pblancId=PBLN_000000000117127,https://www.bizinfo.go.kr/cmm/fms/fileDown.do?atchFileId=FILE_000000000739841&fileSn=0,.hwp,C:\dongaAI\3차 프로젝트\0.0\data\attachments\hwp_raw\PBLN_000000000117127_(ìì) ê´ê´ê¸°ê¸ ì ì©ë³´ì¦ë¶ ì´ììê¸ í¹ë³ìµì ì ì²­ì.hwp,downloaded,,2026-07-01T02:35:13
PBLN_000000000117127,bizinfo,2026년 관광진흥개발기금 신용보증부 운영자금 특별융자 지원 지침 공고,문화체육관광부,https://www.bizinfo.go.kr/sii/siia/selectSIIA200Detail.do?pblancId=PBLN_000000000117127,https://www.bizinfo.go.kr/cmm/fms/fileDown.do?atchFileId=FILE_000000000739830&fileSn=0,.hwp,C:\dongaAI\3차 프로젝트\0.0\data\attachments\hwp_raw\PBLN_000000000117127_26ë  ê´ê´ê¸°ê¸ ì ì©ë³´ì¦ë¶ ì´ììê¸ í¹ë³ìµì ì§ì ì§ì¹¨.hwp,downloaded,,2026-07-01T02:35:13
PBLN_000000000117094,bizinfo,[충남] 2026년 소상공인자금 융자 지원계획 공고,충청남도,https://www.bizinfo.go.kr/sii/siia/selectSIIA200Detail.do?pblancId=PBLN_000000000117094,https://www.bizinfo.go.kr/sii/siia/202601051411120477.hwp,.hwp,C:\dongaAI\3차 프로젝트\0.0\data\attachments\hwp_raw\PBLN_000000000117094_202601051411120477.hwp,download_failed,404 Client Error: Not Found for url: https://www.bizinfo.go.kr/sii/siia/202601051411120477.hwp,2026-07-01T02:35:13
PBLN_000000000117094,bizinfo,[충남] 2026년 소상공인자금 융자 지원계획 공고,충청남도,https://www.bizinfo.go.kr/sii/siia/selectSIIA200Detail.do?pblancId=PBLN_000000000117094,https://www.bizinfo.go.kr/sii/siia/2026년 충청남도 소상공인자금 융자 지원계획 공고.hwp,.hwp,C:\dongaAI\3차 프로젝트\0.0\data\attachments\hwp_raw\PBLN_000000000117094_2026년 충청남도 소상공인자금 융자 지원계획 공고.hwp,download_failed,400 Client Error: Bad Request for url: https://www.bizinfo.go.kr/sii/siia/2026%EB%85%84%20%EC%B6%A9%EC%B2%AD%EB%82%A8%EB%8F%84%20%EC%86%8C%EC%83%81%EA%B3%B5%EC%9D%B8%EC%9E%90%EA%B8%88%20%EC%9C%B5%EC%9E%90%20%EC%A7%80%EC%9B%90%EA%B3%84%ED%9A%8D%20%EA%B3%B5%EA%B3%A0.hwp,2026-07-01T02:35:13
PBLN_000000000117094,bizinfo,[충남] 2026년 소상공인자금 융자 지원계획 공고,충청남도,https://www.bizinfo.go.kr/sii/siia/selectSIIA200Detail.do?pblancId=PBLN_000000000117094,https://www.bizinfo.go.kr/cmm/fms/fileDown.do?atchFileId=FILE_000000000739764&fileSn=1,.hwp,C:\dongaAI\3차 프로젝트\0.0\data\attachments\hwp_raw\PBLN_000000000117094_2026ë  ì¶©ì²­ë¨ë ììê³µì¸ìê¸ ìµì ì§ìê³í ê³µê³.hwp,downloaded,,2026-07-01T02:35:13
PBLN_000000000123392,bizinfo,[부산] 2026년 2차 지산학 기술도입 지원사업 참여기업 모집 공고(지산학 연결중개 촉진 지원사업),부산광역시,https://www.bizinfo.go.kr/sii/siia/selectSIIA200Detail.do?pblancId=PBLN_000000000123392,https://www.bizinfo.go.kr/cmm/fms/fileDown.do?atchFileId=FILE_000000000760731&fileSn=2,.hwp,C:\dongaAI\3차 프로젝트\0.0\data\attachments\hwp_raw\PBLN_000000000123392_03.+(ì²¨ë¶ìì)+2026ë +ì§ì°í+ê¸°ì ëì +ì§ìì¬ì.hwp,downloaded,,2026-07-01T02:35:13
PBLN_000000000117130,bizinfo,2026년 상반기 관광진흥개발기금 이차보전 지원 지침 공고,문화체육관광부,https://www.bizinfo.go.kr/sii/siia/selectSIIA200Detail.do?pblancId=PBLN_000000000117130,https://www.bizinfo.go.kr/cmm/fms/fileDown.do?atchFileId=FILE_000000000739845&fileSn=0,.hwp,C:\dongaAI\3차 프로젝트\0.0\data\attachments\hwp_raw\PBLN_000000000117130_(ìì3) ëì¶ì¬ì¬ ì¬ì íì¸ì.hwp,downloaded,,2026-07-01T02:35:13
PBLN_000000000117130,bizinfo,2026년 상반기 관광진흥개발기금 이차보전 지원 지침 공고,문화체육관광부,https://www.bizinfo.go.kr/sii/siia/selectSIIA200Detail.do?pblancId=PBLN_000000000117130,https://www.bizinfo.go.kr/cmm/fms/fileDown.do?atchFileId=FILE_000000000739845&fileSn=1,.hwp,C:\dongaAI\3차 프로젝트\0.0\data\attachments\hwp_raw\PBLN_000000000117130_(ìì2) ìì¤ãì´ììê¸ ììë´ì­ì.hwp,downloaded,,2026-07-01T02:35:13
PBLN_000000000117130,bizinfo,2026년 상반기 관광진흥개발기금 이차보전 지원 지침 공고,문화체육관광부,https://www.bizinfo.go.kr/sii/siia/selectSIIA200Detail.do?pblancId=PBLN_000000000117130,https://www.bizinfo.go.kr/cmm/fms/fileDown.do?atchFileId=FILE_000000000739845&fileSn=2,.hwp,C:\dongaAI\3차 프로젝트\0.0\data\attachments\hwp_raw\PBLN_000000000117130_(ìì1) ì´ì°¨ë³´ì  ì ì²­ì.hwp,downloaded,,2026-07-01T02:35:13
PBLN_000000000117130,bizinfo,2026년 상반기 관광진흥개발기금 이차보전 지원 지침 공고,문화체육관광부,https://www.bizinfo.go.kr/sii/siia/selectSIIA200Detail.do?pblancId=PBLN_000000000117130,https://www.bizinfo.go.kr/cmm/fms/fileDown.do?atchFileId=FILE_000000000739844&fileSn=0,.hwp,C:\dongaAI\3차 프로젝트\0.0\data\attachments\hwp_raw\PBLN_000000000117130_26ë  ìë°ê¸° ê´ê´ê¸°ê¸ ì´ì°¨ë³´ì  ì§ì ì§ì¹¨.hwp,downloaded,,2026-07-01T02:35:13
PBLN_000000000123043,bizinfo,2026년 1인 중증장애인기업 업무지원인 서비스 지원사업 의사소통형ㆍ경영지도형 지원대상자 모집 공고,중소벤처기업부,https://www.bizinfo.go.kr/sii/siia/selectSIIA200Detail.do?pblancId=PBLN_000000000123043,https://www.bizinfo.go.kr/cmm/fms/fileDown.do?atchFileId=FILE_000000000759367&fileSn=0,.hwp,C:\dongaAI\3차 프로젝트\0.0\data\attachments\hwp_raw\PBLN_000000000123043_ë¶ì 2. ì ë¬´ì§ìì¸ ìë¹ì¤ ì§ìì¬ì ê²½ìì§ëí ìì¬ìíµí ì ì²­ìì.hwp,downloaded,,2026-07-01T02:35:14
PBLN_000000000123050,bizinfo,2026년 충남 스케일업 액셀러레이팅 상시 멘토링 프로그램 참여기업 모집 공고,충청남도,https://www.bizinfo.go.kr/sii/siia/selectSIIA200Detail.do?pblancId=PBLN_000000000123050,https://www.bizinfo.go.kr/cmm/fms/fileDown.do?atchFileId=FILE_000000000759385&fileSn=0,.hwp,C:\dongaAI\3차 프로젝트\0.0\data\attachments\hwp_raw\PBLN_000000000123050_2. [ë¶ì1] ì°¸ê°ì ì²­ì ìì.hwp,downloaded,,2026-07-01T02:35:14
PBLN_000000000123050,bizinfo,2026년 충남 스케일업 액셀러레이팅 상시 멘토링 프로그램 참여기업 모집 공고,충청남도,https://www.bizinfo.go.kr/sii/siia/selectSIIA200Detail.do?pblancId=PBLN_000000000123050,https://www.bizinfo.go.kr/cmm/fms/fileDown.do?atchFileId=FILE_000000000759385&fileSn=1,.hwp,C:\dongaAI\3차 프로젝트\0.0\data\attachments\hwp_raw\PBLN_000000000123050_3. [ë¶ì2] ëì¸ ê¸°ì ì´ì  íì½ì.hwp,downloaded,,2026-07-01T02:35:14
PBLN_000000000123377,bizinfo,[전남광주] 첨단로봇ㆍAI 활용 중소기업 제조혁신 사업 기업지원(기획 컨설팅) 모집 공고,전남광주통합특별시,https://www.bizinfo.go.kr/sii/siia/selectSIIA200Detail.do?pblancId=PBLN_000000000123377,https://www.bizinfo.go.kr/sii/siia/202606181507330122.hwp,.hwp,C:\dongaAI\3차 프로젝트\0.0\data\attachments\hwp_raw\PBLN_000000000123377_202606181507330122.hwp,download_failed,404 Client Error: Not Found for url: https://www.bizinfo.go.kr/sii/siia/202606181507330122.hwp,2026-07-01T02:35:14
PBLN_000000000123377,bizinfo,[전남광주] 첨단로봇ㆍAI 활용 중소기업 제조혁신 사업 기업지원(기획 컨설팅) 모집 공고,전남광주통합특별시,https://www.bizinfo.go.kr/sii/siia/selectSIIA200Detail.do?pblancId=PBLN_000000000123377,https://www.bizinfo.go.kr/sii/siia/1. 첨단로봇‧AI 활용 중소기업 제조혁신 사업 기업지원 모집 공고_기획 컨설팅.hwp,.hwp,C:\dongaAI\3차 프로젝트\0.0\data\attachments\hwp_raw\PBLN_000000000123377_1. 첨단로봇‧AI 활용 중소기업 제조혁신 사업 기업지원 모집 공고_기획 컨설팅.hwp,download_failed,400 Client Error: Bad Request for url: https://www.bizinfo.go.kr/sii/siia/1.%20%EC%B2%A8%EB%8B%A8%EB%A1%9C%EB%B4%87%E2%80%A7AI%20%ED%99%9C%EC%9A%A9%20%EC%A4%91%EC%86%8C%EA%B8%B0%EC%97%85%20%EC%A0%9C%EC%A1%B0%ED%98%81%EC%8B%A0%20%EC%82%AC%EC%97%85%20%EA%B8%B0%EC%97%85%EC%A7%80%EC%9B%90%20%EB%AA%A8%EC%A7%91%20%EA%B3%B5%EA%B3%A0_%EA%B8%B0%ED%9A%8D%20%EC%BB%A8%EC%84%A4%ED%8C%85.hwp,2026-07-01T02:35:14
PBLN_000000000123377,bizinfo,[전남광주] 첨단로봇ㆍAI 활용 중소기업 제조혁신 사업 기업지원(기획 컨설팅) 모집 공고,전남광주통합특별시,https://www.bizinfo.go.kr/sii/siia/selectSIIA200Detail.do?pblancId=PBLN_000000000123377,https://www.bizinfo.go.kr/cmm/fms/fileDown.do?atchFileId=FILE_000000000760627&fileSn=1,.hwp,C:\dongaAI\3차 프로젝트\0.0\data\attachments\hwp_raw\PBLN_000000000123377_2. (ìì) ê¸°í ìë¥ ìì ë° ì»¨ì¤í ìí ê³íì_ê¸°í ì»¨ì¤í.hwp,downloaded,,2026-07-01T02:35:14
PBLN_000000000123377,bizinfo,[전남광주] 첨단로봇ㆍAI 활용 중소기업 제조혁신 사업 기업지원(기획 컨설팅) 모집 공고,전남광주통합특별시,https://www.bizinfo.go.kr/sii/siia/selectSIIA200Detail.do?pblancId=PBLN_000000000123377,https://www.bizinfo.go.kr/cmm/fms/fileDown.do?atchFileId=FILE_000000000760626&fileSn=1,.hwp,C:\dongaAI\3차 프로젝트\0.0\data\attachments\hwp_raw\PBLN_000000000123377_1. ì²¨ë¨ë¡ë´â§AI íì© ì¤ìê¸°ì ì ì¡°íì ì¬ì ê¸°ì ì§ì ëª¨ì§ ê³µê³ _ê¸°í ì»¨ì¤í.hwp,downloaded,,2026-07-01T02:35:14
PBLN_000000000117095,bizinfo,[충남] 2026년 사회적경제기금 융자지원 계획 공고,충청남도,https://www.bizinfo.go.kr/sii/siia/selectSIIA200Detail.do?pblancId=PBLN_000000000117095,https://www.bizinfo.go.kr/sii/siia/202601051404190115.hwp,.hwp,C:\dongaAI\3차 프로젝트\0.0\data\attachments\hwp_raw\PBLN_000000000117095_202601051404190115.hwp,download_failed,404 Client Error: Not Found for url: https://www.bizinfo.go.kr/sii/siia/202601051404190115.hwp,2026-07-01T02:35:14
PBLN_000000000117095,bizinfo,[충남] 2026년 사회적경제기금 융자지원 계획 공고,충청남도,https://www.bizinfo.go.kr/sii/siia/selectSIIA200Detail.do?pblancId=PBLN_000000000117095,https://www.bizinfo.go.kr/sii/siia/2026년 충남 사회적경제기금 융자지원 계획 공고(안).hwp,.hwp,C:\dongaAI\3차 프로젝트\0.0\data\attachments\hwp_raw\PBLN_000000000117095_2026년 충남 사회적경제기금 융자지원 계획 공고(안).hwp,download_failed,400 Client Error: Bad Request for url: https://www.bizinfo.go.kr/sii/siia/2026%EB%85%84%20%EC%B6%A9%EB%82%A8%20%EC%82%AC%ED%9A%8C%EC%A0%81%EA%B2%BD%EC%A0%9C%EA%B8%B0%EA%B8%88%20%EC%9C%B5%EC%9E%90%EC%A7%80%EC%9B%90%20%EA%B3%84%ED%9A%8D%20%EA%B3%B5%EA%B3%A0(%EC%95%88).hwp,2026-07-01T02:35:14
PBLN_000000000117095,bizinfo,[충남] 2026년 사회적경제기금 융자지원 계획 공고,충청남도,https://www.bizinfo.go.kr/sii/siia/selectSIIA200Detail.do?pblancId=PBLN_000000000117095,https://www.bizinfo.go.kr/cmm/fms/fileDown.do?atchFileId=FILE_000000000739766&fileSn=0,.hwp,C:\dongaAI\3차 프로젝트\0.0\data\attachments\hwp_raw\PBLN_000000000117095_2026ë  ì¶©ë¨ ì¬íì ê²½ì ê¸°ê¸ ìµìì§ì ê³í ê³µê³ (ì).hwp,downloaded,,2026-07-01T02:35:14
PBLN_000000000117109,bizinfo,[경기] 2026년 사회적경제조직 특별융자 사업 공고,경기도,https://www.bizinfo.go.kr/sii/siia/selectSIIA200Detail.do?pblancId=PBLN_000000000117109,https://www.bizinfo.go.kr/sii/siia/202601051040080458.hwp,.hwp,C:\dongaAI\3차 프로젝트\0.0\data\attachments\hwp_raw\PBLN_000000000117109_202601051040080458.hwp,download_failed,404 Client Error: Not Found for url: https://www.bizinfo.go.kr/sii/siia/202601051040080458.hwp,2026-07-01T02:35:14
PBLN_000000000117109,bizinfo,[경기] 2026년 사회적경제조직 특별융자 사업 공고,경기도,https://www.bizinfo.go.kr/sii/siia/selectSIIA200Detail.do?pblancId=PBLN_000000000117109,https://www.bizinfo.go.kr/sii/siia/2025-2540_2026년 경기도 사회적경제조직 특별융자 사업 공고(최종).hwp,.hwp,C:\dongaAI\3차 프로젝트\0.0\data\attachments\hwp_raw\PBLN_000000000117109_2025-2540_2026년 경기도 사회적경제조직 특별융자 사업 공고(최종).hwp,download_failed,400 Client Error: Bad Request for url: https://www.bizinfo.go.kr/sii/siia/2025-2540_2026%EB%85%84%20%EA%B2%BD%EA%B8%B0%EB%8F%84%20%EC%82%AC%ED%9A%8C%EC%A0%81%EA%B2%BD%EC%A0%9C%EC%A1%B0%EC%A7%81%20%ED%8A%B9%EB%B3%84%EC%9C%B5%EC%9E%90%20%EC%82%AC%EC%97%85%20%EA%B3%B5%EA%B3%A0(%EC%B5%9C%EC%A2%85).hwp,2026-07-01T02:35:14
PBLN_000000000117109,bizinfo,[경기] 2026년 사회적경제조직 특별융자 사업 공고,경기도,https://www.bizinfo.go.kr/sii/siia/selectSIIA200Detail.do?pblancId=PBLN_000000000117109,https://www.bizinfo.go.kr/cmm/fms/fileDown.do?atchFileId=FILE_000000000739745&fileSn=0,.hwp,C:\dongaAI\3차 프로젝트\0.0\data\attachments\hwp_raw\PBLN_000000000117109_2025-2540_2026ë  ê²½ê¸°ë ì¬íì ê²½ì ì¡°ì§ í¹ë³ìµì ì¬ì ê³µê³ (ìµì¢ ).hwp,downloaded,,2026-07-01T02:35:14
PBLN_000000000123488,bizinfo,[경북] 구미시 2026년 푸드테크 상용화모델 개발 및 실증사업 수혜기업 모집 공고,경상북도,https://www.bizinfo.go.kr/sii/siia/selectSIIA200Detail.do?pblancId=PBLN_000000000123488,https://www.bizinfo.go.kr/cmm/fms/fileDown.do?atchFileId=FILE_000000000761074&fileSn=1,.hwp,C:\dongaAI\3차 프로젝트\0.0\data\attachments\hwp_raw\PBLN_000000000123488_2.2 ì ì²­ìì(ì)_ì ì²­ì~ë³ì§ 5í¸.hwp,downloaded,,2026-07-01T02:35:14
PBLN_000000000123374,bizinfo,[전남광주] 첨단로봇ㆍAI 활용 중소기업 제조혁신 사업 기업지원(실증지원) 모집 공고,전남광주통합특별시,https://www.bizinfo.go.kr/sii/siia/selectSIIA200Detail.do?pblancId=PBLN_000000000123374,https://www.bizinfo.go.kr/sii/siia/202606181432470774.hwp,.hwp,C:\dongaAI\3차 프로젝트\0.0\data\attachments\hwp_raw\PBLN_000000000123374_202606181432470774.hwp,download_failed,404 Client Error: Not Found for url: https://www.bizinfo.go.kr/sii/siia/202606181432470774.hwp,2026-07-01T02:35:14
PBLN_000000000123374,bizinfo,[전남광주] 첨단로봇ㆍAI 활용 중소기업 제조혁신 사업 기업지원(실증지원) 모집 공고,전남광주통합특별시,https://www.bizinfo.go.kr/sii/siia/selectSIIA200Detail.do?pblancId=PBLN_000000000123374,https://www.bizinfo.go.kr/sii/siia/1. 첨단로봇·AI 활용 중소기업 제조혁신 기업지원 모집 공고_실증지원.hwp,.hwp,C:\dongaAI\3차 프로젝트\0.0\data\attachments\hwp_raw\PBLN_000000000123374_1. 첨단로봇·AI 활용 중소기업 제조혁신 기업지원 모집 공고_실증지원.hwp,download_failed,400 Client Error: Bad Request for url: https://www.bizinfo.go.kr/sii/siia/1.%20%EC%B2%A8%EB%8B%A8%EB%A1%9C%EB%B4%87%C2%B7AI%20%ED%99%9C%EC%9A%A9%20%EC%A4%91%EC%86%8C%EA%B8%B0%EC%97%85%20%EC%A0%9C%EC%A1%B0%ED%98%81%EC%8B%A0%20%EA%B8%B0%EC%97%85%EC%A7%80%EC%9B%90%20%EB%AA%A8%EC%A7%91%20%EA%B3%B5%EA%B3%A0_%EC%8B%A4%EC%A6%9D%EC%A7%80%EC%9B%90.hwp,2026-07-01T02:35:14
PBLN_000000000123374,bizinfo,[전남광주] 첨단로봇ㆍAI 활용 중소기업 제조혁신 사업 기업지원(실증지원) 모집 공고,전남광주통합특별시,https://www.bizinfo.go.kr/sii/siia/selectSIIA200Detail.do?pblancId=PBLN_000000000123374,https://www.bizinfo.go.kr/cmm/fms/fileDown.do?atchFileId=FILE_000000000760579&fileSn=0,.hwp,C:\dongaAI\3차 프로젝트\0.0\data\attachments\hwp_raw\PBLN_000000000123374_2. (ìì) ê¸°í ìë¥ ìì ë° ì¬ì ê³íì_ì¤ì¦ì§ì.hwp,downloaded,,2026-07-01T02:35:15
PBLN_000000000123374,bizinfo,[전남광주] 첨단로봇ㆍAI 활용 중소기업 제조혁신 사업 기업지원(실증지원) 모집 공고,전남광주통합특별시,https://www.bizinfo.go.kr/sii/siia/selectSIIA200Detail.do?pblancId=PBLN_000000000123374,https://www.bizinfo.go.kr/cmm/fms/fileDown.do?atchFileId=FILE_000000000760578&fileSn=0,.hwp,C:\dongaAI\3차 프로젝트\0.0\data\attachments\hwp_raw\PBLN_000000000123374_1. ì²¨ë¨ë¡ë´Â·AI íì© ì¤ìê¸°ì ì ì¡°íì ê¸°ì ì§ì ëª¨ì§ ê³µê³ _ì¤ì¦ì§ì.hwp,downloaded,,2026-07-01T02:35:15
PBLN_000000000117111,bizinfo,[서울] 2026년 중소기업육성자금 융자지원 계획 공고,서울특별시,https://www.bizinfo.go.kr/sii/siia/selectSIIA200Detail.do?pblancId=PBLN_000000000117111,https://www.bizinfo.go.kr/cmm/fms/fileDown.do?atchFileId=FILE_000000000739748&fileSn=0,.hwp,C:\dongaAI\3차 프로젝트\0.0\data\attachments\hwp_raw\PBLN_000000000117111_[ë³í 3] ìì¤ìê¸ ì§ìì¬ì ë³ ìµìì¡°ê±´ ë° íë(ìì¸í¹ë³ì ì¤ìê¸°ì ì¡ì±ê¸°ê¸ì.hwp,downloaded,,2026-07-01T02:35:15
PBLN_000000000117111,bizinfo,[서울] 2026년 중소기업육성자금 융자지원 계획 공고,서울특별시,https://www.bizinfo.go.kr/sii/siia/selectSIIA200Detail.do?pblancId=PBLN_000000000117111,https://www.bizinfo.go.kr/cmm/fms/fileDown.do?atchFileId=FILE_000000000739748&fileSn=1,.hwp,C:\dongaAI\3차 프로젝트\0.0\data\attachments\hwp_raw\PBLN_000000000117111_[ë³í 2] ìì¤ìê¸ ìµìëì(ìì¸í¹ë³ì ì¤ìê¸°ì ì¡ì±ê¸°ê¸ì ì¤ì¹ ë° ì´ì©ì ê´.hwp,downloaded,,2026-07-01T02:35:15
PBLN_000000000117111,bizinfo,[서울] 2026년 중소기업육성자금 융자지원 계획 공고,서울특별시,https://www.bizinfo.go.kr/sii/siia/selectSIIA200Detail.do?pblancId=PBLN_000000000117111,https://www.bizinfo.go.kr/cmm/fms/fileDown.do?atchFileId=FILE_000000000739748&fileSn=2,.hwp,C:\dongaAI\3차 프로젝트\0.0\data\attachments\hwp_raw\PBLN_000000000117111_[ë³í 1] ê²½ììì ìê¸ ìµìëì(ìì¸í¹ë³ì ì¤ìê¸°ì ì¡ì±ê¸°ê¸ì ì¤ì¹ ë° ì´ì©ì.hwp,downloaded,,2026-07-01T02:35:15
PBLN_000000000123482,bizinfo,[경기] 2026년 기후테크 경진대회 참여기업 모집 공고(2027년 경기도 실증화 지원사업 연계),경기도,https://www.bizinfo.go.kr/sii/siia/selectSIIA200Detail.do?pblancId=PBLN_000000000123482,https://www.bizinfo.go.kr/cmm/fms/fileDown.do?atchFileId=FILE_000000000761044&fileSn=0,.hwp,C:\dongaAI\3차 프로젝트\0.0\data\attachments\hwp_raw\PBLN_000000000123482_ê²ìì© 2026ë  ê²½ê¸°ë ê¸°íí í¬ ê²½ì§ëí ì°¸ì¬ê¸°ì ëª¨ì§ê³µê³.hwp,downloaded,,2026-07-01T02:35:15
PBLN_000000000117103,bizinfo,[대전] 유성구 2026년 소상공인 특례보증 지원사업 공고,대전광역시,https://www.bizinfo.go.kr/sii/siia/selectSIIA200Detail.do?pblancId=PBLN_000000000117103,https://www.bizinfo.go.kr/sii/siia/202601021433570091.hwp,.hwp,C:\dongaAI\3차 프로젝트\0.0\data\attachments\hwp_raw\PBLN_000000000117103_202601021433570091.hwp,download_failed,404 Client Error: Not Found for url: https://www.bizinfo.go.kr/sii/siia/202601021433570091.hwp,2026-07-01T02:35:15
PBLN_000000000117103,bizinfo,[대전] 유성구 2026년 소상공인 특례보증 지원사업 공고,대전광역시,https://www.bizinfo.go.kr/sii/siia/selectSIIA200Detail.do?pblancId=PBLN_000000000117103,https://www.bizinfo.go.kr/sii/siia/2026년 유성구 소상공인 특례보증 지원사업 공고.hwp,.hwp,C:\dongaAI\3차 프로젝트\0.0\data\attachments\hwp_raw\PBLN_000000000117103_2026년 유성구 소상공인 특례보증 지원사업 공고.hwp,download_failed,400 Client Error: Bad Request for url: https://www.bizinfo.go.kr/sii/siia/2026%EB%85%84%20%EC%9C%A0%EC%84%B1%EA%B5%AC%20%EC%86%8C%EC%83%81%EA%B3%B5%EC%9D%B8%20%ED%8A%B9%EB%A1%80%EB%B3%B4%EC%A6%9D%20%EC%A7%80%EC%9B%90%EC%82%AC%EC%97%85%20%EA%B3%B5%EA%B3%A0.hwp,2026-07-01T02:35:15
PBLN_000000000117103,bizinfo,[대전] 유성구 2026년 소상공인 특례보증 지원사업 공고,대전광역시,https://www.bizinfo.go.kr/sii/siia/selectSIIA200Detail.do?pblancId=PBLN_000000000117103,https://www.bizinfo.go.kr/cmm/fms/fileDown.do?atchFileId=FILE_000000000739704&fileSn=0,.hwp,C:\dongaAI\3차 프로젝트\0.0\data\attachments\hwp_raw\PBLN_000000000117103_2026ë  ì ì±êµ¬ ììê³µì¸ í¹ë¡ë³´ì¦ ì§ìì¬ì ê³µê³.hwp,downloaded,,2026-07-01T02:35:15
PBLN_000000000123783,bizinfo,[전남광주] 첨단 스마트그린 AX실증산단 구축사업 제조경쟁력 강화를 위한 기업AX 실증지원 공고,전남광주통합특별시,https://www.bizinfo.go.kr/sii/siia/selectSIIA200Detail.do?pblancId=PBLN_000000000123783,https://www.bizinfo.go.kr/cmm/fms/fileDown.do?atchFileId=FILE_000000000762195&fileSn=0,.hwp,C:\dongaAI\3차 프로젝트\0.0\data\attachments\hwp_raw\PBLN_000000000123783_ë¶ì4.ì¬ì ë¹ì°ì ë°ì¬ì©ê¸°ì¤.hwp,downloaded,,2026-07-01T02:35:15
PBLN_000000000123783,bizinfo,[전남광주] 첨단 스마트그린 AX실증산단 구축사업 제조경쟁력 강화를 위한 기업AX 실증지원 공고,전남광주통합특별시,https://www.bizinfo.go.kr/sii/siia/selectSIIA200Detail.do?pblancId=PBLN_000000000123783,https://www.bizinfo.go.kr/cmm/fms/fileDown.do?atchFileId=FILE_000000000762195&fileSn=1,.hwp,C:\dongaAI\3차 프로젝트\0.0\data\attachments\hwp_raw\PBLN_000000000123783_ë¶ì2.AXì¤ì¦ì°ë¨êµ¬ì¶ì¬ì ì§ìì ì²­ì(ê³µíµìë£¨ì ).hwp,downloaded,,2026-07-01T02:35:15
PBLN_000000000123783,bizinfo,[전남광주] 첨단 스마트그린 AX실증산단 구축사업 제조경쟁력 강화를 위한 기업AX 실증지원 공고,전남광주통합특별시,https://www.bizinfo.go.kr/sii/siia/selectSIIA200Detail.do?pblancId=PBLN_000000000123783,https://www.bizinfo.go.kr/cmm/fms/fileDown.do?atchFileId=FILE_000000000762195&fileSn=2,.hwp,C:\dongaAI\3차 프로젝트\0.0\data\attachments\hwp_raw\PBLN_000000000123783_ë¶ì2.AXì¤ì¦ì°ë¨êµ¬ì¶ì¬ì ì§ìì ì²­ì(ë¨ê³ë³ì¤íë©).hwp,downloaded,,2026-07-01T02:35:16
PBLN_000000000117071,bizinfo,[부산] 사상구 2026년 소상공인 보증료 지원사업 대상자 모집 공고,부산광역시,https://www.bizinfo.go.kr/sii/siia/selectSIIA200Detail.do?pblancId=PBLN_000000000117071,https://www.bizinfo.go.kr/sii/siia/202601021017270199.hwp,.hwp,C:\dongaAI\3차 프로젝트\0.0\data\attachments\hwp_raw\PBLN_000000000117071_202601021017270199.hwp,download_failed,404 Client Error: Not Found for url: https://www.bizinfo.go.kr/sii/siia/202601021017270199.hwp,2026-07-01T02:35:16
PBLN_000000000117071,bizinfo,[부산] 사상구 2026년 소상공인 보증료 지원사업 대상자 모집 공고,부산광역시,https://www.bizinfo.go.kr/sii/siia/selectSIIA200Detail.do?pblancId=PBLN_000000000117071,https://www.bizinfo.go.kr/sii/siia/공고문(2026년 소상공인 보증료 지원사업).hwp,.hwp,C:\dongaAI\3차 프로젝트\0.0\data\attachments\hwp_raw\PBLN_000000000117071_공고문(2026년 소상공인 보증료 지원사업).hwp,download_failed,400 Client Error: Bad Request for url: https://www.bizinfo.go.kr/sii/siia/%EA%B3%B5%EA%B3%A0%EB%AC%B8(2026%EB%85%84%20%EC%86%8C%EC%83%81%EA%B3%B5%EC%9D%B8%20%EB%B3%B4%EC%A6%9D%EB%A3%8C%20%EC%A7%80%EC%9B%90%EC%82%AC%EC%97%85).hwp,2026-07-01T02:35:16
PBLN_000000000117071,bizinfo,[부산] 사상구 2026년 소상공인 보증료 지원사업 대상자 모집 공고,부산광역시,https://www.bizinfo.go.kr/sii/siia/selectSIIA200Detail.do?pblancId=PBLN_000000000117071,https://www.bizinfo.go.kr/cmm/fms/fileDown.do?atchFileId=FILE_000000000739660&fileSn=0,.hwp,C:\dongaAI\3차 프로젝트\0.0\data\attachments\hwp_raw\PBLN_000000000117071_ê³µê³ ë¬¸(2026ë  ììê³µì¸ ë³´ì¦ë£ ì§ìì¬ì ).hwp,downloaded,,2026-07-01T02:35:16
PBLN_000000000117038,bizinfo,[충북] 2026년 소상공인 육성자금 지원계획 공고,충청북도,https://www.bizinfo.go.kr/sii/siia/selectSIIA200Detail.do?pblancId=PBLN_000000000117038,https://www.bizinfo.go.kr/sii/siia/202512310919590856.hwp,.hwp,C:\dongaAI\3차 프로젝트\0.0\data\attachments\hwp_raw\PBLN_000000000117038_202512310919590856.hwp,download_failed,404 Client Error: Not Found for url: https://www.bizinfo.go.kr/sii/siia/202512310919590856.hwp,2026-07-01T02:35:16
PBLN_000000000117038,bizinfo,[충북] 2026년 소상공인 육성자금 지원계획 공고,충청북도,https://www.bizinfo.go.kr/sii/siia/selectSIIA200Detail.do?pblancId=PBLN_000000000117038,https://www.bizinfo.go.kr/sii/siia/2026년 충청북도 소상공인 육성자금 지원계획 공고문-1.hwp,.hwp,C:\dongaAI\3차 프로젝트\0.0\data\attachments\hwp_raw\PBLN_000000000117038_2026년 충청북도 소상공인 육성자금 지원계획 공고문-1.hwp,download_failed,400 Client Error: Bad Request for url: https://www.bizinfo.go.kr/sii/siia/2026%EB%85%84%20%EC%B6%A9%EC%B2%AD%EB%B6%81%EB%8F%84%20%EC%86%8C%EC%83%81%EA%B3%B5%EC%9D%B8%20%EC%9C%A1%EC%84%B1%EC%9E%90%EA%B8%88%20%EC%A7%80%EC%9B%90%EA%B3%84%ED%9A%8D%20%EA%B3%B5%EA%B3%A0%EB%AC%B8-1.hwp,2026-07-01T02:35:16
PBLN_000000000117038,bizinfo,[충북] 2026년 소상공인 육성자금 지원계획 공고,충청북도,https://www.bizinfo.go.kr/sii/siia/selectSIIA200Detail.do?pblancId=PBLN_000000000117038,https://www.bizinfo.go.kr/cmm/fms/fileDown.do?atchFileId=FILE_000000000739536&fileSn=0,.hwp,C:\dongaAI\3차 프로젝트\0.0\data\attachments\hwp_raw\PBLN_000000000117038_2026ë  ì¶©ì²­ë¶ë ììê³µì¸ ì¡ì±ìê¸ ì§ìê³í ê³µê³ ë¬¸-1.hwp,downloaded,,2026-07-01T02:35:16
PBLN_000000000117075,bizinfo,[경기] 부천시 2026년 특례보증 지원 계획 공고,경기도,https://www.bizinfo.go.kr/sii/siia/selectSIIA200Detail.do?pblancId=PBLN_000000000117075,https://www.bizinfo.go.kr/sii/siia/202601021026570323.hwp,.hwp,C:\dongaAI\3차 프로젝트\0.0\data\attachments\hwp_raw\PBLN_000000000117075_202601021026570323.hwp,download_failed,404 Client Error: Not Found for url: https://www.bizinfo.go.kr/sii/siia/202601021026570323.hwp,2026-07-01T02:35:16
PBLN_000000000117075,bizinfo,[경기] 부천시 2026년 특례보증 지원 계획 공고,경기도,https://www.bizinfo.go.kr/sii/siia/selectSIIA200Detail.do?pblancId=PBLN_000000000117075,https://www.bizinfo.go.kr/sii/siia/2026년 부천형 특례보증 지원 계획 공고.hwp,.hwp,C:\dongaAI\3차 프로젝트\0.0\data\attachments\hwp_raw\PBLN_000000000117075_2026년 부천형 특례보증 지원 계획 공고.hwp,download_failed,400 Client Error: Bad Request for url: https://www.bizinfo.go.kr/sii/siia/2026%EB%85%84%20%EB%B6%80%EC%B2%9C%ED%98%95%20%ED%8A%B9%EB%A1%80%EB%B3%B4%EC%A6%9D%20%EC%A7%80%EC%9B%90%20%EA%B3%84%ED%9A%8D%20%EA%B3%B5%EA%B3%A0.hwp,2026-07-01T02:35:16
PBLN_000000000117075,bizinfo,[경기] 부천시 2026년 특례보증 지원 계획 공고,경기도,https://www.bizinfo.go.kr/sii/siia/selectSIIA200Detail.do?pblancId=PBLN_000000000117075,https://www.bizinfo.go.kr/cmm/fms/fileDown.do?atchFileId=FILE_000000000739665&fileSn=0,.hwp,C:\dongaAI\3차 프로젝트\0.0\data\attachments\hwp_raw\PBLN_000000000117075_2026ë  ë¶ì²í í¹ë¡ë³´ì¦ ì§ì ê³í ê³µê³.hwp,downloaded,,2026-07-01T02:35:16
PBLN_000000000117067,bizinfo,[세종] 2026년 사회적경제 조직 금융(이차보전) 지원계획 공고,세종특별자치시,https://www.bizinfo.go.kr/sii/siia/selectSIIA200Detail.do?pblancId=PBLN_000000000117067,https://www.bizinfo.go.kr/sii/siia/202512311331300089.hwp,.hwp,C:\dongaAI\3차 프로젝트\0.0\data\attachments\hwp_raw\PBLN_000000000117067_202512311331300089.hwp,download_failed,404 Client Error: Not Found for url: https://www.bizinfo.go.kr/sii/siia/202512311331300089.hwp,2026-07-01T02:35:16
PBLN_000000000117067,bizinfo,[세종] 2026년 사회적경제 조직 금융(이차보전) 지원계획 공고,세종특별자치시,https://www.bizinfo.go.kr/sii/siia/selectSIIA200Detail.do?pblancId=PBLN_000000000117067,https://www.bizinfo.go.kr/sii/siia/2026년 세종특별자치시 사회적경제 조직 금융(이차보전) 지원계획 공고문.hwp,.hwp,C:\dongaAI\3차 프로젝트\0.0\data\attachments\hwp_raw\PBLN_000000000117067_2026년 세종특별자치시 사회적경제 조직 금융(이차보전) 지원계획 공고문.hwp,download_failed,400 Client Error: Bad Request for url: https://www.bizinfo.go.kr/sii/siia/2026%EB%85%84%20%EC%84%B8%EC%A2%85%ED%8A%B9%EB%B3%84%EC%9E%90%EC%B9%98%EC%8B%9C%20%EC%82%AC%ED%9A%8C%EC%A0%81%EA%B2%BD%EC%A0%9C%20%EC%A1%B0%EC%A7%81%20%EA%B8%88%EC%9C%B5(%EC%9D%B4%EC%B0%A8%EB%B3%B4%EC%A0%84)%20%EC%A7%80%EC%9B%90%EA%B3%84%ED%9A%8D%20%EA%B3%B5%EA%B3%A0%EB%AC%B8.hwp,2026-07-01T02:35:16
PBLN_000000000117067,bizinfo,[세종] 2026년 사회적경제 조직 금융(이차보전) 지원계획 공고,세종특별자치시,https://www.bizinfo.go.kr/sii/siia/selectSIIA200Detail.do?pblancId=PBLN_000000000117067,https://www.bizinfo.go.kr/cmm/fms/fileDown.do?atchFileId=FILE_000000000739562&fileSn=0,.hwp,C:\dongaAI\3차 프로젝트\0.0\data\attachments\hwp_raw\PBLN_000000000117067_(ì ì¶ìì) ê¸°ì ì¤íí.hwp,downloaded,,2026-07-01T02:35:16
PBLN_000000000117067,bizinfo,[세종] 2026년 사회적경제 조직 금융(이차보전) 지원계획 공고,세종특별자치시,https://www.bizinfo.go.kr/sii/siia/selectSIIA200Detail.do?pblancId=PBLN_000000000117067,https://www.bizinfo.go.kr/cmm/fms/fileDown.do?atchFileId=FILE_000000000739561&fileSn=0,.hwp,C:\dongaAI\3차 프로젝트\0.0\data\attachments\hwp_raw\PBLN_000000000117067_2026ë  ì¸ì¢ í¹ë³ìì¹ì ì¬íì ê²½ì  ì¡°ì§ ê¸ìµ(ì´ì°¨ë³´ì ) ì§ìê³í ê³µê³ ë¬¸.hwp,downloaded,,2026-07-01T02:35:17
PBLN_000000000123771,bizinfo,[강원] 2026년 3차 지식재산 긴급지원 모집 공고,강원특별자치도,https://www.bizinfo.go.kr/sii/siia/selectSIIA200Detail.do?pblancId=PBLN_000000000123771,https://www.bizinfo.go.kr/cmm/fms/fileDown.do?atchFileId=FILE_000000000762159&fileSn=2,.hwp,C:\dongaAI\3차 프로젝트\0.0\data\attachments\hwp_raw\PBLN_000000000123771_ì²¨ë¶4ì íìë¥. 2026ë  ì§ìì¬ì° ê¸´ê¸ì§ì ì¬ì _ ì¬ë¬´ì íë¯¸ì ì¶ì¬ì ì ìì.hwp,downloaded,,2026-07-01T02:35:17
PBLN_000000000123771,bizinfo,[강원] 2026년 3차 지식재산 긴급지원 모집 공고,강원특별자치도,https://www.bizinfo.go.kr/sii/siia/selectSIIA200Detail.do?pblancId=PBLN_000000000123771,https://www.bizinfo.go.kr/cmm/fms/fileDown.do?atchFileId=FILE_000000000762159&fileSn=3,.hwp,C:\dongaAI\3차 프로젝트\0.0\data\attachments\hwp_raw\PBLN_000000000123771_ì²¨ë¶5ì íìë¥. 2026ë  ì§ìì¬ì° ê¸´ê¸ì§ì ì¬ì _IPìë´íì¸ì ìì.hwp,downloaded,,2026-07-01T02:35:17
PBLN_000000000117074,bizinfo,[경기] 부천시 2026년 중소기업특례보증 지원 계획 공고,경기도,https://www.bizinfo.go.kr/sii/siia/selectSIIA200Detail.do?pblancId=PBLN_000000000117074,https://www.bizinfo.go.kr/sii/siia/202601021024430847.hwp,.hwp,C:\dongaAI\3차 프로젝트\0.0\data\attachments\hwp_raw\PBLN_000000000117074_202601021024430847.hwp,download_failed,404 Client Error: Not Found for url: https://www.bizinfo.go.kr/sii/siia/202601021024430847.hwp,2026-07-01T02:35:17
PBLN_000000000117074,bizinfo,[경기] 부천시 2026년 중소기업특례보증 지원 계획 공고,경기도,https://www.bizinfo.go.kr/sii/siia/selectSIIA200Detail.do?pblancId=PBLN_000000000117074,https://www.bizinfo.go.kr/sii/siia/2026년 부천시 중소기업특례보증 지원 계획 공고.hwp,.hwp,C:\dongaAI\3차 프로젝트\0.0\data\attachments\hwp_raw\PBLN_000000000117074_2026년 부천시 중소기업특례보증 지원 계획 공고.hwp,download_failed,400 Client Error: Bad Request for url: https://www.bizinfo.go.kr/sii/siia/2026%EB%85%84%20%EB%B6%80%EC%B2%9C%EC%8B%9C%20%EC%A4%91%EC%86%8C%EA%B8%B0%EC%97%85%ED%8A%B9%EB%A1%80%EB%B3%B4%EC%A6%9D%20%EC%A7%80%EC%9B%90%20%EA%B3%84%ED%9A%8D%20%EA%B3%B5%EA%B3%A0.hwp,2026-07-01T02:35:17
PBLN_000000000117074,bizinfo,[경기] 부천시 2026년 중소기업특례보증 지원 계획 공고,경기도,https://www.bizinfo.go.kr/sii/siia/selectSIIA200Detail.do?pblancId=PBLN_000000000117074,https://www.bizinfo.go.kr/cmm/fms/fileDown.do?atchFileId=FILE_000000000739664&fileSn=0,.hwp,C:\dongaAI\3차 프로젝트\0.0\data\attachments\hwp_raw\PBLN_000000000117074_2026ë  ë¶ì²ì ì¤ìê¸°ì í¹ë¡ë³´ì¦ ì§ì ê³í ê³µê³.hwp,downloaded,,2026-07-01T02:35:17
PBLN_000000000117066,bizinfo,장애인고용개선장려금 사업 공고,고용노동부,https://www.bizinfo.go.kr/sii/siia/selectSIIA200Detail.do?pblancId=PBLN_000000000117066,https://www.bizinfo.go.kr/sii/siia/202512311319040480.hwp,.hwp,C:\dongaAI\3차 프로젝트\0.0\data\attachments\hwp_raw\PBLN_000000000117066_202512311319040480.hwp,download_failed,404 Client Error: Not Found for url: https://www.bizinfo.go.kr/sii/siia/202512311319040480.hwp,2026-07-01T02:35:17
PBLN_000000000117066,bizinfo,장애인고용개선장려금 사업 공고,고용노동부,https://www.bizinfo.go.kr/sii/siia/selectSIIA200Detail.do?pblancId=PBLN_000000000117066,https://www.bizinfo.go.kr/sii/siia/2026년 장애인고용개선장려금 공고문(최종).hwp,.hwp,C:\dongaAI\3차 프로젝트\0.0\data\attachments\hwp_raw\PBLN_000000000117066_2026년 장애인고용개선장려금 공고문(최종).hwp,download_failed,400 Client Error: Bad Request for url: https://www.bizinfo.go.kr/sii/siia/2026%EB%85%84%20%EC%9E%A5%EC%95%A0%EC%9D%B8%EA%B3%A0%EC%9A%A9%EA%B0%9C%EC%84%A0%EC%9E%A5%EB%A0%A4%EA%B8%88%20%EA%B3%B5%EA%B3%A0%EB%AC%B8(%EC%B5%9C%EC%A2%85).hwp,2026-07-01T02:35:17
PBLN_000000000117066,bizinfo,장애인고용개선장려금 사업 공고,고용노동부,https://www.bizinfo.go.kr/sii/siia/selectSIIA200Detail.do?pblancId=PBLN_000000000117066,https://www.bizinfo.go.kr/cmm/fms/fileDown.do?atchFileId=FILE_000000000739560&fileSn=0,.hwp,C:\dongaAI\3차 프로젝트\0.0\data\attachments\hwp_raw\PBLN_000000000117066_2026ë  ì¥ì ì¸ê³ ì©ê°ì ì¥ë ¤ê¸ ê³µê³ ë¬¸(ìµì¢ ).hwp,downloaded,,2026-07-01T02:35:17
PBLN_000000000123468,bizinfo,2026년 에너지신산업 개방형 혁신생태계 OpenLAB 조성사업 기업지원사업 수혜기업모집 공고,산업통상부,https://www.bizinfo.go.kr/sii/siia/selectSIIA200Detail.do?pblancId=PBLN_000000000123468,https://www.bizinfo.go.kr/cmm/fms/fileDown.do?atchFileId=FILE_000000000761010&fileSn=1,.hwp,C:\dongaAI\3차 프로젝트\0.0\data\attachments\hwp_raw\PBLN_000000000123468_2.ê¸°ì ì§ìì¬ì ì ì²­ìë°ê³íì(ìì).hwp,downloaded,,2026-07-01T02:35:17
PBLN_000000000116998,bizinfo,[경북] 2026년 소상공인육성자금(경북버팀금융) 이차보전 지원 계획 공고,경상북도,https://www.bizinfo.go.kr/sii/siia/selectSIIA200Detail.do?pblancId=PBLN_000000000116998,https://www.bizinfo.go.kr/sii/siia/202512300914200561.hwp,.hwp,C:\dongaAI\3차 프로젝트\0.0\data\attachments\hwp_raw\PBLN_000000000116998_202512300914200561.hwp,download_failed,404 Client Error: Not Found for url: https://www.bizinfo.go.kr/sii/siia/202512300914200561.hwp,2026-07-01T02:35:17
PBLN_000000000116998,bizinfo,[경북] 2026년 소상공인육성자금(경북버팀금융) 이차보전 지원 계획 공고,경상북도,https://www.bizinfo.go.kr/sii/siia/selectSIIA200Detail.do?pblancId=PBLN_000000000116998,https://www.bizinfo.go.kr/sii/siia/2026년도 소상공인육성자금 지원 계획.hwp,.hwp,C:\dongaAI\3차 프로젝트\0.0\data\attachments\hwp_raw\PBLN_000000000116998_2026년도 소상공인육성자금 지원 계획.hwp,download_failed,400 Client Error: Bad Request for url: https://www.bizinfo.go.kr/sii/siia/2026%EB%85%84%EB%8F%84%20%EC%86%8C%EC%83%81%EA%B3%B5%EC%9D%B8%EC%9C%A1%EC%84%B1%EC%9E%90%EA%B8%88%20%EC%A7%80%EC%9B%90%20%EA%B3%84%ED%9A%8D.hwp,2026-07-01T02:35:17
PBLN_000000000116998,bizinfo,[경북] 2026년 소상공인육성자금(경북버팀금융) 이차보전 지원 계획 공고,경상북도,https://www.bizinfo.go.kr/sii/siia/selectSIIA200Detail.do?pblancId=PBLN_000000000116998,https://www.bizinfo.go.kr/cmm/fms/fileDown.do?atchFileId=FILE_000000000739320&fileSn=0,.hwp,C:\dongaAI\3차 프로젝트\0.0\data\attachments\hwp_raw\PBLN_000000000116998_2026ë ë ììê³µì¸ì¡ì±ìê¸ ì§ì ê³í.hwp,downloaded,,2026-07-01T02:35:17
PBLN_000000000123456,bizinfo,[전남광주] 화순군 2026년 스타기업 모집 공고,전남광주통합특별시,https://www.bizinfo.go.kr/sii/siia/selectSIIA200Detail.do?pblancId=PBLN_000000000123456,https://www.bizinfo.go.kr/sii/siia/202606221436060021.hwp,.hwp,C:\dongaAI\3차 프로젝트\0.0\data\attachments\hwp_raw\PBLN_000000000123456_202606221436060021.hwp,download_failed,404 Client Error: Not Found for url: https://www.bizinfo.go.kr/sii/siia/202606221436060021.hwp,2026-07-01T02:35:18
PBLN_000000000123456,bizinfo,[전남광주] 화순군 2026년 스타기업 모집 공고,전남광주통합특별시,https://www.bizinfo.go.kr/sii/siia/selectSIIA200Detail.do?pblancId=PBLN_000000000123456,https://www.bizinfo.go.kr/sii/siia/붙임 1. 화순군스타기업육성사업 지원사업 공고문.hwp,.hwp,C:\dongaAI\3차 프로젝트\0.0\data\attachments\hwp_raw\PBLN_000000000123456_붙임 1. 화순군스타기업육성사업 지원사업 공고문.hwp,download_failed,400 Client Error: Bad Request for url: https://www.bizinfo.go.kr/sii/siia/%EB%B6%99%EC%9E%84%201.%20%ED%99%94%EC%88%9C%EA%B5%B0%EC%8A%A4%ED%83%80%EA%B8%B0%EC%97%85%EC%9C%A1%EC%84%B1%EC%82%AC%EC%97%85%20%EC%A7%80%EC%9B%90%EC%82%AC%EC%97%85%20%EA%B3%B5%EA%B3%A0%EB%AC%B8.hwp,2026-07-01T02:35:18
PBLN_000000000123456,bizinfo,[전남광주] 화순군 2026년 스타기업 모집 공고,전남광주통합특별시,https://www.bizinfo.go.kr/sii/siia/selectSIIA200Detail.do?pblancId=PBLN_000000000123456,https://www.bizinfo.go.kr/cmm/fms/fileDown.do?atchFileId=FILE_000000000760938&fileSn=1,.hwp,C:\dongaAI\3차 프로젝트\0.0\data\attachments\hwp_raw\PBLN_000000000123456_ë¶ì 2. ì¬ì ì ì²­ ìì(íì).hwp,downloaded,,2026-07-01T02:35:18
PBLN_000000000123456,bizinfo,[전남광주] 화순군 2026년 스타기업 모집 공고,전남광주통합특별시,https://www.bizinfo.go.kr/sii/siia/selectSIIA200Detail.do?pblancId=PBLN_000000000123456,https://www.bizinfo.go.kr/cmm/fms/fileDown.do?atchFileId=FILE_000000000760937&fileSn=1,.hwp,C:\dongaAI\3차 프로젝트\0.0\data\attachments\hwp_raw\PBLN_000000000123456_ë¶ì 1. íìêµ°ì¤íê¸°ì ì¡ì±ì¬ì ì§ìì¬ì ê³µê³ ë¬¸.hwp,downloaded,,2026-07-01T02:35:18
PBLN_000000000123098,bizinfo,[전북] 2026년 중소기업 디자인개발 지원사업 디자인 공모전 출품 지원사업 과제 모집 공고,전북특별자치도,https://www.bizinfo.go.kr/sii/siia/selectSIIA200Detail.do?pblancId=PBLN_000000000123098,https://www.bizinfo.go.kr/cmm/fms/fileDown.do?atchFileId=FILE_000000000759604&fileSn=0,.hwp,C:\dongaAI\3차 프로젝트\0.0\data\attachments\hwp_raw\PBLN_000000000123098_2026ë ëìì¸ê³µëª¨ì ì¶íì§ìì¬ì ì ì²­ììì.hwp,downloaded,,2026-07-01T02:35:18
PBLN_000000000123448,bizinfo,해오름 이차전지 기업지원(비즈협력ㆍ스케일업) 수혜기업 모집 공고(해오름동맹 첨단이차전지 연대협력사업),경상북도,https://www.bizinfo.go.kr/sii/siia/selectSIIA200Detail.do?pblancId=PBLN_000000000123448,https://www.bizinfo.go.kr/cmm/fms/fileDown.do?atchFileId=FILE_000000000760910&fileSn=0,.hwp,C:\dongaAI\3차 프로젝트\0.0\data\attachments\hwp_raw\PBLN_000000000123448_ë¶ì_03_ì ì²­ìì(ë¹ì¦íë ¥).hwp,downloaded,,2026-07-01T02:35:18
PBLN_000000000123448,bizinfo,해오름 이차전지 기업지원(비즈협력ㆍ스케일업) 수혜기업 모집 공고(해오름동맹 첨단이차전지 연대협력사업),경상북도,https://www.bizinfo.go.kr/sii/siia/selectSIIA200Detail.do?pblancId=PBLN_000000000123448,https://www.bizinfo.go.kr/cmm/fms/fileDown.do?atchFileId=FILE_000000000760910&fileSn=1,.hwp,C:\dongaAI\3차 프로젝트\0.0\data\attachments\hwp_raw\PBLN_000000000123448_ë¶ì_04_ì ì²­ìì(ì¤ì¼ì¼ì ).hwp,downloaded,,2026-07-01T02:35:18
PBLN_000000000119636,bizinfo,[세종] 2026년 중소기업육성자금 지원계획 변경 공고,세종특별자치시,https://www.bizinfo.go.kr/sii/siia/selectSIIA200Detail.do?pblancId=PBLN_000000000119636,https://www.bizinfo.go.kr/sii/siia/202603181121380830.hwp,.hwp,C:\dongaAI\3차 프로젝트\0.0\data\attachments\hwp_raw\PBLN_000000000119636_202603181121380830.hwp,download_failed,404 Client Error: Not Found for url: https://www.bizinfo.go.kr/sii/siia/202603181121380830.hwp,2026-07-01T02:35:18
PBLN_000000000119636,bizinfo,[세종] 2026년 중소기업육성자금 지원계획 변경 공고,세종특별자치시,https://www.bizinfo.go.kr/sii/siia/selectSIIA200Detail.do?pblancId=PBLN_000000000119636,https://www.bizinfo.go.kr/sii/siia/★_2026년_중소기업육성자금_지원계획_변경_공고문.hwp,.hwp,C:\dongaAI\3차 프로젝트\0.0\data\attachments\hwp_raw\PBLN_000000000119636_★_2026년_중소기업육성자금_지원계획_변경_공고문.hwp,download_failed,400 Client Error: Bad Request for url: https://www.bizinfo.go.kr/sii/siia/%E2%98%85_2026%EB%85%84_%EC%A4%91%EC%86%8C%EA%B8%B0%EC%97%85%EC%9C%A1%EC%84%B1%EC%9E%90%EA%B8%88_%EC%A7%80%EC%9B%90%EA%B3%84%ED%9A%8D_%EB%B3%80%EA%B2%BD_%EA%B3%B5%EA%B3%A0%EB%AC%B8.hwp,2026-07-01T02:35:18
PBLN_000000000119636,bizinfo,[세종] 2026년 중소기업육성자금 지원계획 변경 공고,세종특별자치시,https://www.bizinfo.go.kr/sii/siia/selectSIIA200Detail.do?pblancId=PBLN_000000000119636,https://www.bizinfo.go.kr/cmm/fms/fileDown.do?atchFileId=FILE_000000000747273&fileSn=1,.hwp,C:\dongaAI\3차 프로젝트\0.0\data\attachments\hwp_raw\PBLN_000000000119636_â _2026ë _ì¤ìê¸°ì ì¡ì±ìê¸_ì§ìê³í_ë³ê²½_ê³µê³ ë¬¸.hwp,downloaded,,2026-07-01T02:35:18
PBLN_000000000119499,bizinfo,2026년 방사선 기술 IP보증연계 지식재산평가 지원사업 공고,과학기술정보통신부,https://www.bizinfo.go.kr/sii/siia/selectSIIA200Detail.do?pblancId=PBLN_000000000119499,https://www.bizinfo.go.kr/sii/siia/202603160946490689.hwp,.hwp,C:\dongaAI\3차 프로젝트\0.0\data\attachments\hwp_raw\PBLN_000000000119499_202603160946490689.hwp,download_failed,404 Client Error: Not Found for url: https://www.bizinfo.go.kr/sii/siia/202603160946490689.hwp,2026-07-01T02:35:18
PBLN_000000000119499,bizinfo,2026년 방사선 기술 IP보증연계 지식재산평가 지원사업 공고,과학기술정보통신부,https://www.bizinfo.go.kr/sii/siia/selectSIIA200Detail.do?pblancId=PBLN_000000000119499,https://www.bizinfo.go.kr/sii/siia/2026 KARA-KIBO IP보증연계 지식재산평가 지원 사업 공고문 및 신청 서식.hwp,.hwp,C:\dongaAI\3차 프로젝트\0.0\data\attachments\hwp_raw\PBLN_000000000119499_2026 KARA-KIBO IP보증연계 지식재산평가 지원 사업 공고문 및 신청 서식.hwp,download_failed,400 Client Error: Bad Request for url: https://www.bizinfo.go.kr/sii/siia/2026%20KARA-KIBO%20IP%EB%B3%B4%EC%A6%9D%EC%97%B0%EA%B3%84%20%EC%A7%80%EC%8B%9D%EC%9E%AC%EC%82%B0%ED%8F%89%EA%B0%80%20%EC%A7%80%EC%9B%90%20%EC%82%AC%EC%97%85%20%EA%B3%B5%EA%B3%A0%EB%AC%B8%20%EB%B0%8F%20%EC%8B%A0%EC%B2%AD%20%EC%84%9C%EC%8B%9D.hwp,2026-07-01T02:35:18
PBLN_000000000119499,bizinfo,2026년 방사선 기술 IP보증연계 지식재산평가 지원사업 공고,과학기술정보통신부,https://www.bizinfo.go.kr/sii/siia/selectSIIA200Detail.do?pblancId=PBLN_000000000119499,https://www.bizinfo.go.kr/cmm/fms/fileDown.do?atchFileId=FILE_000000000746829&fileSn=0,.hwp,C:\dongaAI\3차 프로젝트\0.0\data\attachments\hwp_raw\PBLN_000000000119499_2026 KARA-KIBO IPë³´ì¦ì°ê³ ì§ìì¬ì°íê° ì§ì ì¬ì ê³µê³ ë¬¸ ë° ì ì²­ ìì.hwp,downloaded,,2026-07-01T02:35:18
PBLN_000000000119434,bizinfo,2026년 (예비)사회적기업 이차보전 지원계획 공고,고용노동부,https://www.bizinfo.go.kr/sii/siia/selectSIIA200Detail.do?pblancId=PBLN_000000000119434,https://www.bizinfo.go.kr/sii/siia/202603121440400258.hwp,.hwp,C:\dongaAI\3차 프로젝트\0.0\data\attachments\hwp_raw\PBLN_000000000119434_202603121440400258.hwp,download_failed,404 Client Error: Not Found for url: https://www.bizinfo.go.kr/sii/siia/202603121440400258.hwp,2026-07-01T02:35:18
PBLN_000000000119434,bizinfo,2026년 (예비)사회적기업 이차보전 지원계획 공고,고용노동부,https://www.bizinfo.go.kr/sii/siia/selectSIIA200Detail.do?pblancId=PBLN_000000000119434,https://www.bizinfo.go.kr/sii/siia/[공고문] 2026년 (예비)사회적기업 이차보전 지원사업 공고.hwp,.hwp,C:\dongaAI\3차 프로젝트\0.0\data\attachments\hwp_raw\PBLN_000000000119434_[공고문] 2026년 (예비)사회적기업 이차보전 지원사업 공고.hwp,download_failed,400 Client Error: Bad Request for url: https://www.bizinfo.go.kr/sii/siia/%5B%EA%B3%B5%EA%B3%A0%EB%AC%B8%5D%202026%EB%85%84%20(%EC%98%88%EB%B9%84)%EC%82%AC%ED%9A%8C%EC%A0%81%EA%B8%B0%EC%97%85%20%EC%9D%B4%EC%B0%A8%EB%B3%B4%EC%A0%84%20%EC%A7%80%EC%9B%90%EC%82%AC%EC%97%85%20%EA%B3%B5%EA%B3%A0.hwp,2026-07-01T02:35:18
PBLN_000000000119434,bizinfo,2026년 (예비)사회적기업 이차보전 지원계획 공고,고용노동부,https://www.bizinfo.go.kr/sii/siia/selectSIIA200Detail.do?pblancId=PBLN_000000000119434,https://www.bizinfo.go.kr/cmm/fms/fileDown.do?atchFileId=FILE_000000000746586&fileSn=0,.hwp,C:\dongaAI\3차 프로젝트\0.0\data\attachments\hwp_raw\PBLN_000000000119434_[ê³µê³ ë¬¸] 2026ë  (ìë¹)ì¬íì ê¸°ì ì´ì°¨ë³´ì  ì§ìì¬ì ê³µê³.hwp,downloaded,,2026-07-01T02:35:18
PBLN_000000000123119,bizinfo,2026년 바이오프린팅 활용 첨단바이오 활성화 지원사업(시설ㆍ장비 활용) 수혜기업 모집 공고,경상북도,https://www.bizinfo.go.kr/sii/siia/selectSIIA200Detail.do?pblancId=PBLN_000000000123119,https://www.bizinfo.go.kr/cmm/fms/fileDown.do?atchFileId=FILE_000000000759668&fileSn=1,.hwp,C:\dongaAI\3차 프로젝트\0.0\data\attachments\hwp_raw\PBLN_000000000123119_[ë¶ì 1] ëª¨ì§ê³µê³ ë¬¸ ë° ì ì²­ìë¥ ìì.hwp,downloaded,,2026-07-01T02:35:19
PBLN_000000000123413,bizinfo,[경북] 2026년 3차 디지털전환 지원모델 확산사업 지역특화산업지원 참여기업 모집 재공고,경상북도,https://www.bizinfo.go.kr/sii/siia/selectSIIA200Detail.do?pblancId=PBLN_000000000123413,https://www.bizinfo.go.kr/cmm/fms/fileDown.do?atchFileId=FILE_000000000760829&fileSn=1,.hwp,C:\dongaAI\3차 프로젝트\0.0\data\attachments\hwp_raw\PBLN_000000000123413_[ë¶ì3](ê³µíµìì)2026ë  ê²½ë¶ ëì§í¸ì í ì§ìëª¨ë¸ íì°ì¬ì ì§ì­í¹íì°ì ì§ì ì.hwp,downloaded,,2026-07-01T02:35:20
PBLN_000000000123416,bizinfo,[경북] 영천시 2026년 2차 중소기업 혁신기술개발 지원사업 공고,경상북도,https://www.bizinfo.go.kr/sii/siia/selectSIIA200Detail.do?pblancId=PBLN_000000000123416,https://www.bizinfo.go.kr/cmm/fms/fileDown.do?atchFileId=FILE_000000000760837&fileSn=1,.hwp,C:\dongaAI\3차 프로젝트\0.0\data\attachments\hwp_raw\PBLN_000000000123416_[ê³µê³ ë¬¸] 2026ë  ìì²ì ì¤ìê¸°ì íì ê¸°ì ê°ë° ì§ìì¬ì 2ì°¨ ëª¨ì§ ê³µê³.hwp,downloaded,,2026-07-01T02:35:20
PBLN_000000000123416,bizinfo,[경북] 영천시 2026년 2차 중소기업 혁신기술개발 지원사업 공고,경상북도,https://www.bizinfo.go.kr/sii/siia/selectSIIA200Detail.do?pblancId=PBLN_000000000123416,https://www.bizinfo.go.kr/cmm/fms/fileDown.do?atchFileId=FILE_000000000760837&fileSn=2,.hwp,C:\dongaAI\3차 프로젝트\0.0\data\attachments\hwp_raw\PBLN_000000000123416_[R&D ìì] 2026ë  ìì²ì ì¤ìê¸°ì íì ê¸°ì ê°ë° ì§ìì¬ì R&D ì§ì ì¬ì ê³íì.hwp,downloaded,,2026-07-01T02:35:20
PBLN_000000000123416,bizinfo,[경북] 영천시 2026년 2차 중소기업 혁신기술개발 지원사업 공고,경상북도,https://www.bizinfo.go.kr/sii/siia/selectSIIA200Detail.do?pblancId=PBLN_000000000123416,https://www.bizinfo.go.kr/cmm/fms/fileDown.do?atchFileId=FILE_000000000760837&fileSn=3,.hwp,C:\dongaAI\3차 프로젝트\0.0\data\attachments\hwp_raw\PBLN_000000000123416_[ë¹R&D ìì] 2026ë  ìì²ì ì¤ìê¸°ì íì ê¸°ì ê°ë° ì§ìì¬ì ë¹R&D ì§ì ì¬ì ê³íì.hwp,downloaded,,2026-07-01T02:35:20
PBLN_000000000123416,bizinfo,[경북] 영천시 2026년 2차 중소기업 혁신기술개발 지원사업 공고,경상북도,https://www.bizinfo.go.kr/sii/siia/selectSIIA200Detail.do?pblancId=PBLN_000000000123416,https://www.bizinfo.go.kr/cmm/fms/fileDown.do?atchFileId=FILE_000000000760837&fileSn=4,.hwp,C:\dongaAI\3차 프로젝트\0.0\data\attachments\hwp_raw\PBLN_000000000123416_[R&D] ì¬ì ë¹ ì¬ì© ì§ì¹¨(2026ë ).hwp,downloaded,,2026-07-01T02:35:20
PBLN_000000000116487,bizinfo,[경남] 창원시 2025년 중소기업육성자금 긴급 융자 지원사업 재공고,경상남도,https://www.bizinfo.go.kr/sii/siia/selectSIIA200Detail.do?pblancId=PBLN_000000000116487,https://www.bizinfo.go.kr/sii/siia/202511240944300530.hwp,.hwp,C:\dongaAI\3차 프로젝트\0.0\data\attachments\hwp_raw\PBLN_000000000116487_202511240944300530.hwp,download_failed,404 Client Error: Not Found for url: https://www.bizinfo.go.kr/sii/siia/202511240944300530.hwp,2026-07-01T02:35:20
PBLN_000000000116487,bizinfo,[경남] 창원시 2025년 중소기업육성자금 긴급 융자 지원사업 재공고,경상남도,https://www.bizinfo.go.kr/sii/siia/selectSIIA200Detail.do?pblancId=PBLN_000000000116487,https://www.bizinfo.go.kr/sii/siia/2025년 중소기업 긴급 융자 지원사업 재공고문.hwp,.hwp,C:\dongaAI\3차 프로젝트\0.0\data\attachments\hwp_raw\PBLN_000000000116487_2025년 중소기업 긴급 융자 지원사업 재공고문.hwp,download_failed,400 Client Error: Bad Request for url: https://www.bizinfo.go.kr/sii/siia/2025%EB%85%84%20%EC%A4%91%EC%86%8C%EA%B8%B0%EC%97%85%20%EA%B8%B4%EA%B8%89%20%EC%9C%B5%EC%9E%90%20%EC%A7%80%EC%9B%90%EC%82%AC%EC%97%85%20%EC%9E%AC%EA%B3%B5%EA%B3%A0%EB%AC%B8.hwp,2026-07-01T02:35:20
PBLN_000000000116487,bizinfo,[경남] 창원시 2025년 중소기업육성자금 긴급 융자 지원사업 재공고,경상남도,https://www.bizinfo.go.kr/sii/siia/selectSIIA200Detail.do?pblancId=PBLN_000000000116487,https://www.bizinfo.go.kr/cmm/fms/fileDown.do?atchFileId=FILE_000000000737037&fileSn=0,.hwp,C:\dongaAI\3차 프로젝트\0.0\data\attachments\hwp_raw\PBLN_000000000116487_2025ë  ì¤ìê¸°ì ê¸´ê¸ ìµì ì§ìì¬ì ì¬ê³µê³ ë¬¸.hwp,downloaded,,2026-07-01T02:35:20
PBLN_000000000123126,bizinfo,[경북] 영덕군 2026년 소상공인 카드수수료 지원사업 참여 점포 모집 공고,경상북도,https://www.bizinfo.go.kr/sii/siia/selectSIIA200Detail.do?pblancId=PBLN_000000000123126,https://www.bizinfo.go.kr/cmm/fms/fileDown.do?atchFileId=FILE_000000000759677&fileSn=1,.hwp,C:\dongaAI\3차 프로젝트\0.0\data\attachments\hwp_raw\PBLN_000000000123126_(ë¶ì2)ã2026ë  ê²½ìë¶ë ììê³µì¸ ì¹´ëììë£ ì§ìì¬ì ã ì¬ì ì ì²­ ìì.hwp,downloaded,,2026-07-01T02:35:21
PBLN_000000000123165,bizinfo,[울산] 데이터 파이프라인 구축 사업 수혜기업 추가 모집 공고(지역주도형 AI 대전환),중소벤처기업부,https://www.bizinfo.go.kr/sii/siia/selectSIIA200Detail.do?pblancId=PBLN_000000000123165,https://www.bizinfo.go.kr/cmm/fms/fileDown.do?atchFileId=FILE_000000000759838&fileSn=0,.hwp,C:\dongaAI\3차 프로젝트\0.0\data\attachments\hwp_raw\PBLN_000000000123165_ë¶ì_1._ë°ì´í°_íì´íë¼ì¸_êµ¬ì¶_ì¬ì ê³íì_ìì.hwp,downloaded,,2026-07-01T02:35:21
PBLN_000000000123165,bizinfo,[울산] 데이터 파이프라인 구축 사업 수혜기업 추가 모집 공고(지역주도형 AI 대전환),중소벤처기업부,https://www.bizinfo.go.kr/sii/siia/selectSIIA200Detail.do?pblancId=PBLN_000000000123165,https://www.bizinfo.go.kr/cmm/fms/fileDown.do?atchFileId=FILE_000000000759838&fileSn=1,.hwp,C:\dongaAI\3차 프로젝트\0.0\data\attachments\hwp_raw\PBLN_000000000123165_ë¶ì_2_ë°ì´í°_íì´íë¼ì¸_êµ¬ì¶_ì¬ì ê³íì_ì ì¶ìë¥_ì¼ì²´.hwp,downloaded,,2026-07-01T02:35:21
PBLN_000000000123165,bizinfo,[울산] 데이터 파이프라인 구축 사업 수혜기업 추가 모집 공고(지역주도형 AI 대전환),중소벤처기업부,https://www.bizinfo.go.kr/sii/siia/selectSIIA200Detail.do?pblancId=PBLN_000000000123165,https://www.bizinfo.go.kr/cmm/fms/fileDown.do?atchFileId=FILE_000000000759837&fileSn=0,.hwp,C:\dongaAI\3차 프로젝트\0.0\data\attachments\hwp_raw\PBLN_000000000123165_[ì¸ì°_ì§ì­ì£¼ëí_AIëì í]_ë°ì´í°_íì´íë¼ì¸_êµ¬ì¶_ì¬ì _ìíê¸°ì _ì¶ê°_ëª¨ì§_ê³µê³.hwp,downloaded,,2026-07-01T02:35:21
PBLN_000000000123398,bizinfo,[경북] 2026년 4차산업혁명 핵심기술개발사업(혁신기술R&D) 지원사업 공고,경상북도,https://www.bizinfo.go.kr/sii/siia/selectSIIA200Detail.do?pblancId=PBLN_000000000123398,https://www.bizinfo.go.kr/sii/siia/202606191412150478.hwp,.hwp,C:\dongaAI\3차 프로젝트\0.0\data\attachments\hwp_raw\PBLN_000000000123398_202606191412150478.hwp,download_failed,404 Client Error: Not Found for url: https://www.bizinfo.go.kr/sii/siia/202606191412150478.hwp,2026-07-01T02:35:21
PBLN_000000000123398,bizinfo,[경북] 2026년 4차산업혁명 핵심기술개발사업(혁신기술R&D) 지원사업 공고,경상북도,https://www.bizinfo.go.kr/sii/siia/selectSIIA200Detail.do?pblancId=PBLN_000000000123398,https://www.bizinfo.go.kr/cmm/fms/fileDown.do?atchFileId=FILE_000000000760747&fileSn=0,.hwp,C:\dongaAI\3차 프로젝트\0.0\data\attachments\hwp_raw\PBLN_000000000123398_3. 2026ë ë 4ì°¨ì°ì íëª íµì¬ê¸°ì ê°ë°ì¬ì ì ì²­ìì.hwp,downloaded,,2026-07-01T02:35:21
PBLN_000000000123398,bizinfo,[경북] 2026년 4차산업혁명 핵심기술개발사업(혁신기술R&D) 지원사업 공고,경상북도,https://www.bizinfo.go.kr/sii/siia/selectSIIA200Detail.do?pblancId=PBLN_000000000123398,https://www.bizinfo.go.kr/cmm/fms/fileDown.do?atchFileId=FILE_000000000760746&fileSn=0,.hwp,C:\dongaAI\3차 프로젝트\0.0\data\attachments\hwp_raw\PBLN_000000000123398_2. 2026ë ë 4ì°¨ì°ì íëª íµì¬ê¸°ì ê°ë°ì¬ì ì°¸ì¬ê¸°ì ëª¨ì§ ê³µê³.hwp,downloaded,,2026-07-01T02:35:21
PBLN_000000000123300,bizinfo,[전남광주] 2026년 자동차 부품업체 지속 가능 전환기업 육성지원사업 지원기업 모집 공고,전남광주통합특별시,https://www.bizinfo.go.kr/sii/siia/selectSIIA200Detail.do?pblancId=PBLN_000000000123300,https://www.bizinfo.go.kr/sii/siia/202606171357120911.hwp,.hwp,C:\dongaAI\3차 프로젝트\0.0\data\attachments\hwp_raw\PBLN_000000000123300_202606171357120911.hwp,download_failed,404 Client Error: Not Found for url: https://www.bizinfo.go.kr/sii/siia/202606171357120911.hwp,2026-07-01T02:35:21
PBLN_000000000123300,bizinfo,[전남광주] 2026년 자동차 부품업체 지속 가능 전환기업 육성지원사업 지원기업 모집 공고,전남광주통합특별시,https://www.bizinfo.go.kr/sii/siia/selectSIIA200Detail.do?pblancId=PBLN_000000000123300,https://www.bizinfo.go.kr/cmm/fms/fileDown.do?atchFileId=FILE_000000000760362&fileSn=2,.hwp,C:\dongaAI\3차 프로젝트\0.0\data\attachments\hwp_raw\PBLN_000000000123300_3._ë³ì²¨ìë¥(ìì).hwp,downloaded,,2026-07-01T02:35:21
PBLN_000000000123300,bizinfo,[전남광주] 2026년 자동차 부품업체 지속 가능 전환기업 육성지원사업 지원기업 모집 공고,전남광주통합특별시,https://www.bizinfo.go.kr/sii/siia/selectSIIA200Detail.do?pblancId=PBLN_000000000123300,https://www.bizinfo.go.kr/cmm/fms/fileDown.do?atchFileId=FILE_000000000760361&fileSn=1,.hwp,C:\dongaAI\3차 프로젝트\0.0\data\attachments\hwp_raw\PBLN_000000000123300_1._2026ë ë_ê´ì£¼_ìëì°¨_ë¶íì ì²´_ì§ìê°ë¥_ì íê¸°ì _ì¡ì±ì§ìì¬ì _ëª¨ì§_ê³µê³.hwp,downloaded,,2026-07-01T02:35:21
PBLN_000000000123354,bizinfo,[부산] 2026년 도시형소공인 맞춤형 패키지 지원사업 모집 공고,부산광역시,https://www.bizinfo.go.kr/sii/siia/selectSIIA200Detail.do?pblancId=PBLN_000000000123354,https://www.bizinfo.go.kr/sii/siia/202606181340580683.hwp,.hwp,C:\dongaAI\3차 프로젝트\0.0\data\attachments\hwp_raw\PBLN_000000000123354_202606181340580683.hwp,download_failed,404 Client Error: Not Found for url: https://www.bizinfo.go.kr/sii/siia/202606181340580683.hwp,2026-07-01T02:35:21
PBLN_000000000123354,bizinfo,[부산] 2026년 도시형소공인 맞춤형 패키지 지원사업 모집 공고,부산광역시,https://www.bizinfo.go.kr/sii/siia/selectSIIA200Detail.do?pblancId=PBLN_000000000123354,https://www.bizinfo.go.kr/cmm/fms/fileDown.do?atchFileId=FILE_000000000760561&fileSn=0,.hwp,C:\dongaAI\3차 프로젝트\0.0\data\attachments\hwp_raw\PBLN_000000000123354_(ì ì²­ì) ëìíìê³µì¸ ë§ì¶¤í í¨í¤ì§ ì ì²­ì ë° ì ì²´ìê°ì.hwp,downloaded,,2026-07-01T02:35:21
PBLN_000000000123354,bizinfo,[부산] 2026년 도시형소공인 맞춤형 패키지 지원사업 모집 공고,부산광역시,https://www.bizinfo.go.kr/sii/siia/selectSIIA200Detail.do?pblancId=PBLN_000000000123354,https://www.bizinfo.go.kr/cmm/fms/fileDown.do?atchFileId=FILE_000000000760560&fileSn=0,.hwp,C:\dongaAI\3차 프로젝트\0.0\data\attachments\hwp_raw\PBLN_000000000123354_(ê³µê³ ë¬¸) 2026 ëìíìê³µì¸ ë§ì¶¤í í¨í¤ì§ ì§ìì¬ì.hwp,downloaded,,2026-07-01T02:35:21
PBLN_000000000123291,bizinfo,[전북] 군산시 2026년 2차 AX얼라이언스 산ㆍ학ㆍ연 종합프로그램 지원 수혜기업 모집 공고(군산국가산업단지 스마트그린 AX실증산단 구축사업),산업통상부,https://www.bizinfo.go.kr/sii/siia/selectSIIA200Detail.do?pblancId=PBLN_000000000123291,https://www.bizinfo.go.kr/cmm/fms/fileDown.do?atchFileId=FILE_000000000760335&fileSn=1,.hwp,C:\dongaAI\3차 프로젝트\0.0\data\attachments\hwp_raw\PBLN_000000000123291_[ë¶ì2] ì¬ì ê³íì ë° ì ì¶ìë¥ ìë´ë¬¸.hwp,downloaded,,2026-07-01T02:35:21
PBLN_000000000123291,bizinfo,[전북] 군산시 2026년 2차 AX얼라이언스 산ㆍ학ㆍ연 종합프로그램 지원 수혜기업 모집 공고(군산국가산업단지 스마트그린 AX실증산단 구축사업),산업통상부,https://www.bizinfo.go.kr/sii/siia/selectSIIA200Detail.do?pblancId=PBLN_000000000123291,https://www.bizinfo.go.kr/cmm/fms/fileDown.do?atchFileId=FILE_000000000760335&fileSn=2,.hwp,C:\dongaAI\3차 프로젝트\0.0\data\attachments\hwp_raw\PBLN_000000000123291_[ë¶ì3] ì ì²­ìê²© ì ì ì± íì¸ì.hwp,downloaded,,2026-07-01T02:35:22
PBLN_000000000123291,bizinfo,[전북] 군산시 2026년 2차 AX얼라이언스 산ㆍ학ㆍ연 종합프로그램 지원 수혜기업 모집 공고(군산국가산업단지 스마트그린 AX실증산단 구축사업),산업통상부,https://www.bizinfo.go.kr/sii/siia/selectSIIA200Detail.do?pblancId=PBLN_000000000123291,https://www.bizinfo.go.kr/cmm/fms/fileDown.do?atchFileId=FILE_000000000760335&fileSn=3,.hwp,C:\dongaAI\3차 프로젝트\0.0\data\attachments\hwp_raw\PBLN_000000000123291_[ë¶ì4] [ì°¸ì¬ì ì²­ì] AX ì¼ë¼ì´ì¸ì¤ ì°¸ì¬ ì ì²­ì(ìì. ê³µê¸ê¸°ì ).hwp,downloaded,,2026-07-01T02:35:22
PBLN_000000000123291,bizinfo,[전북] 군산시 2026년 2차 AX얼라이언스 산ㆍ학ㆍ연 종합프로그램 지원 수혜기업 모집 공고(군산국가산업단지 스마트그린 AX실증산단 구축사업),산업통상부,https://www.bizinfo.go.kr/sii/siia/selectSIIA200Detail.do?pblancId=PBLN_000000000123291,https://www.bizinfo.go.kr/cmm/fms/fileDown.do?atchFileId=FILE_000000000760335&fileSn=4,.hwp,C:\dongaAI\3차 프로젝트\0.0\data\attachments\hwp_raw\PBLN_000000000123291_[ë¶ì5] ê°ì¸ì ë³´ ìì§ì´ì©ì ê´í ëìì.hwp,downloaded,,2026-07-01T02:35:22
PBLN_000000000123222,bizinfo,2026년 2차 섬유산업 지능형 마이크로팩토리 제조 플랫폼 실증기반 구축사업 I-Tube 기술지원 서비스 참여기업 모집 공고,산업통상부,https://www.bizinfo.go.kr/sii/siia/selectSIIA200Detail.do?pblancId=PBLN_000000000123222,https://www.bizinfo.go.kr/cmm/fms/fileDown.do?atchFileId=FILE_000000000760077&fileSn=1,.hwp,C:\dongaAI\3차 프로젝트\0.0\data\attachments\hwp_raw\PBLN_000000000123222_I-Tube ê¸°ì ì§ì ìë¹ì¤ ì°¸ì¬ê¸°ì ëª¨ì§ ê³µê³ (íµí© 2026-2ì°¨ ê³µê³ ).hwp,downloaded,,2026-07-01T02:35:22
PBLN_000000000123231,bizinfo,[충북] 2026년 산업 AI 도입·실증 지원사업 참여기업 모집 공고(산업 인공지능 전환 및 확산 기반조성 사업),산업통상부,https://www.bizinfo.go.kr/sii/siia/selectSIIA200Detail.do?pblancId=PBLN_000000000123231,https://www.bizinfo.go.kr/sii/siia/202606161348230435.hwp,.hwp,C:\dongaAI\3차 프로젝트\0.0\data\attachments\hwp_raw\PBLN_000000000123231_202606161348230435.hwp,download_failed,404 Client Error: Not Found for url: https://www.bizinfo.go.kr/sii/siia/202606161348230435.hwp,2026-07-01T02:35:22
PBLN_000000000123231,bizinfo,[충북] 2026년 산업 AI 도입·실증 지원사업 참여기업 모집 공고(산업 인공지능 전환 및 확산 기반조성 사업),산업통상부,https://www.bizinfo.go.kr/sii/siia/selectSIIA200Detail.do?pblancId=PBLN_000000000123231,https://www.bizinfo.go.kr/sii/siia/붙임 1. 2026년 산업 AI 도입·실증 지원사업 참여기업 모집 공고문.hwp,.hwp,C:\dongaAI\3차 프로젝트\0.0\data\attachments\hwp_raw\PBLN_000000000123231_붙임 1. 2026년 산업 AI 도입·실증 지원사업 참여기업 모집 공고문.hwp,download_failed,400 Client Error: Bad Request for url: https://www.bizinfo.go.kr/sii/siia/%EB%B6%99%EC%9E%84%201.%202026%EB%85%84%20%EC%82%B0%EC%97%85%20AI%20%EB%8F%84%EC%9E%85%C2%B7%EC%8B%A4%EC%A6%9D%20%EC%A7%80%EC%9B%90%EC%82%AC%EC%97%85%20%EC%B0%B8%EC%97%AC%EA%B8%B0%EC%97%85%20%EB%AA%A8%EC%A7%91%20%EA%B3%B5%EA%B3%A0%EB%AC%B8.hwp,2026-07-01T02:35:22
PBLN_000000000123231,bizinfo,[충북] 2026년 산업 AI 도입·실증 지원사업 참여기업 모집 공고(산업 인공지능 전환 및 확산 기반조성 사업),산업통상부,https://www.bizinfo.go.kr/sii/siia/selectSIIA200Detail.do?pblancId=PBLN_000000000123231,https://www.bizinfo.go.kr/cmm/fms/fileDown.do?atchFileId=FILE_000000000760095&fileSn=0,.hwp,C:\dongaAI\3차 프로젝트\0.0\data\attachments\hwp_raw\PBLN_000000000123231_ë¶ì 2. ì¬ì ê³íì ë° ì ì¶ìë¥ ìì.hwp,downloaded,,2026-07-01T02:35:22
PBLN_000000000123231,bizinfo,[충북] 2026년 산업 AI 도입·실증 지원사업 참여기업 모집 공고(산업 인공지능 전환 및 확산 기반조성 사업),산업통상부,https://www.bizinfo.go.kr/sii/siia/selectSIIA200Detail.do?pblancId=PBLN_000000000123231,https://www.bizinfo.go.kr/cmm/fms/fileDown.do?atchFileId=FILE_000000000760094&fileSn=0,.hwp,C:\dongaAI\3차 프로젝트\0.0\data\attachments\hwp_raw\PBLN_000000000123231_ë¶ì 1. 2026ë  ì°ì AI ëì Â·ì¤ì¦ ì§ìì¬ì ì°¸ì¬ê¸°ì ëª¨ì§ ê³µê³ ë¬¸.hwp,downloaded,,2026-07-01T02:35:22
PBLN_000000000123170,bizinfo,[경북] 2026년 게임 기업 맞춤형 지원사업(컨설팅 분야) 모집 공고,경상북도,https://www.bizinfo.go.kr/sii/siia/selectSIIA200Detail.do?pblancId=PBLN_000000000123170,https://www.bizinfo.go.kr/sii/siia/202606151324110407.hwp,.hwp,C:\dongaAI\3차 프로젝트\0.0\data\attachments\hwp_raw\PBLN_000000000123170_202606151324110407.hwp,download_failed,404 Client Error: Not Found for url: https://www.bizinfo.go.kr/sii/siia/202606151324110407.hwp,2026-07-01T02:35:22
PBLN_000000000123170,bizinfo,[경북] 2026년 게임 기업 맞춤형 지원사업(컨설팅 분야) 모집 공고,경상북도,https://www.bizinfo.go.kr/sii/siia/selectSIIA200Detail.do?pblancId=PBLN_000000000123170,https://www.bizinfo.go.kr/sii/siia/붙임1. 2026 경북 게임 맞춤형 지원사업(컨설팅 분야) 참여기업 모집공고.hwp,.hwp,C:\dongaAI\3차 프로젝트\0.0\data\attachments\hwp_raw\PBLN_000000000123170_붙임1. 2026 경북 게임 맞춤형 지원사업(컨설팅 분야) 참여기업 모집공고.hwp,download_failed,400 Client Error: Bad Request for url: https://www.bizinfo.go.kr/sii/siia/%EB%B6%99%EC%9E%841.%202026%20%EA%B2%BD%EB%B6%81%20%EA%B2%8C%EC%9E%84%20%EB%A7%9E%EC%B6%A4%ED%98%95%20%EC%A7%80%EC%9B%90%EC%82%AC%EC%97%85(%EC%BB%A8%EC%84%A4%ED%8C%85%20%EB%B6%84%EC%95%BC)%20%EC%B0%B8%EC%97%AC%EA%B8%B0%EC%97%85%20%EB%AA%A8%EC%A7%91%EA%B3%B5%EA%B3%A0.hwp,2026-07-01T02:35:22
PBLN_000000000123170,bizinfo,[경북] 2026년 게임 기업 맞춤형 지원사업(컨설팅 분야) 모집 공고,경상북도,https://www.bizinfo.go.kr/sii/siia/selectSIIA200Detail.do?pblancId=PBLN_000000000123170,https://www.bizinfo.go.kr/cmm/fms/fileDown.do?atchFileId=FILE_000000000759856&fileSn=0,.hwp,C:\dongaAI\3차 프로젝트\0.0\data\attachments\hwp_raw\PBLN_000000000123170_ë¶ì2. 2026 ê²½ë¶ ê²ì ë§ì¶¤í ì§ìì¬ì ì¬ì (ì»¨ì¤í ë¶ì¼) ì ì²­ìë¥.hwp,downloaded,,2026-07-01T02:35:22
PBLN_000000000123170,bizinfo,[경북] 2026년 게임 기업 맞춤형 지원사업(컨설팅 분야) 모집 공고,경상북도,https://www.bizinfo.go.kr/sii/siia/selectSIIA200Detail.do?pblancId=PBLN_000000000123170,https://www.bizinfo.go.kr/cmm/fms/fileDown.do?atchFileId=FILE_000000000759855&fileSn=0,.hwp,C:\dongaAI\3차 프로젝트\0.0\data\attachments\hwp_raw\PBLN_000000000123170_ë¶ì1. 2026 ê²½ë¶ ê²ì ë§ì¶¤í ì§ìì¬ì (ì»¨ì¤í ë¶ì¼) ì°¸ì¬ê¸°ì ëª¨ì§ê³µê³.hwp,downloaded,,2026-07-01T02:35:22
PBLN_000000000123203,bizinfo,AI기반 Age-Tech 산업 중심의 디지털의료제품 지원 바이오데이터 및 알고리즘 실증 기술서비스 모집 상시 공고(산업혁신기반구축ㆍ2차년도),산업통상부,https://www.bizinfo.go.kr/sii/siia/selectSIIA200Detail.do?pblancId=PBLN_000000000123203,https://www.bizinfo.go.kr/cmm/fms/fileDown.do?atchFileId=FILE_000000000760005&fileSn=1,.hwp,C:\dongaAI\3차 프로젝트\0.0\data\attachments\hwp_raw\PBLN_000000000123203_ë¶ì2_ììê³µê³ ì°¸ê°ì ì²­ì.hwp,downloaded,,2026-07-01T02:35:23
PBLN_000000000123191,bizinfo,[경북] 안동시 2026년 3차 지식재산 긴급지원 사업 모집 공고,경상북도,https://www.bizinfo.go.kr/sii/siia/selectSIIA200Detail.do?pblancId=PBLN_000000000123191,https://www.bizinfo.go.kr/sii/siia/202606151450030112.hwp,.hwp,C:\dongaAI\3차 프로젝트\0.0\data\attachments\hwp_raw\PBLN_000000000123191_202606151450030112.hwp,download_failed,404 Client Error: Not Found for url: https://www.bizinfo.go.kr/sii/siia/202606151450030112.hwp,2026-07-01T02:35:23
PBLN_000000000123191,bizinfo,[경북] 안동시 2026년 3차 지식재산 긴급지원 사업 모집 공고,경상북도,https://www.bizinfo.go.kr/sii/siia/selectSIIA200Detail.do?pblancId=PBLN_000000000123191,https://www.bizinfo.go.kr/sii/siia/0. [공고문] 2026년 지식재산 긴급지원 사업 공고.hwp,.hwp,C:\dongaAI\3차 프로젝트\0.0\data\attachments\hwp_raw\PBLN_000000000123191_0. [공고문] 2026년 지식재산 긴급지원 사업 공고.hwp,download_failed,400 Client Error: Bad Request for url: https://www.bizinfo.go.kr/sii/siia/0.%20%5B%EA%B3%B5%EA%B3%A0%EB%AC%B8%5D%202026%EB%85%84%20%EC%A7%80%EC%8B%9D%EC%9E%AC%EC%82%B0%20%EA%B8%B4%EA%B8%89%EC%A7%80%EC%9B%90%20%EC%82%AC%EC%97%85%20%EA%B3%B5%EA%B3%A0.hwp,2026-07-01T02:35:23
PBLN_000000000123191,bizinfo,[경북] 안동시 2026년 3차 지식재산 긴급지원 사업 모집 공고,경상북도,https://www.bizinfo.go.kr/sii/siia/selectSIIA200Detail.do?pblancId=PBLN_000000000123191,https://www.bizinfo.go.kr/cmm/fms/fileDown.do?atchFileId=FILE_000000000759910&fileSn=1,.hwp,C:\dongaAI\3차 프로젝트\0.0\data\attachments\hwp_raw\PBLN_000000000123191_0. [ê³µê³ ë¬¸] 2026ë  ì§ìì¬ì° ê¸´ê¸ì§ì ì¬ì ê³µê³.hwp,downloaded,,2026-07-01T02:35:23
PBLN_000000000122998,bizinfo,[강원] 영월군 2026년 2차 지식재산 첫걸음 지원사업 참여기업 모집 공고,강원특별자치도,https://www.bizinfo.go.kr/sii/siia/selectSIIA200Detail.do?pblancId=PBLN_000000000122998,https://www.bizinfo.go.kr/sii/siia/202606101349060393.hwp,.hwp,C:\dongaAI\3차 프로젝트\0.0\data\attachments\hwp_raw\PBLN_000000000122998_202606101349060393.hwp,download_failed,404 Client Error: Not Found for url: https://www.bizinfo.go.kr/sii/siia/202606101349060393.hwp,2026-07-01T02:35:23
PBLN_000000000122998,bizinfo,[강원] 영월군 2026년 2차 지식재산 첫걸음 지원사업 참여기업 모집 공고,강원특별자치도,https://www.bizinfo.go.kr/sii/siia/selectSIIA200Detail.do?pblancId=PBLN_000000000122998,https://www.bizinfo.go.kr/cmm/fms/fileDown.do?atchFileId=FILE_000000000759196&fileSn=1,.hwp,C:\dongaAI\3차 프로젝트\0.0\data\attachments\hwp_raw\PBLN_000000000122998_ë¶ì2. ì»¨ì¤í ì§ìì¬ì íµí© ì ì²­ì ìì.hwp,downloaded,,2026-07-01T02:35:23
PBLN_000000000122998,bizinfo,[강원] 영월군 2026년 2차 지식재산 첫걸음 지원사업 참여기업 모집 공고,강원특별자치도,https://www.bizinfo.go.kr/sii/siia/selectSIIA200Detail.do?pblancId=PBLN_000000000122998,https://www.bizinfo.go.kr/cmm/fms/fileDown.do?atchFileId=FILE_000000000759196&fileSn=2,.hwp,C:\dongaAI\3차 프로젝트\0.0\data\attachments\hwp_raw\PBLN_000000000122998_ë¶ì3. êµ­ë´Â·ì¸ ê¶ë¦¬í ì ì²­ì ìì.hwp,downloaded,,2026-07-01T02:35:23
PBLN_000000000122998,bizinfo,[강원] 영월군 2026년 2차 지식재산 첫걸음 지원사업 참여기업 모집 공고,강원특별자치도,https://www.bizinfo.go.kr/sii/siia/selectSIIA200Detail.do?pblancId=PBLN_000000000122998,https://www.bizinfo.go.kr/cmm/fms/fileDown.do?atchFileId=FILE_000000000759195&fileSn=1,.hwp,C:\dongaAI\3차 프로젝트\0.0\data\attachments\hwp_raw\PBLN_000000000122998_ë¶ì1. 2026ë  ììêµ° ì§ìì¬ì° ì²«ê±¸ì ì§ìì¬ì ì°¸ì¬ê¸°ì 2ì°¨ ëª¨ì§ ê³µê³.hwp,downloaded,,2026-07-01T02:35:23
PBLN_000000000122997,bizinfo,[강원] 횡성군 2026년 2차 지식재산 첫걸음 지원사업 참여기업 모집 공고,강원특별자치도,https://www.bizinfo.go.kr/sii/siia/selectSIIA200Detail.do?pblancId=PBLN_000000000122997,https://www.bizinfo.go.kr/cmm/fms/fileDown.do?atchFileId=FILE_000000000759192&fileSn=0,.hwp,C:\dongaAI\3차 프로젝트\0.0\data\attachments\hwp_raw\PBLN_000000000122997_ë¶ì2. ì»¨ì¤í ì§ìì¬ì ì ì²­ì ìì.hwp,downloaded,,2026-07-01T02:35:23
PBLN_000000000122997,bizinfo,[강원] 횡성군 2026년 2차 지식재산 첫걸음 지원사업 참여기업 모집 공고,강원특별자치도,https://www.bizinfo.go.kr/sii/siia/selectSIIA200Detail.do?pblancId=PBLN_000000000122997,https://www.bizinfo.go.kr/cmm/fms/fileDown.do?atchFileId=FILE_000000000759192&fileSn=1,.hwp,C:\dongaAI\3차 프로젝트\0.0\data\attachments\hwp_raw\PBLN_000000000122997_ë¶ì3. êµ­ë´Â·ì¸ ê¶ë¦¬í ì ì²­ì ìì.hwp,downloaded,,2026-07-01T02:35:23
PBLN_000000000122910,bizinfo,2026년 글로벌 밸류체인 진출을 위한 미래차 혁신성장 기술지원사업 공고(시험평가지원),산업통상부,https://www.bizinfo.go.kr/sii/siia/selectSIIA200Detail.do?pblancId=PBLN_000000000122910,https://www.bizinfo.go.kr/sii/siia/202606090944580163.hwp,.hwp,C:\dongaAI\3차 프로젝트\0.0\data\attachments\hwp_raw\PBLN_000000000122910_202606090944580163.hwp,download_failed,404 Client Error: Not Found for url: https://www.bizinfo.go.kr/sii/siia/202606090944580163.hwp,2026-07-01T02:35:24
PBLN_000000000122910,bizinfo,2026년 글로벌 밸류체인 진출을 위한 미래차 혁신성장 기술지원사업 공고(시험평가지원),산업통상부,https://www.bizinfo.go.kr/sii/siia/selectSIIA200Detail.do?pblancId=PBLN_000000000122910,https://www.bizinfo.go.kr/sii/siia/붙임+1.+공고문_글로벌+밸류체인+진출을+위한+미래차+혁신성장+기술지원_시험평가지원(수시접수).hwp,.hwp,C:\dongaAI\3차 프로젝트\0.0\data\attachments\hwp_raw\PBLN_000000000122910_붙임+1.+공고문_글로벌+밸류체인+진출을+위한+미래차+혁신성장+기술지원_시험평가지원(수시접수).hwp,download_failed,400 Client Error: Bad Request for url: https://www.bizinfo.go.kr/sii/siia/%EB%B6%99%EC%9E%84+1.+%EA%B3%B5%EA%B3%A0%EB%AC%B8_%EA%B8%80%EB%A1%9C%EB%B2%8C+%EB%B0%B8%EB%A5%98%EC%B2%B4%EC%9D%B8+%EC%A7%84%EC%B6%9C%EC%9D%84+%EC%9C%84%ED%95%9C+%EB%AF%B8%EB%9E%98%EC%B0%A8+%ED%98%81%EC%8B%A0%EC%84%B1%EC%9E%A5+%EA%B8%B0%EC%88%A0%EC%A7%80%EC%9B%90_%EC%8B%9C%ED%97%98%ED%8F%89%EA%B0%80%EC%A7%80%EC%9B%90(%EC%88%98%EC%8B%9C%EC%A0%91%EC%88%98).hwp,2026-07-01T02:35:24
PBLN_000000000122910,bizinfo,2026년 글로벌 밸류체인 진출을 위한 미래차 혁신성장 기술지원사업 공고(시험평가지원),산업통상부,https://www.bizinfo.go.kr/sii/siia/selectSIIA200Detail.do?pblancId=PBLN_000000000122910,https://www.bizinfo.go.kr/cmm/fms/fileDown.do?atchFileId=FILE_000000000758935&fileSn=0,.hwp,C:\dongaAI\3차 프로젝트\0.0\data\attachments\hwp_raw\PBLN_000000000122910_ë¶ì+1.+ê³µ.hwp,downloaded,,2026-07-01T02:35:24
PBLN_000000000122914,bizinfo,[경북] 2026년 거점기관 개방형혁신사업 장비 및 인프라 활용 모집 공고,산업통상부,https://www.bizinfo.go.kr/sii/siia/selectSIIA200Detail.do?pblancId=PBLN_000000000122914,https://www.bizinfo.go.kr/cmm/fms/fileDown.do?atchFileId=FILE_000000000758944&fileSn=0,.hwp,C:\dongaAI\3차 프로젝트\0.0\data\attachments\hwp_raw\PBLN_000000000122914_ë¶ì2. 2026 ê±°ì ê¸°ê´ ê°ë°©ííì ì¬ì ì¥ë¹ ë° ì¸íë¼ ì ì²­ì.hwp,downloaded,,2026-07-01T02:35:24
PBLN_000000000122906,bizinfo,[부산ㆍ울산ㆍ경남] 2026년 부ㆍ울ㆍ경 3T(Together Towards Tomorrow) 협력 파트너십 참여기업 모집 공고,고용노동부,https://www.bizinfo.go.kr/sii/siia/selectSIIA200Detail.do?pblancId=PBLN_000000000122906,https://www.bizinfo.go.kr/sii/siia/202606081502010271.hwp,.hwp,C:\dongaAI\3차 프로젝트\0.0\data\attachments\hwp_raw\PBLN_000000000122906_202606081502010271.hwp,download_failed,404 Client Error: Not Found for url: https://www.bizinfo.go.kr/sii/siia/202606081502010271.hwp,2026-07-01T02:35:24
PBLN_000000000122906,bizinfo,[부산ㆍ울산ㆍ경남] 2026년 부ㆍ울ㆍ경 3T(Together Towards Tomorrow) 협력 파트너십 참여기업 모집 공고,고용노동부,https://www.bizinfo.go.kr/sii/siia/selectSIIA200Detail.do?pblancId=PBLN_000000000122906,https://www.bizinfo.go.kr/sii/siia/부·울·경 3T(Together Towards Tomorrow) 협력 파트너십 공고문_.hwp,.hwp,C:\dongaAI\3차 프로젝트\0.0\data\attachments\hwp_raw\PBLN_000000000122906_부·울·경 3T(Together Towards Tomorrow) 협력 파트너십 공고문.hwp,download_failed,400 Client Error: Bad Request for url: https://www.bizinfo.go.kr/sii/siia/%EB%B6%80%C2%B7%EC%9A%B8%C2%B7%EA%B2%BD%203T(Together%20Towards%20Tomorrow)%20%ED%98%91%EB%A0%A5%20%ED%8C%8C%ED%8A%B8%EB%84%88%EC%8B%AD%20%EA%B3%B5%EA%B3%A0%EB%AC%B8_.hwp,2026-07-01T02:35:24
PBLN_000000000122906,bizinfo,[부산ㆍ울산ㆍ경남] 2026년 부ㆍ울ㆍ경 3T(Together Towards Tomorrow) 협력 파트너십 참여기업 모집 공고,고용노동부,https://www.bizinfo.go.kr/sii/siia/selectSIIA200Detail.do?pblancId=PBLN_000000000122906,https://www.bizinfo.go.kr/cmm/fms/fileDown.do?atchFileId=FILE_000000000758852&fileSn=0,.hwp,C:\dongaAI\3차 프로젝트\0.0\data\attachments\hwp_raw\PBLN_000000000122906_ë¶Â·ì¸Â·ê²½ 3T(Together Towards Tomorrow) íë ¥ íí¸ëì­ ê³µê³ ë¬¸.hwp,downloaded,,2026-07-01T02:35:24
PBLN_000000000122793,bizinfo,2026년 연구개발특구 딥테크 스타트업 챌린지 기업모집 공고,과학기술정보통신부,https://www.bizinfo.go.kr/sii/siia/selectSIIA200Detail.do?pblancId=PBLN_000000000122793,https://www.bizinfo.go.kr/cmm/fms/fileDown.do?atchFileId=FILE_000000000758435&fileSn=1,.hwp,C:\dongaAI\3차 프로젝트\0.0\data\attachments\hwp_raw\PBLN_000000000122793_[ê³µê³ ë¬¸] ã2026ë  ì°êµ¬ê°ë°í¹êµ¬ ë¥í í¬ ì¤íí¸ì ì±ë¦°ì§ã ì°¸ì¬ê¸°ì ëª¨ì§ ê³µê³.hwp,downloaded,,2026-07-01T02:35:24
PBLN_000000000122718,bizinfo,[충북] 2026년 유망기업 IP투자연계 지식재산평가 지원사업 모집 재공고,충청북도,https://www.bizinfo.go.kr/sii/siia/selectSIIA200Detail.do?pblancId=PBLN_000000000122718,https://www.bizinfo.go.kr/cmm/fms/fileDown.do?atchFileId=FILE_000000000758110&fileSn=1,.hwp,C:\dongaAI\3차 프로젝트\0.0\data\attachments\hwp_raw\PBLN_000000000122718_[ë¶ì2] ì¶©ë¶TP ì ë§ê¸°ì IPí¬ìì°ê³ ì§ìì¬ì°íê° ì§ìì¬ì ì§ìì ì²­ì.hwp,downloaded,,2026-07-01T02:35:25
PBLN_000000000122627,bizinfo,[서울] 2026년 2차 서울형 R&D 지원사업 테스트베드서울 통합 공고,서울특별시,https://www.bizinfo.go.kr/sii/siia/selectSIIA200Detail.do?pblancId=PBLN_000000000122627,https://www.bizinfo.go.kr/cmm/fms/fileDown.do?atchFileId=FILE_000000000757785&fileSn=0,.hwp,C:\dongaAI\3차 프로젝트\0.0\data\attachments\hwp_raw\PBLN_000000000122627_(ë¶ì8) (ê³µíµ) ìì¸ì ì°íì° ì°êµ¬ê°ë° ì§ìì¬ì ê°ì¸ì ë³´ ë° ì ì©ì ë³´ ìì§_ì´ì.hwp,downloaded,,2026-07-01T02:35:25
PBLN_000000000122473,bizinfo,2026년 해양수산 연구장비 렌탈지원사업 공고,해양수산부,https://www.bizinfo.go.kr/sii/siia/selectSIIA200Detail.do?pblancId=PBLN_000000000122473,https://www.bizinfo.go.kr/sii/siia/202605271358270307.hwp,.hwp,C:\dongaAI\3차 프로젝트\0.0\data\attachments\hwp_raw\PBLN_000000000122473_202605271358270307.hwp,download_failed,404 Client Error: Not Found for url: https://www.bizinfo.go.kr/sii/siia/202605271358270307.hwp,2026-07-01T02:35:25
PBLN_000000000122473,bizinfo,2026년 해양수산 연구장비 렌탈지원사업 공고,해양수산부,https://www.bizinfo.go.kr/sii/siia/selectSIIA200Detail.do?pblancId=PBLN_000000000122473,https://www.bizinfo.go.kr/sii/siia/[붙임] 2026년 상반기 해양수산 연구장비 렌탈지원사업 공고문.hwp,.hwp,C:\dongaAI\3차 프로젝트\0.0\data\attachments\hwp_raw\PBLN_000000000122473_[붙임] 2026년 상반기 해양수산 연구장비 렌탈지원사업 공고문.hwp,download_failed,400 Client Error: Bad Request for url: https://www.bizinfo.go.kr/sii/siia/%5B%EB%B6%99%EC%9E%84%5D%202026%EB%85%84%20%EC%83%81%EB%B0%98%EA%B8%B0%20%ED%95%B4%EC%96%91%EC%88%98%EC%82%B0%20%EC%97%B0%EA%B5%AC%EC%9E%A5%EB%B9%84%20%EB%A0%8C%ED%83%88%EC%A7%80%EC%9B%90%EC%82%AC%EC%97%85%20%EA%B3%B5%EA%B3%A0%EB%AC%B8.hwp,2026-07-01T02:35:25
PBLN_000000000122473,bizinfo,2026년 해양수산 연구장비 렌탈지원사업 공고,해양수산부,https://www.bizinfo.go.kr/sii/siia/selectSIIA200Detail.do?pblancId=PBLN_000000000122473,https://www.bizinfo.go.kr/cmm/fms/fileDown.do?atchFileId=FILE_000000000757234&fileSn=1,.hwp,C:\dongaAI\3차 프로젝트\0.0\data\attachments\hwp_raw\PBLN_000000000122473_[ë¶ì] 2026ë  ìë°ê¸° í´ììì° ì°êµ¬ì¥ë¹ ë íì§ìì¬ì ê³µê³ ë¬¸.hwp,downloaded,,2026-07-01T02:35:25
PBLN_000000000122442,bizinfo,[울산] 2026년 기술이전지원사업 기술코칭프로그램 참여기업 모집 공고,울산광역시,https://www.bizinfo.go.kr/sii/siia/selectSIIA200Detail.do?pblancId=PBLN_000000000122442,https://www.bizinfo.go.kr/sii/siia/202605271034220726.hwp,.hwp,C:\dongaAI\3차 프로젝트\0.0\data\attachments\hwp_raw\PBLN_000000000122442_202605271034220726.hwp,download_failed,404 Client Error: Not Found for url: https://www.bizinfo.go.kr/sii/siia/202605271034220726.hwp,2026-07-01T02:35:26
PBLN_000000000122442,bizinfo,[울산] 2026년 기술이전지원사업 기술코칭프로그램 참여기업 모집 공고,울산광역시,https://www.bizinfo.go.kr/sii/siia/selectSIIA200Detail.do?pblancId=PBLN_000000000122442,https://www.bizinfo.go.kr/sii/siia/붙임1._2026년도_기술이전지원사업_기술코칭_프로그램_참여기업_모집공고.hwp,.hwp,C:\dongaAI\3차 프로젝트\0.0\data\attachments\hwp_raw\PBLN_000000000122442_붙임1._2026년도_기술이전지원사업_기술코칭_프로그램_참여기업_모집공고.hwp,download_failed,400 Client Error: Bad Request for url: https://www.bizinfo.go.kr/sii/siia/%EB%B6%99%EC%9E%841._2026%EB%85%84%EB%8F%84_%EA%B8%B0%EC%88%A0%EC%9D%B4%EC%A0%84%EC%A7%80%EC%9B%90%EC%82%AC%EC%97%85_%EA%B8%B0%EC%88%A0%EC%BD%94%EC%B9%AD_%ED%94%84%EB%A1%9C%EA%B7%B8%EB%9E%A8_%EC%B0%B8%EC%97%AC%EA%B8%B0%EC%97%85_%EB%AA%A8%EC%A7%91%EA%B3%B5%EA%B3%A0.hwp,2026-07-01T02:35:26
PBLN_000000000122442,bizinfo,[울산] 2026년 기술이전지원사업 기술코칭프로그램 참여기업 모집 공고,울산광역시,https://www.bizinfo.go.kr/sii/siia/selectSIIA200Detail.do?pblancId=PBLN_000000000122442,https://www.bizinfo.go.kr/cmm/fms/fileDown.do?atchFileId=FILE_000000000757151&fileSn=1,.hwp,C:\dongaAI\3차 프로젝트\0.0\data\attachments\hwp_raw\PBLN_000000000122442_ë¶ì2.__ìì__ê¸°ì ì½ì¹_ì ì²­ì.hwp,downloaded,,2026-07-01T02:35:26
PBLN_000000000122442,bizinfo,[울산] 2026년 기술이전지원사업 기술코칭프로그램 참여기업 모집 공고,울산광역시,https://www.bizinfo.go.kr/sii/siia/selectSIIA200Detail.do?pblancId=PBLN_000000000122442,https://www.bizinfo.go.kr/cmm/fms/fileDown.do?atchFileId=FILE_000000000757150&fileSn=1,.hwp,C:\dongaAI\3차 프로젝트\0.0\data\attachments\hwp_raw\PBLN_000000000122442_ë¶ì1._2026ë ë_ê¸°ì ì´ì ì§ìì¬ì _ê¸°ì ì½ì¹­_íë¡ê·¸ë¨_ì°¸ì¬ê¸°ì _ëª¨ì§ê³µê³.hwp,downloaded,,2026-07-01T02:35:26
PBLN_000000000122255,bizinfo,[강원] 원주시 2026년 중소기업 지식재산 국내 분쟁 지원 사업 수시 모집 공고,강원특별자치도,https://www.bizinfo.go.kr/sii/siia/selectSIIA200Detail.do?pblancId=PBLN_000000000122255,https://www.bizinfo.go.kr/cmm/fms/fileDown.do?atchFileId=FILE_000000000756461&fileSn=1,.hwp,C:\dongaAI\3차 프로젝트\0.0\data\attachments\hwp_raw\PBLN_000000000122255_ë¶ì_ì ì²­ì_íì©ê³íì ë± ê°ì¢ ìë¥.hwp,downloaded,,2026-07-01T02:35:26
PBLN_000000000122309,bizinfo,2026년 바이오 의료기기 해외 진출 지원 제로트러스트 기반구축사업 참여기업 상시 지원 모집 공고,산업통상부,https://www.bizinfo.go.kr/sii/siia/selectSIIA200Detail.do?pblancId=PBLN_000000000122309,https://www.bizinfo.go.kr/sii/siia/202605211435320914.hwp,.hwp,C:\dongaAI\3차 프로젝트\0.0\data\attachments\hwp_raw\PBLN_000000000122309_202605211435320914.hwp,download_failed,404 Client Error: Not Found for url: https://www.bizinfo.go.kr/sii/siia/202605211435320914.hwp,2026-07-01T02:35:26
PBLN_000000000122309,bizinfo,2026년 바이오 의료기기 해외 진출 지원 제로트러스트 기반구축사업 참여기업 상시 지원 모집 공고,산업통상부,https://www.bizinfo.go.kr/sii/siia/selectSIIA200Detail.do?pblancId=PBLN_000000000122309,https://www.bizinfo.go.kr/cmm/fms/fileDown.do?atchFileId=FILE_000000000756628&fileSn=0,.hwp,C:\dongaAI\3차 프로젝트\0.0\data\attachments\hwp_raw\PBLN_000000000122309_ë¶ì2.+202.hwp,downloaded,,2026-07-01T02:35:26
PBLN_000000000122309,bizinfo,2026년 바이오 의료기기 해외 진출 지원 제로트러스트 기반구축사업 참여기업 상시 지원 모집 공고,산업통상부,https://www.bizinfo.go.kr/sii/siia/selectSIIA200Detail.do?pblancId=PBLN_000000000122309,https://www.bizinfo.go.kr/cmm/fms/fileDown.do?atchFileId=FILE_000000000756627&fileSn=0,.hwp,C:\dongaAI\3차 프로젝트\0.0\data\attachments\hwp_raw\PBLN_000000000122309_ë¶ì1.+202.hwp,downloaded,,2026-07-01T02:35:26
PBLN_000000000122174,bizinfo,2026년 인천 블록체인 바우처 지원사업 수요기업 모집 공고,인천광역시,https://www.bizinfo.go.kr/sii/siia/selectSIIA200Detail.do?pblancId=PBLN_000000000122174,https://www.bizinfo.go.kr/cmm/fms/fileDown.do?atchFileId=FILE_000000000756152&fileSn=0,.hwp,C:\dongaAI\3차 프로젝트\0.0\data\attachments\hwp_raw\PBLN_000000000122174_ë¶ì2. 2026ë  ë¸ë¡ì²´ì¸ ë°ì°ì² ì§ìì¬ì ììê¸°ì ì ì²­ìì.hwp,downloaded,,2026-07-01T02:35:26
PBLN_000000000122147,bizinfo,2026년 영업비밀ㆍ기술 보호 컨설팅 모집 공고,지식재산처,https://www.bizinfo.go.kr/sii/siia/selectSIIA200Detail.do?pblancId=PBLN_000000000122147,https://www.bizinfo.go.kr/cmm/fms/fileDown.do?atchFileId=FILE_000000000756078&fileSn=0,.hwp,C:\dongaAI\3차 프로젝트\0.0\data\attachments\hwp_raw\PBLN_000000000122147_2026ë  ìì ë¹ë°Â·ê¸°ì ë³´í¸ ì»¨ì¤í ëª¨ì§ ê³µê³ ë¬¸.hwp,downloaded,,2026-07-01T02:35:26
PBLN_000000000122147,bizinfo,2026년 영업비밀ㆍ기술 보호 컨설팅 모집 공고,지식재산처,https://www.bizinfo.go.kr/sii/siia/selectSIIA200Detail.do?pblancId=PBLN_000000000122147,https://www.bizinfo.go.kr/cmm/fms/fileDown.do?atchFileId=FILE_000000000756078&fileSn=2,.hwp,C:\dongaAI\3차 프로젝트\0.0\data\attachments\hwp_raw\PBLN_000000000122147_ì¬ì ì°¸ì¬ ë° ì»¨ì¤í ë¶ë´ê¸ ë©ë¶ ëìì.hwp,downloaded,,2026-07-01T02:35:26
PBLN_000000000122147,bizinfo,2026년 영업비밀ㆍ기술 보호 컨설팅 모집 공고,지식재산처,https://www.bizinfo.go.kr/sii/siia/selectSIIA200Detail.do?pblancId=PBLN_000000000122147,https://www.bizinfo.go.kr/cmm/fms/fileDown.do?atchFileId=FILE_000000000756078&fileSn=3,.hwp,C:\dongaAI\3차 프로젝트\0.0\data\attachments\hwp_raw\PBLN_000000000122147_ìì ë¹ë°Â·ê¸°ì ë³´í¸ ì»¨ì¤í ì ì²­ ì ê²í.hwp,downloaded,,2026-07-01T02:35:26
PBLN_000000000122103,bizinfo,2026년 기술임치기업 보증용 기술가치평가 지원사업 참여기업 모집 공고,중소벤처기업부,https://www.bizinfo.go.kr/sii/siia/selectSIIA200Detail.do?pblancId=PBLN_000000000122103,https://www.bizinfo.go.kr/cmm/fms/fileDown.do?atchFileId=FILE_000000000756026&fileSn=1,.hwp,C:\dongaAI\3차 프로젝트\0.0\data\attachments\hwp_raw\PBLN_000000000122103_(ê³µê³ ë¬¸)+2026ë +ê¸°ì ìì¹ê¸°ì +ë³´ì¦ì©+ê¸°ì ê°ì¹íê°+ì§ìì¬ì +ê³µê³.hwp,downloaded,,2026-07-01T02:35:27
PBLN_000000000121849,bizinfo,전기차 차체ㆍ섀시 충돌안전 기업지원 연장 공고(xEV 보호차체 충돌안전 기업지원사업),경상북도,https://www.bizinfo.go.kr/sii/siia/selectSIIA200Detail.do?pblancId=PBLN_000000000121849,https://www.bizinfo.go.kr/sii/siia/202605111502230347.hwp,.hwp,C:\dongaAI\3차 프로젝트\0.0\data\attachments\hwp_raw\PBLN_000000000121849_202605111502230347.hwp,download_failed,404 Client Error: Not Found for url: https://www.bizinfo.go.kr/sii/siia/202605111502230347.hwp,2026-07-01T02:35:27
PBLN_000000000121849,bizinfo,전기차 차체ㆍ섀시 충돌안전 기업지원 연장 공고(xEV 보호차체 충돌안전 기업지원사업),경상북도,https://www.bizinfo.go.kr/sii/siia/selectSIIA200Detail.do?pblancId=PBLN_000000000121849,https://www.bizinfo.go.kr/sii/siia/전기차 차체섀시 충돌안전 기업지원 공고(xEV 보호차체 충돌안전 기업지원사업).hwp,.hwp,C:\dongaAI\3차 프로젝트\0.0\data\attachments\hwp_raw\PBLN_000000000121849_전기차 차체섀시 충돌안전 기업지원 공고(xEV 보호차체 충돌안전 기업지원사업).hwp,download_failed,400 Client Error: Bad Request for url: https://www.bizinfo.go.kr/sii/siia/%EC%A0%84%EA%B8%B0%EC%B0%A8%20%EC%B0%A8%EC%B2%B4%EC%84%80%EC%8B%9C%20%EC%B6%A9%EB%8F%8C%EC%95%88%EC%A0%84%20%EA%B8%B0%EC%97%85%EC%A7%80%EC%9B%90%20%EA%B3%B5%EA%B3%A0(xEV%20%EB%B3%B4%ED%98%B8%EC%B0%A8%EC%B2%B4%20%EC%B6%A9%EB%8F%8C%EC%95%88%EC%A0%84%20%EA%B8%B0%EC%97%85%EC%A7%80%EC%9B%90%EC%82%AC%EC%97%85).hwp,2026-07-01T02:35:27
PBLN_000000000121849,bizinfo,전기차 차체ㆍ섀시 충돌안전 기업지원 연장 공고(xEV 보호차체 충돌안전 기업지원사업),경상북도,https://www.bizinfo.go.kr/sii/siia/selectSIIA200Detail.do?pblancId=PBLN_000000000121849,https://www.bizinfo.go.kr/cmm/fms/fileDown.do?atchFileId=FILE_000000000754876&fileSn=0,.hwp,C:\dongaAI\3차 프로젝트\0.0\data\attachments\hwp_raw\PBLN_000000000121849_ì ì²­ìì.hwp,downloaded,,2026-07-01T02:35:27
PBLN_000000000121849,bizinfo,전기차 차체ㆍ섀시 충돌안전 기업지원 연장 공고(xEV 보호차체 충돌안전 기업지원사업),경상북도,https://www.bizinfo.go.kr/sii/siia/selectSIIA200Detail.do?pblancId=PBLN_000000000121849,https://www.bizinfo.go.kr/cmm/fms/fileDown.do?atchFileId=FILE_000000000754875&fileSn=0,.hwp,C:\dongaAI\3차 프로젝트\0.0\data\attachments\hwp_raw\PBLN_000000000121849_ì ê¸°ì°¨ ì°¨ì²´ìì ì¶©ëìì  ê¸°ì ì§ì ê³µê³ (xEV ë³´í¸ì°¨ì²´ ì¶©ëìì  ê¸°ì ì§ìì¬ì ).hwp,downloaded,,2026-07-01T02:35:27
PBLN_000000000121098,bizinfo,2026년 전동화 전력반도체 일괄공정 테스트베드 구축 기업지원 모집 공고,부산광역시,https://www.bizinfo.go.kr/sii/siia/selectSIIA200Detail.do?pblancId=PBLN_000000000121098,https://www.bizinfo.go.kr/sii/siia/202604211516540889.hwp,.hwp,C:\dongaAI\3차 프로젝트\0.0\data\attachments\hwp_raw\PBLN_000000000121098_202604211516540889.hwp,download_failed,404 Client Error: Not Found for url: https://www.bizinfo.go.kr/sii/siia/202604211516540889.hwp,2026-07-01T02:35:28
PBLN_000000000121098,bizinfo,2026년 전동화 전력반도체 일괄공정 테스트베드 구축 기업지원 모집 공고,부산광역시,https://www.bizinfo.go.kr/sii/siia/selectSIIA200Detail.do?pblancId=PBLN_000000000121098,https://www.bizinfo.go.kr/sii/siia/(전동화+전력반도체+일괄공정+테스트베드+구축사업)+기업지원(1차)+모집+공고문.hwp,.hwp,C:\dongaAI\3차 프로젝트\0.0\data\attachments\hwp_raw\PBLN_000000000121098_(전동화+전력반도체+일괄공정+테스트베드+구축사업)+기업지원(1차)+모집+공고문.hwp,download_failed,400 Client Error: Bad Request for url: https://www.bizinfo.go.kr/sii/siia/(%EC%A0%84%EB%8F%99%ED%99%94+%EC%A0%84%EB%A0%A5%EB%B0%98%EB%8F%84%EC%B2%B4+%EC%9D%BC%EA%B4%84%EA%B3%B5%EC%A0%95+%ED%85%8C%EC%8A%A4%ED%8A%B8%EB%B2%A0%EB%93%9C+%EA%B5%AC%EC%B6%95%EC%82%AC%EC%97%85)+%EA%B8%B0%EC%97%85%EC%A7%80%EC%9B%90(1%EC%B0%A8)+%EB%AA%A8%EC%A7%91+%EA%B3%B5%EA%B3%A0%EB%AC%B8.hwp,2026-07-01T02:35:28
PBLN_000000000121098,bizinfo,2026년 전동화 전력반도체 일괄공정 테스트베드 구축 기업지원 모집 공고,부산광역시,https://www.bizinfo.go.kr/sii/siia/selectSIIA200Detail.do?pblancId=PBLN_000000000121098,https://www.bizinfo.go.kr/cmm/fms/fileDown.do?atchFileId=FILE_000000000752240&fileSn=1,.hwp,C:\dongaAI\3차 프로젝트\0.0\data\attachments\hwp_raw\PBLN_000000000121098_(ì ëí+ì ë ¥ë°ëì²´+ì¼ê´ê³µì +í ì¤í¸ë² ë+êµ¬ì¶ì¬ì )+ê¸°ì ì§ì(1ì°¨)+ëª¨ì§+ê³µê³ ë¬¸.hwp,downloaded,,2026-07-01T02:35:28
PBLN_000000000121028,bizinfo,[울산] 2026년 상반기 산업안전보건 국제표준 인증기업 지원사업 시행 공고,울산광역시,https://www.bizinfo.go.kr/sii/siia/selectSIIA200Detail.do?pblancId=PBLN_000000000121028,https://www.bizinfo.go.kr/sii/siia/202604201445480972.hwp,.hwp,C:\dongaAI\3차 프로젝트\0.0\data\attachments\hwp_raw\PBLN_000000000121028_202604201445480972.hwp,download_failed,404 Client Error: Not Found for url: https://www.bizinfo.go.kr/sii/siia/202604201445480972.hwp,2026-07-01T02:35:28
PBLN_000000000121028,bizinfo,[울산] 2026년 상반기 산업안전보건 국제표준 인증기업 지원사업 시행 공고,울산광역시,https://www.bizinfo.go.kr/sii/siia/selectSIIA200Detail.do?pblancId=PBLN_000000000121028,https://www.bizinfo.go.kr/cmm/fms/fileDown.do?atchFileId=FILE_000000000752003&fileSn=1,.hwp,C:\dongaAI\3차 프로젝트\0.0\data\attachments\hwp_raw\PBLN_000000000121028_ì°ì ìì ë³´ê±´ êµ­ì íì¤ ì¸ì¦ê¸°ì ì§ìì¬ì ì ì²­ìì.hwp,downloaded,,2026-07-01T02:35:28
PBLN_000000000121028,bizinfo,[울산] 2026년 상반기 산업안전보건 국제표준 인증기업 지원사업 시행 공고,울산광역시,https://www.bizinfo.go.kr/sii/siia/selectSIIA200Detail.do?pblancId=PBLN_000000000121028,https://www.bizinfo.go.kr/cmm/fms/fileDown.do?atchFileId=FILE_000000000752002&fileSn=1,.hwp,C:\dongaAI\3차 프로젝트\0.0\data\attachments\hwp_raw\PBLN_000000000121028_ì°ì ìì ë³´ê±´ êµ­ì íì¤ ì¸ì¦ê¸°ì ì§ìì¬ì ê³µê³ (ì).hwp,downloaded,,2026-07-01T02:35:28
PBLN_000000000123174,bizinfo,[경기] 포천시 2026년 현장기술 돌봄이 지원사업 모집 수정 공고,경기도,https://www.bizinfo.go.kr/sii/siia/selectSIIA200Detail.do?pblancId=PBLN_000000000123174,https://www.bizinfo.go.kr/cmm/fms/fileDown.do?atchFileId=FILE_000000000759848&fileSn=0,.hwp,C:\dongaAI\3차 프로젝트\0.0\data\attachments\hwp_raw\PBLN_000000000123174_â (ìì ê³µê³ ë¬¸)_í¬ì²ì_íì¥ê¸°ì ëë´ì´_ì§ìì¬ì.hwp,downloaded,,2026-07-01T02:35:28
PBLN_000000000120679,bizinfo,[인천] 2026년 시제품제작 장비 (3D 프린팅) 공동활용 지원 공고,인천광역시,https://www.bizinfo.go.kr/sii/siia/selectSIIA200Detail.do?pblancId=PBLN_000000000120679,https://www.bizinfo.go.kr/sii/siia/202604101420590968.hwp,.hwp,C:\dongaAI\3차 프로젝트\0.0\data\attachments\hwp_raw\PBLN_000000000120679_202604101420590968.hwp,download_failed,404 Client Error: Not Found for url: https://www.bizinfo.go.kr/sii/siia/202604101420590968.hwp,2026-07-01T02:35:28
PBLN_000000000120679,bizinfo,[인천] 2026년 시제품제작 장비 (3D 프린팅) 공동활용 지원 공고,인천광역시,https://www.bizinfo.go.kr/sii/siia/selectSIIA200Detail.do?pblancId=PBLN_000000000120679,https://www.bizinfo.go.kr/cmm/fms/fileDown.do?atchFileId=FILE_000000000750861&fileSn=0,.hwp,C:\dongaAI\3차 프로젝트\0.0\data\attachments\hwp_raw\PBLN_000000000120679_ë¶ì1_ìì íì ìì¥ë¹ì§ì_ì ì²­ì.hwp,downloaded,,2026-07-01T02:35:28
PBLN_000000000120498,bizinfo,[경기] 화성시 2026년 GAP 안정성 분석 지원사업 신청 공고,경기도,https://www.bizinfo.go.kr/sii/siia/selectSIIA200Detail.do?pblancId=PBLN_000000000120498,https://www.bizinfo.go.kr/cmm/fms/fileDown.do?atchFileId=FILE_000000000750255&fileSn=2,.hwp,C:\dongaAI\3차 프로젝트\0.0\data\attachments\hwp_raw\PBLN_000000000120498_GAP ìì ì± ë¶ì ì§ìì¬ì ë³´ì¡°ê¸ ì²­êµ¬ìì.hwp,downloaded,,2026-07-01T02:35:29
PBLN_000000000120498,bizinfo,[경기] 화성시 2026년 GAP 안정성 분석 지원사업 신청 공고,경기도,https://www.bizinfo.go.kr/sii/siia/selectSIIA200Detail.do?pblancId=PBLN_000000000120498,https://www.bizinfo.go.kr/cmm/fms/fileDown.do?atchFileId=FILE_000000000750254&fileSn=0,.hwp,C:\dongaAI\3차 프로젝트\0.0\data\attachments\hwp_raw\PBLN_000000000120498_ê³µê³ 1405í¸ 2026 GAP ìì ì± ë¶ìì§ìì¬ì ì ì²­ ê³µê³.hwp,downloaded,,2026-07-01T02:35:29
PBLN_000000000120822,bizinfo,[경북] 영천시 2026년 영천기업 연구시설장비 바우처 지원사업 수혜기업 모집 공고,경상북도,https://www.bizinfo.go.kr/sii/siia/selectSIIA200Detail.do?pblancId=PBLN_000000000120822,https://www.bizinfo.go.kr/sii/siia/202604151245340599.hwp,.hwp,C:\dongaAI\3차 프로젝트\0.0\data\attachments\hwp_raw\PBLN_000000000120822_202604151245340599.hwp,download_failed,404 Client Error: Not Found for url: https://www.bizinfo.go.kr/sii/siia/202604151245340599.hwp,2026-07-01T02:35:29
PBLN_000000000120822,bizinfo,[경북] 영천시 2026년 영천기업 연구시설장비 바우처 지원사업 수혜기업 모집 공고,경상북도,https://www.bizinfo.go.kr/sii/siia/selectSIIA200Detail.do?pblancId=PBLN_000000000120822,https://www.bizinfo.go.kr/sii/siia/[공고문] 2026년 영천기업 연구시설장비 바우처 지원사업 공고문 및 신청서 등.hwp,.hwp,C:\dongaAI\3차 프로젝트\0.0\data\attachments\hwp_raw\PBLN_000000000120822_[공고문] 2026년 영천기업 연구시설장비 바우처 지원사업 공고문 및 신청서 등.hwp,download_failed,400 Client Error: Bad Request for url: https://www.bizinfo.go.kr/sii/siia/%5B%EA%B3%B5%EA%B3%A0%EB%AC%B8%5D%202026%EB%85%84%20%EC%98%81%EC%B2%9C%EA%B8%B0%EC%97%85%20%EC%97%B0%EA%B5%AC%EC%8B%9C%EC%84%A4%EC%9E%A5%EB%B9%84%20%EB%B0%94%EC%9A%B0%EC%B2%98%20%EC%A7%80%EC%9B%90%EC%82%AC%EC%97%85%20%EA%B3%B5%EA%B3%A0%EB%AC%B8%20%EB%B0%8F%20%EC%8B%A0%EC%B2%AD%EC%84%9C%20%EB%93%B1.hwp,2026-07-01T02:35:29
PBLN_000000000120822,bizinfo,[경북] 영천시 2026년 영천기업 연구시설장비 바우처 지원사업 수혜기업 모집 공고,경상북도,https://www.bizinfo.go.kr/sii/siia/selectSIIA200Detail.do?pblancId=PBLN_000000000120822,https://www.bizinfo.go.kr/cmm/fms/fileDown.do?atchFileId=FILE_000000000751370&fileSn=0,.hwp,C:\dongaAI\3차 프로젝트\0.0\data\attachments\hwp_raw\PBLN_000000000120822_[ê³µê³ ë¬¸] 2026ë  ìì²ê¸°ì ì°êµ¬ìì¤ì¥ë¹ ë°ì°ì² ì§ìì¬ì ê³µê³ ë¬¸ ë° ì ì²­ì ë±.hwp,downloaded,,2026-07-01T02:35:29
PBLN_000000000120495,bizinfo,[강원] 2026년 수요기술 발굴 및 기술멘토링 지원사업 참여기업 모집 공고(전기차 충돌 후 배터리 핵심부품 안전성 확보 지원사업),강원특별자치도,https://www.bizinfo.go.kr/sii/siia/selectSIIA200Detail.do?pblancId=PBLN_000000000120495,https://www.bizinfo.go.kr/sii/siia/202604071439100707.hwp,.hwp,C:\dongaAI\3차 프로젝트\0.0\data\attachments\hwp_raw\PBLN_000000000120495_202604071439100707.hwp,download_failed,404 Client Error: Not Found for url: https://www.bizinfo.go.kr/sii/siia/202604071439100707.hwp,2026-07-01T02:35:29
PBLN_000000000120495,bizinfo,[강원] 2026년 수요기술 발굴 및 기술멘토링 지원사업 참여기업 모집 공고(전기차 충돌 후 배터리 핵심부품 안전성 확보 지원사업),강원특별자치도,https://www.bizinfo.go.kr/sii/siia/selectSIIA200Detail.do?pblancId=PBLN_000000000120495,https://www.bizinfo.go.kr/sii/siia/(공고문) 전기·수소차 분야 수요기술 발굴 및 기술멘토링 지원사업.hwp,.hwp,C:\dongaAI\3차 프로젝트\0.0\data\attachments\hwp_raw\PBLN_000000000120495_(공고문) 전기·수소차 분야 수요기술 발굴 및 기술멘토링 지원사업.hwp,download_failed,400 Client Error: Bad Request for url: https://www.bizinfo.go.kr/sii/siia/(%EA%B3%B5%EA%B3%A0%EB%AC%B8)%20%EC%A0%84%EA%B8%B0%C2%B7%EC%88%98%EC%86%8C%EC%B0%A8%20%EB%B6%84%EC%95%BC%20%EC%88%98%EC%9A%94%EA%B8%B0%EC%88%A0%20%EB%B0%9C%EA%B5%B4%20%EB%B0%8F%20%EA%B8%B0%EC%88%A0%EB%A9%98%ED%86%A0%EB%A7%81%20%EC%A7%80%EC%9B%90%EC%82%AC%EC%97%85.hwp,2026-07-01T02:35:29
PBLN_000000000120495,bizinfo,[강원] 2026년 수요기술 발굴 및 기술멘토링 지원사업 참여기업 모집 공고(전기차 충돌 후 배터리 핵심부품 안전성 확보 지원사업),강원특별자치도,https://www.bizinfo.go.kr/sii/siia/selectSIIA200Detail.do?pblancId=PBLN_000000000120495,https://www.bizinfo.go.kr/cmm/fms/fileDown.do?atchFileId=FILE_000000000750253&fileSn=1,.hwp,C:\dongaAI\3차 프로젝트\0.0\data\attachments\hwp_raw\PBLN_000000000120495_(ì ì²­ì) ì ê¸°Â·ììì°¨ ë¶ì¼ ììê¸°ì ë°êµ´ ë° ê¸°ì ë©í ë§ ì§ìì¬ì.hwp,downloaded,,2026-07-01T02:35:29
PBLN_000000000120495,bizinfo,[강원] 2026년 수요기술 발굴 및 기술멘토링 지원사업 참여기업 모집 공고(전기차 충돌 후 배터리 핵심부품 안전성 확보 지원사업),강원특별자치도,https://www.bizinfo.go.kr/sii/siia/selectSIIA200Detail.do?pblancId=PBLN_000000000120495,https://www.bizinfo.go.kr/cmm/fms/fileDown.do?atchFileId=FILE_000000000750252&fileSn=1,.hwp,C:\dongaAI\3차 프로젝트\0.0\data\attachments\hwp_raw\PBLN_000000000120495_(ê³µê³ ë¬¸) ì ê¸°Â·ììì°¨ ë¶ì¼ ììê¸°ì ë°êµ´ ë° ê¸°ì ë©í ë§ ì§ìì¬ì.hwp,downloaded,,2026-07-01T02:35:29
PBLN_000000000120201,bizinfo,[경기] 포천시 2026년 신소재개발 프로그램 지원사업 모집 공고,경기도,https://www.bizinfo.go.kr/sii/siia/selectSIIA200Detail.do?pblancId=PBLN_000000000120201,https://www.bizinfo.go.kr/sii/siia/202603311456140531.hwp,.hwp,C:\dongaAI\3차 프로젝트\0.0\data\attachments\hwp_raw\PBLN_000000000120201_202603311456140531.hwp,download_failed,404 Client Error: Not Found for url: https://www.bizinfo.go.kr/sii/siia/202603311456140531.hwp,2026-07-01T02:35:29
PBLN_000000000120201,bizinfo,[경기] 포천시 2026년 신소재개발 프로그램 지원사업 모집 공고,경기도,https://www.bizinfo.go.kr/sii/siia/selectSIIA200Detail.do?pblancId=PBLN_000000000120201,https://www.bizinfo.go.kr/sii/siia/(공고문)_2026년_포천시_신소재개발_프로그램_지원사업_모집공고_20260303.hwp,.hwp,C:\dongaAI\3차 프로젝트\0.0\data\attachments\hwp_raw\PBLN_000000000120201_(공고문)_2026년_포천시_신소재개발_프로그램_지원사업_모집공고_20260303.hwp,download_failed,400 Client Error: Bad Request for url: https://www.bizinfo.go.kr/sii/siia/(%EA%B3%B5%EA%B3%A0%EB%AC%B8)_2026%EB%85%84_%ED%8F%AC%EC%B2%9C%EC%8B%9C_%EC%8B%A0%EC%86%8C%EC%9E%AC%EA%B0%9C%EB%B0%9C_%ED%94%84%EB%A1%9C%EA%B7%B8%EB%9E%A8_%EC%A7%80%EC%9B%90%EC%82%AC%EC%97%85_%EB%AA%A8%EC%A7%91%EA%B3%B5%EA%B3%A0_20260303.hwp,2026-07-01T02:35:29
PBLN_000000000120201,bizinfo,[경기] 포천시 2026년 신소재개발 프로그램 지원사업 모집 공고,경기도,https://www.bizinfo.go.kr/sii/siia/selectSIIA200Detail.do?pblancId=PBLN_000000000120201,https://www.bizinfo.go.kr/cmm/fms/fileDown.do?atchFileId=FILE_000000000749249&fileSn=0,.hwp,C:\dongaAI\3차 프로젝트\0.0\data\attachments\hwp_raw\PBLN_000000000120201_(ê³µê³ ë¬¸)_2026ë _í¬ì²ì_ì ìì¬ê°ë°_íë¡ê·¸ë¨_ì§ìì¬ì _ëª¨ì§ê³µê³ _20260303.hwp,downloaded,,2026-07-01T02:35:29
PBLN_000000000123187,bizinfo,2026년 혁신 소상공인 AI 활용지원 사업 참여 소상공인 모집 공고,중소벤처기업부,https://www.bizinfo.go.kr/sii/siia/selectSIIA200Detail.do?pblancId=PBLN_000000000123187,https://www.bizinfo.go.kr/cmm/fms/fileDown.do?atchFileId=FILE_000000000759900&fileSn=4,.hwp,C:\dongaAI\3차 프로젝트\0.0\data\attachments\hwp_raw\PBLN_000000000123187_1_2026ë  íì ììê³µì¸ AI íì©ì§ì ì¬ì ì°¸ì¬ ììê³µì¸ ëª¨ì§ê³µê³ (ìì ).hwp,downloaded,,2026-07-01T02:35:30
PBLN_000000000123187,bizinfo,2026년 혁신 소상공인 AI 활용지원 사업 참여 소상공인 모집 공고,중소벤처기업부,https://www.bizinfo.go.kr/sii/siia/selectSIIA200Detail.do?pblancId=PBLN_000000000123187,https://www.bizinfo.go.kr/cmm/fms/fileDown.do?atchFileId=FILE_000000000759900&fileSn=5,.hwp,C:\dongaAI\3차 프로젝트\0.0\data\attachments\hwp_raw\PBLN_000000000123187_2_2026ë  íì ììê³µì¸ AI íì©ì§ì ì¬ì ì ì²­ìì.hwp,downloaded,,2026-07-01T02:35:30
PBLN_000000000123187,bizinfo,2026년 혁신 소상공인 AI 활용지원 사업 참여 소상공인 모집 공고,중소벤처기업부,https://www.bizinfo.go.kr/sii/siia/selectSIIA200Detail.do?pblancId=PBLN_000000000123187,https://www.bizinfo.go.kr/cmm/fms/fileDown.do?atchFileId=FILE_000000000759900&fileSn=6,.hwp,C:\dongaAI\3차 프로젝트\0.0\data\attachments\hwp_raw\PBLN_000000000123187_3_2026ë  íì ììê³µì¸ AI íì©ì§ì ì¬ì ì£¼ì ì§ììëµ(FAQ)(ìì ).hwp,downloaded,,2026-07-01T02:35:30
PBLN_000000000123189,bizinfo,[충북] 지능형첨단부품산업의 디지털전환 거점 구축 사업 AI 융합 제품ㆍ솔루션 고도화 지원 수혜기업 모집 공고,산업통상부,https://www.bizinfo.go.kr/sii/siia/selectSIIA200Detail.do?pblancId=PBLN_000000000123189,https://www.bizinfo.go.kr/cmm/fms/fileDown.do?atchFileId=FILE_000000000759905&fileSn=0,.hwp,C:\dongaAI\3차 프로젝트\0.0\data\attachments\hwp_raw\PBLN_000000000123189_ìì± 1. . ìíê¸°ì ì§ìì ì²­ì_AI ìµí© ì íÂ·ìë£¨ì  ê³ ëí ì§ì.hwp,downloaded,,2026-07-01T02:35:30
PBLN_000000000123189,bizinfo,[충북] 지능형첨단부품산업의 디지털전환 거점 구축 사업 AI 융합 제품ㆍ솔루션 고도화 지원 수혜기업 모집 공고,산업통상부,https://www.bizinfo.go.kr/sii/siia/selectSIIA200Detail.do?pblancId=PBLN_000000000123189,https://www.bizinfo.go.kr/cmm/fms/fileDown.do?atchFileId=FILE_000000000759905&fileSn=1,.hwp,C:\dongaAI\3차 프로젝트\0.0\data\attachments\hwp_raw\PBLN_000000000123189_ìì± 2. ê¸°ì ê°ì¸ ì ë³´ ì ê³µ ëìì.hwp,downloaded,,2026-07-01T02:35:30
PBLN_000000000120097,bizinfo,2026년 데이터 품질인증 지원사업 공고,과학기술정보통신부,https://www.bizinfo.go.kr/sii/siia/selectSIIA200Detail.do?pblancId=PBLN_000000000120097,https://www.bizinfo.go.kr/cmm/fms/fileDown.do?atchFileId=FILE_000000000748929&fileSn=0,.hwp,C:\dongaAI\3차 프로젝트\0.0\data\attachments\hwp_raw\PBLN_000000000120097_2.+2026ë +ë°ì´í°+íì§ì¸ì¦+ì§ìì¬ì +ê³µëª¨ìë´ì.hwp,downloaded,,2026-07-01T02:35:31
PBLN_000000000120097,bizinfo,2026년 데이터 품질인증 지원사업 공고,과학기술정보통신부,https://www.bizinfo.go.kr/sii/siia/selectSIIA200Detail.do?pblancId=PBLN_000000000120097,https://www.bizinfo.go.kr/cmm/fms/fileDown.do?atchFileId=FILE_000000000748929&fileSn=3,.hwp,C:\dongaAI\3차 프로젝트\0.0\data\attachments\hwp_raw\PBLN_000000000120097_3.+2026ë +ë°ì´í°+íì§ì¸ì¦+ì§ìì¬ì +ë³ì§ìì.hwp,downloaded,,2026-07-01T02:35:31
PBLN_000000000123192,bizinfo,[경북] 영주시 2026년 3차 지식재산 긴급지원 사업 모집 공고,경상북도,https://www.bizinfo.go.kr/sii/siia/selectSIIA200Detail.do?pblancId=PBLN_000000000123192,https://www.bizinfo.go.kr/sii/siia/202606151451340121.hwp,.hwp,C:\dongaAI\3차 프로젝트\0.0\data\attachments\hwp_raw\PBLN_000000000123192_202606151451340121.hwp,download_failed,404 Client Error: Not Found for url: https://www.bizinfo.go.kr/sii/siia/202606151451340121.hwp,2026-07-01T02:35:31
PBLN_000000000123192,bizinfo,[경북] 영주시 2026년 3차 지식재산 긴급지원 사업 모집 공고,경상북도,https://www.bizinfo.go.kr/sii/siia/selectSIIA200Detail.do?pblancId=PBLN_000000000123192,https://www.bizinfo.go.kr/sii/siia/0. [공고문] 2026년 지식재산 긴급지원 사업 공고.hwp,.hwp,C:\dongaAI\3차 프로젝트\0.0\data\attachments\hwp_raw\PBLN_000000000123192_0. [공고문] 2026년 지식재산 긴급지원 사업 공고.hwp,download_failed,400 Client Error: Bad Request for url: https://www.bizinfo.go.kr/sii/siia/0.%20%5B%EA%B3%B5%EA%B3%A0%EB%AC%B8%5D%202026%EB%85%84%20%EC%A7%80%EC%8B%9D%EC%9E%AC%EC%82%B0%20%EA%B8%B4%EA%B8%89%EC%A7%80%EC%9B%90%20%EC%82%AC%EC%97%85%20%EA%B3%B5%EA%B3%A0.hwp,2026-07-01T02:35:31
PBLN_000000000123192,bizinfo,[경북] 영주시 2026년 3차 지식재산 긴급지원 사업 모집 공고,경상북도,https://www.bizinfo.go.kr/sii/siia/selectSIIA200Detail.do?pblancId=PBLN_000000000123192,https://www.bizinfo.go.kr/cmm/fms/fileDown.do?atchFileId=FILE_000000000759916&fileSn=1,.hwp,C:\dongaAI\3차 프로젝트\0.0\data\attachments\hwp_raw\PBLN_000000000123192_0. [ê³µê³ ë¬¸] 2026ë  ì§ìì¬ì° ê¸´ê¸ì§ì ì¬ì ê³µê³.hwp,downloaded,,2026-07-01T02:35:31
PBLN_000000000119904,bizinfo,[충북] 2026년 산업체 방사광가속기 활용 역량강화사업 산업체 방사광가속기 활용 프로그램 참여기업 모집 공고,충청북도,https://www.bizinfo.go.kr/sii/siia/selectSIIA200Detail.do?pblancId=PBLN_000000000119904,https://www.bizinfo.go.kr/cmm/fms/fileDown.do?atchFileId=FILE_000000000748276&fileSn=0,.hwp,C:\dongaAI\3차 프로젝트\0.0\data\attachments\hwp_raw\PBLN_000000000119904_ë¶ì 2. ë°©ì¬ê´ê°ìê¸° íì© ì§ìíë¡ê·¸ë¨ ì°¸ê°ì ì²­ì(ìì).hwp,downloaded,,2026-07-01T02:35:31
PBLN_000000000119733,bizinfo,[울산] 울주군 2026년 강소기업 육성 기술 혁신 지원사업 시행 공고,울산광역시,https://www.bizinfo.go.kr/sii/siia/selectSIIA200Detail.do?pblancId=PBLN_000000000119733,https://www.bizinfo.go.kr/sii/siia/202603231415570375.hwp,.hwp,C:\dongaAI\3차 프로젝트\0.0\data\attachments\hwp_raw\PBLN_000000000119733_202603231415570375.hwp,download_failed,404 Client Error: Not Found for url: https://www.bizinfo.go.kr/sii/siia/202603231415570375.hwp,2026-07-01T02:35:31
PBLN_000000000119733,bizinfo,[울산] 울주군 2026년 강소기업 육성 기술 혁신 지원사업 시행 공고,울산광역시,https://www.bizinfo.go.kr/sii/siia/selectSIIA200Detail.do?pblancId=PBLN_000000000119733,https://www.bizinfo.go.kr/sii/siia/(공고문) 2026년 울주군 강소기업 육성 기술 혁신 지원사업.hwp,.hwp,C:\dongaAI\3차 프로젝트\0.0\data\attachments\hwp_raw\PBLN_000000000119733_(공고문) 2026년 울주군 강소기업 육성 기술 혁신 지원사업.hwp,download_failed,400 Client Error: Bad Request for url: https://www.bizinfo.go.kr/sii/siia/(%EA%B3%B5%EA%B3%A0%EB%AC%B8)%202026%EB%85%84%20%EC%9A%B8%EC%A3%BC%EA%B5%B0%20%EA%B0%95%EC%86%8C%EA%B8%B0%EC%97%85%20%EC%9C%A1%EC%84%B1%20%EA%B8%B0%EC%88%A0%20%ED%98%81%EC%8B%A0%20%EC%A7%80%EC%9B%90%EC%82%AC%EC%97%85.hwp,2026-07-01T02:35:31
PBLN_000000000119733,bizinfo,[울산] 울주군 2026년 강소기업 육성 기술 혁신 지원사업 시행 공고,울산광역시,https://www.bizinfo.go.kr/sii/siia/selectSIIA200Detail.do?pblancId=PBLN_000000000119733,https://www.bizinfo.go.kr/cmm/fms/fileDown.do?atchFileId=FILE_000000000747639&fileSn=0,.hwp,C:\dongaAI\3차 프로젝트\0.0\data\attachments\hwp_raw\PBLN_000000000119733_(ìì) ì¸ì£¼êµ° ê°ìê¸°ì ì¡ì± ê¸°ì íì ì§ìì¬ì.hwp,downloaded,,2026-07-01T02:35:31
PBLN_000000000119733,bizinfo,[울산] 울주군 2026년 강소기업 육성 기술 혁신 지원사업 시행 공고,울산광역시,https://www.bizinfo.go.kr/sii/siia/selectSIIA200Detail.do?pblancId=PBLN_000000000119733,https://www.bizinfo.go.kr/cmm/fms/fileDown.do?atchFileId=FILE_000000000747638&fileSn=1,.hwp,C:\dongaAI\3차 프로젝트\0.0\data\attachments\hwp_raw\PBLN_000000000119733_(ê³µê³ ë¬¸) 2026ë  ì¸ì£¼êµ° ê°ìê¸°ì ì¡ì± ê¸°ì íì ì§ìì¬ì.hwp,downloaded,,2026-07-01T02:35:32
PBLN_000000000119454,bizinfo,[경기] 평택시 2026년 국내외 지식재산 권리화 지원사업 모집 공고,경기도,https://www.bizinfo.go.kr/sii/siia/selectSIIA200Detail.do?pblancId=PBLN_000000000119454,https://www.bizinfo.go.kr/cmm/fms/fileDown.do?atchFileId=FILE_000000000746677&fileSn=1,.hwp,C:\dongaAI\3차 프로젝트\0.0\data\attachments\hwp_raw\PBLN_000000000119454_(ë¶ì2) 2026ë ë êµ­ë´ì¸ ì§ìì¬ì° ê¶ë¦¬í ì§ìì¬ì ì ì²­ìì.hwp,downloaded,,2026-07-01T02:35:32
PBLN_000000000123261,bizinfo,[인천] 2026년 우수디자인 시제품개발지원사업 모집 공고,인천광역시,https://www.bizinfo.go.kr/sii/siia/selectSIIA200Detail.do?pblancId=PBLN_000000000123261,https://www.bizinfo.go.kr/cmm/fms/fileDown.do?atchFileId=FILE_000000000760035&fileSn=0,.hwp,C:\dongaAI\3차 프로젝트\0.0\data\attachments\hwp_raw\PBLN_000000000123261_ë¶ì4_ìì íê°ë°ì§ì_ì ì²­ìì(ìì).hwp,downloaded,,2026-07-01T02:35:32
PBLN_000000000123261,bizinfo,[인천] 2026년 우수디자인 시제품개발지원사업 모집 공고,인천광역시,https://www.bizinfo.go.kr/sii/siia/selectSIIA200Detail.do?pblancId=PBLN_000000000123261,https://www.bizinfo.go.kr/cmm/fms/fileDown.do?atchFileId=FILE_000000000760035&fileSn=2,.hwp,C:\dongaAI\3차 프로젝트\0.0\data\attachments\hwp_raw\PBLN_000000000123261_ë¶ì5_ìì íê°ë°ì§ì_ê´ë¦¬ê·ì _2026.hwp,downloaded,,2026-07-01T02:35:32
PBLN_000000000123268,bizinfo,[충남] 천안시ㆍ아산시 2026년 디스플레이 특화단지 R&D 컨설팅 지원 수혜기업 모집 공고,충청남도,https://www.bizinfo.go.kr/sii/siia/selectSIIA200Detail.do?pblancId=PBLN_000000000123268,https://www.bizinfo.go.kr/sii/siia/202606171457160331.hwp,.hwp,C:\dongaAI\3차 프로젝트\0.0\data\attachments\hwp_raw\PBLN_000000000123268_202606171457160331.hwp,download_failed,404 Client Error: Not Found for url: https://www.bizinfo.go.kr/sii/siia/202606171457160331.hwp,2026-07-01T02:35:32
PBLN_000000000123268,bizinfo,[충남] 천안시ㆍ아산시 2026년 디스플레이 특화단지 R&D 컨설팅 지원 수혜기업 모집 공고,충청남도,https://www.bizinfo.go.kr/sii/siia/selectSIIA200Detail.do?pblancId=PBLN_000000000123268,https://www.bizinfo.go.kr/sii/siia/붙임. 디스플레이 특화단지 R&D 컨설팅 지원사업 공고문 및 신청양식.hwp,.hwp,C:\dongaAI\3차 프로젝트\0.0\data\attachments\hwp_raw\PBLN_000000000123268_붙임. 디스플레이 특화단지 R&D 컨설팅 지원사업 공고문 및 신청양식.hwp,download_failed,400 Client Error: Bad Request for url: https://www.bizinfo.go.kr/sii/siia/%EB%B6%99%EC%9E%84.%20%EB%94%94%EC%8A%A4%ED%94%8C%EB%A0%88%EC%9D%B4%20%ED%8A%B9%ED%99%94%EB%8B%A8%EC%A7%80%20R&D%20%EC%BB%A8%EC%84%A4%ED%8C%85%20%EC%A7%80%EC%9B%90%EC%82%AC%EC%97%85%20%EA%B3%B5%EA%B3%A0%EB%AC%B8%20%EB%B0%8F%20%EC%8B%A0%EC%B2%AD%EC%96%91%EC%8B%9D.hwp,2026-07-01T02:35:32
PBLN_000000000123268,bizinfo,[충남] 천안시ㆍ아산시 2026년 디스플레이 특화단지 R&D 컨설팅 지원 수혜기업 모집 공고,충청남도,https://www.bizinfo.go.kr/sii/siia/selectSIIA200Detail.do?pblancId=PBLN_000000000123268,https://www.bizinfo.go.kr/cmm/fms/fileDown.do?atchFileId=FILE_000000000760040&fileSn=2,.hwp,C:\dongaAI\3차 프로젝트\0.0\data\attachments\hwp_raw\PBLN_000000000123268_ë¶ì. ëì¤íë ì´ í¹íë¨ì§ R&D ì»¨ì¤í ì§ìì¬ì ê³µê³ ë¬¸ ë° ì ì²­ìì.hwp,downloaded,,2026-07-01T02:35:32
PBLN_000000000119093,bizinfo,[인천] 2026년 파브(PAV) 부품 시험ㆍ인증 지원사업 참여기업 모집 공고,인천광역시,https://www.bizinfo.go.kr/sii/siia/selectSIIA200Detail.do?pblancId=PBLN_000000000119093,https://www.bizinfo.go.kr/cmm/fms/fileDown.do?atchFileId=FILE_000000000745394&fileSn=1,.hwp,C:\dongaAI\3차 프로젝트\0.0\data\attachments\hwp_raw\PBLN_000000000119093_ë¶ì2. 2026ë  íë¸(PAV) ë¶í ìíÂ·ì¸ì¦ ì§ìì¬ì ì°¸ì¬ê¸°ì ì ì²­ì.hwp,downloaded,,2026-07-01T02:35:32
PBLN_000000000123299,bizinfo,2026년 수요맞춤형 전기구동 경형 PBV 개발 지원기반 구축사업 기업지원 프로그램(기술자문) 추가 모집 공고,강원특별자치도,https://www.bizinfo.go.kr/sii/siia/selectSIIA200Detail.do?pblancId=PBLN_000000000123299,https://www.bizinfo.go.kr/cmm/fms/fileDown.do?atchFileId=FILE_000000000760329&fileSn=1,.hwp,C:\dongaAI\3차 프로젝트\0.0\data\attachments\hwp_raw\PBLN_000000000123299_(2026 PBV)ë¶ì 2. ì ì²­ì ë° ê³íì(ê¸°ì ìë¬¸).hwp,downloaded,,2026-07-01T02:35:32
PBLN_000000000123320,bizinfo,[서울] 2026년 콘텐츠 기업의 투자유치 활성화를 위한 IR 피칭데이 참여기업 모집 공고,서울특별시,https://www.bizinfo.go.kr/sii/siia/selectSIIA200Detail.do?pblancId=PBLN_000000000123320,https://www.bizinfo.go.kr/cmm/fms/fileDown.do?atchFileId=FILE_000000000760474&fileSn=1,.hwp,C:\dongaAI\3차 프로젝트\0.0\data\attachments\hwp_raw\PBLN_000000000123320_â [ì°¸ê°ì ì²­ì]_2026_IR_í¼ì¹­ë°ì´_ìì.hwp,downloaded,,2026-07-01T02:35:32
PBLN_000000000118617,bizinfo,[충북] 지능형첨단부품산업의 디지털전환 거점 구축 사업 오픈랩 AI 개발플랫폼 활용 지원 수혜기업 모집 공고,충청북도,https://www.bizinfo.go.kr/sii/siia/selectSIIA200Detail.do?pblancId=PBLN_000000000118617,https://www.bizinfo.go.kr/cmm/fms/fileDown.do?atchFileId=FILE_000000000744010&fileSn=0,.hwp,C:\dongaAI\3차 프로젝트\0.0\data\attachments\hwp_raw\PBLN_000000000118617_144350_ë¶ì 2. ìíê¸°ì ì§ìì ì²­ ìë¥.hwp,downloaded,,2026-07-01T02:35:32
PBLN_000000000123205,bizinfo,[경기] 안양시 2026년 하반기 국내외 IP 출원 및 인증 지원사업 모집 공고,경기도,https://www.bizinfo.go.kr/sii/siia/selectSIIA200Detail.do?pblancId=PBLN_000000000123205,https://www.bizinfo.go.kr/sii/siia/202606160955320628.hwp,.hwp,C:\dongaAI\3차 프로젝트\0.0\data\attachments\hwp_raw\PBLN_000000000123205_202606160955320628.hwp,download_failed,404 Client Error: Not Found for url: https://www.bizinfo.go.kr/sii/siia/202606160955320628.hwp,2026-07-01T02:35:33
PBLN_000000000123205,bizinfo,[경기] 안양시 2026년 하반기 국내외 IP 출원 및 인증 지원사업 모집 공고,경기도,https://www.bizinfo.go.kr/sii/siia/selectSIIA200Detail.do?pblancId=PBLN_000000000123205,https://www.bizinfo.go.kr/cmm/fms/fileDown.do?atchFileId=FILE_000000000760009&fileSn=0,.hwp,C:\dongaAI\3차 프로젝트\0.0\data\attachments\hwp_raw\PBLN_000000000123205_ì ì²­ìë¥_2026ë  êµ­ë´ì¸ IP ì¶ì ë° ì¸ì¦ ì§ìì¬ì ì ì²­ìë¥.hwp,downloaded,,2026-07-01T02:35:33
PBLN_000000000123205,bizinfo,[경기] 안양시 2026년 하반기 국내외 IP 출원 및 인증 지원사업 모집 공고,경기도,https://www.bizinfo.go.kr/sii/siia/selectSIIA200Detail.do?pblancId=PBLN_000000000123205,https://www.bizinfo.go.kr/cmm/fms/fileDown.do?atchFileId=FILE_000000000760009&fileSn=1,.hwp,C:\dongaAI\3차 프로젝트\0.0\data\attachments\hwp_raw\PBLN_000000000123205_ì¸ì¦ëì_ì¸ì¦ì§ì ì¢ ë¥ ë° ë²ì.hwp,downloaded,,2026-07-01T02:35:33
PBLN_000000000123205,bizinfo,[경기] 안양시 2026년 하반기 국내외 IP 출원 및 인증 지원사업 모집 공고,경기도,https://www.bizinfo.go.kr/sii/siia/selectSIIA200Detail.do?pblancId=PBLN_000000000123205,https://www.bizinfo.go.kr/cmm/fms/fileDown.do?atchFileId=FILE_000000000760008&fileSn=0,.hwp,C:\dongaAI\3차 프로젝트\0.0\data\attachments\hwp_raw\PBLN_000000000123205_ê³µê³ ë¬¸_2026ë  êµ­ë´ì¸ IP ë° ì¸ì¦ ì§ìì¬ì (íë°ê¸°).hwp,downloaded,,2026-07-01T02:35:33
PBLN_000000000123335,bizinfo,2026년 차세대 특화망 사전검증(PoC) 지원사업 수요기업 모집 공고,과학기술정보통신부,https://www.bizinfo.go.kr/sii/siia/selectSIIA200Detail.do?pblancId=PBLN_000000000123335,https://www.bizinfo.go.kr/cmm/fms/fileDown.do?atchFileId=FILE_000000000760511&fileSn=0,.hwp,C:\dongaAI\3차 프로젝트\0.0\data\attachments\hwp_raw\PBLN_000000000123335_ë¶ì 1. ì°¨ì¸ë í¹íë§ ì¬ì ê²ì¦(PoC) ì§ì ê³µëª¨ ê³í.hwp,downloaded,,2026-07-01T02:35:36
PBLN_000000000123335,bizinfo,2026년 차세대 특화망 사전검증(PoC) 지원사업 수요기업 모집 공고,과학기술정보통신부,https://www.bizinfo.go.kr/sii/siia/selectSIIA200Detail.do?pblancId=PBLN_000000000123335,https://www.bizinfo.go.kr/cmm/fms/fileDown.do?atchFileId=FILE_000000000760511&fileSn=2,.hwp,C:\dongaAI\3차 프로젝트\0.0\data\attachments\hwp_raw\PBLN_000000000123335_ë¶ì 2. ì°¨ì¸ë í¹íë§ ì¬ì ê²ì¦(PoC) ì§ì ì¬ì ììê¸°ì ëª¨ì§ ê³µëª¨ìë´ì.hwp,downloaded,,2026-07-01T02:35:36
PBLN_000000000118318,bizinfo,2026년 소스개발 및 생산지원 사업 공고,농림축산식품부,https://www.bizinfo.go.kr/sii/siia/selectSIIA200Detail.do?pblancId=PBLN_000000000118318,https://www.bizinfo.go.kr/sii/siia/202602091044460973.hwp,.hwp,C:\dongaAI\3차 프로젝트\0.0\data\attachments\hwp_raw\PBLN_000000000118318_202602091044460973.hwp,download_failed,404 Client Error: Not Found for url: https://www.bizinfo.go.kr/sii/siia/202602091044460973.hwp,2026-07-01T02:35:36
PBLN_000000000118318,bizinfo,2026년 소스개발 및 생산지원 사업 공고,농림축산식품부,https://www.bizinfo.go.kr/sii/siia/selectSIIA200Detail.do?pblancId=PBLN_000000000118318,https://www.bizinfo.go.kr/sii/siia/[공고 제2026-16호] 2026년 소스개발 및 생산지원 사업 공고_(260204).hwp,.hwp,C:\dongaAI\3차 프로젝트\0.0\data\attachments\hwp_raw\PBLN_000000000118318_[공고 제2026-16호] 2026년 소스개발 및 생산지원 사업 공고_(260204).hwp,download_failed,400 Client Error: Bad Request for url: https://www.bizinfo.go.kr/sii/siia/%5B%EA%B3%B5%EA%B3%A0%20%EC%A0%9C2026-16%ED%98%B8%5D%202026%EB%85%84%20%EC%86%8C%EC%8A%A4%EA%B0%9C%EB%B0%9C%20%EB%B0%8F%20%EC%83%9D%EC%82%B0%EC%A7%80%EC%9B%90%20%EC%82%AC%EC%97%85%20%EA%B3%B5%EA%B3%A0_(260204).hwp,2026-07-01T02:35:36
PBLN_000000000118318,bizinfo,2026년 소스개발 및 생산지원 사업 공고,농림축산식품부,https://www.bizinfo.go.kr/sii/siia/selectSIIA200Detail.do?pblancId=PBLN_000000000118318,https://www.bizinfo.go.kr/cmm/fms/fileDown.do?atchFileId=FILE_000000000743293&fileSn=0,.hwp,C:\dongaAI\3차 프로젝트\0.0\data\attachments\hwp_raw\PBLN_000000000118318_[ê³µê³ ì 2026-16í¸] 2026ë  ìì¤ê°ë° ë° ìì°ì§ì ì¬ì ê³µê³ _(260204).hwp,downloaded,,2026-07-01T02:35:36
PBLN_000000000118361,bizinfo,[경기] 부천시 2026년 유해물질 시험분석 수수료 지원 사업 참여 기업 모집 공고,경기도,https://www.bizinfo.go.kr/sii/siia/selectSIIA200Detail.do?pblancId=PBLN_000000000118361,https://www.bizinfo.go.kr/cmm/fms/fileDown.do?atchFileId=FILE_000000000743422&fileSn=0,.hwp,C:\dongaAI\3차 프로젝트\0.0\data\attachments\hwp_raw\PBLN_000000000118361_[ì ì²­ìì] 2026 ì í´ë¬¼ì§ ìíë¶ì ììë£ ì§ìì¬ì ì ì²­ì.hwp,downloaded,,2026-07-01T02:35:36
PBLN_000000000123351,bizinfo,2026년 창원시 AI기반 슬립테크 국제협력 실증 확산 지원사업 기업지원 공고(해외 인허가 기술문서 작성 지원),산업통상부,https://www.bizinfo.go.kr/sii/siia/selectSIIA200Detail.do?pblancId=PBLN_000000000123351,https://www.bizinfo.go.kr/cmm/fms/fileDown.do?atchFileId=FILE_000000000760555&fileSn=0,.hwp,C:\dongaAI\3차 프로젝트\0.0\data\attachments\hwp_raw\PBLN_000000000123351_(ì ì¶ìë¥) ãAIê¸°ë° ì¬ë¦½í í¬ êµ­ì íë ¥ ì¤ì¦ íì° ì§ìì¬ì ã í´ì¸ì¸íê° ê¸°ì.hwp,downloaded,,2026-07-01T02:35:36
PBLN_000000000118213,bizinfo,[경기] 2026년 가구디자인창작공간운영사업 경기가구창작스튜디오 공동장비 활용 지원 참여기업 모집 공고,경기도,https://www.bizinfo.go.kr/sii/siia/selectSIIA200Detail.do?pblancId=PBLN_000000000118213,https://www.bizinfo.go.kr/sii/siia/202602041408550677.hwp,.hwp,C:\dongaAI\3차 프로젝트\0.0\data\attachments\hwp_raw\PBLN_000000000118213_202602041408550677.hwp,download_failed,404 Client Error: Not Found for url: https://www.bizinfo.go.kr/sii/siia/202602041408550677.hwp,2026-07-01T02:35:36
PBLN_000000000118213,bizinfo,[경기] 2026년 가구디자인창작공간운영사업 경기가구창작스튜디오 공동장비 활용 지원 참여기업 모집 공고,경기도,https://www.bizinfo.go.kr/sii/siia/selectSIIA200Detail.do?pblancId=PBLN_000000000118213,https://www.bizinfo.go.kr/sii/siia/★2026년_경기가구창작스튜디오_공동장비_활용_지원_모집_공고문_및_신청_관련_서류.hwp,.hwp,C:\dongaAI\3차 프로젝트\0.0\data\attachments\hwp_raw\PBLN_000000000118213_★2026년_경기가구창작스튜디오_공동장비_활용_지원_모집_공고문_및_신청_관련_서류.hwp,download_failed,400 Client Error: Bad Request for url: https://www.bizinfo.go.kr/sii/siia/%E2%98%852026%EB%85%84_%EA%B2%BD%EA%B8%B0%EA%B0%80%EA%B5%AC%EC%B0%BD%EC%9E%91%EC%8A%A4%ED%8A%9C%EB%94%94%EC%98%A4_%EA%B3%B5%EB%8F%99%EC%9E%A5%EB%B9%84_%ED%99%9C%EC%9A%A9_%EC%A7%80%EC%9B%90_%EB%AA%A8%EC%A7%91_%EA%B3%B5%EA%B3%A0%EB%AC%B8_%EB%B0%8F_%EC%8B%A0%EC%B2%AD_%EA%B4%80%EB%A0%A8_%EC%84%9C%EB%A5%98.hwp,2026-07-01T02:35:36
PBLN_000000000118213,bizinfo,[경기] 2026년 가구디자인창작공간운영사업 경기가구창작스튜디오 공동장비 활용 지원 참여기업 모집 공고,경기도,https://www.bizinfo.go.kr/sii/siia/selectSIIA200Detail.do?pblancId=PBLN_000000000118213,https://www.bizinfo.go.kr/cmm/fms/fileDown.do?atchFileId=FILE_000000000742889&fileSn=0,.hwp,C:\dongaAI\3차 프로젝트\0.0\data\attachments\hwp_raw\PBLN_000000000118213_â 2026ë _ê²½ê¸°ê°êµ¬ì°½ìì¤íëì¤_ê³µëì¥ë¹_íì©_ì§ì_ëª¨ì§_ê³µê³ ë¬¸_ë°_ì ì²­_ê´ë ¨_ìë¥.hwp,downloaded,,2026-07-01T02:35:36
PBLN_000000000117992,bizinfo,2026년 나눔장비 이전지원사업 모집 공고,과학기술정보통신부,https://www.bizinfo.go.kr/sii/siia/selectSIIA200Detail.do?pblancId=PBLN_000000000117992,https://www.bizinfo.go.kr/sii/siia/202601291405150152.hwp,.hwp,C:\dongaAI\3차 프로젝트\0.0\data\attachments\hwp_raw\PBLN_000000000117992_202601291405150152.hwp,download_failed,404 Client Error: Not Found for url: https://www.bizinfo.go.kr/sii/siia/202601291405150152.hwp,2026-07-01T02:35:37
PBLN_000000000117992,bizinfo,2026년 나눔장비 이전지원사업 모집 공고,과학기술정보통신부,https://www.bizinfo.go.kr/sii/siia/selectSIIA200Detail.do?pblancId=PBLN_000000000117992,https://www.bizinfo.go.kr/sii/siia/2026년 나눔장비 이전지원사업 공고문.hwp,.hwp,C:\dongaAI\3차 프로젝트\0.0\data\attachments\hwp_raw\PBLN_000000000117992_2026년 나눔장비 이전지원사업 공고문.hwp,download_failed,400 Client Error: Bad Request for url: https://www.bizinfo.go.kr/sii/siia/2026%EB%85%84%20%EB%82%98%EB%88%94%EC%9E%A5%EB%B9%84%20%EC%9D%B4%EC%A0%84%EC%A7%80%EC%9B%90%EC%82%AC%EC%97%85%20%EA%B3%B5%EA%B3%A0%EB%AC%B8.hwp,2026-07-01T02:35:37
PBLN_000000000117992,bizinfo,2026년 나눔장비 이전지원사업 모집 공고,과학기술정보통신부,https://www.bizinfo.go.kr/sii/siia/selectSIIA200Detail.do?pblancId=PBLN_000000000117992,https://www.bizinfo.go.kr/cmm/fms/fileDown.do?atchFileId=FILE_000000000742166&fileSn=1,.hwp,C:\dongaAI\3차 프로젝트\0.0\data\attachments\hwp_raw\PBLN_000000000117992_2026ë  ëëì¥ë¹ ì´ì ì§ìì¬ì ê³µê³ ë¬¸.hwp,downloaded,,2026-07-01T02:35:37
PBLN_000000000123375,bizinfo,[전남광주] 첨단로봇ㆍAI 활용 중소기업 제조혁신 사업 기업지원(기술개발) 모집 공고,전남광주통합특별시,https://www.bizinfo.go.kr/sii/siia/selectSIIA200Detail.do?pblancId=PBLN_000000000123375,https://www.bizinfo.go.kr/sii/siia/202606181456230788.hwp,.hwp,C:\dongaAI\3차 프로젝트\0.0\data\attachments\hwp_raw\PBLN_000000000123375_202606181456230788.hwp,download_failed,404 Client Error: Not Found for url: https://www.bizinfo.go.kr/sii/siia/202606181456230788.hwp,2026-07-01T02:35:37
PBLN_000000000123375,bizinfo,[전남광주] 첨단로봇ㆍAI 활용 중소기업 제조혁신 사업 기업지원(기술개발) 모집 공고,전남광주통합특별시,https://www.bizinfo.go.kr/sii/siia/selectSIIA200Detail.do?pblancId=PBLN_000000000123375,https://www.bizinfo.go.kr/sii/siia/1. 첨단로봇·AI 활용 중소기업 제조혁신 기업지원 모집 공고_기술개발.hwp,.hwp,C:\dongaAI\3차 프로젝트\0.0\data\attachments\hwp_raw\PBLN_000000000123375_1. 첨단로봇·AI 활용 중소기업 제조혁신 기업지원 모집 공고_기술개발.hwp,download_failed,400 Client Error: Bad Request for url: https://www.bizinfo.go.kr/sii/siia/1.%20%EC%B2%A8%EB%8B%A8%EB%A1%9C%EB%B4%87%C2%B7AI%20%ED%99%9C%EC%9A%A9%20%EC%A4%91%EC%86%8C%EA%B8%B0%EC%97%85%20%EC%A0%9C%EC%A1%B0%ED%98%81%EC%8B%A0%20%EA%B8%B0%EC%97%85%EC%A7%80%EC%9B%90%20%EB%AA%A8%EC%A7%91%20%EA%B3%B5%EA%B3%A0_%EA%B8%B0%EC%88%A0%EA%B0%9C%EB%B0%9C.hwp,2026-07-01T02:35:37
PBLN_000000000123375,bizinfo,[전남광주] 첨단로봇ㆍAI 활용 중소기업 제조혁신 사업 기업지원(기술개발) 모집 공고,전남광주통합특별시,https://www.bizinfo.go.kr/sii/siia/selectSIIA200Detail.do?pblancId=PBLN_000000000123375,https://www.bizinfo.go.kr/cmm/fms/fileDown.do?atchFileId=FILE_000000000760623&fileSn=1,.hwp,C:\dongaAI\3차 프로젝트\0.0\data\attachments\hwp_raw\PBLN_000000000123375_2. (ìì) ê¸°í ìë¥ ìì ë° ì¬ì ê³íì_ê¸°ì ê°ë°.hwp,downloaded,,2026-07-01T02:35:37
PBLN_000000000123375,bizinfo,[전남광주] 첨단로봇ㆍAI 활용 중소기업 제조혁신 사업 기업지원(기술개발) 모집 공고,전남광주통합특별시,https://www.bizinfo.go.kr/sii/siia/selectSIIA200Detail.do?pblancId=PBLN_000000000123375,https://www.bizinfo.go.kr/cmm/fms/fileDown.do?atchFileId=FILE_000000000760622&fileSn=1,.hwp,C:\dongaAI\3차 프로젝트\0.0\data\attachments\hwp_raw\PBLN_000000000123375_1. ì²¨ë¨ë¡ë´Â·AI íì© ì¤ìê¸°ì ì ì¡°íì ê¸°ì ì§ì ëª¨ì§ ê³µê³ _ê¸°ì ê°ë°.hwp,downloaded,,2026-07-01T02:35:38
PBLN_000000000119052,bizinfo,[인천] 2026년 중소기업 환경개선자금 이자지원 계획 공고,인천광역시,https://www.bizinfo.go.kr/sii/siia/selectSIIA200Detail.do?pblancId=PBLN_000000000119052,https://www.bizinfo.go.kr/sii/siia/202603031450120972.hwp,.hwp,C:\dongaAI\3차 프로젝트\0.0\data\attachments\hwp_raw\PBLN_000000000119052_202603031450120972.hwp,download_failed,404 Client Error: Not Found for url: https://www.bizinfo.go.kr/sii/siia/202603031450120972.hwp,2026-07-01T02:35:38
PBLN_000000000119052,bizinfo,[인천] 2026년 중소기업 환경개선자금 이자지원 계획 공고,인천광역시,https://www.bizinfo.go.kr/sii/siia/selectSIIA200Detail.do?pblancId=PBLN_000000000119052,https://www.bizinfo.go.kr/sii/siia/2026년 기업환경개선자금 이자지원 사업 추진계획.hwp,.hwp,C:\dongaAI\3차 프로젝트\0.0\data\attachments\hwp_raw\PBLN_000000000119052_2026년 기업환경개선자금 이자지원 사업 추진계획.hwp,download_failed,400 Client Error: Bad Request for url: https://www.bizinfo.go.kr/sii/siia/2026%EB%85%84%20%EA%B8%B0%EC%97%85%ED%99%98%EA%B2%BD%EA%B0%9C%EC%84%A0%EC%9E%90%EA%B8%88%20%EC%9D%B4%EC%9E%90%EC%A7%80%EC%9B%90%20%EC%82%AC%EC%97%85%20%EC%B6%94%EC%A7%84%EA%B3%84%ED%9A%8D.hwp,2026-07-01T02:35:38
PBLN_000000000119052,bizinfo,[인천] 2026년 중소기업 환경개선자금 이자지원 계획 공고,인천광역시,https://www.bizinfo.go.kr/sii/siia/selectSIIA200Detail.do?pblancId=PBLN_000000000119052,https://www.bizinfo.go.kr/cmm/fms/fileDown.do?atchFileId=FILE_000000000745246&fileSn=0,.hwp,C:\dongaAI\3차 프로젝트\0.0\data\attachments\hwp_raw\PBLN_000000000119052_2026ë  ê¸°ì íê²½ê°ì ìê¸ ì´ìì§ì ì¬ì ì¶ì§ê³í.hwp,downloaded,,2026-07-01T02:35:38
PBLN_000000000123389,bizinfo,2026년 3차 광주 차세대 지능형 반도체 적용 온디바이스 AI 스케일업 밸리 육성 사업 성장스케일업 지원 수혜기업 추가모집 통합 공고(딥테크 스케일업 밸리 육성사업),과학기술정보통신부,https://www.bizinfo.go.kr/sii/siia/selectSIIA200Detail.do?pblancId=PBLN_000000000123389,https://www.bizinfo.go.kr/cmm/fms/fileDown.do?atchFileId=FILE_000000000760719&fileSn=2,.hwp,C:\dongaAI\3차 프로젝트\0.0\data\attachments\hwp_raw\PBLN_000000000123389_ë¶ì3.ì ì¶ìë¥ìì(â¡~â¥).hwp,downloaded,,2026-07-01T02:35:38
PBLN_000000000123407,bizinfo,[영남권] 2026년 소상공인협동조합 퍼실리테이션 지원 사업 참가자 모집 공고,대구광역시,https://www.bizinfo.go.kr/sii/siia/selectSIIA200Detail.do?pblancId=PBLN_000000000123407,https://www.bizinfo.go.kr/cmm/fms/fileDown.do?atchFileId=FILE_000000000760810&fileSn=0,.hwp,C:\dongaAI\3차 프로젝트\0.0\data\attachments\hwp_raw\PBLN_000000000123407_[ì°¸ì¬ëìì]+í¼ì¤ë¦¬í ì´ì +-+v1.hwp,downloaded,,2026-07-01T02:35:38
PBLN_000000000117268,bizinfo,[경남] 진주시 2026년 농산물우수관리(GAP) 인증수수료 지원사업 신청 공고,경상남도,https://www.bizinfo.go.kr/sii/siia/selectSIIA200Detail.do?pblancId=PBLN_000000000117268,https://www.bizinfo.go.kr/cmm/fms/fileDown.do?atchFileId=FILE_000000000740269&fileSn=0,.hwp,C:\dongaAI\3차 프로젝트\0.0\data\attachments\hwp_raw\PBLN_000000000117268_ë¶ì2 GAP ì¸ì¦ììë£ ì§ìì¬ì ìíì§ì¹¨.hwp,downloaded,,2026-07-01T02:35:38
PBLN_000000000117268,bizinfo,[경남] 진주시 2026년 농산물우수관리(GAP) 인증수수료 지원사업 신청 공고,경상남도,https://www.bizinfo.go.kr/sii/siia/selectSIIA200Detail.do?pblancId=PBLN_000000000117268,https://www.bizinfo.go.kr/cmm/fms/fileDown.do?atchFileId=FILE_000000000740269&fileSn=2,.hwp,C:\dongaAI\3차 프로젝트\0.0\data\attachments\hwp_raw\PBLN_000000000117268_ë¶ì3 GAP ì¸ì¦ììë£ ì§ìì ì²­ì.hwp,downloaded,,2026-07-01T02:35:38
PBLN_000000000117268,bizinfo,[경남] 진주시 2026년 농산물우수관리(GAP) 인증수수료 지원사업 신청 공고,경상남도,https://www.bizinfo.go.kr/sii/siia/selectSIIA200Detail.do?pblancId=PBLN_000000000117268,https://www.bizinfo.go.kr/cmm/fms/fileDown.do?atchFileId=FILE_000000000740268&fileSn=0,.hwp,C:\dongaAI\3차 프로젝트\0.0\data\attachments\hwp_raw\PBLN_000000000117268_ë¶ì1 ê³µê³ ë¬¸(2026ë  ëì°ë¬¼ì°ìê´ë¦¬(GAP) ì¸ì¦ììë£ ì§ì ì ì²­ ê³µê³ ).hwp,downloaded,,2026-07-01T02:35:38
PBLN_000000000123412,bizinfo,[경남] 2026년 수산부산물 재활용 규제자유특구 책임보험 지원기업 모집 공고,경상남도,https://www.bizinfo.go.kr/sii/siia/selectSIIA200Detail.do?pblancId=PBLN_000000000123412,https://www.bizinfo.go.kr/cmm/fms/fileDown.do?atchFileId=FILE_000000000760825&fileSn=1,.hwp,C:\dongaAI\3차 프로젝트\0.0\data\attachments\hwp_raw\PBLN_000000000123412_ë¶ì2. ê¸°ì ì§ì ì ì²­ì_ì± ìë³´í.hwp,downloaded,,2026-07-01T02:35:38
PBLN_000000000117269,bizinfo,[경남] 진주시 2026년 GAP 안전성 분석(안전성 검사비) 지원사업 신청 공고,경상남도,https://www.bizinfo.go.kr/sii/siia/selectSIIA200Detail.do?pblancId=PBLN_000000000117269,https://www.bizinfo.go.kr/cmm/fms/fileDown.do?atchFileId=FILE_000000000740271&fileSn=1,.hwp,C:\dongaAI\3차 프로젝트\0.0\data\attachments\hwp_raw\PBLN_000000000117269_ë¶ì2 2026ë  GAP ìì ì± ë¶ì ì§ìì¬ì ìíì§ì¹¨.hwp,downloaded,,2026-07-01T02:35:38
PBLN_000000000117269,bizinfo,[경남] 진주시 2026년 GAP 안전성 분석(안전성 검사비) 지원사업 신청 공고,경상남도,https://www.bizinfo.go.kr/sii/siia/selectSIIA200Detail.do?pblancId=PBLN_000000000117269,https://www.bizinfo.go.kr/cmm/fms/fileDown.do?atchFileId=FILE_000000000740271&fileSn=2,.hwp,C:\dongaAI\3차 프로젝트\0.0\data\attachments\hwp_raw\PBLN_000000000117269_ë¶ì3 ì ì²­ì ë° ê°ì¸ì ë³´ì ê³µëìì(ìì).hwp,downloaded,,2026-07-01T02:35:38
PBLN_000000000117269,bizinfo,[경남] 진주시 2026년 GAP 안전성 분석(안전성 검사비) 지원사업 신청 공고,경상남도,https://www.bizinfo.go.kr/sii/siia/selectSIIA200Detail.do?pblancId=PBLN_000000000117269,https://www.bizinfo.go.kr/cmm/fms/fileDown.do?atchFileId=FILE_000000000740270&fileSn=0,.hwp,C:\dongaAI\3차 프로젝트\0.0\data\attachments\hwp_raw\PBLN_000000000117269_ë¶ì1 ê³µê³ ë¬¸(2026ë  GAP ìì ì± ê²ì¬ë¹ ì§ì ì ì²­ ê³µê³ ).hwp,downloaded,,2026-07-01T02:35:38
PBLN_000000000122976,bizinfo,2026년 2차 첨단제조로봇 실증사업 참여기업 모집 공고,산업통상부,https://www.bizinfo.go.kr/sii/siia/selectSIIA200Detail.do?pblancId=PBLN_000000000122976,https://www.bizinfo.go.kr/cmm/fms/fileDown.do?atchFileId=FILE_000000000759138&fileSn=0,.hwp,C:\dongaAI\3차 프로젝트\0.0\data\attachments\hwp_raw\PBLN_000000000122976_[ë¶ì1] 2026ë  ãì²¨ë¨ì ì¡°ë¡ë´ ì¤ì¦ì¬ì (2ì°¨))ã ì°¸ì¬ê¸°ì ëª¨ì§ ìë´.hwp,downloaded,,2026-07-01T02:35:38
PBLN_000000000123752,bizinfo,[경북] 2026년 2차 경북기업 취업포털 채용 지원 참여기업 모집 공고,경상북도,https://www.bizinfo.go.kr/sii/siia/selectSIIA200Detail.do?pblancId=PBLN_000000000123752,https://www.bizinfo.go.kr/cmm/fms/fileDown.do?atchFileId=FILE_000000000762104&fileSn=1,.hwp,C:\dongaAI\3차 프로젝트\0.0\data\attachments\hwp_raw\PBLN_000000000123752_[ë¶ì2] ì ì¶ìë¥ ìì.hwp,downloaded,,2026-07-01T02:35:39
PBLN_000000000123752,bizinfo,[경북] 2026년 2차 경북기업 취업포털 채용 지원 참여기업 모집 공고,경상북도,https://www.bizinfo.go.kr/sii/siia/selectSIIA200Detail.do?pblancId=PBLN_000000000123752,https://www.bizinfo.go.kr/cmm/fms/fileDown.do?atchFileId=FILE_000000000762104&fileSn=2,.hwp,C:\dongaAI\3차 프로젝트\0.0\data\attachments\hwp_raw\PBLN_000000000123752_[ë¶ì3] êµ¬ì¸ì ì²­ì(ìì©).hwp,downloaded,,2026-07-01T02:35:39
PBLN_000000000123700,bizinfo,[대구] 2026년 산업안전보건 원스톱 서비스 지원 공고,대구광역시,https://www.bizinfo.go.kr/sii/siia/selectSIIA200Detail.do?pblancId=PBLN_000000000123700,https://www.bizinfo.go.kr/sii/siia/202606291113330031.hwp,.hwp,C:\dongaAI\3차 프로젝트\0.0\data\attachments\hwp_raw\PBLN_000000000123700_202606291113330031.hwp,download_failed,404 Client Error: Not Found for url: https://www.bizinfo.go.kr/sii/siia/202606291113330031.hwp,2026-07-01T02:35:39
PBLN_000000000123700,bizinfo,[대구] 2026년 산업안전보건 원스톱 서비스 지원 공고,대구광역시,https://www.bizinfo.go.kr/sii/siia/selectSIIA200Detail.do?pblancId=PBLN_000000000123700,https://www.bizinfo.go.kr/sii/siia/공고문 산업안전보건 원스톱 서비스 지원.hwp,.hwp,C:\dongaAI\3차 프로젝트\0.0\data\attachments\hwp_raw\PBLN_000000000123700_공고문 산업안전보건 원스톱 서비스 지원.hwp,download_failed,400 Client Error: Bad Request for url: https://www.bizinfo.go.kr/sii/siia/%EA%B3%B5%EA%B3%A0%EB%AC%B8%20%EC%82%B0%EC%97%85%EC%95%88%EC%A0%84%EB%B3%B4%EA%B1%B4%20%EC%9B%90%EC%8A%A4%ED%86%B1%20%EC%84%9C%EB%B9%84%EC%8A%A4%20%EC%A7%80%EC%9B%90.hwp,2026-07-01T02:35:39
PBLN_000000000123700,bizinfo,[대구] 2026년 산업안전보건 원스톱 서비스 지원 공고,대구광역시,https://www.bizinfo.go.kr/sii/siia/selectSIIA200Detail.do?pblancId=PBLN_000000000123700,https://www.bizinfo.go.kr/cmm/fms/fileDown.do?atchFileId=FILE_000000000761901&fileSn=0,.hwp,C:\dongaAI\3차 프로젝트\0.0\data\attachments\hwp_raw\PBLN_000000000123700_ìì ì°ì ìì ë³´ê±´ ìì¤í± ìë¹ì¤ ì§ì.hwp,downloaded,,2026-07-01T02:35:39
PBLN_000000000123700,bizinfo,[대구] 2026년 산업안전보건 원스톱 서비스 지원 공고,대구광역시,https://www.bizinfo.go.kr/sii/siia/selectSIIA200Detail.do?pblancId=PBLN_000000000123700,https://www.bizinfo.go.kr/cmm/fms/fileDown.do?atchFileId=FILE_000000000761840&fileSn=0,.hwp,C:\dongaAI\3차 프로젝트\0.0\data\attachments\hwp_raw\PBLN_000000000123700_ê³µê³ ë¬¸ ì°ì ìì ë³´ê±´ ìì¤í± ìë¹ì¤ ì§ì.hwp,downloaded,,2026-07-01T02:35:39
PBLN_000000000123721,bizinfo,[부산] 2026년 하반기 청년 일경험지원사업(인턴형) 인턴십 프로그램 참여기업 모집 공고,부산광역시,https://www.bizinfo.go.kr/sii/siia/selectSIIA200Detail.do?pblancId=PBLN_000000000123721,https://www.bizinfo.go.kr/cmm/fms/fileDown.do?atchFileId=FILE_000000000761961&fileSn=1,.hwp,C:\dongaAI\3차 프로젝트\0.0\data\attachments\hwp_raw\PBLN_000000000123721_ë¶ì2. ì¼ê²½í ì´ìê³íì.hwp,downloaded,,2026-07-01T02:35:39
PBLN_000000000123415,bizinfo,[경북] 2026년 소공인 스마트제조지원(스마트공방)사업 모집 공고,경상북도,https://www.bizinfo.go.kr/sii/siia/selectSIIA200Detail.do?pblancId=PBLN_000000000123415,https://www.bizinfo.go.kr/cmm/fms/fileDown.do?atchFileId=FILE_000000000760833&fileSn=0,.hwp,C:\dongaAI\3차 프로젝트\0.0\data\attachments\hwp_raw\PBLN_000000000123415_2026ë  ê²½ìë¶ë ìê³µì¸ ì¤ë§í¸ì ì¡°ì§ìì¬ì ëª¨ì§ ê³µê³ ë³ì²¨ìë£.hwp,downloaded,,2026-07-01T02:35:39
PBLN_000000000123479,bizinfo,2026년 3차 벤처기업 공동채용 지원사업 참여기업 모집 공고,중소벤처기업부,https://www.bizinfo.go.kr/sii/siia/selectSIIA200Detail.do?pblancId=PBLN_000000000123479,https://www.bizinfo.go.kr/cmm/fms/fileDown.do?atchFileId=FILE_000000000761212&fileSn=1,.hwp,C:\dongaAI\3차 프로젝트\0.0\data\attachments\hwp_raw\PBLN_000000000123479_2026 ë²¤ì²ê¸°ì ê³µëì±ì© ì¬ì ê¸°ì ëª¨ì§ ê³µê³.hwp,downloaded,,2026-07-01T02:35:40
PBLN_000000000123483,bizinfo,[부산] 2026년 2차 소규모사업장 작업환경개선 지원사업 모집 공고,부산광역시,https://www.bizinfo.go.kr/sii/siia/selectSIIA200Detail.do?pblancId=PBLN_000000000123483,https://www.bizinfo.go.kr/cmm/fms/fileDown.do?atchFileId=FILE_000000000761046&fileSn=0,.hwp,C:\dongaAI\3차 프로젝트\0.0\data\attachments\hwp_raw\PBLN_000000000123483_1.+ì¬ì ì ì²­ì2ì°¨.hwp,downloaded,,2026-07-01T02:35:40
PBLN_000000000123483,bizinfo,[부산] 2026년 2차 소규모사업장 작업환경개선 지원사업 모집 공고,부산광역시,https://www.bizinfo.go.kr/sii/siia/selectSIIA200Detail.do?pblancId=PBLN_000000000123483,https://www.bizinfo.go.kr/cmm/fms/fileDown.do?atchFileId=FILE_000000000761046&fileSn=1,.hwp,C:\dongaAI\3차 프로젝트\0.0\data\attachments\hwp_raw\PBLN_000000000123483_2.+ì²­ë ´ì´íê°ì2ì°¨.hwp,downloaded,,2026-07-01T02:35:40
PBLN_000000000123483,bizinfo,[부산] 2026년 2차 소규모사업장 작업환경개선 지원사업 모집 공고,부산광역시,https://www.bizinfo.go.kr/sii/siia/selectSIIA200Detail.do?pblancId=PBLN_000000000123483,https://www.bizinfo.go.kr/cmm/fms/fileDown.do?atchFileId=FILE_000000000761046&fileSn=2,.hwp,C:\dongaAI\3차 프로젝트\0.0\data\attachments\hwp_raw\PBLN_000000000123483_3.+ê¸°ì +ë°+ê°ì¸ì ë³´+íì©ì+ìí+ëìì2ì°¨.hwp,downloaded,,2026-07-01T02:35:40
PBLN_000000000121785,bizinfo,[전남광주] 2026년 소규모 밀착 안전망 구축사업 참여기업 모집 공고(지역 중대재해 예방 사각지대 해소사업),전남광주통합특별시,https://www.bizinfo.go.kr/sii/siia/selectSIIA200Detail.do?pblancId=PBLN_000000000121785,https://www.bizinfo.go.kr/cmm/fms/fileDown.do?atchFileId=FILE_000000000754672&fileSn=0,.hwp,C:\dongaAI\3차 프로젝트\0.0\data\attachments\hwp_raw\PBLN_000000000121785_ë¶ì1-2.(ìì)2026ë ìê·ëª¨ë°ì°©ìì ë§êµ¬ì¶ì¬ì ì°¸ì¬ì ì²­ì(ê±´ì¤).hwp,downloaded,,2026-07-01T02:35:40
PBLN_000000000121785,bizinfo,[전남광주] 2026년 소규모 밀착 안전망 구축사업 참여기업 모집 공고(지역 중대재해 예방 사각지대 해소사업),전남광주통합특별시,https://www.bizinfo.go.kr/sii/siia/selectSIIA200Detail.do?pblancId=PBLN_000000000121785,https://www.bizinfo.go.kr/cmm/fms/fileDown.do?atchFileId=FILE_000000000754672&fileSn=1,.hwp,C:\dongaAI\3차 프로젝트\0.0\data\attachments\hwp_raw\PBLN_000000000121785_ë¶ì1-1.(ìì)2026ë ìê·ëª¨ë°ì°©ìì ë§êµ¬ì¶ì¬ì ì°¸ì¬ì ì²­ì(ì ì¡°).hwp,downloaded,,2026-07-01T02:35:40
PBLN_000000000122145,bizinfo,2026년 미래내일 일경험 사업 참여기업 모집 공고(인턴형),고용노동부,https://www.bizinfo.go.kr/sii/siia/selectSIIA200Detail.do?pblancId=PBLN_000000000122145,https://www.bizinfo.go.kr/cmm/fms/fileDown.do?atchFileId=FILE_000000000756076&fileSn=1,.hwp,C:\dongaAI\3차 프로젝트\0.0\data\attachments\hwp_raw\PBLN_000000000122145_2026ë +ë¯¸ëë´ì¼+ì¼ê²½í+ì¬ì +ì°¸ì¬ê¸°ì +ëª¨ì§+ê³µê³ (ì¸í´í)_ìì+í¬í¨.hwp,downloaded,,2026-07-01T02:35:41
PBLN_000000000121442,bizinfo,[인천] 2026년 소규모 제조업 중대재해 예방 안전조치 지원사업 참여기업 모집 공고,인천광역시,https://www.bizinfo.go.kr/sii/siia/selectSIIA200Detail.do?pblancId=PBLN_000000000121442,https://www.bizinfo.go.kr/sii/siia/202604291342550157.hwp,.hwp,C:\dongaAI\3차 프로젝트\0.0\data\attachments\hwp_raw\PBLN_000000000121442_202604291342550157.hwp,download_failed,404 Client Error: Not Found for url: https://www.bizinfo.go.kr/sii/siia/202604291342550157.hwp,2026-07-01T02:35:41
PBLN_000000000121442,bizinfo,[인천] 2026년 소규모 제조업 중대재해 예방 안전조치 지원사업 참여기업 모집 공고,인천광역시,https://www.bizinfo.go.kr/sii/siia/selectSIIA200Detail.do?pblancId=PBLN_000000000121442,https://www.bizinfo.go.kr/sii/siia/(붙임)2026 인천 소규모 제조업 중대재해 예방 안전조치 지원사업 모집 공고문 및 신청서식_260427.hwp,.hwp,C:\dongaAI\3차 프로젝트\0.0\data\attachments\hwp_raw\PBLN_000000000121442_(붙임)2026 인천 소규모 제조업 중대재해 예방 안전조치 지원사업 모집 공고문 및 신청서식_260427.hwp,download_failed,400 Client Error: Bad Request for url: https://www.bizinfo.go.kr/sii/siia/(%EB%B6%99%EC%9E%84)2026%20%EC%9D%B8%EC%B2%9C%20%EC%86%8C%EA%B7%9C%EB%AA%A8%20%EC%A0%9C%EC%A1%B0%EC%97%85%20%EC%A4%91%EB%8C%80%EC%9E%AC%ED%95%B4%20%EC%98%88%EB%B0%A9%20%EC%95%88%EC%A0%84%EC%A1%B0%EC%B9%98%20%EC%A7%80%EC%9B%90%EC%82%AC%EC%97%85%20%EB%AA%A8%EC%A7%91%20%EA%B3%B5%EA%B3%A0%EB%AC%B8%20%EB%B0%8F%20%EC%8B%A0%EC%B2%AD%EC%84%9C%EC%8B%9D_260427.hwp,2026-07-01T02:35:41
PBLN_000000000121442,bizinfo,[인천] 2026년 소규모 제조업 중대재해 예방 안전조치 지원사업 참여기업 모집 공고,인천광역시,https://www.bizinfo.go.kr/sii/siia/selectSIIA200Detail.do?pblancId=PBLN_000000000121442,https://www.bizinfo.go.kr/cmm/fms/fileDown.do?atchFileId=FILE_000000000753483&fileSn=0,.hwp,C:\dongaAI\3차 프로젝트\0.0\data\attachments\hwp_raw\PBLN_000000000121442_(ë¶ì)2026 ì¸ì² ìê·ëª¨ ì ì¡°ì ì¤ëì¬í´ ìë°© ìì ì¡°ì¹ ì§ìì¬ì ëª¨ì§ ê³µê³ ë¬¸ ë°.hwp,downloaded,,2026-07-01T02:35:41
PBLN_000000000121784,bizinfo,[경기] 2026년 로봇직업교육센터 취업 연계 지원사업 참여기업 모집 공고,경기도,https://www.bizinfo.go.kr/sii/siia/selectSIIA200Detail.do?pblancId=PBLN_000000000121784,https://www.bizinfo.go.kr/sii/siia/202605081507020683.hwp,.hwp,C:\dongaAI\3차 프로젝트\0.0\data\attachments\hwp_raw\PBLN_000000000121784_202605081507020683.hwp,download_failed,404 Client Error: Not Found for url: https://www.bizinfo.go.kr/sii/siia/202605081507020683.hwp,2026-07-01T02:35:41
PBLN_000000000121784,bizinfo,[경기] 2026년 로봇직업교육센터 취업 연계 지원사업 참여기업 모집 공고,경기도,https://www.bizinfo.go.kr/sii/siia/selectSIIA200Detail.do?pblancId=PBLN_000000000121784,https://www.bizinfo.go.kr/sii/siia/붙임 1. (공고문) 참여기업 모집공고.hwp,.hwp,C:\dongaAI\3차 프로젝트\0.0\data\attachments\hwp_raw\PBLN_000000000121784_붙임 1. (공고문) 참여기업 모집공고.hwp,download_failed,400 Client Error: Bad Request for url: https://www.bizinfo.go.kr/sii/siia/%EB%B6%99%EC%9E%84%201.%20(%EA%B3%B5%EA%B3%A0%EB%AC%B8)%20%EC%B0%B8%EC%97%AC%EA%B8%B0%EC%97%85%20%EB%AA%A8%EC%A7%91%EA%B3%B5%EA%B3%A0.hwp,2026-07-01T02:35:41
PBLN_000000000121784,bizinfo,[경기] 2026년 로봇직업교육센터 취업 연계 지원사업 참여기업 모집 공고,경기도,https://www.bizinfo.go.kr/sii/siia/selectSIIA200Detail.do?pblancId=PBLN_000000000121784,https://www.bizinfo.go.kr/cmm/fms/fileDown.do?atchFileId=FILE_000000000754663&fileSn=1,.hwp,C:\dongaAI\3차 프로젝트\0.0\data\attachments\hwp_raw\PBLN_000000000121784_ë¶ì 1. (ê³µê³ ë¬¸) ì°¸ì¬ê¸°ì ëª¨ì§ê³µê³.hwp,downloaded,,2026-07-01T02:35:41
PBLN_000000000121195,bizinfo,[충북] 2026년 청년일자리도약장려금 사업 참여기업 모집 공고,고용노동부,https://www.bizinfo.go.kr/sii/siia/selectSIIA200Detail.do?pblancId=PBLN_000000000121195,https://www.bizinfo.go.kr/sii/siia/202604231306000622.hwp,.hwp,C:\dongaAI\3차 프로젝트\0.0\data\attachments\hwp_raw\PBLN_000000000121195_202604231306000622.hwp,download_failed,404 Client Error: Not Found for url: https://www.bizinfo.go.kr/sii/siia/202604231306000622.hwp,2026-07-01T02:35:41
PBLN_000000000121195,bizinfo,[충북] 2026년 청년일자리도약장려금 사업 참여기업 모집 공고,고용노동부,https://www.bizinfo.go.kr/sii/siia/selectSIIA200Detail.do?pblancId=PBLN_000000000121195,https://www.bizinfo.go.kr/sii/siia/(안내문) 2026년 청년일자리도약장려금 사업.hwp,.hwp,C:\dongaAI\3차 프로젝트\0.0\data\attachments\hwp_raw\PBLN_000000000121195_(안내문) 2026년 청년일자리도약장려금 사업.hwp,download_failed,400 Client Error: Bad Request for url: https://www.bizinfo.go.kr/sii/siia/(%EC%95%88%EB%82%B4%EB%AC%B8)%202026%EB%85%84%20%EC%B2%AD%EB%85%84%EC%9D%BC%EC%9E%90%EB%A6%AC%EB%8F%84%EC%95%BD%EC%9E%A5%EB%A0%A4%EA%B8%88%20%EC%82%AC%EC%97%85.hwp,2026-07-01T02:35:41
PBLN_000000000121195,bizinfo,[충북] 2026년 청년일자리도약장려금 사업 참여기업 모집 공고,고용노동부,https://www.bizinfo.go.kr/sii/siia/selectSIIA200Detail.do?pblancId=PBLN_000000000121195,https://www.bizinfo.go.kr/cmm/fms/fileDown.do?atchFileId=FILE_000000000752599&fileSn=0,.hwp,C:\dongaAI\3차 프로젝트\0.0\data\attachments\hwp_raw\PBLN_000000000121195_(ìë´ë¬¸) 2026ë  ì²­ë ì¼ìë¦¬ëì½ì¥ë ¤ê¸ ì¬ì.hwp,downloaded,,2026-07-01T02:35:41
PBLN_000000000121311,bizinfo,[전남광주] 2026년 융ㆍ복합 가전산업 고용 안착 활성화 지원 사업 참여기업(참여자) 모집 공고,전남광주통합특별시,https://www.bizinfo.go.kr/sii/siia/selectSIIA200Detail.do?pblancId=PBLN_000000000121311,https://www.bizinfo.go.kr/cmm/fms/fileDown.do?atchFileId=FILE_000000000753055&fileSn=0,.hwp,C:\dongaAI\3차 프로젝트\0.0\data\attachments\hwp_raw\PBLN_000000000121311_[ì¬ì ì ì²­ì]ìµë³µí©ê°ì ì°ì ê³ ì©ìì°©íì±íì§ìììë°ì ì¶ìë¥.hwp,downloaded,,2026-07-01T02:35:41
PBLN_000000000120783,bizinfo,[전북] ICT이노베이션스퀘어 확산사업 기업협력프로젝트 참여기업 모집 공고,전북특별자치도,https://www.bizinfo.go.kr/sii/siia/selectSIIA200Detail.do?pblancId=PBLN_000000000120783,https://www.bizinfo.go.kr/cmm/fms/fileDown.do?atchFileId=FILE_000000000751212&fileSn=0,.hwp,C:\dongaAI\3차 프로젝트\0.0\data\attachments\hwp_raw\PBLN_000000000120783_2026 ê¸°ì íë ¥íë¡ì í¸ ì ì²­ì ìì.hwp,downloaded,,2026-07-01T02:35:41
PBLN_000000000120863,bizinfo,[충북] 2026년 청년 일경험 지원사업 인턴형 참여기업 모집 공고,충청북도,https://www.bizinfo.go.kr/sii/siia/selectSIIA200Detail.do?pblancId=PBLN_000000000120863,https://www.bizinfo.go.kr/cmm/fms/fileDown.do?atchFileId=FILE_000000000751501&fileSn=1,.hwp,C:\dongaAI\3차 프로젝트\0.0\data\attachments\hwp_raw\PBLN_000000000120863_(ìì1-5)ì¼ê²½í_ì°¸ì¬ê¸°ì _ì ì²­ìë¥(ì ì²­ìíì¸ìíì½ììì½ìì´ìê³íì).hwp,downloaded,,2026-07-01T02:35:41
PBLN_000000000123417,bizinfo,[경북] 영천시 2026년 2차 중소기업 고부가가치 전환육성 지원사업 공고,경상북도,https://www.bizinfo.go.kr/sii/siia/selectSIIA200Detail.do?pblancId=PBLN_000000000123417,https://www.bizinfo.go.kr/cmm/fms/fileDown.do?atchFileId=FILE_000000000760841&fileSn=1,.hwp,C:\dongaAI\3차 프로젝트\0.0\data\attachments\hwp_raw\PBLN_000000000123417_[R&D ìì] 2026ë  ìì²ì ì¤ìê¸°ì ê³ ë¶ê°ê°ì¹ ì íì¡ì± ì§ìì¬ì R&D ì§ì ì¬ì ê³íì.hwp,downloaded,,2026-07-01T02:35:42
PBLN_000000000123417,bizinfo,[경북] 영천시 2026년 2차 중소기업 고부가가치 전환육성 지원사업 공고,경상북도,https://www.bizinfo.go.kr/sii/siia/selectSIIA200Detail.do?pblancId=PBLN_000000000123417,https://www.bizinfo.go.kr/cmm/fms/fileDown.do?atchFileId=FILE_000000000760841&fileSn=2,.hwp,C:\dongaAI\3차 프로젝트\0.0\data\attachments\hwp_raw\PBLN_000000000123417_[ê³µê³ ë¬¸] 2026ë  ìì²ì ì¤ìê¸°ì ê³ ë¶ê°ê°ì¹ ì íì¡ì± ì§ìì¬ì 2ì°¨ ëª¨ì§ ê³µê³.hwp,downloaded,,2026-07-01T02:35:42
PBLN_000000000123417,bizinfo,[경북] 영천시 2026년 2차 중소기업 고부가가치 전환육성 지원사업 공고,경상북도,https://www.bizinfo.go.kr/sii/siia/selectSIIA200Detail.do?pblancId=PBLN_000000000123417,https://www.bizinfo.go.kr/cmm/fms/fileDown.do?atchFileId=FILE_000000000760841&fileSn=3,.hwp,C:\dongaAI\3차 프로젝트\0.0\data\attachments\hwp_raw\PBLN_000000000123417_[ë¹R&D ìì] 2026ë  ìì²ì ì¤ìê¸°ì ê³ ë¶ê°ê°ì¹ ì íì¡ì± ì§ìì¬ì ë¹R&D ì§ì ì¬ì.hwp,downloaded,,2026-07-01T02:35:42
PBLN_000000000123417,bizinfo,[경북] 영천시 2026년 2차 중소기업 고부가가치 전환육성 지원사업 공고,경상북도,https://www.bizinfo.go.kr/sii/siia/selectSIIA200Detail.do?pblancId=PBLN_000000000123417,https://www.bizinfo.go.kr/cmm/fms/fileDown.do?atchFileId=FILE_000000000760841&fileSn=4,.hwp,C:\dongaAI\3차 프로젝트\0.0\data\attachments\hwp_raw\PBLN_000000000123417_[R&D] ì¬ì ë¹ ì¬ì© ì§ì¹¨(2026ë ).hwp,downloaded,,2026-07-01T02:35:42
PBLN_000000000120386,bizinfo,[울산] 2026년 자동차 부품업종 미래인재 일경험 지원사업 참여기업 모집 공고(지역ㆍ산업맞춤형 일자리지원 사업(자율계정)),울산광역시,https://www.bizinfo.go.kr/sii/siia/selectSIIA200Detail.do?pblancId=PBLN_000000000120386,https://www.bizinfo.go.kr/sii/siia/202604031518260935.hwp,.hwp,C:\dongaAI\3차 프로젝트\0.0\data\attachments\hwp_raw\PBLN_000000000120386_202604031518260935.hwp,download_failed,404 Client Error: Not Found for url: https://www.bizinfo.go.kr/sii/siia/202604031518260935.hwp,2026-07-01T02:35:42
PBLN_000000000120386,bizinfo,[울산] 2026년 자동차 부품업종 미래인재 일경험 지원사업 참여기업 모집 공고(지역ㆍ산업맞춤형 일자리지원 사업(자율계정)),울산광역시,https://www.bizinfo.go.kr/sii/siia/selectSIIA200Detail.do?pblancId=PBLN_000000000120386,https://www.bizinfo.go.kr/sii/siia/자동차 부품업종 미래인재 일경험 지원사업 참여기업 모집공고.hwp,.hwp,C:\dongaAI\3차 프로젝트\0.0\data\attachments\hwp_raw\PBLN_000000000120386_자동차 부품업종 미래인재 일경험 지원사업 참여기업 모집공고.hwp,download_failed,400 Client Error: Bad Request for url: https://www.bizinfo.go.kr/sii/siia/%EC%9E%90%EB%8F%99%EC%B0%A8%20%EB%B6%80%ED%92%88%EC%97%85%EC%A2%85%20%EB%AF%B8%EB%9E%98%EC%9D%B8%EC%9E%AC%20%EC%9D%BC%EA%B2%BD%ED%97%98%20%EC%A7%80%EC%9B%90%EC%82%AC%EC%97%85%20%EC%B0%B8%EC%97%AC%EA%B8%B0%EC%97%85%20%EB%AA%A8%EC%A7%91%EA%B3%B5%EA%B3%A0.hwp,2026-07-01T02:35:42
PBLN_000000000120386,bizinfo,[울산] 2026년 자동차 부품업종 미래인재 일경험 지원사업 참여기업 모집 공고(지역ㆍ산업맞춤형 일자리지원 사업(자율계정)),울산광역시,https://www.bizinfo.go.kr/sii/siia/selectSIIA200Detail.do?pblancId=PBLN_000000000120386,https://www.bizinfo.go.kr/cmm/fms/fileDown.do?atchFileId=FILE_000000000749880&fileSn=0,.hwp,C:\dongaAI\3차 프로젝트\0.0\data\attachments\hwp_raw\PBLN_000000000120386_ìëì°¨ ë¶íì ì¢ ë¯¸ëì¸ì¬ ì¼ê²½í ì§ìì¬ì ì°¸ì¬ê¸°ì ëª¨ì§ê³µê³.hwp,downloaded,,2026-07-01T02:35:42
PBLN_000000000120385,bizinfo,[울산] 2026년 자동차 부품업종 근로자 지역정착 지원사업 참여기업 모집 공고(지역ㆍ산업맞춤형 일자리지원 사업(자율계정)),울산광역시,https://www.bizinfo.go.kr/sii/siia/selectSIIA200Detail.do?pblancId=PBLN_000000000120385,https://www.bizinfo.go.kr/cmm/fms/fileDown.do?atchFileId=FILE_000000000749879&fileSn=0,.hwp,C:\dongaAI\3차 프로젝트\0.0\data\attachments\hwp_raw\PBLN_000000000120385_ìëì°¨ ë¶íì ì¢ ê·¼ë¡ì ì§ì­ì ì°© ì§ìì¬ì ì°¸ì¬ê¸°ì ëª¨ì§ê³µê³.hwp,downloaded,,2026-07-01T02:35:42
PBLN_000000000123434,bizinfo,[충북] 2026년 벤처 및 스타트업 기업 공동연구장비 활용 지원사업 참여기업 추가 공고,충청북도,https://www.bizinfo.go.kr/sii/siia/selectSIIA200Detail.do?pblancId=PBLN_000000000123434,https://www.bizinfo.go.kr/cmm/fms/fileDown.do?atchFileId=FILE_000000000760876&fileSn=1,.hwp,C:\dongaAI\3차 프로젝트\0.0\data\attachments\hwp_raw\PBLN_000000000123434_ìì_2026ë ë_ë²¤ì²_ë°_ì¤íí¸ì ê¸°ì _ê³µëì°êµ¬ì¥ë¹íì©_ì§ìì¬ì _ì ì²­_ìì.hwp,downloaded,,2026-07-01T02:35:42
PBLN_000000000119953,bizinfo,[부산] 제조산업 산업전환을 통한 혁신성장 지원 사업 참여 기업 모집 공고,부산광역시,https://www.bizinfo.go.kr/sii/siia/selectSIIA200Detail.do?pblancId=PBLN_000000000119953,https://www.bizinfo.go.kr/cmm/fms/fileDown.do?atchFileId=FILE_000000000748417&fileSn=1,.hwp,C:\dongaAI\3차 프로젝트\0.0\data\attachments\hwp_raw\PBLN_000000000119953_[ê³µê³ ë¬¸] ë¶ì° ì ì¡°ì°ì ì°ì ì íì íµí íì ì±ì¥ ì§ì ì¬ì _ìì .hwp,downloaded,,2026-07-01T02:35:42
PBLN_000000000123438,bizinfo,2026년 2차 경북 해양기업 혁신성장 R&BD 패키지 지원사업 참여기업 모집 공고,경상북도,https://www.bizinfo.go.kr/sii/siia/selectSIIA200Detail.do?pblancId=PBLN_000000000123438,https://www.bizinfo.go.kr/cmm/fms/fileDown.do?atchFileId=FILE_000000000760894&fileSn=1,.hwp,C:\dongaAI\3차 프로젝트\0.0\data\attachments\hwp_raw\PBLN_000000000123438_ë¶ì 2. [í´ìê¸°ì íì ì±ì¥ R&BDí¨í¤ì§ ì§ìì¬ì ] ì ì²­ ìì(ì¬ì í ì§ì).hwp,downloaded,,2026-07-01T02:35:43
PBLN_000000000123442,bizinfo,[인천] 2026년 콘텐츠 스케일업 플러스 지원사업 재공고,인천광역시,https://www.bizinfo.go.kr/sii/siia/selectSIIA200Detail.do?pblancId=PBLN_000000000123442,https://www.bizinfo.go.kr/sii/siia/202606221334310842.hwp,.hwp,C:\dongaAI\3차 프로젝트\0.0\data\attachments\hwp_raw\PBLN_000000000123442_202606221334310842.hwp,download_failed,404 Client Error: Not Found for url: https://www.bizinfo.go.kr/sii/siia/202606221334310842.hwp,2026-07-01T02:35:43
PBLN_000000000123442,bizinfo,[인천] 2026년 콘텐츠 스케일업 플러스 지원사업 재공고,인천광역시,https://www.bizinfo.go.kr/sii/siia/selectSIIA200Detail.do?pblancId=PBLN_000000000123442,https://www.bizinfo.go.kr/sii/siia/붙임1. 2026 콘텐츠 스케일업 플러스 모집 재공고.hwp,.hwp,C:\dongaAI\3차 프로젝트\0.0\data\attachments\hwp_raw\PBLN_000000000123442_붙임1. 2026 콘텐츠 스케일업 플러스 모집 재공고.hwp,download_failed,400 Client Error: Bad Request for url: https://www.bizinfo.go.kr/sii/siia/%EB%B6%99%EC%9E%841.%202026%20%EC%BD%98%ED%85%90%EC%B8%A0%20%EC%8A%A4%EC%BC%80%EC%9D%BC%EC%97%85%20%ED%94%8C%EB%9F%AC%EC%8A%A4%20%EB%AA%A8%EC%A7%91%20%EC%9E%AC%EA%B3%B5%EA%B3%A0.hwp,2026-07-01T02:35:43
PBLN_000000000123442,bizinfo,[인천] 2026년 콘텐츠 스케일업 플러스 지원사업 재공고,인천광역시,https://www.bizinfo.go.kr/sii/siia/selectSIIA200Detail.do?pblancId=PBLN_000000000123442,https://www.bizinfo.go.kr/cmm/fms/fileDown.do?atchFileId=FILE_000000000760889&fileSn=0,.hwp,C:\dongaAI\3차 프로젝트\0.0\data\attachments\hwp_raw\PBLN_000000000123442_ë¶ì1. 2026 ì½í ì¸ ì¤ì¼ì¼ì íë¬ì¤ ëª¨ì§ ì¬ê³µê³.hwp,downloaded,,2026-07-01T02:35:43
PBLN_000000000123443,bizinfo,[충북] 2026년 2차 바이오 국제공동연구사업 지원과제 공고(양자간 국제공동연구사업),충청북도,https://www.bizinfo.go.kr/sii/siia/selectSIIA200Detail.do?pblancId=PBLN_000000000123443,https://www.bizinfo.go.kr/sii/siia/202606221358130480.hwp,.hwp,C:\dongaAI\3차 프로젝트\0.0\data\attachments\hwp_raw\PBLN_000000000123443_202606221358130480.hwp,download_failed,404 Client Error: Not Found for url: https://www.bizinfo.go.kr/sii/siia/202606221358130480.hwp,2026-07-01T02:35:43
PBLN_000000000123443,bizinfo,[충북] 2026년 2차 바이오 국제공동연구사업 지원과제 공고(양자간 국제공동연구사업),충청북도,https://www.bizinfo.go.kr/sii/siia/selectSIIA200Detail.do?pblancId=PBLN_000000000123443,https://www.bizinfo.go.kr/cmm/fms/fileDown.do?atchFileId=FILE_000000000760906&fileSn=1,.hwp,C:\dongaAI\3차 프로젝트\0.0\data\attachments\hwp_raw\PBLN_000000000123443_ë¶ì2._2026ë _ì 2ì°¨_ë°ì´ì¤_êµ­ì ê³µëì°êµ¬ê°ë°_ì§ìì¬ì _ì ì²­ì_ë°_ìì.hwp,downloaded,,2026-07-01T02:35:43
PBLN_000000000123443,bizinfo,[충북] 2026년 2차 바이오 국제공동연구사업 지원과제 공고(양자간 국제공동연구사업),충청북도,https://www.bizinfo.go.kr/sii/siia/selectSIIA200Detail.do?pblancId=PBLN_000000000123443,https://www.bizinfo.go.kr/cmm/fms/fileDown.do?atchFileId=FILE_000000000760906&fileSn=2,.hwp,C:\dongaAI\3차 프로젝트\0.0\data\attachments\hwp_raw\PBLN_000000000123443_ë¶ì3._ì¶©.hwp,downloaded,,2026-07-01T02:35:43
PBLN_000000000123443,bizinfo,[충북] 2026년 2차 바이오 국제공동연구사업 지원과제 공고(양자간 국제공동연구사업),충청북도,https://www.bizinfo.go.kr/sii/siia/selectSIIA200Detail.do?pblancId=PBLN_000000000123443,https://www.bizinfo.go.kr/cmm/fms/fileDown.do?atchFileId=FILE_000000000760905&fileSn=1,.hwp,C:\dongaAI\3차 프로젝트\0.0\data\attachments\hwp_raw\PBLN_000000000123443_ë¶ì1._2026ë _ì 2ì°¨_ë°ì´ì¤_êµ­ì ê³µëì°êµ¬ê°ë°_ì§ìì¬ì _ëª¨ì§_ê³µê³ ë¬¸.hwp,downloaded,,2026-07-01T02:35:43
PBLN_000000000119253,bizinfo,[전북] 2026년 육아휴직 대체인력 근로자 지원사업 모집 공고,전북특별자치도,https://www.bizinfo.go.kr/sii/siia/selectSIIA200Detail.do?pblancId=PBLN_000000000119253,https://www.bizinfo.go.kr/sii/siia/202603091120590823.hwp,.hwp,C:\dongaAI\3차 프로젝트\0.0\data\attachments\hwp_raw\PBLN_000000000119253_202603091120590823.hwp,download_failed,404 Client Error: Not Found for url: https://www.bizinfo.go.kr/sii/siia/202603091120590823.hwp,2026-07-01T02:35:43
PBLN_000000000119253,bizinfo,[전북] 2026년 육아휴직 대체인력 근로자 지원사업 모집 공고,전북특별자치도,https://www.bizinfo.go.kr/sii/siia/selectSIIA200Detail.do?pblancId=PBLN_000000000119253,https://www.bizinfo.go.kr/sii/siia/2026년 육아휴직 대체인력 근로자 지원사업 모집 공고.hwp,.hwp,C:\dongaAI\3차 프로젝트\0.0\data\attachments\hwp_raw\PBLN_000000000119253_2026년 육아휴직 대체인력 근로자 지원사업 모집 공고.hwp,download_failed,400 Client Error: Bad Request for url: https://www.bizinfo.go.kr/sii/siia/2026%EB%85%84%20%EC%9C%A1%EC%95%84%ED%9C%B4%EC%A7%81%20%EB%8C%80%EC%B2%B4%EC%9D%B8%EB%A0%A5%20%EA%B7%BC%EB%A1%9C%EC%9E%90%20%EC%A7%80%EC%9B%90%EC%82%AC%EC%97%85%20%EB%AA%A8%EC%A7%91%20%EA%B3%B5%EA%B3%A0.hwp,2026-07-01T02:35:44
PBLN_000000000119253,bizinfo,[전북] 2026년 육아휴직 대체인력 근로자 지원사업 모집 공고,전북특별자치도,https://www.bizinfo.go.kr/sii/siia/selectSIIA200Detail.do?pblancId=PBLN_000000000119253,https://www.bizinfo.go.kr/cmm/fms/fileDown.do?atchFileId=FILE_000000000745927&fileSn=0,.hwp,C:\dongaAI\3차 프로젝트\0.0\data\attachments\hwp_raw\PBLN_000000000119253_2026ë  ì¡ìí´ì§ ëì²´ì¸ë ¥ ê·¼ë¡ì ì§ìì¬ì ëª¨ì§ ê³µê³.hwp,downloaded,,2026-07-01T02:35:44
PBLN_000000000119489,bizinfo,2026년 미래내일일경험사업(인턴형) 참여기업 모집 공고,고용노동부,https://www.bizinfo.go.kr/sii/siia/selectSIIA200Detail.do?pblancId=PBLN_000000000119489,https://www.bizinfo.go.kr/sii/siia/test.hwp,.hwp,C:\dongaAI\3차 프로젝트\0.0\data\attachments\hwp_raw\PBLN_000000000119489_test.hwp,download_failed,404 Client Error: Not Found for url: https://www.bizinfo.go.kr/sii/siia/test.hwp,2026-07-01T02:35:44
PBLN_000000000119489,bizinfo,2026년 미래내일일경험사업(인턴형) 참여기업 모집 공고,고용노동부,https://www.bizinfo.go.kr/sii/siia/selectSIIA200Detail.do?pblancId=PBLN_000000000119489,https://www.bizinfo.go.kr/sii/siia/202603131449480427.hwp,.hwp,C:\dongaAI\3차 프로젝트\0.0\data\attachments\hwp_raw\PBLN_000000000119489_202603131449480427.hwp,download_failed,404 Client Error: Not Found for url: https://www.bizinfo.go.kr/sii/siia/202603131449480427.hwp,2026-07-01T02:35:44
PBLN_000000000119489,bizinfo,2026년 미래내일일경험사업(인턴형) 참여기업 모집 공고,고용노동부,https://www.bizinfo.go.kr/sii/siia/selectSIIA200Detail.do?pblancId=PBLN_000000000119489,https://www.bizinfo.go.kr/sii/siia/2026년 미래내일 일경험 사업-인턴형 사업안내문.hwp,.hwp,C:\dongaAI\3차 프로젝트\0.0\data\attachments\hwp_raw\PBLN_000000000119489_2026년 미래내일 일경험 사업-인턴형 사업안내문.hwp,download_failed,400 Client Error: Bad Request for url: https://www.bizinfo.go.kr/sii/siia/2026%EB%85%84%20%EB%AF%B8%EB%9E%98%EB%82%B4%EC%9D%BC%20%EC%9D%BC%EA%B2%BD%ED%97%98%20%EC%82%AC%EC%97%85-%EC%9D%B8%ED%84%B4%ED%98%95%20%EC%82%AC%EC%97%85%EC%95%88%EB%82%B4%EB%AC%B8.hwp,2026-07-01T02:35:44
PBLN_000000000119489,bizinfo,2026년 미래내일일경험사업(인턴형) 참여기업 모집 공고,고용노동부,https://www.bizinfo.go.kr/sii/siia/selectSIIA200Detail.do?pblancId=PBLN_000000000119489,https://www.bizinfo.go.kr/cmm/fms/fileDown.do?atchFileId=FILE_000000000746769&fileSn=0,.hwp,C:\dongaAI\3차 프로젝트\0.0\data\attachments\hwp_raw\PBLN_000000000119489_2026ë  ë¯¸ëë´ì¼ ì¼ê²½í ì¬ì -ì¸í´í ì¬ì ìë´ë¬¸.hwp,downloaded,,2026-07-01T02:35:44
PBLN_000000000123459,bizinfo,[경북] 2026년 4차 푸드테크 스마트 제조 기반 구축 사업 재공고,경상북도,https://www.bizinfo.go.kr/sii/siia/selectSIIA200Detail.do?pblancId=PBLN_000000000123459,https://www.bizinfo.go.kr/cmm/fms/fileDown.do?atchFileId=FILE_000000000760944&fileSn=0,.hwp,C:\dongaAI\3차 프로젝트\0.0\data\attachments\hwp_raw\PBLN_000000000123459_(ë¶ì)í¸ëí í¬ ì¤ë§í¸ì ì¡° ê¸°ë° êµ¬ì¶ ì¬ì ê³µê³.hwp,downloaded,,2026-07-01T02:35:44
PBLN_000000000123459,bizinfo,[경북] 2026년 4차 푸드테크 스마트 제조 기반 구축 사업 재공고,경상북도,https://www.bizinfo.go.kr/sii/siia/selectSIIA200Detail.do?pblancId=PBLN_000000000123459,https://www.bizinfo.go.kr/cmm/fms/fileDown.do?atchFileId=FILE_000000000760944&fileSn=1,.hwp,C:\dongaAI\3차 프로젝트\0.0\data\attachments\hwp_raw\PBLN_000000000123459_(ìì)2026ë  í¸ëí í¬ ì¤ë§í¸ ì ì¡° ê¸°ë° êµ¬ì¶ ì¬ì ìì.hwp,downloaded,,2026-07-01T02:35:44
PBLN_000000000123459,bizinfo,[경북] 2026년 4차 푸드테크 스마트 제조 기반 구축 사업 재공고,경상북도,https://www.bizinfo.go.kr/sii/siia/selectSIIA200Detail.do?pblancId=PBLN_000000000123459,https://www.bizinfo.go.kr/cmm/fms/fileDown.do?atchFileId=FILE_000000000760944&fileSn=2,.hwp,C:\dongaAI\3차 프로젝트\0.0\data\attachments\hwp_raw\PBLN_000000000123459_(ê³íì)2026ë  í¸ëí í¬ ì¤ë§í¸ ì ì¡° ê¸°ë° êµ¬ì¶ ì¬ì ê³íì.hwp,downloaded,,2026-07-01T02:35:44
PBLN_000000000123466,bizinfo,2026년 지능형 반도체 개발ㆍ실증지원 고신뢰 반도체 상용화를 위한 검증ㆍ확인 지원사업 기업 지원 프로그램 통합 공고,산업통상부,https://www.bizinfo.go.kr/sii/siia/selectSIIA200Detail.do?pblancId=PBLN_000000000123466,https://www.bizinfo.go.kr/cmm/fms/fileDown.do?atchFileId=FILE_000000000761006&fileSn=1,.hwp,C:\dongaAI\3차 프로젝트\0.0\data\attachments\hwp_raw\PBLN_000000000123466_ë¶ì3-1. ê¸°ì ì§ìì ì²­ì_2026ë _ê³ ì ë¢°.hwp,downloaded,,2026-07-01T02:35:45
PBLN_000000000123466,bizinfo,2026년 지능형 반도체 개발ㆍ실증지원 고신뢰 반도체 상용화를 위한 검증ㆍ확인 지원사업 기업 지원 프로그램 통합 공고,산업통상부,https://www.bizinfo.go.kr/sii/siia/selectSIIA200Detail.do?pblancId=PBLN_000000000123466,https://www.bizinfo.go.kr/cmm/fms/fileDown.do?atchFileId=FILE_000000000761006&fileSn=2,.hwp,C:\dongaAI\3차 프로젝트\0.0\data\attachments\hwp_raw\PBLN_000000000123466_ë¶ì3-2. ê¸°ì ì§ìì ì²­ì_2026ë _ì§ë¥í.hwp,downloaded,,2026-07-01T02:35:45
PBLN_000000000119025,bizinfo,[전남광주] 임산부 직장생활 패키지 용품 지원 사업 공고(임산부 직장 친화 환경 조성),전남광주통합특별시,https://www.bizinfo.go.kr/sii/siia/selectSIIA200Detail.do?pblancId=PBLN_000000000119025,https://www.bizinfo.go.kr/sii/siia/202603031135360932.hwp,.hwp,C:\dongaAI\3차 프로젝트\0.0\data\attachments\hwp_raw\PBLN_000000000119025_202603031135360932.hwp,download_failed,404 Client Error: Not Found for url: https://www.bizinfo.go.kr/sii/siia/202603031135360932.hwp,2026-07-01T02:35:45
PBLN_000000000119025,bizinfo,[전남광주] 임산부 직장생활 패키지 용품 지원 사업 공고(임산부 직장 친화 환경 조성),전남광주통합특별시,https://www.bizinfo.go.kr/sii/siia/selectSIIA200Detail.do?pblancId=PBLN_000000000119025,https://www.bizinfo.go.kr/cmm/fms/fileDown.do?atchFileId=FILE_000000000745186&fileSn=0,.hwp,C:\dongaAI\3차 프로젝트\0.0\data\attachments\hwp_raw\PBLN_000000000119025_26ë ë+ì§ì¥ìí+í¨í¤ì§+ì ì²­ì.hwp,downloaded,,2026-07-01T02:35:45
PBLN_000000000119025,bizinfo,[전남광주] 임산부 직장생활 패키지 용품 지원 사업 공고(임산부 직장 친화 환경 조성),전남광주통합특별시,https://www.bizinfo.go.kr/sii/siia/selectSIIA200Detail.do?pblancId=PBLN_000000000119025,https://www.bizinfo.go.kr/cmm/fms/fileDown.do?atchFileId=FILE_000000000745185&fileSn=2,.hwp,C:\dongaAI\3차 프로젝트\0.0\data\attachments\hwp_raw\PBLN_000000000119025_26ë ë+ì§ì¥ìí+í¨í¤ì§+ì¬ì ê³µê³ ë¬¸.hwp,downloaded,,2026-07-01T02:35:45
PBLN_000000000123469,bizinfo,[충남] 2026년 2차 지역 거점 정보보호 클러스터 구축 사업 정보보호 기업 성장(사업화) 지원사업 모집 재공고,충청남도,https://www.bizinfo.go.kr/sii/siia/selectSIIA200Detail.do?pblancId=PBLN_000000000123469,https://www.bizinfo.go.kr/cmm/fms/fileDown.do?atchFileId=FILE_000000000760999&fileSn=0,.hwp,C:\dongaAI\3차 프로젝트\0.0\data\attachments\hwp_raw\PBLN_000000000123469_2. ì ë³´ë³´í¸ê¸°ì ì±ì¥ì§ì(í¹íì°ì ì¬ì í ì§ì) ì ì²­ì ìì.hwp,downloaded,,2026-07-01T02:35:45
PBLN_000000000118377,bizinfo,[전북] 2026년 식품진흥기금 융자지원 사업 공고,전북특별자치도,https://www.bizinfo.go.kr/sii/siia/selectSIIA200Detail.do?pblancId=PBLN_000000000118377,https://www.bizinfo.go.kr/sii/siia/202602101318510339.hwp,.hwp,C:\dongaAI\3차 프로젝트\0.0\data\attachments\hwp_raw\PBLN_000000000118377_202602101318510339.hwp,download_failed,404 Client Error: Not Found for url: https://www.bizinfo.go.kr/sii/siia/202602101318510339.hwp,2026-07-01T02:35:45
PBLN_000000000118377,bizinfo,[전북] 2026년 식품진흥기금 융자지원 사업 공고,전북특별자치도,https://www.bizinfo.go.kr/sii/siia/selectSIIA200Detail.do?pblancId=PBLN_000000000118377,https://www.bizinfo.go.kr/sii/siia/2026년+전북특별자치도+식품진흥기금+융자사업+공고.hwp,.hwp,C:\dongaAI\3차 프로젝트\0.0\data\attachments\hwp_raw\PBLN_000000000118377_2026년+전북특별자치도+식품진흥기금+융자사업+공고.hwp,download_failed,400 Client Error: Bad Request for url: https://www.bizinfo.go.kr/sii/siia/2026%EB%85%84+%EC%A0%84%EB%B6%81%ED%8A%B9%EB%B3%84%EC%9E%90%EC%B9%98%EB%8F%84+%EC%8B%9D%ED%92%88%EC%A7%84%ED%9D%A5%EA%B8%B0%EA%B8%88+%EC%9C%B5%EC%9E%90%EC%82%AC%EC%97%85+%EA%B3%B5%EA%B3%A0.hwp,2026-07-01T02:35:45
PBLN_000000000118377,bizinfo,[전북] 2026년 식품진흥기금 융자지원 사업 공고,전북특별자치도,https://www.bizinfo.go.kr/sii/siia/selectSIIA200Detail.do?pblancId=PBLN_000000000118377,https://www.bizinfo.go.kr/cmm/fms/fileDown.do?atchFileId=FILE_000000000743462&fileSn=0,.hwp,C:\dongaAI\3차 프로젝트\0.0\data\attachments\hwp_raw\PBLN_000000000118377_2026ë +ì ë¶í¹ë³ìì¹ë+ìíì§í¥ê¸°ê¸+ìµìì¬ì +ê³µê³.hwp,downloaded,,2026-07-01T02:35:45
PBLN_000000000118341,bizinfo,[경기] 광명시 2026년 중소기업 특례보증 지원계획 공고,경기도,https://www.bizinfo.go.kr/sii/siia/selectSIIA200Detail.do?pblancId=PBLN_000000000118341,https://www.bizinfo.go.kr/cmm/fms/fileDown.do?atchFileId=FILE_000000000743348&fileSn=0,.hwp,C:\dongaAI\3차 프로젝트\0.0\data\attachments\hwp_raw\PBLN_000000000118341_2026ë  ê´ëª ì ì¤ìê¸°ì í¹ë¡ë³´ì¦ ì§ìê³í ê³µê³ ë¬¸.hwp,downloaded,,2026-07-01T02:35:45
PBLN_000000000118237,bizinfo,[서울] 2026년 중장년 경력 인재 지원(채용형) 참여기업 모집 공고,서울특별시,https://www.bizinfo.go.kr/sii/siia/selectSIIA200Detail.do?pblancId=PBLN_000000000118237,https://www.bizinfo.go.kr/cmm/fms/fileDown.do?atchFileId=FILE_000000000742968&fileSn=0,.hwp,C:\dongaAI\3차 프로젝트\0.0\data\attachments\hwp_raw\PBLN_000000000118237_(ìì) 2026ë  ëìì ë° íì¸ì.hwp,downloaded,,2026-07-01T02:35:45
PBLN_000000000123481,bizinfo,[울산] 2026년 전문경력인사기술지원사업 기술컨설팅 지원기업 모집 공고,울산광역시,https://www.bizinfo.go.kr/sii/siia/selectSIIA200Detail.do?pblancId=PBLN_000000000123481,https://www.bizinfo.go.kr/cmm/fms/fileDown.do?atchFileId=FILE_000000000761056&fileSn=1,.hwp,C:\dongaAI\3차 프로젝트\0.0\data\attachments\hwp_raw\PBLN_000000000123481_ìì_ê¸°ì ì»¨ì¤í _ì ì²­ì_ë°_ìë£ë³´ê³ ì_ë±.hwp,downloaded,,2026-07-01T02:35:45
PBLN_000000000123481,bizinfo,[울산] 2026년 전문경력인사기술지원사업 기술컨설팅 지원기업 모집 공고,울산광역시,https://www.bizinfo.go.kr/sii/siia/selectSIIA200Detail.do?pblancId=PBLN_000000000123481,https://www.bizinfo.go.kr/cmm/fms/fileDown.do?atchFileId=FILE_000000000761056&fileSn=2,.hwp,C:\dongaAI\3차 프로젝트\0.0\data\attachments\hwp_raw\PBLN_000000000123481_ìì_íµí©ì±ê³¼ê´ë¦¬ìì¤í _ì ë³´íì©ëìì.hwp,downloaded,,2026-07-01T02:35:45
PBLN_000000000118049,bizinfo,2026년 중소벤처기업부 외국전문인력(E-7-1) 고용추천 공고,중소벤처기업부,https://www.bizinfo.go.kr/sii/siia/selectSIIA200Detail.do?pblancId=PBLN_000000000118049,https://www.bizinfo.go.kr/sii/siia/202601301344100233.hwp,.hwp,C:\dongaAI\3차 프로젝트\0.0\data\attachments\hwp_raw\PBLN_000000000118049_202601301344100233.hwp,download_failed,404 Client Error: Not Found for url: https://www.bizinfo.go.kr/sii/siia/202601301344100233.hwp,2026-07-01T02:35:46
PBLN_000000000118049,bizinfo,2026년 중소벤처기업부 외국전문인력(E-7-1) 고용추천 공고,중소벤처기업부,https://www.bizinfo.go.kr/sii/siia/selectSIIA200Detail.do?pblancId=PBLN_000000000118049,https://www.bizinfo.go.kr/sii/siia/26년도__외국전문인력_E-7-1_고용추천_모집공고(발령번호).hwp,.hwp,C:\dongaAI\3차 프로젝트\0.0\data\attachments\hwp_raw\PBLN_000000000118049_26년도__외국전문인력_E-7-1_고용추천_모집공고(발령번호).hwp,download_failed,400 Client Error: Bad Request for url: https://www.bizinfo.go.kr/sii/siia/26%EB%85%84%EB%8F%84__%EC%99%B8%EA%B5%AD%EC%A0%84%EB%AC%B8%EC%9D%B8%EB%A0%A5_E-7-1_%EA%B3%A0%EC%9A%A9%EC%B6%94%EC%B2%9C_%EB%AA%A8%EC%A7%91%EA%B3%B5%EA%B3%A0(%EB%B0%9C%EB%A0%B9%EB%B2%88%ED%98%B8).hwp,2026-07-01T02:35:46
PBLN_000000000118049,bizinfo,2026년 중소벤처기업부 외국전문인력(E-7-1) 고용추천 공고,중소벤처기업부,https://www.bizinfo.go.kr/sii/siia/selectSIIA200Detail.do?pblancId=PBLN_000000000118049,https://www.bizinfo.go.kr/cmm/fms/fileDown.do?atchFileId=FILE_000000000742284&fileSn=0,.hwp,C:\dongaAI\3차 프로젝트\0.0\data\attachments\hwp_raw\PBLN_000000000118049_26ë ë__ì¸êµ­ì ë¬¸ì¸ë ¥_E-7-1_ê³ ì©ì¶ì²_ëª¨ì§ê³µê³ (ë°ë ¹ë²í¸).hwp,downloaded,,2026-07-01T02:35:46
PBLN_000000000118047,bizinfo,[충북] 청주시 2026년 도시근로자 지원사업 참여기업 모집 공고,충청북도,https://www.bizinfo.go.kr/sii/siia/selectSIIA200Detail.do?pblancId=PBLN_000000000118047,https://www.bizinfo.go.kr/sii/siia/202601301350230456.hwp,.hwp,C:\dongaAI\3차 프로젝트\0.0\data\attachments\hwp_raw\PBLN_000000000118047_202601301350230456.hwp,download_failed,404 Client Error: Not Found for url: https://www.bizinfo.go.kr/sii/siia/202601301350230456.hwp,2026-07-01T02:35:46
PBLN_000000000118047,bizinfo,[충북] 청주시 2026년 도시근로자 지원사업 참여기업 모집 공고,충청북도,https://www.bizinfo.go.kr/sii/siia/selectSIIA200Detail.do?pblancId=PBLN_000000000118047,https://www.bizinfo.go.kr/sii/siia/2026년 충북형 도시근로자 지원사업 모집 공고문 및 신청서(참여기업ㆍ최종).hwp,.hwp,C:\dongaAI\3차 프로젝트\0.0\data\attachments\hwp_raw\PBLN_000000000118047_2026년 충북형 도시근로자 지원사업 모집 공고문 및 신청서(참여기업ㆍ최종).hwp,download_failed,400 Client Error: Bad Request for url: https://www.bizinfo.go.kr/sii/siia/2026%EB%85%84%20%EC%B6%A9%EB%B6%81%ED%98%95%20%EB%8F%84%EC%8B%9C%EA%B7%BC%EB%A1%9C%EC%9E%90%20%EC%A7%80%EC%9B%90%EC%82%AC%EC%97%85%20%EB%AA%A8%EC%A7%91%20%EA%B3%B5%EA%B3%A0%EB%AC%B8%20%EB%B0%8F%20%EC%8B%A0%EC%B2%AD%EC%84%9C(%EC%B0%B8%EC%97%AC%EA%B8%B0%EC%97%85%E3%86%8D%EC%B5%9C%EC%A2%85).hwp,2026-07-01T02:35:46
PBLN_000000000118047,bizinfo,[충북] 청주시 2026년 도시근로자 지원사업 참여기업 모집 공고,충청북도,https://www.bizinfo.go.kr/sii/siia/selectSIIA200Detail.do?pblancId=PBLN_000000000118047,https://www.bizinfo.go.kr/cmm/fms/fileDown.do?atchFileId=FILE_000000000742297&fileSn=1,.hwp,C:\dongaAI\3차 프로젝트\0.0\data\attachments\hwp_raw\PBLN_000000000118047_2026ë  ì¶©ë¶í ëìê·¼ë¡ì ì§ìì¬ì ëª¨ì§ ê³µê³ ë¬¸ ë° ì ì²­ì(ì°¸ì¬ê¸°ì ãìµì¢ ).hwp,downloaded,,2026-07-01T02:35:46
PBLN_000000000123494,bizinfo,2026년 2차 국가신약개발사업 CDMO 사전상담 프로그램 모집 공고,보건복지부,https://www.bizinfo.go.kr/sii/siia/selectSIIA200Detail.do?pblancId=PBLN_000000000123494,https://www.bizinfo.go.kr/cmm/fms/fileDown.do?atchFileId=FILE_000000000761088&fileSn=0,.hwp,C:\dongaAI\3차 프로젝트\0.0\data\attachments\hwp_raw\PBLN_000000000123494_ì²¨ë¶2. 2026ë  CDMO ì¬ì ìë´ íë¡ê·¸ë¨ ì ì²­ì.hwp,downloaded,,2026-07-01T02:35:46
PBLN_000000000123494,bizinfo,2026년 2차 국가신약개발사업 CDMO 사전상담 프로그램 모집 공고,보건복지부,https://www.bizinfo.go.kr/sii/siia/selectSIIA200Detail.do?pblancId=PBLN_000000000123494,https://www.bizinfo.go.kr/cmm/fms/fileDown.do?atchFileId=FILE_000000000761088&fileSn=1,.hwp,C:\dongaAI\3차 프로젝트\0.0\data\attachments\hwp_raw\PBLN_000000000123494_ì²¨ë¶3. 2026ë  CDMO ì¬ì ìë´ íë¡ê·¸ë¨ ë³´ììì½ì.hwp,downloaded,,2026-07-01T02:35:46
PBLN_000000000123494,bizinfo,2026년 2차 국가신약개발사업 CDMO 사전상담 프로그램 모집 공고,보건복지부,https://www.bizinfo.go.kr/sii/siia/selectSIIA200Detail.do?pblancId=PBLN_000000000123494,https://www.bizinfo.go.kr/cmm/fms/fileDown.do?atchFileId=FILE_000000000761088&fileSn=2,.hwp,C:\dongaAI\3차 프로젝트\0.0\data\attachments\hwp_raw\PBLN_000000000123494_ì²¨ë¶4. 2026ë  CDMO ì¬ì ìë´ íë¡ê·¸ë¨ ê°ì¸ì ë³´ ìì§ï½¥ì´ì©ï½¥ì ê³µ ëìì.hwp,downloaded,,2026-07-01T02:35:46
PBLN_000000000117891,bizinfo,[충북] 2026년 청년일자리도약장려금 사업 참여기업 모집 공고,고용노동부,https://www.bizinfo.go.kr/sii/siia/selectSIIA200Detail.do?pblancId=PBLN_000000000117891,https://www.bizinfo.go.kr/cmm/fms/fileDown.do?atchFileId=FILE_000000000741912&fileSn=2,.hwp,C:\dongaAI\3차 프로젝트\0.0\data\attachments\hwp_raw\PBLN_000000000117891_ë¶ì4. 26ë  ì²­ë ì¼ìë¦¬ëì½ì¥ë ¤ê¸ ê°ì ì¬í­ ë¹êµí.hwp,downloaded,,2026-07-01T02:35:46
PBLN_000000000117891,bizinfo,[충북] 2026년 청년일자리도약장려금 사업 참여기업 모집 공고,고용노동부,https://www.bizinfo.go.kr/sii/siia/selectSIIA200Detail.do?pblancId=PBLN_000000000117891,https://www.bizinfo.go.kr/cmm/fms/fileDown.do?atchFileId=FILE_000000000741912&fileSn=4,.hwp,C:\dongaAI\3차 프로젝트\0.0\data\attachments\hwp_raw\PBLN_000000000117891_ë¶ì3. 26ë  ì²­ë ì¼ìë¦¬ëì½ì¥ë ¤ê¸ íì ì ì¶ ìì.hwp,downloaded,,2026-07-01T02:35:46
PBLN_000000000123496,bizinfo,2026년 경북 뿌리산업 DX(디지털전환) 기술지원사업 수혜기업 모집 재공고(뿌리산업 제조공정혁신 지원을 위한 DX 기반구축),산업통상부,https://www.bizinfo.go.kr/sii/siia/selectSIIA200Detail.do?pblancId=PBLN_000000000123496,https://www.bizinfo.go.kr/cmm/fms/fileDown.do?atchFileId=FILE_000000000761102&fileSn=1,.hwp,C:\dongaAI\3차 프로젝트\0.0\data\attachments\hwp_raw\PBLN_000000000123496_[ë¶ì2] ê¸°ì ì§ìì¬ì ì ì²­ìì.hwp,downloaded,,2026-07-01T02:35:46
PBLN_000000000121415,bizinfo,[경남] 2026년 경남형 제조 AX 고도화 패스트트랙 지원사업 도입기업 모집 공고,경상남도,https://www.bizinfo.go.kr/sii/siia/selectSIIA200Detail.do?pblancId=PBLN_000000000121415,https://www.bizinfo.go.kr/sii/siia/202604290938480488.hwp,.hwp,C:\dongaAI\3차 프로젝트\0.0\data\attachments\hwp_raw\PBLN_000000000121415_202604290938480488.hwp,download_failed,404 Client Error: Not Found for url: https://www.bizinfo.go.kr/sii/siia/202604290938480488.hwp,2026-07-01T02:35:46
PBLN_000000000121415,bizinfo,[경남] 2026년 경남형 제조 AX 고도화 패스트트랙 지원사업 도입기업 모집 공고,경상남도,https://www.bizinfo.go.kr/sii/siia/selectSIIA200Detail.do?pblancId=PBLN_000000000121415,https://www.bizinfo.go.kr/sii/siia/2026년 경남형 제조 AX 고도화 패스트트랙 지원사업 도입기업 모집공고.hwp,.hwp,C:\dongaAI\3차 프로젝트\0.0\data\attachments\hwp_raw\PBLN_000000000121415_2026년 경남형 제조 AX 고도화 패스트트랙 지원사업 도입기업 모집공고.hwp,download_failed,400 Client Error: Bad Request for url: https://www.bizinfo.go.kr/sii/siia/2026%EB%85%84%20%EA%B2%BD%EB%82%A8%ED%98%95%20%EC%A0%9C%EC%A1%B0%20AX%20%EA%B3%A0%EB%8F%84%ED%99%94%20%ED%8C%A8%EC%8A%A4%ED%8A%B8%ED%8A%B8%EB%9E%99%20%EC%A7%80%EC%9B%90%EC%82%AC%EC%97%85%20%EB%8F%84%EC%9E%85%EA%B8%B0%EC%97%85%20%EB%AA%A8%EC%A7%91%EA%B3%B5%EA%B3%A0.hwp,2026-07-01T02:35:46
PBLN_000000000121415,bizinfo,[경남] 2026년 경남형 제조 AX 고도화 패스트트랙 지원사업 도입기업 모집 공고,경상남도,https://www.bizinfo.go.kr/sii/siia/selectSIIA200Detail.do?pblancId=PBLN_000000000121415,https://www.bizinfo.go.kr/cmm/fms/fileDown.do?atchFileId=FILE_000000000753423&fileSn=0,.hwp,C:\dongaAI\3차 프로젝트\0.0\data\attachments\hwp_raw\PBLN_000000000121415_ë¶ì. 2026ë  ê²½ë¨í ì ì¡° AX ê³ ëí í¨ì¤í¸í¸ë ì§ìì¬ì ë¶ìë¬¸ì. (ì .hwp,downloaded,,2026-07-01T02:35:46
PBLN_000000000121415,bizinfo,[경남] 2026년 경남형 제조 AX 고도화 패스트트랙 지원사업 도입기업 모집 공고,경상남도,https://www.bizinfo.go.kr/sii/siia/selectSIIA200Detail.do?pblancId=PBLN_000000000121415,https://www.bizinfo.go.kr/cmm/fms/fileDown.do?atchFileId=FILE_000000000753422&fileSn=0,.hwp,C:\dongaAI\3차 프로젝트\0.0\data\attachments\hwp_raw\PBLN_000000000121415_2026ë  ê²½ë¨í ì ì¡° AX ê³ ëí í¨ì¤í¸í¸ë ì§ìì¬ì ëì ê¸°ì ëª¨ì§ê³µê³.hwp,downloaded,,2026-07-01T02:35:47
PBLN_000000000123504,bizinfo,[서남권] 2026년 2차 지역혁신클러스터육성(비R&D) 기업지원사업 모집 공고,전남광주통합특별시,https://www.bizinfo.go.kr/sii/siia/selectSIIA200Detail.do?pblancId=PBLN_000000000123504,https://www.bizinfo.go.kr/cmm/fms/fileDown.do?atchFileId=FILE_000000000761130&fileSn=2,.hwp,C:\dongaAI\3차 프로젝트\0.0\data\attachments\hwp_raw\PBLN_000000000123504_2-1. (RIIA 2026-2ì°¨ ê³µê³ ) ì§ì­íì í´ë¬ì¤í°ì¡ì±(R&Dì¬ì ê¸°í)_ì ë¨ì§ì­ì°ì ì§í¥ì.hwp,downloaded,,2026-07-01T02:35:47
PBLN_000000000123504,bizinfo,[서남권] 2026년 2차 지역혁신클러스터육성(비R&D) 기업지원사업 모집 공고,전남광주통합특별시,https://www.bizinfo.go.kr/sii/siia/selectSIIA200Detail.do?pblancId=PBLN_000000000123504,https://www.bizinfo.go.kr/cmm/fms/fileDown.do?atchFileId=FILE_000000000761129&fileSn=1,.hwp,C:\dongaAI\3차 프로젝트\0.0\data\attachments\hwp_raw\PBLN_000000000123504_1. 202.hwp,downloaded,,2026-07-01T02:35:47
PBLN_000000000117666,bizinfo,[인천] 2026년 새일여성인턴 참여 기업 모집 공고,성평등가족부,https://www.bizinfo.go.kr/sii/siia/selectSIIA200Detail.do?pblancId=PBLN_000000000117666,https://www.bizinfo.go.kr/cmm/fms/fileDown.do?atchFileId=FILE_000000000741374&fileSn=0,.hwp,C:\dongaAI\3차 프로젝트\0.0\data\attachments\hwp_raw\PBLN_000000000117666_êµ¬ì¸ì ì²­ì(ë¶íìì¼ì¼í°).hwp,downloaded,,2026-07-01T02:35:47
PBLN_000000000117331,bizinfo,[경북] 청송군 2026년 지역인재채용 인센티브 지원사업 참여기업 모집 공고,경상북도,https://www.bizinfo.go.kr/sii/siia/selectSIIA200Detail.do?pblancId=PBLN_000000000117331,https://www.bizinfo.go.kr/sii/siia/202601121401410936.hwp,.hwp,C:\dongaAI\3차 프로젝트\0.0\data\attachments\hwp_raw\PBLN_000000000117331_202601121401410936.hwp,download_failed,404 Client Error: Not Found for url: https://www.bizinfo.go.kr/sii/siia/202601121401410936.hwp,2026-07-01T02:35:47
PBLN_000000000117331,bizinfo,[경북] 청송군 2026년 지역인재채용 인센티브 지원사업 참여기업 모집 공고,경상북도,https://www.bizinfo.go.kr/sii/siia/selectSIIA200Detail.do?pblancId=PBLN_000000000117331,https://www.bizinfo.go.kr/sii/siia/2026년 지역인재채용 인센티브 지원사업 참여기업 모집 공고문.hwp,.hwp,C:\dongaAI\3차 프로젝트\0.0\data\attachments\hwp_raw\PBLN_000000000117331_2026년 지역인재채용 인센티브 지원사업 참여기업 모집 공고문.hwp,download_failed,400 Client Error: Bad Request for url: https://www.bizinfo.go.kr/sii/siia/2026%EB%85%84%20%EC%A7%80%EC%97%AD%EC%9D%B8%EC%9E%AC%EC%B1%84%EC%9A%A9%20%EC%9D%B8%EC%84%BC%ED%8B%B0%EB%B8%8C%20%EC%A7%80%EC%9B%90%EC%82%AC%EC%97%85%20%EC%B0%B8%EC%97%AC%EA%B8%B0%EC%97%85%20%EB%AA%A8%EC%A7%91%20%EA%B3%B5%EA%B3%A0%EB%AC%B8.hwp,2026-07-01T02:35:47
PBLN_000000000117331,bizinfo,[경북] 청송군 2026년 지역인재채용 인센티브 지원사업 참여기업 모집 공고,경상북도,https://www.bizinfo.go.kr/sii/siia/selectSIIA200Detail.do?pblancId=PBLN_000000000117331,https://www.bizinfo.go.kr/cmm/fms/fileDown.do?atchFileId=FILE_000000000740491&fileSn=0,.hwp,C:\dongaAI\3차 프로젝트\0.0\data\attachments\hwp_raw\PBLN_000000000117331_2026ë  ì§ì­ì¸ì¬ì±ì© ì¸ì¼í°ë¸ ì§ìì¬ì ì°¸ì¬ì ì²­ì ë° ì§ìê¸ì ì²­ì(ìì).hwp,downloaded,,2026-07-01T02:35:47
PBLN_000000000117331,bizinfo,[경북] 청송군 2026년 지역인재채용 인센티브 지원사업 참여기업 모집 공고,경상북도,https://www.bizinfo.go.kr/sii/siia/selectSIIA200Detail.do?pblancId=PBLN_000000000117331,https://www.bizinfo.go.kr/cmm/fms/fileDown.do?atchFileId=FILE_000000000740490&fileSn=0,.hwp,C:\dongaAI\3차 프로젝트\0.0\data\attachments\hwp_raw\PBLN_000000000117331_2026ë  ì§ì­ì¸ì¬ì±ì© ì¸ì¼í°ë¸ ì§ìì¬ì ì°¸ì¬ê¸°ì ëª¨ì§ ê³µê³ ë¬¸.hwp,downloaded,,2026-07-01T02:35:47
PBLN_000000000117568,bizinfo,[충북] 2026년 일하는 기쁨 청년ㆍ여성 일자리 지원사업 공고,충청북도,https://www.bizinfo.go.kr/sii/siia/selectSIIA200Detail.do?pblancId=PBLN_000000000117568,https://www.bizinfo.go.kr/cmm/fms/fileDown.do?atchFileId=FILE_000000000741123&fileSn=0,.hwp,C:\dongaAI\3차 프로젝트\0.0\data\attachments\hwp_raw\PBLN_000000000117568_ë¶ì2.ì¼íë ê¸°ì¨ ì²­ë Â·ì¬ì± ì¼ìë¦¬ ì§ìì¬ì ì°¸ì¬ì ì²­ì.hwp,downloaded,,2026-07-01T02:35:48
PBLN_000000000122526,bizinfo,[경북] 2026년 중대재해 예방 사각지대 해소 지원사업 참여기업 모집 변경 공고,경상북도,https://www.bizinfo.go.kr/sii/siia/selectSIIA200Detail.do?pblancId=PBLN_000000000122526,https://www.bizinfo.go.kr/cmm/fms/fileDown.do?atchFileId=FILE_000000000757404&fileSn=1,.hwp,C:\dongaAI\3차 프로젝트\0.0\data\attachments\hwp_raw\PBLN_000000000122526_[ë¶ì2-1] ì¬ì ì°¸ì¬ì ì²­ì.hwp,downloaded,,2026-07-01T02:35:48
PBLN_000000000117287,bizinfo,[경남] 하동군 2026년 소상공인 건강검진 지원사업 공고,경상남도,https://www.bizinfo.go.kr/sii/siia/selectSIIA200Detail.do?pblancId=PBLN_000000000117287,https://www.bizinfo.go.kr/sii/siia/202601091332310025.hwp,.hwp,C:\dongaAI\3차 프로젝트\0.0\data\attachments\hwp_raw\PBLN_000000000117287_202601091332310025.hwp,download_failed,404 Client Error: Not Found for url: https://www.bizinfo.go.kr/sii/siia/202601091332310025.hwp,2026-07-01T02:35:48
PBLN_000000000117287,bizinfo,[경남] 하동군 2026년 소상공인 건강검진 지원사업 공고,경상남도,https://www.bizinfo.go.kr/sii/siia/selectSIIA200Detail.do?pblancId=PBLN_000000000117287,https://www.bizinfo.go.kr/sii/siia/★2026년 소상공인 건강검진 지원사업 공고문.hwp,.hwp,C:\dongaAI\3차 프로젝트\0.0\data\attachments\hwp_raw\PBLN_000000000117287_★2026년 소상공인 건강검진 지원사업 공고문.hwp,download_failed,400 Client Error: Bad Request for url: https://www.bizinfo.go.kr/sii/siia/%E2%98%852026%EB%85%84%20%EC%86%8C%EC%83%81%EA%B3%B5%EC%9D%B8%20%EA%B1%B4%EA%B0%95%EA%B2%80%EC%A7%84%20%EC%A7%80%EC%9B%90%EC%82%AC%EC%97%85%20%EA%B3%B5%EA%B3%A0%EB%AC%B8.hwp,2026-07-01T02:35:48
PBLN_000000000117287,bizinfo,[경남] 하동군 2026년 소상공인 건강검진 지원사업 공고,경상남도,https://www.bizinfo.go.kr/sii/siia/selectSIIA200Detail.do?pblancId=PBLN_000000000117287,https://www.bizinfo.go.kr/cmm/fms/fileDown.do?atchFileId=FILE_000000000740299&fileSn=0,.hwp,C:\dongaAI\3차 프로젝트\0.0\data\attachments\hwp_raw\PBLN_000000000117287_â 2026ë  ììê³µì¸ ê±´ê°ê²ì§ ì§ìì¬ì ê³µê³ ë¬¸.hwp,downloaded,,2026-07-01T02:35:48
PBLN_000000000123507,bizinfo,2026년 2차 전북 기업성장 환류형 상생일자리 지원사업 참여기업 모집 공고(BIONE 고용혁신 프로젝트),전북특별자치도,https://www.bizinfo.go.kr/sii/siia/selectSIIA200Detail.do?pblancId=PBLN_000000000123507,https://www.bizinfo.go.kr/sii/siia/202606231347330797.hwp,.hwp,C:\dongaAI\3차 프로젝트\0.0\data\attachments\hwp_raw\PBLN_000000000123507_202606231347330797.hwp,download_failed,404 Client Error: Not Found for url: https://www.bizinfo.go.kr/sii/siia/202606231347330797.hwp,2026-07-01T02:35:48
PBLN_000000000123507,bizinfo,2026년 2차 전북 기업성장 환류형 상생일자리 지원사업 참여기업 모집 공고(BIONE 고용혁신 프로젝트),전북특별자치도,https://www.bizinfo.go.kr/sii/siia/selectSIIA200Detail.do?pblancId=PBLN_000000000123507,https://www.bizinfo.go.kr/sii/siia/[공고문]+기업성장+환류형+상생일자리+지원사업+2차+모집공고.hwp,.hwp,C:\dongaAI\3차 프로젝트\0.0\data\attachments\hwp_raw\PBLN_000000000123507_[공고문]+기업성장+환류형+상생일자리+지원사업+2차+모집공고.hwp,download_failed,400 Client Error: Bad Request for url: https://www.bizinfo.go.kr/sii/siia/%5B%EA%B3%B5%EA%B3%A0%EB%AC%B8%5D+%EA%B8%B0%EC%97%85%EC%84%B1%EC%9E%A5+%ED%99%98%EB%A5%98%ED%98%95+%EC%83%81%EC%83%9D%EC%9D%BC%EC%9E%90%EB%A6%AC+%EC%A7%80%EC%9B%90%EC%82%AC%EC%97%85+2%EC%B0%A8+%EB%AA%A8%EC%A7%91%EA%B3%B5%EA%B3%A0.hwp,2026-07-01T02:35:48
PBLN_000000000123507,bizinfo,2026년 2차 전북 기업성장 환류형 상생일자리 지원사업 참여기업 모집 공고(BIONE 고용혁신 프로젝트),전북특별자치도,https://www.bizinfo.go.kr/sii/siia/selectSIIA200Detail.do?pblancId=PBLN_000000000123507,https://www.bizinfo.go.kr/cmm/fms/fileDown.do?atchFileId=FILE_000000000761136&fileSn=1,.hwp,C:\dongaAI\3차 프로젝트\0.0\data\attachments\hwp_raw\PBLN_000000000123507_[ì ì²­ì]+ê¸°ì ì±ì¥+íë¥í+ììì¼ìë¦¬+ì§ìì¬ì +2ì°¨+ëª¨ì§ê³µê³.hwp,downloaded,,2026-07-01T02:35:48
PBLN_000000000123507,bizinfo,2026년 2차 전북 기업성장 환류형 상생일자리 지원사업 참여기업 모집 공고(BIONE 고용혁신 프로젝트),전북특별자치도,https://www.bizinfo.go.kr/sii/siia/selectSIIA200Detail.do?pblancId=PBLN_000000000123507,https://www.bizinfo.go.kr/cmm/fms/fileDown.do?atchFileId=FILE_000000000761135&fileSn=1,.hwp,C:\dongaAI\3차 프로젝트\0.0\data\attachments\hwp_raw\PBLN_000000000123507_[ê³µê³ ë¬¸]+ê¸°ì ì±ì¥+íë¥í+ììì¼ìë¦¬+ì§ìì¬ì +2ì°¨+ëª¨ì§ê³µê³.hwp,downloaded,,2026-07-01T02:35:48
PBLN_000000000117056,bizinfo,[경기] 부천시 2026년 내일채움공제 지원 계획 공고,경기도,https://www.bizinfo.go.kr/sii/siia/selectSIIA200Detail.do?pblancId=PBLN_000000000117056,https://www.bizinfo.go.kr/sii/siia/202601021032020268.hwp,.hwp,C:\dongaAI\3차 프로젝트\0.0\data\attachments\hwp_raw\PBLN_000000000117056_202601021032020268.hwp,download_failed,404 Client Error: Not Found for url: https://www.bizinfo.go.kr/sii/siia/202601021032020268.hwp,2026-07-01T02:35:48
PBLN_000000000117056,bizinfo,[경기] 부천시 2026년 내일채움공제 지원 계획 공고,경기도,https://www.bizinfo.go.kr/sii/siia/selectSIIA200Detail.do?pblancId=PBLN_000000000117056,https://www.bizinfo.go.kr/sii/siia/2026년 부천시 「내일채움공제」 지원계획 공고.hwp,.hwp,C:\dongaAI\3차 프로젝트\0.0\data\attachments\hwp_raw\PBLN_000000000117056_2026년 부천시 「내일채움공제」 지원계획 공고.hwp,download_failed,400 Client Error: Bad Request for url: https://www.bizinfo.go.kr/sii/siia/2026%EB%85%84%20%EB%B6%80%EC%B2%9C%EC%8B%9C%20%E3%80%8C%EB%82%B4%EC%9D%BC%EC%B1%84%EC%9B%80%EA%B3%B5%EC%A0%9C%E3%80%8D%20%EC%A7%80%EC%9B%90%EA%B3%84%ED%9A%8D%20%EA%B3%B5%EA%B3%A0.hwp,2026-07-01T02:35:48
PBLN_000000000117056,bizinfo,[경기] 부천시 2026년 내일채움공제 지원 계획 공고,경기도,https://www.bizinfo.go.kr/sii/siia/selectSIIA200Detail.do?pblancId=PBLN_000000000117056,https://www.bizinfo.go.kr/cmm/fms/fileDown.do?atchFileId=FILE_000000000739666&fileSn=0,.hwp,C:\dongaAI\3차 프로젝트\0.0\data\attachments\hwp_raw\PBLN_000000000117056_2026ë  ë¶ì²ì ãë´ì¼ì±ìê³µì ã ì§ìê³í ê³µê³.hwp,downloaded,,2026-07-01T02:35:48
PBLN_000000000123509,bizinfo,[전남광주] 2026년 기술혁신인증 획득지원사업 참가업체 모집 공고,전남광주통합특별시,https://www.bizinfo.go.kr/sii/siia/selectSIIA200Detail.do?pblancId=PBLN_000000000123509,https://www.bizinfo.go.kr/sii/siia/202606231343400566.hwp,.hwp,C:\dongaAI\3차 프로젝트\0.0\data\attachments\hwp_raw\PBLN_000000000123509_202606231343400566.hwp,download_failed,404 Client Error: Not Found for url: https://www.bizinfo.go.kr/sii/siia/202606231343400566.hwp,2026-07-01T02:35:48
PBLN_000000000123509,bizinfo,[전남광주] 2026년 기술혁신인증 획득지원사업 참가업체 모집 공고,전남광주통합특별시,https://www.bizinfo.go.kr/sii/siia/selectSIIA200Detail.do?pblancId=PBLN_000000000123509,https://www.bizinfo.go.kr/sii/siia/2026년+기술혁신인증+획득지원사업+참가업체+모집공고.hwp,.hwp,C:\dongaAI\3차 프로젝트\0.0\data\attachments\hwp_raw\PBLN_000000000123509_2026년+기술혁신인증+획득지원사업+참가업체+모집공고.hwp,download_failed,400 Client Error: Bad Request for url: https://www.bizinfo.go.kr/sii/siia/2026%EB%85%84+%EA%B8%B0%EC%88%A0%ED%98%81%EC%8B%A0%EC%9D%B8%EC%A6%9D+%ED%9A%8D%EB%93%9D%EC%A7%80%EC%9B%90%EC%82%AC%EC%97%85+%EC%B0%B8%EA%B0%80%EC%97%85%EC%B2%B4+%EB%AA%A8%EC%A7%91%EA%B3%B5%EA%B3%A0.hwp,2026-07-01T02:35:48
PBLN_000000000123509,bizinfo,[전남광주] 2026년 기술혁신인증 획득지원사업 참가업체 모집 공고,전남광주통합특별시,https://www.bizinfo.go.kr/sii/siia/selectSIIA200Detail.do?pblancId=PBLN_000000000123509,https://www.bizinfo.go.kr/cmm/fms/fileDown.do?atchFileId=FILE_000000000761134&fileSn=0,.hwp,C:\dongaAI\3차 프로젝트\0.0\data\attachments\hwp_raw\PBLN_000000000123509_2026ë +ê¸°ì íì ì¸ì¦+íëì§ìì¬ì +ì§ìì ì²­ìì+ë±.hwp,downloaded,,2026-07-01T02:35:48
PBLN_000000000123509,bizinfo,[전남광주] 2026년 기술혁신인증 획득지원사업 참가업체 모집 공고,전남광주통합특별시,https://www.bizinfo.go.kr/sii/siia/selectSIIA200Detail.do?pblancId=PBLN_000000000123509,https://www.bizinfo.go.kr/cmm/fms/fileDown.do?atchFileId=FILE_000000000761133&fileSn=0,.hwp,C:\dongaAI\3차 프로젝트\0.0\data\attachments\hwp_raw\PBLN_000000000123509_2026ë +ê¸°ì íì ì¸ì¦+íëì§ìì¬ì +ì°¸ê°ì ì²´+ëª¨ì§ê³µê³.hwp,downloaded,,2026-07-01T02:35:48
PBLN_000000000121697,bizinfo,[경북] 2026년 중대재해 예방 사각지대 해소 지원사업 참여기업 모집 공고,경상북도,https://www.bizinfo.go.kr/sii/siia/selectSIIA200Detail.do?pblancId=PBLN_000000000121697,https://www.bizinfo.go.kr/cmm/fms/fileDown.do?atchFileId=FILE_000000000754359&fileSn=1,.hwp,C:\dongaAI\3차 프로젝트\0.0\data\attachments\hwp_raw\PBLN_000000000121697_[ë¶ì2-1] ì¬ì ì°¸ì¬ì ì²­ì.hwp,downloaded,,2026-07-01T02:35:48
PBLN_000000000123515,bizinfo,2026년 7월 문화산업 완성보증 공고,문화체육관광부,https://www.bizinfo.go.kr/sii/siia/selectSIIA200Detail.do?pblancId=PBLN_000000000123515,https://www.bizinfo.go.kr/cmm/fms/fileDown.do?atchFileId=FILE_000000000761168&fileSn=1,.hwp,C:\dongaAI\3차 프로젝트\0.0\data\attachments\hwp_raw\PBLN_000000000123515_ë¶ì1. ë¬¸íì°ì ìì±ë³´ì¦ ì ì²­ì ë° ì¬ì ê³íì ìì.hwp,downloaded,,2026-07-01T02:35:48
PBLN_000000000123515,bizinfo,2026년 7월 문화산업 완성보증 공고,문화체육관광부,https://www.bizinfo.go.kr/sii/siia/selectSIIA200Detail.do?pblancId=PBLN_000000000123515,https://www.bizinfo.go.kr/cmm/fms/fileDown.do?atchFileId=FILE_000000000761168&fileSn=2,.hwp,C:\dongaAI\3차 프로젝트\0.0\data\attachments\hwp_raw\PBLN_000000000123515_ë¶ì2. ë¬¸íì°ì ìì±ë³´ì¦ ê°ì¸ì ë³´ìì§ì´ì©ì ê³µëì ìì.hwp,downloaded,,2026-07-01T02:35:49
PBLN_000000000123514,bizinfo,2026년 방송영상콘텐츠 제작지원(드라마 장편 부문) 사업 추가 공고,문화체육관광부,https://www.bizinfo.go.kr/sii/siia/selectSIIA200Detail.do?pblancId=PBLN_000000000123514,https://www.bizinfo.go.kr/cmm/fms/fileDown.do?atchFileId=FILE_000000000761164&fileSn=1,.hwp,C:\dongaAI\3차 프로젝트\0.0\data\attachments\hwp_raw\PBLN_000000000123514_2. (ëë¼ë§ ì¥í¸ ì¶ê°) ì ì²­ì ë° ì ìê³íì_ê¸°ì ëª.hwp,downloaded,,2026-07-01T02:35:49
PBLN_000000000123787,bizinfo,[충북] 2026년 성과 창출형 상용화 지원사업 참여기업 모집 공고,충청북도,https://www.bizinfo.go.kr/sii/siia/selectSIIA200Detail.do?pblancId=PBLN_000000000123787,https://www.bizinfo.go.kr/cmm/fms/fileDown.do?atchFileId=FILE_000000000762214&fileSn=0,.hwp,C:\dongaAI\3차 프로젝트\0.0\data\attachments\hwp_raw\PBLN_000000000123787_ë¶ì1.ì¬ì _ì ì²­ì(2026_ìì©í).hwp,downloaded,,2026-07-01T02:35:49
PBLN_000000000123787,bizinfo,[충북] 2026년 성과 창출형 상용화 지원사업 참여기업 모집 공고,충청북도,https://www.bizinfo.go.kr/sii/siia/selectSIIA200Detail.do?pblancId=PBLN_000000000123787,https://www.bizinfo.go.kr/cmm/fms/fileDown.do?atchFileId=FILE_000000000762214&fileSn=1,.hwp,C:\dongaAI\3차 프로젝트\0.0\data\attachments\hwp_raw\PBLN_000000000123787_ë¶ì2.ì¬ì _ê³íì(2026_ìì©í).hwp,downloaded,,2026-07-01T02:35:49
PBLN_000000000123775,bizinfo,[충북] 영동군 2026년 3차 지방소멸 대응을 위한 와인산업 활성화 지원사업 수혜기업 모집 공고(시군구연고산업육성사업 지원모집 공고),중소벤처기업부,https://www.bizinfo.go.kr/sii/siia/selectSIIA200Detail.do?pblancId=PBLN_000000000123775,https://www.bizinfo.go.kr/cmm/fms/fileDown.do?atchFileId=FILE_000000000762175&fileSn=2,.hwp,C:\dongaAI\3차 프로젝트\0.0\data\attachments\hwp_raw\PBLN_000000000123775_103842_[ìì1-2] ì¬ì ì ì²­ì ë° ê³íì.hwp,downloaded,,2026-07-01T02:35:49
PBLN_000000000123775,bizinfo,[충북] 영동군 2026년 3차 지방소멸 대응을 위한 와인산업 활성화 지원사업 수혜기업 모집 공고(시군구연고산업육성사업 지원모집 공고),중소벤처기업부,https://www.bizinfo.go.kr/sii/siia/selectSIIA200Detail.do?pblancId=PBLN_000000000123775,https://www.bizinfo.go.kr/cmm/fms/fileDown.do?atchFileId=FILE_000000000762175&fileSn=4,.hwp,C:\dongaAI\3차 프로젝트\0.0\data\attachments\hwp_raw\PBLN_000000000123775_103842_[ìì4] ê³µê¸ê¸°ì ìê²©ì¬í­ íì¸ì.hwp,downloaded,,2026-07-01T02:35:49
PBLN_000000000123766,bizinfo,[충북] 2026년 스마트공장 구축 자부담금 지원사업 수혜기업 모집 공고,충청북도,https://www.bizinfo.go.kr/sii/siia/selectSIIA200Detail.do?pblancId=PBLN_000000000123766,https://www.bizinfo.go.kr/cmm/fms/fileDown.do?atchFileId=FILE_000000000762145&fileSn=0,.hwp,C:\dongaAI\3차 프로젝트\0.0\data\attachments\hwp_raw\PBLN_000000000123766_ë¶ì 1. 2026ë  ì¶©ì²­ë¶ë ì¤ë§í¸ê³µì¥ êµ¬ì¶ ìë¶ë´ê¸ ì§ìì¬ì ìíê¸°ì ëª¨ì§ ê³µê³.hwp,downloaded,,2026-07-01T02:35:49
PBLN_000000000123766,bizinfo,[충북] 2026년 스마트공장 구축 자부담금 지원사업 수혜기업 모집 공고,충청북도,https://www.bizinfo.go.kr/sii/siia/selectSIIA200Detail.do?pblancId=PBLN_000000000123766,https://www.bizinfo.go.kr/cmm/fms/fileDown.do?atchFileId=FILE_000000000762145&fileSn=1,.hwp,C:\dongaAI\3차 프로젝트\0.0\data\attachments\hwp_raw\PBLN_000000000123766_ë¶ì 2. (ì.hwp,downloaded,,2026-07-01T02:35:49
PBLN_000000000123747,bizinfo,2026년 디지털전환 혁신기업 기획지원 사업 (컨설팅 참여기업(관)) 모집,경상북도,https://www.bizinfo.go.kr/sii/siia/selectSIIA200Detail.do?pblancId=PBLN_000000000123747,https://www.bizinfo.go.kr/cmm/fms/fileDown.do?atchFileId=FILE_000000000762088&fileSn=0,.hwp,C:\dongaAI\3차 프로젝트\0.0\data\attachments\hwp_raw\PBLN_000000000123747_ë¶ì2. (ì ì¶ìì) 2026ë  ëì§í¸ì í íì ê¸°ì ê¸°íì§ì ì¬ì ì°¸ì¬ê¸°ì ëª¨ì§.hwp,downloaded,,2026-07-01T02:35:49
PBLN_000000000123729,bizinfo,[경기] 2026년 3차 중소기업 ESG 경영 컨설팅(에코바디스) 참여기업 모집 공고,경기도,https://www.bizinfo.go.kr/sii/siia/selectSIIA200Detail.do?pblancId=PBLN_000000000123729,https://www.bizinfo.go.kr/sii/siia/202606300921510311.hwp,.hwp,C:\dongaAI\3차 프로젝트\0.0\data\attachments\hwp_raw\PBLN_000000000123729_202606300921510311.hwp,download_failed,404 Client Error: Not Found for url: https://www.bizinfo.go.kr/sii/siia/202606300921510311.hwp,2026-07-01T02:35:49
PBLN_000000000123729,bizinfo,[경기] 2026년 3차 중소기업 ESG 경영 컨설팅(에코바디스) 참여기업 모집 공고,경기도,https://www.bizinfo.go.kr/sii/siia/selectSIIA200Detail.do?pblancId=PBLN_000000000123729,https://www.bizinfo.go.kr/cmm/fms/fileDown.do?atchFileId=FILE_000000000762039&fileSn=0,.hwp,C:\dongaAI\3차 프로젝트\0.0\data\attachments\hwp_raw\PBLN_000000000123729_ë¶ì2. ì .hwp,downloaded,,2026-07-01T02:35:49
PBLN_000000000123729,bizinfo,[경기] 2026년 3차 중소기업 ESG 경영 컨설팅(에코바디스) 참여기업 모집 공고,경기도,https://www.bizinfo.go.kr/sii/siia/selectSIIA200Detail.do?pblancId=PBLN_000000000123729,https://www.bizinfo.go.kr/cmm/fms/fileDown.do?atchFileId=FILE_000000000762038&fileSn=0,.hwp,C:\dongaAI\3차 프로젝트\0.0\data\attachments\hwp_raw\PBLN_000000000123729_ë¶ì1. ê³µ.hwp,downloaded,,2026-07-01T02:35:49
PBLN_000000000123525,bizinfo,[충남ㆍ충북ㆍ대전ㆍ세종] 2026년 2차 기업 지원 프로그램(비R&D) 지원대상 모집 공고(미래차 산업 혁신 지원사업),충청남도,https://www.bizinfo.go.kr/sii/siia/selectSIIA200Detail.do?pblancId=PBLN_000000000123525,https://www.bizinfo.go.kr/cmm/fms/fileDown.do?atchFileId=FILE_000000000761192&fileSn=0,.hwp,C:\dongaAI\3차 프로젝트\0.0\data\attachments\hwp_raw\PBLN_000000000123525_ì ì²­ì ìì.hwp,downloaded,,2026-07-01T02:35:49
PBLN_000000000123725,bizinfo,[경북] 청송군 2026년 소상공인 카드수수료 지원사업 참여점포 모집 공고,경상북도,https://www.bizinfo.go.kr/sii/siia/selectSIIA200Detail.do?pblancId=PBLN_000000000123725,https://www.bizinfo.go.kr/cmm/fms/fileDown.do?atchFileId=FILE_000000000761965&fileSn=1,.hwp,C:\dongaAI\3차 프로젝트\0.0\data\attachments\hwp_raw\PBLN_000000000123725_(ë¶ì3)ì ì²­ìì(ì²­ì¡êµ°).hwp,downloaded,,2026-07-01T02:35:49
PBLN_000000000123725,bizinfo,[경북] 청송군 2026년 소상공인 카드수수료 지원사업 참여점포 모집 공고,경상북도,https://www.bizinfo.go.kr/sii/siia/selectSIIA200Detail.do?pblancId=PBLN_000000000123725,https://www.bizinfo.go.kr/cmm/fms/fileDown.do?atchFileId=FILE_000000000761964&fileSn=0,.hwp,C:\dongaAI\3차 프로젝트\0.0\data\attachments\hwp_raw\PBLN_000000000123725_(ë¶ì1)ììê³µì¸ ì¹´ëììë£ ëª¨ì§ê³µê³ (ì²­ì¡êµ°).hwp,downloaded,,2026-07-01T02:35:49
PBLN_000000000123691,bizinfo,[제주] 2026년 지역소재 기반 미드폼 영상 콘텐츠 제작 지원 사업 모집 공고(제주콘텐츠코리아랩 운영사업),제주특별자치도,https://www.bizinfo.go.kr/sii/siia/selectSIIA200Detail.do?pblancId=PBLN_000000000123691,https://www.bizinfo.go.kr/cmm/fms/fileDown.do?atchFileId=FILE_000000000761872&fileSn=0,.hwp,C:\dongaAI\3차 프로젝트\0.0\data\attachments\hwp_raw\PBLN_000000000123691_ë¶ì2. ì ì¶ìë¥ ìì.hwp,downloaded,,2026-07-01T02:35:50
PBLN_000000000123693,bizinfo,[대전] 2026년 대전콘텐츠코리아랩 미스터리 스토리 기반 콘텐츠 제작 지원사업 참여자 모집 공고,대전광역시,https://www.bizinfo.go.kr/sii/siia/selectSIIA200Detail.do?pblancId=PBLN_000000000123693,https://www.bizinfo.go.kr/cmm/fms/fileDown.do?atchFileId=FILE_000000000761878&fileSn=2,.hwp,C:\dongaAI\3차 프로젝트\0.0\data\attachments\hwp_raw\PBLN_000000000123693_ë¶ì+2.+2026+ëì +ë¯¸ì¤í°ë¦¬+ì¤í ë¦¬+ê¸°ë°+ì½í ì¸ +ì ì+ì§ìì¬ì +ì ì¶ìë¥+ìì.hwp,downloaded,,2026-07-01T02:35:50
PBLN_000000000123681,bizinfo,자동차부품기업 사이버보안 컨설팅 참여기업 모집 공고,산업통상부,https://www.bizinfo.go.kr/sii/siia/selectSIIA200Detail.do?pblancId=PBLN_000000000123681,https://www.bizinfo.go.kr/cmm/fms/fileDown.do?atchFileId=FILE_000000000761792&fileSn=0,.hwp,C:\dongaAI\3차 프로젝트\0.0\data\attachments\hwp_raw\PBLN_000000000123681_1._2026ë _ìëì°¨_ì¬ì´ë²ë³´ì_ì ì²­ì_ë°_ì¬ì ê³íì(ìì).hwp,downloaded,,2026-07-01T02:35:50
PBLN_000000000123681,bizinfo,자동차부품기업 사이버보안 컨설팅 참여기업 모집 공고,산업통상부,https://www.bizinfo.go.kr/sii/siia/selectSIIA200Detail.do?pblancId=PBLN_000000000123681,https://www.bizinfo.go.kr/cmm/fms/fileDown.do?atchFileId=FILE_000000000761792&fileSn=1,.hwp,C:\dongaAI\3차 프로젝트\0.0\data\attachments\hwp_raw\PBLN_000000000123681_2._2026ë _ìëì°¨_ì¬ì´ë²ë³´ì_ì»¨ì¤í _ì§ìì¬ì _ì°¸ì¬ê¸°ì _ì ì¶ìë¥.hwp,downloaded,,2026-07-01T02:35:50
PBLN_000000000123662,bizinfo,[전북] 2026년 게임기업 컨설팅 지원사업 신청 게임기업(예비창업자) 모집 공고,전북특별자치도,https://www.bizinfo.go.kr/sii/siia/selectSIIA200Detail.do?pblancId=PBLN_000000000123662,https://www.bizinfo.go.kr/cmm/fms/fileDown.do?atchFileId=FILE_000000000761696&fileSn=0,.hwp,C:\dongaAI\3차 프로젝트\0.0\data\attachments\hwp_raw\PBLN_000000000123662_[ë¶ì2] 2026 ê²ìê¸°ì ì»¨ì¤í ì§ìì¬ì ì¬ì ì ì²­ì.hwp,downloaded,,2026-07-01T02:35:50
PBLN_000000000123659,bizinfo,[경북] 2026년 3차 지역기업 성장사다리 지원사업 통합 추가 공고,중소벤처기업부,https://www.bizinfo.go.kr/sii/siia/selectSIIA200Detail.do?pblancId=PBLN_000000000123659,https://www.bizinfo.go.kr/cmm/fms/fileDown.do?atchFileId=FILE_000000000761732&fileSn=1,.hwp,C:\dongaAI\3차 프로젝트\0.0\data\attachments\hwp_raw\PBLN_000000000123659_ë¶ì 5.ê²½ë¶ì§ì­ ì±ì¥ì¬ë¤ë¦¬ ì§ìì¬ì ì ì²­ê¸°ì ììì¡°ì¬ì.hwp,downloaded,,2026-07-01T02:35:50
PBLN_000000000123637,bizinfo,2026년 K-에듀테크 콘테스트 모집 공고,교육부,https://www.bizinfo.go.kr/sii/siia/selectSIIA200Detail.do?pblancId=PBLN_000000000123637,https://www.bizinfo.go.kr/cmm/fms/fileDown.do?atchFileId=FILE_000000000761657&fileSn=3,.hwp,C:\dongaAI\3차 프로젝트\0.0\data\attachments\hwp_raw\PBLN_000000000123637_2026 K-ìëí í¬ ì½í ì¤í¸_ëª¨ì§ ê³µê³ ë° ì ì²­ìë¥.hwp,downloaded,,2026-07-01T02:35:50
PBLN_000000000123642,bizinfo,[전남광주] 2026년 2차 글로벌강소기업 1000+ 프로젝트 자율 프로그램 모집 공고,전남광주통합특별시,https://www.bizinfo.go.kr/sii/siia/selectSIIA200Detail.do?pblancId=PBLN_000000000123642,https://www.bizinfo.go.kr/cmm/fms/fileDown.do?atchFileId=FILE_000000000761677&fileSn=1,.hwp,C:\dongaAI\3차 프로젝트\0.0\data\attachments\hwp_raw\PBLN_000000000123642_2. (ìì)2026ë  ì§ìíë¡ê·¸ë¨(2ì°¨) ì ì²­ì.hwp,downloaded,,2026-07-01T02:35:50
PBLN_000000000123632,bizinfo,2026년 R&D-IP전략 수립 등 IP사업화 AI 활용 지원 사업 참여기업 모집 공고,지식재산처,https://www.bizinfo.go.kr/sii/siia/selectSIIA200Detail.do?pblancId=PBLN_000000000123632,https://www.bizinfo.go.kr/cmm/fms/fileDown.do?atchFileId=FILE_000000000761639&fileSn=0,.hwp,C:\dongaAI\3차 프로젝트\0.0\data\attachments\hwp_raw\PBLN_000000000123632_2.IPê¸°ë°AIíì©êµì¡ì°¸ì¬ì ì²­ì.hwp,downloaded,,2026-07-01T02:35:50
PBLN_000000000123638,bizinfo,[경남] 2026년 4차 기술경영 애로해결을 위한 Quick Solution Program(기술닥터 및 이노카페심층상담) 참여기업 모집 공고,경상남도,https://www.bizinfo.go.kr/sii/siia/selectSIIA200Detail.do?pblancId=PBLN_000000000123638,https://www.bizinfo.go.kr/sii/siia/202606261010290241.hwp,.hwp,C:\dongaAI\3차 프로젝트\0.0\data\attachments\hwp_raw\PBLN_000000000123638_202606261010290241.hwp,download_failed,404 Client Error: Not Found for url: https://www.bizinfo.go.kr/sii/siia/202606261010290241.hwp,2026-07-01T02:35:50
PBLN_000000000123638,bizinfo,[경남] 2026년 4차 기술경영 애로해결을 위한 Quick Solution Program(기술닥터 및 이노카페심층상담) 참여기업 모집 공고,경상남도,https://www.bizinfo.go.kr/sii/siia/selectSIIA200Detail.do?pblancId=PBLN_000000000123638,https://www.bizinfo.go.kr/cmm/fms/fileDown.do?atchFileId=FILE_000000000761650&fileSn=0,.hwp,C:\dongaAI\3차 프로젝트\0.0\data\attachments\hwp_raw\PBLN_000000000123638_[ë¶ì1] ê¸°ì ë¥í° ì§ì íë¡ê·¸ë¨ ìì¸ë´ì­ ë° ê´ë ¨ìì.hwp,downloaded,,2026-07-01T02:35:50
PBLN_000000000123638,bizinfo,[경남] 2026년 4차 기술경영 애로해결을 위한 Quick Solution Program(기술닥터 및 이노카페심층상담) 참여기업 모집 공고,경상남도,https://www.bizinfo.go.kr/sii/siia/selectSIIA200Detail.do?pblancId=PBLN_000000000123638,https://www.bizinfo.go.kr/cmm/fms/fileDown.do?atchFileId=FILE_000000000761650&fileSn=1,.hwp,C:\dongaAI\3차 프로젝트\0.0\data\attachments\hwp_raw\PBLN_000000000123638_[ë¶ì2] ì´ë ¸ì¹´í ì¬ì¸µìë´ ì§ì íë¡ê·¸ë¨ ìì¸ë´ì­ ë° ê´ë ¨ìì.hwp,downloaded,,2026-07-01T02:35:50
PBLN_000000000123638,bizinfo,[경남] 2026년 4차 기술경영 애로해결을 위한 Quick Solution Program(기술닥터 및 이노카페심층상담) 참여기업 모집 공고,경상남도,https://www.bizinfo.go.kr/sii/siia/selectSIIA200Detail.do?pblancId=PBLN_000000000123638,https://www.bizinfo.go.kr/cmm/fms/fileDown.do?atchFileId=FILE_000000000761649&fileSn=0,.hwp,C:\dongaAI\3차 프로젝트\0.0\data\attachments\hwp_raw\PBLN_000000000123638_[ê³µê³ ë¬¸] 2026ë  ê¸°ì ê²½ì ì ë¡í´ê²°ì ìí Quick Solution Program(ê¸°ì ë¥í° ë° ì´ë ¸ì¹´.hwp,downloaded,,2026-07-01T02:35:50
PBLN_000000000123606,bizinfo,[전남광주] 2026년 3차 융ㆍ복합 가전산업 기업 브랜드 강화 지원 참여기업 모집 공고(지역주도형 일자리 지원사업),전남광주통합특별시,https://www.bizinfo.go.kr/sii/siia/selectSIIA200Detail.do?pblancId=PBLN_000000000123606,https://www.bizinfo.go.kr/sii/siia/202606251430450412.hwp,.hwp,C:\dongaAI\3차 프로젝트\0.0\data\attachments\hwp_raw\PBLN_000000000123606_202606251430450412.hwp,download_failed,404 Client Error: Not Found for url: https://www.bizinfo.go.kr/sii/siia/202606251430450412.hwp,2026-07-01T02:35:50
PBLN_000000000123606,bizinfo,[전남광주] 2026년 3차 융ㆍ복합 가전산업 기업 브랜드 강화 지원 참여기업 모집 공고(지역주도형 일자리 지원사업),전남광주통합특별시,https://www.bizinfo.go.kr/sii/siia/selectSIIA200Detail.do?pblancId=PBLN_000000000123606,https://www.bizinfo.go.kr/cmm/fms/fileDown.do?atchFileId=FILE_000000000761534&fileSn=2,.hwp,C:\dongaAI\3차 프로젝트\0.0\data\attachments\hwp_raw\PBLN_000000000123606_[ì¬ì ì ì²­ì]+ìµë³µí©+ê°ì ì°ì +ê¸°ì +ë¸ëë+ê°í+ì§ì+3ì°¨+ëª¨ì§.hwp,downloaded,,2026-07-01T02:35:51
PBLN_000000000123606,bizinfo,[전남광주] 2026년 3차 융ㆍ복합 가전산업 기업 브랜드 강화 지원 참여기업 모집 공고(지역주도형 일자리 지원사업),전남광주통합특별시,https://www.bizinfo.go.kr/sii/siia/selectSIIA200Detail.do?pblancId=PBLN_000000000123606,https://www.bizinfo.go.kr/cmm/fms/fileDown.do?atchFileId=FILE_000000000761533&fileSn=1,.hwp,C:\dongaAI\3차 프로젝트\0.0\data\attachments\hwp_raw\PBLN_000000000123606_[ê³µê³ ë¬¸]+Pâ¢+ìµë³µí©+ê°ì ì°ì +ê¸°ì +ë¸ëë+ê°í+ì§ì+3ì°¨+ëª¨ì§+ê³µê³ ë¬¸.hwp,downloaded,,2026-07-01T02:35:51
PBLN_000000000123574,bizinfo,2026년 3차 AI 대전환 컨설팅 프로그램 참여 수요기업 및 스타트업 모집 공고,대구광역시,https://www.bizinfo.go.kr/sii/siia/selectSIIA200Detail.do?pblancId=PBLN_000000000123574,https://www.bizinfo.go.kr/cmm/fms/fileDown.do?atchFileId=FILE_000000000761400&fileSn=0,.hwp,C:\dongaAI\3차 프로젝트\0.0\data\attachments\hwp_raw\PBLN_000000000123574_[ìì] í¸ë2_ì»¨ìììì©_AI ëì í ì»¨ì¤í íë¡ê·¸ë¨ ì°¸ì¬ ì ì²­ì.hwp,downloaded,,2026-07-01T02:35:51
PBLN_000000000123574,bizinfo,2026년 3차 AI 대전환 컨설팅 프로그램 참여 수요기업 및 스타트업 모집 공고,대구광역시,https://www.bizinfo.go.kr/sii/siia/selectSIIA200Detail.do?pblancId=PBLN_000000000123574,https://www.bizinfo.go.kr/cmm/fms/fileDown.do?atchFileId=FILE_000000000761400&fileSn=1,.hwp,C:\dongaAI\3차 프로젝트\0.0\data\attachments\hwp_raw\PBLN_000000000123574_[ìì] í¸ë1_ì¤ìÂ·ì¤ê²¬ê¸°ì ì©_AI ëì í ì»¨ì¤í íë¡ê·¸ë¨ ì°¸ì¬ ì ì²­ì.hwp,downloaded,,2026-07-01T02:35:51
PBLN_000000000123574,bizinfo,2026년 3차 AI 대전환 컨설팅 프로그램 참여 수요기업 및 스타트업 모집 공고,대구광역시,https://www.bizinfo.go.kr/sii/siia/selectSIIA200Detail.do?pblancId=PBLN_000000000123574,https://www.bizinfo.go.kr/cmm/fms/fileDown.do?atchFileId=FILE_000000000761400&fileSn=2,.hwp,C:\dongaAI\3차 프로젝트\0.0\data\attachments\hwp_raw\PBLN_000000000123574_[ìì] í¸ë1_ì¤íí¸ì ì©_AI ëì í ì»¨ì¤í íë¡ê·¸ë¨ ì°¸ì¬ ì ì²­ì.hwp,downloaded,,2026-07-01T02:35:51
PBLN_000000000123574,bizinfo,2026년 3차 AI 대전환 컨설팅 프로그램 참여 수요기업 및 스타트업 모집 공고,대구광역시,https://www.bizinfo.go.kr/sii/siia/selectSIIA200Detail.do?pblancId=PBLN_000000000123574,https://www.bizinfo.go.kr/cmm/fms/fileDown.do?atchFileId=FILE_000000000761399&fileSn=0,.hwp,C:\dongaAI\3차 프로젝트\0.0\data\attachments\hwp_raw\PBLN_000000000123574_[ê³µê³ ë¬¸] AI ëì í ì»¨ì¤í íë¡ê·¸ë¨ ì°¸ì¬ê¸°ì ëª¨ì§ê³µê³ (3ì°¨)_ìµì¢.hwp,downloaded,,2026-07-01T02:35:51
PBLN_000000000123527,bizinfo,[경북] 안동시 2026년 푸드테크 상용화모델 개발 및 실증사업 수혜기업 모집 공고,경상북도,https://www.bizinfo.go.kr/sii/siia/selectSIIA200Detail.do?pblancId=PBLN_000000000123527,https://www.bizinfo.go.kr/cmm/fms/fileDown.do?atchFileId=FILE_000000000761200&fileSn=2,.hwp,C:\dongaAI\3차 프로젝트\0.0\data\attachments\hwp_raw\PBLN_000000000123527_2.2 ì ì²­ìì(ì)_ì ì²­ì~ë³ì§ 5í¸.hwp,downloaded,,2026-07-01T02:35:51
PBLN_000000000118679,bizinfo,[인천] 2026년 채용연계형 뿌리기업 근로환경 혁신 지원사업(환경개선) 모집 공고(지역산업맞춤형 일자리지원 사업),인천광역시,https://www.bizinfo.go.kr/sii/siia/selectSIIA200Detail.do?pblancId=PBLN_000000000118679,https://www.bizinfo.go.kr/sii/siia/202602201348200952.hwp,.hwp,C:\dongaAI\3차 프로젝트\0.0\data\attachments\hwp_raw\PBLN_000000000118679_202602201348200952.hwp,download_failed,404 Client Error: Not Found for url: https://www.bizinfo.go.kr/sii/siia/202602201348200952.hwp,2026-07-01T02:35:51
PBLN_000000000118679,bizinfo,[인천] 2026년 채용연계형 뿌리기업 근로환경 혁신 지원사업(환경개선) 모집 공고(지역산업맞춤형 일자리지원 사업),인천광역시,https://www.bizinfo.go.kr/sii/siia/selectSIIA200Detail.do?pblancId=PBLN_000000000118679,https://www.bizinfo.go.kr/sii/siia/붙임1. 채용연계형 뿌리기업 근로환경 혁신 지원사업(환경개선) 공고문.hwp,.hwp,C:\dongaAI\3차 프로젝트\0.0\data\attachments\hwp_raw\PBLN_000000000118679_붙임1. 채용연계형 뿌리기업 근로환경 혁신 지원사업(환경개선) 공고문.hwp,download_failed,400 Client Error: Bad Request for url: https://www.bizinfo.go.kr/sii/siia/%EB%B6%99%EC%9E%841.%20%EC%B1%84%EC%9A%A9%EC%97%B0%EA%B3%84%ED%98%95%20%EB%BF%8C%EB%A6%AC%EA%B8%B0%EC%97%85%20%EA%B7%BC%EB%A1%9C%ED%99%98%EA%B2%BD%20%ED%98%81%EC%8B%A0%20%EC%A7%80%EC%9B%90%EC%82%AC%EC%97%85(%ED%99%98%EA%B2%BD%EA%B0%9C%EC%84%A0)%20%EA%B3%B5%EA%B3%A0%EB%AC%B8.hwp,2026-07-01T02:35:51
PBLN_000000000118679,bizinfo,[인천] 2026년 채용연계형 뿌리기업 근로환경 혁신 지원사업(환경개선) 모집 공고(지역산업맞춤형 일자리지원 사업),인천광역시,https://www.bizinfo.go.kr/sii/siia/selectSIIA200Detail.do?pblancId=PBLN_000000000118679,https://www.bizinfo.go.kr/cmm/fms/fileDown.do?atchFileId=FILE_000000000744219&fileSn=0,.hwp,C:\dongaAI\3차 프로젝트\0.0\data\attachments\hwp_raw\PBLN_000000000118679_ë¶ì2. ì±ì©ì°ê³í ë¿ë¦¬ê¸°ì ê·¼ë¡íê²½ íì ì§ìì¬ì (íê²½ê°ì ) ì´ìì§ì¹¨.hwp,downloaded,,2026-07-01T02:35:51
PBLN_000000000118679,bizinfo,[인천] 2026년 채용연계형 뿌리기업 근로환경 혁신 지원사업(환경개선) 모집 공고(지역산업맞춤형 일자리지원 사업),인천광역시,https://www.bizinfo.go.kr/sii/siia/selectSIIA200Detail.do?pblancId=PBLN_000000000118679,https://www.bizinfo.go.kr/cmm/fms/fileDown.do?atchFileId=FILE_000000000744218&fileSn=0,.hwp,C:\dongaAI\3차 프로젝트\0.0\data\attachments\hwp_raw\PBLN_000000000118679_ë¶ì1. ì±ì©ì°ê³í ë¿ë¦¬ê¸°ì ê·¼ë¡íê²½ íì ì§ìì¬ì (íê²½ê°ì ) ê³µê³ ë¬¸.hwp,downloaded,,2026-07-01T02:35:51
PBLN_000000000123541,bizinfo,[충북] 2026년 장애인기업 육성지원 사업 공고,충청북도,https://www.bizinfo.go.kr/sii/siia/selectSIIA200Detail.do?pblancId=PBLN_000000000123541,https://www.bizinfo.go.kr/sii/siia/202606241113320852.hwp,.hwp,C:\dongaAI\3차 프로젝트\0.0\data\attachments\hwp_raw\PBLN_000000000123541_202606241113320852.hwp,download_failed,404 Client Error: Not Found for url: https://www.bizinfo.go.kr/sii/siia/202606241113320852.hwp,2026-07-01T02:35:51
PBLN_000000000123541,bizinfo,[충북] 2026년 장애인기업 육성지원 사업 공고,충청북도,https://www.bizinfo.go.kr/sii/siia/selectSIIA200Detail.do?pblancId=PBLN_000000000123541,https://www.bizinfo.go.kr/cmm/fms/fileDown.do?atchFileId=FILE_000000000761307&fileSn=1,.hwp,C:\dongaAI\3차 프로젝트\0.0\data\attachments\hwp_raw\PBLN_000000000123541_2. ì ì²­ì_2026ë  ì¥ì ì¸ê¸°ì ì¡ì±ì§ìì¬ì ì ì²­ì.hwp,downloaded,,2026-07-01T02:35:51
PBLN_000000000123541,bizinfo,[충북] 2026년 장애인기업 육성지원 사업 공고,충청북도,https://www.bizinfo.go.kr/sii/siia/selectSIIA200Detail.do?pblancId=PBLN_000000000123541,https://www.bizinfo.go.kr/cmm/fms/fileDown.do?atchFileId=FILE_000000000761307&fileSn=2,.hwp,C:\dongaAI\3차 프로젝트\0.0\data\attachments\hwp_raw\PBLN_000000000123541_3. íê°í_2026ë  ì¥ì ì¸ê¸°ì ì¡ì±ì§ìì¬ì ì¬ì¬íê°í.hwp,downloaded,,2026-07-01T02:35:51
PBLN_000000000123541,bizinfo,[충북] 2026년 장애인기업 육성지원 사업 공고,충청북도,https://www.bizinfo.go.kr/sii/siia/selectSIIA200Detail.do?pblancId=PBLN_000000000123541,https://www.bizinfo.go.kr/cmm/fms/fileDown.do?atchFileId=FILE_000000000761306&fileSn=1,.hwp,C:\dongaAI\3차 프로젝트\0.0\data\attachments\hwp_raw\PBLN_000000000123541_1. 2026ë  ì¥ì ì¸ê¸°ì ì¡ì±ì§ì ì§ìì¬ì ì¬ì ì°¸ì¬ì ëª¨ì§ ê³µê³ ì.hwp,downloaded,,2026-07-01T02:35:51
PBLN_000000000123530,bizinfo,[서울ㆍ경기ㆍ인천] 2026년 3분기 공공조달시장 진출지원 컨설팅 희망기업 모집 공고,조달청,https://www.bizinfo.go.kr/sii/siia/selectSIIA200Detail.do?pblancId=PBLN_000000000123530,https://www.bizinfo.go.kr/cmm/fms/fileDown.do?atchFileId=FILE_000000000761274&fileSn=1,.hwp,C:\dongaAI\3차 프로젝트\0.0\data\attachments\hwp_raw\PBLN_000000000123530_(26ë  3ë¶ê¸°) ê³µê³µì¡°ë¬ìì¥ ì§ì¶ì§ì ì»¨ì¤í í¬ë§ê¸°ì ëª¨ì§ê³µê³.hwp,downloaded,,2026-07-01T02:35:52
PBLN_000000000123543,bizinfo,[경북] 포항시 2026년 경북형(포항) 스마트공장(기초단계) 구축지원사업 추가모집 공고,경상북도,https://www.bizinfo.go.kr/sii/siia/selectSIIA200Detail.do?pblancId=PBLN_000000000123543,https://www.bizinfo.go.kr/cmm/fms/fileDown.do?atchFileId=FILE_000000000761311&fileSn=1,.hwp,C:\dongaAI\3차 프로젝트\0.0\data\attachments\hwp_raw\PBLN_000000000123543_[ë¶ì2] 2026ë  ê²½ë¶í(í¬í­) ì¤ë§í¸ê³µì¥(ê¸°ì´ë¨ê³) êµ¬ì¶ì§ìì¬ì ì¬ì ê³íì ìì.hwp,downloaded,,2026-07-01T02:35:52
PBLN_000000000123543,bizinfo,[경북] 포항시 2026년 경북형(포항) 스마트공장(기초단계) 구축지원사업 추가모집 공고,경상북도,https://www.bizinfo.go.kr/sii/siia/selectSIIA200Detail.do?pblancId=PBLN_000000000123543,https://www.bizinfo.go.kr/cmm/fms/fileDown.do?atchFileId=FILE_000000000761311&fileSn=2,.hwp,C:\dongaAI\3차 프로젝트\0.0\data\attachments\hwp_raw\PBLN_000000000123543_[ë¶ì3] 2026ë  ì ë³´íì© ëìì ìì(ëì ê³µê¸ ê³µíµ)_ìëª ë°ì¤ìºí íê° íì¼ë¡.hwp,downloaded,,2026-07-01T02:35:52
PBLN_000000000123519,bizinfo,[경북] 2026년 경영혁신 외식서비스 지원 사업 참여자 모집 공고,경상북도,https://www.bizinfo.go.kr/sii/siia/selectSIIA200Detail.do?pblancId=PBLN_000000000123519,https://www.bizinfo.go.kr/cmm/fms/fileDown.do?atchFileId=FILE_000000000761182&fileSn=0,.hwp,C:\dongaAI\3차 프로젝트\0.0\data\attachments\hwp_raw\PBLN_000000000123519_2026ë  ãê²½ìíì ì¸ììë¹ì¤ ì§ìã ì¬ì ì§ì ì ì²­ì.hwp,downloaded,,2026-07-01T02:35:52
PBLN_000000000123499,bizinfo,[강원] 2026년 미드폼 영상제작 지원사업 모집 공고(지역기반형 콘텐츠코리아랩(추경)사업),문화체육관광부,https://www.bizinfo.go.kr/sii/siia/selectSIIA200Detail.do?pblancId=PBLN_000000000123499,https://www.bizinfo.go.kr/cmm/fms/fileDown.do?atchFileId=FILE_000000000761108&fileSn=0,.hwp,C:\dongaAI\3차 프로젝트\0.0\data\attachments\hwp_raw\PBLN_000000000123499_ë¶ì2. ê°ì ë¯¸ëí¼ ììì ì ì§ìì¬ì ìíê³íì(ìì).hwp,downloaded,,2026-07-01T02:35:52
PBLN_000000000123477,bizinfo,[대구] 서대구산단 혁신지원센터 및 복합문화센터 운영 지원 입주기업 수요맞춤형 지원 참여기업 모집 공고,대구광역시,https://www.bizinfo.go.kr/sii/siia/selectSIIA200Detail.do?pblancId=PBLN_000000000123477,https://www.bizinfo.go.kr/cmm/fms/fileDown.do?atchFileId=FILE_000000000761034&fileSn=1,.hwp,C:\dongaAI\3차 프로젝트\0.0\data\attachments\hwp_raw\PBLN_000000000123477_ë¶ì 2. (ìì) ì ì£¼ê¸°ì ììë§ì¶¤í ì§ì ì ì²­ì ë° ê³íì.hwp,downloaded,,2026-07-01T02:35:52
PBLN_000000000123429,bizinfo,[제주] 2026년 제주다양성영화 영화제 참가활동 지원사업 공고,제주특별자치도,https://www.bizinfo.go.kr/sii/siia/selectSIIA200Detail.do?pblancId=PBLN_000000000123429,https://www.bizinfo.go.kr/cmm/fms/fileDown.do?atchFileId=FILE_000000000760868&fileSn=1,.hwp,C:\dongaAI\3차 프로젝트\0.0\data\attachments\hwp_raw\PBLN_000000000123429_ë¶ì2-2. ìíì  ì¶íë³´ê³ ì(ìì).hwp,downloaded,,2026-07-01T02:35:52
PBLN_000000000123429,bizinfo,[제주] 2026년 제주다양성영화 영화제 참가활동 지원사업 공고,제주특별자치도,https://www.bizinfo.go.kr/sii/siia/selectSIIA200Detail.do?pblancId=PBLN_000000000123429,https://www.bizinfo.go.kr/cmm/fms/fileDown.do?atchFileId=FILE_000000000760868&fileSn=2,.hwp,C:\dongaAI\3차 프로젝트\0.0\data\attachments\hwp_raw\PBLN_000000000123429_ë¶ì2-1. ìíì  ì¶í ì§ìì ì²­ì(ìì).hwp,downloaded,,2026-07-01T02:35:52
PBLN_000000000123429,bizinfo,[제주] 2026년 제주다양성영화 영화제 참가활동 지원사업 공고,제주특별자치도,https://www.bizinfo.go.kr/sii/siia/selectSIIA200Detail.do?pblancId=PBLN_000000000123429,https://www.bizinfo.go.kr/cmm/fms/fileDown.do?atchFileId=FILE_000000000760868&fileSn=3,.hwp,C:\dongaAI\3차 프로젝트\0.0\data\attachments\hwp_raw\PBLN_000000000123429_ë¶ì1-2. ìíì  ì´ì²­ì ì°¸ê°ì§ì ê²°ê³¼ë³´ê³ ì(ìì).hwp,downloaded,,2026-07-01T02:35:52
PBLN_000000000123380,bizinfo,2026년 2차 경북 원자력 선도기업 육성사업 지원기업 모집 공고,경상북도,https://www.bizinfo.go.kr/sii/siia/selectSIIA200Detail.do?pblancId=PBLN_000000000123380,https://www.bizinfo.go.kr/cmm/fms/fileDown.do?atchFileId=FILE_000000000760692&fileSn=2,.hwp,C:\dongaAI\3차 프로젝트\0.0\data\attachments\hwp_raw\PBLN_000000000123380_ë¶ì1. 2026ë  ê²½ìë¶ë ììë ¥ ì ëê¸°ì ì¡ì±ì¬ì ê³µê³ ë¬¸ 1ë¶.hwp,downloaded,,2026-07-01T02:35:52
PBLN_000000000123388,bizinfo,[전북] 2026년 콘텐츠 제작지원사업 모집 공고,전북특별자치도,https://www.bizinfo.go.kr/sii/siia/selectSIIA200Detail.do?pblancId=PBLN_000000000123388,https://www.bizinfo.go.kr/cmm/fms/fileDown.do?atchFileId=FILE_000000000760715&fileSn=0,.hwp,C:\dongaAI\3차 프로젝트\0.0\data\attachments\hwp_raw\PBLN_000000000123388_ë¶ì. ì½í ì¸ ì ìì§ìì¬ì ìë´ë¬¸.hwp,downloaded,,2026-07-01T02:35:52
PBLN_000000000123397,bizinfo,[충북] 2026년 중소기업 산업보안 진단 컨설팅 모집 공고(산업기술단지 거점기능강화사업),중소벤처기업부,https://www.bizinfo.go.kr/sii/siia/selectSIIA200Detail.do?pblancId=PBLN_000000000123397,https://www.bizinfo.go.kr/cmm/fms/fileDown.do?atchFileId=FILE_000000000760745&fileSn=0,.hwp,C:\dongaAI\3차 프로젝트\0.0\data\attachments\hwp_raw\PBLN_000000000123397_[ë¶ì1] ì§ìì ì²­ì(ìì1).hwp,downloaded,,2026-07-01T02:35:53
PBLN_000000000123397,bizinfo,[충북] 2026년 중소기업 산업보안 진단 컨설팅 모집 공고(산업기술단지 거점기능강화사업),중소벤처기업부,https://www.bizinfo.go.kr/sii/siia/selectSIIA200Detail.do?pblancId=PBLN_000000000123397,https://www.bizinfo.go.kr/cmm/fms/fileDown.do?atchFileId=FILE_000000000760745&fileSn=1,.hwp,C:\dongaAI\3차 프로젝트\0.0\data\attachments\hwp_raw\PBLN_000000000123397_[ë¶ì2] ì¬ì  ììì¡°ì¬ì(ìì2).hwp,downloaded,,2026-07-01T02:35:53
PBLN_000000000123397,bizinfo,[충북] 2026년 중소기업 산업보안 진단 컨설팅 모집 공고(산업기술단지 거점기능강화사업),중소벤처기업부,https://www.bizinfo.go.kr/sii/siia/selectSIIA200Detail.do?pblancId=PBLN_000000000123397,https://www.bizinfo.go.kr/cmm/fms/fileDown.do?atchFileId=FILE_000000000760745&fileSn=2,.hwp,C:\dongaAI\3차 프로젝트\0.0\data\attachments\hwp_raw\PBLN_000000000123397_[ë¶ì3] ê¸°ì ì§ì ì ë³´ íì©ì ìí ëìì(ìì3).hwp,downloaded,,2026-07-01T02:35:53
PBLN_000000000123373,bizinfo,[경기] 안산시 2026년 관내 BI 입주기업 브랜드 강화사업 참여기업 모집 공고,경기도,https://www.bizinfo.go.kr/sii/siia/selectSIIA200Detail.do?pblancId=PBLN_000000000123373,https://www.bizinfo.go.kr/cmm/fms/fileDown.do?atchFileId=FILE_000000000760615&fileSn=1,.hwp,C:\dongaAI\3차 프로젝트\0.0\data\attachments\hwp_raw\PBLN_000000000123373_ë¶ì2. ì ì²­ìì(ì°¸ì¬ì ì²­ì ë±).hwp,downloaded,,2026-07-01T02:35:53
PBLN_000000000123336,bizinfo,[서울] 2026년 2차 서울제로마켓 활성화 사업 참여자 모집 공고,서울특별시,https://www.bizinfo.go.kr/sii/siia/selectSIIA200Detail.do?pblancId=PBLN_000000000123336,https://www.bizinfo.go.kr/cmm/fms/fileDown.do?atchFileId=FILE_000000000760509&fileSn=2,.hwp,C:\dongaAI\3차 프로젝트\0.0\data\attachments\hwp_raw\PBLN_000000000123336_2.(ìì)ì§ìì ì²­ì ë° ì¬ì ê³íì.hwp,downloaded,,2026-07-01T02:35:53
PBLN_000000000123533,bizinfo,2026년 오픈데이터포럼(ODF) 공공데이터ㆍAI 활용 리빙랩 프로젝트 모집 공고,행정안전부,https://www.bizinfo.go.kr/sii/siia/selectSIIA200Detail.do?pblancId=PBLN_000000000123533,https://www.bizinfo.go.kr/cmm/fms/fileDown.do?atchFileId=FILE_000000000761284&fileSn=1,.hwp,C:\dongaAI\3차 프로젝트\0.0\data\attachments\hwp_raw\PBLN_000000000123533_â 2026 ODF ë¦¬ë¹ë© íë¡ì í¸ ì ì²­ì_F.hwp,downloaded,,2026-07-01T02:35:53
PBLN_000000000123238,bizinfo,[제주] 2026년 하반기 도내 여행사 대상 단체 관광객 유치 지원 공고,제주특별자치도,https://www.bizinfo.go.kr/sii/siia/selectSIIA200Detail.do?pblancId=PBLN_000000000123238,https://www.bizinfo.go.kr/cmm/fms/fileDown.do?atchFileId=FILE_000000000760116&fileSn=1,.hwp,C:\dongaAI\3차 프로젝트\0.0\data\attachments\hwp_raw\PBLN_000000000123238_[ìì 1] 2026 ëë´ ì¬íì¬ ëì ë¨ì²´ ê´ê´ê° ì ì¹ ì§ì(ì¬ì ì ì²­ì).hwp,downloaded,,2026-07-01T02:35:53
PBLN_000000000123238,bizinfo,[제주] 2026년 하반기 도내 여행사 대상 단체 관광객 유치 지원 공고,제주특별자치도,https://www.bizinfo.go.kr/sii/siia/selectSIIA200Detail.do?pblancId=PBLN_000000000123238,https://www.bizinfo.go.kr/cmm/fms/fileDown.do?atchFileId=FILE_000000000760116&fileSn=2,.hwp,C:\dongaAI\3차 프로젝트\0.0\data\attachments\hwp_raw\PBLN_000000000123238_[ìì 2] 2026 ëë´ ì¬íì¬ ëì ë¨ì²´ ê´ê´ê° ì ì¹ ì§ì(ê²°ê³¼ì ì²­ì).hwp,downloaded,,2026-07-01T02:35:53
PBLN_000000000123238,bizinfo,[제주] 2026년 하반기 도내 여행사 대상 단체 관광객 유치 지원 공고,제주특별자치도,https://www.bizinfo.go.kr/sii/siia/selectSIIA200Detail.do?pblancId=PBLN_000000000123238,https://www.bizinfo.go.kr/cmm/fms/fileDown.do?atchFileId=FILE_000000000760116&fileSn=3,.hwp,C:\dongaAI\3차 프로젝트\0.0\data\attachments\hwp_raw\PBLN_000000000123238_[ë³ì²¨] ë¤í¬í¬ì´ ìí ìë´ë¬¸.hwp,downloaded,,2026-07-01T02:35:53
PBLN_000000000123238,bizinfo,[제주] 2026년 하반기 도내 여행사 대상 단체 관광객 유치 지원 공고,제주특별자치도,https://www.bizinfo.go.kr/sii/siia/selectSIIA200Detail.do?pblancId=PBLN_000000000123238,https://www.bizinfo.go.kr/cmm/fms/fileDown.do?atchFileId=FILE_000000000760115&fileSn=1,.hwp,C:\dongaAI\3차 프로젝트\0.0\data\attachments\hwp_raw\PBLN_000000000123238_[ê³µê³ ] 2026 ëë´ ì¬íì¬ ëì ë¨ì²´ì ì¹ ì§ì ê³µê³ (íë°ê¸°).hwp,downloaded,,2026-07-01T02:35:55
PBLN_000000000123208,bizinfo,[울산] 2026년 공공조달 컨설팅 참가기업 모집 공고(지역기업 판로개척 패키지 지원사업),울산광역시,https://www.bizinfo.go.kr/sii/siia/selectSIIA200Detail.do?pblancId=PBLN_000000000123208,https://www.bizinfo.go.kr/cmm/fms/fileDown.do?atchFileId=FILE_000000000760017&fileSn=1,.hwp,C:\dongaAI\3차 프로젝트\0.0\data\attachments\hwp_raw\PBLN_000000000123208_2026ë  ì§ì­ê¸°ì ê³µê³µì¡°ë¬ ì»¨ì¤í ì°¸ê°ê¸°ì ëª¨ì§ê³µê³ (ì).hwp,downloaded,,2026-07-01T02:35:55
PBLN_000000000123361,bizinfo,2026년 청정공정 확산사업 참여기업 모집 공고,산업통상부,https://www.bizinfo.go.kr/sii/siia/selectSIIA200Detail.do?pblancId=PBLN_000000000123361,https://www.bizinfo.go.kr/cmm/fms/fileDown.do?atchFileId=FILE_000000000760585&fileSn=1,.hwp,C:\dongaAI\3차 프로젝트\0.0\data\attachments\hwp_raw\PBLN_000000000123361_(ìì±ìì) 2026 ì²­ì ê³µì íì°ì¬ì ì°¸ì¬ê¸°ì ëª¨ì§.hwp,downloaded,,2026-07-01T02:35:55
PBLN_000000000123371,bizinfo,[경남] 사천시ㆍ진주시 2026년 2차 우주ㆍ항공 제조기업 대상 DX 기반 품질ㆍ공정 개선 및 생산성 향상을 위한 무료 컨설팅 및 전문인력양성 지원사업 공고,산업통상부,https://www.bizinfo.go.kr/sii/siia/selectSIIA200Detail.do?pblancId=PBLN_000000000123371,https://www.bizinfo.go.kr/sii/siia/202606181435020634.hwp,.hwp,C:\dongaAI\3차 프로젝트\0.0\data\attachments\hwp_raw\PBLN_000000000123371_202606181435020634.hwp,download_failed,404 Client Error: Not Found for url: https://www.bizinfo.go.kr/sii/siia/202606181435020634.hwp,2026-07-01T02:35:55
PBLN_000000000123371,bizinfo,[경남] 사천시ㆍ진주시 2026년 2차 우주ㆍ항공 제조기업 대상 DX 기반 품질ㆍ공정 개선 및 생산성 향상을 위한 무료 컨설팅 및 전문인력양성 지원사업 공고,산업통상부,https://www.bizinfo.go.kr/sii/siia/selectSIIA200Detail.do?pblancId=PBLN_000000000123371,https://www.bizinfo.go.kr/sii/siia/(공고문) 2026년도 제조기업 DX를 위한 무료 컨설팅 및 전문인력양성 지원사업 2차 공고.hwp,.hwp,C:\dongaAI\3차 프로젝트\0.0\data\attachments\hwp_raw\PBLN_000000000123371_(공고문) 2026년도 제조기업 DX를 위한 무료 컨설팅 및 전문인력양성 지원사업 2차 공고.hwp,download_failed,400 Client Error: Bad Request for url: https://www.bizinfo.go.kr/sii/siia/(%EA%B3%B5%EA%B3%A0%EB%AC%B8)%202026%EB%85%84%EB%8F%84%20%EC%A0%9C%EC%A1%B0%EA%B8%B0%EC%97%85%20DX%EB%A5%BC%20%EC%9C%84%ED%95%9C%20%EB%AC%B4%EB%A3%8C%20%EC%BB%A8%EC%84%A4%ED%8C%85%20%EB%B0%8F%20%EC%A0%84%EB%AC%B8%EC%9D%B8%EB%A0%A5%EC%96%91%EC%84%B1%20%EC%A7%80%EC%9B%90%EC%82%AC%EC%97%85%202%EC%B0%A8%20%EA%B3%B5%EA%B3%A0.hwp,2026-07-01T02:35:55
PBLN_000000000123371,bizinfo,[경남] 사천시ㆍ진주시 2026년 2차 우주ㆍ항공 제조기업 대상 DX 기반 품질ㆍ공정 개선 및 생산성 향상을 위한 무료 컨설팅 및 전문인력양성 지원사업 공고,산업통상부,https://www.bizinfo.go.kr/sii/siia/selectSIIA200Detail.do?pblancId=PBLN_000000000123371,https://www.bizinfo.go.kr/cmm/fms/fileDown.do?atchFileId=FILE_000000000760607&fileSn=0,.hwp,C:\dongaAI\3차 프로젝트\0.0\data\attachments\hwp_raw\PBLN_000000000123371_ë¶ì1. ì§ìì¬ì _ì ì²­ìì_KETI.hwp,downloaded,,2026-07-01T02:35:55
PBLN_000000000123371,bizinfo,[경남] 사천시ㆍ진주시 2026년 2차 우주ㆍ항공 제조기업 대상 DX 기반 품질ㆍ공정 개선 및 생산성 향상을 위한 무료 컨설팅 및 전문인력양성 지원사업 공고,산업통상부,https://www.bizinfo.go.kr/sii/siia/selectSIIA200Detail.do?pblancId=PBLN_000000000123371,https://www.bizinfo.go.kr/cmm/fms/fileDown.do?atchFileId=FILE_000000000760606&fileSn=0,.hwp,C:\dongaAI\3차 프로젝트\0.0\data\attachments\hwp_raw\PBLN_000000000123371_(ê³µê³ ë¬¸) 2026ë ë ì ì¡°ê¸°ì DXë¥¼ ìí ë¬´ë£ ì»¨ì¤í ë° ì ë¬¸ì¸ë ¥ìì± ì§ìì¬ì 2ì°¨ ê³µê³.hwp,downloaded,,2026-07-01T02:35:55
PBLN_000000000123125,bizinfo,[전북] 군산시ㆍ김제시 2026년 3차 자유무역지역 기업지원사업 통합 공고,산업통상부,https://www.bizinfo.go.kr/sii/siia/selectSIIA200Detail.do?pblancId=PBLN_000000000123125,https://www.bizinfo.go.kr/cmm/fms/fileDown.do?atchFileId=FILE_000000000759684&fileSn=1,.hwp,C:\dongaAI\3차 프로젝트\0.0\data\attachments\hwp_raw\PBLN_000000000123125_[ë¶ì2] ë¥í°FTZ ì»¨ì¤í ì°¸ì¬ì ì²­ì ìì.hwp,downloaded,,2026-07-01T02:35:56
PBLN_000000000123125,bizinfo,[전북] 군산시ㆍ김제시 2026년 3차 자유무역지역 기업지원사업 통합 공고,산업통상부,https://www.bizinfo.go.kr/sii/siia/selectSIIA200Detail.do?pblancId=PBLN_000000000123125,https://www.bizinfo.go.kr/cmm/fms/fileDown.do?atchFileId=FILE_000000000759684&fileSn=2,.hwp,C:\dongaAI\3차 프로젝트\0.0\data\attachments\hwp_raw\PBLN_000000000123125_[ë¶ì3] ê³íì ë° ì ì¶ìë¥ ìë´ë¬¸.hwp,downloaded,,2026-07-01T02:35:56
PBLN_000000000123125,bizinfo,[전북] 군산시ㆍ김제시 2026년 3차 자유무역지역 기업지원사업 통합 공고,산업통상부,https://www.bizinfo.go.kr/sii/siia/selectSIIA200Detail.do?pblancId=PBLN_000000000123125,https://www.bizinfo.go.kr/cmm/fms/fileDown.do?atchFileId=FILE_000000000759684&fileSn=3,.hwp,C:\dongaAI\3차 프로젝트\0.0\data\attachments\hwp_raw\PBLN_000000000123125_[ë¶ì4] íìì§ë¨ ì»¨ì¤í ì°¸ì¬ ì ì²­ì.hwp,downloaded,,2026-07-01T02:35:56
PBLN_000000000123103,bizinfo,[전남광주] 로컬콘텐츠 기반 문화상품 개발 컨소시엄(공방&디자인기업) 모집 공고,전남광주통합특별시,https://www.bizinfo.go.kr/sii/siia/selectSIIA200Detail.do?pblancId=PBLN_000000000123103,https://www.bizinfo.go.kr/cmm/fms/fileDown.do?atchFileId=FILE_000000000759618&fileSn=0,.hwp,C:\dongaAI\3차 프로젝트\0.0\data\attachments\hwp_raw\PBLN_000000000123103_[ì ì²­ì]+2026+ë¬¸íìíê°ë°(ìµì»¤)+ì»¨ììì+ì°¸ê°.hwp,downloaded,,2026-07-01T02:35:56
PBLN_000000000123063,bizinfo,2026년 3차 배출권거래제 할당대상업체 탄소중립 컨설팅 사업 공고,기후에너지환경부,https://www.bizinfo.go.kr/sii/siia/selectSIIA200Detail.do?pblancId=PBLN_000000000123063,https://www.bizinfo.go.kr/sii/siia/202606111346550006.hwp,.hwp,C:\dongaAI\3차 프로젝트\0.0\data\attachments\hwp_raw\PBLN_000000000123063_202606111346550006.hwp,download_failed,404 Client Error: Not Found for url: https://www.bizinfo.go.kr/sii/siia/202606111346550006.hwp,2026-07-01T02:35:56
PBLN_000000000123063,bizinfo,2026년 3차 배출권거래제 할당대상업체 탄소중립 컨설팅 사업 공고,기후에너지환경부,https://www.bizinfo.go.kr/sii/siia/selectSIIA200Detail.do?pblancId=PBLN_000000000123063,https://www.bizinfo.go.kr/sii/siia/(첨부1) 할당대상업체 탄소중립컨설팅 공고문(3차) 및 사업신청서.hwp,.hwp,C:\dongaAI\3차 프로젝트\0.0\data\attachments\hwp_raw\PBLN_000000000123063_(첨부1) 할당대상업체 탄소중립컨설팅 공고문(3차) 및 사업신청서.hwp,download_failed,400 Client Error: Bad Request for url: https://www.bizinfo.go.kr/sii/siia/(%EC%B2%A8%EB%B6%801)%20%ED%95%A0%EB%8B%B9%EB%8C%80%EC%83%81%EC%97%85%EC%B2%B4%20%ED%83%84%EC%86%8C%EC%A4%91%EB%A6%BD%EC%BB%A8%EC%84%A4%ED%8C%85%20%EA%B3%B5%EA%B3%A0%EB%AC%B8(3%EC%B0%A8)%20%EB%B0%8F%20%EC%82%AC%EC%97%85%EC%8B%A0%EC%B2%AD%EC%84%9C.hwp,2026-07-01T02:35:56
PBLN_000000000123063,bizinfo,2026년 3차 배출권거래제 할당대상업체 탄소중립 컨설팅 사업 공고,기후에너지환경부,https://www.bizinfo.go.kr/sii/siia/selectSIIA200Detail.do?pblancId=PBLN_000000000123063,https://www.bizinfo.go.kr/cmm/fms/fileDown.do?atchFileId=FILE_000000000759429&fileSn=1,.hwp,C:\dongaAI\3차 프로젝트\0.0\data\attachments\hwp_raw\PBLN_000000000123063_(ì²¨ë¶2) íìì¤ë¦½ì¤ë¹ ì§ìì¬ì ì´ìì§ì¹¨.hwp,downloaded,,2026-07-01T02:35:56
PBLN_000000000123063,bizinfo,2026년 3차 배출권거래제 할당대상업체 탄소중립 컨설팅 사업 공고,기후에너지환경부,https://www.bizinfo.go.kr/sii/siia/selectSIIA200Detail.do?pblancId=PBLN_000000000123063,https://www.bizinfo.go.kr/cmm/fms/fileDown.do?atchFileId=FILE_000000000759428&fileSn=1,.hwp,C:\dongaAI\3차 프로젝트\0.0\data\attachments\hwp_raw\PBLN_000000000123063_(ì²¨ë¶1) í ë¹ëìì ì²´ íìì¤ë¦½ì»¨ì¤í ê³µê³ ë¬¸(3ì°¨) ë° ì¬ì ì ì²­ì.hwp,downloaded,,2026-07-01T02:35:56
PBLN_000000000123093,bizinfo,[제주] 2026년 빅데이터 분석 및 데이터 활용 컨설팅 모집 공고(제주빅데이터센터 운영 사업),제주특별자치도,https://www.bizinfo.go.kr/sii/siia/selectSIIA200Detail.do?pblancId=PBLN_000000000123093,https://www.bizinfo.go.kr/cmm/fms/fileDown.do?atchFileId=FILE_000000000759594&fileSn=0,.hwp,C:\dongaAI\3차 프로젝트\0.0\data\attachments\hwp_raw\PBLN_000000000123093_(ë¶ì 2) (ìì) ë¹ ë°ì´í° ë¶ì ë° ë°ì´í° íì© ì»¨ì¤í ì ì²­ì ë° íì½ì.hwp,downloaded,,2026-07-01T02:35:56
PBLN_000000000123534,bizinfo,[전북] 2026년 기후테크 특화 오픈이노베이션 컨소시엄 추가모집 공고(기후테크 창업기업 성장지원사업),전북특별자치도,https://www.bizinfo.go.kr/sii/siia/selectSIIA200Detail.do?pblancId=PBLN_000000000123534,https://www.bizinfo.go.kr/sii/siia/202606240959310305.hwp,.hwp,C:\dongaAI\3차 프로젝트\0.0\data\attachments\hwp_raw\PBLN_000000000123534_202606240959310305.hwp,download_failed,404 Client Error: Not Found for url: https://www.bizinfo.go.kr/sii/siia/202606240959310305.hwp,2026-07-01T02:35:56
PBLN_000000000123534,bizinfo,[전북] 2026년 기후테크 특화 오픈이노베이션 컨소시엄 추가모집 공고(기후테크 창업기업 성장지원사업),전북특별자치도,https://www.bizinfo.go.kr/sii/siia/selectSIIA200Detail.do?pblancId=PBLN_000000000123534,https://www.bizinfo.go.kr/sii/siia/(공고문)2026년기후테크특화오픈이노베이션컨소시엄추가모집공고.hwp,.hwp,C:\dongaAI\3차 프로젝트\0.0\data\attachments\hwp_raw\PBLN_000000000123534_(공고문)2026년기후테크특화오픈이노베이션컨소시엄추가모집공고.hwp,download_failed,400 Client Error: Bad Request for url: https://www.bizinfo.go.kr/sii/siia/(%EA%B3%B5%EA%B3%A0%EB%AC%B8)2026%EB%85%84%EA%B8%B0%ED%9B%84%ED%85%8C%ED%81%AC%ED%8A%B9%ED%99%94%EC%98%A4%ED%94%88%EC%9D%B4%EB%85%B8%EB%B2%A0%EC%9D%B4%EC%85%98%EC%BB%A8%EC%86%8C%EC%8B%9C%EC%97%84%EC%B6%94%EA%B0%80%EB%AA%A8%EC%A7%91%EA%B3%B5%EA%B3%A0.hwp,2026-07-01T02:35:56
PBLN_000000000123534,bizinfo,[전북] 2026년 기후테크 특화 오픈이노베이션 컨소시엄 추가모집 공고(기후테크 창업기업 성장지원사업),전북특별자치도,https://www.bizinfo.go.kr/sii/siia/selectSIIA200Detail.do?pblancId=PBLN_000000000123534,https://www.bizinfo.go.kr/cmm/fms/fileDown.do?atchFileId=FILE_000000000761281&fileSn=0,.hwp,C:\dongaAI\3차 프로젝트\0.0\data\attachments\hwp_raw\PBLN_000000000123534_(ê³µê³ ë¬¸)2026ë ê¸°íí í¬í¹íì¤íì´ë ¸ë² ì´ì ì»¨ìììì¶ê°ëª¨ì§ê³µê³.hwp,downloaded,,2026-07-01T02:35:56
PBLN_000000000123023,bizinfo,[경남] 2026년 사이버 위기대응 모의훈련 및 보안점검 수요기업 모집 공고(지역 정보보호 지원센터),경상남도,https://www.bizinfo.go.kr/sii/siia/selectSIIA200Detail.do?pblancId=PBLN_000000000123023,https://www.bizinfo.go.kr/cmm/fms/fileDown.do?atchFileId=FILE_000000000759271&fileSn=2,.hwp,C:\dongaAI\3차 프로젝트\0.0\data\attachments\hwp_raw\PBLN_000000000123023_ì¬ì´ë² ìê¸°ëì ëª¨ìíë ¨ ë° ë³´ìì ê² ì ì²­ì(ìì).hwp,downloaded,,2026-07-01T02:35:57
PBLN_000000000122996,bizinfo,[경남] 서부 2026년 2차 글로벌IP스타기업육성사업 리뉴얼브랜드개발 지원기업 모집 공고,경상남도,https://www.bizinfo.go.kr/sii/siia/selectSIIA200Detail.do?pblancId=PBLN_000000000122996,https://www.bizinfo.go.kr/cmm/fms/fileDown.do?atchFileId=FILE_000000000759202&fileSn=1,.hwp,C:\dongaAI\3차 프로젝트\0.0\data\attachments\hwp_raw\PBLN_000000000122996_[ê³¼ì ë´ì­ì] ë¦¬ë´ì¼ë¸ëë ê°ë°.hwp,downloaded,,2026-07-01T02:35:57
PBLN_000000000122996,bizinfo,[경남] 서부 2026년 2차 글로벌IP스타기업육성사업 리뉴얼브랜드개발 지원기업 모집 공고,경상남도,https://www.bizinfo.go.kr/sii/siia/selectSIIA200Detail.do?pblancId=PBLN_000000000122996,https://www.bizinfo.go.kr/cmm/fms/fileDown.do?atchFileId=FILE_000000000759202&fileSn=2,.hwp,C:\dongaAI\3차 프로젝트\0.0\data\attachments\hwp_raw\PBLN_000000000122996_[ê¸°ì ëª ] ë¸ëëê°ë° íì©ê³íì.hwp,downloaded,,2026-07-01T02:35:57
PBLN_000000000122992,bizinfo,[경남] 서부 2026년 2차 글로벌IP스타기업육성사업 포장디자인개발 지원기업 모집 공고,경상남도,https://www.bizinfo.go.kr/sii/siia/selectSIIA200Detail.do?pblancId=PBLN_000000000122992,https://www.bizinfo.go.kr/cmm/fms/fileDown.do?atchFileId=FILE_000000000759178&fileSn=1,.hwp,C:\dongaAI\3차 프로젝트\0.0\data\attachments\hwp_raw\PBLN_000000000122992_[ê³¼ì ë´ì­ì] í¬ì¥ëìì¸ ê°ë°.hwp,downloaded,,2026-07-01T02:35:57
PBLN_000000000122992,bizinfo,[경남] 서부 2026년 2차 글로벌IP스타기업육성사업 포장디자인개발 지원기업 모집 공고,경상남도,https://www.bizinfo.go.kr/sii/siia/selectSIIA200Detail.do?pblancId=PBLN_000000000122992,https://www.bizinfo.go.kr/cmm/fms/fileDown.do?atchFileId=FILE_000000000759178&fileSn=2,.hwp,C:\dongaAI\3차 프로젝트\0.0\data\attachments\hwp_raw\PBLN_000000000122992_[ê¸°ì ëª ] ëìì¸ê°ë° íì©ê³íì.hwp,downloaded,,2026-07-01T02:35:57
PBLN_000000000122896,bizinfo,[경기] 2026년 굴뚝 자동측정기기 설치운영관리비 지원사업 추가 모집 공고,경기도,https://www.bizinfo.go.kr/sii/siia/selectSIIA200Detail.do?pblancId=PBLN_000000000122896,https://www.bizinfo.go.kr/sii/siia/202606081436020625.hwp,.hwp,C:\dongaAI\3차 프로젝트\0.0\data\attachments\hwp_raw\PBLN_000000000122896_202606081436020625.hwp,download_failed,404 Client Error: Not Found for url: https://www.bizinfo.go.kr/sii/siia/202606081436020625.hwp,2026-07-01T02:35:57
PBLN_000000000122896,bizinfo,[경기] 2026년 굴뚝 자동측정기기 설치운영관리비 지원사업 추가 모집 공고,경기도,https://www.bizinfo.go.kr/sii/siia/selectSIIA200Detail.do?pblancId=PBLN_000000000122896,https://www.bizinfo.go.kr/sii/siia/2026년_굴뚝_자동측정기기_설치운영_지원사업_모집공고문.hwp,.hwp,C:\dongaAI\3차 프로젝트\0.0\data\attachments\hwp_raw\PBLN_000000000122896_2026년_굴뚝_자동측정기기_설치운영_지원사업_모집공고문.hwp,download_failed,400 Client Error: Bad Request for url: https://www.bizinfo.go.kr/sii/siia/2026%EB%85%84_%EA%B5%B4%EB%9A%9D_%EC%9E%90%EB%8F%99%EC%B8%A1%EC%A0%95%EA%B8%B0%EA%B8%B0_%EC%84%A4%EC%B9%98%EC%9A%B4%EC%98%81_%EC%A7%80%EC%9B%90%EC%82%AC%EC%97%85_%EB%AA%A8%EC%A7%91%EA%B3%B5%EA%B3%A0%EB%AC%B8.hwp,2026-07-01T02:35:57
PBLN_000000000122896,bizinfo,[경기] 2026년 굴뚝 자동측정기기 설치운영관리비 지원사업 추가 모집 공고,경기도,https://www.bizinfo.go.kr/sii/siia/selectSIIA200Detail.do?pblancId=PBLN_000000000122896,https://www.bizinfo.go.kr/cmm/fms/fileDown.do?atchFileId=FILE_000000000758830&fileSn=0,.hwp,C:\dongaAI\3차 프로젝트\0.0\data\attachments\hwp_raw\PBLN_000000000122896_2026ë _êµ´ë_ìëì¸¡ì ê¸°ê¸°_ì¤ì¹ì´ìê´ë¦¬ë¹_ì§ìì¬ì _ì ì²­ì.hwp,downloaded,,2026-07-01T02:35:57
PBLN_000000000122896,bizinfo,[경기] 2026년 굴뚝 자동측정기기 설치운영관리비 지원사업 추가 모집 공고,경기도,https://www.bizinfo.go.kr/sii/siia/selectSIIA200Detail.do?pblancId=PBLN_000000000122896,https://www.bizinfo.go.kr/cmm/fms/fileDown.do?atchFileId=FILE_000000000758829&fileSn=0,.hwp,C:\dongaAI\3차 프로젝트\0.0\data\attachments\hwp_raw\PBLN_000000000122896_2026ë _êµ´ë_ìëì¸¡ì ê¸°ê¸°_ì¤ì¹ì´ì_ì§ìì¬ì _ëª¨ì§ê³µê³ ë¬¸.hwp,downloaded,,2026-07-01T02:35:57
PBLN_000000000122877,bizinfo,[경북] 2026년 포항테크노파크 기술닥터 지원사업 현장맞춤형 애로컨설팅지원 참여기업 모집 공고,경상남도,https://www.bizinfo.go.kr/sii/siia/selectSIIA200Detail.do?pblancId=PBLN_000000000122877,https://www.bizinfo.go.kr/cmm/fms/fileDown.do?atchFileId=FILE_000000000758774&fileSn=0,.hwp,C:\dongaAI\3차 프로젝트\0.0\data\attachments\hwp_raw\PBLN_000000000122877_[ìì ì 1í¸] íì¥ì ë¡ê¸°ì ì»¨ì¤í ì ì²­ì.hwp,downloaded,,2026-07-01T02:35:57
PBLN_000000000122877,bizinfo,[경북] 2026년 포항테크노파크 기술닥터 지원사업 현장맞춤형 애로컨설팅지원 참여기업 모집 공고,경상남도,https://www.bizinfo.go.kr/sii/siia/selectSIIA200Detail.do?pblancId=PBLN_000000000122877,https://www.bizinfo.go.kr/cmm/fms/fileDown.do?atchFileId=FILE_000000000758774&fileSn=1,.hwp,C:\dongaAI\3차 프로젝트\0.0\data\attachments\hwp_raw\PBLN_000000000122877_[ìì ì 8í¸] ê°ì¸ì ë³´ìì§ì´ì© ë° ì 3ì ì ê³µ ëìì.hwp,downloaded,,2026-07-01T02:35:57
PBLN_000000000122877,bizinfo,[경북] 2026년 포항테크노파크 기술닥터 지원사업 현장맞춤형 애로컨설팅지원 참여기업 모집 공고,경상남도,https://www.bizinfo.go.kr/sii/siia/selectSIIA200Detail.do?pblancId=PBLN_000000000122877,https://www.bizinfo.go.kr/cmm/fms/fileDown.do?atchFileId=FILE_000000000758774&fileSn=2,.hwp,C:\dongaAI\3차 프로젝트\0.0\data\attachments\hwp_raw\PBLN_000000000122877_[ìì ì 10í¸] ì¤ë³µì§ì ê¸ì§ íì½ ë° ê´ê³ê¸°ì íì¸ì.hwp,downloaded,,2026-07-01T02:35:57
PBLN_000000000122877,bizinfo,[경북] 2026년 포항테크노파크 기술닥터 지원사업 현장맞춤형 애로컨설팅지원 참여기업 모집 공고,경상남도,https://www.bizinfo.go.kr/sii/siia/selectSIIA200Detail.do?pblancId=PBLN_000000000122877,https://www.bizinfo.go.kr/cmm/fms/fileDown.do?atchFileId=FILE_000000000758773&fileSn=0,.hwp,C:\dongaAI\3차 프로젝트\0.0\data\attachments\hwp_raw\PBLN_000000000122877_ë¶ì 1. ì°¸ì¬ê¸°ì ëª¨ì§ ê³µê³ ë¬¸.hwp,downloaded,,2026-07-01T02:35:57
PBLN_000000000122893,bizinfo,2026년 세종테크밸리 첨단기업 유치 임차료 지원사업 희망기업(임차기업) 모집 수정 공고,세종특별자치시,https://www.bizinfo.go.kr/sii/siia/selectSIIA200Detail.do?pblancId=PBLN_000000000122893,https://www.bizinfo.go.kr/cmm/fms/fileDown.do?atchFileId=FILE_000000000758803&fileSn=0,.hwp,C:\dongaAI\3차 프로젝트\0.0\data\attachments\hwp_raw\PBLN_000000000122893_ë¶ì+2.+202.hwp,downloaded,,2026-07-01T02:35:58
PBLN_000000000123173,bizinfo,[전남광주] 여수시 2026년 2차 지역산업위기대응 맞춤형 지원사업 공고,전남광주통합특별시,https://www.bizinfo.go.kr/sii/siia/selectSIIA200Detail.do?pblancId=PBLN_000000000123173,https://www.bizinfo.go.kr/sii/siia/202606151342140826.hwp,.hwp,C:\dongaAI\3차 프로젝트\0.0\data\attachments\hwp_raw\PBLN_000000000123173_202606151342140826.hwp,download_failed,404 Client Error: Not Found for url: https://www.bizinfo.go.kr/sii/siia/202606151342140826.hwp,2026-07-01T02:35:58
PBLN_000000000123173,bizinfo,[전남광주] 여수시 2026년 2차 지역산업위기대응 맞춤형 지원사업 공고,전남광주통합특별시,https://www.bizinfo.go.kr/sii/siia/selectSIIA200Detail.do?pblancId=PBLN_000000000123173,https://www.bizinfo.go.kr/sii/siia/1.26년(여수시)지역산업위기대응 맞춤형 지원사업_공고(2차).hwp,.hwp,C:\dongaAI\3차 프로젝트\0.0\data\attachments\hwp_raw\PBLN_000000000123173_1.26년(여수시)지역산업위기대응 맞춤형 지원사업_공고(2차).hwp,download_failed,400 Client Error: Bad Request for url: https://www.bizinfo.go.kr/sii/siia/1.26%EB%85%84(%EC%97%AC%EC%88%98%EC%8B%9C)%EC%A7%80%EC%97%AD%EC%82%B0%EC%97%85%EC%9C%84%EA%B8%B0%EB%8C%80%EC%9D%91%20%EB%A7%9E%EC%B6%A4%ED%98%95%20%EC%A7%80%EC%9B%90%EC%82%AC%EC%97%85_%EA%B3%B5%EA%B3%A0(2%EC%B0%A8).hwp,2026-07-01T02:35:58
PBLN_000000000123173,bizinfo,[전남광주] 여수시 2026년 2차 지역산업위기대응 맞춤형 지원사업 공고,전남광주통합특별시,https://www.bizinfo.go.kr/sii/siia/selectSIIA200Detail.do?pblancId=PBLN_000000000123173,https://www.bizinfo.go.kr/cmm/fms/fileDown.do?atchFileId=FILE_000000000759865&fileSn=1,.hwp,C:\dongaAI\3차 프로젝트\0.0\data\attachments\hwp_raw\PBLN_000000000123173_2.26ë (ì¬ìì)ì§ì­ì°ì ìê¸°ëì ë§ì¶¤í ì§ìì¬ì _ì²¨ë¶íì¼ ì¼ì²´.hwp,downloaded,,2026-07-01T02:35:58
PBLN_000000000123173,bizinfo,[전남광주] 여수시 2026년 2차 지역산업위기대응 맞춤형 지원사업 공고,전남광주통합특별시,https://www.bizinfo.go.kr/sii/siia/selectSIIA200Detail.do?pblancId=PBLN_000000000123173,https://www.bizinfo.go.kr/cmm/fms/fileDown.do?atchFileId=FILE_000000000759864&fileSn=1,.hwp,C:\dongaAI\3차 프로젝트\0.0\data\attachments\hwp_raw\PBLN_000000000123173_1.26ë (ì¬ìì)ì§ì­ì°ì ìê¸°ëì ë§ì¶¤í ì§ìì¬ì _ê³µê³ (2ì°¨).hwp,downloaded,,2026-07-01T02:35:58
PBLN_000000000122644,bizinfo,[경북] 2026년 2차 미래자동차 사업재편 혁신성장 지원사업 공고,경상북도,https://www.bizinfo.go.kr/sii/siia/selectSIIA200Detail.do?pblancId=PBLN_000000000122644,https://www.bizinfo.go.kr/cmm/fms/fileDown.do?atchFileId=FILE_000000000757832&fileSn=0,.hwp,C:\dongaAI\3차 프로젝트\0.0\data\attachments\hwp_raw\PBLN_000000000122644_2. 26ë  ì ì²­ì ë° ê³íì(ë¯¸ëì°¨ ì í ì»¨ì¤í ).hwp,downloaded,,2026-07-01T02:35:58
PBLN_000000000122644,bizinfo,[경북] 2026년 2차 미래자동차 사업재편 혁신성장 지원사업 공고,경상북도,https://www.bizinfo.go.kr/sii/siia/selectSIIA200Detail.do?pblancId=PBLN_000000000122644,https://www.bizinfo.go.kr/cmm/fms/fileDown.do?atchFileId=FILE_000000000757832&fileSn=1,.hwp,C:\dongaAI\3차 프로젝트\0.0\data\attachments\hwp_raw\PBLN_000000000122644_3. 26ë  ì ì²­ì ë° ê³íì(ì¹ì¸ê¸°ì íì ì§ì).hwp,downloaded,,2026-07-01T02:35:58
PBLN_000000000122644,bizinfo,[경북] 2026년 2차 미래자동차 사업재편 혁신성장 지원사업 공고,경상북도,https://www.bizinfo.go.kr/sii/siia/selectSIIA200Detail.do?pblancId=PBLN_000000000122644,https://www.bizinfo.go.kr/cmm/fms/fileDown.do?atchFileId=FILE_000000000757832&fileSn=2,.hwp,C:\dongaAI\3차 프로젝트\0.0\data\attachments\hwp_raw\PBLN_000000000122644_4. 26ë  ì¶ê° ìë¥ ìì.hwp,downloaded,,2026-07-01T02:35:58
PBLN_000000000122644,bizinfo,[경북] 2026년 2차 미래자동차 사업재편 혁신성장 지원사업 공고,경상북도,https://www.bizinfo.go.kr/sii/siia/selectSIIA200Detail.do?pblancId=PBLN_000000000122644,https://www.bizinfo.go.kr/cmm/fms/fileDown.do?atchFileId=FILE_000000000757831&fileSn=0,.hwp,C:\dongaAI\3차 프로젝트\0.0\data\attachments\hwp_raw\PBLN_000000000122644_1. 2026ë  ë¯¸ëìëì°¨ ì¬ì ì¬í¸ íì ì±ì¥ ì§ìì¬ì 2ì°¨ ê³µê³.hwp,downloaded,,2026-07-01T02:35:59
PBLN_000000000122420,bizinfo,[경기] 부천시 IBK ESG 컨설팅 참가기업 모집 공고,경기도,https://www.bizinfo.go.kr/sii/siia/selectSIIA200Detail.do?pblancId=PBLN_000000000122420,https://www.bizinfo.go.kr/cmm/fms/fileDown.do?atchFileId=FILE_000000000757018&fileSn=0,.hwp,C:\dongaAI\3차 프로젝트\0.0\data\attachments\hwp_raw\PBLN_000000000122420_ê°ì¸ì ë³´ ìì§Â·ì ê³µÂ·íì© ëìì.hwp,downloaded,,2026-07-01T02:35:59
PBLN_000000000122420,bizinfo,[경기] 부천시 IBK ESG 컨설팅 참가기업 모집 공고,경기도,https://www.bizinfo.go.kr/sii/siia/selectSIIA200Detail.do?pblancId=PBLN_000000000122420,https://www.bizinfo.go.kr/cmm/fms/fileDown.do?atchFileId=FILE_000000000757018&fileSn=1,.hwp,C:\dongaAI\3차 프로젝트\0.0\data\attachments\hwp_raw\PBLN_000000000122420_ì°¸ê°ì ì²­ì.hwp,downloaded,,2026-07-01T02:35:59
PBLN_000000000122216,bizinfo,[경남] 2026년 경력단절예방지원사업 직장문화개선 기업컨설팅 참여기업 모집 공고,경상남도,https://www.bizinfo.go.kr/sii/siia/selectSIIA200Detail.do?pblancId=PBLN_000000000122216,https://www.bizinfo.go.kr/cmm/fms/fileDown.do?atchFileId=FILE_000000000756323&fileSn=0,.hwp,C:\dongaAI\3차 프로젝트\0.0\data\attachments\hwp_raw\PBLN_000000000122216_[4íê¸°]+2026ë +ãì§ì¥ë¬¸íê°ì +ê¸°ì ì»¨ì¤í ã+ì°¸ê°ì ì²­ì+ë°+ì ì²­ê¸°ì +ìê°ì.hwp,downloaded,,2026-07-01T02:35:59
PBLN_000000000122273,bizinfo,2026년 찾아가는 1:1 디지털 교육 소상공인 모집 공고,중소벤처기업부,https://www.bizinfo.go.kr/sii/siia/selectSIIA200Detail.do?pblancId=PBLN_000000000122273,https://www.bizinfo.go.kr/cmm/fms/fileDown.do?atchFileId=FILE_000000000756539&fileSn=1,.hwp,C:\dongaAI\3차 프로젝트\0.0\data\attachments\hwp_raw\PBLN_000000000122273_26ë +ì°¾ìê°ë+1ë1+ëì§í¸+êµì¡+ììê³µì¸+ëª¨ì§ê³µê³.hwp,downloaded,,2026-07-01T02:35:59
PBLN_000000000121931,bizinfo,[부산] 2026년 소상공인 경영전략 컨설팅 소상공인 모집 공고,부산광역시,https://www.bizinfo.go.kr/sii/siia/selectSIIA200Detail.do?pblancId=PBLN_000000000121931,https://www.bizinfo.go.kr/cmm/fms/fileDown.do?atchFileId=FILE_000000000755185&fileSn=0,.hwp,C:\dongaAI\3차 프로젝트\0.0\data\attachments\hwp_raw\PBLN_000000000121931_2026ë  ììê³µì¸ ê²½ìì ëµ ì»¨ì¤í ììê³µì¸ ì§ìì ì²­ì.hwp,downloaded,,2026-07-01T02:35:59
PBLN_000000000121811,bizinfo,[충북] 충주시 2026년 3차 소규모 사업장 방지시설(사물인터넷 측정기기) 설치 지원사업 공고,충청북도,https://www.bizinfo.go.kr/sii/siia/selectSIIA200Detail.do?pblancId=PBLN_000000000121811,https://www.bizinfo.go.kr/cmm/fms/fileDown.do?atchFileId=FILE_000000000754781&fileSn=2,.hwp,C:\dongaAI\3차 프로젝트\0.0\data\attachments\hwp_raw\PBLN_000000000121811_3) ì ì¶ìì(ì°©ê³µ).hwp,downloaded,,2026-07-01T02:36:00
PBLN_000000000121811,bizinfo,[충북] 충주시 2026년 3차 소규모 사업장 방지시설(사물인터넷 측정기기) 설치 지원사업 공고,충청북도,https://www.bizinfo.go.kr/sii/siia/selectSIIA200Detail.do?pblancId=PBLN_000000000121811,https://www.bizinfo.go.kr/cmm/fms/fileDown.do?atchFileId=FILE_000000000754781&fileSn=4,.hwp,C:\dongaAI\3차 프로젝트\0.0\data\attachments\hwp_raw\PBLN_000000000121811_êµ­ê³ ë³´ì¡°ê¸ ì ë¬´ì²ë¦¬ì§ì¹¨ ì¼ë¶ë°ì·(ì¬ë¬¼ì¸í°ë· ì¸¡ì ê¸°ê¸° ë¶ì°© ì§ìì¬ì ).hwp,downloaded,,2026-07-01T02:36:00
PBLN_000000000121769,bizinfo,[제주] 2026년 제주다양성영화 후반단계 작품 인프라 활용 지원사업 공고,제주특별자치도,https://www.bizinfo.go.kr/sii/siia/selectSIIA200Detail.do?pblancId=PBLN_000000000121769,https://www.bizinfo.go.kr/cmm/fms/fileDown.do?atchFileId=FILE_000000000754623&fileSn=0,.hwp,C:\dongaAI\3차 프로젝트\0.0\data\attachments\hwp_raw\PBLN_000000000121769_(ìì) ì§ìì ì²­ì_ì ì£¼ë¤ìì±ìí íë°ë¨ê³ ìí ì¸íë¼ íì© ì§ìì¬ì.hwp,downloaded,,2026-07-01T02:36:00
PBLN_000000000121677,bizinfo,[충남] 2026년 대전상공회의소 ESG 경영 컨설팅 지원사업 참여기업 모집 공고,충청남도,https://www.bizinfo.go.kr/sii/siia/selectSIIA200Detail.do?pblancId=PBLN_000000000121677,https://www.bizinfo.go.kr/sii/siia/202605071048010861.hwp,.hwp,C:\dongaAI\3차 프로젝트\0.0\data\attachments\hwp_raw\PBLN_000000000121677_202605071048010861.hwp,download_failed,404 Client Error: Not Found for url: https://www.bizinfo.go.kr/sii/siia/202605071048010861.hwp,2026-07-01T02:36:00
PBLN_000000000121677,bizinfo,[충남] 2026년 대전상공회의소 ESG 경영 컨설팅 지원사업 참여기업 모집 공고,충청남도,https://www.bizinfo.go.kr/sii/siia/selectSIIA200Detail.do?pblancId=PBLN_000000000121677,https://www.bizinfo.go.kr/sii/siia/대전상공회의소 ESG 경영 컨설팅 지원사업 공고_2026 (1).hwp,.hwp,C:\dongaAI\3차 프로젝트\0.0\data\attachments\hwp_raw\PBLN_000000000121677_대전상공회의소 ESG 경영 컨설팅 지원사업 공고_2026 (1).hwp,download_failed,400 Client Error: Bad Request for url: https://www.bizinfo.go.kr/sii/siia/%EB%8C%80%EC%A0%84%EC%83%81%EA%B3%B5%ED%9A%8C%EC%9D%98%EC%86%8C%20ESG%20%EA%B2%BD%EC%98%81%20%EC%BB%A8%EC%84%A4%ED%8C%85%20%EC%A7%80%EC%9B%90%EC%82%AC%EC%97%85%20%EA%B3%B5%EA%B3%A0_2026%20(1).hwp,2026-07-01T02:36:00
PBLN_000000000121677,bizinfo,[충남] 2026년 대전상공회의소 ESG 경영 컨설팅 지원사업 참여기업 모집 공고,충청남도,https://www.bizinfo.go.kr/sii/siia/selectSIIA200Detail.do?pblancId=PBLN_000000000121677,https://www.bizinfo.go.kr/cmm/fms/fileDown.do?atchFileId=FILE_000000000754310&fileSn=0,.hwp,C:\dongaAI\3차 프로젝트\0.0\data\attachments\hwp_raw\PBLN_000000000121677_ëì ìê³µíìì ESG ê²½ì ì»¨ì¤í ì§ìì¬ì ê³µê³ _2026 (1).hwp,downloaded,,2026-07-01T02:36:00
PBLN_000000000121678,bizinfo,[경북] 예천군 2026년 소상공인 카드수수료 지원사업 참여점포 모집 공고,경상북도,https://www.bizinfo.go.kr/sii/siia/selectSIIA200Detail.do?pblancId=PBLN_000000000121678,https://www.bizinfo.go.kr/sii/siia/202605071059000872.hwp,.hwp,C:\dongaAI\3차 프로젝트\0.0\data\attachments\hwp_raw\PBLN_000000000121678_202605071059000872.hwp,download_failed,404 Client Error: Not Found for url: https://www.bizinfo.go.kr/sii/siia/202605071059000872.hwp,2026-07-01T02:36:00
PBLN_000000000121678,bizinfo,[경북] 예천군 2026년 소상공인 카드수수료 지원사업 참여점포 모집 공고,경상북도,https://www.bizinfo.go.kr/sii/siia/selectSIIA200Detail.do?pblancId=PBLN_000000000121678,https://www.bizinfo.go.kr/sii/siia/(붙임1)소상공인 카드수수료 모집공고(예천군).hwp,.hwp,C:\dongaAI\3차 프로젝트\0.0\data\attachments\hwp_raw\PBLN_000000000121678_(붙임1)소상공인 카드수수료 모집공고(예천군).hwp,download_failed,400 Client Error: Bad Request for url: https://www.bizinfo.go.kr/sii/siia/(%EB%B6%99%EC%9E%841)%EC%86%8C%EC%83%81%EA%B3%B5%EC%9D%B8%20%EC%B9%B4%EB%93%9C%EC%88%98%EC%88%98%EB%A3%8C%20%EB%AA%A8%EC%A7%91%EA%B3%B5%EA%B3%A0(%EC%98%88%EC%B2%9C%EA%B5%B0).hwp,2026-07-01T02:36:00
PBLN_000000000121678,bizinfo,[경북] 예천군 2026년 소상공인 카드수수료 지원사업 참여점포 모집 공고,경상북도,https://www.bizinfo.go.kr/sii/siia/selectSIIA200Detail.do?pblancId=PBLN_000000000121678,https://www.bizinfo.go.kr/cmm/fms/fileDown.do?atchFileId=FILE_000000000754314&fileSn=1,.hwp,C:\dongaAI\3차 프로젝트\0.0\data\attachments\hwp_raw\PBLN_000000000121678_(ë¶ì1)ììê³µì¸ ì¹´ëììë£ ëª¨ì§ê³µê³ (ìì²êµ°).hwp,downloaded,,2026-07-01T02:36:00
PBLN_000000000121568,bizinfo,[경북] 봉화군 2026년 소상공인 카드수수료 지원사업 참여점포 모집 공고,경상북도,https://www.bizinfo.go.kr/sii/siia/selectSIIA200Detail.do?pblancId=PBLN_000000000121568,https://www.bizinfo.go.kr/sii/siia/202605041343060278.hwp,.hwp,C:\dongaAI\3차 프로젝트\0.0\data\attachments\hwp_raw\PBLN_000000000121568_202605041343060278.hwp,download_failed,404 Client Error: Not Found for url: https://www.bizinfo.go.kr/sii/siia/202605041343060278.hwp,2026-07-01T02:36:00
PBLN_000000000121568,bizinfo,[경북] 봉화군 2026년 소상공인 카드수수료 지원사업 참여점포 모집 공고,경상북도,https://www.bizinfo.go.kr/sii/siia/selectSIIA200Detail.do?pblancId=PBLN_000000000121568,https://www.bizinfo.go.kr/sii/siia/(붙임1)소상공인 카드수수료 모집공고(봉화군).hwp,.hwp,C:\dongaAI\3차 프로젝트\0.0\data\attachments\hwp_raw\PBLN_000000000121568_(붙임1)소상공인 카드수수료 모집공고(봉화군).hwp,download_failed,400 Client Error: Bad Request for url: https://www.bizinfo.go.kr/sii/siia/(%EB%B6%99%EC%9E%841)%EC%86%8C%EC%83%81%EA%B3%B5%EC%9D%B8%20%EC%B9%B4%EB%93%9C%EC%88%98%EC%88%98%EB%A3%8C%20%EB%AA%A8%EC%A7%91%EA%B3%B5%EA%B3%A0(%EB%B4%89%ED%99%94%EA%B5%B0).hwp,2026-07-01T02:36:01
PBLN_000000000121568,bizinfo,[경북] 봉화군 2026년 소상공인 카드수수료 지원사업 참여점포 모집 공고,경상북도,https://www.bizinfo.go.kr/sii/siia/selectSIIA200Detail.do?pblancId=PBLN_000000000121568,https://www.bizinfo.go.kr/cmm/fms/fileDown.do?atchFileId=FILE_000000000753941&fileSn=1,.hwp,C:\dongaAI\3차 프로젝트\0.0\data\attachments\hwp_raw\PBLN_000000000121568_(ë¶ì1)ììê³µì¸ ì¹´ëììë£ ëª¨ì§ê³µê³ (ë´íêµ°).hwp,downloaded,,2026-07-01T02:36:01
PBLN_000000000121520,bizinfo,[경북] 경주시 2026년 소상공인 카드수수료 지원사업 참여 점포 모집 공고,경상북도,https://www.bizinfo.go.kr/sii/siia/selectSIIA200Detail.do?pblancId=PBLN_000000000121520,https://www.bizinfo.go.kr/cmm/fms/fileDown.do?atchFileId=FILE_000000000753733&fileSn=1,.hwp,C:\dongaAI\3차 프로젝트\0.0\data\attachments\hwp_raw\PBLN_000000000121520_ë¶ì2. ã2026ë  ê²½ìë¶ë ììê³µì¸ ì¹´ëììë£ ì§ìì¬ì ã ì¬ì ì ì²­ ìì.hwp,downloaded,,2026-07-01T02:36:01
PBLN_000000000121563,bizinfo,[경북] 영주시 2026년 소상공인 카드수수료 지원사업 참여점포 모집 공고,경상북도,https://www.bizinfo.go.kr/sii/siia/selectSIIA200Detail.do?pblancId=PBLN_000000000121563,https://www.bizinfo.go.kr/sii/siia/202605041333300136.hwp,.hwp,C:\dongaAI\3차 프로젝트\0.0\data\attachments\hwp_raw\PBLN_000000000121563_202605041333300136.hwp,download_failed,404 Client Error: Not Found for url: https://www.bizinfo.go.kr/sii/siia/202605041333300136.hwp,2026-07-01T02:36:01
PBLN_000000000121563,bizinfo,[경북] 영주시 2026년 소상공인 카드수수료 지원사업 참여점포 모집 공고,경상북도,https://www.bizinfo.go.kr/sii/siia/selectSIIA200Detail.do?pblancId=PBLN_000000000121563,https://www.bizinfo.go.kr/sii/siia/(붙임1)소상공인 카드수수료 모집공고(영주시).hwp,.hwp,C:\dongaAI\3차 프로젝트\0.0\data\attachments\hwp_raw\PBLN_000000000121563_(붙임1)소상공인 카드수수료 모집공고(영주시).hwp,download_failed,400 Client Error: Bad Request for url: https://www.bizinfo.go.kr/sii/siia/(%EB%B6%99%EC%9E%841)%EC%86%8C%EC%83%81%EA%B3%B5%EC%9D%B8%20%EC%B9%B4%EB%93%9C%EC%88%98%EC%88%98%EB%A3%8C%20%EB%AA%A8%EC%A7%91%EA%B3%B5%EA%B3%A0(%EC%98%81%EC%A3%BC%EC%8B%9C).hwp,2026-07-01T02:36:01
PBLN_000000000121563,bizinfo,[경북] 영주시 2026년 소상공인 카드수수료 지원사업 참여점포 모집 공고,경상북도,https://www.bizinfo.go.kr/sii/siia/selectSIIA200Detail.do?pblancId=PBLN_000000000121563,https://www.bizinfo.go.kr/cmm/fms/fileDown.do?atchFileId=FILE_000000000753927&fileSn=2,.hwp,C:\dongaAI\3차 프로젝트\0.0\data\attachments\hwp_raw\PBLN_000000000121563_(ë¶ì1)ììê³µì¸ ì¹´ëììë£ ëª¨ì§ê³µê³ (ìì£¼ì).hwp,downloaded,,2026-07-01T02:36:01
PBLN_000000000121467,bizinfo,[경북] 포항시 2026년 소상공인 카드수수료 지원사업 참여업체 모집 공고,경상북도,https://www.bizinfo.go.kr/sii/siia/selectSIIA200Detail.do?pblancId=PBLN_000000000121467,https://www.bizinfo.go.kr/cmm/fms/fileDown.do?atchFileId=FILE_000000000753553&fileSn=0,.hwp,C:\dongaAI\3차 프로젝트\0.0\data\attachments\hwp_raw\PBLN_000000000121467_ã2026ë  í¬í­ì ììê³µì¸ ì¹´ëììë£ ì§ìì¬ì ãì ì²­ìì.hwp,downloaded,,2026-07-01T02:36:01
PBLN_000000000121397,bizinfo,[강원] 2026년 바이오기업 애로해소 인허가 컨설팅 지원기업 상시모집 공고,강원특별자치도,https://www.bizinfo.go.kr/sii/siia/selectSIIA200Detail.do?pblancId=PBLN_000000000121397,https://www.bizinfo.go.kr/cmm/fms/fileDown.do?atchFileId=FILE_000000000753336&fileSn=0,.hwp,C:\dongaAI\3차 프로젝트\0.0\data\attachments\hwp_raw\PBLN_000000000121397_ì§ìì ì²­ì ë° ì¬ì ê³íì(ìì).hwp,downloaded,,2026-07-01T02:36:01
PBLN_000000000121334,bizinfo,[경북] 의성군 2026년 소상공인 카드수수료 지원사업 참여점포 모집 공고,경상북도,https://www.bizinfo.go.kr/sii/siia/selectSIIA200Detail.do?pblancId=PBLN_000000000121334,https://www.bizinfo.go.kr/cmm/fms/fileDown.do?atchFileId=FILE_000000000753107&fileSn=1,.hwp,C:\dongaAI\3차 프로젝트\0.0\data\attachments\hwp_raw\PBLN_000000000121334_(ìì)ã2026ë  ìì±êµ° ììê³µì¸ ì¹´ëììë£ ì§ìì¬ì ã ì ì²­ ìì.hwp,downloaded,,2026-07-01T02:36:01
PBLN_000000000121330,bizinfo,[경북] 성주군 2026년 소상공인 카드수수료 지원사업 참여점포 모집 공고,경상북도,https://www.bizinfo.go.kr/sii/siia/selectSIIA200Detail.do?pblancId=PBLN_000000000121330,https://www.bizinfo.go.kr/cmm/fms/fileDown.do?atchFileId=FILE_000000000753099&fileSn=1,.hwp,C:\dongaAI\3차 프로젝트\0.0\data\attachments\hwp_raw\PBLN_000000000121330_(ìì)ã2026ë  ì±ì£¼êµ° ììê³µì¸ ì¹´ëììë£ ì§ìì¬ì ã ì ì²­ ìì.hwp,downloaded,,2026-07-01T02:36:01
PBLN_000000000121325,bizinfo,[경북] 경산시 2026년 소상공인 카드수수료 지원사업 참여점포 모집 공고,경상북도,https://www.bizinfo.go.kr/sii/siia/selectSIIA200Detail.do?pblancId=PBLN_000000000121325,https://www.bizinfo.go.kr/cmm/fms/fileDown.do?atchFileId=FILE_000000000753085&fileSn=0,.hwp,C:\dongaAI\3차 프로젝트\0.0\data\attachments\hwp_raw\PBLN_000000000121325_(ìì)ã2026ë  ê²½ì°ì ììê³µì¸ ì¹´ëììë£ ì§ìì¬ì ã ì ì²­ ìì.hwp,downloaded,,2026-07-01T02:36:02
PBLN_000000000121063,bizinfo,[경기] 2026년 소상공인 사업정리 지원사업 모집 공고,경기도,https://www.bizinfo.go.kr/sii/siia/selectSIIA200Detail.do?pblancId=PBLN_000000000121063,https://www.bizinfo.go.kr/sii/siia/202604211116100680.hwp,.hwp,C:\dongaAI\3차 프로젝트\0.0\data\attachments\hwp_raw\PBLN_000000000121063_202604211116100680.hwp,download_failed,404 Client Error: Not Found for url: https://www.bizinfo.go.kr/sii/siia/202604211116100680.hwp,2026-07-01T02:36:02
PBLN_000000000121063,bizinfo,[경기] 2026년 소상공인 사업정리 지원사업 모집 공고,경기도,https://www.bizinfo.go.kr/sii/siia/selectSIIA200Detail.do?pblancId=PBLN_000000000121063,https://www.bizinfo.go.kr/sii/siia/GMR-2026-015-2026년_경기도_소상공인_사업정리_지원사업_모집공고문_v2.hwp,.hwp,C:\dongaAI\3차 프로젝트\0.0\data\attachments\hwp_raw\PBLN_000000000121063_GMR-2026-015-2026년_경기도_소상공인_사업정리_지원사업_모집공고문_v2.hwp,download_failed,400 Client Error: Bad Request for url: https://www.bizinfo.go.kr/sii/siia/GMR-2026-015-2026%EB%85%84_%EA%B2%BD%EA%B8%B0%EB%8F%84_%EC%86%8C%EC%83%81%EA%B3%B5%EC%9D%B8_%EC%82%AC%EC%97%85%EC%A0%95%EB%A6%AC_%EC%A7%80%EC%9B%90%EC%82%AC%EC%97%85_%EB%AA%A8%EC%A7%91%EA%B3%B5%EA%B3%A0%EB%AC%B8_v2.hwp,2026-07-01T02:36:02
PBLN_000000000121063,bizinfo,[경기] 2026년 소상공인 사업정리 지원사업 모집 공고,경기도,https://www.bizinfo.go.kr/sii/siia/selectSIIA200Detail.do?pblancId=PBLN_000000000121063,https://www.bizinfo.go.kr/cmm/fms/fileDown.do?atchFileId=FILE_000000000752140&fileSn=1,.hwp,C:\dongaAI\3차 프로젝트\0.0\data\attachments\hwp_raw\PBLN_000000000121063_GMR-2026-015-2026ë _ê²½ê¸°ë_ììê³µì¸_ì¬ì ì ë¦¬_ì§ìì¬ì _ëª¨ì§ê³µê³ ë¬¸_v2.hwp,downloaded,,2026-07-01T02:36:02
PBLN_000000000120981,bizinfo,[경기] 포천시 2026년 사물인터넷(IoT) 측정기기 부착 지원사업 재공고,경기도,https://www.bizinfo.go.kr/sii/siia/selectSIIA200Detail.do?pblancId=PBLN_000000000120981,https://www.bizinfo.go.kr/sii/siia/202604171535580446.hwp,.hwp,C:\dongaAI\3차 프로젝트\0.0\data\attachments\hwp_raw\PBLN_000000000120981_202604171535580446.hwp,download_failed,404 Client Error: Not Found for url: https://www.bizinfo.go.kr/sii/siia/202604171535580446.hwp,2026-07-01T02:36:02
PBLN_000000000120981,bizinfo,[경기] 포천시 2026년 사물인터넷(IoT) 측정기기 부착 지원사업 재공고,경기도,https://www.bizinfo.go.kr/sii/siia/selectSIIA200Detail.do?pblancId=PBLN_000000000120981,https://www.bizinfo.go.kr/sii/siia/2026년 포천시 사물인터넷(IoT) 측정기기 부착 지원사업 재공고문.hwp,.hwp,C:\dongaAI\3차 프로젝트\0.0\data\attachments\hwp_raw\PBLN_000000000120981_2026년 포천시 사물인터넷(IoT) 측정기기 부착 지원사업 재공고문.hwp,download_failed,400 Client Error: Bad Request for url: https://www.bizinfo.go.kr/sii/siia/2026%EB%85%84%20%ED%8F%AC%EC%B2%9C%EC%8B%9C%20%EC%82%AC%EB%AC%BC%EC%9D%B8%ED%84%B0%EB%84%B7(IoT)%20%EC%B8%A1%EC%A0%95%EA%B8%B0%EA%B8%B0%20%EB%B6%80%EC%B0%A9%20%EC%A7%80%EC%9B%90%EC%82%AC%EC%97%85%20%EC%9E%AC%EA%B3%B5%EA%B3%A0%EB%AC%B8.hwp,2026-07-01T02:36:02
PBLN_000000000120981,bizinfo,[경기] 포천시 2026년 사물인터넷(IoT) 측정기기 부착 지원사업 재공고,경기도,https://www.bizinfo.go.kr/sii/siia/selectSIIA200Detail.do?pblancId=PBLN_000000000120981,https://www.bizinfo.go.kr/cmm/fms/fileDown.do?atchFileId=FILE_000000000751833&fileSn=1,.hwp,C:\dongaAI\3차 프로젝트\0.0\data\attachments\hwp_raw\PBLN_000000000120981_2026ë  í¬ì²ì ì¬ë¬¼ì¸í°ë·(IoT) ì¸¡ì ê¸°ê¸° ë¶ì°© ì§ìì¬ì ì¬ê³µê³ ë¬¸.hwp,downloaded,,2026-07-01T02:36:02
PBLN_000000000121068,bizinfo,2026년 대전 유성구 단체관광객 유치 여행사 인센티브 지원계획 공고,대전광역시,https://www.bizinfo.go.kr/sii/siia/selectSIIA200Detail.do?pblancId=PBLN_000000000121068,https://www.bizinfo.go.kr/cmm/fms/fileDown.do?atchFileId=FILE_000000000752160&fileSn=1,.hwp,C:\dongaAI\3차 프로젝트\0.0\data\attachments\hwp_raw\PBLN_000000000121068_2026ë ë ë¨ì²´ê´ê´ê° ì ì¹ ì¬íì¬ ì¸ì¼í°ë¸ ì§ì ê³µê³.hwp,downloaded,,2026-07-01T02:36:03
PBLN_000000000123549,bizinfo,[경기] 용인시 제2차 반도체기업 기술보호 지원사업 모집 공고,경기도,https://www.bizinfo.go.kr/sii/siia/selectSIIA200Detail.do?pblancId=PBLN_000000000123549,https://www.bizinfo.go.kr/cmm/fms/fileDown.do?atchFileId=FILE_000000000761328&fileSn=2,.hwp,C:\dongaAI\3차 프로젝트\0.0\data\attachments\hwp_raw\PBLN_000000000123549_(ë³ì²¨1) 2026ë  ì§ìì¬ì ê³µíµ ìë´ë¬¸.hwp,downloaded,,2026-07-01T02:36:03
PBLN_000000000123549,bizinfo,[경기] 용인시 제2차 반도체기업 기술보호 지원사업 모집 공고,경기도,https://www.bizinfo.go.kr/sii/siia/selectSIIA200Detail.do?pblancId=PBLN_000000000123549,https://www.bizinfo.go.kr/cmm/fms/fileDown.do?atchFileId=FILE_000000000761328&fileSn=3,.hwp,C:\dongaAI\3차 프로젝트\0.0\data\attachments\hwp_raw\PBLN_000000000123549_(ë³ì²¨2) ì¬ì ì ì²­ì ìì.hwp,downloaded,,2026-07-01T02:36:03
PBLN_000000000123549,bizinfo,[경기] 용인시 제2차 반도체기업 기술보호 지원사업 모집 공고,경기도,https://www.bizinfo.go.kr/sii/siia/selectSIIA200Detail.do?pblancId=PBLN_000000000123549,https://www.bizinfo.go.kr/cmm/fms/fileDown.do?atchFileId=FILE_000000000761328&fileSn=4,.hwp,C:\dongaAI\3차 프로젝트\0.0\data\attachments\hwp_raw\PBLN_000000000123549_(ë³ì²¨3) ê°ì¸ì ë³´ ìì§ì´ì© ì ê³µ ëìì.hwp,downloaded,,2026-07-01T02:36:03
PBLN_000000000120894,bizinfo,[강원] 2026년 지역 디지털 품질역량강화사업 컨설팅 및 테스팅 지원사업 모집 공고,과학기술정보통신부,https://www.bizinfo.go.kr/sii/siia/selectSIIA200Detail.do?pblancId=PBLN_000000000120894,https://www.bizinfo.go.kr/cmm/fms/fileDown.do?atchFileId=FILE_000000000751581&fileSn=0,.hwp,C:\dongaAI\3차 프로젝트\0.0\data\attachments\hwp_raw\PBLN_000000000120894_ë¶ì 1. ëì§í¸ íì§ í ì¤í ë° ì»¨ì¤í ì ì²­ì_ê°ìì§ì­.hwp,downloaded,,2026-07-01T02:36:03
PBLN_000000000120877,bizinfo,[경기] 시흥시 2026년 소공인 컨설팅지원사업 참여기업 모집 공고,경기도,https://www.bizinfo.go.kr/sii/siia/selectSIIA200Detail.do?pblancId=PBLN_000000000120877,https://www.bizinfo.go.kr/cmm/fms/fileDown.do?atchFileId=FILE_000000000751527&fileSn=1,.hwp,C:\dongaAI\3차 프로젝트\0.0\data\attachments\hwp_raw\PBLN_000000000120877_26ë  ìê³µì¸ ì»¨ì¤í ì§ìì¬ì ê³µê³ ë¬¸.hwp,downloaded,,2026-07-01T02:36:03
PBLN_000000000122325,bizinfo,2026년 대전 도심 공실 활용 스마트팜 조성사업 운영사 모집 공고,대전광역시,https://www.bizinfo.go.kr/sii/siia/selectSIIA200Detail.do?pblancId=PBLN_000000000122325,https://www.bizinfo.go.kr/cmm/fms/fileDown.do?atchFileId=FILE_000000000756733&fileSn=0,.hwp,C:\dongaAI\3차 프로젝트\0.0\data\attachments\hwp_raw\PBLN_000000000122325_2. ì ììì²­ì_2026ë  ëì¬ê³µì¤íì© ì¤ë§í¸í ì¡°ì±ì¬ì.hwp,downloaded,,2026-07-01T02:36:03
PBLN_000000000120786,bizinfo,[대전] 2026년 컨설팅 지원사업 참여기업 모집 공고(대전인쇄소공인특화지원센터),중소벤처기업부,https://www.bizinfo.go.kr/sii/siia/selectSIIA200Detail.do?pblancId=PBLN_000000000120786,https://www.bizinfo.go.kr/cmm/fms/fileDown.do?atchFileId=FILE_000000000751277&fileSn=1,.hwp,C:\dongaAI\3차 프로젝트\0.0\data\attachments\hwp_raw\PBLN_000000000120786_2026ë +ãì»¨ì¤í +ì§ìì¬ì ã+ëª¨ì§ê³µê³ ë¬¸+ë°+ì¬ì ì ì²­ì.hwp,downloaded,,2026-07-01T02:36:03
PBLN_000000000123558,bizinfo,[경북] 2026년 2차 전통시장 및 상점가 빈 점포 상생거래소 운영 참여자 추가 모집 공고,경상북도,https://www.bizinfo.go.kr/sii/siia/selectSIIA200Detail.do?pblancId=PBLN_000000000123558,https://www.bizinfo.go.kr/cmm/fms/fileDown.do?atchFileId=FILE_000000000761354&fileSn=1,.hwp,C:\dongaAI\3차 프로젝트\0.0\data\attachments\hwp_raw\PBLN_000000000123558_(ë¶ì3) 2026ë  ì íµìì¥ ë° ìì ê° ë¹ ì í¬ ììê±°ëì ì´ì ì§ì ì ì²­ì ë° ìì.hwp,downloaded,,2026-07-01T02:36:03
PBLN_000000000120516,bizinfo,[부산] 2026년 지산학 브랜치 기업 현장솔루션 랩(lab) 참여 기업 모집 공고,부산광역시,https://www.bizinfo.go.kr/sii/siia/selectSIIA200Detail.do?pblancId=PBLN_000000000120516,https://www.bizinfo.go.kr/cmm/fms/fileDown.do?atchFileId=FILE_000000000750310&fileSn=1,.hwp,C:\dongaAI\3차 프로젝트\0.0\data\attachments\hwp_raw\PBLN_000000000120516_(ê³µê³ ë¬¸)+íì¥ìë£¨ì +ë©(lab)+ì°¸ì¬ê¸°ì +ëª¨ì§+ê³µê³.hwp,downloaded,,2026-07-01T02:36:04
PBLN_000000000121868,bizinfo,2026년 생활화학제품 안전관리 컨설팅 지원사업 참여기업 모집 공고,기후에너지환경부,https://www.bizinfo.go.kr/sii/siia/selectSIIA200Detail.do?pblancId=PBLN_000000000121868,https://www.bizinfo.go.kr/sii/siia/202605121131450995.hwp,.hwp,C:\dongaAI\3차 프로젝트\0.0\data\attachments\hwp_raw\PBLN_000000000121868_202605121131450995.hwp,download_failed,404 Client Error: Not Found for url: https://www.bizinfo.go.kr/sii/siia/202605121131450995.hwp,2026-07-01T02:36:04
PBLN_000000000121868,bizinfo,2026년 생활화학제품 안전관리 컨설팅 지원사업 참여기업 모집 공고,기후에너지환경부,https://www.bizinfo.go.kr/sii/siia/selectSIIA200Detail.do?pblancId=PBLN_000000000121868,https://www.bizinfo.go.kr/cmm/fms/fileDown.do?atchFileId=FILE_000000000754959&fileSn=0,.hwp,C:\dongaAI\3차 프로젝트\0.0\data\attachments\hwp_raw\PBLN_000000000121868_ë¶ì2._ìì£¼_íë_ì§ë¬¸(FAQ).hwp,downloaded,,2026-07-01T02:36:04
PBLN_000000000121868,bizinfo,2026년 생활화학제품 안전관리 컨설팅 지원사업 참여기업 모집 공고,기후에너지환경부,https://www.bizinfo.go.kr/sii/siia/selectSIIA200Detail.do?pblancId=PBLN_000000000121868,https://www.bizinfo.go.kr/cmm/fms/fileDown.do?atchFileId=FILE_000000000754959&fileSn=1,.hwp,C:\dongaAI\3차 프로젝트\0.0\data\attachments\hwp_raw\PBLN_000000000121868_ë¶ì1._ìíííì í_ìì ê´ë¦¬_ì»¨ì¤í _ì§ìì¬ì _ì ì²­ì(ìì).hwp,downloaded,,2026-07-01T02:36:04
PBLN_000000000121868,bizinfo,2026년 생활화학제품 안전관리 컨설팅 지원사업 참여기업 모집 공고,기후에너지환경부,https://www.bizinfo.go.kr/sii/siia/selectSIIA200Detail.do?pblancId=PBLN_000000000121868,https://www.bizinfo.go.kr/cmm/fms/fileDown.do?atchFileId=FILE_000000000754958&fileSn=0,.hwp,C:\dongaAI\3차 프로젝트\0.0\data\attachments\hwp_raw\PBLN_000000000121868_(íµí©ë³¸)_ì»¨ì¤í _ì§ìì¬ì _ê³µê³ ë¬¸.hwp,downloaded,,2026-07-01T02:36:04
PBLN_000000000120414,bizinfo,[세종] 2026년 기술닥터제 지원사업 참여기업 모집 공고,세종특별자치시,https://www.bizinfo.go.kr/sii/siia/selectSIIA200Detail.do?pblancId=PBLN_000000000120414,https://www.bizinfo.go.kr/sii/siia/202604061257580763.hwp,.hwp,C:\dongaAI\3차 프로젝트\0.0\data\attachments\hwp_raw\PBLN_000000000120414_202604061257580763.hwp,download_failed,404 Client Error: Not Found for url: https://www.bizinfo.go.kr/sii/siia/202604061257580763.hwp,2026-07-01T02:36:04
PBLN_000000000120414,bizinfo,[세종] 2026년 기술닥터제 지원사업 참여기업 모집 공고,세종특별자치시,https://www.bizinfo.go.kr/sii/siia/selectSIIA200Detail.do?pblancId=PBLN_000000000120414,https://www.bizinfo.go.kr/sii/siia/[공고문]2026년+기술닥터제+지원사업+참여기업+모집.hwp,.hwp,C:\dongaAI\3차 프로젝트\0.0\data\attachments\hwp_raw\PBLN_000000000120414_[공고문]2026년+기술닥터제+지원사업+참여기업+모집.hwp,download_failed,400 Client Error: Bad Request for url: https://www.bizinfo.go.kr/sii/siia/%5B%EA%B3%B5%EA%B3%A0%EB%AC%B8%5D2026%EB%85%84+%EA%B8%B0%EC%88%A0%EB%8B%A5%ED%84%B0%EC%A0%9C+%EC%A7%80%EC%9B%90%EC%82%AC%EC%97%85+%EC%B0%B8%EC%97%AC%EA%B8%B0%EC%97%85+%EB%AA%A8%EC%A7%91.hwp,2026-07-01T02:36:04
PBLN_000000000120414,bizinfo,[세종] 2026년 기술닥터제 지원사업 참여기업 모집 공고,세종특별자치시,https://www.bizinfo.go.kr/sii/siia/selectSIIA200Detail.do?pblancId=PBLN_000000000120414,https://www.bizinfo.go.kr/cmm/fms/fileDown.do?atchFileId=FILE_000000000750014&fileSn=1,.hwp,C:\dongaAI\3차 프로젝트\0.0\data\attachments\hwp_raw\PBLN_000000000120414_[ê³µê³ ë¬¸]2026ë +ê¸°ì ë¥í°ì +ì§ìì¬ì +ì°¸ì¬ê¸°ì +ëª¨ì§.hwp,downloaded,,2026-07-01T02:36:04
PBLN_000000000123575,bizinfo,인천 공공 실증 오픈이노베이션 참여기업 모집 공고,인천광역시,https://www.bizinfo.go.kr/sii/siia/selectSIIA200Detail.do?pblancId=PBLN_000000000123575,https://www.bizinfo.go.kr/cmm/fms/fileDown.do?atchFileId=FILE_000000000761402&fileSn=1,.hwp,C:\dongaAI\3차 프로젝트\0.0\data\attachments\hwp_raw\PBLN_000000000123575_ë¶ì 1. ì¸ì² ê³µê³µ ê¸°ê´ ììê¸°ì ë¦¬ì¤í¸ ë° ììê¸°ì ì.hwp,downloaded,,2026-07-01T02:36:04
PBLN_000000000120282,bizinfo,2026년 장애인기업 공공판로(공공입찰ㆍMASㆍ이음장터ㆍ벤처나라ㆍ혁신장터) 컨설팅 지원사업 모집 공고,중소벤처기업부,https://www.bizinfo.go.kr/sii/siia/selectSIIA200Detail.do?pblancId=PBLN_000000000120282,https://www.bizinfo.go.kr/cmm/fms/fileDown.do?atchFileId=FILE_000000000749585&fileSn=1,.hwp,C:\dongaAI\3차 프로젝트\0.0\data\attachments\hwp_raw\PBLN_000000000120282_ë¶ì 2. 2026ë  ì¥ì ì¸ê¸°ì ê³µê³µíë¡ ì»¨ì¤í ì§ìì¬ì ì ì²­ì.hwp,downloaded,,2026-07-01T02:36:04
PBLN_000000000120159,bizinfo,[대구] 2026년 찾아가는 노무서비스 지원(방문) 공고,대구광역시,https://www.bizinfo.go.kr/sii/siia/selectSIIA200Detail.do?pblancId=PBLN_000000000120159,https://www.bizinfo.go.kr/sii/siia/202603311028460036.hwp,.hwp,C:\dongaAI\3차 프로젝트\0.0\data\attachments\hwp_raw\PBLN_000000000120159_202603311028460036.hwp,download_failed,404 Client Error: Not Found for url: https://www.bizinfo.go.kr/sii/siia/202603311028460036.hwp,2026-07-01T02:36:04
PBLN_000000000120159,bizinfo,[대구] 2026년 찾아가는 노무서비스 지원(방문) 공고,대구광역시,https://www.bizinfo.go.kr/sii/siia/selectSIIA200Detail.do?pblancId=PBLN_000000000120159,https://www.bizinfo.go.kr/cmm/fms/fileDown.do?atchFileId=FILE_000000000749143&fileSn=0,.hwp,C:\dongaAI\3차 프로젝트\0.0\data\attachments\hwp_raw\PBLN_000000000120159_ìì ì°¾ìê°ë ë ¸ë¬´ìë¹ì¤ ì§ì.hwp,downloaded,,2026-07-01T02:36:04
PBLN_000000000120159,bizinfo,[대구] 2026년 찾아가는 노무서비스 지원(방문) 공고,대구광역시,https://www.bizinfo.go.kr/sii/siia/selectSIIA200Detail.do?pblancId=PBLN_000000000120159,https://www.bizinfo.go.kr/cmm/fms/fileDown.do?atchFileId=FILE_000000000749142&fileSn=0,.hwp,C:\dongaAI\3차 프로젝트\0.0\data\attachments\hwp_raw\PBLN_000000000120159_ê³µê³ ë¬¸ ì°¾ìê°ë ë ¸ë¬´ìë¹ì¤ ì§ì.hwp,downloaded,,2026-07-01T02:36:04
PBLN_000000000123587,bizinfo,[부산ㆍ울산ㆍ경남] 2026년 동남 정보보호클러스터 보안 테스팅 지원사업 공고,경상남도,https://www.bizinfo.go.kr/sii/siia/selectSIIA200Detail.do?pblancId=PBLN_000000000123587,https://www.bizinfo.go.kr/cmm/fms/fileDown.do?atchFileId=FILE_000000000761472&fileSn=1,.hwp,C:\dongaAI\3차 프로젝트\0.0\data\attachments\hwp_raw\PBLN_000000000123587_(ìì)ëë¨ì ë³´ë³´í¸í´ë¬ì¤í° ë³´ìí ì¤í¸ë² ë ì´ì©ì ì²­ì_GNTP(ìì ).hwp,downloaded,,2026-07-01T02:36:05
PBLN_000000000120009,bizinfo,[전남광주] 2026년 가족친화경영 컨설팅 참여 기업(관) 모집 공고(가족친화인증 지원 및 가족친화경영문화 확산),전남광주통합특별시,https://www.bizinfo.go.kr/sii/siia/selectSIIA200Detail.do?pblancId=PBLN_000000000120009,https://www.bizinfo.go.kr/cmm/fms/fileDown.do?atchFileId=FILE_000000000748620&fileSn=0,.hwp,C:\dongaAI\3차 프로젝트\0.0\data\attachments\hwp_raw\PBLN_000000000120009_(ë¶ì1)ê°ì¡±ì¹íê²½ìì»¨ì¤í ì ì²­ì(ìì).hwp,downloaded,,2026-07-01T02:36:05
PBLN_000000000120009,bizinfo,[전남광주] 2026년 가족친화경영 컨설팅 참여 기업(관) 모집 공고(가족친화인증 지원 및 가족친화경영문화 확산),전남광주통합특별시,https://www.bizinfo.go.kr/sii/siia/selectSIIA200Detail.do?pblancId=PBLN_000000000120009,https://www.bizinfo.go.kr/cmm/fms/fileDown.do?atchFileId=FILE_000000000748620&fileSn=1,.hwp,C:\dongaAI\3차 프로젝트\0.0\data\attachments\hwp_raw\PBLN_000000000120009_(ë¶ì2)ê°ì¡±ì¹íê²½ìì»¨ì¤í ëìì(ìì).hwp,downloaded,,2026-07-01T02:36:05
PBLN_000000000119822,bizinfo,[경북] 구미시 2026년 시제품제작센터 수혜기업 모집 공고,경상북도,https://www.bizinfo.go.kr/sii/siia/selectSIIA200Detail.do?pblancId=PBLN_000000000119822,https://www.bizinfo.go.kr/cmm/fms/fileDown.do?atchFileId=FILE_000000000747981&fileSn=1,.hwp,C:\dongaAI\3차 프로젝트\0.0\data\attachments\hwp_raw\PBLN_000000000119822_[ìì 2] ê°ì¸ì ë³´ ë° ê¸°ì ì ë³´ ìì§ ì´ì© ì ê³µëìì.hwp,downloaded,,2026-07-01T02:36:05
PBLN_000000000119822,bizinfo,[경북] 구미시 2026년 시제품제작센터 수혜기업 모집 공고,경상북도,https://www.bizinfo.go.kr/sii/siia/selectSIIA200Detail.do?pblancId=PBLN_000000000119822,https://www.bizinfo.go.kr/cmm/fms/fileDown.do?atchFileId=FILE_000000000747981&fileSn=2,.hwp,C:\dongaAI\3차 프로젝트\0.0\data\attachments\hwp_raw\PBLN_000000000119822_[ìì 1] ì§ìì ì²­ì ë° ê²°ê³¼ë³´ê³ ì ìì.hwp,downloaded,,2026-07-01T02:36:05
PBLN_000000000119777,bizinfo,2026년 전통문화 크라우드 펀딩 연계 지원 사업 참여기업 모집 공고,문화체육관광부,https://www.bizinfo.go.kr/sii/siia/selectSIIA200Detail.do?pblancId=PBLN_000000000119777,https://www.bizinfo.go.kr/sii/siia/202603201413150439.hwp,.hwp,C:\dongaAI\3차 프로젝트\0.0\data\attachments\hwp_raw\PBLN_000000000119777_202603201413150439.hwp,download_failed,404 Client Error: Not Found for url: https://www.bizinfo.go.kr/sii/siia/202603201413150439.hwp,2026-07-01T02:36:05
PBLN_000000000119777,bizinfo,2026년 전통문화 크라우드 펀딩 연계 지원 사업 참여기업 모집 공고,문화체육관광부,https://www.bizinfo.go.kr/sii/siia/selectSIIA200Detail.do?pblancId=PBLN_000000000119777,https://www.bizinfo.go.kr/sii/siia/2026 전통문화 크라우드 펀딩 연계 지원_공고문 및 제출양식.hwp,.hwp,C:\dongaAI\3차 프로젝트\0.0\data\attachments\hwp_raw\PBLN_000000000119777_2026 전통문화 크라우드 펀딩 연계 지원_공고문 및 제출양식.hwp,download_failed,400 Client Error: Bad Request for url: https://www.bizinfo.go.kr/sii/siia/2026%20%EC%A0%84%ED%86%B5%EB%AC%B8%ED%99%94%20%ED%81%AC%EB%9D%BC%EC%9A%B0%EB%93%9C%20%ED%8E%80%EB%94%A9%20%EC%97%B0%EA%B3%84%20%EC%A7%80%EC%9B%90_%EA%B3%B5%EA%B3%A0%EB%AC%B8%20%EB%B0%8F%20%EC%A0%9C%EC%B6%9C%EC%96%91%EC%8B%9D.hwp,2026-07-01T02:36:05
PBLN_000000000119777,bizinfo,2026년 전통문화 크라우드 펀딩 연계 지원 사업 참여기업 모집 공고,문화체육관광부,https://www.bizinfo.go.kr/sii/siia/selectSIIA200Detail.do?pblancId=PBLN_000000000119777,https://www.bizinfo.go.kr/cmm/fms/fileDown.do?atchFileId=FILE_000000000747789&fileSn=0,.hwp,C:\dongaAI\3차 프로젝트\0.0\data\attachments\hwp_raw\PBLN_000000000119777_2026 ì íµë¬¸í í¬ë¼ì°ë íë© ì°ê³ ì§ì_ê³µê³ ë¬¸ ë° ì ì¶ìì.hwp,downloaded,,2026-07-01T02:36:05
PBLN_000000000123618,bizinfo,[울산] 2026년 동남권 수소산업 육성을 위한 수요 맞춤형 기술지원 사업 수요기업 모집 공고,산업통상부,https://www.bizinfo.go.kr/sii/siia/selectSIIA200Detail.do?pblancId=PBLN_000000000123618,https://www.bizinfo.go.kr/sii/siia/202606251507050436.hwp,.hwp,C:\dongaAI\3차 프로젝트\0.0\data\attachments\hwp_raw\PBLN_000000000123618_202606251507050436.hwp,download_failed,404 Client Error: Not Found for url: https://www.bizinfo.go.kr/sii/siia/202606251507050436.hwp,2026-07-01T02:36:05
PBLN_000000000123618,bizinfo,[울산] 2026년 동남권 수소산업 육성을 위한 수요 맞춤형 기술지원 사업 수요기업 모집 공고,산업통상부,https://www.bizinfo.go.kr/sii/siia/selectSIIA200Detail.do?pblancId=PBLN_000000000123618,https://www.bizinfo.go.kr/cmm/fms/fileDown.do?atchFileId=FILE_000000000761571&fileSn=0,.hwp,C:\dongaAI\3차 프로젝트\0.0\data\attachments\hwp_raw\PBLN_000000000123618_[ë¶ì12] 2026ë ë ê¸°ì ì§ìì ì²­ì ë° ìì íì ìì§ì ê³íì ìì_1.hwp,downloaded,,2026-07-01T02:36:05
PBLN_000000000123618,bizinfo,[울산] 2026년 동남권 수소산업 육성을 위한 수요 맞춤형 기술지원 사업 수요기업 모집 공고,산업통상부,https://www.bizinfo.go.kr/sii/siia/selectSIIA200Detail.do?pblancId=PBLN_000000000123618,https://www.bizinfo.go.kr/cmm/fms/fileDown.do?atchFileId=FILE_000000000761571&fileSn=1,.hwp,C:\dongaAI\3차 프로젝트\0.0\data\attachments\hwp_raw\PBLN_000000000123618_[ë¶ì3] ì¤ìê¸°ì ì§ìì¬ì íµí©ê´ë¦¬ìì¤í  ì ë³´ íì©ì ìí ëìì.hwp,downloaded,,2026-07-01T02:36:05
PBLN_000000000123618,bizinfo,[울산] 2026년 동남권 수소산업 육성을 위한 수요 맞춤형 기술지원 사업 수요기업 모집 공고,산업통상부,https://www.bizinfo.go.kr/sii/siia/selectSIIA200Detail.do?pblancId=PBLN_000000000123618,https://www.bizinfo.go.kr/cmm/fms/fileDown.do?atchFileId=FILE_000000000761530&fileSn=0,.hwp,C:\dongaAI\3차 프로젝트\0.0\data\attachments\hwp_raw\PBLN_000000000123618_ê³µê³ ë¬¸_ 2026 ê³ í¬ê²ë_R2 _ìµì¢ (1).hwp,downloaded,,2026-07-01T02:36:05
PBLN_000000000119375,bizinfo,[전남광주] 2026년 소상공인 IP출원(상표출원) 지원사업 소상공인 수혜자 모집 공고,전남광주통합특별시,https://www.bizinfo.go.kr/sii/siia/selectSIIA200Detail.do?pblancId=PBLN_000000000119375,https://www.bizinfo.go.kr/cmm/fms/fileDown.do?atchFileId=FILE_000000000746368&fileSn=0,.hwp,C:\dongaAI\3차 프로젝트\0.0\data\attachments\hwp_raw\PBLN_000000000119375_ë¶ì2-2. (ì.hwp,downloaded,,2026-07-01T02:36:05
PBLN_000000000119375,bizinfo,[전남광주] 2026년 소상공인 IP출원(상표출원) 지원사업 소상공인 수혜자 모집 공고,전남광주통합특별시,https://www.bizinfo.go.kr/sii/siia/selectSIIA200Detail.do?pblancId=PBLN_000000000119375,https://www.bizinfo.go.kr/cmm/fms/fileDown.do?atchFileId=FILE_000000000746368&fileSn=1,.hwp,C:\dongaAI\3차 프로젝트\0.0\data\attachments\hwp_raw\PBLN_000000000119375_ë¶ì2-1. (ì.hwp,downloaded,,2026-07-01T02:36:05
PBLN_000000000123622,bizinfo,[전북] 2026년 전주1인창조기업지원센터 선택형 지원사업 공고,전북특별자치도,https://www.bizinfo.go.kr/sii/siia/selectSIIA200Detail.do?pblancId=PBLN_000000000123622,https://www.bizinfo.go.kr/cmm/fms/fileDown.do?atchFileId=FILE_000000000761567&fileSn=0,.hwp,C:\dongaAI\3차 프로젝트\0.0\data\attachments\hwp_raw\PBLN_000000000123622_ë¶ì.2026ë  1ì¸ ì°½ì¡°ê¸°ì ì§ìì¼í° ì íí ì§ìì¬ì ì ì²­ì.hwp,downloaded,,2026-07-01T02:36:05
PBLN_000000000120933,bizinfo,[경기] 시흥시 2026년 대야기계장비 소공인특화지원센터 자율사업 통합 모집 공고,경기도,https://www.bizinfo.go.kr/sii/siia/selectSIIA200Detail.do?pblancId=PBLN_000000000120933,https://www.bizinfo.go.kr/cmm/fms/fileDown.do?atchFileId=FILE_000000000751697&fileSn=4,.hwp,C:\dongaAI\3차 프로젝트\0.0\data\attachments\hwp_raw\PBLN_000000000120933_26ë  ëì¼ê¸°ê³ì¥ë¹ ìê³µì¸í¹íì§ìì¼í° ìì¨ì¬ì íµí© ëª¨ì§ê³µê³.hwp,downloaded,,2026-07-01T02:36:06
PBLN_000000000123639,bizinfo,[전남광주] 2026년 3차 창업기업 우수인력 인건비 지원사업 수혜기업 모집 공고,전남광주통합특별시,https://www.bizinfo.go.kr/sii/siia/selectSIIA200Detail.do?pblancId=PBLN_000000000123639,https://www.bizinfo.go.kr/cmm/fms/fileDown.do?atchFileId=FILE_000000000761664&fileSn=1,.hwp,C:\dongaAI\3차 프로젝트\0.0\data\attachments\hwp_raw\PBLN_000000000123639_ë¶ì2.[ìì1~7]ì ì²­ìììì¼ì²´.hwp,downloaded,,2026-07-01T02:36:06
PBLN_000000000119047,bizinfo,[충북] 2026년 충청북도기업애로지원센터 기업애로 SOS자문단 참여기업 모집 공고,충청북도,https://www.bizinfo.go.kr/sii/siia/selectSIIA200Detail.do?pblancId=PBLN_000000000119047,https://www.bizinfo.go.kr/sii/siia/202603031423320056.hwp,.hwp,C:\dongaAI\3차 프로젝트\0.0\data\attachments\hwp_raw\PBLN_000000000119047_202603031423320056.hwp,download_failed,404 Client Error: Not Found for url: https://www.bizinfo.go.kr/sii/siia/202603031423320056.hwp,2026-07-01T02:36:06
PBLN_000000000119047,bizinfo,[충북] 2026년 충청북도기업애로지원센터 기업애로 SOS자문단 참여기업 모집 공고,충청북도,https://www.bizinfo.go.kr/sii/siia/selectSIIA200Detail.do?pblancId=PBLN_000000000119047,https://www.bizinfo.go.kr/cmm/fms/fileDown.do?atchFileId=FILE_000000000745243&fileSn=0,.hwp,C:\dongaAI\3차 프로젝트\0.0\data\attachments\hwp_raw\PBLN_000000000119047_ë¶ì2.ì´ìì§ì¹¨(ì).hwp,downloaded,,2026-07-01T02:36:06
PBLN_000000000119047,bizinfo,[충북] 2026년 충청북도기업애로지원센터 기업애로 SOS자문단 참여기업 모집 공고,충청북도,https://www.bizinfo.go.kr/sii/siia/selectSIIA200Detail.do?pblancId=PBLN_000000000119047,https://www.bizinfo.go.kr/cmm/fms/fileDown.do?atchFileId=FILE_000000000745242&fileSn=0,.hwp,C:\dongaAI\3차 프로젝트\0.0\data\attachments\hwp_raw\PBLN_000000000119047_ë¶ì1.ì°¸ì¬ê¸°ì ëª¨ì§ê³µê³.hwp,downloaded,,2026-07-01T02:36:06
PBLN_000000000118912,bizinfo,[경기] 화성시 2026년 동탄 소공인복합지원센터 인프라 지원사업(장비ㆍ시설) 모집공고,경기도,https://www.bizinfo.go.kr/sii/siia/selectSIIA200Detail.do?pblancId=PBLN_000000000118912,https://www.bizinfo.go.kr/sii/siia/202602261321320684.hwp,.hwp,C:\dongaAI\3차 프로젝트\0.0\data\attachments\hwp_raw\PBLN_000000000118912_202602261321320684.hwp,download_failed,404 Client Error: Not Found for url: https://www.bizinfo.go.kr/sii/siia/202602261321320684.hwp,2026-07-01T02:36:06
PBLN_000000000118912,bizinfo,[경기] 화성시 2026년 동탄 소공인복합지원센터 인프라 지원사업(장비ㆍ시설) 모집공고,경기도,https://www.bizinfo.go.kr/sii/siia/selectSIIA200Detail.do?pblancId=PBLN_000000000118912,https://www.bizinfo.go.kr/sii/siia/2026년 인프라 지원사업(장비시설) 공고문.hwp,.hwp,C:\dongaAI\3차 프로젝트\0.0\data\attachments\hwp_raw\PBLN_000000000118912_2026년 인프라 지원사업(장비시설) 공고문.hwp,download_failed,400 Client Error: Bad Request for url: https://www.bizinfo.go.kr/sii/siia/2026%EB%85%84%20%EC%9D%B8%ED%94%84%EB%9D%BC%20%EC%A7%80%EC%9B%90%EC%82%AC%EC%97%85(%EC%9E%A5%EB%B9%84%EC%8B%9C%EC%84%A4)%20%EA%B3%B5%EA%B3%A0%EB%AC%B8.hwp,2026-07-01T02:36:06
PBLN_000000000118912,bizinfo,[경기] 화성시 2026년 동탄 소공인복합지원센터 인프라 지원사업(장비ㆍ시설) 모집공고,경기도,https://www.bizinfo.go.kr/sii/siia/selectSIIA200Detail.do?pblancId=PBLN_000000000118912,https://www.bizinfo.go.kr/cmm/fms/fileDown.do?atchFileId=FILE_000000000744774&fileSn=0,.hwp,C:\dongaAI\3차 프로젝트\0.0\data\attachments\hwp_raw\PBLN_000000000118912_2026ë  ì¸íë¼ ì§ìì¬ì (ì¥ë¹ìì¤) ê³µê³ ë¬¸.hwp,downloaded,,2026-07-01T02:36:06
PBLN_000000000123653,bizinfo,[전남광주] 전남광주통합특별시 광주권역 사회연대경제 청년 일경험 시범사업 참여기업 2차 모집 공고,행정안전부,https://www.bizinfo.go.kr/sii/siia/selectSIIA200Detail.do?pblancId=PBLN_000000000123653,https://www.bizinfo.go.kr/cmm/fms/fileDown.do?atchFileId=FILE_000000000761710&fileSn=0,.hwp,C:\dongaAI\3차 프로젝트\0.0\data\attachments\hwp_raw\PBLN_000000000123653_[ìì] ì ì²­ì ë±.hwp,downloaded,,2026-07-01T02:36:06
PBLN_000000000118906,bizinfo,[전남광주] 2026년 건설공사 하도급대금 지급 보증수수료 지원사업 공고,전남광주통합특별시,https://www.bizinfo.go.kr/sii/siia/selectSIIA200Detail.do?pblancId=PBLN_000000000118906,https://www.bizinfo.go.kr/sii/siia/202602261309200957.hwp,.hwp,C:\dongaAI\3차 프로젝트\0.0\data\attachments\hwp_raw\PBLN_000000000118906_202602261309200957.hwp,download_failed,404 Client Error: Not Found for url: https://www.bizinfo.go.kr/sii/siia/202602261309200957.hwp,2026-07-01T02:36:06
PBLN_000000000118906,bizinfo,[전남광주] 2026년 건설공사 하도급대금 지급 보증수수료 지원사업 공고,전남광주통합특별시,https://www.bizinfo.go.kr/sii/siia/selectSIIA200Detail.do?pblancId=PBLN_000000000118906,https://www.bizinfo.go.kr/sii/siia/건설공사 하도급대금 지급 보증수수료 지원사업.hwp,.hwp,C:\dongaAI\3차 프로젝트\0.0\data\attachments\hwp_raw\PBLN_000000000118906_건설공사 하도급대금 지급 보증수수료 지원사업.hwp,download_failed,400 Client Error: Bad Request for url: https://www.bizinfo.go.kr/sii/siia/%EA%B1%B4%EC%84%A4%EA%B3%B5%EC%82%AC%20%ED%95%98%EB%8F%84%EA%B8%89%EB%8C%80%EA%B8%88%20%EC%A7%80%EA%B8%89%20%EB%B3%B4%EC%A6%9D%EC%88%98%EC%88%98%EB%A3%8C%20%EC%A7%80%EC%9B%90%EC%82%AC%EC%97%85.hwp,2026-07-01T02:36:06
PBLN_000000000118906,bizinfo,[전남광주] 2026년 건설공사 하도급대금 지급 보증수수료 지원사업 공고,전남광주통합특별시,https://www.bizinfo.go.kr/sii/siia/selectSIIA200Detail.do?pblancId=PBLN_000000000118906,https://www.bizinfo.go.kr/cmm/fms/fileDown.do?atchFileId=FILE_000000000744757&fileSn=0,.hwp,C:\dongaAI\3차 프로젝트\0.0\data\attachments\hwp_raw\PBLN_000000000118906_ê±´ì¤ê³µì¬ íëê¸ëê¸ ì§ê¸ ë³´ì¦ììë£ ì§ìì¬ì.hwp,downloaded,,2026-07-01T02:36:06
PBLN_000000000123661,bizinfo,2026년 중소사업장 유해화학물질 취급시설 안전관리 지원 사업 참여 사업장 모집 공고,기후에너지환경부,https://www.bizinfo.go.kr/sii/siia/selectSIIA200Detail.do?pblancId=PBLN_000000000123661,https://www.bizinfo.go.kr/cmm/fms/fileDown.do?atchFileId=FILE_000000000761736&fileSn=1,.hwp,C:\dongaAI\3차 프로젝트\0.0\data\attachments\hwp_raw\PBLN_000000000123661_(ë¶ì1) ã2026ë ë ì í´ííë¬¼ì§ ì·¨ê¸ìì¤ ìì ê´ë¦¬ ì§ìì¬ì ãëª¨ì§ ìë´.hwp,downloaded,,2026-07-01T02:36:06
PBLN_000000000123663,bizinfo,2026년 3차 예술산업 금융지원 시범사업(융자) 공고,문화체육관광부,https://www.bizinfo.go.kr/sii/siia/selectSIIA200Detail.do?pblancId=PBLN_000000000123663,https://www.bizinfo.go.kr/cmm/fms/fileDown.do?atchFileId=FILE_000000000761700&fileSn=1,.hwp,C:\dongaAI\3차 프로젝트\0.0\data\attachments\hwp_raw\PBLN_000000000123663_ë¶ì1. 2026 ìì ì°ì ê¸ìµì§ì ìë²ì¬ì (ìµì) 3ì°¨ ê³µëª¨ ìµìì ì²­ì.hwp,downloaded,,2026-07-01T02:36:06
PBLN_000000000118398,bizinfo,[서울] 2026년 위험성평가 컨설팅 사업 대상 모집 공고,서울특별시,https://www.bizinfo.go.kr/sii/siia/selectSIIA200Detail.do?pblancId=PBLN_000000000118398,https://www.bizinfo.go.kr/sii/siia/202602101514330576.hwp,.hwp,C:\dongaAI\3차 프로젝트\0.0\data\attachments\hwp_raw\PBLN_000000000118398_202602101514330576.hwp,download_failed,404 Client Error: Not Found for url: https://www.bizinfo.go.kr/sii/siia/202602101514330576.hwp,2026-07-01T02:36:07
PBLN_000000000118398,bizinfo,[서울] 2026년 위험성평가 컨설팅 사업 대상 모집 공고,서울특별시,https://www.bizinfo.go.kr/sii/siia/selectSIIA200Detail.do?pblancId=PBLN_000000000118398,https://www.bizinfo.go.kr/sii/siia/2026년 서울시 위험성평가 컨설팅 사업 대상 모집 공고문.hwp,.hwp,C:\dongaAI\3차 프로젝트\0.0\data\attachments\hwp_raw\PBLN_000000000118398_2026년 서울시 위험성평가 컨설팅 사업 대상 모집 공고문.hwp,download_failed,400 Client Error: Bad Request for url: https://www.bizinfo.go.kr/sii/siia/2026%EB%85%84%20%EC%84%9C%EC%9A%B8%EC%8B%9C%20%EC%9C%84%ED%97%98%EC%84%B1%ED%8F%89%EA%B0%80%20%EC%BB%A8%EC%84%A4%ED%8C%85%20%EC%82%AC%EC%97%85%20%EB%8C%80%EC%83%81%20%EB%AA%A8%EC%A7%91%20%EA%B3%B5%EA%B3%A0%EB%AC%B8.hwp,2026-07-01T02:36:07
PBLN_000000000118398,bizinfo,[서울] 2026년 위험성평가 컨설팅 사업 대상 모집 공고,서울특별시,https://www.bizinfo.go.kr/sii/siia/selectSIIA200Detail.do?pblancId=PBLN_000000000118398,https://www.bizinfo.go.kr/cmm/fms/fileDown.do?atchFileId=FILE_000000000743510&fileSn=0,.hwp,C:\dongaAI\3차 프로젝트\0.0\data\attachments\hwp_raw\PBLN_000000000118398_2026ë  ìì¸ì ìíì±íê° ì»¨ì¤í ì¬ì ì ì²­ì.hwp,downloaded,,2026-07-01T02:36:07
PBLN_000000000118398,bizinfo,[서울] 2026년 위험성평가 컨설팅 사업 대상 모집 공고,서울특별시,https://www.bizinfo.go.kr/sii/siia/selectSIIA200Detail.do?pblancId=PBLN_000000000118398,https://www.bizinfo.go.kr/cmm/fms/fileDown.do?atchFileId=FILE_000000000743509&fileSn=0,.hwp,C:\dongaAI\3차 프로젝트\0.0\data\attachments\hwp_raw\PBLN_000000000118398_2026ë  ìì¸ì ìíì±íê° ì»¨ì¤í ì¬ì ëì ëª¨ì§ ê³µê³ ë¬¸.hwp,downloaded,,2026-07-01T02:36:07
PBLN_000000000117971,bizinfo,2026년 울산 북구 단체관광객 유치 인센티브 지원 공고,울산광역시,https://www.bizinfo.go.kr/sii/siia/selectSIIA200Detail.do?pblancId=PBLN_000000000117971,https://www.bizinfo.go.kr/sii/siia/202601281502280536.hwp,.hwp,C:\dongaAI\3차 프로젝트\0.0\data\attachments\hwp_raw\PBLN_000000000117971_202601281502280536.hwp,download_failed,404 Client Error: Not Found for url: https://www.bizinfo.go.kr/sii/siia/202601281502280536.hwp,2026-07-01T02:36:07
PBLN_000000000117971,bizinfo,2026년 울산 북구 단체관광객 유치 인센티브 지원 공고,울산광역시,https://www.bizinfo.go.kr/sii/siia/selectSIIA200Detail.do?pblancId=PBLN_000000000117971,https://www.bizinfo.go.kr/sii/siia/2026년 단체관광객 유치 인센티브 지원 공고.hwp,.hwp,C:\dongaAI\3차 프로젝트\0.0\data\attachments\hwp_raw\PBLN_000000000117971_2026년 단체관광객 유치 인센티브 지원 공고.hwp,download_failed,400 Client Error: Bad Request for url: https://www.bizinfo.go.kr/sii/siia/2026%EB%85%84%20%EB%8B%A8%EC%B2%B4%EA%B4%80%EA%B4%91%EA%B0%9D%20%EC%9C%A0%EC%B9%98%20%EC%9D%B8%EC%84%BC%ED%8B%B0%EB%B8%8C%20%EC%A7%80%EC%9B%90%20%EA%B3%B5%EA%B3%A0.hwp,2026-07-01T02:36:07
PBLN_000000000117971,bizinfo,2026년 울산 북구 단체관광객 유치 인센티브 지원 공고,울산광역시,https://www.bizinfo.go.kr/sii/siia/selectSIIA200Detail.do?pblancId=PBLN_000000000117971,https://www.bizinfo.go.kr/cmm/fms/fileDown.do?atchFileId=FILE_000000000742058&fileSn=0,.hwp,C:\dongaAI\3차 프로젝트\0.0\data\attachments\hwp_raw\PBLN_000000000117971_2026ë  ë¨ì²´ê´ê´ê° ì ì¹ ì¸ì¼í°ë¸ ì§ì ê³µê³.hwp,downloaded,,2026-07-01T02:36:07
PBLN_000000000123670,bizinfo,[부산] 영도구 2026년 3차 부산 커피산업 생태계 R&D 클러스트 구축사업 기업지원 프로그램 통합 모집 공고(시군구연고산업육성 협업프로젝트),중소벤처기업부,https://www.bizinfo.go.kr/sii/siia/selectSIIA200Detail.do?pblancId=PBLN_000000000123670,https://www.bizinfo.go.kr/sii/siia/202606261405490385.hwp,.hwp,C:\dongaAI\3차 프로젝트\0.0\data\attachments\hwp_raw\PBLN_000000000123670_202606261405490385.hwp,download_failed,404 Client Error: Not Found for url: https://www.bizinfo.go.kr/sii/siia/202606261405490385.hwp,2026-07-01T02:36:07
PBLN_000000000123670,bizinfo,[부산] 영도구 2026년 3차 부산 커피산업 생태계 R&D 클러스트 구축사업 기업지원 프로그램 통합 모집 공고(시군구연고산업육성 협업프로젝트),중소벤처기업부,https://www.bizinfo.go.kr/sii/siia/selectSIIA200Detail.do?pblancId=PBLN_000000000123670,https://www.bizinfo.go.kr/sii/siia/[공고문]+부산+커피산업+생태계+R&D+클러스트+구축사업+기업지원+프로그램+통합모집+3차+공고.hwp,.hwp,C:\dongaAI\3차 프로젝트\0.0\data\attachments\hwp_raw\PBLN_000000000123670_[공고문]+부산+커피산업+생태계+R&D+클러스트+구축사업+기업지원+프로그램+통합모집+3차+공고.hwp,download_failed,400 Client Error: Bad Request for url: https://www.bizinfo.go.kr/sii/siia/%5B%EA%B3%B5%EA%B3%A0%EB%AC%B8%5D+%EB%B6%80%EC%82%B0+%EC%BB%A4%ED%94%BC%EC%82%B0%EC%97%85+%EC%83%9D%ED%83%9C%EA%B3%84+R&D+%ED%81%B4%EB%9F%AC%EC%8A%A4%ED%8A%B8+%EA%B5%AC%EC%B6%95%EC%82%AC%EC%97%85+%EA%B8%B0%EC%97%85%EC%A7%80%EC%9B%90+%ED%94%84%EB%A1%9C%EA%B7%B8%EB%9E%A8+%ED%86%B5%ED%95%A9%EB%AA%A8%EC%A7%91+3%EC%B0%A8+%EA%B3%B5%EA%B3%A0.hwp,2026-07-01T02:36:07
PBLN_000000000123670,bizinfo,[부산] 영도구 2026년 3차 부산 커피산업 생태계 R&D 클러스트 구축사업 기업지원 프로그램 통합 모집 공고(시군구연고산업육성 협업프로젝트),중소벤처기업부,https://www.bizinfo.go.kr/sii/siia/selectSIIA200Detail.do?pblancId=PBLN_000000000123670,https://www.bizinfo.go.kr/cmm/fms/fileDown.do?atchFileId=FILE_000000000761762&fileSn=1,.hwp,C:\dongaAI\3차 프로젝트\0.0\data\attachments\hwp_raw\PBLN_000000000123670_[ì ì²­ì]ë¶ì°+ì»¤í¼ì°ì +ìíê³+R&D+í´ë¬ì¤í¸+êµ¬ì¶ì¬ì +ì ì²­ì+ë°+ì ì¶ìì+(3ì°¨).hwp,downloaded,,2026-07-01T02:36:07
PBLN_000000000123670,bizinfo,[부산] 영도구 2026년 3차 부산 커피산업 생태계 R&D 클러스트 구축사업 기업지원 프로그램 통합 모집 공고(시군구연고산업육성 협업프로젝트),중소벤처기업부,https://www.bizinfo.go.kr/sii/siia/selectSIIA200Detail.do?pblancId=PBLN_000000000123670,https://www.bizinfo.go.kr/cmm/fms/fileDown.do?atchFileId=FILE_000000000761761&fileSn=1,.hwp,C:\dongaAI\3차 프로젝트\0.0\data\attachments\hwp_raw\PBLN_000000000123670_[ê³µê³ ë¬¸]+ë¶ì°+ì»¤í¼ì°ì +ìíê³+R&D+í´ë¬ì¤í¸+êµ¬ì¶ì¬ì +ê¸°ì ì§ì+íë¡ê·¸ë¨+íµí©ë.hwp,downloaded,,2026-07-01T02:36:07
PBLN_000000000117939,bizinfo,[제주] 2026년 국내ㆍ외 관광객 유치 환영행사 지원 공고,제주특별자치도,https://www.bizinfo.go.kr/sii/siia/selectSIIA200Detail.do?pblancId=PBLN_000000000117939,https://www.bizinfo.go.kr/sii/siia/202601281100430301.hwp,.hwp,C:\dongaAI\3차 프로젝트\0.0\data\attachments\hwp_raw\PBLN_000000000117939_202601281100430301.hwp,download_failed,404 Client Error: Not Found for url: https://www.bizinfo.go.kr/sii/siia/202601281100430301.hwp,2026-07-01T02:36:07
PBLN_000000000117939,bizinfo,[제주] 2026년 국내ㆍ외 관광객 유치 환영행사 지원 공고,제주특별자치도,https://www.bizinfo.go.kr/sii/siia/selectSIIA200Detail.do?pblancId=PBLN_000000000117939,https://www.bizinfo.go.kr/sii/siia/2026+환영행사+지원신청서.hwp,.hwp,C:\dongaAI\3차 프로젝트\0.0\data\attachments\hwp_raw\PBLN_000000000117939_2026+환영행사+지원신청서.hwp,download_failed,400 Client Error: Bad Request for url: https://www.bizinfo.go.kr/sii/siia/2026+%ED%99%98%EC%98%81%ED%96%89%EC%82%AC+%EC%A7%80%EC%9B%90%EC%8B%A0%EC%B2%AD%EC%84%9C.hwp,2026-07-01T02:36:07
PBLN_000000000117939,bizinfo,[제주] 2026년 국내ㆍ외 관광객 유치 환영행사 지원 공고,제주특별자치도,https://www.bizinfo.go.kr/sii/siia/selectSIIA200Detail.do?pblancId=PBLN_000000000117939,https://www.bizinfo.go.kr/cmm/fms/fileDown.do?atchFileId=FILE_000000000742019&fileSn=0,.hwp,C:\dongaAI\3차 프로젝트\0.0\data\attachments\hwp_raw\PBLN_000000000117939_2026+íìíì¬+ì§ìì ì²­ì.hwp,downloaded,,2026-07-01T02:36:07
PBLN_000000000123679,bizinfo,[인천] 2026년 일하기 좋은 뿌리기업 선정 공고,인천광역시,https://www.bizinfo.go.kr/sii/siia/selectSIIA200Detail.do?pblancId=PBLN_000000000123679,https://www.bizinfo.go.kr/cmm/fms/fileDown.do?atchFileId=FILE_000000000761790&fileSn=2,.hwp,C:\dongaAI\3차 프로젝트\0.0\data\attachments\hwp_raw\PBLN_000000000123679_(ê³µê³ ë¬¸)2026ë _ì¸ì²_ì¼íê¸°_ì¢ì_ë¿ë¦¬ê¸°ì _ì ì _(ì¸ì²ì)_(ìì ).hwp,downloaded,,2026-07-01T02:36:08
PBLN_000000000123683,bizinfo,[전남광주] 2026년 JCEP 체험형 콘텐츠 제작 지원사업 모집 공고(전남콘텐츠기업지원센터 운영사업(추경)),전남광주통합특별시,https://www.bizinfo.go.kr/sii/siia/selectSIIA200Detail.do?pblancId=PBLN_000000000123683,https://www.bizinfo.go.kr/cmm/fms/fileDown.do?atchFileId=FILE_000000000761794&fileSn=0,.hwp,C:\dongaAI\3차 프로젝트\0.0\data\attachments\hwp_raw\PBLN_000000000123683_ë¶ì 2. 2026 JCEP ì²´íí ì½í ì¸ ì ì ì§ìì¬ì - ìë´ì ë° ìì± ìì.hwp,downloaded,,2026-07-01T02:36:08
PBLN_000000000123683,bizinfo,[전남광주] 2026년 JCEP 체험형 콘텐츠 제작 지원사업 모집 공고(전남콘텐츠기업지원센터 운영사업(추경)),전남광주통합특별시,https://www.bizinfo.go.kr/sii/siia/selectSIIA200Detail.do?pblancId=PBLN_000000000123683,https://www.bizinfo.go.kr/cmm/fms/fileDown.do?atchFileId=FILE_000000000761793&fileSn=0,.hwp,C:\dongaAI\3차 프로젝트\0.0\data\attachments\hwp_raw\PBLN_000000000123683_ë¶ì 1. 2026 JCEP ì²´íí ì½í ì¸ ì ì ì§ìì¬ì ê³µê³ ë¬¸(ì).hwp,downloaded,,2026-07-01T02:36:09
PBLN_000000000120215,bizinfo,2026년 산업ㆍ일자리전환 컨설팅 참여기업 모집 공고,고용노동부,https://www.bizinfo.go.kr/sii/siia/selectSIIA200Detail.do?pblancId=PBLN_000000000120215,https://www.bizinfo.go.kr/cmm/fms/fileDown.do?atchFileId=FILE_000000000749362&fileSn=0,.hwp,C:\dongaAI\3차 프로젝트\0.0\data\attachments\hwp_raw\PBLN_000000000120215_ì ì²­ì_2026ë  ì°ì ì¼ìë¦¬ì í ì»¨ì¤í _KSA.hwp,downloaded,,2026-07-01T02:36:09
PBLN_000000000117770,bizinfo,2026년 전라남도 외래관광객 유치 여행사 대상 인센티브 지원 공고,전남광주통합특별시,https://www.bizinfo.go.kr/sii/siia/selectSIIA200Detail.do?pblancId=PBLN_000000000117770,https://www.bizinfo.go.kr/sii/siia/202601221347520840.hwp,.hwp,C:\dongaAI\3차 프로젝트\0.0\data\attachments\hwp_raw\PBLN_000000000117770_202601221347520840.hwp,download_failed,404 Client Error: Not Found for url: https://www.bizinfo.go.kr/sii/siia/202601221347520840.hwp,2026-07-01T02:36:09
PBLN_000000000117770,bizinfo,2026년 전라남도 외래관광객 유치 여행사 대상 인센티브 지원 공고,전남광주통합특별시,https://www.bizinfo.go.kr/sii/siia/selectSIIA200Detail.do?pblancId=PBLN_000000000117770,https://www.bizinfo.go.kr/sii/siia/전남 외래관광객 유치 여행사 대상 인센티브 지원 공고.hwp,.hwp,C:\dongaAI\3차 프로젝트\0.0\data\attachments\hwp_raw\PBLN_000000000117770_전남 외래관광객 유치 여행사 대상 인센티브 지원 공고.hwp,download_failed,400 Client Error: Bad Request for url: https://www.bizinfo.go.kr/sii/siia/%EC%A0%84%EB%82%A8%20%EC%99%B8%EB%9E%98%EA%B4%80%EA%B4%91%EA%B0%9D%20%EC%9C%A0%EC%B9%98%20%EC%97%AC%ED%96%89%EC%82%AC%20%EB%8C%80%EC%83%81%20%EC%9D%B8%EC%84%BC%ED%8B%B0%EB%B8%8C%20%EC%A7%80%EC%9B%90%20%EA%B3%B5%EA%B3%A0.hwp,2026-07-01T02:36:09
PBLN_000000000117770,bizinfo,2026년 전라남도 외래관광객 유치 여행사 대상 인센티브 지원 공고,전남광주통합특별시,https://www.bizinfo.go.kr/sii/siia/selectSIIA200Detail.do?pblancId=PBLN_000000000117770,https://www.bizinfo.go.kr/cmm/fms/fileDown.do?atchFileId=FILE_000000000741566&fileSn=0,.hwp,C:\dongaAI\3차 프로젝트\0.0\data\attachments\hwp_raw\PBLN_000000000117770_ì ë¨ ì¸ëê´ê´ê° ì ì¹ ì¬íì¬ ëì ì¸ì¼í°ë¸ ì§ì ê³µê³.hwp,downloaded,,2026-07-01T02:36:09
PBLN_000000000117620,bizinfo,2026년 삼척시 단체관광객 유치 여행사 인센티브 지원계획 공고,강원특별자치도,https://www.bizinfo.go.kr/sii/siia/selectSIIA200Detail.do?pblancId=PBLN_000000000117620,https://www.bizinfo.go.kr/sii/siia/202601201043230260.hwp,.hwp,C:\dongaAI\3차 프로젝트\0.0\data\attachments\hwp_raw\PBLN_000000000117620_202601201043230260.hwp,download_failed,404 Client Error: Not Found for url: https://www.bizinfo.go.kr/sii/siia/202601201043230260.hwp,2026-07-01T02:36:09
PBLN_000000000117620,bizinfo,2026년 삼척시 단체관광객 유치 여행사 인센티브 지원계획 공고,강원특별자치도,https://www.bizinfo.go.kr/sii/siia/selectSIIA200Detail.do?pblancId=PBLN_000000000117620,https://www.bizinfo.go.kr/sii/siia/2026년 삼척시 단체관광객 유치 여행사 인센티브 지원계획 공고.hwp,.hwp,C:\dongaAI\3차 프로젝트\0.0\data\attachments\hwp_raw\PBLN_000000000117620_2026년 삼척시 단체관광객 유치 여행사 인센티브 지원계획 공고.hwp,download_failed,400 Client Error: Bad Request for url: https://www.bizinfo.go.kr/sii/siia/2026%EB%85%84%20%EC%82%BC%EC%B2%99%EC%8B%9C%20%EB%8B%A8%EC%B2%B4%EA%B4%80%EA%B4%91%EA%B0%9D%20%EC%9C%A0%EC%B9%98%20%EC%97%AC%ED%96%89%EC%82%AC%20%EC%9D%B8%EC%84%BC%ED%8B%B0%EB%B8%8C%20%EC%A7%80%EC%9B%90%EA%B3%84%ED%9A%8D%20%EA%B3%B5%EA%B3%A0.hwp,2026-07-01T02:36:09
PBLN_000000000117620,bizinfo,2026년 삼척시 단체관광객 유치 여행사 인센티브 지원계획 공고,강원특별자치도,https://www.bizinfo.go.kr/sii/siia/selectSIIA200Detail.do?pblancId=PBLN_000000000117620,https://www.bizinfo.go.kr/cmm/fms/fileDown.do?atchFileId=FILE_000000000741248&fileSn=0,.hwp,C:\dongaAI\3차 프로젝트\0.0\data\attachments\hwp_raw\PBLN_000000000117620_2026ë  ì¼ì²ì ë¨ì²´ê´ê´ê° ì ì¹ ì¬íì¬ ì¸ì¼í°ë¸ ì§ìê³í ê³µê³.hwp,downloaded,,2026-07-01T02:36:09
PBLN_000000000117575,bizinfo,2026년 괴산군 단체관광객 유치 여행사 인센티브 지원계획 공고,충청북도,https://www.bizinfo.go.kr/sii/siia/selectSIIA200Detail.do?pblancId=PBLN_000000000117575,https://www.bizinfo.go.kr/sii/siia/202601191059310768.hwp,.hwp,C:\dongaAI\3차 프로젝트\0.0\data\attachments\hwp_raw\PBLN_000000000117575_202601191059310768.hwp,download_failed,404 Client Error: Not Found for url: https://www.bizinfo.go.kr/sii/siia/202601191059310768.hwp,2026-07-01T02:36:09
PBLN_000000000117575,bizinfo,2026년 괴산군 단체관광객 유치 여행사 인센티브 지원계획 공고,충청북도,https://www.bizinfo.go.kr/sii/siia/selectSIIA200Detail.do?pblancId=PBLN_000000000117575,https://www.bizinfo.go.kr/sii/siia/2026년 단체관광객 유치여행사 인센티브 지원계획 공고문(괴산군) .hwp,.hwp,C:\dongaAI\3차 프로젝트\0.0\data\attachments\hwp_raw\PBLN_000000000117575_2026년 단체관광객 유치여행사 인센티브 지원계획 공고문(괴산군).hwp,download_failed,400 Client Error: Bad Request for url: https://www.bizinfo.go.kr/sii/siia/2026%EB%85%84%20%EB%8B%A8%EC%B2%B4%EA%B4%80%EA%B4%91%EA%B0%9D%20%EC%9C%A0%EC%B9%98%EC%97%AC%ED%96%89%EC%82%AC%20%EC%9D%B8%EC%84%BC%ED%8B%B0%EB%B8%8C%20%EC%A7%80%EC%9B%90%EA%B3%84%ED%9A%8D%20%EA%B3%B5%EA%B3%A0%EB%AC%B8(%EA%B4%B4%EC%82%B0%EA%B5%B0)%20.hwp,2026-07-01T02:36:09
PBLN_000000000117575,bizinfo,2026년 괴산군 단체관광객 유치 여행사 인센티브 지원계획 공고,충청북도,https://www.bizinfo.go.kr/sii/siia/selectSIIA200Detail.do?pblancId=PBLN_000000000117575,https://www.bizinfo.go.kr/cmm/fms/fileDown.do?atchFileId=FILE_000000000741138&fileSn=0,.hwp,C:\dongaAI\3차 프로젝트\0.0\data\attachments\hwp_raw\PBLN_000000000117575_2026ë  ë¨ì²´ê´ê´ê° ì ì¹ì¬íì¬ ì¸ì¼í°ë¸ ì§ìê³í ê³µê³ ë¬¸(ê´´ì°êµ°).hwp,downloaded,,2026-07-01T02:36:09
PBLN_000000000123720,bizinfo,[부산] 2026년 콘텐츠코리아 랩 미드폼 영상콘텐츠 제작지원 사업 모집 공고,부산광역시,https://www.bizinfo.go.kr/sii/siia/selectSIIA200Detail.do?pblancId=PBLN_000000000123720,https://www.bizinfo.go.kr/sii/siia/202606291357420233.hwp,.hwp,C:\dongaAI\3차 프로젝트\0.0\data\attachments\hwp_raw\PBLN_000000000123720_202606291357420233.hwp,download_failed,404 Client Error: Not Found for url: https://www.bizinfo.go.kr/sii/siia/202606291357420233.hwp,2026-07-01T02:36:10
PBLN_000000000123720,bizinfo,[부산] 2026년 콘텐츠코리아 랩 미드폼 영상콘텐츠 제작지원 사업 모집 공고,부산광역시,https://www.bizinfo.go.kr/sii/siia/selectSIIA200Detail.do?pblancId=PBLN_000000000123720,https://www.bizinfo.go.kr/cmm/fms/fileDown.do?atchFileId=FILE_000000000761957&fileSn=0,.hwp,C:\dongaAI\3차 프로젝트\0.0\data\attachments\hwp_raw\PBLN_000000000123720_ì ì²­ì ìì± ìë´ ë° ì¬ì ë¹ ì°ì ê¸°ì¤(2026 ë¶ì°CKL ë¯¸ëí¼ ììì½í ì¸ ì ìì§ì).hwp,downloaded,,2026-07-01T02:36:10
PBLN_000000000123720,bizinfo,[부산] 2026년 콘텐츠코리아 랩 미드폼 영상콘텐츠 제작지원 사업 모집 공고,부산광역시,https://www.bizinfo.go.kr/sii/siia/selectSIIA200Detail.do?pblancId=PBLN_000000000123720,https://www.bizinfo.go.kr/cmm/fms/fileDown.do?atchFileId=FILE_000000000761957&fileSn=1,.hwp,C:\dongaAI\3차 프로젝트\0.0\data\attachments\hwp_raw\PBLN_000000000123720_ì ì¶ìë¥(2026 ë¶ì°CKL ë¯¸ëí¼ ììì½í ì¸ ì ìì§ì).hwp,downloaded,,2026-07-01T02:36:10
PBLN_000000000123720,bizinfo,[부산] 2026년 콘텐츠코리아 랩 미드폼 영상콘텐츠 제작지원 사업 모집 공고,부산광역시,https://www.bizinfo.go.kr/sii/siia/selectSIIA200Detail.do?pblancId=PBLN_000000000123720,https://www.bizinfo.go.kr/cmm/fms/fileDown.do?atchFileId=FILE_000000000761956&fileSn=0,.hwp,C:\dongaAI\3차 프로젝트\0.0\data\attachments\hwp_raw\PBLN_000000000123720_ê³µê³ ë¬¸(2026 ë¶ì°CKL ë¯¸ëí¼ ììì½í ì¸ ì ìì§ì).hwp,downloaded,,2026-07-01T02:36:10
PBLN_000000000117474,bizinfo,2026년 군산시 국내ㆍ외 단체관광객 유치 여행사 인센티브 지원사업 공고,전북특별자치도,https://www.bizinfo.go.kr/sii/siia/selectSIIA200Detail.do?pblancId=PBLN_000000000117474,https://www.bizinfo.go.kr/sii/siia/202601151106270479.hwp,.hwp,C:\dongaAI\3차 프로젝트\0.0\data\attachments\hwp_raw\PBLN_000000000117474_202601151106270479.hwp,download_failed,404 Client Error: Not Found for url: https://www.bizinfo.go.kr/sii/siia/202601151106270479.hwp,2026-07-01T02:36:10
PBLN_000000000117474,bizinfo,2026년 군산시 국내ㆍ외 단체관광객 유치 여행사 인센티브 지원사업 공고,전북특별자치도,https://www.bizinfo.go.kr/sii/siia/selectSIIA200Detail.do?pblancId=PBLN_000000000117474,https://www.bizinfo.go.kr/sii/siia/2026년 군산시 국내외 단체관광객 유치 여행사 인센티브 지원사업 공고.hwp,.hwp,C:\dongaAI\3차 프로젝트\0.0\data\attachments\hwp_raw\PBLN_000000000117474_2026년 군산시 국내외 단체관광객 유치 여행사 인센티브 지원사업 공고.hwp,download_failed,400 Client Error: Bad Request for url: https://www.bizinfo.go.kr/sii/siia/2026%EB%85%84%20%EA%B5%B0%EC%82%B0%EC%8B%9C%20%EA%B5%AD%EB%82%B4%EC%99%B8%20%EB%8B%A8%EC%B2%B4%EA%B4%80%EA%B4%91%EA%B0%9D%20%EC%9C%A0%EC%B9%98%20%EC%97%AC%ED%96%89%EC%82%AC%20%EC%9D%B8%EC%84%BC%ED%8B%B0%EB%B8%8C%20%EC%A7%80%EC%9B%90%EC%82%AC%EC%97%85%20%EA%B3%B5%EA%B3%A0.hwp,2026-07-01T02:36:10
PBLN_000000000117474,bizinfo,2026년 군산시 국내ㆍ외 단체관광객 유치 여행사 인센티브 지원사업 공고,전북특별자치도,https://www.bizinfo.go.kr/sii/siia/selectSIIA200Detail.do?pblancId=PBLN_000000000117474,https://www.bizinfo.go.kr/cmm/fms/fileDown.do?atchFileId=FILE_000000000740915&fileSn=0,.hwp,C:\dongaAI\3차 프로젝트\0.0\data\attachments\hwp_raw\PBLN_000000000117474_2026ë  êµ°ì°ì êµ­ë´ì¸ ë¨ì²´ê´ê´ê° ì ì¹ ì¬íì¬ ì¸ì¼í°ë¸ ì§ìì¬ì ê³µê³.hwp,downloaded,,2026-07-01T02:36:10
PBLN_000000000117433,bizinfo,[부산] 2026년 가명정보활용지원센터 컨설팅 지원사업 모집 공고,부산광역시,https://www.bizinfo.go.kr/sii/siia/selectSIIA200Detail.do?pblancId=PBLN_000000000117433,https://www.bizinfo.go.kr/sii/siia/202601141351110281.hwp,.hwp,C:\dongaAI\3차 프로젝트\0.0\data\attachments\hwp_raw\PBLN_000000000117433_202601141351110281.hwp,download_failed,404 Client Error: Not Found for url: https://www.bizinfo.go.kr/sii/siia/202601141351110281.hwp,2026-07-01T02:36:10
PBLN_000000000117433,bizinfo,[부산] 2026년 가명정보활용지원센터 컨설팅 지원사업 모집 공고,부산광역시,https://www.bizinfo.go.kr/sii/siia/selectSIIA200Detail.do?pblancId=PBLN_000000000117433,https://www.bizinfo.go.kr/sii/siia/(공고문)+부산+가명정보+활용+지원센터+가명정보활용+컨설팅+지원+모집공고.hwp,.hwp,C:\dongaAI\3차 프로젝트\0.0\data\attachments\hwp_raw\PBLN_000000000117433_(공고문)+부산+가명정보+활용+지원센터+가명정보활용+컨설팅+지원+모집공고.hwp,download_failed,400 Client Error: Bad Request for url: https://www.bizinfo.go.kr/sii/siia/(%EA%B3%B5%EA%B3%A0%EB%AC%B8)+%EB%B6%80%EC%82%B0+%EA%B0%80%EB%AA%85%EC%A0%95%EB%B3%B4+%ED%99%9C%EC%9A%A9+%EC%A7%80%EC%9B%90%EC%84%BC%ED%84%B0+%EA%B0%80%EB%AA%85%EC%A0%95%EB%B3%B4%ED%99%9C%EC%9A%A9+%EC%BB%A8%EC%84%A4%ED%8C%85+%EC%A7%80%EC%9B%90+%EB%AA%A8%EC%A7%91%EA%B3%B5%EA%B3%A0.hwp,2026-07-01T02:36:10
PBLN_000000000117433,bizinfo,[부산] 2026년 가명정보활용지원센터 컨설팅 지원사업 모집 공고,부산광역시,https://www.bizinfo.go.kr/sii/siia/selectSIIA200Detail.do?pblancId=PBLN_000000000117433,https://www.bizinfo.go.kr/cmm/fms/fileDown.do?atchFileId=FILE_000000000740802&fileSn=1,.hwp,C:\dongaAI\3차 프로젝트\0.0\data\attachments\hwp_raw\PBLN_000000000117433_(ê³µê³ ë¬¸)+ë¶ì°+ê°ëª ì ë³´+íì©+ì§ìì¼í°+ê°ëª ì ë³´íì©+ì»¨ì¤í +ì§ì+ëª¨ì§ê³µê³.hwp,downloaded,,2026-07-01T02:36:10
PBLN_000000000123745,bizinfo,2026년 4차 예술산업보증 7월 공고,문화체육관광부,https://www.bizinfo.go.kr/sii/siia/selectSIIA200Detail.do?pblancId=PBLN_000000000123745,https://www.bizinfo.go.kr/cmm/fms/fileDown.do?atchFileId=FILE_000000000762086&fileSn=1,.hwp,C:\dongaAI\3차 프로젝트\0.0\data\attachments\hwp_raw\PBLN_000000000123745_ë¶ì 1. ì ì²­ì ë° ê¸°ì ì¬ì ê³íììì ê¸°ì ë³´ì¦(3).hwp,downloaded,,2026-07-01T02:36:10
PBLN_000000000123745,bizinfo,2026년 4차 예술산업보증 7월 공고,문화체육관광부,https://www.bizinfo.go.kr/sii/siia/selectSIIA200Detail.do?pblancId=PBLN_000000000123745,https://www.bizinfo.go.kr/cmm/fms/fileDown.do?atchFileId=FILE_000000000762086&fileSn=2,.hwp,C:\dongaAI\3차 프로젝트\0.0\data\attachments\hwp_raw\PBLN_000000000123745_ë¶ì 2. ì ì²­ì ë° ê¸°ì ì¬ì ê³íììì íë¡ì í¸ ë³´ì¦(3).hwp,downloaded,,2026-07-01T02:36:10
PBLN_000000000117481,bizinfo,전북바이오융합교육센터 재직자 교육 훈련생ㆍ기업 모집 공고(국가인적자원개발컨소시엄),전북특별자치도,https://www.bizinfo.go.kr/sii/siia/selectSIIA200Detail.do?pblancId=PBLN_000000000117481,https://www.bizinfo.go.kr/cmm/fms/fileDown.do?atchFileId=FILE_000000000740905&fileSn=0,.hwp,C:\dongaAI\3차 프로젝트\0.0\data\attachments\hwp_raw\PBLN_000000000117481_[ì ì²­ìì]+ë°ì´ì¤ìµí©êµì¡ì¼í°íì½ì.hwp,downloaded,,2026-07-01T02:36:10
PBLN_000000000117481,bizinfo,전북바이오융합교육센터 재직자 교육 훈련생ㆍ기업 모집 공고(국가인적자원개발컨소시엄),전북특별자치도,https://www.bizinfo.go.kr/sii/siia/selectSIIA200Detail.do?pblancId=PBLN_000000000117481,https://www.bizinfo.go.kr/cmm/fms/fileDown.do?atchFileId=FILE_000000000740905&fileSn=1,.hwp,C:\dongaAI\3차 프로젝트\0.0\data\attachments\hwp_raw\PBLN_000000000117481_[ì ì²­ìì]+ë°ì´ì¤ìµí©êµì¡ì¼í°+ê¸°ì ë°©ë¬¸+êµì¡ì ì²­ì.hwp,downloaded,,2026-07-01T02:36:10
PBLN_000000000117350,bizinfo,2026년 장성군 단체관광객 유치 여행사 인센티브 운영계획 공고,전남광주통합특별시,https://www.bizinfo.go.kr/sii/siia/selectSIIA200Detail.do?pblancId=PBLN_000000000117350,https://www.bizinfo.go.kr/sii/siia/202601130911420226.hwp,.hwp,C:\dongaAI\3차 프로젝트\0.0\data\attachments\hwp_raw\PBLN_000000000117350_202601130911420226.hwp,download_failed,404 Client Error: Not Found for url: https://www.bizinfo.go.kr/sii/siia/202601130911420226.hwp,2026-07-01T02:36:10
PBLN_000000000117350,bizinfo,2026년 장성군 단체관광객 유치 여행사 인센티브 운영계획 공고,전남광주통합특별시,https://www.bizinfo.go.kr/sii/siia/selectSIIA200Detail.do?pblancId=PBLN_000000000117350,https://www.bizinfo.go.kr/sii/siia/2026년 장성군 단체관광객 유치 인센티브 운영계획 공고.hwp,.hwp,C:\dongaAI\3차 프로젝트\0.0\data\attachments\hwp_raw\PBLN_000000000117350_2026년 장성군 단체관광객 유치 인센티브 운영계획 공고.hwp,download_failed,400 Client Error: Bad Request for url: https://www.bizinfo.go.kr/sii/siia/2026%EB%85%84%20%EC%9E%A5%EC%84%B1%EA%B5%B0%20%EB%8B%A8%EC%B2%B4%EA%B4%80%EA%B4%91%EA%B0%9D%20%EC%9C%A0%EC%B9%98%20%EC%9D%B8%EC%84%BC%ED%8B%B0%EB%B8%8C%20%EC%9A%B4%EC%98%81%EA%B3%84%ED%9A%8D%20%EA%B3%B5%EA%B3%A0.hwp,2026-07-01T02:36:10
PBLN_000000000117350,bizinfo,2026년 장성군 단체관광객 유치 여행사 인센티브 운영계획 공고,전남광주통합특별시,https://www.bizinfo.go.kr/sii/siia/selectSIIA200Detail.do?pblancId=PBLN_000000000117350,https://www.bizinfo.go.kr/cmm/fms/fileDown.do?atchFileId=FILE_000000000740568&fileSn=0,.hwp,C:\dongaAI\3차 프로젝트\0.0\data\attachments\hwp_raw\PBLN_000000000117350_2026ë  ì¥ì±êµ° ë¨ì²´ê´ê´ê° ì ì¹ ì¸ì¼í°ë¸ ì´ìê³í ê³µê³.hwp,downloaded,,2026-07-01T02:36:10
PBLN_000000000123750,bizinfo,[경북] 경산시 2026년 산업 AX 미니프로젝트 지원 사업 참여기업 모집 공고(산업 인공지능(AI) 전환 및 확산기반조성),경상북도,https://www.bizinfo.go.kr/sii/siia/selectSIIA200Detail.do?pblancId=PBLN_000000000123750,https://www.bizinfo.go.kr/cmm/fms/fileDown.do?atchFileId=FILE_000000000762096&fileSn=0,.hwp,C:\dongaAI\3차 프로젝트\0.0\data\attachments\hwp_raw\PBLN_000000000123750_ë¶ì2_ìì±ìì.hwp,downloaded,,2026-07-01T02:36:11
PBLN_000000000117332,bizinfo,2026년 청송군 단체관광객 유치 인센티브 지원계획 공고,경상북도,https://www.bizinfo.go.kr/sii/siia/selectSIIA200Detail.do?pblancId=PBLN_000000000117332,https://www.bizinfo.go.kr/sii/siia/202601121403320571.hwp,.hwp,C:\dongaAI\3차 프로젝트\0.0\data\attachments\hwp_raw\PBLN_000000000117332_202601121403320571.hwp,download_failed,404 Client Error: Not Found for url: https://www.bizinfo.go.kr/sii/siia/202601121403320571.hwp,2026-07-01T02:36:11
PBLN_000000000117332,bizinfo,2026년 청송군 단체관광객 유치 인센티브 지원계획 공고,경상북도,https://www.bizinfo.go.kr/sii/siia/selectSIIA200Detail.do?pblancId=PBLN_000000000117332,https://www.bizinfo.go.kr/sii/siia/2026년 청송군 단체관광객 유치 인센티브 지원계획(공고문).hwp,.hwp,C:\dongaAI\3차 프로젝트\0.0\data\attachments\hwp_raw\PBLN_000000000117332_2026년 청송군 단체관광객 유치 인센티브 지원계획(공고문).hwp,download_failed,400 Client Error: Bad Request for url: https://www.bizinfo.go.kr/sii/siia/2026%EB%85%84%20%EC%B2%AD%EC%86%A1%EA%B5%B0%20%EB%8B%A8%EC%B2%B4%EA%B4%80%EA%B4%91%EA%B0%9D%20%EC%9C%A0%EC%B9%98%20%EC%9D%B8%EC%84%BC%ED%8B%B0%EB%B8%8C%20%EC%A7%80%EC%9B%90%EA%B3%84%ED%9A%8D(%EA%B3%B5%EA%B3%A0%EB%AC%B8).hwp,2026-07-01T02:36:11
PBLN_000000000117332,bizinfo,2026년 청송군 단체관광객 유치 인센티브 지원계획 공고,경상북도,https://www.bizinfo.go.kr/sii/siia/selectSIIA200Detail.do?pblancId=PBLN_000000000117332,https://www.bizinfo.go.kr/cmm/fms/fileDown.do?atchFileId=FILE_000000000740492&fileSn=0,.hwp,C:\dongaAI\3차 프로젝트\0.0\data\attachments\hwp_raw\PBLN_000000000117332_2026ë  ì²­ì¡êµ° ë¨ì²´ê´ê´ê° ì ì¹ ì¸ì¼í°ë¸ ì§ìê³í(ê³µê³ ë¬¸).hwp,downloaded,,2026-07-01T02:36:11
PBLN_000000000117260,bizinfo,2026년 밀양시 단체관광객 유치 인센티브 지원 계획 공고,경상남도,https://www.bizinfo.go.kr/sii/siia/selectSIIA200Detail.do?pblancId=PBLN_000000000117260,https://www.bizinfo.go.kr/sii/siia/202601091305340607.hwp,.hwp,C:\dongaAI\3차 프로젝트\0.0\data\attachments\hwp_raw\PBLN_000000000117260_202601091305340607.hwp,download_failed,404 Client Error: Not Found for url: https://www.bizinfo.go.kr/sii/siia/202601091305340607.hwp,2026-07-01T02:36:11
PBLN_000000000117260,bizinfo,2026년 밀양시 단체관광객 유치 인센티브 지원 계획 공고,경상남도,https://www.bizinfo.go.kr/sii/siia/selectSIIA200Detail.do?pblancId=PBLN_000000000117260,https://www.bizinfo.go.kr/sii/siia/2026년 밀양시 단체 관광객 유치 인센티브 지원 공고.hwp,.hwp,C:\dongaAI\3차 프로젝트\0.0\data\attachments\hwp_raw\PBLN_000000000117260_2026년 밀양시 단체 관광객 유치 인센티브 지원 공고.hwp,download_failed,400 Client Error: Bad Request for url: https://www.bizinfo.go.kr/sii/siia/2026%EB%85%84%20%EB%B0%80%EC%96%91%EC%8B%9C%20%EB%8B%A8%EC%B2%B4%20%EA%B4%80%EA%B4%91%EA%B0%9D%20%EC%9C%A0%EC%B9%98%20%EC%9D%B8%EC%84%BC%ED%8B%B0%EB%B8%8C%20%EC%A7%80%EC%9B%90%20%EA%B3%B5%EA%B3%A0.hwp,2026-07-01T02:36:11
PBLN_000000000117260,bizinfo,2026년 밀양시 단체관광객 유치 인센티브 지원 계획 공고,경상남도,https://www.bizinfo.go.kr/sii/siia/selectSIIA200Detail.do?pblancId=PBLN_000000000117260,https://www.bizinfo.go.kr/cmm/fms/fileDown.do?atchFileId=FILE_000000000740292&fileSn=0,.hwp,C:\dongaAI\3차 프로젝트\0.0\data\attachments\hwp_raw\PBLN_000000000117260_2026ë  ë°ìì ë¨ì²´ ê´ê´ê° ì ì¹ ì¸ì¼í°ë¸ ì§ì ê³µê³.hwp,downloaded,,2026-07-01T02:36:11
PBLN_000000000123767,bizinfo,2026년 바이오소재(항원ㆍ항체) 개발지원사업 공고(중소형 CDMO육성 항원 항체소재 뱅크 구축 사업),산업통상부,https://www.bizinfo.go.kr/sii/siia/selectSIIA200Detail.do?pblancId=PBLN_000000000123767,https://www.bizinfo.go.kr/cmm/fms/fileDown.do?atchFileId=FILE_000000000762149&fileSn=0,.hwp,C:\dongaAI\3차 프로젝트\0.0\data\attachments\hwp_raw\PBLN_000000000123767_2. ê°ë°ì§ìì¬ì ì ì²­ì.hwp,downloaded,,2026-07-01T02:36:11
PBLN_000000000123767,bizinfo,2026년 바이오소재(항원ㆍ항체) 개발지원사업 공고(중소형 CDMO육성 항원 항체소재 뱅크 구축 사업),산업통상부,https://www.bizinfo.go.kr/sii/siia/selectSIIA200Detail.do?pblancId=PBLN_000000000123767,https://www.bizinfo.go.kr/cmm/fms/fileDown.do?atchFileId=FILE_000000000762149&fileSn=1,.hwp,C:\dongaAI\3차 프로젝트\0.0\data\attachments\hwp_raw\PBLN_000000000123767_3. ì¬ì ê³íì ìì.hwp,downloaded,,2026-07-01T02:36:11
PBLN_000000000123767,bizinfo,2026년 바이오소재(항원ㆍ항체) 개발지원사업 공고(중소형 CDMO육성 항원 항체소재 뱅크 구축 사업),산업통상부,https://www.bizinfo.go.kr/sii/siia/selectSIIA200Detail.do?pblancId=PBLN_000000000123767,https://www.bizinfo.go.kr/cmm/fms/fileDown.do?atchFileId=FILE_000000000762149&fileSn=2,.hwp,C:\dongaAI\3차 프로젝트\0.0\data\attachments\hwp_raw\PBLN_000000000123767_4. ê°ì¸ì ë³´ ìì§ëìì.hwp,downloaded,,2026-07-01T02:36:11
PBLN_000000000123767,bizinfo,2026년 바이오소재(항원ㆍ항체) 개발지원사업 공고(중소형 CDMO육성 항원 항체소재 뱅크 구축 사업),산업통상부,https://www.bizinfo.go.kr/sii/siia/selectSIIA200Detail.do?pblancId=PBLN_000000000123767,https://www.bizinfo.go.kr/cmm/fms/fileDown.do?atchFileId=FILE_000000000762149&fileSn=3,.hwp,C:\dongaAI\3차 프로젝트\0.0\data\attachments\hwp_raw\PBLN_000000000123767_5. ê¸°ì ì´ì íì½ì.hwp,downloaded,,2026-07-01T02:36:11
PBLN_000000000123782,bizinfo,[충남] 2026년 콘텐츠코리아랩 미드폼 영상콘텐츠 제작 지원사업 모집 공고,충청남도,https://www.bizinfo.go.kr/sii/siia/selectSIIA200Detail.do?pblancId=PBLN_000000000123782,https://www.bizinfo.go.kr/cmm/fms/fileDown.do?atchFileId=FILE_000000000762191&fileSn=0,.hwp,C:\dongaAI\3차 프로젝트\0.0\data\attachments\hwp_raw\PBLN_000000000123782_2. [ì ì²­ì ìì] 2026 ë¯¸ëí¼ ììì½í ì¸ ì ì ì§ìì¬ì.hwp,downloaded,,2026-07-01T02:36:11
PBLN_000000000120604,bizinfo,[경북] 구미시 2026년 중소기업 신용보증수수료 지원사업 공고,경상북도,https://www.bizinfo.go.kr/sii/siia/selectSIIA200Detail.do?pblancId=PBLN_000000000120604,https://www.bizinfo.go.kr/sii/siia/202604091339450264.hwp,.hwp,C:\dongaAI\3차 프로젝트\0.0\data\attachments\hwp_raw\PBLN_000000000120604_202604091339450264.hwp,download_failed,404 Client Error: Not Found for url: https://www.bizinfo.go.kr/sii/siia/202604091339450264.hwp,2026-07-01T02:36:12
PBLN_000000000120604,bizinfo,[경북] 구미시 2026년 중소기업 신용보증수수료 지원사업 공고,경상북도,https://www.bizinfo.go.kr/sii/siia/selectSIIA200Detail.do?pblancId=PBLN_000000000120604,https://www.bizinfo.go.kr/sii/siia/공고_2026 구미시 중소기업 신용보증수수료 지원사업.hwp,.hwp,C:\dongaAI\3차 프로젝트\0.0\data\attachments\hwp_raw\PBLN_000000000120604_공고_2026 구미시 중소기업 신용보증수수료 지원사업.hwp,download_failed,400 Client Error: Bad Request for url: https://www.bizinfo.go.kr/sii/siia/%EA%B3%B5%EA%B3%A0_2026%20%EA%B5%AC%EB%AF%B8%EC%8B%9C%20%EC%A4%91%EC%86%8C%EA%B8%B0%EC%97%85%20%EC%8B%A0%EC%9A%A9%EB%B3%B4%EC%A6%9D%EC%88%98%EC%88%98%EB%A3%8C%20%EC%A7%80%EC%9B%90%EC%82%AC%EC%97%85.hwp,2026-07-01T02:36:12
PBLN_000000000120604,bizinfo,[경북] 구미시 2026년 중소기업 신용보증수수료 지원사업 공고,경상북도,https://www.bizinfo.go.kr/sii/siia/selectSIIA200Detail.do?pblancId=PBLN_000000000120604,https://www.bizinfo.go.kr/cmm/fms/fileDown.do?atchFileId=FILE_000000000750602&fileSn=0,.hwp,C:\dongaAI\3차 프로젝트\0.0\data\attachments\hwp_raw\PBLN_000000000120604_ì ì²­ìì_2026 êµ¬ë¯¸ì ì¤ìê¸°ì ì ì©ë³´ì¦ììë£ ì§ìì¬ì.hwp,downloaded,,2026-07-01T02:36:12
PBLN_000000000120604,bizinfo,[경북] 구미시 2026년 중소기업 신용보증수수료 지원사업 공고,경상북도,https://www.bizinfo.go.kr/sii/siia/selectSIIA200Detail.do?pblancId=PBLN_000000000120604,https://www.bizinfo.go.kr/cmm/fms/fileDown.do?atchFileId=FILE_000000000750601&fileSn=0,.hwp,C:\dongaAI\3차 프로젝트\0.0\data\attachments\hwp_raw\PBLN_000000000120604_ê³µê³ _2026 êµ¬ë¯¸ì ì¤ìê¸°ì ì ì©ë³´ì¦ììë£ ì§ìì¬ì.hwp,downloaded,,2026-07-01T02:36:12
PBLN_000000000120608,bizinfo,[경기] 김포시 2026년 사회적경제기업 역량강화 컨설팅 지원사업 참여기업 모집 공고,경기도,https://www.bizinfo.go.kr/sii/siia/selectSIIA200Detail.do?pblancId=PBLN_000000000120608,https://www.bizinfo.go.kr/cmm/fms/fileDown.do?atchFileId=FILE_000000000750616&fileSn=1,.hwp,C:\dongaAI\3차 프로젝트\0.0\data\attachments\hwp_raw\PBLN_000000000120608_ì ì²­ìì_2026ë  ì»¨ì¤í.hwp,downloaded,,2026-07-01T02:36:12
PBLN_000000000120827,bizinfo,[전북] 2026년 전북특별자치도소상공인희망센터 컨설팅 지원 참여업체 모집 공고,전북특별자치도,https://www.bizinfo.go.kr/sii/siia/selectSIIA200Detail.do?pblancId=PBLN_000000000120827,https://www.bizinfo.go.kr/cmm/fms/fileDown.do?atchFileId=FILE_000000000751381&fileSn=0,.hwp,C:\dongaAI\3차 프로젝트\0.0\data\attachments\hwp_raw\PBLN_000000000120827_2026 ì ë¶í¹ë³ìì¹ëììê³µì¸í¬ë§ì¼í° ì»¨ì¤í ì§ì ìì.hwp,downloaded,,2026-07-01T02:36:12
PBLN_000000000123689,bizinfo,지능형 헬스케어제품 기반 실증ㆍ사업화 지원사업 기업지원 기술지원 추가 공고,산업통상부,https://www.bizinfo.go.kr/sii/siia/selectSIIA200Detail.do?pblancId=PBLN_000000000123689,https://www.bizinfo.go.kr/sii/siia/202606290947440657.hwp,.hwp,C:\dongaAI\3차 프로젝트\0.0\data\attachments\hwp_raw\PBLN_000000000123689_202606290947440657.hwp,download_failed,404 Client Error: Not Found for url: https://www.bizinfo.go.kr/sii/siia/202606290947440657.hwp,2026-07-01T02:36:12
PBLN_000000000123689,bizinfo,지능형 헬스케어제품 기반 실증ㆍ사업화 지원사업 기업지원 기술지원 추가 공고,산업통상부,https://www.bizinfo.go.kr/sii/siia/selectSIIA200Detail.do?pblancId=PBLN_000000000123689,https://www.bizinfo.go.kr/sii/siia/1. (최종)지능형 헬스케어제품 기반 실증·사업화 지원사업_기업지원 통합 공고문_260623(2차공고).hwp,.hwp,C:\dongaAI\3차 프로젝트\0.0\data\attachments\hwp_raw\PBLN_000000000123689_1. (최종)지능형 헬스케어제품 기반 실증·사업화 지원사업_기업지원 통합 공고문_260623(2차공고).hwp,download_failed,400 Client Error: Bad Request for url: https://www.bizinfo.go.kr/sii/siia/1.%20(%EC%B5%9C%EC%A2%85)%EC%A7%80%EB%8A%A5%ED%98%95%20%ED%97%AC%EC%8A%A4%EC%BC%80%EC%96%B4%EC%A0%9C%ED%92%88%20%EA%B8%B0%EB%B0%98%20%EC%8B%A4%EC%A6%9D%C2%B7%EC%82%AC%EC%97%85%ED%99%94%20%EC%A7%80%EC%9B%90%EC%82%AC%EC%97%85_%EA%B8%B0%EC%97%85%EC%A7%80%EC%9B%90%20%ED%86%B5%ED%95%A9%20%EA%B3%B5%EA%B3%A0%EB%AC%B8_260623(2%EC%B0%A8%EA%B3%B5%EA%B3%A0).hwp,2026-07-01T02:36:12
PBLN_000000000123689,bizinfo,지능형 헬스케어제품 기반 실증ㆍ사업화 지원사업 기업지원 기술지원 추가 공고,산업통상부,https://www.bizinfo.go.kr/sii/siia/selectSIIA200Detail.do?pblancId=PBLN_000000000123689,https://www.bizinfo.go.kr/cmm/fms/fileDown.do?atchFileId=FILE_000000000761866&fileSn=1,.hwp,C:\dongaAI\3차 프로젝트\0.0\data\attachments\hwp_raw\PBLN_000000000123689_2. (ìµì¢ )ì§ìì¬ì ì ì²­ì ìì ì¼ì²´.hwp,downloaded,,2026-07-01T02:36:12
PBLN_000000000123689,bizinfo,지능형 헬스케어제품 기반 실증ㆍ사업화 지원사업 기업지원 기술지원 추가 공고,산업통상부,https://www.bizinfo.go.kr/sii/siia/selectSIIA200Detail.do?pblancId=PBLN_000000000123689,https://www.bizinfo.go.kr/cmm/fms/fileDown.do?atchFileId=FILE_000000000761865&fileSn=1,.hwp,C:\dongaAI\3차 프로젝트\0.0\data\attachments\hwp_raw\PBLN_000000000123689_1. (ìµ.hwp,downloaded,,2026-07-01T02:36:12
PBLN_000000000123616,bizinfo,2026년 케이녹(KNOCK) 콘텐츠가치평가 라운드 참가기업 모집 공고,문화체육관광부,https://www.bizinfo.go.kr/sii/siia/selectSIIA200Detail.do?pblancId=PBLN_000000000123616,https://www.bizinfo.go.kr/sii/siia/202606251501260868.hwp,.hwp,C:\dongaAI\3차 프로젝트\0.0\data\attachments\hwp_raw\PBLN_000000000123616_202606251501260868.hwp,download_failed,404 Client Error: Not Found for url: https://www.bizinfo.go.kr/sii/siia/202606251501260868.hwp,2026-07-01T02:36:13
PBLN_000000000123616,bizinfo,2026년 케이녹(KNOCK) 콘텐츠가치평가 라운드 참가기업 모집 공고,문화체육관광부,https://www.bizinfo.go.kr/sii/siia/selectSIIA200Detail.do?pblancId=PBLN_000000000123616,https://www.bizinfo.go.kr/sii/siia/[공고문] 2026 케이녹(KNOCK) 콘텐츠가치평가라운드_260622.hwp,.hwp,C:\dongaAI\3차 프로젝트\0.0\data\attachments\hwp_raw\PBLN_000000000123616_[공고문] 2026 케이녹(KNOCK) 콘텐츠가치평가라운드_260622.hwp,download_failed,400 Client Error: Bad Request for url: https://www.bizinfo.go.kr/sii/siia/%5B%EA%B3%B5%EA%B3%A0%EB%AC%B8%5D%202026%20%EC%BC%80%EC%9D%B4%EB%85%B9(KNOCK)%20%EC%BD%98%ED%85%90%EC%B8%A0%EA%B0%80%EC%B9%98%ED%8F%89%EA%B0%80%EB%9D%BC%EC%9A%B4%EB%93%9C_260622.hwp,2026-07-01T02:36:13
PBLN_000000000123616,bizinfo,2026년 케이녹(KNOCK) 콘텐츠가치평가 라운드 참가기업 모집 공고,문화체육관광부,https://www.bizinfo.go.kr/sii/siia/selectSIIA200Detail.do?pblancId=PBLN_000000000123616,https://www.bizinfo.go.kr/cmm/fms/fileDown.do?atchFileId=FILE_000000000761559&fileSn=1,.hwp,C:\dongaAI\3차 프로젝트\0.0\data\attachments\hwp_raw\PBLN_000000000123616_[ì ì²­ìì] 2026 ì¼ì´ë ¹(KNOCK) ì½í ì¸ ê°ì¹íê°ë¼ì´ë_ì°¸ê°ì ì²­ì_260622.hwp,downloaded,,2026-07-01T02:36:13
PBLN_000000000123616,bizinfo,2026년 케이녹(KNOCK) 콘텐츠가치평가 라운드 참가기업 모집 공고,문화체육관광부,https://www.bizinfo.go.kr/sii/siia/selectSIIA200Detail.do?pblancId=PBLN_000000000123616,https://www.bizinfo.go.kr/cmm/fms/fileDown.do?atchFileId=FILE_000000000761558&fileSn=1,.hwp,C:\dongaAI\3차 프로젝트\0.0\data\attachments\hwp_raw\PBLN_000000000123616_[ê³µê³ ë¬¸] 2026 ì¼ì´ë ¹(KNOCK) ì½í ì¸ ê°ì¹íê°ë¼ì´ë_260622.hwp,downloaded,,2026-07-01T02:36:13
PBLN_000000000121099,bizinfo,[경남ㆍ부산ㆍ울산ㆍ전남] 2026년 중소조선 함정MRO 글로벌 경쟁력 강화지원사업 함정MRO 전문인력양성 참여기업 모집 공고,산업통상부,https://www.bizinfo.go.kr/sii/siia/selectSIIA200Detail.do?pblancId=PBLN_000000000121099,https://www.bizinfo.go.kr/sii/siia/202604211502000871.hwp,.hwp,C:\dongaAI\3차 프로젝트\0.0\data\attachments\hwp_raw\PBLN_000000000121099_202604211502000871.hwp,download_failed,404 Client Error: Not Found for url: https://www.bizinfo.go.kr/sii/siia/202604211502000871.hwp,2026-07-01T02:36:13
PBLN_000000000121099,bizinfo,[경남ㆍ부산ㆍ울산ㆍ전남] 2026년 중소조선 함정MRO 글로벌 경쟁력 강화지원사업 함정MRO 전문인력양성 참여기업 모집 공고,산업통상부,https://www.bizinfo.go.kr/sii/siia/selectSIIA200Detail.do?pblancId=PBLN_000000000121099,https://www.bizinfo.go.kr/cmm/fms/fileDown.do?atchFileId=FILE_000000000752239&fileSn=0,.hwp,C:\dongaAI\3차 프로젝트\0.0\data\attachments\hwp_raw\PBLN_000000000121099_ë¶ì 1. ì°¸ì¬ê¸°ì ì°¸ê°ì ì²­ì(ì±ì©ì°ê³êµì¡).hwp,downloaded,,2026-07-01T02:36:13
PBLN_000000000121099,bizinfo,[경남ㆍ부산ㆍ울산ㆍ전남] 2026년 중소조선 함정MRO 글로벌 경쟁력 강화지원사업 함정MRO 전문인력양성 참여기업 모집 공고,산업통상부,https://www.bizinfo.go.kr/sii/siia/selectSIIA200Detail.do?pblancId=PBLN_000000000121099,https://www.bizinfo.go.kr/cmm/fms/fileDown.do?atchFileId=FILE_000000000752239&fileSn=1,.hwp,C:\dongaAI\3차 프로젝트\0.0\data\attachments\hwp_raw\PBLN_000000000121099_ë¶ì 2. ì°¸ì¬ê¸°ì ì°¸ê°ì ì²­ì(ì¬ì§ìêµì¡).hwp,downloaded,,2026-07-01T02:36:13
PBLN_000000000121099,bizinfo,[경남ㆍ부산ㆍ울산ㆍ전남] 2026년 중소조선 함정MRO 글로벌 경쟁력 강화지원사업 함정MRO 전문인력양성 참여기업 모집 공고,산업통상부,https://www.bizinfo.go.kr/sii/siia/selectSIIA200Detail.do?pblancId=PBLN_000000000121099,https://www.bizinfo.go.kr/cmm/fms/fileDown.do?atchFileId=FILE_000000000752238&fileSn=0,.hwp,C:\dongaAI\3차 프로젝트\0.0\data\attachments\hwp_raw\PBLN_000000000121099_ì¤ìì¡°ì í¨ì MROê¸ë¡ë²ê²½ìë ¥ê°íì§ìì¬ì +ì¸ë ¥ìì±+ì°¸ì¬ê¸°ì +ëª¨ì§ê³µê³.hwp,downloaded,,2026-07-01T02:36:13
PBLN_000000000121326,bizinfo,[경북] 고령군 2026년 소상공인 카드수수료 지원사업 참여점포 모집 공고,경상북도,https://www.bizinfo.go.kr/sii/siia/selectSIIA200Detail.do?pblancId=PBLN_000000000121326,https://www.bizinfo.go.kr/cmm/fms/fileDown.do?atchFileId=FILE_000000000753091&fileSn=1,.hwp,C:\dongaAI\3차 프로젝트\0.0\data\attachments\hwp_raw\PBLN_000000000121326_(ìì)ã2026ë  ê³ ë ¹êµ° ììê³µì¸ ì¹´ëììë£ ì§ìì¬ì ã ì ì²­ ìì.hwp,downloaded,,2026-07-01T02:36:13
PBLN_000000000121702,bizinfo,[강원] 2026년 수출단체보험 가입 희망기업 모집 공고(강원특별자치도청 전액 보험료지원),강원특별자치도,https://www.bizinfo.go.kr/sii/siia/selectSIIA200Detail.do?pblancId=PBLN_000000000121702,https://www.bizinfo.go.kr/cmm/fms/fileDown.do?atchFileId=FILE_000000000754381&fileSn=0,.hwp,C:\dongaAI\3차 프로젝트\0.0\data\attachments\hwp_raw\PBLN_000000000121702_2026ë  ê°ìí¹ë³ìì¹ëì²­ ìì¶ë¨ì²´ë³´í ìë´ë¬¸.hwp,downloaded,,2026-07-01T02:36:14
PBLN_000000000120904,bizinfo,[강원] 2026년 3차 중소기업육성자금 지원 변경계획 공고,강원특별자치도,https://www.bizinfo.go.kr/sii/siia/selectSIIA200Detail.do?pblancId=PBLN_000000000120904,https://www.bizinfo.go.kr/sii/siia/202604161504560493.hwp,.hwp,C:\dongaAI\3차 프로젝트\0.0\data\attachments\hwp_raw\PBLN_000000000120904_202604161504560493.hwp,download_failed,404 Client Error: Not Found for url: https://www.bizinfo.go.kr/sii/siia/202604161504560493.hwp,2026-07-01T02:36:14
PBLN_000000000120904,bizinfo,[강원] 2026년 3차 중소기업육성자금 지원 변경계획 공고,강원특별자치도,https://www.bizinfo.go.kr/sii/siia/selectSIIA200Detail.do?pblancId=PBLN_000000000120904,https://www.bizinfo.go.kr/sii/siia/2026년 강원특별자치도 중소기업육성자금 지원 변경계획(3차) 공고문.hwp,.hwp,C:\dongaAI\3차 프로젝트\0.0\data\attachments\hwp_raw\PBLN_000000000120904_2026년 강원특별자치도 중소기업육성자금 지원 변경계획(3차) 공고문.hwp,download_failed,400 Client Error: Bad Request for url: https://www.bizinfo.go.kr/sii/siia/2026%EB%85%84%20%EA%B0%95%EC%9B%90%ED%8A%B9%EB%B3%84%EC%9E%90%EC%B9%98%EB%8F%84%20%EC%A4%91%EC%86%8C%EA%B8%B0%EC%97%85%EC%9C%A1%EC%84%B1%EC%9E%90%EA%B8%88%20%EC%A7%80%EC%9B%90%20%EB%B3%80%EA%B2%BD%EA%B3%84%ED%9A%8D(3%EC%B0%A8)%20%EA%B3%B5%EA%B3%A0%EB%AC%B8.hwp,2026-07-01T02:36:14
PBLN_000000000120904,bizinfo,[강원] 2026년 3차 중소기업육성자금 지원 변경계획 공고,강원특별자치도,https://www.bizinfo.go.kr/sii/siia/selectSIIA200Detail.do?pblancId=PBLN_000000000120904,https://www.bizinfo.go.kr/cmm/fms/fileDown.do?atchFileId=FILE_000000000751607&fileSn=1,.hwp,C:\dongaAI\3차 프로젝트\0.0\data\attachments\hwp_raw\PBLN_000000000120904_2026ë  ê°ìí¹ë³ìì¹ë ì¤ìê¸°ì ì¡ì±ìê¸ ì ì²­ìì(ë³ê²½ê³µê³ ).hwp,downloaded,,2026-07-01T02:36:14
PBLN_000000000120904,bizinfo,[강원] 2026년 3차 중소기업육성자금 지원 변경계획 공고,강원특별자치도,https://www.bizinfo.go.kr/sii/siia/selectSIIA200Detail.do?pblancId=PBLN_000000000120904,https://www.bizinfo.go.kr/cmm/fms/fileDown.do?atchFileId=FILE_000000000751606&fileSn=1,.hwp,C:\dongaAI\3차 프로젝트\0.0\data\attachments\hwp_raw\PBLN_000000000120904_2026ë  ê°ìí¹ë³ìì¹ë ì¤ìê¸°ì ì¡ì±ìê¸ ì§ì ë³ê²½ê³í(3ì°¨) ê³µê³ ë¬¸.hwp,downloaded,,2026-07-01T02:36:14
PBLN_000000000120603,bizinfo,2026년 에너지이용합리화자금 융자사업 공고,기후에너지환경부,https://www.bizinfo.go.kr/sii/siia/selectSIIA200Detail.do?pblancId=PBLN_000000000120603,https://www.bizinfo.go.kr/sii/siia/202604091340400140.hwp,.hwp,C:\dongaAI\3차 프로젝트\0.0\data\attachments\hwp_raw\PBLN_000000000120603_202604091340400140.hwp,download_failed,404 Client Error: Not Found for url: https://www.bizinfo.go.kr/sii/siia/202604091340400140.hwp,2026-07-01T02:36:15
PBLN_000000000120603,bizinfo,2026년 에너지이용합리화자금 융자사업 공고,기후에너지환경부,https://www.bizinfo.go.kr/sii/siia/selectSIIA200Detail.do?pblancId=PBLN_000000000120603,https://www.bizinfo.go.kr/cmm/fms/fileDown.do?atchFileId=FILE_000000000750600&fileSn=0,.hwp,C:\dongaAI\3차 프로젝트\0.0\data\attachments\hwp_raw\PBLN_000000000120603_[ë¶ì1] ìëì§ì´ì©í©ë¦¬íì¬ì ì ìí ìê¸ì§ì ì§ì¹¨.hwp,downloaded,,2026-07-01T02:36:15
PBLN_000000000120603,bizinfo,2026년 에너지이용합리화자금 융자사업 공고,기후에너지환경부,https://www.bizinfo.go.kr/sii/siia/selectSIIA200Detail.do?pblancId=PBLN_000000000120603,https://www.bizinfo.go.kr/cmm/fms/fileDown.do?atchFileId=FILE_000000000750600&fileSn=1,.hwp,C:\dongaAI\3차 프로젝트\0.0\data\attachments\hwp_raw\PBLN_000000000120603_[ë¶ì2] ìëì§ì´ì©í©ë¦¬íì¬ì ì ìí ìê¸ì§ì ì¸ë¶ê¸°ì¤.hwp,downloaded,,2026-07-01T02:36:15
PBLN_000000000120603,bizinfo,2026년 에너지이용합리화자금 융자사업 공고,기후에너지환경부,https://www.bizinfo.go.kr/sii/siia/selectSIIA200Detail.do?pblancId=PBLN_000000000120603,https://www.bizinfo.go.kr/cmm/fms/fileDown.do?atchFileId=FILE_000000000750599&fileSn=0,.hwp,C:\dongaAI\3차 프로젝트\0.0\data\attachments\hwp_raw\PBLN_000000000120603_[ì²¨ë¶2] 2026ë ë ìëì§ì´ì©í©ë¦¬íìê¸ ìµìì¬ì ê³µê³.hwp,downloaded,,2026-07-01T02:36:15
PBLN_000000000120422,bizinfo,[경남] 2026년 중소기업육성자금 특별자금(이란사태 피해 관련) 지원계획 수정 공고,경상남도,https://www.bizinfo.go.kr/sii/siia/selectSIIA200Detail.do?pblancId=PBLN_000000000120422,https://www.bizinfo.go.kr/sii/siia/202604061335120903.hwp,.hwp,C:\dongaAI\3차 프로젝트\0.0\data\attachments\hwp_raw\PBLN_000000000120422_202604061335120903.hwp,download_failed,404 Client Error: Not Found for url: https://www.bizinfo.go.kr/sii/siia/202604061335120903.hwp,2026-07-01T02:36:15
PBLN_000000000120422,bizinfo,[경남] 2026년 중소기업육성자금 특별자금(이란사태 피해 관련) 지원계획 수정 공고,경상남도,https://www.bizinfo.go.kr/sii/siia/selectSIIA200Detail.do?pblancId=PBLN_000000000120422,https://www.bizinfo.go.kr/sii/siia/2026년+경상남도+중소기업육성자금+특별자금(이란사태+피해+관련)+지원계획+공고(수정).hwp,.hwp,C:\dongaAI\3차 프로젝트\0.0\data\attachments\hwp_raw\PBLN_000000000120422_2026년+경상남도+중소기업육성자금+특별자금(이란사태+피해+관련)+지원계획+공고(수정).hwp,download_failed,400 Client Error: Bad Request for url: https://www.bizinfo.go.kr/sii/siia/2026%EB%85%84+%EA%B2%BD%EC%83%81%EB%82%A8%EB%8F%84+%EC%A4%91%EC%86%8C%EA%B8%B0%EC%97%85%EC%9C%A1%EC%84%B1%EC%9E%90%EA%B8%88+%ED%8A%B9%EB%B3%84%EC%9E%90%EA%B8%88(%EC%9D%B4%EB%9E%80%EC%82%AC%ED%83%9C+%ED%94%BC%ED%95%B4+%EA%B4%80%EB%A0%A8)+%EC%A7%80%EC%9B%90%EA%B3%84%ED%9A%8D+%EA%B3%B5%EA%B3%A0(%EC%88%98%EC%A0%95).hwp,2026-07-01T02:36:15
PBLN_000000000120422,bizinfo,[경남] 2026년 중소기업육성자금 특별자금(이란사태 피해 관련) 지원계획 수정 공고,경상남도,https://www.bizinfo.go.kr/sii/siia/selectSIIA200Detail.do?pblancId=PBLN_000000000120422,https://www.bizinfo.go.kr/cmm/fms/fileDown.do?atchFileId=FILE_000000000750035&fileSn=1,.hwp,C:\dongaAI\3차 프로젝트\0.0\data\attachments\hwp_raw\PBLN_000000000120422_2026ë +ê²½ìë¨ë+ì¤ìê¸°ì ì¡ì±ìê¸+í¹ë³ìê¸(ì´ëì¬í+í¼í´+ê´ë ¨)+ì§ìê³í+ê³µê³.hwp,downloaded,,2026-07-01T02:36:15
PBLN_000000000121336,bizinfo,[경북] 칠곡군 2026년 소상공인 카드수수료 지원사업 참여점포 모집 공고,경상북도,https://www.bizinfo.go.kr/sii/siia/selectSIIA200Detail.do?pblancId=PBLN_000000000121336,https://www.bizinfo.go.kr/cmm/fms/fileDown.do?atchFileId=FILE_000000000753121&fileSn=1,.hwp,C:\dongaAI\3차 프로젝트\0.0\data\attachments\hwp_raw\PBLN_000000000121336_(ìì)ã2026ë  ì¹ ê³¡êµ° ììê³µì¸ ì¹´ëììë£ ì§ìì¬ì ã ì ì²­ ìì.hwp,downloaded,,2026-07-01T02:36:15
PBLN_000000000120233,bizinfo,[전남광주] 2026년 중소기업 수출보험료 지원사업 신청 안내 변경 공고,전남광주통합특별시,https://www.bizinfo.go.kr/sii/siia/selectSIIA200Detail.do?pblancId=PBLN_000000000120233,https://www.bizinfo.go.kr/sii/siia/202604011319560565.hwp,.hwp,C:\dongaAI\3차 프로젝트\0.0\data\attachments\hwp_raw\PBLN_000000000120233_202604011319560565.hwp,download_failed,404 Client Error: Not Found for url: https://www.bizinfo.go.kr/sii/siia/202604011319560565.hwp,2026-07-01T02:36:15
PBLN_000000000120233,bizinfo,[전남광주] 2026년 중소기업 수출보험료 지원사업 신청 안내 변경 공고,전남광주통합특별시,https://www.bizinfo.go.kr/sii/siia/selectSIIA200Detail.do?pblancId=PBLN_000000000120233,https://www.bizinfo.go.kr/sii/siia/중소기업 수출보험료 지원사업 신청안내.hwp,.hwp,C:\dongaAI\3차 프로젝트\0.0\data\attachments\hwp_raw\PBLN_000000000120233_중소기업 수출보험료 지원사업 신청안내.hwp,download_failed,400 Client Error: Bad Request for url: https://www.bizinfo.go.kr/sii/siia/%EC%A4%91%EC%86%8C%EA%B8%B0%EC%97%85%20%EC%88%98%EC%B6%9C%EB%B3%B4%ED%97%98%EB%A3%8C%20%EC%A7%80%EC%9B%90%EC%82%AC%EC%97%85%20%EC%8B%A0%EC%B2%AD%EC%95%88%EB%82%B4.hwp,2026-07-01T02:36:15
PBLN_000000000120233,bizinfo,[전남광주] 2026년 중소기업 수출보험료 지원사업 신청 안내 변경 공고,전남광주통합특별시,https://www.bizinfo.go.kr/sii/siia/selectSIIA200Detail.do?pblancId=PBLN_000000000120233,https://www.bizinfo.go.kr/cmm/fms/fileDown.do?atchFileId=FILE_000000000749415&fileSn=1,.hwp,C:\dongaAI\3차 프로젝트\0.0\data\attachments\hwp_raw\PBLN_000000000120233_ì¤ìê¸°ì ìì¶ë³´íë£ ì§ìì¬ì ì ì²­ìë´.hwp,downloaded,,2026-07-01T02:36:15
PBLN_000000000121466,bizinfo,[경북] 경산시 2026년 중소기업 기숙사 임차비 지원사업 참가기업 모집 공고,경상북도,https://www.bizinfo.go.kr/sii/siia/selectSIIA200Detail.do?pblancId=PBLN_000000000121466,https://www.bizinfo.go.kr/cmm/fms/fileDown.do?atchFileId=FILE_000000000753551&fileSn=0,.hwp,C:\dongaAI\3차 프로젝트\0.0\data\attachments\hwp_raw\PBLN_000000000121466_ë¶ì2. (ìì) 2026ë  ê²½ì°ì ì¤ìê¸°ì ê¸°ìì¬ ìì°¨ë¹ ì§ìì¬ì ì ì²­ì.hwp,downloaded,,2026-07-01T02:36:16
PBLN_000000000121664,bizinfo,2026년 IP투자연계 지식재산평가 지원사업 공고,지식재산처,https://www.bizinfo.go.kr/sii/siia/selectSIIA200Detail.do?pblancId=PBLN_000000000121664,https://www.bizinfo.go.kr/cmm/fms/fileDown.do?atchFileId=FILE_000000000754225&fileSn=0,.hwp,C:\dongaAI\3차 프로젝트\0.0\data\attachments\hwp_raw\PBLN_000000000121664_2026ë _IPí¬ìì°ê³_ì§ìì¬ì°íê°_ì§ìì¬ì _ì¬ê³µê³ _ìµì¢ _hwp.hwp,downloaded,,2026-07-01T02:36:16
PBLN_000000000121718,bizinfo,2026년 디지털트윈 플랫폼 활용 수요기업 모집 수정 공고(디지털트윈 융합 의료혁신 선도사업),과학기술정보통신부,https://www.bizinfo.go.kr/sii/siia/selectSIIA200Detail.do?pblancId=PBLN_000000000121718,https://www.bizinfo.go.kr/cmm/fms/fileDown.do?atchFileId=FILE_000000000754423&fileSn=2,.hwp,C:\dongaAI\3차 프로젝트\0.0\data\attachments\hwp_raw\PBLN_000000000121718_[ë¶ì 2] ì¬ì ì ì²­ì.hwp,downloaded,,2026-07-01T02:36:16
PBLN_000000000121777,bizinfo,[울산] 2026년 소상공인 산재보험료 지원사업 공고,울산광역시,https://www.bizinfo.go.kr/sii/siia/selectSIIA200Detail.do?pblancId=PBLN_000000000121777,https://www.bizinfo.go.kr/cmm/fms/fileDown.do?atchFileId=FILE_000000000754644&fileSn=0,.hwp,C:\dongaAI\3차 프로젝트\0.0\data\attachments\hwp_raw\PBLN_000000000121777_2026ë  ììê³µì¸ ì°ì¬ë³´íë£ ì§ìì¬ì ê³µê³ ë¬¸.hwp,downloaded,,2026-07-01T02:36:16
PBLN_000000000119836,bizinfo,[전남광주] 2026년 상반기 구조고도화자금 지원 계획 공고,전남광주통합특별시,https://www.bizinfo.go.kr/sii/siia/selectSIIA200Detail.do?pblancId=PBLN_000000000119836,https://www.bizinfo.go.kr/cmm/fms/fileDown.do?atchFileId=FILE_000000000748018&fileSn=0,.hwp,C:\dongaAI\3차 프로젝트\0.0\data\attachments\hwp_raw\PBLN_000000000119836_ì ì²­ìì_2026ë ë ìë°ê¸° êµ¬ì¡°ê³ ëíìê¸ ì§ì.hwp,downloaded,,2026-07-01T02:36:16
PBLN_000000000119523,bizinfo,[대전] 2026년 중동사태로 인한 수출 피해 기업 대상 중소기업 긴급경영안정자금 지원 공고,대전광역시,https://www.bizinfo.go.kr/sii/siia/selectSIIA200Detail.do?pblancId=PBLN_000000000119523,https://www.bizinfo.go.kr/cmm/fms/fileDown.do?atchFileId=FILE_000000000746903&fileSn=0,.hwp,C:\dongaAI\3차 프로젝트\0.0\data\attachments\hwp_raw\PBLN_000000000119523_ê¸´ê¸ê²½ììì ìê¸ ì ìì¬í­.hwp,downloaded,,2026-07-01T02:36:16
PBLN_000000000121852,bizinfo,[인천] 2026년 지역상품 공공 조달정보 지원사업 인천지역기업 신용평가 지원사업 참여기업 모집 공고,인천광역시,https://www.bizinfo.go.kr/sii/siia/selectSIIA200Detail.do?pblancId=PBLN_000000000121852,https://www.bizinfo.go.kr/cmm/fms/fileDown.do?atchFileId=FILE_000000000754888&fileSn=0,.hwp,C:\dongaAI\3차 프로젝트\0.0\data\attachments\hwp_raw\PBLN_000000000121852_ì¸ì²ì§ì­ê¸°ì ì ì©íê° ì§ìì¬ì ê³µê³ ë¬¸.hwp,downloaded,,2026-07-01T02:36:16
PBLN_000000000118134,bizinfo,[전남광주] 2026년 중소유통업구조개선자금 지원계획 공고,전남광주통합특별시,https://www.bizinfo.go.kr/sii/siia/selectSIIA200Detail.do?pblancId=PBLN_000000000118134,https://www.bizinfo.go.kr/sii/siia/202602031116070783.hwp,.hwp,C:\dongaAI\3차 프로젝트\0.0\data\attachments\hwp_raw\PBLN_000000000118134_202602031116070783.hwp,download_failed,404 Client Error: Not Found for url: https://www.bizinfo.go.kr/sii/siia/202602031116070783.hwp,2026-07-01T02:36:16
PBLN_000000000118134,bizinfo,[전남광주] 2026년 중소유통업구조개선자금 지원계획 공고,전남광주통합특별시,https://www.bizinfo.go.kr/sii/siia/selectSIIA200Detail.do?pblancId=PBLN_000000000118134,https://www.bizinfo.go.kr/sii/siia/2026년 중소유통구조개선자금 공고문(안).hwp,.hwp,C:\dongaAI\3차 프로젝트\0.0\data\attachments\hwp_raw\PBLN_000000000118134_2026년 중소유통구조개선자금 공고문(안).hwp,download_failed,400 Client Error: Bad Request for url: https://www.bizinfo.go.kr/sii/siia/2026%EB%85%84%20%EC%A4%91%EC%86%8C%EC%9C%A0%ED%86%B5%EA%B5%AC%EC%A1%B0%EA%B0%9C%EC%84%A0%EC%9E%90%EA%B8%88%20%EA%B3%B5%EA%B3%A0%EB%AC%B8(%EC%95%88).hwp,2026-07-01T02:36:16
PBLN_000000000118134,bizinfo,[전남광주] 2026년 중소유통업구조개선자금 지원계획 공고,전남광주통합특별시,https://www.bizinfo.go.kr/sii/siia/selectSIIA200Detail.do?pblancId=PBLN_000000000118134,https://www.bizinfo.go.kr/cmm/fms/fileDown.do?atchFileId=FILE_000000000742665&fileSn=0,.hwp,C:\dongaAI\3차 프로젝트\0.0\data\attachments\hwp_raw\PBLN_000000000118134_2026ë  ì¤ìì íµêµ¬ì¡°ê°ì ìê¸ ê³µê³ ë¬¸(ì).hwp,downloaded,,2026-07-01T02:36:16
PBLN_000000000121956,bizinfo,2026년 시흥시 (국비)금형 디지털전환 지원사업 기술지도 모집 공고,경기도,https://www.bizinfo.go.kr/sii/siia/selectSIIA200Detail.do?pblancId=PBLN_000000000121956,https://www.bizinfo.go.kr/sii/siia/202605131456540895.hwp,.hwp,C:\dongaAI\3차 프로젝트\0.0\data\attachments\hwp_raw\PBLN_000000000121956_202605131456540895.hwp,download_failed,404 Client Error: Not Found for url: https://www.bizinfo.go.kr/sii/siia/202605131456540895.hwp,2026-07-01T02:36:17
PBLN_000000000121956,bizinfo,2026년 시흥시 (국비)금형 디지털전환 지원사업 기술지도 모집 공고,경기도,https://www.bizinfo.go.kr/sii/siia/selectSIIA200Detail.do?pblancId=PBLN_000000000121956,https://www.bizinfo.go.kr/sii/siia/[제2026-105호] (국비)금형 디지털전환 지원사업 2026년 기술지도 공고문.hwp,.hwp,C:\dongaAI\3차 프로젝트\0.0\data\attachments\hwp_raw\PBLN_000000000121956_[제2026-105호] (국비)금형 디지털전환 지원사업 2026년 기술지도 공고문.hwp,download_failed,400 Client Error: Bad Request for url: https://www.bizinfo.go.kr/sii/siia/%5B%EC%A0%9C2026-105%ED%98%B8%5D%20(%EA%B5%AD%EB%B9%84)%EA%B8%88%ED%98%95%20%EB%94%94%EC%A7%80%ED%84%B8%EC%A0%84%ED%99%98%20%EC%A7%80%EC%9B%90%EC%82%AC%EC%97%85%202026%EB%85%84%20%EA%B8%B0%EC%88%A0%EC%A7%80%EB%8F%84%20%EA%B3%B5%EA%B3%A0%EB%AC%B8.hwp,2026-07-01T02:36:17
PBLN_000000000121956,bizinfo,2026년 시흥시 (국비)금형 디지털전환 지원사업 기술지도 모집 공고,경기도,https://www.bizinfo.go.kr/sii/siia/selectSIIA200Detail.do?pblancId=PBLN_000000000121956,https://www.bizinfo.go.kr/cmm/fms/fileDown.do?atchFileId=FILE_000000000755251&fileSn=0,.hwp,C:\dongaAI\3차 프로젝트\0.0\data\attachments\hwp_raw\PBLN_000000000121956_[ì 2026-105í¸] (êµ­ë¹)ê¸í ëì§í¸ì í ì§ìì¬ì 2026ë  ê¸°ì ì§ë ê³µê³ ë¬¸.hwp,downloaded,,2026-07-01T02:36:17
PBLN_000000000122042,bizinfo,[대구] 2026년 기술혁신전문가(기술닥터) 지원사업 공고,중소벤처기업부,https://www.bizinfo.go.kr/sii/siia/selectSIIA200Detail.do?pblancId=PBLN_000000000122042,https://www.bizinfo.go.kr/cmm/fms/fileDown.do?atchFileId=FILE_000000000755679&fileSn=0,.hwp,C:\dongaAI\3차 프로젝트\0.0\data\attachments\hwp_raw\PBLN_000000000122042_ë¶ì 3. (ìì2) ê¸°ì ë¥í° ì ì²­ê¸°ì ì ë³´ìì§â¤ì´ì©ì ê´í ëìì.hwp,downloaded,,2026-07-01T02:36:17
PBLN_000000000122042,bizinfo,[대구] 2026년 기술혁신전문가(기술닥터) 지원사업 공고,중소벤처기업부,https://www.bizinfo.go.kr/sii/siia/selectSIIA200Detail.do?pblancId=PBLN_000000000122042,https://www.bizinfo.go.kr/cmm/fms/fileDown.do?atchFileId=FILE_000000000755679&fileSn=1,.hwp,C:\dongaAI\3차 프로젝트\0.0\data\attachments\hwp_raw\PBLN_000000000122042_ë¶ì 2. (ìì1) ê¸°ì ì ë¡ ììì¡°ì¬ì.hwp,downloaded,,2026-07-01T02:36:17
PBLN_000000000117995,bizinfo,[경기] 용인시 2026년 중소기업 특례보증 지원계획 공고,경기도,https://www.bizinfo.go.kr/sii/siia/selectSIIA200Detail.do?pblancId=PBLN_000000000117995,https://www.bizinfo.go.kr/sii/siia/202601300941400728.hwp,.hwp,C:\dongaAI\3차 프로젝트\0.0\data\attachments\hwp_raw\PBLN_000000000117995_202601300941400728.hwp,download_failed,404 Client Error: Not Found for url: https://www.bizinfo.go.kr/sii/siia/202601300941400728.hwp,2026-07-01T02:36:17
PBLN_000000000117995,bizinfo,[경기] 용인시 2026년 중소기업 특례보증 지원계획 공고,경기도,https://www.bizinfo.go.kr/sii/siia/selectSIIA200Detail.do?pblancId=PBLN_000000000117995,https://www.bizinfo.go.kr/sii/siia/2026년 용인시 중소기업 특례보증 지원계획 공고문.hwp,.hwp,C:\dongaAI\3차 프로젝트\0.0\data\attachments\hwp_raw\PBLN_000000000117995_2026년 용인시 중소기업 특례보증 지원계획 공고문.hwp,download_failed,400 Client Error: Bad Request for url: https://www.bizinfo.go.kr/sii/siia/2026%EB%85%84%20%EC%9A%A9%EC%9D%B8%EC%8B%9C%20%EC%A4%91%EC%86%8C%EA%B8%B0%EC%97%85%20%ED%8A%B9%EB%A1%80%EB%B3%B4%EC%A6%9D%20%EC%A7%80%EC%9B%90%EA%B3%84%ED%9A%8D%20%EA%B3%B5%EA%B3%A0%EB%AC%B8.hwp,2026-07-01T02:36:17
PBLN_000000000117995,bizinfo,[경기] 용인시 2026년 중소기업 특례보증 지원계획 공고,경기도,https://www.bizinfo.go.kr/sii/siia/selectSIIA200Detail.do?pblancId=PBLN_000000000117995,https://www.bizinfo.go.kr/cmm/fms/fileDown.do?atchFileId=FILE_000000000742227&fileSn=0,.hwp,C:\dongaAI\3차 프로젝트\0.0\data\attachments\hwp_raw\PBLN_000000000117995_(ë¶ì1) ê°ì¸(ê¸°ì ) ì ë³´ ìì§Â·ì´ì© ë° ì 3ì ì ê³µ ëìì.hwp,downloaded,,2026-07-01T02:36:17
PBLN_000000000117995,bizinfo,[경기] 용인시 2026년 중소기업 특례보증 지원계획 공고,경기도,https://www.bizinfo.go.kr/sii/siia/selectSIIA200Detail.do?pblancId=PBLN_000000000117995,https://www.bizinfo.go.kr/cmm/fms/fileDown.do?atchFileId=FILE_000000000742226&fileSn=0,.hwp,C:\dongaAI\3차 프로젝트\0.0\data\attachments\hwp_raw\PBLN_000000000117995_2026ë  ì©ì¸ì ì¤ìê¸°ì í¹ë¡ë³´ì¦ ì§ìê³í ê³µê³ ë¬¸.hwp,downloaded,,2026-07-01T02:36:17
PBLN_000000000117965,bizinfo,[경기] 수원시 2026년 중소기업 동행지원 사업계획 공고,경기도,https://www.bizinfo.go.kr/sii/siia/selectSIIA200Detail.do?pblancId=PBLN_000000000117965,https://www.bizinfo.go.kr/sii/siia/202601281433110762.hwp,.hwp,C:\dongaAI\3차 프로젝트\0.0\data\attachments\hwp_raw\PBLN_000000000117965_202601281433110762.hwp,download_failed,404 Client Error: Not Found for url: https://www.bizinfo.go.kr/sii/siia/202601281433110762.hwp,2026-07-01T02:36:17
PBLN_000000000117965,bizinfo,[경기] 수원시 2026년 중소기업 동행지원 사업계획 공고,경기도,https://www.bizinfo.go.kr/sii/siia/selectSIIA200Detail.do?pblancId=PBLN_000000000117965,https://www.bizinfo.go.kr/sii/siia/2026년 수원시 중소기업 동행지원 사업계획 공고문.hwp,.hwp,C:\dongaAI\3차 프로젝트\0.0\data\attachments\hwp_raw\PBLN_000000000117965_2026년 수원시 중소기업 동행지원 사업계획 공고문.hwp,download_failed,400 Client Error: Bad Request for url: https://www.bizinfo.go.kr/sii/siia/2026%EB%85%84%20%EC%88%98%EC%9B%90%EC%8B%9C%20%EC%A4%91%EC%86%8C%EA%B8%B0%EC%97%85%20%EB%8F%99%ED%96%89%EC%A7%80%EC%9B%90%20%EC%82%AC%EC%97%85%EA%B3%84%ED%9A%8D%20%EA%B3%B5%EA%B3%A0%EB%AC%B8.hwp,2026-07-01T02:36:17
PBLN_000000000117965,bizinfo,[경기] 수원시 2026년 중소기업 동행지원 사업계획 공고,경기도,https://www.bizinfo.go.kr/sii/siia/selectSIIA200Detail.do?pblancId=PBLN_000000000117965,https://www.bizinfo.go.kr/cmm/fms/fileDown.do?atchFileId=FILE_000000000742049&fileSn=0,.hwp,C:\dongaAI\3차 프로젝트\0.0\data\attachments\hwp_raw\PBLN_000000000117965_2026ë  ììì ì¤ìê¸°ì ëíì§ì ì¬ì ê³í ê³µê³ ë¬¸.hwp,downloaded,,2026-07-01T02:36:17
PBLN_000000000122866,bizinfo,[대구] 2026년 연구조직(기업부설연구소 등) 설립 및 기술ㆍ경영혁신 인증 지원사업 참여기업 모집공고,대구광역시,https://www.bizinfo.go.kr/sii/siia/selectSIIA200Detail.do?pblancId=PBLN_000000000122866,https://www.bizinfo.go.kr/cmm/fms/fileDown.do?atchFileId=FILE_000000000758728&fileSn=0,.hwp,C:\dongaAI\3차 프로젝트\0.0\data\attachments\hwp_raw\PBLN_000000000122866_ë¶ì. (ìì) 2026ë  ì°êµ¬ì¡°ì§ ì¤ë¦½Â·íë ì§ìì¬ì ì§ìì ì²­ì.hwp,downloaded,,2026-07-01T02:36:18
PBLN_000000000117967,bizinfo,[경기] 수원시 2026년 중소기업육성자금 융자지원 계획 공고,경기도,https://www.bizinfo.go.kr/sii/siia/selectSIIA200Detail.do?pblancId=PBLN_000000000117967,https://www.bizinfo.go.kr/sii/siia/202601281440210313.hwp,.hwp,C:\dongaAI\3차 프로젝트\0.0\data\attachments\hwp_raw\PBLN_000000000117967_202601281440210313.hwp,download_failed,404 Client Error: Not Found for url: https://www.bizinfo.go.kr/sii/siia/202601281440210313.hwp,2026-07-01T02:36:18
PBLN_000000000117967,bizinfo,[경기] 수원시 2026년 중소기업육성자금 융자지원 계획 공고,경기도,https://www.bizinfo.go.kr/sii/siia/selectSIIA200Detail.do?pblancId=PBLN_000000000117967,https://www.bizinfo.go.kr/sii/siia/2026년 수원시 중소기업육성자금 융자지원 계획 공고문.hwp,.hwp,C:\dongaAI\3차 프로젝트\0.0\data\attachments\hwp_raw\PBLN_000000000117967_2026년 수원시 중소기업육성자금 융자지원 계획 공고문.hwp,download_failed,400 Client Error: Bad Request for url: https://www.bizinfo.go.kr/sii/siia/2026%EB%85%84%20%EC%88%98%EC%9B%90%EC%8B%9C%20%EC%A4%91%EC%86%8C%EA%B8%B0%EC%97%85%EC%9C%A1%EC%84%B1%EC%9E%90%EA%B8%88%20%EC%9C%B5%EC%9E%90%EC%A7%80%EC%9B%90%20%EA%B3%84%ED%9A%8D%20%EA%B3%B5%EA%B3%A0%EB%AC%B8.hwp,2026-07-01T02:36:18
PBLN_000000000117967,bizinfo,[경기] 수원시 2026년 중소기업육성자금 융자지원 계획 공고,경기도,https://www.bizinfo.go.kr/sii/siia/selectSIIA200Detail.do?pblancId=PBLN_000000000117967,https://www.bizinfo.go.kr/cmm/fms/fileDown.do?atchFileId=FILE_000000000742050&fileSn=0,.hwp,C:\dongaAI\3차 프로젝트\0.0\data\attachments\hwp_raw\PBLN_000000000117967_2026ë  ììì ì¤ìê¸°ì ì¡ì±ìê¸ ìµìì§ì ê³í ê³µê³ ë¬¸.hwp,downloaded,,2026-07-01T02:36:18
PBLN_000000000117945,bizinfo,[경기] 수원시 2026년 중소기업 특례보증 지원계획 공고,경기도,https://www.bizinfo.go.kr/sii/siia/selectSIIA200Detail.do?pblancId=PBLN_000000000117945,https://www.bizinfo.go.kr/sii/siia/202601281422180246.hwp,.hwp,C:\dongaAI\3차 프로젝트\0.0\data\attachments\hwp_raw\PBLN_000000000117945_202601281422180246.hwp,download_failed,404 Client Error: Not Found for url: https://www.bizinfo.go.kr/sii/siia/202601281422180246.hwp,2026-07-01T02:36:18
PBLN_000000000117945,bizinfo,[경기] 수원시 2026년 중소기업 특례보증 지원계획 공고,경기도,https://www.bizinfo.go.kr/sii/siia/selectSIIA200Detail.do?pblancId=PBLN_000000000117945,https://www.bizinfo.go.kr/sii/siia/2026년 수원시 중소기업 특례보증 지원계획 공고문.hwp,.hwp,C:\dongaAI\3차 프로젝트\0.0\data\attachments\hwp_raw\PBLN_000000000117945_2026년 수원시 중소기업 특례보증 지원계획 공고문.hwp,download_failed,400 Client Error: Bad Request for url: https://www.bizinfo.go.kr/sii/siia/2026%EB%85%84%20%EC%88%98%EC%9B%90%EC%8B%9C%20%EC%A4%91%EC%86%8C%EA%B8%B0%EC%97%85%20%ED%8A%B9%EB%A1%80%EB%B3%B4%EC%A6%9D%20%EC%A7%80%EC%9B%90%EA%B3%84%ED%9A%8D%20%EA%B3%B5%EA%B3%A0%EB%AC%B8.hwp,2026-07-01T02:36:18
PBLN_000000000117945,bizinfo,[경기] 수원시 2026년 중소기업 특례보증 지원계획 공고,경기도,https://www.bizinfo.go.kr/sii/siia/selectSIIA200Detail.do?pblancId=PBLN_000000000117945,https://www.bizinfo.go.kr/cmm/fms/fileDown.do?atchFileId=FILE_000000000742048&fileSn=0,.hwp,C:\dongaAI\3차 프로젝트\0.0\data\attachments\hwp_raw\PBLN_000000000117945_2026ë  ììì ì¤ìê¸°ì í¹ë¡ë³´ì¦ ì§ìê³í ê³µê³ ë¬¸.hwp,downloaded,,2026-07-01T02:36:18
PBLN_000000000122971,bizinfo,[경북] 2026년 경북중소기업기술혁신협의회 경북형 R&D플랫폼 참여기업 모집 공고,경상북도,https://www.bizinfo.go.kr/sii/siia/selectSIIA200Detail.do?pblancId=PBLN_000000000122971,https://www.bizinfo.go.kr/cmm/fms/fileDown.do?atchFileId=FILE_000000000759134&fileSn=0,.hwp,C:\dongaAI\3차 프로젝트\0.0\data\attachments\hwp_raw\PBLN_000000000122971_[ìì] ì ì©ì ë³´ ëìì ë° ì ì²­ìê²© ì ì ì± íì¸ì.hwp,downloaded,,2026-07-01T02:36:18
PBLN_000000000122971,bizinfo,[경북] 2026년 경북중소기업기술혁신협의회 경북형 R&D플랫폼 참여기업 모집 공고,경상북도,https://www.bizinfo.go.kr/sii/siia/selectSIIA200Detail.do?pblancId=PBLN_000000000122971,https://www.bizinfo.go.kr/cmm/fms/fileDown.do?atchFileId=FILE_000000000759134&fileSn=1,.hwp,C:\dongaAI\3차 프로젝트\0.0\data\attachments\hwp_raw\PBLN_000000000122971_[ìì] ì§ìì ì²­ì.hwp,downloaded,,2026-07-01T02:36:18
PBLN_000000000117906,bizinfo,[경남] 중소기업 밀집지역 금융지원 신청 공고,중소벤처기업부,https://www.bizinfo.go.kr/sii/siia/selectSIIA200Detail.do?pblancId=PBLN_000000000117906,https://www.bizinfo.go.kr/sii/siia/202601271503400349.hwp,.hwp,C:\dongaAI\3차 프로젝트\0.0\data\attachments\hwp_raw\PBLN_000000000117906_202601271503400349.hwp,download_failed,404 Client Error: Not Found for url: https://www.bizinfo.go.kr/sii/siia/202601271503400349.hwp,2026-07-01T02:36:19
PBLN_000000000117906,bizinfo,[경남] 중소기업 밀집지역 금융지원 신청 공고,중소벤처기업부,https://www.bizinfo.go.kr/sii/siia/selectSIIA200Detail.do?pblancId=PBLN_000000000117906,https://www.bizinfo.go.kr/sii/siia/(공고)_경남_중소기업_밀집지역_금융지원_신청_안내.hwp,.hwp,C:\dongaAI\3차 프로젝트\0.0\data\attachments\hwp_raw\PBLN_000000000117906_(공고)_경남_중소기업_밀집지역_금융지원_신청_안내.hwp,download_failed,400 Client Error: Bad Request for url: https://www.bizinfo.go.kr/sii/siia/(%EA%B3%B5%EA%B3%A0)_%EA%B2%BD%EB%82%A8_%EC%A4%91%EC%86%8C%EA%B8%B0%EC%97%85_%EB%B0%80%EC%A7%91%EC%A7%80%EC%97%AD_%EA%B8%88%EC%9C%B5%EC%A7%80%EC%9B%90_%EC%8B%A0%EC%B2%AD_%EC%95%88%EB%82%B4.hwp,2026-07-01T02:36:19
PBLN_000000000117906,bizinfo,[경남] 중소기업 밀집지역 금융지원 신청 공고,중소벤처기업부,https://www.bizinfo.go.kr/sii/siia/selectSIIA200Detail.do?pblancId=PBLN_000000000117906,https://www.bizinfo.go.kr/cmm/fms/fileDown.do?atchFileId=FILE_000000000741948&fileSn=0,.hwp,C:\dongaAI\3차 프로젝트\0.0\data\attachments\hwp_raw\PBLN_000000000117906_(ê³µê³ )_ê²½ë¨_ì¤ìê¸°ì _ë°ì§ì§ì­_ê¸ìµì§ì_ì ì²­_ìë´.hwp,downloaded,,2026-07-01T02:36:19
PBLN_000000000117809,bizinfo,[대전] 2026년 상반기 중소기업 경영안정자금 지원 공고,대전광역시,https://www.bizinfo.go.kr/sii/siia/selectSIIA200Detail.do?pblancId=PBLN_000000000117809,https://www.bizinfo.go.kr/cmm/fms/fileDown.do?atchFileId=FILE_000000000741674&fileSn=0,.hwp,C:\dongaAI\3차 프로젝트\0.0\data\attachments\hwp_raw\PBLN_000000000117809_ê²½ììì ìê¸+ì ìì¬í­.hwp,downloaded,,2026-07-01T02:36:19
PBLN_000000000123026,bizinfo,2026년 현장실습 훈련(시니어 인턴십) 참여 기업 모집 공고,보건복지부,https://www.bizinfo.go.kr/sii/siia/selectSIIA200Detail.do?pblancId=PBLN_000000000123026,https://www.bizinfo.go.kr/cmm/fms/fileDown.do?atchFileId=FILE_000000000759279&fileSn=1,.hwp,C:\dongaAI\3차 프로젝트\0.0\data\attachments\hwp_raw\PBLN_000000000123026_íì¥ì¤ìµ íë ¨ ì§ìì¬ì ì°¸ì¬ ê¸°ì ì ì²­ì.hwp,downloaded,,2026-07-01T02:36:19
PBLN_000000000117751,bizinfo,[충남] 2026년 중소기업육성자금 융자 지원계획 공고,충청남도,https://www.bizinfo.go.kr/sii/siia/selectSIIA200Detail.do?pblancId=PBLN_000000000117751,https://www.bizinfo.go.kr/sii/siia/202601221425260451.hwp,.hwp,C:\dongaAI\3차 프로젝트\0.0\data\attachments\hwp_raw\PBLN_000000000117751_202601221425260451.hwp,download_failed,404 Client Error: Not Found for url: https://www.bizinfo.go.kr/sii/siia/202601221425260451.hwp,2026-07-01T02:36:19
PBLN_000000000117751,bizinfo,[충남] 2026년 중소기업육성자금 융자 지원계획 공고,충청남도,https://www.bizinfo.go.kr/sii/siia/selectSIIA200Detail.do?pblancId=PBLN_000000000117751,https://www.bizinfo.go.kr/sii/siia/2026년 충청남도 중소기업육성자금 융자 지원계획 공고.hwp,.hwp,C:\dongaAI\3차 프로젝트\0.0\data\attachments\hwp_raw\PBLN_000000000117751_2026년 충청남도 중소기업육성자금 융자 지원계획 공고.hwp,download_failed,400 Client Error: Bad Request for url: https://www.bizinfo.go.kr/sii/siia/2026%EB%85%84%20%EC%B6%A9%EC%B2%AD%EB%82%A8%EB%8F%84%20%EC%A4%91%EC%86%8C%EA%B8%B0%EC%97%85%EC%9C%A1%EC%84%B1%EC%9E%90%EA%B8%88%20%EC%9C%B5%EC%9E%90%20%EC%A7%80%EC%9B%90%EA%B3%84%ED%9A%8D%20%EA%B3%B5%EA%B3%A0.hwp,2026-07-01T02:36:19
PBLN_000000000117751,bizinfo,[충남] 2026년 중소기업육성자금 융자 지원계획 공고,충청남도,https://www.bizinfo.go.kr/sii/siia/selectSIIA200Detail.do?pblancId=PBLN_000000000117751,https://www.bizinfo.go.kr/cmm/fms/fileDown.do?atchFileId=FILE_000000000741553&fileSn=2,.hwp,C:\dongaAI\3차 프로젝트\0.0\data\attachments\hwp_raw\PBLN_000000000117751_2026ë  ì¶©ì²­ë¨ë ì¤ìê¸°ì ì¡ì±ìê¸ ìµì ì§ìê³í ê³µê³.hwp,downloaded,,2026-07-01T02:36:19
PBLN_000000000123034,bizinfo,[울산] 2026년 울산테크노파크 경영 멘토링 지원 기업 모집 공고,울산광역시,https://www.bizinfo.go.kr/sii/siia/selectSIIA200Detail.do?pblancId=PBLN_000000000123034,https://www.bizinfo.go.kr/cmm/fms/fileDown.do?atchFileId=FILE_000000000759349&fileSn=0,.hwp,C:\dongaAI\3차 프로젝트\0.0\data\attachments\hwp_raw\PBLN_000000000123034_ë¶ì_1._ì°¸ê°ì ì²­ì_ë±.hwp,downloaded,,2026-07-01T02:36:19
PBLN_000000000117644,bizinfo,[강원] 화천군 2026년 중소기업 및 소상공인 육성자금 융자추천 및 이차보전 지원계획 공고,강원특별자치도,https://www.bizinfo.go.kr/sii/siia/selectSIIA200Detail.do?pblancId=PBLN_000000000117644,https://www.bizinfo.go.kr/sii/siia/202601201308300317.hwp,.hwp,C:\dongaAI\3차 프로젝트\0.0\data\attachments\hwp_raw\PBLN_000000000117644_202601201308300317.hwp,download_failed,404 Client Error: Not Found for url: https://www.bizinfo.go.kr/sii/siia/202601201308300317.hwp,2026-07-01T02:36:19
PBLN_000000000117644,bizinfo,[강원] 화천군 2026년 중소기업 및 소상공인 육성자금 융자추천 및 이차보전 지원계획 공고,강원특별자치도,https://www.bizinfo.go.kr/sii/siia/selectSIIA200Detail.do?pblancId=PBLN_000000000117644,https://www.bizinfo.go.kr/sii/siia/2026년 중소기업 및 소상공인 육성자금 융자추천 및 이차보전계획 공고문.hwp,.hwp,C:\dongaAI\3차 프로젝트\0.0\data\attachments\hwp_raw\PBLN_000000000117644_2026년 중소기업 및 소상공인 육성자금 융자추천 및 이차보전계획 공고문.hwp,download_failed,400 Client Error: Bad Request for url: https://www.bizinfo.go.kr/sii/siia/2026%EB%85%84%20%EC%A4%91%EC%86%8C%EA%B8%B0%EC%97%85%20%EB%B0%8F%20%EC%86%8C%EC%83%81%EA%B3%B5%EC%9D%B8%20%EC%9C%A1%EC%84%B1%EC%9E%90%EA%B8%88%20%EC%9C%B5%EC%9E%90%EC%B6%94%EC%B2%9C%20%EB%B0%8F%20%EC%9D%B4%EC%B0%A8%EB%B3%B4%EC%A0%84%EA%B3%84%ED%9A%8D%20%EA%B3%B5%EA%B3%A0%EB%AC%B8.hwp,2026-07-01T02:36:20
PBLN_000000000117644,bizinfo,[강원] 화천군 2026년 중소기업 및 소상공인 육성자금 융자추천 및 이차보전 지원계획 공고,강원특별자치도,https://www.bizinfo.go.kr/sii/siia/selectSIIA200Detail.do?pblancId=PBLN_000000000117644,https://www.bizinfo.go.kr/cmm/fms/fileDown.do?atchFileId=FILE_000000000741272&fileSn=0,.hwp,C:\dongaAI\3차 프로젝트\0.0\data\attachments\hwp_raw\PBLN_000000000117644_2026ë  ì¤ìê¸°ì ë° ììê³µì¸ ì¡ì±ìê¸ ìµìì¶ì² ë° ì´ì°¨ë³´ì ê³í ê³µê³ ë¬¸.hwp,downloaded,,2026-07-01T02:36:20
PBLN_000000000123053,bizinfo,2026년 2차 경북 영천시 금호 이웃사촌마을 조성사업 청년창업 및 이전기업 지원사업 참여기업(이전기업) 모집 공고,경상북도,https://www.bizinfo.go.kr/sii/siia/selectSIIA200Detail.do?pblancId=PBLN_000000000123053,https://www.bizinfo.go.kr/cmm/fms/fileDown.do?atchFileId=FILE_000000000759405&fileSn=1,.hwp,C:\dongaAI\3차 프로젝트\0.0\data\attachments\hwp_raw\PBLN_000000000123053_2. [ìì] 2026ë  ì¬ì ê³íì ë° ë¶ê°ìë¥_ì´ì ê¸°ì (ê³µê³ ì©).hwp,downloaded,,2026-07-01T02:36:20
PBLN_000000000123074,bizinfo,[경남] 2026년 산업안전 AI 스마트공장 구축 지원사업 공고,경상남도,https://www.bizinfo.go.kr/sii/siia/selectSIIA200Detail.do?pblancId=PBLN_000000000123074,https://www.bizinfo.go.kr/cmm/fms/fileDown.do?atchFileId=FILE_000000000759443&fileSn=0,.hwp,C:\dongaAI\3차 프로젝트\0.0\data\attachments\hwp_raw\PBLN_000000000123074_ì²¨ë¶2. (ìì) 2026ë  ê²½ë¨ ì°ì ìì AI ì¤ë§í¸ê³µì¥ êµ¬ì¶ì§ìì¬ì ì¬ì ê³íì.hwp,downloaded,,2026-07-01T02:36:20
PBLN_000000000123074,bizinfo,[경남] 2026년 산업안전 AI 스마트공장 구축 지원사업 공고,경상남도,https://www.bizinfo.go.kr/sii/siia/selectSIIA200Detail.do?pblancId=PBLN_000000000123074,https://www.bizinfo.go.kr/cmm/fms/fileDown.do?atchFileId=FILE_000000000759443&fileSn=1,.hwp,C:\dongaAI\3차 프로젝트\0.0\data\attachments\hwp_raw\PBLN_000000000123074_ì²¨ë¶3. 202.hwp,downloaded,,2026-07-01T02:36:21
PBLN_000000000123074,bizinfo,[경남] 2026년 산업안전 AI 스마트공장 구축 지원사업 공고,경상남도,https://www.bizinfo.go.kr/sii/siia/selectSIIA200Detail.do?pblancId=PBLN_000000000123074,https://www.bizinfo.go.kr/cmm/fms/fileDown.do?atchFileId=FILE_000000000759443&fileSn=2,.hwp,C:\dongaAI\3차 프로젝트\0.0\data\attachments\hwp_raw\PBLN_000000000123074_ì²¨ë¶4. (ìì) ì¤ë§í¸ê³µì¥ ì¤ë³µì± ìëª ì_í´ë¹ì íìì ì¶.hwp,downloaded,,2026-07-01T02:36:21
PBLN_000000000123074,bizinfo,[경남] 2026년 산업안전 AI 스마트공장 구축 지원사업 공고,경상남도,https://www.bizinfo.go.kr/sii/siia/selectSIIA200Detail.do?pblancId=PBLN_000000000123074,https://www.bizinfo.go.kr/cmm/fms/fileDown.do?atchFileId=FILE_000000000759442&fileSn=0,.hwp,C:\dongaAI\3차 프로젝트\0.0\data\attachments\hwp_raw\PBLN_000000000123074_ì²¨ë¶1. (ê³µê³ ë¬¸)2026ë ë ê²½ë¨ ì°ì ìì AI ì¤ë§í¸ê³µì¥ êµ¬ì¶ ì§ìì¬ì ê³µê³ (ìì ).hwp,downloaded,,2026-07-01T02:36:21
PBLN_000000000117588,bizinfo,[강원] 춘천시 2026년 중소기업 특례보증 지원계획 공고,강원특별자치도,https://www.bizinfo.go.kr/sii/siia/selectSIIA200Detail.do?pblancId=PBLN_000000000117588,https://www.bizinfo.go.kr/sii/siia/202601191357100102.hwp,.hwp,C:\dongaAI\3차 프로젝트\0.0\data\attachments\hwp_raw\PBLN_000000000117588_202601191357100102.hwp,download_failed,404 Client Error: Not Found for url: https://www.bizinfo.go.kr/sii/siia/202601191357100102.hwp,2026-07-01T02:36:22
PBLN_000000000117588,bizinfo,[강원] 춘천시 2026년 중소기업 특례보증 지원계획 공고,강원특별자치도,https://www.bizinfo.go.kr/sii/siia/selectSIIA200Detail.do?pblancId=PBLN_000000000117588,https://www.bizinfo.go.kr/sii/siia/2026년 춘천시 중소기업 특례보증 지원계획 공고.hwp,.hwp,C:\dongaAI\3차 프로젝트\0.0\data\attachments\hwp_raw\PBLN_000000000117588_2026년 춘천시 중소기업 특례보증 지원계획 공고.hwp,download_failed,400 Client Error: Bad Request for url: https://www.bizinfo.go.kr/sii/siia/2026%EB%85%84%20%EC%B6%98%EC%B2%9C%EC%8B%9C%20%EC%A4%91%EC%86%8C%EA%B8%B0%EC%97%85%20%ED%8A%B9%EB%A1%80%EB%B3%B4%EC%A6%9D%20%EC%A7%80%EC%9B%90%EA%B3%84%ED%9A%8D%20%EA%B3%B5%EA%B3%A0.hwp,2026-07-01T02:36:22
PBLN_000000000117588,bizinfo,[강원] 춘천시 2026년 중소기업 특례보증 지원계획 공고,강원특별자치도,https://www.bizinfo.go.kr/sii/siia/selectSIIA200Detail.do?pblancId=PBLN_000000000117588,https://www.bizinfo.go.kr/cmm/fms/fileDown.do?atchFileId=FILE_000000000741172&fileSn=0,.hwp,C:\dongaAI\3차 프로젝트\0.0\data\attachments\hwp_raw\PBLN_000000000117588_2026ë  ì¶ì²ì ì¤ìê¸°ì í¹ë¡ë³´ì¦ ì§ìê³í ê³µê³.hwp,downloaded,,2026-07-01T02:36:22
PBLN_000000000123095,bizinfo,[전북] 2026년 가명정보 활용 컨설팅 지원 모집 공고,전북특별자치도,https://www.bizinfo.go.kr/sii/siia/selectSIIA200Detail.do?pblancId=PBLN_000000000123095,https://www.bizinfo.go.kr/cmm/fms/fileDown.do?atchFileId=FILE_000000000759598&fileSn=0,.hwp,C:\dongaAI\3차 프로젝트\0.0\data\attachments\hwp_raw\PBLN_000000000123095_[ë¶ì2]2026ë ê°ëª ì ë³´íì©ì»¨ì¤í ì§ìììì¡°ì¬ì.hwp,downloaded,,2026-07-01T02:36:22
PBLN_000000000123140,bizinfo,[제주] 2026년 해양수산 국내전시회(2026 부산 국제수산 EXPO) 참가 및 바이어 초청 통합지원 참가기업 모집 재공고,해양수산부,https://www.bizinfo.go.kr/sii/siia/selectSIIA200Detail.do?pblancId=PBLN_000000000123140,https://www.bizinfo.go.kr/cmm/fms/fileDown.do?atchFileId=FILE_000000000759773&fileSn=0,.hwp,C:\dongaAI\3차 프로젝트\0.0\data\attachments\hwp_raw\PBLN_000000000123140_ë¶ì2. êµ­ë´ì ìí ì°¸ê° ë° ë°ì´ì´ ì´ì²­ íµí©ì§ì(ë¶ì°)_ì¬ì ìë´ ë° ì ì²­ì.hwp,downloaded,,2026-07-01T02:36:22
PBLN_000000000117579,bizinfo,[충북] 단양군 2026년 소상공인 융자금 이차보전 지원사업 공고,충청북도,https://www.bizinfo.go.kr/sii/siia/selectSIIA200Detail.do?pblancId=PBLN_000000000117579,https://www.bizinfo.go.kr/sii/siia/202601191312140009.hwp,.hwp,C:\dongaAI\3차 프로젝트\0.0\data\attachments\hwp_raw\PBLN_000000000117579_202601191312140009.hwp,download_failed,404 Client Error: Not Found for url: https://www.bizinfo.go.kr/sii/siia/202601191312140009.hwp,2026-07-01T02:36:22
PBLN_000000000117579,bizinfo,[충북] 단양군 2026년 소상공인 융자금 이차보전 지원사업 공고,충청북도,https://www.bizinfo.go.kr/sii/siia/selectSIIA200Detail.do?pblancId=PBLN_000000000117579,https://www.bizinfo.go.kr/sii/siia/공고문(2026년 단양군 소상공인 이차보전).hwp,.hwp,C:\dongaAI\3차 프로젝트\0.0\data\attachments\hwp_raw\PBLN_000000000117579_공고문(2026년 단양군 소상공인 이차보전).hwp,download_failed,400 Client Error: Bad Request for url: https://www.bizinfo.go.kr/sii/siia/%EA%B3%B5%EA%B3%A0%EB%AC%B8(2026%EB%85%84%20%EB%8B%A8%EC%96%91%EA%B5%B0%20%EC%86%8C%EC%83%81%EA%B3%B5%EC%9D%B8%20%EC%9D%B4%EC%B0%A8%EB%B3%B4%EC%A0%84).hwp,2026-07-01T02:36:22
PBLN_000000000117579,bizinfo,[충북] 단양군 2026년 소상공인 융자금 이차보전 지원사업 공고,충청북도,https://www.bizinfo.go.kr/sii/siia/selectSIIA200Detail.do?pblancId=PBLN_000000000117579,https://www.bizinfo.go.kr/cmm/fms/fileDown.do?atchFileId=FILE_000000000741154&fileSn=0,.hwp,C:\dongaAI\3차 프로젝트\0.0\data\attachments\hwp_raw\PBLN_000000000117579_ê³µê³ ë¬¸(2026ë  ë¨ìêµ° ììê³µì¸ ì´ì°¨ë³´ì ).hwp,downloaded,,2026-07-01T02:36:22
PBLN_000000000117582,bizinfo,[강원] 춘천시 2026년 중소기업 신용보증수수료 지원 사업 공고,강원특별자치도,https://www.bizinfo.go.kr/sii/siia/selectSIIA200Detail.do?pblancId=PBLN_000000000117582,https://www.bizinfo.go.kr/sii/siia/202601191318280274.hwp,.hwp,C:\dongaAI\3차 프로젝트\0.0\data\attachments\hwp_raw\PBLN_000000000117582_202601191318280274.hwp,download_failed,404 Client Error: Not Found for url: https://www.bizinfo.go.kr/sii/siia/202601191318280274.hwp,2026-07-01T02:36:22
PBLN_000000000117582,bizinfo,[강원] 춘천시 2026년 중소기업 신용보증수수료 지원 사업 공고,강원특별자치도,https://www.bizinfo.go.kr/sii/siia/selectSIIA200Detail.do?pblancId=PBLN_000000000117582,https://www.bizinfo.go.kr/sii/siia/2026년 신용보증수수료 지원사업 공고.hwp,.hwp,C:\dongaAI\3차 프로젝트\0.0\data\attachments\hwp_raw\PBLN_000000000117582_2026년 신용보증수수료 지원사업 공고.hwp,download_failed,400 Client Error: Bad Request for url: https://www.bizinfo.go.kr/sii/siia/2026%EB%85%84%20%EC%8B%A0%EC%9A%A9%EB%B3%B4%EC%A6%9D%EC%88%98%EC%88%98%EB%A3%8C%20%EC%A7%80%EC%9B%90%EC%82%AC%EC%97%85%20%EA%B3%B5%EA%B3%A0.hwp,2026-07-01T02:36:23
PBLN_000000000117582,bizinfo,[강원] 춘천시 2026년 중소기업 신용보증수수료 지원 사업 공고,강원특별자치도,https://www.bizinfo.go.kr/sii/siia/selectSIIA200Detail.do?pblancId=PBLN_000000000117582,https://www.bizinfo.go.kr/cmm/fms/fileDown.do?atchFileId=FILE_000000000741149&fileSn=0,.hwp,C:\dongaAI\3차 프로젝트\0.0\data\attachments\hwp_raw\PBLN_000000000117582_2026ë  ì ì©ë³´ì¦ììë£ ì§ìì¬ì ì ì²­ìì.hwp,downloaded,,2026-07-01T02:36:23
PBLN_000000000117582,bizinfo,[강원] 춘천시 2026년 중소기업 신용보증수수료 지원 사업 공고,강원특별자치도,https://www.bizinfo.go.kr/sii/siia/selectSIIA200Detail.do?pblancId=PBLN_000000000117582,https://www.bizinfo.go.kr/cmm/fms/fileDown.do?atchFileId=FILE_000000000741148&fileSn=0,.hwp,C:\dongaAI\3차 프로젝트\0.0\data\attachments\hwp_raw\PBLN_000000000117582_2026ë  ì ì©ë³´ì¦ììë£ ì§ìì¬ì ê³µê³.hwp,downloaded,,2026-07-01T02:36:23
PBLN_000000000117526,bizinfo,[경남] 2026년 소상공인 정책자금 운용계획 공고,경상남도,https://www.bizinfo.go.kr/sii/siia/selectSIIA200Detail.do?pblancId=PBLN_000000000117526,https://www.bizinfo.go.kr/sii/siia/202601161327380632.hwp,.hwp,C:\dongaAI\3차 프로젝트\0.0\data\attachments\hwp_raw\PBLN_000000000117526_202601161327380632.hwp,download_failed,404 Client Error: Not Found for url: https://www.bizinfo.go.kr/sii/siia/202601161327380632.hwp,2026-07-01T02:36:23
PBLN_000000000117526,bizinfo,[경남] 2026년 소상공인 정책자금 운용계획 공고,경상남도,https://www.bizinfo.go.kr/sii/siia/selectSIIA200Detail.do?pblancId=PBLN_000000000117526,https://www.bizinfo.go.kr/sii/siia/2026년+경상남도+소상공인+정책자금+운용계획+공고(최종)+v5.hwp,.hwp,C:\dongaAI\3차 프로젝트\0.0\data\attachments\hwp_raw\PBLN_000000000117526_2026년+경상남도+소상공인+정책자금+운용계획+공고(최종)+v5.hwp,download_failed,400 Client Error: Bad Request for url: https://www.bizinfo.go.kr/sii/siia/2026%EB%85%84+%EA%B2%BD%EC%83%81%EB%82%A8%EB%8F%84+%EC%86%8C%EC%83%81%EA%B3%B5%EC%9D%B8+%EC%A0%95%EC%B1%85%EC%9E%90%EA%B8%88+%EC%9A%B4%EC%9A%A9%EA%B3%84%ED%9A%8D+%EA%B3%B5%EA%B3%A0(%EC%B5%9C%EC%A2%85)+v5.hwp,2026-07-01T02:36:23
PBLN_000000000117526,bizinfo,[경남] 2026년 소상공인 정책자금 운용계획 공고,경상남도,https://www.bizinfo.go.kr/sii/siia/selectSIIA200Detail.do?pblancId=PBLN_000000000117526,https://www.bizinfo.go.kr/cmm/fms/fileDown.do?atchFileId=FILE_000000000741036&fileSn=0,.hwp,C:\dongaAI\3차 프로젝트\0.0\data\attachments\hwp_raw\PBLN_000000000117526_2026ë +ê²½ìë¨ë+ììê³µì¸+ì ì± ìê¸+ì´ì©ê³í+ê³µê³ (ìµì¢ )+v5.hwp,downloaded,,2026-07-01T02:36:23
PBLN_000000000117490,bizinfo,[전북] 남원시 2026년 중소기업육성기금 지원계획 공고,전북특별자치도,https://www.bizinfo.go.kr/sii/siia/selectSIIA200Detail.do?pblancId=PBLN_000000000117490,https://www.bizinfo.go.kr/sii/siia/202601151411010391.hwp,.hwp,C:\dongaAI\3차 프로젝트\0.0\data\attachments\hwp_raw\PBLN_000000000117490_202601151411010391.hwp,download_failed,404 Client Error: Not Found for url: https://www.bizinfo.go.kr/sii/siia/202601151411010391.hwp,2026-07-01T02:36:24
PBLN_000000000117490,bizinfo,[전북] 남원시 2026년 중소기업육성기금 지원계획 공고,전북특별자치도,https://www.bizinfo.go.kr/sii/siia/selectSIIA200Detail.do?pblancId=PBLN_000000000117490,https://www.bizinfo.go.kr/sii/siia/2026년 남원시 중소기업육성기금 지원 공고문.hwp,.hwp,C:\dongaAI\3차 프로젝트\0.0\data\attachments\hwp_raw\PBLN_000000000117490_2026년 남원시 중소기업육성기금 지원 공고문.hwp,download_failed,400 Client Error: Bad Request for url: https://www.bizinfo.go.kr/sii/siia/2026%EB%85%84%20%EB%82%A8%EC%9B%90%EC%8B%9C%20%EC%A4%91%EC%86%8C%EA%B8%B0%EC%97%85%EC%9C%A1%EC%84%B1%EA%B8%B0%EA%B8%88%20%EC%A7%80%EC%9B%90%20%EA%B3%B5%EA%B3%A0%EB%AC%B8.hwp,2026-07-01T02:36:24
PBLN_000000000117490,bizinfo,[전북] 남원시 2026년 중소기업육성기금 지원계획 공고,전북특별자치도,https://www.bizinfo.go.kr/sii/siia/selectSIIA200Detail.do?pblancId=PBLN_000000000117490,https://www.bizinfo.go.kr/cmm/fms/fileDown.do?atchFileId=FILE_000000000740951&fileSn=0,.hwp,C:\dongaAI\3차 프로젝트\0.0\data\attachments\hwp_raw\PBLN_000000000117490_2026ë  ë¨ìì ì¤ìê¸°ì ì¡ì±ê¸°ê¸ ì§ì ê³µê³ ë¬¸.hwp,downloaded,,2026-07-01T02:36:24
PBLN_000000000117337,bizinfo,[전남광주] 여수시 2026년 중소기업발전자금 지원계획 공고,전남광주통합특별시,https://www.bizinfo.go.kr/sii/siia/selectSIIA200Detail.do?pblancId=PBLN_000000000117337,https://www.bizinfo.go.kr/sii/siia/202601121438400230.hwp,.hwp,C:\dongaAI\3차 프로젝트\0.0\data\attachments\hwp_raw\PBLN_000000000117337_202601121438400230.hwp,download_failed,404 Client Error: Not Found for url: https://www.bizinfo.go.kr/sii/siia/202601121438400230.hwp,2026-07-01T02:36:24
PBLN_000000000117337,bizinfo,[전남광주] 여수시 2026년 중소기업발전자금 지원계획 공고,전남광주통합특별시,https://www.bizinfo.go.kr/sii/siia/selectSIIA200Detail.do?pblancId=PBLN_000000000117337,https://www.bizinfo.go.kr/sii/siia/2026년 여수시 중소기업발전자금 공고.hwp,.hwp,C:\dongaAI\3차 프로젝트\0.0\data\attachments\hwp_raw\PBLN_000000000117337_2026년 여수시 중소기업발전자금 공고.hwp,download_failed,400 Client Error: Bad Request for url: https://www.bizinfo.go.kr/sii/siia/2026%EB%85%84%20%EC%97%AC%EC%88%98%EC%8B%9C%20%EC%A4%91%EC%86%8C%EA%B8%B0%EC%97%85%EB%B0%9C%EC%A0%84%EC%9E%90%EA%B8%88%20%EA%B3%B5%EA%B3%A0.hwp,2026-07-01T02:36:24
PBLN_000000000117337,bizinfo,[전남광주] 여수시 2026년 중소기업발전자금 지원계획 공고,전남광주통합특별시,https://www.bizinfo.go.kr/sii/siia/selectSIIA200Detail.do?pblancId=PBLN_000000000117337,https://www.bizinfo.go.kr/cmm/fms/fileDown.do?atchFileId=FILE_000000000740505&fileSn=0,.hwp,C:\dongaAI\3차 프로젝트\0.0\data\attachments\hwp_raw\PBLN_000000000117337_2026ë  ì¬ìì ì¤ìê¸°ì ë°ì ìê¸ ê³µê³.hwp,downloaded,,2026-07-01T02:36:24
PBLN_000000000117324,bizinfo,[경북] 문경시 2026년 중소기업 운전자금 지원 계획 공고,경상북도,https://www.bizinfo.go.kr/sii/siia/selectSIIA200Detail.do?pblancId=PBLN_000000000117324,https://www.bizinfo.go.kr/sii/siia/202601121103320964.hwp,.hwp,C:\dongaAI\3차 프로젝트\0.0\data\attachments\hwp_raw\PBLN_000000000117324_202601121103320964.hwp,download_failed,404 Client Error: Not Found for url: https://www.bizinfo.go.kr/sii/siia/202601121103320964.hwp,2026-07-01T02:36:24
PBLN_000000000117324,bizinfo,[경북] 문경시 2026년 중소기업 운전자금 지원 계획 공고,경상북도,https://www.bizinfo.go.kr/sii/siia/selectSIIA200Detail.do?pblancId=PBLN_000000000117324,https://www.bizinfo.go.kr/sii/siia/2026년도 문경시 중소기업 운전자금 지원 계획.hwp,.hwp,C:\dongaAI\3차 프로젝트\0.0\data\attachments\hwp_raw\PBLN_000000000117324_2026년도 문경시 중소기업 운전자금 지원 계획.hwp,download_failed,400 Client Error: Bad Request for url: https://www.bizinfo.go.kr/sii/siia/2026%EB%85%84%EB%8F%84%20%EB%AC%B8%EA%B2%BD%EC%8B%9C%20%EC%A4%91%EC%86%8C%EA%B8%B0%EC%97%85%20%EC%9A%B4%EC%A0%84%EC%9E%90%EA%B8%88%20%EC%A7%80%EC%9B%90%20%EA%B3%84%ED%9A%8D.hwp,2026-07-01T02:36:24
PBLN_000000000117324,bizinfo,[경북] 문경시 2026년 중소기업 운전자금 지원 계획 공고,경상북도,https://www.bizinfo.go.kr/sii/siia/selectSIIA200Detail.do?pblancId=PBLN_000000000117324,https://www.bizinfo.go.kr/cmm/fms/fileDown.do?atchFileId=FILE_000000000740469&fileSn=0,.hwp,C:\dongaAI\3차 프로젝트\0.0\data\attachments\hwp_raw\PBLN_000000000117324_2026ë ë ë¬¸ê²½ì ì¤ìê¸°ì ì´ì ìê¸ ì§ì ê³í.hwp,downloaded,,2026-07-01T02:36:24
PBLN_000000000116832,bizinfo,2026년 미래내일 일경험 사업 참여기업 모집 공고(인턴형ㆍ기업탐방형),고용노동부,https://www.bizinfo.go.kr/sii/siia/selectSIIA200Detail.do?pblancId=PBLN_000000000116832,https://www.bizinfo.go.kr/sii/siia/202512170900570579.hwp,.hwp,C:\dongaAI\3차 프로젝트\0.0\data\attachments\hwp_raw\PBLN_000000000116832_202512170900570579.hwp,download_failed,404 Client Error: Not Found for url: https://www.bizinfo.go.kr/sii/siia/202512170900570579.hwp,2026-07-01T02:36:25
PBLN_000000000116832,bizinfo,2026년 미래내일 일경험 사업 참여기업 모집 공고(인턴형ㆍ기업탐방형),고용노동부,https://www.bizinfo.go.kr/sii/siia/selectSIIA200Detail.do?pblancId=PBLN_000000000116832,https://www.bizinfo.go.kr/sii/siia/[사업 안내문] 2026년 미래내일 일경험 지원사업인턴형·기업탐방형.hwp,.hwp,C:\dongaAI\3차 프로젝트\0.0\data\attachments\hwp_raw\PBLN_000000000116832_[사업 안내문] 2026년 미래내일 일경험 지원사업인턴형·기업탐방형.hwp,download_failed,400 Client Error: Bad Request for url: https://www.bizinfo.go.kr/sii/siia/%5B%EC%82%AC%EC%97%85%20%EC%95%88%EB%82%B4%EB%AC%B8%5D%202026%EB%85%84%20%EB%AF%B8%EB%9E%98%EB%82%B4%EC%9D%BC%20%EC%9D%BC%EA%B2%BD%ED%97%98%20%EC%A7%80%EC%9B%90%EC%82%AC%EC%97%85%EC%9D%B8%ED%84%B4%ED%98%95%C2%B7%EA%B8%B0%EC%97%85%ED%83%90%EB%B0%A9%ED%98%95.hwp,2026-07-01T02:36:25
PBLN_000000000116832,bizinfo,2026년 미래내일 일경험 사업 참여기업 모집 공고(인턴형ㆍ기업탐방형),고용노동부,https://www.bizinfo.go.kr/sii/siia/selectSIIA200Detail.do?pblancId=PBLN_000000000116832,https://www.bizinfo.go.kr/cmm/fms/fileDown.do?atchFileId=FILE_000000000738658&fileSn=0,.hwp,C:\dongaAI\3차 프로젝트\0.0\data\attachments\hwp_raw\PBLN_000000000116832_[ì¬ì ìë´ë¬¸] 2026ë  ë¯¸ëë´ì¼ ì¼ê²½í ì§ìì¬ì ì¸í´íÂ·ê¸°ì íë°©í.hwp,downloaded,,2026-07-01T02:36:25
PBLN_000000000116943,bizinfo,2026년 중소기업 기술개발 지원사업 통합 공고,중소벤처기업부,https://www.bizinfo.go.kr/sii/siia/selectSIIA200Detail.do?pblancId=PBLN_000000000116943,https://www.bizinfo.go.kr/sii/siia/202512231343070230.hwp,.hwp,C:\dongaAI\3차 프로젝트\0.0\data\attachments\hwp_raw\PBLN_000000000116943_202512231343070230.hwp,download_failed,404 Client Error: Not Found for url: https://www.bizinfo.go.kr/sii/siia/202512231343070230.hwp,2026-07-01T02:36:25
PBLN_000000000116943,bizinfo,2026년 중소기업 기술개발 지원사업 통합 공고,중소벤처기업부,https://www.bizinfo.go.kr/sii/siia/selectSIIA200Detail.do?pblancId=PBLN_000000000116943,https://www.bizinfo.go.kr/sii/siia/(중기부)_2026년_중소기업_기술개발_지원사업_통합_공고.hwp,.hwp,C:\dongaAI\3차 프로젝트\0.0\data\attachments\hwp_raw\PBLN_000000000116943_(중기부)_2026년_중소기업_기술개발_지원사업_통합_공고.hwp,download_failed,400 Client Error: Bad Request for url: https://www.bizinfo.go.kr/sii/siia/(%EC%A4%91%EA%B8%B0%EB%B6%80)_2026%EB%85%84_%EC%A4%91%EC%86%8C%EA%B8%B0%EC%97%85_%EA%B8%B0%EC%88%A0%EA%B0%9C%EB%B0%9C_%EC%A7%80%EC%9B%90%EC%82%AC%EC%97%85_%ED%86%B5%ED%95%A9_%EA%B3%B5%EA%B3%A0.hwp,2026-07-01T02:36:25
PBLN_000000000116943,bizinfo,2026년 중소기업 기술개발 지원사업 통합 공고,중소벤처기업부,https://www.bizinfo.go.kr/sii/siia/selectSIIA200Detail.do?pblancId=PBLN_000000000116943,https://www.bizinfo.go.kr/cmm/fms/fileDown.do?atchFileId=FILE_000000000739130&fileSn=0,.hwp,C:\dongaAI\3차 프로젝트\0.0\data\attachments\hwp_raw\PBLN_000000000116943_(ì¤ê¸°ë¶)_2026ë _ì¤ìê¸°ì _ê¸°ì ê°ë°_ì§ìì¬ì _íµí©_ê³µê³.hwp,downloaded,,2026-07-01T02:36:25
PBLN_000000000117059,bizinfo,2026년 고용창출장려금 및 고용안정장려금 사업 공고,고용노동부,https://www.bizinfo.go.kr/sii/siia/selectSIIA200Detail.do?pblancId=PBLN_000000000117059,https://www.bizinfo.go.kr/cmm/fms/fileDown.do?atchFileId=FILE_000000000739672&fileSn=0,.hwp,C:\dongaAI\3차 프로젝트\0.0\data\attachments\hwp_raw\PBLN_000000000117059_ì êµ­ ê³ ì©ì¼í° ì°ë½ì² ëª©ë¡.hwp,downloaded,,2026-07-01T02:36:25
PBLN_000000000117158,bizinfo,[경북] 2026년 벤처기업 육성자금 운용계획 공고,경상북도,https://www.bizinfo.go.kr/sii/siia/selectSIIA200Detail.do?pblancId=PBLN_000000000117158,https://www.bizinfo.go.kr/cmm/fms/fileDown.do?atchFileId=FILE_000000000739906&fileSn=0,.hwp,C:\dongaAI\3차 프로젝트\0.0\data\attachments\hwp_raw\PBLN_000000000117158_ë²¤ì²ê¸°ì ì¡ì±ìê¸ ì ì²­ìì.hwp,downloaded,,2026-07-01T02:36:26
PBLN_000000000117158,bizinfo,[경북] 2026년 벤처기업 육성자금 운용계획 공고,경상북도,https://www.bizinfo.go.kr/sii/siia/selectSIIA200Detail.do?pblancId=PBLN_000000000117158,https://www.bizinfo.go.kr/cmm/fms/fileDown.do?atchFileId=FILE_000000000739906&fileSn=1,.hwp,C:\dongaAI\3차 프로젝트\0.0\data\attachments\hwp_raw\PBLN_000000000117158_2026ë ë ë²¤ì²ê¸°ì ì¡ì±ìê¸ ì§ì ê³í(ê³µê³ ).hwp,downloaded,,2026-07-01T02:36:26
PBLN_000000000117291,bizinfo,2026년 한국식품산업클러스터진흥원 기업지원시설ㆍ장비 활용 지원사업 공고,농림축산식품부,https://www.bizinfo.go.kr/sii/siia/selectSIIA200Detail.do?pblancId=PBLN_000000000117291,https://www.bizinfo.go.kr/sii/siia/202601091353000765.hwp,.hwp,C:\dongaAI\3차 프로젝트\0.0\data\attachments\hwp_raw\PBLN_000000000117291_202601091353000765.hwp,download_failed,404 Client Error: Not Found for url: https://www.bizinfo.go.kr/sii/siia/202601091353000765.hwp,2026-07-01T02:36:26
PBLN_000000000117291,bizinfo,2026년 한국식품산업클러스터진흥원 기업지원시설ㆍ장비 활용 지원사업 공고,농림축산식품부,https://www.bizinfo.go.kr/sii/siia/selectSIIA200Detail.do?pblancId=PBLN_000000000117291,https://www.bizinfo.go.kr/sii/siia/[한국식품산업클러스터진흥원] 2026년 기업지원시설·장비 활용 지원사업 공고.hwp,.hwp,C:\dongaAI\3차 프로젝트\0.0\data\attachments\hwp_raw\PBLN_000000000117291_[한국식품산업클러스터진흥원] 2026년 기업지원시설·장비 활용 지원사업 공고.hwp,download_failed,400 Client Error: Bad Request for url: https://www.bizinfo.go.kr/sii/siia/%5B%ED%95%9C%EA%B5%AD%EC%8B%9D%ED%92%88%EC%82%B0%EC%97%85%ED%81%B4%EB%9F%AC%EC%8A%A4%ED%84%B0%EC%A7%84%ED%9D%A5%EC%9B%90%5D%202026%EB%85%84%20%EA%B8%B0%EC%97%85%EC%A7%80%EC%9B%90%EC%8B%9C%EC%84%A4%C2%B7%EC%9E%A5%EB%B9%84%20%ED%99%9C%EC%9A%A9%20%EC%A7%80%EC%9B%90%EC%82%AC%EC%97%85%20%EA%B3%B5%EA%B3%A0.hwp,2026-07-01T02:36:26
PBLN_000000000117291,bizinfo,2026년 한국식품산업클러스터진흥원 기업지원시설ㆍ장비 활용 지원사업 공고,농림축산식품부,https://www.bizinfo.go.kr/sii/siia/selectSIIA200Detail.do?pblancId=PBLN_000000000117291,https://www.bizinfo.go.kr/cmm/fms/fileDown.do?atchFileId=FILE_000000000740313&fileSn=0,.hwp,C:\dongaAI\3차 프로젝트\0.0\data\attachments\hwp_raw\PBLN_000000000117291_[íêµ­ìíì°ì í´ë¬ì¤í°ì§í¥ì] 2026ë  ê¸°ì ì§ììì¤Â·ì¥ë¹ íì© ì§ìì¬ì ê³µê³.hwp,downloaded,,2026-07-01T02:36:26
PBLN_000000000117340,bizinfo,[경북] 칠곡군 2026년 설대비 중소기업 운전자금(이차보전) 지원 계획 공고,경상북도,https://www.bizinfo.go.kr/sii/siia/selectSIIA200Detail.do?pblancId=PBLN_000000000117340,https://www.bizinfo.go.kr/sii/siia/202601121437300247.hwp,.hwp,C:\dongaAI\3차 프로젝트\0.0\data\attachments\hwp_raw\PBLN_000000000117340_202601121437300247.hwp,download_failed,404 Client Error: Not Found for url: https://www.bizinfo.go.kr/sii/siia/202601121437300247.hwp,2026-07-01T02:36:26
PBLN_000000000117340,bizinfo,[경북] 칠곡군 2026년 설대비 중소기업 운전자금(이차보전) 지원 계획 공고,경상북도,https://www.bizinfo.go.kr/sii/siia/selectSIIA200Detail.do?pblancId=PBLN_000000000117340,https://www.bizinfo.go.kr/sii/siia/2026년도 설대비 중소기업 운전자금 지원 계획.hwp,.hwp,C:\dongaAI\3차 프로젝트\0.0\data\attachments\hwp_raw\PBLN_000000000117340_2026년도 설대비 중소기업 운전자금 지원 계획.hwp,download_failed,400 Client Error: Bad Request for url: https://www.bizinfo.go.kr/sii/siia/2026%EB%85%84%EB%8F%84%20%EC%84%A4%EB%8C%80%EB%B9%84%20%EC%A4%91%EC%86%8C%EA%B8%B0%EC%97%85%20%EC%9A%B4%EC%A0%84%EC%9E%90%EA%B8%88%20%EC%A7%80%EC%9B%90%20%EA%B3%84%ED%9A%8D.hwp,2026-07-01T02:36:26
PBLN_000000000117340,bizinfo,[경북] 칠곡군 2026년 설대비 중소기업 운전자금(이차보전) 지원 계획 공고,경상북도,https://www.bizinfo.go.kr/sii/siia/selectSIIA200Detail.do?pblancId=PBLN_000000000117340,https://www.bizinfo.go.kr/cmm/fms/fileDown.do?atchFileId=FILE_000000000740235&fileSn=0,.hwp,C:\dongaAI\3차 프로젝트\0.0\data\attachments\hwp_raw\PBLN_000000000117340_ì§íë ì ì²­ë§¤ë´ì¼.hwp,downloaded,,2026-07-01T02:36:26
PBLN_000000000117340,bizinfo,[경북] 칠곡군 2026년 설대비 중소기업 운전자금(이차보전) 지원 계획 공고,경상북도,https://www.bizinfo.go.kr/sii/siia/selectSIIA200Detail.do?pblancId=PBLN_000000000117340,https://www.bizinfo.go.kr/cmm/fms/fileDown.do?atchFileId=FILE_000000000740234&fileSn=0,.hwp,C:\dongaAI\3차 프로젝트\0.0\data\attachments\hwp_raw\PBLN_000000000117340_2026ë ë ì¤ëë¹ ì¤ìê¸°ì ì´ì ìê¸ ì§ì ê³í.hwp,downloaded,,2026-07-01T02:36:27
PBLN_000000000117316,bizinfo,[경북] 의성군 2026년 중소기업 운전자금 지원 공고,경상북도,https://www.bizinfo.go.kr/sii/siia/selectSIIA200Detail.do?pblancId=PBLN_000000000117316,https://www.bizinfo.go.kr/sii/siia/202601121324520487.hwp,.hwp,C:\dongaAI\3차 프로젝트\0.0\data\attachments\hwp_raw\PBLN_000000000117316_202601121324520487.hwp,download_failed,404 Client Error: Not Found for url: https://www.bizinfo.go.kr/sii/siia/202601121324520487.hwp,2026-07-01T02:36:27
PBLN_000000000117316,bizinfo,[경북] 의성군 2026년 중소기업 운전자금 지원 공고,경상북도,https://www.bizinfo.go.kr/sii/siia/selectSIIA200Detail.do?pblancId=PBLN_000000000117316,https://www.bizinfo.go.kr/sii/siia/2026년 의성군 중소기업 운전자금 공고문.hwp,.hwp,C:\dongaAI\3차 프로젝트\0.0\data\attachments\hwp_raw\PBLN_000000000117316_2026년 의성군 중소기업 운전자금 공고문.hwp,download_failed,400 Client Error: Bad Request for url: https://www.bizinfo.go.kr/sii/siia/2026%EB%85%84%20%EC%9D%98%EC%84%B1%EA%B5%B0%20%EC%A4%91%EC%86%8C%EA%B8%B0%EC%97%85%20%EC%9A%B4%EC%A0%84%EC%9E%90%EA%B8%88%20%EA%B3%B5%EA%B3%A0%EB%AC%B8.hwp,2026-07-01T02:36:27
PBLN_000000000117316,bizinfo,[경북] 의성군 2026년 중소기업 운전자금 지원 공고,경상북도,https://www.bizinfo.go.kr/sii/siia/selectSIIA200Detail.do?pblancId=PBLN_000000000117316,https://www.bizinfo.go.kr/cmm/fms/fileDown.do?atchFileId=FILE_000000000740482&fileSn=0,.hwp,C:\dongaAI\3차 프로젝트\0.0\data\attachments\hwp_raw\PBLN_000000000117316_2026ë  ìì±êµ° ì¤ìê¸°ì ì´ì ìê¸ ê³µê³ ë¬¸.hwp,downloaded,,2026-07-01T02:36:27
PBLN_000000000117368,bizinfo,[전남광주] 강진군 밀키트 판매업소 포장재 지원사업장 모집 공고,전남광주통합특별시,https://www.bizinfo.go.kr/sii/siia/selectSIIA200Detail.do?pblancId=PBLN_000000000117368,https://www.bizinfo.go.kr/sii/siia/202601131005330039.hwp,.hwp,C:\dongaAI\3차 프로젝트\0.0\data\attachments\hwp_raw\PBLN_000000000117368_202601131005330039.hwp,download_failed,404 Client Error: Not Found for url: https://www.bizinfo.go.kr/sii/siia/202601131005330039.hwp,2026-07-01T02:36:27
PBLN_000000000117368,bizinfo,[전남광주] 강진군 밀키트 판매업소 포장재 지원사업장 모집 공고,전남광주통합특별시,https://www.bizinfo.go.kr/sii/siia/selectSIIA200Detail.do?pblancId=PBLN_000000000117368,https://www.bizinfo.go.kr/sii/siia/(공고문) 2026년 밀키트 판매업소 포장재 지원사업장 모집(기존업소).hwp,.hwp,C:\dongaAI\3차 프로젝트\0.0\data\attachments\hwp_raw\PBLN_000000000117368_(공고문) 2026년 밀키트 판매업소 포장재 지원사업장 모집(기존업소).hwp,download_failed,400 Client Error: Bad Request for url: https://www.bizinfo.go.kr/sii/siia/(%EA%B3%B5%EA%B3%A0%EB%AC%B8)%202026%EB%85%84%20%EB%B0%80%ED%82%A4%ED%8A%B8%20%ED%8C%90%EB%A7%A4%EC%97%85%EC%86%8C%20%ED%8F%AC%EC%9E%A5%EC%9E%AC%20%EC%A7%80%EC%9B%90%EC%82%AC%EC%97%85%EC%9E%A5%20%EB%AA%A8%EC%A7%91(%EA%B8%B0%EC%A1%B4%EC%97%85%EC%86%8C).hwp,2026-07-01T02:36:27
PBLN_000000000117368,bizinfo,[전남광주] 강진군 밀키트 판매업소 포장재 지원사업장 모집 공고,전남광주통합특별시,https://www.bizinfo.go.kr/sii/siia/selectSIIA200Detail.do?pblancId=PBLN_000000000117368,https://www.bizinfo.go.kr/cmm/fms/fileDown.do?atchFileId=FILE_000000000740601&fileSn=0,.hwp,C:\dongaAI\3차 프로젝트\0.0\data\attachments\hwp_raw\PBLN_000000000117368_(ê³µê³ ë¬¸) 2026ë  ë°í¤í¸ íë§¤ì ì í¬ì¥ì¬ ì§ìì¬ì ì¥ ëª¨ì§(ê¸°ì¡´ì ì).hwp,downloaded,,2026-07-01T02:36:27
PBLN_000000000117428,bizinfo,[경북] 2026년 미래내일일경험 참여기업 모집 공고,고용노동부,https://www.bizinfo.go.kr/sii/siia/selectSIIA200Detail.do?pblancId=PBLN_000000000117428,https://www.bizinfo.go.kr/sii/siia/202601141023280403.hwp,.hwp,C:\dongaAI\3차 프로젝트\0.0\data\attachments\hwp_raw\PBLN_000000000117428_202601141023280403.hwp,download_failed,404 Client Error: Not Found for url: https://www.bizinfo.go.kr/sii/siia/202601141023280403.hwp,2026-07-01T02:36:27
PBLN_000000000117428,bizinfo,[경북] 2026년 미래내일일경험 참여기업 모집 공고,고용노동부,https://www.bizinfo.go.kr/sii/siia/selectSIIA200Detail.do?pblancId=PBLN_000000000117428,https://www.bizinfo.go.kr/sii/siia/미래내일일경험 사업안내문.hwp,.hwp,C:\dongaAI\3차 프로젝트\0.0\data\attachments\hwp_raw\PBLN_000000000117428_미래내일일경험 사업안내문.hwp,download_failed,400 Client Error: Bad Request for url: https://www.bizinfo.go.kr/sii/siia/%EB%AF%B8%EB%9E%98%EB%82%B4%EC%9D%BC%EC%9D%BC%EA%B2%BD%ED%97%98%20%EC%82%AC%EC%97%85%EC%95%88%EB%82%B4%EB%AC%B8.hwp,2026-07-01T02:36:27
PBLN_000000000117428,bizinfo,[경북] 2026년 미래내일일경험 참여기업 모집 공고,고용노동부,https://www.bizinfo.go.kr/sii/siia/selectSIIA200Detail.do?pblancId=PBLN_000000000117428,https://www.bizinfo.go.kr/cmm/fms/fileDown.do?atchFileId=FILE_000000000740767&fileSn=1,.hwp,C:\dongaAI\3차 프로젝트\0.0\data\attachments\hwp_raw\PBLN_000000000117428_ë¯¸ëë´ì¼ì¼ê²½í ì¬ì ìë´ë¬¸.hwp,downloaded,,2026-07-01T02:36:27
PBLN_000000000117463,bizinfo,[강원] 2026년 글로벌 IP 스타기업 육성 해외등록비용 지원사업 공고,강원특별자치도,https://www.bizinfo.go.kr/sii/siia/selectSIIA200Detail.do?pblancId=PBLN_000000000117463,https://www.bizinfo.go.kr/cmm/fms/fileDown.do?atchFileId=FILE_000000000740875&fileSn=0,.hwp,C:\dongaAI\3차 프로젝트\0.0\data\attachments\hwp_raw\PBLN_000000000117463_ìë¥ì ì¶ ìë´.hwp,downloaded,,2026-07-01T02:36:27
PBLN_000000000117463,bizinfo,[강원] 2026년 글로벌 IP 스타기업 육성 해외등록비용 지원사업 공고,강원특별자치도,https://www.bizinfo.go.kr/sii/siia/selectSIIA200Detail.do?pblancId=PBLN_000000000117463,https://www.bizinfo.go.kr/cmm/fms/fileDown.do?atchFileId=FILE_000000000740875&fileSn=1,.hwp,C:\dongaAI\3차 프로젝트\0.0\data\attachments\hwp_raw\PBLN_000000000117463_ë¶ì1_í´ì¸ë±ë¡ë¹ì© ì ì²­ì(ìì).hwp,downloaded,,2026-07-01T02:36:27
PBLN_000000000117463,bizinfo,[강원] 2026년 글로벌 IP 스타기업 육성 해외등록비용 지원사업 공고,강원특별자치도,https://www.bizinfo.go.kr/sii/siia/selectSIIA200Detail.do?pblancId=PBLN_000000000117463,https://www.bizinfo.go.kr/cmm/fms/fileDown.do?atchFileId=FILE_000000000740875&fileSn=2,.hwp,C:\dongaAI\3차 프로젝트\0.0\data\attachments\hwp_raw\PBLN_000000000117463_ë¶ì2_í´ì¸ë±ë¡ë¹ì© ìì½ì(ìì).hwp,downloaded,,2026-07-01T02:36:28
PBLN_000000000117463,bizinfo,[강원] 2026년 글로벌 IP 스타기업 육성 해외등록비용 지원사업 공고,강원특별자치도,https://www.bizinfo.go.kr/sii/siia/selectSIIA200Detail.do?pblancId=PBLN_000000000117463,https://www.bizinfo.go.kr/cmm/fms/fileDown.do?atchFileId=FILE_000000000740874&fileSn=0,.hwp,C:\dongaAI\3차 프로젝트\0.0\data\attachments\hwp_raw\PBLN_000000000117463_2026ë  ê°ì ê¸ë¡ë² IP ì¤íê¸°ì ì¡ì± í´ì¸ë±ë¡ë¹ì© ì§ìì¬ì ê³µê³.hwp,downloaded,,2026-07-01T02:36:28
PBLN_000000000117505,bizinfo,2026년 남원시 국내외 관광객 유치 인센티브 지원 사업 공고,전북특별자치도,https://www.bizinfo.go.kr/sii/siia/selectSIIA200Detail.do?pblancId=PBLN_000000000117505,https://www.bizinfo.go.kr/sii/siia/202601151406450369.hwp,.hwp,C:\dongaAI\3차 프로젝트\0.0\data\attachments\hwp_raw\PBLN_000000000117505_202601151406450369.hwp,download_failed,404 Client Error: Not Found for url: https://www.bizinfo.go.kr/sii/siia/202601151406450369.hwp,2026-07-01T02:36:28
PBLN_000000000117505,bizinfo,2026년 남원시 국내외 관광객 유치 인센티브 지원 사업 공고,전북특별자치도,https://www.bizinfo.go.kr/sii/siia/selectSIIA200Detail.do?pblancId=PBLN_000000000117505,https://www.bizinfo.go.kr/sii/siia/(공고문)2026년 국내외 관광객 유치 인센티브 지원 사업 공고.hwp,.hwp,C:\dongaAI\3차 프로젝트\0.0\data\attachments\hwp_raw\PBLN_000000000117505_(공고문)2026년 국내외 관광객 유치 인센티브 지원 사업 공고.hwp,download_failed,400 Client Error: Bad Request for url: https://www.bizinfo.go.kr/sii/siia/(%EA%B3%B5%EA%B3%A0%EB%AC%B8)2026%EB%85%84%20%EA%B5%AD%EB%82%B4%EC%99%B8%20%EA%B4%80%EA%B4%91%EA%B0%9D%20%EC%9C%A0%EC%B9%98%20%EC%9D%B8%EC%84%BC%ED%8B%B0%EB%B8%8C%20%EC%A7%80%EC%9B%90%20%EC%82%AC%EC%97%85%20%EA%B3%B5%EA%B3%A0.hwp,2026-07-01T02:36:28
PBLN_000000000117505,bizinfo,2026년 남원시 국내외 관광객 유치 인센티브 지원 사업 공고,전북특별자치도,https://www.bizinfo.go.kr/sii/siia/selectSIIA200Detail.do?pblancId=PBLN_000000000117505,https://www.bizinfo.go.kr/cmm/fms/fileDown.do?atchFileId=FILE_000000000740940&fileSn=0,.hwp,C:\dongaAI\3차 프로젝트\0.0\data\attachments\hwp_raw\PBLN_000000000117505_(ê³µê³ ë¬¸)2026ë  êµ­ë´ì¸ ê´ê´ê° ì ì¹ ì¸ì¼í°ë¸ ì§ì ì¬ì ê³µê³.hwp,downloaded,,2026-07-01T02:36:28
PBLN_000000000117535,bizinfo,[충북] 청주시 2026년 중소기업육성자금 융자(이차보전) 지원계획 공고,충청북도,https://www.bizinfo.go.kr/sii/siia/selectSIIA200Detail.do?pblancId=PBLN_000000000117535,https://www.bizinfo.go.kr/cmm/fms/fileDown.do?atchFileId=FILE_000000000741063&fileSn=0,.hwp,C:\dongaAI\3차 프로젝트\0.0\data\attachments\hwp_raw\PBLN_000000000117535_ë¶ì1) 2026ë  ì¤ìê¸°ì ê²½ììì ìê¸ ì´ìë³´ì  ì§ì ì ì²­ìë¥(ìì).hwp,downloaded,,2026-07-01T02:36:28
PBLN_000000000117535,bizinfo,[충북] 청주시 2026년 중소기업육성자금 융자(이차보전) 지원계획 공고,충청북도,https://www.bizinfo.go.kr/sii/siia/selectSIIA200Detail.do?pblancId=PBLN_000000000117535,https://www.bizinfo.go.kr/cmm/fms/fileDown.do?atchFileId=FILE_000000000741063&fileSn=1,.hwp,C:\dongaAI\3차 프로젝트\0.0\data\attachments\hwp_raw\PBLN_000000000117535_ë¶ì2) 2026ë  ì¤ìê¸°ì í¹ë³ê²½ììì ìê¸ ì´ìë³´ì  ì§ì ì ì²­ìë¥(ìì).hwp,downloaded,,2026-07-01T02:36:28
PBLN_000000000117535,bizinfo,[충북] 청주시 2026년 중소기업육성자금 융자(이차보전) 지원계획 공고,충청북도,https://www.bizinfo.go.kr/sii/siia/selectSIIA200Detail.do?pblancId=PBLN_000000000117535,https://www.bizinfo.go.kr/cmm/fms/fileDown.do?atchFileId=FILE_000000000741063&fileSn=2,.hwp,C:\dongaAI\3차 프로젝트\0.0\data\attachments\hwp_raw\PBLN_000000000117535_ë¶ì3) 2026ë  ì§ìì°ì ì¼í°ë¶ìì ì£¼ìê¸ ì´ìë³´ì  ì§ì ì ì²­ìë¥(ìì).hwp,downloaded,,2026-07-01T02:36:28
PBLN_000000000117535,bizinfo,[충북] 청주시 2026년 중소기업육성자금 융자(이차보전) 지원계획 공고,충청북도,https://www.bizinfo.go.kr/sii/siia/selectSIIA200Detail.do?pblancId=PBLN_000000000117535,https://www.bizinfo.go.kr/cmm/fms/fileDown.do?atchFileId=FILE_000000000741063&fileSn=3,.hwp,C:\dongaAI\3차 프로젝트\0.0\data\attachments\hwp_raw\PBLN_000000000117535_ë³ì²¨) 2026ë  ì²­ì£¼ì ì¤ìê¸°ì ê²½ììì ìê¸ ì´ìë³´ì  ì§ì(ìµìì¶ì²) ì¬ì¬ê¸°ì¤í.hwp,downloaded,,2026-07-01T02:36:28
PBLN_000000000117557,bizinfo,[충북] 충주시 2026년 기술평가 인증 수수료 지원사업 공고,충청북도,https://www.bizinfo.go.kr/sii/siia/selectSIIA200Detail.do?pblancId=PBLN_000000000117557,https://www.bizinfo.go.kr/sii/siia/202601191059220310.hwp,.hwp,C:\dongaAI\3차 프로젝트\0.0\data\attachments\hwp_raw\PBLN_000000000117557_202601191059220310.hwp,download_failed,404 Client Error: Not Found for url: https://www.bizinfo.go.kr/sii/siia/202601191059220310.hwp,2026-07-01T02:36:28
PBLN_000000000117557,bizinfo,[충북] 충주시 2026년 기술평가 인증 수수료 지원사업 공고,충청북도,https://www.bizinfo.go.kr/sii/siia/selectSIIA200Detail.do?pblancId=PBLN_000000000117557,https://www.bizinfo.go.kr/sii/siia/2026년 기술평가 인증 수수료 지원 사업 공고.hwp,.hwp,C:\dongaAI\3차 프로젝트\0.0\data\attachments\hwp_raw\PBLN_000000000117557_2026년 기술평가 인증 수수료 지원 사업 공고.hwp,download_failed,400 Client Error: Bad Request for url: https://www.bizinfo.go.kr/sii/siia/2026%EB%85%84%20%EA%B8%B0%EC%88%A0%ED%8F%89%EA%B0%80%20%EC%9D%B8%EC%A6%9D%20%EC%88%98%EC%88%98%EB%A3%8C%20%EC%A7%80%EC%9B%90%20%EC%82%AC%EC%97%85%20%EA%B3%B5%EA%B3%A0.hwp,2026-07-01T02:36:28
PBLN_000000000117557,bizinfo,[충북] 충주시 2026년 기술평가 인증 수수료 지원사업 공고,충청북도,https://www.bizinfo.go.kr/sii/siia/selectSIIA200Detail.do?pblancId=PBLN_000000000117557,https://www.bizinfo.go.kr/cmm/fms/fileDown.do?atchFileId=FILE_000000000741139&fileSn=0,.hwp,C:\dongaAI\3차 프로젝트\0.0\data\attachments\hwp_raw\PBLN_000000000117557_2026ë  ê¸°ì íê° ì¸ì¦ ììë£ ì§ì ì¬ì ê³µê³.hwp,downloaded,,2026-07-01T02:36:28
PBLN_000000000117559,bizinfo,2026년 단양군 단체관광객 유치 인센티브 지원계획 공고,충청북도,https://www.bizinfo.go.kr/sii/siia/selectSIIA200Detail.do?pblancId=PBLN_000000000117559,https://www.bizinfo.go.kr/sii/siia/202601191128130167.hwp,.hwp,C:\dongaAI\3차 프로젝트\0.0\data\attachments\hwp_raw\PBLN_000000000117559_202601191128130167.hwp,download_failed,404 Client Error: Not Found for url: https://www.bizinfo.go.kr/sii/siia/202601191128130167.hwp,2026-07-01T02:36:28
PBLN_000000000117559,bizinfo,2026년 단양군 단체관광객 유치 인센티브 지원계획 공고,충청북도,https://www.bizinfo.go.kr/sii/siia/selectSIIA200Detail.do?pblancId=PBLN_000000000117559,https://www.bizinfo.go.kr/sii/siia/2026년 단양군 단체관광객 유치 인센티브 지원계획 공고.hwp,.hwp,C:\dongaAI\3차 프로젝트\0.0\data\attachments\hwp_raw\PBLN_000000000117559_2026년 단양군 단체관광객 유치 인센티브 지원계획 공고.hwp,download_failed,400 Client Error: Bad Request for url: https://www.bizinfo.go.kr/sii/siia/2026%EB%85%84%20%EB%8B%A8%EC%96%91%EA%B5%B0%20%EB%8B%A8%EC%B2%B4%EA%B4%80%EA%B4%91%EA%B0%9D%20%EC%9C%A0%EC%B9%98%20%EC%9D%B8%EC%84%BC%ED%8B%B0%EB%B8%8C%20%EC%A7%80%EC%9B%90%EA%B3%84%ED%9A%8D%20%EA%B3%B5%EA%B3%A0.hwp,2026-07-01T02:36:28
PBLN_000000000117559,bizinfo,2026년 단양군 단체관광객 유치 인센티브 지원계획 공고,충청북도,https://www.bizinfo.go.kr/sii/siia/selectSIIA200Detail.do?pblancId=PBLN_000000000117559,https://www.bizinfo.go.kr/cmm/fms/fileDown.do?atchFileId=FILE_000000000741151&fileSn=0,.hwp,C:\dongaAI\3차 프로젝트\0.0\data\attachments\hwp_raw\PBLN_000000000117559_2026ë  ë¨ìêµ° ë¨ì²´ê´ê´ê° ì ì¹ ì¸ì¼í°ë¸ ì§ìê³í ê³µê³.hwp,downloaded,,2026-07-01T02:36:28
PBLN_000000000117599,bizinfo,2026년 미국 현지 변호사 및 관세사와 1:1 온라인 상담 지원 공고,산업통상부,https://www.bizinfo.go.kr/sii/siia/selectSIIA200Detail.do?pblancId=PBLN_000000000117599,https://www.bizinfo.go.kr/sii/siia/202601200945420980.hwp,.hwp,C:\dongaAI\3차 프로젝트\0.0\data\attachments\hwp_raw\PBLN_000000000117599_202601200945420980.hwp,download_failed,404 Client Error: Not Found for url: https://www.bizinfo.go.kr/sii/siia/202601200945420980.hwp,2026-07-01T02:36:29
PBLN_000000000117599,bizinfo,2026년 미국 현지 변호사 및 관세사와 1:1 온라인 상담 지원 공고,산업통상부,https://www.bizinfo.go.kr/sii/siia/selectSIIA200Detail.do?pblancId=PBLN_000000000117599,https://www.bizinfo.go.kr/sii/siia/미국 현지 전문가 온라인 상담 공고문.hwp,.hwp,C:\dongaAI\3차 프로젝트\0.0\data\attachments\hwp_raw\PBLN_000000000117599_미국 현지 전문가 온라인 상담 공고문.hwp,download_failed,400 Client Error: Bad Request for url: https://www.bizinfo.go.kr/sii/siia/%EB%AF%B8%EA%B5%AD%20%ED%98%84%EC%A7%80%20%EC%A0%84%EB%AC%B8%EA%B0%80%20%EC%98%A8%EB%9D%BC%EC%9D%B8%20%EC%83%81%EB%8B%B4%20%EA%B3%B5%EA%B3%A0%EB%AC%B8.hwp,2026-07-01T02:36:29
PBLN_000000000117599,bizinfo,2026년 미국 현지 변호사 및 관세사와 1:1 온라인 상담 지원 공고,산업통상부,https://www.bizinfo.go.kr/sii/siia/selectSIIA200Detail.do?pblancId=PBLN_000000000117599,https://www.bizinfo.go.kr/cmm/fms/fileDown.do?atchFileId=FILE_000000000741229&fileSn=0,.hwp,C:\dongaAI\3차 프로젝트\0.0\data\attachments\hwp_raw\PBLN_000000000117599_ë¯¸êµ­ íì§ ì ë¬¸ê° ì¨ë¼ì¸ ìë´ ê³µê³ ë¬¸.hwp,downloaded,,2026-07-01T02:36:29
PBLN_000000000117631,bizinfo,2026년 정선군 단체관광객 유치 여행사 인센티브 지원 계획 공고,강원특별자치도,https://www.bizinfo.go.kr/sii/siia/selectSIIA200Detail.do?pblancId=PBLN_000000000117631,https://www.bizinfo.go.kr/sii/siia/202601201124270928.hwp,.hwp,C:\dongaAI\3차 프로젝트\0.0\data\attachments\hwp_raw\PBLN_000000000117631_202601201124270928.hwp,download_failed,404 Client Error: Not Found for url: https://www.bizinfo.go.kr/sii/siia/202601201124270928.hwp,2026-07-01T02:36:29
PBLN_000000000117631,bizinfo,2026년 정선군 단체관광객 유치 여행사 인센티브 지원 계획 공고,강원특별자치도,https://www.bizinfo.go.kr/sii/siia/selectSIIA200Detail.do?pblancId=PBLN_000000000117631,https://www.bizinfo.go.kr/sii/siia/2026년 정선군 단체관광객 유치 여행사 인센티브 지원 계획 공고.hwp,.hwp,C:\dongaAI\3차 프로젝트\0.0\data\attachments\hwp_raw\PBLN_000000000117631_2026년 정선군 단체관광객 유치 여행사 인센티브 지원 계획 공고.hwp,download_failed,400 Client Error: Bad Request for url: https://www.bizinfo.go.kr/sii/siia/2026%EB%85%84%20%EC%A0%95%EC%84%A0%EA%B5%B0%20%EB%8B%A8%EC%B2%B4%EA%B4%80%EA%B4%91%EA%B0%9D%20%EC%9C%A0%EC%B9%98%20%EC%97%AC%ED%96%89%EC%82%AC%20%EC%9D%B8%EC%84%BC%ED%8B%B0%EB%B8%8C%20%EC%A7%80%EC%9B%90%20%EA%B3%84%ED%9A%8D%20%EA%B3%B5%EA%B3%A0.hwp,2026-07-01T02:36:29
PBLN_000000000117631,bizinfo,2026년 정선군 단체관광객 유치 여행사 인센티브 지원 계획 공고,강원특별자치도,https://www.bizinfo.go.kr/sii/siia/selectSIIA200Detail.do?pblancId=PBLN_000000000117631,https://www.bizinfo.go.kr/cmm/fms/fileDown.do?atchFileId=FILE_000000000741267&fileSn=0,.hwp,C:\dongaAI\3차 프로젝트\0.0\data\attachments\hwp_raw\PBLN_000000000117631_2026ë  ì ì êµ° ë¨ì²´ê´ê´ê° ì ì¹ ì¬íì¬ ì¸ì¼í°ë¸ ì§ì ê³í ê³µê³.hwp,downloaded,,2026-07-01T02:36:29
PBLN_000000000117654,bizinfo,[강원] 2026년 중소ㆍ벤처기업 투자이음 강화 프로그램 참여기업 연중 상시접수 공고(강원 벤처투자 생태계 조성사업),강원특별자치도,https://www.bizinfo.go.kr/sii/siia/selectSIIA200Detail.do?pblancId=PBLN_000000000117654,https://www.bizinfo.go.kr/sii/siia/202601201418510349.hwp,.hwp,C:\dongaAI\3차 프로젝트\0.0\data\attachments\hwp_raw\PBLN_000000000117654_202601201418510349.hwp,download_failed,404 Client Error: Not Found for url: https://www.bizinfo.go.kr/sii/siia/202601201418510349.hwp,2026-07-01T02:36:29
PBLN_000000000117654,bizinfo,[강원] 2026년 중소ㆍ벤처기업 투자이음 강화 프로그램 참여기업 연중 상시접수 공고(강원 벤처투자 생태계 조성사업),강원특별자치도,https://www.bizinfo.go.kr/sii/siia/selectSIIA200Detail.do?pblancId=PBLN_000000000117654,https://www.bizinfo.go.kr/sii/siia/(공고문) 강원지역 중소벤처기업 투자이음 강화 프로그램 .hwp,.hwp,C:\dongaAI\3차 프로젝트\0.0\data\attachments\hwp_raw\PBLN_000000000117654_(공고문) 강원지역 중소벤처기업 투자이음 강화 프로그램.hwp,download_failed,400 Client Error: Bad Request for url: https://www.bizinfo.go.kr/sii/siia/(%EA%B3%B5%EA%B3%A0%EB%AC%B8)%20%EA%B0%95%EC%9B%90%EC%A7%80%EC%97%AD%20%EC%A4%91%EC%86%8C%EB%B2%A4%EC%B2%98%EA%B8%B0%EC%97%85%20%ED%88%AC%EC%9E%90%EC%9D%B4%EC%9D%8C%20%EA%B0%95%ED%99%94%20%ED%94%84%EB%A1%9C%EA%B7%B8%EB%9E%A8%20.hwp,2026-07-01T02:36:29
PBLN_000000000117654,bizinfo,[강원] 2026년 중소ㆍ벤처기업 투자이음 강화 프로그램 참여기업 연중 상시접수 공고(강원 벤처투자 생태계 조성사업),강원특별자치도,https://www.bizinfo.go.kr/sii/siia/selectSIIA200Detail.do?pblancId=PBLN_000000000117654,https://www.bizinfo.go.kr/cmm/fms/fileDown.do?atchFileId=FILE_000000000741297&fileSn=0,.hwp,C:\dongaAI\3차 프로젝트\0.0\data\attachments\hwp_raw\PBLN_000000000117654_(ê³µê³ ë¬¸) ê°ìì§ì­ ì¤ìë²¤ì²ê¸°ì í¬ìì´ì ê°í íë¡ê·¸ë¨.hwp,downloaded,,2026-07-01T02:36:29
PBLN_000000000117730,bizinfo,[경기] 김포시 2026년 음식점 위생등급 지정업소 종합청소비 지원사업 참여업소 모집 공고,경기도,https://www.bizinfo.go.kr/sii/siia/selectSIIA200Detail.do?pblancId=PBLN_000000000117730,https://www.bizinfo.go.kr/sii/siia/202601220937240077.hwp,.hwp,C:\dongaAI\3차 프로젝트\0.0\data\attachments\hwp_raw\PBLN_000000000117730_202601220937240077.hwp,download_failed,404 Client Error: Not Found for url: https://www.bizinfo.go.kr/sii/siia/202601220937240077.hwp,2026-07-01T02:36:29
PBLN_000000000117730,bizinfo,[경기] 김포시 2026년 음식점 위생등급 지정업소 종합청소비 지원사업 참여업소 모집 공고,경기도,https://www.bizinfo.go.kr/sii/siia/selectSIIA200Detail.do?pblancId=PBLN_000000000117730,https://www.bizinfo.go.kr/sii/siia/2026년 음식점 위생등급제 지정업소 청소비지원 모집공고.hwp,.hwp,C:\dongaAI\3차 프로젝트\0.0\data\attachments\hwp_raw\PBLN_000000000117730_2026년 음식점 위생등급제 지정업소 청소비지원 모집공고.hwp,download_failed,400 Client Error: Bad Request for url: https://www.bizinfo.go.kr/sii/siia/2026%EB%85%84%20%EC%9D%8C%EC%8B%9D%EC%A0%90%20%EC%9C%84%EC%83%9D%EB%93%B1%EA%B8%89%EC%A0%9C%20%EC%A7%80%EC%A0%95%EC%97%85%EC%86%8C%20%EC%B2%AD%EC%86%8C%EB%B9%84%EC%A7%80%EC%9B%90%20%EB%AA%A8%EC%A7%91%EA%B3%B5%EA%B3%A0.hwp,2026-07-01T02:36:29
PBLN_000000000117730,bizinfo,[경기] 김포시 2026년 음식점 위생등급 지정업소 종합청소비 지원사업 참여업소 모집 공고,경기도,https://www.bizinfo.go.kr/sii/siia/selectSIIA200Detail.do?pblancId=PBLN_000000000117730,https://www.bizinfo.go.kr/cmm/fms/fileDown.do?atchFileId=FILE_000000000741501&fileSn=0,.hwp,C:\dongaAI\3차 프로젝트\0.0\data\attachments\hwp_raw\PBLN_000000000117730_2026ë  ììì  ììë±ê¸ì  ì§ì ì ì ì²­ìë¹ì§ì ëª¨ì§ê³µê³.hwp,downloaded,,2026-07-01T02:36:29
PBLN_000000000117794,bizinfo,[경북] 2026년 중소기업 정부기술개발공모사업 선정지원 참여기업 모집 공고,경상북도,https://www.bizinfo.go.kr/sii/siia/selectSIIA200Detail.do?pblancId=PBLN_000000000117794,https://www.bizinfo.go.kr/sii/siia/202601231348140443.hwp,.hwp,C:\dongaAI\3차 프로젝트\0.0\data\attachments\hwp_raw\PBLN_000000000117794_202601231348140443.hwp,download_failed,404 Client Error: Not Found for url: https://www.bizinfo.go.kr/sii/siia/202601231348140443.hwp,2026-07-01T02:36:29
PBLN_000000000117794,bizinfo,[경북] 2026년 중소기업 정부기술개발공모사업 선정지원 참여기업 모집 공고,경상북도,https://www.bizinfo.go.kr/sii/siia/selectSIIA200Detail.do?pblancId=PBLN_000000000117794,https://www.bizinfo.go.kr/sii/siia/[공고문] 2026년 경북 중소기업 정부기술개발 공모사업 선정 지원사업_1.hwp,.hwp,C:\dongaAI\3차 프로젝트\0.0\data\attachments\hwp_raw\PBLN_000000000117794_[공고문] 2026년 경북 중소기업 정부기술개발 공모사업 선정 지원사업_1.hwp,download_failed,400 Client Error: Bad Request for url: https://www.bizinfo.go.kr/sii/siia/%5B%EA%B3%B5%EA%B3%A0%EB%AC%B8%5D%202026%EB%85%84%20%EA%B2%BD%EB%B6%81%20%EC%A4%91%EC%86%8C%EA%B8%B0%EC%97%85%20%EC%A0%95%EB%B6%80%EA%B8%B0%EC%88%A0%EA%B0%9C%EB%B0%9C%20%EA%B3%B5%EB%AA%A8%EC%82%AC%EC%97%85%20%EC%84%A0%EC%A0%95%20%EC%A7%80%EC%9B%90%EC%82%AC%EC%97%85_1.hwp,2026-07-01T02:36:29
PBLN_000000000117794,bizinfo,[경북] 2026년 중소기업 정부기술개발공모사업 선정지원 참여기업 모집 공고,경상북도,https://www.bizinfo.go.kr/sii/siia/selectSIIA200Detail.do?pblancId=PBLN_000000000117794,https://www.bizinfo.go.kr/cmm/fms/fileDown.do?atchFileId=FILE_000000000741692&fileSn=0,.hwp,C:\dongaAI\3차 프로젝트\0.0\data\attachments\hwp_raw\PBLN_000000000117794_[ì ì²­ì] 2026ë  ê²½ë¶ ì¤ìê¸°ì ì ë¶ê¸°ì ê°ë° ê³µëª¨ì¬ì ì ì  ì§ìì¬ì _1.hwp,downloaded,,2026-07-01T02:36:29
PBLN_000000000117794,bizinfo,[경북] 2026년 중소기업 정부기술개발공모사업 선정지원 참여기업 모집 공고,경상북도,https://www.bizinfo.go.kr/sii/siia/selectSIIA200Detail.do?pblancId=PBLN_000000000117794,https://www.bizinfo.go.kr/cmm/fms/fileDown.do?atchFileId=FILE_000000000741691&fileSn=0,.hwp,C:\dongaAI\3차 프로젝트\0.0\data\attachments\hwp_raw\PBLN_000000000117794_[ê³µê³ ë¬¸] 2026ë  ê²½ë¶ ì¤ìê¸°ì ì ë¶ê¸°ì ê°ë° ê³µëª¨ì¬ì ì ì  ì§ìì¬ì _1.hwp,downloaded,,2026-07-01T02:36:29
PBLN_000000000117800,bizinfo,[전남광주] 2026년 청년기업 인증 계획 공고,전남광주통합특별시,https://www.bizinfo.go.kr/sii/siia/selectSIIA200Detail.do?pblancId=PBLN_000000000117800,https://www.bizinfo.go.kr/sii/siia/202601261002110041.hwp,.hwp,C:\dongaAI\3차 프로젝트\0.0\data\attachments\hwp_raw\PBLN_000000000117800_202601261002110041.hwp,download_failed,404 Client Error: Not Found for url: https://www.bizinfo.go.kr/sii/siia/202601261002110041.hwp,2026-07-01T02:36:30
PBLN_000000000117800,bizinfo,[전남광주] 2026년 청년기업 인증 계획 공고,전남광주통합특별시,https://www.bizinfo.go.kr/sii/siia/selectSIIA200Detail.do?pblancId=PBLN_000000000117800,https://www.bizinfo.go.kr/sii/siia/2026년 전라남도 청년기업 인증계획 공고.hwp,.hwp,C:\dongaAI\3차 프로젝트\0.0\data\attachments\hwp_raw\PBLN_000000000117800_2026년 전라남도 청년기업 인증계획 공고.hwp,download_failed,400 Client Error: Bad Request for url: https://www.bizinfo.go.kr/sii/siia/2026%EB%85%84%20%EC%A0%84%EB%9D%BC%EB%82%A8%EB%8F%84%20%EC%B2%AD%EB%85%84%EA%B8%B0%EC%97%85%20%EC%9D%B8%EC%A6%9D%EA%B3%84%ED%9A%8D%20%EA%B3%B5%EA%B3%A0.hwp,2026-07-01T02:36:30
PBLN_000000000117800,bizinfo,[전남광주] 2026년 청년기업 인증 계획 공고,전남광주통합특별시,https://www.bizinfo.go.kr/sii/siia/selectSIIA200Detail.do?pblancId=PBLN_000000000117800,https://www.bizinfo.go.kr/cmm/fms/fileDown.do?atchFileId=FILE_000000000741728&fileSn=0,.hwp,C:\dongaAI\3차 프로젝트\0.0\data\attachments\hwp_raw\PBLN_000000000117800_2026ë  ì ë¼ë¨ë ì²­ë ê¸°ì ì¸ì¦ê³í ê³µê³.hwp,downloaded,,2026-07-01T02:36:30
PBLN_000000000117879,bizinfo,[제주] 2026년 일자리창출 소상공인 사회보험료 지원사업 참여기업 모집 공고,제주특별자치도,https://www.bizinfo.go.kr/sii/siia/selectSIIA200Detail.do?pblancId=PBLN_000000000117879,https://www.bizinfo.go.kr/sii/siia/202601271354440814.hwp,.hwp,C:\dongaAI\3차 프로젝트\0.0\data\attachments\hwp_raw\PBLN_000000000117879_202601271354440814.hwp,download_failed,404 Client Error: Not Found for url: https://www.bizinfo.go.kr/sii/siia/202601271354440814.hwp,2026-07-01T02:36:30
PBLN_000000000117879,bizinfo,[제주] 2026년 일자리창출 소상공인 사회보험료 지원사업 참여기업 모집 공고,제주특별자치도,https://www.bizinfo.go.kr/sii/siia/selectSIIA200Detail.do?pblancId=PBLN_000000000117879,https://www.bizinfo.go.kr/sii/siia/2026년 일자리창출 소상공인 사회보험료 지원사업 참여기업 모집 공고.hwp,.hwp,C:\dongaAI\3차 프로젝트\0.0\data\attachments\hwp_raw\PBLN_000000000117879_2026년 일자리창출 소상공인 사회보험료 지원사업 참여기업 모집 공고.hwp,download_failed,400 Client Error: Bad Request for url: https://www.bizinfo.go.kr/sii/siia/2026%EB%85%84%20%EC%9D%BC%EC%9E%90%EB%A6%AC%EC%B0%BD%EC%B6%9C%20%EC%86%8C%EC%83%81%EA%B3%B5%EC%9D%B8%20%EC%82%AC%ED%9A%8C%EB%B3%B4%ED%97%98%EB%A3%8C%20%EC%A7%80%EC%9B%90%EC%82%AC%EC%97%85%20%EC%B0%B8%EC%97%AC%EA%B8%B0%EC%97%85%20%EB%AA%A8%EC%A7%91%20%EA%B3%B5%EA%B3%A0.hwp,2026-07-01T02:36:30
PBLN_000000000117879,bizinfo,[제주] 2026년 일자리창출 소상공인 사회보험료 지원사업 참여기업 모집 공고,제주특별자치도,https://www.bizinfo.go.kr/sii/siia/selectSIIA200Detail.do?pblancId=PBLN_000000000117879,https://www.bizinfo.go.kr/cmm/fms/fileDown.do?atchFileId=FILE_000000000741934&fileSn=0,.hwp,C:\dongaAI\3차 프로젝트\0.0\data\attachments\hwp_raw\PBLN_000000000117879_2026ë  ì¼ìë¦¬ì°½ì¶ ììê³µì¸ ì¬íë³´íë£ ì§ìì¬ì ì°¸ì¬ê¸°ì ëª¨ì§ ê³µê³.hwp,downloaded,,2026-07-01T02:36:30
PBLN_000000000117902,bizinfo,2026년 현장실습 훈련 지원사업(시니어 인턴십) 기업모집 공고,보건복지부,https://www.bizinfo.go.kr/sii/siia/selectSIIA200Detail.do?pblancId=PBLN_000000000117902,https://www.bizinfo.go.kr/cmm/fms/fileDown.do?atchFileId=FILE_000000000741940&fileSn=2,.hwp,C:\dongaAI\3차 프로젝트\0.0\data\attachments\hwp_raw\PBLN_000000000117902_íì¥ì¤ìµ íë ¨_ê¸°ì ì ì²­ì ê°ì¸.hwp,downloaded,,2026-07-01T02:36:30
PBLN_000000000117920,bizinfo,[경기] 안양시 2026년 소상공인 육성 특례보증 지원계획 공고,경기도,https://www.bizinfo.go.kr/sii/siia/selectSIIA200Detail.do?pblancId=PBLN_000000000117920,https://www.bizinfo.go.kr/sii/siia/202601281332060896.hwp,.hwp,C:\dongaAI\3차 프로젝트\0.0\data\attachments\hwp_raw\PBLN_000000000117920_202601281332060896.hwp,download_failed,404 Client Error: Not Found for url: https://www.bizinfo.go.kr/sii/siia/202601281332060896.hwp,2026-07-01T02:36:30
PBLN_000000000117920,bizinfo,[경기] 안양시 2026년 소상공인 육성 특례보증 지원계획 공고,경기도,https://www.bizinfo.go.kr/sii/siia/selectSIIA200Detail.do?pblancId=PBLN_000000000117920,https://www.bizinfo.go.kr/sii/siia/2026년 소상공인 육성 특례보증 지원 공고문.hwp,.hwp,C:\dongaAI\3차 프로젝트\0.0\data\attachments\hwp_raw\PBLN_000000000117920_2026년 소상공인 육성 특례보증 지원 공고문.hwp,download_failed,400 Client Error: Bad Request for url: https://www.bizinfo.go.kr/sii/siia/2026%EB%85%84%20%EC%86%8C%EC%83%81%EA%B3%B5%EC%9D%B8%20%EC%9C%A1%EC%84%B1%20%ED%8A%B9%EB%A1%80%EB%B3%B4%EC%A6%9D%20%EC%A7%80%EC%9B%90%20%EA%B3%B5%EA%B3%A0%EB%AC%B8.hwp,2026-07-01T02:36:30
PBLN_000000000117920,bizinfo,[경기] 안양시 2026년 소상공인 육성 특례보증 지원계획 공고,경기도,https://www.bizinfo.go.kr/sii/siia/selectSIIA200Detail.do?pblancId=PBLN_000000000117920,https://www.bizinfo.go.kr/cmm/fms/fileDown.do?atchFileId=FILE_000000000742033&fileSn=0,.hwp,C:\dongaAI\3차 프로젝트\0.0\data\attachments\hwp_raw\PBLN_000000000117920_2026ë  ììê³µì¸ ì¡ì± í¹ë¡ë³´ì¦ ì§ì ê³µê³ ë¬¸.hwp,downloaded,,2026-07-01T02:36:30
PBLN_000000000117958,bizinfo,2026년 세종특별자치시 단체관광객 유치 여행사 인센티브 지원사업 계획 공고,세종특별자치시,https://www.bizinfo.go.kr/sii/siia/selectSIIA200Detail.do?pblancId=PBLN_000000000117958,https://www.bizinfo.go.kr/sii/siia/202601291119250648.hwp,.hwp,C:\dongaAI\3차 프로젝트\0.0\data\attachments\hwp_raw\PBLN_000000000117958_202601291119250648.hwp,download_failed,404 Client Error: Not Found for url: https://www.bizinfo.go.kr/sii/siia/202601291119250648.hwp,2026-07-01T02:36:30
PBLN_000000000117958,bizinfo,2026년 세종특별자치시 단체관광객 유치 여행사 인센티브 지원사업 계획 공고,세종특별자치시,https://www.bizinfo.go.kr/sii/siia/selectSIIA200Detail.do?pblancId=PBLN_000000000117958,https://www.bizinfo.go.kr/sii/siia/★260128 2026 세종시 국내외 단체관광객 유치 여행사 인센티브 지원 계획 공고.hwp,.hwp,C:\dongaAI\3차 프로젝트\0.0\data\attachments\hwp_raw\PBLN_000000000117958_★260128 2026 세종시 국내외 단체관광객 유치 여행사 인센티브 지원 계획 공고.hwp,download_failed,400 Client Error: Bad Request for url: https://www.bizinfo.go.kr/sii/siia/%E2%98%85260128%202026%20%EC%84%B8%EC%A2%85%EC%8B%9C%20%EA%B5%AD%EB%82%B4%EC%99%B8%20%EB%8B%A8%EC%B2%B4%EA%B4%80%EA%B4%91%EA%B0%9D%20%EC%9C%A0%EC%B9%98%20%EC%97%AC%ED%96%89%EC%82%AC%20%EC%9D%B8%EC%84%BC%ED%8B%B0%EB%B8%8C%20%EC%A7%80%EC%9B%90%20%EA%B3%84%ED%9A%8D%20%EA%B3%B5%EA%B3%A0.hwp,2026-07-01T02:36:30
PBLN_000000000117958,bizinfo,2026년 세종특별자치시 단체관광객 유치 여행사 인센티브 지원사업 계획 공고,세종특별자치시,https://www.bizinfo.go.kr/sii/siia/selectSIIA200Detail.do?pblancId=PBLN_000000000117958,https://www.bizinfo.go.kr/cmm/fms/fileDown.do?atchFileId=FILE_000000000742134&fileSn=0,.hwp,C:\dongaAI\3차 프로젝트\0.0\data\attachments\hwp_raw\PBLN_000000000117958_â 260128 2026 ì¸ì¢ ì êµ­ë´ì¸ ë¨ì²´ê´ê´ê° ì ì¹ ì¬íì¬ ì¸ì¼í°ë¸ ì§ì ê³í ê³µê³.hwp,downloaded,,2026-07-01T02:36:30
PBLN_000000000118003,bizinfo,[경기] 용인시 2026년 다통해 서포터즈(시민 통번역 서포터즈) 지원사업 공고,경기도,https://www.bizinfo.go.kr/sii/siia/selectSIIA200Detail.do?pblancId=PBLN_000000000118003,https://www.bizinfo.go.kr/cmm/fms/fileDown.do?atchFileId=FILE_000000000742152&fileSn=0,.hwp,C:\dongaAI\3차 프로젝트\0.0\data\attachments\hwp_raw\PBLN_000000000118003_[ìì2]ë²ì­ ìì²­ìë£ ìë¢° ìì.hwp,downloaded,,2026-07-01T02:36:31
PBLN_000000000118003,bizinfo,[경기] 용인시 2026년 다통해 서포터즈(시민 통번역 서포터즈) 지원사업 공고,경기도,https://www.bizinfo.go.kr/sii/siia/selectSIIA200Detail.do?pblancId=PBLN_000000000118003,https://www.bizinfo.go.kr/cmm/fms/fileDown.do?atchFileId=FILE_000000000742152&fileSn=1,.hwp,C:\dongaAI\3차 프로젝트\0.0\data\attachments\hwp_raw\PBLN_000000000118003_[ìì1]ì©ì¸ íµë²ì­ ìí¬í°ì¦ ë°°ì  ì ì²­ì ë° ìì½ì.hwp,downloaded,,2026-07-01T02:36:31
PBLN_000000000118064,bizinfo,[대구] 달성군 2026년 소상공인 경영안정자금 지원사업 공고,대구광역시,https://www.bizinfo.go.kr/sii/siia/selectSIIA200Detail.do?pblancId=PBLN_000000000118064,https://www.bizinfo.go.kr/sii/siia/202602020929130179.hwp,.hwp,C:\dongaAI\3차 프로젝트\0.0\data\attachments\hwp_raw\PBLN_000000000118064_202602020929130179.hwp,download_failed,404 Client Error: Not Found for url: https://www.bizinfo.go.kr/sii/siia/202602020929130179.hwp,2026-07-01T02:36:31
PBLN_000000000118064,bizinfo,[대구] 달성군 2026년 소상공인 경영안정자금 지원사업 공고,대구광역시,https://www.bizinfo.go.kr/sii/siia/selectSIIA200Detail.do?pblancId=PBLN_000000000118064,https://www.bizinfo.go.kr/sii/siia/2026년 소상공인 경영안정자금 지원사업 공고.hwp,.hwp,C:\dongaAI\3차 프로젝트\0.0\data\attachments\hwp_raw\PBLN_000000000118064_2026년 소상공인 경영안정자금 지원사업 공고.hwp,download_failed,400 Client Error: Bad Request for url: https://www.bizinfo.go.kr/sii/siia/2026%EB%85%84%20%EC%86%8C%EC%83%81%EA%B3%B5%EC%9D%B8%20%EA%B2%BD%EC%98%81%EC%95%88%EC%A0%95%EC%9E%90%EA%B8%88%20%EC%A7%80%EC%9B%90%EC%82%AC%EC%97%85%20%EA%B3%B5%EA%B3%A0.hwp,2026-07-01T02:36:31
PBLN_000000000118064,bizinfo,[대구] 달성군 2026년 소상공인 경영안정자금 지원사업 공고,대구광역시,https://www.bizinfo.go.kr/sii/siia/selectSIIA200Detail.do?pblancId=PBLN_000000000118064,https://www.bizinfo.go.kr/cmm/fms/fileDown.do?atchFileId=FILE_000000000742463&fileSn=0,.hwp,C:\dongaAI\3차 프로젝트\0.0\data\attachments\hwp_raw\PBLN_000000000118064_2026ë  ììê³µì¸ ê²½ììì ìê¸ ì§ìì¬ì ê³µê³.hwp,downloaded,,2026-07-01T02:36:31
PBLN_000000000118054,bizinfo,2026년 중소벤처기업부 숙련기능인력(E-7-4) 전환추천 공고,중소벤처기업부,https://www.bizinfo.go.kr/sii/siia/selectSIIA200Detail.do?pblancId=PBLN_000000000118054,https://www.bizinfo.go.kr/sii/siia/202601301400050378.hwp,.hwp,C:\dongaAI\3차 프로젝트\0.0\data\attachments\hwp_raw\PBLN_000000000118054_202601301400050378.hwp,download_failed,404 Client Error: Not Found for url: https://www.bizinfo.go.kr/sii/siia/202601301400050378.hwp,2026-07-01T02:36:31
PBLN_000000000118054,bizinfo,2026년 중소벤처기업부 숙련기능인력(E-7-4) 전환추천 공고,중소벤처기업부,https://www.bizinfo.go.kr/sii/siia/selectSIIA200Detail.do?pblancId=PBLN_000000000118054,https://www.bizinfo.go.kr/sii/siia/26년도_숙련기능인력_E-7-4_전환추천_모집공고(발령번호).hwp,.hwp,C:\dongaAI\3차 프로젝트\0.0\data\attachments\hwp_raw\PBLN_000000000118054_26년도_숙련기능인력_E-7-4_전환추천_모집공고(발령번호).hwp,download_failed,400 Client Error: Bad Request for url: https://www.bizinfo.go.kr/sii/siia/26%EB%85%84%EB%8F%84_%EC%88%99%EB%A0%A8%EA%B8%B0%EB%8A%A5%EC%9D%B8%EB%A0%A5_E-7-4_%EC%A0%84%ED%99%98%EC%B6%94%EC%B2%9C_%EB%AA%A8%EC%A7%91%EA%B3%B5%EA%B3%A0(%EB%B0%9C%EB%A0%B9%EB%B2%88%ED%98%B8).hwp,2026-07-01T02:36:31
PBLN_000000000118054,bizinfo,2026년 중소벤처기업부 숙련기능인력(E-7-4) 전환추천 공고,중소벤처기업부,https://www.bizinfo.go.kr/sii/siia/selectSIIA200Detail.do?pblancId=PBLN_000000000118054,https://www.bizinfo.go.kr/cmm/fms/fileDown.do?atchFileId=FILE_000000000742287&fileSn=0,.hwp,C:\dongaAI\3차 프로젝트\0.0\data\attachments\hwp_raw\PBLN_000000000118054_26ë ë_ìë ¨ê¸°ë¥ì¸ë ¥_E-7-4_ì íì¶ì²_ëª¨ì§ê³µê³ (ë°ë ¹ë²í¸).hwp,downloaded,,2026-07-01T02:36:31
PBLN_000000000118207,bizinfo,[인천] 2026년 농어촌진흥기금 융자지원 사업계획 공고,인천광역시,https://www.bizinfo.go.kr/sii/siia/selectSIIA200Detail.do?pblancId=PBLN_000000000118207,https://www.bizinfo.go.kr/cmm/fms/fileDown.do?atchFileId=FILE_000000000742869&fileSn=0,.hwp,C:\dongaAI\3차 프로젝트\0.0\data\attachments\hwp_raw\PBLN_000000000118207_ëì´ì´ì§í¥ê¸°ê¸ ìµìì§ì(ì´ì°¨ë³´ì ë¹) ì§ì¹¨.hwp,downloaded,,2026-07-01T02:36:31
PBLN_000000000118133,bizinfo,[경북] 2026년 화장품산업 경쟁력 강화사업(성분 분석ㆍ검증 시험인증) 모집공고,경상북도,https://www.bizinfo.go.kr/sii/siia/selectSIIA200Detail.do?pblancId=PBLN_000000000118133,https://www.bizinfo.go.kr/sii/siia/202602031117190271.hwp,.hwp,C:\dongaAI\3차 프로젝트\0.0\data\attachments\hwp_raw\PBLN_000000000118133_202602031117190271.hwp,download_failed,404 Client Error: Not Found for url: https://www.bizinfo.go.kr/sii/siia/202602031117190271.hwp,2026-07-01T02:36:31
PBLN_000000000118133,bizinfo,[경북] 2026년 화장품산업 경쟁력 강화사업(성분 분석ㆍ검증 시험인증) 모집공고,경상북도,https://www.bizinfo.go.kr/sii/siia/selectSIIA200Detail.do?pblancId=PBLN_000000000118133,https://www.bizinfo.go.kr/sii/siia/[공고문] 2026년 화장품산업 경쟁력 강화사업(성분 분석 검증 시험인증) 모집공고.hwp,.hwp,C:\dongaAI\3차 프로젝트\0.0\data\attachments\hwp_raw\PBLN_000000000118133_[공고문] 2026년 화장품산업 경쟁력 강화사업(성분 분석 검증 시험인증) 모집공고.hwp,download_failed,400 Client Error: Bad Request for url: https://www.bizinfo.go.kr/sii/siia/%5B%EA%B3%B5%EA%B3%A0%EB%AC%B8%5D%202026%EB%85%84%20%ED%99%94%EC%9E%A5%ED%92%88%EC%82%B0%EC%97%85%20%EA%B2%BD%EC%9F%81%EB%A0%A5%20%EA%B0%95%ED%99%94%EC%82%AC%EC%97%85(%EC%84%B1%EB%B6%84%20%EB%B6%84%EC%84%9D%20%EA%B2%80%EC%A6%9D%20%EC%8B%9C%ED%97%98%EC%9D%B8%EC%A6%9D)%20%EB%AA%A8%EC%A7%91%EA%B3%B5%EA%B3%A0.hwp,2026-07-01T02:36:31
PBLN_000000000118133,bizinfo,[경북] 2026년 화장품산업 경쟁력 강화사업(성분 분석ㆍ검증 시험인증) 모집공고,경상북도,https://www.bizinfo.go.kr/sii/siia/selectSIIA200Detail.do?pblancId=PBLN_000000000118133,https://www.bizinfo.go.kr/cmm/fms/fileDown.do?atchFileId=FILE_000000000742674&fileSn=1,.hwp,C:\dongaAI\3차 프로젝트\0.0\data\attachments\hwp_raw\PBLN_000000000118133_[ê³µê³ ë¬¸] 2026ë  íì¥íì°ì ê²½ìë ¥ ê°íì¬ì (ì±ë¶ ë¶ì ê²ì¦ ìíì¸ì¦) ëª¨ì§ê³µê³.hwp,downloaded,,2026-07-01T02:36:31
PBLN_000000000118131,bizinfo,[전남광주] 2026년 상반기 일반경영안정자금 지원 공고,전남광주통합특별시,https://www.bizinfo.go.kr/sii/siia/selectSIIA200Detail.do?pblancId=PBLN_000000000118131,https://www.bizinfo.go.kr/sii/siia/202602031106240586.hwp,.hwp,C:\dongaAI\3차 프로젝트\0.0\data\attachments\hwp_raw\PBLN_000000000118131_202602031106240586.hwp,download_failed,404 Client Error: Not Found for url: https://www.bizinfo.go.kr/sii/siia/202602031106240586.hwp,2026-07-01T02:36:31
PBLN_000000000118131,bizinfo,[전남광주] 2026년 상반기 일반경영안정자금 지원 공고,전남광주통합특별시,https://www.bizinfo.go.kr/sii/siia/selectSIIA200Detail.do?pblancId=PBLN_000000000118131,https://www.bizinfo.go.kr/sii/siia/공고문_2026년도 상반기 일반경영안정자금 지원.hwp,.hwp,C:\dongaAI\3차 프로젝트\0.0\data\attachments\hwp_raw\PBLN_000000000118131_공고문_2026년도 상반기 일반경영안정자금 지원.hwp,download_failed,400 Client Error: Bad Request for url: https://www.bizinfo.go.kr/sii/siia/%EA%B3%B5%EA%B3%A0%EB%AC%B8_2026%EB%85%84%EB%8F%84%20%EC%83%81%EB%B0%98%EA%B8%B0%20%EC%9D%BC%EB%B0%98%EA%B2%BD%EC%98%81%EC%95%88%EC%A0%95%EC%9E%90%EA%B8%88%20%EC%A7%80%EC%9B%90.hwp,2026-07-01T02:36:31
PBLN_000000000118131,bizinfo,[전남광주] 2026년 상반기 일반경영안정자금 지원 공고,전남광주통합특별시,https://www.bizinfo.go.kr/sii/siia/selectSIIA200Detail.do?pblancId=PBLN_000000000118131,https://www.bizinfo.go.kr/cmm/fms/fileDown.do?atchFileId=FILE_000000000742664&fileSn=0,.hwp,C:\dongaAI\3차 프로젝트\0.0\data\attachments\hwp_raw\PBLN_000000000118131_ì ì²­ìì_2026ë ë ìë°ê¸° ì¼ë°ê²½ììì ìê¸ ì§ì.hwp,downloaded,,2026-07-01T02:36:31
PBLN_000000000118131,bizinfo,[전남광주] 2026년 상반기 일반경영안정자금 지원 공고,전남광주통합특별시,https://www.bizinfo.go.kr/sii/siia/selectSIIA200Detail.do?pblancId=PBLN_000000000118131,https://www.bizinfo.go.kr/cmm/fms/fileDown.do?atchFileId=FILE_000000000742663&fileSn=0,.hwp,C:\dongaAI\3차 프로젝트\0.0\data\attachments\hwp_raw\PBLN_000000000118131_ê³µê³ ë¬¸_2026ë ë ìë°ê¸° ì¼ë°ê²½ììì ìê¸ ì§ì.hwp,downloaded,,2026-07-01T02:36:32
PBLN_000000000118345,bizinfo,[경기] 광명시 2026년 소규모 유통업 육성자금 지원 공고,경기도,https://www.bizinfo.go.kr/sii/siia/selectSIIA200Detail.do?pblancId=PBLN_000000000118345,https://www.bizinfo.go.kr/sii/siia/202602091513150019.hwp,.hwp,C:\dongaAI\3차 프로젝트\0.0\data\attachments\hwp_raw\PBLN_000000000118345_202602091513150019.hwp,download_failed,404 Client Error: Not Found for url: https://www.bizinfo.go.kr/sii/siia/202602091513150019.hwp,2026-07-01T02:36:32
PBLN_000000000118345,bizinfo,[경기] 광명시 2026년 소규모 유통업 육성자금 지원 공고,경기도,https://www.bizinfo.go.kr/sii/siia/selectSIIA200Detail.do?pblancId=PBLN_000000000118345,https://www.bizinfo.go.kr/sii/siia/2026년 광명시 소규모 유통업 육성자금 지원계획 공고문.hwp,.hwp,C:\dongaAI\3차 프로젝트\0.0\data\attachments\hwp_raw\PBLN_000000000118345_2026년 광명시 소규모 유통업 육성자금 지원계획 공고문.hwp,download_failed,400 Client Error: Bad Request for url: https://www.bizinfo.go.kr/sii/siia/2026%EB%85%84%20%EA%B4%91%EB%AA%85%EC%8B%9C%20%EC%86%8C%EA%B7%9C%EB%AA%A8%20%EC%9C%A0%ED%86%B5%EC%97%85%20%EC%9C%A1%EC%84%B1%EC%9E%90%EA%B8%88%20%EC%A7%80%EC%9B%90%EA%B3%84%ED%9A%8D%20%EA%B3%B5%EA%B3%A0%EB%AC%B8.hwp,2026-07-01T02:36:32
PBLN_000000000118345,bizinfo,[경기] 광명시 2026년 소규모 유통업 육성자금 지원 공고,경기도,https://www.bizinfo.go.kr/sii/siia/selectSIIA200Detail.do?pblancId=PBLN_000000000118345,https://www.bizinfo.go.kr/cmm/fms/fileDown.do?atchFileId=FILE_000000000743363&fileSn=0,.hwp,C:\dongaAI\3차 프로젝트\0.0\data\attachments\hwp_raw\PBLN_000000000118345_2026ë  ê´ëª ì ìê·ëª¨ ì íµì ì¡ì±ìê¸ ì§ìê³í ê³µê³ ë¬¸.hwp,downloaded,,2026-07-01T02:36:32
PBLN_000000000118301,bizinfo,2026년 환경기업 해외 진출 전문 컨설팅 지원사업 상시 모집 공고,기후에너지환경부,https://www.bizinfo.go.kr/sii/siia/selectSIIA200Detail.do?pblancId=PBLN_000000000118301,https://www.bizinfo.go.kr/sii/siia/202602090941330886.hwp,.hwp,C:\dongaAI\3차 프로젝트\0.0\data\attachments\hwp_raw\PBLN_000000000118301_202602090941330886.hwp,download_failed,404 Client Error: Not Found for url: https://www.bizinfo.go.kr/sii/siia/202602090941330886.hwp,2026-07-01T02:36:32
PBLN_000000000118301,bizinfo,2026년 환경기업 해외 진출 전문 컨설팅 지원사업 상시 모집 공고,기후에너지환경부,https://www.bizinfo.go.kr/sii/siia/selectSIIA200Detail.do?pblancId=PBLN_000000000118301,https://www.bizinfo.go.kr/cmm/fms/fileDown.do?atchFileId=FILE_000000000743238&fileSn=0,.hwp,C:\dongaAI\3차 프로젝트\0.0\data\attachments\hwp_raw\PBLN_000000000118301_ì¬ì _ìë´ì.hwp,downloaded,,2026-07-01T02:36:32
PBLN_000000000118301,bizinfo,2026년 환경기업 해외 진출 전문 컨설팅 지원사업 상시 모집 공고,기후에너지환경부,https://www.bizinfo.go.kr/sii/siia/selectSIIA200Detail.do?pblancId=PBLN_000000000118301,https://www.bizinfo.go.kr/cmm/fms/fileDown.do?atchFileId=FILE_000000000743238&fileSn=1,.hwp,C:\dongaAI\3차 프로젝트\0.0\data\attachments\hwp_raw\PBLN_000000000118301_ì»¨ì¤í _ì§ìì¬ì _ê´ë¦¬ì§ì¹¨_ì ë¬¸_20260129.hwp,downloaded,,2026-07-01T02:36:32
PBLN_000000000118301,bizinfo,2026년 환경기업 해외 진출 전문 컨설팅 지원사업 상시 모집 공고,기후에너지환경부,https://www.bizinfo.go.kr/sii/siia/selectSIIA200Detail.do?pblancId=PBLN_000000000118301,https://www.bizinfo.go.kr/cmm/fms/fileDown.do?atchFileId=FILE_000000000743237&fileSn=0,.hwp,C:\dongaAI\3차 프로젝트\0.0\data\attachments\hwp_raw\PBLN_000000000118301_ì¬ì _ê³µê³ ë¬¸.hwp,downloaded,,2026-07-01T02:36:32
PBLN_000000000118395,bizinfo,[경기] 2026년 기술닥터사업 공고,경기도,https://www.bizinfo.go.kr/sii/siia/selectSIIA200Detail.do?pblancId=PBLN_000000000118395,https://www.bizinfo.go.kr/sii/siia/202602101457070158.hwp,.hwp,C:\dongaAI\3차 프로젝트\0.0\data\attachments\hwp_raw\PBLN_000000000118395_202602101457070158.hwp,download_failed,404 Client Error: Not Found for url: https://www.bizinfo.go.kr/sii/siia/202602101457070158.hwp,2026-07-01T02:36:32
PBLN_000000000118395,bizinfo,[경기] 2026년 기술닥터사업 공고,경기도,https://www.bizinfo.go.kr/sii/siia/selectSIIA200Detail.do?pblancId=PBLN_000000000118395,https://www.bizinfo.go.kr/sii/siia/2026-375_★2026년 기술닥터사업 공고문.hwp,.hwp,C:\dongaAI\3차 프로젝트\0.0\data\attachments\hwp_raw\PBLN_000000000118395_2026-375_★2026년 기술닥터사업 공고문.hwp,download_failed,400 Client Error: Bad Request for url: https://www.bizinfo.go.kr/sii/siia/2026-375_%E2%98%852026%EB%85%84%20%EA%B8%B0%EC%88%A0%EB%8B%A5%ED%84%B0%EC%82%AC%EC%97%85%20%EA%B3%B5%EA%B3%A0%EB%AC%B8.hwp,2026-07-01T02:36:32
PBLN_000000000118395,bizinfo,[경기] 2026년 기술닥터사업 공고,경기도,https://www.bizinfo.go.kr/sii/siia/selectSIIA200Detail.do?pblancId=PBLN_000000000118395,https://www.bizinfo.go.kr/cmm/fms/fileDown.do?atchFileId=FILE_000000000743503&fileSn=0,.hwp,C:\dongaAI\3차 프로젝트\0.0\data\attachments\hwp_raw\PBLN_000000000118395_2026-375_â 2026ë  ê¸°ì ë¥í°ì¬ì ê³µê³ ë¬¸.hwp,downloaded,,2026-07-01T02:36:32
PBLN_000000000118467,bizinfo,[부산] 2026년 중소기업 ISO 인증 지원사업 모집 공고,부산광역시,https://www.bizinfo.go.kr/sii/siia/selectSIIA200Detail.do?pblancId=PBLN_000000000118467,https://www.bizinfo.go.kr/sii/siia/202602121109240389.hwp,.hwp,C:\dongaAI\3차 프로젝트\0.0\data\attachments\hwp_raw\PBLN_000000000118467_202602121109240389.hwp,download_failed,404 Client Error: Not Found for url: https://www.bizinfo.go.kr/sii/siia/202602121109240389.hwp,2026-07-01T02:36:33
PBLN_000000000118467,bizinfo,[부산] 2026년 중소기업 ISO 인증 지원사업 모집 공고,부산광역시,https://www.bizinfo.go.kr/sii/siia/selectSIIA200Detail.do?pblancId=PBLN_000000000118467,https://www.bizinfo.go.kr/sii/siia/「2026 중소기업 ISO 인증 지원사업」모집 공고(안).hwp,.hwp,C:\dongaAI\3차 프로젝트\0.0\data\attachments\hwp_raw\PBLN_000000000118467_「2026 중소기업 ISO 인증 지원사업」모집 공고(안).hwp,download_failed,400 Client Error: Bad Request for url: https://www.bizinfo.go.kr/sii/siia/%E3%80%8C2026%20%EC%A4%91%EC%86%8C%EA%B8%B0%EC%97%85%20ISO%20%EC%9D%B8%EC%A6%9D%20%EC%A7%80%EC%9B%90%EC%82%AC%EC%97%85%E3%80%8D%EB%AA%A8%EC%A7%91%20%EA%B3%B5%EA%B3%A0(%EC%95%88).hwp,2026-07-01T02:36:33
PBLN_000000000118467,bizinfo,[부산] 2026년 중소기업 ISO 인증 지원사업 모집 공고,부산광역시,https://www.bizinfo.go.kr/sii/siia/selectSIIA200Detail.do?pblancId=PBLN_000000000118467,https://www.bizinfo.go.kr/cmm/fms/fileDown.do?atchFileId=FILE_000000000743735&fileSn=0,.hwp,C:\dongaAI\3차 프로젝트\0.0\data\attachments\hwp_raw\PBLN_000000000118467_ã2026 ì¤ìê¸°ì ISO ì¸ì¦ ì§ìì¬ì ãëª¨ì§ ê³µê³ (ì).hwp,downloaded,,2026-07-01T02:36:33
PBLN_000000000118744,bizinfo,[제주] 관광사업체 대상 국내 현지 방문 판촉 영업 활동 지원 사업 공고,제주특별자치도,https://www.bizinfo.go.kr/sii/siia/selectSIIA200Detail.do?pblancId=PBLN_000000000118744,https://www.bizinfo.go.kr/sii/siia/202602231400070222.hwp,.hwp,C:\dongaAI\3차 프로젝트\0.0\data\attachments\hwp_raw\PBLN_000000000118744_202602231400070222.hwp,download_failed,404 Client Error: Not Found for url: https://www.bizinfo.go.kr/sii/siia/202602231400070222.hwp,2026-07-01T02:36:33
PBLN_000000000118744,bizinfo,[제주] 관광사업체 대상 국내 현지 방문 판촉 영업 활동 지원 사업 공고,제주특별자치도,https://www.bizinfo.go.kr/sii/siia/selectSIIA200Detail.do?pblancId=PBLN_000000000118744,https://www.bizinfo.go.kr/cmm/fms/fileDown.do?atchFileId=FILE_000000000744340&fileSn=0,.hwp,C:\dongaAI\3차 프로젝트\0.0\data\attachments\hwp_raw\PBLN_000000000118744_[ìì] ì¬ì ì ì²­ì(êµ­ë´ íì§ íì´ íë).hwp,downloaded,,2026-07-01T02:36:33
PBLN_000000000118744,bizinfo,[제주] 관광사업체 대상 국내 현지 방문 판촉 영업 활동 지원 사업 공고,제주특별자치도,https://www.bizinfo.go.kr/sii/siia/selectSIIA200Detail.do?pblancId=PBLN_000000000118744,https://www.bizinfo.go.kr/cmm/fms/fileDown.do?atchFileId=FILE_000000000744340&fileSn=1,.hwp,C:\dongaAI\3차 프로젝트\0.0\data\attachments\hwp_raw\PBLN_000000000118744_[ìì] ê²°ê³¼ì ì²­ì(êµ­ë´ íì§ íì´ íë).hwp,downloaded,,2026-07-01T02:36:33
PBLN_000000000118744,bizinfo,[제주] 관광사업체 대상 국내 현지 방문 판촉 영업 활동 지원 사업 공고,제주특별자치도,https://www.bizinfo.go.kr/sii/siia/selectSIIA200Detail.do?pblancId=PBLN_000000000118744,https://www.bizinfo.go.kr/cmm/fms/fileDown.do?atchFileId=FILE_000000000744339&fileSn=0,.hwp,C:\dongaAI\3차 프로젝트\0.0\data\attachments\hwp_raw\PBLN_000000000118744_[ê³µê³ ] ëë´ ê´ê´ì¬ì ì²´ ëì êµ­ë´ íì§ ë°©ë¬¸ íì´ ìì íë ì§ì.hwp,downloaded,,2026-07-01T02:36:33
PBLN_000000000118750,bizinfo,[경남] 진주시 2026년 중소기업 국내외 인증수수료 지원사업 공고,경상남도,https://www.bizinfo.go.kr/sii/siia/selectSIIA200Detail.do?pblancId=PBLN_000000000118750,https://www.bizinfo.go.kr/sii/siia/202602231433010156.hwp,.hwp,C:\dongaAI\3차 프로젝트\0.0\data\attachments\hwp_raw\PBLN_000000000118750_202602231433010156.hwp,download_failed,404 Client Error: Not Found for url: https://www.bizinfo.go.kr/sii/siia/202602231433010156.hwp,2026-07-01T02:36:33
PBLN_000000000118750,bizinfo,[경남] 진주시 2026년 중소기업 국내외 인증수수료 지원사업 공고,경상남도,https://www.bizinfo.go.kr/sii/siia/selectSIIA200Detail.do?pblancId=PBLN_000000000118750,https://www.bizinfo.go.kr/sii/siia/공고문(2026년 진주시 중소기업 국내외 인증수수료 지원사업).hwp,.hwp,C:\dongaAI\3차 프로젝트\0.0\data\attachments\hwp_raw\PBLN_000000000118750_공고문(2026년 진주시 중소기업 국내외 인증수수료 지원사업).hwp,download_failed,400 Client Error: Bad Request for url: https://www.bizinfo.go.kr/sii/siia/%EA%B3%B5%EA%B3%A0%EB%AC%B8(2026%EB%85%84%20%EC%A7%84%EC%A3%BC%EC%8B%9C%20%EC%A4%91%EC%86%8C%EA%B8%B0%EC%97%85%20%EA%B5%AD%EB%82%B4%EC%99%B8%20%EC%9D%B8%EC%A6%9D%EC%88%98%EC%88%98%EB%A3%8C%20%EC%A7%80%EC%9B%90%EC%82%AC%EC%97%85).hwp,2026-07-01T02:36:33
PBLN_000000000118750,bizinfo,[경남] 진주시 2026년 중소기업 국내외 인증수수료 지원사업 공고,경상남도,https://www.bizinfo.go.kr/sii/siia/selectSIIA200Detail.do?pblancId=PBLN_000000000118750,https://www.bizinfo.go.kr/cmm/fms/fileDown.do?atchFileId=FILE_000000000744349&fileSn=0,.hwp,C:\dongaAI\3차 프로젝트\0.0\data\attachments\hwp_raw\PBLN_000000000118750_ê³µê³ ë¬¸(2026ë  ì§ì£¼ì ì¤ìê¸°ì êµ­ë´ì¸ ì¸ì¦ììë£ ì§ìì¬ì ).hwp,downloaded,,2026-07-01T02:36:33
PBLN_000000000118752,bizinfo,2026년 한국농수산식품유통공사(aT) 안전성 검사비 지원사업 공고,농림축산식품부,https://www.bizinfo.go.kr/sii/siia/selectSIIA200Detail.do?pblancId=PBLN_000000000118752,https://www.bizinfo.go.kr/cmm/fms/fileDown.do?atchFileId=FILE_000000000744328&fileSn=1,.hwp,C:\dongaAI\3차 프로젝트\0.0\data\attachments\hwp_raw\PBLN_000000000118752_(ë¶ì2)+2026ë +ìì ì±ê²ì¬ë¹(ìë¥ëì½+ë°+ìíìì)+ì§ìì¬ì +ì ì²­ìë¥(ìì).hwp,downloaded,,2026-07-01T02:36:33
PBLN_000000000118752,bizinfo,2026년 한국농수산식품유통공사(aT) 안전성 검사비 지원사업 공고,농림축산식품부,https://www.bizinfo.go.kr/sii/siia/selectSIIA200Detail.do?pblancId=PBLN_000000000118752,https://www.bizinfo.go.kr/cmm/fms/fileDown.do?atchFileId=FILE_000000000744327&fileSn=0,.hwp,C:\dongaAI\3차 프로젝트\0.0\data\attachments\hwp_raw\PBLN_000000000118752_(ë¶ì1)+2026ë +ìì ì±ê²ì¬ë¹(ìë¥ëì½+ë°+ìíìì)+ì§ìì¬ì +ê³µê³.hwp,downloaded,,2026-07-01T02:36:33
PBLN_000000000118881,bizinfo,[인천] 2026년 소공인 경영안정 및 성장지원을 위한 소공인 지원 특례보증 지원사업 공고,인천광역시,https://www.bizinfo.go.kr/sii/siia/selectSIIA200Detail.do?pblancId=PBLN_000000000118881,https://www.bizinfo.go.kr/sii/siia/202602251530520546.hwp,.hwp,C:\dongaAI\3차 프로젝트\0.0\data\attachments\hwp_raw\PBLN_000000000118881_202602251530520546.hwp,download_failed,404 Client Error: Not Found for url: https://www.bizinfo.go.kr/sii/siia/202602251530520546.hwp,2026-07-01T02:36:33
PBLN_000000000118881,bizinfo,[인천] 2026년 소공인 경영안정 및 성장지원을 위한 소공인 지원 특례보증 지원사업 공고,인천광역시,https://www.bizinfo.go.kr/sii/siia/selectSIIA200Detail.do?pblancId=PBLN_000000000118881,https://www.bizinfo.go.kr/sii/siia/공고문(2026년 소공인).hwp,.hwp,C:\dongaAI\3차 프로젝트\0.0\data\attachments\hwp_raw\PBLN_000000000118881_공고문(2026년 소공인).hwp,download_failed,400 Client Error: Bad Request for url: https://www.bizinfo.go.kr/sii/siia/%EA%B3%B5%EA%B3%A0%EB%AC%B8(2026%EB%85%84%20%EC%86%8C%EA%B3%B5%EC%9D%B8).hwp,2026-07-01T02:36:33
PBLN_000000000118881,bizinfo,[인천] 2026년 소공인 경영안정 및 성장지원을 위한 소공인 지원 특례보증 지원사업 공고,인천광역시,https://www.bizinfo.go.kr/sii/siia/selectSIIA200Detail.do?pblancId=PBLN_000000000118881,https://www.bizinfo.go.kr/cmm/fms/fileDown.do?atchFileId=FILE_000000000744668&fileSn=1,.hwp,C:\dongaAI\3차 프로젝트\0.0\data\attachments\hwp_raw\PBLN_000000000118881_ê³µê³ ë¬¸(2026ë  ìê³µì¸).hwp,downloaded,,2026-07-01T02:36:33
PBLN_000000000118927,bizinfo,[강원] 2026년 직장문화ㆍ환경개선지원사업 참여기업 모집 공고,강원특별자치도,https://www.bizinfo.go.kr/sii/siia/selectSIIA200Detail.do?pblancId=PBLN_000000000118927,https://www.bizinfo.go.kr/sii/siia/202602261400150107.hwp,.hwp,C:\dongaAI\3차 프로젝트\0.0\data\attachments\hwp_raw\PBLN_000000000118927_202602261400150107.hwp,download_failed,404 Client Error: Not Found for url: https://www.bizinfo.go.kr/sii/siia/202602261400150107.hwp,2026-07-01T02:36:34
PBLN_000000000118927,bizinfo,[강원] 2026년 직장문화ㆍ환경개선지원사업 참여기업 모집 공고,강원특별자치도,https://www.bizinfo.go.kr/sii/siia/selectSIIA200Detail.do?pblancId=PBLN_000000000118927,https://www.bizinfo.go.kr/cmm/fms/fileDown.do?atchFileId=FILE_000000000744803&fileSn=0,.hwp,C:\dongaAI\3차 프로젝트\0.0\data\attachments\hwp_raw\PBLN_000000000118927_[ìì2] ê¸°ì íê²½ê°ì ì¬ì ì ì²­ì ìì.hwp,downloaded,,2026-07-01T02:36:34
PBLN_000000000118927,bizinfo,[강원] 2026년 직장문화ㆍ환경개선지원사업 참여기업 모집 공고,강원특별자치도,https://www.bizinfo.go.kr/sii/siia/selectSIIA200Detail.do?pblancId=PBLN_000000000118927,https://www.bizinfo.go.kr/cmm/fms/fileDown.do?atchFileId=FILE_000000000744803&fileSn=1,.hwp,C:\dongaAI\3차 프로젝트\0.0\data\attachments\hwp_raw\PBLN_000000000118927_[ìì1] ê¸°ì´íí©ì§ë¨ ì²´í¬ë¦¬ì¤í¸ ìì.hwp,downloaded,,2026-07-01T02:36:34
PBLN_000000000118927,bizinfo,[강원] 2026년 직장문화ㆍ환경개선지원사업 참여기업 모집 공고,강원특별자치도,https://www.bizinfo.go.kr/sii/siia/selectSIIA200Detail.do?pblancId=PBLN_000000000118927,https://www.bizinfo.go.kr/cmm/fms/fileDown.do?atchFileId=FILE_000000000744802&fileSn=0,.hwp,C:\dongaAI\3차 프로젝트\0.0\data\attachments\hwp_raw\PBLN_000000000118927_[ë¶ì1]â26 ì§ì¥ë¬¸ííê²½ê°ì ì§ìì¬ì ì°¸ì¬ê¸°ì ëª¨ì§ ê³µê³ ë¬¸.hwp,downloaded,,2026-07-01T02:36:34
PBLN_000000000119064,bizinfo,2026년 자동차용 반도체 기능안전ㆍ신뢰성 산업혁신기반구축사업 기업지원 모집 공고,산업통상부,https://www.bizinfo.go.kr/sii/siia/selectSIIA200Detail.do?pblancId=PBLN_000000000119064,https://www.bizinfo.go.kr/cmm/fms/fileDown.do?atchFileId=FILE_000000000745323&fileSn=0,.hwp,C:\dongaAI\3차 프로젝트\0.0\data\attachments\hwp_raw\PBLN_000000000119064_ë¶ì2. ê¸°ì ì§ì ì ì²­ì ë° ì ë³´ìì§ì´ì©ì ê³µ ëìì.hwp,downloaded,,2026-07-01T02:36:34
PBLN_000000000119083,bizinfo,[충북] 2026년 소상공인 IP출원(상표출원) 지원 사업 소상공인 수혜자 모집 공고,충청북도,https://www.bizinfo.go.kr/sii/siia/selectSIIA200Detail.do?pblancId=PBLN_000000000119083,https://www.bizinfo.go.kr/sii/siia/202603041110000745.hwp,.hwp,C:\dongaAI\3차 프로젝트\0.0\data\attachments\hwp_raw\PBLN_000000000119083_202603041110000745.hwp,download_failed,404 Client Error: Not Found for url: https://www.bizinfo.go.kr/sii/siia/202603041110000745.hwp,2026-07-01T02:36:34
PBLN_000000000119083,bizinfo,[충북] 2026년 소상공인 IP출원(상표출원) 지원 사업 소상공인 수혜자 모집 공고,충청북도,https://www.bizinfo.go.kr/sii/siia/selectSIIA200Detail.do?pblancId=PBLN_000000000119083,https://www.bizinfo.go.kr/sii/siia/붙임1. 2026 소상공인IP창출지원_IP출원지원(상표)_모집공고문(충북).hwp,.hwp,C:\dongaAI\3차 프로젝트\0.0\data\attachments\hwp_raw\PBLN_000000000119083_붙임1. 2026 소상공인IP창출지원_IP출원지원(상표)_모집공고문(충북).hwp,download_failed,400 Client Error: Bad Request for url: https://www.bizinfo.go.kr/sii/siia/%EB%B6%99%EC%9E%841.%202026%20%EC%86%8C%EC%83%81%EA%B3%B5%EC%9D%B8IP%EC%B0%BD%EC%B6%9C%EC%A7%80%EC%9B%90_IP%EC%B6%9C%EC%9B%90%EC%A7%80%EC%9B%90(%EC%83%81%ED%91%9C)_%EB%AA%A8%EC%A7%91%EA%B3%B5%EA%B3%A0%EB%AC%B8(%EC%B6%A9%EB%B6%81).hwp,2026-07-01T02:36:34
PBLN_000000000119083,bizinfo,[충북] 2026년 소상공인 IP출원(상표출원) 지원 사업 소상공인 수혜자 모집 공고,충청북도,https://www.bizinfo.go.kr/sii/siia/selectSIIA200Detail.do?pblancId=PBLN_000000000119083,https://www.bizinfo.go.kr/cmm/fms/fileDown.do?atchFileId=FILE_000000000745371&fileSn=0,.hwp,C:\dongaAI\3차 프로젝트\0.0\data\attachments\hwp_raw\PBLN_000000000119083_ë¶ì2. 202.hwp,downloaded,,2026-07-01T02:36:34
PBLN_000000000119083,bizinfo,[충북] 2026년 소상공인 IP출원(상표출원) 지원 사업 소상공인 수혜자 모집 공고,충청북도,https://www.bizinfo.go.kr/sii/siia/selectSIIA200Detail.do?pblancId=PBLN_000000000119083,https://www.bizinfo.go.kr/cmm/fms/fileDown.do?atchFileId=FILE_000000000745330&fileSn=0,.hwp,C:\dongaAI\3차 프로젝트\0.0\data\attachments\hwp_raw\PBLN_000000000119083_ë¶ì1. 2026 ììê³µì¸IPì°½ì¶ì§ì_IPì¶ìì§ì(ìí)_ëª¨ì§ê³µê³ ë¬¸(ì¶©ë¶).hwp,downloaded,,2026-07-01T02:36:34
PBLN_000000000119181,bizinfo,[충북] 2026년 소부장 지원 전문가 스테이션 운영사업 기술애로 지원 모집 공고,충청북도,https://www.bizinfo.go.kr/sii/siia/selectSIIA200Detail.do?pblancId=PBLN_000000000119181,https://www.bizinfo.go.kr/sii/siia/202603060939380481.hwp,.hwp,C:\dongaAI\3차 프로젝트\0.0\data\attachments\hwp_raw\PBLN_000000000119181_202603060939380481.hwp,download_failed,404 Client Error: Not Found for url: https://www.bizinfo.go.kr/sii/siia/202603060939380481.hwp,2026-07-01T02:36:34
PBLN_000000000119181,bizinfo,[충북] 2026년 소부장 지원 전문가 스테이션 운영사업 기술애로 지원 모집 공고,충청북도,https://www.bizinfo.go.kr/sii/siia/selectSIIA200Detail.do?pblancId=PBLN_000000000119181,https://www.bizinfo.go.kr/sii/siia/붙임 1. 소부장 기술애로 지원 공고문.hwp,.hwp,C:\dongaAI\3차 프로젝트\0.0\data\attachments\hwp_raw\PBLN_000000000119181_붙임 1. 소부장 기술애로 지원 공고문.hwp,download_failed,400 Client Error: Bad Request for url: https://www.bizinfo.go.kr/sii/siia/%EB%B6%99%EC%9E%84%201.%20%EC%86%8C%EB%B6%80%EC%9E%A5%20%EA%B8%B0%EC%88%A0%EC%95%A0%EB%A1%9C%20%EC%A7%80%EC%9B%90%20%EA%B3%B5%EA%B3%A0%EB%AC%B8.hwp,2026-07-01T02:36:34
PBLN_000000000119181,bizinfo,[충북] 2026년 소부장 지원 전문가 스테이션 운영사업 기술애로 지원 모집 공고,충청북도,https://www.bizinfo.go.kr/sii/siia/selectSIIA200Detail.do?pblancId=PBLN_000000000119181,https://www.bizinfo.go.kr/cmm/fms/fileDown.do?atchFileId=FILE_000000000745685&fileSn=0,.hwp,C:\dongaAI\3차 프로젝트\0.0\data\attachments\hwp_raw\PBLN_000000000119181_ë¶ì 2. ìë¶ì¥ ê¸°ì ì ë¡ ì§ì ì ì²­ì.hwp,downloaded,,2026-07-01T02:36:34
PBLN_000000000119181,bizinfo,[충북] 2026년 소부장 지원 전문가 스테이션 운영사업 기술애로 지원 모집 공고,충청북도,https://www.bizinfo.go.kr/sii/siia/selectSIIA200Detail.do?pblancId=PBLN_000000000119181,https://www.bizinfo.go.kr/cmm/fms/fileDown.do?atchFileId=FILE_000000000745684&fileSn=0,.hwp,C:\dongaAI\3차 프로젝트\0.0\data\attachments\hwp_raw\PBLN_000000000119181_ë¶ì 1. ìë¶ì¥ ê¸°ì ì ë¡ ì§ì ê³µê³ ë¬¸.hwp,downloaded,,2026-07-01T02:36:34
PBLN_000000000119193,bizinfo,[전남광주] 2026년 직장문화 개선 컨설팅 참여 기업ㆍ기관 신청 안내 공고,전남광주통합특별시,https://www.bizinfo.go.kr/sii/siia/selectSIIA200Detail.do?pblancId=PBLN_000000000119193,https://www.bizinfo.go.kr/sii/siia/202603061059390061.hwp,.hwp,C:\dongaAI\3차 프로젝트\0.0\data\attachments\hwp_raw\PBLN_000000000119193_202603061059390061.hwp,download_failed,404 Client Error: Not Found for url: https://www.bizinfo.go.kr/sii/siia/202603061059390061.hwp,2026-07-01T02:36:34
PBLN_000000000119193,bizinfo,[전남광주] 2026년 직장문화 개선 컨설팅 참여 기업ㆍ기관 신청 안내 공고,전남광주통합특별시,https://www.bizinfo.go.kr/sii/siia/selectSIIA200Detail.do?pblancId=PBLN_000000000119193,https://www.bizinfo.go.kr/sii/siia/직장문화 개선 컨설팅 지원신청 안내 및 신청서.hwp,.hwp,C:\dongaAI\3차 프로젝트\0.0\data\attachments\hwp_raw\PBLN_000000000119193_직장문화 개선 컨설팅 지원신청 안내 및 신청서.hwp,download_failed,400 Client Error: Bad Request for url: https://www.bizinfo.go.kr/sii/siia/%EC%A7%81%EC%9E%A5%EB%AC%B8%ED%99%94%20%EA%B0%9C%EC%84%A0%20%EC%BB%A8%EC%84%A4%ED%8C%85%20%EC%A7%80%EC%9B%90%EC%8B%A0%EC%B2%AD%20%EC%95%88%EB%82%B4%20%EB%B0%8F%20%EC%8B%A0%EC%B2%AD%EC%84%9C.hwp,2026-07-01T02:36:34
PBLN_000000000119193,bizinfo,[전남광주] 2026년 직장문화 개선 컨설팅 참여 기업ㆍ기관 신청 안내 공고,전남광주통합특별시,https://www.bizinfo.go.kr/sii/siia/selectSIIA200Detail.do?pblancId=PBLN_000000000119193,https://www.bizinfo.go.kr/cmm/fms/fileDown.do?atchFileId=FILE_000000000745723&fileSn=0,.hwp,C:\dongaAI\3차 프로젝트\0.0\data\attachments\hwp_raw\PBLN_000000000119193_ì§ì¥ë¬¸í ê°ì ì»¨ì¤í ì§ìì ì²­ ìë´ ë° ì ì²­ì.hwp,downloaded,,2026-07-01T02:36:34
PBLN_000000000119201,bizinfo,2026년 중소기업 연구인력 현장맞춤형 양성지원 사업 시행계획 공고,중소벤처기업부,https://www.bizinfo.go.kr/sii/siia/selectSIIA200Detail.do?pblancId=PBLN_000000000119201,https://www.bizinfo.go.kr/cmm/fms/fileDown.do?atchFileId=FILE_000000000745746&fileSn=0,.hwp,C:\dongaAI\3차 프로젝트\0.0\data\attachments\hwp_raw\PBLN_000000000119201_ë¶ì1_ì¤ìê¸°ì ì°êµ¬ì¸ë ¥ íì¥ë§ì¶¤í ìì±ì§ì ì¬ì ì§ìê¸°ì ì ì²­ì ë° ê°ì¸ì ë³.hwp,downloaded,,2026-07-01T02:36:34
PBLN_000000000119201,bizinfo,2026년 중소기업 연구인력 현장맞춤형 양성지원 사업 시행계획 공고,중소벤처기업부,https://www.bizinfo.go.kr/sii/siia/selectSIIA200Detail.do?pblancId=PBLN_000000000119201,https://www.bizinfo.go.kr/cmm/fms/fileDown.do?atchFileId=FILE_000000000745746&fileSn=1,.hwp,C:\dongaAI\3차 프로젝트\0.0\data\attachments\hwp_raw\PBLN_000000000119201_ë¶ì2_ì¤ìê¸°ì ì°êµ¬ì¸ë ¥ íì¥ë§ì¶¤í ìì±ì§ì ì¬ì ì°êµ¬ì¸ë ¥ ì ì²­ì ë° ê°ì¸ì ë.hwp,downloaded,,2026-07-01T02:36:35
PBLN_000000000119201,bizinfo,2026년 중소기업 연구인력 현장맞춤형 양성지원 사업 시행계획 공고,중소벤처기업부,https://www.bizinfo.go.kr/sii/siia/selectSIIA200Detail.do?pblancId=PBLN_000000000119201,https://www.bizinfo.go.kr/cmm/fms/fileDown.do?atchFileId=FILE_000000000745745&fileSn=0,.hwp,C:\dongaAI\3차 프로젝트\0.0\data\attachments\hwp_raw\PBLN_000000000119201_(ê³µê³ ì 2026-001í¸)2026ë ë ì¤ìê¸°ì ì°êµ¬ì¸ë ¥ íì¥ë§ì¶¤í ìì±ì§ìì¬ì 1ì°¨ ìíê³.hwp,downloaded,,2026-07-01T02:36:35
PBLN_000000000119218,bizinfo,[제주] 2026년 중소기업육성자금 융자지원계획 변경 공고,제주특별자치도,https://www.bizinfo.go.kr/sii/siia/selectSIIA200Detail.do?pblancId=PBLN_000000000119218,https://www.bizinfo.go.kr/sii/siia/202603061359160063.hwp,.hwp,C:\dongaAI\3차 프로젝트\0.0\data\attachments\hwp_raw\PBLN_000000000119218_202603061359160063.hwp,download_failed,404 Client Error: Not Found for url: https://www.bizinfo.go.kr/sii/siia/202603061359160063.hwp,2026-07-01T02:36:35
PBLN_000000000119218,bizinfo,[제주] 2026년 중소기업육성자금 융자지원계획 변경 공고,제주특별자치도,https://www.bizinfo.go.kr/sii/siia/selectSIIA200Detail.do?pblancId=PBLN_000000000119218,https://www.bizinfo.go.kr/sii/siia/2026년 제주특별자치도 중소기업육성자금 융자지원계획 변경공고.hwp,.hwp,C:\dongaAI\3차 프로젝트\0.0\data\attachments\hwp_raw\PBLN_000000000119218_2026년 제주특별자치도 중소기업육성자금 융자지원계획 변경공고.hwp,download_failed,400 Client Error: Bad Request for url: https://www.bizinfo.go.kr/sii/siia/2026%EB%85%84%20%EC%A0%9C%EC%A3%BC%ED%8A%B9%EB%B3%84%EC%9E%90%EC%B9%98%EB%8F%84%20%EC%A4%91%EC%86%8C%EA%B8%B0%EC%97%85%EC%9C%A1%EC%84%B1%EC%9E%90%EA%B8%88%20%EC%9C%B5%EC%9E%90%EC%A7%80%EC%9B%90%EA%B3%84%ED%9A%8D%20%EB%B3%80%EA%B2%BD%EA%B3%B5%EA%B3%A0.hwp,2026-07-01T02:36:35
PBLN_000000000119218,bizinfo,[제주] 2026년 중소기업육성자금 융자지원계획 변경 공고,제주특별자치도,https://www.bizinfo.go.kr/sii/siia/selectSIIA200Detail.do?pblancId=PBLN_000000000119218,https://www.bizinfo.go.kr/cmm/fms/fileDown.do?atchFileId=FILE_000000000745769&fileSn=0,.hwp,C:\dongaAI\3차 프로젝트\0.0\data\attachments\hwp_raw\PBLN_000000000119218_2026ë  ì ì£¼í¹ë³ìì¹ë ì¤ìê¸°ì ì¡ì±ìê¸ ìµìì§ìê³í ë³ê²½ê³µê³.hwp,downloaded,,2026-07-01T02:36:35
PBLN_000000000119274,bizinfo,[전남광주] 2026년 공동안전관리자 지원사업 참여기업 모집 공고,전남광주통합특별시,https://www.bizinfo.go.kr/sii/siia/selectSIIA200Detail.do?pblancId=PBLN_000000000119274,https://www.bizinfo.go.kr/cmm/fms/fileDown.do?atchFileId=FILE_000000000745985&fileSn=1,.hwp,C:\dongaAI\3차 프로젝트\0.0\data\attachments\hwp_raw\PBLN_000000000119274_2026ë ë ê³µëìì ê´ë¦¬ì ì§ìì¬ì ì°¸ì¬ì ì²­ì.hwp,downloaded,,2026-07-01T02:36:35
PBLN_000000000119420,bizinfo,[대전] 2026년 수출보증보험료 지원사업 참가기업 모집 공고,대전광역시,https://www.bizinfo.go.kr/sii/siia/selectSIIA200Detail.do?pblancId=PBLN_000000000119420,https://www.bizinfo.go.kr/sii/siia/202603121345030963.hwp,.hwp,C:\dongaAI\3차 프로젝트\0.0\data\attachments\hwp_raw\PBLN_000000000119420_202603121345030963.hwp,download_failed,404 Client Error: Not Found for url: https://www.bizinfo.go.kr/sii/siia/202603121345030963.hwp,2026-07-01T02:36:35
PBLN_000000000119420,bizinfo,[대전] 2026년 수출보증보험료 지원사업 참가기업 모집 공고,대전광역시,https://www.bizinfo.go.kr/sii/siia/selectSIIA200Detail.do?pblancId=PBLN_000000000119420,https://www.bizinfo.go.kr/sii/siia/2026년_대전광역시청_수출보증보험료_지원사업_공고문.hwp,.hwp,C:\dongaAI\3차 프로젝트\0.0\data\attachments\hwp_raw\PBLN_000000000119420_2026년_대전광역시청_수출보증보험료_지원사업_공고문.hwp,download_failed,400 Client Error: Bad Request for url: https://www.bizinfo.go.kr/sii/siia/2026%EB%85%84_%EB%8C%80%EC%A0%84%EA%B4%91%EC%97%AD%EC%8B%9C%EC%B2%AD_%EC%88%98%EC%B6%9C%EB%B3%B4%EC%A6%9D%EB%B3%B4%ED%97%98%EB%A3%8C_%EC%A7%80%EC%9B%90%EC%82%AC%EC%97%85_%EA%B3%B5%EA%B3%A0%EB%AC%B8.hwp,2026-07-01T02:36:35
PBLN_000000000119420,bizinfo,[대전] 2026년 수출보증보험료 지원사업 참가기업 모집 공고,대전광역시,https://www.bizinfo.go.kr/sii/siia/selectSIIA200Detail.do?pblancId=PBLN_000000000119420,https://www.bizinfo.go.kr/cmm/fms/fileDown.do?atchFileId=FILE_000000000746550&fileSn=0,.hwp,C:\dongaAI\3차 프로젝트\0.0\data\attachments\hwp_raw\PBLN_000000000119420_2026ë _ëì ê´ì­ìì²­_ìì¶ë³´ì¦ë³´íë£_ì§ìì¬ì _ê³µê³ ë¬¸.hwp,downloaded,,2026-07-01T02:36:35
PBLN_000000000119457,bizinfo,[경기] 평택시 2026년 장비 활용 지원사업 기업 모집 공고,경기도,https://www.bizinfo.go.kr/sii/siia/selectSIIA200Detail.do?pblancId=PBLN_000000000119457,https://www.bizinfo.go.kr/cmm/fms/fileDown.do?atchFileId=FILE_000000000746685&fileSn=0,.hwp,C:\dongaAI\3차 프로젝트\0.0\data\attachments\hwp_raw\PBLN_000000000119457_2026ë ë ï½¢ì¥ë¹ íì© ì§ìì¬ì ï½£ ì ì²­ìì.hwp,downloaded,,2026-07-01T02:36:35
PBLN_000000000119834,bizinfo,[전남광주] 2026년 벤처기업육성자금 지원계획 공고,전남광주통합특별시,https://www.bizinfo.go.kr/sii/siia/selectSIIA200Detail.do?pblancId=PBLN_000000000119834,https://www.bizinfo.go.kr/sii/siia/202603231440340884.hwp,.hwp,C:\dongaAI\3차 프로젝트\0.0\data\attachments\hwp_raw\PBLN_000000000119834_202603231440340884.hwp,download_failed,404 Client Error: Not Found for url: https://www.bizinfo.go.kr/sii/siia/202603231440340884.hwp,2026-07-01T02:36:35
PBLN_000000000119834,bizinfo,[전남광주] 2026년 벤처기업육성자금 지원계획 공고,전남광주통합특별시,https://www.bizinfo.go.kr/sii/siia/selectSIIA200Detail.do?pblancId=PBLN_000000000119834,https://www.bizinfo.go.kr/sii/siia/☆2026년도 벤처기업육성자금 공고문.hwp,.hwp,C:\dongaAI\3차 프로젝트\0.0\data\attachments\hwp_raw\PBLN_000000000119834_☆2026년도 벤처기업육성자금 공고문.hwp,download_failed,400 Client Error: Bad Request for url: https://www.bizinfo.go.kr/sii/siia/%E2%98%862026%EB%85%84%EB%8F%84%20%EB%B2%A4%EC%B2%98%EA%B8%B0%EC%97%85%EC%9C%A1%EC%84%B1%EC%9E%90%EA%B8%88%20%EA%B3%B5%EA%B3%A0%EB%AC%B8.hwp,2026-07-01T02:36:35
PBLN_000000000119834,bizinfo,[전남광주] 2026년 벤처기업육성자금 지원계획 공고,전남광주통합특별시,https://www.bizinfo.go.kr/sii/siia/selectSIIA200Detail.do?pblancId=PBLN_000000000119834,https://www.bizinfo.go.kr/cmm/fms/fileDown.do?atchFileId=FILE_000000000748009&fileSn=0,.hwp,C:\dongaAI\3차 프로젝트\0.0\data\attachments\hwp_raw\PBLN_000000000119834_â2026ë ë ë²¤ì²ê¸°ì ì¡ì±ìê¸ ê³µê³ ë¬¸.hwp,downloaded,,2026-07-01T02:36:35
PBLN_000000000119693,bizinfo,[경기] 2026년 중소기업 R&D 기획ㆍ컨설팅 사업 모집 공고,경기도,https://www.bizinfo.go.kr/sii/siia/selectSIIA200Detail.do?pblancId=PBLN_000000000119693,https://www.bizinfo.go.kr/cmm/fms/fileDown.do?atchFileId=FILE_000000000747498&fileSn=1,.hwp,C:\dongaAI\3차 프로젝트\0.0\data\attachments\hwp_raw\PBLN_000000000119693_ë¶ì 1. R&Dê¸°í ì»¨ì¤í ì ì²­ì.hwp,downloaded,,2026-07-01T02:36:35
PBLN_000000000119727,bizinfo,[부산] 2026년 중소기업 빅데이터 분석 활용 지원사업 참가기업 모집 공고,부산광역시,https://www.bizinfo.go.kr/sii/siia/selectSIIA200Detail.do?pblancId=PBLN_000000000119727,https://www.bizinfo.go.kr/sii/siia/202603191428210533.hwp,.hwp,C:\dongaAI\3차 프로젝트\0.0\data\attachments\hwp_raw\PBLN_000000000119727_202603191428210533.hwp,download_failed,404 Client Error: Not Found for url: https://www.bizinfo.go.kr/sii/siia/202603191428210533.hwp,2026-07-01T02:36:35
PBLN_000000000119727,bizinfo,[부산] 2026년 중소기업 빅데이터 분석 활용 지원사업 참가기업 모집 공고,부산광역시,https://www.bizinfo.go.kr/sii/siia/selectSIIA200Detail.do?pblancId=PBLN_000000000119727,https://www.bizinfo.go.kr/sii/siia/(공고문)2026년+중소기업+빅데이터+분석+활용+지원사업+참가기업+모집.hwp,.hwp,C:\dongaAI\3차 프로젝트\0.0\data\attachments\hwp_raw\PBLN_000000000119727_(공고문)2026년+중소기업+빅데이터+분석+활용+지원사업+참가기업+모집.hwp,download_failed,400 Client Error: Bad Request for url: https://www.bizinfo.go.kr/sii/siia/(%EA%B3%B5%EA%B3%A0%EB%AC%B8)2026%EB%85%84+%EC%A4%91%EC%86%8C%EA%B8%B0%EC%97%85+%EB%B9%85%EB%8D%B0%EC%9D%B4%ED%84%B0+%EB%B6%84%EC%84%9D+%ED%99%9C%EC%9A%A9+%EC%A7%80%EC%9B%90%EC%82%AC%EC%97%85+%EC%B0%B8%EA%B0%80%EA%B8%B0%EC%97%85+%EB%AA%A8%EC%A7%91.hwp,2026-07-01T02:36:35
PBLN_000000000119727,bizinfo,[부산] 2026년 중소기업 빅데이터 분석 활용 지원사업 참가기업 모집 공고,부산광역시,https://www.bizinfo.go.kr/sii/siia/selectSIIA200Detail.do?pblancId=PBLN_000000000119727,https://www.bizinfo.go.kr/cmm/fms/fileDown.do?atchFileId=FILE_000000000747620&fileSn=0,.hwp,C:\dongaAI\3차 프로젝트\0.0\data\attachments\hwp_raw\PBLN_000000000119727_(ê³µê³ ë¬¸)2026ë +ì¤ìê¸°ì +ë¹ ë°ì´í°+ë¶ì+íì©+ì§ìì¬ì +ì°¸ê°ê¸°ì +ëª¨ì§.hwp,downloaded,,2026-07-01T02:36:35
PBLN_000000000119892,bizinfo,[대구] 2026년 중소기업경영안정자금 지원계획 변경 공고(이자지원),대구광역시,https://www.bizinfo.go.kr/sii/siia/selectSIIA200Detail.do?pblancId=PBLN_000000000119892,https://www.bizinfo.go.kr/sii/siia/202603241504100857.hwp,.hwp,C:\dongaAI\3차 프로젝트\0.0\data\attachments\hwp_raw\PBLN_000000000119892_202603241504100857.hwp,download_failed,404 Client Error: Not Found for url: https://www.bizinfo.go.kr/sii/siia/202603241504100857.hwp,2026-07-01T02:36:35
PBLN_000000000119892,bizinfo,[대구] 2026년 중소기업경영안정자금 지원계획 변경 공고(이자지원),대구광역시,https://www.bizinfo.go.kr/sii/siia/selectSIIA200Detail.do?pblancId=PBLN_000000000119892,https://www.bizinfo.go.kr/sii/siia/(공고문) 2026년 대구광역시 중소기업 경영안정자금 지원계획 변경 공고(안).hwp,.hwp,C:\dongaAI\3차 프로젝트\0.0\data\attachments\hwp_raw\PBLN_000000000119892_(공고문) 2026년 대구광역시 중소기업 경영안정자금 지원계획 변경 공고(안).hwp,download_failed,400 Client Error: Bad Request for url: https://www.bizinfo.go.kr/sii/siia/(%EA%B3%B5%EA%B3%A0%EB%AC%B8)%202026%EB%85%84%20%EB%8C%80%EA%B5%AC%EA%B4%91%EC%97%AD%EC%8B%9C%20%EC%A4%91%EC%86%8C%EA%B8%B0%EC%97%85%20%EA%B2%BD%EC%98%81%EC%95%88%EC%A0%95%EC%9E%90%EA%B8%88%20%EC%A7%80%EC%9B%90%EA%B3%84%ED%9A%8D%20%EB%B3%80%EA%B2%BD%20%EA%B3%B5%EA%B3%A0(%EC%95%88).hwp,2026-07-01T02:36:36
PBLN_000000000119892,bizinfo,[대구] 2026년 중소기업경영안정자금 지원계획 변경 공고(이자지원),대구광역시,https://www.bizinfo.go.kr/sii/siia/selectSIIA200Detail.do?pblancId=PBLN_000000000119892,https://www.bizinfo.go.kr/cmm/fms/fileDown.do?atchFileId=FILE_000000000748205&fileSn=1,.hwp,C:\dongaAI\3차 프로젝트\0.0\data\attachments\hwp_raw\PBLN_000000000119892_(ì ì²­ìì)2026ë  ëêµ¬ê´ì­ì ì¤ìê¸°ì ê²½ììì ìê¸ì ì²­ì ë° ì ë³´íì©ëìì ì.hwp,downloaded,,2026-07-01T02:36:36
PBLN_000000000119892,bizinfo,[대구] 2026년 중소기업경영안정자금 지원계획 변경 공고(이자지원),대구광역시,https://www.bizinfo.go.kr/sii/siia/selectSIIA200Detail.do?pblancId=PBLN_000000000119892,https://www.bizinfo.go.kr/cmm/fms/fileDown.do?atchFileId=FILE_000000000748204&fileSn=1,.hwp,C:\dongaAI\3차 프로젝트\0.0\data\attachments\hwp_raw\PBLN_000000000119892_(ê³µê³ ë¬¸) 2026ë  ëêµ¬ê´ì­ì ì¤ìê¸°ì ê²½ììì ìê¸ ì§ìê³í ë³ê²½ ê³µê³ (ì).hwp,downloaded,,2026-07-01T02:36:36
PBLN_000000000119957,bizinfo,[부산] 기계ㆍ부품ㆍ철강산업 숙련기술자 고용안정 지원사업 참여 기업 및 참여자 모집 공고,부산광역시,https://www.bizinfo.go.kr/sii/siia/selectSIIA200Detail.do?pblancId=PBLN_000000000119957,https://www.bizinfo.go.kr/sii/siia/202603251529010839.hwp,.hwp,C:\dongaAI\3차 프로젝트\0.0\data\attachments\hwp_raw\PBLN_000000000119957_202603251529010839.hwp,download_failed,404 Client Error: Not Found for url: https://www.bizinfo.go.kr/sii/siia/202603251529010839.hwp,2026-07-01T02:36:36
PBLN_000000000119957,bizinfo,[부산] 기계ㆍ부품ㆍ철강산업 숙련기술자 고용안정 지원사업 참여 기업 및 참여자 모집 공고,부산광역시,https://www.bizinfo.go.kr/sii/siia/selectSIIA200Detail.do?pblancId=PBLN_000000000119957,https://www.bizinfo.go.kr/sii/siia/[공고문] 부산 기계·부품·철강산업 숙련기술자 고용안정 지원사업.hwp,.hwp,C:\dongaAI\3차 프로젝트\0.0\data\attachments\hwp_raw\PBLN_000000000119957_[공고문] 부산 기계·부품·철강산업 숙련기술자 고용안정 지원사업.hwp,download_failed,400 Client Error: Bad Request for url: https://www.bizinfo.go.kr/sii/siia/%5B%EA%B3%B5%EA%B3%A0%EB%AC%B8%5D%20%EB%B6%80%EC%82%B0%20%EA%B8%B0%EA%B3%84%C2%B7%EB%B6%80%ED%92%88%C2%B7%EC%B2%A0%EA%B0%95%EC%82%B0%EC%97%85%20%EC%88%99%EB%A0%A8%EA%B8%B0%EC%88%A0%EC%9E%90%20%EA%B3%A0%EC%9A%A9%EC%95%88%EC%A0%95%20%EC%A7%80%EC%9B%90%EC%82%AC%EC%97%85.hwp,2026-07-01T02:36:36
PBLN_000000000119957,bizinfo,[부산] 기계ㆍ부품ㆍ철강산업 숙련기술자 고용안정 지원사업 참여 기업 및 참여자 모집 공고,부산광역시,https://www.bizinfo.go.kr/sii/siia/selectSIIA200Detail.do?pblancId=PBLN_000000000119957,https://www.bizinfo.go.kr/cmm/fms/fileDown.do?atchFileId=FILE_000000000748423&fileSn=0,.hwp,C:\dongaAI\3차 프로젝트\0.0\data\attachments\hwp_raw\PBLN_000000000119957_[ê³µê³ ë¬¸] ë¶ì° ê¸°ê³Â·ë¶íÂ·ì² ê°ì°ì ìë ¨ê¸°ì ì ê³ ì©ìì  ì§ìì¬ì.hwp,downloaded,,2026-07-01T02:36:36
PBLN_000000000120158,bizinfo,[경기] 양주시 2026년 중소기업 및 소상공인 운전자금 이차보전 지원 공고,경기도,https://www.bizinfo.go.kr/sii/siia/selectSIIA200Detail.do?pblancId=PBLN_000000000120158,https://www.bizinfo.go.kr/sii/siia/202603311019160436.hwp,.hwp,C:\dongaAI\3차 프로젝트\0.0\data\attachments\hwp_raw\PBLN_000000000120158_202603311019160436.hwp,download_failed,404 Client Error: Not Found for url: https://www.bizinfo.go.kr/sii/siia/202603311019160436.hwp,2026-07-01T02:36:36
PBLN_000000000120158,bizinfo,[경기] 양주시 2026년 중소기업 및 소상공인 운전자금 이차보전 지원 공고,경기도,https://www.bizinfo.go.kr/sii/siia/selectSIIA200Detail.do?pblancId=PBLN_000000000120158,https://www.bizinfo.go.kr/sii/siia/2026년 양주시 중소기업 및 소상공인 운전자금 이차보전 지원 공고문.hwp,.hwp,C:\dongaAI\3차 프로젝트\0.0\data\attachments\hwp_raw\PBLN_000000000120158_2026년 양주시 중소기업 및 소상공인 운전자금 이차보전 지원 공고문.hwp,download_failed,400 Client Error: Bad Request for url: https://www.bizinfo.go.kr/sii/siia/2026%EB%85%84%20%EC%96%91%EC%A3%BC%EC%8B%9C%20%EC%A4%91%EC%86%8C%EA%B8%B0%EC%97%85%20%EB%B0%8F%20%EC%86%8C%EC%83%81%EA%B3%B5%EC%9D%B8%20%EC%9A%B4%EC%A0%84%EC%9E%90%EA%B8%88%20%EC%9D%B4%EC%B0%A8%EB%B3%B4%EC%A0%84%20%EC%A7%80%EC%9B%90%20%EA%B3%B5%EA%B3%A0%EB%AC%B8.hwp,2026-07-01T02:36:36
PBLN_000000000120158,bizinfo,[경기] 양주시 2026년 중소기업 및 소상공인 운전자금 이차보전 지원 공고,경기도,https://www.bizinfo.go.kr/sii/siia/selectSIIA200Detail.do?pblancId=PBLN_000000000120158,https://www.bizinfo.go.kr/cmm/fms/fileDown.do?atchFileId=FILE_000000000749133&fileSn=0,.hwp,C:\dongaAI\3차 프로젝트\0.0\data\attachments\hwp_raw\PBLN_000000000120158_2026ë  ìì£¼ì ì¤ìê¸°ì ë° ììê³µì¸ ì´ì ìê¸ ì´ì°¨ë³´ì  ì§ì ê³µê³ ë¬¸.hwp,downloaded,,2026-07-01T02:36:36
PBLN_000000000120134,bizinfo,[전남광주] 2026년 평동산업단지 중소기업 보증료 지원사업 공고,전남광주통합특별시,https://www.bizinfo.go.kr/sii/siia/selectSIIA200Detail.do?pblancId=PBLN_000000000120134,https://www.bizinfo.go.kr/sii/siia/202603301444350453.hwp,.hwp,C:\dongaAI\3차 프로젝트\0.0\data\attachments\hwp_raw\PBLN_000000000120134_202603301444350453.hwp,download_failed,404 Client Error: Not Found for url: https://www.bizinfo.go.kr/sii/siia/202603301444350453.hwp,2026-07-01T02:36:36
PBLN_000000000120134,bizinfo,[전남광주] 2026년 평동산업단지 중소기업 보증료 지원사업 공고,전남광주통합특별시,https://www.bizinfo.go.kr/sii/siia/selectSIIA200Detail.do?pblancId=PBLN_000000000120134,https://www.bizinfo.go.kr/sii/siia/(공고)2026년+평동산업단지+중소기업+보증료+지원사업+공고문.hwp,.hwp,C:\dongaAI\3차 프로젝트\0.0\data\attachments\hwp_raw\PBLN_000000000120134_(공고)2026년+평동산업단지+중소기업+보증료+지원사업+공고문.hwp,download_failed,400 Client Error: Bad Request for url: https://www.bizinfo.go.kr/sii/siia/(%EA%B3%B5%EA%B3%A0)2026%EB%85%84+%ED%8F%89%EB%8F%99%EC%82%B0%EC%97%85%EB%8B%A8%EC%A7%80+%EC%A4%91%EC%86%8C%EA%B8%B0%EC%97%85+%EB%B3%B4%EC%A6%9D%EB%A3%8C+%EC%A7%80%EC%9B%90%EC%82%AC%EC%97%85+%EA%B3%B5%EA%B3%A0%EB%AC%B8.hwp,2026-07-01T02:36:36
PBLN_000000000120134,bizinfo,[전남광주] 2026년 평동산업단지 중소기업 보증료 지원사업 공고,전남광주통합특별시,https://www.bizinfo.go.kr/sii/siia/selectSIIA200Detail.do?pblancId=PBLN_000000000120134,https://www.bizinfo.go.kr/cmm/fms/fileDown.do?atchFileId=FILE_000000000749056&fileSn=0,.hwp,C:\dongaAI\3차 프로젝트\0.0\data\attachments\hwp_raw\PBLN_000000000120134_(ë¶ì)2026ë +íëì°ì ë¨ì§+ì¤ìê¸°ì +ë³´ì¦ë£+ì§ìì¬ì.hwp,downloaded,,2026-07-01T02:36:36
PBLN_000000000120134,bizinfo,[전남광주] 2026년 평동산업단지 중소기업 보증료 지원사업 공고,전남광주통합특별시,https://www.bizinfo.go.kr/sii/siia/selectSIIA200Detail.do?pblancId=PBLN_000000000120134,https://www.bizinfo.go.kr/cmm/fms/fileDown.do?atchFileId=FILE_000000000749055&fileSn=0,.hwp,C:\dongaAI\3차 프로젝트\0.0\data\attachments\hwp_raw\PBLN_000000000120134_(ê³µê³ )2026ë +íëì°ì ë¨ì§+ì¤ìê¸°ì +ë³´ì¦ë£+ì§ìì¬ì +ê³µê³ ë¬¸.hwp,downloaded,,2026-07-01T02:36:36
PBLN_000000000120135,bizinfo,[전남광주] 2026년 하남산업단지 중소기업 보증료 지원사업 공고,전남광주통합특별시,https://www.bizinfo.go.kr/sii/siia/selectSIIA200Detail.do?pblancId=PBLN_000000000120135,https://www.bizinfo.go.kr/sii/siia/202603301450580363.hwp,.hwp,C:\dongaAI\3차 프로젝트\0.0\data\attachments\hwp_raw\PBLN_000000000120135_202603301450580363.hwp,download_failed,404 Client Error: Not Found for url: https://www.bizinfo.go.kr/sii/siia/202603301450580363.hwp,2026-07-01T02:36:36
PBLN_000000000120135,bizinfo,[전남광주] 2026년 하남산업단지 중소기업 보증료 지원사업 공고,전남광주통합특별시,https://www.bizinfo.go.kr/sii/siia/selectSIIA200Detail.do?pblancId=PBLN_000000000120135,https://www.bizinfo.go.kr/sii/siia/2026년+하남산업단지+중소기업+보증료+지원사업+공고문.hwp,.hwp,C:\dongaAI\3차 프로젝트\0.0\data\attachments\hwp_raw\PBLN_000000000120135_2026년+하남산업단지+중소기업+보증료+지원사업+공고문.hwp,download_failed,400 Client Error: Bad Request for url: https://www.bizinfo.go.kr/sii/siia/2026%EB%85%84+%ED%95%98%EB%82%A8%EC%82%B0%EC%97%85%EB%8B%A8%EC%A7%80+%EC%A4%91%EC%86%8C%EA%B8%B0%EC%97%85+%EB%B3%B4%EC%A6%9D%EB%A3%8C+%EC%A7%80%EC%9B%90%EC%82%AC%EC%97%85+%EA%B3%B5%EA%B3%A0%EB%AC%B8.hwp,2026-07-01T02:36:36
PBLN_000000000120135,bizinfo,[전남광주] 2026년 하남산업단지 중소기업 보증료 지원사업 공고,전남광주통합특별시,https://www.bizinfo.go.kr/sii/siia/selectSIIA200Detail.do?pblancId=PBLN_000000000120135,https://www.bizinfo.go.kr/cmm/fms/fileDown.do?atchFileId=FILE_000000000749060&fileSn=1,.hwp,C:\dongaAI\3차 프로젝트\0.0\data\attachments\hwp_raw\PBLN_000000000120135_2026ë +íë¨ì°ì ë¨ì§+ì¤ìê¸°ì +ë³´ì¦ë£+ì§ìì ì²­ì+ë±(ìì1~3).hwp,downloaded,,2026-07-01T02:36:36
PBLN_000000000120135,bizinfo,[전남광주] 2026년 하남산업단지 중소기업 보증료 지원사업 공고,전남광주통합특별시,https://www.bizinfo.go.kr/sii/siia/selectSIIA200Detail.do?pblancId=PBLN_000000000120135,https://www.bizinfo.go.kr/cmm/fms/fileDown.do?atchFileId=FILE_000000000749059&fileSn=1,.hwp,C:\dongaAI\3차 프로젝트\0.0\data\attachments\hwp_raw\PBLN_000000000120135_2026ë +íë¨ì°ì ë¨ì§+ì¤ìê¸°ì +ë³´ì¦ë£+ì§ìì¬ì +ê³µê³ ë¬¸.hwp,downloaded,,2026-07-01T02:36:37
PBLN_000000000120250,bizinfo,[전남광주] 2026년 가족친화인증 지원 및 가족친화경영문화 확산을 위한 가족친화경영 컨설팅 참여 기업(관) 모집 공고,전남광주통합특별시,https://www.bizinfo.go.kr/sii/siia/selectSIIA200Detail.do?pblancId=PBLN_000000000120250,https://www.bizinfo.go.kr/cmm/fms/fileDown.do?atchFileId=FILE_000000000749439&fileSn=0,.hwp,C:\dongaAI\3차 프로젝트\0.0\data\attachments\hwp_raw\PBLN_000000000120250_(ë¶ì1)ê°ì¡±ì¹íê²½ìì»¨ì¤í ì ì²­ì(ìì).hwp,downloaded,,2026-07-01T02:36:37
PBLN_000000000120250,bizinfo,[전남광주] 2026년 가족친화인증 지원 및 가족친화경영문화 확산을 위한 가족친화경영 컨설팅 참여 기업(관) 모집 공고,전남광주통합특별시,https://www.bizinfo.go.kr/sii/siia/selectSIIA200Detail.do?pblancId=PBLN_000000000120250,https://www.bizinfo.go.kr/cmm/fms/fileDown.do?atchFileId=FILE_000000000749439&fileSn=1,.hwp,C:\dongaAI\3차 프로젝트\0.0\data\attachments\hwp_raw\PBLN_000000000120250_(ë¶ì2)ê°ì¡±ì¹íê²½ìì»¨ì¤í ëìì(ìì).hwp,downloaded,,2026-07-01T02:36:37
PBLN_000000000120250,bizinfo,[전남광주] 2026년 가족친화인증 지원 및 가족친화경영문화 확산을 위한 가족친화경영 컨설팅 참여 기업(관) 모집 공고,전남광주통합특별시,https://www.bizinfo.go.kr/sii/siia/selectSIIA200Detail.do?pblancId=PBLN_000000000120250,https://www.bizinfo.go.kr/cmm/fms/fileDown.do?atchFileId=FILE_000000000749438&fileSn=0,.hwp,C:\dongaAI\3차 프로젝트\0.0\data\attachments\hwp_raw\PBLN_000000000120250_2026ë  ê°ì¡±ì¹íê²½ì ì»¨ì¤í ê³µê³ ë¬¸.hwp,downloaded,,2026-07-01T02:36:37
PBLN_000000000120262,bizinfo,2026년 노사문화 우수기업 및 대상 선정 계획 공고,고용노동부,https://www.bizinfo.go.kr/sii/siia/selectSIIA200Detail.do?pblancId=PBLN_000000000120262,https://www.bizinfo.go.kr/cmm/fms/fileDown.do?atchFileId=FILE_000000000749485&fileSn=0,.hwp,C:\dongaAI\3차 프로젝트\0.0\data\attachments\hwp_raw\PBLN_000000000120262_1. 2026ë  ë ¸ì¬ë¬¸í ì°ìê¸°ì Â·ëì ì ì  ê³í(ìµì¢ ).hwp,downloaded,,2026-07-01T02:36:37
PBLN_000000000120342,bizinfo,2026년 기업승계 M&A 활성화를 위한 컨설팅 지원사업 시행계획 공고,중소벤처기업부,https://www.bizinfo.go.kr/sii/siia/selectSIIA200Detail.do?pblancId=PBLN_000000000120342,https://www.bizinfo.go.kr/sii/siia/202604031057390511.hwp,.hwp,C:\dongaAI\3차 프로젝트\0.0\data\attachments\hwp_raw\PBLN_000000000120342_202604031057390511.hwp,download_failed,404 Client Error: Not Found for url: https://www.bizinfo.go.kr/sii/siia/202604031057390511.hwp,2026-07-01T02:36:37
PBLN_000000000120342,bizinfo,2026년 기업승계 M&A 활성화를 위한 컨설팅 지원사업 시행계획 공고,중소벤처기업부,https://www.bizinfo.go.kr/sii/siia/selectSIIA200Detail.do?pblancId=PBLN_000000000120342,https://www.bizinfo.go.kr/sii/siia/(붙임1) 2026년도 컨설팅 지원사업 시행계획 공고.hwp,.hwp,C:\dongaAI\3차 프로젝트\0.0\data\attachments\hwp_raw\PBLN_000000000120342_(붙임1) 2026년도 컨설팅 지원사업 시행계획 공고.hwp,download_failed,400 Client Error: Bad Request for url: https://www.bizinfo.go.kr/sii/siia/(%EB%B6%99%EC%9E%841)%202026%EB%85%84%EB%8F%84%20%EC%BB%A8%EC%84%A4%ED%8C%85%20%EC%A7%80%EC%9B%90%EC%82%AC%EC%97%85%20%EC%8B%9C%ED%96%89%EA%B3%84%ED%9A%8D%20%EA%B3%B5%EA%B3%A0.hwp,2026-07-01T02:36:37
PBLN_000000000120342,bizinfo,2026년 기업승계 M&A 활성화를 위한 컨설팅 지원사업 시행계획 공고,중소벤처기업부,https://www.bizinfo.go.kr/sii/siia/selectSIIA200Detail.do?pblancId=PBLN_000000000120342,https://www.bizinfo.go.kr/cmm/fms/fileDown.do?atchFileId=FILE_000000000749750&fileSn=0,.hwp,C:\dongaAI\3차 프로젝트\0.0\data\attachments\hwp_raw\PBLN_000000000120342_(ë¶ì2) 2026ë ë ì»¨ì¤í ì§ìì¬ì ìíê³í ê³µê³ ì²¨ë¶ìì.hwp,downloaded,,2026-07-01T02:36:37
PBLN_000000000120342,bizinfo,2026년 기업승계 M&A 활성화를 위한 컨설팅 지원사업 시행계획 공고,중소벤처기업부,https://www.bizinfo.go.kr/sii/siia/selectSIIA200Detail.do?pblancId=PBLN_000000000120342,https://www.bizinfo.go.kr/cmm/fms/fileDown.do?atchFileId=FILE_000000000749749&fileSn=0,.hwp,C:\dongaAI\3차 프로젝트\0.0\data\attachments\hwp_raw\PBLN_000000000120342_(ë¶ì1) 2026ë ë ì»¨ì¤í ì§ìì¬ì ìíê³í ê³µê³.hwp,downloaded,,2026-07-01T02:36:37
PBLN_000000000120375,bizinfo,2026년 중소기업 연구인력 현장맞춤형 양성지원사업 연구인력(R&D) 양성프로그램 참여기업 모집 공고,경기도,https://www.bizinfo.go.kr/sii/siia/selectSIIA200Detail.do?pblancId=PBLN_000000000120375,https://www.bizinfo.go.kr/sii/siia/202604031445130356.hwp,.hwp,C:\dongaAI\3차 프로젝트\0.0\data\attachments\hwp_raw\PBLN_000000000120375_202604031445130356.hwp,download_failed,404 Client Error: Not Found for url: https://www.bizinfo.go.kr/sii/siia/202604031445130356.hwp,2026-07-01T02:36:37
PBLN_000000000120375,bizinfo,2026년 중소기업 연구인력 현장맞춤형 양성지원사업 연구인력(R&D) 양성프로그램 참여기업 모집 공고,경기도,https://www.bizinfo.go.kr/sii/siia/selectSIIA200Detail.do?pblancId=PBLN_000000000120375,https://www.bizinfo.go.kr/sii/siia/2026 중소기업 연구인력 양성 프로그램 참여기업 모집 안내문.hwp,.hwp,C:\dongaAI\3차 프로젝트\0.0\data\attachments\hwp_raw\PBLN_000000000120375_2026 중소기업 연구인력 양성 프로그램 참여기업 모집 안내문.hwp,download_failed,400 Client Error: Bad Request for url: https://www.bizinfo.go.kr/sii/siia/2026%20%EC%A4%91%EC%86%8C%EA%B8%B0%EC%97%85%20%EC%97%B0%EA%B5%AC%EC%9D%B8%EB%A0%A5%20%EC%96%91%EC%84%B1%20%ED%94%84%EB%A1%9C%EA%B7%B8%EB%9E%A8%20%EC%B0%B8%EC%97%AC%EA%B8%B0%EC%97%85%20%EB%AA%A8%EC%A7%91%20%EC%95%88%EB%82%B4%EB%AC%B8.hwp,2026-07-01T02:36:37
PBLN_000000000120375,bizinfo,2026년 중소기업 연구인력 현장맞춤형 양성지원사업 연구인력(R&D) 양성프로그램 참여기업 모집 공고,경기도,https://www.bizinfo.go.kr/sii/siia/selectSIIA200Detail.do?pblancId=PBLN_000000000120375,https://www.bizinfo.go.kr/cmm/fms/fileDown.do?atchFileId=FILE_000000000749848&fileSn=0,.hwp,C:\dongaAI\3차 프로젝트\0.0\data\attachments\hwp_raw\PBLN_000000000120375_2026 ì¤ìê¸°ì ì°êµ¬ì¸ë ¥ ìì± íë¡ê·¸ë¨ ì°¸ì¬ê¸°ì ëª¨ì§ ìë´ë¬¸.hwp,downloaded,,2026-07-01T02:36:37
PBLN_000000000120481,bizinfo,[경기] 김포시 2026년 중소기업 육성자금 지원계획 공고,경기도,https://www.bizinfo.go.kr/sii/siia/selectSIIA200Detail.do?pblancId=PBLN_000000000120481,https://www.bizinfo.go.kr/sii/siia/202604071338550389.hwp,.hwp,C:\dongaAI\3차 프로젝트\0.0\data\attachments\hwp_raw\PBLN_000000000120481_202604071338550389.hwp,download_failed,404 Client Error: Not Found for url: https://www.bizinfo.go.kr/sii/siia/202604071338550389.hwp,2026-07-01T02:36:38
PBLN_000000000120481,bizinfo,[경기] 김포시 2026년 중소기업 육성자금 지원계획 공고,경기도,https://www.bizinfo.go.kr/sii/siia/selectSIIA200Detail.do?pblancId=PBLN_000000000120481,https://www.bizinfo.go.kr/sii/siia/2026년 김포시 중소기업 육성자금 지원계획 공고문.hwp,.hwp,C:\dongaAI\3차 프로젝트\0.0\data\attachments\hwp_raw\PBLN_000000000120481_2026년 김포시 중소기업 육성자금 지원계획 공고문.hwp,download_failed,400 Client Error: Bad Request for url: https://www.bizinfo.go.kr/sii/siia/2026%EB%85%84%20%EA%B9%80%ED%8F%AC%EC%8B%9C%20%EC%A4%91%EC%86%8C%EA%B8%B0%EC%97%85%20%EC%9C%A1%EC%84%B1%EC%9E%90%EA%B8%88%20%EC%A7%80%EC%9B%90%EA%B3%84%ED%9A%8D%20%EA%B3%B5%EA%B3%A0%EB%AC%B8.hwp,2026-07-01T02:36:38
PBLN_000000000120481,bizinfo,[경기] 김포시 2026년 중소기업 육성자금 지원계획 공고,경기도,https://www.bizinfo.go.kr/sii/siia/selectSIIA200Detail.do?pblancId=PBLN_000000000120481,https://www.bizinfo.go.kr/cmm/fms/fileDown.do?atchFileId=FILE_000000000750221&fileSn=0,.hwp,C:\dongaAI\3차 프로젝트\0.0\data\attachments\hwp_raw\PBLN_000000000120481_2026ë  ê¹í¬ì ì¤ìê¸°ì ì¡ì±ìê¸ ì§ìê³í ê³µê³ ë¬¸.hwp,downloaded,,2026-07-01T02:36:38
PBLN_000000000122371,bizinfo,[경기] 제조데이터 기반 디지털전환 실증 참여기업 모집 공고,산업통상부,https://www.bizinfo.go.kr/sii/siia/selectSIIA200Detail.do?pblancId=PBLN_000000000122371,https://www.bizinfo.go.kr/cmm/fms/fileDown.do?atchFileId=FILE_000000000756849&fileSn=0,.hwp,C:\dongaAI\3차 프로젝트\0.0\data\attachments\hwp_raw\PBLN_000000000122371_ë¶ì2) ì ì²­ì ë° ëìì.hwp,downloaded,,2026-07-01T02:36:38
PBLN_000000000120509,bizinfo,[충남] 2026년 혁신기업 기술창업 활성화 지원사업 모집 공고,충청남도,https://www.bizinfo.go.kr/sii/siia/selectSIIA200Detail.do?pblancId=PBLN_000000000120509,https://www.bizinfo.go.kr/cmm/fms/fileDown.do?atchFileId=FILE_000000000750284&fileSn=1,.hwp,C:\dongaAI\3차 프로젝트\0.0\data\attachments\hwp_raw\PBLN_000000000120509_ë¶ì2. [ê¸°ì ì´ì ] ì§ì ì ì¶ ìë¥ ìì(ëª¨ì).hwp,downloaded,,2026-07-01T02:36:38
PBLN_000000000120509,bizinfo,[충남] 2026년 혁신기업 기술창업 활성화 지원사업 모집 공고,충청남도,https://www.bizinfo.go.kr/sii/siia/selectSIIA200Detail.do?pblancId=PBLN_000000000120509,https://www.bizinfo.go.kr/cmm/fms/fileDown.do?atchFileId=FILE_000000000750284&fileSn=2,.hwp,C:\dongaAI\3차 프로젝트\0.0\data\attachments\hwp_raw\PBLN_000000000120509_ë¶ì3. [ê¸°ì ê°ì¹íê°] ì§ì ì ì¶ ìë¥ ìì(ëª¨ì).hwp,downloaded,,2026-07-01T02:36:38
PBLN_000000000120871,bizinfo,[경북] 2026년 초거대 AI 기술 컨설팅 신규 대상기업 모집 공고(초거대 AI 클라우드 팜 실증 및 확산 환경 조성사업),경상북도,https://www.bizinfo.go.kr/sii/siia/selectSIIA200Detail.do?pblancId=PBLN_000000000120871,https://www.bizinfo.go.kr/sii/siia/202604161126510084.hwp,.hwp,C:\dongaAI\3차 프로젝트\0.0\data\attachments\hwp_raw\PBLN_000000000120871_202604161126510084.hwp,download_failed,404 Client Error: Not Found for url: https://www.bizinfo.go.kr/sii/siia/202604161126510084.hwp,2026-07-01T02:36:38
PBLN_000000000120871,bizinfo,[경북] 2026년 초거대 AI 기술 컨설팅 신규 대상기업 모집 공고(초거대 AI 클라우드 팜 실증 및 확산 환경 조성사업),경상북도,https://www.bizinfo.go.kr/sii/siia/selectSIIA200Detail.do?pblancId=PBLN_000000000120871,https://www.bizinfo.go.kr/cmm/fms/fileDown.do?atchFileId=FILE_000000000751509&fileSn=0,.hwp,C:\dongaAI\3차 프로젝트\0.0\data\attachments\hwp_raw\PBLN_000000000120871_ë¶ì 1. 2026ë  ì´ê±°ë AI ê¸°ì ì»¨ì¤í ì ì²­ì.hwp,downloaded,,2026-07-01T02:36:38
PBLN_000000000120871,bizinfo,[경북] 2026년 초거대 AI 기술 컨설팅 신규 대상기업 모집 공고(초거대 AI 클라우드 팜 실증 및 확산 환경 조성사업),경상북도,https://www.bizinfo.go.kr/sii/siia/selectSIIA200Detail.do?pblancId=PBLN_000000000120871,https://www.bizinfo.go.kr/cmm/fms/fileDown.do?atchFileId=FILE_000000000751508&fileSn=0,.hwp,C:\dongaAI\3차 프로젝트\0.0\data\attachments\hwp_raw\PBLN_000000000120871_(ëª¨ì§ê³µê³ ë¬¸) 2026ë  ì´ê±°ë AI ê¸°ì ì»¨ì¤í ëìê¸°ì ëª¨ì§ ê³µê³.hwp,downloaded,,2026-07-01T02:36:38
PBLN_000000000120600,bizinfo,[경북] 김천시 2026년 기술주치의119지원사업 공고,경상북도,https://www.bizinfo.go.kr/sii/siia/selectSIIA200Detail.do?pblancId=PBLN_000000000120600,https://www.bizinfo.go.kr/cmm/fms/fileDown.do?atchFileId=FILE_000000000750596&fileSn=1,.hwp,C:\dongaAI\3차 프로젝트\0.0\data\attachments\hwp_raw\PBLN_000000000120600_ë¶ì5. ê¸°ì ì£¼ì¹ì ëª¨ì§ ë° ë±ë¡ ì ì²­ì.hwp,downloaded,,2026-07-01T02:36:38
PBLN_000000000120600,bizinfo,[경북] 김천시 2026년 기술주치의119지원사업 공고,경상북도,https://www.bizinfo.go.kr/sii/siia/selectSIIA200Detail.do?pblancId=PBLN_000000000120600,https://www.bizinfo.go.kr/cmm/fms/fileDown.do?atchFileId=FILE_000000000750596&fileSn=2,.hwp,C:\dongaAI\3차 프로젝트\0.0\data\attachments\hwp_raw\PBLN_000000000120600_ë¶ì3. íì¥ì ë¡ê¸°ì ì§ì ì ì²­ì ë° ê²°ê³¼ë³´ê³ ì ìì.hwp,downloaded,,2026-07-01T02:36:38
PBLN_000000000120600,bizinfo,[경북] 김천시 2026년 기술주치의119지원사업 공고,경상북도,https://www.bizinfo.go.kr/sii/siia/selectSIIA200Detail.do?pblancId=PBLN_000000000120600,https://www.bizinfo.go.kr/cmm/fms/fileDown.do?atchFileId=FILE_000000000750596&fileSn=3,.hwp,C:\dongaAI\3차 프로젝트\0.0\data\attachments\hwp_raw\PBLN_000000000120600_ë¶ì4. ì¤ê¸°ì ë¡ê¸°ì ì§ì ì ì²­ì.hwp,downloaded,,2026-07-01T02:36:38
PBLN_000000000120600,bizinfo,[경북] 김천시 2026년 기술주치의119지원사업 공고,경상북도,https://www.bizinfo.go.kr/sii/siia/selectSIIA200Detail.do?pblancId=PBLN_000000000120600,https://www.bizinfo.go.kr/cmm/fms/fileDown.do?atchFileId=FILE_000000000750595&fileSn=1,.hwp,C:\dongaAI\3차 프로젝트\0.0\data\attachments\hwp_raw\PBLN_000000000120600_ë¶ì2. 2026ë ë ê¹ì²ì ê¸°ì ì£¼ì¹ì119ì§ìì¬ì ê³µê³ (ì).hwp,downloaded,,2026-07-01T02:36:38
PBLN_000000000123181,bizinfo,[전북] 2026년 2차 지역기업 성장사다리 지원사업(예비선도기업 육성사업) 공고,전북특별자치도,https://www.bizinfo.go.kr/sii/siia/selectSIIA200Detail.do?pblancId=PBLN_000000000123181,https://www.bizinfo.go.kr/cmm/fms/fileDown.do?atchFileId=FILE_000000000759881&fileSn=1,.hwp,C:\dongaAI\3차 프로젝트\0.0\data\attachments\hwp_raw\PBLN_000000000123181_02.2026ë ì ë¶ì§ì­ìë¹ì ëê¸°ì ì¡ì±ì¬ì ì ì²­ìë°ì ì¶ìë¥ìì.hwp,downloaded,,2026-07-01T02:36:38
PBLN_000000000123181,bizinfo,[전북] 2026년 2차 지역기업 성장사다리 지원사업(예비선도기업 육성사업) 공고,전북특별자치도,https://www.bizinfo.go.kr/sii/siia/selectSIIA200Detail.do?pblancId=PBLN_000000000123181,https://www.bizinfo.go.kr/cmm/fms/fileDown.do?atchFileId=FILE_000000000759880&fileSn=1,.hwp,C:\dongaAI\3차 프로젝트\0.0\data\attachments\hwp_raw\PBLN_000000000123181_01.2026ë ì ë¶ì§ì­ê¸°ì ì±ì¥ì¬ë¤ë¦¬ì§ìì¬ì (ìë¹ì ëê¸°ì ì¡ì±ì¬ì )2ì°¨ê³µê³.hwp,downloaded,,2026-07-01T02:36:38
PBLN_000000000120113,bizinfo,중소기업 전파 공동엔지니어링랩 운영지원 사업 공고,과학기술정보통신부,https://www.bizinfo.go.kr/sii/siia/selectSIIA200Detail.do?pblancId=PBLN_000000000120113,https://www.bizinfo.go.kr/sii/siia/202603301322560545.hwp,.hwp,C:\dongaAI\3차 프로젝트\0.0\data\attachments\hwp_raw\PBLN_000000000120113_202603301322560545.hwp,download_failed,404 Client Error: Not Found for url: https://www.bizinfo.go.kr/sii/siia/202603301322560545.hwp,2026-07-01T02:36:38
PBLN_000000000120113,bizinfo,중소기업 전파 공동엔지니어링랩 운영지원 사업 공고,과학기술정보통신부,https://www.bizinfo.go.kr/sii/siia/selectSIIA200Detail.do?pblancId=PBLN_000000000120113,https://www.bizinfo.go.kr/sii/siia/중소기업 전파 공동엔지니어링랩 운영지원 사업_본문출력파일.hwp,.hwp,C:\dongaAI\3차 프로젝트\0.0\data\attachments\hwp_raw\PBLN_000000000120113_중소기업 전파 공동엔지니어링랩 운영지원 사업_본문출력파일.hwp,download_failed,400 Client Error: Bad Request for url: https://www.bizinfo.go.kr/sii/siia/%EC%A4%91%EC%86%8C%EA%B8%B0%EC%97%85%20%EC%A0%84%ED%8C%8C%20%EA%B3%B5%EB%8F%99%EC%97%94%EC%A7%80%EB%8B%88%EC%96%B4%EB%A7%81%EB%9E%A9%20%EC%9A%B4%EC%98%81%EC%A7%80%EC%9B%90%20%EC%82%AC%EC%97%85_%EB%B3%B8%EB%AC%B8%EC%B6%9C%EB%A0%A5%ED%8C%8C%EC%9D%BC.hwp,2026-07-01T02:36:38
PBLN_000000000120113,bizinfo,중소기업 전파 공동엔지니어링랩 운영지원 사업 공고,과학기술정보통신부,https://www.bizinfo.go.kr/sii/siia/selectSIIA200Detail.do?pblancId=PBLN_000000000120113,https://www.bizinfo.go.kr/cmm/fms/fileDown.do?atchFileId=FILE_000000000749011&fileSn=1,.hwp,C:\dongaAI\3차 프로젝트\0.0\data\attachments\hwp_raw\PBLN_000000000120113_ì¤ìê¸°ì ì í ê³µëìì§ëì´ë§ë© ì´ìì§ì ì¬ì _ë³¸ë¬¸ì¶ë ¥íì¼.hwp,downloaded,,2026-07-01T02:36:38
PBLN_000000000123188,bizinfo,[경북] 북부 2026년 3차 지식재산 긴급지원 사업 모집 공고,경상북도,https://www.bizinfo.go.kr/sii/siia/selectSIIA200Detail.do?pblancId=PBLN_000000000123188,https://www.bizinfo.go.kr/sii/siia/202606151446330783.hwp,.hwp,C:\dongaAI\3차 프로젝트\0.0\data\attachments\hwp_raw\PBLN_000000000123188_202606151446330783.hwp,download_failed,404 Client Error: Not Found for url: https://www.bizinfo.go.kr/sii/siia/202606151446330783.hwp,2026-07-01T02:36:39
PBLN_000000000123188,bizinfo,[경북] 북부 2026년 3차 지식재산 긴급지원 사업 모집 공고,경상북도,https://www.bizinfo.go.kr/sii/siia/selectSIIA200Detail.do?pblancId=PBLN_000000000123188,https://www.bizinfo.go.kr/sii/siia/0. [공고문] 2026년 지식재산 긴급지원 사업 공고.hwp,.hwp,C:\dongaAI\3차 프로젝트\0.0\data\attachments\hwp_raw\PBLN_000000000123188_0. [공고문] 2026년 지식재산 긴급지원 사업 공고.hwp,download_failed,400 Client Error: Bad Request for url: https://www.bizinfo.go.kr/sii/siia/0.%20%5B%EA%B3%B5%EA%B3%A0%EB%AC%B8%5D%202026%EB%85%84%20%EC%A7%80%EC%8B%9D%EC%9E%AC%EC%82%B0%20%EA%B8%B4%EA%B8%89%EC%A7%80%EC%9B%90%20%EC%82%AC%EC%97%85%20%EA%B3%B5%EA%B3%A0.hwp,2026-07-01T02:36:39
PBLN_000000000123188,bizinfo,[경북] 북부 2026년 3차 지식재산 긴급지원 사업 모집 공고,경상북도,https://www.bizinfo.go.kr/sii/siia/selectSIIA200Detail.do?pblancId=PBLN_000000000123188,https://www.bizinfo.go.kr/cmm/fms/fileDown.do?atchFileId=FILE_000000000759906&fileSn=1,.hwp,C:\dongaAI\3차 프로젝트\0.0\data\attachments\hwp_raw\PBLN_000000000123188_0. [ê³µê³ ë¬¸] 2026ë  ì§ìì¬ì° ê¸´ê¸ì§ì ì¬ì ê³µê³.hwp,downloaded,,2026-07-01T02:36:39
PBLN_000000000123195,bizinfo,[경북] 의성군 2026년 3차 지식재산 긴급지원 사업 모집 공고,경상북도,https://www.bizinfo.go.kr/sii/siia/selectSIIA200Detail.do?pblancId=PBLN_000000000123195,https://www.bizinfo.go.kr/sii/siia/202606151500590606.hwp,.hwp,C:\dongaAI\3차 프로젝트\0.0\data\attachments\hwp_raw\PBLN_000000000123195_202606151500590606.hwp,download_failed,404 Client Error: Not Found for url: https://www.bizinfo.go.kr/sii/siia/202606151500590606.hwp,2026-07-01T02:36:39
PBLN_000000000123195,bizinfo,[경북] 의성군 2026년 3차 지식재산 긴급지원 사업 모집 공고,경상북도,https://www.bizinfo.go.kr/sii/siia/selectSIIA200Detail.do?pblancId=PBLN_000000000123195,https://www.bizinfo.go.kr/sii/siia/0. [공고문] 2026년 지식재산 긴급지원 사업 공고.hwp,.hwp,C:\dongaAI\3차 프로젝트\0.0\data\attachments\hwp_raw\PBLN_000000000123195_0. [공고문] 2026년 지식재산 긴급지원 사업 공고.hwp,download_failed,400 Client Error: Bad Request for url: https://www.bizinfo.go.kr/sii/siia/0.%20%5B%EA%B3%B5%EA%B3%A0%EB%AC%B8%5D%202026%EB%85%84%20%EC%A7%80%EC%8B%9D%EC%9E%AC%EC%82%B0%20%EA%B8%B4%EA%B8%89%EC%A7%80%EC%9B%90%20%EC%82%AC%EC%97%85%20%EA%B3%B5%EA%B3%A0.hwp,2026-07-01T02:36:39
PBLN_000000000123195,bizinfo,[경북] 의성군 2026년 3차 지식재산 긴급지원 사업 모집 공고,경상북도,https://www.bizinfo.go.kr/sii/siia/selectSIIA200Detail.do?pblancId=PBLN_000000000123195,https://www.bizinfo.go.kr/cmm/fms/fileDown.do?atchFileId=FILE_000000000759921&fileSn=1,.hwp,C:\dongaAI\3차 프로젝트\0.0\data\attachments\hwp_raw\PBLN_000000000123195_0. [ê³µê³ ë¬¸] 2026ë  ì§ìì¬ì° ê¸´ê¸ì§ì ì¬ì ê³µê³.hwp,downloaded,,2026-07-01T02:36:39
PBLN_000000000119272,bizinfo,2026년 유니버설디자인리빙랩 제품 사용성조사 장비 공동활용 지원안내 공고,인천광역시,https://www.bizinfo.go.kr/sii/siia/selectSIIA200Detail.do?pblancId=PBLN_000000000119272,https://www.bizinfo.go.kr/cmm/fms/fileDown.do?atchFileId=FILE_000000000745976&fileSn=1,.hwp,C:\dongaAI\3차 프로젝트\0.0\data\attachments\hwp_raw\PBLN_000000000119272_ë¶ì1_ê³µëíì©ì ì²­ì.hwp,downloaded,,2026-07-01T02:36:39
PBLN_000000000123247,bizinfo,[경남] 고성군 2026년 3차 시군구연고산업육성사업 지원기업 모집 공고,중소벤처기업부,https://www.bizinfo.go.kr/sii/siia/selectSIIA200Detail.do?pblancId=PBLN_000000000123247,https://www.bizinfo.go.kr/cmm/fms/fileDown.do?atchFileId=FILE_000000000760142&fileSn=0,.hwp,C:\dongaAI\3차 프로젝트\0.0\data\attachments\hwp_raw\PBLN_000000000123247_ì²¨ë¶1_2026ë  ìêµ°êµ¬ì°ê³ ì°ì ì¡ì±ì¬ì (ê³ ì±êµ°) ì§ìê¸°ì ì¬ì ì ì²­ì.hwp,downloaded,,2026-07-01T02:36:39
PBLN_000000000123247,bizinfo,[경남] 고성군 2026년 3차 시군구연고산업육성사업 지원기업 모집 공고,중소벤처기업부,https://www.bizinfo.go.kr/sii/siia/selectSIIA200Detail.do?pblancId=PBLN_000000000123247,https://www.bizinfo.go.kr/cmm/fms/fileDown.do?atchFileId=FILE_000000000760142&fileSn=1,.hwp,C:\dongaAI\3차 프로젝트\0.0\data\attachments\hwp_raw\PBLN_000000000123247_ì²¨ë¶2_2026ë  ìêµ°êµ¬ì°ê³ ì°ì ì¡ì±ì¬ì (ê³ ì±êµ°) ì§ìê¸°ì ì¬ì ê³íì.hwp,downloaded,,2026-07-01T02:36:39
PBLN_000000000123247,bizinfo,[경남] 고성군 2026년 3차 시군구연고산업육성사업 지원기업 모집 공고,중소벤처기업부,https://www.bizinfo.go.kr/sii/siia/selectSIIA200Detail.do?pblancId=PBLN_000000000123247,https://www.bizinfo.go.kr/cmm/fms/fileDown.do?atchFileId=FILE_000000000760141&fileSn=0,.hwp,C:\dongaAI\3차 프로젝트\0.0\data\attachments\hwp_raw\PBLN_000000000123247_2026ë  ìêµ°êµ¬ì°ê³ ì°ì ì¡ì±ì¬ì (ê³ ì±êµ°) ì§ìê¸°ì 3ì°¨ ëª¨ì§ê³µê³.hwp,downloaded,,2026-07-01T02:36:40
PBLN_000000000119518,bizinfo,[전북] 2026년 에너지산업융복합단지 공동연구장비 활용 및 컨설팅 지원 수혜기업 모집 공고,전북특별자치도,https://www.bizinfo.go.kr/sii/siia/selectSIIA200Detail.do?pblancId=PBLN_000000000119518,https://www.bizinfo.go.kr/cmm/fms/fileDown.do?atchFileId=FILE_000000000746886&fileSn=0,.hwp,C:\dongaAI\3차 프로젝트\0.0\data\attachments\hwp_raw\PBLN_000000000119518_ë¶ì2.[ìì1]ì§ìì ì²­ììì.hwp,downloaded,,2026-07-01T02:36:40
PBLN_000000000119518,bizinfo,[전북] 2026년 에너지산업융복합단지 공동연구장비 활용 및 컨설팅 지원 수혜기업 모집 공고,전북특별자치도,https://www.bizinfo.go.kr/sii/siia/selectSIIA200Detail.do?pblancId=PBLN_000000000119518,https://www.bizinfo.go.kr/cmm/fms/fileDown.do?atchFileId=FILE_000000000746886&fileSn=1,.hwp,C:\dongaAI\3차 프로젝트\0.0\data\attachments\hwp_raw\PBLN_000000000119518_ë¶ì3.[ìì2]ê¸°íì ì¶ìë¥ìì.hwp,downloaded,,2026-07-01T02:36:40
PBLN_000000000119518,bizinfo,[전북] 2026년 에너지산업융복합단지 공동연구장비 활용 및 컨설팅 지원 수혜기업 모집 공고,전북특별자치도,https://www.bizinfo.go.kr/sii/siia/selectSIIA200Detail.do?pblancId=PBLN_000000000119518,https://www.bizinfo.go.kr/cmm/fms/fileDown.do?atchFileId=FILE_000000000746886&fileSn=2,.hwp,C:\dongaAI\3차 프로젝트\0.0\data\attachments\hwp_raw\PBLN_000000000119518_ë¶ì4.[ìì3]ì ë¡ê¸°ì ì»¨ì¤í ì ë¬¸ê°ì´ë ¥ìë±ì ì¶ìë¥ìì.hwp,downloaded,,2026-07-01T02:36:40
PBLN_000000000119518,bizinfo,[전북] 2026년 에너지산업융복합단지 공동연구장비 활용 및 컨설팅 지원 수혜기업 모집 공고,전북특별자치도,https://www.bizinfo.go.kr/sii/siia/selectSIIA200Detail.do?pblancId=PBLN_000000000119518,https://www.bizinfo.go.kr/cmm/fms/fileDown.do?atchFileId=FILE_000000000746885&fileSn=0,.hwp,C:\dongaAI\3차 프로젝트\0.0\data\attachments\hwp_raw\PBLN_000000000119518_ë¶ì1.2026ë ê³µëì°êµ¬ì¥ë¹íì©ë°ì»¨ì¤í ì§ììíê¸°ì ëª¨ì§ê³µê³ (ì).hwp,downloaded,,2026-07-01T02:36:40
PBLN_000000000123284,bizinfo,2026년 고용노동부(안전보건공단) 연계 스마트 안전장비지원 품목 등록 시행계획 공고,과학기술정보통신부,https://www.bizinfo.go.kr/sii/siia/selectSIIA200Detail.do?pblancId=PBLN_000000000123284,https://www.bizinfo.go.kr/cmm/fms/fileDown.do?atchFileId=FILE_000000000760309&fileSn=1,.hwp,C:\dongaAI\3차 프로젝트\0.0\data\attachments\hwp_raw\PBLN_000000000123284_ë¶ì2. (ìì) ì¤ë§í¸ ìì ì¥ë¹ì§ì ì¶ì² ì°ê³ ì ì²­ì ë° ê°ì¸ì ë³´ ìì§ì´ì© ëìì.hwp,downloaded,,2026-07-01T02:36:40
PBLN_000000000123284,bizinfo,2026년 고용노동부(안전보건공단) 연계 스마트 안전장비지원 품목 등록 시행계획 공고,과학기술정보통신부,https://www.bizinfo.go.kr/sii/siia/selectSIIA200Detail.do?pblancId=PBLN_000000000123284,https://www.bizinfo.go.kr/cmm/fms/fileDown.do?atchFileId=FILE_000000000760309&fileSn=2,.hwp,C:\dongaAI\3차 프로젝트\0.0\data\attachments\hwp_raw\PBLN_000000000123284_ë¶ì3. (ìì) ì¤ë§í¸ ìì ì¥ë¹ì§ì ì ì íëª© ì ì²­ì.hwp,downloaded,,2026-07-01T02:36:40
PBLN_000000000123327,bizinfo,[제주] 2026년 로컬기업 크라우드펀딩 (대출형) 참여기업 모집 공고,제주특별자치도,https://www.bizinfo.go.kr/sii/siia/selectSIIA200Detail.do?pblancId=PBLN_000000000123327,https://www.bizinfo.go.kr/cmm/fms/fileDown.do?atchFileId=FILE_000000000760484&fileSn=0,.hwp,C:\dongaAI\3차 프로젝트\0.0\data\attachments\hwp_raw\PBLN_000000000123327_ìì1.+ì°¸ì¬ì ì²­ì(ë²ì¸ì¬ì ìì©).hwp,downloaded,,2026-07-01T02:36:41
PBLN_000000000123327,bizinfo,[제주] 2026년 로컬기업 크라우드펀딩 (대출형) 참여기업 모집 공고,제주특별자치도,https://www.bizinfo.go.kr/sii/siia/selectSIIA200Detail.do?pblancId=PBLN_000000000123327,https://www.bizinfo.go.kr/cmm/fms/fileDown.do?atchFileId=FILE_000000000760484&fileSn=1,.hwp,C:\dongaAI\3차 프로젝트\0.0\data\attachments\hwp_raw\PBLN_000000000123327_ìì2.+ê°ì¸ì ë³´ì ê³µëìì(ë²ì¸ì¬ì ìì©).hwp,downloaded,,2026-07-01T02:36:41
PBLN_000000000123327,bizinfo,[제주] 2026년 로컬기업 크라우드펀딩 (대출형) 참여기업 모집 공고,제주특별자치도,https://www.bizinfo.go.kr/sii/siia/selectSIIA200Detail.do?pblancId=PBLN_000000000123327,https://www.bizinfo.go.kr/cmm/fms/fileDown.do?atchFileId=FILE_000000000760484&fileSn=2,.hwp,C:\dongaAI\3차 프로젝트\0.0\data\attachments\hwp_raw\PBLN_000000000123327_ìì3.+ì²­ë ´ìì½ì(ë²ì¸ì¬ì ìì©).hwp,downloaded,,2026-07-01T02:36:41
PBLN_000000000123327,bizinfo,[제주] 2026년 로컬기업 크라우드펀딩 (대출형) 참여기업 모집 공고,제주특별자치도,https://www.bizinfo.go.kr/sii/siia/selectSIIA200Detail.do?pblancId=PBLN_000000000123327,https://www.bizinfo.go.kr/cmm/fms/fileDown.do?atchFileId=FILE_000000000760484&fileSn=3,.hwp,C:\dongaAI\3차 프로젝트\0.0\data\attachments\hwp_raw\PBLN_000000000123327_ìì4.+ìê°ì§ë¨í(ë²ì¸ì¬ì ìì©).hwp,downloaded,,2026-07-01T02:36:41
PBLN_000000000117781,bizinfo,[경북] 국방기술 민간이전 사업 참여기업 모집 공고(경북ㆍ구미 방산혁신클러스터),경상북도,https://www.bizinfo.go.kr/sii/siia/selectSIIA200Detail.do?pblancId=PBLN_000000000117781,https://www.bizinfo.go.kr/cmm/fms/fileDown.do?atchFileId=FILE_000000000741622&fileSn=1,.hwp,C:\dongaAI\3차 프로젝트\0.0\data\attachments\hwp_raw\PBLN_000000000117781_(ë¶ì2) ì ì²­ìì.hwp,downloaded,,2026-07-01T02:36:41
PBLN_000000000123379,bizinfo,[경북] 포항시 2026년 지역 기업 투자유치 활성화를 위한 Rising Star IR DAY 참가기업 모집 공고,경상북도,https://www.bizinfo.go.kr/sii/siia/selectSIIA200Detail.do?pblancId=PBLN_000000000123379,https://www.bizinfo.go.kr/cmm/fms/fileDown.do?atchFileId=FILE_000000000760688&fileSn=1,.hwp,C:\dongaAI\3차 프로젝트\0.0\data\attachments\hwp_raw\PBLN_000000000123379_[ë¶ì2] ã2026ë  í¬í­ Rising Star IR DAYã ì ì²­ìì.hwp,downloaded,,2026-07-01T02:36:41
PBLN_000000000117774,bizinfo,[서울] 가죽ㆍ패션산업 소공인 장비 임대지원사업 공고,서울특별시,https://www.bizinfo.go.kr/sii/siia/selectSIIA200Detail.do?pblancId=PBLN_000000000117774,https://www.bizinfo.go.kr/sii/siia/202601230942280177.hwp,.hwp,C:\dongaAI\3차 프로젝트\0.0\data\attachments\hwp_raw\PBLN_000000000117774_202601230942280177.hwp,download_failed,404 Client Error: Not Found for url: https://www.bizinfo.go.kr/sii/siia/202601230942280177.hwp,2026-07-01T02:36:41
PBLN_000000000117774,bizinfo,[서울] 가죽ㆍ패션산업 소공인 장비 임대지원사업 공고,서울특별시,https://www.bizinfo.go.kr/sii/siia/selectSIIA200Detail.do?pblancId=PBLN_000000000117774,https://www.bizinfo.go.kr/cmm/fms/fileDown.do?atchFileId=FILE_000000000741608&fileSn=0,.hwp,C:\dongaAI\3차 프로젝트\0.0\data\attachments\hwp_raw\PBLN_000000000117774_[ê°ëê°ì£½ì ì¡°ì§ìì¼í°] ê°ì£½Â·í¨ì ì°ì ìê³µì¸ ì¥ë¹ì§ì ì¬ì ì ì²­ì.hwp,downloaded,,2026-07-01T02:36:41
PBLN_000000000117774,bizinfo,[서울] 가죽ㆍ패션산업 소공인 장비 임대지원사업 공고,서울특별시,https://www.bizinfo.go.kr/sii/siia/selectSIIA200Detail.do?pblancId=PBLN_000000000117774,https://www.bizinfo.go.kr/cmm/fms/fileDown.do?atchFileId=FILE_000000000741607&fileSn=0,.hwp,C:\dongaAI\3차 프로젝트\0.0\data\attachments\hwp_raw\PBLN_000000000117774_[ê°ëê°ì£½ì ì¡°ì§ìì¼í°] ê°ì£½Â·í¨ì ì°ì ìê³µì¸ ì¥ë¹ì§ì ì¬ì ê³µê³.hwp,downloaded,,2026-07-01T02:36:41
PBLN_000000000123385,bizinfo,[부산] 2026년 노동권익센터 동네방네 노무사 사업 참여사업장 모집 공고,부산광역시,https://www.bizinfo.go.kr/sii/siia/selectSIIA200Detail.do?pblancId=PBLN_000000000123385,https://www.bizinfo.go.kr/cmm/fms/fileDown.do?atchFileId=FILE_000000000760711&fileSn=1,.hwp,C:\dongaAI\3차 프로젝트\0.0\data\attachments\hwp_raw\PBLN_000000000123385_ë¶ì1. ì ì²­ì(26ë ëë¤ë°©ë¤ë ¸ë¬´ì¬).hwp,downloaded,,2026-07-01T02:36:41
PBLN_000000000123385,bizinfo,[부산] 2026년 노동권익센터 동네방네 노무사 사업 참여사업장 모집 공고,부산광역시,https://www.bizinfo.go.kr/sii/siia/selectSIIA200Detail.do?pblancId=PBLN_000000000123385,https://www.bizinfo.go.kr/cmm/fms/fileDown.do?atchFileId=FILE_000000000760711&fileSn=2,.hwp,C:\dongaAI\3차 프로젝트\0.0\data\attachments\hwp_raw\PBLN_000000000123385_ë¶ì2. ê°ì¸ ë° ê¸°ì ì ë³´ ìì§ë± ëìì.hwp,downloaded,,2026-07-01T02:36:41
PBLN_000000000123399,bizinfo,[경북] 2026년 소공인 클린제조환경조성 사업 모집 공고,경상북도,https://www.bizinfo.go.kr/sii/siia/selectSIIA200Detail.do?pblancId=PBLN_000000000123399,https://www.bizinfo.go.kr/cmm/fms/fileDown.do?atchFileId=FILE_000000000760749&fileSn=0,.hwp,C:\dongaAI\3차 프로젝트\0.0\data\attachments\hwp_raw\PBLN_000000000123399_[ì ì²­ìì_ë°_ì°¸ê³ ìë£]_2026ë _ê²½ìë¶ë_ìê³µì¸_í´ë¦°ì ì¡°íê²½ì¡°ì±ì¬ì.hwp,downloaded,,2026-07-01T02:36:41
PBLN_000000000123358,bizinfo,[충북] 2026년 화장품산업 근로자 고용안정을 위한 복지 지원사업 참여기업 모집 공고(충청북도 고용유지 버팀이음 프로젝트 사업),충청북도,https://www.bizinfo.go.kr/sii/siia/selectSIIA200Detail.do?pblancId=PBLN_000000000123358,https://www.bizinfo.go.kr/cmm/fms/fileDown.do?atchFileId=FILE_000000000760567&fileSn=0,.hwp,C:\dongaAI\3차 프로젝트\0.0\data\attachments\hwp_raw\PBLN_000000000123358_ê³µê³ ë¬¸ ë° ì ì²­ìì.hwp,downloaded,,2026-07-01T02:36:42
PBLN_000000000120166,bizinfo,[제주] 2026년 소상공인 건강검진 지원사업 신청자 모집 공고,제주특별자치도,https://www.bizinfo.go.kr/sii/siia/selectSIIA200Detail.do?pblancId=PBLN_000000000120166,https://www.bizinfo.go.kr/sii/siia/202603311104340797.hwp,.hwp,C:\dongaAI\3차 프로젝트\0.0\data\attachments\hwp_raw\PBLN_000000000120166_202603311104340797.hwp,download_failed,404 Client Error: Not Found for url: https://www.bizinfo.go.kr/sii/siia/202603311104340797.hwp,2026-07-01T02:36:43
PBLN_000000000120166,bizinfo,[제주] 2026년 소상공인 건강검진 지원사업 신청자 모집 공고,제주특별자치도,https://www.bizinfo.go.kr/sii/siia/selectSIIA200Detail.do?pblancId=PBLN_000000000120166,https://www.bizinfo.go.kr/sii/siia/2026+소상공인+건강검진+지원사업+공고문.hwp,.hwp,C:\dongaAI\3차 프로젝트\0.0\data\attachments\hwp_raw\PBLN_000000000120166_2026+소상공인+건강검진+지원사업+공고문.hwp,download_failed,400 Client Error: Bad Request for url: https://www.bizinfo.go.kr/sii/siia/2026+%EC%86%8C%EC%83%81%EA%B3%B5%EC%9D%B8+%EA%B1%B4%EA%B0%95%EA%B2%80%EC%A7%84+%EC%A7%80%EC%9B%90%EC%82%AC%EC%97%85+%EA%B3%B5%EA%B3%A0%EB%AC%B8.hwp,2026-07-01T02:36:43
PBLN_000000000120166,bizinfo,[제주] 2026년 소상공인 건강검진 지원사업 신청자 모집 공고,제주특별자치도,https://www.bizinfo.go.kr/sii/siia/selectSIIA200Detail.do?pblancId=PBLN_000000000120166,https://www.bizinfo.go.kr/cmm/fms/fileDown.do?atchFileId=FILE_000000000749163&fileSn=0,.hwp,C:\dongaAI\3차 프로젝트\0.0\data\attachments\hwp_raw\PBLN_000000000120166_2026+ììê³µì¸+ê±´ê°ê²ì§+ì§ìì¬ì +ê³µê³ ë¬¸.hwp,downloaded,,2026-07-01T02:36:43
PBLN_000000000119706,bizinfo,2026년 환경산업 분야 퇴직전문가 중소기업 기술지원 사업 참여기업 모집 공고,기후에너지환경부,https://www.bizinfo.go.kr/sii/siia/selectSIIA200Detail.do?pblancId=PBLN_000000000119706,https://www.bizinfo.go.kr/sii/siia/202603231410230220.hwp,.hwp,C:\dongaAI\3차 프로젝트\0.0\data\attachments\hwp_raw\PBLN_000000000119706_202603231410230220.hwp,download_failed,404 Client Error: Not Found for url: https://www.bizinfo.go.kr/sii/siia/202603231410230220.hwp,2026-07-01T02:36:43
PBLN_000000000119706,bizinfo,2026년 환경산업 분야 퇴직전문가 중소기업 기술지원 사업 참여기업 모집 공고,기후에너지환경부,https://www.bizinfo.go.kr/sii/siia/selectSIIA200Detail.do?pblancId=PBLN_000000000119706,https://www.bizinfo.go.kr/sii/siia/[환산협공고 제2026-09호] 「2026년 퇴직전문가 중소기업 기술지원」 참여기업 모집 공고문.hwp,.hwp,C:\dongaAI\3차 프로젝트\0.0\data\attachments\hwp_raw\PBLN_000000000119706_[환산협공고 제2026-09호] 「2026년 퇴직전문가 중소기업 기술지원」 참여기업 모집 공고문.hwp,download_failed,400 Client Error: Bad Request for url: https://www.bizinfo.go.kr/sii/siia/%5B%ED%99%98%EC%82%B0%ED%98%91%EA%B3%B5%EA%B3%A0%20%EC%A0%9C2026-09%ED%98%B8%5D%20%E3%80%8C2026%EB%85%84%20%ED%87%B4%EC%A7%81%EC%A0%84%EB%AC%B8%EA%B0%80%20%EC%A4%91%EC%86%8C%EA%B8%B0%EC%97%85%20%EA%B8%B0%EC%88%A0%EC%A7%80%EC%9B%90%E3%80%8D%20%EC%B0%B8%EC%97%AC%EA%B8%B0%EC%97%85%20%EB%AA%A8%EC%A7%91%20%EA%B3%B5%EA%B3%A0%EB%AC%B8.hwp,2026-07-01T02:36:43
PBLN_000000000119706,bizinfo,2026년 환경산업 분야 퇴직전문가 중소기업 기술지원 사업 참여기업 모집 공고,기후에너지환경부,https://www.bizinfo.go.kr/sii/siia/selectSIIA200Detail.do?pblancId=PBLN_000000000119706,https://www.bizinfo.go.kr/cmm/fms/fileDown.do?atchFileId=FILE_000000000747559&fileSn=2,.hwp,C:\dongaAI\3차 프로젝트\0.0\data\attachments\hwp_raw\PBLN_000000000119706_[íì°íê³µê³ ì 2026-09í¸] ã2026ë  í´ì§ì ë¬¸ê° ì¤ìê¸°ì ê¸°ì ì§ìã ì°¸ì¬ê¸°ì ëª¨ì§.hwp,downloaded,,2026-07-01T02:36:43
PBLN_000000000119491,bizinfo,2026년 인재채움뱅크 대체인력 채용지원 참여 기업 모집 공고,고용노동부,https://www.bizinfo.go.kr/sii/siia/selectSIIA200Detail.do?pblancId=PBLN_000000000119491,https://www.bizinfo.go.kr/sii/siia/202603131557000875.hwp,.hwp,C:\dongaAI\3차 프로젝트\0.0\data\attachments\hwp_raw\PBLN_000000000119491_202603131557000875.hwp,download_failed,404 Client Error: Not Found for url: https://www.bizinfo.go.kr/sii/siia/202603131557000875.hwp,2026-07-01T02:36:44
PBLN_000000000119491,bizinfo,2026년 인재채움뱅크 대체인력 채용지원 참여 기업 모집 공고,고용노동부,https://www.bizinfo.go.kr/sii/siia/selectSIIA200Detail.do?pblancId=PBLN_000000000119491,https://www.bizinfo.go.kr/cmm/fms/fileDown.do?atchFileId=FILE_000000000746774&fileSn=0,.hwp,C:\dongaAI\3차 프로젝트\0.0\data\attachments\hwp_raw\PBLN_000000000119491_êµ¬ì¸ì ì²­ì(ìì©ì§ì©).hwp,downloaded,,2026-07-01T02:36:44
PBLN_000000000119158,bizinfo,[전북] 2026년 초등학부모 10시 출근제 도입 중소기업 지원 사업 참여기업 모집 공고,전북특별자치도,https://www.bizinfo.go.kr/sii/siia/selectSIIA200Detail.do?pblancId=PBLN_000000000119158,https://www.bizinfo.go.kr/sii/siia/202603051347080523.hwp,.hwp,C:\dongaAI\3차 프로젝트\0.0\data\attachments\hwp_raw\PBLN_000000000119158_202603051347080523.hwp,download_failed,404 Client Error: Not Found for url: https://www.bizinfo.go.kr/sii/siia/202603051347080523.hwp,2026-07-01T02:36:44
PBLN_000000000119158,bizinfo,[전북] 2026년 초등학부모 10시 출근제 도입 중소기업 지원 사업 참여기업 모집 공고,전북특별자치도,https://www.bizinfo.go.kr/sii/siia/selectSIIA200Detail.do?pblancId=PBLN_000000000119158,https://www.bizinfo.go.kr/sii/siia/2026년 「초등학부모 10시 출근제 도입 중소기업 지원」 참여기업 모집공고.hwp,.hwp,C:\dongaAI\3차 프로젝트\0.0\data\attachments\hwp_raw\PBLN_000000000119158_2026년 「초등학부모 10시 출근제 도입 중소기업 지원」 참여기업 모집공고.hwp,download_failed,400 Client Error: Bad Request for url: https://www.bizinfo.go.kr/sii/siia/2026%EB%85%84%20%E3%80%8C%EC%B4%88%EB%93%B1%ED%95%99%EB%B6%80%EB%AA%A8%2010%EC%8B%9C%20%EC%B6%9C%EA%B7%BC%EC%A0%9C%20%EB%8F%84%EC%9E%85%20%EC%A4%91%EC%86%8C%EA%B8%B0%EC%97%85%20%EC%A7%80%EC%9B%90%E3%80%8D%20%EC%B0%B8%EC%97%AC%EA%B8%B0%EC%97%85%20%EB%AA%A8%EC%A7%91%EA%B3%B5%EA%B3%A0.hwp,2026-07-01T02:36:44
PBLN_000000000119158,bizinfo,[전북] 2026년 초등학부모 10시 출근제 도입 중소기업 지원 사업 참여기업 모집 공고,전북특별자치도,https://www.bizinfo.go.kr/sii/siia/selectSIIA200Detail.do?pblancId=PBLN_000000000119158,https://www.bizinfo.go.kr/cmm/fms/fileDown.do?atchFileId=FILE_000000000745611&fileSn=0,.hwp,C:\dongaAI\3차 프로젝트\0.0\data\attachments\hwp_raw\PBLN_000000000119158_2026ë  ì´ë±íë¶ëª¨ 10ì ì¶ê·¼ì  ëì ì¤ìê¸°ì ì§ì ì°¸ê°ì ì²­ì.hwp,downloaded,,2026-07-01T02:36:44
PBLN_000000000119158,bizinfo,[전북] 2026년 초등학부모 10시 출근제 도입 중소기업 지원 사업 참여기업 모집 공고,전북특별자치도,https://www.bizinfo.go.kr/sii/siia/selectSIIA200Detail.do?pblancId=PBLN_000000000119158,https://www.bizinfo.go.kr/cmm/fms/fileDown.do?atchFileId=FILE_000000000745600&fileSn=0,.hwp,C:\dongaAI\3차 프로젝트\0.0\data\attachments\hwp_raw\PBLN_000000000119158_2026ë  ãì´ë±íë¶ëª¨ 10ì ì¶ê·¼ì  ëì ì¤ìê¸°ì ì§ìã ì°¸ì¬ê¸°ì ëª¨ì§ê³µê³.hwp,downloaded,,2026-07-01T02:36:44
PBLN_000000000123462,bizinfo,[경기] 고양시 2026년 28청춘창업소 제품화 지원 프로그램 참가자 모집 공고,경기도,https://www.bizinfo.go.kr/sii/siia/selectSIIA200Detail.do?pblancId=PBLN_000000000123462,https://www.bizinfo.go.kr/sii/siia/202606221452310002.hwp,.hwp,C:\dongaAI\3차 프로젝트\0.0\data\attachments\hwp_raw\PBLN_000000000123462_202606221452310002.hwp,download_failed,404 Client Error: Not Found for url: https://www.bizinfo.go.kr/sii/siia/202606221452310002.hwp,2026-07-01T02:36:44
PBLN_000000000123462,bizinfo,[경기] 고양시 2026년 28청춘창업소 제품화 지원 프로그램 참가자 모집 공고,경기도,https://www.bizinfo.go.kr/sii/siia/selectSIIA200Detail.do?pblancId=PBLN_000000000123462,https://www.bizinfo.go.kr/cmm/fms/fileDown.do?atchFileId=FILE_000000000760955&fileSn=0,.hwp,C:\dongaAI\3차 프로젝트\0.0\data\attachments\hwp_raw\PBLN_000000000123462_ë¶ì 1. ê³µê³ ë¬¸(2026 28ì²­ì¶ì°½ì ì ì íí ì§ì íë¡ê·¸ë¨).hwp,downloaded,,2026-07-01T02:36:44
PBLN_000000000118876,bizinfo,2026년 현장실습 훈련(시니어인턴십) 지원사업 공고(지에스씨넷),고용노동부,https://www.bizinfo.go.kr/sii/siia/selectSIIA200Detail.do?pblancId=PBLN_000000000118876,https://www.bizinfo.go.kr/cmm/fms/fileDown.do?atchFileId=FILE_000000000744639&fileSn=0,.hwp,C:\dongaAI\3차 프로젝트\0.0\data\attachments\hwp_raw\PBLN_000000000118876_2026ë  íì¥ì¤ìµíë ¨(ìëì´ì¸í´ì­) ìëì´(ì´ë¥´ì ) ìì± ìë¥_ì°¸ì¬ìì©.hwp,downloaded,,2026-07-01T02:36:44
PBLN_000000000118876,bizinfo,2026년 현장실습 훈련(시니어인턴십) 지원사업 공고(지에스씨넷),고용노동부,https://www.bizinfo.go.kr/sii/siia/selectSIIA200Detail.do?pblancId=PBLN_000000000118876,https://www.bizinfo.go.kr/cmm/fms/fileDown.do?atchFileId=FILE_000000000744639&fileSn=1,.hwp,C:\dongaAI\3차 프로젝트\0.0\data\attachments\hwp_raw\PBLN_000000000118876_2026ë  íì¥ì¤ìµíë ¨(ìëì´ì¸í´ì­) ì°¸ì¬ ê¸°ì ì ì²­ì - íì½ì.hwp,downloaded,,2026-07-01T02:36:45
PBLN_000000000123472,bizinfo,[세종] 2026년 정보보호 기업육성(사업화 & 창업ㆍ벤처 육성) 지원사업 모집 공고,세종특별자치시,https://www.bizinfo.go.kr/sii/siia/selectSIIA200Detail.do?pblancId=PBLN_000000000123472,https://www.bizinfo.go.kr/cmm/fms/fileDown.do?atchFileId=FILE_000000000761023&fileSn=0,.hwp,C:\dongaAI\3차 프로젝트\0.0\data\attachments\hwp_raw\PBLN_000000000123472_2.+ìì+2026ë +ì¸ì¢ +ì ë³´ë³´í¸+ê¸°ì ì±ì¥ì¬ì í+ì°½ì Â·ë²¤ì²ì¡ì±+ì§ì+ì¬ì ìíê³íì.hwp,downloaded,,2026-07-01T02:36:45
PBLN_000000000123472,bizinfo,[세종] 2026년 정보보호 기업육성(사업화 & 창업ㆍ벤처 육성) 지원사업 모집 공고,세종특별자치시,https://www.bizinfo.go.kr/sii/siia/selectSIIA200Detail.do?pblancId=PBLN_000000000123472,https://www.bizinfo.go.kr/cmm/fms/fileDown.do?atchFileId=FILE_000000000761023&fileSn=1,.hwp,C:\dongaAI\3차 프로젝트\0.0\data\attachments\hwp_raw\PBLN_000000000123472_3.+ìì2026ë +ì ë³´ë³´í¸+ê¸°ì ì±ì¥ì¬ì í+ì°½ì Â·ë²¤ì²ì¡ì±+ì§ìì¬ì _ì ë°ìë¥.hwp,downloaded,,2026-07-01T02:36:45
PBLN_000000000123480,bizinfo,[부산] 2026년 2차 블록체인 허브 입주기업 맞춤형 지원 프로그램 모집 공고,부산광역시,https://www.bizinfo.go.kr/sii/siia/selectSIIA200Detail.do?pblancId=PBLN_000000000123480,https://www.bizinfo.go.kr/cmm/fms/fileDown.do?atchFileId=FILE_000000000761052&fileSn=1,.hwp,C:\dongaAI\3차 프로젝트\0.0\data\attachments\hwp_raw\PBLN_000000000123480_ë¶ì2.+(ì.hwp,downloaded,,2026-07-01T02:36:45
PBLN_000000000123484,bizinfo,[부산] 2026년 2차 근골격계 부담경감 안전장구 지원사업 모집 공고,부산광역시,https://www.bizinfo.go.kr/sii/siia/selectSIIA200Detail.do?pblancId=PBLN_000000000123484,https://www.bizinfo.go.kr/cmm/fms/fileDown.do?atchFileId=FILE_000000000761050&fileSn=1,.hwp,C:\dongaAI\3차 프로젝트\0.0\data\attachments\hwp_raw\PBLN_000000000123484_2.+26ê·¼ê³¨ë¶ë´ê²½ê°+ìì ì¥êµ¬+ì§ìì¬ì +ì ì²­ì2ì°¨.hwp,downloaded,,2026-07-01T02:36:45
PBLN_000000000123489,bizinfo,[경북] 포항시 2026년 푸드테크 상용화모델 개발 및 실증사업 수혜기업 모집 공고,경상북도,https://www.bizinfo.go.kr/sii/siia/selectSIIA200Detail.do?pblancId=PBLN_000000000123489,https://www.bizinfo.go.kr/cmm/fms/fileDown.do?atchFileId=FILE_000000000761078&fileSn=2,.hwp,C:\dongaAI\3차 프로젝트\0.0\data\attachments\hwp_raw\PBLN_000000000123489_2.2 ì ì²­ìì(ì)_ì ì²­ì~ë³ì§ 5í¸.hwp,downloaded,,2026-07-01T02:36:45
PBLN_000000000121444,bizinfo,[경기] 군포시 2026년 품질경쟁력 강화 지원사업 참여기업 모집 공고,경기도,https://www.bizinfo.go.kr/sii/siia/selectSIIA200Detail.do?pblancId=PBLN_000000000121444,https://www.bizinfo.go.kr/cmm/fms/fileDown.do?atchFileId=FILE_000000000753498&fileSn=0,.hwp,C:\dongaAI\3차 프로젝트\0.0\data\attachments\hwp_raw\PBLN_000000000121444_2. [êµ°í¬ì°ì ì§í¥ì] íì§ê²½ìë ¥ ê°í ì§ìì¬ì ì ì²­ì ìì.hwp,downloaded,,2026-07-01T02:36:45
PBLN_000000000117085,bizinfo,2026년 시니어인턴십 사업 참여 기업 모집 공고,보건복지부,https://www.bizinfo.go.kr/sii/siia/selectSIIA200Detail.do?pblancId=PBLN_000000000117085,https://www.bizinfo.go.kr/sii/siia/test.hwp,.hwp,C:\dongaAI\3차 프로젝트\0.0\data\attachments\hwp_raw\PBLN_000000000117085_test.hwp,download_failed,404 Client Error: Not Found for url: https://www.bizinfo.go.kr/sii/siia/test.hwp,2026-07-01T02:36:45
PBLN_000000000120459,bizinfo,[경남] 사천시ㆍ진주시 2026년 스마트제조 고급인력양성 사업 수요기업 모집 공고,산업통상부,https://www.bizinfo.go.kr/sii/siia/selectSIIA200Detail.do?pblancId=PBLN_000000000120459,https://www.bizinfo.go.kr/cmm/fms/fileDown.do?atchFileId=FILE_000000000750157&fileSn=0,.hwp,C:\dongaAI\3차 프로젝트\0.0\data\attachments\hwp_raw\PBLN_000000000120459_[ê³µê³ ë¬¸] ì¬ì² ì¤ë§í¸ì ì¡° ê³ ê¸ì¸ë ¥ìì± ì¬ì ììê¸°ì ëª¨ì§ ê³µê³.hwp,downloaded,,2026-07-01T02:36:46
PBLN_000000000120459,bizinfo,[경남] 사천시ㆍ진주시 2026년 스마트제조 고급인력양성 사업 수요기업 모집 공고,산업통상부,https://www.bizinfo.go.kr/sii/siia/selectSIIA200Detail.do?pblancId=PBLN_000000000120459,https://www.bizinfo.go.kr/cmm/fms/fileDown.do?atchFileId=FILE_000000000750157&fileSn=1,.hwp,C:\dongaAI\3차 프로젝트\0.0\data\attachments\hwp_raw\PBLN_000000000120459_ì¬ì² ì¤ë§í¸ì ì¡° ê³ ê¸ì¸ë ¥ìì± ì¬ì êµì¡ ë° ì»¨ì¤í ì ì²­ìì ëª¨ì.hwp,downloaded,,2026-07-01T02:36:46
PBLN_000000000123512,bizinfo,[경북] 2026년 지역 연계 미드폼 제작지원 사업 공고(경북콘텐츠코리아랩 운영사업),경상북도,https://www.bizinfo.go.kr/sii/siia/selectSIIA200Detail.do?pblancId=PBLN_000000000123512,https://www.bizinfo.go.kr/cmm/fms/fileDown.do?atchFileId=FILE_000000000761140&fileSn=1,.hwp,C:\dongaAI\3차 프로젝트\0.0\data\attachments\hwp_raw\PBLN_000000000123512_2. ì§ì­ ì°ê³ ë¯¸ëí¼ ì ìì§ì ì¬ì ì ì¶ ìë¥.hwp,downloaded,,2026-07-01T02:36:46
PBLN_000000000123474,bizinfo,[대구] 2026년 블록체인 융복합 타운 조성 사업 블록체인 기술컨설팅 및 사업화 전략 지원 기업 모집 공고,대구광역시,https://www.bizinfo.go.kr/sii/siia/selectSIIA200Detail.do?pblancId=PBLN_000000000123474,https://www.bizinfo.go.kr/cmm/fms/fileDown.do?atchFileId=FILE_000000000761020&fileSn=0,.hwp,C:\dongaAI\3차 프로젝트\0.0\data\attachments\hwp_raw\PBLN_000000000123474_(ì ì²­ìì)2026ë  ë¸ë¡ì²´ì¸ ìµë³µí© íì´ ì¡°ì± ë¸ë¡ì²´ì¸ ê¸°ì ì»¨ì¤í ë° ì¬ì í ì ë.hwp,downloaded,,2026-07-01T02:36:47
PBLN_000000000123423,bizinfo,[경북] 안동시 2026년 장애인기업육성지원사업 기업(사업화) 지원 모집 공고,경상북도,https://www.bizinfo.go.kr/sii/siia/selectSIIA200Detail.do?pblancId=PBLN_000000000123423,https://www.bizinfo.go.kr/sii/siia/202606221114000369.hwp,.hwp,C:\dongaAI\3차 프로젝트\0.0\data\attachments\hwp_raw\PBLN_000000000123423_202606221114000369.hwp,download_failed,404 Client Error: Not Found for url: https://www.bizinfo.go.kr/sii/siia/202606221114000369.hwp,2026-07-01T02:36:47
PBLN_000000000123423,bizinfo,[경북] 안동시 2026년 장애인기업육성지원사업 기업(사업화) 지원 모집 공고,경상북도,https://www.bizinfo.go.kr/sii/siia/selectSIIA200Detail.do?pblancId=PBLN_000000000123423,https://www.bizinfo.go.kr/sii/siia/2026년 안동시 장애인기업육성지원사업 기업사업화지원 모집 공고문.hwp,.hwp,C:\dongaAI\3차 프로젝트\0.0\data\attachments\hwp_raw\PBLN_000000000123423_2026년 안동시 장애인기업육성지원사업 기업사업화지원 모집 공고문.hwp,download_failed,400 Client Error: Bad Request for url: https://www.bizinfo.go.kr/sii/siia/2026%EB%85%84%20%EC%95%88%EB%8F%99%EC%8B%9C%20%EC%9E%A5%EC%95%A0%EC%9D%B8%EA%B8%B0%EC%97%85%EC%9C%A1%EC%84%B1%EC%A7%80%EC%9B%90%EC%82%AC%EC%97%85%20%EA%B8%B0%EC%97%85%EC%82%AC%EC%97%85%ED%99%94%EC%A7%80%EC%9B%90%20%EB%AA%A8%EC%A7%91%20%EA%B3%B5%EA%B3%A0%EB%AC%B8.hwp,2026-07-01T02:36:47
PBLN_000000000123423,bizinfo,[경북] 안동시 2026년 장애인기업육성지원사업 기업(사업화) 지원 모집 공고,경상북도,https://www.bizinfo.go.kr/sii/siia/selectSIIA200Detail.do?pblancId=PBLN_000000000123423,https://www.bizinfo.go.kr/cmm/fms/fileDown.do?atchFileId=FILE_000000000760856&fileSn=0,.hwp,C:\dongaAI\3차 프로젝트\0.0\data\attachments\hwp_raw\PBLN_000000000123423_ê¸°ì ì¬ì íì§ìì¬ì ì ì²­ì ë° ê°ì¸ì ë³´ëìì.hwp,downloaded,,2026-07-01T02:36:47
PBLN_000000000123423,bizinfo,[경북] 안동시 2026년 장애인기업육성지원사업 기업(사업화) 지원 모집 공고,경상북도,https://www.bizinfo.go.kr/sii/siia/selectSIIA200Detail.do?pblancId=PBLN_000000000123423,https://www.bizinfo.go.kr/cmm/fms/fileDown.do?atchFileId=FILE_000000000760855&fileSn=0,.hwp,C:\dongaAI\3차 프로젝트\0.0\data\attachments\hwp_raw\PBLN_000000000123423_2026ë  ìëì ì¥ì ì¸ê¸°ì ì¡ì±ì§ìì¬ì ê¸°ì ì¬ì íì§ì ëª¨ì§ ê³µê³ ë¬¸.hwp,downloaded,,2026-07-01T02:36:47
PBLN_000000000123406,bizinfo,반도체 소재ㆍ부품 시험평가센터 구축 사업 KIT 반도체 기업지원 사업 추가 모집 공고,산업통상부,https://www.bizinfo.go.kr/sii/siia/selectSIIA200Detail.do?pblancId=PBLN_000000000123406,https://www.bizinfo.go.kr/sii/siia/202606220949400084.hwp,.hwp,C:\dongaAI\3차 프로젝트\0.0\data\attachments\hwp_raw\PBLN_000000000123406_202606220949400084.hwp,download_failed,404 Client Error: Not Found for url: https://www.bizinfo.go.kr/sii/siia/202606220949400084.hwp,2026-07-01T02:36:47
PBLN_000000000123406,bizinfo,반도체 소재ㆍ부품 시험평가센터 구축 사업 KIT 반도체 기업지원 사업 추가 모집 공고,산업통상부,https://www.bizinfo.go.kr/sii/siia/selectSIIA200Detail.do?pblancId=PBLN_000000000123406,https://www.bizinfo.go.kr/sii/siia/[공고문] 「반도체 소재·부품 시험평가센터 구축 사업」 KIT 반도체 기업지원 추가 모집 공고.hwp,.hwp,C:\dongaAI\3차 프로젝트\0.0\data\attachments\hwp_raw\PBLN_000000000123406_[공고문] 「반도체 소재·부품 시험평가센터 구축 사업」 KIT 반도체 기업지원 추가 모집 공고.hwp,download_failed,400 Client Error: Bad Request for url: https://www.bizinfo.go.kr/sii/siia/%5B%EA%B3%B5%EA%B3%A0%EB%AC%B8%5D%20%E3%80%8C%EB%B0%98%EB%8F%84%EC%B2%B4%20%EC%86%8C%EC%9E%AC%C2%B7%EB%B6%80%ED%92%88%20%EC%8B%9C%ED%97%98%ED%8F%89%EA%B0%80%EC%84%BC%ED%84%B0%20%EA%B5%AC%EC%B6%95%20%EC%82%AC%EC%97%85%E3%80%8D%20KIT%20%EB%B0%98%EB%8F%84%EC%B2%B4%20%EA%B8%B0%EC%97%85%EC%A7%80%EC%9B%90%20%EC%B6%94%EA%B0%80%20%EB%AA%A8%EC%A7%91%20%EA%B3%B5%EA%B3%A0.hwp,2026-07-01T02:36:47
PBLN_000000000123406,bizinfo,반도체 소재ㆍ부품 시험평가센터 구축 사업 KIT 반도체 기업지원 사업 추가 모집 공고,산업통상부,https://www.bizinfo.go.kr/sii/siia/selectSIIA200Detail.do?pblancId=PBLN_000000000123406,https://www.bizinfo.go.kr/cmm/fms/fileDown.do?atchFileId=FILE_000000000760811&fileSn=1,.hwp,C:\dongaAI\3차 프로젝트\0.0\data\attachments\hwp_raw\PBLN_000000000123406_[ê³µê³ ë¬¸] ãë°ëì²´ ìì¬Â·ë¶í ìííê°ì¼í° êµ¬ì¶ ì¬ì ã KIT ë°ëì²´ ê¸°ì ì§ì ì¶.hwp,downloaded,,2026-07-01T02:36:47
PBLN_000000000123301,bizinfo,[전남광주] 2026년 뿌리산업 선도기업 육성사업 기업 맞춤형 디지털전환 수준진단 및 컨설팅 지원 수혜기업 공고,전남광주통합특별시,https://www.bizinfo.go.kr/sii/siia/selectSIIA200Detail.do?pblancId=PBLN_000000000123301,https://www.bizinfo.go.kr/cmm/fms/fileDown.do?atchFileId=FILE_000000000760364&fileSn=0,.hwp,C:\dongaAI\3차 프로젝트\0.0\data\attachments\hwp_raw\PBLN_000000000123301_(ê³µê³ ì 2026â005í¸) ê³µê³ ìì ëª¨ì.hwp,downloaded,,2026-07-01T02:36:47
PBLN_000000000122726,bizinfo,[강원] 2026년 바이오기업 성장 촉진 및 고용 활성화 지원기업 상시 모집 공고(지역산업맞춤형 일자리창출 지원사업),강원특별자치도,https://www.bizinfo.go.kr/sii/siia/selectSIIA200Detail.do?pblancId=PBLN_000000000122726,https://www.bizinfo.go.kr/cmm/fms/fileDown.do?atchFileId=FILE_000000000758132&fileSn=1,.hwp,C:\dongaAI\3차 프로젝트\0.0\data\attachments\hwp_raw\PBLN_000000000122726_2. (20.hwp,downloaded,,2026-07-01T02:36:47
PBLN_000000000122726,bizinfo,[강원] 2026년 바이오기업 성장 촉진 및 고용 활성화 지원기업 상시 모집 공고(지역산업맞춤형 일자리창출 지원사업),강원특별자치도,https://www.bizinfo.go.kr/sii/siia/selectSIIA200Detail.do?pblancId=PBLN_000000000122726,https://www.bizinfo.go.kr/cmm/fms/fileDown.do?atchFileId=FILE_000000000758132&fileSn=2,.hwp,C:\dongaAI\3차 프로젝트\0.0\data\attachments\hwp_raw\PBLN_000000000122726_2. (20.hwp,downloaded,,2026-07-01T02:36:47
PBLN_000000000122726,bizinfo,[강원] 2026년 바이오기업 성장 촉진 및 고용 활성화 지원기업 상시 모집 공고(지역산업맞춤형 일자리창출 지원사업),강원특별자치도,https://www.bizinfo.go.kr/sii/siia/selectSIIA200Detail.do?pblancId=PBLN_000000000122726,https://www.bizinfo.go.kr/cmm/fms/fileDown.do?atchFileId=FILE_000000000758132&fileSn=3,.hwp,C:\dongaAI\3차 프로젝트\0.0\data\attachments\hwp_raw\PBLN_000000000122726_ê°ì¸ì ë³´ ìì§(ì´ì©) Â· ì ê³µ ëìì.hwp,downloaded,,2026-07-01T02:36:47
PBLN_000000000121338,bizinfo,[경북] 상주시 2026년 소상공인 카드수수료 지원사업 참여점포 모집 공고,경상북도,https://www.bizinfo.go.kr/sii/siia/selectSIIA200Detail.do?pblancId=PBLN_000000000121338,https://www.bizinfo.go.kr/cmm/fms/fileDown.do?atchFileId=FILE_000000000753127&fileSn=0,.hwp,C:\dongaAI\3차 프로젝트\0.0\data\attachments\hwp_raw\PBLN_000000000121338_(ìì)ã2026ë  ìì£¼ì ììê³µì¸ ì¹´ëììë£ ì§ìì¬ì ã ì ì²­ ìì.hwp,downloaded,,2026-07-01T02:36:48
PBLN_000000000121366,bizinfo,[제주] 소상공인ㆍ자영업자 재기지원사업 희망업체 모집 공고,제주특별자치도,https://www.bizinfo.go.kr/sii/siia/selectSIIA200Detail.do?pblancId=PBLN_000000000121366,https://www.bizinfo.go.kr/cmm/fms/fileDown.do?atchFileId=FILE_000000000753255&fileSn=0,.hwp,C:\dongaAI\3차 프로젝트\0.0\data\attachments\hwp_raw\PBLN_000000000121366_ì ì£¼+ììê³µì¸Â·ììì ì+ì¬ê¸°ì§ìì¬ì +ë¶ì+ìë¥.hwp,downloaded,,2026-07-01T02:36:48
PBLN_000000000120635,bizinfo,[대구] 2026년 마을기업 수요 맞춤형 성장 지원사업 모집 공고,대구광역시,https://www.bizinfo.go.kr/sii/siia/selectSIIA200Detail.do?pblancId=PBLN_000000000120635,https://www.bizinfo.go.kr/cmm/fms/fileDown.do?atchFileId=FILE_000000000750673&fileSn=0,.hwp,C:\dongaAI\3차 프로젝트\0.0\data\attachments\hwp_raw\PBLN_000000000120635_[ìì]+2026ë +ëêµ¬+ë§ìê¸°ì +ìì+ë§ì¶¤í+ì§ìì¬ì.hwp,downloaded,,2026-07-01T02:36:48
PBLN_000000000123557,bizinfo,[전북] 익산시 2026년 주얼리기업 성과형 장비 활용 지원 사업 참여기업 모집 공고(귀금속장비운영사업),전북특별자치도,https://www.bizinfo.go.kr/sii/siia/selectSIIA200Detail.do?pblancId=PBLN_000000000123557,https://www.bizinfo.go.kr/cmm/fms/fileDown.do?atchFileId=FILE_000000000761352&fileSn=1,.hwp,C:\dongaAI\3차 프로젝트\0.0\data\attachments\hwp_raw\PBLN_000000000123557_íµí©ì¬ì ì ì²­ìë¥.hwp,downloaded,,2026-07-01T02:36:48
PBLN_000000000123559,bizinfo,[인천] 2026년 하반기 중소기업 디자인개발지원사업(일반기업 지원분야) 과제 모집 공고,인천광역시,https://www.bizinfo.go.kr/sii/siia/selectSIIA200Detail.do?pblancId=PBLN_000000000123559,https://www.bizinfo.go.kr/cmm/fms/fileDown.do?atchFileId=FILE_000000000761360&fileSn=2,.hwp,C:\dongaAI\3차 프로젝트\0.0\data\attachments\hwp_raw\PBLN_000000000123559_ë¶ì3_ëìì¸ê°ë°ì§ì_ê´ë ¨ìì_2026.hwp,downloaded,,2026-07-01T02:36:48
PBLN_000000000123560,bizinfo,[경북] 안동시 2026년 중소기업 기술성장 디딤돌 사업 참여기업 추가모집 공고,경상북도,https://www.bizinfo.go.kr/sii/siia/selectSIIA200Detail.do?pblancId=PBLN_000000000123560,https://www.bizinfo.go.kr/cmm/fms/fileDown.do?atchFileId=FILE_000000000761364&fileSn=1,.hwp,C:\dongaAI\3차 프로젝트\0.0\data\attachments\hwp_raw\PBLN_000000000123560_ë¶ì1. ì§ìì¬ì ì ì²­ìì.hwp,downloaded,,2026-07-01T02:36:49
PBLN_000000000120329,bizinfo,[전남광주] 2026년 직장문화개선 컨설팅 참여 기업 모집 공고,전남광주통합특별시,https://www.bizinfo.go.kr/sii/siia/selectSIIA200Detail.do?pblancId=PBLN_000000000120329,https://www.bizinfo.go.kr/cmm/fms/fileDown.do?atchFileId=FILE_000000000749718&fileSn=1,.hwp,C:\dongaAI\3차 프로젝트\0.0\data\attachments\hwp_raw\PBLN_000000000120329_(ì ì²­ì)_ì§ì¥ë¬¸íê°ì _ì»¨ì¤í.hwp,downloaded,,2026-07-01T02:36:49
PBLN_000000000123576,bizinfo,2026년 2차 SaaS 전환ㆍ컨설팅 수요기업 모집 공고,과학기술정보통신부,https://www.bizinfo.go.kr/sii/siia/selectSIIA200Detail.do?pblancId=PBLN_000000000123576,https://www.bizinfo.go.kr/sii/siia/202606241453060175.hwp,.hwp,C:\dongaAI\3차 프로젝트\0.0\data\attachments\hwp_raw\PBLN_000000000123576_202606241453060175.hwp,download_failed,404 Client Error: Not Found for url: https://www.bizinfo.go.kr/sii/siia/202606241453060175.hwp,2026-07-01T02:36:49
PBLN_000000000123576,bizinfo,2026년 2차 SaaS 전환ㆍ컨설팅 수요기업 모집 공고,과학기술정보통신부,https://www.bizinfo.go.kr/sii/siia/selectSIIA200Detail.do?pblancId=PBLN_000000000123576,https://www.bizinfo.go.kr/sii/siia/2026년 SaaS 전환지원센터 SaaS 전환 컨설팅 2차 수요기업 모집 공고.hwp,.hwp,C:\dongaAI\3차 프로젝트\0.0\data\attachments\hwp_raw\PBLN_000000000123576_2026년 SaaS 전환지원센터 SaaS 전환 컨설팅 2차 수요기업 모집 공고.hwp,download_failed,400 Client Error: Bad Request for url: https://www.bizinfo.go.kr/sii/siia/2026%EB%85%84%20SaaS%20%EC%A0%84%ED%99%98%EC%A7%80%EC%9B%90%EC%84%BC%ED%84%B0%20SaaS%20%EC%A0%84%ED%99%98%20%EC%BB%A8%EC%84%A4%ED%8C%85%202%EC%B0%A8%20%EC%88%98%EC%9A%94%EA%B8%B0%EC%97%85%20%EB%AA%A8%EC%A7%91%20%EA%B3%B5%EA%B3%A0.hwp,2026-07-01T02:36:49
PBLN_000000000123576,bizinfo,2026년 2차 SaaS 전환ㆍ컨설팅 수요기업 모집 공고,과학기술정보통신부,https://www.bizinfo.go.kr/sii/siia/selectSIIA200Detail.do?pblancId=PBLN_000000000123576,https://www.bizinfo.go.kr/cmm/fms/fileDown.do?atchFileId=FILE_000000000761406&fileSn=1,.hwp,C:\dongaAI\3차 프로젝트\0.0\data\attachments\hwp_raw\PBLN_000000000123576_2026ë  SaaS ì íì§ìì¼í° SaaS ì í ì»¨ì¤í ì§ì ììê¸°ì ì ì²­ì.hwp,downloaded,,2026-07-01T02:36:49
PBLN_000000000123576,bizinfo,2026년 2차 SaaS 전환ㆍ컨설팅 수요기업 모집 공고,과학기술정보통신부,https://www.bizinfo.go.kr/sii/siia/selectSIIA200Detail.do?pblancId=PBLN_000000000123576,https://www.bizinfo.go.kr/cmm/fms/fileDown.do?atchFileId=FILE_000000000761405&fileSn=1,.hwp,C:\dongaAI\3차 프로젝트\0.0\data\attachments\hwp_raw\PBLN_000000000123576_2026ë  SaaS ì íì§ìì¼í° SaaS ì í ì»¨ì¤í 2ì°¨ ììê¸°ì ëª¨ì§ ê³µê³.hwp,downloaded,,2026-07-01T02:36:49
PBLN_000000000123585,bizinfo,[경남] 밀양시 2026년 3차 미래차 산업전환 공정기술 고도화 수혜기업 모집 공고(미래차 산업 전환 공정기술 고도화 지원사업),경상남도,https://www.bizinfo.go.kr/sii/siia/selectSIIA200Detail.do?pblancId=PBLN_000000000123585,https://www.bizinfo.go.kr/cmm/fms/fileDown.do?atchFileId=FILE_000000000761468&fileSn=1,.hwp,C:\dongaAI\3차 프로젝트\0.0\data\attachments\hwp_raw\PBLN_000000000123585_(ìì1-6) ì¬ì ì ì²­ì ë° ì ì¶ìë¥ìì.hwp,downloaded,,2026-07-01T02:36:49
PBLN_000000000120091,bizinfo,[부산] 2026년 서비스융복합연구센터 데이터 기반 융복합 서비스 개발 컨설팅 지원 공고,부산광역시,https://www.bizinfo.go.kr/sii/siia/selectSIIA200Detail.do?pblancId=PBLN_000000000120091,https://www.bizinfo.go.kr/sii/siia/202603300935130474.hwp,.hwp,C:\dongaAI\3차 프로젝트\0.0\data\attachments\hwp_raw\PBLN_000000000120091_202603300935130474.hwp,download_failed,404 Client Error: Not Found for url: https://www.bizinfo.go.kr/sii/siia/202603300935130474.hwp,2026-07-01T02:36:49
PBLN_000000000120091,bizinfo,[부산] 2026년 서비스융복합연구센터 데이터 기반 융복합 서비스 개발 컨설팅 지원 공고,부산광역시,https://www.bizinfo.go.kr/sii/siia/selectSIIA200Detail.do?pblancId=PBLN_000000000120091,https://www.bizinfo.go.kr/sii/siia/붙임+1.+2026+데이터기반+서비스+컨설팅+지원+공고문.hwp,.hwp,C:\dongaAI\3차 프로젝트\0.0\data\attachments\hwp_raw\PBLN_000000000120091_붙임+1.+2026+데이터기반+서비스+컨설팅+지원+공고문.hwp,download_failed,400 Client Error: Bad Request for url: https://www.bizinfo.go.kr/sii/siia/%EB%B6%99%EC%9E%84+1.+2026+%EB%8D%B0%EC%9D%B4%ED%84%B0%EA%B8%B0%EB%B0%98+%EC%84%9C%EB%B9%84%EC%8A%A4+%EC%BB%A8%EC%84%A4%ED%8C%85+%EC%A7%80%EC%9B%90+%EA%B3%B5%EA%B3%A0%EB%AC%B8.hwp,2026-07-01T02:36:49
PBLN_000000000120091,bizinfo,[부산] 2026년 서비스융복합연구센터 데이터 기반 융복합 서비스 개발 컨설팅 지원 공고,부산광역시,https://www.bizinfo.go.kr/sii/siia/selectSIIA200Detail.do?pblancId=PBLN_000000000120091,https://www.bizinfo.go.kr/cmm/fms/fileDown.do?atchFileId=FILE_000000000748933&fileSn=0,.hwp,C:\dongaAI\3차 프로젝트\0.0\data\attachments\hwp_raw\PBLN_000000000120091_ë¶ì+1.+2026+ë°ì´í°ê¸°ë°+ìë¹ì¤+ì»¨ì¤í +ì§ì+ê³µê³ ë¬¸.hwp,downloaded,,2026-07-01T02:36:49
PBLN_000000000123591,bizinfo,[충남] 2026년 2차 경영위기 소상공인 재기 지원사업 추가모집 공고,충청남도,https://www.bizinfo.go.kr/sii/siia/selectSIIA200Detail.do?pblancId=PBLN_000000000123591,https://www.bizinfo.go.kr/cmm/fms/fileDown.do?atchFileId=FILE_000000000761488&fileSn=1,.hwp,C:\dongaAI\3차 프로젝트\0.0\data\attachments\hwp_raw\PBLN_000000000123591_2026ë  ê²½ììê¸° ììê³µì¸ ì¬ê¸°ì§ì ì¬ì (2ì°¨) ì ì²­ì ë° ê´ë ¨ ìì_ê²ìì©.hwp,downloaded,,2026-07-01T02:36:49
PBLN_000000000123610,bizinfo,[강원] 동해시 2026년 3차 수소 전문기업 육성지원 사업 공고,강원특별자치도,https://www.bizinfo.go.kr/sii/siia/selectSIIA200Detail.do?pblancId=PBLN_000000000123610,https://www.bizinfo.go.kr/cmm/fms/fileDown.do?atchFileId=FILE_000000000761549&fileSn=1,.hwp,C:\dongaAI\3차 프로젝트\0.0\data\attachments\hwp_raw\PBLN_000000000123610_[ìì1] ìì ì ë¬¸ê¸°ì ì¡ì±ì§ìì¬ì ì ì²­ì.hwp,downloaded,,2026-07-01T02:36:50
PBLN_000000000123610,bizinfo,[강원] 동해시 2026년 3차 수소 전문기업 육성지원 사업 공고,강원특별자치도,https://www.bizinfo.go.kr/sii/siia/selectSIIA200Detail.do?pblancId=PBLN_000000000123610,https://www.bizinfo.go.kr/cmm/fms/fileDown.do?atchFileId=FILE_000000000761549&fileSn=2,.hwp,C:\dongaAI\3차 프로젝트\0.0\data\attachments\hwp_raw\PBLN_000000000123610_[ìì2] ìì¸ ì¬ì ê³íì.hwp,downloaded,,2026-07-01T02:36:50
PBLN_000000000123610,bizinfo,[강원] 동해시 2026년 3차 수소 전문기업 육성지원 사업 공고,강원특별자치도,https://www.bizinfo.go.kr/sii/siia/selectSIIA200Detail.do?pblancId=PBLN_000000000123610,https://www.bizinfo.go.kr/cmm/fms/fileDown.do?atchFileId=FILE_000000000761549&fileSn=3,.hwp,C:\dongaAI\3차 프로젝트\0.0\data\attachments\hwp_raw\PBLN_000000000123610_[ìì3] ìë£ì ê³µ ë° ì ë³´íì© ëìì.hwp,downloaded,,2026-07-01T02:36:50
PBLN_000000000123610,bizinfo,[강원] 동해시 2026년 3차 수소 전문기업 육성지원 사업 공고,강원특별자치도,https://www.bizinfo.go.kr/sii/siia/selectSIIA200Detail.do?pblancId=PBLN_000000000123610,https://www.bizinfo.go.kr/cmm/fms/fileDown.do?atchFileId=FILE_000000000761549&fileSn=4,.hwp,C:\dongaAI\3차 프로젝트\0.0\data\attachments\hwp_raw\PBLN_000000000123610_[ìì4] ì ì²­ìê²© ì ì ì± íì¸ì.hwp,downloaded,,2026-07-01T02:36:50
PBLN_000000000119738,bizinfo,[경기] 용인시 2026년 IP지원센터 운영 IP 컨설팅 통합 공고,경기도,https://www.bizinfo.go.kr/sii/siia/selectSIIA200Detail.do?pblancId=PBLN_000000000119738,https://www.bizinfo.go.kr/cmm/fms/fileDown.do?atchFileId=FILE_000000000747653&fileSn=0,.hwp,C:\dongaAI\3차 프로젝트\0.0\data\attachments\hwp_raw\PBLN_000000000119738_ë¶ì2. 2026ë  ì©ì¸ IPì§ìì¼í° IP ì»¨ì¤í (ì°¾ìê°ë ì»¨ì¤í ) ì¬ì ì ì²­ì.hwp,downloaded,,2026-07-01T02:36:50
PBLN_000000000123619,bizinfo,2026년 출판콘텐츠 기술개발 지원 사업(신규과제) 공고,문화체육관광부,https://www.bizinfo.go.kr/sii/siia/selectSIIA200Detail.do?pblancId=PBLN_000000000123619,https://www.bizinfo.go.kr/cmm/fms/fileDown.do?atchFileId=FILE_000000000761565&fileSn=1,.hwp,C:\dongaAI\3차 프로젝트\0.0\data\attachments\hwp_raw\PBLN_000000000123619_[ì°¸ê³ ] ë¬¸ì²´ë¶ ìê´ êµ­ê³ ë³´ì¡°ê¸ ì´ìê´ë¦¬ì§ì¹¨ ê°ì 241031.hwp,downloaded,,2026-07-01T02:36:50
PBLN_000000000119184,bizinfo,[서울] 2026년 상반기 찾아가는 회계 세무 서비스 참여기업 모집 공고,서울특별시,https://www.bizinfo.go.kr/sii/siia/selectSIIA200Detail.do?pblancId=PBLN_000000000119184,https://www.bizinfo.go.kr/sii/siia/202603060950150782.hwp,.hwp,C:\dongaAI\3차 프로젝트\0.0\data\attachments\hwp_raw\PBLN_000000000119184_202603060950150782.hwp,download_failed,404 Client Error: Not Found for url: https://www.bizinfo.go.kr/sii/siia/202603060950150782.hwp,2026-07-01T02:36:50
PBLN_000000000119184,bizinfo,[서울] 2026년 상반기 찾아가는 회계 세무 서비스 참여기업 모집 공고,서울특별시,https://www.bizinfo.go.kr/sii/siia/selectSIIA200Detail.do?pblancId=PBLN_000000000119184,https://www.bizinfo.go.kr/sii/siia/공고문2026-2호_2026년-상반기-찾아가는-회계-세무-서비스-참여기업-모집_최종.hwp,.hwp,C:\dongaAI\3차 프로젝트\0.0\data\attachments\hwp_raw\PBLN_000000000119184_공고문2026-2호_2026년-상반기-찾아가는-회계-세무-서비스-참여기업-모집_최종.hwp,download_failed,400 Client Error: Bad Request for url: https://www.bizinfo.go.kr/sii/siia/%EA%B3%B5%EA%B3%A0%EB%AC%B82026-2%ED%98%B8_2026%EB%85%84-%EC%83%81%EB%B0%98%EA%B8%B0-%EC%B0%BE%EC%95%84%EA%B0%80%EB%8A%94-%ED%9A%8C%EA%B3%84-%EC%84%B8%EB%AC%B4-%EC%84%9C%EB%B9%84%EC%8A%A4-%EC%B0%B8%EC%97%AC%EA%B8%B0%EC%97%85-%EB%AA%A8%EC%A7%91_%EC%B5%9C%EC%A2%85.hwp,2026-07-01T02:36:50
PBLN_000000000119184,bizinfo,[서울] 2026년 상반기 찾아가는 회계 세무 서비스 참여기업 모집 공고,서울특별시,https://www.bizinfo.go.kr/sii/siia/selectSIIA200Detail.do?pblancId=PBLN_000000000119184,https://www.bizinfo.go.kr/cmm/fms/fileDown.do?atchFileId=FILE_000000000745686&fileSn=0,.hwp,C:\dongaAI\3차 프로젝트\0.0\data\attachments\hwp_raw\PBLN_000000000119184_ê³µê³ ë¬¸2026-2í¸_2026ë -ìë°ê¸°-ì°¾ìê°ë-íê³-ì¸ë¬´-ìë¹ì¤-ì°¸ì¬ê¸°ì -ëª¨ì§_ìµì¢.hwp,downloaded,,2026-07-01T02:36:50
PBLN_000000000123643,bizinfo,2026년 울산시ㆍ경주시ㆍ포항시 2차 해오름동맹 첨단이차전지 연대협력사업 기업지원 수혜기업 모집 공고,울산광역시,https://www.bizinfo.go.kr/sii/siia/selectSIIA200Detail.do?pblancId=PBLN_000000000123643,https://www.bizinfo.go.kr/cmm/fms/fileDown.do?atchFileId=FILE_000000000761666&fileSn=0,.hwp,C:\dongaAI\3차 프로젝트\0.0\data\attachments\hwp_raw\PBLN_000000000123643_ë¶ì2-1._2026_ë ë¦½í_ì¬ì í_ì§ì_ì ì²­ì.hwp,downloaded,,2026-07-01T02:36:51
PBLN_000000000123643,bizinfo,2026년 울산시ㆍ경주시ㆍ포항시 2차 해오름동맹 첨단이차전지 연대협력사업 기업지원 수혜기업 모집 공고,울산광역시,https://www.bizinfo.go.kr/sii/siia/selectSIIA200Detail.do?pblancId=PBLN_000000000123643,https://www.bizinfo.go.kr/cmm/fms/fileDown.do?atchFileId=FILE_000000000761666&fileSn=1,.hwp,C:\dongaAI\3차 프로젝트\0.0\data\attachments\hwp_raw\PBLN_000000000123643_ë¶ì2-2._2026_ì¥ë¹íì©_ë°ì°ì²_ì§ì_ì ì²­ì.hwp,downloaded,,2026-07-01T02:36:51
PBLN_000000000123643,bizinfo,2026년 울산시ㆍ경주시ㆍ포항시 2차 해오름동맹 첨단이차전지 연대협력사업 기업지원 수혜기업 모집 공고,울산광역시,https://www.bizinfo.go.kr/sii/siia/selectSIIA200Detail.do?pblancId=PBLN_000000000123643,https://www.bizinfo.go.kr/cmm/fms/fileDown.do?atchFileId=FILE_000000000761666&fileSn=2,.hwp,C:\dongaAI\3차 프로젝트\0.0\data\attachments\hwp_raw\PBLN_000000000123643_ë¶ì3._2026_ê³µíµ_ì ì¶_ìì.hwp,downloaded,,2026-07-01T02:36:51
PBLN_000000000123643,bizinfo,2026년 울산시ㆍ경주시ㆍ포항시 2차 해오름동맹 첨단이차전지 연대협력사업 기업지원 수혜기업 모집 공고,울산광역시,https://www.bizinfo.go.kr/sii/siia/selectSIIA200Detail.do?pblancId=PBLN_000000000123643,https://www.bizinfo.go.kr/cmm/fms/fileDown.do?atchFileId=FILE_000000000761665&fileSn=0,.hwp,C:\dongaAI\3차 프로젝트\0.0\data\attachments\hwp_raw\PBLN_000000000123643_ë¶ì1._2026_í´ì¤ë¦ëë§¹_ì²¨ë¨ì´ì°¨ì ì§_ì°ëíë ¥ì¬ì _ê¸°ì ì§ì_ëª¨ì§ê³µê³ _2ì°¨.hwp,downloaded,,2026-07-01T02:36:51
PBLN_000000000118530,bizinfo,2026년 중소ㆍ중견 에너지효율 혁신 선도 프로젝트 선도기업 모집 공고,기후에너지환경부,https://www.bizinfo.go.kr/sii/siia/selectSIIA200Detail.do?pblancId=PBLN_000000000118530,https://www.bizinfo.go.kr/cmm/fms/fileDown.do?atchFileId=FILE_000000000743880&fileSn=0,.hwp,C:\dongaAI\3차 프로젝트\0.0\data\attachments\hwp_raw\PBLN_000000000118530_[ì²¨ë¶2]ì ëê¸°ì ëª¨ì§ë³ì§ìì.hwp,downloaded,,2026-07-01T02:36:51
PBLN_000000000118778,bizinfo,2026년 충주시 단체관광객 유치여행사 인센티브제 운영 수정 공고,충청북도,https://www.bizinfo.go.kr/sii/siia/selectSIIA200Detail.do?pblancId=PBLN_000000000118778,https://www.bizinfo.go.kr/sii/siia/202602241123030936.hwp,.hwp,C:\dongaAI\3차 프로젝트\0.0\data\attachments\hwp_raw\PBLN_000000000118778_202602241123030936.hwp,download_failed,404 Client Error: Not Found for url: https://www.bizinfo.go.kr/sii/siia/202602241123030936.hwp,2026-07-01T02:36:51
PBLN_000000000118778,bizinfo,2026년 충주시 단체관광객 유치여행사 인센티브제 운영 수정 공고,충청북도,https://www.bizinfo.go.kr/sii/siia/selectSIIA200Detail.do?pblancId=PBLN_000000000118778,https://www.bizinfo.go.kr/sii/siia/260223 2026년 단체관광객 유치여행사 인센티브 공고문 및 서식(수정).hwp,.hwp,C:\dongaAI\3차 프로젝트\0.0\data\attachments\hwp_raw\PBLN_000000000118778_260223 2026년 단체관광객 유치여행사 인센티브 공고문 및 서식(수정).hwp,download_failed,400 Client Error: Bad Request for url: https://www.bizinfo.go.kr/sii/siia/260223%202026%EB%85%84%20%EB%8B%A8%EC%B2%B4%EA%B4%80%EA%B4%91%EA%B0%9D%20%EC%9C%A0%EC%B9%98%EC%97%AC%ED%96%89%EC%82%AC%20%EC%9D%B8%EC%84%BC%ED%8B%B0%EB%B8%8C%20%EA%B3%B5%EA%B3%A0%EB%AC%B8%20%EB%B0%8F%20%EC%84%9C%EC%8B%9D(%EC%88%98%EC%A0%95).hwp,2026-07-01T02:36:51
PBLN_000000000118778,bizinfo,2026년 충주시 단체관광객 유치여행사 인센티브제 운영 수정 공고,충청북도,https://www.bizinfo.go.kr/sii/siia/selectSIIA200Detail.do?pblancId=PBLN_000000000118778,https://www.bizinfo.go.kr/cmm/fms/fileDown.do?atchFileId=FILE_000000000744436&fileSn=0,.hwp,C:\dongaAI\3차 프로젝트\0.0\data\attachments\hwp_raw\PBLN_000000000118778_260223 2026ë  ë¨ì²´ê´ê´ê° ì ì¹ì¬íì¬ ì¸ì¼í°ë¸ ê³µê³ ë¬¸ ë° ìì(ìì ).hwp,downloaded,,2026-07-01T02:36:51
PBLN_000000000123665,bizinfo,2026년 디지털의료제품 전주기 규제 적합성 진단 및 맞춤형 컨설팅 지원 대상 모집 연장 공고,식품의약품안전처,https://www.bizinfo.go.kr/sii/siia/selectSIIA200Detail.do?pblancId=PBLN_000000000123665,https://www.bizinfo.go.kr/cmm/fms/fileDown.do?atchFileId=FILE_000000000761738&fileSn=0,.hwp,C:\dongaAI\3차 프로젝트\0.0\data\attachments\hwp_raw\PBLN_000000000123665_ë¶ì_2._ì ì²­ì_ìì.hwp,downloaded,,2026-07-01T02:36:52
PBLN_000000000123666,bizinfo,[경북] 2026년 3차 광역이음프로젝트 공동 R&Dㆍ일터 개선ㆍ재직자 훈련 참여기업 모집 통합 공고,경상북도,https://www.bizinfo.go.kr/sii/siia/selectSIIA200Detail.do?pblancId=PBLN_000000000123666,https://www.bizinfo.go.kr/cmm/fms/fileDown.do?atchFileId=FILE_000000000761740&fileSn=0,.hwp,C:\dongaAI\3차 프로젝트\0.0\data\attachments\hwp_raw\PBLN_000000000123666_2026ë _íë¡ì í¸2-1._2-2._3-4_íµí©_ì§ì_ì ì²­ì_ver6.hwp,downloaded,,2026-07-01T02:36:52
PBLN_000000000123677,bizinfo,[제주] 건강기능식품 양산화 지원 사업 수혜기업 모집 공고(기능성식품공장운영 및 제품생산활성화사업),제주특별자치도,https://www.bizinfo.go.kr/sii/siia/selectSIIA200Detail.do?pblancId=PBLN_000000000123677,https://www.bizinfo.go.kr/cmm/fms/fileDown.do?atchFileId=FILE_000000000761782&fileSn=0,.hwp,C:\dongaAI\3차 프로젝트\0.0\data\attachments\hwp_raw\PBLN_000000000123677_ë¶ì2. ì ì²­ì(ìì).hwp,downloaded,,2026-07-01T02:36:52
PBLN_000000000117805,bizinfo,[제주] 제주시 2026년 1인 소상공인 출산급여 지원 사업 공고,제주특별자치도,https://www.bizinfo.go.kr/sii/siia/selectSIIA200Detail.do?pblancId=PBLN_000000000117805,https://www.bizinfo.go.kr/sii/siia/202601231255030774.hwp,.hwp,C:\dongaAI\3차 프로젝트\0.0\data\attachments\hwp_raw\PBLN_000000000117805_202601231255030774.hwp,download_failed,404 Client Error: Not Found for url: https://www.bizinfo.go.kr/sii/siia/202601231255030774.hwp,2026-07-01T02:36:52
PBLN_000000000117805,bizinfo,[제주] 제주시 2026년 1인 소상공인 출산급여 지원 사업 공고,제주특별자치도,https://www.bizinfo.go.kr/sii/siia/selectSIIA200Detail.do?pblancId=PBLN_000000000117805,https://www.bizinfo.go.kr/sii/siia/2026년도 1인 소상공인 출산급여 지원 사업 공고(제주시).hwp,.hwp,C:\dongaAI\3차 프로젝트\0.0\data\attachments\hwp_raw\PBLN_000000000117805_2026년도 1인 소상공인 출산급여 지원 사업 공고(제주시).hwp,download_failed,400 Client Error: Bad Request for url: https://www.bizinfo.go.kr/sii/siia/2026%EB%85%84%EB%8F%84%201%EC%9D%B8%20%EC%86%8C%EC%83%81%EA%B3%B5%EC%9D%B8%20%EC%B6%9C%EC%82%B0%EA%B8%89%EC%97%AC%20%EC%A7%80%EC%9B%90%20%EC%82%AC%EC%97%85%20%EA%B3%B5%EA%B3%A0(%EC%A0%9C%EC%A3%BC%EC%8B%9C).hwp,2026-07-01T02:36:52
PBLN_000000000117805,bizinfo,[제주] 제주시 2026년 1인 소상공인 출산급여 지원 사업 공고,제주특별자치도,https://www.bizinfo.go.kr/sii/siia/selectSIIA200Detail.do?pblancId=PBLN_000000000117805,https://www.bizinfo.go.kr/cmm/fms/fileDown.do?atchFileId=FILE_000000000741661&fileSn=0,.hwp,C:\dongaAI\3차 프로젝트\0.0\data\attachments\hwp_raw\PBLN_000000000117805_2026ë ë 1ì¸ ììê³µì¸ ì¶ì°ê¸ì¬ ì§ì ì¬ì ê³µê³ (ì ì£¼ì).hwp,downloaded,,2026-07-01T02:36:52
PBLN_000000000123688,bizinfo,2026년 디지털 치과 의료기기 기술개발 및 시장 진출 지원 사업 공고,산업통상부,https://www.bizinfo.go.kr/sii/siia/selectSIIA200Detail.do?pblancId=PBLN_000000000123688,https://www.bizinfo.go.kr/sii/siia/test.hwp,.hwp,C:\dongaAI\3차 프로젝트\0.0\data\attachments\hwp_raw\PBLN_000000000123688_test.hwp,download_failed,404 Client Error: Not Found for url: https://www.bizinfo.go.kr/sii/siia/test.hwp,2026-07-01T02:36:52
PBLN_000000000123688,bizinfo,2026년 디지털 치과 의료기기 기술개발 및 시장 진출 지원 사업 공고,산업통상부,https://www.bizinfo.go.kr/sii/siia/selectSIIA200Detail.do?pblancId=PBLN_000000000123688,https://www.bizinfo.go.kr/cmm/fms/fileDown.do?atchFileId=FILE_000000000761862&fileSn=1,.hwp,C:\dongaAI\3차 프로젝트\0.0\data\attachments\hwp_raw\PBLN_000000000123688_ë¶ì 2. ì§ì ì ì²­ì.hwp,downloaded,,2026-07-01T02:36:52
PBLN_000000000123688,bizinfo,2026년 디지털 치과 의료기기 기술개발 및 시장 진출 지원 사업 공고,산업통상부,https://www.bizinfo.go.kr/sii/siia/selectSIIA200Detail.do?pblancId=PBLN_000000000123688,https://www.bizinfo.go.kr/cmm/fms/fileDown.do?atchFileId=FILE_000000000761862&fileSn=2,.hwp,C:\dongaAI\3차 프로젝트\0.0\data\attachments\hwp_raw\PBLN_000000000123688_ë¶ì 3. ì ì²­ ê´ë ¨ ì ì¶ìë¥ ìì.hwp,downloaded,,2026-07-01T02:36:52
PBLN_000000000123688,bizinfo,2026년 디지털 치과 의료기기 기술개발 및 시장 진출 지원 사업 공고,산업통상부,https://www.bizinfo.go.kr/sii/siia/selectSIIA200Detail.do?pblancId=PBLN_000000000123688,https://www.bizinfo.go.kr/cmm/fms/fileDown.do?atchFileId=FILE_000000000761861&fileSn=1,.hwp,C:\dongaAI\3차 프로젝트\0.0\data\attachments\hwp_raw\PBLN_000000000123688_ë¶ì 1. ã2026ë ë ëì§í¸ ì¹ê³¼ ìë£ê¸°ê¸° ê¸°ì ê°ë° ë° ìì¥ ì§ì¶ ì§ìã ì¬ì ê³µê³ ë¬¸.hwp,downloaded,,2026-07-01T02:36:52
PBLN_000000000117676,bizinfo,2026년 희망리턴패키지 원스톱폐업지원 소상공인 모집 공고,중소벤처기업부,https://www.bizinfo.go.kr/sii/siia/selectSIIA200Detail.do?pblancId=PBLN_000000000117676,https://www.bizinfo.go.kr/sii/siia/202601211130000153.hwp,.hwp,C:\dongaAI\3차 프로젝트\0.0\data\attachments\hwp_raw\PBLN_000000000117676_202601211130000153.hwp,download_failed,404 Client Error: Not Found for url: https://www.bizinfo.go.kr/sii/siia/202601211130000153.hwp,2026-07-01T02:36:52
PBLN_000000000117676,bizinfo,2026년 희망리턴패키지 원스톱폐업지원 소상공인 모집 공고,중소벤처기업부,https://www.bizinfo.go.kr/sii/siia/selectSIIA200Detail.do?pblancId=PBLN_000000000117676,https://www.bizinfo.go.kr/sii/siia/2026년_『희망리턴패키지_원스톱폐업지원』_소상공인_모집_공고.hwp,.hwp,C:\dongaAI\3차 프로젝트\0.0\data\attachments\hwp_raw\PBLN_000000000117676_2026년_『희망리턴패키지_원스톱폐업지원』_소상공인_모집_공고.hwp,download_failed,400 Client Error: Bad Request for url: https://www.bizinfo.go.kr/sii/siia/2026%EB%85%84_%E3%80%8E%ED%9D%AC%EB%A7%9D%EB%A6%AC%ED%84%B4%ED%8C%A8%ED%82%A4%EC%A7%80_%EC%9B%90%EC%8A%A4%ED%86%B1%ED%8F%90%EC%97%85%EC%A7%80%EC%9B%90%E3%80%8F_%EC%86%8C%EC%83%81%EA%B3%B5%EC%9D%B8_%EB%AA%A8%EC%A7%91_%EA%B3%B5%EA%B3%A0.hwp,2026-07-01T02:36:52
PBLN_000000000117676,bizinfo,2026년 희망리턴패키지 원스톱폐업지원 소상공인 모집 공고,중소벤처기업부,https://www.bizinfo.go.kr/sii/siia/selectSIIA200Detail.do?pblancId=PBLN_000000000117676,https://www.bizinfo.go.kr/cmm/fms/fileDown.do?atchFileId=FILE_000000000741407&fileSn=1,.hwp,C:\dongaAI\3차 프로젝트\0.0\data\attachments\hwp_raw\PBLN_000000000117676_2026ë _ãí¬ë§ë¦¬í´í¨í¤ì§_ìì¤í±íì ì§ìã_ììê³µì¸_ëª¨ì§_ê³µê³.hwp,downloaded,,2026-07-01T02:36:52
PBLN_000000000123694,bizinfo,[대전] 2026년 팝:콘 고도화 제작 지원사업 참여기업 모집 수정 공고,대전광역시,https://www.bizinfo.go.kr/sii/siia/selectSIIA200Detail.do?pblancId=PBLN_000000000123694,https://www.bizinfo.go.kr/cmm/fms/fileDown.do?atchFileId=FILE_000000000761882&fileSn=1,.hwp,C:\dongaAI\3차 프로젝트\0.0\data\attachments\hwp_raw\PBLN_000000000123694_ë¶ì2.+2026ë +íì½+ê³ ëí+ì ì+ì§ìì¬ì +ê´ë¦¬ì§ì¹¨.hwp,downloaded,,2026-07-01T02:36:53
PBLN_000000000123695,bizinfo,[대구] 2026년 취업규칙 제정ㆍ개정 지원사업 공고,대구광역시,https://www.bizinfo.go.kr/sii/siia/selectSIIA200Detail.do?pblancId=PBLN_000000000123695,https://www.bizinfo.go.kr/sii/siia/202606291047530351.hwp,.hwp,C:\dongaAI\3차 프로젝트\0.0\data\attachments\hwp_raw\PBLN_000000000123695_202606291047530351.hwp,download_failed,404 Client Error: Not Found for url: https://www.bizinfo.go.kr/sii/siia/202606291047530351.hwp,2026-07-01T02:36:53
PBLN_000000000123695,bizinfo,[대구] 2026년 취업규칙 제정ㆍ개정 지원사업 공고,대구광역시,https://www.bizinfo.go.kr/sii/siia/selectSIIA200Detail.do?pblancId=PBLN_000000000123695,https://www.bizinfo.go.kr/sii/siia/공고문 취업규칙 제정· 개정 지원.hwp,.hwp,C:\dongaAI\3차 프로젝트\0.0\data\attachments\hwp_raw\PBLN_000000000123695_공고문 취업규칙 제정· 개정 지원.hwp,download_failed,400 Client Error: Bad Request for url: https://www.bizinfo.go.kr/sii/siia/%EA%B3%B5%EA%B3%A0%EB%AC%B8%20%EC%B7%A8%EC%97%85%EA%B7%9C%EC%B9%99%20%EC%A0%9C%EC%A0%95%C2%B7%20%EA%B0%9C%EC%A0%95%20%EC%A7%80%EC%9B%90.hwp,2026-07-01T02:36:53
PBLN_000000000123695,bizinfo,[대구] 2026년 취업규칙 제정ㆍ개정 지원사업 공고,대구광역시,https://www.bizinfo.go.kr/sii/siia/selectSIIA200Detail.do?pblancId=PBLN_000000000123695,https://www.bizinfo.go.kr/cmm/fms/fileDown.do?atchFileId=FILE_000000000761835&fileSn=0,.hwp,C:\dongaAI\3차 프로젝트\0.0\data\attachments\hwp_raw\PBLN_000000000123695_ìì ì·¨ì ê·ì¹ ì ì Â· ê°ì  ì§ì.hwp,downloaded,,2026-07-01T02:36:53
PBLN_000000000123695,bizinfo,[대구] 2026년 취업규칙 제정ㆍ개정 지원사업 공고,대구광역시,https://www.bizinfo.go.kr/sii/siia/selectSIIA200Detail.do?pblancId=PBLN_000000000123695,https://www.bizinfo.go.kr/cmm/fms/fileDown.do?atchFileId=FILE_000000000761834&fileSn=0,.hwp,C:\dongaAI\3차 프로젝트\0.0\data\attachments\hwp_raw\PBLN_000000000123695_ê³µê³ ë¬¸ ì·¨ì ê·ì¹ ì ì Â· ê°ì  ì§ì.hwp,downloaded,,2026-07-01T02:36:53
PBLN_000000000123701,bizinfo,[대구] 2026년 대구노동권익센터 인사노무관리 컨설팅 지원 공고,대구광역시,https://www.bizinfo.go.kr/sii/siia/selectSIIA200Detail.do?pblancId=PBLN_000000000123701,https://www.bizinfo.go.kr/sii/siia/202606291117010361.hwp,.hwp,C:\dongaAI\3차 프로젝트\0.0\data\attachments\hwp_raw\PBLN_000000000123701_202606291117010361.hwp,download_failed,404 Client Error: Not Found for url: https://www.bizinfo.go.kr/sii/siia/202606291117010361.hwp,2026-07-01T02:36:53
PBLN_000000000123701,bizinfo,[대구] 2026년 대구노동권익센터 인사노무관리 컨설팅 지원 공고,대구광역시,https://www.bizinfo.go.kr/sii/siia/selectSIIA200Detail.do?pblancId=PBLN_000000000123701,https://www.bizinfo.go.kr/sii/siia/공고문 인사노무관리 컨설팅 지원.hwp,.hwp,C:\dongaAI\3차 프로젝트\0.0\data\attachments\hwp_raw\PBLN_000000000123701_공고문 인사노무관리 컨설팅 지원.hwp,download_failed,400 Client Error: Bad Request for url: https://www.bizinfo.go.kr/sii/siia/%EA%B3%B5%EA%B3%A0%EB%AC%B8%20%EC%9D%B8%EC%82%AC%EB%85%B8%EB%AC%B4%EA%B4%80%EB%A6%AC%20%EC%BB%A8%EC%84%A4%ED%8C%85%20%EC%A7%80%EC%9B%90.hwp,2026-07-01T02:36:53
PBLN_000000000123701,bizinfo,[대구] 2026년 대구노동권익센터 인사노무관리 컨설팅 지원 공고,대구광역시,https://www.bizinfo.go.kr/sii/siia/selectSIIA200Detail.do?pblancId=PBLN_000000000123701,https://www.bizinfo.go.kr/cmm/fms/fileDown.do?atchFileId=FILE_000000000761903&fileSn=0,.hwp,C:\dongaAI\3차 프로젝트\0.0\data\attachments\hwp_raw\PBLN_000000000123701_ì ì²­ìì ì¸ì¬ë ¸ë¬´ê´ë¦¬ ì»¨ì¤í ì§ì.hwp,downloaded,,2026-07-01T02:36:53
PBLN_000000000123701,bizinfo,[대구] 2026년 대구노동권익센터 인사노무관리 컨설팅 지원 공고,대구광역시,https://www.bizinfo.go.kr/sii/siia/selectSIIA200Detail.do?pblancId=PBLN_000000000123701,https://www.bizinfo.go.kr/cmm/fms/fileDown.do?atchFileId=FILE_000000000761902&fileSn=0,.hwp,C:\dongaAI\3차 프로젝트\0.0\data\attachments\hwp_raw\PBLN_000000000123701_ê³µê³ ë¬¸ ì¸ì¬ë ¸ë¬´ê´ë¦¬ ì»¨ì¤í ì§ì.hwp,downloaded,,2026-07-01T02:36:53
PBLN_000000000123705,bizinfo,[경기] 2026년 청년 일하기 좋은 기업 인증제 시행계획 공고,경기도,https://www.bizinfo.go.kr/sii/siia/selectSIIA200Detail.do?pblancId=PBLN_000000000123705,https://www.bizinfo.go.kr/cmm/fms/fileDown.do?atchFileId=FILE_000000000761911&fileSn=0,.hwp,C:\dongaAI\3차 프로젝트\0.0\data\attachments\hwp_raw\PBLN_000000000123705_(ê³µê³ ë¬¸) 2026ë  ê²½ê¸°ë ì²­ë  ì¼íê¸° ì¢ì ê¸°ì ì¸ì¦ì  ìíê³í ê³µê³.hwp,downloaded,,2026-07-01T02:36:53
PBLN_000000000123718,bizinfo,[전남광주] 2026년 2차 중소기업 맞춤형 성장지원(컨설팅) 참여기업 모집 기간 연장 공고,전남광주통합특별시,https://www.bizinfo.go.kr/sii/siia/selectSIIA200Detail.do?pblancId=PBLN_000000000123718,https://www.bizinfo.go.kr/cmm/fms/fileDown.do?atchFileId=FILE_000000000761939&fileSn=1,.hwp,C:\dongaAI\3차 프로젝트\0.0\data\attachments\hwp_raw\PBLN_000000000123718_2026ë +ì¤ìê¸°ì +ë§ì¶¤í+ì±ì¥ì§ì+ì¬ì +ì»¨ì¤í +2ì°¨+ê³µê³ (ê¸°ê°ì°ì¥)_ìì+í¬í¨.hwp,downloaded,,2026-07-01T02:36:53
PBLN_000000000117569,bizinfo,2026년 전주시 숙박관광객 유치 인센티브 지급 계획 공고,전북특별자치도,https://www.bizinfo.go.kr/sii/siia/selectSIIA200Detail.do?pblancId=PBLN_000000000117569,https://www.bizinfo.go.kr/sii/siia/202601191023400519.hwp,.hwp,C:\dongaAI\3차 프로젝트\0.0\data\attachments\hwp_raw\PBLN_000000000117569_202601191023400519.hwp,download_failed,404 Client Error: Not Found for url: https://www.bizinfo.go.kr/sii/siia/202601191023400519.hwp,2026-07-01T02:36:54
PBLN_000000000117569,bizinfo,2026년 전주시 숙박관광객 유치 인센티브 지급 계획 공고,전북특별자치도,https://www.bizinfo.go.kr/sii/siia/selectSIIA200Detail.do?pblancId=PBLN_000000000117569,https://www.bizinfo.go.kr/sii/siia/2026년도 전주시 숙박관광객 유치 인센티브 지급 계획 공고.hwp,.hwp,C:\dongaAI\3차 프로젝트\0.0\data\attachments\hwp_raw\PBLN_000000000117569_2026년도 전주시 숙박관광객 유치 인센티브 지급 계획 공고.hwp,download_failed,400 Client Error: Bad Request for url: https://www.bizinfo.go.kr/sii/siia/2026%EB%85%84%EB%8F%84%20%EC%A0%84%EC%A3%BC%EC%8B%9C%20%EC%88%99%EB%B0%95%EA%B4%80%EA%B4%91%EA%B0%9D%20%EC%9C%A0%EC%B9%98%20%EC%9D%B8%EC%84%BC%ED%8B%B0%EB%B8%8C%20%EC%A7%80%EA%B8%89%20%EA%B3%84%ED%9A%8D%20%EA%B3%B5%EA%B3%A0.hwp,2026-07-01T02:36:54
PBLN_000000000117569,bizinfo,2026년 전주시 숙박관광객 유치 인센티브 지급 계획 공고,전북특별자치도,https://www.bizinfo.go.kr/sii/siia/selectSIIA200Detail.do?pblancId=PBLN_000000000117569,https://www.bizinfo.go.kr/cmm/fms/fileDown.do?atchFileId=FILE_000000000741124&fileSn=0,.hwp,C:\dongaAI\3차 프로젝트\0.0\data\attachments\hwp_raw\PBLN_000000000117569_2026ë ë ì ì£¼ì ìë°ê´ê´ê° ì ì¹ ì¸ì¼í°ë¸ ì§ê¸ ê³í ê³µê³.hwp,downloaded,,2026-07-01T02:36:54
PBLN_000000000123731,bizinfo,[대구] 2026년 수요맞춤형 AI솔루션 개발ㆍ실증 지원 사업 컨소시엄 모집 재공고(제조업 AI융합 기반 조성사업),대구광역시,https://www.bizinfo.go.kr/sii/siia/selectSIIA200Detail.do?pblancId=PBLN_000000000123731,https://www.bizinfo.go.kr/cmm/fms/fileDown.do?atchFileId=FILE_000000000762051&fileSn=4,.hwp,C:\dongaAI\3차 프로젝트\0.0\data\attachments\hwp_raw\PBLN_000000000123731_ë¶ì 3. (ìì)ì¬ì ê³íì ë° ì ì¶ ìë¥.hwp,downloaded,,2026-07-01T02:36:54
PBLN_000000000117491,bizinfo,2026년 완주군 단체관광객 유치 인센티브 지원사업 공고,전북특별자치도,https://www.bizinfo.go.kr/sii/siia/selectSIIA200Detail.do?pblancId=PBLN_000000000117491,https://www.bizinfo.go.kr/sii/siia/202601160917250855.hwp,.hwp,C:\dongaAI\3차 프로젝트\0.0\data\attachments\hwp_raw\PBLN_000000000117491_202601160917250855.hwp,download_failed,404 Client Error: Not Found for url: https://www.bizinfo.go.kr/sii/siia/202601160917250855.hwp,2026-07-01T02:36:54
PBLN_000000000117491,bizinfo,2026년 완주군 단체관광객 유치 인센티브 지원사업 공고,전북특별자치도,https://www.bizinfo.go.kr/sii/siia/selectSIIA200Detail.do?pblancId=PBLN_000000000117491,https://www.bizinfo.go.kr/sii/siia/2026년 단체관광객 유치 인센티브 지원 공고.hwp,.hwp,C:\dongaAI\3차 프로젝트\0.0\data\attachments\hwp_raw\PBLN_000000000117491_2026년 단체관광객 유치 인센티브 지원 공고.hwp,download_failed,400 Client Error: Bad Request for url: https://www.bizinfo.go.kr/sii/siia/2026%EB%85%84%20%EB%8B%A8%EC%B2%B4%EA%B4%80%EA%B4%91%EA%B0%9D%20%EC%9C%A0%EC%B9%98%20%EC%9D%B8%EC%84%BC%ED%8B%B0%EB%B8%8C%20%EC%A7%80%EC%9B%90%20%EA%B3%B5%EA%B3%A0.hwp,2026-07-01T02:36:54
PBLN_000000000117491,bizinfo,2026년 완주군 단체관광객 유치 인센티브 지원사업 공고,전북특별자치도,https://www.bizinfo.go.kr/sii/siia/selectSIIA200Detail.do?pblancId=PBLN_000000000117491,https://www.bizinfo.go.kr/cmm/fms/fileDown.do?atchFileId=FILE_000000000740988&fileSn=0,.hwp,C:\dongaAI\3차 프로젝트\0.0\data\attachments\hwp_raw\PBLN_000000000117491_2026ë  ë¨ì²´ê´ê´ê° ì ì¹ ì¸ì¼í°ë¸ ì§ì ê³µê³.hwp,downloaded,,2026-07-01T02:36:54
PBLN_000000000123733,bizinfo,[경기] 화성시 2026년 하반기 그린안전리모델링 지원사업 참여기업 모집 공고,경기도,https://www.bizinfo.go.kr/sii/siia/selectSIIA200Detail.do?pblancId=PBLN_000000000123733,https://www.bizinfo.go.kr/sii/siia/202606300948340589.hwp,.hwp,C:\dongaAI\3차 프로젝트\0.0\data\attachments\hwp_raw\PBLN_000000000123733_202606300948340589.hwp,download_failed,404 Client Error: Not Found for url: https://www.bizinfo.go.kr/sii/siia/202606300948340589.hwp,2026-07-01T02:36:54
PBLN_000000000123733,bizinfo,[경기] 화성시 2026년 하반기 그린안전리모델링 지원사업 참여기업 모집 공고,경기도,https://www.bizinfo.go.kr/sii/siia/selectSIIA200Detail.do?pblancId=PBLN_000000000123733,https://www.bizinfo.go.kr/sii/siia/[붙임 1] 그린안전리모델링 모집공고문(하반기).hwp,.hwp,C:\dongaAI\3차 프로젝트\0.0\data\attachments\hwp_raw\PBLN_000000000123733_[붙임 1] 그린안전리모델링 모집공고문(하반기).hwp,download_failed,400 Client Error: Bad Request for url: https://www.bizinfo.go.kr/sii/siia/%5B%EB%B6%99%EC%9E%84%201%5D%20%EA%B7%B8%EB%A6%B0%EC%95%88%EC%A0%84%EB%A6%AC%EB%AA%A8%EB%8D%B8%EB%A7%81%20%EB%AA%A8%EC%A7%91%EA%B3%B5%EA%B3%A0%EB%AC%B8(%ED%95%98%EB%B0%98%EA%B8%B0).hwp,2026-07-01T02:36:55
PBLN_000000000123733,bizinfo,[경기] 화성시 2026년 하반기 그린안전리모델링 지원사업 참여기업 모집 공고,경기도,https://www.bizinfo.go.kr/sii/siia/selectSIIA200Detail.do?pblancId=PBLN_000000000123733,https://www.bizinfo.go.kr/cmm/fms/fileDown.do?atchFileId=FILE_000000000762053&fileSn=0,.hwp,C:\dongaAI\3차 프로젝트\0.0\data\attachments\hwp_raw\PBLN_000000000123733_[ë¶ì 2] ì ì²­ìì ë° ì°¸ê³ ìë£(ëª¨ì§ê³µê³ ).hwp,downloaded,,2026-07-01T02:36:55
PBLN_000000000123733,bizinfo,[경기] 화성시 2026년 하반기 그린안전리모델링 지원사업 참여기업 모집 공고,경기도,https://www.bizinfo.go.kr/sii/siia/selectSIIA200Detail.do?pblancId=PBLN_000000000123733,https://www.bizinfo.go.kr/cmm/fms/fileDown.do?atchFileId=FILE_000000000762052&fileSn=0,.hwp,C:\dongaAI\3차 프로젝트\0.0\data\attachments\hwp_raw\PBLN_000000000123733_[ë¶ì 1] ê·¸ë¦°ìì ë¦¬ëª¨ë¸ë§ ëª¨ì§ê³µê³ ë¬¸(íë°ê¸°).hwp,downloaded,,2026-07-01T02:36:55
PBLN_000000000117367,bizinfo,[전남광주] 강진군 밀키트 판매업소 장비 지원사업장 모집 공고,전남광주통합특별시,https://www.bizinfo.go.kr/sii/siia/selectSIIA200Detail.do?pblancId=PBLN_000000000117367,https://www.bizinfo.go.kr/sii/siia/202601130953220411.hwp,.hwp,C:\dongaAI\3차 프로젝트\0.0\data\attachments\hwp_raw\PBLN_000000000117367_202601130953220411.hwp,download_failed,404 Client Error: Not Found for url: https://www.bizinfo.go.kr/sii/siia/202601130953220411.hwp,2026-07-01T02:36:56
PBLN_000000000117367,bizinfo,[전남광주] 강진군 밀키트 판매업소 장비 지원사업장 모집 공고,전남광주통합특별시,https://www.bizinfo.go.kr/sii/siia/selectSIIA200Detail.do?pblancId=PBLN_000000000117367,https://www.bizinfo.go.kr/sii/siia/(공고문) 2026년 밀키트 판매업소 장비 지원사업장 모집(기존업소).hwp,.hwp,C:\dongaAI\3차 프로젝트\0.0\data\attachments\hwp_raw\PBLN_000000000117367_(공고문) 2026년 밀키트 판매업소 장비 지원사업장 모집(기존업소).hwp,download_failed,400 Client Error: Bad Request for url: https://www.bizinfo.go.kr/sii/siia/(%EA%B3%B5%EA%B3%A0%EB%AC%B8)%202026%EB%85%84%20%EB%B0%80%ED%82%A4%ED%8A%B8%20%ED%8C%90%EB%A7%A4%EC%97%85%EC%86%8C%20%EC%9E%A5%EB%B9%84%20%EC%A7%80%EC%9B%90%EC%82%AC%EC%97%85%EC%9E%A5%20%EB%AA%A8%EC%A7%91(%EA%B8%B0%EC%A1%B4%EC%97%85%EC%86%8C).hwp,2026-07-01T02:36:56
PBLN_000000000117367,bizinfo,[전남광주] 강진군 밀키트 판매업소 장비 지원사업장 모집 공고,전남광주통합특별시,https://www.bizinfo.go.kr/sii/siia/selectSIIA200Detail.do?pblancId=PBLN_000000000117367,https://www.bizinfo.go.kr/cmm/fms/fileDown.do?atchFileId=FILE_000000000740590&fileSn=0,.hwp,C:\dongaAI\3차 프로젝트\0.0\data\attachments\hwp_raw\PBLN_000000000117367_(ê³µê³ ë¬¸) 2026ë  ë°í¤í¸ íë§¤ì ì ì¥ë¹ ì§ìì¬ì ì¥ ëª¨ì§(ê¸°ì¡´ì ì).hwp,downloaded,,2026-07-01T02:36:56
PBLN_000000000117336,bizinfo,2026년 고령군 국내ㆍ외 단체 관광객 유치 여행사(기관) 인센티브 지원 공고,경상북도,https://www.bizinfo.go.kr/sii/siia/selectSIIA200Detail.do?pblancId=PBLN_000000000117336,https://www.bizinfo.go.kr/sii/siia/202601121428360404.hwp,.hwp,C:\dongaAI\3차 프로젝트\0.0\data\attachments\hwp_raw\PBLN_000000000117336_202601121428360404.hwp,download_failed,404 Client Error: Not Found for url: https://www.bizinfo.go.kr/sii/siia/202601121428360404.hwp,2026-07-01T02:36:56
PBLN_000000000117336,bizinfo,2026년 고령군 국내ㆍ외 단체 관광객 유치 여행사(기관) 인센티브 지원 공고,경상북도,https://www.bizinfo.go.kr/sii/siia/selectSIIA200Detail.do?pblancId=PBLN_000000000117336,https://www.bizinfo.go.kr/sii/siia/2026년+고령군+국내외+단체관광객+유치+여행사(기관)+인센티브+지원+공고문.hwp,.hwp,C:\dongaAI\3차 프로젝트\0.0\data\attachments\hwp_raw\PBLN_000000000117336_2026년+고령군+국내외+단체관광객+유치+여행사(기관)+인센티브+지원+공고문.hwp,download_failed,400 Client Error: Bad Request for url: https://www.bizinfo.go.kr/sii/siia/2026%EB%85%84+%EA%B3%A0%EB%A0%B9%EA%B5%B0+%EA%B5%AD%EB%82%B4%EC%99%B8+%EB%8B%A8%EC%B2%B4%EA%B4%80%EA%B4%91%EA%B0%9D+%EC%9C%A0%EC%B9%98+%EC%97%AC%ED%96%89%EC%82%AC(%EA%B8%B0%EA%B4%80)+%EC%9D%B8%EC%84%BC%ED%8B%B0%EB%B8%8C+%EC%A7%80%EC%9B%90+%EA%B3%B5%EA%B3%A0%EB%AC%B8.hwp,2026-07-01T02:36:56
PBLN_000000000117336,bizinfo,2026년 고령군 국내ㆍ외 단체 관광객 유치 여행사(기관) 인센티브 지원 공고,경상북도,https://www.bizinfo.go.kr/sii/siia/selectSIIA200Detail.do?pblancId=PBLN_000000000117336,https://www.bizinfo.go.kr/cmm/fms/fileDown.do?atchFileId=FILE_000000000740501&fileSn=0,.hwp,C:\dongaAI\3차 프로젝트\0.0\data\attachments\hwp_raw\PBLN_000000000117336_2026ë +ê³ ë ¹êµ°+êµ­ë´ì¸+ë¨ì²´ê´ê´ê°+ì ì¹+ì¬íì¬(ê¸°ê´)+ì¸ì¼í°ë¸+ì§ì+ê³µê³ ë¬¸.hwp,downloaded,,2026-07-01T02:36:57
PBLN_000000000117118,bizinfo,[전남광주] 2025년 지역기업 투자유치 역량강화를 위한 IR 참가기업 모집 공고,전남광주통합특별시,https://www.bizinfo.go.kr/sii/siia/selectSIIA200Detail.do?pblancId=PBLN_000000000117118,https://www.bizinfo.go.kr/cmm/fms/fileDown.do?atchFileId=FILE_000000000739768&fileSn=1,.hwp,C:\dongaAI\3차 프로젝트\0.0\data\attachments\hwp_raw\PBLN_000000000117118_2-3.ê´ì£¼ì´ì ìí¥ì(ìì).hwp,downloaded,,2026-07-01T02:36:57
PBLN_000000000117118,bizinfo,[전남광주] 2025년 지역기업 투자유치 역량강화를 위한 IR 참가기업 모집 공고,전남광주통합특별시,https://www.bizinfo.go.kr/sii/siia/selectSIIA200Detail.do?pblancId=PBLN_000000000117118,https://www.bizinfo.go.kr/cmm/fms/fileDown.do?atchFileId=FILE_000000000739768&fileSn=2,.hwp,C:\dongaAI\3차 프로젝트\0.0\data\attachments\hwp_raw\PBLN_000000000117118_2-1.[ê´ì£¼TP]IRì°¸ê°ì ì²­ì(ìì).hwp,downloaded,,2026-07-01T02:36:57
PBLN_000000000117118,bizinfo,[전남광주] 2025년 지역기업 투자유치 역량강화를 위한 IR 참가기업 모집 공고,전남광주통합특별시,https://www.bizinfo.go.kr/sii/siia/selectSIIA200Detail.do?pblancId=PBLN_000000000117118,https://www.bizinfo.go.kr/cmm/fms/fileDown.do?atchFileId=FILE_000000000739768&fileSn=3,.hwp,C:\dongaAI\3차 프로젝트\0.0\data\attachments\hwp_raw\PBLN_000000000117118_2-2.ê¸°ì ì ë³´ì ê³µíëëìì.hwp,downloaded,,2026-07-01T02:36:57
PBLN_000000000116966,bizinfo,[경남] 김해시 2026년 가축분뇨 수집ㆍ운반 수수료 지원사업 신청서 접수 공고,경상남도,https://www.bizinfo.go.kr/sii/siia/selectSIIA200Detail.do?pblancId=PBLN_000000000116966,https://www.bizinfo.go.kr/sii/siia/202512241321250159.hwp,.hwp,C:\dongaAI\3차 프로젝트\0.0\data\attachments\hwp_raw\PBLN_000000000116966_202512241321250159.hwp,download_failed,404 Client Error: Not Found for url: https://www.bizinfo.go.kr/sii/siia/202512241321250159.hwp,2026-07-01T02:36:57
PBLN_000000000116966,bizinfo,[경남] 김해시 2026년 가축분뇨 수집ㆍ운반 수수료 지원사업 신청서 접수 공고,경상남도,https://www.bizinfo.go.kr/sii/siia/selectSIIA200Detail.do?pblancId=PBLN_000000000116966,https://www.bizinfo.go.kr/sii/siia/2026년 가축분뇨 수집운반 수수료 지원사업 신청서 접수 공고.hwp,.hwp,C:\dongaAI\3차 프로젝트\0.0\data\attachments\hwp_raw\PBLN_000000000116966_2026년 가축분뇨 수집운반 수수료 지원사업 신청서 접수 공고.hwp,download_failed,400 Client Error: Bad Request for url: https://www.bizinfo.go.kr/sii/siia/2026%EB%85%84%20%EA%B0%80%EC%B6%95%EB%B6%84%EB%87%A8%20%EC%88%98%EC%A7%91%EC%9A%B4%EB%B0%98%20%EC%88%98%EC%88%98%EB%A3%8C%20%EC%A7%80%EC%9B%90%EC%82%AC%EC%97%85%20%EC%8B%A0%EC%B2%AD%EC%84%9C%20%EC%A0%91%EC%88%98%20%EA%B3%B5%EA%B3%A0.hwp,2026-07-01T02:36:57
PBLN_000000000116966,bizinfo,[경남] 김해시 2026년 가축분뇨 수집ㆍ운반 수수료 지원사업 신청서 접수 공고,경상남도,https://www.bizinfo.go.kr/sii/siia/selectSIIA200Detail.do?pblancId=PBLN_000000000116966,https://www.bizinfo.go.kr/cmm/fms/fileDown.do?atchFileId=FILE_000000000739208&fileSn=0,.hwp,C:\dongaAI\3차 프로젝트\0.0\data\attachments\hwp_raw\PBLN_000000000116966_2026ë  ê°ì¶ë¶ë¨ ìì§ì´ë° ììë£ ì§ìì¬ì ì ì²­ì ì ì ê³µê³.hwp,downloaded,,2026-07-01T02:36:57
PBLN_000000000118806,bizinfo,[경남] 사천시ㆍ진주시 2026년 디지털전환(DX) 컨설팅 및 인력양성 지원 사업 수요기업 모집 공고,경상남도,https://www.bizinfo.go.kr/sii/siia/selectSIIA200Detail.do?pblancId=PBLN_000000000118806,https://www.bizinfo.go.kr/sii/siia/202602241506160292.hwp,.hwp,C:\dongaAI\3차 프로젝트\0.0\data\attachments\hwp_raw\PBLN_000000000118806_202602241506160292.hwp,download_failed,404 Client Error: Not Found for url: https://www.bizinfo.go.kr/sii/siia/202602241506160292.hwp,2026-07-01T02:36:58
PBLN_000000000118806,bizinfo,[경남] 사천시ㆍ진주시 2026년 디지털전환(DX) 컨설팅 및 인력양성 지원 사업 수요기업 모집 공고,경상남도,https://www.bizinfo.go.kr/sii/siia/selectSIIA200Detail.do?pblancId=PBLN_000000000118806,https://www.bizinfo.go.kr/sii/siia/(공고문) 2026년 사천 디지털전환(DX) 컨설팅 및 인력양성 지원사업 수혜기업 모집 공고문.hwp,.hwp,C:\dongaAI\3차 프로젝트\0.0\data\attachments\hwp_raw\PBLN_000000000118806_(공고문) 2026년 사천 디지털전환(DX) 컨설팅 및 인력양성 지원사업 수혜기업 모집 공고문.hwp,download_failed,400 Client Error: Bad Request for url: https://www.bizinfo.go.kr/sii/siia/(%EA%B3%B5%EA%B3%A0%EB%AC%B8)%202026%EB%85%84%20%EC%82%AC%EC%B2%9C%20%EB%94%94%EC%A7%80%ED%84%B8%EC%A0%84%ED%99%98(DX)%20%EC%BB%A8%EC%84%A4%ED%8C%85%20%EB%B0%8F%20%EC%9D%B8%EB%A0%A5%EC%96%91%EC%84%B1%20%EC%A7%80%EC%9B%90%EC%82%AC%EC%97%85%20%EC%88%98%ED%98%9C%EA%B8%B0%EC%97%85%20%EB%AA%A8%EC%A7%91%20%EA%B3%B5%EA%B3%A0%EB%AC%B8.hwp,2026-07-01T02:36:58
PBLN_000000000118806,bizinfo,[경남] 사천시ㆍ진주시 2026년 디지털전환(DX) 컨설팅 및 인력양성 지원 사업 수요기업 모집 공고,경상남도,https://www.bizinfo.go.kr/sii/siia/selectSIIA200Detail.do?pblancId=PBLN_000000000118806,https://www.bizinfo.go.kr/cmm/fms/fileDown.do?atchFileId=FILE_000000000744515&fileSn=0,.hwp,C:\dongaAI\3차 프로젝트\0.0\data\attachments\hwp_raw\PBLN_000000000118806_ë¶ì1. 2026ë  ì¬ì² ëì§í¸ì í(DX) ì»¨ì¤í ë° ì¸ë ¥ìì± ì§ìì¬ì ì ì²­ìì_KETI.hwp,downloaded,,2026-07-01T02:36:58
PBLN_000000000118806,bizinfo,[경남] 사천시ㆍ진주시 2026년 디지털전환(DX) 컨설팅 및 인력양성 지원 사업 수요기업 모집 공고,경상남도,https://www.bizinfo.go.kr/sii/siia/selectSIIA200Detail.do?pblancId=PBLN_000000000118806,https://www.bizinfo.go.kr/cmm/fms/fileDown.do?atchFileId=FILE_000000000744514&fileSn=0,.hwp,C:\dongaAI\3차 프로젝트\0.0\data\attachments\hwp_raw\PBLN_000000000118806_(ê³µê³ ë¬¸) 2026ë  ì¬ì² ëì§í¸ì í(DX) ì»¨ì¤í ë° ì¸ë ¥ìì± ì§ìì¬ì ìíê¸°ì ëª¨ì§ ê.hwp,downloaded,,2026-07-01T02:36:58
PBLN_000000000123696,bizinfo,[대구] 2026년 노동존중 기업 모집 공고,대구광역시,https://www.bizinfo.go.kr/sii/siia/selectSIIA200Detail.do?pblancId=PBLN_000000000123696,https://www.bizinfo.go.kr/sii/siia/202606291052100682.hwp,.hwp,C:\dongaAI\3차 프로젝트\0.0\data\attachments\hwp_raw\PBLN_000000000123696_202606291052100682.hwp,download_failed,404 Client Error: Not Found for url: https://www.bizinfo.go.kr/sii/siia/202606291052100682.hwp,2026-07-01T02:36:58
PBLN_000000000123696,bizinfo,[대구] 2026년 노동존중 기업 모집 공고,대구광역시,https://www.bizinfo.go.kr/sii/siia/selectSIIA200Detail.do?pblancId=PBLN_000000000123696,https://www.bizinfo.go.kr/sii/siia/공고문 노동존중 기업 모집.hwp,.hwp,C:\dongaAI\3차 프로젝트\0.0\data\attachments\hwp_raw\PBLN_000000000123696_공고문 노동존중 기업 모집.hwp,download_failed,400 Client Error: Bad Request for url: https://www.bizinfo.go.kr/sii/siia/%EA%B3%B5%EA%B3%A0%EB%AC%B8%20%EB%85%B8%EB%8F%99%EC%A1%B4%EC%A4%91%20%EA%B8%B0%EC%97%85%20%EB%AA%A8%EC%A7%91.hwp,2026-07-01T02:36:58
PBLN_000000000123696,bizinfo,[대구] 2026년 노동존중 기업 모집 공고,대구광역시,https://www.bizinfo.go.kr/sii/siia/selectSIIA200Detail.do?pblancId=PBLN_000000000123696,https://www.bizinfo.go.kr/cmm/fms/fileDown.do?atchFileId=FILE_000000000761837&fileSn=0,.hwp,C:\dongaAI\3차 프로젝트\0.0\data\attachments\hwp_raw\PBLN_000000000123696_ìì ë ¸ëì¡´ì¤ ê¸°ì ëª¨ì§.hwp,downloaded,,2026-07-01T02:36:58
PBLN_000000000123696,bizinfo,[대구] 2026년 노동존중 기업 모집 공고,대구광역시,https://www.bizinfo.go.kr/sii/siia/selectSIIA200Detail.do?pblancId=PBLN_000000000123696,https://www.bizinfo.go.kr/cmm/fms/fileDown.do?atchFileId=FILE_000000000761836&fileSn=0,.hwp,C:\dongaAI\3차 프로젝트\0.0\data\attachments\hwp_raw\PBLN_000000000123696_ê³µê³ ë¬¸ ë ¸ëì¡´ì¤ ê¸°ì ëª¨ì§.hwp,downloaded,,2026-07-01T02:36:58
PBLN_000000000123704,bizinfo,[경기] 2026년 일자리 우수기업 인증제 시행계획 공고,경기도,https://www.bizinfo.go.kr/sii/siia/selectSIIA200Detail.do?pblancId=PBLN_000000000123704,https://www.bizinfo.go.kr/cmm/fms/fileDown.do?atchFileId=FILE_000000000761909&fileSn=1,.hwp,C:\dongaAI\3차 프로젝트\0.0\data\attachments\hwp_raw\PBLN_000000000123704_(ê³µê³ ë¬¸) 2026ë  ê²½ê¸°ë ì¼ìë¦¬ ì°ìê¸°ì ì¸ì¦ì  ìíê³í ê³µê³.hwp,downloaded,,2026-07-01T02:36:59
PBLN_000000000120138,bizinfo,[인천] 중동 수출 중소기업 긴급 경영안정자금 지원 공고,인천광역시,https://www.bizinfo.go.kr/sii/siia/selectSIIA200Detail.do?pblancId=PBLN_000000000120138,https://www.bizinfo.go.kr/sii/siia/202603301458280619.hwp,.hwp,C:\dongaAI\3차 프로젝트\0.0\data\attachments\hwp_raw\PBLN_000000000120138_202603301458280619.hwp,download_failed,404 Client Error: Not Found for url: https://www.bizinfo.go.kr/sii/siia/202603301458280619.hwp,2026-07-01T02:37:01
PBLN_000000000120138,bizinfo,[인천] 중동 수출 중소기업 긴급 경영안정자금 지원 공고,인천광역시,https://www.bizinfo.go.kr/sii/siia/selectSIIA200Detail.do?pblancId=PBLN_000000000120138,https://www.bizinfo.go.kr/cmm/fms/fileDown.do?atchFileId=FILE_000000000749063&fileSn=0,.hwp,C:\dongaAI\3차 프로젝트\0.0\data\attachments\hwp_raw\PBLN_000000000120138_ê³µê³ ë¬¸(ì¤ë ìì¶ê¸°ì ê¸´ê¸ ê²½ììì ìê¸ ì§ì).hwp,downloaded,,2026-07-01T02:37:01
PBLN_000000000120023,bizinfo,[경남] 2026년 소상공인 정책자금 운용계획 변경 공고,경상남도,https://www.bizinfo.go.kr/sii/siia/selectSIIA200Detail.do?pblancId=PBLN_000000000120023,https://www.bizinfo.go.kr/sii/siia/202603270940280276.hwp,.hwp,C:\dongaAI\3차 프로젝트\0.0\data\attachments\hwp_raw\PBLN_000000000120023_202603270940280276.hwp,download_failed,404 Client Error: Not Found for url: https://www.bizinfo.go.kr/sii/siia/202603270940280276.hwp,2026-07-01T02:37:01
PBLN_000000000120023,bizinfo,[경남] 2026년 소상공인 정책자금 운용계획 변경 공고,경상남도,https://www.bizinfo.go.kr/sii/siia/selectSIIA200Detail.do?pblancId=PBLN_000000000120023,https://www.bizinfo.go.kr/sii/siia/공고문(26.3.18.).hwp,.hwp,C:\dongaAI\3차 프로젝트\0.0\data\attachments\hwp_raw\PBLN_000000000120023_공고문(26.3.18.).hwp,download_failed,400 Client Error: Bad Request for url: https://www.bizinfo.go.kr/sii/siia/%EA%B3%B5%EA%B3%A0%EB%AC%B8(26.3.18.).hwp,2026-07-01T02:37:01
PBLN_000000000120023,bizinfo,[경남] 2026년 소상공인 정책자금 운용계획 변경 공고,경상남도,https://www.bizinfo.go.kr/sii/siia/selectSIIA200Detail.do?pblancId=PBLN_000000000120023,https://www.bizinfo.go.kr/cmm/fms/fileDown.do?atchFileId=FILE_000000000748720&fileSn=1,.hwp,C:\dongaAI\3차 프로젝트\0.0\data\attachments\hwp_raw\PBLN_000000000120023_ê³µê³ ë¬¸(26.3.18.).hwp,downloaded,,2026-07-01T02:37:01
PBLN_000000000118135,bizinfo,[인천] 2026년 상반기 소상공인시장진흥자금 융자 계획 공고,인천광역시,https://www.bizinfo.go.kr/sii/siia/selectSIIA200Detail.do?pblancId=PBLN_000000000118135,https://www.bizinfo.go.kr/sii/siia/202602031122190106.hwp,.hwp,C:\dongaAI\3차 프로젝트\0.0\data\attachments\hwp_raw\PBLN_000000000118135_202602031122190106.hwp,download_failed,404 Client Error: Not Found for url: https://www.bizinfo.go.kr/sii/siia/202602031122190106.hwp,2026-07-01T02:37:02
PBLN_000000000118135,bizinfo,[인천] 2026년 상반기 소상공인시장진흥자금 융자 계획 공고,인천광역시,https://www.bizinfo.go.kr/sii/siia/selectSIIA200Detail.do?pblancId=PBLN_000000000118135,https://www.bizinfo.go.kr/sii/siia/공고문(안) 및 신청서식(1~3).hwp,.hwp,C:\dongaAI\3차 프로젝트\0.0\data\attachments\hwp_raw\PBLN_000000000118135_공고문(안) 및 신청서식(1~3).hwp,download_failed,400 Client Error: Bad Request for url: https://www.bizinfo.go.kr/sii/siia/%EA%B3%B5%EA%B3%A0%EB%AC%B8(%EC%95%88)%20%EB%B0%8F%20%EC%8B%A0%EC%B2%AD%EC%84%9C%EC%8B%9D(1~3).hwp,2026-07-01T02:37:02
PBLN_000000000118135,bizinfo,[인천] 2026년 상반기 소상공인시장진흥자금 융자 계획 공고,인천광역시,https://www.bizinfo.go.kr/sii/siia/selectSIIA200Detail.do?pblancId=PBLN_000000000118135,https://www.bizinfo.go.kr/cmm/fms/fileDown.do?atchFileId=FILE_000000000742667&fileSn=0,.hwp,C:\dongaAI\3차 프로젝트\0.0\data\attachments\hwp_raw\PBLN_000000000118135_ê³µê³ ë¬¸(ì) ë° ì ì²­ìì(1~3).hwp,downloaded,,2026-07-01T02:37:02
PBLN_000000000118014,bizinfo,[경남] 2026년 농어촌진흥기금 농산물 가격안정자금 융자시행계획 공고,경상남도,https://www.bizinfo.go.kr/sii/siia/selectSIIA200Detail.do?pblancId=PBLN_000000000118014,https://www.bizinfo.go.kr/sii/siia/202601300945160758.hwp,.hwp,C:\dongaAI\3차 프로젝트\0.0\data\attachments\hwp_raw\PBLN_000000000118014_202601300945160758.hwp,download_failed,404 Client Error: Not Found for url: https://www.bizinfo.go.kr/sii/siia/202601300945160758.hwp,2026-07-01T02:37:02
PBLN_000000000118014,bizinfo,[경남] 2026년 농어촌진흥기금 농산물 가격안정자금 융자시행계획 공고,경상남도,https://www.bizinfo.go.kr/sii/siia/selectSIIA200Detail.do?pblancId=PBLN_000000000118014,https://www.bizinfo.go.kr/sii/siia/2026년+농산물+가격안정자금(농어촌진흥기금)+융자시행계획+공고문.hwp,.hwp,C:\dongaAI\3차 프로젝트\0.0\data\attachments\hwp_raw\PBLN_000000000118014_2026년+농산물+가격안정자금(농어촌진흥기금)+융자시행계획+공고문.hwp,download_failed,400 Client Error: Bad Request for url: https://www.bizinfo.go.kr/sii/siia/2026%EB%85%84+%EB%86%8D%EC%82%B0%EB%AC%BC+%EA%B0%80%EA%B2%A9%EC%95%88%EC%A0%95%EC%9E%90%EA%B8%88(%EB%86%8D%EC%96%B4%EC%B4%8C%EC%A7%84%ED%9D%A5%EA%B8%B0%EA%B8%88)+%EC%9C%B5%EC%9E%90%EC%8B%9C%ED%96%89%EA%B3%84%ED%9A%8D+%EA%B3%B5%EA%B3%A0%EB%AC%B8.hwp,2026-07-01T02:37:02
PBLN_000000000118014,bizinfo,[경남] 2026년 농어촌진흥기금 농산물 가격안정자금 융자시행계획 공고,경상남도,https://www.bizinfo.go.kr/sii/siia/selectSIIA200Detail.do?pblancId=PBLN_000000000118014,https://www.bizinfo.go.kr/cmm/fms/fileDown.do?atchFileId=FILE_000000000742228&fileSn=0,.hwp,C:\dongaAI\3차 프로젝트\0.0\data\attachments\hwp_raw\PBLN_000000000118014_2026ë +ëì°ë¬¼+ê°ê²©ìì ìê¸(ëì´ì´ì§í¥ê¸°ê¸)+ìµììíê³í+ê³µê³ ë¬¸.hwp,downloaded,,2026-07-01T02:37:02
PBLN_000000000117935,bizinfo,[제주] 2026년 식품진흥기금 융자지원 계획 공고,제주특별자치도,https://www.bizinfo.go.kr/sii/siia/selectSIIA200Detail.do?pblancId=PBLN_000000000117935,https://www.bizinfo.go.kr/sii/siia/202601280959500091.hwp,.hwp,C:\dongaAI\3차 프로젝트\0.0\data\attachments\hwp_raw\PBLN_000000000117935_202601280959500091.hwp,download_failed,404 Client Error: Not Found for url: https://www.bizinfo.go.kr/sii/siia/202601280959500091.hwp,2026-07-01T02:37:02
PBLN_000000000117935,bizinfo,[제주] 2026년 식품진흥기금 융자지원 계획 공고,제주특별자치도,https://www.bizinfo.go.kr/sii/siia/selectSIIA200Detail.do?pblancId=PBLN_000000000117935,https://www.bizinfo.go.kr/cmm/fms/fileDown.do?atchFileId=FILE_000000000741998&fileSn=0,.hwp,C:\dongaAI\3차 프로젝트\0.0\data\attachments\hwp_raw\PBLN_000000000117935_(ê³µê³ ) 2027ë  í¥í ì°ì ì¡ì± ì ê· ì¬ì ëìì ê³µëª¨Â·ì ì  ê³í.hwp,downloaded,,2026-07-01T02:37:02
PBLN_000000000117935,bizinfo,[제주] 2026년 식품진흥기금 융자지원 계획 공고,제주특별자치도,https://www.bizinfo.go.kr/sii/siia/selectSIIA200Detail.do?pblancId=PBLN_000000000117935,https://www.bizinfo.go.kr/cmm/fms/fileDown.do?atchFileId=FILE_000000000741998&fileSn=1,.hwp,C:\dongaAI\3차 프로젝트\0.0\data\attachments\hwp_raw\PBLN_000000000117935_(ê³µê³ ) 2027ë  ëì´ììë³µí©ì°ì í ì ê· ì¬ì ëìì ê³µëª¨Â·ì ì  ê³í.hwp,downloaded,,2026-07-01T02:37:02
PBLN_000000000117935,bizinfo,[제주] 2026년 식품진흥기금 융자지원 계획 공고,제주특별자치도,https://www.bizinfo.go.kr/sii/siia/selectSIIA200Detail.do?pblancId=PBLN_000000000117935,https://www.bizinfo.go.kr/cmm/fms/fileDown.do?atchFileId=FILE_000000000741997&fileSn=0,.hwp,C:\dongaAI\3차 프로젝트\0.0\data\attachments\hwp_raw\PBLN_000000000117935_2026ë  ìíì§í¥ê¸°ê¸ ìµìì§ì ê³í ê³µê³ (1).hwp,downloaded,,2026-07-01T02:37:02
PBLN_000000000117739,bizinfo,2026년 상반기 기술창업 자금지원(융자)사업 공고,농촌진흥청,https://www.bizinfo.go.kr/sii/siia/selectSIIA200Detail.do?pblancId=PBLN_000000000117739,https://www.bizinfo.go.kr/sii/siia/202601221042060813.hwp,.hwp,C:\dongaAI\3차 프로젝트\0.0\data\attachments\hwp_raw\PBLN_000000000117739_202601221042060813.hwp,download_failed,404 Client Error: Not Found for url: https://www.bizinfo.go.kr/sii/siia/202601221042060813.hwp,2026-07-01T02:37:03
PBLN_000000000117739,bizinfo,2026년 상반기 기술창업 자금지원(융자)사업 공고,농촌진흥청,https://www.bizinfo.go.kr/sii/siia/selectSIIA200Detail.do?pblancId=PBLN_000000000117739,https://www.bizinfo.go.kr/sii/siia/2026년 상반기 기술창업 자금지원(융자)사업 공고문.hwp,.hwp,C:\dongaAI\3차 프로젝트\0.0\data\attachments\hwp_raw\PBLN_000000000117739_2026년 상반기 기술창업 자금지원(융자)사업 공고문.hwp,download_failed,400 Client Error: Bad Request for url: https://www.bizinfo.go.kr/sii/siia/2026%EB%85%84%20%EC%83%81%EB%B0%98%EA%B8%B0%20%EA%B8%B0%EC%88%A0%EC%B0%BD%EC%97%85%20%EC%9E%90%EA%B8%88%EC%A7%80%EC%9B%90(%EC%9C%B5%EC%9E%90)%EC%82%AC%EC%97%85%20%EA%B3%B5%EA%B3%A0%EB%AC%B8.hwp,2026-07-01T02:37:03
PBLN_000000000117739,bizinfo,2026년 상반기 기술창업 자금지원(융자)사업 공고,농촌진흥청,https://www.bizinfo.go.kr/sii/siia/selectSIIA200Detail.do?pblancId=PBLN_000000000117739,https://www.bizinfo.go.kr/cmm/fms/fileDown.do?atchFileId=FILE_000000000741526&fileSn=0,.hwp,C:\dongaAI\3차 프로젝트\0.0\data\attachments\hwp_raw\PBLN_000000000117739_2026ë  ìë°ê¸° ê¸°ì ì°½ì ìê¸ì§ì(ìµì)ì¬ì ê³µê³ ë¬¸.hwp,downloaded,,2026-07-01T02:37:03
PBLN_000000000117632,bizinfo,[강원] 평창군 2026년 중소기업 육성자금 이차보전사업 지원계획 공고,강원특별자치도,https://www.bizinfo.go.kr/sii/siia/selectSIIA200Detail.do?pblancId=PBLN_000000000117632,https://www.bizinfo.go.kr/sii/siia/202601201130220894.hwp,.hwp,C:\dongaAI\3차 프로젝트\0.0\data\attachments\hwp_raw\PBLN_000000000117632_202601201130220894.hwp,download_failed,404 Client Error: Not Found for url: https://www.bizinfo.go.kr/sii/siia/202601201130220894.hwp,2026-07-01T02:37:03
PBLN_000000000117632,bizinfo,[강원] 평창군 2026년 중소기업 육성자금 이차보전사업 지원계획 공고,강원특별자치도,https://www.bizinfo.go.kr/sii/siia/selectSIIA200Detail.do?pblancId=PBLN_000000000117632,https://www.bizinfo.go.kr/sii/siia/2026년 평창군 중소기업 육성자금 이차보전사업 지원계획(공고).hwp,.hwp,C:\dongaAI\3차 프로젝트\0.0\data\attachments\hwp_raw\PBLN_000000000117632_2026년 평창군 중소기업 육성자금 이차보전사업 지원계획(공고).hwp,download_failed,400 Client Error: Bad Request for url: https://www.bizinfo.go.kr/sii/siia/2026%EB%85%84%20%ED%8F%89%EC%B0%BD%EA%B5%B0%20%EC%A4%91%EC%86%8C%EA%B8%B0%EC%97%85%20%EC%9C%A1%EC%84%B1%EC%9E%90%EA%B8%88%20%EC%9D%B4%EC%B0%A8%EB%B3%B4%EC%A0%84%EC%82%AC%EC%97%85%20%EC%A7%80%EC%9B%90%EA%B3%84%ED%9A%8D(%EA%B3%B5%EA%B3%A0).hwp,2026-07-01T02:37:03
PBLN_000000000117632,bizinfo,[강원] 평창군 2026년 중소기업 육성자금 이차보전사업 지원계획 공고,강원특별자치도,https://www.bizinfo.go.kr/sii/siia/selectSIIA200Detail.do?pblancId=PBLN_000000000117632,https://www.bizinfo.go.kr/cmm/fms/fileDown.do?atchFileId=FILE_000000000741268&fileSn=0,.hwp,C:\dongaAI\3차 프로젝트\0.0\data\attachments\hwp_raw\PBLN_000000000117632_2026ë  íì°½êµ° ì¤ìê¸°ì ì¡ì±ìê¸ ì´ì°¨ë³´ì ì¬ì ì§ìê³í(ê³µê³ ).hwp,downloaded,,2026-07-01T02:37:03
PBLN_000000000117602,bizinfo,[강원] 춘천시 2026년 중소기업육성자금 지원계획 공고,강원특별자치도,https://www.bizinfo.go.kr/sii/siia/selectSIIA200Detail.do?pblancId=PBLN_000000000117602,https://www.bizinfo.go.kr/sii/siia/202601191417220219.hwp,.hwp,C:\dongaAI\3차 프로젝트\0.0\data\attachments\hwp_raw\PBLN_000000000117602_202601191417220219.hwp,download_failed,404 Client Error: Not Found for url: https://www.bizinfo.go.kr/sii/siia/202601191417220219.hwp,2026-07-01T02:37:03
PBLN_000000000117602,bizinfo,[강원] 춘천시 2026년 중소기업육성자금 지원계획 공고,강원특별자치도,https://www.bizinfo.go.kr/sii/siia/selectSIIA200Detail.do?pblancId=PBLN_000000000117602,https://www.bizinfo.go.kr/sii/siia/2026년 춘천시 중소기업 육성자금 지원계획 공고.hwp,.hwp,C:\dongaAI\3차 프로젝트\0.0\data\attachments\hwp_raw\PBLN_000000000117602_2026년 춘천시 중소기업 육성자금 지원계획 공고.hwp,download_failed,400 Client Error: Bad Request for url: https://www.bizinfo.go.kr/sii/siia/2026%EB%85%84%20%EC%B6%98%EC%B2%9C%EC%8B%9C%20%EC%A4%91%EC%86%8C%EA%B8%B0%EC%97%85%20%EC%9C%A1%EC%84%B1%EC%9E%90%EA%B8%88%20%EC%A7%80%EC%9B%90%EA%B3%84%ED%9A%8D%20%EA%B3%B5%EA%B3%A0.hwp,2026-07-01T02:37:03
PBLN_000000000117602,bizinfo,[강원] 춘천시 2026년 중소기업육성자금 지원계획 공고,강원특별자치도,https://www.bizinfo.go.kr/sii/siia/selectSIIA200Detail.do?pblancId=PBLN_000000000117602,https://www.bizinfo.go.kr/cmm/fms/fileDown.do?atchFileId=FILE_000000000741179&fileSn=0,.hwp,C:\dongaAI\3차 프로젝트\0.0\data\attachments\hwp_raw\PBLN_000000000117602_2026ë  ì¶ì²ì ì¤ìê¸°ì ì¡ì±ìê¸ ì ì²­ìì.hwp,downloaded,,2026-07-01T02:37:03
PBLN_000000000117602,bizinfo,[강원] 춘천시 2026년 중소기업육성자금 지원계획 공고,강원특별자치도,https://www.bizinfo.go.kr/sii/siia/selectSIIA200Detail.do?pblancId=PBLN_000000000117602,https://www.bizinfo.go.kr/cmm/fms/fileDown.do?atchFileId=FILE_000000000741178&fileSn=0,.hwp,C:\dongaAI\3차 프로젝트\0.0\data\attachments\hwp_raw\PBLN_000000000117602_2026ë  ì¶ì²ì ì¤ìê¸°ì ì¡ì±ìê¸ ì§ìê³í ê³µê³.hwp,downloaded,,2026-07-01T02:37:04
PBLN_000000000116745,bizinfo,2026년 해외 온라인 위조상품 유통 사전진단 서비스 공고,지식재산처,https://www.bizinfo.go.kr/sii/siia/selectSIIA200Detail.do?pblancId=PBLN_000000000116745,https://www.bizinfo.go.kr/cmm/fms/fileDown.do?atchFileId=FILE_000000000738257&fileSn=0,.hwp,C:\dongaAI\3차 프로젝트\0.0\data\attachments\hwp_raw\PBLN_000000000116745_[ë¶ì2]+2026ë +í´ì¸+ì¨ë¼ì¸+ìì¡°ìí+ì íµ+ì¬ì ì§ë¨+ìë¹ì¤+ì ì²­ë°©ë²+í´ì¤.hwp,downloaded,,2026-07-01T02:37:04
PBLN_000000000116853,bizinfo,2026년 기업훈련 탄력운영제 참여기업 모집 공고,고용노동부,https://www.bizinfo.go.kr/sii/siia/selectSIIA200Detail.do?pblancId=PBLN_000000000116853,https://www.bizinfo.go.kr/sii/siia/202512171336310583.hwp,.hwp,C:\dongaAI\3차 프로젝트\0.0\data\attachments\hwp_raw\PBLN_000000000116853_202512171336310583.hwp,download_failed,404 Client Error: Not Found for url: https://www.bizinfo.go.kr/sii/siia/202512171336310583.hwp,2026-07-01T02:37:04
PBLN_000000000116853,bizinfo,2026년 기업훈련 탄력운영제 참여기업 모집 공고,고용노동부,https://www.bizinfo.go.kr/sii/siia/selectSIIA200Detail.do?pblancId=PBLN_000000000116853,https://www.bizinfo.go.kr/sii/siia/1.+2026년+기업훈련+탄력운영제+참여기업+모집+공고.hwp,.hwp,C:\dongaAI\3차 프로젝트\0.0\data\attachments\hwp_raw\PBLN_000000000116853_1.+2026년+기업훈련+탄력운영제+참여기업+모집+공고.hwp,download_failed,400 Client Error: Bad Request for url: https://www.bizinfo.go.kr/sii/siia/1.+2026%EB%85%84+%EA%B8%B0%EC%97%85%ED%9B%88%EB%A0%A8+%ED%83%84%EB%A0%A5%EC%9A%B4%EC%98%81%EC%A0%9C+%EC%B0%B8%EC%97%AC%EA%B8%B0%EC%97%85+%EB%AA%A8%EC%A7%91+%EA%B3%B5%EA%B3%A0.hwp,2026-07-01T02:37:04
PBLN_000000000116853,bizinfo,2026년 기업훈련 탄력운영제 참여기업 모집 공고,고용노동부,https://www.bizinfo.go.kr/sii/siia/selectSIIA200Detail.do?pblancId=PBLN_000000000116853,https://www.bizinfo.go.kr/cmm/fms/fileDown.do?atchFileId=FILE_000000000738721&fileSn=0,.hwp,C:\dongaAI\3차 프로젝트\0.0\data\attachments\hwp_raw\PBLN_000000000116853_1.+2026ë +ê¸°ì íë ¨+íë ¥ì´ìì +ì°¸ì¬ê¸°ì +ëª¨ì§+ê³µê³.hwp,downloaded,,2026-07-01T02:37:04
PBLN_000000000117028,bizinfo,2026년 완도군 단체관광객 유치 여행사 인센티브 지원계획 공고,전남광주통합특별시,https://www.bizinfo.go.kr/sii/siia/selectSIIA200Detail.do?pblancId=PBLN_000000000117028,https://www.bizinfo.go.kr/sii/siia/202512301013490690.hwp,.hwp,C:\dongaAI\3차 프로젝트\0.0\data\attachments\hwp_raw\PBLN_000000000117028_202512301013490690.hwp,download_failed,404 Client Error: Not Found for url: https://www.bizinfo.go.kr/sii/siia/202512301013490690.hwp,2026-07-01T02:37:05
PBLN_000000000117028,bizinfo,2026년 완도군 단체관광객 유치 여행사 인센티브 지원계획 공고,전남광주통합특별시,https://www.bizinfo.go.kr/sii/siia/selectSIIA200Detail.do?pblancId=PBLN_000000000117028,https://www.bizinfo.go.kr/sii/siia/2026 완도군 단체관광객 유치 여행사 인센티브 지원계획 공고.hwp,.hwp,C:\dongaAI\3차 프로젝트\0.0\data\attachments\hwp_raw\PBLN_000000000117028_2026 완도군 단체관광객 유치 여행사 인센티브 지원계획 공고.hwp,download_failed,400 Client Error: Bad Request for url: https://www.bizinfo.go.kr/sii/siia/2026%20%EC%99%84%EB%8F%84%EA%B5%B0%20%EB%8B%A8%EC%B2%B4%EA%B4%80%EA%B4%91%EA%B0%9D%20%EC%9C%A0%EC%B9%98%20%EC%97%AC%ED%96%89%EC%82%AC%20%EC%9D%B8%EC%84%BC%ED%8B%B0%EB%B8%8C%20%EC%A7%80%EC%9B%90%EA%B3%84%ED%9A%8D%20%EA%B3%B5%EA%B3%A0.hwp,2026-07-01T02:37:05
PBLN_000000000117028,bizinfo,2026년 완도군 단체관광객 유치 여행사 인센티브 지원계획 공고,전남광주통합특별시,https://www.bizinfo.go.kr/sii/siia/selectSIIA200Detail.do?pblancId=PBLN_000000000117028,https://www.bizinfo.go.kr/cmm/fms/fileDown.do?atchFileId=FILE_000000000739476&fileSn=0,.hwp,C:\dongaAI\3차 프로젝트\0.0\data\attachments\hwp_raw\PBLN_000000000117028_2026 ìëêµ° ë¨ì²´ê´ê´ê° ì ì¹ ì¬íì¬ ì¸ì¼í°ë¸ ì§ìê³í ê³µê³.hwp,downloaded,,2026-07-01T02:37:05
PBLN_000000000117150,bizinfo,[인천] 서구 2026년 청년기업 인증 신청 공고,인천광역시,https://www.bizinfo.go.kr/sii/siia/selectSIIA200Detail.do?pblancId=PBLN_000000000117150,https://www.bizinfo.go.kr/sii/siia/202601061118180176.hwp,.hwp,C:\dongaAI\3차 프로젝트\0.0\data\attachments\hwp_raw\PBLN_000000000117150_202601061118180176.hwp,download_failed,404 Client Error: Not Found for url: https://www.bizinfo.go.kr/sii/siia/202601061118180176.hwp,2026-07-01T02:37:05
PBLN_000000000117150,bizinfo,[인천] 서구 2026년 청년기업 인증 신청 공고,인천광역시,https://www.bizinfo.go.kr/sii/siia/selectSIIA200Detail.do?pblancId=PBLN_000000000117150,https://www.bizinfo.go.kr/sii/siia/2026년_인천광역시_서구_청년기업_인증_신청_안내문.hwp,.hwp,C:\dongaAI\3차 프로젝트\0.0\data\attachments\hwp_raw\PBLN_000000000117150_2026년_인천광역시_서구_청년기업_인증_신청_안내문.hwp,download_failed,400 Client Error: Bad Request for url: https://www.bizinfo.go.kr/sii/siia/2026%EB%85%84_%EC%9D%B8%EC%B2%9C%EA%B4%91%EC%97%AD%EC%8B%9C_%EC%84%9C%EA%B5%AC_%EC%B2%AD%EB%85%84%EA%B8%B0%EC%97%85_%EC%9D%B8%EC%A6%9D_%EC%8B%A0%EC%B2%AD_%EC%95%88%EB%82%B4%EB%AC%B8.hwp,2026-07-01T02:37:05
PBLN_000000000117150,bizinfo,[인천] 서구 2026년 청년기업 인증 신청 공고,인천광역시,https://www.bizinfo.go.kr/sii/siia/selectSIIA200Detail.do?pblancId=PBLN_000000000117150,https://www.bizinfo.go.kr/cmm/fms/fileDown.do?atchFileId=FILE_000000000739881&fileSn=0,.hwp,C:\dongaAI\3차 프로젝트\0.0\data\attachments\hwp_raw\PBLN_000000000117150_2026ë _ì²­ë ê¸°ì _ì ì²­ì_ë°_ê°ì¸ì ë³´_ì´ì©_ì ê³µ_ëìì.hwp,downloaded,,2026-07-01T02:37:05
PBLN_000000000117150,bizinfo,[인천] 서구 2026년 청년기업 인증 신청 공고,인천광역시,https://www.bizinfo.go.kr/sii/siia/selectSIIA200Detail.do?pblancId=PBLN_000000000117150,https://www.bizinfo.go.kr/cmm/fms/fileDown.do?atchFileId=FILE_000000000739880&fileSn=0,.hwp,C:\dongaAI\3차 프로젝트\0.0\data\attachments\hwp_raw\PBLN_000000000117150_2026ë _ì¸ì²ê´ì­ì_ìêµ¬_ì²­ë ê¸°ì _ì¸ì¦_ì ì²­_ìë´ë¬¸.hwp,downloaded,,2026-07-01T02:37:05
PBLN_000000000117162,bizinfo,[경북] 2026년 창업 및 경쟁력강화 사업자금 지원 계획 공고,경상북도,https://www.bizinfo.go.kr/sii/siia/selectSIIA200Detail.do?pblancId=PBLN_000000000117162,https://www.bizinfo.go.kr/sii/siia/202601061322540764.hwp,.hwp,C:\dongaAI\3차 프로젝트\0.0\data\attachments\hwp_raw\PBLN_000000000117162_202601061322540764.hwp,download_failed,404 Client Error: Not Found for url: https://www.bizinfo.go.kr/sii/siia/202601061322540764.hwp,2026-07-01T02:37:05
PBLN_000000000117162,bizinfo,[경북] 2026년 창업 및 경쟁력강화 사업자금 지원 계획 공고,경상북도,https://www.bizinfo.go.kr/sii/siia/selectSIIA200Detail.do?pblancId=PBLN_000000000117162,https://www.bizinfo.go.kr/sii/siia/2026년 창업 및 경쟁력강화 사업자금 지원 계획(공고).hwp,.hwp,C:\dongaAI\3차 프로젝트\0.0\data\attachments\hwp_raw\PBLN_000000000117162_2026년 창업 및 경쟁력강화 사업자금 지원 계획(공고).hwp,download_failed,400 Client Error: Bad Request for url: https://www.bizinfo.go.kr/sii/siia/2026%EB%85%84%20%EC%B0%BD%EC%97%85%20%EB%B0%8F%20%EA%B2%BD%EC%9F%81%EB%A0%A5%EA%B0%95%ED%99%94%20%EC%82%AC%EC%97%85%EC%9E%90%EA%B8%88%20%EC%A7%80%EC%9B%90%20%EA%B3%84%ED%9A%8D(%EA%B3%B5%EA%B3%A0).hwp,2026-07-01T02:37:05
PBLN_000000000117162,bizinfo,[경북] 2026년 창업 및 경쟁력강화 사업자금 지원 계획 공고,경상북도,https://www.bizinfo.go.kr/sii/siia/selectSIIA200Detail.do?pblancId=PBLN_000000000117162,https://www.bizinfo.go.kr/cmm/fms/fileDown.do?atchFileId=FILE_000000000739892&fileSn=0,.hwp,C:\dongaAI\3차 프로젝트\0.0\data\attachments\hwp_raw\PBLN_000000000117162_ì ì²­ìì_2026ë  ì°½ì ë° ê²½ìë ¥ê°í ì¬ì ìê¸.hwp,downloaded,,2026-07-01T02:37:05
PBLN_000000000117162,bizinfo,[경북] 2026년 창업 및 경쟁력강화 사업자금 지원 계획 공고,경상북도,https://www.bizinfo.go.kr/sii/siia/selectSIIA200Detail.do?pblancId=PBLN_000000000117162,https://www.bizinfo.go.kr/cmm/fms/fileDown.do?atchFileId=FILE_000000000739891&fileSn=0,.hwp,C:\dongaAI\3차 프로젝트\0.0\data\attachments\hwp_raw\PBLN_000000000117162_2026ë  ì°½ì ë° ê²½ìë ¥ê°í ì¬ì ìê¸ ì§ì ê³í(ê³µê³ ).hwp,downloaded,,2026-07-01T02:37:05
PBLN_000000000117343,bizinfo,2026년 울진군 단체관광객 유치여행사 인센티브 지원계획 공고,경상북도,https://www.bizinfo.go.kr/sii/siia/selectSIIA200Detail.do?pblancId=PBLN_000000000117343,https://www.bizinfo.go.kr/sii/siia/202601121432100611.hwp,.hwp,C:\dongaAI\3차 프로젝트\0.0\data\attachments\hwp_raw\PBLN_000000000117343_202601121432100611.hwp,download_failed,404 Client Error: Not Found for url: https://www.bizinfo.go.kr/sii/siia/202601121432100611.hwp,2026-07-01T02:37:06
PBLN_000000000117343,bizinfo,2026년 울진군 단체관광객 유치여행사 인센티브 지원계획 공고,경상북도,https://www.bizinfo.go.kr/sii/siia/selectSIIA200Detail.do?pblancId=PBLN_000000000117343,https://www.bizinfo.go.kr/sii/siia/2026년 단체관광객 유치여행사 인센티브 지원계획 공고 1부.hwp,.hwp,C:\dongaAI\3차 프로젝트\0.0\data\attachments\hwp_raw\PBLN_000000000117343_2026년 단체관광객 유치여행사 인센티브 지원계획 공고 1부.hwp,download_failed,400 Client Error: Bad Request for url: https://www.bizinfo.go.kr/sii/siia/2026%EB%85%84%20%EB%8B%A8%EC%B2%B4%EA%B4%80%EA%B4%91%EA%B0%9D%20%EC%9C%A0%EC%B9%98%EC%97%AC%ED%96%89%EC%82%AC%20%EC%9D%B8%EC%84%BC%ED%8B%B0%EB%B8%8C%20%EC%A7%80%EC%9B%90%EA%B3%84%ED%9A%8D%20%EA%B3%B5%EA%B3%A0%201%EB%B6%80.hwp,2026-07-01T02:37:06
PBLN_000000000117343,bizinfo,2026년 울진군 단체관광객 유치여행사 인센티브 지원계획 공고,경상북도,https://www.bizinfo.go.kr/sii/siia/selectSIIA200Detail.do?pblancId=PBLN_000000000117343,https://www.bizinfo.go.kr/cmm/fms/fileDown.do?atchFileId=FILE_000000000740504&fileSn=0,.hwp,C:\dongaAI\3차 프로젝트\0.0\data\attachments\hwp_raw\PBLN_000000000117343_2026ë  ë¨ì²´ê´ê´ê° ì ì¹ì¬íì¬ ì¸ì¼í°ë¸ ì§ìê³í ê³µê³ 1ë¶.hwp,downloaded,,2026-07-01T02:37:06
PBLN_000000000117371,bizinfo,[전남광주] 인공지능 유치기업 보조금 지원사업 모집 공고,전남광주통합특별시,https://www.bizinfo.go.kr/sii/siia/selectSIIA200Detail.do?pblancId=PBLN_000000000117371,https://www.bizinfo.go.kr/sii/siia/202601131028240915.hwp,.hwp,C:\dongaAI\3차 프로젝트\0.0\data\attachments\hwp_raw\PBLN_000000000117371_202601131028240915.hwp,download_failed,404 Client Error: Not Found for url: https://www.bizinfo.go.kr/sii/siia/202601131028240915.hwp,2026-07-01T02:37:06
PBLN_000000000117371,bizinfo,[전남광주] 인공지능 유치기업 보조금 지원사업 모집 공고,전남광주통합특별시,https://www.bizinfo.go.kr/sii/siia/selectSIIA200Detail.do?pblancId=PBLN_000000000117371,https://www.bizinfo.go.kr/cmm/fms/fileDown.do?atchFileId=FILE_000000000740620&fileSn=0,.hwp,C:\dongaAI\3차 프로젝트\0.0\data\attachments\hwp_raw\PBLN_000000000117371_ì¸ê³µì§ë¥ì ì¹ê¸°ì ë³´ì¡°ê¸ì§ì ì¬ì ìë´ì ë° ì ì²­ì.hwp,downloaded,,2026-07-01T02:37:06
PBLN_000000000117371,bizinfo,[전남광주] 인공지능 유치기업 보조금 지원사업 모집 공고,전남광주통합특별시,https://www.bizinfo.go.kr/sii/siia/selectSIIA200Detail.do?pblancId=PBLN_000000000117371,https://www.bizinfo.go.kr/cmm/fms/fileDown.do?atchFileId=FILE_000000000740619&fileSn=0,.hwp,C:\dongaAI\3차 프로젝트\0.0\data\attachments\hwp_raw\PBLN_000000000117371_ì¸ê³µì§ë¥ì ì¹ê¸°ì ë³´ì¡°ê¸ì§ìì¬ì ê³µê³ ë¬¸.hwp,downloaded,,2026-07-01T02:37:06
PBLN_000000000117454,bizinfo,[강원] 2026년 글로벌 IP 스타기업 육성 해외OA비용 지원사업 공고,강원특별자치도,https://www.bizinfo.go.kr/sii/siia/selectSIIA200Detail.do?pblancId=PBLN_000000000117454,https://www.bizinfo.go.kr/cmm/fms/fileDown.do?atchFileId=FILE_000000000740873&fileSn=0,.hwp,C:\dongaAI\3차 프로젝트\0.0\data\attachments\hwp_raw\PBLN_000000000117454_ìë¥ì ì¶ ìë´.hwp,downloaded,,2026-07-01T02:37:06
PBLN_000000000117454,bizinfo,[강원] 2026년 글로벌 IP 스타기업 육성 해외OA비용 지원사업 공고,강원특별자치도,https://www.bizinfo.go.kr/sii/siia/selectSIIA200Detail.do?pblancId=PBLN_000000000117454,https://www.bizinfo.go.kr/cmm/fms/fileDown.do?atchFileId=FILE_000000000740873&fileSn=1,.hwp,C:\dongaAI\3차 프로젝트\0.0\data\attachments\hwp_raw\PBLN_000000000117454_ë¶ì2_í´ì¸OAë¹ì© ìì½ì(ìì).hwp,downloaded,,2026-07-01T02:37:06
PBLN_000000000117454,bizinfo,[강원] 2026년 글로벌 IP 스타기업 육성 해외OA비용 지원사업 공고,강원특별자치도,https://www.bizinfo.go.kr/sii/siia/selectSIIA200Detail.do?pblancId=PBLN_000000000117454,https://www.bizinfo.go.kr/cmm/fms/fileDown.do?atchFileId=FILE_000000000740873&fileSn=2,.hwp,C:\dongaAI\3차 프로젝트\0.0\data\attachments\hwp_raw\PBLN_000000000117454_ë¶ì1_í´ì¸OAë¹ì© ì ì²­ì(ìì).hwp,downloaded,,2026-07-01T02:37:06
PBLN_000000000117454,bizinfo,[강원] 2026년 글로벌 IP 스타기업 육성 해외OA비용 지원사업 공고,강원특별자치도,https://www.bizinfo.go.kr/sii/siia/selectSIIA200Detail.do?pblancId=PBLN_000000000117454,https://www.bizinfo.go.kr/cmm/fms/fileDown.do?atchFileId=FILE_000000000740872&fileSn=0,.hwp,C:\dongaAI\3차 프로젝트\0.0\data\attachments\hwp_raw\PBLN_000000000117454_2026ë  ê°ì ê¸ë¡ë² IP ì¤íê¸°ì ì¡ì± í´ì¸OAë¹ì© ì§ìì¬ì ê³µê³.hwp,downloaded,,2026-07-01T02:37:06
PBLN_000000000117523,bizinfo,2026년 공주시 단체관광객 유치 여행사 인센티브 지원사업 공고,충청남도,https://www.bizinfo.go.kr/sii/siia/selectSIIA200Detail.do?pblancId=PBLN_000000000117523,https://www.bizinfo.go.kr/sii/siia/202601161046200918.hwp,.hwp,C:\dongaAI\3차 프로젝트\0.0\data\attachments\hwp_raw\PBLN_000000000117523_202601161046200918.hwp,download_failed,404 Client Error: Not Found for url: https://www.bizinfo.go.kr/sii/siia/202601161046200918.hwp,2026-07-01T02:37:06
PBLN_000000000117523,bizinfo,2026년 공주시 단체관광객 유치 여행사 인센티브 지원사업 공고,충청남도,https://www.bizinfo.go.kr/sii/siia/selectSIIA200Detail.do?pblancId=PBLN_000000000117523,https://www.bizinfo.go.kr/sii/siia/★공고문(2026년 공주시 단체관광객 유치 여행사 지원사업_최종).hwp,.hwp,C:\dongaAI\3차 프로젝트\0.0\data\attachments\hwp_raw\PBLN_000000000117523_★공고문(2026년 공주시 단체관광객 유치 여행사 지원사업_최종).hwp,download_failed,400 Client Error: Bad Request for url: https://www.bizinfo.go.kr/sii/siia/%E2%98%85%EA%B3%B5%EA%B3%A0%EB%AC%B8(2026%EB%85%84%20%EA%B3%B5%EC%A3%BC%EC%8B%9C%20%EB%8B%A8%EC%B2%B4%EA%B4%80%EA%B4%91%EA%B0%9D%20%EC%9C%A0%EC%B9%98%20%EC%97%AC%ED%96%89%EC%82%AC%20%EC%A7%80%EC%9B%90%EC%82%AC%EC%97%85_%EC%B5%9C%EC%A2%85).hwp,2026-07-01T02:37:06
PBLN_000000000117523,bizinfo,2026년 공주시 단체관광객 유치 여행사 인센티브 지원사업 공고,충청남도,https://www.bizinfo.go.kr/sii/siia/selectSIIA200Detail.do?pblancId=PBLN_000000000117523,https://www.bizinfo.go.kr/cmm/fms/fileDown.do?atchFileId=FILE_000000000741010&fileSn=0,.hwp,C:\dongaAI\3차 프로젝트\0.0\data\attachments\hwp_raw\PBLN_000000000117523_â ê³µê³ ë¬¸(2026ë  ê³µì£¼ì ë¨ì²´ê´ê´ê° ì ì¹ ì¬íì¬ ì§ìì¬ì _ìµì¢ ).hwp,downloaded,,2026-07-01T02:37:06
PBLN_000000000117606,bizinfo,2026년 강릉시 단체관광객 유치 인센티브 지원계획 공고,강원특별자치도,https://www.bizinfo.go.kr/sii/siia/selectSIIA200Detail.do?pblancId=PBLN_000000000117606,https://www.bizinfo.go.kr/sii/siia/202601191454020942.hwp,.hwp,C:\dongaAI\3차 프로젝트\0.0\data\attachments\hwp_raw\PBLN_000000000117606_202601191454020942.hwp,download_failed,404 Client Error: Not Found for url: https://www.bizinfo.go.kr/sii/siia/202601191454020942.hwp,2026-07-01T02:37:07
PBLN_000000000117606,bizinfo,2026년 강릉시 단체관광객 유치 인센티브 지원계획 공고,강원특별자치도,https://www.bizinfo.go.kr/sii/siia/selectSIIA200Detail.do?pblancId=PBLN_000000000117606,https://www.bizinfo.go.kr/sii/siia/2026년 강릉시 단체관광객 유치 인센티브 지원계획 공고(안).hwp,.hwp,C:\dongaAI\3차 프로젝트\0.0\data\attachments\hwp_raw\PBLN_000000000117606_2026년 강릉시 단체관광객 유치 인센티브 지원계획 공고(안).hwp,download_failed,400 Client Error: Bad Request for url: https://www.bizinfo.go.kr/sii/siia/2026%EB%85%84%20%EA%B0%95%EB%A6%89%EC%8B%9C%20%EB%8B%A8%EC%B2%B4%EA%B4%80%EA%B4%91%EA%B0%9D%20%EC%9C%A0%EC%B9%98%20%EC%9D%B8%EC%84%BC%ED%8B%B0%EB%B8%8C%20%EC%A7%80%EC%9B%90%EA%B3%84%ED%9A%8D%20%EA%B3%B5%EA%B3%A0(%EC%95%88).hwp,2026-07-01T02:37:07
PBLN_000000000117606,bizinfo,2026년 강릉시 단체관광객 유치 인센티브 지원계획 공고,강원특별자치도,https://www.bizinfo.go.kr/sii/siia/selectSIIA200Detail.do?pblancId=PBLN_000000000117606,https://www.bizinfo.go.kr/cmm/fms/fileDown.do?atchFileId=FILE_000000000741189&fileSn=0,.hwp,C:\dongaAI\3차 프로젝트\0.0\data\attachments\hwp_raw\PBLN_000000000117606_2026ë  ê°ë¦ì ë¨ì²´ê´ê´ê° ì ì¹ ì¸ì¼í°ë¸ ì§ìê³í ê³µê³ (ì).hwp,downloaded,,2026-07-01T02:37:07
PBLN_000000000117668,bizinfo,[인천] 2026년 기술거래촉진네트워크사업(인천기술전환플랫폼) 기술이전 및 기술수요조사서 신청 공고,인천광역시,https://www.bizinfo.go.kr/sii/siia/selectSIIA200Detail.do?pblancId=PBLN_000000000117668,https://www.bizinfo.go.kr/sii/siia/202601211028030515.hwp,.hwp,C:\dongaAI\3차 프로젝트\0.0\data\attachments\hwp_raw\PBLN_000000000117668_202601211028030515.hwp,download_failed,404 Client Error: Not Found for url: https://www.bizinfo.go.kr/sii/siia/202601211028030515.hwp,2026-07-01T02:37:07
PBLN_000000000117668,bizinfo,[인천] 2026년 기술거래촉진네트워크사업(인천기술전환플랫폼) 기술이전 및 기술수요조사서 신청 공고,인천광역시,https://www.bizinfo.go.kr/sii/siia/selectSIIA200Detail.do?pblancId=PBLN_000000000117668,https://www.bizinfo.go.kr/sii/siia/붙임._기술이전_및_기술수요조사_신청접수_공고문.hwp,.hwp,C:\dongaAI\3차 프로젝트\0.0\data\attachments\hwp_raw\PBLN_000000000117668_붙임._기술이전_및_기술수요조사_신청접수_공고문.hwp,download_failed,400 Client Error: Bad Request for url: https://www.bizinfo.go.kr/sii/siia/%EB%B6%99%EC%9E%84._%EA%B8%B0%EC%88%A0%EC%9D%B4%EC%A0%84_%EB%B0%8F_%EA%B8%B0%EC%88%A0%EC%88%98%EC%9A%94%EC%A1%B0%EC%82%AC_%EC%8B%A0%EC%B2%AD%EC%A0%91%EC%88%98_%EA%B3%B5%EA%B3%A0%EB%AC%B8.hwp,2026-07-01T02:37:07
PBLN_000000000117668,bizinfo,[인천] 2026년 기술거래촉진네트워크사업(인천기술전환플랫폼) 기술이전 및 기술수요조사서 신청 공고,인천광역시,https://www.bizinfo.go.kr/sii/siia/selectSIIA200Detail.do?pblancId=PBLN_000000000117668,https://www.bizinfo.go.kr/cmm/fms/fileDown.do?atchFileId=FILE_000000000741381&fileSn=2,.hwp,C:\dongaAI\3차 프로젝트\0.0\data\attachments\hwp_raw\PBLN_000000000117668_ë¶ì._ê¸°ì ì´ì _ë°_ê¸°ì ììì¡°ì¬_ì ì²­ì ì_ê³µê³ ë¬¸.hwp,downloaded,,2026-07-01T02:37:07
PBLN_000000000117673,bizinfo,2026년 희망리턴패키지 특화취업지원 소상공인 모집 수정 공고,중소벤처기업부,https://www.bizinfo.go.kr/sii/siia/selectSIIA200Detail.do?pblancId=PBLN_000000000117673,https://www.bizinfo.go.kr/sii/siia/202602091350450551.hwp,.hwp,C:\dongaAI\3차 프로젝트\0.0\data\attachments\hwp_raw\PBLN_000000000117673_202602091350450551.hwp,download_failed,404 Client Error: Not Found for url: https://www.bizinfo.go.kr/sii/siia/202602091350450551.hwp,2026-07-01T02:37:07
PBLN_000000000117673,bizinfo,2026년 희망리턴패키지 특화취업지원 소상공인 모집 수정 공고,중소벤처기업부,https://www.bizinfo.go.kr/sii/siia/selectSIIA200Detail.do?pblancId=PBLN_000000000117673,https://www.bizinfo.go.kr/sii/siia/(붙임1) 「2026년 희망리턴패키지 특화취업지원」 소상공인 모집 수정 공고.hwp,.hwp,C:\dongaAI\3차 프로젝트\0.0\data\attachments\hwp_raw\PBLN_000000000117673_(붙임1) 「2026년 희망리턴패키지 특화취업지원」 소상공인 모집 수정 공고.hwp,download_failed,400 Client Error: Bad Request for url: https://www.bizinfo.go.kr/sii/siia/(%EB%B6%99%EC%9E%841)%20%E3%80%8C2026%EB%85%84%20%ED%9D%AC%EB%A7%9D%EB%A6%AC%ED%84%B4%ED%8C%A8%ED%82%A4%EC%A7%80%20%ED%8A%B9%ED%99%94%EC%B7%A8%EC%97%85%EC%A7%80%EC%9B%90%E3%80%8D%20%EC%86%8C%EC%83%81%EA%B3%B5%EC%9D%B8%20%EB%AA%A8%EC%A7%91%20%EC%88%98%EC%A0%95%20%EA%B3%B5%EA%B3%A0.hwp,2026-07-01T02:37:07
PBLN_000000000117673,bizinfo,2026년 희망리턴패키지 특화취업지원 소상공인 모집 수정 공고,중소벤처기업부,https://www.bizinfo.go.kr/sii/siia/selectSIIA200Detail.do?pblancId=PBLN_000000000117673,https://www.bizinfo.go.kr/cmm/fms/fileDown.do?atchFileId=FILE_000000000741406&fileSn=2,.hwp,C:\dongaAI\3차 프로젝트\0.0\data\attachments\hwp_raw\PBLN_000000000117673_(ë¶ì2) 2026ë  í¬ë§ë¦¬í´í¨í¤ì§ ì ë¬´í¸ë(ì ì§ì¥ë ¤ìë¹)_ìì .hwp,downloaded,,2026-07-01T02:37:07
PBLN_000000000117673,bizinfo,2026년 희망리턴패키지 특화취업지원 소상공인 모집 수정 공고,중소벤처기업부,https://www.bizinfo.go.kr/sii/siia/selectSIIA200Detail.do?pblancId=PBLN_000000000117673,https://www.bizinfo.go.kr/cmm/fms/fileDown.do?atchFileId=FILE_000000000741405&fileSn=1,.hwp,C:\dongaAI\3차 프로젝트\0.0\data\attachments\hwp_raw\PBLN_000000000117673_(ë¶ì1) ã2026ë  í¬ë§ë¦¬í´í¨í¤ì§ í¹íì·¨ì ì§ìã ììê³µì¸ ëª¨ì§ ìì  ê³µê³.hwp,downloaded,,2026-07-01T02:37:07
PBLN_000000000117839,bizinfo,2026년 고령친화식품 사용성평가 참여기업 모집 공고,식품의약품안전처,https://www.bizinfo.go.kr/sii/siia/selectSIIA200Detail.do?pblancId=PBLN_000000000117839,https://www.bizinfo.go.kr/sii/siia/202601261456490031.hwp,.hwp,C:\dongaAI\3차 프로젝트\0.0\data\attachments\hwp_raw\PBLN_000000000117839_202601261456490031.hwp,download_failed,404 Client Error: Not Found for url: https://www.bizinfo.go.kr/sii/siia/202601261456490031.hwp,2026-07-01T02:37:08
PBLN_000000000117839,bizinfo,2026년 고령친화식품 사용성평가 참여기업 모집 공고,식품의약품안전처,https://www.bizinfo.go.kr/sii/siia/selectSIIA200Detail.do?pblancId=PBLN_000000000117839,https://www.bizinfo.go.kr/sii/siia/(260119) 2026년 고령친화식품 사용성평가 참여기업 모집공고.hwp,.hwp,C:\dongaAI\3차 프로젝트\0.0\data\attachments\hwp_raw\PBLN_000000000117839_(260119) 2026년 고령친화식품 사용성평가 참여기업 모집공고.hwp,download_failed,400 Client Error: Bad Request for url: https://www.bizinfo.go.kr/sii/siia/(260119)%202026%EB%85%84%20%EA%B3%A0%EB%A0%B9%EC%B9%9C%ED%99%94%EC%8B%9D%ED%92%88%20%EC%82%AC%EC%9A%A9%EC%84%B1%ED%8F%89%EA%B0%80%20%EC%B0%B8%EC%97%AC%EA%B8%B0%EC%97%85%20%EB%AA%A8%EC%A7%91%EA%B3%B5%EA%B3%A0.hwp,2026-07-01T02:37:08
PBLN_000000000117839,bizinfo,2026년 고령친화식품 사용성평가 참여기업 모집 공고,식품의약품안전처,https://www.bizinfo.go.kr/sii/siia/selectSIIA200Detail.do?pblancId=PBLN_000000000117839,https://www.bizinfo.go.kr/cmm/fms/fileDown.do?atchFileId=FILE_000000000741818&fileSn=0,.hwp,C:\dongaAI\3차 프로젝트\0.0\data\attachments\hwp_raw\PBLN_000000000117839_(260119) 2026ë  ê³ ë ¹ì¹íìí ì¬ì©ì±íê° ì°¸ì¬ê¸°ì ëª¨ì§ê³µê³.hwp,downloaded,,2026-07-01T02:37:08
PBLN_000000000117893,bizinfo,대구광역시 내국인 단체 관광객 유치 인센티브 지원 공고,대구광역시,https://www.bizinfo.go.kr/sii/siia/selectSIIA200Detail.do?pblancId=PBLN_000000000117893,https://www.bizinfo.go.kr/sii/siia/202601271322570156.hwp,.hwp,C:\dongaAI\3차 프로젝트\0.0\data\attachments\hwp_raw\PBLN_000000000117893_202601271322570156.hwp,download_failed,404 Client Error: Not Found for url: https://www.bizinfo.go.kr/sii/siia/202601271322570156.hwp,2026-07-01T02:37:08
PBLN_000000000117893,bizinfo,대구광역시 내국인 단체 관광객 유치 인센티브 지원 공고,대구광역시,https://www.bizinfo.go.kr/sii/siia/selectSIIA200Detail.do?pblancId=PBLN_000000000117893,https://www.bizinfo.go.kr/sii/siia/2026년 대구광역시 내국인 관광객 유치(인센티브) 지원 공고문.hwp,.hwp,C:\dongaAI\3차 프로젝트\0.0\data\attachments\hwp_raw\PBLN_000000000117893_2026년 대구광역시 내국인 관광객 유치(인센티브) 지원 공고문.hwp,download_failed,400 Client Error: Bad Request for url: https://www.bizinfo.go.kr/sii/siia/2026%EB%85%84%20%EB%8C%80%EA%B5%AC%EA%B4%91%EC%97%AD%EC%8B%9C%20%EB%82%B4%EA%B5%AD%EC%9D%B8%20%EA%B4%80%EA%B4%91%EA%B0%9D%20%EC%9C%A0%EC%B9%98(%EC%9D%B8%EC%84%BC%ED%8B%B0%EB%B8%8C)%20%EC%A7%80%EC%9B%90%20%EA%B3%B5%EA%B3%A0%EB%AC%B8.hwp,2026-07-01T02:37:08
PBLN_000000000117893,bizinfo,대구광역시 내국인 단체 관광객 유치 인센티브 지원 공고,대구광역시,https://www.bizinfo.go.kr/sii/siia/selectSIIA200Detail.do?pblancId=PBLN_000000000117893,https://www.bizinfo.go.kr/cmm/fms/fileDown.do?atchFileId=FILE_000000000741908&fileSn=0,.hwp,C:\dongaAI\3차 프로젝트\0.0\data\attachments\hwp_raw\PBLN_000000000117893_2026ë  ëêµ¬ê´ì­ì ë´êµ­ì¸ ê´ê´ê° ì ì¹(ì¸ì¼í°ë¸) ì§ì ê³µê³ ë¬¸.hwp,downloaded,,2026-07-01T02:37:08
PBLN_000000000117918,bizinfo,[경기] 안양시 2026년 소상공인 이자차액 보전금 지원계획 공고,경기도,https://www.bizinfo.go.kr/sii/siia/selectSIIA200Detail.do?pblancId=PBLN_000000000117918,https://www.bizinfo.go.kr/sii/siia/202601281318390666.hwp,.hwp,C:\dongaAI\3차 프로젝트\0.0\data\attachments\hwp_raw\PBLN_000000000117918_202601281318390666.hwp,download_failed,404 Client Error: Not Found for url: https://www.bizinfo.go.kr/sii/siia/202601281318390666.hwp,2026-07-01T02:37:08
PBLN_000000000117918,bizinfo,[경기] 안양시 2026년 소상공인 이자차액 보전금 지원계획 공고,경기도,https://www.bizinfo.go.kr/sii/siia/selectSIIA200Detail.do?pblancId=PBLN_000000000117918,https://www.bizinfo.go.kr/sii/siia/2026년 소상공인 이자차액 보전금 지원 공고문.hwp,.hwp,C:\dongaAI\3차 프로젝트\0.0\data\attachments\hwp_raw\PBLN_000000000117918_2026년 소상공인 이자차액 보전금 지원 공고문.hwp,download_failed,400 Client Error: Bad Request for url: https://www.bizinfo.go.kr/sii/siia/2026%EB%85%84%20%EC%86%8C%EC%83%81%EA%B3%B5%EC%9D%B8%20%EC%9D%B4%EC%9E%90%EC%B0%A8%EC%95%A1%20%EB%B3%B4%EC%A0%84%EA%B8%88%20%EC%A7%80%EC%9B%90%20%EA%B3%B5%EA%B3%A0%EB%AC%B8.hwp,2026-07-01T02:37:08
PBLN_000000000117918,bizinfo,[경기] 안양시 2026년 소상공인 이자차액 보전금 지원계획 공고,경기도,https://www.bizinfo.go.kr/sii/siia/selectSIIA200Detail.do?pblancId=PBLN_000000000117918,https://www.bizinfo.go.kr/cmm/fms/fileDown.do?atchFileId=FILE_000000000742032&fileSn=0,.hwp,C:\dongaAI\3차 프로젝트\0.0\data\attachments\hwp_raw\PBLN_000000000117918_2026ë  ììê³µì¸ ì´ìì°¨ì¡ ë³´ì ê¸ ì§ì ê³µê³ ë¬¸.hwp,downloaded,,2026-07-01T02:37:08
PBLN_000000000118032,bizinfo,2026년 전북특별자치도 관광객 유치 여행사 보상금 지급 공고,전북특별자치도,https://www.bizinfo.go.kr/sii/siia/selectSIIA200Detail.do?pblancId=PBLN_000000000118032,https://www.bizinfo.go.kr/sii/siia/202601301314580389.hwp,.hwp,C:\dongaAI\3차 프로젝트\0.0\data\attachments\hwp_raw\PBLN_000000000118032_202601301314580389.hwp,download_failed,404 Client Error: Not Found for url: https://www.bizinfo.go.kr/sii/siia/202601301314580389.hwp,2026-07-01T02:37:08
PBLN_000000000118032,bizinfo,2026년 전북특별자치도 관광객 유치 여행사 보상금 지급 공고,전북특별자치도,https://www.bizinfo.go.kr/sii/siia/selectSIIA200Detail.do?pblancId=PBLN_000000000118032,https://www.bizinfo.go.kr/sii/siia/2026년+전북특별자치도+단체+관광객+유치여행사+보상금(인센티브)+지급계획+공고.hwp,.hwp,C:\dongaAI\3차 프로젝트\0.0\data\attachments\hwp_raw\PBLN_000000000118032_2026년+전북특별자치도+단체+관광객+유치여행사+보상금(인센티브)+지급계획+공고.hwp,download_failed,400 Client Error: Bad Request for url: https://www.bizinfo.go.kr/sii/siia/2026%EB%85%84+%EC%A0%84%EB%B6%81%ED%8A%B9%EB%B3%84%EC%9E%90%EC%B9%98%EB%8F%84+%EB%8B%A8%EC%B2%B4+%EA%B4%80%EA%B4%91%EA%B0%9D+%EC%9C%A0%EC%B9%98%EC%97%AC%ED%96%89%EC%82%AC+%EB%B3%B4%EC%83%81%EA%B8%88(%EC%9D%B8%EC%84%BC%ED%8B%B0%EB%B8%8C)+%EC%A7%80%EA%B8%89%EA%B3%84%ED%9A%8D+%EA%B3%B5%EA%B3%A0.hwp,2026-07-01T02:37:08
PBLN_000000000118032,bizinfo,2026년 전북특별자치도 관광객 유치 여행사 보상금 지급 공고,전북특별자치도,https://www.bizinfo.go.kr/sii/siia/selectSIIA200Detail.do?pblancId=PBLN_000000000118032,https://www.bizinfo.go.kr/cmm/fms/fileDown.do?atchFileId=FILE_000000000742293&fileSn=0,.hwp,C:\dongaAI\3차 프로젝트\0.0\data\attachments\hwp_raw\PBLN_000000000118032_2026ë +ì ë¶í¹ë³ìì¹ë+ë¨ì²´+ê´ê´ê°+ì ì¹ì¬íì¬+ë³´ìê¸(ì¸ì¼í°ë¸)+ì§ê¸ê³í+ê³µê³.hwp,downloaded,,2026-07-01T02:37:08
PBLN_000000000118099,bizinfo,[서울] 2026년 조직문화 더하기+ 컨설팅 참여 기업 모집 공고,성평등가족부,https://www.bizinfo.go.kr/sii/siia/selectSIIA200Detail.do?pblancId=PBLN_000000000118099,https://www.bizinfo.go.kr/sii/siia/202602041056100134.hwp,.hwp,C:\dongaAI\3차 프로젝트\0.0\data\attachments\hwp_raw\PBLN_000000000118099_202602041056100134.hwp,download_failed,404 Client Error: Not Found for url: https://www.bizinfo.go.kr/sii/siia/202602041056100134.hwp,2026-07-01T02:37:08
PBLN_000000000118099,bizinfo,[서울] 2026년 조직문화 더하기+ 컨설팅 참여 기업 모집 공고,성평등가족부,https://www.bizinfo.go.kr/sii/siia/selectSIIA200Detail.do?pblancId=PBLN_000000000118099,https://www.bizinfo.go.kr/sii/siia/1. 2026년 조직문화 더하기 컨설팅 참여신청서.hwp,.hwp,C:\dongaAI\3차 프로젝트\0.0\data\attachments\hwp_raw\PBLN_000000000118099_1. 2026년 조직문화 더하기 컨설팅 참여신청서.hwp,download_failed,400 Client Error: Bad Request for url: https://www.bizinfo.go.kr/sii/siia/1.%202026%EB%85%84%20%EC%A1%B0%EC%A7%81%EB%AC%B8%ED%99%94%20%EB%8D%94%ED%95%98%EA%B8%B0%20%EC%BB%A8%EC%84%A4%ED%8C%85%20%EC%B0%B8%EC%97%AC%EC%8B%A0%EC%B2%AD%EC%84%9C.hwp,2026-07-01T02:37:08
PBLN_000000000118099,bizinfo,[서울] 2026년 조직문화 더하기+ 컨설팅 참여 기업 모집 공고,성평등가족부,https://www.bizinfo.go.kr/sii/siia/selectSIIA200Detail.do?pblancId=PBLN_000000000118099,https://www.bizinfo.go.kr/cmm/fms/fileDown.do?atchFileId=FILE_000000000742560&fileSn=1,.hwp,C:\dongaAI\3차 프로젝트\0.0\data\attachments\hwp_raw\PBLN_000000000118099_1. 2026ë  ì¡°ì§ë¬¸í ëíê¸° ì»¨ì¤í ì°¸ì¬ì ì²­ì.hwp,downloaded,,2026-07-01T02:37:08
PBLN_000000000118245,bizinfo,[경북] 2026년 중소벤처기업 지식재산권 및 해외인증 지원사업 참가기업 모집 공고,경상북도,https://www.bizinfo.go.kr/sii/siia/selectSIIA200Detail.do?pblancId=PBLN_000000000118245,https://www.bizinfo.go.kr/sii/siia/202602051127090432.hwp,.hwp,C:\dongaAI\3차 프로젝트\0.0\data\attachments\hwp_raw\PBLN_000000000118245_202602051127090432.hwp,download_failed,404 Client Error: Not Found for url: https://www.bizinfo.go.kr/sii/siia/202602051127090432.hwp,2026-07-01T02:37:09
PBLN_000000000118245,bizinfo,[경북] 2026년 중소벤처기업 지식재산권 및 해외인증 지원사업 참가기업 모집 공고,경상북도,https://www.bizinfo.go.kr/sii/siia/selectSIIA200Detail.do?pblancId=PBLN_000000000118245,https://www.bizinfo.go.kr/cmm/fms/fileDown.do?atchFileId=FILE_000000000742978&fileSn=0,.hwp,C:\dongaAI\3차 프로젝트\0.0\data\attachments\hwp_raw\PBLN_000000000118245_[ìì] ì¤ìë²¤ì²ê¸°ì ì§ìì¬ì°ê¶ ë° í´ì¸ì¸ì¦ ì§ìì¬ì ì°¸ê°ê¸°ì ëª¨ì§ ê³µê³.hwp,downloaded,,2026-07-01T02:37:09
PBLN_000000000118336,bizinfo,[경기] 광명시 2026년 중소기업 육성자금(제조업ㆍ지식산업ㆍ정보통신산업) 지원계획 공고,경기도,https://www.bizinfo.go.kr/sii/siia/selectSIIA200Detail.do?pblancId=PBLN_000000000118336,https://www.bizinfo.go.kr/cmm/fms/fileDown.do?atchFileId=FILE_000000000743342&fileSn=0,.hwp,C:\dongaAI\3차 프로젝트\0.0\data\attachments\hwp_raw\PBLN_000000000118336_2026ë  ê´ëª ì ì¤ìê¸°ì ì¡ì±ìê¸(ì ì¡°ì ì§ìì°ì ì ë³´íµì ì°ì ) ì§ìê³í ê³µê³ ë¬¸.hwp,downloaded,,2026-07-01T02:37:09
PBLN_000000000118875,bizinfo,[부산] 2026년 전문연구기관 지원 참여기업 모집 공고,부산광역시,https://www.bizinfo.go.kr/sii/siia/selectSIIA200Detail.do?pblancId=PBLN_000000000118875,https://www.bizinfo.go.kr/cmm/fms/fileDown.do?atchFileId=FILE_000000000744651&fileSn=0,.hwp,C:\dongaAI\3차 프로젝트\0.0\data\attachments\hwp_raw\PBLN_000000000118875_ì²¨ë¶2 ì ì²­ììì-ìê¸°íEìµë³µí©.hwp,downloaded,,2026-07-01T02:37:09
PBLN_000000000118875,bizinfo,[부산] 2026년 전문연구기관 지원 참여기업 모집 공고,부산광역시,https://www.bizinfo.go.kr/sii/siia/selectSIIA200Detail.do?pblancId=PBLN_000000000118875,https://www.bizinfo.go.kr/cmm/fms/fileDown.do?atchFileId=FILE_000000000744651&fileSn=1,.hwp,C:\dongaAI\3차 프로젝트\0.0\data\attachments\hwp_raw\PBLN_000000000118875_ì²¨ë¶2 ì ì²­ììì-ìê¸°íEìµë³µí©_ì¥ë¹íì© ì ì©.hwp,downloaded,,2026-07-01T02:37:09
PBLN_000000000118875,bizinfo,[부산] 2026년 전문연구기관 지원 참여기업 모집 공고,부산광역시,https://www.bizinfo.go.kr/sii/siia/selectSIIA200Detail.do?pblancId=PBLN_000000000118875,https://www.bizinfo.go.kr/cmm/fms/fileDown.do?atchFileId=FILE_000000000744651&fileSn=2,.hwp,C:\dongaAI\3차 프로젝트\0.0\data\attachments\hwp_raw\PBLN_000000000118875_ì²¨ë¶2 ì ì²­ììì-ìê¸°íEìµë³µí©_ì ë¡ê¸°ì ìë¬¸.hwp,downloaded,,2026-07-01T02:37:09
PBLN_000000000118875,bizinfo,[부산] 2026년 전문연구기관 지원 참여기업 모집 공고,부산광역시,https://www.bizinfo.go.kr/sii/siia/selectSIIA200Detail.do?pblancId=PBLN_000000000118875,https://www.bizinfo.go.kr/cmm/fms/fileDown.do?atchFileId=FILE_000000000744650&fileSn=0,.hwp,C:\dongaAI\3차 프로젝트\0.0\data\attachments\hwp_raw\PBLN_000000000118875_ì²¨ë¶1 ê³µê³ ë¬¸ìì¸-ìê¸°íEìµë³µí©.hwp,downloaded,,2026-07-01T02:37:09
PBLN_000000000119045,bizinfo,[강원] 2026년 소상공인 IP창출지원 상표출원 지원사업 소상공인 수혜자 모집 공고,강원특별자치도,https://www.bizinfo.go.kr/sii/siia/selectSIIA200Detail.do?pblancId=PBLN_000000000119045,https://www.bizinfo.go.kr/sii/siia/202603031418220189.hwp,.hwp,C:\dongaAI\3차 프로젝트\0.0\data\attachments\hwp_raw\PBLN_000000000119045_202603031418220189.hwp,download_failed,404 Client Error: Not Found for url: https://www.bizinfo.go.kr/sii/siia/202603031418220189.hwp,2026-07-01T02:37:09
PBLN_000000000119045,bizinfo,[강원] 2026년 소상공인 IP창출지원 상표출원 지원사업 소상공인 수혜자 모집 공고,강원특별자치도,https://www.bizinfo.go.kr/sii/siia/selectSIIA200Detail.do?pblancId=PBLN_000000000119045,https://www.bizinfo.go.kr/sii/siia/붙임 1. 2026년 소상공인 IP창출지원 상표출원 지원사업 소상공인 수혜자 모집 공고문.hwp,.hwp,C:\dongaAI\3차 프로젝트\0.0\data\attachments\hwp_raw\PBLN_000000000119045_붙임 1. 2026년 소상공인 IP창출지원 상표출원 지원사업 소상공인 수혜자 모집 공고문.hwp,download_failed,400 Client Error: Bad Request for url: https://www.bizinfo.go.kr/sii/siia/%EB%B6%99%EC%9E%84%201.%202026%EB%85%84%20%EC%86%8C%EC%83%81%EA%B3%B5%EC%9D%B8%20IP%EC%B0%BD%EC%B6%9C%EC%A7%80%EC%9B%90%20%EC%83%81%ED%91%9C%EC%B6%9C%EC%9B%90%20%EC%A7%80%EC%9B%90%EC%82%AC%EC%97%85%20%EC%86%8C%EC%83%81%EA%B3%B5%EC%9D%B8%20%EC%88%98%ED%98%9C%EC%9E%90%20%EB%AA%A8%EC%A7%91%20%EA%B3%B5%EA%B3%A0%EB%AC%B8.hwp,2026-07-01T02:37:09
PBLN_000000000119045,bizinfo,[강원] 2026년 소상공인 IP창출지원 상표출원 지원사업 소상공인 수혜자 모집 공고,강원특별자치도,https://www.bizinfo.go.kr/sii/siia/selectSIIA200Detail.do?pblancId=PBLN_000000000119045,https://www.bizinfo.go.kr/cmm/fms/fileDown.do?atchFileId=FILE_000000000745236&fileSn=0,.hwp,C:\dongaAI\3차 프로젝트\0.0\data\attachments\hwp_raw\PBLN_000000000119045_ë¶ì2. 202.hwp,downloaded,,2026-07-01T02:37:09
PBLN_000000000119045,bizinfo,[강원] 2026년 소상공인 IP창출지원 상표출원 지원사업 소상공인 수혜자 모집 공고,강원특별자치도,https://www.bizinfo.go.kr/sii/siia/selectSIIA200Detail.do?pblancId=PBLN_000000000119045,https://www.bizinfo.go.kr/cmm/fms/fileDown.do?atchFileId=FILE_000000000745235&fileSn=0,.hwp,C:\dongaAI\3차 프로젝트\0.0\data\attachments\hwp_raw\PBLN_000000000119045_ë¶ì 1. 2026ë  ììê³µì¸ IPì°½ì¶ì§ì ìíì¶ì ì§ìì¬ì ììê³µì¸ ìíì ëª¨ì§ ê³µê³ ë¬¸.hwp,downloaded,,2026-07-01T02:37:10
PBLN_000000000119155,bizinfo,[전북] 2026년 폐업 소상공인 사업정리 지원사업 공고,전북특별자치도,https://www.bizinfo.go.kr/sii/siia/selectSIIA200Detail.do?pblancId=PBLN_000000000119155,https://www.bizinfo.go.kr/sii/siia/202603051336080707.hwp,.hwp,C:\dongaAI\3차 프로젝트\0.0\data\attachments\hwp_raw\PBLN_000000000119155_202603051336080707.hwp,download_failed,404 Client Error: Not Found for url: https://www.bizinfo.go.kr/sii/siia/202603051336080707.hwp,2026-07-01T02:37:10
PBLN_000000000119155,bizinfo,[전북] 2026년 폐업 소상공인 사업정리 지원사업 공고,전북특별자치도,https://www.bizinfo.go.kr/sii/siia/selectSIIA200Detail.do?pblancId=PBLN_000000000119155,https://www.bizinfo.go.kr/sii/siia/[공고] 2026년 폐업 소상공인 사업정리 지원사업.hwp,.hwp,C:\dongaAI\3차 프로젝트\0.0\data\attachments\hwp_raw\PBLN_000000000119155_[공고] 2026년 폐업 소상공인 사업정리 지원사업.hwp,download_failed,400 Client Error: Bad Request for url: https://www.bizinfo.go.kr/sii/siia/%5B%EA%B3%B5%EA%B3%A0%5D%202026%EB%85%84%20%ED%8F%90%EC%97%85%20%EC%86%8C%EC%83%81%EA%B3%B5%EC%9D%B8%20%EC%82%AC%EC%97%85%EC%A0%95%EB%A6%AC%20%EC%A7%80%EC%9B%90%EC%82%AC%EC%97%85.hwp,2026-07-01T02:37:10
PBLN_000000000119155,bizinfo,[전북] 2026년 폐업 소상공인 사업정리 지원사업 공고,전북특별자치도,https://www.bizinfo.go.kr/sii/siia/selectSIIA200Detail.do?pblancId=PBLN_000000000119155,https://www.bizinfo.go.kr/cmm/fms/fileDown.do?atchFileId=FILE_000000000745597&fileSn=0,.hwp,C:\dongaAI\3차 프로젝트\0.0\data\attachments\hwp_raw\PBLN_000000000119155_[ì ì¶ìë¥] 2026ë  íì ììê³µì¸ ì¬ì ì ë¦¬ ì§ìì¬ì ì ì¶ìë¥.hwp,downloaded,,2026-07-01T02:37:10
PBLN_000000000119155,bizinfo,[전북] 2026년 폐업 소상공인 사업정리 지원사업 공고,전북특별자치도,https://www.bizinfo.go.kr/sii/siia/selectSIIA200Detail.do?pblancId=PBLN_000000000119155,https://www.bizinfo.go.kr/cmm/fms/fileDown.do?atchFileId=FILE_000000000745596&fileSn=0,.hwp,C:\dongaAI\3차 프로젝트\0.0\data\attachments\hwp_raw\PBLN_000000000119155_[ê³µê³ ] 2026ë  íì ììê³µì¸ ì¬ì ì ë¦¬ ì§ìì¬ì.hwp,downloaded,,2026-07-01T02:37:10
PBLN_000000000119212,bizinfo,[제주] 2026년 청정임산물 생산기반 지원사업 재공고,제주특별자치도,https://www.bizinfo.go.kr/sii/siia/selectSIIA200Detail.do?pblancId=PBLN_000000000119212,https://www.bizinfo.go.kr/sii/siia/202603061337490504.hwp,.hwp,C:\dongaAI\3차 프로젝트\0.0\data\attachments\hwp_raw\PBLN_000000000119212_202603061337490504.hwp,download_failed,404 Client Error: Not Found for url: https://www.bizinfo.go.kr/sii/siia/202603061337490504.hwp,2026-07-01T02:37:10
PBLN_000000000119212,bizinfo,[제주] 2026년 청정임산물 생산기반 지원사업 재공고,제주특별자치도,https://www.bizinfo.go.kr/sii/siia/selectSIIA200Detail.do?pblancId=PBLN_000000000119212,https://www.bizinfo.go.kr/sii/siia/2026년 청정임산물 생산기반지원사업 재공고.hwp,.hwp,C:\dongaAI\3차 프로젝트\0.0\data\attachments\hwp_raw\PBLN_000000000119212_2026년 청정임산물 생산기반지원사업 재공고.hwp,download_failed,400 Client Error: Bad Request for url: https://www.bizinfo.go.kr/sii/siia/2026%EB%85%84%20%EC%B2%AD%EC%A0%95%EC%9E%84%EC%82%B0%EB%AC%BC%20%EC%83%9D%EC%82%B0%EA%B8%B0%EB%B0%98%EC%A7%80%EC%9B%90%EC%82%AC%EC%97%85%20%EC%9E%AC%EA%B3%B5%EA%B3%A0.hwp,2026-07-01T02:37:10
PBLN_000000000119212,bizinfo,[제주] 2026년 청정임산물 생산기반 지원사업 재공고,제주특별자치도,https://www.bizinfo.go.kr/sii/siia/selectSIIA200Detail.do?pblancId=PBLN_000000000119212,https://www.bizinfo.go.kr/cmm/fms/fileDown.do?atchFileId=FILE_000000000745783&fileSn=0,.hwp,C:\dongaAI\3차 프로젝트\0.0\data\attachments\hwp_raw\PBLN_000000000119212_2026ë  ì²­ì ìì°ë¬¼ ìì°ê¸°ë°ì§ìì¬ì ì¬ê³µê³.hwp,downloaded,,2026-07-01T02:37:10
PBLN_000000000119235,bizinfo,[부산] 2026년 AI실증지원센터 고성능 컴퓨터(HPC) 이용 지원사업 모집 공고,부산광역시,https://www.bizinfo.go.kr/sii/siia/selectSIIA200Detail.do?pblancId=PBLN_000000000119235,https://www.bizinfo.go.kr/sii/siia/202603091014570414.hwp,.hwp,C:\dongaAI\3차 프로젝트\0.0\data\attachments\hwp_raw\PBLN_000000000119235_202603091014570414.hwp,download_failed,404 Client Error: Not Found for url: https://www.bizinfo.go.kr/sii/siia/202603091014570414.hwp,2026-07-01T02:37:10
PBLN_000000000119235,bizinfo,[부산] 2026년 AI실증지원센터 고성능 컴퓨터(HPC) 이용 지원사업 모집 공고,부산광역시,https://www.bizinfo.go.kr/sii/siia/selectSIIA200Detail.do?pblancId=PBLN_000000000119235,https://www.bizinfo.go.kr/sii/siia/[모집공고] 고성능 컴퓨터(HPC) 이용 지원사업.hwp,.hwp,C:\dongaAI\3차 프로젝트\0.0\data\attachments\hwp_raw\PBLN_000000000119235_[모집공고] 고성능 컴퓨터(HPC) 이용 지원사업.hwp,download_failed,400 Client Error: Bad Request for url: https://www.bizinfo.go.kr/sii/siia/%5B%EB%AA%A8%EC%A7%91%EA%B3%B5%EA%B3%A0%5D%20%EA%B3%A0%EC%84%B1%EB%8A%A5%20%EC%BB%B4%ED%93%A8%ED%84%B0(HPC)%20%EC%9D%B4%EC%9A%A9%20%EC%A7%80%EC%9B%90%EC%82%AC%EC%97%85.hwp,2026-07-01T02:37:10
PBLN_000000000119235,bizinfo,[부산] 2026년 AI실증지원센터 고성능 컴퓨터(HPC) 이용 지원사업 모집 공고,부산광역시,https://www.bizinfo.go.kr/sii/siia/selectSIIA200Detail.do?pblancId=PBLN_000000000119235,https://www.bizinfo.go.kr/cmm/fms/fileDown.do?atchFileId=FILE_000000000745889&fileSn=0,.hwp,C:\dongaAI\3차 프로젝트\0.0\data\attachments\hwp_raw\PBLN_000000000119235_[ëª¨ì§ê³µê³ ] ê³ ì±ë¥ ì»´í¨í°(HPC) ì´ì© ì§ìì¬ì.hwp,downloaded,,2026-07-01T02:37:10
PBLN_000000000119686,bizinfo,[경기] 2026년 베이비부머 라이트잡 모집 공고,경기도,https://www.bizinfo.go.kr/sii/siia/selectSIIA200Detail.do?pblancId=PBLN_000000000119686,https://www.bizinfo.go.kr/cmm/fms/fileDown.do?atchFileId=FILE_000000000747478&fileSn=1,.hwp,C:\dongaAI\3차 프로젝트\0.0\data\attachments\hwp_raw\PBLN_000000000119686_[íì2] ë¼ì´í¸ì¡ ê·¼ë¡ìì ê°ì¸ì ë³´ì ê³µëìì.hwp,downloaded,,2026-07-01T02:37:11
PBLN_000000000119686,bizinfo,[경기] 2026년 베이비부머 라이트잡 모집 공고,경기도,https://www.bizinfo.go.kr/sii/siia/selectSIIA200Detail.do?pblancId=PBLN_000000000119686,https://www.bizinfo.go.kr/cmm/fms/fileDown.do?atchFileId=FILE_000000000747478&fileSn=3,.hwp,C:\dongaAI\3차 프로젝트\0.0\data\attachments\hwp_raw\PBLN_000000000119686_2026ë  ë² ì´ë¹ë¶ë¨¸ ë¼ì´í¸ì¡ FAQ.hwp,downloaded,,2026-07-01T02:37:11
PBLN_000000000119686,bizinfo,[경기] 2026년 베이비부머 라이트잡 모집 공고,경기도,https://www.bizinfo.go.kr/sii/siia/selectSIIA200Detail.do?pblancId=PBLN_000000000119686,https://www.bizinfo.go.kr/cmm/fms/fileDown.do?atchFileId=FILE_000000000747478&fileSn=4,.hwp,C:\dongaAI\3차 프로젝트\0.0\data\attachments\hwp_raw\PBLN_000000000119686_[íì1] 2026ë  ë² ì´ë¹ë¶ë¨¸ ë¼ì´í¸ì¡ ì§ìê¸ ì§ê¸ ì ì²­ì.hwp,downloaded,,2026-07-01T02:37:11
PBLN_000000000119881,bizinfo,[제주] 2026년 어업활동지원 사업 대상자 모집 공고,제주특별자치도,https://www.bizinfo.go.kr/sii/siia/selectSIIA200Detail.do?pblancId=PBLN_000000000119881,https://www.bizinfo.go.kr/sii/siia/202603241422340508.hwp,.hwp,C:\dongaAI\3차 프로젝트\0.0\data\attachments\hwp_raw\PBLN_000000000119881_202603241422340508.hwp,download_failed,404 Client Error: Not Found for url: https://www.bizinfo.go.kr/sii/siia/202603241422340508.hwp,2026-07-01T02:37:11
PBLN_000000000119881,bizinfo,[제주] 2026년 어업활동지원 사업 대상자 모집 공고,제주특별자치도,https://www.bizinfo.go.kr/sii/siia/selectSIIA200Detail.do?pblancId=PBLN_000000000119881,https://www.bizinfo.go.kr/sii/siia/2026년 어업활동지원 사업 대상자 모집 공고.hwp,.hwp,C:\dongaAI\3차 프로젝트\0.0\data\attachments\hwp_raw\PBLN_000000000119881_2026년 어업활동지원 사업 대상자 모집 공고.hwp,download_failed,400 Client Error: Bad Request for url: https://www.bizinfo.go.kr/sii/siia/2026%EB%85%84%20%EC%96%B4%EC%97%85%ED%99%9C%EB%8F%99%EC%A7%80%EC%9B%90%20%EC%82%AC%EC%97%85%20%EB%8C%80%EC%83%81%EC%9E%90%20%EB%AA%A8%EC%A7%91%20%EA%B3%B5%EA%B3%A0.hwp,2026-07-01T02:37:11
PBLN_000000000119881,bizinfo,[제주] 2026년 어업활동지원 사업 대상자 모집 공고,제주특별자치도,https://www.bizinfo.go.kr/sii/siia/selectSIIA200Detail.do?pblancId=PBLN_000000000119881,https://www.bizinfo.go.kr/cmm/fms/fileDown.do?atchFileId=FILE_000000000748167&fileSn=0,.hwp,C:\dongaAI\3차 프로젝트\0.0\data\attachments\hwp_raw\PBLN_000000000119881_2026ë  ì´ì íëì§ì ì¬ì ëìì ëª¨ì§ ê³µê³.hwp,downloaded,,2026-07-01T02:37:11
PBLN_000000000119919,bizinfo,2026년 IP담보대출연계 지식재산평가지원사업 공고,지식재산처,https://www.bizinfo.go.kr/sii/siia/selectSIIA200Detail.do?pblancId=PBLN_000000000119919,https://www.bizinfo.go.kr/cmm/fms/fileDown.do?atchFileId=FILE_000000000748331&fileSn=1,.hwp,C:\dongaAI\3차 프로젝트\0.0\data\attachments\hwp_raw\PBLN_000000000119919_2026ë _IPë´ë³´ëì¶ì°ê³_ì§ìì¬ì°íê°_ì§ìì¬ì _ê³µê³ _ìµì¢ (260226).hwp,downloaded,,2026-07-01T02:37:11
PBLN_000000000119951,bizinfo,[부산] 관광ㆍ마이스 그로우업(Grow-up) 지원사업 참여 기업 모집 공고,부산광역시,https://www.bizinfo.go.kr/sii/siia/selectSIIA200Detail.do?pblancId=PBLN_000000000119951,https://www.bizinfo.go.kr/sii/siia/202603251511230533.hwp,.hwp,C:\dongaAI\3차 프로젝트\0.0\data\attachments\hwp_raw\PBLN_000000000119951_202603251511230533.hwp,download_failed,404 Client Error: Not Found for url: https://www.bizinfo.go.kr/sii/siia/202603251511230533.hwp,2026-07-01T02:37:11
PBLN_000000000119951,bizinfo,[부산] 관광ㆍ마이스 그로우업(Grow-up) 지원사업 참여 기업 모집 공고,부산광역시,https://www.bizinfo.go.kr/sii/siia/selectSIIA200Detail.do?pblancId=PBLN_000000000119951,https://www.bizinfo.go.kr/sii/siia/[공고문] 부산 관광ㆍ마이스 그로우업(Grow-up) 지원사업_수정.hwp,.hwp,C:\dongaAI\3차 프로젝트\0.0\data\attachments\hwp_raw\PBLN_000000000119951_[공고문] 부산 관광ㆍ마이스 그로우업(Grow-up) 지원사업_수정.hwp,download_failed,400 Client Error: Bad Request for url: https://www.bizinfo.go.kr/sii/siia/%5B%EA%B3%B5%EA%B3%A0%EB%AC%B8%5D%20%EB%B6%80%EC%82%B0%20%EA%B4%80%EA%B4%91%E3%86%8D%EB%A7%88%EC%9D%B4%EC%8A%A4%20%EA%B7%B8%EB%A1%9C%EC%9A%B0%EC%97%85(Grow-up)%20%EC%A7%80%EC%9B%90%EC%82%AC%EC%97%85_%EC%88%98%EC%A0%95.hwp,2026-07-01T02:37:11
PBLN_000000000119951,bizinfo,[부산] 관광ㆍ마이스 그로우업(Grow-up) 지원사업 참여 기업 모집 공고,부산광역시,https://www.bizinfo.go.kr/sii/siia/selectSIIA200Detail.do?pblancId=PBLN_000000000119951,https://www.bizinfo.go.kr/cmm/fms/fileDown.do?atchFileId=FILE_000000000748414&fileSn=0,.hwp,C:\dongaAI\3차 프로젝트\0.0\data\attachments\hwp_raw\PBLN_000000000119951_[ê³µê³ ë¬¸] ë¶ì° ê´ê´ãë§ì´ì¤ ê·¸ë¡ì°ì (Grow-up) ì§ìì¬ì _ìì .hwp,downloaded,,2026-07-01T02:37:11
PBLN_000000000119978,bizinfo,[경북] 2026년 OK FTA 컨설팅 지원사업 모집 공고(경북FTA통상진흥센터),경상북도,https://www.bizinfo.go.kr/sii/siia/selectSIIA200Detail.do?pblancId=PBLN_000000000119978,https://www.bizinfo.go.kr/sii/siia/202603261116160924.hwp,.hwp,C:\dongaAI\3차 프로젝트\0.0\data\attachments\hwp_raw\PBLN_000000000119978_202603261116160924.hwp,download_failed,404 Client Error: Not Found for url: https://www.bizinfo.go.kr/sii/siia/202603261116160924.hwp,2026-07-01T02:37:11
PBLN_000000000119978,bizinfo,[경북] 2026년 OK FTA 컨설팅 지원사업 모집 공고(경북FTA통상진흥센터),경상북도,https://www.bizinfo.go.kr/sii/siia/selectSIIA200Detail.do?pblancId=PBLN_000000000119978,https://www.bizinfo.go.kr/cmm/fms/fileDown.do?atchFileId=FILE_000000000748518&fileSn=0,.hwp,C:\dongaAI\3차 프로젝트\0.0\data\attachments\hwp_raw\PBLN_000000000119978_2026ë ë OK FTA ì»¨ì¤í ì¬ì ì°¸ì¬ ì ì²­ì.hwp,downloaded,,2026-07-01T02:37:11
PBLN_000000000119978,bizinfo,[경북] 2026년 OK FTA 컨설팅 지원사업 모집 공고(경북FTA통상진흥센터),경상북도,https://www.bizinfo.go.kr/sii/siia/selectSIIA200Detail.do?pblancId=PBLN_000000000119978,https://www.bizinfo.go.kr/cmm/fms/fileDown.do?atchFileId=FILE_000000000748518&fileSn=1,.hwp,C:\dongaAI\3차 프로젝트\0.0\data\attachments\hwp_raw\PBLN_000000000119978_ì§ìì¬ì ìë´(ì).hwp,downloaded,,2026-07-01T02:37:11
PBLN_000000000120010,bizinfo,2026년 식품안심업소 기술지원 사업 참여 업소 모집 공고,식품의약품안전처,https://www.bizinfo.go.kr/sii/siia/selectSIIA200Detail.do?pblancId=PBLN_000000000120010,https://www.bizinfo.go.kr/sii/siia/202603261502000920.hwp,.hwp,C:\dongaAI\3차 프로젝트\0.0\data\attachments\hwp_raw\PBLN_000000000120010_202603261502000920.hwp,download_failed,404 Client Error: Not Found for url: https://www.bizinfo.go.kr/sii/siia/202603261502000920.hwp,2026-07-01T02:37:11
PBLN_000000000120010,bizinfo,2026년 식품안심업소 기술지원 사업 참여 업소 모집 공고,식품의약품안전처,https://www.bizinfo.go.kr/sii/siia/selectSIIA200Detail.do?pblancId=PBLN_000000000120010,https://www.bizinfo.go.kr/cmm/fms/fileDown.do?atchFileId=FILE_000000000748623&fileSn=0,.hwp,C:\dongaAI\3차 프로젝트\0.0\data\attachments\hwp_raw\PBLN_000000000120010_2026ë +ìíìì¬ì ì+ê¸°ì ì§ì+ì¬ì +ì°¸ì¬+ì ì+ëª¨ì§+ê³µê³.hwp,downloaded,,2026-07-01T02:37:11
PBLN_000000000120083,bizinfo,2026년 데이터 가치평가 지원사업 공고,과학기술정보통신부,https://www.bizinfo.go.kr/sii/siia/selectSIIA200Detail.do?pblancId=PBLN_000000000120083,https://www.bizinfo.go.kr/cmm/fms/fileDown.do?atchFileId=FILE_000000000748882&fileSn=0,.hwp,C:\dongaAI\3차 프로젝트\0.0\data\attachments\hwp_raw\PBLN_000000000120083_2.+2026ë +ë°ì´í°+ê°ì¹íê°+ì§ìì¬ì +ê³µëª¨ìë´ì.hwp,downloaded,,2026-07-01T02:37:11
PBLN_000000000120083,bizinfo,2026년 데이터 가치평가 지원사업 공고,과학기술정보통신부,https://www.bizinfo.go.kr/sii/siia/selectSIIA200Detail.do?pblancId=PBLN_000000000120083,https://www.bizinfo.go.kr/cmm/fms/fileDown.do?atchFileId=FILE_000000000748882&fileSn=1,.hwp,C:\dongaAI\3차 프로젝트\0.0\data\attachments\hwp_raw\PBLN_000000000120083_3.+2026ë +ë°ì´í°+ê°ì¹íê°+ì§ìì¬ì +ë³ì§ìì.hwp,downloaded,,2026-07-01T02:37:12
PBLN_000000000120083,bizinfo,2026년 데이터 가치평가 지원사업 공고,과학기술정보통신부,https://www.bizinfo.go.kr/sii/siia/selectSIIA200Detail.do?pblancId=PBLN_000000000120083,https://www.bizinfo.go.kr/cmm/fms/fileDown.do?atchFileId=FILE_000000000748881&fileSn=0,.hwp,C:\dongaAI\3차 프로젝트\0.0\data\attachments\hwp_raw\PBLN_000000000120083_1.+2026ë +ë°ì´í°+ê°ì¹íê°+ì§ìì¬ì +ê³µê³ ë¬¸.hwp,downloaded,,2026-07-01T02:37:12
PBLN_000000000120123,bizinfo,2026년 금융 테스트베드 참여기업 테스트비용 지원 공고,금융위원회,https://www.bizinfo.go.kr/sii/siia/selectSIIA200Detail.do?pblancId=PBLN_000000000120123,https://www.bizinfo.go.kr/cmm/fms/fileDown.do?atchFileId=FILE_000000000749007&fileSn=0,.hwp,C:\dongaAI\3차 프로젝트\0.0\data\attachments\hwp_raw\PBLN_000000000120123_(ìì)ì°¸ì¬ì¸ë ¥ ì ë¬´ìí ê³íì.hwp,downloaded,,2026-07-01T02:37:12
PBLN_000000000120123,bizinfo,2026년 금융 테스트베드 참여기업 테스트비용 지원 공고,금융위원회,https://www.bizinfo.go.kr/sii/siia/selectSIIA200Detail.do?pblancId=PBLN_000000000120123,https://www.bizinfo.go.kr/cmm/fms/fileDown.do?atchFileId=FILE_000000000749007&fileSn=2,.hwp,C:\dongaAI\3차 프로젝트\0.0\data\attachments\hwp_raw\PBLN_000000000120123_(ìì)í ì¤í¸ë¹ì© ì§ì ì ì²­ì.hwp,downloaded,,2026-07-01T02:37:12
PBLN_000000000120219,bizinfo,2026년 투자연계형 기술확보지원사업(기술검증지원) 참여기업 모집 공고,산업통상부,https://www.bizinfo.go.kr/sii/siia/selectSIIA200Detail.do?pblancId=PBLN_000000000120219,https://www.bizinfo.go.kr/cmm/fms/fileDown.do?atchFileId=FILE_000000000749366&fileSn=0,.hwp,C:\dongaAI\3차 프로젝트\0.0\data\attachments\hwp_raw\PBLN_000000000120219_ì²¨ë¶2. 2026ë  ê¸°ì íë³´ì§ìì¬ì ì ì²­ìë¥.hwp,downloaded,,2026-07-01T02:37:12
PBLN_000000000120312,bizinfo,2026년 국가배터리순환클러스터실증화시설 사용자 모집 공고,기후에너지환경부,https://www.bizinfo.go.kr/sii/siia/selectSIIA200Detail.do?pblancId=PBLN_000000000120312,https://www.bizinfo.go.kr/sii/siia/202604021448000829.hwp,.hwp,C:\dongaAI\3차 프로젝트\0.0\data\attachments\hwp_raw\PBLN_000000000120312_202604021448000829.hwp,download_failed,404 Client Error: Not Found for url: https://www.bizinfo.go.kr/sii/siia/202604021448000829.hwp,2026-07-01T02:37:12
PBLN_000000000120312,bizinfo,2026년 국가배터리순환클러스터실증화시설 사용자 모집 공고,기후에너지환경부,https://www.bizinfo.go.kr/sii/siia/selectSIIA200Detail.do?pblancId=PBLN_000000000120312,https://www.bizinfo.go.kr/sii/siia/붙임1. 국가배터리순환클러스터 실증화시설 사용자 모집공고문.hwp,.hwp,C:\dongaAI\3차 프로젝트\0.0\data\attachments\hwp_raw\PBLN_000000000120312_붙임1. 국가배터리순환클러스터 실증화시설 사용자 모집공고문.hwp,download_failed,400 Client Error: Bad Request for url: https://www.bizinfo.go.kr/sii/siia/%EB%B6%99%EC%9E%841.%20%EA%B5%AD%EA%B0%80%EB%B0%B0%ED%84%B0%EB%A6%AC%EC%88%9C%ED%99%98%ED%81%B4%EB%9F%AC%EC%8A%A4%ED%84%B0%20%EC%8B%A4%EC%A6%9D%ED%99%94%EC%8B%9C%EC%84%A4%20%EC%82%AC%EC%9A%A9%EC%9E%90%20%EB%AA%A8%EC%A7%91%EA%B3%B5%EA%B3%A0%EB%AC%B8.hwp,2026-07-01T02:37:12
PBLN_000000000120312,bizinfo,2026년 국가배터리순환클러스터실증화시설 사용자 모집 공고,기후에너지환경부,https://www.bizinfo.go.kr/sii/siia/selectSIIA200Detail.do?pblancId=PBLN_000000000120312,https://www.bizinfo.go.kr/cmm/fms/fileDown.do?atchFileId=FILE_000000000749654&fileSn=0,.hwp,C:\dongaAI\3차 프로젝트\0.0\data\attachments\hwp_raw\PBLN_000000000120312_ë¶ì1. êµ­ê°ë°°í°ë¦¬ìíí´ë¬ì¤í° ì¤ì¦íìì¤ ì¬ì©ì ëª¨ì§ê³µê³ ë¬¸.hwp,downloaded,,2026-07-01T02:37:12
PBLN_000000000120388,bizinfo,[울산] 2026년 자동차 부품업종 안전관리 인력 고용지원사업 참여기업 모집 공고(지역ㆍ산업맞춤형 일자리지원 사업(자율계정)),울산광역시,https://www.bizinfo.go.kr/sii/siia/selectSIIA200Detail.do?pblancId=PBLN_000000000120388,https://www.bizinfo.go.kr/sii/siia/202604031528390081.hwp,.hwp,C:\dongaAI\3차 프로젝트\0.0\data\attachments\hwp_raw\PBLN_000000000120388_202604031528390081.hwp,download_failed,404 Client Error: Not Found for url: https://www.bizinfo.go.kr/sii/siia/202604031528390081.hwp,2026-07-01T02:37:12
PBLN_000000000120388,bizinfo,[울산] 2026년 자동차 부품업종 안전관리 인력 고용지원사업 참여기업 모집 공고(지역ㆍ산업맞춤형 일자리지원 사업(자율계정)),울산광역시,https://www.bizinfo.go.kr/sii/siia/selectSIIA200Detail.do?pblancId=PBLN_000000000120388,https://www.bizinfo.go.kr/sii/siia/자동차 부품업종 안전관리 인력 고용지원사업 참여기업 모집공고.hwp,.hwp,C:\dongaAI\3차 프로젝트\0.0\data\attachments\hwp_raw\PBLN_000000000120388_자동차 부품업종 안전관리 인력 고용지원사업 참여기업 모집공고.hwp,download_failed,400 Client Error: Bad Request for url: https://www.bizinfo.go.kr/sii/siia/%EC%9E%90%EB%8F%99%EC%B0%A8%20%EB%B6%80%ED%92%88%EC%97%85%EC%A2%85%20%EC%95%88%EC%A0%84%EA%B4%80%EB%A6%AC%20%EC%9D%B8%EB%A0%A5%20%EA%B3%A0%EC%9A%A9%EC%A7%80%EC%9B%90%EC%82%AC%EC%97%85%20%EC%B0%B8%EC%97%AC%EA%B8%B0%EC%97%85%20%EB%AA%A8%EC%A7%91%EA%B3%B5%EA%B3%A0.hwp,2026-07-01T02:37:12
PBLN_000000000120388,bizinfo,[울산] 2026년 자동차 부품업종 안전관리 인력 고용지원사업 참여기업 모집 공고(지역ㆍ산업맞춤형 일자리지원 사업(자율계정)),울산광역시,https://www.bizinfo.go.kr/sii/siia/selectSIIA200Detail.do?pblancId=PBLN_000000000120388,https://www.bizinfo.go.kr/cmm/fms/fileDown.do?atchFileId=FILE_000000000749884&fileSn=0,.hwp,C:\dongaAI\3차 프로젝트\0.0\data\attachments\hwp_raw\PBLN_000000000120388_ìëì°¨ ë¶íì ì¢ ìì ê´ë¦¬ ì¸ë ¥ ê³ ì©ì§ìì¬ì ì°¸ì¬ê¸°ì ëª¨ì§ê³µê³.hwp,downloaded,,2026-07-01T02:37:12
PBLN_000000000120423,bizinfo,2026년 로봇 재제조산업 기업지원사업(기술 자문) 공고,산업통상부,https://www.bizinfo.go.kr/sii/siia/selectSIIA200Detail.do?pblancId=PBLN_000000000120423,https://www.bizinfo.go.kr/cmm/fms/fileDown.do?atchFileId=FILE_000000000750033&fileSn=0,.hwp,C:\dongaAI\3차 프로젝트\0.0\data\attachments\hwp_raw\PBLN_000000000120423_ë¶ì2. ê¸°ì ìë¬¸ê³¼ì _ìì ì¼ì²´2026_ìì .hwp,downloaded,,2026-07-01T02:37:13
