policy_id,title,organization,no_upload_group,reason_group_ko,detailed_reason_ko,risk_if_uploaded_ko,next_action_ko,recommended_action,old_amount_manwon,old_amount_actual,new_selected_amount_manwon,new_selected_type,new_roi_apply_method,candidate_count,candidate_summary,url
ENERGYAGENCY:24575,(수정)2026년도 산업진단 개선이행 지원사업 2차 공고,한국에너지공단,resolved_keep_old,기존값 유지,새 파싱값보다 기존값이 더 타당하다고 판정되어 업데이트하지 않음,업로드하면 오히려 검수된 기존 대표금액을 덮어쓸 위험,기존값을 보존. 필요하면 수기검수에서 keep_old로 확정,no_update_keep_existing,69000.0,최대 6.9억원,1.0,support_amount,subtract,2,69000.0만원/consulting_fee/recommend_only: - 다 음 - ㅇ 사업내용 : 산업진단 지원사업의 진단결과에 따른 개선이행 비용을 지원하여 에너지진단의 실효성 제고 및 에너지절약 투자 활성화 ㅇ 지원대상 : 산업진단 지원(보조) 사업 참여 이력이 있는 사업장 - '23년 ~ '26년 산업진단 지원사업 에너지진단 완료 사업장 ㅇ 지원규모 : 총 6.9억원 || 1.0만원/support_amount/subtract: / 약 69개 사업장 ㅇ 지원한도 : 사업장 당 최대 1.000만원(투자비용의 70% 또는 50%) - 타 유사사업과의 지원금 중복지원 불가능 ㅇ 신청방법 - (사업신청) 전자메일 신청(메일주소 : conan0,https://www.energy.or.kr/front/board/View2.do?boardMngNo=2&boardNo=24575
KPASS:P2950,2026년 산업기술국제협력사업 통합 시행계획 공고,한국산업기술진흥원,resolved_keep_old,기존값 유지,새 파싱값보다 기존값이 더 타당하다고 판정되어 업데이트하지 않음,업로드하면 오히려 검수된 기존 대표금액을 덮어쓸 위험,기존값을 보존. 필요하면 수기검수에서 keep_old로 확정,no_update_keep_existing,250000.0,최대 25억원,50000.0,support_amount,subtract,19,50000.0만원/total_support_scale/review: 기간 및 신청자격 대상국가 지원규모 지원기간 국내(한국측) 연구개발 컨소시움 구성 요건 주관연구개발기관 공동연구개발기관 독일 AiF 5억원 이내/년 3년 이내 제한없음 제한없음 (영리기업 참여 필수) 2+2 5억원 이내/년 3년 이내 제한없음 (기업+대학/연구기관 형태로 2개 이상 || 50000.0만원/total_support_scale/review: 기간 및 신청자격 대상국가 지원규모 지원기간 국내(한국측) 연구개발 컨소시움 구성 요건 주관연구개발기관 공동연구개발기관 독일 AiF 5억원 이내/년 3년 이내 제한없음 제한없음 (영리기업 참여 필수) 2+2 5억원 이내/년 3년 이내 제한없음 (기업+대학/연구기관 형태로 2개 이상의 기관으로 구성) 미국 6억원 이내/년 3년 이내 공공연구소 (전문생산기술 || 60000.0만원/total_support_scale/review: 기간 및 신청자격 대상국가 지원규모 지원기간 국내(한국측) 연구개발 컨소시움 구성 요건 주관연구개발기관 공동연구개발기관 독일 AiF 5억원 이내/년 3년 이내 제한없음 제한없음 (영리기업 참여 필수) 2+2 5억원 이내/년 3년 이내 제한없음 (기업+대학/연구기관 형태로 2개 이상의 기관으로 구성) 미국 6억원 이내/년 3년 이내 공공연구소 (전문생산기술연구소 || 50000.0만원/unknown/review: 특정연구기관) 제한없음 (영리기업 참여 필수) 스위스 5억원 이내/년 3년 이내 제한없음 제한없음 (영리기업 참여 필수) 스페인 10억원 이내/년 3년 이내 중소 || 100000.0만원/unknown/review: 특정연구기관) 제한없음 (영리기업 참여 필수) 스위스 5억원 이내/년 3년 이내 제한없음 제한없음 (영리기업 참여 필수) 스페인 10억원 이내/년 3년 이내 중소 || ... 후보 14개 추가,https://www.k-pass.kr/notice/ancView.do?ancId=P2950&gubun=NEW
PBLN_000000000118027,2026년 KOLAS 공인 제품인증 서비스 바우처 지원사업 참가 희망기업 모집 공고,부산광역시,resolved_keep_old,기존값 유지,새 파싱값보다 기존값이 더 타당하다고 판정되어 업데이트하지 않음,업로드하면 오히려 검수된 기존 대표금액을 덮어쓸 위험,기존값을 보존. 필요하면 수기검수에서 keep_old로 확정,no_update_keep_existing,80.0,,500000.0,non_cash,recommend_only,8,80.0만원/equipment_usage_fee/recommend_only: / 기타) 2인 출장비 (재)부산테크노파크 여비 규정에 따름(관내 지역 시 제외) 2인 시험 수수료 위탁 시험기관 의뢰시험검사 업무규정에 따름 제품별 상이 인증마크 제작 수수료 신청제품의 수량 × 제작단가 협의 인증수수료(마크 사용료) 신청제품의 수량 × 신청제품의 개별단가 × 약정요율* 최소금액 80만원 인증서 발급 수수료 500 || 80.0만원/non_cash/recommend_only: 최소금액은 80만원으로 한다) 氠瑢 인증제품의 연간 매출액 3억 이하 15억 이하 30억 이하 50억 이하 50억 초과 약정요율 0 || 30000.0만원/non_cash/recommend_only: 최소금액은 80만원으로 한다) 氠瑢 인증제품의 연간 매출액 3억 이하 15억 이하 30억 이하 50억 이하 50억 초과 약정요율 0 || 150000.0만원/non_cash/recommend_only: 최소금액은 80만원으로 한다) 氠瑢 인증제품의 연간 매출액 3억 이하 15억 이하 30억 이하 50억 이하 50억 초과 약정요율 0 || 300000.0만원/non_cash/recommend_only: 최소금액은 80만원으로 한다) 氠瑢 인증제품의 연간 매출액 3억 이하 15억 이하 30억 이하 50억 이하 50억 초과 약정요율 0 || ... 후보 3개 추가,https://www.bizinfo.go.kr/sii/siia/selectSIIA200Detail.do?pblancId=PBLN_000000000118027
PBLN_000000000118209,2026년 중소기업 연구인력지원사업 공고,중소벤처기업부,resolved_keep_old,기존값 유지,새 파싱값보다 기존값이 더 타당하다고 판정되어 업데이트하지 않음,업로드하면 오히려 검수된 기존 대표금액을 덮어쓸 위험,기존값을 보존. 필요하면 수기검수에서 keep_old로 확정,no_update_keep_existing,3800.0,"최대 3,800만원",5000.0,subsidy,subtract,13,"3200.0만원/unknown/review: 개발비(40% 기준) ** 1년차 2년차 3년차 1년차 2년차 3년차 전문·학사 3,200만원 3,500만원 3,800만원 1,280만원 1,400만원 1,520만원 석사 4 || 3500.0만원/unknown/review: 기준) ** 1년차 2년차 3년차 1년차 2년차 3년차 전문·학사 3,200만원 3,500만원 3,800만원 1,280만원 1,400만원 1,520만원 석사 4,100만원 4 || 3800.0만원/unknown/review: 년차 2년차 3년차 1년차 2년차 3년차 전문·학사 3,200만원 3,500만원 3,800만원 1,280만원 1,400만원 1,520만원 석사 4,100만원 4,500만원 4 || 1280.0만원/unknown/review: 년차 1년차 2년차 3년차 전문·학사 3,200만원 3,500만원 3,800만원 1,280만원 1,400만원 1,520만원 석사 4,100만원 4,500만원 4,900만원 1 || 1400.0만원/unknown/review: 년차 3년차 전문·학사 3,200만원 3,500만원 3,800만원 1,280만원 1,400만원 1,520만원 석사 4,100만원 4,500만원 4,900만원 1,640만원 1 || ... 후보 8개 추가",https://www.bizinfo.go.kr/sii/siia/selectSIIA200Detail.do?pblancId=PBLN_000000000118209
PBLN_000000000119206,[충남] 아산시 2026년 해외마케팅 지원사업 참가기업 모집 공고,충청남도,resolved_keep_old,기존값 유지,새 파싱값보다 기존값이 더 타당하다고 판정되어 업데이트하지 않음,업로드하면 오히려 검수된 기존 대표금액을 덮어쓸 위험,기존값을 보존. 필요하면 수기검수에서 keep_old로 확정,no_update_keep_existing,400.0,최대 400만원,10000.0,subsidy,subtract,11,400.0만원/support_amount/subtract: 기업ㆍ제품 홍보영상 등 동영상 제작비 지원(기업당 400만원 한도) 사업신청 방법 이메일 접수 (lnk128@korea || 10000.0만원/subsidy/subtract: 부정한 방법으로 지방보조금을 교부받은 지방보조사업자 등에 대한 벌칙 ­ 거짓 신청이나 그 밖의 부정한 방법으로 지방보조금을 교부받은 자와 그 사실을 알면서 지방보조금을 교부한 자는 10년 이하의 징역 또는 1억원 이하 벌금 부과 (법 제37조) ­ 법령 || 5000.0만원/unknown/review: 법령에 따른 자치단체장의 처분에 대한 선량한 관리자로서의 주의 의무를 위반하여 다른 용도에 사용한 보조사업자와 자치단체장의 승인 없이 중요재산에 대하여 금지된 행위를 한 자 에 대해 5년 이하의 징역 또는 5천만원 이하의 벌금 부과 (법 제38조) ­ 자치단체장의 승인 없이 지방보조사업의 내용을 변경하거나 지방보조사업에 드는 경비의 배분을 변경하거나 || 2000.0만원/unknown/review: 임의로 다른 사업자에게 인계 또는 중단∙폐지한 보조사업자에 대해 2년 이하의 징역 또는 2천만원 이하의 벌금 부과 (법 제39조제1항) ­ 자치단체장의 보조사업 수행 정지명령을 위반한 자 || 1000.0만원/unknown/review: 지방보조사업 실적보고서를 거짓으로 작성하여 제출 등의 행위를 한 보조사업자 대해서는 1년 이하의 징역 또는 1천만원 이하의 벌금 부과 (법 제39조제2항) || ... 후보 6개 추가,https://www.bizinfo.go.kr/sii/siia/selectSIIA200Detail.do?pblancId=PBLN_000000000119206
PBLN_000000000119454,[경기] 평택시 2026년 국내외 지식재산 권리화 지원사업 모집 공고,경기도,resolved_keep_old,기존값 유지,새 파싱값보다 기존값이 더 타당하다고 판정되어 업데이트하지 않음,업로드하면 오히려 검수된 기존 대표금액을 덮어쓸 위험,기존값을 보존. 필요하면 수기검수에서 keep_old로 확정,no_update_keep_existing,0.0,최대 0만원,150.0,support_amount,subtract,4,"4500.0만원/project_budget/review: 2026년 3월 3일 (재)평택산업진흥원장01사업개요 □ 사 업 명 : 2026년 ｢국내외 지식재산 권리화 지원사업｣ □ 사업기간 : 2026년 1월 1일 ~ 12월 31일 □ 사업예산 : 45,000천원(출연금 100%) □ 지원대상 : 본사 또는 등록공장 평택에 소재한 중소기업 (업태 제조업) || 150.0만원/support_amount/subtract: PCT 소요 비용 지원 분야지원내용규모지원한도비율지원내용국내 출원국내 특허20개사150만원/건80%° 변리사 수임료(VAT 제외) (출원료 || 300.0만원/total_support_scale/review: 디자인 해외출원국내 특허3개사300만원/건실용신안합계23개사- - - - 2 - 02모집내용 및 지원조건 □ 추진시기 : 연중 수시 모집 (예산 소진 시까지) □ 지원규모 : 최대 || 0.0만원/total_support_scale/review: □ 추진시기 : 연중 수시 모집 (예산 소진 시까지) □ 지원규모 : 최대 39,0000천원 이내 / 총 23개사 ※지원금및지원건수는예산범위내변동될수있음 □ 지원절차① 모집",https://www.bizinfo.go.kr/sii/siia/selectSIIA200Detail.do?pblancId=PBLN_000000000119454
PBLN_000000000119836,[전남광주] 2026년 상반기 구조고도화자금 지원 계획 공고,전남광주통합특별시,resolved_keep_old,기존값 유지,새 파싱값보다 기존값이 더 타당하다고 판정되어 업데이트하지 않음,업로드하면 오히려 검수된 기존 대표금액을 덮어쓸 위험,기존값을 보존. 필요하면 수기검수에서 keep_old로 확정,no_update_keep_existing,3000000.0,최대 300억원,1000000.0,support_amount,subtract,9,"100000.0만원/support_amount/subtract: , 경영안정사업) 지원 - 창업지원사업(3년 거치, 5년 균분상환 / 지원 한도 10억원 / 시설자금) - 경쟁력강화사업(3년 거치, 5년 균분상환 / 지원 한도 10억 || 100000.0만원/support_amount/subtract: 0억원 / 시설자금) - 경쟁력강화사업(3년 거치, 5년 균분상환 / 지원 한도 10억원 / 시설자금) - 경영안정화사업(1년 거치, 2년 균분상환 / 지원 한도 3억원 || 30000.0만원/loan/exclude: 0억원 / 시설자금) - 경영안정화사업(1년 거치, 2년 균분상환 / 지원 한도 3억원 / 운전자금) 사업신청 방법 온라인 접수 (기금융자관리시스템) 사업신청 사이트 || 3000000.0만원/unknown/review: 2026년 3월 4일광 주 광 역 시 장1 지원 개요 ❍ 지원 규모 : 300억원 || 1000000.0만원/support_amount/subtract: 하반기 100억원 예정 ❍ 지원 내용 사 업 명지원 용도지원 한도상환 조건비 고창업지원사업(업력: 7년 이내)공장부지 매입 || ... 후보 4개 추가",https://www.bizinfo.go.kr/sii/siia/selectSIIA200Detail.do?pblancId=PBLN_000000000119836
PBLN_000000000121194,[경남] 고성군 2026년 지역지식재산창출 지원사업 공고,경상남도,resolved_keep_old,기존값 유지,새 파싱값보다 기존값이 더 타당하다고 판정되어 업데이트하지 않음,업로드하면 오히려 검수된 기존 대표금액을 덮어쓸 위험,기존값을 보존. 필요하면 수기검수에서 keep_old로 확정,no_update_keep_existing,130.0,최대 130만원,90.0,support_amount,subtract,5,"130.0만원/total_support_scale/review: 지원 대상 고성군 소재 중소기업 - : 지원 건수 기업당 건 이내 - : 3 지원 금액 대리인비용 부가세 제외 의 일부 지원 - : ( ) 지원사업 세부사업 최대지원금액 지원규모 국내권리화 특 허 실용신안 디 자 인 상 표 천원1,300 천원900 천원350 천원250 대리인비용 별도 의(VAT ) 이내90% 해외권리화 출원비용 지원 || 90.0만원/support_amount/subtract: 300 천원900 천원350 천원250 대리인비용 별도 의(VAT ) 이내90% 해외권리화 출원비용 지원 || 35.0만원/support_amount/subtract: 300 천원900 천원350 천원250 대리인비용 별도 의(VAT ) 이내90% 해외권리화 출원비용 지원 || 300.0만원/total_support_scale/review: 관납료 등 의 일부 지원) 지원사업 세부사업 최대지원금액 지원규모 해외권리화 특허 실용신안/ 디 자 인 상 표 천원3,000 천원2 || 280.0만원/total_support_scale/review: 지원금액 지원규모 해외권리화 특허 실용신안/ 디 자 인 상 표 천원3,000 천원2,800 천원2,500 국내대리인비용 별도(VAT ) 및 해외출원 비용의 이내90% 지원 신청",https://www.bizinfo.go.kr/sii/siia/selectSIIA200Detail.do?pblancId=PBLN_000000000121194
PBLN_000000000121197,[경남] 창녕군 2026년 지역지식재산 창출지원사업 공고,경상남도,resolved_keep_old,기존값 유지,새 파싱값보다 기존값이 더 타당하다고 판정되어 업데이트하지 않음,업로드하면 오히려 검수된 기존 대표금액을 덮어쓸 위험,기존값을 보존. 필요하면 수기검수에서 keep_old로 확정,no_update_keep_existing,130.0,최대 130만원,90.0,support_amount,subtract,5,"130.0만원/total_support_scale/review: 지원 대상 창녕군 소재 중소기업 - : 지원 건수 기업당 건 이내 - : 3 지원 금액 대리인비용 부가세 제외 의 일부 지원 - : ( ) 지원사업 세부사업 최대지원금액 지원규모 국내권리화 특 허 실용신안 디 자 인 상 표 천원1,300 천원900 천원350 천원250 대리인비용 별도 의(VAT ) 이내90% 해외권리화 출원비용 지원 || 90.0만원/support_amount/subtract: 300 천원900 천원350 천원250 대리인비용 별도 의(VAT ) 이내90% 해외권리화 출원비용 지원 || 35.0만원/support_amount/subtract: 300 천원900 천원350 천원250 대리인비용 별도 의(VAT ) 이내90% 해외권리화 출원비용 지원 || 300.0만원/total_support_scale/review: 관납료 등 의 일부 지원) 지원사업 세부사업 최대지원금액 지원규모 해외권리화 특허 실용신안/ 디 자 인 상 표 천원3,000 천원2 || 280.0만원/total_support_scale/review: 지원금액 지원규모 해외권리화 특허 실용신안/ 디 자 인 상 표 천원3,000 천원2,800 천원2,500 국내대리인비용 별도(VAT ) 및 해외출원 비용의 이내90% 지원 신청",https://www.bizinfo.go.kr/sii/siia/selectSIIA200Detail.do?pblancId=PBLN_000000000121197
PBLN_000000000121785,[전남광주] 2026년 소규모 밀착 안전망 구축사업 참여기업 모집 공고(지역 중대재해 예방 사각지대 해소사업),전남광주통합특별시,resolved_keep_old,기존값 유지,새 파싱값보다 기존값이 더 타당하다고 판정되어 업데이트하지 않음,업로드하면 오히려 검수된 기존 대표금액을 덮어쓸 위험,기존값을 보존. 필요하면 수기검수에서 keep_old로 확정,no_update_keep_existing,10000.0,최대 1억원,25.0,support_amount,subtract,11,10000.0만원/unknown/review: ☞ 광주광역시 소재 소규모 제조ㆍ건설 현장 - (제조업) 상시근로자 5인 이상 ~ 20인 미만 고위험 공정 보유 기업 - (건설업) 공사금액 1억 원 미만의 초소규모 건설현장 ☞ (제조업) 5~19인 제조 안전 길잡이 구축 지원 - (건설업) 1억 미만 건설 안전 기동대 운영 지원 || 10000.0만원/unknown/review: ☞ 광주광역시 소재 소규모 제조ㆍ건설 현장 - (제조업) 상시근로자 5인 이상 ~ 20인 미만 고위험 공정 보유 기업 - (건설업) 공사금액 1억 원 미만의 초소규모 건설현장 ☞ (제조업) 5~19인 제조 안전 길잡이 구축 지원 - (건설업) 1억 미만 건설 안전 기동대 운영 지원 || 10000.0만원/total_support_scale/review: □ (운영기관) (사)광주경영자총협회 - 2 - 2 지원대상 및 규모 □ (지원대상) 광주광역시 소재 소규모 제조 건설 현장 - (제조업) 상시근로자 5인 이상 ~ 20인 미만 고위험 공정 보유 기업 - (건설업) 공사금액 1억 원 미만의 초소규모 건설현장 □ (지원규모) 총 300개소 (제조업 200개소 || 150.0만원/consulting_fee/recommend_only: / 건설업 100개소) □ (지원제외) 다음 중 하나 이상에 해당하는 기업 또는 사업주 - 정부 또는 지차체 등의 유사한 지원사업에 참여 중인 기업 - 근로기준법 제43조의2에 따라 임금 등을 체불하여 명단이 공개 중인 사업주 - 중대재해 발생 등으로 명단이 공표된 사업장 - 제출서류의 미비 또는 제출서류가 사실과 다른 경우 - 기타 운영기관에서 사업참여가 부적합하다고 판단되는 경우3 지원내 || 60.0만원/unknown/review: 화기작업(용접등)용방화담요(방염포)등 최대60만원 안전설비및시각화구축 (직관적물리방호장치)지게차동선사각지대해소용반사경(볼록거울) || ... 후보 6개 추가,https://www.bizinfo.go.kr/sii/siia/selectSIIA200Detail.do?pblancId=PBLN_000000000121785
PBLN_000000000121945,2026년 자이언트캐스팅(다이캐스팅) 부품 시험ㆍ평가ㆍ인증 및 기술지도 지원 시행 공고(자이언트캐스팅 공용센터 기반구축 사업),과학기술정보통신부,resolved_keep_old,기존값 유지,새 파싱값보다 기존값이 더 타당하다고 판정되어 업데이트하지 않음,업로드하면 오히려 검수된 기존 대표금액을 덮어쓸 위험,기존값을 보존. 필요하면 수기검수에서 keep_old로 확정,no_update_keep_existing,1000.0,"최대 1,000만원",200.0,subsidy,subtract,5,"1200.0만원/non_cash/recommend_only: 인증 지원 지원기관지원건수지원금액한국기계연구원2건최대 12,000천원 (VAT포함) - 한국기계연구원 기 구축 장비활용 자이언트캐스팅(다이캐스팅) 부품의 성능개발 및 시험 및 평가 지원 실시* 기 구축 장비 내역 || 1000.0만원/equipment_usage_fee/recommend_only: 000천원 (VAT포함) - 한국기계연구원 기 구축 장비활용 자이언트캐스팅(다이캐스팅) 부품의 성능개발 및 시험 및 평가 지원 실시* 기 구축 장비 내역은 부록 참조 - 시험 간 필요한 지그 부품류 및 기타 소모성 부품류 지원 신청 가능 * 지그 부품류 10,000천원 || 200.0만원/subsidy/subtract: 기타 소모성 부품류 2,000천원 한도 * 국비/지방비 지원 금액 변동에 따라 지원 금액 변동 가능성 있음 ② 기술지도 (*신청 필수) 지원기관지원건수지원금액한국기계연구원5건최 || 200.0만원/subsidy/subtract: 000천원 한도 * 국비/지방비 지원 금액 변동에 따라 지원 금액 변동 가능성 있음 ② 기술지도 (*신청 필수) 지원기관지원건수지원금액한국기계연구원5건최대 2,000천원 (VAT포함) - 산업현장 맞춤형 애로기술을 해소하기 위한 전문가 발굴 및 매칭으로 신규 다이캐스팅 부품(기업)의 기술 다각화를 위한 기술지도 || None만원/support_ratio/ratio_cap: 2026년 자이언트캐스팅(다이캐스팅) 부품 시험ㆍ평가ㆍ인증 및 기술지도 지원 시행 공고(자이언트캐스팅 공용센터 기반구축 사업) 과학기술정보통신부 기업마당>정책정보>지원사업 공고 기업마당 본문 바로가기 주메뉴 바로가기 기업마당 > 정책정보 > 지원사업 공고 메뉴열기 로그인 정책정보 정책정보 지원사업 공고 품목별 법정의무 인증제도 행사정보 정책뉴스 입법·행정예고/고시 월간 중기누리 활용정보 활용",https://www.bizinfo.go.kr/sii/siia/selectSIIA200Detail.do?pblancId=PBLN_000000000121945
PBLN_000000000122359,[경북] 2026년 지역특화형(고도화) 스마트공장 구축사업 공고,중소벤처기업부,resolved_keep_old,기존값 유지,새 파싱값보다 기존값이 더 타당하다고 판정되어 업데이트하지 않음,업로드하면 오히려 검수된 기존 대표금액을 덮어쓸 위험,기존값을 보존. 필요하면 수기검수에서 keep_old로 확정,no_update_keep_existing,63740000.0,최대 6374억원,20000.0,support_amount,subtract,27,"25000.0만원/unknown/review: 칠곡1)◦(지원 조건)목표수준별 총 2.5억원 내에서 2회(1회차고도화→2회차동일수준)까지 지원하되 || 20000.0만원/support_amount/subtract: 총 2.5억원 내에서 2회(1회차고도화→2회차동일수준)까지 지원하되,회당 최대 2억원 한도,지원비율 50%이내에서 지원가능 * (예) 26년(목표수준 중간1, 고도화 || 15000.0만원/unknown/review: 고도화) 1.5억 → ‘27년 이후(목표수준 중간1 || 10000.0만원/support_amount/subtract: 동일수준) 1억 * 2회차 동일수준 지원은 1회차 고도화 사업 완료(성공 판정) 이후 지원 가능지원유형지원기간정부 지원한도지원 비율구축목표수준 || 20000.0만원/unknown/review: 고도화최대 9개월최대 2억원 이내(단 || ... 후보 22개 추가",https://www.bizinfo.go.kr/sii/siia/selectSIIA200Detail.do?pblancId=PBLN_000000000122359
PBLN_000000000122384,2026년 글로벌산업기술협력센터 사업(M.AX 분야 공동연구) 시행계획 공고,산업통상부,resolved_keep_old,기존값 유지,새 파싱값보다 기존값이 더 타당하다고 판정되어 업데이트하지 않음,업로드하면 오히려 검수된 기존 대표금액을 덮어쓸 위험,기존값을 보존. 필요하면 수기검수에서 keep_old로 확정,no_update_keep_existing,1000000.0,최대 100억원,200000.0,support_amount,subtract,15,200000.0만원/unknown/review: 한국산업기술진흥협회가 발급한 “기업부설연구소 인정서“를 보유하고 있는 국내 사업자 ☞ 글로벌 산학연 컨소시엄의 공동연구 과제 지원(20억원 내외/년) || 200000.0만원/total_support_scale/review: 기간구분지원규모지원기간글로벌산업기술협력센터공동R&D20억원 내외/년최대 5년(41개월+최대 19개월) || 200000.0만원/support_amount/subtract: 중대형(연간 20억 이내)신규과제 9개 이내 * 지원기간에 따른 계획 및 예산을 사업계획서에 포함하여 제출 || 200000.0만원/total_support_scale/review: 접수 및 선정평가 결과 등에 따라 지원과제수 등 지원 규모는 변경 가능-회계연도 일치 관련 유의 사항구분 안내정부지원연구개발비1차년도(‘26년)는 연간 과제당 지원규모의 5/12(예: 연간 20억과제 기준 8억원 이내)까지 지원2차년도 이후 연간 지원규모(20억원 이내)로 총 정부지원연구개발비 최대 100억원 지원연구개발 기간1차년도 5 || 80000.0만원/total_support_scale/review: 접수 및 선정평가 결과 등에 따라 지원과제수 등 지원 규모는 변경 가능-회계연도 일치 관련 유의 사항구분 안내정부지원연구개발비1차년도(‘26년)는 연간 과제당 지원규모의 5/12(예: 연간 20억과제 기준 8억원 이내)까지 지원2차년도 이후 연간 지원규모(20억원 이내)로 총 정부지원연구개발비 최대 100억원 지원연구개발 기간1차년도 5개월(‘26 || ... 후보 10개 추가,https://www.bizinfo.go.kr/sii/siia/selectSIIA200Detail.do?pblancId=PBLN_000000000122384
PBLN_000000000122492,[충남] 2026년 IP디딤돌 프로그램 창업자 후속지원 대상자 모집 공고,충청남도,resolved_keep_old,기존값 유지,새 파싱값보다 기존값이 더 타당하다고 판정되어 업데이트하지 않음,업로드하면 오히려 검수된 기존 대표금액을 덮어쓸 위험,기존값을 보존. 필요하면 수기검수에서 keep_old로 확정,no_update_keep_existing,900.0,최대 900만원,136.0,support_amount,subtract,7,"136.0만원/support_amount/subtract: VAT 포함) 지원건수자부담후속지원 특허망 구축(국내출원) 1,360,000원 이내1인 3건 이내20%(면제 불가)PCT 출원 (*VAT 제외) 2 || 260.0만원/unknown/review: 000원 이내1인 3건 이내20%(면제 불가)PCT 출원 (*VAT 제외) 2,600,000원 이내 1인 1건 이내신규 브랜드 개발14 || 1400.0만원/unknown/review: 000원 이내 1인 1건 이내신규 브랜드 개발14,000,000원 이내1인 1건 이내제품 디자인 개발16 || 1600.0만원/unknown/review: 000원 이내1인 1건 이내제품 디자인 개발16,000,000원 이내1인 1건 이내화상 디자인 개발 (GUI 중심) 6 || 600.0만원/unknown/review: 000원 이내1인 1건 이내화상 디자인 개발 (GUI 중심) 6,000,000원 이내1인 1건 이내화상 디자인 개발 (UX || ... 후보 2개 추가",https://www.bizinfo.go.kr/sii/siia/selectSIIA200Detail.do?pblancId=PBLN_000000000122492
PBLN_000000000122501,2026년 디지털기반 중소사업장 산재예방 기술개발 지원사업 시행계획 공고,중소벤처기업부,resolved_keep_old,기존값 유지,새 파싱값보다 기존값이 더 타당하다고 판정되어 업데이트하지 않음,업로드하면 오히려 검수된 기존 대표금액을 덮어쓸 위험,기존값을 보존. 필요하면 수기검수에서 keep_old로 확정,no_update_keep_existing,50000.0,최대 5억원,66000.0,support_amount,subtract,26,3000000.0만원/unknown/review: 8) 공사 금액이 300억 미만의 공사를 진행중이거나 진행 예정인 기업 - (위탁연구개발기관) 협약으로 정하는 바에 따라 주관연구개발기관으로부터 기술개발사업 과제의 일부 || 66000.0만원/support_amount/subtract: 6.6억원 이내 정부지원연구개발비 지원 || 3000.0만원/unknown/review: 연구자로서동시에수행할수있는국가연구개발사업과제는최대5개이내(이경우연구책임자과제수도포함)로함⑥부가세포함3천만원이상연구시설 || 3000.0만원/support_amount/subtract: 시스템 입력사항 3) 연구시설ㆍ장비 구축ㆍ운영계획(해당 시 작성합니다) (1) 연구시설ㆍ장비 구축계획(구축비용이 3천만원 이상인 경우에는 필수로 작성합니다)(단위: 천원)연구개발기관명연구시설ㆍ장비명현금/현물 구분구축방식*규격수량구축비용구축기간설치장소 * 개발 || 10000.0만원/unknown/review: -1억원이상의연구시설․장비의도입에관한사항은「과학기술기본법」제28조및「국가연구개발시설 || ... 후보 21개 추가,https://www.bizinfo.go.kr/sii/siia/selectSIIA200Detail.do?pblancId=PBLN_000000000122501
PBLN_000000000122968,2026년 2차 안전일터 조성지원 사업 수정 공고,고용노동부,resolved_keep_old,기존값 유지,새 파싱값보다 기존값이 더 타당하다고 판정되어 업데이트하지 않음,업로드하면 오히려 검수된 기존 대표금액을 덮어쓸 위험,기존값을 보존. 필요하면 수기검수에서 keep_old로 확정,no_update_keep_existing,3000.0,"최대 3,000만원",100000.0,support_amount,subtract,9,"500000.0만원/unknown/review: 지자체 고용노동부 사업수행기관 한국산업안전보건공단 신청기간 사업별 상이 사업개요 고용노동부와 한국산업안전보건공단은 기술ㆍ재정여력이 취약한 중소사업장과 공사금액 50억원 미만 소규모 건설현장의 사고사망 및 중상해재해를 예방하기 위해 「안전일터 조성지원 사업」 시행을 아래와 같이 수정(2차) 공고 합니다 || 500000.0만원/unknown/review: 재정여력이 취약한 중소사업장과 공사금액 50억원 미만 소규모 건설현장의 사고사망 및 중상해재해를 예방하기 위해 『안전일터 조성지원 사업』 시행을 아래와 같이 수정 공고합니다 || 3000.0만원/subsidy/subtract: 감독 또는 공단 및 민간위탁기관의 기술지원 등에 따라 개선해야 할 사항 중 보조금 지급 등을 통해 시급히 지원할 필요가 있다고 인정되는 사업장을 대상으로 절차 및 제출서류 등을 간소화하여 신속히 지원하는 제도 ㅇ (지원한도) 동일 사업주 또는 법인 당 최대 3,000만원까지 - 기존 보조지원을 받은 경우 || 1000.0만원/subsidy/subtract: 기 지원 보조금을 차감하여 지급 - 아래에 해당하는 경우 각 1천만원까지 추가지원 가능 ①고용증가 사업장(1명당 200만원 범위 || 200.0만원/subsidy/subtract: 기 지원 보조금을 차감하여 지급 - 아래에 해당하는 경우 각 1천만원까지 추가지원 가능 ①고용증가 사업장(1명당 200만원 범위 || ... 후보 4개 추가",https://www.bizinfo.go.kr/sii/siia/selectSIIA200Detail.do?pblancId=PBLN_000000000122968
PBLN_000000000122997,[강원] 횡성군 2026년 2차 지식재산 첫걸음 지원사업 참여기업 모집 공고,강원특별자치도,resolved_keep_old,기존값 유지,새 파싱값보다 기존값이 더 타당하다고 판정되어 업데이트하지 않음,업로드하면 오히려 검수된 기존 대표금액을 덮어쓸 위험,기존값을 보존. 필요하면 수기검수에서 keep_old로 확정,no_update_keep_existing,130.0,최대 130만원,1000.0,support_amount,subtract,31,"1000.0만원/support_amount/subtract: 현물 15%적용 3) 지원내용 및 규모 구분세부지원내용지원단가 (지원금)지원한도특허특허맵(일반) 10,000 천원 이내기업당2건 이내특허기술 홍보영상 제작 9 || 900.0만원/unknown/review: 000 천원 이내기업당2건 이내특허기술 홍보영상 제작 9,000 천원 이내디자인제품디자인개발18 || 1800.0만원/unknown/review: 000 천원 이내디자인제품디자인개발18,000 천원 이내포장디자인개발10 || 1000.0만원/unknown/review: 000 천원 이내포장디자인개발10,000 천원 이내 화상디자인개발 7 || 700.0만원/unknown/review: 000 천원 이내 화상디자인개발 7,000 천원 이내상표(브랜드) 신규브랜드개발16 || ... 후보 26개 추가",https://www.bizinfo.go.kr/sii/siia/selectSIIA200Detail.do?pblancId=PBLN_000000000122997
PBLN_000000000122998,[강원] 영월군 2026년 2차 지식재산 첫걸음 지원사업 참여기업 모집 공고,강원특별자치도,resolved_keep_old,기존값 유지,새 파싱값보다 기존값이 더 타당하다고 판정되어 업데이트하지 않음,업로드하면 오히려 검수된 기존 대표금액을 덮어쓸 위험,기존값을 보존. 필요하면 수기검수에서 keep_old로 확정,no_update_keep_existing,130.0,최대 130만원,1000.0,support_amount,subtract,31,"1000.0만원/support_amount/subtract: 현물 15% 적용 3) 지원내용 및 규모 氠瑢 구분 세부지원내용 지원단가 (지원금) 지원한도 특허 특허맵(일반) 10,000 천원 이내 기업당 2건 이내 특허기술 홍보영상 제작 9 || 900.0만원/unknown/review: 000 천원 이내 기업당 2건 이내 특허기술 홍보영상 제작 9,000 천원 이내 디자인 제품디자인개발 18 || 1800.0만원/unknown/review: 000 천원 이내 디자인 제품디자인개발 18,000 천원 이내 포장디자인개발 10 || 1000.0만원/unknown/review: 000 천원 이내 포장디자인개발 10,000 천원 이내 화상디자인개발 7 || 700.0만원/unknown/review: 000 천원 이내 화상디자인개발 7,000 천원 이내 상표 (브랜드) 신규브랜드개발 16 || ... 후보 26개 추가",https://www.bizinfo.go.kr/sii/siia/selectSIIA200Detail.do?pblancId=PBLN_000000000122998
PBLN_000000000123103,[전남광주] 로컬콘텐츠 기반 문화상품 개발 컨소시엄(공방&디자인기업) 모집 공고,전남광주통합특별시,resolved_keep_old,기존값 유지,새 파싱값보다 기존값이 더 타당하다고 판정되어 업데이트하지 않음,업로드하면 오히려 검수된 기존 대표금액을 덮어쓸 위험,기존값을 보존. 필요하면 수기검수에서 keep_old로 확정,no_update_keep_existing,1000.0,"최대 1,000만원",800.0,support_amount,subtract,3,"10.0만원/support_amount/subtract: 지역 고유 웰니스 자원 등을 활용한 소비자가 10만원 이하의 문화상품 개발 및 마케팅 지원 - 상품기획(디자인개발) || 800.0만원/support_amount/subtract: 지식재산권 출원 등 - (상품개발) 과제당 8000천원 - (마케팅) 제품촬영 및 상세페이지 제작 등 온라인 판로를 위한 마케팅 지원 사업신청 방법 이메일 접수(yujeong@gdc || 1000.0만원/total_project_cost/review: 일부 공정에 대해 외부 업체에 의뢰하여 제작하는 용역비 간접비: 상품 개발에 간접적으로 필요한 사업비로 총 사업비(10,000천원)의 10% 이내 편성 가능",https://www.bizinfo.go.kr/sii/siia/selectSIIA200Detail.do?pblancId=PBLN_000000000123103
PBLN_000000000123154,2026년 3차 조선해양산업기술개발사업 신규지원 대상과제 공고,산업통상부,resolved_keep_old,기존값 유지,새 파싱값보다 기존값이 더 타당하다고 판정되어 업데이트하지 않음,업로드하면 오히려 검수된 기존 대표금액을 덮어쓸 위험,기존값을 보존. 필요하면 수기검수에서 keep_old로 확정,no_update_keep_existing,297000.0,최대 29.7억원,4210000.0,support_amount,subtract,15,297000.0만원/support_amount/subtract: 2단계: 5~7차년도 개발기간 각 12개월) ㅇ 정부지원연구개발비 : ’26년 29.7억원 이내 (총 정부지원연구개발비 421억원 이내) ㅇ 주관연구개발기관 : 비영리기관 ㅇ 정부납부기술료 납부대상 여부 : 징수 관리번호 2026-3 || 4210000.0만원/support_amount/subtract: 7억원 이내 (총 정부지원연구개발비 421억원 이내) ㅇ 주관연구개발기관 : 비영리기관 ㅇ 정부납부기술료 납부대상 여부 : 징수 관리번호 2026-3차-AI완전자율운항-02 산업기술분류 중 || 1585000.0만원/total_support_scale/review: 연구개발비 지원 규모 및 기간세부사업명(내역사업명) 조선해양산업기술개발(AI완전자율운항선박기술개발)공고예산158.5억원신규 지원 연구개발과제12개지원규모연구개발과제별 특성에 따라 달리함(지원대상 사업 및 과제(RFP || 50000.0만원/unknown/review: 해당 기술분야에 대한 코드번호는 「산업기술혁신사업 공통 운영요령」 [별표1]을 참조 -8- * 기본채용 인원 : 전체 연구개발기간에 걸친 각 참여기업의 정부지원연구개발비 합계액(계획금액 기준)이 5억원 이상인 경우 청년인력은 1차년도에 1명 이상 배정하여야 하며 || 50000.0만원/unknown/review: 정부지원연구개발비 합계액이 5억원의 배수에 달할 때마다 해당 연도 말까지 채용하여야 할 인원을 1명씩 가산 예시) 연구개발기관 중 3개의 기업이 나누어 받는 총 정부지원연구개발 || ... 후보 10개 추가,https://www.bizinfo.go.kr/sii/siia/selectSIIA200Detail.do?pblancId=PBLN_000000000123154
PBLN_000000000123158,2026년 3차 친환경양식어업육성 사업대상자 모집 재공고(품종별산업화시설지원-친환경개체굴생산지원),해양수산부,resolved_keep_old,기존값 유지,새 파싱값보다 기존값이 더 타당하다고 판정되어 업데이트하지 않음,업로드하면 오히려 검수된 기존 대표금액을 덮어쓸 위험,기존값을 보존. 필요하면 수기검수에서 keep_old로 확정,no_update_keep_existing,100000.0,최대 10억원,350000.0,subsidy,subtract,18,"100000.0만원/subsidy/subtract: ☞「양식산업발전법」 제10조에 의한 패류 양식업면허 또는「양식산업발전법」제43조에 의한 허가를 받아 경영 중인 어가 -「농어업경영체 육성 및 지원에 관한 법률」제4조에 따른 어업경영정보가 등록되어 있어야 함 ☞ 시설 당 국비기준 최대 1,000백만원 지원 - 폐기물 발생 및 부표 사용량을 저감할 수 있는 친환경 개체굴 공동생산 시설 지원 사업신청 방법 방문 또는 우편 접수 - 접수처 : ( || 100000.0만원/subsidy/subtract: 지원한도액 기준 및 범위 ㅇ 지원한도: 국비기준 개소당 1,000백만원 이내 - 지원한도액을 초과하는 경우에는 사업자의 자부담으로 하며 || 5000.0만원/unknown/review: 중요재산 관리 ㅇ 중요재산 보고 및 공시 대상 중요재산명 재산가액 중요재산 구분 변동현황 공시 기간 친환경개체굴 생산시설 5천만원 미만 그 밖의 기계 || 5000.0만원/unknown/review: 장비 등 최초공시일로부터 10년 5천만원 이상 그 외 기계류 등 최초공시일로부터 15년 ㅇ 사후관리 기간 구분 내용연수 (준공일로부터) 처분제한기준 분류 대상 부동산 철근콘크리트조 건 || 5000.0만원/unknown/review: 대여 담보의 제공 그 외의 건축물 35년 고가 동산 (5천만원이상) 선박 || ... 후보 13개 추가",https://www.bizinfo.go.kr/sii/siia/selectSIIA200Detail.do?pblancId=PBLN_000000000123158
PBLN_000000000123188,[경북] 북부 2026년 3차 지식재산 긴급지원 사업 모집 공고,경상북도,resolved_keep_old,기존값 유지,새 파싱값보다 기존값이 더 타당하다고 판정되어 업데이트하지 않음,업로드하면 오히려 검수된 기존 대표금액을 덮어쓸 위험,기존값을 보존. 필요하면 수기검수에서 keep_old로 확정,no_update_keep_existing,420.0,최대 420만원,900.0,subsidy,subtract,39,"2000.0만원/consulting_fee/recommend_only: 봉화군) 소재 중소기업 (중소기업 기본법 제2조 및 동법 시행령 제3조에 의거) ☞ 기업 당 2,000만원 이내 지원 - 지식재산 전문가의 IP현안 진단을 통해 컨설턴트 직접컨설팅을 제공하고 || 2000.0만원/total_support_scale/review: 천재지변의 경우 일부 절차는 비대면으로 진행될 수 있음 □ 지원규모 o 기업 당 2,000만원 이내(지원금 합산 기준 || 900.0만원/subsidy/subtract: 해외출원비용 등을 지원 氠瑢 구분 세부 사업명 정부지원금 규모 분담금 특 허 특허기술홍보영상제작 9,000천원 이내 40% (현금20%+현물20%) 단 || 900.0만원/unknown/review: 여성기업의 경우 현금 10% + 현물 30% 적용 특허맵(국내) 9,000천원 이내 디자인 디자인맵(국내) 9 || 900.0만원/unknown/review: 000천원 이내 디자인 디자인맵(국내) 9,000천원 이내 제품디자인개발 16 || ... 후보 34개 추가",https://www.bizinfo.go.kr/sii/siia/selectSIIA200Detail.do?pblancId=PBLN_000000000123188
PBLN_000000000123205,[경기] 안양시 2026년 하반기 국내외 IP 출원 및 인증 지원사업 모집 공고,경기도,resolved_keep_old,기존값 유지,새 파싱값보다 기존값이 더 타당하다고 판정되어 업데이트하지 않음,업로드하면 오히려 검수된 기존 대표금액을 덮어쓸 위험,기존값을 보존. 필요하면 수기검수에서 keep_old로 확정,no_update_keep_existing,400.0,최대 400만원,2000000.0,support_amount,subtract,8,2000000.0만원/support_amount/subtract: 아래 요건을 모두 충족하는 기업 ① 소재지 : 안양시 소재 (본사 또는 공장) 중소ㆍ벤처기업 (사업자등록 기준) ② 매출액 : 재무제표 최근 3년 평균 매출액 200억 이하 (상장사ㆍ중견기업 제외) ☞ 국내외 IP 출원 소요비용의 80% 지원 || 0.1만원/fee/review: 상표의 경우 이미지 첨부 경쟁력 및 시장성 상품화 추진계획 출원에 따른 기대효과 소요비용 (VAT 제외) 천원 미만 절사 관 납 료 천원 컨설팅 수수료 천원 기 타1 천원 합 계 천원 氠瑢 [서식 제3호] 지원사업 신청서 (인증) 氠瑢 2026년도 국내외 IP 출원 및 인증 지원사업 (인증) 氠瑢 기업명 사업자등 || 2000000.0만원/revenue_condition/review: 벤처기업 (사업자등록 기준) ② [매출액] 재무제표 최근 3년 평균 매출액 200억 이하 (상장사 || 400.0만원/non_cash/recommend_only: 가능예시: 인증분야 내에서 ‘ISO 인증’1건만 지원 가능 ▶ 출원 완료 후 접수 (소요비용 기업 선납) 氠瑢 분 야 내 용 지원비율 지원한도(최대) 지원조건 IP (지식재산권) 해외특허 (개별국 및 PCT) 진흥원 80% 기업부담 20% 400만원/건 [선택1] 연간1건 국내특허 100만원/건 [선택2] 연간2건 실용신안 디자인 및 상표 진흥원 100% 30만원/건 (류 수 무관) ▶ 항 || 100.0만원/non_cash/recommend_only: 가능예시: 인증분야 내에서 ‘ISO 인증’1건만 지원 가능 ▶ 출원 완료 후 접수 (소요비용 기업 선납) 氠瑢 분 야 내 용 지원비율 지원한도(최대) 지원조건 IP (지식재산권) 해외특허 (개별국 및 PCT) 진흥원 80% 기업부담 20% 400만원/건 [선택1] 연간1건 국내특허 100만원/건 [선택2] 연간2건 실용신안 디자인 및 상표 진흥원 100% 30만원/건 (류 수 무관) ▶ 항목 || ... 후보 3개 추가,https://www.bizinfo.go.kr/sii/siia/selectSIIA200Detail.do?pblancId=PBLN_000000000123205
PBLN_000000000123210,2026년 2차 국가표준기술력향상사업 신규지원 대상과제 공고,산업통상부,resolved_keep_old,기존값 유지,새 파싱값보다 기존값이 더 타당하다고 판정되어 업데이트하지 않음,업로드하면 오히려 검수된 기존 대표금액을 덮어쓸 위험,기존값을 보존. 필요하면 수기검수에서 keep_old로 확정,no_update_keep_existing,7000.0,"최대 7,000만원",59850.0,support_amount,subtract,24,1000.0만원/support_amount/subtract: 2~4차년도:각12개월)ㅇ 정부지원연구개발비:’26년0.1억원이내(총정부지원연구개발비0 || 7000.0만원/support_amount/subtract: 1억원이내(총정부지원연구개발비0.7억원이내)ㅇ단계구분:1단계(1~2차년도) || 8550.0만원/support_amount/subtract: 2~4차년도:각12개월)ㅇ 정부지원연구개발비:’26년0.855억원이내(총정부지원연구개발비5 || 59850.0만원/support_amount/subtract: 855억원이내(총정부지원연구개발비5.985억원이내)ㅇ단계구분:1단계(1~2차년도) || 6000.0만원/support_amount/subtract: 2~5차년도:각12개월)ㅇ 정부지원연구개발비:’26년0.6억원이내(총정부지원연구개발비5 || ... 후보 19개 추가,https://www.bizinfo.go.kr/sii/siia/selectSIIA200Detail.do?pblancId=PBLN_000000000123210
PBLN_000000000123247,[경남] 고성군 2026년 3차 시군구연고산업육성사업 지원기업 모집 공고,중소벤처기업부,resolved_keep_old,기존값 유지,새 파싱값보다 기존값이 더 타당하다고 판정되어 업데이트하지 않음,업로드하면 오히려 검수된 기존 대표금액을 덮어쓸 위험,기존값을 보존. 필요하면 수기검수에서 keep_old로 확정,no_update_keep_existing,3630.0,"최대 3,630만원",2500.0,support_amount,subtract,17,500.0만원/consulting_fee/recommend_only: 스마트화를 위한 전문가 자문 및 컨설팅 비용 지원 생산성 향상 및 공정 혁신을 위한 전문가 자문 및 컨설팅 비용 지원 5백만원 10% 사업화 지원 시험 인증 지원 조선 기자재 각종 선급인증 || 1000.0만원/non_cash/recommend_only: 국제규격 취득 비용 지원 지원 조선업 기업 각종 인증 비용 지원 10백만원 10% 외국 인력 관련 지원 외국인 우수인력 채용 지원 외국인 기량 검증 및 인력(E7 비자) 채용을 위한 각종 경비 지원 및 현지 채용 면접 || 200.0만원/equipment_usage_fee/recommend_only: 국제규격 취득 비용 지원 지원 조선업 기업 각종 인증 비용 지원 10백만원 10% 외국 인력 관련 지원 외국인 우수인력 채용 지원 외국인 기량 검증 및 인력(E7 비자) 채용을 위한 각종 경비 지원 및 현지 채용 면접 참가 비용 지원 외국인(E7 비자) 채용 관련 기업체 인원 국외 출장비 및 체류비 지원 2백만원 10% 지침서 번역 지원 외국인 생산인력 신속 현장 적응 지원을 위한 지침서 || 150.0만원/unknown/review: 작업 효율성 향상을 위한 현장 안전판 설치 지원 1.5백만원 10% || 2500.0만원/support_amount/subtract: 기업 자부담 비율은 부가세 제외 금액에 대한 자부담 비율임 □ 지원방법 : ㅇ (지원 금액) 기업별 신청서 및 사업계획서에 따라 프로그램별 최대 지원금액 내 지원 * 지원 프로그램에 따라 지원 금액의 10% 기업 자부담 매칭 필수 * 예시 : 지원금 25백만원 + 기업부담금(10%) 2 || ... 후보 12개 추가,https://www.bizinfo.go.kr/sii/siia/selectSIIA200Detail.do?pblancId=PBLN_000000000123247
PBLN_000000000123261,[인천] 2026년 우수디자인 시제품개발지원사업 모집 공고,인천광역시,resolved_keep_old,기존값 유지,새 파싱값보다 기존값이 더 타당하다고 판정되어 업데이트하지 않음,업로드하면 오히려 검수된 기존 대표금액을 덮어쓸 위험,기존값을 보존. 필요하면 수기검수에서 keep_old로 확정,no_update_keep_existing,290.0,최대 290만원,2500.0,support_amount,subtract,11,"1500.0만원/unknown/review: (단위 : 원) 氠瑢 비 목 소요금액 비고 제 조 원 가 Ⓐ 재 료 비 15,000,000원 예) 금형벌수 : 총 3벌 (Left || 1000.0만원/unknown/review: Top Cover) Ⓑ 노 무 비 10,000,000원 Ⓒ 제조경비 1 || 100.0만원/unknown/review: 000원 Ⓒ 제조경비 1,000,000원 노무비의 10% || 165.0만원/unknown/review: 외주가공비 개발비 50% 이상 불가 Ⓔ 일반관리비 1,650,000원 제조원가 (Ⓐ+Ⓑ+Ⓒ+Ⓓ) 의 7% 이내 Ⓕ 제작기업 이윤 2 || 290.0만원/unknown/review: 000원 제조원가 (Ⓐ+Ⓑ+Ⓒ+Ⓓ) 의 7% 이내 Ⓕ 제작기업 이윤 2,900,000원 (Ⓑ노무비 + Ⓒ경비 + Ⓔ관리비) 의 25% 이내 총 계 예) 31 || ... 후보 6개 추가",https://www.bizinfo.go.kr/sii/siia/selectSIIA200Detail.do?pblancId=PBLN_000000000123261
PBLN_000000000123371,[경남] 사천시ㆍ진주시 2026년 2차 우주ㆍ항공 제조기업 대상 DX 기반 품질ㆍ공정 개선 및 생산성 향상을 위한 무료 컨설팅 및 전문인력양성 지원사업 공고,산업통상부,resolved_keep_old,기존값 유지,새 파싱값보다 기존값이 더 타당하다고 판정되어 업데이트하지 않음,업로드하면 오히려 검수된 기존 대표금액을 덮어쓸 위험,기존값을 보존. 필요하면 수기검수에서 keep_old로 확정,no_update_keep_existing,1500.0,"최대 1,500만원",700.0,support_amount,subtract,9,"1500.0만원/consulting_fee/recommend_only: 중견 제조기업 대상 제조 공정 전주기* 디지털 전환(DX) 컨설팅 지원 - 기업당 제조 공정 전주기 분야별 최대 2회 지원 가능(예산 소진 시 마감) - 최대 1,500만원 지원(컨설팅 자문료 및 재료비) 氠瑢 구분 컨설팅 지원 내용 컨설팅 지원 (최대 3개월) 지원 내용 (예시) 공정 병목 및 불량 원인 분석 검 || 300.0만원/consulting_fee/recommend_only: 학사 학위 이상 및 DX 관련 컨설팅 경력 보유자 지원 예산 전문가 자문료 최대 300만원 지원 || 50.0만원/non_cash/recommend_only: 자문 50만원/회 * 6회 (경력에 따른 차등 지급) || 500.0만원/support_amount/subtract: 한국전자기술연구원 보유 인력 활용 및 기술지원 가능 지원 예산 재료비 최대 500만원 지원 || 700.0만원/support_amount/subtract: 일부 우수 성과 도출 기업에 한해 재료비 최대 700만원 추가 지원 (예산 소진 시 조기 마감) || ... 후보 4개 추가",https://www.bizinfo.go.kr/sii/siia/selectSIIA200Detail.do?pblancId=PBLN_000000000123371
PBLN_000000000123421,"2026년 중소기업기술혁신개발사업 글로벌선도기술개발(함께달리기, 이어달리기) 시행계획 공고",중소벤처기업부,resolved_keep_old,기존값 유지,새 파싱값보다 기존값이 더 타당하다고 판정되어 업데이트하지 않음,업로드하면 오히려 검수된 기존 대표금액을 덮어쓸 위험,기존값을 보존. 필요하면 수기검수에서 keep_old로 확정,no_update_keep_existing,100000.0,최대 10억원,50000.0,support_amount,subtract,30,"200000.0만원/unknown/review: 20억원) 해외진출 경쟁형 전략형 소부장 시장확대형 (3년 || 360000.0만원/unknown/review: 36억원) 민간투자연계 전략기술테마별프로젝트 전략형 시장대응형 (2년 || 50000.0만원/loan/exclude: 5억원) 일반 융자연계형 소부장 구조혁신 내역사업 내내역사업 글로벌선도 기술개발 수출지향형 (2년 || 100000.0만원/unknown/review: 계형 소부장 구조혁신 내역사업 내내역사업 글로벌선도 기술개발 수출지향형 (2년, 10억원) 글로벌협력형 (5년, 25억원) 중소기업 유망기술개발 국가전략기술 도메인특화 || 250000.0만원/unknown/review: 25억원) 중소기업 유망기술개발 국가전략기술 도메인특화 AI (2년 || ... 후보 25개 추가",https://www.bizinfo.go.kr/sii/siia/selectSIIA200Detail.do?pblancId=PBLN_000000000123421
PBLN_000000000123459,[경북] 2026년 4차 푸드테크 스마트 제조 기반 구축 사업 재공고,경상북도,resolved_keep_old,기존값 유지,새 파싱값보다 기존값이 더 타당하다고 판정되어 업데이트하지 않음,업로드하면 오히려 검수된 기존 대표금액을 덮어쓸 위험,기존값을 보존. 필요하면 수기검수에서 keep_old로 확정,no_update_keep_existing,4500.0,"최대 4,500만원",80000.0,loan,exclude,13,"80000.0만원/loan/exclude: 체 등 생산설비에 소요되는 자금 장기저리, 융자 지원 * 금리 2.5%(변동), 8억원(시설)/3년거치, 5년 균등분할 * 사업장 신축 및 부지매입비, 공장매입비, 사 || 400.0만원/unknown/review: 시제품/포장재(파우치/박스/스티커) 제작 - 최대 4백만원 || 400.0만원/non_cash/recommend_only: 수출 적합성 검토 인증비용 - 최대 4백만원 || 1200000.0만원/revenue_condition/review: 식료품 제조업 C10 평균매출액등 120억원 이하 2 || 800000.0만원/revenue_condition/review: 임업 및 어업 A 평균매출액등 80억원 이하 19 || ... 후보 8개 추가",https://www.bizinfo.go.kr/sii/siia/selectSIIA200Detail.do?pblancId=PBLN_000000000123459
PBLN_000000000123468,2026년 에너지신산업 개방형 혁신생태계 OpenLAB 조성사업 기업지원사업 수혜기업모집 공고,산업통상부,resolved_keep_old,기존값 유지,새 파싱값보다 기존값이 더 타당하다고 판정되어 업데이트하지 않음,업로드하면 오히려 검수된 기존 대표금액을 덮어쓸 위험,기존값을 보존. 필요하면 수기검수에서 keep_old로 확정,no_update_keep_existing,8700.0,"최대 8,700만원",3000.0,support_amount,subtract,17,"0.0만원/total_project_cost/review: 빨강 글씨) 삭제 후 제출) 氠瑢 지원제품명 (기술명) 총사업비 (VAT별도) 사업비 000 백만원 ( 지원금액 000백만원 || 0.0만원/total_project_cost/review: 빨강 글씨) 삭제 후 제출) 氠瑢 지원제품명 (기술명) 총사업비 (VAT별도) 사업비 000 백만원 ( 지원금액 000백만원 || 0.0만원/self_funding/review: 민간부담금 000백만원) 지원이 필요한 이유 □ 사업 추진배경 및 목적 - 본 지원사업의 추진배경 및 달성하고자 하는 목표 □ 기술시장현황 ㅇ 제품(기술) 국내외 기 || 2000.0만원/unknown/review: 비교견적서 필요 - (예시) OOO 시제품 제작 20,000천원(단순한 항목의 견적서 제출 X) 지원받은 후 계획 및 활용방안 (기대효과) □ 활용방안 - 본 사업의 수행결과로 얻어진 결과물 등을 활용한 향 || 370000.0만원/unknown/review: ㅇ 국외 시장 동향 - 글로벌 배터리 열관리 시스템 시장은 2024년 약 37억 달러에서 2034년 약 116억 달러 로 성장할 것으로 전망될 만큼 빠른 확장세를 보이고 있음 || ... 후보 12개 추가",https://www.bizinfo.go.kr/sii/siia/selectSIIA200Detail.do?pblancId=PBLN_000000000123468
PBLN_000000000123512,[경북] 2026년 지역 연계 미드폼 제작지원 사업 공고(경북콘텐츠코리아랩 운영사업),경상북도,resolved_keep_old,기존값 유지,새 파싱값보다 기존값이 더 타당하다고 판정되어 업데이트하지 않음,업로드하면 오히려 검수된 기존 대표금액을 덮어쓸 위험,기존값을 보존. 필요하면 수기검수에서 keep_old로 확정,no_update_keep_existing,1000.0,"최대 1,000만원",18800.0,support_amount,subtract,13,"3000.0만원/unknown/review: 11월 30,000,000원 한국콘텐츠 진흥원 드라마제작지원 2024 || 10000.0만원/unknown/review: 12월 100,000,000원 - 최근 3년간 자체 제작실적(2023~2025년) 氠瑢 콘텐츠(작품)명 방영채널(플랫폼) 주요 성과 (방영 || 18800.0만원/support_amount/subtract: 각 편의 주요 내용 및 전개가 포함되도록 작성 氠瑢 慤桥 지역 연계 미드폼 제작지원 지원금 활용계획서 [서식 3] 지원금 활용계획서 氠瑢 총 지원금 188,000,000원 氠瑢 비목 세목 세세목 비율 집 행 목 적 산 출 내 역 금액(원) 인건비 보수 보수 7 || 400.0만원/unknown/review: 4% 과제책임자(정규직) 보수 4,000,000원 × 50% × 4개월 8 || 300.0만원/unknown/review: 000 메인작가(계약직) 보수 3,000,000원 × 100% × 3개월 9 || ... 후보 8개 추가",https://www.bizinfo.go.kr/sii/siia/selectSIIA200Detail.do?pblancId=PBLN_000000000123512
PBLN_000000000123520,[제주] 2026년 2차 지역기업 성장사다리 지원사업 공고,중소벤처기업부,resolved_keep_old,기존값 유지,새 파싱값보다 기존값이 더 타당하다고 판정되어 업데이트하지 않음,업로드하면 오히려 검수된 기존 대표금액을 덮어쓸 위험,기존값을 보존. 필요하면 수기검수에서 keep_old로 확정,no_update_keep_existing,5000.0,"최대 5,000만원",600000.0,support_amount,subtract,7,"12000.0만원/total_support_scale/review: 제주테크노파크원장 지원개요◦(지원규모)총 약 1.2억원◦(지원대상 및 프로그램) 총 2개 지원 프로그램 || 5000.0만원/support_amount/subtract: 기업당최대총50,000천원규모안에지원프로그램중복신청가능 || 1120.4만원/consulting_fee/recommend_only: 컨설팅*전 분야 AI활용 가능 1개사내외협약일~11.2040백만원붙임참조지역스타기업지원2개사내외 || 4000.0만원/unknown/review: 사업비 내 집행)ex) 지원금이 40,000천원일 경우 예시 || 4.0만원/total_project_cost/review: 40천원 (단위: 천원)지원금기업부담금총 사업비(지원금+기업부담금)의 부가세A B A+BC40 || ... 후보 2개 추가",https://www.bizinfo.go.kr/sii/siia/selectSIIA200Detail.do?pblancId=PBLN_000000000123520
PBLN_000000000123549,[경기] 용인시 제2차 반도체기업 기술보호 지원사업 모집 공고,경기도,resolved_keep_old,기존값 유지,새 파싱값보다 기존값이 더 타당하다고 판정되어 업데이트하지 않음,업로드하면 오히려 검수된 기존 대표금액을 덮어쓸 위험,기존값을 보존. 필요하면 수기검수에서 keep_old로 확정,no_update_keep_existing,2000.0,"최대 2,000만원",3000.0,support_amount,subtract,5,2000.0만원/unknown/review: 해당 사업목록은 신규사업 신설 및 기존사업 변경 등에 따라 변경될 수 있음 - 2천만 원 이상 사업을 지원받은 경우 || 2000.0만원/support_amount/subtract: 2천만 원 이상 사업에 추가 지원 불가 (빨간색 표기) ex) A사업 선정(지원금 2천만원) → B사업(지원금 3천만원) 신청 불가 || 2000.0만원/support_amount/subtract: 2천만 원 이상 사업에 추가 지원 불가 (빨간색 표기) ex) A사업 선정(지원금 2천만원) → B사업(지원금 3천만원) 신청 불가 || 3000.0만원/support_amount/subtract: 2천만 원 이상 사업에 추가 지원 불가 (빨간색 표기) ex) A사업 선정(지원금 2천만원) → B사업(지원금 3천만원) 신청 불가 || 500.0만원/support_amount/subtract: C사업(지원금 5백만원) 신청 가능 - 당해연도 기준 동일 사업에 1회만 수혜 가능 ex) 상반기 A사업 선정 → 하반기 A사업 신청 불가,https://www.bizinfo.go.kr/sii/siia/selectSIIA200Detail.do?pblancId=PBLN_000000000123549
PBLN_000000000123622,[전북] 2026년 전주1인창조기업지원센터 선택형 지원사업 공고,전북특별자치도,resolved_keep_old,기존값 유지,새 파싱값보다 기존값이 더 타당하다고 판정되어 업데이트하지 않음,업로드하면 오히려 검수된 기존 대표금액을 덮어쓸 위험,기존값을 보존. 필요하면 수기검수에서 keep_old로 확정,no_update_keep_existing,400.0,최대 400만원,500.0,support_amount,subtract,17,500.0만원/support_amount/subtract: 졸업기업은 [지식재산권획득] 분야만 신청 가능 ☞ 총 11개 과제 내외 사업화 지원금 입주기업 당 최대 5백만원 - 졸업기업 [지식재산권획득] 분야 최대 1백만원 || 100.0만원/support_amount/subtract: 졸업기업은 [지식재산권획득] 분야만 신청 가능 ☞ 총 11개 과제 내외 사업화 지원금 입주기업 당 최대 5백만원 - 졸업기업 [지식재산권획득] 분야 최대 1백만원 || 400.0만원/support_amount/subtract: 00 홈페이지 신청 내용 시제품제작(최대 4백만원) 牭景 신규 시제품 제작 牭景 기존 제품 고도화 제작 마케팅지원(최대 4백만원) 牭景 CI || 400.0만원/support_amount/subtract: 00 홈페이지 신청 내용 시제품제작(최대 4백만원) 牭景 신규 시제품 제작 牭景 기존 제품 고도화 제작 마케팅지원(최대 4백만원) 牭景 CI || 100.0만원/unknown/review: 홈페이지 제작 등 지식재산권획득(최대 1백만원) 牭景 특허 || ... 후보 12개 추가,https://www.bizinfo.go.kr/sii/siia/selectSIIA200Detail.do?pblancId=PBLN_000000000123622
PBLN_000000000123644,[전북] 2026년 3차 데이터 활용기업 맞춤형 지원사업 수요기업 모집 연장 공고,전북특별자치도,resolved_keep_old,기존값 유지,새 파싱값보다 기존값이 더 타당하다고 판정되어 업데이트하지 않음,업로드하면 오히려 검수된 기존 대표금액을 덮어쓸 위험,기존값을 보존. 필요하면 수기검수에서 keep_old로 확정,no_update_keep_existing,600.0,최대 600만원,10000.0,subsidy,subtract,27,"600.0만원/support_amount/subtract: 1인 창조기업 ☞ 데이터 활용이 필요한 도내 기업 대상 새로운 서비스ㆍ제품 개발을 위한 데이터 구매 비용 지원(기업당 6백만원 이내) || 1200.0만원/total_support_scale/review: 제품 개발을 위한 데이터 구매 비용 지원 총2개社 □ 지원규모 : 총12,000천원 □ 지원대상 : 데이터 구매 및 가공 지원을 통한 신규 비즈니스 모델 또는 서비스를 창출하고 기업 경쟁력 강화를 도모할 수 있는 도내 중소‧벤 || 600.0만원/unknown/review: (5개월) 기업당6백만원 이내2개社 ❍ (수요-공급기업 매칭) 수요기업과 공급기업 매칭을 통한 세부 사업계획 고도화 - “전북특별자치도 데이터 판매‧가공 공급기업 리스 || 10000.0만원/subsidy/subtract: 부정한 방법으로 보조금을 지원 받은 경우 10년 이하의 징역 또는 1억원 이하의 벌금이 부과될 수 있음 ❍ 부정사용금액을 포함하여 별도 제재부가금이 부과될 수 있으며 || 5000.0만원/unknown/review: 사업수행 경험 등과 관련하여 신청내용 중 허위사실이 있고 해당 허위내용 기재의 고의성이 드러난 경우ㅇ 동일하거나 유사한 과업내용으로 타 정부과제를 수행했거나 수행 중인 사실이 확인된 경우ㅇ 각종 보고서 제출 등 의무사항을 불이행하고 있는 경우 제재조치를 취할 수 있음 ❍ 결과평가 시 “미흡” 또는 “매우미흡*”으로 평가된 과제는 심의에 따라 참여제한 및 사업비환수 등 제재조치를 취할 수 있음 || ... 후보 22개 추가",https://www.bizinfo.go.kr/sii/siia/selectSIIA200Detail.do?pblancId=PBLN_000000000123644
PBLN_000000000123659,[경북] 2026년 3차 지역기업 성장사다리 지원사업 통합 추가 공고,중소벤처기업부,resolved_keep_old,기존값 유지,새 파싱값보다 기존값이 더 타당하다고 판정되어 업데이트하지 않음,업로드하면 오히려 검수된 기존 대표금액을 덮어쓸 위험,기존값을 보존. 필요하면 수기검수에서 keep_old로 확정,no_update_keep_existing,4500.0,"최대 4,500만원",1500.0,support_amount,subtract,9,"1500.0만원/unknown/review: 경북지역 주력산업 분야(KSIC코드 첨부 必)를 영위하는 중소기업 ☞ 초기ㆍ잠재기업(최대 15,000천원) || 1500.0만원/support_amount/subtract: R&D연계기업(최대 15,000천원) 지원 - 기술혁신 || 2000.0만원/self_funding/review: 지원금이2,000만원이라면기업부담금은200만원이상이필수이며 || 200.0만원/self_funding/review: 000만원이라면기업부담금은200만원이상이필수이며 || 600000.0만원/revenue_condition/review: 잠재기업프로그램은어떤기업이신청할수있나요？A5-1ü2025년매출액60억미만이며본사기준경북지역에소재하면지원가능합니다 || ... 후보 4개 추가",https://www.bizinfo.go.kr/sii/siia/selectSIIA200Detail.do?pblancId=PBLN_000000000123659
PBLN_000000000123764,AI융합 의료기기 신뢰성 강화 및 성능 평가ㆍ실증 사업 수혜기업 모집 공고,산업통상부,resolved_keep_old,기존값 유지,새 파싱값보다 기존값이 더 타당하다고 판정되어 업데이트하지 않음,업로드하면 오히려 검수된 기존 대표금액을 덮어쓸 위험,기존값을 보존. 필요하면 수기검수에서 keep_old로 확정,no_update_keep_existing,2280.0,"최대 2,280만원",960.0,non_cash,recommend_only,6,"1000.0만원/total_project_cost/review: FDA 등 기술문서 제출에 즉시 활용 가능한 결과보고서 및 성적서 발행- 지원기관 : (재)한국AI의료헬스케어연구원- 총 사업비 및 지원 기간 정부지원금민간부담금(20%)총 사업비(VAT별도) 지원 기간최대 10,000천원정부지원금의 20%12 || 1200.0만원/unknown/review: 000천원정부지원금의 20%12,000천원협약일 ~10월 말 ② 성능평가 (5건) - 데이터 기반 알고리즘 || 800.0만원/total_project_cost/review: FDA 등 기술문서 제출에 즉시 활용 가능한 결과보고서 및 성적서 발행- 지원기관 : (재)한국AI의료헬스케어연구원- 총사업비 및 지원 기간 정부지원금민간부담금(20%)총 사업비(VAT별도) 지원 기간최대 8,000천원정부지원금의 20%9 || 960.0만원/non_cash/recommend_only: 000천원정부지원금의 20%9,600천원협약일 ~10월 말 ③ 임상 설계 (1건) - 임상시험계획서 작성 컨설팅 || 1900.0만원/total_project_cost/review: 비용효과성(문헌조사기반) 분석- 지원기관 : (재)충북테크노파크- 총 사업비 및 지원 기간 정부지원금민간부담금(20%)총사업비(VAT별도) 지원 기간최대 19,000천원정부지원금의 20%22 || ... 후보 1개 추가",https://www.bizinfo.go.kr/sii/siia/selectSIIA200Detail.do?pblancId=PBLN_000000000123764
PBLN_000000000123782,[충남] 2026년 콘텐츠코리아랩 미드폼 영상콘텐츠 제작 지원사업 모집 공고,충청남도,resolved_keep_old,기존값 유지,새 파싱값보다 기존값이 더 타당하다고 판정되어 업데이트하지 않음,업로드하면 오히려 검수된 기존 대표금액을 덮어쓸 위험,기존값을 보존. 필요하면 수기검수에서 keep_old로 확정,no_update_keep_existing,17500.0,최대 1.8억원,50000.0,support_amount,subtract,19,"4500.0만원/support_amount/subtract: 최종 선정팀은 협약 종료 시점까지 충청남도 내 사업장(본사)을 유지하여야 함 ② 국세 및 지방세 체납 사실이 없는 자 ③ 정부지원사업 참여제한 등의 제재조치를 받고 있지 않은 자 ☞ 공포 장르 과제당 4,500만원 || 4250.0만원/support_amount/subtract: 자유 장르 과제당 4,250만원 지원 || 10000.0만원/unknown/review: 4월 ~ 12월 100,000,000원 氠瑢 과제개요 가 || 4950.0만원/total_project_cost/review: 후속 사업화 계획 등 자유 작성 氠瑢 ㅇ - ㅇ - ㅇ - 氠瑢 사업비 편성 氠瑢 총사업비(A+B) 49,500,000원 지원금(A) 45 || 4500.0만원/self_funding/review: 000원 지원금(A) 45,000,000원 자기부담금(B) 4 || ... 후보 14개 추가",https://www.bizinfo.go.kr/sii/siia/selectSIIA200Detail.do?pblancId=PBLN_000000000123782
SMARTFACTORY:2025-N-0203:1,2026년도 자율형공장 구축 지원사업(컨소시엄신청),스마트공장 사업관리시스템,resolved_keep_old,기존값 유지,새 파싱값보다 기존값이 더 타당하다고 판정되어 업데이트하지 않음,업로드하면 오히려 검수된 기존 대표금액을 덮어쓸 위험,기존값을 보존. 필요하면 수기검수에서 keep_old로 확정,no_update_keep_existing,2000.0,최대 50% 지원,60000.0,support_amount,subtract,28,5.0만원/fee/review: □사업비 편성 관련 필수계상 사업비 기타비용 항목에 필수 편성하며 미편성할 경우 총사업비와 별개로 도입기업 부담 정산 수수료 지정 회계법인의 사업비 상시모니터링 및 정산을 위한 수수료 필수 편성차년도 총사업비 규모 표준수수료 공급가액 기준( ) 비고 백만원 이하50 천원455 부가세 제외백만원 이하200 천원 637 백만원 이하400 천원 910 백만원 초과400 천원 1 || 20.0만원/fee/review: □사업비 편성 관련 필수계상 사업비 기타비용 항목에 필수 편성하며 미편성할 경우 총사업비와 별개로 도입기업 부담 정산 수수료 지정 회계법인의 사업비 상시모니터링 및 정산을 위한 수수료 필수 편성차년도 총사업비 규모 표준수수료 공급가액 기준( ) 비고 백만원 이하50 천원455 부가세 제외백만원 이하200 천원 637 백만원 이하400 천원 910 백만원 초과400 천원 1 || 63700.0만원/fee/review: □사업비 편성 관련 필수계상 사업비 기타비용 항목에 필수 편성하며 미편성할 경우 총사업비와 별개로 도입기업 부담 정산 수수료 지정 회계법인의 사업비 상시모니터링 및 정산을 위한 수수료 필수 편성차년도 총사업비 규모 표준수수료 공급가액 기준( ) 비고 백만원 이하50 천원455 부가세 제외백만원 이하200 천원 637 백만원 이하400 천원 910 백만원 초과400 천원 1 || 40.0만원/fee/review: □사업비 편성 관련 필수계상 사업비 기타비용 항목에 필수 편성하며 미편성할 경우 총사업비와 별개로 도입기업 부담 정산 수수료 지정 회계법인의 사업비 상시모니터링 및 정산을 위한 수수료 필수 편성차년도 총사업비 규모 표준수수료 공급가액 기준( ) 비고 백만원 이하50 천원455 부가세 제외백만원 이하200 천원 637 백만원 이하400 천원 910 백만원 초과400 천원 1 || 91000.0만원/fee/review: □사업비 편성 관련 필수계상 사업비 기타비용 항목에 필수 편성하며 미편성할 경우 총사업비와 별개로 도입기업 부담 정산 수수료 지정 회계법인의 사업비 상시모니터링 및 정산을 위한 수수료 필수 편성차년도 총사업비 규모 표준수수료 공급가액 기준( ) 비고 백만원 이하50 천원455 부가세 제외백만원 이하200 천원 637 백만원 이하400 천원 910 백만원 초과400 천원 1 || ... 후보 23개 추가,https://www.smart-factory.kr/usr/bg/ba/ma/bsnsPbancDtl?pbancId=2025-N-0203&pbancSn=1
SMARTFACTORY:2026-N-0105:1,2026년도 강원 지역특화형(바이오헬스·식품) 스마트공장 구축사업(동일수준) 공고,스마트공장 사업관리시스템,resolved_keep_old,기존값 유지,새 파싱값보다 기존값이 더 타당하다고 판정되어 업데이트하지 않음,업로드하면 오히려 검수된 기존 대표금액을 덮어쓸 위험,기존값을 보존. 필요하면 수기검수에서 keep_old로 확정,no_update_keep_existing,25000.0,최대 2.5억원,20000.0,support_amount,subtract,15,"25000.0만원/unknown/review: 기초 10) ◦ (지원 조건) - 고도화: 목표수준별 총 2.5억원 내에서 2회( 1회차 고도화→ 2회차 동일수준) 까지 지원 하되 || 20000.0만원/support_amount/subtract: 원 내에서 2회( 1회차 고도화→ 2회차 동일수준) 까지 지원 하되, 회당 최대 2억원 한도, 지원비율 50% 이내에서 지원 가능 * 단, 공고일 전에 스마트공장 구축 || 5000.0만원/support_amount/subtract: 통해 “고도화” 지원받은 기업이 ‘26년도 “동일수준” 신청시, 기존처럼 최대 0.5억원, 6개월 이내 지원 가능(동일수준 지원은 목표수준별 1회만 지원 가능) - 기초 || 8000.0만원/support_amount/subtract: 6개월 이내 지원 가능(동일수준 지원은 목표수준별 1회만 지원 가능) - 기초: 신규 구축 및 동일 수준 0.8 억원 이내(지원 비율 80% 이내) 지원유형 지원기간 정부 지원한도 지원 비율 구축목표수준 || 20000.0만원/unknown/review: 고도화 최대 9개월 최대 2.0억원 이내 (단 || ... 후보 10개 추가",https://www.smart-factory.kr/usr/bg/ba/ma/bsnsPbancDtl?pbancId=2026-N-0105&pbancSn=1
TECHNOPARK:1500,"(2026-130호) 2026년도 지역주력산업육성(지역특화 프로젝트 레전드 50+) 지원모집 2차 공고 (강원 2.0, 퀀텀점프)",강원테크노파크,resolved_keep_old,기존값 유지,새 파싱값보다 기존값이 더 타당하다고 판정되어 업데이트하지 않음,업로드하면 오히려 검수된 기존 대표금액을 덮어쓸 위험,기존값을 보존. 필요하면 수기검수에서 keep_old로 확정,no_update_keep_existing,1000.0,"10,000천원",2000.0,support_amount,subtract,12,"35000.0만원/total_support_scale/review: (재)강원테크노파크원장 灳瑣 지원개요 ◦ (지원규모) 총 350,000천원(국비) - 1차 223 || 22300.0만원/unknown/review: 000천원(국비) - 1차 223,000천원 || 12700.0만원/unknown/review: / 2차 127,000천원 ◦ (프로그램 및 내용) 총 11개 지원프로그램 || 1000.0만원/unknown/review: 전략보고서 도출 등 5개월 10,000천원 기술해결 (기술이전/ 기술지도) || 1000.0만원/unknown/review: 목표기술 개발을 위한 기획지원 5개월 10,000천원 장비지원 || ... 후보 7개 추가",https://www.gwtp.or.kr/gwtp/bbsNew_view.php?bbs_data=aWR4PTMxNjgmc3RhcnRQYWdlPSZsaXN0Tm89JnRhYmxlPWNzX2Jic19kYXRhX25ldyZjb2RlPXN1YjAxYiZzZWFyY2hfaXRlbT0mc2VhcmNoX29yZGVyPSZ1cmw9c3ViMDFiJmtleXZhbHVlPXN1YjAxJmJic19tYWxuYW1lPQ==||
TECHNOPARK:793,[강원테크노파크 공고 제 2026-101호] 2026년도 강원 지역특화형(바이오헬스·식품) 스마트공장 구축사업 공고,강원테크노파크,resolved_keep_old,기존값 유지,새 파싱값보다 기존값이 더 타당하다고 판정되어 업데이트하지 않음,업로드하면 오히려 검수된 기존 대표금액을 덮어쓸 위험,기존값을 보존. 필요하면 수기검수에서 keep_old로 확정,no_update_keep_existing,25000.0,최대 2.5억원,20000.0,support_amount,subtract,22,"20000.0만원/unknown/review: 고도화 최대 9 개월 최대 2.0 억원 이내 ( 단 || 25000.0만원/unknown/review: 수준별 2.5 억원 한도 ) 50% 이내 중간 1 이상 목표설정 필수 고도화 ( 동일수준 ) 기초 최대 9 개월 최대 0 || 8000.0만원/unknown/review: 5 억원 한도 ) 50% 이내 중간 1 이상 목표설정 필수 고도화 ( 동일수준 ) 기초 최대 9 개월 최대 0.8 억원 이내 80% 이내 기초 이상 기초 ( 동일수준 ) || 25000.0만원/unknown/review: 기초 10)◦(지원 조건)-고도화:목표수준별 총 2.5억원 내에서 2회(1회차고도화→2회차동일수준)까지 지원하되 || 20000.0만원/support_amount/subtract: 총 2.5억원 내에서 2회(1회차고도화→2회차동일수준)까지 지원하되,회당 최대 2억원 한도,지원비율 50%이내에서 지원가능*단,공고일 전에 스마트공장 구축사업을 통해 || ... 후보 17개 추가",https://www.gwtp.or.kr/gwtp/bbsNew_view.php?bbs_data=aWR4PTMwNjYmc3RhcnRQYWdlPSZsaXN0Tm89JnRhYmxlPWNzX2Jic19kYXRhX25ldyZjb2RlPXN1YjAxYiZzZWFyY2hfaXRlbT0mc2VhcmNoX29yZGVyPSZ1cmw9c3ViMDFiJmtleXZhbHVlPXN1YjAxJmJic19tYWxuYW1lPQ==||
TECHNOPARK:872,2026년 충남 정보보호 우수사례 지원사업 수혜기업 모집,충남테크노파크,resolved_keep_old,기존값 유지,새 파싱값보다 기존값이 더 타당하다고 판정되어 업데이트하지 않음,업로드하면 오히려 검수된 기존 대표금액을 덮어쓸 위험,기존값을 보존. 필요하면 수기검수에서 keep_old로 확정,no_update_keep_existing,750.0,최대 750만원,0.0,support_amount,subtract,7,"750.0만원/consulting_fee/recommend_only: (구축) 정보보호 컨설팅에 기반한 보안솔루션 및 SECaaS 활용 시스템 구축구분총 지원비구축기업 부담금(예시-컨설팅 7,500천원)현금 10%부가세 10%계컨설팅 || 3000.0만원/unknown/review: 보안솔루션 및 SECaaS30,000천원2 || 225.0만원/consulting_fee/recommend_only: 0천원)현금 10%부가세 10%계컨설팅, 보안솔루션 및 SECaaS30,000천원2,250천원3,225천원5,475천원 * 실제 지원 내용은 상기 사업비 범위 내에서 사업 유 || 322.5만원/consulting_fee/recommend_only: 10%부가세 10%계컨설팅, 보안솔루션 및 SECaaS30,000천원2,250천원3,225천원5,475천원 * 실제 지원 내용은 상기 사업비 범위 내에서 사업 유형별로 조정 || 547.5만원/consulting_fee/recommend_only: 225천원5,475천원 * 실제 지원 내용은 상기 사업비 범위 내에서 사업 유형별로 조정 가능 * 현금 부담은 컨설팅 비용을 제외한 지원금의 10% 이상으로 함 - || ... 후보 2개 추가",https://www.ctp.or.kr/business/datadetail.do?seq=2709231
PBLN_000000000116853,2026년 기업훈련 탄력운영제 참여기업 모집 공고,고용노동부,selected_candidate_missing,정책판단/대표 제외,"후보는 있으나 대부분 총규모, 조건금액, 비현금, 수수료 등 대표 제외 성격",업로드 기준이 정책 판단에 따라 달라져 자동 확정 불가,자동 업로드 제외. 정책상 보여줄 필요가 있으면 별도 타입으로 수기 결정,exclude_or_policy_decision,1820000.0,최대 182억원,,,,2,1820000.0만원/project_budget/review: 지원예산: 182억(기업 350개 내외) || None만원/support_ratio/ratio_cap: 2026년 기업훈련 탄력운영제 참여기업 모집 공고 고용노동부 기업마당>정책정보>지원사업 공고 기업마당 본문 바로가기 주메뉴 바로가기 기업마당 > 정책정보 > 지원사업 공고 메뉴열기 로그인 정책정보 정책정보 지원사업 공고 품목별 법정의무 인증제도 행사정보 정책뉴스 입법·행정예고/고시 월간 중기누리 활용정보 활용정보 기업업무용 서식 입주기업 모집공고 온라인화상회의실 정책정보 개방 속보성 대시보드,https://www.bizinfo.go.kr/sii/siia/selectSIIA200Detail.do?pblancId=PBLN_000000000116853
PBLN_000000000117291,2026년 한국식품산업클러스터진흥원 기업지원시설ㆍ장비 활용 지원사업 공고,농림축산식품부,selected_candidate_missing,정책판단/대표 제외,"후보는 있으나 대부분 총규모, 조건금액, 비현금, 수수료 등 대표 제외 성격",업로드 기준이 정책 판단에 따라 달라져 자동 확정 불가,자동 업로드 제외. 정책상 보여줄 필요가 있으면 별도 타입으로 수기 결정,exclude_or_policy_decision,25000.0,최대 2.5억원,,,,3,2000.0만원/total_support_scale/review: (수) ∼ 지원금 소진시까지 □ 사업비 지원규모: 기업별 최대 20백만원 □ 사업비 구성: 지원금 70~20% || 25000.0만원/equipment_usage_fee/recommend_only: 간접 지원 氠瑢 氠瑢 농림축산식품부 정책수립 및 예산 지원 한국식품산업클러스터진흥원 사업 기획 및 관리 지원유형❶ 지원유형❷ 신청기업 식품진흥원 신청기업 식품진흥원 기술/생산장비 공동활용 시험‧분석 의뢰 시험‧분석 결과 제공 氠瑢 2 공고 개요 □ 공고규모: 예산 2.5억원 이내 □ 공고기간: 2026 || None만원/support_ratio/ratio_cap: 2026년 한국식품산업클러스터진흥원 기업지원시설ㆍ장비 활용 지원사업 공고 농림축산식품부 기업마당>정책정보>지원사업 공고 기업마당 본문 바로가기 주메뉴 바로가기 기업마당 > 정책정보 > 지원사업 공고 메뉴열기 로그인 정책정보 정책정보 지원사업 공고 품목별 법정의무 인증제도 행사정보 정책뉴스 입법·행정예고/고시 월간 중기누리 활용정보 활용정보 기업업무용 서식 입주기업 모집공고 온라인화상회의실 정,https://www.bizinfo.go.kr/sii/siia/selectSIIA200Detail.do?pblancId=PBLN_000000000117291
PBLN_000000000117481,전북바이오융합교육센터 재직자 교육 훈련생ㆍ기업 모집 공고(국가인적자원개발컨소시엄),전북특별자치도,selected_candidate_missing,정책판단/대표 제외,"후보는 있으나 대부분 총규모, 조건금액, 비현금, 수수료 등 대표 제외 성격",업로드 기준이 정책 판단에 따라 달라져 자동 확정 불가,자동 업로드 제외. 정책상 보여줄 필요가 있으면 별도 타입으로 수기 결정,exclude_or_policy_decision,100.0,최대 100만원,,,,2,100.0만원/education_fee/recommend_only: 강사료는 교육센터 강사료 지급기준에 따라 차등 지급(1일 최대 1백만원) || None만원/support_ratio/ratio_cap: 전북바이오융합교육센터 재직자 교육 훈련생ㆍ기업 모집 공고(국가인적자원개발컨소시엄) 전북특별자치도 기업마당>정책정보>지원사업 공고 기업마당 본문 바로가기 주메뉴 바로가기 기업마당 > 정책정보 > 지원사업 공고 메뉴열기 로그인 정책정보 정책정보 지원사업 공고 품목별 법정의무 인증제도 행사정보 정책뉴스 입법·행정예고/고시 월간 중기누리 활용정보 활용정보 기업업무용 서식 입주기업 모집공고 온라인화상,https://www.bizinfo.go.kr/sii/siia/selectSIIA200Detail.do?pblancId=PBLN_000000000117481
PBLN_000000000117654,[강원] 2026년 중소ㆍ벤처기업 투자이음 강화 프로그램 참여기업 연중 상시접수 공고(강원 벤처투자 생태계 조성사업),강원특별자치도,selected_candidate_missing,대표금액 없음,Gemini/규칙 검수 후에도 기업당/과제당 최대 지원금으로 볼 후보가 없음,총규모/조건/비현금 후보를 대표금액으로 오인할 위험,금액 업데이트 제외. 필요하면 수기검수로 근거 문장 직접 확인,no_representative_amount,650000.0,최대 65억원,,,,3,650000.0만원/unknown/review: 초기~7년 미만 농식품 경영체 인라이트벤처스 65억  대학창업펀드 12 대학창업 펀드 제1호/2호 초기기업 || 280000.0만원/unknown/review: 대학/학생 창업기업 강원대기술지주 28억/ 34억 氠瑢 湯湷 Ⅱ 지원내용 □ 지원방법 || 340000.0만원/unknown/review: 대학/학생 창업기업 강원대기술지주 28억/ 34억 氠瑢 湯湷 Ⅱ 지원내용 □ 지원방법,https://www.bizinfo.go.kr/sii/siia/selectSIIA200Detail.do?pblancId=PBLN_000000000117654
PBLN_000000000117794,[경북] 2026년 중소기업 정부기술개발공모사업 선정지원 참여기업 모집 공고,경상북도,selected_candidate_missing,대표금액 없음,Gemini/규칙 검수 후에도 기업당/과제당 최대 지원금으로 볼 후보가 없음,총규모/조건/비현금 후보를 대표금액으로 오인할 위험,금액 업데이트 제외. 필요하면 수기검수로 근거 문장 직접 확인,no_representative_amount,150.0,최대 150만원,,,,12,30.0만원/consulting_fee/recommend_only: / 5회 中 선택 牭景 기획 컨설팅(기업부담금 30만원) || 50.0만원/consulting_fee/recommend_only: 주관기관 운영프로그램 참여 시 지원 牭景 발표평가 컨설팅 牭景 모의발표평가 牭景 재도전 컨설팅 牭景 차년도 R&D 컨설팅(기업부담금 50만원) || 150.0만원/consulting_fee/recommend_only: 사업계획서 작성방법 컨설팅 등 결 과 물: 컨설팅 일지 150 만원 漠杳 신청서 접수  漠杳 기업 현장점검  漠杳 승인 통보  漠杳 전문가 매칭  漠杳 컨설팅 진행  漠杳 결과보고서 제출  漠杳 사업 || 270.0만원/unknown/review: 접수증 270 만원 TP부담 270만원 || 270.0만원/unknown/review: 접수증 270 만원 TP부담 270만원 || ... 후보 7개 추가,https://www.bizinfo.go.kr/sii/siia/selectSIIA200Detail.do?pblancId=PBLN_000000000117794
PBLN_000000000118006,2026년 스마트공장 수준확인 사업 공고,중소벤처기업부,selected_candidate_missing,정책판단/대표 제외,"후보는 있으나 대부분 총규모, 조건금액, 비현금, 수수료 등 대표 제외 성격",업로드 기준이 정책 판단에 따라 달라져 자동 확정 불가,자동 업로드 제외. 정책상 보여줄 필요가 있으면 별도 타입으로 수기 결정,exclude_or_policy_decision,200000.0,최대 20억원,,,,2,"200000.0만원/consulting_fee/recommend_only: 중견 제조기업의 자발적인 스마트공장 구축 및 고도화를 촉진하기 위한 스마트화 수준진단을 지원◦(사업 규모)2,000백만 원(수준확인 2 || None만원/support_ratio/ratio_cap: 2026년 스마트공장 수준확인 사업 공고 중소벤처기업부 기업마당>정책정보>지원사업 공고 기업마당 본문 바로가기 주메뉴 바로가기 기업마당 > 정책정보 > 지원사업 공고 메뉴열기 로그인 정책정보 정책정보 지원사업 공고 품목별 법정의무 인증제도 행사정보 정책뉴스 입법·행정예고/고시 월간 중기누리 활용정보 활용정보 기업업무용 서식 입주기업 모집공고 온라인화상회의실 정책정보 개방 속보성 대시보드 고객",https://www.bizinfo.go.kr/sii/siia/selectSIIA200Detail.do?pblancId=PBLN_000000000118006
PBLN_000000000118047,[충북] 청주시 2026년 도시근로자 지원사업 참여기업 모집 공고,충청북도,selected_candidate_missing,대표금액 없음,Gemini/규칙 검수 후에도 기업당/과제당 최대 지원금으로 볼 후보가 없음,총규모/조건/비현금 후보를 대표금액으로 오인할 위험,금액 업데이트 제외. 필요하면 수기검수로 근거 문장 직접 확인,no_representative_amount,20.0,최대 20만원,,,,2,20.0만원/unknown/review: 참여자 3개월 이상 고용 시 1명당 근속인센티브 20만원 지급(1회) 제출서류 1 || None만원/support_ratio/ratio_cap: [충북] 청주시 2026년 도시근로자 지원사업 참여기업 모집 공고 충청북도 기업마당>정책정보>지원사업 공고 기업마당 본문 바로가기 주메뉴 바로가기 기업마당 > 정책정보 > 지원사업 공고 메뉴열기 로그인 정책정보 정책정보 지원사업 공고 품목별 법정의무 인증제도 행사정보 정책뉴스 입법·행정예고/고시 월간 중기누리 활용정보 활용정보 기업업무용 서식 입주기업 모집공고 온라인화상회의실 정책정보 개방,https://www.bizinfo.go.kr/sii/siia/selectSIIA200Detail.do?pblancId=PBLN_000000000118047
PBLN_000000000118049,2026년 중소벤처기업부 외국전문인력(E-7-1) 고용추천 공고,중소벤처기업부,selected_candidate_missing,대표금액 없음,Gemini/규칙 검수 후에도 기업당/과제당 최대 지원금으로 볼 후보가 없음,총규모/조건/비현금 후보를 대표금액으로 오인할 위험,금액 업데이트 제외. 필요하면 수기검수로 근거 문장 직접 확인,no_representative_amount,2897.0,"최대 2,897만원",,,,1,"2897.0만원/unknown/review: 31까지는 기존 임금요건(연 2,897만원 이상) 기준 적용 ② 중소기업 중소기업기본법 제2조(중소기업자의 범위)에 따른 중소기업 ③ 고용기준 디자이너 (285) 내국인 피보험자 수에",https://www.bizinfo.go.kr/sii/siia/selectSIIA200Detail.do?pblancId=PBLN_000000000118049
PBLN_000000000118318,2026년 소스개발 및 생산지원 사업 공고,농림축산식품부,selected_candidate_missing,정책판단/대표 제외,"후보는 있으나 대부분 총규모, 조건금액, 비현금, 수수료 등 대표 제외 성격",업로드 기준이 정책 판단에 따라 달라져 자동 확정 불가,자동 업로드 제외. 정책상 보여줄 필요가 있으면 별도 타입으로 수기 결정,exclude_or_policy_decision,3000.0,"최대 3,000만원",,,,6,2000.0만원/equipment_usage_fee/recommend_only: 디지털식품정보플랫폼 가입기업 등) ☞ 장비사용 수수료 할인(기업별 누적 최대 20백만원) 지원 사업신청 방법 온라인 접수 (디지털식품정보플랫폼) 사업신청 사이트 온라인신청 바로가기 문의처 한국식품산업클러스터진흥원 [일반문의] 06 || 2000.0만원/total_support_scale/review: (수) ∼ 지원금 소진시까지 □ 지원방법: 장비사용 수수료 할인 □ 지원규모: 기업별 누적 최대 20백만원 □ 사업규모: 총 30백만원 이내 □ 지원대상: 식품 관련 기업(국가식품클러스터 입주(분양 || 3000.0만원/total_support_scale/review: (수) ∼ 지원금 소진시까지 □ 지원방법: 장비사용 수수료 할인 □ 지원규모: 기업별 누적 최대 20백만원 □ 사업규모: 총 30백만원 이내 □ 지원대상: 식품 관련 기업(국가식품클러스터 입주(분양 || 500.0만원/fee/review: (수) ∼ 지원금 소진시까지 □ 지원내용: 신청기업이 식품진흥원과 공동 또는 의뢰하여 수행하며 보조금 지원사업이 아님 氠瑢 氠瑢 3 지원내용 汤捯 구분 지원내용 소스개발 汤捯 레시피 개발  식품진흥원 전문인력 및 인프라를 활용한 소스 등의 레시피 위탁개발 지원 - 기업이 요구하는 수준에 부합하는 판매 목적의 산업용 레시피 개발 氠瑢 [유형별 난이도 기준] 항목 개발유형 상 중 하 난이도 기 || 300.0만원/fee/review: (수) ∼ 지원금 소진시까지 □ 지원내용: 신청기업이 식품진흥원과 공동 또는 의뢰하여 수행하며 보조금 지원사업이 아님 氠瑢 氠瑢 3 지원내용 汤捯 구분 지원내용 소스개발 汤捯 레시피 개발  식품진흥원 전문인력 및 인프라를 활용한 소스 등의 레시피 위탁개발 지원 - 기업이 요구하는 수준에 부합하는 판매 목적의 산업용 레시피 개발 氠瑢 [유형별 난이도 기준] 항목 개발유형 상 중 하 난이도 기 || ... 후보 1개 추가,https://www.bizinfo.go.kr/sii/siia/selectSIIA200Detail.do?pblancId=PBLN_000000000118318
PBLN_000000000118927,[강원] 2026년 직장문화ㆍ환경개선지원사업 참여기업 모집 공고,강원특별자치도,selected_candidate_missing,대표금액 없음,Gemini/규칙 검수 후에도 기업당/과제당 최대 지원금으로 볼 후보가 없음,총규모/조건/비현금 후보를 대표금액으로 오인할 위험,금액 업데이트 제외. 필요하면 수기검수로 근거 문장 직접 확인,no_representative_amount,500.0,최대 500만원,,,,5,"100.0만원/unknown/review: 비정규직( 명) 여성근로자 인적 사항 연 령 □ 20대 ⾷ Ȁ ( 명) □ 30대 ⾷ Ȁ ( 명) □ 40대 ➇ Ȁ ( 명) □ 50대 이상 ☋ Ȁ ( 명) 학 력 □ 중졸 이하 ✃ Ȁ ( 명) □ 고졸 ♳ Ȁ ( 명) □ 전문대졸 ✃ Ȁ ( 명) □ 대졸 이상 ⓷ Ȁ ( 명) 급 여 □ 100만원 미만 ᷋ Ȁ ( 명) □ 100만원 이상~150만원 미만 ң Ȁ ( 명) □ 150만원 이상~ || 100.0만원/unknown/review: 비정규직( 명) 여성근로자 인적 사항 연 령 □ 20대 ⾷ Ȁ ( 명) □ 30대 ⾷ Ȁ ( 명) □ 40대 ➇ Ȁ ( 명) □ 50대 이상 ☋ Ȁ ( 명) 학 력 □ 중졸 이하 ✃ Ȁ ( 명) □ 고졸 ♳ Ȁ ( 명) □ 전문대졸 ✃ Ȁ ( 명) □ 대졸 이상 ⓷ Ȁ ( 명) 급 여 □ 100만원 미만 ᷋ Ȁ ( 명) □ 100만원 이상~150만원 미만 ң Ȁ ( 명) □ 150만원 이상~ || 500.0만원/education_fee/recommend_only: 생활 균형을 실천하는 기업 ㅇ 지원규모 氠瑢 구분 지원규모 비고 컨설팅 ⦁35개사 내외 ⦁2회 이상 필수 기업 환경개선(컨설팅) ⦁3개사 ⦁5,000천원 내외 지원 ⦁컨설팅 필수 참여 교육 || 150.0만원/unknown/review: 워크숍 ⦁20개사 내외 ⦁1,500천원 내외 지원 청년 특화 프로그램 ⦁5개사 ⦁2 || 200.0만원/unknown/review: 500천원 내외 지원 청년 특화 프로그램 ⦁5개사 ⦁2,000천원 내외 지원",https://www.bizinfo.go.kr/sii/siia/selectSIIA200Detail.do?pblancId=PBLN_000000000118927
PBLN_000000000119093,[인천] 2026년 파브(PAV) 부품 시험ㆍ인증 지원사업 참여기업 모집 공고,인천광역시,selected_candidate_missing,정책판단/대표 제외,"후보는 있으나 대부분 총규모, 조건금액, 비현금, 수수료 등 대표 제외 성격",업로드 기준이 정책 판단에 따라 달라져 자동 확정 불가,자동 업로드 제외. 정책상 보여줄 필요가 있으면 별도 타입으로 수기 결정,exclude_or_policy_decision,8000.0,"최대 8,000만원",,,,2,"8000.0만원/project_budget/review: 지원예산: 80,000천원지원분야 || None만원/support_ratio/ratio_cap: [인천] 2026년 파브(PAV) 부품 시험ㆍ인증 지원사업 참여기업 모집 공고 인천광역시 기업마당>정책정보>지원사업 공고 기업마당 본문 바로가기 주메뉴 바로가기 기업마당 > 정책정보 > 지원사업 공고 메뉴열기 로그인 정책정보 정책정보 지원사업 공고 품목별 법정의무 인증제도 행사정보 정책뉴스 입법·행정예고/고시 월간 중기누리 활용정보 활용정보 기업업무용 서식 입주기업 모집공고 온라인화상회의실",https://www.bizinfo.go.kr/sii/siia/selectSIIA200Detail.do?pblancId=PBLN_000000000119093
PBLN_000000000119457,[경기] 평택시 2026년 장비 활용 지원사업 기업 모집 공고,경기도,selected_candidate_missing,대표금액 없음,Gemini/규칙 검수 후에도 기업당/과제당 최대 지원금으로 볼 후보가 없음,총규모/조건/비현금 후보를 대표금액으로 오인할 위험,금액 업데이트 제외. 필요하면 수기검수로 근거 문장 직접 확인,no_representative_amount,80.0,최대 80만원,,,,4,"400.0만원/equipment_usage_fee/recommend_only: 관내 지사만 소재한 경우는 지원 불가 - 「중소기업 기본법」 제2조(중소기업자의 범위)에 의한 중소기업 ☞ 기술개발 및 품질 향상을 위한 연구장비 활용 비용 지원 - 기업당 지원한도 4,000천원 이내 지원 사업신청 방법 온라인 접수 (기업지원사업신청) 사업신청 사이트 온라인신청 바로가기 문의처 평택산업진흥원 기업지원팀 031-8029- || 2000.0만원/total_support_scale/review: 진흥원 → 기업02지원규모 및 지원내용 □ 지원규모 : 총 5개사 내외 / 최대 20,000천원 이내(※ 기업부담금 별도) 구분지원분야지원한도(기업당)지원규모지원금(%)기업부담 || 400.0만원/total_support_scale/review: 기업부담금 별도) 구분지원분야지원한도(기업당)지원규모지원금(%)기업부담금(%)장비 활용장비 사용료4,000천원 이내5개사 내외80%20% || 80.0만원/unknown/review: 연구장비 공동활용 촉진을 위해 지원금 기준 80만원 이상 활용건부터 지원",https://www.bizinfo.go.kr/sii/siia/selectSIIA200Detail.do?pblancId=PBLN_000000000119457
PBLN_000000000119518,[전북] 2026년 에너지산업융복합단지 공동연구장비 활용 및 컨설팅 지원 수혜기업 모집 공고,전북특별자치도,non_cash_only,비현금/수수료/컨설팅성,후보가 현금 보조금이 아니라 인증/시험/컨설팅/장비활용/수수료 계열,현금지원금처럼 차감하면 ROI가 과대 계산될 위험,ROI 직접 차감 대신 추천/참고 정보로만 사용,recommend_only_or_exclude,250.0,최대 250만원,,,,5,"250.0만원/equipment_usage_fee/recommend_only: ☞ 새만금 에너지산업융복합단지 내 에너지 관련 기업 - 본사업을 통해 旣지원받은 횟수가 2회 미만인 기업(0~1회 旣지원 받은 기업 가능/2회 旣지원 받은 기업 불가능) ☞ 공동연구장비 활용(건당 250만원 이내) 및 애로기술 컨설팅(기업당 최대 200만원 이내) 지원 - 전북테크노파크 보유 장비 대상 공동연구장비 활용 지원 - 에너지 관련 기업 || 200.0만원/equipment_usage_fee/recommend_only: ☞ 새만금 에너지산업융복합단지 내 에너지 관련 기업 - 본사업을 통해 旣지원받은 횟수가 2회 미만인 기업(0~1회 旣지원 받은 기업 가능/2회 旣지원 받은 기업 불가능) ☞ 공동연구장비 활용(건당 250만원 이내) 및 애로기술 컨설팅(기업당 최대 200만원 이내) 지원 - 전북테크노파크 보유 장비 대상 공동연구장비 활용 지원 - 에너지 관련 기업 애로사항(기술 || 250.0만원/equipment_usage_fee/recommend_only: 예산 소진시 지원 조기마감 ◦ (지원규모) 氠瑢 지원항목 지원내용 비고 공동연구장비 활용 지원 전북TP 보유 장비사용에 대한 무상 지원 (장비사용에 대한 소모성 재료 필요시 건당 250만원 이내 지원/부가세 포함) 붙임2 || 200.0만원/equipment_usage_fee/recommend_only: 전북TP 지원 장비리스트 참고 애로기술 컨설팅 기업당 최대 200만원 이내 (전문가 컨설팅 최대 10회 || 20.0만원/consulting_fee/recommend_only: 애로기술 컨설팅 기업당 최대 200만원 이내 (전문가 컨설팅 최대 10회, 회당 20만원) *기술, 마케팅, 경영, 특허 등 에너지 연관 분야 애로사항에 대한 컨설팅 -",https://www.bizinfo.go.kr/sii/siia/selectSIIA200Detail.do?pblancId=PBLN_000000000119518
PBLN_000000000119727,[부산] 2026년 중소기업 빅데이터 분석 활용 지원사업 참가기업 모집 공고,부산광역시,non_cash_only,비현금/수수료/컨설팅성,후보가 현금 보조금이 아니라 인증/시험/컨설팅/장비활용/수수료 계열,현금지원금처럼 차감하면 ROI가 과대 계산될 위험,ROI 직접 차감 대신 추천/참고 정보로만 사용,recommend_only_or_exclude,500.0,최대 500만원,,,,1,500.0만원/consulting_fee/recommend_only: 최대 500만원) 지원 및 사전 컨설팅,https://www.bizinfo.go.kr/sii/siia/selectSIIA200Detail.do?pblancId=PBLN_000000000119727
PBLN_000000000119764,2026년 중소기업 기술혁신 지원사업(KOSBIR) 통합 공고,중소벤처기업부,selected_candidate_missing,대표금액 없음,Gemini/규칙 검수 후에도 기업당/과제당 최대 지원금으로 볼 후보가 없음,총규모/조건/비현금 후보를 대표금액으로 오인할 위험,금액 업데이트 제외. 필요하면 수기검수로 근거 문장 직접 확인,no_representative_amount,90000.0,최대 9억원,,,,32,1890000.0만원/total_support_scale/review: 운영 및 공동성과 창출 □ 지원규모(‘26년) : 189억원 (신규 22 || 225000.0만원/total_support_scale/review: 운영 및 공동성과 창출 □ 지원규모(‘26년) : 189억원 (신규 22.5억원 || 50000.0만원/unknown/review: 5억원) □ 지원대상 : ｢중소기업기본법｣ 제2조의 규정에 의한 중소기업 □ 지원분야 : ｢국가연구개발혁신법｣ 제13조에 따른 연구개발비 지급 || 90000.0만원/unknown/review: 과제당 9억 100% 지정공모 □ 신청․접수 ◦ 신청‧접수기관 : 한국연구재단 ◦ 신청방법 : www || 840000.0만원/total_support_scale/review: 지자체가 주도하여 재난안전 현안을 발굴하고 문제해결을 위한 맞춤형 연구개발 지원 □ 지원규모(‘26년) : 84억원 (신규 24억원 || ... 후보 27개 추가,https://www.bizinfo.go.kr/sii/siia/selectSIIA200Detail.do?pblancId=PBLN_000000000119764
PBLN_000000000119851,[경북] 안동시 2026년 로케이션 제작지원 사업 공고,경상북도,selected_candidate_missing,대표금액 없음,Gemini/규칙 검수 후에도 기업당/과제당 최대 지원금으로 볼 후보가 없음,총규모/조건/비현금 후보를 대표금액으로 오인할 위험,금액 업데이트 제외. 필요하면 수기검수로 근거 문장 직접 확인,no_representative_amount,100000.0,최대 10억원,,,,7,"5000.0만원/unknown/review: 작품당 최대 5천만원 지급 가능 || 19370.0만원/total_support_scale/review: 극장 등)에 방영 예정인 작품 - 해외영상물경우 한국프로덕션 서비스업체 통해 신청 ❍ 지원규모 : 193,700천원 || 100000.0만원/unknown/review: ❍ 지원조건 : 순 제작비 10억 이상 작품 중 || 2000.0만원/unknown/review: 관내 소비액이 2천만원 이상인 작품 || 5000.0만원/unknown/review: / 작품당 최대 5천만원 지급가능 - 순제작비 중 관내 소비액(공급가액 기준)은 회계검증 인정기준 - 협약일 기준 2개월 전 본 콘텐츠 제작을 위해 소비한 금액부터 정 || ... 후보 2개 추가",https://www.bizinfo.go.kr/sii/siia/selectSIIA200Detail.do?pblancId=PBLN_000000000119851
PBLN_000000000119852,[경북] 2026년 로케이션 제작지원 사업 공고,경상북도,selected_candidate_missing,대표금액 없음,Gemini/규칙 검수 후에도 기업당/과제당 최대 지원금으로 볼 후보가 없음,총규모/조건/비현금 후보를 대표금액으로 오인할 위험,금액 업데이트 제외. 필요하면 수기검수로 근거 문장 직접 확인,no_representative_amount,100000.0,최대 10억원,,,,7,"7000.0만원/unknown/review: 작품당 최대 7천만원 지급 가능 || 9080.0만원/total_support_scale/review: 극장 등)에 방영 예정인 작품 - 해외영상물경우 한국프로덕션 서비스업체 통해 신청 ❍ 지원규모 : 90,800천원 || 100000.0만원/unknown/review: ❍ 지원조건 : 순 제작비 10억 이상 작품 중 || 3000.0만원/unknown/review: 관내 소비액이 3천만원 이상인 작품 || 7000.0만원/unknown/review: / 작품당 최대 7천만원 지급가능 - 순제작비 중 관내 소비액(공급가액 기준)은 회계검증 인정기준 - 협약일 기준 2개월 전 본 콘텐츠 제작을 위해 소비한 금액부터 정 || ... 후보 2개 추가",https://www.bizinfo.go.kr/sii/siia/selectSIIA200Detail.do?pblancId=PBLN_000000000119852
PBLN_000000000119881,[제주] 2026년 어업활동지원 사업 대상자 모집 공고,제주특별자치도,selected_candidate_missing,정책판단/대표 제외,"후보는 있으나 대부분 총규모, 조건금액, 비현금, 수수료 등 대표 제외 성격",업로드 기준이 정책 판단에 따라 달라져 자동 확정 불가,자동 업로드 제외. 정책상 보여줄 필요가 있으면 별도 타입으로 수기 결정,exclude_or_policy_decision,1440.0,"최대 1,440만원",,,,2,"1440.0만원/education_fee/recommend_only: 교육일에 한해 지원 2) 지원한도 (1) 사 업 비 : 14,400천원(국고 9 || None만원/support_ratio/ratio_cap: [제주] 2026년 어업활동지원 사업 대상자 모집 공고 제주특별자치도 기업마당>정책정보>지원사업 공고 기업마당 본문 바로가기 주메뉴 바로가기 기업마당 > 정책정보 > 지원사업 공고 메뉴열기 로그인 정책정보 정책정보 지원사업 공고 품목별 법정의무 인증제도 행사정보 정책뉴스 입법·행정예고/고시 월간 중기누리 활용정보 활용정보 기업업무용 서식 입주기업 모집공고 온라인화상회의실 정책정보 개방 속보성",https://www.bizinfo.go.kr/sii/siia/selectSIIA200Detail.do?pblancId=PBLN_000000000119881
PBLN_000000000119978,[경북] 2026년 OK FTA 컨설팅 지원사업 모집 공고(경북FTA통상진흥센터),경상북도,selected_candidate_missing,대표금액 없음,Gemini/규칙 검수 후에도 기업당/과제당 최대 지원금으로 볼 후보가 없음,총규모/조건/비현금 후보를 대표금액으로 오인할 위험,금액 업데이트 제외. 필요하면 수기검수로 근거 문장 직접 확인,no_representative_amount,15000000.0,최대 1500억원,,,,5,"500000.0만원/consulting_fee/recommend_only: 신청기업 사항 ①기업명 ②대표자명 ③사업자등록번호 ④업종ㆍ업태 ⑤사업장 주소 본사 ( ) 컨설팅 희망장소 (택1) 공장 ( ) □ 본사 □ 공장 ⑥상호출자제한 기업집단 여부 (공정위 최근공고 확인) □ 해당 □ 해당 없음 ⑦전년도 매출액 원 ⑧상시 근로자수 명 ⑨컨설팅 비용부담 * 업체분담 비율 (2025년 매출액 기준) [업체분담비율: 택1] □ 0% □ 10% □ 20% □ 30% □ 4 || 1000000.0만원/consulting_fee/recommend_only: 신청기업 사항 ①기업명 ②대표자명 ③사업자등록번호 ④업종ㆍ업태 ⑤사업장 주소 본사 ( ) 컨설팅 희망장소 (택1) 공장 ( ) □ 본사 □ 공장 ⑥상호출자제한 기업집단 여부 (공정위 최근공고 확인) □ 해당 □ 해당 없음 ⑦전년도 매출액 원 ⑧상시 근로자수 명 ⑨컨설팅 비용부담 * 업체분담 비율 (2025년 매출액 기준) [업체분담비율: 택1] □ 0% □ 10% □ 20% □ 30% □ 4 || 5000000.0만원/consulting_fee/recommend_only: 신청기업 사항 ①기업명 ②대표자명 ③사업자등록번호 ④업종ㆍ업태 ⑤사업장 주소 본사 ( ) 컨설팅 희망장소 (택1) 공장 ( ) □ 본사 □ 공장 ⑥상호출자제한 기업집단 여부 (공정위 최근공고 확인) □ 해당 □ 해당 없음 ⑦전년도 매출액 원 ⑧상시 근로자수 명 ⑨컨설팅 비용부담 * 업체분담 비율 (2025년 매출액 기준) [업체분담비율: 택1] □ 0% □ 10% □ 20% □ 30% □ 4 || 10000000.0만원/consulting_fee/recommend_only: 신청기업 사항 ①기업명 ②대표자명 ③사업자등록번호 ④업종ㆍ업태 ⑤사업장 주소 본사 ( ) 컨설팅 희망장소 (택1) 공장 ( ) □ 본사 □ 공장 ⑥상호출자제한 기업집단 여부 (공정위 최근공고 확인) □ 해당 □ 해당 없음 ⑦전년도 매출액 원 ⑧상시 근로자수 명 ⑨컨설팅 비용부담 * 업체분담 비율 (2025년 매출액 기준) [업체분담비율: 택1] □ 0% □ 10% □ 20% □ 30% □ 4 || 15000000.0만원/unknown/review: 000~1,500억 미만 부담률 0% 10% 20% 30% 40% ⑩FTA활용 여부 □ 활용(국가 : ) □ 미활용(활용예정 국가 : ) ⑪ 종합지원센터",https://www.bizinfo.go.kr/sii/siia/selectSIIA200Detail.do?pblancId=PBLN_000000000119978
PBLN_000000000120006,[서울] 2026년 노동환경개선컨설팅 사업 대상 모집 공고,서울특별시,selected_candidate_missing,대표금액 없음,Gemini/규칙 검수 후에도 기업당/과제당 최대 지원금으로 볼 후보가 없음,총규모/조건/비현금 후보를 대표금액으로 오인할 위험,금액 업데이트 제외. 필요하면 수기검수로 근거 문장 직접 확인,no_representative_amount,100000.0,최대 10억원,,,,2,100000.0만원/unknown/review: 선착순 마감 시 조기 종료 o 모집 대상 -【市 유관 사업장】서울시 발주 10억원 미만 건설 || 100000.0만원/unknown/review: 선착순 마감 시 조기 종료 o 모집 대상 -【市 유관 사업장】서울시 발주 10억원 미만 건설,https://www.bizinfo.go.kr/sii/siia/selectSIIA200Detail.do?pblancId=PBLN_000000000120006
PBLN_000000000120170,2026년 중소기업 기술분쟁 소송보험 지원사업 공고,중소벤처기업부,selected_candidate_missing,대표금액 없음,Gemini/규칙 검수 후에도 기업당/과제당 최대 지원금으로 볼 후보가 없음,총규모/조건/비현금 후보를 대표금액으로 오인할 위험,금액 업데이트 제외. 필요하면 수기검수로 근거 문장 직접 확인,no_representative_amount,5000.0,"최대 5,000만원",,,,17,3000.0만원/unknown/review: 방어소송(피소대응) 보장 - 보험목적물과 관련 타사(타인)으로부터 피소됨에 따라 이를 방어하기 위해 소요되는 일체의 법률비용 (법원 소송건에 한함) (보상한도 : gfedc3천만원 gfedc5천만원) gfedc 2 || 5000.0만원/unknown/review: 방어소송(피소대응) 보장 - 보험목적물과 관련 타사(타인)으로부터 피소됨에 따라 이를 방어하기 위해 소요되는 일체의 법률비용 (법원 소송건에 한함) (보상한도 : gfedc3천만원 gfedc5천만원) gfedc 2 || 3000.0만원/unknown/review: 소송제기 보장 - 보험목적물과 관련 보험가입자가 기술탈취‧유용기업을 대상으로 소송제기에 따르는 일체의 법률비용 (법원 소송건에 한함) (보상한도 : gfedc3천만원 gfedc5천만원) gfedc 3 || 5000.0만원/unknown/review: 소송제기 보장 - 보험목적물과 관련 보험가입자가 기술탈취‧유용기업을 대상으로 소송제기에 따르는 일체의 법률비용 (법원 소송건에 한함) (보상한도 : gfedc3천만원 gfedc5천만원) gfedc 3 || 300.0만원/unknown/review: 1번 보장 또는 2번 보장 가입시 가입가능 청구방어보장 - 보험목적물과 관련 타사(타인)으로부터 특허심판이 청구됨에 따라 이를 방어하기 위해 소요되는 일체의 법률비용 (특허심판원 당사자계 심판에 한함) (보상한도 : gfedc3백만원 gfedc5백만원 gfedc1천만원)청구제기보장 - 보험목적물과 관련 보험가입자가 기술탈취‧유용기업을 대상으로 특허심판 청구제기에 따르는 일체 || ... 후보 12개 추가,https://www.bizinfo.go.kr/sii/siia/selectSIIA200Detail.do?pblancId=PBLN_000000000120170
PBLN_000000000120201,[경기] 포천시 2026년 신소재개발 프로그램 지원사업 모집 공고,경기도,selected_candidate_missing,대표금액 없음,Gemini/규칙 검수 후에도 기업당/과제당 최대 지원금으로 볼 후보가 없음,총규모/조건/비현금 후보를 대표금액으로 오인할 위험,금액 업데이트 제외. 필요하면 수기검수로 근거 문장 직접 확인,no_representative_amount,73.0,최대 73만원,,,,1,73.0만원/unknown/review: 1건당 약 730천원 내외 氠瑢 Ⅱ 사업 신청 및 문의 □ (신청방법 및 문의처) 氠瑢,https://www.bizinfo.go.kr/sii/siia/selectSIIA200Detail.do?pblancId=PBLN_000000000120201
PBLN_000000000120342,2026년 기업승계 M&A 활성화를 위한 컨설팅 지원사업 시행계획 공고,중소벤처기업부,selected_candidate_missing,정책판단/대표 제외,"후보는 있으나 대부분 총규모, 조건금액, 비현금, 수수료 등 대표 제외 성격",업로드 기준이 정책 판단에 따라 달라져 자동 확정 불가,자동 업로드 제외. 정책상 보여줄 필요가 있으면 별도 타입으로 수기 결정,exclude_or_policy_decision,700.0,최대 700만원,,,,16,100.0만원/consulting_fee/recommend_only: 자산 등) 컨설팅 신청 항목 (해당항목 택1) 매도희망기업 □ 딜구조설계 □ 적정시기 발굴 □ 지분매각 방법 □ 기업소개자료(TM) 작성 □ 마케팅 지원 매수희망기업 □ 적정 인수대상 탐색 □ 자금조달 컨설팅 희망기업승계 중개기관 기업승계 중개기관 중 택3 계약예정금액 (1백만원 이상 || 100.0만원/consulting_fee/recommend_only: / 부 ② 기업승계 중개기관과 1백만원 이상(부가세 제외)의 컨설팅 계약*을 체결 예정이다 || 30.0만원/self_funding/review: * 기업 자부담 30만원(부가세 제외) 이상 포함 여 || 70.0만원/consulting_fee/recommend_only: 기초컨설팅 * 신청일 기준 M&A 교섭 대상이 없는 잠재수요기업 (총 100개사) 매도희망기업 ∙ 대표자 연령 : 만 55세 이상 ∙ 기업 업력 : 만 5년 이상 ∙ (평가방법) 기업승계를 위한 M&A 여부를 판단하여 “적합” 시 선정 - 평가기준 매도 : 기업승계 여부 등 매수 : 인수추진계획 등 ∙ 컨설팅 비용 지원 (기업당 70만원 한도) || 70.0만원/consulting_fee/recommend_only: 자부담 30% 별도 - 기업소개자료(TM)작성 - 딜구조설계 등 매수희망기업 (기업승계 희망자) ∙ 중소기업 인수 희망기업 (개인 또는 법인) ∙ 컨설팅 비용 지원 (기업당 70만원 한도) || ... 후보 11개 추가,https://www.bizinfo.go.kr/sii/siia/selectSIIA200Detail.do?pblancId=PBLN_000000000120342
PBLN_000000000120495,[강원] 2026년 수요기술 발굴 및 기술멘토링 지원사업 참여기업 모집 공고(전기차 충돌 후 배터리 핵심부품 안전성 확보 지원사업),강원특별자치도,selected_candidate_missing,정책판단/대표 제외,"후보는 있으나 대부분 총규모, 조건금액, 비현금, 수수료 등 대표 제외 성격",업로드 기준이 정책 판단에 따라 달라져 자동 확정 불가,자동 업로드 제외. 정책상 보여줄 필요가 있으면 별도 타입으로 수기 결정,exclude_or_policy_decision,0.0,최대 0만원,,,,1,0.0만원/revenue_condition/review: 기타( 건) 대 표 자 성 명 전 화 휴 대 폰 이 메 일 실무담당자 성 명 부서/직위 전 화 휴 대 폰 이 메 일 FAX 주요현황 매출액(‘25) 천원 근로자수(현재) 명 수출여부 □ 수출 □ 수출안함 수출국가(해당시) 기술 거래경험 □ 있음 ( 연구기관명 : ) □ 없음 보유 특허기술 (해당시) 특허기술명: 수요기술 (도입희망 기술) 정보 수요기술명 (이전 완료 또는 도입 기술의 구체적인,https://www.bizinfo.go.kr/sii/siia/selectSIIA200Detail.do?pblancId=PBLN_000000000120495
PBLN_000000000120527,2026년 스마트 전자약 종합지원센터 인허가 지원 기업 상시 모집 공고,보건복지부,selected_candidate_missing,정책판단/대표 제외,"후보는 있으나 대부분 총규모, 조건금액, 비현금, 수수료 등 대표 제외 성격",업로드 기준이 정책 판단에 따라 달라져 자동 확정 불가,자동 업로드 제외. 정책상 보여줄 필요가 있으면 별도 타입으로 수기 결정,exclude_or_policy_decision,,지원금 확인 필요,,,,1,"0.0만원/revenue_condition/review: 매출액 0,000백만원 상시근로자수 00명 주소 신청자 성 명 직 위 전화번호 000-0000-0000 E-mail 신청 제품 품목명 모델명 제품 개요 전자약기술개발",https://www.bizinfo.go.kr/sii/siia/selectSIIA200Detail.do?pblancId=PBLN_000000000120527
PBLN_000000000121038,2026년 IoT 보안인증 인증시험 수수료 지원 공고,과학기술정보통신부,selected_candidate_missing,대표금액 없음,Gemini/규칙 검수 후에도 기업당/과제당 최대 지원금으로 볼 후보가 없음,총규모/조건/비현금 후보를 대표금액으로 오인할 위험,금액 업데이트 제외. 필요하면 수기검수로 근거 문장 직접 확인,no_representative_amount,1600.0,최대 80% 지원,,,,3,480.0만원/fee/review: ’26년 예산 소진시까지 신청기업당 1회에 한하나 예산 소모 추이에 따라 추가 지원 가능 - 시험수수료 80% 정부지원 (라이트 약 4.8백만원 || 1040.0만원/unknown/review: 베이직 약 10.4백만원 스탠다드 약 16백만원) || 1600.0만원/unknown/review: 4백만원 스탠다드 약 16백만원),https://www.bizinfo.go.kr/sii/siia/selectSIIA200Detail.do?pblancId=PBLN_000000000121038
PBLN_000000000121415,[경남] 2026년 경남형 제조 AX 고도화 패스트트랙 지원사업 도입기업 모집 공고,경상남도,selected_candidate_missing,대표금액 없음,Gemini/규칙 검수 후에도 기업당/과제당 최대 지원금으로 볼 후보가 없음,총규모/조건/비현금 후보를 대표금액으로 오인할 위험,금액 업데이트 제외. 필요하면 수기검수로 근거 문장 직접 확인,no_representative_amount,30000.0,최대 3억원,,,,10,"20000.0만원/self_funding/review: 민간부담금(기업부담금) 집행계획 (2억원 || 16000.0만원/self_funding/review: 허브를 통해 MES로 전송 4. 민간부담금(기업부담금) 집행계획 (2억원, 현금 1.6억 계상) ※ 총액 변경 및 수정 불가 ① 비목별 예산 총괄표 (단위 : 천원, % || 150000.0만원/total_project_cost/review: 제조 AX 전환의 초기 안착 및 단계 도약을 지원하기 위한 사업 * 경남 제조기업들의 AX 초기 안착 및 수준 도약을 위한 ‘2단계 점프업 기업지원 시스템’ 氠瑢 구분 지원 전 지원 후 목표 스타트업 지원 스마트공장 ❶단계 (미적용) 스마트공장 ❸단계 (중간1) 레벨업 지원 스마트공장 ❷단계 (기초) 스마트공장 ❹단계 (중간2) ⚬ 총사업비 : 15억 (기업당 5억원 || 50000.0만원/total_project_cost/review: 제조 AX 전환의 초기 안착 및 단계 도약을 지원하기 위한 사업 * 경남 제조기업들의 AX 초기 안착 및 수준 도약을 위한 ‘2단계 점프업 기업지원 시스템’ 氠瑢 구분 지원 전 지원 후 목표 스타트업 지원 스마트공장 ❶단계 (미적용) 스마트공장 ❸단계 (중간1) 레벨업 지원 스마트공장 ❷단계 (기초) 스마트공장 ❹단계 (중간2) ⚬ 총사업비 : 15억 (기업당 5억원 || 20000.0만원/total_support_scale/review: 기업부담금 40% (기업당 2억원)*) * 3번 사업비 편성 참고 ⚬ 지원규모 : 경남도 내 제조기업 3개社 ⚬ 신청대상 : 공고일 기준 경남도에 본사 || ... 후보 5개 추가",https://www.bizinfo.go.kr/sii/siia/selectSIIA200Detail.do?pblancId=PBLN_000000000121415
PBLN_000000000121614,[전남광주] 2026년 스마트공장 지원계획 공고,중소벤처기업부,selected_candidate_missing,대표금액 없음,Gemini/규칙 검수 후에도 기업당/과제당 최대 지원금으로 볼 후보가 없음,총규모/조건/비현금 후보를 대표금액으로 오인할 위험,금액 업데이트 제외. 필요하면 수기검수로 근거 문장 직접 확인,no_representative_amount,80000.0,최대 8억원,,,,12,170000.0만원/unknown/review: 중소상생형 스마트공장 구축지원 사업』삼성형 도입기업 모집 공고 (중소기업중앙회 공고 2026-3호) - 2026년 정부형 스마트공장 구축지원사업 공고 (중소벤처기업부 공고 제2025-587호) - 2026년 지역특화프로젝트 레전드50+ 스마트공장 구축지원사업 공고 (중소벤처기업부 공고 2025-665호) - 2026년도 제조AI특화 스마트공장 구축지원사업 공고 (중소벤처기업부 공고 제2026 || 40000.0만원/total_project_cost/review: 센서 등 지원 (기초 이상 목표)‧ 현장혁신 지원 등4억원(20개사)최대 2천만원(총사업비 20% 이내) 최대 9개월국비‧삼성(6천만원) || 2000.0만원/total_project_cost/review: 센서 등 지원 (기초 이상 목표)‧ 현장혁신 지원 등4억원(20개사)최대 2천만원(총사업비 20% 이내) 최대 9개월국비‧삼성(6천만원) || 6000.0만원/total_project_cost/review: 센서 등 지원 (기초 이상 목표)‧ 현장혁신 지원 등4억원(20개사)최대 2천만원(총사업비 20% 이내) 최대 9개월국비‧삼성(6천만원) || 2000.0만원/self_funding/review: 시비(2천만원)이외기업 자부담 처리(2천만원 내외) ② 고도화구분지원내용지원규모시비 지원금사업기간비고정부형‧ 스 마 트 공 장 솔 루 션 구 축 및 솔루 션 || ... 후보 7개 추가,https://www.bizinfo.go.kr/sii/siia/selectSIIA200Detail.do?pblancId=PBLN_000000000121614
PBLN_000000000121777,[울산] 2026년 소상공인 산재보험료 지원사업 공고,울산광역시,selected_candidate_missing,대표금액 없음,Gemini/규칙 검수 후에도 기업당/과제당 최대 지원금으로 볼 후보가 없음,총규모/조건/비현금 후보를 대표금액으로 오인할 위험,금액 업데이트 제외. 필요하면 수기검수로 근거 문장 직접 확인,no_representative_amount,,최대 80% 지원,,,,2,"251.12만원/unknown/review: ) 氠瑢 桤灧 월 평균 보수 1등급(2,511,200원)인 사업주가 요양으로 5일간 휴업이 필요할 때 ⇒ 휴업급여(306 || None만원/support_ratio/ratio_cap: [울산] 2026년 소상공인 산재보험료 지원사업 공고 울산광역시 기업마당>정책정보>지원사업 공고 기업마당 본문 바로가기 주메뉴 바로가기 기업마당 > 정책정보 > 지원사업 공고 메뉴열기 로그인 정책정보 정책정보 지원사업 공고 품목별 법정의무 인증제도 행사정보 정책뉴스 입법·행정예고/고시 월간 중기누리 활용정보 활용정보 기업업무용 서식 입주기업 모집공고 온라인화상회의실 정책정보 개방 속보성 대시",https://www.bizinfo.go.kr/sii/siia/selectSIIA200Detail.do?pblancId=PBLN_000000000121777
PBLN_000000000121849,전기차 차체ㆍ섀시 충돌안전 기업지원 연장 공고(xEV 보호차체 충돌안전 기업지원사업),경상북도,selected_candidate_missing,정책판단/대표 제외,"후보는 있으나 대부분 총규모, 조건금액, 비현금, 수수료 등 대표 제외 성격",업로드 기준이 정책 판단에 따라 달라져 자동 확정 불가,자동 업로드 제외. 정책상 보여줄 필요가 있으면 별도 타입으로 수기 결정,exclude_or_policy_decision,3000.0,"최대 3,000만원",,,,3,"3000.0만원/total_support_scale/review: 湯湷 2026년 05월 08일 (재)경북테크노파크원장 지원내용 氠瑢 지원프로그램 지원내용 지원기관 전주기 지원 (패키지형 서비스 지원) ⚫ 지원규모 - 지원금 30,000천원 ⚫ 지원내용 - 설계해석→시제품제작→시험평가 패키지형 - 각 서비스별 세부 항목은 아래 참조 || 1500.0만원/total_support_scale/review: 본 사업을 통해 구축한 장비활용시 우대 GBTP1(1건) GITC2(1건) 시제품 제작 지원 ⚫ 지원규모 - 지원금 15,000천원 ⚫ 지원내용 - xEV 보호차체 분야의 사업화를 위한 시제품 제작 지원 || None만원/support_ratio/ratio_cap: 전기차 차체ㆍ섀시 충돌안전 기업지원 연장 공고(xEV 보호차체 충돌안전 기업지원사업) 경상북도 기업마당>정책정보>지원사업 공고 기업마당 본문 바로가기 주메뉴 바로가기 기업마당 > 정책정보 > 지원사업 공고 메뉴열기 로그인 정책정보 정책정보 지원사업 공고 품목별 법정의무 인증제도 행사정보 정책뉴스 입법·행정예고/고시 월간 중기누리 활용정보 활용정보 기업업무용 서식 입주기업 모집공고 온라인화상회",https://www.bizinfo.go.kr/sii/siia/selectSIIA200Detail.do?pblancId=PBLN_000000000121849
PBLN_000000000121853,2026년 업종별 임금체계 개선 지원 사업 참여기업 모집 공고,고용노동부,non_cash_only,비현금/수수료/컨설팅성,후보가 현금 보조금이 아니라 인증/시험/컨설팅/장비활용/수수료 계열,현금지원금처럼 차감하면 ROI가 과대 계산될 위험,ROI 직접 차감 대신 추천/참고 정보로만 사용,recommend_only_or_exclude,8000.0,"최대 8,000만원",,,,1,"8000.0만원/consulting_fee/recommend_only: 8,000 만 원 + 시중 컨설팅 가치 2026 년 IT 업종 임금체계 개선 컨설팅 참여기업 모집 고용노동부 지원 무료 지원 시장임금 및 직무급 Tool 제공",https://www.bizinfo.go.kr/sii/siia/selectSIIA200Detail.do?pblancId=PBLN_000000000121853
PBLN_000000000122045,2026년 연구조직(기업부설연구소 등) 설립 및 기술ㆍ경영혁신 인증 지원사업 참여기업 모집 공고,대구광역시,selected_candidate_missing,정책판단/대표 제외,"후보는 있으나 대부분 총규모, 조건금액, 비현금, 수수료 등 대표 제외 성격",업로드 기준이 정책 판단에 따라 달라져 자동 확정 불가,자동 업로드 제외. 정책상 보여줄 필요가 있으면 별도 타입으로 수기 결정,exclude_or_policy_decision,5000.0,지원금 확인 필요,,,,4,30000.0만원/revenue_condition/review: 매출액 작성기준 제시 ex) 2025년 총매출 300백만원은 00제품×000개 판매시 발생 氠瑢 『2026년 기술 || 30000.0만원/revenue_condition/review: 매출액 작성기준제시 ex) 2025년 총매출 300백만원은00제품×000개 판매시 발생 - 5 - 『2026년 기술 || 40.0만원/fee/review: 컨설팅비용은자문단에게지급ㅇ(인증수수료)이노비즈/메인비즈/번처기업 신규 및 연장 인증수수료의 70%까지 지원(기업당 최대 40만원 || 5000.0만원/revenue_condition/review: 기업창작전담부서 중 1개 이상 보유▷ 직전 4개 분기 연구개발비 5천만원 이상▷ 직전 4개 분기 총매출액 대비 연구개발비 5%이상(창업 3년 미만은 제외)▷ 사업성 평가 우수 중소벤처기업진흥공단,https://www.bizinfo.go.kr/sii/siia/selectSIIA200Detail.do?pblancId=PBLN_000000000122045
PBLN_000000000122168,[경북] 경주시 2026년 소규모 사업장 방지시설 설치 지원사업 공고,경상북도,selected_candidate_missing,대표금액 없음,Gemini/규칙 검수 후에도 기업당/과제당 최대 지원금으로 볼 후보가 없음,총규모/조건/비현금 후보를 대표금액으로 오인할 위험,금액 업데이트 제외. 필요하면 수기검수로 근거 문장 직접 확인,no_representative_amount,,최대 80% 지원,,,,4,50600.0만원/total_project_cost/review: 2026년 5월 18일경 주 시 장 □ 사 업 명 : 2026년 소규모 사업장 방지시설 설치 지원사업 * 사물인터넷(IoT) 측정기기 부착 지원 (방지시설 설치 지원 제외)□ 총사업비 : 506백만원(국비211 || 41600.0만원/unknown/review: 선착순 접수에 따라 2025년 사업비 우선 지급 - 2026년도 본 예 산 : 416백만원(국비 166 || 9000.0만원/self_funding/review: 자부담 166) - 2025년도 이월예산 : 90백만원(국비 45 || None만원/support_ratio/ratio_cap: [경북] 경주시 2026년 소규모 사업장 방지시설 설치 지원사업 공고 경상북도 기업마당>정책정보>지원사업 공고 기업마당 본문 바로가기 주메뉴 바로가기 기업마당 > 정책정보 > 지원사업 공고 메뉴열기 로그인 정책정보 정책정보 지원사업 공고 품목별 법정의무 인증제도 행사정보 정책뉴스 입법·행정예고/고시 월간 중기누리 활용정보 활용정보 기업업무용 서식 입주기업 모집공고 온라인화상회의실 정책정보 개,https://www.bizinfo.go.kr/sii/siia/selectSIIA200Detail.do?pblancId=PBLN_000000000122168
PBLN_000000000122275,[대구] 2026년 2차 지역혁신 중심 대학지원체계(RISE) 사업 협업ㆍ지원대상 기업 모집 공고,교육부,selected_candidate_missing,대표금액 없음,Gemini/규칙 검수 후에도 기업당/과제당 최대 지원금으로 볼 후보가 없음,총규모/조건/비현금 후보를 대표금액으로 오인할 위험,금액 업데이트 제외. 필요하면 수기검수로 근거 문장 직접 확인,no_representative_amount,5500.0,,,,,5,"4400.0만원/unknown/review: 간접 지원* 부가가치세 포함 금액 과제별44백만원6 개 사 내외② 학 || 5500.0만원/unknown/review: 과제별55백만원2 개 사 내외③ 학 || 5500.0만원/unknown/review: 산학협력 공동 개발 * ‘기술원’ 外 RISE 참여 대구 대학(경북대 등 10개 대학) 전문가와 공동 신청 과제별55백만원2 개 사 내외④ 개발 서비스 || 4400.0만원/total_support_scale/review: (지원규모) 최대 4,400만원(부가세 포함) - 기업 대응 투자금 : 총 사업비의 25% 이상(현물불가*)* 대협약체결일 이후 || 5500.0만원/total_support_scale/review: (지원규모) 최대 5,500만원(부가세 포함) - 기업 대응 투자금 : 총 사업비의 25% 이상(현물불가*)* 협약체결일 이후",https://www.bizinfo.go.kr/sii/siia/selectSIIA200Detail.do?pblancId=PBLN_000000000122275
PBLN_000000000122640,[경북] 2026년 경북산업기술단지 거점기능강화사업 기술닥터제 활성화 지원사업 공고,중소벤처기업부,selected_candidate_missing,정책판단/대표 제외,"후보는 있으나 대부분 총규모, 조건금액, 비현금, 수수료 등 대표 제외 성격",업로드 기준이 정책 판단에 따라 달라져 자동 확정 불가,자동 업로드 제외. 정책상 보여줄 필요가 있으면 별도 타입으로 수기 결정,exclude_or_policy_decision,300000.0,최대 30억원,,,,6,"0.0만원/revenue_condition/review: 애로기술 미해결 시(필수사항) : 미해결 사유 및 대안제시 내용 기술 ­ (예시) 기술부분이 아닌 경영상의 애로(미해결 사유) → 기업지원사업 소개 및 연계(대안제시) 현장애로기술 지원결과 (기업체 종합의견) 氠瑢 애로기술해결기대효과 (예시) : 정량적인 기대효과 기술 氠瑢 구 분 지원전 지원후 성과 세부근거 매출액(단위: 천원) ㆍ지원전 : 000(단가)x000개=000천원 ㆍ지원후 : 0 || 0.0만원/revenue_condition/review: 애로기술 미해결 시(필수사항) : 미해결 사유 및 대안제시 내용 기술 ­ (예시) 기술부분이 아닌 경영상의 애로(미해결 사유) → 기업지원사업 소개 및 연계(대안제시) 현장애로기술 지원결과 (기업체 종합의견) 氠瑢 애로기술해결기대효과 (예시) : 정량적인 기대효과 기술 氠瑢 구 분 지원전 지원후 성과 세부근거 매출액(단위: 천원) ㆍ지원전 : 000(단가)x000개=000천원 ㆍ지원후 : 0 || 0.0만원/revenue_condition/review: 애로기술 미해결 시(필수사항) : 미해결 사유 및 대안제시 내용 기술 ­ (예시) 기술부분이 아닌 경영상의 애로(미해결 사유) → 기업지원사업 소개 및 연계(대안제시) 현장애로기술 지원결과 (기업체 종합의견) 氠瑢 애로기술해결기대효과 (예시) : 정량적인 기대효과 기술 氠瑢 구 분 지원전 지원후 성과 세부근거 매출액(단위: 천원) ㆍ지원전 : 000(단가)x000개=000천원 ㆍ지원후 : 0 || 0.0만원/revenue_condition/review: 애로기술 미해결 시(필수사항) : 미해결 사유 및 대안제시 내용 기술 ­ (예시) 기술부분이 아닌 경영상의 애로(미해결 사유) → 기업지원사업 소개 및 연계(대안제시) 현장애로기술 지원결과 (기업체 종합의견) 氠瑢 애로기술해결기대효과 (예시) : 정량적인 기대효과 기술 氠瑢 구 분 지원전 지원후 성과 세부근거 매출액(단위: 천원) ㆍ지원전 : 000(단가)x000개=000천원 ㆍ지원후 : 0 || 300000.0만원/consulting_fee/recommend_only: 2026년 월 일 氠瑢 위 확인인 소 속 : 주민등록번호 : 성 명 : (인) (재)경북테크노파크 원장 귀하 氠瑢 영 수 증 금 원정 (금 원정) 위 금액을 2026년 『2026년 기술닥터제 활성화 지원사업』의 현장애로기술 지원기업 (지원기업명) 컨설팅 및 자문료(1회 300,000만원 × 회)로 정히 영수 합니다 || ... 후보 1개 추가",https://www.bizinfo.go.kr/sii/siia/selectSIIA200Detail.do?pblancId=PBLN_000000000122640
PBLN_000000000122644,[경북] 2026년 2차 미래자동차 사업재편 혁신성장 지원사업 공고,경상북도,selected_candidate_missing,대표금액 없음,Gemini/규칙 검수 후에도 기업당/과제당 최대 지원금으로 볼 후보가 없음,총규모/조건/비현금 후보를 대표금액으로 오인할 위험,금액 업데이트 제외. 필요하면 수기검수로 근거 문장 직접 확인,no_representative_amount,3200.0,"최대 3,200만원",,,,3,"3200.0만원/total_support_scale/review: 중견기업의 미래자동차 사업재편 혁신성장 지원을 통해 미래자동차 부품분야로 전환 □ 신청자격 ❍ 중소기업: 중소기업기본법 제2조의 제1항 및 같은 법 시행령 제3조 (중소 기업 범위)에 따른 기업 ❍ 중견기업: 중견기업 성장촉진 및 경쟁력 강화에 관한 특별법 제2조 1호 의 기업 ❍ 법인사업자만 신청가능하며 개인사업자는 신청 불가 □ 지원대상 ❍ 경북 지역에 본사 또는 공장이 있는(자동차부품 || 400.0만원/consulting_fee/recommend_only: 아이템발굴 등 * 선정된 기업은 후년 사업에서 심화컨설팅 지원시 우대 예정 건당: 4,000천원 사업재편 승인기업 후속지원 (1건) ① 지식재산(IP) 획득 컨설팅 지원 ･ 사업재편 승인 기업이 이행 과정에서 필요한 지식재산권 획득을 지원 || 400.0만원/unknown/review: 역량 확보 방안 등 지원 * ① or ② 선택 지원 건당: 4,000천원 ❍ 프로그램 신청 기업이 미래형자동차(자율 주행차",https://www.bizinfo.go.kr/sii/siia/selectSIIA200Detail.do?pblancId=PBLN_000000000122644
PBLN_000000000122744,2026년 2차 GLP(세포독성) 시험평가인증 지원사업 공고(메카노바이오활성소재 혁신의료기기 실증 기반구축),산업통상부,non_cash_only,비현금/수수료/컨설팅성,후보가 현금 보조금이 아니라 인증/시험/컨설팅/장비활용/수수료 계열,현금지원금처럼 차감하면 ROI가 과대 계산될 위험,ROI 직접 차감 대신 추천/참고 정보로만 사용,recommend_only_or_exclude,,,,,,2,0.0만원/equipment_usage_fee/recommend_only: hwp] 捤獥 汤捯 湰灧 【서식 1】 氠瑢 2026년 GLP(세포독성) 시험평가인증 지원사업 신청서 기 업 개 요 기 업 명 대 표 자 사업자등록번호 홈페이지 http:// 소 재 지 (주 소) (우편번호 : ) 업 종 한국표준산업분류코드 (대분류/중분류) 업 태 신 청 개 요 평가기관명 평가장비명 제 품 명 사용 목적 시험항목 시험방법(적용 규격) 요구사항 사용료 예상 일정 기재 요망 담 || 0.0만원/equipment_usage_fee/recommend_only: pdf] - 1 - 【서식 1】2026년 GLP(세포독성) 시험평가인증 지원사업 신청서기업개 요 기 업 명 대 표 자사업자등록번호홈페이지http://소 재 지(주 소)(우편번호 : )업 종한국표준산업분류코드(대분류/중분류) 업 태신청개요 평가기관명평가장비명제 품 명 사용 목적시험항목시험방법(적용 규격) 요구사항사용료예상 일정기재 요망담 당 자(과제 책임자)소속부서직위성명E-mail연락처휴대전,https://www.bizinfo.go.kr/sii/siia/selectSIIA200Detail.do?pblancId=PBLN_000000000122744
PBLN_000000000122761,"2026년 2차 재생에너지R&D(태양광, 풍력) 신규지원대상 연구개발과제 공고",기후에너지환경부,selected_candidate_missing,대표금액 없음,Gemini/규칙 검수 후에도 기업당/과제당 최대 지원금으로 볼 후보가 없음,총규모/조건/비현금 후보를 대표금액으로 오인할 위험,금액 업데이트 제외. 필요하면 수기검수로 근거 문장 직접 확인,no_representative_amount,2050000.0,최대 205억원,,,,3,"2050000.0만원/unknown/review: 연구개발비 지원 규모 및 기간 o 총 205억원 내외 지원 (단위 : 억원 || 2050000.0만원/unknown/review: 연구개발비 지원 규모 및 기간 o 총205억원 내외 지원 (단위 : 억원 || None만원/support_ratio/ratio_cap: 2026년 2차 재생에너지R&D(태양광, 풍력) 신규지원대상 연구개발과제 공고 기후에너지환경부 기업마당>정책정보>지원사업 공고 기업마당 본문 바로가기 주메뉴 바로가기 기업마당 > 정책정보 > 지원사업 공고 메뉴열기 로그인 정책정보 정책정보 지원사업 공고 품목별 법정의무 인증제도 행사정보 정책뉴스 입법·행정예고/고시 월간 중기누리 활용정보 활용정보 기업업무용 서식 입주기업 모집공고 온라인화상회",https://www.bizinfo.go.kr/sii/siia/selectSIIA200Detail.do?pblancId=PBLN_000000000122761
PBLN_000000000122820,2026년 한국형 ARPA-H 프로젝트 신규지원 대상과제 통합 공고,보건복지부,selected_candidate_missing,대표금액 없음,Gemini/규칙 검수 후에도 기업당/과제당 최대 지원금으로 볼 후보가 없음,총규모/조건/비현금 후보를 대표금액으로 오인할 위험,금액 업데이트 제외. 필요하면 수기검수로 근거 문장 직접 확인,no_representative_amount,1930000.0,최대 193억원,,,,28,"1800000.0만원/total_support_scale/review: 평가 결과 등에 따라 변동 가능 임무 RFP 번호 RFP명 지원규모 지원기간 * 선정예정 과제 수 ① 보건 안보 1 장기 면역 유도 백신 플랫폼 개발 총 18,000백만원 이내 연간 최대 4 || 400000.0만원/unknown/review: 000백만원 이내 연간 최대 4,000백만원 (1차년도 1 || 100000.0만원/unknown/review: 000백만원 (1차년도 1,000백만원 || 1800000.0만원/unknown/review: 5+2) 이내 2개 2 잠복 감염 활성화 원천 차단 플랫폼 개발 총 18,000백만원 이내 연간 최대 4 || 400000.0만원/unknown/review: 000백만원 이내 연간 최대 4,000백만원 (1차년도 1 || ... 후보 23개 추가",https://www.bizinfo.go.kr/sii/siia/selectSIIA200Detail.do?pblancId=PBLN_000000000122820
PBLN_000000000122852,2026년 하반기 우수 상용품 시범사용 제안제품 접수 공고,국방부,selected_candidate_missing,대표금액 없음,Gemini/규칙 검수 후에도 기업당/과제당 최대 지원금으로 볼 후보가 없음,총규모/조건/비현금 후보를 대표금액으로 오인할 위험,금액 업데이트 제외. 필요하면 수기검수로 근거 문장 직접 확인,no_representative_amount,2000.0,"최대 2,000만원",,,,1,2000.0만원/unknown/review: 제품 가격자료(견적서) * 조달청 단가계약 제품의 경우 동일가격 적용 * 단가 2천만원 이상의 제품은 임차방식의 견적 제출가능부가세,https://www.bizinfo.go.kr/sii/siia/selectSIIA200Detail.do?pblancId=PBLN_000000000122852
PBLN_000000000122891,2026년 2차 전력정보화 및 정책지원사업(신재생에너지 분야) 신규지원 대상과제 공고,기후에너지환경부,selected_candidate_missing,대표금액 없음,Gemini/규칙 검수 후에도 기업당/과제당 최대 지원금으로 볼 후보가 없음,총규모/조건/비현금 후보를 대표금액으로 오인할 위험,금액 업데이트 제외. 필요하면 수기검수로 근거 문장 직접 확인,no_representative_amount,5000.0,"최대 5,000만원",,,,4,12000.0만원/unknown/review: 과 제 명 기간 예산 RFP 1 계약시장제도 도입에 따른 제도 전환 세부 설계 방안 마련 연구 12개월 120백만원 RFP 2 태양광 발전설비 재해예방을 위한 시공 기준 강화 및 철강 구조물 품질관리 기준 마련을 위한 정책 연구 6개월 45백만원 RFP 3 || 12000.0만원/unknown/review: kr) 별첨1 전력정보화 및 정책지원사업 과제 제안서 RFP 1 과 제 명 계약시장제도 도입에 따른 제도 전환 세부 설계 방안 마련 연구 사업기간 12개월 소요예산 120백만원 □ 세부내용 사업필요성 ㅇ 국정과제 및 재생에너지기본계획에 따라 RPS 제도 개편을 통한 계약시장제도 도입 필요하며 || 4500.0만원/unknown/review: 그 밖에 정부 및 전담기관(에공단)에서 계약시장제도 운영에 관련하여 추가로 요구하는 내용 RFP 2 과 제 명 태양광 발전설비 재해예방을 위한 시공 기준 강화 및 철강 구조물 품질관리 기준 마련을 위한 정책 연구 사업기간 6개월 소요예산 45백만원 □ 세부내용 사업필요성 ㅇ 재생에너지설비를 설치하고자 하는 소유자와 시공자 등이 설계 || None만원/support_ratio/ratio_cap: 2026년 2차 전력정보화 및 정책지원사업(신재생에너지 분야) 신규지원 대상과제 공고 기후에너지환경부 기업마당>정책정보>지원사업 공고 기업마당 본문 바로가기 주메뉴 바로가기 기업마당 > 정책정보 > 지원사업 공고 메뉴열기 로그인 정책정보 정책정보 지원사업 공고 품목별 법정의무 인증제도 행사정보 정책뉴스 입법·행정예고/고시 월간 중기누리 활용정보 활용정보 기업업무용 서식 입주기업 모집공고 온라,https://www.bizinfo.go.kr/sii/siia/selectSIIA200Detail.do?pblancId=PBLN_000000000122891
PBLN_000000000122942,[세종] 조달청 다수공급자계약(MAS) 활용 컨설팅 지원사업 공고,세종특별자치시,non_cash_only,비현금/수수료/컨설팅성,후보가 현금 보조금이 아니라 인증/시험/컨설팅/장비활용/수수료 계열,현금지원금처럼 차감하면 ROI가 과대 계산될 위험,ROI 직접 차감 대신 추천/참고 정보로만 사용,recommend_only_or_exclude,200.0,최대 200만원,,,,2,200.0만원/consulting_fee/recommend_only: 공장등록증 등 제조 및 생산을 증명 가능한 기업에 한함 ☞ 조달청 다수공급자계약 제도를 활용한 나라장터 종합 쇼핑몰 제품 등록 컨설팅 지원 - 지원대상 업체로 선정시200만원 상당의 MAS등록 컨설팅비 지원 - 기업당 1개품명 || 200.0만원/consulting_fee/recommend_only: 공장등록증등제조및생산을증명가능한기업에한함 ❍ 선정기업 : 3개 기업 *선착순접수순마감 ❍ 지원내용 : 조달청 다수공급자계약 제도를 활용한 나라장터 종합쇼핑몰 제품 등록 컨설팅*지원대상업체로선정시200만원상당의MAS등록컨설팅비지원*기업당1개품명,https://www.bizinfo.go.kr/sii/siia/selectSIIA200Detail.do?pblancId=PBLN_000000000122942
PBLN_000000000122971,[경북] 2026년 경북중소기업기술혁신협의회 경북형 R&D플랫폼 참여기업 모집 공고,경상북도,selected_candidate_missing,정책판단/대표 제외,"후보는 있으나 대부분 총규모, 조건금액, 비현금, 수수료 등 대표 제외 성격",업로드 기준이 정책 판단에 따라 달라져 자동 확정 불가,자동 업로드 제외. 정책상 보여줄 필요가 있으면 별도 타입으로 수기 결정,exclude_or_policy_decision,,지원금 확인 필요,,,,2,100000.0만원/revenue_condition/review: ☞ 경상북도에 소재한 제조 중소기업으로 2025년 기준 매출액 10억원 || 100000.0만원/revenue_condition/review: (금) 18시까지2 지원요건 및 지원내용 □ 신청자격-경상북도에 소재한 제조 중소기업으로 2025년 기준 매출액 10억원,https://www.bizinfo.go.kr/sii/siia/selectSIIA200Detail.do?pblancId=PBLN_000000000122971
PBLN_000000000123119,2026년 바이오프린팅 활용 첨단바이오 활성화 지원사업(시설ㆍ장비 활용) 수혜기업 모집 공고,경상북도,selected_candidate_missing,정책판단/대표 제외,"후보는 있으나 대부분 총규모, 조건금액, 비현금, 수수료 등 대표 제외 성격",업로드 기준이 정책 판단에 따라 달라져 자동 확정 불가,자동 업로드 제외. 정책상 보여줄 필요가 있으면 별도 타입으로 수기 결정,exclude_or_policy_decision,3000.0,"최대 3,000만원",,,,8,1500.0만원/equipment_usage_fee/recommend_only: 개인 또는 법인사업자이며 주사업장(사업자등록증상)이 국내에 주소를 두어야 함 ☞ 바이오프린팅 인공장기 상용화지원센터 시설 및 장비 활용 지원(실비 지급) - 시설 : 바이오프린팅 인공장기 상용화지원센터 시설료(최대 15백만원/개소) - 장비 : 바이오프린팅 인공장기 상용화지원센터 장비 사용료(총사업비 내 || 1500.0만원/total_project_cost/review: 2층 QC실 - 장비 : GMP 및 QC실 내 구축된 장비 최대15백만원* /개소 총사업비 30백만원 장비 || 3000.0만원/total_project_cost/review: 2층 QC실 - 장비 : GMP 및 QC실 내 구축된 장비 최대15백만원* /개소 총사업비 30백만원 장비 || 3000.0만원/total_project_cost/review: 지원** 총사업비 30백만원 * 총 지원금 내 || 1500.0만원/total_project_cost/review: 2층 QC실 - 장비 : GMP 및 QC실 내 구축된 장비최대15백만원*/개소총사업비 30백만원장비 || ... 후보 3개 추가,https://www.bizinfo.go.kr/sii/siia/selectSIIA200Detail.do?pblancId=PBLN_000000000123119
PBLN_000000000123130,2026년 K-온디바이스 AI반도체 기술개발사업 신규 지원대상 연구개발과제 공고,산업통상부,selected_candidate_missing,대표금액 없음,Gemini/규칙 검수 후에도 기업당/과제당 최대 지원금으로 볼 후보가 없음,총규모/조건/비현금 후보를 대표금액으로 오인할 위험,금액 업데이트 제외. 필요하면 수기검수로 근거 문장 직접 확인,no_representative_amount,50000.0,최대 5억원,,,,12,50000.0만원/unknown/review: * 기본채용 인원 : 전체 연구개발기간에 걸친 각 참여기업의 정부지원연구개발비 합계액(계획금액 기준)이 5억원 이상인 경우 청년인력은 1차년도에 1명 이상 배정하여야 하며 || 50000.0만원/unknown/review: 정부지원연구개발비 합계액이 5억원의 배수에 달할 때마다 해당 연도 말까지 채용하여야 할 인원을 1명씩 가산 예시) 연구개발기관 중 3개의 기업이 나누어 받는 총 정부지원연구개발 || 138000.0만원/unknown/review: 정부지원연구개발비 합계액이 5억원의 배수에 달할 때마다 해당 연도 말까지 채용하여야 할 인원을 1명씩 가산 예시) 연구개발기관 중 3개의 기업이 나누어 받는 총 정부지원연구개발비 13.8억원인 경우 || 38000.0만원/unknown/review: 참여기업의 연차별 기본채용 인원수 구분1차년도2차년도3차년도해당연도누적해당연도누적해당연도누적정부지원연구개발비3.8억3 || 38000.0만원/unknown/review: 구분1차년도2차년도3차년도해당연도누적해당연도누적해당연도누적정부지원연구개발비3.8억3.8억5억8.8억5억13.8억기본채용 인원1명1명1명2명0명2명□참여연구원 출산전후 휴 || ... 후보 7개 추가,https://www.bizinfo.go.kr/sii/siia/selectSIIA200Detail.do?pblancId=PBLN_000000000123130
PBLN_000000000123189,[충북] 지능형첨단부품산업의 디지털전환 거점 구축 사업 AI 융합 제품ㆍ솔루션 고도화 지원 수혜기업 모집 공고,산업통상부,selected_candidate_missing,정책판단/대표 제외,"후보는 있으나 대부분 총규모, 조건금액, 비현금, 수수료 등 대표 제외 성격",업로드 기준이 정책 판단에 따라 달라져 자동 확정 불가,자동 업로드 제외. 정책상 보여줄 필요가 있으면 별도 타입으로 수기 결정,exclude_or_policy_decision,,최대 10% 지원,,,,6,"4000.0만원/total_project_cost/review: 사업화 매출 및 고용 창출 등 사업화 전략 소요비용  총괄 사업비 구성 氠瑢 (단위: 천원) 구 분 지원금 기업부담금 총 사업비 금 액 최대 지원금 40,000천원 지원금의 10% 이상  비목별 사업비 세부내역 氠瑢 (단위: 천원 || 4000.0만원/total_support_scale/review: 후 성능 비교 결과보고서q (지원규모) 기업당 최대 40,000천원 이내 * 기업부담금 지원금의 10% 이상 || 4400.0만원/total_project_cost/review: VAT 별도[사업비 예시](총사업비) 44,000천원 = 지원금 40 || 4000.0만원/self_funding/review: 000천원 = 지원금 40,000천원 + 기업부담금 4 || 400.0만원/self_funding/review: 000천원 + 기업부담금 4,000천원(지원금 10%이상) 3 신청방법q (접수기한) `26 || ... 후보 1개 추가",https://www.bizinfo.go.kr/sii/siia/selectSIIA200Detail.do?pblancId=PBLN_000000000123189
PBLN_000000000123354,[부산] 2026년 도시형소공인 맞춤형 패키지 지원사업 모집 공고,부산광역시,selected_candidate_missing,대표금액 없음,Gemini/규칙 검수 후에도 기업당/과제당 최대 지원금으로 볼 후보가 없음,총규모/조건/비현금 후보를 대표금액으로 오인할 위험,금액 업데이트 제외. 필요하면 수기검수로 근거 문장 직접 확인,no_representative_amount,1200000.0,최대 120억원,,,,28,"450.0만원/total_support_scale/review: 총 16일 ◦ 지원규모 : 최대 4,500,000원(市 80% || 1200000.0만원/unknown/review: 제조업 10 식료품 제조업 120억원 이하 10명 미만 11 음료 제조업 120억원 이하 12 담배 제조업 80억원 이하 13 섬유제품 제조업 80억원 이하 14 의복 || 1200000.0만원/unknown/review: 제조업 10 식료품 제조업 120억원 이하 10명 미만 11 음료 제조업 120억원 이하 12 담배 제조업 80억원 이하 13 섬유제품 제조업 80억원 이하 14 의복 || 800000.0만원/unknown/review: 제조업 10 식료품 제조업 120억원 이하 10명 미만 11 음료 제조업 120억원 이하 12 담배 제조업 80억원 이하 13 섬유제품 제조업 80억원 이하 14 의복 || 800000.0만원/unknown/review: 제조업 10 식료품 제조업 120억원 이하 10명 미만 11 음료 제조업 120억원 이하 12 담배 제조업 80억원 이하 13 섬유제품 제조업 80억원 이하 14 의복 || ... 후보 23개 추가",https://www.bizinfo.go.kr/sii/siia/selectSIIA200Detail.do?pblancId=PBLN_000000000123354
PBLN_000000000123374,[전남] 첨단로봇ㆍAI 활용 중소기업 제조혁신 사업 기업지원(실증지원) 모집 공고,전라남도,selected_candidate_missing,대표금액 없음,Gemini/규칙 검수 후에도 기업당/과제당 최대 지원금으로 볼 후보가 없음,총규모/조건/비현금 후보를 대표금액으로 오인할 위험,금액 업데이트 제외. 필요하면 수기검수로 근거 문장 직접 확인,no_representative_amount,21000.0,최대 2.1억원,,,,3,21000.0만원/total_support_scale/review: 로봇 대표공정모델 실증 및 보급 확산을 통한 도내 첨단로봇기업의 제조혁신 경쟁력 향상 도모 ㅇ (지원규모) 2.1억원 ㅇ (지원기간) 협약일로부터 ~ 2026 || 7000.0만원/unknown/review: 외 제조로봇 및 로봇SI기업 기업당 최대 70백만원 || None만원/support_ratio/ratio_cap: [전남] 첨단로봇ㆍAI 활용 중소기업 제조혁신 사업 기업지원(실증지원) 모집 공고 전라남도 기업마당>정책정보>지원사업 공고 기업마당 본문 바로가기 주메뉴 바로가기 기업마당 > 정책정보 > 지원사업 공고 메뉴열기 로그인 정책정보 정책정보 지원사업 공고 품목별 법정의무 인증제도 행사정보 정책뉴스 입법·행정예고/고시 월간 중기누리 활용정보 활용정보 기업업무용 서식 입주기업 모집공고 온라인화상회의실,https://www.bizinfo.go.kr/sii/siia/selectSIIA200Detail.do?pblancId=PBLN_000000000123374
PBLN_000000000123379,[경북] 포항시 2026년 지역 기업 투자유치 활성화를 위한 Rising Star IR DAY 참가기업 모집 공고,경상북도,selected_candidate_missing,대표금액 없음,Gemini/규칙 검수 후에도 기업당/과제당 최대 지원금으로 볼 후보가 없음,총규모/조건/비현금 후보를 대표금액으로 오인할 위험,금액 업데이트 제외. 필요하면 수기검수로 근거 문장 직접 확인,no_representative_amount,400.0,최대 400만원,,,,1,400.0만원/unknown/review: 피칭 코칭 등(1社당 최대 4백만원,https://www.bizinfo.go.kr/sii/siia/selectSIIA200Detail.do?pblancId=PBLN_000000000123379
PBLN_000000000123387,[경기] 안양시 2026년 우수기업 선정 공고,경기도,selected_candidate_missing,대표금액 없음,Gemini/규칙 검수 후에도 기업당/과제당 최대 지원금으로 볼 후보가 없음,총규모/조건/비현금 후보를 대표금액으로 오인할 위험,금액 업데이트 제외. 필요하면 수기검수로 근거 문장 직접 확인,no_representative_amount,500.0,최대 500만원,,,,4,500000.0만원/revenue_condition/review: 벤처기업 - 안양 지역 내 사업 활동기간 2년 이상(공고일 현재) - 매출액 50억원 이상이며 종업원 수 20명 이상(2025년 12월말 기준) - 세금(국세 || 20000.0만원/unknown/review: 전기) 연구개발비 평균 = (전기연구개발비+당기연구개발비)/2 ( ) 백만원 2억 이상 10 기술품질 관리수준 기술․품질관리수준(최근 5년) (2021 || 500.0만원/unknown/review: 이후) 기부실적 증명 자료 ( )천원 500만원 이상 기부 주체가 기업(대표자)명의 (종업원분 불인정) 5 봉사활동 (건수) 최근 2년 (2024 || None만원/support_ratio/ratio_cap: [경기] 안양시 2026년 우수기업 선정 공고 경기도 기업마당>정책정보>지원사업 공고 기업마당 본문 바로가기 주메뉴 바로가기 기업마당 > 정책정보 > 지원사업 공고 메뉴열기 로그인 정책정보 정책정보 지원사업 공고 품목별 법정의무 인증제도 행사정보 정책뉴스 입법·행정예고/고시 월간 중기누리 활용정보 활용정보 기업업무용 서식 입주기업 모집공고 온라인화상회의실 정책정보 개방 속보성 대시보드 고객알,https://www.bizinfo.go.kr/sii/siia/selectSIIA200Detail.do?pblancId=PBLN_000000000123387
PBLN_000000000123389,2026년 3차 광주 차세대 지능형 반도체 적용 온디바이스 AI 스케일업 밸리 육성 사업 성장스케일업 지원 수혜기업 추가모집 통합 공고(딥테크 스케일업 밸리 육성사업),과학기술정보통신부,selected_candidate_missing,정책판단/대표 제외,"후보는 있으나 대부분 총규모, 조건금액, 비현금, 수수료 등 대표 제외 성격",업로드 기준이 정책 판단에 따라 달라져 자동 확정 불가,자동 업로드 제외. 정책상 보여줄 필요가 있으면 별도 타입으로 수기 결정,exclude_or_policy_decision,300.0,최대 300만원,,,,5,"300.0만원/consulting_fee/recommend_only: 컨설팅 지원(최대 3,000천원/건) || 300.0만원/consulting_fee/recommend_only: 지원내용 구분지원프로그램지원규모(VAT제외)성장스케일업지원 프로그램 1) 국산 NPU 활용지원최대 3,000천원/건2) 지식재산권 확보지원3) 컨설팅 지원 || 300.0만원/total_support_scale/review: 수상 실적 등 - 6 - 【지원프로그램 상세 안내 1】 국산 NPU 활용 지원지원프로그램국산 NPU 활용 지원수행기간협약일 ~ ‘26년 11월 20일까지지원규모최대 3,000천원/건1 || 300.0만원/total_support_scale/review: 검증 계획을 포함하여 작성 - 7 - 【지원프로그램 상세 안내 2】 지식재산권 확보 지원지원프로그램지식재산권 확보 지원수행기간협약일 ~ ‘26년 11월 20일까지지원규모최대 3,000천원/건1 || 20.0만원/consulting_fee/recommend_only: 지원금 집행은 결과물 검토를 통해 전문가에게 직접 지원방식 - 결과물: 컨설팅 보고서 등 - 전문가 컨설팅 비용 : 20만원/2시간(1회)",https://www.bizinfo.go.kr/sii/siia/selectSIIA200Detail.do?pblancId=PBLN_000000000123389
PBLN_000000000123427,[경기] 안산시 2026년 로봇직업교육센터 구축사업 제조기업 로봇공정 성능개선 지원사업 공고,경기도,selected_candidate_missing,대표금액 없음,Gemini/규칙 검수 후에도 기업당/과제당 최대 지원금으로 볼 후보가 없음,총규모/조건/비현금 후보를 대표금액으로 오인할 위험,금액 업데이트 제외. 필요하면 수기검수로 근거 문장 직접 확인,no_representative_amount,210.0,최대 210만원,,,,4,"4000.0만원/total_support_scale/review: (지원규모) - (제조기업) 로봇공정 성능개선 3개 과제 ☞ 기업당 최대 40,000천원 지원 || 625.0만원/total_project_cost/review: 총 사업비 20%이상 자부담 - (공급기업) 기술사업화 3개 과제 ☞ 기업당 최대 6,250천원 지원 || 210.0만원/unknown/review: 채용 시 인건비 3개월(2,100천원 × 3개월) 별도 추가 지원∎ 로봇공정모델 실증 기준 부합 - 기존 로봇공정이 로봇공정모델 실증 기준에 부합 또는 유사한 공정에 한하여 성능개 || None만원/support_ratio/ratio_cap: [경기] 안산시 2026년 로봇직업교육센터 구축사업 제조기업 로봇공정 성능개선 지원사업 공고 경기도 기업마당>정책정보>지원사업 공고 기업마당 본문 바로가기 주메뉴 바로가기 기업마당 > 정책정보 > 지원사업 공고 메뉴열기 로그인 정책정보 정책정보 지원사업 공고 품목별 법정의무 인증제도 행사정보 정책뉴스 입법·행정예고/고시 월간 중기누리 활용정보 활용정보 기업업무용 서식 입주기업 모집공고 온라인",https://www.bizinfo.go.kr/sii/siia/selectSIIA200Detail.do?pblancId=PBLN_000000000123427
PBLN_000000000123448,해오름 이차전지 기업지원(비즈협력ㆍ스케일업) 수혜기업 모집 공고(해오름동맹 첨단이차전지 연대협력사업),경상북도,selected_candidate_missing,대표금액 없음,Gemini/규칙 검수 후에도 기업당/과제당 최대 지원금으로 볼 후보가 없음,총규모/조건/비현금 후보를 대표금액으로 오인할 위험,금액 업데이트 제외. 필요하면 수기검수로 근거 문장 직접 확인,no_representative_amount,2500.0,"최대 2,500만원",,,,4,2500.0만원/unknown/review: 기업당 최대 25백만원1과제(기업단독) || 2500.0만원/total_project_cost/review: 기업당 최대 25백만원지원조건총사업비 = TP지원금 + 기업부담금TP지원금기업부담금비고과제당 최대 25백만원총사업비의 10% 이상 현금 부담부가세 별도 (기업 부담) || 2500.0만원/total_project_cost/review: 기업당 최대 25백만원지원조건총사업비 = TP지원금 + 기업부담금TP지원금기업부담금비고과제당 최대 25백만원총사업비의 10% 이상 현금 부담부가세 별도 (기업 부담) || None만원/support_ratio/ratio_cap: 해오름 이차전지 기업지원(비즈협력ㆍ스케일업) 수혜기업 모집 공고(해오름동맹 첨단이차전지 연대협력사업) 경상북도 기업마당>정책정보>지원사업 공고 기업마당 본문 바로가기 주메뉴 바로가기 기업마당 > 정책정보 > 지원사업 공고 메뉴열기 로그인 정책정보 정책정보 지원사업 공고 품목별 법정의무 인증제도 행사정보 정책뉴스 입법·행정예고/고시 월간 중기누리 활용정보 활용정보 기업업무용 서식 입주기업 모집,https://www.bizinfo.go.kr/sii/siia/selectSIIA200Detail.do?pblancId=PBLN_000000000123448
PBLN_000000000123451,바이오의약품 소재부품장비 기업지원 프로그램 모집 공고,산업통상부,non_cash_only,비현금/수수료/컨설팅성,후보가 현금 보조금이 아니라 인증/시험/컨설팅/장비활용/수수료 계열,현금지원금처럼 차감하면 ROI가 과대 계산될 위험,ROI 직접 차감 대신 추천/참고 정보로만 사용,recommend_only_or_exclude,1000.0,"최대 1,000만원",,,,2,"1000.0만원/consulting_fee/recommend_only: ① 컨설팅, 기술지도 수요기업이 컨설팅 공급 기업과 매칭 후 지원 1건, 건당 10백만원 내외 ② 시험·평가·인증 참고용 성적서 발행 공인성적서 효력 없음 ③ 시험분석 || 1000.0만원/consulting_fee/recommend_only: 센터① 컨설팅, 기술지도-수요기업이 컨설팅 공급 기업과 매칭 후 지원1건, 건당 10백만원 내외② 시험·평가·인증-참고용 성적서 발행공 인 성 적 서 효 력 없 음③ 시험",https://www.bizinfo.go.kr/sii/siia/selectSIIA200Detail.do?pblancId=PBLN_000000000123451
PBLN_000000000123466,2026년 지능형 반도체 개발ㆍ실증지원 고신뢰 반도체 상용화를 위한 검증ㆍ확인 지원사업 기업 지원 프로그램 통합 공고,산업통상부,selected_candidate_missing,대표금액 없음,Gemini/규칙 검수 후에도 기업당/과제당 최대 지원금으로 볼 후보가 없음,총규모/조건/비현금 후보를 대표금액으로 오인할 위험,금액 업데이트 제외. 필요하면 수기검수로 근거 문장 직접 확인,no_representative_amount,0.0,최대 0.5만원,,,,11,0.1만원/unknown/review: / 설 립 일 사업장주소 책임자 성명/직급(책) Telephone e-mail Mobilephone 보유 핵심역량 유사 과업 수행 실적 氠瑢 순번 과업(용역)명 수행기간 계약금액 발주처 1 천원 2 천원 3 천원 4 천원 5 천원 합계 천원 과제 목표 및 수행 계획 추진 일정 氠瑢 계 획 5월 6월 7월 8월 || 0.2만원/unknown/review: / 설 립 일 사업장주소 책임자 성명/직급(책) Telephone e-mail Mobilephone 보유 핵심역량 유사 과업 수행 실적 氠瑢 순번 과업(용역)명 수행기간 계약금액 발주처 1 천원 2 천원 3 천원 4 천원 5 천원 합계 천원 과제 목표 및 수행 계획 추진 일정 氠瑢 계 획 5월 6월 7월 8월 || 0.3만원/unknown/review: / 설 립 일 사업장주소 책임자 성명/직급(책) Telephone e-mail Mobilephone 보유 핵심역량 유사 과업 수행 실적 氠瑢 순번 과업(용역)명 수행기간 계약금액 발주처 1 천원 2 천원 3 천원 4 천원 5 천원 합계 천원 과제 목표 및 수행 계획 추진 일정 氠瑢 계 획 5월 6월 7월 8월 || 0.4만원/unknown/review: / 설 립 일 사업장주소 책임자 성명/직급(책) Telephone e-mail Mobilephone 보유 핵심역량 유사 과업 수행 실적 氠瑢 순번 과업(용역)명 수행기간 계약금액 발주처 1 천원 2 천원 3 천원 4 천원 5 천원 합계 천원 과제 목표 및 수행 계획 추진 일정 氠瑢 계 획 5월 6월 7월 8월 || 0.5만원/unknown/review: / 설 립 일 사업장주소 책임자 성명/직급(책) Telephone e-mail Mobilephone 보유 핵심역량 유사 과업 수행 실적 氠瑢 순번 과업(용역)명 수행기간 계약금액 발주처 1 천원 2 천원 3 천원 4 천원 5 천원 합계 천원 과제 목표 및 수행 계획 추진 일정 氠瑢 계 획 5월 6월 7월 8월 || ... 후보 6개 추가,https://www.bizinfo.go.kr/sii/siia/selectSIIA200Detail.do?pblancId=PBLN_000000000123466
PBLN_000000000123470,[대구] 2026년 2차 AI솔루션 실증 참여기업 모집 공고(지역특화 제조데이터 활성화 사업),중소벤처기업부,selected_candidate_missing,정책판단/대표 제외,"후보는 있으나 대부분 총규모, 조건금액, 비현금, 수수료 등 대표 제외 성격",업로드 기준이 정책 판단에 따라 달라져 자동 확정 불가,자동 업로드 제외. 정책상 보여줄 필요가 있으면 별도 타입으로 수기 결정,exclude_or_policy_decision,13000.0,최대 1.3억원,,,,4,13000.0만원/consulting_fee/recommend_only: 31 1.3억원이내정 부 지 원 금 의 30% 현금 매칭□신청대상 ◦2025년 컨설팅(데이터진단)지원 수혜기업 신청 || 16900.0만원/total_project_cost/review: 지원 조건 : 정부지원금의 기업부담금 30% 현금 매칭 - 실증 예시 : 총 사업비(1.69억원) = 정부지원금(1 || 13000.0만원/self_funding/review: 69억원) = 정부지원금(1.3억원) + 기업부담금(0 || 3900.0만원/self_funding/review: 3억원) + 기업부담금(0.39억원),https://www.bizinfo.go.kr/sii/siia/selectSIIA200Detail.do?pblancId=PBLN_000000000123470
PBLN_000000000123478,[부산] 2026년 2차 연구개발장비 공동활용 지원사업 공고(장비사용료 지원사업 안내),부산광역시,selected_candidate_missing,대표금액 없음,Gemini/규칙 검수 후에도 기업당/과제당 최대 지원금으로 볼 후보가 없음,총규모/조건/비현금 후보를 대표금액으로 오인할 위험,금액 업데이트 제외. 필요하면 수기검수로 근거 문장 직접 확인,no_representative_amount,600.0,최대 600만원,,,,5,600.0만원/equipment_usage_fee/recommend_only: 공장 또는 연구소 등 사업자등록증 상 소재지가 확인되는 기업 ☞ 부산테크노파크 연구개발장비 사용에 따른 장비사용료 지원 - 기업당 장비사용료의 60%(기업당 연 최대 6백만원 내 지원(최대 3회 분할 신청 가능) 지원 사업신청 방법 이메일 접수 ➀ 공동활용 연구장비 목록[첨부1] 확인 후 || 600.0만원/project_budget/review: 지원예산 소진 시 사업 종료 ❍ (지원금액) 기업당 장비사용료의 60% (부가가치세 제외) 지원 - 기업당 연 최대 6백만원 내 지원 ( 최대 3회 분할 신청 가능) ❍ (지원방식) 장비사용료 기업 선납 후 사용 실적 및 증빙서류 확인에 따른 사후 환급 󰊲 지원절차 || 100.0만원/unknown/review: 제재부가금 적용 배제 사유 ① 환수금액(수회에 걸친 경우에는 과거 3년간 누적금액)이 100만원 이하 ② 「국민기초생활 보장법」에 따른 급여 || 600.0만원/project_budget/review: 지원예산 소진 시 사업 종료 ❍ (지원금액) 기업당 장비사용료의 60% (부가가치세 제외) 지원 - 기업당 연 최대 6백만원 내 지원 (최대 3회 분할 신청 가능) ❍ (지원방식) 장비사용료 기업 선납 후 사용 실적 및 증빙서류 확인에 따른 사후 환급 󰊲 지원절차 < || 600.0만원/project_budget/review: 지원예산 소진 시 사업 종료 ❍ (지원금액) 기업당 장비사용료의 60% (부가가치세 제외) 지원 - 기업당 연 최대 6백만원 내 지원 (최대 3회 분할 신청 가능) ❍ (지원방식) 장비사용료 기업 선납 후 사용 실적 및 증빙서류 확인에 따른 사후 환급지원절차① (T,https://www.bizinfo.go.kr/sii/siia/selectSIIA200Detail.do?pblancId=PBLN_000000000123478
PBLN_000000000123526,[충남] 2026년 산학연 협동프로그램 참여기업 지원사업 모집 재공고(테크노파크 생산장비 고도화),충청남도,selected_candidate_missing,대표금액 없음,Gemini/규칙 검수 후에도 기업당/과제당 최대 지원금으로 볼 후보가 없음,총규모/조건/비현금 후보를 대표금액으로 오인할 위험,금액 업데이트 제외. 필요하면 수기검수로 근거 문장 직접 확인,no_representative_amount,100.0,최대 100만원,,,,7,"600.0만원/unknown/review: PoC 비용 중 재료비(현금 6,000천원)에 대한 사용계획 구체적으로 작성 || 1500.0만원/unknown/review: 인건비(현물 15,000천원) 활용 참여인력 명시 및 가능여부확인(타과제 참여율 등) 氠瑢 (단위 : 천원) 氠瑢 목 세목 세부산출 내역 금액 합계 비율 현금 현물 합 계 || 400.0만원/unknown/review: 선정평가위원회를 통해 심층Poc 대상으로 선정되는 경우 소모성 재료비 4,000천원 증액 예정 氠瑢 7 || 200.0만원/total_support_scale/review: 선정기업은 지원로드맵 수립을 위한 PM제도 의무 참여 ❍ (지원규모) 20개사 ❍ (기업부담금) 현금 2,000천원 || 1500.0만원/self_funding/review: / 현물 15,000천원 - 현물의 경우 기업측 과제 참여인력 인건비로 계상 - 기업부담금의 경우 과제 내용에 따라 협약 추진 시 조정될 수 있음 - 2 -  신청대 || ... 후보 2개 추가",https://www.bizinfo.go.kr/sii/siia/selectSIIA200Detail.do?pblancId=PBLN_000000000123526
PBLN_000000000123596,[서울ㆍ경기ㆍ인천ㆍ강원] 2026년 중소기업 AI활용 도입을 위한 AI훈련 참여기업 모집 공고,고용노동부,non_cash_only,비현금/수수료/컨설팅성,후보가 현금 보조금이 아니라 인증/시험/컨설팅/장비활용/수수료 계열,현금지원금처럼 차감하면 ROI가 과대 계산될 위험,ROI 직접 차감 대신 추천/참고 정보로만 사용,recommend_only_or_exclude,783.0,최대 783만원,,,,1,"783.0만원/education_fee/recommend_only: 업 등의 경우에는 20인 미만도 가능) ☞ 컨설팅 비용 100% , 기업당 최대 783만원, 실무 중심 AI 프로젝트 교육 지원 ※ 자세한 지원내용 공고문 참조 사업신청",https://www.bizinfo.go.kr/sii/siia/selectSIIA200Detail.do?pblancId=PBLN_000000000123596
PBLN_000000000123638,[경남] 2026년 4차 기술경영 애로해결을 위한 Quick Solution Program(기술닥터 및 이노카페심층상담) 참여기업 모집 공고,경상남도,non_cash_only,비현금/수수료/컨설팅성,후보가 현금 보조금이 아니라 인증/시험/컨설팅/장비활용/수수료 계열,현금지원금처럼 차감하면 ROI가 과대 계산될 위험,ROI 직접 차감 대신 추천/참고 정보로만 사용,recommend_only_or_exclude,10.0,최대 10만원,,,,2,10.0만원/consulting_fee/recommend_only: 기업의 기술애로 해결을 위해 기술닥터가 기업 현장을 방문하여 컨설팅 수행(기업당 총10시간/시간당 10만원/1일 최대 3시간) - 기업이 희망하는 전문가(기술닥터)가 있는 경우 자격요건(참고 기술닥터 자격요건) 충족여부를 평가하여 적합시 우선 매칭하 || 10.0만원/consulting_fee/recommend_only: 기업의 경영애로 해결을 위해 이노카페 전문위원이 기업 현장을 방문하여 컨설팅 수행(기업당 총 5시간/시간당 10만원/1일 최대 3시간) - 기업이 희망하는 전문가가 있는 경우,https://www.bizinfo.go.kr/sii/siia/selectSIIA200Detail.do?pblancId=PBLN_000000000123638
PBLN_000000000123670,[부산] 영도구 2026년 3차 부산 커피산업 생태계 R&D 클러스트 구축사업 기업지원 프로그램 통합 모집 공고(시군구연고산업육성 협업프로젝트),중소벤처기업부,selected_candidate_missing,정책판단/대표 제외,"후보는 있으나 대부분 총규모, 조건금액, 비현금, 수수료 등 대표 제외 성격",업로드 기준이 정책 판단에 따라 달라져 자동 확정 불가,자동 업로드 제외. 정책상 보여줄 필요가 있으면 별도 타입으로 수기 결정,exclude_or_policy_decision,3300.0,"최대 3,300만원",,,,7,30000.0만원/revenue_condition/review: 전년도 매출액 3억원 이상 성장잠재력 보유 유망기업 ❍ 지원 내용 및 규모 || 100000.0만원/revenue_condition/review: 영세기업 자부담 완화를 위해 기업 매출액 10억원 미만 5% || 100000.0만원/self_funding/review: 10억원 이상 10% 자부담 (단 || 3000.0만원/self_funding/review: 기업 자부담 매칭 예시 : 지원금 30백만원 + 자부담(10%) 3백만원 = 총 사업비 33백만원(부가세 제외) || 300.0만원/self_funding/review: 기업 자부담 매칭 예시 : 지원금 30백만원 + 자부담(10%) 3백만원 = 총 사업비 33백만원(부가세 제외) || ... 후보 2개 추가,https://www.bizinfo.go.kr/sii/siia/selectSIIA200Detail.do?pblancId=PBLN_000000000123670
PBLN_000000000123680,2026년 중견기업-공공연 개방형 혁신 지원 사업 신규과제 모집 공고,산업통상부,selected_candidate_missing,정책판단/대표 제외,"후보는 있으나 대부분 총규모, 조건금액, 비현금, 수수료 등 대표 제외 성격",업로드 기준이 정책 판단에 따라 달라져 자동 확정 불가,자동 업로드 제외. 정책상 보여줄 필요가 있으면 별도 타입으로 수기 결정,exclude_or_policy_decision,700.0,최대 700만원,,,,2,700.0만원/total_support_scale/review: 한국로봇융합연구원 ㅇ (지원규모) 과제당 700만원 내외 (별도 민간매칭 없음) ㅇ (지원기간) 4개월 내외 (협약일~2026 || None만원/support_ratio/ratio_cap: 2026년 중견기업-공공연 개방형 혁신 지원 사업 신규과제 모집 공고 산업통상부 기업마당>정책정보>지원사업 공고 기업마당 본문 바로가기 주메뉴 바로가기 기업마당 > 정책정보 > 지원사업 공고 메뉴열기 로그인 정책정보 정책정보 지원사업 공고 품목별 법정의무 인증제도 행사정보 정책뉴스 입법·행정예고/고시 월간 중기누리 활용정보 활용정보 기업업무용 서식 입주기업 모집공고 온라인화상회의실 정책정보,https://www.bizinfo.go.kr/sii/siia/selectSIIA200Detail.do?pblancId=PBLN_000000000123680
PBLN_000000000123681,자동차부품기업 사이버보안 컨설팅 참여기업 모집 공고,산업통상부,selected_candidate_missing,정책판단/대표 제외,"후보는 있으나 대부분 총규모, 조건금액, 비현금, 수수료 등 대표 제외 성격",업로드 기준이 정책 판단에 따라 달라져 자동 확정 불가,자동 업로드 제외. 정책상 보여줄 필요가 있으면 별도 타입으로 수기 결정,exclude_or_policy_decision,5000.0,"최대 5,000만원",,,,2,5000.0만원/consulting_fee/recommend_only: 신청기업과 컨설팅기업이 컨소시엄 구성하여 신청 ☞ 중소ㆍ중견기업 최대 50백만원 지원 - ISO/SAE 21434 기반 CSMS 인증 대응 컨설팅 - 조직 보안체계 구축 || None만원/support_ratio/ratio_cap: 자동차부품기업 사이버보안 컨설팅 참여기업 모집 공고 산업통상부 기업마당>정책정보>지원사업 공고 기업마당 본문 바로가기 주메뉴 바로가기 기업마당 > 정책정보 > 지원사업 공고 메뉴열기 로그인 정책정보 정책정보 지원사업 공고 품목별 법정의무 인증제도 행사정보 정책뉴스 입법·행정예고/고시 월간 중기누리 활용정보 활용정보 기업업무용 서식 입주기업 모집공고 온라인화상회의실 정책정보 개방 속보성 대시보,https://www.bizinfo.go.kr/sii/siia/selectSIIA200Detail.do?pblancId=PBLN_000000000123681
PBLN_000000000123700,[대구] 2026년 산업안전보건 원스톱 서비스 지원 공고,대구광역시,selected_candidate_missing,대표금액 없음,Gemini/규칙 검수 후에도 기업당/과제당 최대 지원금으로 볼 후보가 없음,총규모/조건/비현금 후보를 대표금액으로 오인할 위험,금액 업데이트 제외. 필요하면 수기검수로 근거 문장 직접 확인,no_representative_amount,1250.0,"최대 1,250만원",,,,5,"1250.0만원/equipment_usage_fee/recommend_only: 노후 시설개선 지원(기업당 최대 12,500,000원 지원) - 컨설팅 : 안전보건 전문가가 현장 순회 점검 및 유해ㆍ위험요인 발굴개선 등 영세사업장이 안전보건 관리 체계를 구축할 수 있도록 방문 || 1100.0만원/unknown/review: 시설개선 비용은 부가세를 포함하여 최대 1,100만 원까지 예산 편성 가능 || 1250.0만원/total_support_scale/review: 노후 시설개선 지원 氠瑢 2 세부 내용 지원금액 : 기업당 최대 12,500,000원 氠瑢 지원규모 컨설팅 시설개선 비용 기업당 지원금액 1 || 150.0만원/total_support_scale/review: 000원 氠瑢 지원규모 컨설팅 시설개선 비용 기업당 지원금액 1,500,000원 11 || 1100.0만원/unknown/review: 000원 11,000,000원 *부가세 포함",https://www.bizinfo.go.kr/sii/siia/selectSIIA200Detail.do?pblancId=PBLN_000000000123700
PBLN_000000000123708,[경기] 2026년 공공의료원 AI진단보조기기 실증지원사업 참여기업 모집 공고,경기도,selected_candidate_missing,정책판단/대표 제외,"후보는 있으나 대부분 총규모, 조건금액, 비현금, 수수료 등 대표 제외 성격",업로드 기준이 정책 판단에 따라 달라져 자동 확정 불가,자동 업로드 제외. 정책상 보여줄 필요가 있으면 별도 타입으로 수기 결정,exclude_or_policy_decision,8000.0,"최대 8,000만원",,,,6,2000.0만원/consulting_fee/recommend_only: 연구소)가 경기도에 소재한 의료기기 업체 - 「중소기업기본법」 제2조에 따른 중소기업 - 식품의약품안전처의 인허가를 받은 AI진단보조기기를 생산한 기업 - 종합병원급 시장 진입이 가능한 국내 제품을 생산한 기업 ☞ 공공의료원에서 AI진단보조기기 사용자평가 레퍼런스를 제공하여 중소기업 제품 상용화 촉진(기업당 최대 20백만원) 지원 - 지원분야 : AI를 활용한 진단보조기기 || 8000.0만원/consulting_fee/recommend_only: 지원개요 □ 지원목적 : 공공의료원에서 AI진단보조기기 사용자평가 레퍼런스를 제공하여 중소기업 제품 상용화 촉진 □ 지원규모 : 총 80백만원 [4개사 지원 || 2000.0만원/total_support_scale/review: 기업당 최대 20백만원] ◦ 과제 규모에 따라 기업당 지원규모는 변경될 수 있음 ◦ 본 사업은 공공의료 인프라 구축 및 검증을 지원하는 사업으로 || 8000.0만원/consulting_fee/recommend_only: 2026년 6월 25일 경기도지사 경기도의료원장 <> □ 지원목적 : 공공의료원에서 AI진단보조기기 사용자평가 레퍼런스를 제공하여 중소기업 제품 상용화 촉진 □ 지원규모 : 총 80백만원 [4개사 지원 || 2000.0만원/total_support_scale/review: 기업당 최대 20백만원] ◦ 과제 규모에 따라 기업당 지원규모는 변경될 수 있음 ◦ 본 사업은 공공의료 인프라 구축 및 검증을 지원하는 사업으로 || ... 후보 1개 추가,https://www.bizinfo.go.kr/sii/siia/selectSIIA200Detail.do?pblancId=PBLN_000000000123708
PBLN_000000000123718,[전남광주] 2026년 2차 중소기업 맞춤형 성장지원(컨설팅) 참여기업 모집 기간 연장 공고,전남광주통합특별시,selected_candidate_missing,대표금액 없음,Gemini/규칙 검수 후에도 기업당/과제당 최대 지원금으로 볼 후보가 없음,총규모/조건/비현금 후보를 대표금액으로 오인할 위험,금액 업데이트 제외. 필요하면 수기검수로 근거 문장 직접 확인,no_representative_amount,350.0,최대 350만원,,,,6,350.0만원/consulting_fee/recommend_only: 사업 참여가 제한될 수 있음 ◦ 지원한도 : 기업당 최대 1건(개) 과제(3.5백만원/건) ◦ 지원절차 : 신청서 제출 및 선정평가 후 컨설팅 지원 氠瑢 신청서 제출 지원기업 선정 컨설팅 수행 결과보고 수당 지급 컨설팅 신청서 || 350.0만원/consulting_fee/recommend_only: 첫 번째 및 마지막 컨설팅은 대면 컨설팅으로 진행필요) 컨설팅 기간 - 지원결정일로부터 2026년 11월 30일까지 지급 한도액 - 과제별 3.5백만원(부가세 포함) || 0.0만원/unknown/review: 타기관 R&D선정(사업비00백만원) 등 || 350.0만원/consulting_fee/recommend_only: 사업 참여가 제한될 수 있음 ◦ 지원한도 : 기업당 최대 1건(개) 과제(3.5백만원/건) ◦ 지원절차 : 신청서 제출 및 선정평가 후 컨설팅 지원신청서 제출지원기업 선정컨설팅 수행결과보고수당 지급컨설팅 신청서 및 계획안 제출▶ || 350.0만원/consulting_fee/recommend_only: 첫 번째 및 마지막 컨설팅은 대면 컨설팅으로 진행필요) 컨설팅 기간 - 지원결정일로부터 2026년 11월 30일까지지급 한도액 - 과제별 3.5백만원(부가세 포함) || ... 후보 1개 추가,https://www.bizinfo.go.kr/sii/siia/selectSIIA200Detail.do?pblancId=PBLN_000000000123718
PBLN_000000000123747,2026년 디지털전환 혁신기업 기획지원 사업 (컨설팅 참여기업(관)) 모집,경상북도,selected_candidate_missing,정책판단/대표 제외,"후보는 있으나 대부분 총규모, 조건금액, 비현금, 수수료 등 대표 제외 성격",업로드 기준이 정책 판단에 따라 달라져 자동 확정 불가,자동 업로드 제외. 정책상 보여줄 필요가 있으면 별도 타입으로 수기 결정,exclude_or_policy_decision,150.0,최대 150만원,,,,2,150.0만원/consulting_fee/recommend_only: 연 구 소 중 하 나 이 상 이 설 립 되 어 있 어 야 함 □ 지원내용 - 컨설팅 참여기업(관) : 총 2개사 내외 * 지원규모는 상황에 따라 변경될 수 있음 - 지원규모 : 150만원 내외 - 주관기업에서 제안한 AI(AX전환)기술 기반으로 한 기획과제와 관련하여 전문컨설팅 기업인 컨설팅 참여기업(관)*과의 컨소시엄 운영을 || None만원/support_ratio/ratio_cap: 2026년 디지털전환 혁신기업 기획지원 사업 (컨설팅 참여기업(관)) 모집 경상북도 기업마당>정책정보>지원사업 공고 기업마당 본문 바로가기 주메뉴 바로가기 기업마당 > 정책정보 > 지원사업 공고 메뉴열기 로그인 정책정보 정책정보 지원사업 공고 품목별 법정의무 인증제도 행사정보 정책뉴스 입법·행정예고/고시 월간 중기누리 활용정보 활용정보 기업업무용 서식 입주기업 모집공고 온라인화상회의실 정책정,https://www.bizinfo.go.kr/sii/siia/selectSIIA200Detail.do?pblancId=PBLN_000000000123747
PBLN_000000000123771,[강원] 2026년 3차 지식재산 긴급지원 모집 공고,강원특별자치도,non_cash_only,비현금/수수료/컨설팅성,후보가 현금 보조금이 아니라 인증/시험/컨설팅/장비활용/수수료 계열,현금지원금처럼 차감하면 ROI가 과대 계산될 위험,ROI 직접 차감 대신 추천/참고 정보로만 사용,recommend_only_or_exclude,2000.0,"최대 2,000만원",,,,1,"2000.0만원/consulting_fee/recommend_only: 양양군 ☞ 기업당 2,000만 원 이내 지원 - 지식재산 전문가의 IP현안 진단을 통해 컨설턴트 직접컨설팅을 제공하고",https://www.bizinfo.go.kr/sii/siia/selectSIIA200Detail.do?pblancId=PBLN_000000000123771
PBLN_000000000123783,[전남광주] 첨단 스마트그린 AX실증산단 구축사업 제조경쟁력 강화를 위한 기업AX 실증지원 공고,전남광주통합특별시,selected_candidate_missing,대표금액 없음,Gemini/규칙 검수 후에도 기업당/과제당 최대 지원금으로 볼 후보가 없음,총규모/조건/비현금 후보를 대표금액으로 오인할 위험,금액 업데이트 제외. 필요하면 수기검수로 근거 문장 직접 확인,no_representative_amount,0.0,최대 0만원,,,,9,3000.0만원/unknown/review: 3천만원(부가가치세 포함) 이상 외주 용역의 경우 협약(연차협약 포함)시 사업계획서에 해당 용역의 내역 및 금액을 명시한 양식을 제출하여야 함 || 3.0만원/unknown/review: 등 일부 항목에 대해 수행기관 자체 기준이 마련된 경우에는 이를 준용하여 산정(자체 기준이 없는 경우 1인당 3만원 한도 적용) - 세미나 개최비는 과제 수행 관련 세미나 개최 필요성이 있을 경우에 한하여 산정하며 || 1.0만원/unknown/review: 식비는 1식 1만원 한도내에서 산정함 - 자체 여비기준이 있음에도 불구하고 과제 수행을 위해 별도로 정한 국내외 출장여비 기준에 따라 산정 불가 - 과제 수행과 || 0.8만원/education_fee/recommend_only: 자체규정이 마련되지 않은 경우 1인 8천원을 한도로 함 - 교육 || 3.0만원/fee/review: 조정 또는 추진과정에 대한 자문이나 관리비용에 대한 종합사업관리비는 외부기관과의 계약단가를 적용하여 산정 ㅇ 연구활동비 사용 시 기준 및 범위는 수행기관 자체규정에 따라 실제 필요한 비용을 계상하되 자체 규정이 마련되지 않은 경우 아래 한도 적용 - 회의비 : 1인당 3만원 - 출장식대 : 1식당 1만원 - 야근(특근)식대 : 1식당 8천원 ㅇ (그 밖의 비용) 과제와 직접 관련된 위탁정산 || ... 후보 4개 추가,https://www.bizinfo.go.kr/sii/siia/selectSIIA200Detail.do?pblancId=PBLN_000000000123783
SMARTFACTORY:2025-N-0211:1,2026년 제조DX멘토단 활용지원사업 통합공고,스마트공장 사업관리시스템,selected_candidate_missing,대표금액 없음,Gemini/규칙 검수 후에도 기업당/과제당 최대 지원금으로 볼 후보가 없음,총규모/조건/비현금 후보를 대표금액으로 오인할 위험,금액 업데이트 제외. 필요하면 수기검수로 근거 문장 직접 확인,no_representative_amount,,지원금 확인 필요,,,,13,"862000.0만원/total_support_scale/review: 구축 지도 및 운영 애로사항 해결지원 □ 지원규모 : 총 86.2억원 || 238.0만원/unknown/review: 선정 사전기획 3개월(8회) 500개사 내외 238만원 85% ‘26 || 476.0만원/unknown/review: 2월~수시 수시 AX기획 200개사 내외 476만원 구축지도 3개월(4회) 400개사 내외 119만원 최종 협약 후 2주 이내 사후관리 4개월 210개사 내외 최대 1 || 119.0만원/unknown/review: 2월~수시 수시 AX기획 200개사 내외 476만원 구축지도 3개월(4회) 400개사 내외 119만원 최종 협약 후 2주 이내 사후관리 4개월 210개사 내외 최대 1 || 1900.0만원/unknown/review: 2월~수시 수시 AX기획 200개사 내외 476만원 구축지도 3개월(4회) 400개사 내외 119만원 최종 협약 후 2주 이내 사후관리 4개월 210개사 내외 최대 1,900만원 50% ’26 || ... 후보 8개 추가",https://www.smart-factory.kr/usr/bg/ba/ma/bsnsPbancDtl?pbancId=2025-N-0211&pbancSn=1
SMARTFACTORY:2026-N-0010:1,2026년도 제조DX멘토단 활용지원(AX기획) 도입기업 모집 공고,스마트공장 사업관리시스템,selected_candidate_missing,대표금액 없음,Gemini/규칙 검수 후에도 기업당/과제당 최대 지원금으로 볼 후보가 없음,총규모/조건/비현금 후보를 대표금액으로 오인할 위험,금액 업데이트 제외. 필요하면 수기검수로 근거 문장 직접 확인,no_representative_amount,238.0,최대 238만원,,,,6,238.0만원/unknown/review: 선정 사전기획 3개월(8회) 500개사 내외 238만원 85% ‘26 || 476.0만원/unknown/review: 2월~수시 수시 AX기획 200개사 내외 476만원 □ 신청 자격 ◦ 국내 제조기업 중「중소기업기본법」에 따른 중소기업 및 「중견기업 성장촉진 및 경쟁력 강화에 관한 특별법」에 따른 중견기업 - || 238.0만원/total_support_scale/review: 기술애로 해결 등 제조 노하우 전수 등 □ 지원 규모 및 조건 ◦ (지원규모) 500개사 내외 ◦ (지원조건) 총 사업비의 85% 지원 氠瑢 구 분 지원방법 지원기간 사업비(분담비율) 정부지원(85%) 민간부담(15%) 사전기획 DX멘토단 1인 x 8회 최대 3개월 238만원 42만원 □ 신청기간 ◦ 2026년 2월 2일(월) ~ 예산 소진시 □ 신청방법 ◦ 스마트공장 사업관리시스템(smar || 42.0만원/total_support_scale/review: 기술애로 해결 등 제조 노하우 전수 등 □ 지원 규모 및 조건 ◦ (지원규모) 500개사 내외 ◦ (지원조건) 총 사업비의 85% 지원 氠瑢 구 분 지원방법 지원기간 사업비(분담비율) 정부지원(85%) 민간부담(15%) 사전기획 DX멘토단 1인 x 8회 최대 3개월 238만원 42만원 □ 신청기간 ◦ 2026년 2월 2일(월) ~ 예산 소진시 □ 신청방법 ◦ 스마트공장 사업관리시스템(smar || 476.0만원/unknown/review: DX 멘토단 2인 x 8회 최대 3개월 476만원 84만원 □ 신청기간 ◦ 2026년 2월 2일(월) ~ 예산 소진시 □ 신청방법 ◦ 스마트공장 사업관리시스템(smart-factory || ... 후보 1개 추가,https://www.smart-factory.kr/usr/bg/ba/ma/bsnsPbancDtl?pbancId=2026-N-0010&pbancSn=1
SMARTFACTORY:2026-N-0011:1,2026년도 제조DX멘토단 활용지원(사전기획) 도입기업 모집 공고,스마트공장 사업관리시스템,selected_candidate_missing,대표금액 없음,Gemini/규칙 검수 후에도 기업당/과제당 최대 지원금으로 볼 후보가 없음,총규모/조건/비현금 후보를 대표금액으로 오인할 위험,금액 업데이트 제외. 필요하면 수기검수로 근거 문장 직접 확인,no_representative_amount,,,,,,6,238.0만원/unknown/review: 선정 사전기획 3개월(8회) 500개사 내외 238만원 85% ‘26 || 476.0만원/unknown/review: 2월~수시 수시 AX기획 200개사 내외 476만원 □ 신청 자격 ◦ 국내 제조기업 중「중소기업기본법」에 따른 중소기업 및 「중견기업 성장촉진 및 경쟁력 강화에 관한 특별법」에 따른 중견기업 - || 238.0만원/total_support_scale/review: 기술애로 해결 등 제조 노하우 전수 등 □ 지원 규모 및 조건 ◦ (지원규모) 500개사 내외 ◦ (지원조건) 총 사업비의 85% 지원 氠瑢 구 분 지원방법 지원기간 사업비(분담비율) 정부지원(85%) 민간부담(15%) 사전기획 DX멘토단 1인 x 8회 최대 3개월 238만원 42만원 □ 신청기간 ◦ 2026년 2월 2일(월) ~ 예산 소진시 □ 신청방법 ◦ 스마트공장 사업관리시스템(smar || 42.0만원/total_support_scale/review: 기술애로 해결 등 제조 노하우 전수 등 □ 지원 규모 및 조건 ◦ (지원규모) 500개사 내외 ◦ (지원조건) 총 사업비의 85% 지원 氠瑢 구 분 지원방법 지원기간 사업비(분담비율) 정부지원(85%) 민간부담(15%) 사전기획 DX멘토단 1인 x 8회 최대 3개월 238만원 42만원 □ 신청기간 ◦ 2026년 2월 2일(월) ~ 예산 소진시 □ 신청방법 ◦ 스마트공장 사업관리시스템(smar || 476.0만원/unknown/review: DX 멘토단 2인 x 8회 최대 3개월 476만원 84만원 □ 신청기간 ◦ 2026년 2월 2일(월) ~ 예산 소진시 □ 신청방법 ◦ 스마트공장 사업관리시스템(smart-factory || ... 후보 1개 추가,https://www.smart-factory.kr/usr/bg/ba/ma/bsnsPbancDtl?pbancId=2026-N-0011&pbancSn=1
SMARTFACTORY:2026-N-0071:1,[경북] 2026년 제조DX멘토단 활용지원사업(구축지도) 도입기업 모집 공고,스마트공장 사업관리시스템,selected_candidate_missing,정책판단/대표 제외,"후보는 있으나 대부분 총규모, 조건금액, 비현금, 수수료 등 대표 제외 성격",업로드 기준이 정책 판단에 따라 달라져 자동 확정 불가,자동 업로드 제외. 정책상 보여줄 필요가 있으면 별도 타입으로 수기 결정,exclude_or_policy_decision,21.0,최대 21만원,,,,4,"119.0만원/total_support_scale/review: 구축 지도 및 운영 애로사항 해결지원 氠瑢 구분 지원기간 지원규모 지원한도 지원비중 접수 평가선정 구축 지도 3개월(4회) 400개사 내외 119만원 85% 최종 협약 후 2주 이내 수시 □ 신청 자격 ◦ 국내 제조기업 중「중소기업기본법」에 따른 중소기업 및 「중견기업 성장촉진 및 경쟁력 강 || 119.0만원/total_support_scale/review: 기술애로 해결 등 제조 노하우 전수 등 □ 지원 규모 및 조건 ◦ (지원규모) 400개사 내외 ◦ (지원조건) 총 사업비의 85% 지원 氠瑢 구 분 지원방법 지원기간 사업비(분담비율) 정부지원 민간부담 구축 지도 DX멘토단 1인 x 4회 최대 3개월 119만원(85%) 21만원(15%) * VAT미포함 □ 신청기간 ◦ 선도형 스마트공장 구축지원사업 최종 선정 및 협약 후 2주 이내 □ 신청방 || 21.0만원/total_support_scale/review: 기술애로 해결 등 제조 노하우 전수 등 □ 지원 규모 및 조건 ◦ (지원규모) 400개사 내외 ◦ (지원조건) 총 사업비의 85% 지원 氠瑢 구 분 지원방법 지원기간 사업비(분담비율) 정부지원 민간부담 구축 지도 DX멘토단 1인 x 4회 최대 3개월 119만원(85%) 21만원(15%) * VAT미포함 □ 신청기간 ◦ 선도형 스마트공장 구축지원사업 최종 선정 및 협약 후 2주 이내 □ 신청방 || 119.0만원/self_funding/review: 원) 氠瑢 항 목 정부지원금(85%) 기업부담금(15%) 합 계 DX코칭단 수당 1,190,000원 210",https://www.smart-factory.kr/usr/bg/ba/ma/bsnsPbancDtl?pbancId=2026-N-0071&pbancSn=1
SMARTFACTORY:2026-N-0073:1,[충남] 2026년 제조DX멘토단 활용지원사업(구축지도) 도입기업 모집 공고,스마트공장 사업관리시스템,selected_candidate_missing,정책판단/대표 제외,"후보는 있으나 대부분 총규모, 조건금액, 비현금, 수수료 등 대표 제외 성격",업로드 기준이 정책 판단에 따라 달라져 자동 확정 불가,자동 업로드 제외. 정책상 보여줄 필요가 있으면 별도 타입으로 수기 결정,exclude_or_policy_decision,,,,,,4,"119.0만원/total_support_scale/review: 구축 지도 및 운영 애로사항 해결지원 氠瑢 구분 지원기간 지원규모 지원한도 지원비중 접수 평가선정 구축 지도 3개월(4회) 400개사 내외 119만원 85% 최종 협약 후 2주 이내 수시 □ 신청 자격 ◦ 국내 제조기업 중「중소기업기본법」에 따른 중소기업 및 「중견기업 성장촉진 및 경쟁력 강 || 119.0만원/total_support_scale/review: 기술애로 해결 등 제조 노하우 전수 등 □ 지원 규모 및 조건 ◦ (지원규모) 400개사 내외 ◦ (지원조건) 총 사업비의 85% 지원 氠瑢 구 분 지원방법 지원기간 사업비(분담비율) 정부지원 민간부담 구축 지도 DX멘토단 1인 x 4회 최대 3개월 119만원(85%) 21만원(15%) * VAT미포함 □ 신청기간 ◦ 선도형 스마트공장 구축지원사업 최종 선정 및 협약 후 2주 이내 □ 신청방 || 21.0만원/total_support_scale/review: 기술애로 해결 등 제조 노하우 전수 등 □ 지원 규모 및 조건 ◦ (지원규모) 400개사 내외 ◦ (지원조건) 총 사업비의 85% 지원 氠瑢 구 분 지원방법 지원기간 사업비(분담비율) 정부지원 민간부담 구축 지도 DX멘토단 1인 x 4회 최대 3개월 119만원(85%) 21만원(15%) * VAT미포함 □ 신청기간 ◦ 선도형 스마트공장 구축지원사업 최종 선정 및 협약 후 2주 이내 □ 신청방 || 119.0만원/self_funding/review: 원) 氠瑢 항 목 정부지원금(85%) 기업부담금(15%) 합 계 DX코칭단 수당 1,190,000원 210",https://www.smart-factory.kr/usr/bg/ba/ma/bsnsPbancDtl?pbancId=2026-N-0073&pbancSn=1
SMARTFACTORY:2026-N-0074:1,[대구] 2026년 제조DX멘토단 활용지원사업(구축지도) 도입기업 모집 공고,스마트공장 사업관리시스템,selected_candidate_missing,정책판단/대표 제외,"후보는 있으나 대부분 총규모, 조건금액, 비현금, 수수료 등 대표 제외 성격",업로드 기준이 정책 판단에 따라 달라져 자동 확정 불가,자동 업로드 제외. 정책상 보여줄 필요가 있으면 별도 타입으로 수기 결정,exclude_or_policy_decision,21.0,최대 21만원,,,,4,"119.0만원/total_support_scale/review: 구축 지도 및 운영 애로사항 해결지원 구분 지원기간 지원규모 지원한도 지원비중 접수 평가선정 구축 지도 3개월(4회) 400개사 내외 119만원 85% 최종 협약 후 2주 이내 수시 □ 신청 자격 ◦ 국내 제조기업 중「중소기업기본법」에 따른 중소기업 및 「중견기업 성장촉진 및 경쟁력 강 || 119.0만원/total_support_scale/review: 기술애로 해결 등 제조 노하우 전수 등 □ 지원 규모 및 조건 ◦ (지원규모) 400개사 내외 ◦ (지원조건) 총 사업비의 85% 지원 구 분 지원방법 지원기간 사업비(분담비율) 정부지원 민간부담 구축 지도 DX멘토단 1인 x 4회 최대 3개월 119만원(85%) 21만원(15%) * VAT미포함 □ 신청기간 ◦ 선도형 스마트공장 구축지원사업 최종 선정 및 협약 후 2주 이내 □ 신청방법 ◦ || 21.0만원/total_support_scale/review: 기술애로 해결 등 제조 노하우 전수 등 □ 지원 규모 및 조건 ◦ (지원규모) 400개사 내외 ◦ (지원조건) 총 사업비의 85% 지원 구 분 지원방법 지원기간 사업비(분담비율) 정부지원 민간부담 구축 지도 DX멘토단 1인 x 4회 최대 3개월 119만원(85%) 21만원(15%) * VAT미포함 □ 신청기간 ◦ 선도형 스마트공장 구축지원사업 최종 선정 및 협약 후 2주 이내 □ 신청방법 ◦ || 119.0만원/self_funding/review: 원) 氠瑢 항 목 정부지원금(85%) 기업부담금(15%) 합 계 DX코칭단 수당 1,190,000원 210",https://www.smart-factory.kr/usr/bg/ba/ma/bsnsPbancDtl?pbancId=2026-N-0074&pbancSn=1
SMARTFACTORY:2026-N-0075:1,[경남]2026년 제조DX멘토단 활용지원(구축지도) 도입기업 모집 공고,스마트공장 사업관리시스템,selected_candidate_missing,정책판단/대표 제외,"후보는 있으나 대부분 총규모, 조건금액, 비현금, 수수료 등 대표 제외 성격",업로드 기준이 정책 판단에 따라 달라져 자동 확정 불가,자동 업로드 제외. 정책상 보여줄 필요가 있으면 별도 타입으로 수기 결정,exclude_or_policy_decision,21.0,최대 21만원,,,,4,"119.0만원/total_support_scale/review: 구축 지도 및 운영 애로사항 해결지원 구분 지원기간 지원규모 지원한도 지원비중 접수 평가선정 구축 지도 3개월(4회) 400개사 내외 119만원 85% 최종 협약 후 2주 이내 수시 □ 신청 자격 ◦ 국내 제조기업 중「중소기업기본법」에 따른 중소기업 및 「중견기업 성장촉진 및 경쟁력 강 || 119.0만원/total_support_scale/review: 기술애로 해결 등 제조 노하우 전수 등 □ 지원 규모 및 조건 ◦ (지원규모) 400개사 내외 ◦ (지원조건) 총 사업비의 85% 지원 구 분 지원방법 지원기간 사업비(분담비율) 정부지원 민간부담 구축 지도 DX멘토단 1인 x 4회 최대 3개월 119만원(85%) 21만원(15%) * VAT미포함 □ 신청기간 ◦ 선도형 스마트공장 구축지원사업 최종 선정 및 협약 후 2주 이내 □ 신청방법 ◦ || 21.0만원/total_support_scale/review: 기술애로 해결 등 제조 노하우 전수 등 □ 지원 규모 및 조건 ◦ (지원규모) 400개사 내외 ◦ (지원조건) 총 사업비의 85% 지원 구 분 지원방법 지원기간 사업비(분담비율) 정부지원 민간부담 구축 지도 DX멘토단 1인 x 4회 최대 3개월 119만원(85%) 21만원(15%) * VAT미포함 □ 신청기간 ◦ 선도형 스마트공장 구축지원사업 최종 선정 및 협약 후 2주 이내 □ 신청방법 ◦ || 119.0만원/self_funding/review: 원) 氠瑢 항 목 정부지원금(85%) 기업부담금(15%) 합 계 DX코칭단 수당 1,190,000원 210",https://www.smart-factory.kr/usr/bg/ba/ma/bsnsPbancDtl?pbancId=2026-N-0075&pbancSn=1
SMARTFACTORY:2026-N-0085:1,[경기북부]2026년 제조DX멘토단 활용지원(구축지도) 도입기업 모집 공고,스마트공장 사업관리시스템,selected_candidate_missing,정책판단/대표 제외,"후보는 있으나 대부분 총규모, 조건금액, 비현금, 수수료 등 대표 제외 성격",업로드 기준이 정책 판단에 따라 달라져 자동 확정 불가,자동 업로드 제외. 정책상 보여줄 필요가 있으면 별도 타입으로 수기 결정,exclude_or_policy_decision,21.0,최대 21만원,,,,4,"119.0만원/self_funding/review: 원) 氠瑢 항 목 정부지원금(85%) 기업부담금(15%) 합 계 DX코칭단 수당 1,190,000원 210 || 119.0만원/total_support_scale/review: 구축 지도 및 운영 애로사항 해결지원 氠瑢 구분 지원기간 지원규모 지원한도 지원비중 접수 평가선정 구축 지도 3개월(4회) 400개사 내외 119만원 85% 최종 협약 후 2주 이내 수시 □ 신청 자격 ◦ 국내 제조기업 중「중소기업기본법」에 따른 중소기업 및 「중견기업 성장촉진 및 경쟁력 강 || 119.0만원/total_support_scale/review: 기술애로 해결 등 제조 노하우 전수 등 □ 지원 규모 및 조건 ◦ (지원규모) 400개사 내외 ◦ (지원조건) 총 사업비의 85% 지원 氠瑢 구 분 지원방법 지원기간 사업비(분담비율) 정부지원 민간부담 구축 지도 DX멘토단 1인 x 4회 최대 3개월 119만원(85%) 21만원(15%) * VAT미포함 □ 신청기간 ◦ 선도형 스마트공장 구축지원사업 최종 선정 및 협약 후 2주 이내 □ 신청방 || 21.0만원/total_support_scale/review: 기술애로 해결 등 제조 노하우 전수 등 □ 지원 규모 및 조건 ◦ (지원규모) 400개사 내외 ◦ (지원조건) 총 사업비의 85% 지원 氠瑢 구 분 지원방법 지원기간 사업비(분담비율) 정부지원 민간부담 구축 지도 DX멘토단 1인 x 4회 최대 3개월 119만원(85%) 21만원(15%) * VAT미포함 □ 신청기간 ◦ 선도형 스마트공장 구축지원사업 최종 선정 및 협약 후 2주 이내 □ 신청방",https://www.smart-factory.kr/usr/bg/ba/ma/bsnsPbancDtl?pbancId=2026-N-0085&pbancSn=1
SMARTFACTORY:2026-N-0104:1,2026 제조DX멘토 활용지원 구축지도 도입기업 모집,스마트공장 사업관리시스템,selected_candidate_missing,대표금액 없음,Gemini/규칙 검수 후에도 기업당/과제당 최대 지원금으로 볼 후보가 없음,총규모/조건/비현금 후보를 대표금액으로 오인할 위험,금액 업데이트 제외. 필요하면 수기검수로 근거 문장 직접 확인,no_representative_amount,21.0,최대 21만원,,,,4,862000.0만원/total_support_scale/review: 구축 지도 및 운영 애로사항 해결지원□지원규모 : 총 86.2억원 || 119.0만원/unknown/review: 선정구축지도3개월(4회)400개사 내외119만원85%최종 협약 후 2주 이내수시□신청 자격◦국내 제조기업 중「중소기업기본법」에 따른 중소기업 및 「중견기업성장촉진 및 경쟁력 강화에 관한 특별 || 119.0만원/total_support_scale/review: 기술애로 해결 등 제조 노하우 전수 등□지원 규모 및 조건◦(지원규모)400개사 내외 (전국)◦(지원조건)총 사업비의 85%지원구 분지원방법지원기간사업비(분담비율)정부지원(85%)민간부담(15%)구축지도DX멘토단 1인 x 4회최대 3개월119만원21만원□ 신청기간◦대전 스마트공장 구축지원사업 최종 선정 및 협약 후 2주 이내□ 신청방법◦스마트공장 사업관리시스템(smart-factory || 21.0만원/total_support_scale/review: 기술애로 해결 등 제조 노하우 전수 등□지원 규모 및 조건◦(지원규모)400개사 내외 (전국)◦(지원조건)총 사업비의 85%지원구 분지원방법지원기간사업비(분담비율)정부지원(85%)민간부담(15%)구축지도DX멘토단 1인 x 4회최대 3개월119만원21만원□ 신청기간◦대전 스마트공장 구축지원사업 최종 선정 및 협약 후 2주 이내□ 신청방법◦스마트공장 사업관리시스템(smart-factory,https://www.smart-factory.kr/usr/bg/ba/ma/bsnsPbancDtl?pbancId=2026-N-0104&pbancSn=1
SMARTFACTORY:2026-N-0110:2,[현대자동차그룹]2026 대중소상생형 스마트공장 구축(고도화 동일),스마트공장 사업관리시스템,selected_candidate_missing,정책판단/대표 제외,"후보는 있으나 대부분 총규모, 조건금액, 비현금, 수수료 등 대표 제외 성격",업로드 기준이 정책 판단에 따라 달라져 자동 확정 불가,자동 업로드 제외. 정책상 보여줄 필요가 있으면 별도 타입으로 수기 결정,exclude_or_policy_decision,,지원금 확인 필요,,,,15,3000.0만원/total_project_cost/review: 시스템 연동 - 스마트공장 적용범위 확대를 위한 연계시스템 추가 구축 및 기존 시스템과의 연동 □ 지원조건 氠瑢 구분 지원유형 정부지원금(최대) 주관기관지원금 도입기업 사업기간(최대) 유형1 기초 0.3억원 (총사업비 30%) 0 || 6000.0만원/total_project_cost/review: 3억원 (총사업비 30%) 0.6억원 (총사업비 60%) 0 || 1000.0만원/total_project_cost/review: 6억원 (총사업비 60%) 0.1억원 (총사업비 10%) 9개월 고도화1 0 || 3000.0만원/total_project_cost/review: 1억원 (총사업비 10%) 9개월 고도화1 0.3억원 (총사업비 30%) 0 || 5000.0만원/total_project_cost/review: 3억원 (총사업비 30%) 0.5억원 (총사업비 50%) 0 || ... 후보 10개 추가,https://www.smart-factory.kr/usr/bg/ba/ma/bsnsPbancDtl?pbancId=2026-N-0110&pbancSn=2
SMARTFACTORY:2026-N-0110:4,[현대자동차그룹]2026 대중소상생형 스마트공장 구축(고도화1),스마트공장 사업관리시스템,selected_candidate_missing,정책판단/대표 제외,"후보는 있으나 대부분 총규모, 조건금액, 비현금, 수수료 등 대표 제외 성격",업로드 기준이 정책 판단에 따라 달라져 자동 확정 불가,자동 업로드 제외. 정책상 보여줄 필요가 있으면 별도 타입으로 수기 결정,exclude_or_policy_decision,,지원금 확인 필요,,,,15,3000.0만원/total_project_cost/review: 시스템 연동 - 스마트공장 적용범위 확대를 위한 연계시스템 추가 구축 및 기존 시스템과의 연동 □ 지원조건 氠瑢 구분 지원유형 정부지원금(최대) 주관기관지원금 도입기업 사업기간(최대) 유형1 기초 0.3억원 (총사업비 30%) 0 || 6000.0만원/total_project_cost/review: 3억원 (총사업비 30%) 0.6억원 (총사업비 60%) 0 || 1000.0만원/total_project_cost/review: 6억원 (총사업비 60%) 0.1억원 (총사업비 10%) 9개월 고도화1 0 || 3000.0만원/total_project_cost/review: 1억원 (총사업비 10%) 9개월 고도화1 0.3억원 (총사업비 30%) 0 || 5000.0만원/total_project_cost/review: 3억원 (총사업비 30%) 0.5억원 (총사업비 50%) 0 || ... 후보 10개 추가,https://www.smart-factory.kr/usr/bg/ba/ma/bsnsPbancDtl?pbancId=2026-N-0110&pbancSn=4
SMARTFACTORY:2026-N-0110:5,[현대자동차그룹]2026 대중소상생형 스마트공장 구축(기초),스마트공장 사업관리시스템,selected_candidate_missing,정책판단/대표 제외,"후보는 있으나 대부분 총규모, 조건금액, 비현금, 수수료 등 대표 제외 성격",업로드 기준이 정책 판단에 따라 달라져 자동 확정 불가,자동 업로드 제외. 정책상 보여줄 필요가 있으면 별도 타입으로 수기 결정,exclude_or_policy_decision,,지원금 확인 필요,,,,15,3000.0만원/total_project_cost/review: 시스템 연동 - 스마트공장 적용범위 확대를 위한 연계시스템 추가 구축 및 기존 시스템과의 연동 □ 지원조건 氠瑢 구분 지원유형 정부지원금(최대) 주관기관지원금 도입기업 사업기간(최대) 유형1 기초 0.3억원 (총사업비 30%) 0 || 6000.0만원/total_project_cost/review: 3억원 (총사업비 30%) 0.6억원 (총사업비 60%) 0 || 1000.0만원/total_project_cost/review: 6억원 (총사업비 60%) 0.1억원 (총사업비 10%) 9개월 고도화1 0 || 3000.0만원/total_project_cost/review: 1억원 (총사업비 10%) 9개월 고도화1 0.3억원 (총사업비 30%) 0 || 5000.0만원/total_project_cost/review: 3억원 (총사업비 30%) 0.5억원 (총사업비 50%) 0 || ... 후보 10개 추가,https://www.smart-factory.kr/usr/bg/ba/ma/bsnsPbancDtl?pbancId=2026-N-0110&pbancSn=5
SMARTFACTORY:2026-N-0112:1,2026년 전북형 스마트 제조혁신 프로젝트 추가모집 (JS1-일반과제),스마트공장 사업관리시스템,selected_candidate_missing,대표금액 없음,Gemini/규칙 검수 후에도 기업당/과제당 최대 지원금으로 볼 후보가 없음,총규모/조건/비현금 후보를 대표금액으로 오인할 위험,금액 업데이트 제외. 필요하면 수기검수로 근거 문장 직접 확인,no_representative_amount,,,,,,22,5000.0만원/unknown/review: 생산성 향상 지원및 간편자동화장비 도입으로 현장혁신 지원 0.5억원(0 || 4000.0만원/unknown/review: 5억원(0.4억원)6개월(+집중AS 3개월)1개사(진안)JS2(기초2)중소 || 10000.0만원/unknown/review: 억원(0.4억원)6개월(+집중AS 3개월)1개사(진안)JS2(기초2)중소·중견기업1억원(0.8억원)6개월(+집중AS 3개월)-JS3(중간1이상) 2억원(1.4억원)9개 || 8000.0만원/unknown/review: 중견기업1억원(0.8억원)6개월(+집중AS 3개월)-JS3(중간1이상) 2억원(1 || 20000.0만원/unknown/review: 8억원)6개월(+집중AS 3개월)-JS3(중간1이상) 2억원(1 || ... 후보 17개 추가,https://www.smart-factory.kr/usr/bg/ba/ma/bsnsPbancDtl?pbancId=2026-N-0112&pbancSn=1
SMARTFACTORY:2026-N-0113:1,[포스코DX] 2026년도 상생형 인공지능 전환(AX) 선도모델 구축지원 사업 공고,스마트공장 사업관리시스템,selected_candidate_missing,대표금액 없음,Gemini/규칙 검수 후에도 기업당/과제당 최대 지원금으로 볼 후보가 없음,총규모/조건/비현금 후보를 대표금액으로 오인할 위험,금액 업데이트 제외. 필요하면 수기검수로 근거 문장 직접 확인,no_representative_amount,150000.0,최대 15억원,,,,17,"150000.0만원/total_project_cost/review: 한도 15억 이내에서 지원가능 * 본 사업은 중기부에서 수행중인 ICT융합 스마트공장 보급확산사업과 동시 수행 가능총사업비(최대)지원기간정부지원한도분담비율 || 300000.0만원/unknown/review: 정부(최대)주관기관도입기업30억원12개월최대 15억원501040중간1 이상목표설정 필수(기 구축수준 무관) || 150000.0만원/unknown/review: 정부(최대)주관기관도입기업30억원12개월최대 15억원501040중간1 이상목표설정 필수(기 구축수준 무관) || 150.0만원/education_fee/recommend_only: ②교육비 및 ③기술임치 비용을 사업비의 기타 비용에 필수 포함 ①원가계산비용 :과제 당 1,500,000원 필수 편성 ②교육비 :스마트공장 기술교육(사업관리교육 및 기술교육)수강 비용(1백만원)필수 편성 ③기술임치비 :스마트공장 구축 결과물의 기술임 || 100.0만원/education_fee/recommend_only: 000원 필수 편성 ②교육비 :스마트공장 기술교육(사업관리교육 및 기술교육)수강 비용(1백만원)필수 편성 ③기술임치비 :스마트공장 구축 결과물의 기술임치비(45만원)필수 편성 ◦ (임치제도) 사업 결과물의 핵심 정보를 보관하여 개발 결과 || ... 후보 12개 추가",https://www.smart-factory.kr/usr/bg/ba/ma/bsnsPbancDtl?pbancId=2026-N-0113&pbancSn=1
SMARTFACTORY:2026-N-0114:1,[미라콤] 2026년도 상생형 인공지능 전환(AX) 선도모델 구축지원 사업 공고,스마트공장 사업관리시스템,selected_candidate_missing,대표금액 없음,Gemini/규칙 검수 후에도 기업당/과제당 최대 지원금으로 볼 후보가 없음,총규모/조건/비현금 후보를 대표금액으로 오인할 위험,금액 업데이트 제외. 필요하면 수기검수로 근거 문장 직접 확인,no_representative_amount,300000.0,최대 30억원,,,,17,"150000.0만원/total_project_cost/review: 한도 15억 이내에서 지원가능 * 본 사업은 중기부에서 수행중인 ICT융합 스마트공장 보급확산사업과 동시 수행 가능총사업비(최대)지원기간정부지원한도분담비율 || 300000.0만원/unknown/review: 정부(최대)주관기관도입기업30억원12개월최대 15억원501040중간1 이상목표설정 필수(기 구축수준 무관) || 150000.0만원/unknown/review: 정부(최대)주관기관도입기업30억원12개월최대 15억원501040중간1 이상목표설정 필수(기 구축수준 무관) || 150.0만원/education_fee/recommend_only: ②교육비 및 ③기술임치 비용을 사업비의 기타 비용에 필수 포함 ①원가계산비용 :과제 당 1,500,000원 필수 편성 ②교육비 :스마트공장 기술교육(사업관리교육 및 기술교육)수강 비용(1백만원)필수 편성 ③기술임치비 :스마트공장 구축 결과물의 기술임 || 100.0만원/education_fee/recommend_only: 000원 필수 편성 ②교육비 :스마트공장 기술교육(사업관리교육 및 기술교육)수강 비용(1백만원)필수 편성 ③기술임치비 :스마트공장 구축 결과물의 기술임치비(45만원)필수 편성 ◦ (임치제도) 사업 결과물의 핵심 정보를 보관하여 개발 결과 || ... 후보 12개 추가",https://www.smart-factory.kr/usr/bg/ba/ma/bsnsPbancDtl?pbancId=2026-N-0114&pbancSn=1
SMARTFACTORY:2026-N-0115:1,[LS일렉트릭] 2026년도 상생형 인공지능 전환(AX) 선도모델 구축지원 사업 공고,스마트공장 사업관리시스템,selected_candidate_missing,대표금액 없음,Gemini/규칙 검수 후에도 기업당/과제당 최대 지원금으로 볼 후보가 없음,총규모/조건/비현금 후보를 대표금액으로 오인할 위험,금액 업데이트 제외. 필요하면 수기검수로 근거 문장 직접 확인,no_representative_amount,150000.0,최대 15억원,,,,17,"150000.0만원/total_project_cost/review: 한도 15억 이내에서 지원가능 * 본 사업은 중기부에서 수행중인 ICT융합 스마트공장 보급확산사업과 동시 수행 가능총사업비(최대)지원기간정부지원한도분담비율 || 300000.0만원/unknown/review: 정부(최대)주관기관도입기업30억원12개월최대 15억원501040중간1 이상목표설정 필수(기 구축수준 무관) || 150000.0만원/unknown/review: 정부(최대)주관기관도입기업30억원12개월최대 15억원501040중간1 이상목표설정 필수(기 구축수준 무관) || 150.0만원/education_fee/recommend_only: ②교육비 및 ③기술임치 비용을 사업비의 기타 비용에 필수 포함 ①원가계산비용 :과제 당 1,500,000원 필수 편성 ②교육비 :스마트공장 기술교육(사업관리교육 및 기술교육)수강 비용(1백만원)필수 편성 ③기술임치비 :스마트공장 구축 결과물의 기술임 || 100.0만원/education_fee/recommend_only: 000원 필수 편성 ②교육비 :스마트공장 기술교육(사업관리교육 및 기술교육)수강 비용(1백만원)필수 편성 ③기술임치비 :스마트공장 구축 결과물의 기술임치비(45만원)필수 편성 ◦ (임치제도) 사업 결과물의 핵심 정보를 보관하여 개발 결과 || ... 후보 12개 추가",https://www.smart-factory.kr/usr/bg/ba/ma/bsnsPbancDtl?pbancId=2026-N-0115&pbancSn=1
SMARTFACTORY:2026-N-0118:1,[LG전자] 2026년도 상생형 인공지능 전환(AX) 선도모델 구축지원 사업 공고,스마트공장 사업관리시스템,selected_candidate_missing,대표금액 없음,Gemini/규칙 검수 후에도 기업당/과제당 최대 지원금으로 볼 후보가 없음,총규모/조건/비현금 후보를 대표금액으로 오인할 위험,금액 업데이트 제외. 필요하면 수기검수로 근거 문장 직접 확인,no_representative_amount,150000.0,최대 15억원,,,,17,"150000.0만원/total_project_cost/review: 한도 15억 이내에서 지원가능 * 본 사업은 중기부에서 수행중인 ICT융합 스마트공장 보급확산사업과 동시 수행 가능총사업비(최대)지원기간정부지원한도분담비율 || 300000.0만원/unknown/review: 정부(최대)주관기관도입기업30억원12개월최대 15억원501040중간1 이상목표설정 필수(기 구축수준 무관) || 150000.0만원/unknown/review: 정부(최대)주관기관도입기업30억원12개월최대 15억원501040중간1 이상목표설정 필수(기 구축수준 무관) || 150.0만원/education_fee/recommend_only: ②교육비 및 ③기술임치 비용을 사업비의 기타 비용에 필수 포함 ①원가계산비용 :과제 당 1,500,000원 필수 편성 ②교육비 :스마트공장 기술교육(사업관리교육 및 기술교육)수강 비용(1백만원)필수 편성 ③기술임치비 :스마트공장 구축 결과물의 기술임 || 100.0만원/education_fee/recommend_only: 000원 필수 편성 ②교육비 :스마트공장 기술교육(사업관리교육 및 기술교육)수강 비용(1백만원)필수 편성 ③기술임치비 :스마트공장 구축 결과물의 기술임치비(45만원)필수 편성 ◦ (임치제도) 사업 결과물의 핵심 정보를 보관하여 개발 결과 || ... 후보 12개 추가",https://www.smart-factory.kr/usr/bg/ba/ma/bsnsPbancDtl?pbancId=2026-N-0118&pbancSn=1
SMARTFACTORY:2026-N-0119:1,[CJ올리브네트웍스] 2026년도 상생형 인공지능 전환(AX) 선도모델 구축지원 사업 공고,스마트공장 사업관리시스템,selected_candidate_missing,대표금액 없음,Gemini/규칙 검수 후에도 기업당/과제당 최대 지원금으로 볼 후보가 없음,총규모/조건/비현금 후보를 대표금액으로 오인할 위험,금액 업데이트 제외. 필요하면 수기검수로 근거 문장 직접 확인,no_representative_amount,150000.0,최대 15억원,,,,17,"150000.0만원/total_project_cost/review: 한도 15억 이내에서 지원가능 * 본 사업은 중기부에서 수행중인 ICT융합 스마트공장 보급확산사업과 동시 수행 가능총사업비(최대)지원기간정부지원한도분담비율 || 300000.0만원/unknown/review: 정부(최대)주관기관도입기업30억원12개월최대 15억원501040중간1 이상목표설정 필수(기 구축수준 무관) || 150000.0만원/unknown/review: 정부(최대)주관기관도입기업30억원12개월최대 15억원501040중간1 이상목표설정 필수(기 구축수준 무관) || 150.0만원/education_fee/recommend_only: ②교육비 및 ③기술임치 비용을 사업비의 기타 비용에 필수 포함 ①원가계산비용 :과제 당 1,500,000원 필수 편성 ②교육비 :스마트공장 기술교육(사업관리교육 및 기술교육)수강 비용(1백만원)필수 편성 ③기술임치비 :스마트공장 구축 결과물의 기술임 || 100.0만원/education_fee/recommend_only: 000원 필수 편성 ②교육비 :스마트공장 기술교육(사업관리교육 및 기술교육)수강 비용(1백만원)필수 편성 ③기술임치비 :스마트공장 구축 결과물의 기술임치비(45만원)필수 편성 - 8 - ◦ (임치제도) 사업 결과물의 핵심 정보를 보관하여 || ... 후보 12개 추가",https://www.smart-factory.kr/usr/bg/ba/ma/bsnsPbancDtl?pbancId=2026-N-0119&pbancSn=1
SMARTFACTORY:2026-N-0120:1,[한국네트웍스] 2026년도 상생형 인공지능 전환(AX) 선도모델 구축지원 사업 공고,스마트공장 사업관리시스템,selected_candidate_missing,대표금액 없음,Gemini/규칙 검수 후에도 기업당/과제당 최대 지원금으로 볼 후보가 없음,총규모/조건/비현금 후보를 대표금액으로 오인할 위험,금액 업데이트 제외. 필요하면 수기검수로 근거 문장 직접 확인,no_representative_amount,150000.0,최대 15억원,,,,17,"150000.0만원/total_project_cost/review: 한도 15억 이내에서 지원가능 * 본 사업은 중기부에서 수행중인 ICT융합 스마트공장 보급확산사업과 동시 수행 가능총사업비(최대)지원기간정부지원한도분담비율 || 300000.0만원/unknown/review: 정부(최대)주관기관도입기업30억원12개월최대 15억원501040중간1 이상목표설정 필수(기 구축수준 무관) || 150000.0만원/unknown/review: 정부(최대)주관기관도입기업30억원12개월최대 15억원501040중간1 이상목표설정 필수(기 구축수준 무관) || 150.0만원/education_fee/recommend_only: ②교육비 및 ③기술임치 비용을 사업비의 기타 비용에 필수 포함 ①원가계산비용 :과제 당 1,500,000원 필수 편성 ②교육비 :스마트공장 기술교육(사업관리교육 및 기술교육)수강 비용(1백만원)필수 편성 ③기술임치비 :스마트공장 구축 결과물의 기술임 || 100.0만원/education_fee/recommend_only: 000원 필수 편성 ②교육비 :스마트공장 기술교육(사업관리교육 및 기술교육)수강 비용(1백만원)필수 편성 ③기술임치비 :스마트공장 구축 결과물의 기술임치비(45만원)필수 편성 ◦ (임치제도) 사업 결과물의 핵심 정보를 보관하여 개발 결과 || ... 후보 12개 추가",https://www.smart-factory.kr/usr/bg/ba/ma/bsnsPbancDtl?pbancId=2026-N-0120&pbancSn=1
SMARTFACTORY:2026-N-0122:1,[코오롱베니트] 2026년도 상생형 인공지능 전환(AX) 선도모델 구축지원 사업 공고,스마트공장 사업관리시스템,selected_candidate_missing,대표금액 없음,Gemini/규칙 검수 후에도 기업당/과제당 최대 지원금으로 볼 후보가 없음,총규모/조건/비현금 후보를 대표금액으로 오인할 위험,금액 업데이트 제외. 필요하면 수기검수로 근거 문장 직접 확인,no_representative_amount,150000.0,최대 15억원,,,,17,"150000.0만원/total_project_cost/review: 한도 15억 이내에서 지원가능 * 본 사업은 중기부에서 수행중인 ICT융합 스마트공장 보급확산사업과 동시 수행 가능총사업비(최대)지원기간정부지원한도분담비율 || 300000.0만원/unknown/review: 정부(최대)주관기관도입기업30억원12개월최대 15억원501040중간1 이상목표설정 필수(기 구축수준 무관) || 150000.0만원/unknown/review: 정부(최대)주관기관도입기업30억원12개월최대 15억원501040중간1 이상목표설정 필수(기 구축수준 무관) || 150.0만원/education_fee/recommend_only: ②교육비 및 ③기술임치 비용을 사업비의 기타 비용에 필수 포함 ①원가계산비용 :과제 당 1,500,000원 필수 편성 ②교육비 :스마트공장 기술교육(사업관리교육 및 기술교육)수강 비용(1백만원)필수 편성 ③기술임치비 :스마트공장 구축 결과물의 기술임 || 100.0만원/education_fee/recommend_only: 000원 필수 편성 ②교육비 :스마트공장 기술교육(사업관리교육 및 기술교육)수강 비용(1백만원)필수 편성 ③기술임치비 :스마트공장 구축 결과물의 기술임치비(45만원)필수 편성 ◦ (임치제도) 사업 결과물의 핵심 정보를 보관하여 개발 결과 || ... 후보 12개 추가",https://www.smart-factory.kr/usr/bg/ba/ma/bsnsPbancDtl?pbancId=2026-N-0122&pbancSn=1
SMARTFACTORY:2026-N-0123:1,[한솔PNS] 2026년도 상생형 인공지능 전환(AX) 선도모델 구축지원 사업 공고,스마트공장 사업관리시스템,selected_candidate_missing,대표금액 없음,Gemini/규칙 검수 후에도 기업당/과제당 최대 지원금으로 볼 후보가 없음,총규모/조건/비현금 후보를 대표금액으로 오인할 위험,금액 업데이트 제외. 필요하면 수기검수로 근거 문장 직접 확인,no_representative_amount,150000.0,최대 15억원,,,,17,"150000.0만원/total_project_cost/review: 한도 15억 이내에 서 지원 가능 * 본 사업은 중기부에서 수행중인 ICT융합 스마트공장 보급확산사업과 동시 수행 가능 총사업비 (최대) 지원기간 정부지원 || 300000.0만원/unknown/review: 정부(최대) 주관기관 도입기업 30억원 12개월 최대 15억원 50 10 40 중간1 이상 목표설정 필수 (기 구축수준 무관) || 150000.0만원/unknown/review: 정부(최대) 주관기관 도입기업 30억원 12개월 최대 15억원 50 10 40 중간1 이상 목표설정 필수 (기 구축수준 무관) || 150.0만원/education_fee/recommend_only: ②교육비 및 ③기술임치 비용을 사업비의 기타 비용에 필수 포함 ① 원가계산비용 : 과제 당 1,500,000원 필수 편성 ② 교육비 : 스마트공장 기술교육 (사업관리교육 및 기술교육) 수강 비용 (1백만원) 필수 편성 ③ 기술임치비 : 스마트공장 구축 || 100.0만원/education_fee/recommend_only: 000원 필수 편성 ② 교육비 : 스마트공장 기술교육 (사업관리교육 및 기술교육) 수강 비용 (1백만원) 필수 편성 ③ 기술임치비 : 스마트공장 구축 결과물의 기술임치비 (45만원) 필수 편성 ◦ (임치제도) 사업 결과물의 핵심 정보를 보관하여 || ... 후보 12개 추가",https://www.smart-factory.kr/usr/bg/ba/ma/bsnsPbancDtl?pbancId=2026-N-0123&pbancSn=1
SMARTFACTORY:2026-N-0124:1,[현대자동차 그룹] 2026년도 상생형 인공지능 전환(AX) 선도모델 구축지원 사업 공고,스마트공장 사업관리시스템,selected_candidate_missing,대표금액 없음,Gemini/규칙 검수 후에도 기업당/과제당 최대 지원금으로 볼 후보가 없음,총규모/조건/비현금 후보를 대표금액으로 오인할 위험,금액 업데이트 제외. 필요하면 수기검수로 근거 문장 직접 확인,no_representative_amount,50000.0,최대 5억원,,,,9,"50000.0만원/total_project_cost/review: 한도 5억 이내에서 지원가능 * 본 사업은 중기부에서 수행중인 ICT융합 스마트공장 보급확산사업과 동시 수행 가능총사업비(최대)지원기간정부지원한도분담비율 || 100000.0만원/unknown/review: 정부(최대)주관기관도입기업10억원12개월최대 5억원501040중간1 이상목표설정 필수(기 구축수준 무관) || 50000.0만원/unknown/review: 정부(최대)주관기관도입기업10억원12개월최대 5억원501040중간1 이상목표설정 필수(기 구축수준 무관) || 150.0만원/education_fee/recommend_only: ②교육비 및 ③기술임치 비용을 사업비의 기타 비용에 필수 포함 ①원가계산비용 :과제 당 1,500,000원 필수 편성 ②교육비 :스마트공장 기술교육(사업관리교육 및 기술교육)수강 비용(1백만원)필수 편성 ③기술임치비 :스마트공장 구축 결과물의 기술임 || 100.0만원/education_fee/recommend_only: 000원 필수 편성 ②교육비 :스마트공장 기술교육(사업관리교육 및 기술교육)수강 비용(1백만원)필수 편성 ③기술임치비 :스마트공장 구축 결과물의 기술임치비(45만원)필수 편성 ◦ (임치제도) 사업 결과물의 핵심 정보를 보관하여 개발 결과 || ... 후보 4개 추가",https://www.smart-factory.kr/usr/bg/ba/ma/bsnsPbancDtl?pbancId=2026-N-0124&pbancSn=1
TECHNOPARK:1316,아산시 CES 2027 기업지원 사업 참가기업 모집 재공고,충남테크노파크,selected_candidate_missing,정책판단/대표 제외,"후보는 있으나 대부분 총규모, 조건금액, 비현금, 수수료 등 대표 제외 성격",업로드 기준이 정책 판단에 따라 달라져 자동 확정 불가,자동 업로드 제외. 정책상 보여줄 필요가 있으면 별도 타입으로 수기 결정,exclude_or_policy_decision,2900.0,"전액 지원 (29,000천원 이내)",,,,3,"2900.0만원/total_support_scale/review: 최대 29,000천원 이내(부가세 미지원) 氠瑢 구 분 지원항목 지원규모 전시 부스 및 혁신상 지원 (부스임차 및 설치비) 행사 참가를 위한 부스 임차 및 설치 비 || 2900.0만원/total_support_scale/review: 000천원 이내(부가세 미지원) 氠瑢 구 분 지원항목 지원규모 전시 부스 및 혁신상 지원 (부스임차 및 설치비) 행사 참가를 위한 부스 임차 및 설치 비용 전액 지원 (29,000천원 이내) (통역비) 전시회 활동을 위한 전문 통역사 활용 비용 (물류비) 전시회용 제품의 현지 이송을 위한 물류비 (참가기업 간담회) 현지 성과 || 2900.0만원/consulting_fee/recommend_only: 영문(해당시) 재무 및 고용현황 매출(단위: 백만원) 수출액(단위: 천USD) 고용(단위: 명) 2024년 2025년 2024년 2025년 2024년 2025년 참가 신청 내용 기업지원 프로그램 신청여부 지원한도 전시부스 전시 부스 임차 및 설치 지원 필수 신청 최대 29,000천원 이내 통역 지원 물류비 지원 혁신상 지원 혁신상 컨설팅 및 신청비 지원 홍보비 홍보물 제작비 지원 체재비 항공",https://www.ctp.or.kr/business/datadetail.do?seq=2709280
TECHNOPARK:1399,(2026-129호) 「수요맞춤형 전기구동 경형 PBV 개발 지원기반 구축사업」 2026년 기업지원 프로그램 기술자문(지도) 추가 모집 공고,강원테크노파크,non_cash_only,비현금/수수료/컨설팅성,후보가 현금 보조금이 아니라 인증/시험/컨설팅/장비활용/수수료 계열,현금지원금처럼 차감하면 ROI가 과대 계산될 위험,ROI 직접 차감 대신 추천/참고 정보로만 사용,recommend_only_or_exclude,,지원금 확인 필요,,,,1,"300.0만원/consulting_fee/recommend_only: 기업당 3,000천원단위 사업명세 부 내 용기술자문(지도)m 지원 내용 - 요청 분야 전문가 매칭(기업 요청 전문가가 있을시 우선 매칭) - 컨설팅 비용(전문가 활",https://www.gwtp.or.kr/gwtp/bbsNew_view.php?bbs_data=aWR4PTMxNjAmc3RhcnRQYWdlPSZsaXN0Tm89JnRhYmxlPWNzX2Jic19kYXRhX25ldyZjb2RlPXN1YjAxYiZzZWFyY2hfaXRlbT0mc2VhcmNoX29yZGVyPSZ1cmw9c3ViMDFiJmtleXZhbHVlPXN1YjAxJmJic19tYWxuYW1lPQ==||
TECHNOPARK:1519,2026년 햇빛소득마을 컨설팅 지원사업 위탁기관 모집 공고,충남테크노파크,selected_candidate_missing,대표금액 없음,Gemini/규칙 검수 후에도 기업당/과제당 최대 지원금으로 볼 후보가 없음,총규모/조건/비현금 후보를 대표금액으로 오인할 위험,금액 업데이트 제외. 필요하면 수기검수로 근거 문장 직접 확인,no_representative_amount,,,,,,14,4000.0만원/unknown/review: 까지 □ 사 업 비 : 40백만원 - 2 - 2 사업내용 및 선정방법 □ 사업내용 : 햇빛소득마을 사업 추진을 위한 마을 협동조합 설립지원 - 햇빛소득마을 추진을 위한 마을 협 || 3.0만원/unknown/review: 포럼 등 행사진행시 소요되는 비용 회의 식사비는 1인당 30천원(다과 및 식대 포함 30 || 10000.0만원/fee/review: SW 등의 구입 불가 기 타 회계정산수수료(위탁정산 수수료) * [참고]위탁정산수수료 기준 참고 기타 사업추진에 필요한 비용 [참고] 위탁정산 수수료 기준 ◇ 위탁정산 수수료 氠瑢 사업비 규모 위탁정산 수수료 표준액 1억원 미만 987천원 1억원 이상 3억원 미만 1 || 98.7만원/fee/review: SW 등의 구입 불가 기 타 회계정산수수료(위탁정산 수수료) * [참고]위탁정산수수료 기준 참고 기타 사업추진에 필요한 비용 [참고] 위탁정산 수수료 기준 ◇ 위탁정산 수수료 氠瑢 사업비 규모 위탁정산 수수료 표준액 1억원 미만 987천원 1억원 이상 3억원 미만 1 || 10000.0만원/fee/review: SW 등의 구입 불가 기 타 회계정산수수료(위탁정산 수수료) * [참고]위탁정산수수료 기준 참고 기타 사업추진에 필요한 비용 [참고] 위탁정산 수수료 기준 ◇ 위탁정산 수수료 氠瑢 사업비 규모 위탁정산 수수료 표준액 1억원 미만 987천원 1억원 이상 3억원 미만 1 || ... 후보 9개 추가,https://www.ctp.or.kr/business/datadetail.do?seq=2709292
TECHNOPARK:1532,(재공고) 2026년 테크노파크 생산장비 고도화 지원사업 산학연 협동프로그램 참여 기업 모집 재공고,충남테크노파크,selected_candidate_missing,대표금액 없음,Gemini/규칙 검수 후에도 기업당/과제당 최대 지원금으로 볼 후보가 없음,총규모/조건/비현금 후보를 대표금액으로 오인할 위험,금액 업데이트 제외. 필요하면 수기검수로 근거 문장 직접 확인,no_representative_amount,,,,,,7,"200.0만원/total_support_scale/review: 선정기업은 지원로드맵 수립을 위한 PM제도 의무 참여 ❍ (지원규모) 20개사 ❍ (기업부담금) 현금 2,000천원 || 1500.0만원/self_funding/review: / 현물 15,000천원 - 현물의 경우 기업측 과제 참여인력 인건비로 계상 - 기업부담금의 경우 과제 내용에 따라 협약 추진 시 조정될 수 있음 - 2 -  신청대 || 100.0만원/unknown/review: 소 액 재 료 비(1,000천 원 이 하)는 기 업 자 체 예 산 으 로 별 도 처 리 Ⅱ || 600.0만원/unknown/review: PoC 비용 중 재료비(현금 6,000천원)에 대한 사용계획 구체적으로 작성 || 1500.0만원/unknown/review: 인건비(현물 15,000천원) 활용 참여인력 명시 및 가능여부확인(타과제 참여율 등) 氠瑢 (단위 : 천원) 氠瑢 목 세목 세부산출 내역 금액 합계 비율 현금 현물 합 계 || ... 후보 2개 추가",https://www.ctp.or.kr/business/datadetail.do?seq=2709293
TECHNOPARK:1770,[2026-037호] 2026년도 세종 규제자유특구 수요조사 재공고(3차),세종테크노파크,selected_candidate_missing,대표금액 없음,Gemini/규칙 검수 후에도 기업당/과제당 최대 지원금으로 볼 후보가 없음,총규모/조건/비현금 후보를 대표금액으로 오인할 위험,금액 업데이트 제외. 필요하면 수기검수로 근거 문장 직접 확인,no_representative_amount,,지원금 확인 필요,,,,2,400000.0만원/total_project_cost/review: 총 사업비 규모 : 40억 원 미만(2개 이상의 기관/기업이 컨소시엄 구성시) || 100000.0만원/unknown/review: 10억 원 미만(1개 기관/기업 제출시),https://www.sjtp.or.kr/bbs/board.php?bo_table=business01&wr_id=1982
TECHNOPARK:1792,2026년 수출디딤돌지원사업 「2026 중국 상하이 시장개척단」참가기업 모집 공고,충남테크노파크,selected_candidate_missing,정책판단/대표 제외,"후보는 있으나 대부분 총규모, 조건금액, 비현금, 수수료 등 대표 제외 성격",업로드 기준이 정책 판단에 따라 달라져 자동 확정 불가,자동 업로드 제외. 정책상 보여줄 필요가 있으면 별도 타입으로 수기 결정,exclude_or_policy_decision,,,,,,1,50000.0만원/revenue_condition/review: 지역 주력산업** 영위 중소기업 중 직전년도 매출액 5억원이상,https://www.ctp.or.kr/business/datadetail.do?seq=2709312
TECHNOPARK:304,(2026-70호) 「2026 강원후평스마트에너지플랫폼 구축사업」 공장에너지관리시스템(FEMS) 수요기업 모집 공고,강원테크노파크,selected_candidate_missing,정책판단/대표 제외,"후보는 있으나 대부분 총규모, 조건금액, 비현금, 수수료 등 대표 제외 성격",업로드 기준이 정책 판단에 따라 달라져 자동 확정 불가,자동 업로드 제외. 정책상 보여줄 필요가 있으면 별도 타입으로 수기 결정,exclude_or_policy_decision,7000.0,"최대 7,000만원",,,,2,"7000.0만원/total_support_scale/review: 강원테크노파크 󰊱 지원개요 ◦ (사업목적) 중소‧중견기업 대상 스마트그린산업단지 구축을 위한 공장에너지 관리 시스템 진단 및 에너지 효율성 향상 ◦ (지원규모) 6개사 내외 - 기업별 인프라 구축사업비 7,000만원 한도 內(정부지원금 100% 지원) || 7000.0만원/consulting_fee/recommend_only: 공급내용: 기업별 인프라 구축사업비 7,000만원 한도 (총 사업비와 지원 범위는 진단 및 산단공 승인 후 확정) - Cloud FEMS(Factory Energy Management Syst",https://www.gwtp.or.kr/gwtp/bbsNew_view.php?bbs_data=aWR4PTI5MzEmc3RhcnRQYWdlPSZsaXN0Tm89JnRhYmxlPWNzX2Jic19kYXRhX25ldyZjb2RlPXN1YjAxYiZzZWFyY2hfaXRlbT0mc2VhcmNoX29yZGVyPSZ1cmw9c3ViMDFiJmtleXZhbHVlPXN1YjAxJmJic19tYWxuYW1lPQ==||
TECHNOPARK:391,(2026-75호) 2026년 제조DX멘토단 활용지원(구축지도) 도입기업 모집 공고,강원테크노파크,selected_candidate_missing,정책판단/대표 제외,"후보는 있으나 대부분 총규모, 조건금액, 비현금, 수수료 등 대표 제외 성격",업로드 기준이 정책 판단에 따라 달라져 자동 확정 불가,자동 업로드 제외. 정책상 보여줄 필요가 있으면 별도 타입으로 수기 결정,exclude_or_policy_decision,21.0,최대 21만원,,,,6,140.0만원/consulting_fee/recommend_only: / 전자 협약(추진단/TP/기업/DX멘토) → DX멘토의 현장 방문 컨설팅(4회) → 사업비 교부 및 사용(E나라도움) 구분 지원기간 총 사업비 정부지원 기업부담 접수 구축 지도 3 개월 (4 회 ) 140만원 119 만원 (85%) 21만원 (15%) *VAT 미포함 최종 협약 후 2 주 이내 목록 ::: 강원특별자치도 시/군 ::: 강원특별자치도 || 119.0만원/consulting_fee/recommend_only: / 전자 협약(추진단/TP/기업/DX멘토) → DX멘토의 현장 방문 컨설팅(4회) → 사업비 교부 및 사용(E나라도움) 구분 지원기간 총 사업비 정부지원 기업부담 접수 구축 지도 3 개월 (4 회 ) 140만원 119 만원 (85%) 21만원 (15%) *VAT 미포함 최종 협약 후 2 주 이내 목록 ::: 강원특별자치도 시/군 ::: 강원특별자치도 강릉시 고성군 || 21.0만원/consulting_fee/recommend_only: / 전자 협약(추진단/TP/기업/DX멘토) → DX멘토의 현장 방문 컨설팅(4회) → 사업비 교부 및 사용(E나라도움) 구분 지원기간 총 사업비 정부지원 기업부담 접수 구축 지도 3 개월 (4 회 ) 140만원 119 만원 (85%) 21만원 (15%) *VAT 미포함 최종 협약 후 2 주 이내 목록 ::: 강원특별자치도 시/군 ::: 강원특별자치도 강릉시 고성군 동해시 삼척시 속초 || 119.0만원/total_support_scale/review: 구축 지도 및 운영 애로사항 해결지원 구분지원기간지원규모지원한도지원비중접수평가선정구축 지도3개월(4회)400개사 내외119만원85%최종 협약 후 2주 이내수시□신청 자격◦국내 제조기업 중「중소기업기본법」에 따른 중소기업 및 「중견기업성장촉진 및 경쟁력 강화에 관한 특별 || 119.0만원/total_support_scale/review: 기술애로 해결 등 제조 노하우 전수 등□지원 규모 및 조건◦(지원규모)400개사 내외◦(지원조건)총 사업비의 85%지원구 분지원방법지원기간사업비(분담비율)정부지원민간부담구축 지도DX멘토단 1인 x 4회최대 3개월119만원(85%)21만원(15%)* VAT미포함□ 신청기간◦선도형 스마트공장 구축지원사업 최종 선정 및 협약 후 2주 이내□ 신청방법◦스마트공장 사업관 || ... 후보 1개 추가,https://www.gwtp.or.kr/gwtp/bbsNew_view.php?bbs_data=aWR4PTI5NTEmc3RhcnRQYWdlPSZsaXN0Tm89JnRhYmxlPWNzX2Jic19kYXRhX25ldyZjb2RlPXN1YjAxYiZzZWFyY2hfaXRlbT0mc2VhcmNoX29yZGVyPSZ1cmw9c3ViMDFiJmtleXZhbHVlPXN1YjAxJmJic19tYWxuYW1lPQ==||
TECHNOPARK:405,2026년 전북특별자치도 공공데이터·AI 활용 창업경진대회 공고,전북테크노파크,selected_candidate_missing,대표금액 없음,Gemini/규칙 검수 후에도 기업당/과제당 최대 지원금으로 볼 후보가 없음,총규모/조건/비현금 후보를 대표금액으로 오인할 위험,금액 업데이트 제외. 필요하면 수기검수로 근거 문장 직접 확인,no_representative_amount,,,,,,5,"3000.0만원/unknown/review: 공공기관 등이 개최한 유사 창업경진대회에서 동일(유사) 아이디어(서비스)로 수상하여 받은 상금의 총액이 3,000만원 이상인 경우 || 1320.0만원/consulting_fee/recommend_only: (목)수상작 아이디어 발표 및 시상행안부 본선 사전컨설팅*기관운영상황에따라해당내용은변경될수있음 4시상 및 후속 지원□ 시상규모 공모분야상훈명시상수상금훈 격비고합 계10상금 1,320만원 || 100.0만원/unknown/review: / 상품권 100만원제품 및서비스개발대 상1400만원전북특별자치도지사상 || 1400.0만원/unknown/review: / 상품권 100만원제품 및서비스개발대 상1400만원전북특별자치도지사상 || None만원/support_ratio/ratio_cap: 2026년 전북특별자치도 공공데이터·AI 활용 창업경진대회 공고 전북테크노파크 지원사업 > 사업공고 본문으로 바로가기 JBTP 전북테크노파크 JEONBUK TECHNOPARK"" 로그인 LANGUAGES English Chinese 검색 통합검색 항목 통합검색 전체메뉴 열기 전체메뉴 알림마당 전북산업 대전환과 기업 고도성장을 선도하는 Next 전북, Best TP 알림마당 채용공고 공지사항 교",https://www.jbtp.or.kr/board/view.jbtp?menuCd=DOM_000000102001000000&boardId=BBS_0000006&dataSid=20084
TECHNOPARK:525,「AI 솔루션 기술개발」참여기업 모집공고,충남테크노파크,selected_candidate_missing,정책판단/대표 제외,"후보는 있으나 대부분 총규모, 조건금액, 비현금, 수수료 등 대표 제외 성격",업로드 기준이 정책 판단에 따라 달라져 자동 확정 불가,자동 업로드 제외. 정책상 보여줄 필요가 있으면 별도 타입으로 수기 결정,exclude_or_policy_decision,5000.0,"최대 5,000만원",,,,2,"5000.0만원/total_support_scale/review: 까지◦(지원규모)기업당 최대 50,000천원 || None만원/support_ratio/ratio_cap: 「AI 솔루션 기술개발」참여기업 모집공고 충남테크노파크 충남테크노파크 --> --> 충남테크노파크 누리소통망(SNS) 알림마당 공지사항 채용공고 입찰공고 교육 CTP 소식 유관기관 소식 언론보도 재활용장터 지원사업 사업공고 주요 지원사업 기업지원사업 연간일정표 분야별 지원 장비지원(CES) KOLAS 공인시험지원 충남제조AI혁신센터 입주지원 단지현황 입주안내 입주기업 정보공개 제도안내 정보공",https://www.ctp.or.kr/business/datadetail.do?seq=2709173
TECHNOPARK:616,(2026-88호) 「홍천군 첨단바이오산업 활성화 지원사업」 지역(홍천군)선도기업 육성사업 수혜기업 모집,강원테크노파크,selected_candidate_missing,대표금액 없음,Gemini/규칙 검수 후에도 기업당/과제당 최대 지원금으로 볼 후보가 없음,총규모/조건/비현금 후보를 대표금액으로 오인할 위험,금액 업데이트 제외. 필요하면 수기검수로 근거 문장 직접 확인,no_representative_amount,40000.0,최대 4억원,,,,15,40000.0만원/total_support_scale/review: (지원규모)구분지원기간분야예산(기업당)선정규모지원분야다년도2년(‘26년~’27년)연계형총4억원내외(1차년도:2억원이내)1개메디칼허브자원 || 20000.0만원/total_support_scale/review: (지원규모)구분지원기간분야예산(기업당)선정규모지원분야다년도2년(‘26년~’27년)연계형총4억원내외(1차년도:2억원이내)1개메디칼허브자원 || 30000.0만원/unknown/review: AI/빅데이터등경쟁형총3억원내외(1차년도:1 || 15000.0만원/unknown/review: AI/빅데이터등경쟁형총3억원내외(1차년도:1.5억원이내)3개 나 || 3800.0만원/unknown/review: 전문기관 또는 위탁정산기관의 증빙서류제출요청에 불응한경우 참여연구원인건비과다집행 (상황) G사의 참여연구원 ‘ㅅ’씨는 사업참여기간 동안 참여율 80% 협약인건비 38백만원 || ... 후보 10개 추가,https://www.gwtp.or.kr/gwtp/bbsNew_view.php?bbs_data=aWR4PTMwMDkmc3RhcnRQYWdlPSZsaXN0Tm89JnRhYmxlPWNzX2Jic19kYXRhX25ldyZjb2RlPXN1YjAxYiZzZWFyY2hfaXRlbT0mc2VhcmNoX29yZGVyPSZ1cmw9c3ViMDFiJmtleXZhbHVlPXN1YjAxJmJic19tYWxuYW1lPQ==||
TECHNOPARK:955,(예산) 2026 시군구연고산업육성사업 2차 공고 (수정공고),충남테크노파크,selected_candidate_missing,대표금액 없음,Gemini/규칙 검수 후에도 기업당/과제당 최대 지원금으로 볼 후보가 없음,총규모/조건/비현금 후보를 대표금액으로 오인할 위험,금액 업데이트 제외. 필요하면 수기검수로 근거 문장 직접 확인,no_representative_amount,15427.0,최대 1.5억원,,,,11,"15427.3만원/total_support_scale/review:  제출 서류의 미비 또는 제출서류가 사실과 다른 경우  본 사업에 적정하지 않다고 판단되는 경우  지원규모 : ´ 154,273 천원 지원규모 ( ) 총 약 억원 지원범위 ( ) 기업별 총 한도 천만원 이내에서 지원 - 2 - 지원범위 및 프로그램 ( ) 지원 유형 프로그램명 || 0.8만원/total_support_scale/review: 273 천원 지원규모 ( ) 총 약 억원 지원범위 ( ) 기업별 총 한도 천만원 이내에서 지원 - 2 - 지원범위 및 프로그램 ( ) 지원 유형 프로그램명 지원내용 지원 건수 최대지원금 지원기관 사업화 지원 기술지도 애로기술 해결 전문가 매칭 및 문제해결  전략수립 지원 8 천원 500 선문대학교 기술개발 관련 기술지도 ① 공정개선 관련 기술지도 ② 디자인개선 디자인개선 및 제품고급화 지원 || 0.3만원/total_support_scale/review: 273 천원 지원규모 ( ) 총 약 억원 지원범위 ( ) 기업별 총 한도 천만원 이내에서 지원 - 2 - 지원범위 및 프로그램 ( ) 지원 유형 프로그램명 지원내용 지원 건수 최대지원금 지원기관 사업화 지원 기술지도 애로기술 해결 전문가 매칭 및 문제해결  전략수립 지원 8 천원 500 선문대학교 기술개발 관련 기술지도 ① 공정개선 관련 기술지도 ② 디자인개선 디자인개선 및 제품고급화 지원 || 0.3만원/unknown/review: 000 한국지역특화 산업협회 제품디자인 홈페이지 홍보동영상 ① ② ③ 카달로그 등 시각디자인 및 CI BI ④ ⑤ 마케팅 국내외전시회 참가지원  3 천원 5 || 1.0만원/unknown/review: 000 한국지역특화 산업협회 바이어상담회참가지원  10 천원 3 || ... 후보 6개 추가",https://www.ctp.or.kr/business/datadetail.do?seq=2709247
TECHNOPARK:977,「AI 솔루션 기술개발」참여기업 추가 모집공고,충남테크노파크,selected_candidate_missing,정책판단/대표 제외,"후보는 있으나 대부분 총규모, 조건금액, 비현금, 수수료 등 대표 제외 성격",업로드 기준이 정책 판단에 따라 달라져 자동 확정 불가,자동 업로드 제외. 정책상 보여줄 필요가 있으면 별도 타입으로 수기 결정,exclude_or_policy_decision,5000.0,"최대 5,000만원",,,,2,"5000.0만원/total_support_scale/review: 까지◦(지원규모)기업당 최대 50,000천원 || None만원/support_ratio/ratio_cap: 「AI 솔루션 기술개발」참여기업 추가 모집공고 충남테크노파크 충남테크노파크 --> --> 충남테크노파크 누리소통망(SNS) 알림마당 공지사항 채용공고 입찰공고 교육 CTP 소식 유관기관 소식 언론보도 재활용장터 지원사업 사업공고 주요 지원사업 기업지원사업 연간일정표 분야별 지원 장비지원(CES) KOLAS 공인시험지원 충남제조AI혁신센터 입주지원 단지현황 입주안내 입주기업 정보공개 제도안내",https://www.ctp.or.kr/business/datadetail.do?seq=2709266
PBLN_000000000118133,[경북] 2026년 화장품산업 경쟁력 강화사업(성분 분석ㆍ검증 시험인증) 모집공고,경상북도,safe_non_update_remainder,안전하지만 ROI 차감 대상 아님,새 후보 타입이 non_cash / 적용방식이 recommend_only라 금액 차감 payload에서 제외,금액은 안전해도 현금 차감 필드에 넣으면 의미가 달라짐,추천/제외 타입으로 별도 저장 여부 결정,no_payload_update,80.0,최대 80만원,80.0,non_cash,recommend_only,3,80.0만원/non_cash/recommend_only: 연구소 등 1개 이상 소재한 화장품 기업 ☞ 성분 분석/검증 시험인증 기업당 최대 80만원 이내 지원 사업신청 방법 이메일 접수 (cos@gitc || 80.0만원/non_cash/recommend_only: 연구소 등 1개 이상 소재한 기업 ☐ 지원내용 氠瑢 지원분야 성분 분석/검증 시험인증 지원 지원금액  기업당 최대 80만원 이내 - 전문기관 의뢰를 통한 수행기관 직접지원 선정규모 사업비 소진 시 종료 지원내용 화장품의 기능성 입증과 안전성 검증을 위한 성분 분석/ || 80.0만원/non_cash/recommend_only: 연구소 등 1개 이상 소재한 기업 ☐ 선정규모 : 사업비 소진 시 종료 ☐ 지원금액 : 기업당 최대 80만원 이내 ☐ 지원내용 - 제품의 기능성 입증 분석을 위한 성분분석시험 서비스 지원 (예: 천연 기능성 원료 또는 지표 물질의 함량 분석,https://www.bizinfo.go.kr/sii/siia/selectSIIA200Detail.do?pblancId=PBLN_000000000118133
PBLN_000000000118361,[경기] 부천시 2026년 유해물질 시험분석 수수료 지원 사업 참여 기업 모집 공고,경기도,safe_non_update_remainder,안전하지만 ROI 차감 대상 아님,새 후보 타입이 non_cash / 적용방식이 recommend_only라 금액 차감 payload에서 제외,금액은 안전해도 현금 차감 필드에 넣으면 의미가 달라짐,추천/제외 타입으로 별도 저장 여부 결정,no_payload_update,100.0,최대 100만원,100.0,non_cash,recommend_only,2,100.0만원/non_cash/recommend_only: ☞ 본사 또는 공장이 부천시에 소재한 중소기업(제조업) ☞ 유해물질 시험분석 수수료 기업당 지원금 합계 100만원 이내(연간) 지원 사업신청 방법 온라인 접수(부천산업진흥원) 사업신청 사이트 온라인신청 바로가기 문의처 부천산업진흥원 기업육성팀 032-716 || 100.0만원/non_cash/recommend_only: 천원미만 절사 〇 지원한도 : 기업당 지원금 합계 100만원 이내(연간) 〇 지원기준 - 국내 시험분석 : 한국인정기구(KOLAS) 공인 시험‧분석기관에서 수행한 시험 - 해외 시험분석 : ISO/IEC,https://www.bizinfo.go.kr/sii/siia/selectSIIA200Detail.do?pblancId=PBLN_000000000118361
PBLN_000000000118750,[경남] 진주시 2026년 중소기업 국내외 인증수수료 지원사업 공고,경상남도,safe_non_update_remainder,안전하지만 ROI 차감 대상 아님,새 후보 타입이 non_cash / 적용방식이 recommend_only라 금액 차감 payload에서 제외,금액은 안전해도 현금 차감 필드에 넣으면 의미가 달라짐,추천/제외 타입으로 별도 저장 여부 결정,no_payload_update,100.0,최대 100만원,100.0,non_cash,recommend_only,7,"300.0만원/fee/review: ☞ 공고일 현재 진주시에 본사와 공장을 둔 중소기업 (중소기업기본법 제2조에 의한 기업으로 공장등록을 마친 기업) ☞ 당해년도 인증 신규 취득 및 갱신에 소요된 인증 수수료 지원 - 해외 규격인증 : 기업당 최대 300만원 || 100.0만원/non_cash/recommend_only: / 국내 인증 : 기업당 최대 100만원 사업신청 방법 이메일 접수 (itkang1@nate || 4000.0만원/unknown/review: (공고일) ~ 사업비 소진시 까지 ❍ 사 업 비: 40,000천 원 ❍ 사업수행기관 : (사)중소기업기술혁신협회 경남지회 ❍ 지원대상: 공고일 현재 진주시에 본사와 공장을 둔 중소기업 (중소기업기본법 제2조에 || 300.0만원/fee/review: 지원제외 : 다음 각 호 해당 기업 (1) 허위 ․ 부정한 방법으로 신청한 경우 (2) 세금을 체납(납부 및 체납처분 유예 포함)중인 기업 (3) 휴 ․ 폐업중 및 신청일 현재 매출액을 확인할 수 없는 기업 (4) 유사사업으로 타 기관에서 기 지원을 받은 업체 ❍ 지원사항: 당해년도 인증 신규 취득 및 갱신에 소요된 인증 수수료 - 해외 규격인증 : 기업당 최대 300만원 || 100.0만원/non_cash/recommend_only: / 국내 인증 : 기업당 최대 100만원 || ... 후보 2개 추가",https://www.bizinfo.go.kr/sii/siia/selectSIIA200Detail.do?pblancId=PBLN_000000000118750
PBLN_000000000119010,[인천] 2026년 연구장비 공동활용 지원사업 모집 공고,인천광역시,safe_non_update_remainder,안전하지만 현재 업로드 범위 밖,위험 사유는 없지만 tier-a 금액 업데이트 조건에는 들어가지 않음,현재 일괄 업로드 범위 밖이라 자동 반영하지 않음,원하면 2차 업로드 범위로 별도 payload 생성 가능,no_payload_update,300.0,,300.0,support_amount,subtract,3,"4000.0만원/total_support_scale/review: php q 지원규모 : 총 40,000천원 || 300.0만원/support_amount/subtract: 13개社 이상 m 연구장비 사용료 기업당 300만원 이내 1회 지원 || 80.0만원/unknown/review: 연구장비 공동활용 촉진을 위해 기업별 누적사용료 80만원 이상 활용 건에 한해 지원 - 2 - q 지원절차 m 공고일 이후 연구장비",https://www.bizinfo.go.kr/sii/siia/selectSIIA200Detail.do?pblancId=PBLN_000000000119010
PBLN_000000000119126,2026년 물리ㆍ화학적 시험평가인증 지원사업 공고(메카노바이오활성소재 혁신의료기기 실증 기반구축),전북특별자치도,safe_non_update_remainder,안전하지만 ROI 차감 대상 아님,새 후보 타입이 non_cash / 적용방식이 recommend_only라 금액 차감 payload에서 제외,금액은 안전해도 현금 차감 필드에 넣으면 의미가 달라짐,추천/제외 타입으로 별도 저장 여부 결정,no_payload_update,400.0,,400.0,non_cash,recommend_only,2,400.0만원/non_cash/recommend_only: ☞ 의료기기 전ㆍ후방 산업군에 해당하는 전국의 중소ㆍ중견기업 ☞ 물리ㆍ화학적 시험ㆍ평가ㆍ인증에 필요한 시험분석 검사비 등 지원 (기업당 최대 4백만 원) || 0.0만원/equipment_usage_fee/recommend_only: 화학) 지원사업 신청서 기 업 개 요 기 업 명 대 표 자 사업자등록번호 홈페이지 http:// 소 재 지 (주 소) (우편번호 : ) 업 종 한국표준산업분류코드 (대분류/중분류) 업 태 신 청 개 요 평가기관명 평가장비명 제 품 명 사용 목적 시험항목 시험방법(적용 규격) 요구사항 사용료 예상 일정 기재 요망 담 당 자 (과제 책임자) 소속부서 직위 성명 E-mail 연락처 휴대전화 기 업,https://www.bizinfo.go.kr/sii/siia/selectSIIA200Detail.do?pblancId=PBLN_000000000119126
PBLN_000000000119181,[충북] 2026년 소부장 지원 전문가 스테이션 운영사업 기술애로 지원 모집 공고,충청북도,safe_non_update_remainder,안전하지만 ROI 차감 대상 아님,새 후보 타입이 non_cash / 적용방식이 recommend_only라 금액 차감 payload에서 제외,금액은 안전해도 현금 차감 필드에 넣으면 의미가 달라짐,추천/제외 타입으로 별도 저장 여부 결정,no_payload_update,100.0,최대 100만원,100.0,non_cash,recommend_only,4,100.0만원/non_cash/recommend_only: 연구소 등 ☞ 기술애로신청서(붙임) 제출한 기업을 대상으로 충북 과기원 전문가 Pool 인력 또는 기업 추천 전문가가 신청기업에 현장 코칭 및 자문 지원(최대 1백만원) 사업신청 방법 온라인 접수 후 제출서류 메일 발송 - 온라인 : 충북과학기술혁신원 과제관리시스템 비즈온 - 이메일 : lkj247@cbist || 100.0만원/total_support_scale/review: (목) ~ (수시모집) * 선착순으로 모집 마감 ㅇ 지원규모: 최대 1백만원 || 30.0만원/non_cash/recommend_only: 1회당 자문료 최대 30만원 ㅇ 지원대상: 충북 내 소재한 소부장 분야 기업 본사 || 100.0만원/non_cash/recommend_only: 연구소 등 지원내용 ▪ 기술애로신청서(붙임) 제출한 기업을 대상으로 충북 과기원 전문가 Pool 인력 또는 기업 추천 전문가가 신청기업에 현장 코칭 및 자문 지원(최대 1백만원) 지원방식 ▪ 전문가 멘토링(코칭) 수당 지급(과기원→기술애로 자문위원 직접 지급) ㅇ 추진절차 氠瑢 공고 및 홍보 ⇨ 온라인 및 E-mail,https://www.bizinfo.go.kr/sii/siia/selectSIIA200Detail.do?pblancId=PBLN_000000000119181
PBLN_000000000119201,2026년 중소기업 연구인력 현장맞춤형 양성지원 사업 시행계획 공고,중소벤처기업부,safe_non_update_remainder,안전하지만 현재 업로드 범위 밖,위험 사유는 없지만 tier-a 금액 업데이트 조건에는 들어가지 않음,현재 일괄 업로드 범위 밖이라 자동 반영하지 않음,원하면 2차 업로드 범위로 별도 payload 생성 가능,no_payload_update,1720.0,"최대 1,720만원",1720.0,support_amount,subtract,7,"1720.0만원/support_amount/subtract: 기업부설연구소 또는 연구개발전담부서를 보유한 중소기업 ☞ 중소기업 연구인력 현장맞춤형 양성지원 연구개발비 기업당 최대 1,720만원/년 지원 - (level 1) 중소기업-연구인력 매칭 연계 지원 - (level 2) 예비연구자 양성과정 : R&D 프로젝트 발굴 - (lev || 130.0만원/subsidy/subtract: (지원내용) 漠杳 ◦ (level 1) 중소기업-연구인력 매칭: 연구인력 혁신센터는 중소기업 및 연구인력을 모니터링 하고 중소기업과 연구인력간 매칭 프로그램 운영 ◦ (level 2) 예비연구자 양성과정: 예비연구자(학사/석사/박사 학위예정자)에 대한 R&D인턴 업무 수행 및 R&D 프로젝트 발굴 필수 氠瑢 구분 (학위취득자 및 예정자) 정부지원금 지원기간 비고 학사 월 130만원 2~4개월 || 160.0만원/unknown/review: 인턴 종료 후 정규직 근로계약 체결 필수 석사 월 160만원 2개월 박사 월 190만원 || 190.0만원/unknown/review: 인턴 종료 후 정규직 근로계약 체결 필수 석사 월 160만원 2개월 박사 월 190만원 || 1000.0만원/subsidy/subtract: Level2 의 경우 타 지원사업 참여 금지 ◦ (level 3) 신진연구자 양성과정: 인턴과정(level2)을 수료한 후 기업에 정규직으로 취업한 연구자의 R&D프로젝트 수행 지원을 통한 전문연구역량 향상 氠瑢 구분 정부지원금 지원기간 비고 자유공모 10백만원~12백만원 4~6개월 연구인력 정규직 채용 필수 평가에 따라 정부지원금 차등지원 || ... 후보 2개 추가",https://www.bizinfo.go.kr/sii/siia/selectSIIA200Detail.do?pblancId=PBLN_000000000119201
PBLN_000000000119733,[울산] 울주군 2026년 강소기업 육성 기술 혁신 지원사업 시행 공고,울산광역시,safe_non_update_remainder,안전하지만 현재 업로드 범위 밖,위험 사유는 없지만 tier-a 금액 업데이트 조건에는 들어가지 않음,현재 일괄 업로드 범위 밖이라 자동 반영하지 않음,원하면 2차 업로드 범위로 별도 payload 생성 가능,no_payload_update,1000.0,"최대 1,000만원",1000.0,support_amount,subtract,12,"200.0만원/non_cash/recommend_only: 2,000천원 한도 원 지식재산권(A) 원 국내인증(B) 원 || 200.0만원/non_cash/recommend_only: 국내 인증 획득 시험 및 등록비용* 2백만원 23 자부담 10% ② 혁신기술 사업화 기술가치평가 || 1000.0만원/support_amount/subtract: 기술평가 전문기관 연계 지원 10백만원 최대 5백만원 15 특허 선행기술조사 || 500.0만원/support_amount/subtract: 기술평가 전문기관 연계 지원 10백만원 최대 5백만원 15 특허 선행기술조사 || 300.0만원/unknown/review: 유사 특허에 대한 회피전략 제공 최대 3백만원 시제품제작 || ... 후보 7개 추가",https://www.bizinfo.go.kr/sii/siia/selectSIIA200Detail.do?pblancId=PBLN_000000000119733
PBLN_000000000120134,[전남광주] 2026년 평동산업단지 중소기업 보증료 지원사업 공고,전남광주통합특별시,safe_non_update_remainder,안전하지만 ROI 차감 대상 아님,새 후보 타입이 guarantee / 적용방식이 exclude라 금액 차감 payload에서 제외,금액은 안전해도 현금 차감 필드에 넣으면 의미가 달라짐,추천/제외 타입으로 별도 저장 여부 결정,no_payload_update,100.0,최대 100만원,100.0,guarantee,exclude,3,100.0만원/guarantee/exclude: 자세한 지원대상 공고문 참조 ☞ 보증료의 30% 지원 (최대 1백만원 한도 내 지원) 사업신청 방법 방문 접수 - 접수처 : 광주광역시 광산구 평동산단로 184-1 평동종합비즈니스센터 비즈니스지원실(3층) 문의처 || 100.0만원/guarantee/exclude: 사업개요 ❍ 사업목적 : 국제정세로 인해 어려움에 처한 평동산업단지 내 중소기업들에 보증료 일부를 지원하여 기업들의 경쟁력 제고 및 지역경제 활성화 도모 등 ❍ 지원기간 : 공고일로부터 예산 소진 시까지 ❍ 지원규모 : 20개사 내외 ❍ 지원내용 : 보증료의 30% 지원 (최대 1백만원 한도 내 지원) ( || 2000.0만원/guarantee/exclude: 보증료만 지원) ❍ 지원예산 : 20백만원 ❍ 지원대상 - 광주광역시 평동산업단지 내 입주 중소 제조기업으로 2026년에 보증료를 납부한 기업 (,https://www.bizinfo.go.kr/sii/siia/selectSIIA200Detail.do?pblancId=PBLN_000000000120134
PBLN_000000000120135,[전남광주] 2026년 하남산업단지 중소기업 보증료 지원사업 공고,전남광주통합특별시,safe_non_update_remainder,안전하지만 ROI 차감 대상 아님,새 후보 타입이 guarantee / 적용방식이 exclude라 금액 차감 payload에서 제외,금액은 안전해도 현금 차감 필드에 넣으면 의미가 달라짐,추천/제외 타입으로 별도 저장 여부 결정,no_payload_update,100.0,최대 100만원,100.0,guarantee,exclude,3,100.0만원/guarantee/exclude: 자세한 지원대상 공고문 참조 ☞ 보증료의 30% 지원 (최대 1백만원 한도 내 지원) 사업신청 방법 방문 접수 - 접수처 : 광주광역시 광산구 하남산단4번로 65(장덕동 977-10) 하남혁신지원센터 혁신지원실( || 100.0만원/guarantee/exclude: 사업개요 ❍ 사업목적 : 국제정세로 인해 어려움에 처한 하남산업단지 내 중소기업에 보증료 일부를 지원하여 기업들의 경쟁력 제고 및 지역경제 활성화 도모 등 ❍ 지원기간 : 공고일 ~ 예산 소진 시까지 ❍ 지원규모 : 15개사 내외 ❍ 지원내용 : 보증료의 30% 지원(1백만원 한도 내 지원) || 1500.0만원/guarantee/exclude: 보증료에 한하여 지원(관련 수수료 제외) ❍ 지원예산 : 15백만원 ❍ 지원대상 - 광주광역시 하남산단 내 입주 중소 제조기업으로 2026년도에 보증료를 납부한 기업 (,https://www.bizinfo.go.kr/sii/siia/selectSIIA200Detail.do?pblancId=PBLN_000000000120135
PBLN_000000000120468,[경기] 2026년 국내ㆍ외 우수 물기술 인ㆍ검증 지원사업 참여기업 모집 공고,경기도,safe_non_update_remainder,안전하지만 ROI 차감 대상 아님,새 후보 타입이 non_cash / 적용방식이 recommend_only라 금액 차감 payload에서 제외,금액은 안전해도 현금 차감 필드에 넣으면 의미가 달라짐,추천/제외 타입으로 별도 저장 여부 결정,no_payload_update,600.0,최대 600만원,600.0,non_cash,recommend_only,13,400.0만원/non_cash/recommend_only: 법정대리인 선임비 등 - (국내인증) 기업 당 최대 4백만 원 || 600.0만원/non_cash/recommend_only: / (해외인증) 기업 당 최대 6백만 원 사업신청 방법 온라인 접수 (물산업지원센터 누리집) 사업신청 사이트 온라인신청 바로가기 문의처 경기환경에너지진흥원 사업담당자 031-985-0 || 400.0만원/non_cash/recommend_only: 지원금액 - (국내인증) 기업 당 최대 4백만 원 - (해외인증) 기업 당 최대 6백만 원 || 600.0만원/non_cash/recommend_only: 지원금액 - (국내인증) 기업 당 최대 4백만 원 - (해외인증) 기업 당 최대 6백만 원 || 30000.0만원/unknown/review: 부터 직전년도 재화 및 용역의 공급가액이 3억 원 이상인 개인사업자의 경우 전자세금계산서 발급이 의무화됨에 따라 지원사업 지출증빙서류 중 전자세금계산서 발급 대상이나 이를 미사용할 경우 “(서 || ... 후보 8개 추가,https://www.bizinfo.go.kr/sii/siia/selectSIIA200Detail.do?pblancId=PBLN_000000000120468
PBLN_000000000121239,[전북] 2026년 산업체 애로기술 해결을 위한 기술자문 참여기업 모집 공고(지역지능화혁신인재양성사업),전북특별자치도,safe_non_update_remainder,안전하지만 ROI 차감 대상 아님,새 후보 타입이 non_cash / 적용방식이 recommend_only라 금액 차감 payload에서 제외,금액은 안전해도 현금 차감 필드에 넣으면 의미가 달라짐,추천/제외 타입으로 별도 저장 여부 결정,no_payload_update,20.0,최대 20만원,20.0,non_cash,recommend_only,1,20.0만원/non_cash/recommend_only: 회당 20만원 ◦ 지원비는 자문 결과서류 제출 확인 후 지급 대상자에게 전북TP에서 지급함 2 신청방법 □ 공고기간 : 2026,https://www.bizinfo.go.kr/sii/siia/selectSIIA200Detail.do?pblancId=PBLN_000000000121239
PBLN_000000000121411,[울산] 울주군 2026년 강소기업 육성 기술 혁신 지원사업 추가모집 공고,울산광역시,safe_non_update_remainder,안전하지만 현재 업로드 범위 밖,위험 사유는 없지만 tier-a 금액 업데이트 조건에는 들어가지 않음,현재 일괄 업로드 범위 밖이라 자동 반영하지 않음,원하면 2차 업로드 범위로 별도 payload 생성 가능,no_payload_update,1000.0,"최대 1,000만원",1000.0,support_amount,subtract,12,"200.0만원/non_cash/recommend_only: 2,000천원 한도 원 지식재산권(A) 원 국내인증(B) 원 || 200.0만원/non_cash/recommend_only: 국내 인증 획득 시험 및 등록비용* 2백만원 23 자부담 10% ② 혁신기술 사업화 기술가치평가 || 1000.0만원/support_amount/subtract: 기술평가 전문기관 연계 지원 10백만원 최대 5백만원 7 특허 선행기술조사 || 500.0만원/support_amount/subtract: 기술평가 전문기관 연계 지원 10백만원 최대 5백만원 7 특허 선행기술조사 || 300.0만원/unknown/review: 유사 특허에 대한 회피전략 제공 최대 3백만원 시제품제작 || ... 후보 7개 추가",https://www.bizinfo.go.kr/sii/siia/selectSIIA200Detail.do?pblancId=PBLN_000000000121411
PBLN_000000000121426,[대구] 2026년 BIT융합캠퍼스(의료ㆍ헬스ㆍ바이오) 지원사업 기업 모집 공고,대구광역시,safe_non_update_remainder,안전하지만 현재 업로드 범위 밖,위험 사유는 없지만 tier-a 금액 업데이트 조건에는 들어가지 않음,현재 일괄 업로드 범위 밖이라 자동 반영하지 않음,원하면 2차 업로드 범위로 별도 payload 생성 가능,no_payload_update,7500.0,최대 100% 지원,7500.0,support_amount,subtract,12,7500.0만원/total_support_scale/review: 지원개요 ▢ 지원기간 : 공고일 ~ 2026년 12월 31일 ▢ 지원한도 : 과제당 최대 75백만원 - 총사업비 25% 이상 대응투자(현금) 필수(부가가치세 제외 후 25백만원 이상) ▢ 지원규모 : 5개 내외 과제 - 선정기업(과제) 수는 || 2500.0만원/total_support_scale/review: 지원개요 ▢ 지원기간 : 공고일 ~ 2026년 12월 31일 ▢ 지원한도 : 과제당 최대 75백만원 - 총사업비 25% 이상 대응투자(현금) 필수(부가가치세 제외 후 25백만원 이상) ▢ 지원규모 : 5개 내외 과제 - 선정기업(과제) 수는 총 지원예산 범위 내에서 과제별 지원 금액을 고려하여 결정 ▢ 지원방법 : 선 || 10000.0만원/unknown/review: VAT 별도)100백만원75백만원25백만원 이상 RISE -2) 기업집적지 현장캠퍼스 운영 (BIT융합캠퍼스) 대구 RISE 3-2 BIT융합캠퍼스경북대학교 첨단정보 || 7500.0만원/unknown/review: VAT 별도)100백만원75백만원25백만원 이상 RISE -2) 기업집적지 현장캠퍼스 운영 (BIT융합캠퍼스) 대구 RISE 3-2 BIT융합캠퍼스경북대학교 첨단정보통신융합산 || 2500.0만원/unknown/review: VAT 별도)100백만원75백만원25백만원 이상 RISE -2) 기업집적지 현장캠퍼스 운영 (BIT융합캠퍼스) 대구 RISE 3-2 BIT융합캠퍼스경북대학교 첨단정보통신융합산업기술원- || ... 후보 7개 추가,https://www.bizinfo.go.kr/sii/siia/selectSIIA200Detail.do?pblancId=PBLN_000000000121426
PBLN_000000000121784,[경기] 2026년 로봇직업교육센터 취업 연계 지원사업 참여기업 모집 공고,경기도,safe_non_update_remainder,안전하지만 현재 업로드 범위 밖,위험 사유는 없지만 tier-a 금액 업데이트 조건에는 들어가지 않음,현재 일괄 업로드 범위 밖이라 자동 반영하지 않음,원하면 2차 업로드 범위로 별도 payload 생성 가능,no_payload_update,210.0,최대 210만원,210.0,support_amount,subtract,5,"210.0만원/support_amount/subtract: 취업박람회 기업소개 및 면접 부스 지원 - 참여기업당 최대 3명 인건비 지원 - 1인당 인건비(인턴) 2,100천원/월 지원 사업신청 방법 온라인 접수 (경기테크노파크 사업관리시스템) 사업신청 사이트 온라인신청 바로가기 문의처 경기테크노파크 제조로봇팀 031 || 210.0만원/unknown/review: 기업의 로봇 전문인력 확보를 체계적으로 뒷받침하고자 함 □ (사업내용) - 수료생 채용 기업 인건비 지원(2,100천원 × 30명 × 3개월) - 취업박람회 기업소개 및 면접부스 지원 □ (사업기간) ‘26 || 210.0만원/unknown/review: 1인당 인건비(인턴) 2,100천원/월 지원 * 최저임금: 2026년 주 40시간 근무 기준 시 월 2 || 215.69만원/support_amount/subtract: 100천원/월 지원 * 최저임금: 2026년 주 40시간 근무 기준 시 월 2,156,880원 □ 지원금 지급요건 || 215.69만원/support_amount/subtract: 정규직 - 근로시간: 주 40시간 근로 원칙 氠瑢 ∙ 26년 채용에 따른 지급 ex) 26년 11월 채용자는 1개월 분 지급 ∙ 채용 수료생에게 최저임금* 이상 월 급여 지급 및 4대 보험 가입 필수 ∙ 채용 기간은 최소 3개월이며 중도 퇴사 시 지원금 환수(일할 정산) * 최저임금: 2026년 주 40시간 근무 기준 시 월 2,156,880원(시급 10",https://www.bizinfo.go.kr/sii/siia/selectSIIA200Detail.do?pblancId=PBLN_000000000121784
PBLN_000000000121956,2026년 시흥시 (국비)금형 디지털전환 지원사업 기술지도 모집 공고,경기도,safe_non_update_remainder,안전하지만 ROI 차감 대상 아님,새 후보 타입이 non_cash / 적용방식이 recommend_only라 금액 차감 payload에서 제외,금액은 안전해도 현금 차감 필드에 넣으면 의미가 달라짐,추천/제외 타입으로 별도 저장 여부 결정,no_payload_update,200.0,최대 200만원,200.0,non_cash,recommend_only,3,"200.0만원/consulting_fee/recommend_only: 스마트 공장 도입 및 고도화 컨설팅(기업당 최대 2,000천원 이내(기업당 5회 내외)) 지원 - 디지털 전환 관련 제조기업의 기술애로 컨설팅 모두 가능 사업신청 방법 이메일 접수 (yj42@sida || 200.0만원/non_cash/recommend_only: 세부내용 □ 지원금액 : 기업당 최대 2,000천원 이내(기업당 5회 내외) □ 지원방식 : 선정기업이 컨설팅을 제공받고 진흥원 지원금은 컨설턴트에게 직접 지급 (기업 부담금 없음) □ 지원항목 || None만원/support_ratio/ratio_cap: 2026년 시흥시 (국비)금형 디지털전환 지원사업 기술지도 모집 공고 경기도 기업마당>정책정보>지원사업 공고 기업마당 본문 바로가기 주메뉴 바로가기 기업마당 > 정책정보 > 지원사업 공고 메뉴열기 로그인 정책정보 정책정보 지원사업 공고 품목별 법정의무 인증제도 행사정보 정책뉴스 입법·행정예고/고시 월간 중기누리 활용정보 활용정보 기업업무용 서식 입주기업 모집공고 온라인화상회의실 정책정보 개방",https://www.bizinfo.go.kr/sii/siia/selectSIIA200Detail.do?pblancId=PBLN_000000000121956
PBLN_000000000122268,2026년 2차 메카노바이오활성소재 혁신의료기기 실증 기반구축 생물학적 시험평가인증 지원사업 공고(산업혁신기반구축사업),산업통상부,safe_non_update_remainder,안전하지만 ROI 차감 대상 아님,새 후보 타입이 non_cash / 적용방식이 recommend_only라 금액 차감 payload에서 제외,금액은 안전해도 현금 차감 필드에 넣으면 의미가 달라짐,추천/제외 타입으로 별도 저장 여부 결정,no_payload_update,800.0,,800.0,non_cash,recommend_only,4,800.0만원/non_cash/recommend_only: ☞ 의료기기 전ㆍ후방 산업군에 해당하는 전국의 중소ㆍ중견기업 ☞ 설치류 급성전신독성시험 지원(기업당 최대 800만 원 상당) 사업신청 방법 이메일 접수 (hyungsun || 0.0만원/equipment_usage_fee/recommend_only: hwp] 捤獥 汤捯 湰灧 【서식 1】 氠瑢 2026년 시험평가인증(생물학적) 지원사업 신청서 기 업 개 요 기 업 명 대 표 자 사업자등록번호 홈페이지 http:// 소 재 지 (주 소) (우편번호 : ) 업 종 한국표준산업분류코드 (대분류/중분류) 업 태 신 청 개 요 평가기관명 평가장비명 제 품 명 사용 목적 시험항목 시험방법(적용 규격) 요구사항 사용료 예상 일정 기재 요망 담 당 자 || 0.0만원/equipment_usage_fee/recommend_only: pdf] - 1 - 【서식 1】2026년 시험평가인증(생물학적) 지원사업 신청서기업개 요 기 업 명 대 표 자사업자등록번호홈페이지http://소 재 지(주 소)(우편번호 : )업 종한국표준산업분류코드(대분류/중분류) 업 태신청개요 평가기관명평가장비명제 품 명 사용 목적시험항목시험방법(적용 규격) 요구사항사용료예상 일정기재 요망담 당 자(과제 책임자)소속부서직위성명E-mail연락처휴대전화기업현 || 800.0만원/non_cash/recommend_only: 사업내용□ 지원규모산업분야지원분야지원한도지원규모의료기기 및 의료용품 산업설치류 급성전신독성시험1개 기업당 최대 800만 원 상당5개 社□ 지원내용 ◦ GLP(급성전신독성) 시험평가인증 보고서(국문) 발행 ◦ 현금 지원이 아닌 국가독성과학연구소 전북첨단바이오연구본부,https://www.bizinfo.go.kr/sii/siia/selectSIIA200Detail.do?pblancId=PBLN_000000000122268
PBLN_000000000123029,2026년 2차 차세대 재생에너지 표준화 및 인증고도화 혁신지원 사업 대상과제 공고,기후에너지환경부,safe_non_update_remainder,안전하지만 ROI 차감 대상 아님,새 후보 타입이 non_cash / 적용방식이 recommend_only라 금액 차감 payload에서 제외,금액은 안전해도 현금 차감 필드에 넣으면 의미가 달라짐,추천/제외 타입으로 별도 저장 여부 결정,no_payload_update,30000.0,최대 3억원,30000.0,non_cash,recommend_only,3,30000.0만원/non_cash/recommend_only: 총 300백만원 이내(1차년도) 지원 (단위 : 백만원) 내역사업명 과 제 명 ’26년 사업비 총 사업비 총 사업기간 태양광 혁신기술 표준화 및 인증기반 구축 || 30000.0만원/total_project_cost/review: 총 300백만원 이내(1차년도) 지원(단위 : 백만원)내역사업명과 제 명’26년 사업비총사업비총사업기간태양광혁신기술표준화 및인 증 기반 구 축② 모듈단위 전력 || None만원/support_ratio/ratio_cap: 2026년 2차 차세대 재생에너지 표준화 및 인증고도화 혁신지원 사업 대상과제 공고 기후에너지환경부 기업마당>정책정보>지원사업 공고 기업마당 본문 바로가기 주메뉴 바로가기 기업마당 > 정책정보 > 지원사업 공고 메뉴열기 로그인 정책정보 정책정보 지원사업 공고 품목별 법정의무 인증제도 행사정보 정책뉴스 입법·행정예고/고시 월간 중기누리 활용정보 활용정보 기업업무용 서식 입주기업 모집공고 온라인,https://www.bizinfo.go.kr/sii/siia/selectSIIA200Detail.do?pblancId=PBLN_000000000123029
PBLN_000000000123284,2026년 고용노동부(안전보건공단) 연계 스마트 안전장비지원 품목 등록 시행계획 공고,과학기술정보통신부,safe_non_update_remainder,안전하지만 현재 업로드 범위 밖,위험 사유는 없지만 tier-a 금액 업데이트 조건에는 들어가지 않음,현재 일괄 업로드 범위 밖이라 자동 반영하지 않음,원하면 2차 업로드 범위로 별도 payload 생성 가능,no_payload_update,3000.0,"최대 3,000만원",3000.0,support_amount,subtract,2,"3700000.0만원/unknown/review: (금) ~ 재원 소진 시까지(’26년 재원 370억원) 50인 미만 중소사업장(건설현장 제외 || 3000.0만원/support_amount/subtract: 중소기업기본법 상 소기업 규모 이하 사업장 노동시장 이중구조 개선을 위한 상생 협약을 체결한 협력업체로서 중소기업기본법 상 중소기업 규모 이하 사업장 사업개요1 지원대상2 지원품목5 지원금액 및 절차3 신청기간 및 방법4 지원금액 : 동일 사업주 또는 법인 당 최대 3,000만원까지(공단 판단금액의 최대 80%)",https://www.bizinfo.go.kr/sii/siia/selectSIIA200Detail.do?pblancId=PBLN_000000000123284
PBLN_000000000123299,2026년 수요맞춤형 전기구동 경형 PBV 개발 지원기반 구축사업 기업지원 프로그램(기술자문) 추가 모집 공고,강원특별자치도,safe_non_update_remainder,안전하지만 ROI 차감 대상 아님,새 후보 타입이 non_cash / 적용방식이 recommend_only라 금액 차감 payload에서 제외,금액은 안전해도 현금 차감 필드에 넣으면 의미가 달라짐,추천/제외 타입으로 별도 저장 여부 결정,no_payload_update,300.0,최대 300만원,300.0,non_cash,recommend_only,2,"300.0만원/non_cash/recommend_only: ☞ 자동차 소재ㆍ부품 제조 및 전환 예정 또는 접목 가능 기업 ☞ 기술자문(지도) 기업당 3,000천원 지원 || 300.0만원/consulting_fee/recommend_only: 기업당 3,000천원단위 사업명세 부 내 용기술자문(지도)m 지원 내용 - 요청 분야 전문가 매칭(기업 요청 전문가가 있을시 우선 매칭) - 컨설팅 비용(전문가 활",https://www.bizinfo.go.kr/sii/siia/selectSIIA200Detail.do?pblancId=PBLN_000000000123299
PBLN_000000000123377,[전남] 첨단로봇ㆍAI 활용 중소기업 제조혁신 사업 기업지원(기획 컨설팅) 모집 공고,전라남도,safe_non_update_remainder,안전하지만 현재 업로드 범위 밖,위험 사유는 없지만 tier-a 금액 업데이트 조건에는 들어가지 않음,현재 일괄 업로드 범위 밖이라 자동 반영하지 않음,원하면 2차 업로드 범위로 별도 payload 생성 가능,no_payload_update,400.0,최대 400만원,400.0,support_amount,subtract,9,"400.0만원/support_amount/subtract: 자료조사 및 분석비용 등 기획 비용 지원 (기업당 최대 4백만원) 사업신청 방법 온라인 접수(전남테크노파크 데이터플랫폼) 사업신청 사이트 온라인신청 바로가기 문의처 (사업 담당) 전남테크노파크 ICT로봇융합 || 400.0만원/unknown/review: 사 업 비 원 (최대 4,000,000원) 수혜기업 기본정보 기 업 명 대 표 자 주 소 (우 ) 설 립 일 0000 || 0.0만원/subsidy/subtract: 예정 사업규모를 작성 총 00억원 (국비 00억원 || 0.0만원/subsidy/subtract: 예정 사업규모를 작성 총 00억원 (국비 00억원 || 0.0만원/consulting_fee/recommend_only: 민감부담 00억원) 컨설팅 명 수행기간 협약일로부터 ∼ 2026 || ... 후보 4개 추가",https://www.bizinfo.go.kr/sii/siia/selectSIIA200Detail.do?pblancId=PBLN_000000000123377
PBLN_000000000123381,[강원] 2026년 2차 지역주력산업육성(지역특화 프로젝트 레전드 50+) 지원모집 공고(강원 2.0 퀀텀점프),중소벤처기업부,safe_non_update_remainder,안전하지만 현재 업로드 범위 밖,위험 사유는 없지만 tier-a 금액 업데이트 조건에는 들어가지 않음,현재 일괄 업로드 범위 밖이라 자동 반영하지 않음,원하면 2차 업로드 범위로 별도 payload 생성 가능,no_payload_update,,지원금 확인 필요,2000.0,support_amount,subtract,12,"35000.0만원/total_support_scale/review: (재)강원테크노파크원장 지원개요◦(지원규모)총 350,000천원(국비)-1차 223 || 22300.0만원/unknown/review: 000천원(국비)-1차 223,000천원 /2차 127 || 12700.0만원/unknown/review: 000천원 /2차 127,000천원◦(프로그램 및 내용)총 11개 지원프로그램 || 1000.0만원/unknown/review: 전략보고서 도출 등5개월10,000천원기술해결(기술이전/기술지도) || 1000.0만원/unknown/review: 목표기술 개발을 위한 기획지원5개월10,000천원장비지원 || ... 후보 7개 추가",https://www.bizinfo.go.kr/sii/siia/selectSIIA200Detail.do?pblancId=PBLN_000000000123381
PBLN_000000000123398,[경북] 2026년 4차산업혁명 핵심기술개발사업(혁신기술R&D) 지원사업 공고,경상북도,safe_non_update_remainder,안전하지만 현재 업로드 범위 밖,위험 사유는 없지만 tier-a 금액 업데이트 조건에는 들어가지 않음,현재 일괄 업로드 범위 밖이라 자동 반영하지 않음,원하면 2차 업로드 범위로 별도 payload 생성 가능,no_payload_update,,최대 10% 지원,10000.0,support_amount,subtract,5,"1000.0만원/unknown/review: 부가가치세가 포함된 건당 단가금액이 1,000만원 이상인 장비 또는 연구시설을 원래 계획 없이 새로 집행하거나 원래 계획과 다른 장비 또는 연구시설로 변경(원래 계획된 장비 또는 연구시설을 구 || 50000.0만원/total_support_scale/review: □ 지원규모 및 연구개발비 구성 ◦ 연구개발비 지원규모 氠瑢 지원 규모 - 500백만원 지원 기업수 - 5개사(단년 3개사 || 10000.0만원/support_amount/subtract: 다년 2개사) * 접수결과에 따른 단년 또는 다년의 지원기업 수 변동 가능 단년도(12개월) - 기업당 연간 최대 100백만원 지원 예정 다년도(24개월) - 기업당 연간 최대 100백만원 지원 예정(2차년도 예산은 `27년 확정예정) || 10000.0만원/support_amount/subtract: 다년 2개사) * 접수결과에 따른 단년 또는 다년의 지원기업 수 변동 가능 단년도(12개월) - 기업당 연간 최대 100백만원 지원 예정 다년도(24개월) - 기업당 연간 최대 100백만원 지원 예정(2차년도 예산은 `27년 확정예정) || None만원/support_ratio/ratio_cap: [경북] 2026년 4차산업혁명 핵심기술개발사업(혁신기술R&D) 지원사업 공고 경상북도 기업마당>정책정보>지원사업 공고 기업마당 본문 바로가기 주메뉴 바로가기 기업마당 > 정책정보 > 지원사업 공고 메뉴열기 로그인 정책정보 정책정보 지원사업 공고 품목별 법정의무 인증제도 행사정보 정책뉴스 입법·행정예고/고시 월간 중기누리 활용정보 활용정보 기업업무용 서식 입주기업 모집공고 온라인화상회의실 정",https://www.bizinfo.go.kr/sii/siia/selectSIIA200Detail.do?pblancId=PBLN_000000000123398
PBLN_000000000123433,2026년 K-바이오헬스 지역ㆍ전략센터 연계ㆍ협력 지원사업 참여기업 모집 공고,충청북도,safe_non_update_remainder,안전하지만 ROI 차감 대상 아님,새 후보 타입이 non_cash / 적용방식이 recommend_only라 금액 차감 payload에서 제외,금액은 안전해도 현금 차감 필드에 넣으면 의미가 달라짐,추천/제외 타입으로 별도 저장 여부 결정,no_payload_update,,지원금 확인 필요,1000.0,non_cash,recommend_only,3,"500.0만원/equipment_usage_fee/recommend_only: 지원규모분야내용규모금액(기업당)비고공용장비활용지원-R&D 및 시제품 개발을 위한 타 권역 K-바이오헬스 지역센터* 공용장비 사용 수수료 지원2개사 최대 5,000천원장비사용확인서 || 1000.0만원/non_cash/recommend_only: 화학적 분석 등 인증‧인허가에 필요한 시험검사‧분석 지원4개사최대 10,000천원시험‧평가 성적서 등*대전테크노파크 || None만원/support_ratio/ratio_cap: 2026년 K-바이오헬스 지역ㆍ전략센터 연계ㆍ협력 지원사업 참여기업 모집 공고 충청북도 기업마당>정책정보>지원사업 공고 기업마당 본문 바로가기 주메뉴 바로가기 기업마당 > 정책정보 > 지원사업 공고 메뉴열기 로그인 정책정보 정책정보 지원사업 공고 품목별 법정의무 인증제도 행사정보 정책뉴스 입법·행정예고/고시 월간 중기누리 활용정보 활용정보 기업업무용 서식 입주기업 모집공고 온라인화상회의실 정",https://www.bizinfo.go.kr/sii/siia/selectSIIA200Detail.do?pblancId=PBLN_000000000123433
PBLN_000000000123447,[전북] 2026년 특화역량 BI 지원사업 AI-R&D 부스팅 프로그램 참여기업 모집 공고,중소벤처기업부,safe_non_update_remainder,안전하지만 현재 업로드 범위 밖,위험 사유는 없지만 tier-a 금액 업데이트 조건에는 들어가지 않음,현재 일괄 업로드 범위 밖이라 자동 반영하지 않음,원하면 2차 업로드 범위로 별도 payload 생성 가능,no_payload_update,,지원금 확인 필요,300.0,support_amount,subtract,4,200.0만원/support_amount/subtract: 정부R&D과제기획지원3개사내외기업당최대200만원Adv-MVP제작지원제품기능 || 300.0만원/support_amount/subtract: 시제품고도화및사업화지원4개사내외기업당최대300만원 || 300.0만원/support_amount/subtract: Adv-MVP제작지원은공급가액기준최대300만원까지지원하며 || None만원/support_ratio/ratio_cap: [전북] 2026년 특화역량 BI 지원사업 AI-R&D 부스팅 프로그램 참여기업 모집 공고 중소벤처기업부 기업마당>정책정보>지원사업 공고 기업마당 본문 바로가기 주메뉴 바로가기 기업마당 > 정책정보 > 지원사업 공고 메뉴열기 로그인 정책정보 정책정보 지원사업 공고 품목별 법정의무 인증제도 행사정보 정책뉴스 입법·행정예고/고시 월간 중기누리 활용정보 활용정보 기업업무용 서식 입주기업 모집공고,https://www.bizinfo.go.kr/sii/siia/selectSIIA200Detail.do?pblancId=PBLN_000000000123447
PBLN_000000000123504,[서남권] 2026년 2차 지역혁신클러스터육성(비R&D) 기업지원사업 모집 공고,전남광주통합특별시,safe_non_update_remainder,안전하지만 현재 업로드 범위 밖,위험 사유는 없지만 tier-a 금액 업데이트 조건에는 들어가지 않음,현재 일괄 업로드 범위 밖이라 자동 반영하지 않음,원하면 2차 업로드 범위로 별도 payload 생성 가능,no_payload_update,,지원금 확인 필요,3000.0,support_amount,subtract,27,0.0만원/unknown/review: (00개월) 주관/참여 000천원 산업부 || 0.0만원/fee/review: 최근 3년에 종료된 국가연구개발과제 수행현황 기재 漠杳 Ⅴ 소요예산 氠瑢 항목 세부내역 소요예산 연 구 활 동 비 외부 위탁 수수료 사업동향 분석 조사 예시) 00000 조사 * 2회 * 0000천원 회의비 회의비 및 다과비 예시) 회의비 30천원/인 * 0인 * 0회 전문가 자문료 자문위원회 개최 예시) 0명 * 0회 * 0000천원 기술세미나 개최비 회의장 사용료 || 50.0만원/unknown/review: 세미나 개최비 예시) 대관비 * 500천원 * 0실 기술정보 수집비 정보활동비 || 1.0만원/fee/review: 회의자료 등) 예시) 기획보고서 제본 00부 * 10천원 여비 예시) 0명 * 0회 * 0000천원 정산수수료 회계정산비(400 || 0.0만원/fee/review: 회의자료 등) 예시) 기획보고서 제본 00부 * 10천원 여비 예시) 0명 * 0회 * 0000천원 정산수수료 회계정산비(400 || ... 후보 22개 추가,https://www.bizinfo.go.kr/sii/siia/selectSIIA200Detail.do?pblancId=PBLN_000000000123504
PBLN_000000000123542,[충남] 2026년 미래차전환 종합지원사업 기업지원(R&D) 프로그램 모집 공고,충청남도,safe_non_update_remainder,안전하지만 ROI 차감 대상 아님,새 후보 타입이 guarantee / 적용방식이 exclude라 금액 차감 payload에서 제외,금액은 안전해도 현금 차감 필드에 넣으면 의미가 달라짐,추천/제외 타입으로 별도 저장 여부 결정,no_payload_update,10000.0,최대 1억원,10000.0,guarantee,exclude,11,10000.0만원/non_cash/recommend_only: 인증 등 사업화 단계 지원(R&D) - 기업별 총 연구개발비 1억원 이내 지원 사업신청 방법 이메일 및 방문 또는 우편 접수 - 접수처 : 충남테크노파크 그린산업본부 미래자동차센터 - 이메일 : yskwon@c || 10000.0만원/guarantee/exclude: 인증 등 사업화 단계 지원(R&D)ㅇ지원규모 :기업별 총 연구개발비 1억원 이내 지원 * R&D 자금 예산편성기준에 따라 작성 필수 * 선정 완료 후 R&D 자금 신청시 신청금액에 해당하는 보증보험제출 필수 ㅇ지원기간 || 10000.0만원/guarantee/exclude: 협약 후 사업추진 등 * 기업별 최대한도 1억원 지원(협약관련 서류로서 1억원 이행보증보험증권 발급 및 제출 필수) * 이행보증보험증권 발급은 기업 자부담으로 발급 필수 ㅇ지원과제구분프로그램 || 10000.0만원/guarantee/exclude: 협약 후 사업추진 등 * 기업별 최대한도 1억원 지원(협약관련 서류로서 1억원 이행보증보험증권 발급 및 제출 필수) * 이행보증보험증권 발급은 기업 자부담으로 발급 필수 ㅇ지원과제구분프로그램명 세부 항목 구성 연구개발 지 || 3000.0만원/self_funding/review: 정산보고서는 11월 30일까지 제출 필수 연구개발비 ㅇ 인 건 비 : 현물 자부담비 3천만원ㅇ 연구시설장비비 : 연구개발 과제 관련 연구시설 || ... 후보 6개 추가,https://www.bizinfo.go.kr/sii/siia/selectSIIA200Detail.do?pblancId=PBLN_000000000123542
PBLN_000000000123593,[비수도권] 2026년 3차 지능형 반도체 시험분석ㆍ성능검증 지원 지원기업 모집 공고,산업통상부,safe_non_update_remainder,안전하지만 ROI 차감 대상 아님,새 후보 타입이 non_cash / 적용방식이 recommend_only라 금액 차감 payload에서 제외,금액은 안전해도 현금 차감 필드에 넣으면 의미가 달라짐,추천/제외 타입으로 별도 저장 여부 결정,no_payload_update,1000.0,"최대 1,000만원",1000.0,non_cash,recommend_only,13,"1000.0만원/equipment_usage_fee/recommend_only: 시험분석ㆍ성능검증 지원 (기업당 최대 1,000만원 지원) - (시험분석 서비스) 기술원이 보유한 시험분석 장비와 전문인력을 통한 시험분석 지원 - (시험분석ㆍ성능검증) 팹리스 기업이 개발한 지 || 1000.0만원/self_funding/review: krMobilephone010-1234-5678 ▢ 신청내역 사 업 비(부가가치세 제외)정부지원금10,000천원(100%)기업부담금0천원(0%)합 계10 || 0.0만원/self_funding/review: 000천원(100%)기업부담금0천원(0%)합 계10 || 1000.0만원/equipment_usage_fee/recommend_only: 000천원(100%)기업부담금0천원(0%)합 계10,000천원(100%)신청항목[필수]시험분석 서비스 지원■스마트 센서 검사 시스템 활용 시험분석□전파시험(EMC) 장비 활용 시험분석[선택]간접지원 (비용 || 500000.0만원/unknown/review: 재무제표와 일치되는 현황 작성 구 분2024년 2025년매 출 액5,000,000천원10 || ... 후보 8개 추가",https://www.bizinfo.go.kr/sii/siia/selectSIIA200Detail.do?pblancId=PBLN_000000000123593
PBLN_000000000123689,지능형 헬스케어제품 기반 실증ㆍ사업화 지원사업 기업지원 기술지원 추가 공고,산업통상부,safe_non_update_remainder,안전하지만 ROI 차감 대상 아님,새 후보 타입이 non_cash / 적용방식이 recommend_only라 금액 차감 payload에서 제외,금액은 안전해도 현금 차감 필드에 넣으면 의미가 달라짐,추천/제외 타입으로 별도 저장 여부 결정,no_payload_update,1000.0,"최대 1,000만원",1000.0,non_cash,recommend_only,8,1000000.0만원/total_project_cost/review: 통신서비스 등 ) 지원분야 □ 기술개발사업 汤捯 □ 실증사업 汤捯 □ 기반구축사업 汤捯 □ 기타( 연구개발기획 ) 기획과제 총사업비 汤捯 ☐ 중⦁대형과제 (사업비 100억원 이상 || 1000000.0만원/unknown/review: 사업기간 3년이상) 汤捯 □ 소⦁중형과제(100억원 미만) (사업비 100억원 미만 || 1000000.0만원/unknown/review: 사업기간 3년이상) 汤捯 □ 소⦁중형과제(100억원 미만) (사업비 100억원 미만 || 1000.0만원/unknown/review: 10백만원) ▢ 지원대상 : 지능형 헬스케어 산업 분야 제조 및 연구개발 중소기업 ▢ 지원분야 : 지능형 돌봄케어 || 1000.0만원/equipment_usage_fee/recommend_only: 10백만원) 氠瑢 구분 프로그램명 지원내용 건수 지원규모 수행기관 기술 지원 기술 지원 장비활용 지원 지원목적 3 - 한국건설생활환경시험 연구원 KCL || ... 후보 3개 추가,https://www.bizinfo.go.kr/sii/siia/selectSIIA200Detail.do?pblancId=PBLN_000000000123689
PBLN_000000000123739,2026년 4차 무기체계 부품국산화개발 지원사업 (상생협력부품국산화) 과제ㆍ연구개발기관 모집 공고,방위사업청,safe_non_update_remainder,안전하지만 ROI 차감 대상 아님,새 후보 타입이 non_cash / 적용방식이 recommend_only라 금액 차감 payload에서 제외,금액은 안전해도 현금 차감 필드에 넣으면 의미가 달라짐,추천/제외 타입으로 별도 저장 여부 결정,no_payload_update,1000000.0,최대 100억원,1000000.0,non_cash,recommend_only,3,86500.0만원/non_cash/recommend_only: 지원규모 및 기간 1) 지원규모 : ‘26년 신규예산 8.65억원 * ’ 정부지원연구개발비 + 체계적합성 시험평가비 ‘ 는 최대 100억원까지 지원 2) 지원기간 : 최대 60개월 이내 구분 기업규모별 연구개 || 1000000.0만원/non_cash/recommend_only: 65억원 * ’ 정부지원연구개발비 + 체계적합성 시험평가비 ‘ 는 최대 100억원까지 지원 2) 지원기간 : 최대 60개월 이내 구분 기업규모별 연구개발비 지원규모 (체계적합성 시험비 제외) 정부지원연구개발비 + 투자기업 출 || None만원/support_ratio/ratio_cap: 2026년 4차 무기체계 부품국산화개발 지원사업 (상생협력부품국산화) 과제ㆍ연구개발기관 모집 공고 방위사업청 기업마당>정책정보>지원사업 공고 기업마당 본문 바로가기 주메뉴 바로가기 기업마당 > 정책정보 > 지원사업 공고 메뉴열기 로그인 정책정보 정책정보 지원사업 공고 품목별 법정의무 인증제도 행사정보 정책뉴스 입법·행정예고/고시 월간 중기누리 활용정보 활용정보 기업업무용 서식 입주기업 모집공,https://www.bizinfo.go.kr/sii/siia/selectSIIA200Detail.do?pblancId=PBLN_000000000123739
PBLN_000000000123745,2026년 4차 예술산업보증 7월 공고,문화체육관광부,safe_non_update_remainder,안전하지만 ROI 차감 대상 아님,새 후보 타입이 guarantee / 적용방식이 exclude라 금액 차감 payload에서 제외,금액은 안전해도 현금 차감 필드에 넣으면 의미가 달라짐,추천/제외 타입으로 별도 저장 여부 결정,no_payload_update,100000.0,최대 10억원,100000.0,guarantee,exclude,5,100000.0만원/guarantee/exclude: 예술 프로젝트 보증(기업당 최대 통합 한도는 10억 원 이내) 지원 || 20000.0만원/unknown/review: 汫ॣ 汫╣ * 200백만원 초과 신청기업의 경우 || 20000.0만원/unknown/review: 2억원 이하 신청 시 해당없음에 체크 汫ॣ   氠瑢 상기 내용이 허위 사실임이 발견될 경우 || 20.0만원/guarantee/exclude: 보증기관의 보증심사를 받게 되면 ‘기술 평가료’(20만원)를 납부해야 하며 || None만원/support_ratio/ratio_cap: 2026년 4차 예술산업보증 7월 공고 문화체육관광부 기업마당>정책정보>지원사업 공고 기업마당 본문 바로가기 주메뉴 바로가기 기업마당 > 정책정보 > 지원사업 공고 메뉴열기 로그인 정책정보 정책정보 지원사업 공고 품목별 법정의무 인증제도 행사정보 정책뉴스 입법·행정예고/고시 월간 중기누리 활용정보 활용정보 기업업무용 서식 입주기업 모집공고 온라인화상회의실 정책정보 개방 속보성 대시보드 고객알,https://www.bizinfo.go.kr/sii/siia/selectSIIA200Detail.do?pblancId=PBLN_000000000123745
PBLN_000000000123766,[충북] 2026년 스마트공장 구축 자부담금 지원사업 수혜기업 모집 공고,충청북도,safe_non_update_remainder,안전하지만 현재 업로드 범위 밖,위험 사유는 없지만 tier-a 금액 업데이트 조건에는 들어가지 않음,현재 일괄 업로드 범위 밖이라 자동 반영하지 않음,원하면 2차 업로드 범위로 별도 payload 생성 가능,no_payload_update,,최대 15% 지원,4000.0,support_amount,subtract,5,4000.0만원/support_amount/subtract: 최대 40백만원 자부담금 지원 - 정부형 스마트공장 구축사업 - 지역특화형(레전드 50+ || 570.0만원/total_project_cost/review: 최대 5.7백만원 자부담금 지원 - 2026년 제조DX멘토단 활용지원사업(사후관리) ③ 아래 사업은 총사업비의 5% || 2000.0만원/support_amount/subtract: 최대 20백만원 자부담금 지원 - ① ~ ②에서 명시된 사업 외 ‘2026년 스마트 제조혁신 지원사업 통합공고’에 포함된 스마트공장 구축 사업 : 부처협업형 || 4000.0만원/support_amount/subtract: 최대 40백만원 자부담금 지원 - 정부형 스마트공장 구축사업 - 지역특화형(레전드 50+ || 2000.0만원/support_amount/subtract: 최대 20백만원 자부담금 지원 - ① ~ ②에서 명시된 사업 외 ‘2026년 스마트 제조혁신 지원사업 통합공고’에 포함된 스마트공장 구축 사업 : 부처협업형,https://www.bizinfo.go.kr/sii/siia/selectSIIA200Detail.do?pblancId=PBLN_000000000123766
PBLN_000000000123767,2026년 바이오소재(항원ㆍ항체) 개발지원사업 공고(중소형 CDMO육성 항원 항체소재 뱅크 구축 사업),산업통상부,safe_non_update_remainder,안전하지만 ROI 차감 대상 아님,새 후보 타입이 non_cash / 적용방식이 recommend_only라 금액 차감 payload에서 제외,금액은 안전해도 현금 차감 필드에 넣으면 의미가 달라짐,추천/제외 타입으로 별도 저장 여부 결정,no_payload_update,10000.0,최대 1억원,10000.0,non_cash,recommend_only,2,5000.0만원/non_cash/recommend_only: 중소형 CDMO 기업 등 대상 항원ㆍ항체 소재 개발 및 시험ㆍ분석 지원 - 기업당 약 5천만원에서 1억 상당규모의 기술지원 || 10000.0만원/non_cash/recommend_only: 중소형 CDMO 기업 등 대상 항원ㆍ항체 소재 개발 및 시험ㆍ분석 지원 - 기업당 약 5천만원에서 1억 상당규모의 기술지원,https://www.bizinfo.go.kr/sii/siia/selectSIIA200Detail.do?pblancId=PBLN_000000000123767
SMARTFACTORY:2025-N-0210:1,2026년도 지역특화 프로젝트「레전드50+」연계 스마트공장 구축 지원사업 공고,스마트공장 사업관리시스템,safe_non_update_remainder,안전하지만 현재 업로드 범위 밖,위험 사유는 없지만 tier-a 금액 업데이트 조건에는 들어가지 않음,현재 일괄 업로드 범위 밖이라 자동 반영하지 않음,원하면 2차 업로드 범위로 별도 payload 생성 가능,no_payload_update,1000000.0,최대 100억원,1000000.0,subsidy,subtract,44,1000000.0만원/project_budget/review: 서비스사용료는 기업부담금으로 계상 가능) - 2 - □지원과제및조건◦(지원예산)100억원* 사업 운영상황에 따라 변동 가능◦(지원조건)과제별수준향상정도에따라정부지원금차등지급지원유형지원기간지원한도지원비율구축목표수준 || 50000.0만원/unknown/review: 고도화최대 9개월최대 5억원(아래 표 참조)50% 이내중간1 이상목표 설정 필수 || 30000.0만원/support_amount/subtract: 구축목표 수준은 KS X 9001-1(스마트공장 기본개념과 구조) 표준 기준 현재수준목표수준최대 지원한도미적용è중간1 3억원중간2 5억원기초è중간1 2억원중간2 4억원중간1è중간2 2억원 * (예시) ① 현재 구축수준 ‘미적용‘ → 목표수준 ’중간2‘ : 최대 5억원 || 50000.0만원/support_amount/subtract: 구축목표 수준은 KS X 9001-1(스마트공장 기본개념과 구조) 표준 기준 현재수준목표수준최대 지원한도미적용è중간1 3억원중간2 5억원기초è중간1 2억원중간2 4억원중간1è중간2 2억원 * (예시) ① 현재 구축수준 ‘미적용‘ → 목표수준 ’중간2‘ : 최대 5억원 지원가능 ② || 20000.0만원/support_amount/subtract: 구축목표 수준은 KS X 9001-1(스마트공장 기본개념과 구조) 표준 기준 현재수준목표수준최대 지원한도미적용è중간1 3억원중간2 5억원기초è중간1 2억원중간2 4억원중간1è중간2 2억원 * (예시) ① 현재 구축수준 ‘미적용‘ → 목표수준 ’중간2‘ : 최대 5억원 지원가능 ② 현재 구축수준 ‘ || ... 후보 39개 추가,https://www.smart-factory.kr/usr/bg/ba/ma/bsnsPbancDtl?pbancId=2025-N-0210&pbancSn=1
SMARTFACTORY:2026-N-0005:1,2026년 스마트공장 수준확인 사업 공고,스마트공장 사업관리시스템,safe_non_update_remainder,안전하지만 ROI 차감 대상 아님,새 후보 타입이 loan / 적용방식이 exclude라 금액 차감 payload에서 제외,금액은 안전해도 현금 차감 필드에 넣으면 의미가 달라짐,추천/제외 타입으로 별도 저장 여부 결정,no_payload_update,,최대 100% 지원,1000000.0,loan,exclude,6,"200000.0만원/consulting_fee/recommend_only: 중견 제조기업의 자발적인 스마트공장 구축 및 고도화를 촉진하기 위한 스마트화 수준진단을 지원◦(사업 규모)2,000백만 원(수준확인 2 || 1000000.0만원/loan/exclude: 스마트공장 등 ICT기반 생산 효율화를 위한 자동화 시설 도입기업ㅇ (대출한도)연간 100억 원 이내(운전자금은 연간 10억 원 이내)ㅇ (대출기간)①시설자금(10년 이내 || 100000.0만원/loan/exclude: 스마트공장 등 ICT기반 생산 효율화를 위한 자동화 시설 도입기업ㅇ (대출한도)연간 100억 원 이내(운전자금은 연간 10억 원 이내)ㅇ (대출기간)①시설자금(10년 이내 || 200000.0만원/consulting_fee/recommend_only: 중견 제조기업의 자발적인 스마트공장 구축 및 고도화를 촉진하기 위한 스마트화 수준진단을 지원 ◦ (사업 규모) 2,000백만 원 (수준확인 2 || 200000.0만원/consulting_fee/recommend_only: 중견 제조기업의 자발적인 스마트공장 구축 및 고도화를 촉진하기 위한 스마트화 수준진단을 지원 ◦ (사업 규모) 2,000백만 원(수준확인 2 || ... 후보 1개 추가",https://www.smart-factory.kr/usr/bg/ba/ma/bsnsPbancDtl?pbancId=2026-N-0005&pbancSn=1
SMARTFACTORY:2026-N-0090:1,2026년 경북형 스마트공장(기초단계) 구축지원 사업 2차모집_(신규구축),스마트공장 사업관리시스템,safe_non_update_remainder,안전하지만 현재 업로드 범위 밖,위험 사유는 없지만 tier-a 금액 업데이트 조건에는 들어가지 않음,현재 일괄 업로드 범위 밖이라 자동 반영하지 않음,원하면 2차 업로드 범위로 별도 payload 생성 가능,no_payload_update,6000.0,"최대 6,000만원",6000.0,support_amount,subtract,13,6000.0만원/total_support_scale/review: 지원규모 : 최대 6천만원(기초 || 6000.0만원/total_support_scale/review: 확산 사업 수요 및 추경예산에 따라 변동 가능 ◦ (지원규모) 소요 비용의 60% 지원 (최대 60백만원) 지원구분 지원금 한도 사업기간 접수형태 신규구축 최대 60백만원 (총 사업비의 60% 이내) 6개월 온라인 접수 || 6000.0만원/total_support_scale/review: 확산 사업 수요 및 추경예산에 따라 변동 가능 ◦ (지원규모) 소요 비용의 60% 지원 (최대 60백만원) 지원구분 지원금 한도 사업기간 접수형태 신규구축 최대 60백만원 (총 사업비의 60% 이내) 6개월 온라인 접수 || 6000.0만원/support_amount/subtract: 저장 인프라 구축 등 포함 □ 지원조건 지원유형 지원조건 지원금(최대) 사업기간 신규구축 - 스마트공장 신규 구축 0.6억원 6개월 동일수준 - 수준향상 없이 재신청하는 경우 (기초→기초) 0 || 6000.0만원/consulting_fee/recommend_only: 6억원 6개월 동일수준 - 수준향상 없이 재신청하는 경우 (기초→기초) 0.6억원 6개월 □ [참고] 스마트공장 수준 구분(추진단 확인) 수준구분 수준요약 상세내용 지원유형 Lv || ... 후보 8개 추가,https://www.smart-factory.kr/usr/bg/ba/ma/bsnsPbancDtl?pbancId=2026-N-0090&pbancSn=1
SMARTFACTORY:2026-N-0090:3,2026년 경북형 스마트공장(기초단계) 구축지원 사업 2차모집_(동일수준),스마트공장 사업관리시스템,safe_non_update_remainder,안전하지만 현재 업로드 범위 밖,위험 사유는 없지만 tier-a 금액 업데이트 조건에는 들어가지 않음,현재 일괄 업로드 범위 밖이라 자동 반영하지 않음,원하면 2차 업로드 범위로 별도 payload 생성 가능,no_payload_update,6000.0,"최대 6,000만원",6000.0,support_amount,subtract,13,6000.0만원/total_support_scale/review: 지원규모 : 최대 6천만원(기초 || 6000.0만원/total_support_scale/review: 확산 사업 수요 및 추경예산에 따라 변동 가능 ◦ (지원규모) 소요 비용의 60% 지원 (최대 60백만원) 지원구분 지원금 한도 사업기간 접수형태 신규구축 최대 60백만원 (총 사업비의 60% 이내) 6개월 온라인 접수 || 6000.0만원/total_support_scale/review: 확산 사업 수요 및 추경예산에 따라 변동 가능 ◦ (지원규모) 소요 비용의 60% 지원 (최대 60백만원) 지원구분 지원금 한도 사업기간 접수형태 신규구축 최대 60백만원 (총 사업비의 60% 이내) 6개월 온라인 접수 || 6000.0만원/support_amount/subtract: 저장 인프라 구축 등 포함 □ 지원조건 지원유형 지원조건 지원금(최대) 사업기간 신규구축 - 스마트공장 신규 구축 0.6억원 6개월 동일수준 - 수준향상 없이 재신청하는 경우 (기초→기초) 0 || 6000.0만원/consulting_fee/recommend_only: 6억원 6개월 동일수준 - 수준향상 없이 재신청하는 경우 (기초→기초) 0.6억원 6개월 □ [참고] 스마트공장 수준 구분(추진단 확인) 수준구분 수준요약 상세내용 지원유형 Lv || ... 후보 8개 추가,https://www.smart-factory.kr/usr/bg/ba/ma/bsnsPbancDtl?pbancId=2026-N-0090&pbancSn=3
SMARTFACTORY:2026-N-0121:1,2026년「푸드테크 스마트 제조 기반 구축」사업 공고(기초)_4차 재공고,스마트공장 사업관리시스템,safe_non_update_remainder,안전하지만 현재 업로드 범위 밖,위험 사유는 없지만 tier-a 금액 업데이트 조건에는 들어가지 않음,현재 일괄 업로드 범위 밖이라 자동 반영하지 않음,원하면 2차 업로드 범위로 별도 payload 생성 가능,no_payload_update,,지원금 확인 필요,6000.0,support_amount,subtract,11,"6000.0만원/support_amount/subtract: 기업 브랜드 강화로 기업 정책자금 단계별 맞춤 지원프로그램 연계지원 □ 지원조건 ◦ 스마트공장 구축 지원유형 지원기간 지원한도 지원비율 구축목표수준 1) 기초 2) 최대 6개월 최대 0.6억원 지자체 70% 이내 기초수준 스마트공장 구축 기초 (동일수준) 최대 6개월 최대 0 || 3000.0만원/unknown/review: 6억원 지자체 70% 이내 기초수준 스마트공장 구축 기초 (동일수준) 최대 6개월 최대 0.3억원 지자체 70% 이내 기초(동일수준) 1) 구축목표 수준은 KS X 9001-1(스마트공장 기본개념과 구조) 표준 기준 2) 스마트공장 식품업 || 80000.0만원/loan/exclude: 체 등 생산설비에 소요되는 자금 장기저리, 융자 지원 * 금리 2.5%(변동), 8억원(시설)/3년거치, 5년 균등분할 * 사업장 신축 및 부지매입비, 공장매입비, 사 || 6000000.0만원/loan/exclude: 생산설비 구입 등에 소요되는 자금 총융자액 600억 규모로 운영 중 지원 예산 범위 내 일부 연계 지원 시제품 제작 지원 [시제품 제작 지원] K-푸드 수출향 제품 || 400.0만원/unknown/review: 시제품/포장재(파우치/박스/스티커) 제작 - 최대 4백만원 || ... 후보 6개 추가",https://www.smart-factory.kr/usr/bg/ba/ma/bsnsPbancDtl?pbancId=2026-N-0121&pbancSn=1
TECHNOPARK:1343,2026년 충남 디스플레이 특화단지 R&D 컨설팅 지원 수혜기업 모집,충남테크노파크,safe_non_update_remainder,안전하지만 현재 업로드 범위 밖,위험 사유는 없지만 tier-a 금액 업데이트 조건에는 들어가지 않음,현재 일괄 업로드 범위 밖이라 자동 반영하지 않음,원하면 2차 업로드 범위로 별도 payload 생성 가능,no_payload_update,,,300.0,support_amount,subtract,2,"100.0만원/support_amount/subtract: 발표자료 보완지원 *공모사업 신청서류 검토 및 보완지원 포함 기업당 1,000천원 이내 Special R&D 기획 || 300.0만원/support_amount/subtract: R&D 연계 지원 기업당 3,000천원 이내",https://www.ctp.or.kr/business/datadetail.do?seq=2709286
TECHNOPARK:1348,(2026-127호) 2026년 강원지역연구장비 서비스 활성화 지원사업 참여기관 모집 공고,강원테크노파크,safe_non_update_remainder,안전하지만 현재 업로드 범위 밖,위험 사유는 없지만 tier-a 금액 업데이트 조건에는 들어가지 않음,현재 일괄 업로드 범위 밖이라 자동 반영하지 않음,원하면 2차 업로드 범위로 별도 payload 생성 가능,no_payload_update,1000.0,"기관별 최대 10,000천원 이내",1000.0,support_amount,subtract,4,"1000.0만원/support_amount/subtract: (금)  지원내용:‘세부 추진내용’내 지원내용 참조  지원금액: 기관별 최대 10,000천원 이내 지원(천원 단위 절사) || 1000.0만원/support_amount/subtract: kr) 접속 후 상단 ’강원연구장비종합정보망을’ 클릭 후 접수 장비 검색  지원금액: 기관별 최대 10,000천원 이내(천원 단위 절사) - 발생비용의 최대 80% 이내 지원금 지급 || 500.0만원/unknown/review: 부가세 제외 - 신청금액 5,000천원 이상인 경우 || 500.0만원/unknown/review: 유지‧보수‧개선 장비 2대 이상 실적 필수 - 신청금액 5,000천원 미만인 경우",https://www.gwtp.or.kr/gwtp/bbsNew_view.php?bbs_data=aWR4PTMxNTMmc3RhcnRQYWdlPSZsaXN0Tm89JnRhYmxlPWNzX2Jic19kYXRhX25ldyZjb2RlPXN1YjAxYiZzZWFyY2hfaXRlbT0mc2VhcmNoX29yZGVyPSZ1cmw9c3ViMDFiJmtleXZhbHVlPXN1YjAxJmJic19tYWxuYW1lPQ==||
TECHNOPARK:1439,「2026년 미래차전환 종합지원사업」 기업지원(R&D) 프로그램 모집 공고,충남테크노파크,safe_non_update_remainder,안전하지만 ROI 차감 대상 아님,새 후보 타입이 guarantee / 적용방식이 exclude라 금액 차감 payload에서 제외,금액은 안전해도 현금 차감 필드에 넣으면 의미가 달라짐,추천/제외 타입으로 별도 저장 여부 결정,no_payload_update,,,10000.0,guarantee,exclude,10,10000.0만원/guarantee/exclude: 인증 등 사업화 단계 지원(R&D)ㅇ지원규모 :기업별 총 연구개발비 1억원 이내 지원 * R&D 자금 예산편성기준에 따라 작성 필수 * 선정 완료 후 R&D 자금 신청시 신청금액에 해당하는 보증보험제출 필수 ㅇ지원기간 || 10000.0만원/guarantee/exclude: 협약 후 사업추진 등 * 기업별 최대한도 1억원 지원(협약관련 서류로서 1억원 이행보증보험증권 발급 및 제출 필수) * 이행보증보험증권 발급은 기업 자부담으로 발급 필수 ㅇ지원과제구분프로그램 || 10000.0만원/guarantee/exclude: 협약 후 사업추진 등 * 기업별 최대한도 1억원 지원(협약관련 서류로서 1억원 이행보증보험증권 발급 및 제출 필수) * 이행보증보험증권 발급은 기업 자부담으로 발급 필수 ㅇ지원과제구분프로그램명 세부 항목 구성 연구개발 지 || 3000.0만원/self_funding/review: 정산보고서는 11월 30일까지 제출 필수 연구개발비 ㅇ 인 건 비 : 현물 자부담비 3천만원ㅇ 연구시설장비비 : 연구개발 과제 관련 연구시설 || 3000.0만원/unknown/review: 장비 구입(총 3천만원 이내)ㅇ 연구재료비 : 연구재료 구입 || ... 후보 5개 추가,https://www.ctp.or.kr/business/datadetail.do?seq=2709289
TECHNOPARK:1725,「2026년 지역 거점 정보보호 클러스터 구축 사업」정보보호 비즈니스 모델 발굴 및 유망기업 지원 모집공고 재공고(2차),충남테크노파크,safe_non_update_remainder,안전하지만 현재 업로드 범위 밖,위험 사유는 없지만 tier-a 금액 업데이트 조건에는 들어가지 않음,현재 일괄 업로드 범위 밖이라 자동 반영하지 않음,원하면 2차 업로드 범위로 별도 payload 생성 가능,no_payload_update,,,5200.0,support_amount,subtract,7,"7700.0만원/consulting_fee/recommend_only: 신성장동력을 추가할 수 있도록 고도화 컨설팅 지원 □ 지원기간 : 협약일로부터 ~ 2026년 11월 30일 - 비즈니스모델 발굴 : 협약 후 ~ 2개월 - 유망기업 지원 : 비즈니스 모델 평가 통보 후 11월 30일까지 □ 지원방법 : 비즈니스 모델 발굴 컨설팅(1단계) 지원 후 컨설팅 결과 평가를 통해 유망기업 지원(2단계) *비즈니스 모델 발굴 결과 평가에 따라 유망기업지원비 차등 지원 || 2500.0만원/unknown/review: 000천원(비즈니스 모델 발굴 지원 25,000천원 || 5200.0만원/support_amount/subtract: 유망기업 지원 52,000천원) - 비즈니스 모델 발굴 지원 : 5개사(1개사/5 || 500.0만원/support_amount/subtract: 000천원) - 비즈니스 모델 발굴 지원 : 5개사(1개사/5,000천원 || 1500.0만원/support_amount/subtract: - 유망기업지원 : 4개사(1개사/15,000천원 || ... 후보 2개 추가",https://www.ctp.or.kr/business/datadetail.do?seq=2709305
TECHNOPARK:1857,미래차 산업전환 공정기술 고도화 수혜기업 모집 공고(3차),경남테크노파크,safe_non_update_remainder,안전하지만 현재 업로드 범위 밖,위험 사유는 없지만 tier-a 금액 업데이트 조건에는 들어가지 않음,현재 일괄 업로드 범위 밖이라 자동 반영하지 않음,원하면 2차 업로드 범위로 별도 payload 생성 가능,no_payload_update,,,5000.0,support_amount,subtract,5,"5000.0만원/support_amount/subtract: 공정고도화 패키지 지원 1건(최대 50백만원/건) 다 || 5000.0만원/unknown/review: 최대 50백만원/건 총1건 - 3 - 라 || 500.0만원/support_amount/subtract: 지원한도: 전체 협약금액 내에서 최대 500만원 한도 || 5000.0만원/non_cash/recommend_only: 탄소중립 설비투자 지원(컨설팅+공정지원)￭ 기업당 최대 50,000천원/건 내외 (민간부담금: 지원금 10% || None만원/support_ratio/ratio_cap: 미래차 산업전환 공정기술 고도화 수혜기업 모집 공고(3차) 경남테크노파크 경남테크노파크-기술혁신 Global Networking Hub 메인 회원가입 로그인 텍스트크기 고객센터 공직비리익명신고(TP) 공직비리익명신고(경상남도) 소극행정신고센터 국가인적자원개발컨소시엄 재단소개 인사말 연 혁 비 전 조직도 재단현황 업무안내 CI소개 약 도 부서안내 정책기획단 기업지원단 미래자동차본부 지능기계본부",http://www.gntp.or.kr/biz/applyInfo/3791
TECHNOPARK:1873,「충남 지역혁신클러스터육성(비R&D)사업」사업화 지원 수혜기업 모집 공고(2차),충남테크노파크,safe_non_update_remainder,안전하지만 현재 업로드 범위 밖,위험 사유는 없지만 tier-a 금액 업데이트 조건에는 들어가지 않음,현재 일괄 업로드 범위 밖이라 자동 반영하지 않음,원하면 2차 업로드 범위로 별도 payload 생성 가능,no_payload_update,,지원금 확인 필요,2000.0,support_amount,subtract,12,"6000.0만원/total_support_scale/review: 지원기관)▢ 지원규모 : 기업당 최대 6,000만원 이내(프로그램 2개까지 지원 가능) || 4000.0만원/unknown/review: 금형 제작 분야 소요비용 등 최대 4,000만원/건제품고도화⚬ 제품 생산 공정 개선 || 4000.0만원/unknown/review: 품질 및 기능 향상을 위하여 소요 되는 비용 등 최대 4,000만원/건디지털 전환⚬ 센서 구축 || 4000.0만원/non_cash/recommend_only: 이상징후 탐지 등 안전관리 및 운영 최적화를 위한 기술 적용 지원최대 4,000만원/건시험분석⚬ 기술 신뢰성 확보를 위한 시험분석 및 성능평가 등최대 2 || 2000.0만원/non_cash/recommend_only: 000만원/건시험분석⚬ 기술 신뢰성 확보를 위한 시험분석 및 성능평가 등최대 2,000만원/건인증지원⚬ 제품 및 기술의 시장 진입을 위한 국내 || ... 후보 7개 추가",https://www.ctp.or.kr/business/datadetail.do?seq=2709316
TECHNOPARK:434,「해양수산자원 산업화 육성 지원(바이오)」수혜기업 모집(2차) 공고,충남테크노파크,safe_non_update_remainder,안전하지만 현재 업로드 범위 밖,위험 사유는 없지만 tier-a 금액 업데이트 조건에는 들어가지 않음,현재 일괄 업로드 범위 밖이라 자동 반영하지 않음,원하면 2차 업로드 범위로 별도 payload 생성 가능,no_payload_update,,지원금 확인 필요,7000.0,support_amount,subtract,4,"7000.0만원/support_amount/subtract: 추후 선정 규모 및 지원금 변동 가능 지원 대상선정 규모지원금지원기간예비 창업자 또는 창업기업총 3개 기업7,000만원 내외협약체결일로부터2026 || 7000.0만원/support_amount/subtract: 해양바이오 전략소재 개발사업명해양바이오전략소재개발지원금70백만원내외기간2026 || 7000.0만원/support_amount/subtract: 해양바이오 상품화 공정개발사업명해양바이오상품화공정개발지원금70백만원이내기간2026 || None만원/support_ratio/ratio_cap: 「해양수산자원 산업화 육성 지원(바이오)」수혜기업 모집(2차) 공고 충남테크노파크 충남테크노파크 --> --> 충남테크노파크 누리소통망(SNS) 알림마당 공지사항 채용공고 입찰공고 교육 CTP 소식 유관기관 소식 언론보도 재활용장터 지원사업 사업공고 주요 지원사업 기업지원사업 연간일정표 분야별 지원 장비지원(CES) KOLAS 공인시험지원 충남제조AI혁신센터 입주지원 단지현황 입주안내 입주기",https://www.ctp.or.kr/business/datadetail.do?seq=2709157
TECHNOPARK:957,(2026-119호) 2026년 강원지역연구장비 활용 수수료 지원사업 참여기업(1차) 모집 공고,강원테크노파크,safe_non_update_remainder,안전하지만 현재 업로드 범위 밖,위험 사유는 없지만 tier-a 금액 업데이트 조건에는 들어가지 않음,현재 일괄 업로드 범위 밖이라 자동 반영하지 않음,원하면 2차 업로드 범위로 별도 payload 생성 가능,no_payload_update,,,300.0,support_amount,subtract,12,"300.0만원/non_cash/recommend_only: (금)  지원내용: 강원지역 공용장비 활용 수수료 지원  지원금액: 기업별 최대 3,000천원 이내 지원(천원 단위 절사) 氠瑢 漠杳 2 세부 추진내용  지원대상: (공고일 기준) 다음의 조건을 모두 충족하는 중소기업 가 || 300.0만원/support_amount/subtract: ‘강원연구장비종합정보망(G-EQNET)’에 등록된 공용장비 사용 후 관련 비용을 해당 관리기관에 지급한 기업 또는 등록된 공용장비를 사용 예정인 기업  지원금액: 기업별 최대 3,000천원 이내(천원 단위 절사) - 발생비용의 90% 지원금 지급 || 0.0만원/equipment_usage_fee/recommend_only: hwp] 捤獥 汤捯 氠瑢 2026년 강원지역연구장비 활용 수수료 지원사업 신청서 ■ 신청내용 氠瑢 기 업 명 대표자명 사업자등록번호 소 재 지 2025년 매출액 00백만원 주생산품 담 당 자 성 명 부서/직위 전 화 FAX 핸드폰 이메일 활용 장비 신청구분 □ 사용예정 (‘별첨1’작성 후 제출) □ 사용완료 (‘ || 100.0만원/equipment_usage_fee/recommend_only: 강원지역연구장비 활용 수수료 지원사업의 적정 지원 금액은 얼마라고 생각하십니까? 氠瑢 ① 100만원 미만 ② 100만원 이상~ 200만원 미만 ③ 200만원 이상~ 300만원 미만 ④ 300만원이상~400만원 미만 ⑤ 400만원 이상 10 || 100.0만원/equipment_usage_fee/recommend_only: 강원지역연구장비 활용 수수료 지원사업의 적정 지원 금액은 얼마라고 생각하십니까? 氠瑢 ① 100만원 미만 ② 100만원 이상~ 200만원 미만 ③ 200만원 이상~ 300만원 미만 ④ 300만원이상~400만원 미만 ⑤ 400만원 이상 10 || ... 후보 7개 추가",https://www.gwtp.or.kr/gwtp/bbsNew_view.php?bbs_data=aWR4PTMxMTQmc3RhcnRQYWdlPSZsaXN0Tm89JnRhYmxlPWNzX2Jic19kYXRhX25ldyZjb2RlPXN1YjAxYiZzZWFyY2hfaXRlbT0mc2VhcmNoX29yZGVyPSZ1cmw9c3ViMDFiJmtleXZhbHVlPXN1YjAxJmJic19tYWxuYW1lPQ==||
