policy_id,title,organization,fetch_status,source_kind,decision,decision_reasons,comparison_reasons,old_amount_manwon,old_amount_type,old_roi_apply_method,candidate_count,new_selected_amount_manwon,new_selected_type,new_roi_apply_method,new_support_ratio,detail_text_length,attachment_text_length,fetch_error,url
ENERGYAGENCY:21809,2019년 에너지경영시스템 인프라 구축 지원사업 공고 안내,한국에너지공단,fetched,url,needs_review,selected_context_has_risk_keyword,,15000.0,subsidy,subtract,2,15000.0,subsidy,subtract,0.4,7042,0,,https://www.energy.or.kr/front/board/View2.do?boardMngNo=2&boardNo=21809
ENERGYAGENCY:21849,2019년 에너지경영시스템 인프라 구축 지원사업 공고 안내,한국에너지공단,fetched,url,needs_review,selected_context_has_risk_keyword,,15000.0,subsidy,subtract,2,15000.0,subsidy,subtract,0.4,7042,0,,https://www.energy.or.kr/front/board/View2.do?boardMngNo=2&boardNo=21849
ENERGYAGENCY:24575,(수정)2026년도 산업진단 개선이행 지원사업 2차 공고,한국에너지공단,fetched,url,needs_review,large_amount_delta,"amount_delta_20_percent:old=69000,new=1",69000.0,support_amount,subtract,2,1.0,support_amount,subtract,0.7,6863,0,,https://www.energy.or.kr/front/board/View2.do?boardMngNo=2&boardNo=24575
KOSMES:6107069,2026년 숙련기능인력 E-7-4 전환추천 모집공고(제2026-52호),중소벤처기업진흥공단,fetched,url,needs_review,candidate_missing,,,,recommend_only,0,,,,,5680,0,,https://www.kosmes.or.kr/nsh/SH/NTS/SHNTS001F0.do?seqNo=6107069&tabPage=01
KPASS:P2950,2026년 산업기술국제협력사업 통합 시행계획 공고,한국산업기술진흥원,fetched,url,needs_review,subtract_without_limit_context | large_amount_delta,"amount_delta_20_percent:old=250000,new=50000",250000.0,support_amount,subtract,19,50000.0,support_amount,subtract,1.0,27515,0,통합사업관리시스템 매뉴얼_수행기관용_v1.1.pdf: 404 Client Error: Not Found for url: https://www.k-pass.kr/notice/%ED%86%B5%ED%95%A9%EC%82%AC%EC%97%85%EA%B4%80%EB%A6%AC%EC%8B%9C%EC%8A%A4%ED%85%9C%20%EB%A7%A4%EB%89%B4%EC%96%BC_%EC%88%98%ED%96%89%EA%B8%B0%EA%B4%80%EC%9A%A9_v1.1.pdf / FileDown.do: 404 Client Error: Not Found for url: https://www.k-pass.kr/cmm/FileDown.do?dirName=manual/&fileName= / FileDown.do: 404 Client Error: Not Found for url: https://www.k-pass.kr/cmm/FileDown.do;jsessionid=sWJ6vCy1KYkpo2doS0IHUPiw6VIJzPP13eS1uVIhd9au7fq0TLofAapEqbTGX34l.K-PASS-WAS_servlet_engine2?ancId= / FileDown.do: 404 Client Error: Not Found for url: https://www.k-pass.kr/cmm/FileDown.do;jsessionid=sWJ6vCy1KYkpo2doS0IHUPiw6VIJzPP13eS1uVIhd9au7fq0TLofAapEqbTGX34l.K-PASS-WAS_servlet_engine2?fileid=,https://www.k-pass.kr/notice/ancView.do?ancId=P2950&gubun=NEW
PBLN_000000000115994,2026년 스마트 제조혁신 지원사업 통합 공고,중소벤처기업부,fetched,url,safe,clear_selected_candidate,,50000.0,subsidy,subtract,42,50000.0,subsidy,subtract,0.5,2262,12050,26년_스마트제조혁신_지원사업_통합공고.pdf: 400 Client Error: Bad Request for url: https://www.bizinfo.go.kr/sii/siia/26%EB%85%84_%EC%8A%A4%EB%A7%88%ED%8A%B8%EC%A0%9C%EC%A1%B0%ED%98%81%EC%8B%A0_%EC%A7%80%EC%9B%90%EC%82%AC%EC%97%85_%ED%86%B5%ED%95%A9%EA%B3%B5%EA%B3%A0.pdf / 202510310932590267.pdf: 404 Client Error: Not Found for url: https://www.bizinfo.go.kr/sii/siia/202510310932590267.pdf,https://www.bizinfo.go.kr/sii/siia/selectSIIA200Detail.do?pblancId=PBLN_000000000115994
PBLN_000000000116004,스마트 공장 수준 확인(2026년 스마트 제조혁신 지원사업 통합 공고),중소벤처기업부,fetched,url,safe,clear_selected_candidate,,50000.0,subsidy,subtract,42,50000.0,subsidy,subtract,0.5,2574,12050,26년_스마트제조혁신_지원사업_통합공고.pdf: 400 Client Error: Bad Request for url: https://www.bizinfo.go.kr/sii/siia/26%EB%85%84_%EC%8A%A4%EB%A7%88%ED%8A%B8%EC%A0%9C%EC%A1%B0%ED%98%81%EC%8B%A0_%EC%A7%80%EC%9B%90%EC%82%AC%EC%97%85_%ED%86%B5%ED%95%A9%EA%B3%B5%EA%B3%A0.pdf / 202510311349430914.pdf: 404 Client Error: Not Found for url: https://www.bizinfo.go.kr/sii/siia/202510311349430914.pdf / 202510311350180073.pdf: 404 Client Error: Not Found for url: https://www.bizinfo.go.kr/sii/siia/202510311350180073.pdf / 스마트공장 수준 확인.pdf: 400 Client Error: Bad Request for url: https://www.bizinfo.go.kr/sii/siia/%EC%8A%A4%EB%A7%88%ED%8A%B8%EA%B3%B5%EC%9E%A5%20%EC%88%98%EC%A4%80%20%ED%99%95%EC%9D%B8.pdf / 스마트공장 수준 확인.pdf: text extraction failed,https://www.bizinfo.go.kr/sii/siia/selectSIIA200Detail.do?pblancId=PBLN_000000000116004
PBLN_000000000116008,제조 DX멘토단 활용지원(2026년 스마트 제조혁신 지원사업 통합 공고),중소벤처기업부,fetched,url,safe,clear_selected_candidate,,50000.0,subsidy,subtract,42,50000.0,subsidy,subtract,0.5,2455,12054,26년_스마트제조혁신_지원사업_통합공고(수정).pdf: 400 Client Error: Bad Request for url: https://www.bizinfo.go.kr/sii/siia/26%EB%85%84_%EC%8A%A4%EB%A7%88%ED%8A%B8%EC%A0%9C%EC%A1%B0%ED%98%81%EC%8B%A0_%EC%A7%80%EC%9B%90%EC%82%AC%EC%97%85_%ED%86%B5%ED%95%A9%EA%B3%B5%EA%B3%A0(%EC%88%98%EC%A0%95).pdf / 제조 DX멘토단 활용지원.pdf: 400 Client Error: Bad Request for url: https://www.bizinfo.go.kr/sii/siia/%EC%A0%9C%EC%A1%B0%20DX%EB%A9%98%ED%86%A0%EB%8B%A8%20%ED%99%9C%EC%9A%A9%EC%A7%80%EC%9B%90.pdf / 202510311428100768.pdf: 404 Client Error: Not Found for url: https://www.bizinfo.go.kr/sii/siia/202510311428100768.pdf / 202510311428140859.pdf: 404 Client Error: Not Found for url: https://www.bizinfo.go.kr/sii/siia/202510311428140859.pdf / 제조 DX멘토단 활용지원.pdf: text extraction failed,https://www.bizinfo.go.kr/sii/siia/selectSIIA200Detail.do?pblancId=PBLN_000000000116008
PBLN_000000000116853,2026년 기업훈련 탄력운영제 참여기업 모집 공고,고용노동부,fetched,url,needs_review,selected_candidate_missing,old_amount_without_new_selected_amount,1820000.0,support_amount,subtract,2,,,,0.5,2142,5129,2.+[별첨]+기업훈련+탄력운영제+참여신청+전산+매뉴얼.pdf: 400 Client Error: Bad Request for url: https://www.bizinfo.go.kr/sii/siia/2.+%5B%EB%B3%84%EC%B2%A8%5D+%EA%B8%B0%EC%97%85%ED%9B%88%EB%A0%A8+%ED%83%84%EB%A0%A5%EC%9A%B4%EC%98%81%EC%A0%9C+%EC%B0%B8%EC%97%AC%EC%8B%A0%EC%B2%AD+%EC%A0%84%EC%82%B0+%EB%A7%A4%EB%89%B4%EC%96%BC.pdf / 202512171336360912.pdf: 404 Client Error: Not Found for url: https://www.bizinfo.go.kr/sii/siia/202512171336360912.pdf / 1.+2026년+기업훈련+탄력운영제+참여기업+모집+공고.hwp: 400 Client Error: Bad Request for url: https://www.bizinfo.go.kr/sii/siia/1.+2026%EB%85%84+%EA%B8%B0%EC%97%85%ED%9B%88%EB%A0%A8+%ED%83%84%EB%A0%A5%EC%9A%B4%EC%98%81%EC%A0%9C+%EC%B0%B8%EC%97%AC%EA%B8%B0%EC%97%85+%EB%AA%A8%EC%A7%91+%EA%B3%B5%EA%B3%A0.hwp / 202512171336310583.hwp: 404 Client Error: Not Found for url: https://www.bizinfo.go.kr/sii/siia/202512171336310583.hwp,https://www.bizinfo.go.kr/sii/siia/selectSIIA200Detail.do?pblancId=PBLN_000000000116853
PBLN_000000000117019,2026년 제조DX멘토단 활용지원사업 통합 공고,중소벤처기업부,fetched,url,needs_review,selected_candidate_missing,old_amount_without_new_selected_amount,238.0,subsidy,subtract,14,,,,0.5,2264,8789,★2026년도_제조DX멘토단_활용지원사업_통합_공고문_V3.pdf: 400 Client Error: Bad Request for url: https://www.bizinfo.go.kr/sii/siia/%E2%98%852026%EB%85%84%EB%8F%84_%EC%A0%9C%EC%A1%B0DX%EB%A9%98%ED%86%A0%EB%8B%A8_%ED%99%9C%EC%9A%A9%EC%A7%80%EC%9B%90%EC%82%AC%EC%97%85_%ED%86%B5%ED%95%A9_%EA%B3%B5%EA%B3%A0%EB%AC%B8_V3.pdf / 202512300954380961.pdf: 404 Client Error: Not Found for url: https://www.bizinfo.go.kr/sii/siia/202512300954380961.pdf,https://www.bizinfo.go.kr/sii/siia/selectSIIA200Detail.do?pblancId=PBLN_000000000117019
PBLN_000000000117056,[경기] 부천시 2026년 내일채움공제 지원 계획 공고,경기도,fetched,url,needs_review,large_amount_delta,"amount_delta_20_percent:old=24,new=7",24.0,support_amount,subtract,8,7.0,support_amount,subtract,,1641,7256,2026년 부천시 「내일채움공제」 지원계획 공고.hwp: 400 Client Error: Bad Request for url: https://www.bizinfo.go.kr/sii/siia/2026%EB%85%84%20%EB%B6%80%EC%B2%9C%EC%8B%9C%20%E3%80%8C%EB%82%B4%EC%9D%BC%EC%B1%84%EC%9B%80%EA%B3%B5%EC%A0%9C%E3%80%8D%20%EC%A7%80%EC%9B%90%EA%B3%84%ED%9A%8D%20%EA%B3%B5%EA%B3%A0.hwp / 202601021032020268.hwp: 404 Client Error: Not Found for url: https://www.bizinfo.go.kr/sii/siia/202601021032020268.hwp,https://www.bizinfo.go.kr/sii/siia/selectSIIA200Detail.do?pblancId=PBLN_000000000117056
PBLN_000000000117066,장애인고용개선장려금 사업 공고,고용노동부,fetched,url,needs_review,selected_candidate_missing,old_amount_without_new_selected_amount,45.0,support_amount,subtract,3,,,,0.6,1443,4180,2026년 장애인고용개선장려금 공고문(최종).hwp: 400 Client Error: Bad Request for url: https://www.bizinfo.go.kr/sii/siia/2026%EB%85%84%20%EC%9E%A5%EC%95%A0%EC%9D%B8%EA%B3%A0%EC%9A%A9%EA%B0%9C%EC%84%A0%EC%9E%A5%EB%A0%A4%EA%B8%88%20%EA%B3%B5%EA%B3%A0%EB%AC%B8(%EC%B5%9C%EC%A2%85).hwp / 202512311319040480.hwp: 404 Client Error: Not Found for url: https://www.bizinfo.go.kr/sii/siia/202512311319040480.hwp,https://www.bizinfo.go.kr/sii/siia/selectSIIA200Detail.do?pblancId=PBLN_000000000117066
PBLN_000000000117291,2026년 한국식품산업클러스터진흥원 기업지원시설ㆍ장비 활용 지원사업 공고,농림축산식품부,fetched,url,needs_review,selected_candidate_missing,old_amount_without_new_selected_amount,25000.0,support_amount,subtract,3,,,,0.2,1902,12071,[한국식품산업클러스터진흥원] 2026년 기업지원시설·장비 활용 지원사업 공고.hwp: 400 Client Error: Bad Request for url: https://www.bizinfo.go.kr/sii/siia/%5B%ED%95%9C%EA%B5%AD%EC%8B%9D%ED%92%88%EC%82%B0%EC%97%85%ED%81%B4%EB%9F%AC%EC%8A%A4%ED%84%B0%EC%A7%84%ED%9D%A5%EC%9B%90%5D%202026%EB%85%84%20%EA%B8%B0%EC%97%85%EC%A7%80%EC%9B%90%EC%8B%9C%EC%84%A4%C2%B7%EC%9E%A5%EB%B9%84%20%ED%99%9C%EC%9A%A9%20%EC%A7%80%EC%9B%90%EC%82%AC%EC%97%85%20%EA%B3%B5%EA%B3%A0.hwp / 202601091353000765.hwp: 404 Client Error: Not Found for url: https://www.bizinfo.go.kr/sii/siia/202601091353000765.hwp,https://www.bizinfo.go.kr/sii/siia/selectSIIA200Detail.do?pblancId=PBLN_000000000117291
PBLN_000000000117307,[인천] 2026년 가상융합산업 콘텐츠 제작 장비 임차지원 공고(인천 가상융합산업 혁신센터),인천광역시,fetched,url,needs_review,selected_candidate_missing,,,,recommend_only,1,,,,1.0,2028,6570,붙임. 가상융합산업 콘텐츠 제작 장비 임차지원 안내.hwp: 400 Client Error: Bad Request for url: https://www.bizinfo.go.kr/sii/siia/%EB%B6%99%EC%9E%84.%20%EA%B0%80%EC%83%81%EC%9C%B5%ED%95%A9%EC%82%B0%EC%97%85%20%EC%BD%98%ED%85%90%EC%B8%A0%20%EC%A0%9C%EC%9E%91%20%EC%9E%A5%EB%B9%84%20%EC%9E%84%EC%B0%A8%EC%A7%80%EC%9B%90%20%EC%95%88%EB%82%B4.hwp / 202601091447560488.hwp: 404 Client Error: Not Found for url: https://www.bizinfo.go.kr/sii/siia/202601091447560488.hwp,https://www.bizinfo.go.kr/sii/siia/selectSIIA200Detail.do?pblancId=PBLN_000000000117307
PBLN_000000000117454,[강원] 2026년 글로벌 IP 스타기업 육성 해외OA비용 지원사업 공고,강원특별자치도,fetched,url,needs_review,large_amount_delta,"amount_delta_20_percent:old=164,new=410",164.0,support_amount,subtract,12,410.0,support_amount,subtract,,2070,4071,2026년 강원 글로벌 IP 스타기업 육성 해외OA비용 지원사업 공고.hwp: 400 Client Error: Bad Request for url: https://www.bizinfo.go.kr/sii/siia/2026%EB%85%84%20%EA%B0%95%EC%9B%90%20%EA%B8%80%EB%A1%9C%EB%B2%8C%20IP%20%EC%8A%A4%ED%83%80%EA%B8%B0%EC%97%85%20%EC%9C%A1%EC%84%B1%20%ED%95%B4%EC%99%B8OA%EB%B9%84%EC%9A%A9%20%EC%A7%80%EC%9B%90%EC%82%AC%EC%97%85%20%EA%B3%B5%EA%B3%A0.hwp / 서류제출 안내.hwp: 400 Client Error: Bad Request for url: https://www.bizinfo.go.kr/sii/siia/%EC%84%9C%EB%A5%98%EC%A0%9C%EC%B6%9C%20%EC%95%88%EB%82%B4.hwp / 202601150927040542.hwp: 404 Client Error: Not Found for url: https://www.bizinfo.go.kr/sii/siia/202601150927040542.hwp / 202601150927080724.hwp: 404 Client Error: Not Found for url: https://www.bizinfo.go.kr/sii/siia/202601150927080724.hwp / 202601150927080892.hwp: 404 Client Error: Not Found for url: https://www.bizinfo.go.kr/sii/siia/202601150927080892.hwp / 202601150927090088.hwp: 404 Client Error: Not Found for url: https://www.bizinfo.go.kr/sii/siia/202601150927090088.hwp / 붙임1_해외OA비용 신청서(양식).hwp: 400 Client Error: Bad Request for url: https://www.bizinfo.go.kr/sii/siia/%EB%B6%99%EC%9E%841_%ED%95%B4%EC%99%B8OA%EB%B9%84%EC%9A%A9%20%EC%8B%A0%EC%B2%AD%EC%84%9C(%EC%96%91%EC%8B%9D).hwp / 붙임2_해외OA비용 서약서(양식).hwp: 400 Client Error: Bad Request for url: https://www.bizinfo.go.kr/sii/siia/%EB%B6%99%EC%9E%842_%ED%95%B4%EC%99%B8OA%EB%B9%84%EC%9A%A9%20%EC%84%9C%EC%95%BD%EC%84%9C(%EC%96%91%EC%8B%9D).hwp,https://www.bizinfo.go.kr/sii/siia/selectSIIA200Detail.do?pblancId=PBLN_000000000117454
PBLN_000000000117463,[강원] 2026년 글로벌 IP 스타기업 육성 해외등록비용 지원사업 공고,강원특별자치도,fetched,url,needs_review,selected_candidate_missing,old_amount_without_new_selected_amount,144.0,support_amount,subtract,9,,,,,2064,3937,2026년 강원 글로벌 IP 스타기업 육성 해외등록비용 지원사업 공고.hwp: 400 Client Error: Bad Request for url: https://www.bizinfo.go.kr/sii/siia/2026%EB%85%84%20%EA%B0%95%EC%9B%90%20%EA%B8%80%EB%A1%9C%EB%B2%8C%20IP%20%EC%8A%A4%ED%83%80%EA%B8%B0%EC%97%85%20%EC%9C%A1%EC%84%B1%20%ED%95%B4%EC%99%B8%EB%93%B1%EB%A1%9D%EB%B9%84%EC%9A%A9%20%EC%A7%80%EC%9B%90%EC%82%AC%EC%97%85%20%EA%B3%B5%EA%B3%A0.hwp / 서류제출 안내.hwp: 400 Client Error: Bad Request for url: https://www.bizinfo.go.kr/sii/siia/%EC%84%9C%EB%A5%98%EC%A0%9C%EC%B6%9C%20%EC%95%88%EB%82%B4.hwp / 202601150930550777.hwp: 404 Client Error: Not Found for url: https://www.bizinfo.go.kr/sii/siia/202601150930550777.hwp / 202601150931000330.hwp: 404 Client Error: Not Found for url: https://www.bizinfo.go.kr/sii/siia/202601150931000330.hwp / 202601150931000516.hwp: 404 Client Error: Not Found for url: https://www.bizinfo.go.kr/sii/siia/202601150931000516.hwp / 202601150931000708.hwp: 404 Client Error: Not Found for url: https://www.bizinfo.go.kr/sii/siia/202601150931000708.hwp / 붙임1_해외등록비용 신청서(양식).hwp: 400 Client Error: Bad Request for url: https://www.bizinfo.go.kr/sii/siia/%EB%B6%99%EC%9E%841_%ED%95%B4%EC%99%B8%EB%93%B1%EB%A1%9D%EB%B9%84%EC%9A%A9%20%EC%8B%A0%EC%B2%AD%EC%84%9C(%EC%96%91%EC%8B%9D).hwp / 붙임2_해외등록비용 서약서(양식).hwp: 400 Client Error: Bad Request for url: https://www.bizinfo.go.kr/sii/siia/%EB%B6%99%EC%9E%842_%ED%95%B4%EC%99%B8%EB%93%B1%EB%A1%9D%EB%B9%84%EC%9A%A9%20%EC%84%9C%EC%95%BD%EC%84%9C(%EC%96%91%EC%8B%9D).hwp,https://www.bizinfo.go.kr/sii/siia/selectSIIA200Detail.do?pblancId=PBLN_000000000117463
PBLN_000000000117481,전북바이오융합교육센터 재직자 교육 훈련생ㆍ기업 모집 공고(국가인적자원개발컨소시엄),전북특별자치도,fetched,url,needs_review,selected_candidate_missing,old_amount_without_new_selected_amount,100.0,support_amount,subtract,2,,,,1.0,2271,7267,○+바이오융합교육센터+재직자+교육+훈련생-기업+모집공고_최종.pdf: 400 Client Error: Bad Request for url: https://www.bizinfo.go.kr/sii/siia/%E2%97%8B+%EB%B0%94%EC%9D%B4%EC%98%A4%EC%9C%B5%ED%95%A9%EA%B5%90%EC%9C%A1%EC%84%BC%ED%84%B0+%EC%9E%AC%EC%A7%81%EC%9E%90+%EA%B5%90%EC%9C%A1+%ED%9B%88%EB%A0%A8%EC%83%9D-%EA%B8%B0%EC%97%85+%EB%AA%A8%EC%A7%91%EA%B3%B5%EA%B3%A0_%EC%B5%9C%EC%A2%85.pdf / 202601151036500006.pdf: 404 Client Error: Not Found for url: https://www.bizinfo.go.kr/sii/siia/202601151036500006.pdf / 202601151036560686.hwp: 404 Client Error: Not Found for url: https://www.bizinfo.go.kr/sii/siia/202601151036560686.hwp / 202601151036560880.hwp: 404 Client Error: Not Found for url: https://www.bizinfo.go.kr/sii/siia/202601151036560880.hwp / [신청양식]+바이오융합교육센터+기업방문+교육신청서.hwp: 400 Client Error: Bad Request for url: https://www.bizinfo.go.kr/sii/siia/%5B%EC%8B%A0%EC%B2%AD%EC%96%91%EC%8B%9D%5D+%EB%B0%94%EC%9D%B4%EC%98%A4%EC%9C%B5%ED%95%A9%EA%B5%90%EC%9C%A1%EC%84%BC%ED%84%B0+%EA%B8%B0%EC%97%85%EB%B0%A9%EB%AC%B8+%EA%B5%90%EC%9C%A1%EC%8B%A0%EC%B2%AD%EC%84%9C.hwp / [신청양식]+바이오융합교육센터협약서.hwp: 400 Client Error: Bad Request for url: https://www.bizinfo.go.kr/sii/siia/%5B%EC%8B%A0%EC%B2%AD%EC%96%91%EC%8B%9D%5D+%EB%B0%94%EC%9D%B4%EC%98%A4%EC%9C%B5%ED%95%A9%EA%B5%90%EC%9C%A1%EC%84%BC%ED%84%B0%ED%98%91%EC%95%BD%EC%84%9C.hwp,https://www.bizinfo.go.kr/sii/siia/selectSIIA200Detail.do?pblancId=PBLN_000000000117481
PBLN_000000000117557,[충북] 충주시 2026년 기술평가 인증 수수료 지원사업 공고,충청북도,fetched,url,needs_review,candidate_missing,,,support_ratio,ratio_cap,0,,,,,2162,1776,2026년 기술평가 인증 수수료 지원 사업 공고.hwp: 400 Client Error: Bad Request for url: https://www.bizinfo.go.kr/sii/siia/2026%EB%85%84%20%EA%B8%B0%EC%88%A0%ED%8F%89%EA%B0%80%20%EC%9D%B8%EC%A6%9D%20%EC%88%98%EC%88%98%EB%A3%8C%20%EC%A7%80%EC%9B%90%20%EC%82%AC%EC%97%85%20%EA%B3%B5%EA%B3%A0.hwp / 202601191059220310.hwp: 404 Client Error: Not Found for url: https://www.bizinfo.go.kr/sii/siia/202601191059220310.hwp,https://www.bizinfo.go.kr/sii/siia/selectSIIA200Detail.do?pblancId=PBLN_000000000117557
PBLN_000000000117563,2026년 중소기업 매출채권팩토링 지원계획 공고,중소벤처기업부,fetched,url,needs_review,large_amount_delta,"amount_delta_20_percent:old=100000,new=5.9e+06",100000.0,support_amount,subtract,10,5900000.0,support_amount,subtract,,1679,4651,2026년도_중소기업_매출채권팩토링_지원계획_공고.pdf: 400 Client Error: Bad Request for url: https://www.bizinfo.go.kr/sii/siia/2026%EB%85%84%EB%8F%84_%EC%A4%91%EC%86%8C%EA%B8%B0%EC%97%85_%EB%A7%A4%EC%B6%9C%EC%B1%84%EA%B6%8C%ED%8C%A9%ED%86%A0%EB%A7%81_%EC%A7%80%EC%9B%90%EA%B3%84%ED%9A%8D_%EA%B3%B5%EA%B3%A0.pdf / 202601191010290383.pdf: 404 Client Error: Not Found for url: https://www.bizinfo.go.kr/sii/siia/202601191010290383.pdf,https://www.bizinfo.go.kr/sii/siia/selectSIIA200Detail.do?pblancId=PBLN_000000000117563
PBLN_000000000117643,2026년 예산군 로케이션 인센티브 제작지원 사업 공고,충청남도,fetched,url,safe,clear_selected_candidate,,6000.0,support_amount,subtract,3,6000.0,support_amount,subtract,0.5,2077,4255,공고문 2026 예산 로케이션 인센티브 지원사업 공고.pdf: 400 Client Error: Bad Request for url: https://www.bizinfo.go.kr/sii/siia/%EA%B3%B5%EA%B3%A0%EB%AC%B8%202026%20%EC%98%88%EC%82%B0%20%EB%A1%9C%EC%BC%80%EC%9D%B4%EC%85%98%20%EC%9D%B8%EC%84%BC%ED%8B%B0%EB%B8%8C%20%EC%A7%80%EC%9B%90%EC%82%AC%EC%97%85%20%EA%B3%B5%EA%B3%A0.pdf / 202601201112290597.pdf: 404 Client Error: Not Found for url: https://www.bizinfo.go.kr/sii/siia/202601201112290597.pdf,https://www.bizinfo.go.kr/sii/siia/selectSIIA200Detail.do?pblancId=PBLN_000000000117643
PBLN_000000000117654,[강원] 2026년 중소ㆍ벤처기업 투자이음 강화 프로그램 참여기업 연중 상시접수 공고(강원 벤처투자 생태계 조성사업),강원특별자치도,fetched,url,needs_review,selected_candidate_missing,old_amount_without_new_selected_amount,650000.0,support_amount,subtract,3,,,,,2039,2415,(공고문) 강원지역 중소벤처기업 투자이음 강화 프로그램 .hwp: 400 Client Error: Bad Request for url: https://www.bizinfo.go.kr/sii/siia/(%EA%B3%B5%EA%B3%A0%EB%AC%B8)%20%EA%B0%95%EC%9B%90%EC%A7%80%EC%97%AD%20%EC%A4%91%EC%86%8C%EB%B2%A4%EC%B2%98%EA%B8%B0%EC%97%85%20%ED%88%AC%EC%9E%90%EC%9D%B4%EC%9D%8C%20%EA%B0%95%ED%99%94%20%ED%94%84%EB%A1%9C%EA%B7%B8%EB%9E%A8%20.hwp / 202601201418510349.hwp: 404 Client Error: Not Found for url: https://www.bizinfo.go.kr/sii/siia/202601201418510349.hwp,https://www.bizinfo.go.kr/sii/siia/selectSIIA200Detail.do?pblancId=PBLN_000000000117654
PBLN_000000000117668,[인천] 2026년 기술거래촉진네트워크사업(인천기술전환플랫폼) 기술이전 및 기술수요조사서 신청 공고,인천광역시,fetched,url,needs_review,candidate_missing,,,unknown,recommend_only,0,,,,,1974,6337,붙임._기술이전_및_기술수요조사_신청접수_공고문.hwp: 400 Client Error: Bad Request for url: https://www.bizinfo.go.kr/sii/siia/%EB%B6%99%EC%9E%84._%EA%B8%B0%EC%88%A0%EC%9D%B4%EC%A0%84_%EB%B0%8F_%EA%B8%B0%EC%88%A0%EC%88%98%EC%9A%94%EC%A1%B0%EC%82%AC_%EC%8B%A0%EC%B2%AD%EC%A0%91%EC%88%98_%EA%B3%B5%EA%B3%A0%EB%AC%B8.hwp / 202601211028030515.hwp: 404 Client Error: Not Found for url: https://www.bizinfo.go.kr/sii/siia/202601211028030515.hwp,https://www.bizinfo.go.kr/sii/siia/selectSIIA200Detail.do?pblancId=PBLN_000000000117668
PBLN_000000000117671,[인천] 서구 2026년 제품인증획득 지원사업 신청 공고,인천광역시,fetched,url,needs_review,large_amount_delta,"type_changed:support_amount->non_cash | roi_method_changed:subtract->recommend_only | amount_delta_20_percent:old=500,new=400",500.0,support_amount,subtract,7,400.0,non_cash,recommend_only,,2086,10158,지원대상분야_인증리스트.pdf: 400 Client Error: Bad Request for url: https://www.bizinfo.go.kr/sii/siia/%EC%A7%80%EC%9B%90%EB%8C%80%EC%83%81%EB%B6%84%EC%95%BC_%EC%9D%B8%EC%A6%9D%EB%A6%AC%EC%8A%A4%ED%8A%B8.pdf / 202601211036540094.pdf: 404 Client Error: Not Found for url: https://www.bizinfo.go.kr/sii/siia/202601211036540094.pdf / 2026년_제품인증획득_지원사업_신청_안내문.hwp: 400 Client Error: Bad Request for url: https://www.bizinfo.go.kr/sii/siia/2026%EB%85%84_%EC%A0%9C%ED%92%88%EC%9D%B8%EC%A6%9D%ED%9A%8D%EB%93%9D_%EC%A7%80%EC%9B%90%EC%82%AC%EC%97%85_%EC%8B%A0%EC%B2%AD_%EC%95%88%EB%82%B4%EB%AC%B8.hwp / 신청서류(지원신청서.사업계획서.개인정보이용및제공동의서).hwp: 400 Client Error: Bad Request for url: https://www.bizinfo.go.kr/sii/siia/%EC%8B%A0%EC%B2%AD%EC%84%9C%EB%A5%98(%EC%A7%80%EC%9B%90%EC%8B%A0%EC%B2%AD%EC%84%9C.%EC%82%AC%EC%97%85%EA%B3%84%ED%9A%8D%EC%84%9C.%EA%B0%9C%EC%9D%B8%EC%A0%95%EB%B3%B4%EC%9D%B4%EC%9A%A9%EB%B0%8F%EC%A0%9C%EA%B3%B5%EB%8F%99%EC%9D%98%EC%84%9C).hwp / 202601211036460578.hwp: 404 Client Error: Not Found for url: https://www.bizinfo.go.kr/sii/siia/202601211036460578.hwp / 202601211036530881.hwp: 404 Client Error: Not Found for url: https://www.bizinfo.go.kr/sii/siia/202601211036530881.hwp,https://www.bizinfo.go.kr/sii/siia/selectSIIA200Detail.do?pblancId=PBLN_000000000117671
PBLN_000000000117688,[인천] 서구(검단지역) 2026년 제품인증획득 지원사업 신청 공고,인천광역시,fetched,url,needs_review,large_amount_delta,"type_changed:support_amount->non_cash | roi_method_changed:subtract->recommend_only | amount_delta_20_percent:old=500,new=400",500.0,support_amount,subtract,7,400.0,non_cash,recommend_only,,2110,10196,지원대상분야_인증리스트.pdf: 400 Client Error: Bad Request for url: https://www.bizinfo.go.kr/sii/siia/%EC%A7%80%EC%9B%90%EB%8C%80%EC%83%81%EB%B6%84%EC%95%BC_%EC%9D%B8%EC%A6%9D%EB%A6%AC%EC%8A%A4%ED%8A%B8.pdf / 202601211033430102.pdf: 404 Client Error: Not Found for url: https://www.bizinfo.go.kr/sii/siia/202601211033430102.pdf / (검단지역)_2026년_제품인증획득_지원사업_신청_안내문.hwp: 400 Client Error: Bad Request for url: https://www.bizinfo.go.kr/sii/siia/(%EA%B2%80%EB%8B%A8%EC%A7%80%EC%97%AD)_2026%EB%85%84_%EC%A0%9C%ED%92%88%EC%9D%B8%EC%A6%9D%ED%9A%8D%EB%93%9D_%EC%A7%80%EC%9B%90%EC%82%AC%EC%97%85_%EC%8B%A0%EC%B2%AD_%EC%95%88%EB%82%B4%EB%AC%B8.hwp / (검단지역)_신청서류(지원신청서.사업계획서.개인정보이용및제공동의서).hwp: 400 Client Error: Bad Request for url: https://www.bizinfo.go.kr/sii/siia/(%EA%B2%80%EB%8B%A8%EC%A7%80%EC%97%AD)_%EC%8B%A0%EC%B2%AD%EC%84%9C%EB%A5%98(%EC%A7%80%EC%9B%90%EC%8B%A0%EC%B2%AD%EC%84%9C.%EC%82%AC%EC%97%85%EA%B3%84%ED%9A%8D%EC%84%9C.%EA%B0%9C%EC%9D%B8%EC%A0%95%EB%B3%B4%EC%9D%B4%EC%9A%A9%EB%B0%8F%EC%A0%9C%EA%B3%B5%EB%8F%99%EC%9D%98%EC%84%9C).hwp / 202601211033380336.hwp: 404 Client Error: Not Found for url: https://www.bizinfo.go.kr/sii/siia/202601211033380336.hwp / 202601211033420940.hwp: 404 Client Error: Not Found for url: https://www.bizinfo.go.kr/sii/siia/202601211033420940.hwp,https://www.bizinfo.go.kr/sii/siia/selectSIIA200Detail.do?pblancId=PBLN_000000000117688
PBLN_000000000117774,[서울] 가죽ㆍ패션산업 소공인 장비 임대지원사업 공고,서울특별시,fetched,url,needs_review,candidate_missing,,,unknown,recommend_only,0,,,,,1680,3899,[강동가죽제조지원센터] 가죽·패션산업 소공인 장비지원 사업 공고.hwp: 400 Client Error: Bad Request for url: https://www.bizinfo.go.kr/sii/siia/%5B%EA%B0%95%EB%8F%99%EA%B0%80%EC%A3%BD%EC%A0%9C%EC%A1%B0%EC%A7%80%EC%9B%90%EC%84%BC%ED%84%B0%5D%20%EA%B0%80%EC%A3%BD%C2%B7%ED%8C%A8%EC%85%98%EC%82%B0%EC%97%85%20%EC%86%8C%EA%B3%B5%EC%9D%B8%20%EC%9E%A5%EB%B9%84%EC%A7%80%EC%9B%90%20%EC%82%AC%EC%97%85%20%EA%B3%B5%EA%B3%A0.hwp / [강동가죽제조지원센터] 가죽·패션산업 소공인 장비지원 사업 신청서.hwp: 400 Client Error: Bad Request for url: https://www.bizinfo.go.kr/sii/siia/%5B%EA%B0%95%EB%8F%99%EA%B0%80%EC%A3%BD%EC%A0%9C%EC%A1%B0%EC%A7%80%EC%9B%90%EC%84%BC%ED%84%B0%5D%20%EA%B0%80%EC%A3%BD%C2%B7%ED%8C%A8%EC%85%98%EC%82%B0%EC%97%85%20%EC%86%8C%EA%B3%B5%EC%9D%B8%20%EC%9E%A5%EB%B9%84%EC%A7%80%EC%9B%90%20%EC%82%AC%EC%97%85%20%EC%8B%A0%EC%B2%AD%EC%84%9C.hwp / 202601230942230736.hwp: 404 Client Error: Not Found for url: https://www.bizinfo.go.kr/sii/siia/202601230942230736.hwp / 202601230942280177.hwp: 404 Client Error: Not Found for url: https://www.bizinfo.go.kr/sii/siia/202601230942280177.hwp,https://www.bizinfo.go.kr/sii/siia/selectSIIA200Detail.do?pblancId=PBLN_000000000117774
PBLN_000000000117781,[경북] 국방기술 민간이전 사업 참여기업 모집 공고(경북ㆍ구미 방산혁신클러스터),경상북도,fetched,url,safe,clear_selected_candidate,,4000.0,support_amount,subtract,4,4000.0,support_amount,subtract,,2226,7831,(붙임1) 국방기술 민간이전 사업 참여기업 모집 공고.pdf: 400 Client Error: Bad Request for url: https://www.bizinfo.go.kr/sii/siia/(%EB%B6%99%EC%9E%841)%20%EA%B5%AD%EB%B0%A9%EA%B8%B0%EC%88%A0%20%EB%AF%BC%EA%B0%84%EC%9D%B4%EC%A0%84%20%EC%82%AC%EC%97%85%20%EC%B0%B8%EC%97%AC%EA%B8%B0%EC%97%85%20%EB%AA%A8%EC%A7%91%20%EA%B3%B5%EA%B3%A0.pdf / 202601230954250646.pdf: 404 Client Error: Not Found for url: https://www.bizinfo.go.kr/sii/siia/202601230954250646.pdf / (붙임2) 신청서식.hwp: 400 Client Error: Bad Request for url: https://www.bizinfo.go.kr/sii/siia/(%EB%B6%99%EC%9E%842)%20%EC%8B%A0%EC%B2%AD%EC%84%9C%EC%8B%9D.hwp / 202601230959330693.hwp: 404 Client Error: Not Found for url: https://www.bizinfo.go.kr/sii/siia/202601230959330693.hwp,https://www.bizinfo.go.kr/sii/siia/selectSIIA200Detail.do?pblancId=PBLN_000000000117781
PBLN_000000000117794,[경북] 2026년 중소기업 정부기술개발공모사업 선정지원 참여기업 모집 공고,경상북도,fetched,url,needs_review,selected_candidate_missing,old_amount_without_new_selected_amount,150.0,support_amount,subtract,12,,,,,2302,7628,[공고문] 2026년 경북 중소기업 정부기술개발 공모사업 선정 지원사업_1.hwp: 400 Client Error: Bad Request for url: https://www.bizinfo.go.kr/sii/siia/%5B%EA%B3%B5%EA%B3%A0%EB%AC%B8%5D%202026%EB%85%84%20%EA%B2%BD%EB%B6%81%20%EC%A4%91%EC%86%8C%EA%B8%B0%EC%97%85%20%EC%A0%95%EB%B6%80%EA%B8%B0%EC%88%A0%EA%B0%9C%EB%B0%9C%20%EA%B3%B5%EB%AA%A8%EC%82%AC%EC%97%85%20%EC%84%A0%EC%A0%95%20%EC%A7%80%EC%9B%90%EC%82%AC%EC%97%85_1.hwp / [신청서] 2026년 경북 중소기업 정부기술개발 공모사업 선정 지원사업_1.hwp: 400 Client Error: Bad Request for url: https://www.bizinfo.go.kr/sii/siia/%5B%EC%8B%A0%EC%B2%AD%EC%84%9C%5D%202026%EB%85%84%20%EA%B2%BD%EB%B6%81%20%EC%A4%91%EC%86%8C%EA%B8%B0%EC%97%85%20%EC%A0%95%EB%B6%80%EA%B8%B0%EC%88%A0%EA%B0%9C%EB%B0%9C%20%EA%B3%B5%EB%AA%A8%EC%82%AC%EC%97%85%20%EC%84%A0%EC%A0%95%20%EC%A7%80%EC%9B%90%EC%82%AC%EC%97%85_1.hwp / 202601231348140443.hwp: 404 Client Error: Not Found for url: https://www.bizinfo.go.kr/sii/siia/202601231348140443.hwp / 202601231348340247.hwp: 404 Client Error: Not Found for url: https://www.bizinfo.go.kr/sii/siia/202601231348340247.hwp,https://www.bizinfo.go.kr/sii/siia/selectSIIA200Detail.do?pblancId=PBLN_000000000117794
PBLN_000000000117839,2026년 고령친화식품 사용성평가 참여기업 모집 공고,식품의약품안전처,fetched,url,needs_review,selected_candidate_missing,old_amount_without_new_selected_amount,176.0,support_ratio,ratio_cap,1,,,,1.0,1742,4994,(260119) 2026년 고령친화식품 사용성평가 참여기업 모집공고.hwp: 400 Client Error: Bad Request for url: https://www.bizinfo.go.kr/sii/siia/(260119)%202026%EB%85%84%20%EA%B3%A0%EB%A0%B9%EC%B9%9C%ED%99%94%EC%8B%9D%ED%92%88%20%EC%82%AC%EC%9A%A9%EC%84%B1%ED%8F%89%EA%B0%80%20%EC%B0%B8%EC%97%AC%EA%B8%B0%EC%97%85%20%EB%AA%A8%EC%A7%91%EA%B3%B5%EA%B3%A0.hwp / 202601261456490031.hwp: 404 Client Error: Not Found for url: https://www.bizinfo.go.kr/sii/siia/202601261456490031.hwp,https://www.bizinfo.go.kr/sii/siia/selectSIIA200Detail.do?pblancId=PBLN_000000000117839
PBLN_000000000117942,[경남] 창원시 2026년 지식재산진흥 지원사업 기업 모집 공고,경상남도,fetched,url,needs_review,subtract_without_limit_context,type_changed:unknown->subsidy | roi_method_changed:recommend_only->subtract | new_amount_found_from_source,,unknown,recommend_only,5,3000.0,subsidy,subtract,0.8,2207,6239,2026년 지식재산진흥 지원사업 기업 모집 공고.pdf: 400 Client Error: Bad Request for url: https://www.bizinfo.go.kr/sii/siia/2026%EB%85%84%20%EC%A7%80%EC%8B%9D%EC%9E%AC%EC%82%B0%EC%A7%84%ED%9D%A5%20%EC%A7%80%EC%9B%90%EC%82%AC%EC%97%85%20%EA%B8%B0%EC%97%85%20%EB%AA%A8%EC%A7%91%20%EA%B3%B5%EA%B3%A0.pdf / 202601281346300281.pdf: 404 Client Error: Not Found for url: https://www.bizinfo.go.kr/sii/siia/202601281346300281.pdf / [붙임1]+지원사업+신청서.hwp: 400 Client Error: Bad Request for url: https://www.bizinfo.go.kr/sii/siia/%5B%EB%B6%99%EC%9E%841%5D+%EC%A7%80%EC%9B%90%EC%82%AC%EC%97%85+%EC%8B%A0%EC%B2%AD%EC%84%9C.hwp / 202601281346380974.hwp: 404 Client Error: Not Found for url: https://www.bizinfo.go.kr/sii/siia/202601281346380974.hwp / 202601281346390144.hwp: 404 Client Error: Not Found for url: https://www.bizinfo.go.kr/sii/siia/202601281346390144.hwp / [붙임2]+선정평가표.hwp: 400 Client Error: Bad Request for url: https://www.bizinfo.go.kr/sii/siia/%5B%EB%B6%99%EC%9E%842%5D+%EC%84%A0%EC%A0%95%ED%8F%89%EA%B0%80%ED%91%9C.hwp / [붙임2]+선정평가표.hwp: HWP extraction quality_failed,https://www.bizinfo.go.kr/sii/siia/selectSIIA200Detail.do?pblancId=PBLN_000000000117942
PBLN_000000000117992,2026년 나눔장비 이전지원사업 모집 공고,과학기술정보통신부,fetched,url,needs_review,large_amount_delta,"amount_delta_20_percent:old=6000,new=3000",6000.0,support_amount,subtract,11,3000.0,support_amount,subtract,0.2,2105,8596,2026년 나눔장비 이전지원사업 공고문.hwp: 400 Client Error: Bad Request for url: https://www.bizinfo.go.kr/sii/siia/2026%EB%85%84%20%EB%82%98%EB%88%94%EC%9E%A5%EB%B9%84%20%EC%9D%B4%EC%A0%84%EC%A7%80%EC%9B%90%EC%82%AC%EC%97%85%20%EA%B3%B5%EA%B3%A0%EB%AC%B8.hwp / 202601291405150152.hwp: 404 Client Error: Not Found for url: https://www.bizinfo.go.kr/sii/siia/202601291405150152.hwp,https://www.bizinfo.go.kr/sii/siia/selectSIIA200Detail.do?pblancId=PBLN_000000000117992
PBLN_000000000118003,[경기] 용인시 2026년 다통해 서포터즈(시민 통번역 서포터즈) 지원사업 공고,경기도,fetched,url,safe,clear_selected_candidate,,50.0,support_amount,subtract,8,50.0,support_amount,subtract,,1732,8173,202601291320480880.pdf: 404 Client Error: Not Found for url: https://www.bizinfo.go.kr/sii/siia/202601291320480880.pdf / 2026년 통번역 수당 지급 기준.pdf: 400 Client Error: Bad Request for url: https://www.bizinfo.go.kr/sii/siia/2026%EB%85%84%20%ED%86%B5%EB%B2%88%EC%97%AD%20%EC%88%98%EB%8B%B9%20%EC%A7%80%EA%B8%89%20%EA%B8%B0%EC%A4%80.pdf / 2026 통번역 서포터즈 명단(게시용)_260123.xlsx: 400 Client Error: Bad Request for url: https://www.bizinfo.go.kr/sii/siia/2026%20%ED%86%B5%EB%B2%88%EC%97%AD%20%EC%84%9C%ED%8F%AC%ED%84%B0%EC%A6%88%20%EB%AA%85%EB%8B%A8(%EA%B2%8C%EC%8B%9C%EC%9A%A9)_260123.xlsx / 202601291320480763.xlsx: 404 Client Error: Not Found for url: https://www.bizinfo.go.kr/sii/siia/202601291320480763.xlsx / 202601291320480472.hwp: 404 Client Error: Not Found for url: https://www.bizinfo.go.kr/sii/siia/202601291320480472.hwp / 202601291320480616.hwp: 404 Client Error: Not Found for url: https://www.bizinfo.go.kr/sii/siia/202601291320480616.hwp / [서식1]용인 통번역 서포터즈 배정 신청서 및 서약서.hwp: 400 Client Error: Bad Request for url: https://www.bizinfo.go.kr/sii/siia/%5B%EC%84%9C%EC%8B%9D1%5D%EC%9A%A9%EC%9D%B8%20%ED%86%B5%EB%B2%88%EC%97%AD%20%EC%84%9C%ED%8F%AC%ED%84%B0%EC%A6%88%20%EB%B0%B0%EC%A0%95%20%EC%8B%A0%EC%B2%AD%EC%84%9C%20%EB%B0%8F%20%EC%84%9C%EC%95%BD%EC%84%9C.hwp / [서식2]번역 요청자료 의뢰 서식.hwp: 400 Client Error: Bad Request for url: https://www.bizinfo.go.kr/sii/siia/%5B%EC%84%9C%EC%8B%9D2%5D%EB%B2%88%EC%97%AD%20%EC%9A%94%EC%B2%AD%EC%9E%90%EB%A3%8C%20%EC%9D%98%EB%A2%B0%20%EC%84%9C%EC%8B%9D.hwp / [서식2]번역 요청자료 의뢰 서식.hwp: HWP extraction quality_failed,https://www.bizinfo.go.kr/sii/siia/selectSIIA200Detail.do?pblancId=PBLN_000000000118003
PBLN_000000000118006,2026년 스마트공장 수준확인 사업 공고,중소벤처기업부,fetched,url,needs_review,selected_candidate_missing,old_amount_without_new_selected_amount,200000.0,support_amount,subtract,2,,,,1.0,2329,2120,2026년도_스마트공장_수준확인_사업_공고.pdf: 400 Client Error: Bad Request for url: https://www.bizinfo.go.kr/sii/siia/2026%EB%85%84%EB%8F%84_%EC%8A%A4%EB%A7%88%ED%8A%B8%EA%B3%B5%EC%9E%A5_%EC%88%98%EC%A4%80%ED%99%95%EC%9D%B8_%EC%82%AC%EC%97%85_%EA%B3%B5%EA%B3%A0.pdf / 202601291342290293.pdf: 404 Client Error: Not Found for url: https://www.bizinfo.go.kr/sii/siia/202601291342290293.pdf,https://www.bizinfo.go.kr/sii/siia/selectSIIA200Detail.do?pblancId=PBLN_000000000118006
PBLN_000000000118027,2026년 KOLAS 공인 제품인증 서비스 바우처 지원사업 참가 희망기업 모집 공고,부산광역시,fetched,url,needs_review,large_amount_delta,"type_changed:voucher->non_cash | roi_method_changed:subtract->recommend_only | amount_delta_20_percent:old=80,new=500000",80.0,voucher,subtract,8,500000.0,non_cash,recommend_only,0.008,2355,9306,2026년+KOLAS+공인+제품인증+서비스+바우처+지원사업+참가+희망기업+모집+공고문.hwp: 400 Client Error: Bad Request for url: https://www.bizinfo.go.kr/sii/siia/2026%EB%85%84+KOLAS+%EA%B3%B5%EC%9D%B8+%EC%A0%9C%ED%92%88%EC%9D%B8%EC%A6%9D+%EC%84%9C%EB%B9%84%EC%8A%A4+%EB%B0%94%EC%9A%B0%EC%B2%98+%EC%A7%80%EC%9B%90%EC%82%AC%EC%97%85+%EC%B0%B8%EA%B0%80+%ED%9D%AC%EB%A7%9D%EA%B8%B0%EC%97%85+%EB%AA%A8%EC%A7%91+%EA%B3%B5%EA%B3%A0%EB%AC%B8.hwp / 202601301112430765.hwp: 404 Client Error: Not Found for url: https://www.bizinfo.go.kr/sii/siia/202601301112430765.hwp,https://www.bizinfo.go.kr/sii/siia/selectSIIA200Detail.do?pblancId=PBLN_000000000118027
PBLN_000000000118037,2026년 기업인력애로센터 활용 취업지원 사업 구인기업 및 구직자 모집 공고,중소벤처기업부,fetched,url,needs_review,candidate_missing,,,unknown,recommend_only,0,,,,,2288,4120,2026년 기업인력애로센터 활용 취업 지원 사업 구인기업 및 구직자 모집 공고_수정.pdf: 400 Client Error: Bad Request for url: https://www.bizinfo.go.kr/sii/siia/2026%EB%85%84%20%EA%B8%B0%EC%97%85%EC%9D%B8%EB%A0%A5%EC%95%A0%EB%A1%9C%EC%84%BC%ED%84%B0%20%ED%99%9C%EC%9A%A9%20%EC%B7%A8%EC%97%85%20%EC%A7%80%EC%9B%90%20%EC%82%AC%EC%97%85%20%EA%B5%AC%EC%9D%B8%EA%B8%B0%EC%97%85%20%EB%B0%8F%20%EA%B5%AC%EC%A7%81%EC%9E%90%20%EB%AA%A8%EC%A7%91%20%EA%B3%B5%EA%B3%A0_%EC%88%98%EC%A0%95.pdf / 202601301426040477.pdf: 404 Client Error: Not Found for url: https://www.bizinfo.go.kr/sii/siia/202601301426040477.pdf,https://www.bizinfo.go.kr/sii/siia/selectSIIA200Detail.do?pblancId=PBLN_000000000118037
PBLN_000000000118047,[충북] 청주시 2026년 도시근로자 지원사업 참여기업 모집 공고,충청북도,fetched,url,needs_review,selected_candidate_missing,old_amount_without_new_selected_amount,20.0,support_amount,subtract,2,,,,0.4,2364,6966,2026년 충북형 도시근로자 지원사업 모집 공고문 및 신청서(참여기업ㆍ최종).hwp: 400 Client Error: Bad Request for url: https://www.bizinfo.go.kr/sii/siia/2026%EB%85%84%20%EC%B6%A9%EB%B6%81%ED%98%95%20%EB%8F%84%EC%8B%9C%EA%B7%BC%EB%A1%9C%EC%9E%90%20%EC%A7%80%EC%9B%90%EC%82%AC%EC%97%85%20%EB%AA%A8%EC%A7%91%20%EA%B3%B5%EA%B3%A0%EB%AC%B8%20%EB%B0%8F%20%EC%8B%A0%EC%B2%AD%EC%84%9C(%EC%B0%B8%EC%97%AC%EA%B8%B0%EC%97%85%E3%86%8D%EC%B5%9C%EC%A2%85).hwp / 202601301350230456.hwp: 404 Client Error: Not Found for url: https://www.bizinfo.go.kr/sii/siia/202601301350230456.hwp,https://www.bizinfo.go.kr/sii/siia/selectSIIA200Detail.do?pblancId=PBLN_000000000118047
PBLN_000000000118049,2026년 중소벤처기업부 외국전문인력(E-7-1) 고용추천 공고,중소벤처기업부,fetched,url,needs_review,selected_candidate_missing,old_amount_without_new_selected_amount,2897.0,support_amount,subtract,1,,,,,2303,12063,26년도__외국전문인력_E-7-1_고용추천_모집공고(발령번호).hwp: 400 Client Error: Bad Request for url: https://www.bizinfo.go.kr/sii/siia/26%EB%85%84%EB%8F%84__%EC%99%B8%EA%B5%AD%EC%A0%84%EB%AC%B8%EC%9D%B8%EB%A0%A5_E-7-1_%EA%B3%A0%EC%9A%A9%EC%B6%94%EC%B2%9C_%EB%AA%A8%EC%A7%91%EA%B3%B5%EA%B3%A0(%EB%B0%9C%EB%A0%B9%EB%B2%88%ED%98%B8).hwp / 202601301344100233.hwp: 404 Client Error: Not Found for url: https://www.bizinfo.go.kr/sii/siia/202601301344100233.hwp,https://www.bizinfo.go.kr/sii/siia/selectSIIA200Detail.do?pblancId=PBLN_000000000118049
PBLN_000000000118122,[울산] 2026년 이전ㆍ창업기업(기술강소기업) 특별보조금 지원사업 공고,울산광역시,fetched,url,safe,clear_selected_candidate,,20000.0,subsidy,subtract,10,20000.0,subsidy,subtract,0.15,2247,12035,공고-154.hwpx: 400 Client Error: Bad Request for url: https://www.bizinfo.go.kr/sii/siia/%EA%B3%B5%EA%B3%A0-154.hwpx / 202602031008350696.hwpx: 404 Client Error: Not Found for url: https://www.bizinfo.go.kr/sii/siia/202602031008350696.hwpx,https://www.bizinfo.go.kr/sii/siia/selectSIIA200Detail.do?pblancId=PBLN_000000000118122
PBLN_000000000118133,[경북] 2026년 화장품산업 경쟁력 강화사업(성분 분석ㆍ검증 시험인증) 모집공고,경상북도,fetched,url,safe,clear_selected_candidate,type_changed:support_amount->non_cash | roi_method_changed:subtract->recommend_only,80.0,support_amount,subtract,3,80.0,non_cash,recommend_only,,2133,2539,[공고문] 2026년 화장품산업 경쟁력 강화사업(성분 분석 검증 시험인증) 모집공고.hwp: 400 Client Error: Bad Request for url: https://www.bizinfo.go.kr/sii/siia/%5B%EA%B3%B5%EA%B3%A0%EB%AC%B8%5D%202026%EB%85%84%20%ED%99%94%EC%9E%A5%ED%92%88%EC%82%B0%EC%97%85%20%EA%B2%BD%EC%9F%81%EB%A0%A5%20%EA%B0%95%ED%99%94%EC%82%AC%EC%97%85(%EC%84%B1%EB%B6%84%20%EB%B6%84%EC%84%9D%20%EA%B2%80%EC%A6%9D%20%EC%8B%9C%ED%97%98%EC%9D%B8%EC%A6%9D)%20%EB%AA%A8%EC%A7%91%EA%B3%B5%EA%B3%A0.hwp / 202602031117190271.hwp: 404 Client Error: Not Found for url: https://www.bizinfo.go.kr/sii/siia/202602031117190271.hwp,https://www.bizinfo.go.kr/sii/siia/selectSIIA200Detail.do?pblancId=PBLN_000000000118133
PBLN_000000000118204,2026년 여성기업 육성사업 공고,중소벤처기업부,fetched,url,needs_review,selected_candidate_missing,old_amount_without_new_selected_amount,300000.0,support_amount,subtract,6,,,,1.0,2314,10594,★26년_여성기업육성사업_통합공고.hwpx: 400 Client Error: Bad Request for url: https://www.bizinfo.go.kr/sii/siia/%E2%98%8526%EB%85%84_%EC%97%AC%EC%84%B1%EA%B8%B0%EC%97%85%EC%9C%A1%EC%84%B1%EC%82%AC%EC%97%85_%ED%86%B5%ED%95%A9%EA%B3%B5%EA%B3%A0.hwpx / 202602041304080458.hwpx: 404 Client Error: Not Found for url: https://www.bizinfo.go.kr/sii/siia/202602041304080458.hwpx,https://www.bizinfo.go.kr/sii/siia/selectSIIA200Detail.do?pblancId=PBLN_000000000118204
PBLN_000000000118209,2026년 중소기업 연구인력지원사업 공고,중소벤처기업부,fetched,url,needs_review,large_amount_delta,"amount_delta_20_percent:old=3800,new=5000",3800.0,subsidy,subtract,13,5000.0,subsidy,subtract,0.5,2281,12052,2026년_중소기업_연구인력지원사업_공고.hwpx: 400 Client Error: Bad Request for url: https://www.bizinfo.go.kr/sii/siia/2026%EB%85%84_%EC%A4%91%EC%86%8C%EA%B8%B0%EC%97%85_%EC%97%B0%EA%B5%AC%EC%9D%B8%EB%A0%A5%EC%A7%80%EC%9B%90%EC%82%AC%EC%97%85_%EA%B3%B5%EA%B3%A0.hwpx / 202602041327480823.hwpx: 404 Client Error: Not Found for url: https://www.bizinfo.go.kr/sii/siia/202602041327480823.hwpx,https://www.bizinfo.go.kr/sii/siia/selectSIIA200Detail.do?pblancId=PBLN_000000000118209
PBLN_000000000118213,[경기] 2026년 가구디자인창작공간운영사업 경기가구창작스튜디오 공동장비 활용 지원 참여기업 모집 공고,경기도,fetched,url,needs_review,candidate_missing,,,support_ratio,ratio_cap,0,,,,,2118,4131,★2026년_경기가구창작스튜디오_공동장비_활용_지원_모집_공고문_및_신청_관련_서류.hwp: 400 Client Error: Bad Request for url: https://www.bizinfo.go.kr/sii/siia/%E2%98%852026%EB%85%84_%EA%B2%BD%EA%B8%B0%EA%B0%80%EA%B5%AC%EC%B0%BD%EC%9E%91%EC%8A%A4%ED%8A%9C%EB%94%94%EC%98%A4_%EA%B3%B5%EB%8F%99%EC%9E%A5%EB%B9%84_%ED%99%9C%EC%9A%A9_%EC%A7%80%EC%9B%90_%EB%AA%A8%EC%A7%91_%EA%B3%B5%EA%B3%A0%EB%AC%B8_%EB%B0%8F_%EC%8B%A0%EC%B2%AD_%EA%B4%80%EB%A0%A8_%EC%84%9C%EB%A5%98.hwp / 202602041408550677.hwp: 404 Client Error: Not Found for url: https://www.bizinfo.go.kr/sii/siia/202602041408550677.hwp,https://www.bizinfo.go.kr/sii/siia/selectSIIA200Detail.do?pblancId=PBLN_000000000118213
PBLN_000000000118224,2026년 미래 치과이식형 디지털의료제품 개발 기반구축 사업 기술서비스 지원사업 통합 공고,산업통상부,fetched,url,needs_review,selected_candidate_missing,old_amount_without_new_selected_amount,500.0,support_ratio,ratio_cap,1,,,,0.25,2446,12058,1. 산업혁신기반구축 사업 기술서비스 지원 통합 공고문.pdf: 400 Client Error: Bad Request for url: https://www.bizinfo.go.kr/sii/siia/1.%20%EC%82%B0%EC%97%85%ED%98%81%EC%8B%A0%EA%B8%B0%EB%B0%98%EA%B5%AC%EC%B6%95%20%EC%82%AC%EC%97%85%20%EA%B8%B0%EC%88%A0%EC%84%9C%EB%B9%84%EC%8A%A4%20%EC%A7%80%EC%9B%90%20%ED%86%B5%ED%95%A9%20%EA%B3%B5%EA%B3%A0%EB%AC%B8.pdf / 202602050947300842.pdf: 404 Client Error: Not Found for url: https://www.bizinfo.go.kr/sii/siia/202602050947300842.pdf,https://www.bizinfo.go.kr/sii/siia/selectSIIA200Detail.do?pblancId=PBLN_000000000118224
PBLN_000000000118245,[경북] 2026년 중소벤처기업 지식재산권 및 해외인증 지원사업 참가기업 모집 공고,경상북도,fetched,url,needs_review,large_amount_delta,"type_changed:support_amount->non_cash | roi_method_changed:subtract->recommend_only | amount_delta_20_percent:old=500,new=600",500.0,support_amount,subtract,4,600.0,non_cash,recommend_only,0.8,2161,13832,202602051127090551.pdf: 404 Client Error: Not Found for url: https://www.bizinfo.go.kr/sii/siia/202602051127090551.pdf / [붙임]해외규격인증대상.pdf: 400 Client Error: Bad Request for url: https://www.bizinfo.go.kr/sii/siia/%5B%EB%B6%99%EC%9E%84%5D%ED%95%B4%EC%99%B8%EA%B7%9C%EA%B2%A9%EC%9D%B8%EC%A6%9D%EB%8C%80%EC%83%81.pdf / [서식] 중소벤처기업 지식재산권 및 해외인증 지원사업 참가기업 모집 공고.hwp: 400 Client Error: Bad Request for url: https://www.bizinfo.go.kr/sii/siia/%5B%EC%84%9C%EC%8B%9D%5D%20%EC%A4%91%EC%86%8C%EB%B2%A4%EC%B2%98%EA%B8%B0%EC%97%85%20%EC%A7%80%EC%8B%9D%EC%9E%AC%EC%82%B0%EA%B6%8C%20%EB%B0%8F%20%ED%95%B4%EC%99%B8%EC%9D%B8%EC%A6%9D%20%EC%A7%80%EC%9B%90%EC%82%AC%EC%97%85%20%EC%B0%B8%EA%B0%80%EA%B8%B0%EC%97%85%20%EB%AA%A8%EC%A7%91%20%EA%B3%B5%EA%B3%A0.hwp / 202602051127090432.hwp: 404 Client Error: Not Found for url: https://www.bizinfo.go.kr/sii/siia/202602051127090432.hwp,https://www.bizinfo.go.kr/sii/siia/selectSIIA200Detail.do?pblancId=PBLN_000000000118245
PBLN_000000000118318,2026년 소스개발 및 생산지원 사업 공고,농림축산식품부,fetched,url,needs_review,selected_candidate_missing,old_amount_without_new_selected_amount,3000.0,support_amount,subtract,6,,,,,1810,7562,[공고 제2026-16호] 2026년 소스개발 및 생산지원 사업 공고_(260204).hwp: 400 Client Error: Bad Request for url: https://www.bizinfo.go.kr/sii/siia/%5B%EA%B3%B5%EA%B3%A0%20%EC%A0%9C2026-16%ED%98%B8%5D%202026%EB%85%84%20%EC%86%8C%EC%8A%A4%EA%B0%9C%EB%B0%9C%20%EB%B0%8F%20%EC%83%9D%EC%82%B0%EC%A7%80%EC%9B%90%20%EC%82%AC%EC%97%85%20%EA%B3%B5%EA%B3%A0_(260204).hwp / 202602091044460973.hwp: 404 Client Error: Not Found for url: https://www.bizinfo.go.kr/sii/siia/202602091044460973.hwp,https://www.bizinfo.go.kr/sii/siia/selectSIIA200Detail.do?pblancId=PBLN_000000000118318
PBLN_000000000118361,[경기] 부천시 2026년 유해물질 시험분석 수수료 지원 사업 참여 기업 모집 공고,경기도,fetched,url,safe,clear_selected_candidate,type_changed:support_amount->non_cash | roi_method_changed:subtract->recommend_only,100.0,support_amount,subtract,2,100.0,non_cash,recommend_only,,2151,2961,[공고] 2026 유해물질 시험분석 수수료 지원사업.pdf: 400 Client Error: Bad Request for url: https://www.bizinfo.go.kr/sii/siia/%5B%EA%B3%B5%EA%B3%A0%5D%202026%20%EC%9C%A0%ED%95%B4%EB%AC%BC%EC%A7%88%20%EC%8B%9C%ED%97%98%EB%B6%84%EC%84%9D%20%EC%88%98%EC%88%98%EB%A3%8C%20%EC%A7%80%EC%9B%90%EC%82%AC%EC%97%85.pdf / [신청서식] 2026 유해물질 시험분석 수수료 지원사업 신청서.pdf: 400 Client Error: Bad Request for url: https://www.bizinfo.go.kr/sii/siia/%5B%EC%8B%A0%EC%B2%AD%EC%84%9C%EC%8B%9D%5D%202026%20%EC%9C%A0%ED%95%B4%EB%AC%BC%EC%A7%88%20%EC%8B%9C%ED%97%98%EB%B6%84%EC%84%9D%20%EC%88%98%EC%88%98%EB%A3%8C%20%EC%A7%80%EC%9B%90%EC%82%AC%EC%97%85%20%EC%8B%A0%EC%B2%AD%EC%84%9C.pdf / 202602101016410976.pdf: 404 Client Error: Not Found for url: https://www.bizinfo.go.kr/sii/siia/202602101016410976.pdf / 202602101016470709.pdf: 404 Client Error: Not Found for url: https://www.bizinfo.go.kr/sii/siia/202602101016470709.pdf / [신청서식] 2026 유해물질 시험분석 수수료 지원사업 신청서.hwp: 400 Client Error: Bad Request for url: https://www.bizinfo.go.kr/sii/siia/%5B%EC%8B%A0%EC%B2%AD%EC%84%9C%EC%8B%9D%5D%202026%20%EC%9C%A0%ED%95%B4%EB%AC%BC%EC%A7%88%20%EC%8B%9C%ED%97%98%EB%B6%84%EC%84%9D%20%EC%88%98%EC%88%98%EB%A3%8C%20%EC%A7%80%EC%9B%90%EC%82%AC%EC%97%85%20%EC%8B%A0%EC%B2%AD%EC%84%9C.hwp / 202602101016470627.hwp: 404 Client Error: Not Found for url: https://www.bizinfo.go.kr/sii/siia/202602101016470627.hwp,https://www.bizinfo.go.kr/sii/siia/selectSIIA200Detail.do?pblancId=PBLN_000000000118361
PBLN_000000000118395,[경기] 2026년 기술닥터사업 공고,경기도,fetched,url,needs_review,large_amount_delta,"amount_delta_20_percent:old=500,new=2000",500.0,support_amount,subtract,14,2000.0,support_amount,subtract,0.8,2043,15035,2026-375_★기술닥터사업 표준서식.hwpx: 400 Client Error: Bad Request for url: https://www.bizinfo.go.kr/sii/siia/2026-375_%E2%98%85%EA%B8%B0%EC%88%A0%EB%8B%A5%ED%84%B0%EC%82%AC%EC%97%85%20%ED%91%9C%EC%A4%80%EC%84%9C%EC%8B%9D.hwpx / 202602101457110034.hwpx: 404 Client Error: Not Found for url: https://www.bizinfo.go.kr/sii/siia/202602101457110034.hwpx / 2026-375_★2026년 기술닥터사업 공고문.hwp: 400 Client Error: Bad Request for url: https://www.bizinfo.go.kr/sii/siia/2026-375_%E2%98%852026%EB%85%84%20%EA%B8%B0%EC%88%A0%EB%8B%A5%ED%84%B0%EC%82%AC%EC%97%85%20%EA%B3%B5%EA%B3%A0%EB%AC%B8.hwp / 202602101457070158.hwp: 404 Client Error: Not Found for url: https://www.bizinfo.go.kr/sii/siia/202602101457070158.hwp,https://www.bizinfo.go.kr/sii/siia/selectSIIA200Detail.do?pblancId=PBLN_000000000118395
PBLN_000000000118467,[부산] 2026년 중소기업 ISO 인증 지원사업 모집 공고,부산광역시,fetched,url,needs_review,selected_candidate_missing,,,support_ratio,ratio_cap,1,,,,1.0,2202,3628,[신청서] 중소기업 ISO 인증 지원사업 신청서.xlsx: 400 Client Error: Bad Request for url: https://www.bizinfo.go.kr/sii/siia/%5B%EC%8B%A0%EC%B2%AD%EC%84%9C%5D%20%EC%A4%91%EC%86%8C%EA%B8%B0%EC%97%85%20ISO%20%EC%9D%B8%EC%A6%9D%20%EC%A7%80%EC%9B%90%EC%82%AC%EC%97%85%20%EC%8B%A0%EC%B2%AD%EC%84%9C.xlsx / 202603261123550488.xlsx: 404 Client Error: Not Found for url: https://www.bizinfo.go.kr/sii/siia/202603261123550488.xlsx / 「2026 중소기업 ISO 인증 지원사업」모집 공고(안).hwp: 400 Client Error: Bad Request for url: https://www.bizinfo.go.kr/sii/siia/%E3%80%8C2026%20%EC%A4%91%EC%86%8C%EA%B8%B0%EC%97%85%20ISO%20%EC%9D%B8%EC%A6%9D%20%EC%A7%80%EC%9B%90%EC%82%AC%EC%97%85%E3%80%8D%EB%AA%A8%EC%A7%91%20%EA%B3%B5%EA%B3%A0(%EC%95%88).hwp / 202602121109240389.hwp: 404 Client Error: Not Found for url: https://www.bizinfo.go.kr/sii/siia/202602121109240389.hwp,https://www.bizinfo.go.kr/sii/siia/selectSIIA200Detail.do?pblancId=PBLN_000000000118467
PBLN_000000000118530,2026년 중소ㆍ중견 에너지효율 혁신 선도 프로젝트 선도기업 모집 공고,기후에너지환경부,fetched,url,needs_review,selected_candidate_missing,,,support_ratio,ratio_cap,1,,,,0.05,1732,6358,[첨부1]에너지효율혁신선도프로젝트선도기업모집안내.(1).pdf: 400 Client Error: Bad Request for url: https://www.bizinfo.go.kr/sii/siia/%5B%EC%B2%A8%EB%B6%801%5D%EC%97%90%EB%84%88%EC%A7%80%ED%9A%A8%EC%9C%A8%ED%98%81%EC%8B%A0%EC%84%A0%EB%8F%84%ED%94%84%EB%A1%9C%EC%A0%9D%ED%8A%B8%EC%84%A0%EB%8F%84%EA%B8%B0%EC%97%85%EB%AA%A8%EC%A7%91%EC%95%88%EB%82%B4.(1).pdf / 202602130946090484.pdf: 404 Client Error: Not Found for url: https://www.bizinfo.go.kr/sii/siia/202602130946090484.pdf / 202602130946190031.pdf: 404 Client Error: Not Found for url: https://www.bizinfo.go.kr/sii/siia/202602130946190031.pdf / [별첨1]KEEP30참여기업리스트.(1).pdf: 400 Client Error: Bad Request for url: https://www.bizinfo.go.kr/sii/siia/%5B%EB%B3%84%EC%B2%A81%5DKEEP30%EC%B0%B8%EC%97%AC%EA%B8%B0%EC%97%85%EB%A6%AC%EC%8A%A4%ED%8A%B8.(1).pdf / [첨부2]선도기업모집별지서식.hwp: 400 Client Error: Bad Request for url: https://www.bizinfo.go.kr/sii/siia/%5B%EC%B2%A8%EB%B6%802%5D%EC%84%A0%EB%8F%84%EA%B8%B0%EC%97%85%EB%AA%A8%EC%A7%91%EB%B3%84%EC%A7%80%EC%84%9C%EC%8B%9D.hwp / 202602130946180929.hwp: 404 Client Error: Not Found for url: https://www.bizinfo.go.kr/sii/siia/202602130946180929.hwp,https://www.bizinfo.go.kr/sii/siia/selectSIIA200Detail.do?pblancId=PBLN_000000000118530
PBLN_000000000118617,[충북] 지능형첨단부품산업의 디지털전환 거점 구축 사업 오픈랩 AI 개발플랫폼 활용 지원 수혜기업 모집 공고,충청북도,fetched,url,needs_review,selected_candidate_missing,,,unknown,recommend_only,1,,,,1.0,2202,13268,붙임 1. 2026년도 오픈랩 AI 개발플랫폼 활용 지원 수혜기업 모집 공고문.pdf: 400 Client Error: Bad Request for url: https://www.bizinfo.go.kr/sii/siia/%EB%B6%99%EC%9E%84%201.%202026%EB%85%84%EB%8F%84%20%EC%98%A4%ED%94%88%EB%9E%A9%20AI%20%EA%B0%9C%EB%B0%9C%ED%94%8C%EB%9E%AB%ED%8F%BC%20%ED%99%9C%EC%9A%A9%20%EC%A7%80%EC%9B%90%20%EC%88%98%ED%98%9C%EA%B8%B0%EC%97%85%20%EB%AA%A8%EC%A7%91%20%EA%B3%B5%EA%B3%A0%EB%AC%B8.pdf / 202602191305220156.pdf: 404 Client Error: Not Found for url: https://www.bizinfo.go.kr/sii/siia/202602191305220156.pdf / 144350_붙임 2. 수혜기업 지원신청 서류.hwp: 400 Client Error: Bad Request for url: https://www.bizinfo.go.kr/sii/siia/144350_%EB%B6%99%EC%9E%84%202.%20%EC%88%98%ED%98%9C%EA%B8%B0%EC%97%85%20%EC%A7%80%EC%9B%90%EC%8B%A0%EC%B2%AD%20%EC%84%9C%EB%A5%98.hwp / 202602191305250128.hwp: 404 Client Error: Not Found for url: https://www.bizinfo.go.kr/sii/siia/202602191305250128.hwp,https://www.bizinfo.go.kr/sii/siia/selectSIIA200Detail.do?pblancId=PBLN_000000000118617
PBLN_000000000118679,[인천] 2026년 채용연계형 뿌리기업 근로환경 혁신 지원사업(환경개선) 모집 공고(지역산업맞춤형 일자리지원 사업),인천광역시,fetched,url,safe,clear_selected_candidate,,2100.0,support_amount,subtract,12,2100.0,support_amount,subtract,0.5,1788,17785,붙임1. 채용연계형 뿌리기업 근로환경 혁신 지원사업(환경개선) 공고문.hwp: 400 Client Error: Bad Request for url: https://www.bizinfo.go.kr/sii/siia/%EB%B6%99%EC%9E%841.%20%EC%B1%84%EC%9A%A9%EC%97%B0%EA%B3%84%ED%98%95%20%EB%BF%8C%EB%A6%AC%EA%B8%B0%EC%97%85%20%EA%B7%BC%EB%A1%9C%ED%99%98%EA%B2%BD%20%ED%98%81%EC%8B%A0%20%EC%A7%80%EC%9B%90%EC%82%AC%EC%97%85(%ED%99%98%EA%B2%BD%EA%B0%9C%EC%84%A0)%20%EA%B3%B5%EA%B3%A0%EB%AC%B8.hwp / 붙임2. 채용연계형 뿌리기업 근로환경 혁신 지원사업(환경개선) 운영지침.hwp: 400 Client Error: Bad Request for url: https://www.bizinfo.go.kr/sii/siia/%EB%B6%99%EC%9E%842.%20%EC%B1%84%EC%9A%A9%EC%97%B0%EA%B3%84%ED%98%95%20%EB%BF%8C%EB%A6%AC%EA%B8%B0%EC%97%85%20%EA%B7%BC%EB%A1%9C%ED%99%98%EA%B2%BD%20%ED%98%81%EC%8B%A0%20%EC%A7%80%EC%9B%90%EC%82%AC%EC%97%85(%ED%99%98%EA%B2%BD%EA%B0%9C%EC%84%A0)%20%EC%9A%B4%EC%98%81%EC%A7%80%EC%B9%A8.hwp / 202602201348200952.hwp: 404 Client Error: Not Found for url: https://www.bizinfo.go.kr/sii/siia/202602201348200952.hwp / 202602201348430146.hwp: 404 Client Error: Not Found for url: https://www.bizinfo.go.kr/sii/siia/202602201348430146.hwp,https://www.bizinfo.go.kr/sii/siia/selectSIIA200Detail.do?pblancId=PBLN_000000000118679
PBLN_000000000118681,[경남] 진주시 2026년 산업재산권 권리화 지원 사업 공고,경상남도,fetched,url,safe,clear_selected_candidate,,100.0,support_amount,subtract,8,100.0,support_amount,subtract,,2254,1276,2026년 산업재산권 권리화 지원사업 공고.hwp: 400 Client Error: Bad Request for url: https://www.bizinfo.go.kr/sii/siia/2026%EB%85%84%20%EC%82%B0%EC%97%85%EC%9E%AC%EC%82%B0%EA%B6%8C%20%EA%B6%8C%EB%A6%AC%ED%99%94%20%EC%A7%80%EC%9B%90%EC%82%AC%EC%97%85%20%EA%B3%B5%EA%B3%A0.hwp / 202602201401290525.hwp: 404 Client Error: Not Found for url: https://www.bizinfo.go.kr/sii/siia/202602201401290525.hwp,https://www.bizinfo.go.kr/sii/siia/selectSIIA200Detail.do?pblancId=PBLN_000000000118681
PBLN_000000000118750,[경남] 진주시 2026년 중소기업 국내외 인증수수료 지원사업 공고,경상남도,fetched,url,safe,clear_selected_candidate,type_changed:support_amount->non_cash | roi_method_changed:subtract->recommend_only,100.0,support_amount,subtract,7,100.0,non_cash,recommend_only,,2174,12063,공고문(2026년 진주시 중소기업 국내외 인증수수료 지원사업).hwp: 400 Client Error: Bad Request for url: https://www.bizinfo.go.kr/sii/siia/%EA%B3%B5%EA%B3%A0%EB%AC%B8(2026%EB%85%84%20%EC%A7%84%EC%A3%BC%EC%8B%9C%20%EC%A4%91%EC%86%8C%EA%B8%B0%EC%97%85%20%EA%B5%AD%EB%82%B4%EC%99%B8%20%EC%9D%B8%EC%A6%9D%EC%88%98%EC%88%98%EB%A3%8C%20%EC%A7%80%EC%9B%90%EC%82%AC%EC%97%85).hwp / 202602231433010156.hwp: 404 Client Error: Not Found for url: https://www.bizinfo.go.kr/sii/siia/202602231433010156.hwp,https://www.bizinfo.go.kr/sii/siia/selectSIIA200Detail.do?pblancId=PBLN_000000000118750
PBLN_000000000118752,2026년 한국농수산식품유통공사(aT) 안전성 검사비 지원사업 공고,농림축산식품부,fetched,url,safe,clear_selected_candidate,,8000.0,support_amount,subtract,3,8000.0,support_amount,subtract,0.9,1859,14764,(붙임3)+2026년+안전성검사비(잔류농약+식품위생)+신청+세부내역(업체용+양식)1.xlsx: 400 Client Error: Bad Request for url: https://www.bizinfo.go.kr/sii/siia/(%EB%B6%99%EC%9E%843)+2026%EB%85%84+%EC%95%88%EC%A0%84%EC%84%B1%EA%B2%80%EC%82%AC%EB%B9%84(%EC%9E%94%EB%A5%98%EB%86%8D%EC%95%BD+%EC%8B%9D%ED%92%88%EC%9C%84%EC%83%9D)+%EC%8B%A0%EC%B2%AD+%EC%84%B8%EB%B6%80%EB%82%B4%EC%97%AD(%EC%97%85%EC%B2%B4%EC%9A%A9+%EC%96%91%EC%8B%9D)1.xlsx / 202602231441300733.xlsx: 404 Client Error: Not Found for url: https://www.bizinfo.go.kr/sii/siia/202602231441300733.xlsx / (붙임1)+2026년+안전성검사비(잔류농약+및+식품위생)+지원사업+공고.hwp: 400 Client Error: Bad Request for url: https://www.bizinfo.go.kr/sii/siia/(%EB%B6%99%EC%9E%841)+2026%EB%85%84+%EC%95%88%EC%A0%84%EC%84%B1%EA%B2%80%EC%82%AC%EB%B9%84(%EC%9E%94%EB%A5%98%EB%86%8D%EC%95%BD+%EB%B0%8F+%EC%8B%9D%ED%92%88%EC%9C%84%EC%83%9D)+%EC%A7%80%EC%9B%90%EC%82%AC%EC%97%85+%EA%B3%B5%EA%B3%A0.hwp / (붙임2)+2026년+안전성검사비(잔류농약+및+식품위생)+지원사업+신청서류(양식).hwp: 400 Client Error: Bad Request for url: https://www.bizinfo.go.kr/sii/siia/(%EB%B6%99%EC%9E%842)+2026%EB%85%84+%EC%95%88%EC%A0%84%EC%84%B1%EA%B2%80%EC%82%AC%EB%B9%84(%EC%9E%94%EB%A5%98%EB%86%8D%EC%95%BD+%EB%B0%8F+%EC%8B%9D%ED%92%88%EC%9C%84%EC%83%9D)+%EC%A7%80%EC%9B%90%EC%82%AC%EC%97%85+%EC%8B%A0%EC%B2%AD%EC%84%9C%EB%A5%98(%EC%96%91%EC%8B%9D).hwp / 202602231435080729.hwp: 404 Client Error: Not Found for url: https://www.bizinfo.go.kr/sii/siia/202602231435080729.hwp / 202602231441300615.hwp: 404 Client Error: Not Found for url: https://www.bizinfo.go.kr/sii/siia/202602231441300615.hwp,https://www.bizinfo.go.kr/sii/siia/selectSIIA200Detail.do?pblancId=PBLN_000000000118752
PBLN_000000000118806,[경남] 사천시ㆍ진주시 2026년 디지털전환(DX) 컨설팅 및 인력양성 지원 사업 수요기업 모집 공고,경상남도,fetched,url,safe,clear_selected_candidate,,500.0,support_amount,subtract,4,500.0,support_amount,subtract,,2316,12797,(공고문) 2026년 사천 디지털전환(DX) 컨설팅 및 인력양성 지원사업 수혜기업 모집 공고문.hwp: 400 Client Error: Bad Request for url: https://www.bizinfo.go.kr/sii/siia/(%EA%B3%B5%EA%B3%A0%EB%AC%B8)%202026%EB%85%84%20%EC%82%AC%EC%B2%9C%20%EB%94%94%EC%A7%80%ED%84%B8%EC%A0%84%ED%99%98(DX)%20%EC%BB%A8%EC%84%A4%ED%8C%85%20%EB%B0%8F%20%EC%9D%B8%EB%A0%A5%EC%96%91%EC%84%B1%20%EC%A7%80%EC%9B%90%EC%82%AC%EC%97%85%20%EC%88%98%ED%98%9C%EA%B8%B0%EC%97%85%20%EB%AA%A8%EC%A7%91%20%EA%B3%B5%EA%B3%A0%EB%AC%B8.hwp / 붙임1. 2026년 사천 디지털전환(DX) 컨설팅 및 인력양성 지원사업 신청양식_KETI.hwp: 400 Client Error: Bad Request for url: https://www.bizinfo.go.kr/sii/siia/%EB%B6%99%EC%9E%841.%202026%EB%85%84%20%EC%82%AC%EC%B2%9C%20%EB%94%94%EC%A7%80%ED%84%B8%EC%A0%84%ED%99%98(DX)%20%EC%BB%A8%EC%84%A4%ED%8C%85%20%EB%B0%8F%20%EC%9D%B8%EB%A0%A5%EC%96%91%EC%84%B1%20%EC%A7%80%EC%9B%90%EC%82%AC%EC%97%85%20%EC%8B%A0%EC%B2%AD%EC%96%91%EC%8B%9D_KETI.hwp / 202602241506160292.hwp: 404 Client Error: Not Found for url: https://www.bizinfo.go.kr/sii/siia/202602241506160292.hwp / 202602241506190503.hwp: 404 Client Error: Not Found for url: https://www.bizinfo.go.kr/sii/siia/202602241506190503.hwp,https://www.bizinfo.go.kr/sii/siia/selectSIIA200Detail.do?pblancId=PBLN_000000000118806
PBLN_000000000118927,[강원] 2026년 직장문화ㆍ환경개선지원사업 참여기업 모집 공고,강원특별자치도,fetched,url,needs_review,selected_candidate_missing,old_amount_without_new_selected_amount,500.0,support_amount,subtract,5,,,,,1937,9770,[붙임1]’26 직장문화환경개선 지원사업 참여기업 모집 공고문.hwp: 400 Client Error: Bad Request for url: https://www.bizinfo.go.kr/sii/siia/%5B%EB%B6%99%EC%9E%841%5D%E2%80%9926%20%EC%A7%81%EC%9E%A5%EB%AC%B8%ED%99%94%ED%99%98%EA%B2%BD%EA%B0%9C%EC%84%A0%20%EC%A7%80%EC%9B%90%EC%82%AC%EC%97%85%20%EC%B0%B8%EC%97%AC%EA%B8%B0%EC%97%85%20%EB%AA%A8%EC%A7%91%20%EA%B3%B5%EA%B3%A0%EB%AC%B8.hwp / 202602261400110098.hwp: 404 Client Error: Not Found for url: https://www.bizinfo.go.kr/sii/siia/202602261400110098.hwp / 202602261400110194.hwp: 404 Client Error: Not Found for url: https://www.bizinfo.go.kr/sii/siia/202602261400110194.hwp / 202602261400150107.hwp: 404 Client Error: Not Found for url: https://www.bizinfo.go.kr/sii/siia/202602261400150107.hwp / [서식1] 기초현황진단 체크리스트 양식.hwp: 400 Client Error: Bad Request for url: https://www.bizinfo.go.kr/sii/siia/%5B%EC%84%9C%EC%8B%9D1%5D%20%EA%B8%B0%EC%B4%88%ED%98%84%ED%99%A9%EC%A7%84%EB%8B%A8%20%EC%B2%B4%ED%81%AC%EB%A6%AC%EC%8A%A4%ED%8A%B8%20%EC%96%91%EC%8B%9D.hwp / [서식2] 기업 환경개선 사업 신청서 양식.hwp: 400 Client Error: Bad Request for url: https://www.bizinfo.go.kr/sii/siia/%5B%EC%84%9C%EC%8B%9D2%5D%20%EA%B8%B0%EC%97%85%20%ED%99%98%EA%B2%BD%EA%B0%9C%EC%84%A0%20%EC%82%AC%EC%97%85%20%EC%8B%A0%EC%B2%AD%EC%84%9C%20%EC%96%91%EC%8B%9D.hwp,https://www.bizinfo.go.kr/sii/siia/selectSIIA200Detail.do?pblancId=PBLN_000000000118927
PBLN_000000000119010,[인천] 2026년 연구장비 공동활용 지원사업 모집 공고,인천광역시,fetched,url,safe,clear_selected_candidate,type_changed:subsidy->support_amount,300.0,subsidy,subtract,3,300.0,support_amount,subtract,,2067,8643,[공고문] 인천 연구장비 공동활용 지원사업 공고.pdf: 400 Client Error: Bad Request for url: https://www.bizinfo.go.kr/sii/siia/%5B%EA%B3%B5%EA%B3%A0%EB%AC%B8%5D%20%EC%9D%B8%EC%B2%9C%20%EC%97%B0%EA%B5%AC%EC%9E%A5%EB%B9%84%20%EA%B3%B5%EB%8F%99%ED%99%9C%EC%9A%A9%20%EC%A7%80%EC%9B%90%EC%82%AC%EC%97%85%20%EA%B3%B5%EA%B3%A0.pdf / 202603031014500478.pdf: 404 Client Error: Not Found for url: https://www.bizinfo.go.kr/sii/siia/202603031014500478.pdf / (서식1) 2026년 인천 연구장비 공동활용 지원사업 신청서.hwp: 400 Client Error: Bad Request for url: https://www.bizinfo.go.kr/sii/siia/(%EC%84%9C%EC%8B%9D1)%202026%EB%85%84%20%EC%9D%B8%EC%B2%9C%20%EC%97%B0%EA%B5%AC%EC%9E%A5%EB%B9%84%20%EA%B3%B5%EB%8F%99%ED%99%9C%EC%9A%A9%20%EC%A7%80%EC%9B%90%EC%82%AC%EC%97%85%20%EC%8B%A0%EC%B2%AD%EC%84%9C.hwp / 202603031015070530.hwp: 404 Client Error: Not Found for url: https://www.bizinfo.go.kr/sii/siia/202603031015070530.hwp,https://www.bizinfo.go.kr/sii/siia/selectSIIA200Detail.do?pblancId=PBLN_000000000119010
PBLN_000000000119064,2026년 자동차용 반도체 기능안전ㆍ신뢰성 산업혁신기반구축사업 기업지원 모집 공고,산업통상부,fetched,url,needs_review,candidate_missing,,,unknown,recommend_only,0,,,,,2394,3803,붙임1. 자동차용 반도체 및 모듈 기능안전 기업지원 수혜기업 모집공고.pdf: 400 Client Error: Bad Request for url: https://www.bizinfo.go.kr/sii/siia/%EB%B6%99%EC%9E%841.%20%EC%9E%90%EB%8F%99%EC%B0%A8%EC%9A%A9%20%EB%B0%98%EB%8F%84%EC%B2%B4%20%EB%B0%8F%20%EB%AA%A8%EB%93%88%20%EA%B8%B0%EB%8A%A5%EC%95%88%EC%A0%84%20%EA%B8%B0%EC%97%85%EC%A7%80%EC%9B%90%20%EC%88%98%ED%98%9C%EA%B8%B0%EC%97%85%20%EB%AA%A8%EC%A7%91%EA%B3%B5%EA%B3%A0.pdf / 202603041005110580.pdf: 404 Client Error: Not Found for url: https://www.bizinfo.go.kr/sii/siia/202603041005110580.pdf / 붙임2. 기업지원 신청서 및 정보수집이용제공 동의서.hwp: 400 Client Error: Bad Request for url: https://www.bizinfo.go.kr/sii/siia/%EB%B6%99%EC%9E%842.%20%EA%B8%B0%EC%97%85%EC%A7%80%EC%9B%90%20%EC%8B%A0%EC%B2%AD%EC%84%9C%20%EB%B0%8F%20%EC%A0%95%EB%B3%B4%EC%88%98%EC%A7%91%EC%9D%B4%EC%9A%A9%EC%A0%9C%EA%B3%B5%20%EB%8F%99%EC%9D%98%EC%84%9C.hwp / 202603041005160739.hwp: 404 Client Error: Not Found for url: https://www.bizinfo.go.kr/sii/siia/202603041005160739.hwp,https://www.bizinfo.go.kr/sii/siia/selectSIIA200Detail.do?pblancId=PBLN_000000000119064
PBLN_000000000119083,[충북] 2026년 소상공인 IP출원(상표출원) 지원 사업 소상공인 수혜자 모집 공고,충청북도,fetched,url,needs_review,selected_candidate_missing,old_amount_without_new_selected_amount,13.0,support_ratio,ratio_cap,1,,,,0.2,2192,6412,붙임1. 2026 소상공인IP창출지원_IP출원지원(상표)_모집공고문(충북).hwp: 400 Client Error: Bad Request for url: https://www.bizinfo.go.kr/sii/siia/%EB%B6%99%EC%9E%841.%202026%20%EC%86%8C%EC%83%81%EA%B3%B5%EC%9D%B8IP%EC%B0%BD%EC%B6%9C%EC%A7%80%EC%9B%90_IP%EC%B6%9C%EC%9B%90%EC%A7%80%EC%9B%90(%EC%83%81%ED%91%9C)_%EB%AA%A8%EC%A7%91%EA%B3%B5%EA%B3%A0%EB%AC%B8(%EC%B6%A9%EB%B6%81).hwp / 붙임2. 2026년 소상공인IP창출지원 상표출원지원사업 신청서 및 개인정보동의수집 활용동의서.hwp: 400 Client Error: Bad Request for url: https://www.bizinfo.go.kr/sii/siia/%EB%B6%99%EC%9E%842.%202026%EB%85%84%20%EC%86%8C%EC%83%81%EA%B3%B5%EC%9D%B8IP%EC%B0%BD%EC%B6%9C%EC%A7%80%EC%9B%90%20%EC%83%81%ED%91%9C%EC%B6%9C%EC%9B%90%EC%A7%80%EC%9B%90%EC%82%AC%EC%97%85%20%EC%8B%A0%EC%B2%AD%EC%84%9C%20%EB%B0%8F%20%EA%B0%9C%EC%9D%B8%EC%A0%95%EB%B3%B4%EB%8F%99%EC%9D%98%EC%88%98%EC%A7%91%20%ED%99%9C%EC%9A%A9%EB%8F%99%EC%9D%98%EC%84%9C.hwp / 202603041110000745.hwp: 404 Client Error: Not Found for url: https://www.bizinfo.go.kr/sii/siia/202603041110000745.hwp / 202603041110060689.hwp: 404 Client Error: Not Found for url: https://www.bizinfo.go.kr/sii/siia/202603041110060689.hwp,https://www.bizinfo.go.kr/sii/siia/selectSIIA200Detail.do?pblancId=PBLN_000000000119083
PBLN_000000000119093,[인천] 2026년 파브(PAV) 부품 시험ㆍ인증 지원사업 참여기업 모집 공고,인천광역시,fetched,url,needs_review,selected_candidate_missing,old_amount_without_new_selected_amount,8000.0,support_amount,subtract,2,,,,1.0,2063,4888,붙임1. 2026년 파브 부품 시험·인증 지원사업 참여기업 모집 공고.pdf: 400 Client Error: Bad Request for url: https://www.bizinfo.go.kr/sii/siia/%EB%B6%99%EC%9E%841.%202026%EB%85%84%20%ED%8C%8C%EB%B8%8C%20%EB%B6%80%ED%92%88%20%EC%8B%9C%ED%97%98%C2%B7%EC%9D%B8%EC%A6%9D%20%EC%A7%80%EC%9B%90%EC%82%AC%EC%97%85%20%EC%B0%B8%EC%97%AC%EA%B8%B0%EC%97%85%20%EB%AA%A8%EC%A7%91%20%EA%B3%B5%EA%B3%A0.pdf / 202603041322060230.pdf: 404 Client Error: Not Found for url: https://www.bizinfo.go.kr/sii/siia/202603041322060230.pdf / 붙임2. 2026년 파브(PAV) 부품 시험·인증 지원사업 참여기업 신청서.hwp: 400 Client Error: Bad Request for url: https://www.bizinfo.go.kr/sii/siia/%EB%B6%99%EC%9E%842.%202026%EB%85%84%20%ED%8C%8C%EB%B8%8C(PAV)%20%EB%B6%80%ED%92%88%20%EC%8B%9C%ED%97%98%C2%B7%EC%9D%B8%EC%A6%9D%20%EC%A7%80%EC%9B%90%EC%82%AC%EC%97%85%20%EC%B0%B8%EC%97%AC%EA%B8%B0%EC%97%85%20%EC%8B%A0%EC%B2%AD%EC%84%9C.hwp / 202603041322290487.hwp: 404 Client Error: Not Found for url: https://www.bizinfo.go.kr/sii/siia/202603041322290487.hwp,https://www.bizinfo.go.kr/sii/siia/selectSIIA200Detail.do?pblancId=PBLN_000000000119093
PBLN_000000000119124,2026년 의료기기 분야 기술지도 지원사업 공고(메카노바이오활성소재 혁신의료기기 실증 기반구축),전북특별자치도,fetched,url,needs_review,candidate_missing,old_amount_without_new_selected_amount,500.0,support_amount,subtract,0,,,,,2406,3783,[공고문] 2026년 기술지도 지원사업.pdf: 400 Client Error: Bad Request for url: https://www.bizinfo.go.kr/sii/siia/%5B%EA%B3%B5%EA%B3%A0%EB%AC%B8%5D%202026%EB%85%84%20%EA%B8%B0%EC%88%A0%EC%A7%80%EB%8F%84%20%EC%A7%80%EC%9B%90%EC%82%AC%EC%97%85.pdf / 202603050945510010.pdf: 404 Client Error: Not Found for url: https://www.bizinfo.go.kr/sii/siia/202603050945510010.pdf,https://www.bizinfo.go.kr/sii/siia/selectSIIA200Detail.do?pblancId=PBLN_000000000119124
PBLN_000000000119126,2026년 물리ㆍ화학적 시험평가인증 지원사업 공고(메카노바이오활성소재 혁신의료기기 실증 기반구축),전북특별자치도,fetched,url,safe,clear_selected_candidate,type_changed:support_amount->non_cash | roi_method_changed:subtract->recommend_only,400.0,support_amount,subtract,2,400.0,non_cash,recommend_only,,2402,4343,[공고문] 2026년 물리화학적 시험평가인증 지원사업.pdf: 400 Client Error: Bad Request for url: https://www.bizinfo.go.kr/sii/siia/%5B%EA%B3%B5%EA%B3%A0%EB%AC%B8%5D%202026%EB%85%84%20%EB%AC%BC%EB%A6%AC%ED%99%94%ED%95%99%EC%A0%81%20%EC%8B%9C%ED%97%98%ED%8F%89%EA%B0%80%EC%9D%B8%EC%A6%9D%20%EC%A7%80%EC%9B%90%EC%82%AC%EC%97%85.pdf / 202603051010330439.pdf: 404 Client Error: Not Found for url: https://www.bizinfo.go.kr/sii/siia/202603051010330439.pdf / [양식] 신청서_물리화학적 시험평가인증 지원사업.hwp: 400 Client Error: Bad Request for url: https://www.bizinfo.go.kr/sii/siia/%5B%EC%96%91%EC%8B%9D%5D%20%EC%8B%A0%EC%B2%AD%EC%84%9C_%EB%AC%BC%EB%A6%AC%ED%99%94%ED%95%99%EC%A0%81%20%EC%8B%9C%ED%97%98%ED%8F%89%EA%B0%80%EC%9D%B8%EC%A6%9D%20%EC%A7%80%EC%9B%90%EC%82%AC%EC%97%85.hwp / 202603051010420438.hwp: 404 Client Error: Not Found for url: https://www.bizinfo.go.kr/sii/siia/202603051010420438.hwp,https://www.bizinfo.go.kr/sii/siia/selectSIIA200Detail.do?pblancId=PBLN_000000000119126
PBLN_000000000119158,[전북] 2026년 초등학부모 10시 출근제 도입 중소기업 지원 사업 참여기업 모집 공고,전북특별자치도,fetched,url,safe,clear_selected_candidate,,120.0,support_amount,subtract,5,120.0,support_amount,subtract,,1860,9723,2026년 「초등학부모 10시 출근제 도입 중소기업 지원」 참여기업 모집공고.hwp: 400 Client Error: Bad Request for url: https://www.bizinfo.go.kr/sii/siia/2026%EB%85%84%20%E3%80%8C%EC%B4%88%EB%93%B1%ED%95%99%EB%B6%80%EB%AA%A8%2010%EC%8B%9C%20%EC%B6%9C%EA%B7%BC%EC%A0%9C%20%EB%8F%84%EC%9E%85%20%EC%A4%91%EC%86%8C%EA%B8%B0%EC%97%85%20%EC%A7%80%EC%9B%90%E3%80%8D%20%EC%B0%B8%EC%97%AC%EA%B8%B0%EC%97%85%20%EB%AA%A8%EC%A7%91%EA%B3%B5%EA%B3%A0.hwp / 2026년 초등학부모 10시 출근제 도입 중소기업 지원 참가신청서.hwp: 400 Client Error: Bad Request for url: https://www.bizinfo.go.kr/sii/siia/2026%EB%85%84%20%EC%B4%88%EB%93%B1%ED%95%99%EB%B6%80%EB%AA%A8%2010%EC%8B%9C%20%EC%B6%9C%EA%B7%BC%EC%A0%9C%20%EB%8F%84%EC%9E%85%20%EC%A4%91%EC%86%8C%EA%B8%B0%EC%97%85%20%EC%A7%80%EC%9B%90%20%EC%B0%B8%EA%B0%80%EC%8B%A0%EC%B2%AD%EC%84%9C.hwp / 202603051347080523.hwp: 404 Client Error: Not Found for url: https://www.bizinfo.go.kr/sii/siia/202603051347080523.hwp / 202603051347130373.hwp: 404 Client Error: Not Found for url: https://www.bizinfo.go.kr/sii/siia/202603051347130373.hwp,https://www.bizinfo.go.kr/sii/siia/selectSIIA200Detail.do?pblancId=PBLN_000000000119158
PBLN_000000000119181,[충북] 2026년 소부장 지원 전문가 스테이션 운영사업 기술애로 지원 모집 공고,충청북도,fetched,url,safe,clear_selected_candidate,type_changed:support_amount->non_cash | roi_method_changed:subtract->recommend_only,100.0,support_amount,subtract,4,100.0,non_cash,recommend_only,,2092,3806,붙임 1. 소부장 기술애로 지원 공고문.hwp: 400 Client Error: Bad Request for url: https://www.bizinfo.go.kr/sii/siia/%EB%B6%99%EC%9E%84%201.%20%EC%86%8C%EB%B6%80%EC%9E%A5%20%EA%B8%B0%EC%88%A0%EC%95%A0%EB%A1%9C%20%EC%A7%80%EC%9B%90%20%EA%B3%B5%EA%B3%A0%EB%AC%B8.hwp / 붙임 2. 소부장 기술애로 지원 신청서.hwp: 400 Client Error: Bad Request for url: https://www.bizinfo.go.kr/sii/siia/%EB%B6%99%EC%9E%84%202.%20%EC%86%8C%EB%B6%80%EC%9E%A5%20%EA%B8%B0%EC%88%A0%EC%95%A0%EB%A1%9C%20%EC%A7%80%EC%9B%90%20%EC%8B%A0%EC%B2%AD%EC%84%9C.hwp / 202603060939350193.hwp: 404 Client Error: Not Found for url: https://www.bizinfo.go.kr/sii/siia/202603060939350193.hwp / 202603060939380481.hwp: 404 Client Error: Not Found for url: https://www.bizinfo.go.kr/sii/siia/202603060939380481.hwp,https://www.bizinfo.go.kr/sii/siia/selectSIIA200Detail.do?pblancId=PBLN_000000000119181
PBLN_000000000119201,2026년 중소기업 연구인력 현장맞춤형 양성지원 사업 시행계획 공고,중소벤처기업부,fetched,url,safe,clear_selected_candidate,type_changed:subsidy->support_amount,1720.0,subsidy,subtract,7,1720.0,support_amount,subtract,1.0,2691,11820,(공고 제2026-001호)2026년도 중소기업 연구인력 현장맞춤형 양성지원사업 1차 시행계획 공고_260205.hwp: 400 Client Error: Bad Request for url: https://www.bizinfo.go.kr/sii/siia/(%EA%B3%B5%EA%B3%A0%20%EC%A0%9C2026-001%ED%98%B8)2026%EB%85%84%EB%8F%84%20%EC%A4%91%EC%86%8C%EA%B8%B0%EC%97%85%20%EC%97%B0%EA%B5%AC%EC%9D%B8%EB%A0%A5%20%ED%98%84%EC%9E%A5%EB%A7%9E%EC%B6%A4%ED%98%95%20%EC%96%91%EC%84%B1%EC%A7%80%EC%9B%90%EC%82%AC%EC%97%85%201%EC%B0%A8%20%EC%8B%9C%ED%96%89%EA%B3%84%ED%9A%8D%20%EA%B3%B5%EA%B3%A0_260205.hwp / 붙임1_중소기업 연구인력 현장맞춤형 양성지원 사업 지원기업 신청서 및 개인정보동의서.hwp: 400 Client Error: Bad Request for url: https://www.bizinfo.go.kr/sii/siia/%EB%B6%99%EC%9E%841_%EC%A4%91%EC%86%8C%EA%B8%B0%EC%97%85%20%EC%97%B0%EA%B5%AC%EC%9D%B8%EB%A0%A5%20%ED%98%84%EC%9E%A5%EB%A7%9E%EC%B6%A4%ED%98%95%20%EC%96%91%EC%84%B1%EC%A7%80%EC%9B%90%20%EC%82%AC%EC%97%85%20%EC%A7%80%EC%9B%90%EA%B8%B0%EC%97%85%20%EC%8B%A0%EC%B2%AD%EC%84%9C%20%EB%B0%8F%20%EA%B0%9C%EC%9D%B8%EC%A0%95%EB%B3%B4%EB%8F%99%EC%9D%98%EC%84%9C.hwp / 붙임2_중소기업 연구인력 현장맞춤형 양성지원 사업 연구인력 신청서 및 개인정보동의서.hwp: 400 Client Error: Bad Request for url: https://www.bizinfo.go.kr/sii/siia/%EB%B6%99%EC%9E%842_%EC%A4%91%EC%86%8C%EA%B8%B0%EC%97%85%20%EC%97%B0%EA%B5%AC%EC%9D%B8%EB%A0%A5%20%ED%98%84%EC%9E%A5%EB%A7%9E%EC%B6%A4%ED%98%95%20%EC%96%91%EC%84%B1%EC%A7%80%EC%9B%90%20%EC%82%AC%EC%97%85%20%EC%97%B0%EA%B5%AC%EC%9D%B8%EB%A0%A5%20%EC%8B%A0%EC%B2%AD%EC%84%9C%20%EB%B0%8F%20%EA%B0%9C%EC%9D%B8%EC%A0%95%EB%B3%B4%EB%8F%99%EC%9D%98%EC%84%9C.hwp / 202603061131500370.hwp: 404 Client Error: Not Found for url: https://www.bizinfo.go.kr/sii/siia/202603061131500370.hwp / 202603061133000367.hwp: 404 Client Error: Not Found for url: https://www.bizinfo.go.kr/sii/siia/202603061133000367.hwp / 202603061133000485.hwp: 404 Client Error: Not Found for url: https://www.bizinfo.go.kr/sii/siia/202603061133000485.hwp,https://www.bizinfo.go.kr/sii/siia/selectSIIA200Detail.do?pblancId=PBLN_000000000119201
PBLN_000000000119206,[충남] 아산시 2026년 해외마케팅 지원사업 참가기업 모집 공고,충청남도,fetched,url,needs_review,subtract_without_limit_context | large_amount_delta,"amount_delta_20_percent:old=400,new=10000",400.0,subsidy,subtract,11,10000.0,subsidy,subtract,0.8,1978,12775,2026년 아산시 해외마케팅 지원사업 참가기업 모집 공고문.hwpx: 400 Client Error: Bad Request for url: https://www.bizinfo.go.kr/sii/siia/2026%EB%85%84%20%EC%95%84%EC%82%B0%EC%8B%9C%20%ED%95%B4%EC%99%B8%EB%A7%88%EC%BC%80%ED%8C%85%20%EC%A7%80%EC%9B%90%EC%82%AC%EC%97%85%20%EC%B0%B8%EA%B0%80%EA%B8%B0%EC%97%85%20%EB%AA%A8%EC%A7%91%20%EA%B3%B5%EA%B3%A0%EB%AC%B8.hwpx / 2026년 아산시 해외마케팅 지원사업 참가신청서.hwpx: 400 Client Error: Bad Request for url: https://www.bizinfo.go.kr/sii/siia/2026%EB%85%84%20%EC%95%84%EC%82%B0%EC%8B%9C%20%ED%95%B4%EC%99%B8%EB%A7%88%EC%BC%80%ED%8C%85%20%EC%A7%80%EC%9B%90%EC%82%AC%EC%97%85%20%EC%B0%B8%EA%B0%80%EC%8B%A0%EC%B2%AD%EC%84%9C.hwpx / 지방보조금 공모사업 신청서(해외마케팅 지원사업).hwpx: 400 Client Error: Bad Request for url: https://www.bizinfo.go.kr/sii/siia/%EC%A7%80%EB%B0%A9%EB%B3%B4%EC%A1%B0%EA%B8%88%20%EA%B3%B5%EB%AA%A8%EC%82%AC%EC%97%85%20%EC%8B%A0%EC%B2%AD%EC%84%9C(%ED%95%B4%EC%99%B8%EB%A7%88%EC%BC%80%ED%8C%85%20%EC%A7%80%EC%9B%90%EC%82%AC%EC%97%85).hwpx / 202603061312370110.hwpx: 404 Client Error: Not Found for url: https://www.bizinfo.go.kr/sii/siia/202603061312370110.hwpx / 202603061312440949.hwpx: 404 Client Error: Not Found for url: https://www.bizinfo.go.kr/sii/siia/202603061312440949.hwpx / 202603061312450066.hwpx: 404 Client Error: Not Found for url: https://www.bizinfo.go.kr/sii/siia/202603061312450066.hwpx,https://www.bizinfo.go.kr/sii/siia/selectSIIA200Detail.do?pblancId=PBLN_000000000119206
PBLN_000000000119212,[제주] 2026년 청정임산물 생산기반 지원사업 재공고,제주특별자치도,fetched,url,needs_review,subtract_without_limit_context,,2161.0,subsidy,subtract,13,2000.0,subsidy,subtract,0.5,1789,6693,2026년 청정임산물 생산기반지원사업 재공고.hwp: 400 Client Error: Bad Request for url: https://www.bizinfo.go.kr/sii/siia/2026%EB%85%84%20%EC%B2%AD%EC%A0%95%EC%9E%84%EC%82%B0%EB%AC%BC%20%EC%83%9D%EC%82%B0%EA%B8%B0%EB%B0%98%EC%A7%80%EC%9B%90%EC%82%AC%EC%97%85%20%EC%9E%AC%EA%B3%B5%EA%B3%A0.hwp / 202603061337490504.hwp: 404 Client Error: Not Found for url: https://www.bizinfo.go.kr/sii/siia/202603061337490504.hwp,https://www.bizinfo.go.kr/sii/siia/selectSIIA200Detail.do?pblancId=PBLN_000000000119212
PBLN_000000000119234,2026년 안전관리 우수연구실 인증제 시행 공고,과학기술정보통신부,fetched,url,needs_review,candidate_missing,,,unknown,recommend_only,0,,,,,1667,8107,(과학기술정보통신부 공고 제2026-0260호) 2026년도 안전관리 우수연구실 인증제 시행 공고.pdf: 400 Client Error: Bad Request for url: https://www.bizinfo.go.kr/sii/siia/(%EA%B3%BC%ED%95%99%EA%B8%B0%EC%88%A0%EC%A0%95%EB%B3%B4%ED%86%B5%EC%8B%A0%EB%B6%80%20%EA%B3%B5%EA%B3%A0%20%EC%A0%9C2026-0260%ED%98%B8)%202026%EB%85%84%EB%8F%84%20%EC%95%88%EC%A0%84%EA%B4%80%EB%A6%AC%20%EC%9A%B0%EC%88%98%EC%97%B0%EA%B5%AC%EC%8B%A4%20%EC%9D%B8%EC%A6%9D%EC%A0%9C%20%EC%8B%9C%ED%96%89%20%EA%B3%B5%EA%B3%A0.pdf / 202603091005580667.pdf: 404 Client Error: Not Found for url: https://www.bizinfo.go.kr/sii/siia/202603091005580667.pdf / (첨부양식)2026년도 안전관리 우수연구실 인증제 신청서 등 서류.hwpx: 400 Client Error: Bad Request for url: https://www.bizinfo.go.kr/sii/siia/(%EC%B2%A8%EB%B6%80%EC%96%91%EC%8B%9D)2026%EB%85%84%EB%8F%84%20%EC%95%88%EC%A0%84%EA%B4%80%EB%A6%AC%20%EC%9A%B0%EC%88%98%EC%97%B0%EA%B5%AC%EC%8B%A4%20%EC%9D%B8%EC%A6%9D%EC%A0%9C%20%EC%8B%A0%EC%B2%AD%EC%84%9C%20%EB%93%B1%20%EC%84%9C%EB%A5%98.hwpx / 202603091004550684.hwpx: 404 Client Error: Not Found for url: https://www.bizinfo.go.kr/sii/siia/202603091004550684.hwpx,https://www.bizinfo.go.kr/sii/siia/selectSIIA200Detail.do?pblancId=PBLN_000000000119234
PBLN_000000000119235,[부산] 2026년 AI실증지원센터 고성능 컴퓨터(HPC) 이용 지원사업 모집 공고,부산광역시,fetched,url,needs_review,candidate_missing,,,support_ratio,ratio_cap,0,,,,,2194,4262,[모집공고] 고성능 컴퓨터(HPC) 이용 지원사업.hwp: 400 Client Error: Bad Request for url: https://www.bizinfo.go.kr/sii/siia/%5B%EB%AA%A8%EC%A7%91%EA%B3%B5%EA%B3%A0%5D%20%EA%B3%A0%EC%84%B1%EB%8A%A5%20%EC%BB%B4%ED%93%A8%ED%84%B0(HPC)%20%EC%9D%B4%EC%9A%A9%20%EC%A7%80%EC%9B%90%EC%82%AC%EC%97%85.hwp / 202603091014570414.hwp: 404 Client Error: Not Found for url: https://www.bizinfo.go.kr/sii/siia/202603091014570414.hwp,https://www.bizinfo.go.kr/sii/siia/selectSIIA200Detail.do?pblancId=PBLN_000000000119235
PBLN_000000000119272,2026년 유니버설디자인리빙랩 제품 사용성조사 장비 공동활용 지원안내 공고 ,인천광역시,fetched,url,needs_review,candidate_missing,,,unknown,recommend_only,0,,,,,2147,6782,붙임3_모집포스터.pdf: 400 Client Error: Bad Request for url: https://www.bizinfo.go.kr/sii/siia/%EB%B6%99%EC%9E%843_%EB%AA%A8%EC%A7%91%ED%8F%AC%EC%8A%A4%ED%84%B0.pdf / 202603091349120787.pdf: 404 Client Error: Not Found for url: https://www.bizinfo.go.kr/sii/siia/202603091349120787.pdf / 202603091359140988.pdf: 404 Client Error: Not Found for url: https://www.bizinfo.go.kr/sii/siia/202603091359140988.pdf / 붙임2_장비카달로그.pdf: 400 Client Error: Bad Request for url: https://www.bizinfo.go.kr/sii/siia/%EB%B6%99%EC%9E%842_%EC%9E%A5%EB%B9%84%EC%B9%B4%EB%8B%AC%EB%A1%9C%EA%B7%B8.pdf / 202603091350130265.hwp: 404 Client Error: Not Found for url: https://www.bizinfo.go.kr/sii/siia/202603091350130265.hwp / 붙임1_공동활용신청서.hwp: 400 Client Error: Bad Request for url: https://www.bizinfo.go.kr/sii/siia/%EB%B6%99%EC%9E%841_%EA%B3%B5%EB%8F%99%ED%99%9C%EC%9A%A9%EC%8B%A0%EC%B2%AD%EC%84%9C.hwp / 붙임3_모집포스터.pdf: text extraction failed,https://www.bizinfo.go.kr/sii/siia/selectSIIA200Detail.do?pblancId=PBLN_000000000119272
PBLN_000000000119321,[세종] 2026년 수출보증보험료 지원 사업 참가기업 모집 공고,세종특별자치시,fetched,url,safe,clear_selected_candidate,,200.0,support_amount,subtract,4,200.0,support_amount,subtract,1.0,1609,5546,2026년_세종시_수출보증보험료_지원사업_참가기업_모집_공고.pdf: 400 Client Error: Bad Request for url: https://www.bizinfo.go.kr/sii/siia/2026%EB%85%84_%EC%84%B8%EC%A2%85%EC%8B%9C_%EC%88%98%EC%B6%9C%EB%B3%B4%EC%A6%9D%EB%B3%B4%ED%97%98%EB%A3%8C_%EC%A7%80%EC%9B%90%EC%82%AC%EC%97%85_%EC%B0%B8%EA%B0%80%EA%B8%B0%EC%97%85_%EB%AA%A8%EC%A7%91_%EA%B3%B5%EA%B3%A0.pdf / 202603101408030718.pdf: 404 Client Error: Not Found for url: https://www.bizinfo.go.kr/sii/siia/202603101408030718.pdf,https://www.bizinfo.go.kr/sii/siia/selectSIIA200Detail.do?pblancId=PBLN_000000000119321
PBLN_000000000119454,[경기] 평택시 2026년 국내외 지식재산 권리화 지원사업 모집 공고,경기도,fetched,url,needs_review,large_amount_delta,"amount_delta_20_percent:old=0,new=150",0.0,support_amount,subtract,4,150.0,support_amount,subtract,0.8,2136,10244,(붙임1) 2026년도 ｢국내외 지식재산 권리화 지원사업｣ 모집공고.pdf: 400 Client Error: Bad Request for url: https://www.bizinfo.go.kr/sii/siia/(%EB%B6%99%EC%9E%841)%202026%EB%85%84%EB%8F%84%20%EF%BD%A2%EA%B5%AD%EB%82%B4%EC%99%B8%20%EC%A7%80%EC%8B%9D%EC%9E%AC%EC%82%B0%20%EA%B6%8C%EB%A6%AC%ED%99%94%20%EC%A7%80%EC%9B%90%EC%82%AC%EC%97%85%EF%BD%A3%20%EB%AA%A8%EC%A7%91%EA%B3%B5%EA%B3%A0.pdf / 202603130952200149.pdf: 404 Client Error: Not Found for url: https://www.bizinfo.go.kr/sii/siia/202603130952200149.pdf / (붙임2) 2026년도 국내외 지식재산 권리화 지원사업 신청서식..hwp: 400 Client Error: Bad Request for url: https://www.bizinfo.go.kr/sii/siia/(%EB%B6%99%EC%9E%842)%202026%EB%85%84%EB%8F%84%20%EA%B5%AD%EB%82%B4%EC%99%B8%20%EC%A7%80%EC%8B%9D%EC%9E%AC%EC%82%B0%20%EA%B6%8C%EB%A6%AC%ED%99%94%20%EC%A7%80%EC%9B%90%EC%82%AC%EC%97%85%20%EC%8B%A0%EC%B2%AD%EC%84%9C%EC%8B%9D..hwp / 202603130952280406.hwp: 404 Client Error: Not Found for url: https://www.bizinfo.go.kr/sii/siia/202603130952280406.hwp,https://www.bizinfo.go.kr/sii/siia/selectSIIA200Detail.do?pblancId=PBLN_000000000119454
PBLN_000000000119457,[경기] 평택시 2026년 장비 활용 지원사업 기업 모집 공고,경기도,fetched,url,needs_review,selected_candidate_missing,old_amount_without_new_selected_amount,80.0,support_amount,subtract,4,,,,0.2,2191,10649,2026년도 ｢장비 활용 지원사업｣ 공고문.pdf: 400 Client Error: Bad Request for url: https://www.bizinfo.go.kr/sii/siia/2026%EB%85%84%EB%8F%84%20%EF%BD%A2%EC%9E%A5%EB%B9%84%20%ED%99%9C%EC%9A%A9%20%EC%A7%80%EC%9B%90%EC%82%AC%EC%97%85%EF%BD%A3%20%EA%B3%B5%EA%B3%A0%EB%AC%B8.pdf / 202603131003200601.pdf: 404 Client Error: Not Found for url: https://www.bizinfo.go.kr/sii/siia/202603131003200601.pdf / 2026년도 ｢장비 활용 지원사업｣ 신청서식.hwp: 400 Client Error: Bad Request for url: https://www.bizinfo.go.kr/sii/siia/2026%EB%85%84%EB%8F%84%20%EF%BD%A2%EC%9E%A5%EB%B9%84%20%ED%99%9C%EC%9A%A9%20%EC%A7%80%EC%9B%90%EC%82%AC%EC%97%85%EF%BD%A3%20%EC%8B%A0%EC%B2%AD%EC%84%9C%EC%8B%9D.hwp / 202603131003230875.hwp: 404 Client Error: Not Found for url: https://www.bizinfo.go.kr/sii/siia/202603131003230875.hwp,https://www.bizinfo.go.kr/sii/siia/selectSIIA200Detail.do?pblancId=PBLN_000000000119457
PBLN_000000000119515,2026년 M&A 활성화 지원사업 공고,중소벤처기업부,fetched,url,safe,clear_selected_candidate,,3000.0,support_amount,subtract,16,3000.0,support_amount,subtract,0.5,2328,15670,★2026년도_M&A_활성화_지원사업_공고.pdf: 400 Client Error: Bad Request for url: https://www.bizinfo.go.kr/sii/siia/%E2%98%852026%EB%85%84%EB%8F%84_M&A_%ED%99%9C%EC%84%B1%ED%99%94_%EC%A7%80%EC%9B%90%EC%82%AC%EC%97%85_%EA%B3%B5%EA%B3%A0.pdf / 202603161042370380.pdf: 404 Client Error: Not Found for url: https://www.bizinfo.go.kr/sii/siia/202603161042370380.pdf / ★2026년도_M&A_활성화_지원사업_공고.hwpx: 400 Client Error: Bad Request for url: https://www.bizinfo.go.kr/sii/siia/%E2%98%852026%EB%85%84%EB%8F%84_M&A_%ED%99%9C%EC%84%B1%ED%99%94_%EC%A7%80%EC%9B%90%EC%82%AC%EC%97%85_%EA%B3%B5%EA%B3%A0.hwpx / 202603161042320767.hwpx: 404 Client Error: Not Found for url: https://www.bizinfo.go.kr/sii/siia/202603161042320767.hwpx,https://www.bizinfo.go.kr/sii/siia/selectSIIA200Detail.do?pblancId=PBLN_000000000119515
PBLN_000000000119518,[전북] 2026년 에너지산업융복합단지 공동연구장비 활용 및 컨설팅 지원 수혜기업 모집 공고,전북특별자치도,fetched,url,needs_review,selected_candidate_missing,old_amount_without_new_selected_amount,250.0,support_amount,subtract,5,,,,1.0,2422,11722,붙임1.2026년공동연구장비활용및컨설팅지원수혜기업모집공고(안).hwp: 400 Client Error: Bad Request for url: https://www.bizinfo.go.kr/sii/siia/%EB%B6%99%EC%9E%841.2026%EB%85%84%EA%B3%B5%EB%8F%99%EC%97%B0%EA%B5%AC%EC%9E%A5%EB%B9%84%ED%99%9C%EC%9A%A9%EB%B0%8F%EC%BB%A8%EC%84%A4%ED%8C%85%EC%A7%80%EC%9B%90%EC%88%98%ED%98%9C%EA%B8%B0%EC%97%85%EB%AA%A8%EC%A7%91%EA%B3%B5%EA%B3%A0(%EC%95%88).hwp / 붙임2.[서식1]지원신청서양식.hwp: 400 Client Error: Bad Request for url: https://www.bizinfo.go.kr/sii/siia/%EB%B6%99%EC%9E%842.%5B%EC%84%9C%EC%8B%9D1%5D%EC%A7%80%EC%9B%90%EC%8B%A0%EC%B2%AD%EC%84%9C%EC%96%91%EC%8B%9D.hwp / 202603161112040240.hwp: 404 Client Error: Not Found for url: https://www.bizinfo.go.kr/sii/siia/202603161112040240.hwp / 202603161112150843.hwp: 404 Client Error: Not Found for url: https://www.bizinfo.go.kr/sii/siia/202603161112150843.hwp / 202603161112150944.hwp: 404 Client Error: Not Found for url: https://www.bizinfo.go.kr/sii/siia/202603161112150944.hwp / 202603161112160026.hwp: 404 Client Error: Not Found for url: https://www.bizinfo.go.kr/sii/siia/202603161112160026.hwp / 붙임3.[서식2]기타제출서류양식.hwp: 400 Client Error: Bad Request for url: https://www.bizinfo.go.kr/sii/siia/%EB%B6%99%EC%9E%843.%5B%EC%84%9C%EC%8B%9D2%5D%EA%B8%B0%ED%83%80%EC%A0%9C%EC%B6%9C%EC%84%9C%EB%A5%98%EC%96%91%EC%8B%9D.hwp / 붙임4.[서식3]애로기술컨설팅전문가이력서등제출서류양식.hwp: 400 Client Error: Bad Request for url: https://www.bizinfo.go.kr/sii/siia/%EB%B6%99%EC%9E%844.%5B%EC%84%9C%EC%8B%9D3%5D%EC%95%A0%EB%A1%9C%EA%B8%B0%EC%88%A0%EC%BB%A8%EC%84%A4%ED%8C%85%EC%A0%84%EB%AC%B8%EA%B0%80%EC%9D%B4%EB%A0%A5%EC%84%9C%EB%93%B1%EC%A0%9C%EC%B6%9C%EC%84%9C%EB%A5%98%EC%96%91%EC%8B%9D.hwp,https://www.bizinfo.go.kr/sii/siia/selectSIIA200Detail.do?pblancId=PBLN_000000000119518
PBLN_000000000119584,2026년 광주테크노파크 공동활용 연구시설ㆍ장비 사용 안내 공고,전남광주통합특별시,fetched,url,needs_review,candidate_missing,,,unknown,recommend_only,0,,,,,2127,13510,붙임1.광주테크노파크공동활용장비사용안내공고문(안).pdf: 400 Client Error: Bad Request for url: https://www.bizinfo.go.kr/sii/siia/%EB%B6%99%EC%9E%841.%EA%B4%91%EC%A3%BC%ED%85%8C%ED%81%AC%EB%85%B8%ED%8C%8C%ED%81%AC%EA%B3%B5%EB%8F%99%ED%99%9C%EC%9A%A9%EC%9E%A5%EB%B9%84%EC%82%AC%EC%9A%A9%EC%95%88%EB%82%B4%EA%B3%B5%EA%B3%A0%EB%AC%B8(%EC%95%88).pdf / 202603171316590422.pdf: 404 Client Error: Not Found for url: https://www.bizinfo.go.kr/sii/siia/202603171316590422.pdf / 202603171317050286.pdf: 404 Client Error: Not Found for url: https://www.bizinfo.go.kr/sii/siia/202603171317050286.pdf / 붙임2.공동활용장비현황_총224대.pdf: 400 Client Error: Bad Request for url: https://www.bizinfo.go.kr/sii/siia/%EB%B6%99%EC%9E%842.%EA%B3%B5%EB%8F%99%ED%99%9C%EC%9A%A9%EC%9E%A5%EB%B9%84%ED%98%84%ED%99%A9_%EC%B4%9D224%EB%8C%80.pdf,https://www.bizinfo.go.kr/sii/siia/selectSIIA200Detail.do?pblancId=PBLN_000000000119584
PBLN_000000000119686,[경기] 2026년 베이비부머 라이트잡 모집 공고,경기도,fetched,url,needs_review,subtract_without_limit_context,,40.0,support_amount,subtract,5,40.0,support_amount,subtract,,1745,7203,[공고문] 2026년 경기도 베이비부머 라이트잡 모집 공고문.pdf: 400 Client Error: Bad Request for url: https://www.bizinfo.go.kr/sii/siia/%5B%EA%B3%B5%EA%B3%A0%EB%AC%B8%5D%202026%EB%85%84%20%EA%B2%BD%EA%B8%B0%EB%8F%84%20%EB%B2%A0%EC%9D%B4%EB%B9%84%EB%B6%80%EB%A8%B8%20%EB%9D%BC%EC%9D%B4%ED%8A%B8%EC%9E%A1%20%EB%AA%A8%EC%A7%91%20%EA%B3%B5%EA%B3%A0%EB%AC%B8.pdf / 202603191014200909.pdf: 404 Client Error: Not Found for url: https://www.bizinfo.go.kr/sii/siia/202603191014200909.pdf / [필수1] 2026년 베이비부머 라이트잡 지원금 지급 신청서.hwp: 400 Client Error: Bad Request for url: https://www.bizinfo.go.kr/sii/siia/%5B%ED%95%84%EC%88%981%5D%202026%EB%85%84%20%EB%B2%A0%EC%9D%B4%EB%B9%84%EB%B6%80%EB%A8%B8%20%EB%9D%BC%EC%9D%B4%ED%8A%B8%EC%9E%A1%20%EC%A7%80%EC%9B%90%EA%B8%88%20%EC%A7%80%EA%B8%89%20%EC%8B%A0%EC%B2%AD%EC%84%9C.hwp / 202603191014290202.hwp: 404 Client Error: Not Found for url: https://www.bizinfo.go.kr/sii/siia/202603191014290202.hwp / 202603191014290535.hwp: 404 Client Error: Not Found for url: https://www.bizinfo.go.kr/sii/siia/202603191014290535.hwp / 202603191014290613.hwp: 404 Client Error: Not Found for url: https://www.bizinfo.go.kr/sii/siia/202603191014290613.hwp / 2026년 베이비부머 라이트잡 FAQ.hwp: 400 Client Error: Bad Request for url: https://www.bizinfo.go.kr/sii/siia/2026%EB%85%84%20%EB%B2%A0%EC%9D%B4%EB%B9%84%EB%B6%80%EB%A8%B8%20%EB%9D%BC%EC%9D%B4%ED%8A%B8%EC%9E%A1%20FAQ.hwp / [필수2] 라이트잡 근로자의 개인정보제공동의서.hwp: 400 Client Error: Bad Request for url: https://www.bizinfo.go.kr/sii/siia/%5B%ED%95%84%EC%88%982%5D%20%EB%9D%BC%EC%9D%B4%ED%8A%B8%EC%9E%A1%20%EA%B7%BC%EB%A1%9C%EC%9E%90%EC%9D%98%20%EA%B0%9C%EC%9D%B8%EC%A0%95%EB%B3%B4%EC%A0%9C%EA%B3%B5%EB%8F%99%EC%9D%98%EC%84%9C.hwp,https://www.bizinfo.go.kr/sii/siia/selectSIIA200Detail.do?pblancId=PBLN_000000000119686
PBLN_000000000119693,[경기] 2026년 중소기업 R&D 기획ㆍ컨설팅 사업 모집 공고,경기도,fetched,url,needs_review,selected_context_has_risk_keyword,,10000.0,support_amount,subtract,12,10000.0,support_amount,subtract,,1805,1626,2026년 R&D기획컨설팅 공고문.pdf: 400 Client Error: Bad Request for url: https://www.bizinfo.go.kr/sii/siia/2026%EB%85%84%20R&D%EA%B8%B0%ED%9A%8D%EC%BB%A8%EC%84%A4%ED%8C%85%20%EA%B3%B5%EA%B3%A0%EB%AC%B8.pdf / 202603191048420801.pdf: 404 Client Error: Not Found for url: https://www.bizinfo.go.kr/sii/siia/202603191048420801.pdf / 202603191050340917.hwp: 404 Client Error: Not Found for url: https://www.bizinfo.go.kr/sii/siia/202603191050340917.hwp / 붙임 1. R&D기획 컨설팅 신청서.hwp: 400 Client Error: Bad Request for url: https://www.bizinfo.go.kr/sii/siia/%EB%B6%99%EC%9E%84%201.%20R&D%EA%B8%B0%ED%9A%8D%20%EC%BB%A8%EC%84%A4%ED%8C%85%20%EC%8B%A0%EC%B2%AD%EC%84%9C.hwp / 붙임 1. R&D기획 컨설팅 신청서.hwp: HWP extraction quality_failed,https://www.bizinfo.go.kr/sii/siia/selectSIIA200Detail.do?pblancId=PBLN_000000000119693
PBLN_000000000119727,[부산] 2026년 중소기업 빅데이터 분석 활용 지원사업 참가기업 모집 공고,부산광역시,fetched,url,needs_review,selected_candidate_missing,old_amount_without_new_selected_amount,500.0,support_amount,subtract,1,,,,,2254,12067,(공고문)2026년+중소기업+빅데이터+분석+활용+지원사업+참가기업+모집.hwp: 400 Client Error: Bad Request for url: https://www.bizinfo.go.kr/sii/siia/(%EA%B3%B5%EA%B3%A0%EB%AC%B8)2026%EB%85%84+%EC%A4%91%EC%86%8C%EA%B8%B0%EC%97%85+%EB%B9%85%EB%8D%B0%EC%9D%B4%ED%84%B0+%EB%B6%84%EC%84%9D+%ED%99%9C%EC%9A%A9+%EC%A7%80%EC%9B%90%EC%82%AC%EC%97%85+%EC%B0%B8%EA%B0%80%EA%B8%B0%EC%97%85+%EB%AA%A8%EC%A7%91.hwp / 202603191428210533.hwp: 404 Client Error: Not Found for url: https://www.bizinfo.go.kr/sii/siia/202603191428210533.hwp,https://www.bizinfo.go.kr/sii/siia/selectSIIA200Detail.do?pblancId=PBLN_000000000119727
PBLN_000000000119733,[울산] 울주군 2026년 강소기업 육성 기술 혁신 지원사업 시행 공고,울산광역시,fetched,url,safe,clear_selected_candidate,type_changed:subsidy->support_amount,1000.0,subsidy,subtract,12,1000.0,support_amount,subtract,,2152,13662,(공고문) 2026년 울주군 강소기업 육성 기술 혁신 지원사업.hwp: 400 Client Error: Bad Request for url: https://www.bizinfo.go.kr/sii/siia/(%EA%B3%B5%EA%B3%A0%EB%AC%B8)%202026%EB%85%84%20%EC%9A%B8%EC%A3%BC%EA%B5%B0%20%EA%B0%95%EC%86%8C%EA%B8%B0%EC%97%85%20%EC%9C%A1%EC%84%B1%20%EA%B8%B0%EC%88%A0%20%ED%98%81%EC%8B%A0%20%EC%A7%80%EC%9B%90%EC%82%AC%EC%97%85.hwp / (서식) 울주군 강소기업 육성 기술 혁신 지원사업.hwp: 400 Client Error: Bad Request for url: https://www.bizinfo.go.kr/sii/siia/(%EC%84%9C%EC%8B%9D)%20%EC%9A%B8%EC%A3%BC%EA%B5%B0%20%EA%B0%95%EC%86%8C%EA%B8%B0%EC%97%85%20%EC%9C%A1%EC%84%B1%20%EA%B8%B0%EC%88%A0%20%ED%98%81%EC%8B%A0%20%EC%A7%80%EC%9B%90%EC%82%AC%EC%97%85.hwp / 202603191457490755.hwp: 404 Client Error: Not Found for url: https://www.bizinfo.go.kr/sii/siia/202603191457490755.hwp / 202603231415570375.hwp: 404 Client Error: Not Found for url: https://www.bizinfo.go.kr/sii/siia/202603231415570375.hwp,https://www.bizinfo.go.kr/sii/siia/selectSIIA200Detail.do?pblancId=PBLN_000000000119733
PBLN_000000000119762,2026년 일터혁신 상생컨설팅 지원사업 기업 모집 공고,고용노동부,fetched,url,needs_review,candidate_missing,,,unknown,recommend_only,0,,,,,2458,12071,[KMAC] 2026 일터혁신 상생컨설팅 지원사업 브로셔 _ 26.03.10.pdf: 400 Client Error: Bad Request for url: https://www.bizinfo.go.kr/sii/siia/%5BKMAC%5D%202026%20%EC%9D%BC%ED%84%B0%ED%98%81%EC%8B%A0%20%EC%83%81%EC%83%9D%EC%BB%A8%EC%84%A4%ED%8C%85%20%EC%A7%80%EC%9B%90%EC%82%AC%EC%97%85%20%EB%B8%8C%EB%A1%9C%EC%85%94%20_%2026.03.10.pdf / 202603201329150603.pdf: 404 Client Error: Not Found for url: https://www.bizinfo.go.kr/sii/siia/202603201329150603.pdf,https://www.bizinfo.go.kr/sii/siia/selectSIIA200Detail.do?pblancId=PBLN_000000000119762
PBLN_000000000119764,2026년 중소기업 기술혁신 지원사업(KOSBIR) 통합 공고,중소벤처기업부,fetched,url,needs_review,selected_candidate_missing,old_amount_without_new_selected_amount,90000.0,support_amount,subtract,32,,,,1.0,2341,24125,2026년_중소기업_기술혁신_지원사업(KOSBIR)_통합공고.pdf: 400 Client Error: Bad Request for url: https://www.bizinfo.go.kr/sii/siia/2026%EB%85%84_%EC%A4%91%EC%86%8C%EA%B8%B0%EC%97%85_%EA%B8%B0%EC%88%A0%ED%98%81%EC%8B%A0_%EC%A7%80%EC%9B%90%EC%82%AC%EC%97%85(KOSBIR)_%ED%86%B5%ED%95%A9%EA%B3%B5%EA%B3%A0.pdf / 202603201338160330.pdf: 404 Client Error: Not Found for url: https://www.bizinfo.go.kr/sii/siia/202603201338160330.pdf / 2026년_중소기업_기술혁신_지원사업(KOSBIR)_통합공고.hwpx: 400 Client Error: Bad Request for url: https://www.bizinfo.go.kr/sii/siia/2026%EB%85%84_%EC%A4%91%EC%86%8C%EA%B8%B0%EC%97%85_%EA%B8%B0%EC%88%A0%ED%98%81%EC%8B%A0_%EC%A7%80%EC%9B%90%EC%82%AC%EC%97%85(KOSBIR)_%ED%86%B5%ED%95%A9%EA%B3%B5%EA%B3%A0.hwpx / 202603201339460397.hwpx: 404 Client Error: Not Found for url: https://www.bizinfo.go.kr/sii/siia/202603201339460397.hwpx,https://www.bizinfo.go.kr/sii/siia/selectSIIA200Detail.do?pblancId=PBLN_000000000119764
PBLN_000000000119822,[경북] 구미시 2026년 시제품제작센터 수혜기업 모집 공고,경상북도,fetched,url,safe,clear_selected_candidate,,600.0,support_amount,subtract,4,600.0,support_amount,subtract,0.7,2164,2592,[공고문] 2026년 구미시 시제품제작센터 수혜기업 모집 공고.pdf: 400 Client Error: Bad Request for url: https://www.bizinfo.go.kr/sii/siia/%5B%EA%B3%B5%EA%B3%A0%EB%AC%B8%5D%202026%EB%85%84%20%EA%B5%AC%EB%AF%B8%EC%8B%9C%20%EC%8B%9C%EC%A0%9C%ED%92%88%EC%A0%9C%EC%9E%91%EC%84%BC%ED%84%B0%20%EC%88%98%ED%98%9C%EA%B8%B0%EC%97%85%20%EB%AA%A8%EC%A7%91%20%EA%B3%B5%EA%B3%A0.pdf / 202603231339220207.pdf: 404 Client Error: Not Found for url: https://www.bizinfo.go.kr/sii/siia/202603231339220207.pdf / [서식 1] 지원신청서 및 결과보고서 양식.hwp: 400 Client Error: Bad Request for url: https://www.bizinfo.go.kr/sii/siia/%5B%EC%84%9C%EC%8B%9D%201%5D%20%EC%A7%80%EC%9B%90%EC%8B%A0%EC%B2%AD%EC%84%9C%20%EB%B0%8F%20%EA%B2%B0%EA%B3%BC%EB%B3%B4%EA%B3%A0%EC%84%9C%20%EC%96%91%EC%8B%9D.hwp / 202603231339160900.hwp: 404 Client Error: Not Found for url: https://www.bizinfo.go.kr/sii/siia/202603231339160900.hwp / 202603231339160996.hwp: 404 Client Error: Not Found for url: https://www.bizinfo.go.kr/sii/siia/202603231339160996.hwp / [서식 2] 개인정보 및 기업정보 수집 이용 제공동의서.hwp: 400 Client Error: Bad Request for url: https://www.bizinfo.go.kr/sii/siia/%5B%EC%84%9C%EC%8B%9D%202%5D%20%EA%B0%9C%EC%9D%B8%EC%A0%95%EB%B3%B4%20%EB%B0%8F%20%EA%B8%B0%EC%97%85%EC%A0%95%EB%B3%B4%20%EC%88%98%EC%A7%91%20%EC%9D%B4%EC%9A%A9%20%EC%A0%9C%EA%B3%B5%EB%8F%99%EC%9D%98%EC%84%9C.hwp / [공고문] 2026년 구미시 시제품제작센터 수혜기업 모집 공고.pdf: text extraction failed,https://www.bizinfo.go.kr/sii/siia/selectSIIA200Detail.do?pblancId=PBLN_000000000119822
PBLN_000000000119836,[전남광주] 2026년 상반기 구조고도화자금 지원 계획 공고,전남광주통합특별시,fetched,url,needs_review,large_amount_delta,"amount_delta_20_percent:old=3e+06,new=1e+06",3000000.0,support_amount,subtract,9,1000000.0,support_amount,subtract,0.1,1569,15872,공고문_2026년도 상반기 구조고도화자금 지원.pdf: 400 Client Error: Bad Request for url: https://www.bizinfo.go.kr/sii/siia/%EA%B3%B5%EA%B3%A0%EB%AC%B8_2026%EB%85%84%EB%8F%84%20%EC%83%81%EB%B0%98%EA%B8%B0%20%EA%B5%AC%EC%A1%B0%EA%B3%A0%EB%8F%84%ED%99%94%EC%9E%90%EA%B8%88%20%EC%A7%80%EC%9B%90.pdf / 202603231509200228.pdf: 404 Client Error: Not Found for url: https://www.bizinfo.go.kr/sii/siia/202603231509200228.pdf / 신청서식_2026년도 상반기 구조고도화자금 지원.hwp: 400 Client Error: Bad Request for url: https://www.bizinfo.go.kr/sii/siia/%EC%8B%A0%EC%B2%AD%EC%84%9C%EC%8B%9D_2026%EB%85%84%EB%8F%84%20%EC%83%81%EB%B0%98%EA%B8%B0%20%EA%B5%AC%EC%A1%B0%EA%B3%A0%EB%8F%84%ED%99%94%EC%9E%90%EA%B8%88%20%EC%A7%80%EC%9B%90.hwp / 202603231509150389.hwp: 404 Client Error: Not Found for url: https://www.bizinfo.go.kr/sii/siia/202603231509150389.hwp,https://www.bizinfo.go.kr/sii/siia/selectSIIA200Detail.do?pblancId=PBLN_000000000119836
PBLN_000000000119851,[경북] 안동시 2026년 로케이션 제작지원 사업 공고,경상북도,fetched,url,needs_review,selected_candidate_missing,old_amount_without_new_selected_amount,100000.0,support_amount,subtract,7,,,,0.6,2112,5098,공고문(안동).pdf: 400 Client Error: Bad Request for url: https://www.bizinfo.go.kr/sii/siia/%EA%B3%B5%EA%B3%A0%EB%AC%B8(%EC%95%88%EB%8F%99).pdf / 202603241058010162.pdf: 404 Client Error: Not Found for url: https://www.bizinfo.go.kr/sii/siia/202603241058010162.pdf / 202603241058050596.hwpx: 404 Client Error: Not Found for url: https://www.bizinfo.go.kr/sii/siia/202603241058050596.hwpx / 신청서(안동).hwpx: 400 Client Error: Bad Request for url: https://www.bizinfo.go.kr/sii/siia/%EC%8B%A0%EC%B2%AD%EC%84%9C(%EC%95%88%EB%8F%99).hwpx,https://www.bizinfo.go.kr/sii/siia/selectSIIA200Detail.do?pblancId=PBLN_000000000119851
PBLN_000000000119852,[경북] 2026년 로케이션 제작지원 사업 공고,경상북도,fetched,url,needs_review,selected_candidate_missing,old_amount_without_new_selected_amount,100000.0,support_amount,subtract,7,,,,0.7,2100,5117,공고문(경북).pdf: 400 Client Error: Bad Request for url: https://www.bizinfo.go.kr/sii/siia/%EA%B3%B5%EA%B3%A0%EB%AC%B8(%EA%B2%BD%EB%B6%81).pdf / 202603241110390086.pdf: 404 Client Error: Not Found for url: https://www.bizinfo.go.kr/sii/siia/202603241110390086.pdf / 202603241110340672.hwpx: 404 Client Error: Not Found for url: https://www.bizinfo.go.kr/sii/siia/202603241110340672.hwpx / 신청서(경북).hwpx: 400 Client Error: Bad Request for url: https://www.bizinfo.go.kr/sii/siia/%EC%8B%A0%EC%B2%AD%EC%84%9C(%EA%B2%BD%EB%B6%81).hwpx,https://www.bizinfo.go.kr/sii/siia/selectSIIA200Detail.do?pblancId=PBLN_000000000119852
PBLN_000000000119881,[제주] 2026년 어업활동지원 사업 대상자 모집 공고,제주특별자치도,fetched,url,needs_review,selected_candidate_missing,old_amount_without_new_selected_amount,1440.0,support_amount,subtract,2,,,,0.2,1507,8910,2026년 어업활동지원 사업 대상자 모집 공고.hwp: 400 Client Error: Bad Request for url: https://www.bizinfo.go.kr/sii/siia/2026%EB%85%84%20%EC%96%B4%EC%97%85%ED%99%9C%EB%8F%99%EC%A7%80%EC%9B%90%20%EC%82%AC%EC%97%85%20%EB%8C%80%EC%83%81%EC%9E%90%20%EB%AA%A8%EC%A7%91%20%EA%B3%B5%EA%B3%A0.hwp / 202603241422340508.hwp: 404 Client Error: Not Found for url: https://www.bizinfo.go.kr/sii/siia/202603241422340508.hwp,https://www.bizinfo.go.kr/sii/siia/selectSIIA200Detail.do?pblancId=PBLN_000000000119881
PBLN_000000000119904,[충북] 2026년 산업체 방사광가속기 활용 역량강화사업 산업체 방사광가속기 활용 프로그램 참여기업 모집 공고,충청북도,fetched,url,needs_review,selected_candidate_missing,,,support_ratio,ratio_cap,1,,,,1.0,2316,7047,붙임 1. 공고문.pdf: 400 Client Error: Bad Request for url: https://www.bizinfo.go.kr/sii/siia/%EB%B6%99%EC%9E%84%201.%20%EA%B3%B5%EA%B3%A0%EB%AC%B8.pdf / 202603251014150819.pdf: 404 Client Error: Not Found for url: https://www.bizinfo.go.kr/sii/siia/202603251014150819.pdf / 붙임 2. 방사광가속기 활용 지원프로그램 참가신청서(서식).hwp: 400 Client Error: Bad Request for url: https://www.bizinfo.go.kr/sii/siia/%EB%B6%99%EC%9E%84%202.%20%EB%B0%A9%EC%82%AC%EA%B4%91%EA%B0%80%EC%86%8D%EA%B8%B0%20%ED%99%9C%EC%9A%A9%20%EC%A7%80%EC%9B%90%ED%94%84%EB%A1%9C%EA%B7%B8%EB%9E%A8%20%EC%B0%B8%EA%B0%80%EC%8B%A0%EC%B2%AD%EC%84%9C(%EC%84%9C%EC%8B%9D).hwp / 202603251014200515.hwp: 404 Client Error: Not Found for url: https://www.bizinfo.go.kr/sii/siia/202603251014200515.hwp,https://www.bizinfo.go.kr/sii/siia/selectSIIA200Detail.do?pblancId=PBLN_000000000119904
PBLN_000000000119910,2026년 정보보호제품 신속확인 신규 제품 수수료  지원 사업 안내 공고,과학기술정보통신부,fetched,url,needs_review,selected_context_has_risk_keyword,,1000.0,support_amount,subtract,4,1000.0,support_amount,subtract,,2234,3203,[안내문]2026년 신속확인 신규제품 수수료 지원.pdf: 400 Client Error: Bad Request for url: https://www.bizinfo.go.kr/sii/siia/%5B%EC%95%88%EB%82%B4%EB%AC%B8%5D2026%EB%85%84%20%EC%8B%A0%EC%86%8D%ED%99%95%EC%9D%B8%20%EC%8B%A0%EA%B7%9C%EC%A0%9C%ED%92%88%20%EC%88%98%EC%88%98%EB%A3%8C%20%EC%A7%80%EC%9B%90.pdf / 202603251102540117.pdf: 404 Client Error: Not Found for url: https://www.bizinfo.go.kr/sii/siia/202603251102540117.pdf / 정보보호제품 신속확인 신규 제품 지원사업 신청서 및 설문지.hwpx: 400 Client Error: Bad Request for url: https://www.bizinfo.go.kr/sii/siia/%EC%A0%95%EB%B3%B4%EB%B3%B4%ED%98%B8%EC%A0%9C%ED%92%88%20%EC%8B%A0%EC%86%8D%ED%99%95%EC%9D%B8%20%EC%8B%A0%EA%B7%9C%20%EC%A0%9C%ED%92%88%20%EC%A7%80%EC%9B%90%EC%82%AC%EC%97%85%20%EC%8B%A0%EC%B2%AD%EC%84%9C%20%EB%B0%8F%20%EC%84%A4%EB%AC%B8%EC%A7%80.hwpx / 202603251106180596.hwpx: 404 Client Error: Not Found for url: https://www.bizinfo.go.kr/sii/siia/202603251106180596.hwpx / form: invalid response,https://www.bizinfo.go.kr/sii/siia/selectSIIA200Detail.do?pblancId=PBLN_000000000119910
PBLN_000000000119953,[부산] 제조산업 산업전환을 통한 혁신성장 지원 사업 참여 기업 모집 공고,부산광역시,fetched,url,safe,clear_selected_candidate,,4000.0,support_amount,subtract,18,4000.0,support_amount,subtract,,1818,24131,[공고문] 부산 제조산업 산업전환을 통한 혁신성장 지원 사업_수정.pdf: 400 Client Error: Bad Request for url: https://www.bizinfo.go.kr/sii/siia/%5B%EA%B3%B5%EA%B3%A0%EB%AC%B8%5D%20%EB%B6%80%EC%82%B0%20%EC%A0%9C%EC%A1%B0%EC%82%B0%EC%97%85%20%EC%82%B0%EC%97%85%EC%A0%84%ED%99%98%EC%9D%84%20%ED%86%B5%ED%95%9C%20%ED%98%81%EC%8B%A0%EC%84%B1%EC%9E%A5%20%EC%A7%80%EC%9B%90%20%EC%82%AC%EC%97%85_%EC%88%98%EC%A0%95.pdf / 202603251746550722.pdf: 404 Client Error: Not Found for url: https://www.bizinfo.go.kr/sii/siia/202603251746550722.pdf / [공고문] 부산 제조산업 산업전환을 통한 혁신성장 지원 사업_수정.hwp: 400 Client Error: Bad Request for url: https://www.bizinfo.go.kr/sii/siia/%5B%EA%B3%B5%EA%B3%A0%EB%AC%B8%5D%20%EB%B6%80%EC%82%B0%20%EC%A0%9C%EC%A1%B0%EC%82%B0%EC%97%85%20%EC%82%B0%EC%97%85%EC%A0%84%ED%99%98%EC%9D%84%20%ED%86%B5%ED%95%9C%20%ED%98%81%EC%8B%A0%EC%84%B1%EC%9E%A5%20%EC%A7%80%EC%9B%90%20%EC%82%AC%EC%97%85_%EC%88%98%EC%A0%95.hwp / 202603251743450281.hwp: 404 Client Error: Not Found for url: https://www.bizinfo.go.kr/sii/siia/202603251743450281.hwp,https://www.bizinfo.go.kr/sii/siia/selectSIIA200Detail.do?pblancId=PBLN_000000000119953
PBLN_000000000119957,[부산] 기계ㆍ부품ㆍ철강산업 숙련기술자 고용안정 지원사업 참여 기업 및 참여자 모집 공고,부산광역시,fetched,url,needs_review,large_amount_delta,"amount_delta_20_percent:old=750,new=2250",750.0,support_amount,subtract,14,2250.0,support_amount,subtract,,1765,12064,[공고문] 부산 기계·부품·철강산업 숙련기술자 고용안정 지원사업.hwp: 400 Client Error: Bad Request for url: https://www.bizinfo.go.kr/sii/siia/%5B%EA%B3%B5%EA%B3%A0%EB%AC%B8%5D%20%EB%B6%80%EC%82%B0%20%EA%B8%B0%EA%B3%84%C2%B7%EB%B6%80%ED%92%88%C2%B7%EC%B2%A0%EA%B0%95%EC%82%B0%EC%97%85%20%EC%88%99%EB%A0%A8%EA%B8%B0%EC%88%A0%EC%9E%90%20%EA%B3%A0%EC%9A%A9%EC%95%88%EC%A0%95%20%EC%A7%80%EC%9B%90%EC%82%AC%EC%97%85.hwp / 202603251529010839.hwp: 404 Client Error: Not Found for url: https://www.bizinfo.go.kr/sii/siia/202603251529010839.hwp,https://www.bizinfo.go.kr/sii/siia/selectSIIA200Detail.do?pblancId=PBLN_000000000119957
PBLN_000000000119976,2026년 해양 연구 시설ㆍ장비 사용료 지원사업 모집 공고,해양수산부,fetched,url,needs_review,selected_candidate_missing,old_amount_without_new_selected_amount,1000.0,support_ratio,ratio_cap,1,,,,1.0,1654,1307,붙임1_2026년 해양수산 연구 시설 장비 사용료 지원사업 _공고문_홈페이지용 (1).pdf: 400 Client Error: Bad Request for url: https://www.bizinfo.go.kr/sii/siia/%EB%B6%99%EC%9E%841_2026%EB%85%84%20%ED%95%B4%EC%96%91%EC%88%98%EC%82%B0%20%EC%97%B0%EA%B5%AC%20%EC%8B%9C%EC%84%A4%20%EC%9E%A5%EB%B9%84%20%EC%82%AC%EC%9A%A9%EB%A3%8C%20%EC%A7%80%EC%9B%90%EC%82%AC%EC%97%85%20_%EA%B3%B5%EA%B3%A0%EB%AC%B8_%ED%99%88%ED%8E%98%EC%9D%B4%EC%A7%80%EC%9A%A9%20(1).pdf / 202603261113150316.pdf: 404 Client Error: Not Found for url: https://www.bizinfo.go.kr/sii/siia/202603261113150316.pdf,https://www.bizinfo.go.kr/sii/siia/selectSIIA200Detail.do?pblancId=PBLN_000000000119976
PBLN_000000000119978,[경북] 2026년 OK FTA 컨설팅 지원사업 모집 공고(경북FTA통상진흥센터),경상북도,fetched,url,needs_review,selected_candidate_missing,old_amount_without_new_selected_amount,15000000.0,support_amount,subtract,5,,,,0.4,2062,4193,지원사업 안내(안).hwp: 400 Client Error: Bad Request for url: https://www.bizinfo.go.kr/sii/siia/%EC%A7%80%EC%9B%90%EC%82%AC%EC%97%85%20%EC%95%88%EB%82%B4(%EC%95%88).hwp / 202603261116160924.hwp: 404 Client Error: Not Found for url: https://www.bizinfo.go.kr/sii/siia/202603261116160924.hwp / 202603261125300215.hwp: 404 Client Error: Not Found for url: https://www.bizinfo.go.kr/sii/siia/202603261125300215.hwp / 2026년도 OK FTA 컨설팅 사업 참여 신청서.hwp: 400 Client Error: Bad Request for url: https://www.bizinfo.go.kr/sii/siia/2026%EB%85%84%EB%8F%84%20OK%20FTA%20%EC%BB%A8%EC%84%A4%ED%8C%85%20%EC%82%AC%EC%97%85%20%EC%B0%B8%EC%97%AC%20%EC%8B%A0%EC%B2%AD%EC%84%9C.hwp,https://www.bizinfo.go.kr/sii/siia/selectSIIA200Detail.do?pblancId=PBLN_000000000119978
PBLN_000000000120006,[서울] 2026년 노동환경개선컨설팅 사업 대상 모집 공고,서울특별시,fetched,url,needs_review,selected_candidate_missing,old_amount_without_new_selected_amount,100000.0,support_amount,subtract,2,,,,,1609,2837,공고문(2026-902 2026년 노동환경개선컨설팅).hwpx: 400 Client Error: Bad Request for url: https://www.bizinfo.go.kr/sii/siia/%EA%B3%B5%EA%B3%A0%EB%AC%B8(2026-902%202026%EB%85%84%20%EB%85%B8%EB%8F%99%ED%99%98%EA%B2%BD%EA%B0%9C%EC%84%A0%EC%BB%A8%EC%84%A4%ED%8C%85).hwpx / 202603261431410746.hwpx: 404 Client Error: Not Found for url: https://www.bizinfo.go.kr/sii/siia/202603261431410746.hwpx,https://www.bizinfo.go.kr/sii/siia/selectSIIA200Detail.do?pblancId=PBLN_000000000120006
PBLN_000000000120012,[경기] 2026년 공동활용 연구장비 사용료 지원 기업 모집 공고,경기도,fetched,url,needs_review,large_amount_delta,"amount_delta_20_percent:old=10000,new=500",10000.0,support_amount,subtract,10,500.0,support_amount,subtract,0.2,2163,17030,2026-694_(공고문) 2026년 경기도 공동활용 연구장비 사용료 지원 기업 모집공고+.pdf: 400 Client Error: Bad Request for url: https://www.bizinfo.go.kr/sii/siia/2026-694_(%EA%B3%B5%EA%B3%A0%EB%AC%B8)%202026%EB%85%84%20%EA%B2%BD%EA%B8%B0%EB%8F%84%20%EA%B3%B5%EB%8F%99%ED%99%9C%EC%9A%A9%20%EC%97%B0%EA%B5%AC%EC%9E%A5%EB%B9%84%20%EC%82%AC%EC%9A%A9%EB%A3%8C%20%EC%A7%80%EC%9B%90%20%EA%B8%B0%EC%97%85%20%EB%AA%A8%EC%A7%91%EA%B3%B5%EA%B3%A0+.pdf / 202603261514390494.pdf: 404 Client Error: Not Found for url: https://www.bizinfo.go.kr/sii/siia/202603261514390494.pdf / 2026-694_[서식1-9] 경기도 공동활용 연구장비 사용료 지원 신청서 및 관련 서류.hwpx: 400 Client Error: Bad Request for url: https://www.bizinfo.go.kr/sii/siia/2026-694_%5B%EC%84%9C%EC%8B%9D1-9%5D%20%EA%B2%BD%EA%B8%B0%EB%8F%84%20%EA%B3%B5%EB%8F%99%ED%99%9C%EC%9A%A9%20%EC%97%B0%EA%B5%AC%EC%9E%A5%EB%B9%84%20%EC%82%AC%EC%9A%A9%EB%A3%8C%20%EC%A7%80%EC%9B%90%20%EC%8B%A0%EC%B2%AD%EC%84%9C%20%EB%B0%8F%20%EA%B4%80%EB%A0%A8%20%EC%84%9C%EB%A5%98.hwpx / 202603261513240903.hwpx: 404 Client Error: Not Found for url: https://www.bizinfo.go.kr/sii/siia/202603261513240903.hwpx,https://www.bizinfo.go.kr/sii/siia/selectSIIA200Detail.do?pblancId=PBLN_000000000120012
PBLN_000000000120097,2026년 데이터 품질인증 지원사업 공고,과학기술정보통신부,fetched,url,safe,clear_selected_candidate,,1150.0,support_amount,subtract,43,1150.0,support_amount,subtract,0.5,2287,20149,5.+2025년+데이터+품질인증+지원사업+민간부담금+계산기.xlsx: 400 Client Error: Bad Request for url: https://www.bizinfo.go.kr/sii/siia/5.+2025%EB%85%84+%EB%8D%B0%EC%9D%B4%ED%84%B0+%ED%92%88%EC%A7%88%EC%9D%B8%EC%A6%9D+%EC%A7%80%EC%9B%90%EC%82%AC%EC%97%85+%EB%AF%BC%EA%B0%84%EB%B6%80%EB%8B%B4%EA%B8%88+%EA%B3%84%EC%82%B0%EA%B8%B0.xlsx / 202603301003560642.xlsx: 404 Client Error: Not Found for url: https://www.bizinfo.go.kr/sii/siia/202603301003560642.xlsx / 1.+2026년+데이터+품질인증+지원사업+공고문.hwp: 400 Client Error: Bad Request for url: https://www.bizinfo.go.kr/sii/siia/1.+2026%EB%85%84+%EB%8D%B0%EC%9D%B4%ED%84%B0+%ED%92%88%EC%A7%88%EC%9D%B8%EC%A6%9D+%EC%A7%80%EC%9B%90%EC%82%AC%EC%97%85+%EA%B3%B5%EA%B3%A0%EB%AC%B8.hwp / 2.+2026년+데이터+품질인증+지원사업+공모안내서.hwp: 400 Client Error: Bad Request for url: https://www.bizinfo.go.kr/sii/siia/2.+2026%EB%85%84+%EB%8D%B0%EC%9D%B4%ED%84%B0+%ED%92%88%EC%A7%88%EC%9D%B8%EC%A6%9D+%EC%A7%80%EC%9B%90%EC%82%AC%EC%97%85+%EA%B3%B5%EB%AA%A8%EC%95%88%EB%82%B4%EC%84%9C.hwp / 3.+2026년+데이터+품질인증+지원사업+별지서식.hwp: 400 Client Error: Bad Request for url: https://www.bizinfo.go.kr/sii/siia/3.+2026%EB%85%84+%EB%8D%B0%EC%9D%B4%ED%84%B0+%ED%92%88%EC%A7%88%EC%9D%B8%EC%A6%9D+%EC%A7%80%EC%9B%90%EC%82%AC%EC%97%85+%EB%B3%84%EC%A7%80%EC%84%9C%EC%8B%9D.hwp / 202603301003560494.hwp: 404 Client Error: Not Found for url: https://www.bizinfo.go.kr/sii/siia/202603301003560494.hwp / 202603301003560874.hwp: 404 Client Error: Not Found for url: https://www.bizinfo.go.kr/sii/siia/202603301003560874.hwp / 202603301004000390.hwp: 404 Client Error: Not Found for url: https://www.bizinfo.go.kr/sii/siia/202603301004000390.hwp,https://www.bizinfo.go.kr/sii/siia/selectSIIA200Detail.do?pblancId=PBLN_000000000120097
PBLN_000000000120113,중소기업 전파 공동엔지니어링랩 운영지원 사업 공고,과학기술정보통신부,fetched,url,needs_review,candidate_missing,,,support_ratio,ratio_cap,0,,,,,2398,1408,중소기업 전파 공동엔지니어링랩 운영지원 사업_본문출력파일.hwp: 400 Client Error: Bad Request for url: https://www.bizinfo.go.kr/sii/siia/%EC%A4%91%EC%86%8C%EA%B8%B0%EC%97%85%20%EC%A0%84%ED%8C%8C%20%EA%B3%B5%EB%8F%99%EC%97%94%EC%A7%80%EB%8B%88%EC%96%B4%EB%A7%81%EB%9E%A9%20%EC%9A%B4%EC%98%81%EC%A7%80%EC%9B%90%20%EC%82%AC%EC%97%85_%EB%B3%B8%EB%AC%B8%EC%B6%9C%EB%A0%A5%ED%8C%8C%EC%9D%BC.hwp / 202603301322560545.hwp: 404 Client Error: Not Found for url: https://www.bizinfo.go.kr/sii/siia/202603301322560545.hwp,https://www.bizinfo.go.kr/sii/siia/selectSIIA200Detail.do?pblancId=PBLN_000000000120113
PBLN_000000000120123,2026년 금융 테스트베드 참여기업 테스트비용 지원 공고,금융위원회,fetched,url,needs_review,large_amount_delta,"type_changed:support_amount->subsidy | amount_delta_20_percent:old=15000,new=12000",15000.0,support_amount,subtract,7,12000.0,subsidy,subtract,1.0,1794,20658,2026년 금융 테스트베드 참여기업 테스트비용 지원 공고.pdf: 400 Client Error: Bad Request for url: https://www.bizinfo.go.kr/sii/siia/2026%EB%85%84%20%EA%B8%88%EC%9C%B5%20%ED%85%8C%EC%8A%A4%ED%8A%B8%EB%B2%A0%EB%93%9C%20%EC%B0%B8%EC%97%AC%EA%B8%B0%EC%97%85%20%ED%85%8C%EC%8A%A4%ED%8A%B8%EB%B9%84%EC%9A%A9%20%EC%A7%80%EC%9B%90%20%EA%B3%B5%EA%B3%A0.pdf / 202603301357370478.pdf: 404 Client Error: Not Found for url: https://www.bizinfo.go.kr/sii/siia/202603301357370478.pdf / (양식)테스트비용 예산 계획서.xlsx: 400 Client Error: Bad Request for url: https://www.bizinfo.go.kr/sii/siia/(%EC%96%91%EC%8B%9D)%ED%85%8C%EC%8A%A4%ED%8A%B8%EB%B9%84%EC%9A%A9%20%EC%98%88%EC%82%B0%20%EA%B3%84%ED%9A%8D%EC%84%9C.xlsx / 202603301357270805.xlsx: 404 Client Error: Not Found for url: https://www.bizinfo.go.kr/sii/siia/202603301357270805.xlsx / (양식)테스트비용 지원 신청서.hwp: 400 Client Error: Bad Request for url: https://www.bizinfo.go.kr/sii/siia/(%EC%96%91%EC%8B%9D)%ED%85%8C%EC%8A%A4%ED%8A%B8%EB%B9%84%EC%9A%A9%20%EC%A7%80%EC%9B%90%20%EC%8B%A0%EC%B2%AD%EC%84%9C.hwp / (양식)참여인력 업무수행 계획서.hwp: 400 Client Error: Bad Request for url: https://www.bizinfo.go.kr/sii/siia/(%EC%96%91%EC%8B%9D)%EC%B0%B8%EC%97%AC%EC%9D%B8%EB%A0%A5%20%EC%97%85%EB%AC%B4%EC%88%98%ED%96%89%20%EA%B3%84%ED%9A%8D%EC%84%9C.hwp / 202603301357270702.hwp: 404 Client Error: Not Found for url: https://www.bizinfo.go.kr/sii/siia/202603301357270702.hwp / 202603301357270886.hwp: 404 Client Error: Not Found for url: https://www.bizinfo.go.kr/sii/siia/202603301357270886.hwp / (양식)참여인력 업무수행 계획서.hwp: HWP extraction quality_failed,https://www.bizinfo.go.kr/sii/siia/selectSIIA200Detail.do?pblancId=PBLN_000000000120123
PBLN_000000000120134,[전남광주] 2026년 평동산업단지 중소기업 보증료 지원사업 공고,전남광주통합특별시,fetched,url,safe,clear_selected_candidate,type_changed:support_amount->guarantee | roi_method_changed:subtract->exclude,100.0,support_amount,subtract,3,100.0,guarantee,exclude,0.3,1494,4430,(공고)2026년+평동산업단지+중소기업+보증료+지원사업+공고문.hwp: 400 Client Error: Bad Request for url: https://www.bizinfo.go.kr/sii/siia/(%EA%B3%B5%EA%B3%A0)2026%EB%85%84+%ED%8F%89%EB%8F%99%EC%82%B0%EC%97%85%EB%8B%A8%EC%A7%80+%EC%A4%91%EC%86%8C%EA%B8%B0%EC%97%85+%EB%B3%B4%EC%A6%9D%EB%A3%8C+%EC%A7%80%EC%9B%90%EC%82%AC%EC%97%85+%EA%B3%B5%EA%B3%A0%EB%AC%B8.hwp / (붙임)2026년+평동산업단지+중소기업+보증료+지원사업.hwp: 400 Client Error: Bad Request for url: https://www.bizinfo.go.kr/sii/siia/(%EB%B6%99%EC%9E%84)2026%EB%85%84+%ED%8F%89%EB%8F%99%EC%82%B0%EC%97%85%EB%8B%A8%EC%A7%80+%EC%A4%91%EC%86%8C%EA%B8%B0%EC%97%85+%EB%B3%B4%EC%A6%9D%EB%A3%8C+%EC%A7%80%EC%9B%90%EC%82%AC%EC%97%85.hwp / 202603301444350453.hwp: 404 Client Error: Not Found for url: https://www.bizinfo.go.kr/sii/siia/202603301444350453.hwp / 202603301444400049.hwp: 404 Client Error: Not Found for url: https://www.bizinfo.go.kr/sii/siia/202603301444400049.hwp,https://www.bizinfo.go.kr/sii/siia/selectSIIA200Detail.do?pblancId=PBLN_000000000120134
PBLN_000000000120135,[전남광주] 2026년 하남산업단지 중소기업 보증료 지원사업 공고,전남광주통합특별시,fetched,url,safe,clear_selected_candidate,type_changed:support_amount->guarantee | roi_method_changed:subtract->exclude,100.0,support_amount,subtract,3,100.0,guarantee,exclude,0.3,1499,4449,2026년+하남산업단지+중소기업+보증료+지원사업+공고문.hwp: 400 Client Error: Bad Request for url: https://www.bizinfo.go.kr/sii/siia/2026%EB%85%84+%ED%95%98%EB%82%A8%EC%82%B0%EC%97%85%EB%8B%A8%EC%A7%80+%EC%A4%91%EC%86%8C%EA%B8%B0%EC%97%85+%EB%B3%B4%EC%A6%9D%EB%A3%8C+%EC%A7%80%EC%9B%90%EC%82%AC%EC%97%85+%EA%B3%B5%EA%B3%A0%EB%AC%B8.hwp / 2026년+하남산업단지+중소기업+보증료+지원신청서+등(서식1~3).hwp: 400 Client Error: Bad Request for url: https://www.bizinfo.go.kr/sii/siia/2026%EB%85%84+%ED%95%98%EB%82%A8%EC%82%B0%EC%97%85%EB%8B%A8%EC%A7%80+%EC%A4%91%EC%86%8C%EA%B8%B0%EC%97%85+%EB%B3%B4%EC%A6%9D%EB%A3%8C+%EC%A7%80%EC%9B%90%EC%8B%A0%EC%B2%AD%EC%84%9C+%EB%93%B1(%EC%84%9C%EC%8B%9D1~3).hwp / 202603301450580363.hwp: 404 Client Error: Not Found for url: https://www.bizinfo.go.kr/sii/siia/202603301450580363.hwp / 202603301451110290.hwp: 404 Client Error: Not Found for url: https://www.bizinfo.go.kr/sii/siia/202603301451110290.hwp,https://www.bizinfo.go.kr/sii/siia/selectSIIA200Detail.do?pblancId=PBLN_000000000120135
PBLN_000000000120170,2026년 중소기업 기술분쟁 소송보험 지원사업 공고,중소벤처기업부,fetched,url,needs_review,selected_candidate_missing,old_amount_without_new_selected_amount,5000.0,support_amount,subtract,17,,,,0.8,1639,10955,2026년_중소기업_기술분쟁_소송보험_지원사업_공고.pdf: 400 Client Error: Bad Request for url: https://www.bizinfo.go.kr/sii/siia/2026%EB%85%84_%EC%A4%91%EC%86%8C%EA%B8%B0%EC%97%85_%EA%B8%B0%EC%88%A0%EB%B6%84%EC%9F%81_%EC%86%8C%EC%86%A1%EB%B3%B4%ED%97%98_%EC%A7%80%EC%9B%90%EC%82%AC%EC%97%85_%EA%B3%B5%EA%B3%A0.pdf / 202603311129100553.pdf: 404 Client Error: Not Found for url: https://www.bizinfo.go.kr/sii/siia/202603311129100553.pdf,https://www.bizinfo.go.kr/sii/siia/selectSIIA200Detail.do?pblancId=PBLN_000000000120170
