policy_id,title,organization,fetch_status,source_kind,decision,decision_reasons,decision_reasons_ko,comparison_reasons,old_amount_manwon,old_amount_type,old_roi_apply_method,candidate_count,new_selected_amount_manwon,new_selected_type,new_roi_apply_method,new_support_ratio,detail_text_length,attachment_text_length,fetch_error,url
ENERGYAGENCY:24575,(수정)2026년도 산업진단 개선이행 지원사업 2차 공고,한국에너지공단,fetched,url,needs_review,large_amount_delta,기존 금액과 새 대표금액 차이가 큼,"amount_delta_20_percent:old=69000,new=1000",69000.0,support_amount,subtract,2,1000.0,support_amount,subtract,0.7,6863,0,,https://www.energy.or.kr/front/board/View2.do?boardMngNo=2&boardNo=24575
KPASS:P2950,2026년 산업기술국제협력사업 통합 시행계획 공고,한국산업기술진흥원,fetched,url,needs_review,subtract_without_limit_context | large_amount_delta,직접 차감 후보이나 기업당/한도 문맥이 부족함 | 기존 금액과 새 대표금액 차이가 큼,"amount_delta_20_percent:old=250000,new=50000",250000.0,support_amount,subtract,19,50000.0,support_amount,subtract,1.0,27515,0,통합사업관리시스템 매뉴얼_수행기관용_v1.1.pdf: 404 Client Error: Not Found for url: https://www.k-pass.kr/notice/%ED%86%B5%ED%95%A9%EC%82%AC%EC%97%85%EA%B4%80%EB%A6%AC%EC%8B%9C%EC%8A%A4%ED%85%9C%20%EB%A7%A4%EB%89%B4%EC%96%BC_%EC%88%98%ED%96%89%EA%B8%B0%EA%B4%80%EC%9A%A9_v1.1.pdf / FileDown.do: 404 Client Error: Not Found for url: https://www.k-pass.kr/cmm/FileDown.do?dirName=manual/&fileName= / FileDown.do: 404 Client Error: Not Found for url: https://www.k-pass.kr/cmm/FileDown.do;jsessionid=7hOnyyODfekUkfNMnbERljZE06sl19G23aT9jRL1aKoJEAdjTpwaVI9jwFB8Ao7x.K-PASS-WAS_servlet_engine2?ancId= / FileDown.do: 404 Client Error: Not Found for url: https://www.k-pass.kr/cmm/FileDown.do;jsessionid=7hOnyyODfekUkfNMnbERljZE06sl19G23aT9jRL1aKoJEAdjTpwaVI9jwFB8Ao7x.K-PASS-WAS_servlet_engine2?fileid=,https://www.k-pass.kr/notice/ancView.do?ancId=P2950&gubun=NEW
PBLN_000000000117056,[경기] 부천시 2026년 내일채움공제 지원 계획 공고,경기도,fetched,url,needs_review,large_amount_delta,기존 금액과 새 대표금액 차이가 큼,"amount_delta_20_percent:old=24,new=7",24.0,support_amount,subtract,8,7.0,support_amount,subtract,,1641,7256,2026년 부천시 「내일채움공제」 지원계획 공고.hwp: 400 Client Error: Bad Request for url: https://www.bizinfo.go.kr/sii/siia/2026%EB%85%84%20%EB%B6%80%EC%B2%9C%EC%8B%9C%20%E3%80%8C%EB%82%B4%EC%9D%BC%EC%B1%84%EC%9B%80%EA%B3%B5%EC%A0%9C%E3%80%8D%20%EC%A7%80%EC%9B%90%EA%B3%84%ED%9A%8D%20%EA%B3%B5%EA%B3%A0.hwp / 202601021032020268.hwp: 404 Client Error: Not Found for url: https://www.bizinfo.go.kr/sii/siia/202601021032020268.hwp,https://www.bizinfo.go.kr/sii/siia/selectSIIA200Detail.do?pblancId=PBLN_000000000117056
PBLN_000000000117454,[강원] 2026년 글로벌 IP 스타기업 육성 해외OA비용 지원사업 공고,강원특별자치도,fetched,url,needs_review,large_amount_delta,기존 금액과 새 대표금액 차이가 큼,"amount_delta_20_percent:old=164,new=410",164.0,support_amount,subtract,12,410.0,support_amount,subtract,,2070,4071,2026년 강원 글로벌 IP 스타기업 육성 해외OA비용 지원사업 공고.hwp: 400 Client Error: Bad Request for url: https://www.bizinfo.go.kr/sii/siia/2026%EB%85%84%20%EA%B0%95%EC%9B%90%20%EA%B8%80%EB%A1%9C%EB%B2%8C%20IP%20%EC%8A%A4%ED%83%80%EA%B8%B0%EC%97%85%20%EC%9C%A1%EC%84%B1%20%ED%95%B4%EC%99%B8OA%EB%B9%84%EC%9A%A9%20%EC%A7%80%EC%9B%90%EC%82%AC%EC%97%85%20%EA%B3%B5%EA%B3%A0.hwp / 서류제출 안내.hwp: 400 Client Error: Bad Request for url: https://www.bizinfo.go.kr/sii/siia/%EC%84%9C%EB%A5%98%EC%A0%9C%EC%B6%9C%20%EC%95%88%EB%82%B4.hwp / 202601150927040542.hwp: 404 Client Error: Not Found for url: https://www.bizinfo.go.kr/sii/siia/202601150927040542.hwp / 202601150927080724.hwp: 404 Client Error: Not Found for url: https://www.bizinfo.go.kr/sii/siia/202601150927080724.hwp / 202601150927080892.hwp: 404 Client Error: Not Found for url: https://www.bizinfo.go.kr/sii/siia/202601150927080892.hwp / 202601150927090088.hwp: 404 Client Error: Not Found for url: https://www.bizinfo.go.kr/sii/siia/202601150927090088.hwp / 붙임1_해외OA비용 신청서(양식).hwp: 400 Client Error: Bad Request for url: https://www.bizinfo.go.kr/sii/siia/%EB%B6%99%EC%9E%841_%ED%95%B4%EC%99%B8OA%EB%B9%84%EC%9A%A9%20%EC%8B%A0%EC%B2%AD%EC%84%9C(%EC%96%91%EC%8B%9D).hwp / 붙임2_해외OA비용 서약서(양식).hwp: 400 Client Error: Bad Request for url: https://www.bizinfo.go.kr/sii/siia/%EB%B6%99%EC%9E%842_%ED%95%B4%EC%99%B8OA%EB%B9%84%EC%9A%A9%20%EC%84%9C%EC%95%BD%EC%84%9C(%EC%96%91%EC%8B%9D).hwp,https://www.bizinfo.go.kr/sii/siia/selectSIIA200Detail.do?pblancId=PBLN_000000000117454
PBLN_000000000117563,2026년 중소기업 매출채권팩토링 지원계획 공고,중소벤처기업부,fetched,url,needs_review,large_amount_delta,기존 금액과 새 대표금액 차이가 큼,"amount_delta_20_percent:old=100000,new=5.9e+06",100000.0,support_amount,subtract,10,5900000.0,support_amount,subtract,,1679,4651,2026년도_중소기업_매출채권팩토링_지원계획_공고.pdf: 400 Client Error: Bad Request for url: https://www.bizinfo.go.kr/sii/siia/2026%EB%85%84%EB%8F%84_%EC%A4%91%EC%86%8C%EA%B8%B0%EC%97%85_%EB%A7%A4%EC%B6%9C%EC%B1%84%EA%B6%8C%ED%8C%A9%ED%86%A0%EB%A7%81_%EC%A7%80%EC%9B%90%EA%B3%84%ED%9A%8D_%EA%B3%B5%EA%B3%A0.pdf / 202601191010290383.pdf: 404 Client Error: Not Found for url: https://www.bizinfo.go.kr/sii/siia/202601191010290383.pdf,https://www.bizinfo.go.kr/sii/siia/selectSIIA200Detail.do?pblancId=PBLN_000000000117563
PBLN_000000000117671,[인천] 서구 2026년 제품인증획득 지원사업 신청 공고,인천광역시,fetched,url,needs_review,large_amount_delta,기존 금액과 새 대표금액 차이가 큼,"type_changed:support_amount->non_cash | roi_method_changed:subtract->recommend_only | amount_delta_20_percent:old=500,new=400",500.0,support_amount,subtract,7,400.0,non_cash,recommend_only,,2086,10158,지원대상분야_인증리스트.pdf: 400 Client Error: Bad Request for url: https://www.bizinfo.go.kr/sii/siia/%EC%A7%80%EC%9B%90%EB%8C%80%EC%83%81%EB%B6%84%EC%95%BC_%EC%9D%B8%EC%A6%9D%EB%A6%AC%EC%8A%A4%ED%8A%B8.pdf / 202601211036540094.pdf: 404 Client Error: Not Found for url: https://www.bizinfo.go.kr/sii/siia/202601211036540094.pdf / 2026년_제품인증획득_지원사업_신청_안내문.hwp: 400 Client Error: Bad Request for url: https://www.bizinfo.go.kr/sii/siia/2026%EB%85%84_%EC%A0%9C%ED%92%88%EC%9D%B8%EC%A6%9D%ED%9A%8D%EB%93%9D_%EC%A7%80%EC%9B%90%EC%82%AC%EC%97%85_%EC%8B%A0%EC%B2%AD_%EC%95%88%EB%82%B4%EB%AC%B8.hwp / 신청서류(지원신청서.사업계획서.개인정보이용및제공동의서).hwp: 400 Client Error: Bad Request for url: https://www.bizinfo.go.kr/sii/siia/%EC%8B%A0%EC%B2%AD%EC%84%9C%EB%A5%98(%EC%A7%80%EC%9B%90%EC%8B%A0%EC%B2%AD%EC%84%9C.%EC%82%AC%EC%97%85%EA%B3%84%ED%9A%8D%EC%84%9C.%EA%B0%9C%EC%9D%B8%EC%A0%95%EB%B3%B4%EC%9D%B4%EC%9A%A9%EB%B0%8F%EC%A0%9C%EA%B3%B5%EB%8F%99%EC%9D%98%EC%84%9C).hwp / 202601211036460578.hwp: 404 Client Error: Not Found for url: https://www.bizinfo.go.kr/sii/siia/202601211036460578.hwp / 202601211036530881.hwp: 404 Client Error: Not Found for url: https://www.bizinfo.go.kr/sii/siia/202601211036530881.hwp,https://www.bizinfo.go.kr/sii/siia/selectSIIA200Detail.do?pblancId=PBLN_000000000117671
PBLN_000000000117688,[인천] 서구(검단지역) 2026년 제품인증획득 지원사업 신청 공고,인천광역시,fetched,url,needs_review,large_amount_delta,기존 금액과 새 대표금액 차이가 큼,"type_changed:support_amount->non_cash | roi_method_changed:subtract->recommend_only | amount_delta_20_percent:old=500,new=400",500.0,support_amount,subtract,7,400.0,non_cash,recommend_only,,2110,10196,지원대상분야_인증리스트.pdf: 400 Client Error: Bad Request for url: https://www.bizinfo.go.kr/sii/siia/%EC%A7%80%EC%9B%90%EB%8C%80%EC%83%81%EB%B6%84%EC%95%BC_%EC%9D%B8%EC%A6%9D%EB%A6%AC%EC%8A%A4%ED%8A%B8.pdf / 202601211033430102.pdf: 404 Client Error: Not Found for url: https://www.bizinfo.go.kr/sii/siia/202601211033430102.pdf / (검단지역)_2026년_제품인증획득_지원사업_신청_안내문.hwp: 400 Client Error: Bad Request for url: https://www.bizinfo.go.kr/sii/siia/(%EA%B2%80%EB%8B%A8%EC%A7%80%EC%97%AD)_2026%EB%85%84_%EC%A0%9C%ED%92%88%EC%9D%B8%EC%A6%9D%ED%9A%8D%EB%93%9D_%EC%A7%80%EC%9B%90%EC%82%AC%EC%97%85_%EC%8B%A0%EC%B2%AD_%EC%95%88%EB%82%B4%EB%AC%B8.hwp / (검단지역)_신청서류(지원신청서.사업계획서.개인정보이용및제공동의서).hwp: 400 Client Error: Bad Request for url: https://www.bizinfo.go.kr/sii/siia/(%EA%B2%80%EB%8B%A8%EC%A7%80%EC%97%AD)_%EC%8B%A0%EC%B2%AD%EC%84%9C%EB%A5%98(%EC%A7%80%EC%9B%90%EC%8B%A0%EC%B2%AD%EC%84%9C.%EC%82%AC%EC%97%85%EA%B3%84%ED%9A%8D%EC%84%9C.%EA%B0%9C%EC%9D%B8%EC%A0%95%EB%B3%B4%EC%9D%B4%EC%9A%A9%EB%B0%8F%EC%A0%9C%EA%B3%B5%EB%8F%99%EC%9D%98%EC%84%9C).hwp / 202601211033380336.hwp: 404 Client Error: Not Found for url: https://www.bizinfo.go.kr/sii/siia/202601211033380336.hwp / 202601211033420940.hwp: 404 Client Error: Not Found for url: https://www.bizinfo.go.kr/sii/siia/202601211033420940.hwp,https://www.bizinfo.go.kr/sii/siia/selectSIIA200Detail.do?pblancId=PBLN_000000000117688
PBLN_000000000117992,2026년 나눔장비 이전지원사업 모집 공고,과학기술정보통신부,fetched,url,needs_review,large_amount_delta,기존 금액과 새 대표금액 차이가 큼,"amount_delta_20_percent:old=6000,new=3000",6000.0,support_amount,subtract,11,3000.0,support_amount,subtract,0.2,2105,8596,2026년 나눔장비 이전지원사업 공고문.hwp: 400 Client Error: Bad Request for url: https://www.bizinfo.go.kr/sii/siia/2026%EB%85%84%20%EB%82%98%EB%88%94%EC%9E%A5%EB%B9%84%20%EC%9D%B4%EC%A0%84%EC%A7%80%EC%9B%90%EC%82%AC%EC%97%85%20%EA%B3%B5%EA%B3%A0%EB%AC%B8.hwp / 202601291405150152.hwp: 404 Client Error: Not Found for url: https://www.bizinfo.go.kr/sii/siia/202601291405150152.hwp,https://www.bizinfo.go.kr/sii/siia/selectSIIA200Detail.do?pblancId=PBLN_000000000117992
PBLN_000000000118027,2026년 KOLAS 공인 제품인증 서비스 바우처 지원사업 참가 희망기업 모집 공고,부산광역시,fetched,url,needs_review,large_amount_delta,기존 금액과 새 대표금액 차이가 큼,"type_changed:voucher->non_cash | roi_method_changed:subtract->recommend_only | amount_delta_20_percent:old=80,new=500000",80.0,voucher,subtract,8,500000.0,non_cash,recommend_only,0.008,2355,9306,2026년+KOLAS+공인+제품인증+서비스+바우처+지원사업+참가+희망기업+모집+공고문.hwp: 400 Client Error: Bad Request for url: https://www.bizinfo.go.kr/sii/siia/2026%EB%85%84+KOLAS+%EA%B3%B5%EC%9D%B8+%EC%A0%9C%ED%92%88%EC%9D%B8%EC%A6%9D+%EC%84%9C%EB%B9%84%EC%8A%A4+%EB%B0%94%EC%9A%B0%EC%B2%98+%EC%A7%80%EC%9B%90%EC%82%AC%EC%97%85+%EC%B0%B8%EA%B0%80+%ED%9D%AC%EB%A7%9D%EA%B8%B0%EC%97%85+%EB%AA%A8%EC%A7%91+%EA%B3%B5%EA%B3%A0%EB%AC%B8.hwp / 202601301112430765.hwp: 404 Client Error: Not Found for url: https://www.bizinfo.go.kr/sii/siia/202601301112430765.hwp,https://www.bizinfo.go.kr/sii/siia/selectSIIA200Detail.do?pblancId=PBLN_000000000118027
PBLN_000000000118209,2026년 중소기업 연구인력지원사업 공고,중소벤처기업부,fetched,url,needs_review,large_amount_delta,기존 금액과 새 대표금액 차이가 큼,"amount_delta_20_percent:old=3800,new=5000",3800.0,subsidy,subtract,13,5000.0,subsidy,subtract,0.5,2281,12052,2026년_중소기업_연구인력지원사업_공고.hwpx: 400 Client Error: Bad Request for url: https://www.bizinfo.go.kr/sii/siia/2026%EB%85%84_%EC%A4%91%EC%86%8C%EA%B8%B0%EC%97%85_%EC%97%B0%EA%B5%AC%EC%9D%B8%EB%A0%A5%EC%A7%80%EC%9B%90%EC%82%AC%EC%97%85_%EA%B3%B5%EA%B3%A0.hwpx / 202602041327480823.hwpx: 404 Client Error: Not Found for url: https://www.bizinfo.go.kr/sii/siia/202602041327480823.hwpx,https://www.bizinfo.go.kr/sii/siia/selectSIIA200Detail.do?pblancId=PBLN_000000000118209
PBLN_000000000118245,[경북] 2026년 중소벤처기업 지식재산권 및 해외인증 지원사업 참가기업 모집 공고,경상북도,fetched,url,needs_review,large_amount_delta,기존 금액과 새 대표금액 차이가 큼,"type_changed:support_amount->non_cash | roi_method_changed:subtract->recommend_only | amount_delta_20_percent:old=500,new=600",500.0,support_amount,subtract,4,600.0,non_cash,recommend_only,0.8,2161,13832,202602051127090551.pdf: 404 Client Error: Not Found for url: https://www.bizinfo.go.kr/sii/siia/202602051127090551.pdf / [붙임]해외규격인증대상.pdf: 400 Client Error: Bad Request for url: https://www.bizinfo.go.kr/sii/siia/%5B%EB%B6%99%EC%9E%84%5D%ED%95%B4%EC%99%B8%EA%B7%9C%EA%B2%A9%EC%9D%B8%EC%A6%9D%EB%8C%80%EC%83%81.pdf / [서식] 중소벤처기업 지식재산권 및 해외인증 지원사업 참가기업 모집 공고.hwp: 400 Client Error: Bad Request for url: https://www.bizinfo.go.kr/sii/siia/%5B%EC%84%9C%EC%8B%9D%5D%20%EC%A4%91%EC%86%8C%EB%B2%A4%EC%B2%98%EA%B8%B0%EC%97%85%20%EC%A7%80%EC%8B%9D%EC%9E%AC%EC%82%B0%EA%B6%8C%20%EB%B0%8F%20%ED%95%B4%EC%99%B8%EC%9D%B8%EC%A6%9D%20%EC%A7%80%EC%9B%90%EC%82%AC%EC%97%85%20%EC%B0%B8%EA%B0%80%EA%B8%B0%EC%97%85%20%EB%AA%A8%EC%A7%91%20%EA%B3%B5%EA%B3%A0.hwp / 202602051127090432.hwp: 404 Client Error: Not Found for url: https://www.bizinfo.go.kr/sii/siia/202602051127090432.hwp,https://www.bizinfo.go.kr/sii/siia/selectSIIA200Detail.do?pblancId=PBLN_000000000118245
PBLN_000000000118395,[경기] 2026년 기술닥터사업 공고,경기도,fetched,url,needs_review,large_amount_delta,기존 금액과 새 대표금액 차이가 큼,"amount_delta_20_percent:old=500,new=2000",500.0,support_amount,subtract,14,2000.0,support_amount,subtract,0.8,2043,15035,2026-375_★기술닥터사업 표준서식.hwpx: 400 Client Error: Bad Request for url: https://www.bizinfo.go.kr/sii/siia/2026-375_%E2%98%85%EA%B8%B0%EC%88%A0%EB%8B%A5%ED%84%B0%EC%82%AC%EC%97%85%20%ED%91%9C%EC%A4%80%EC%84%9C%EC%8B%9D.hwpx / 202602101457110034.hwpx: 404 Client Error: Not Found for url: https://www.bizinfo.go.kr/sii/siia/202602101457110034.hwpx / 2026-375_★2026년 기술닥터사업 공고문.hwp: 400 Client Error: Bad Request for url: https://www.bizinfo.go.kr/sii/siia/2026-375_%E2%98%852026%EB%85%84%20%EA%B8%B0%EC%88%A0%EB%8B%A5%ED%84%B0%EC%82%AC%EC%97%85%20%EA%B3%B5%EA%B3%A0%EB%AC%B8.hwp / 202602101457070158.hwp: 404 Client Error: Not Found for url: https://www.bizinfo.go.kr/sii/siia/202602101457070158.hwp,https://www.bizinfo.go.kr/sii/siia/selectSIIA200Detail.do?pblancId=PBLN_000000000118395
PBLN_000000000119206,[충남] 아산시 2026년 해외마케팅 지원사업 참가기업 모집 공고,충청남도,fetched,url,needs_review,subtract_without_limit_context | large_amount_delta,직접 차감 후보이나 기업당/한도 문맥이 부족함 | 기존 금액과 새 대표금액 차이가 큼,"amount_delta_20_percent:old=400,new=10000",400.0,subsidy,subtract,11,10000.0,subsidy,subtract,0.8,1978,12775,2026년 아산시 해외마케팅 지원사업 참가기업 모집 공고문.hwpx: 400 Client Error: Bad Request for url: https://www.bizinfo.go.kr/sii/siia/2026%EB%85%84%20%EC%95%84%EC%82%B0%EC%8B%9C%20%ED%95%B4%EC%99%B8%EB%A7%88%EC%BC%80%ED%8C%85%20%EC%A7%80%EC%9B%90%EC%82%AC%EC%97%85%20%EC%B0%B8%EA%B0%80%EA%B8%B0%EC%97%85%20%EB%AA%A8%EC%A7%91%20%EA%B3%B5%EA%B3%A0%EB%AC%B8.hwpx / 2026년 아산시 해외마케팅 지원사업 참가신청서.hwpx: 400 Client Error: Bad Request for url: https://www.bizinfo.go.kr/sii/siia/2026%EB%85%84%20%EC%95%84%EC%82%B0%EC%8B%9C%20%ED%95%B4%EC%99%B8%EB%A7%88%EC%BC%80%ED%8C%85%20%EC%A7%80%EC%9B%90%EC%82%AC%EC%97%85%20%EC%B0%B8%EA%B0%80%EC%8B%A0%EC%B2%AD%EC%84%9C.hwpx / 지방보조금 공모사업 신청서(해외마케팅 지원사업).hwpx: 400 Client Error: Bad Request for url: https://www.bizinfo.go.kr/sii/siia/%EC%A7%80%EB%B0%A9%EB%B3%B4%EC%A1%B0%EA%B8%88%20%EA%B3%B5%EB%AA%A8%EC%82%AC%EC%97%85%20%EC%8B%A0%EC%B2%AD%EC%84%9C(%ED%95%B4%EC%99%B8%EB%A7%88%EC%BC%80%ED%8C%85%20%EC%A7%80%EC%9B%90%EC%82%AC%EC%97%85).hwpx / 202603061312370110.hwpx: 404 Client Error: Not Found for url: https://www.bizinfo.go.kr/sii/siia/202603061312370110.hwpx / 202603061312440949.hwpx: 404 Client Error: Not Found for url: https://www.bizinfo.go.kr/sii/siia/202603061312440949.hwpx / 202603061312450066.hwpx: 404 Client Error: Not Found for url: https://www.bizinfo.go.kr/sii/siia/202603061312450066.hwpx,https://www.bizinfo.go.kr/sii/siia/selectSIIA200Detail.do?pblancId=PBLN_000000000119206
PBLN_000000000119454,[경기] 평택시 2026년 국내외 지식재산 권리화 지원사업 모집 공고,경기도,fetched,url,needs_review,large_amount_delta,기존 금액과 새 대표금액 차이가 큼,"amount_delta_20_percent:old=0,new=150",0.0,support_amount,subtract,4,150.0,support_amount,subtract,0.8,2136,10244,(붙임1) 2026년도 ｢국내외 지식재산 권리화 지원사업｣ 모집공고.pdf: 400 Client Error: Bad Request for url: https://www.bizinfo.go.kr/sii/siia/(%EB%B6%99%EC%9E%841)%202026%EB%85%84%EB%8F%84%20%EF%BD%A2%EA%B5%AD%EB%82%B4%EC%99%B8%20%EC%A7%80%EC%8B%9D%EC%9E%AC%EC%82%B0%20%EA%B6%8C%EB%A6%AC%ED%99%94%20%EC%A7%80%EC%9B%90%EC%82%AC%EC%97%85%EF%BD%A3%20%EB%AA%A8%EC%A7%91%EA%B3%B5%EA%B3%A0.pdf / 202603130952200149.pdf: 404 Client Error: Not Found for url: https://www.bizinfo.go.kr/sii/siia/202603130952200149.pdf / (붙임2) 2026년도 국내외 지식재산 권리화 지원사업 신청서식..hwp: 400 Client Error: Bad Request for url: https://www.bizinfo.go.kr/sii/siia/(%EB%B6%99%EC%9E%842)%202026%EB%85%84%EB%8F%84%20%EA%B5%AD%EB%82%B4%EC%99%B8%20%EC%A7%80%EC%8B%9D%EC%9E%AC%EC%82%B0%20%EA%B6%8C%EB%A6%AC%ED%99%94%20%EC%A7%80%EC%9B%90%EC%82%AC%EC%97%85%20%EC%8B%A0%EC%B2%AD%EC%84%9C%EC%8B%9D..hwp / 202603130952280406.hwp: 404 Client Error: Not Found for url: https://www.bizinfo.go.kr/sii/siia/202603130952280406.hwp,https://www.bizinfo.go.kr/sii/siia/selectSIIA200Detail.do?pblancId=PBLN_000000000119454
PBLN_000000000119836,[전남광주] 2026년 상반기 구조고도화자금 지원 계획 공고,전남광주통합특별시,fetched,url,needs_review,large_amount_delta,기존 금액과 새 대표금액 차이가 큼,"amount_delta_20_percent:old=3e+06,new=1e+06",3000000.0,support_amount,subtract,9,1000000.0,support_amount,subtract,0.1,1569,15872,공고문_2026년도 상반기 구조고도화자금 지원.pdf: 400 Client Error: Bad Request for url: https://www.bizinfo.go.kr/sii/siia/%EA%B3%B5%EA%B3%A0%EB%AC%B8_2026%EB%85%84%EB%8F%84%20%EC%83%81%EB%B0%98%EA%B8%B0%20%EA%B5%AC%EC%A1%B0%EA%B3%A0%EB%8F%84%ED%99%94%EC%9E%90%EA%B8%88%20%EC%A7%80%EC%9B%90.pdf / 202603231509200228.pdf: 404 Client Error: Not Found for url: https://www.bizinfo.go.kr/sii/siia/202603231509200228.pdf / 신청서식_2026년도 상반기 구조고도화자금 지원.hwp: 400 Client Error: Bad Request for url: https://www.bizinfo.go.kr/sii/siia/%EC%8B%A0%EC%B2%AD%EC%84%9C%EC%8B%9D_2026%EB%85%84%EB%8F%84%20%EC%83%81%EB%B0%98%EA%B8%B0%20%EA%B5%AC%EC%A1%B0%EA%B3%A0%EB%8F%84%ED%99%94%EC%9E%90%EA%B8%88%20%EC%A7%80%EC%9B%90.hwp / 202603231509150389.hwp: 404 Client Error: Not Found for url: https://www.bizinfo.go.kr/sii/siia/202603231509150389.hwp,https://www.bizinfo.go.kr/sii/siia/selectSIIA200Detail.do?pblancId=PBLN_000000000119836
PBLN_000000000119957,[부산] 기계ㆍ부품ㆍ철강산업 숙련기술자 고용안정 지원사업 참여 기업 및 참여자 모집 공고,부산광역시,fetched,url,needs_review,large_amount_delta,기존 금액과 새 대표금액 차이가 큼,"amount_delta_20_percent:old=750,new=2250",750.0,support_amount,subtract,14,2250.0,support_amount,subtract,,1765,12064,[공고문] 부산 기계·부품·철강산업 숙련기술자 고용안정 지원사업.hwp: 400 Client Error: Bad Request for url: https://www.bizinfo.go.kr/sii/siia/%5B%EA%B3%B5%EA%B3%A0%EB%AC%B8%5D%20%EB%B6%80%EC%82%B0%20%EA%B8%B0%EA%B3%84%C2%B7%EB%B6%80%ED%92%88%C2%B7%EC%B2%A0%EA%B0%95%EC%82%B0%EC%97%85%20%EC%88%99%EB%A0%A8%EA%B8%B0%EC%88%A0%EC%9E%90%20%EA%B3%A0%EC%9A%A9%EC%95%88%EC%A0%95%20%EC%A7%80%EC%9B%90%EC%82%AC%EC%97%85.hwp / 202603251529010839.hwp: 404 Client Error: Not Found for url: https://www.bizinfo.go.kr/sii/siia/202603251529010839.hwp,https://www.bizinfo.go.kr/sii/siia/selectSIIA200Detail.do?pblancId=PBLN_000000000119957
PBLN_000000000120012,[경기] 2026년 공동활용 연구장비 사용료 지원 기업 모집 공고,경기도,fetched,url,needs_review,large_amount_delta,기존 금액과 새 대표금액 차이가 큼,"amount_delta_20_percent:old=10000,new=500",10000.0,support_amount,subtract,10,500.0,support_amount,subtract,0.2,2163,17030,2026-694_(공고문) 2026년 경기도 공동활용 연구장비 사용료 지원 기업 모집공고+.pdf: 400 Client Error: Bad Request for url: https://www.bizinfo.go.kr/sii/siia/2026-694_(%EA%B3%B5%EA%B3%A0%EB%AC%B8)%202026%EB%85%84%20%EA%B2%BD%EA%B8%B0%EB%8F%84%20%EA%B3%B5%EB%8F%99%ED%99%9C%EC%9A%A9%20%EC%97%B0%EA%B5%AC%EC%9E%A5%EB%B9%84%20%EC%82%AC%EC%9A%A9%EB%A3%8C%20%EC%A7%80%EC%9B%90%20%EA%B8%B0%EC%97%85%20%EB%AA%A8%EC%A7%91%EA%B3%B5%EA%B3%A0+.pdf / 202603261514390494.pdf: 404 Client Error: Not Found for url: https://www.bizinfo.go.kr/sii/siia/202603261514390494.pdf / 2026-694_[서식1-9] 경기도 공동활용 연구장비 사용료 지원 신청서 및 관련 서류.hwpx: 400 Client Error: Bad Request for url: https://www.bizinfo.go.kr/sii/siia/2026-694_%5B%EC%84%9C%EC%8B%9D1-9%5D%20%EA%B2%BD%EA%B8%B0%EB%8F%84%20%EA%B3%B5%EB%8F%99%ED%99%9C%EC%9A%A9%20%EC%97%B0%EA%B5%AC%EC%9E%A5%EB%B9%84%20%EC%82%AC%EC%9A%A9%EB%A3%8C%20%EC%A7%80%EC%9B%90%20%EC%8B%A0%EC%B2%AD%EC%84%9C%20%EB%B0%8F%20%EA%B4%80%EB%A0%A8%20%EC%84%9C%EB%A5%98.hwpx / 202603261513240903.hwpx: 404 Client Error: Not Found for url: https://www.bizinfo.go.kr/sii/siia/202603261513240903.hwpx,https://www.bizinfo.go.kr/sii/siia/selectSIIA200Detail.do?pblancId=PBLN_000000000120012
PBLN_000000000120123,2026년 금융 테스트베드 참여기업 테스트비용 지원 공고,금융위원회,fetched,url,needs_review,large_amount_delta,기존 금액과 새 대표금액 차이가 큼,"type_changed:support_amount->subsidy | amount_delta_20_percent:old=15000,new=12000",15000.0,support_amount,subtract,7,12000.0,subsidy,subtract,1.0,1794,20658,2026년 금융 테스트베드 참여기업 테스트비용 지원 공고.pdf: 400 Client Error: Bad Request for url: https://www.bizinfo.go.kr/sii/siia/2026%EB%85%84%20%EA%B8%88%EC%9C%B5%20%ED%85%8C%EC%8A%A4%ED%8A%B8%EB%B2%A0%EB%93%9C%20%EC%B0%B8%EC%97%AC%EA%B8%B0%EC%97%85%20%ED%85%8C%EC%8A%A4%ED%8A%B8%EB%B9%84%EC%9A%A9%20%EC%A7%80%EC%9B%90%20%EA%B3%B5%EA%B3%A0.pdf / 202603301357370478.pdf: 404 Client Error: Not Found for url: https://www.bizinfo.go.kr/sii/siia/202603301357370478.pdf / (양식)테스트비용 예산 계획서.xlsx: 400 Client Error: Bad Request for url: https://www.bizinfo.go.kr/sii/siia/(%EC%96%91%EC%8B%9D)%ED%85%8C%EC%8A%A4%ED%8A%B8%EB%B9%84%EC%9A%A9%20%EC%98%88%EC%82%B0%20%EA%B3%84%ED%9A%8D%EC%84%9C.xlsx / 202603301357270805.xlsx: 404 Client Error: Not Found for url: https://www.bizinfo.go.kr/sii/siia/202603301357270805.xlsx / (양식)테스트비용 지원 신청서.hwp: 400 Client Error: Bad Request for url: https://www.bizinfo.go.kr/sii/siia/(%EC%96%91%EC%8B%9D)%ED%85%8C%EC%8A%A4%ED%8A%B8%EB%B9%84%EC%9A%A9%20%EC%A7%80%EC%9B%90%20%EC%8B%A0%EC%B2%AD%EC%84%9C.hwp / (양식)참여인력 업무수행 계획서.hwp: 400 Client Error: Bad Request for url: https://www.bizinfo.go.kr/sii/siia/(%EC%96%91%EC%8B%9D)%EC%B0%B8%EC%97%AC%EC%9D%B8%EB%A0%A5%20%EC%97%85%EB%AC%B4%EC%88%98%ED%96%89%20%EA%B3%84%ED%9A%8D%EC%84%9C.hwp / 202603301357270702.hwp: 404 Client Error: Not Found for url: https://www.bizinfo.go.kr/sii/siia/202603301357270702.hwp / 202603301357270886.hwp: 404 Client Error: Not Found for url: https://www.bizinfo.go.kr/sii/siia/202603301357270886.hwp / (양식)참여인력 업무수행 계획서.hwp: HWP extraction quality_failed,https://www.bizinfo.go.kr/sii/siia/selectSIIA200Detail.do?pblancId=PBLN_000000000120123
PBLN_000000000120498,[경기] 화성시 2026년 GAP 안정성 분석 지원사업 신청 공고,경기도,fetched,url,needs_review,large_amount_delta,기존 금액과 새 대표금액 차이가 큼,"type_changed:subsidy->support_amount | amount_delta_20_percent:old=19,new=24.4",19.0,subsidy,subtract,8,24.4,support_amount,subtract,1.0,2377,21510,(사업지침서) 2026년 GAP 안전성 분석 지원.pdf: 400 Client Error: Bad Request for url: https://www.bizinfo.go.kr/sii/siia/(%EC%82%AC%EC%97%85%EC%A7%80%EC%B9%A8%EC%84%9C)%202026%EB%85%84%20GAP%20%EC%95%88%EC%A0%84%EC%84%B1%20%EB%B6%84%EC%84%9D%20%EC%A7%80%EC%9B%90.pdf / 202604071443320264.pdf: 404 Client Error: Not Found for url: https://www.bizinfo.go.kr/sii/siia/202604071443320264.pdf / 202604071443320479.hwpx: 404 Client Error: Not Found for url: https://www.bizinfo.go.kr/sii/siia/202604071443320479.hwpx / [참고] 농산물의 잔류농약 등 항목별 검사수수료.hwpx: 400 Client Error: Bad Request for url: https://www.bizinfo.go.kr/sii/siia/%5B%EC%B0%B8%EA%B3%A0%5D%20%EB%86%8D%EC%82%B0%EB%AC%BC%EC%9D%98%20%EC%9E%94%EB%A5%98%EB%86%8D%EC%95%BD%20%EB%93%B1%20%ED%95%AD%EB%AA%A9%EB%B3%84%20%EA%B2%80%EC%82%AC%EC%88%98%EC%88%98%EB%A3%8C.hwpx / GAP 안전성 분석 지원사업 보조금 청구서식.hwp: 400 Client Error: Bad Request for url: https://www.bizinfo.go.kr/sii/siia/GAP%20%EC%95%88%EC%A0%84%EC%84%B1%20%EB%B6%84%EC%84%9D%20%EC%A7%80%EC%9B%90%EC%82%AC%EC%97%85%20%EB%B3%B4%EC%A1%B0%EA%B8%88%20%EC%B2%AD%EA%B5%AC%EC%84%9C%EC%8B%9D.hwp / 공고1405호 2026 GAP 안전성 분석지원사업 신청 공고.hwp: 400 Client Error: Bad Request for url: https://www.bizinfo.go.kr/sii/siia/%EA%B3%B5%EA%B3%A01405%ED%98%B8%202026%20GAP%20%EC%95%88%EC%A0%84%EC%84%B1%20%EB%B6%84%EC%84%9D%EC%A7%80%EC%9B%90%EC%82%AC%EC%97%85%20%EC%8B%A0%EC%B2%AD%20%EA%B3%B5%EA%B3%A0.hwp / 202604071443320548.hwp: 404 Client Error: Not Found for url: https://www.bizinfo.go.kr/sii/siia/202604071443320548.hwp / 202604071443360220.hwp: 404 Client Error: Not Found for url: https://www.bizinfo.go.kr/sii/siia/202604071443360220.hwp,https://www.bizinfo.go.kr/sii/siia/selectSIIA200Detail.do?pblancId=PBLN_000000000120498
PBLN_000000000120600,[경북] 김천시 2026년 기술주치의119지원사업 공고,경상북도,fetched,url,needs_review,large_amount_delta,기존 금액과 새 대표금액 차이가 큼,"amount_delta_20_percent:old=200000,new=1500",200000.0,support_amount,subtract,13,1500.0,support_amount,subtract,1.0,2196,20019,붙임2. 2026년도 김천시 기술주치의119지원사업 공고(안).hwp: 400 Client Error: Bad Request for url: https://www.bizinfo.go.kr/sii/siia/%EB%B6%99%EC%9E%842.%202026%EB%85%84%EB%8F%84%20%EA%B9%80%EC%B2%9C%EC%8B%9C%20%EA%B8%B0%EC%88%A0%EC%A3%BC%EC%B9%98%EC%9D%98119%EC%A7%80%EC%9B%90%EC%82%AC%EC%97%85%20%EA%B3%B5%EA%B3%A0(%EC%95%88).hwp / 붙임3. 현장애로기술지원 신청서 및 결과보고서 서식_.hwp: 400 Client Error: Bad Request for url: https://www.bizinfo.go.kr/sii/siia/%EB%B6%99%EC%9E%843.%20%ED%98%84%EC%9E%A5%EC%95%A0%EB%A1%9C%EA%B8%B0%EC%88%A0%EC%A7%80%EC%9B%90%20%EC%8B%A0%EC%B2%AD%EC%84%9C%20%EB%B0%8F%20%EA%B2%B0%EA%B3%BC%EB%B3%B4%EA%B3%A0%EC%84%9C%20%EC%84%9C%EC%8B%9D_.hwp / 붙임4. 중기애로기술지원 신청서.hwp: 400 Client Error: Bad Request for url: https://www.bizinfo.go.kr/sii/siia/%EB%B6%99%EC%9E%844.%20%EC%A4%91%EA%B8%B0%EC%95%A0%EB%A1%9C%EA%B8%B0%EC%88%A0%EC%A7%80%EC%9B%90%20%EC%8B%A0%EC%B2%AD%EC%84%9C.hwp / 붙임5. 기술주치의 모집 및 등록 신청서.hwp: 400 Client Error: Bad Request for url: https://www.bizinfo.go.kr/sii/siia/%EB%B6%99%EC%9E%845.%20%EA%B8%B0%EC%88%A0%EC%A3%BC%EC%B9%98%EC%9D%98%20%EB%AA%A8%EC%A7%91%20%EB%B0%8F%20%EB%93%B1%EB%A1%9D%20%EC%8B%A0%EC%B2%AD%EC%84%9C.hwp / 202604091337130891.hwp: 404 Client Error: Not Found for url: https://www.bizinfo.go.kr/sii/siia/202604091337130891.hwp / 202604091337140009.hwp: 404 Client Error: Not Found for url: https://www.bizinfo.go.kr/sii/siia/202604091337140009.hwp / 202604091337140103.hwp: 404 Client Error: Not Found for url: https://www.bizinfo.go.kr/sii/siia/202604091337140103.hwp / 202604091337370647.hwp: 404 Client Error: Not Found for url: https://www.bizinfo.go.kr/sii/siia/202604091337370647.hwp,https://www.bizinfo.go.kr/sii/siia/selectSIIA200Detail.do?pblancId=PBLN_000000000120600
PBLN_000000000120673,2026년 다공성 탄소소재 기반 환경소재 및 부품개발 기반구축 사업 수혜기업 지원(시제품 제작 및 기술지도) 사업 공고,산업통상부,fetched,url,needs_review,large_amount_delta,기존 금액과 새 대표금액 차이가 큼,"amount_delta_20_percent:old=50,new=1000",50.0,support_amount,subtract,5,1000.0,support_amount,subtract,,2223,7937,[2026-10]_2026년_다공성_탄소소재_기반구축_사업_수혜기업_시제품_제작_및_기술지도_지원_사업_공고문.hwp: 400 Client Error: Bad Request for url: https://www.bizinfo.go.kr/sii/siia/%5B2026-10%5D_2026%EB%85%84_%EB%8B%A4%EA%B3%B5%EC%84%B1_%ED%83%84%EC%86%8C%EC%86%8C%EC%9E%AC_%EA%B8%B0%EB%B0%98%EA%B5%AC%EC%B6%95_%EC%82%AC%EC%97%85_%EC%88%98%ED%98%9C%EA%B8%B0%EC%97%85_%EC%8B%9C%EC%A0%9C%ED%92%88_%EC%A0%9C%EC%9E%91_%EB%B0%8F_%EA%B8%B0%EC%88%A0%EC%A7%80%EB%8F%84_%EC%A7%80%EC%9B%90_%EC%82%AC%EC%97%85_%EA%B3%B5%EA%B3%A0%EB%AC%B8.hwp / 붙임_지원신청서2026_양식.hwp: 400 Client Error: Bad Request for url: https://www.bizinfo.go.kr/sii/siia/%EB%B6%99%EC%9E%84_%EC%A7%80%EC%9B%90%EC%8B%A0%EC%B2%AD%EC%84%9C2026_%EC%96%91%EC%8B%9D.hwp / 202604101402290946.hwp: 404 Client Error: Not Found for url: https://www.bizinfo.go.kr/sii/siia/202604101402290946.hwp / 202604101402330065.hwp: 404 Client Error: Not Found for url: https://www.bizinfo.go.kr/sii/siia/202604101402330065.hwp / test.hwp: 404 Client Error: Not Found for url: https://www.bizinfo.go.kr/sii/siia/test.hwp,https://www.bizinfo.go.kr/sii/siia/selectSIIA200Detail.do?pblancId=PBLN_000000000120673
PBLN_000000000120780,2026년 통상변화대응지원사업 참여기업 모집 공고,산업통상부,fetched,url,needs_review,large_amount_delta,기존 금액과 새 대표금액 차이가 큼,"amount_delta_20_percent:old=1e+06,new=2000",1000000.0,support_amount,subtract,22,2000.0,support_amount,subtract,0.02,1896,12062,(공고문) 2026년_통상변화대응지원사업_참여기업_모집_공고.hwpx: 400 Client Error: Bad Request for url: https://www.bizinfo.go.kr/sii/siia/(%EA%B3%B5%EA%B3%A0%EB%AC%B8)%202026%EB%85%84_%ED%86%B5%EC%83%81%EB%B3%80%ED%99%94%EB%8C%80%EC%9D%91%EC%A7%80%EC%9B%90%EC%82%AC%EC%97%85_%EC%B0%B8%EC%97%AC%EA%B8%B0%EC%97%85_%EB%AA%A8%EC%A7%91_%EA%B3%B5%EA%B3%A0.hwpx / 202604141347550159.hwpx: 404 Client Error: Not Found for url: https://www.bizinfo.go.kr/sii/siia/202604141347550159.hwpx,https://www.bizinfo.go.kr/sii/siia/selectSIIA200Detail.do?pblancId=PBLN_000000000120780
PBLN_000000000120845,2026년 하반기 중소기업기술혁신개발사업 유망기술개발(구조혁신R&D) 시행계획 공고,중소벤처기업부,fetched,url,needs_review,large_amount_delta,기존 금액과 새 대표금액 차이가 큼,"type_changed:subsidy->support_amount | amount_delta_20_percent:old=48000,new=200000",48000.0,subsidy,subtract,38,200000.0,support_amount,subtract,0.75,2470,14080,2026년_중소기업기술혁신개발사업_유망기술개발(구조혁신R&D)_시행계획_공고.pdf: 400 Client Error: Bad Request for url: https://www.bizinfo.go.kr/sii/siia/2026%EB%85%84_%EC%A4%91%EC%86%8C%EA%B8%B0%EC%97%85%EA%B8%B0%EC%88%A0%ED%98%81%EC%8B%A0%EA%B0%9C%EB%B0%9C%EC%82%AC%EC%97%85_%EC%9C%A0%EB%A7%9D%EA%B8%B0%EC%88%A0%EA%B0%9C%EB%B0%9C(%EA%B5%AC%EC%A1%B0%ED%98%81%EC%8B%A0R&D)_%EC%8B%9C%ED%96%89%EA%B3%84%ED%9A%8D_%EA%B3%B5%EA%B3%A0.pdf / 202604151515330848.pdf: 404 Client Error: Not Found for url: https://www.bizinfo.go.kr/sii/siia/202604151515330848.pdf / 2026년_중소기업기술혁신개발사업_유망기술개발(구조혁신R&D)_시행계획_공고.hwpx: 400 Client Error: Bad Request for url: https://www.bizinfo.go.kr/sii/siia/2026%EB%85%84_%EC%A4%91%EC%86%8C%EA%B8%B0%EC%97%85%EA%B8%B0%EC%88%A0%ED%98%81%EC%8B%A0%EA%B0%9C%EB%B0%9C%EC%82%AC%EC%97%85_%EC%9C%A0%EB%A7%9D%EA%B8%B0%EC%88%A0%EA%B0%9C%EB%B0%9C(%EA%B5%AC%EC%A1%B0%ED%98%81%EC%8B%A0R&D)_%EC%8B%9C%ED%96%89%EA%B3%84%ED%9A%8D_%EA%B3%B5%EA%B3%A0.hwpx / 202604151516570335.hwpx: 404 Client Error: Not Found for url: https://www.bizinfo.go.kr/sii/siia/202604151516570335.hwpx,https://www.bizinfo.go.kr/sii/siia/selectSIIA200Detail.do?pblancId=PBLN_000000000120845
PBLN_000000000120865,2026년 한ㆍ이스라엘 국제공동기술개발사업 신규 과제 통합 공고,산업통상부,fetched,url,needs_review,large_amount_delta,기존 금액과 새 대표금액 차이가 큼,"amount_delta_20_percent:old=168000,new=420000",168000.0,support_amount,subtract,39,420000.0,support_amount,subtract,0.3,2915,24124,2026년도 한·이스라엘 국제공동기술개발사업 신규 과제 통합 공고.pdf: 400 Client Error: Bad Request for url: https://www.bizinfo.go.kr/sii/siia/2026%EB%85%84%EB%8F%84%20%ED%95%9C%C2%B7%EC%9D%B4%EC%8A%A4%EB%9D%BC%EC%97%98%20%EA%B5%AD%EC%A0%9C%EA%B3%B5%EB%8F%99%EA%B8%B0%EC%88%A0%EA%B0%9C%EB%B0%9C%EC%82%AC%EC%97%85%20%EC%8B%A0%EA%B7%9C%20%EA%B3%BC%EC%A0%9C%20%ED%86%B5%ED%95%A9%20%EA%B3%B5%EA%B3%A0.pdf / 202604161111240809.pdf: 404 Client Error: Not Found for url: https://www.bizinfo.go.kr/sii/siia/202604161111240809.pdf / 2026년도 한이스라엘 국제공동기술개발사업 통합 공고.hwpx: 400 Client Error: Bad Request for url: https://www.bizinfo.go.kr/sii/siia/2026%EB%85%84%EB%8F%84%20%ED%95%9C%EC%9D%B4%EC%8A%A4%EB%9D%BC%EC%97%98%20%EA%B5%AD%EC%A0%9C%EA%B3%B5%EB%8F%99%EA%B8%B0%EC%88%A0%EA%B0%9C%EB%B0%9C%EC%82%AC%EC%97%85%20%ED%86%B5%ED%95%A9%20%EA%B3%B5%EA%B3%A0.hwpx / 202604161111300419.hwpx: 404 Client Error: Not Found for url: https://www.bizinfo.go.kr/sii/siia/202604161111300419.hwpx,https://www.bizinfo.go.kr/sii/siia/selectSIIA200Detail.do?pblancId=PBLN_000000000120865
PBLN_000000000120866,2026년 부산형 SiC 전력반도체 연구플랫폼 활성화 지원사업 기업지원 모집 공고,부산광역시,fetched,url,needs_review,large_amount_delta,기존 금액과 새 대표금액 차이가 큼,"amount_delta_20_percent:old=100,new=2200",100.0,support_amount,subtract,23,2200.0,support_amount,subtract,0.2,2247,17602,붙임.+(부산형+연구플랫폼+활성화지원)+기업지원+모집+공고문(안)_+.pdf: 400 Client Error: Bad Request for url: https://www.bizinfo.go.kr/sii/siia/%EB%B6%99%EC%9E%84.+(%EB%B6%80%EC%82%B0%ED%98%95+%EC%97%B0%EA%B5%AC%ED%94%8C%EB%9E%AB%ED%8F%BC+%ED%99%9C%EC%84%B1%ED%99%94%EC%A7%80%EC%9B%90)+%EA%B8%B0%EC%97%85%EC%A7%80%EC%9B%90+%EB%AA%A8%EC%A7%91+%EA%B3%B5%EA%B3%A0%EB%AC%B8(%EC%95%88)_+.pdf / 202604161114140351.pdf: 404 Client Error: Not Found for url: https://www.bizinfo.go.kr/sii/siia/202604161114140351.pdf / 붙임.+(부산형+연구플랫폼+활성화지원)+기업지원+모집+공고문(안)_.hwp: 400 Client Error: Bad Request for url: https://www.bizinfo.go.kr/sii/siia/%EB%B6%99%EC%9E%84.+(%EB%B6%80%EC%82%B0%ED%98%95+%EC%97%B0%EA%B5%AC%ED%94%8C%EB%9E%AB%ED%8F%BC+%ED%99%9C%EC%84%B1%ED%99%94%EC%A7%80%EC%9B%90)+%EA%B8%B0%EC%97%85%EC%A7%80%EC%9B%90+%EB%AA%A8%EC%A7%91+%EA%B3%B5%EA%B3%A0%EB%AC%B8(%EC%95%88)_.hwp / 202604161114190133.hwp: 404 Client Error: Not Found for url: https://www.bizinfo.go.kr/sii/siia/202604161114190133.hwp,https://www.bizinfo.go.kr/sii/siia/selectSIIA200Detail.do?pblancId=PBLN_000000000120866
PBLN_000000000120933,[경기] 시흥시 2026년 대야기계장비 소공인특화지원센터 자율사업 통합 모집 공고,경기도,fetched,url,needs_review,large_amount_delta,기존 금액과 새 대표금액 차이가 큼,"amount_delta_20_percent:old=300,new=700",300.0,support_amount,subtract,27,700.0,support_amount,subtract,,2095,15230,26년 대야기계장비 소공인특화지원센터 자율사업 통합 모집공고+.pdf: 400 Client Error: Bad Request for url: https://www.bizinfo.go.kr/sii/siia/26%EB%85%84%20%EB%8C%80%EC%95%BC%EA%B8%B0%EA%B3%84%EC%9E%A5%EB%B9%84%20%EC%86%8C%EA%B3%B5%EC%9D%B8%ED%8A%B9%ED%99%94%EC%A7%80%EC%9B%90%EC%84%BC%ED%84%B0%20%EC%9E%90%EC%9C%A8%EC%82%AC%EC%97%85%20%ED%86%B5%ED%95%A9%20%EB%AA%A8%EC%A7%91%EA%B3%B5%EA%B3%A0+.pdf / 202604171613030152.pdf: 404 Client Error: Not Found for url: https://www.bizinfo.go.kr/sii/siia/202604171613030152.pdf / 26년 대야기계장비 소공인특화지원센터 자율사업 통합 모집공고.hwp: 400 Client Error: Bad Request for url: https://www.bizinfo.go.kr/sii/siia/26%EB%85%84%20%EB%8C%80%EC%95%BC%EA%B8%B0%EA%B3%84%EC%9E%A5%EB%B9%84%20%EC%86%8C%EA%B3%B5%EC%9D%B8%ED%8A%B9%ED%99%94%EC%A7%80%EC%9B%90%EC%84%BC%ED%84%B0%20%EC%9E%90%EC%9C%A8%EC%82%AC%EC%97%85%20%ED%86%B5%ED%95%A9%20%EB%AA%A8%EC%A7%91%EA%B3%B5%EA%B3%A0.hwp / 202604171341010654.hwp: 404 Client Error: Not Found for url: https://www.bizinfo.go.kr/sii/siia/202604171341010654.hwp,https://www.bizinfo.go.kr/sii/siia/selectSIIA200Detail.do?pblancId=PBLN_000000000120933
PBLN_000000000121028,[울산] 2026년 상반기 산업안전보건 국제표준 인증기업 지원사업 시행 공고,울산광역시,fetched,url,needs_review,large_amount_delta,기존 금액과 새 대표금액 차이가 큼,"amount_delta_20_percent:old=200,new=300",200.0,support_amount,subtract,27,300.0,support_amount,subtract,0.5,2320,7938,산업안전보건 국제표준 인증기업 지원사업 신청서식.pdf: 400 Client Error: Bad Request for url: https://www.bizinfo.go.kr/sii/siia/%EC%82%B0%EC%97%85%EC%95%88%EC%A0%84%EB%B3%B4%EA%B1%B4%20%EA%B5%AD%EC%A0%9C%ED%91%9C%EC%A4%80%20%EC%9D%B8%EC%A6%9D%EA%B8%B0%EC%97%85%20%EC%A7%80%EC%9B%90%EC%82%AC%EC%97%85%20%EC%8B%A0%EC%B2%AD%EC%84%9C%EC%8B%9D.pdf / 202604201448030364.pdf: 404 Client Error: Not Found for url: https://www.bizinfo.go.kr/sii/siia/202604201448030364.pdf / 산업안전보건 국제표준 인증기업 지원사업 공고(안).hwp: 400 Client Error: Bad Request for url: https://www.bizinfo.go.kr/sii/siia/%EC%82%B0%EC%97%85%EC%95%88%EC%A0%84%EB%B3%B4%EA%B1%B4%20%EA%B5%AD%EC%A0%9C%ED%91%9C%EC%A4%80%20%EC%9D%B8%EC%A6%9D%EA%B8%B0%EC%97%85%20%EC%A7%80%EC%9B%90%EC%82%AC%EC%97%85%20%EA%B3%B5%EA%B3%A0(%EC%95%88).hwp / 산업안전보건 국제표준 인증기업 지원사업 신청서식.hwp: 400 Client Error: Bad Request for url: https://www.bizinfo.go.kr/sii/siia/%EC%82%B0%EC%97%85%EC%95%88%EC%A0%84%EB%B3%B4%EA%B1%B4%20%EA%B5%AD%EC%A0%9C%ED%91%9C%EC%A4%80%20%EC%9D%B8%EC%A6%9D%EA%B8%B0%EC%97%85%20%EC%A7%80%EC%9B%90%EC%82%AC%EC%97%85%20%EC%8B%A0%EC%B2%AD%EC%84%9C%EC%8B%9D.hwp / 202604201445480972.hwp: 404 Client Error: Not Found for url: https://www.bizinfo.go.kr/sii/siia/202604201445480972.hwp / 202604201446420021.hwp: 404 Client Error: Not Found for url: https://www.bizinfo.go.kr/sii/siia/202604201446420021.hwp,https://www.bizinfo.go.kr/sii/siia/selectSIIA200Detail.do?pblancId=PBLN_000000000121028
PBLN_000000000121194,[경남] 고성군 2026년 지역지식재산창출 지원사업 공고,경상남도,fetched,url,needs_review,large_amount_delta,기존 금액과 새 대표금액 차이가 큼,"type_changed:subsidy->support_amount | amount_delta_20_percent:old=130,new=90",130.0,subsidy,subtract,5,90.0,support_amount,subtract,0.9,2175,1797,2026년 고성군 지역지식재산창출 지원사업 공고문.pdf: 400 Client Error: Bad Request for url: https://www.bizinfo.go.kr/sii/siia/2026%EB%85%84%20%EA%B3%A0%EC%84%B1%EA%B5%B0%20%EC%A7%80%EC%97%AD%EC%A7%80%EC%8B%9D%EC%9E%AC%EC%82%B0%EC%B0%BD%EC%B6%9C%20%EC%A7%80%EC%9B%90%EC%82%AC%EC%97%85%20%EA%B3%B5%EA%B3%A0%EB%AC%B8.pdf / 202604231322340382.pdf: 404 Client Error: Not Found for url: https://www.bizinfo.go.kr/sii/siia/202604231322340382.pdf,https://www.bizinfo.go.kr/sii/siia/selectSIIA200Detail.do?pblancId=PBLN_000000000121194
PBLN_000000000121197,[경남] 창녕군 2026년 지역지식재산 창출지원사업 공고,경상남도,fetched,url,needs_review,large_amount_delta,기존 금액과 새 대표금액 차이가 큼,"type_changed:subsidy->support_amount | amount_delta_20_percent:old=130,new=90",130.0,subsidy,subtract,5,90.0,support_amount,subtract,0.9,2193,1807,2026년 창녕군 지역지식재산 창출지원사업 공고문.pdf: 400 Client Error: Bad Request for url: https://www.bizinfo.go.kr/sii/siia/2026%EB%85%84%20%EC%B0%BD%EB%85%95%EA%B5%B0%20%EC%A7%80%EC%97%AD%EC%A7%80%EC%8B%9D%EC%9E%AC%EC%82%B0%20%EC%B0%BD%EC%B6%9C%EC%A7%80%EC%9B%90%EC%82%AC%EC%97%85%20%EA%B3%B5%EA%B3%A0%EB%AC%B8.pdf / 202604231334030651.pdf: 404 Client Error: Not Found for url: https://www.bizinfo.go.kr/sii/siia/202604231334030651.pdf,https://www.bizinfo.go.kr/sii/siia/selectSIIA200Detail.do?pblancId=PBLN_000000000121197
PBLN_000000000121348,2026년 한-체코ㆍ한-중국 에너지국제공동R&D 신규지원 대상과제 공고,기후에너지환경부,fetched,url,needs_review,large_amount_delta,기존 금액과 새 대표금액 차이가 큼,"amount_delta_20_percent:old=75000,new=37500",75000.0,support_amount,subtract,13,37500.0,support_amount,subtract,1.0,2019,24161,제2026-421호_2026년 한-체코 한-중국 에너지국제공동R&D 신규지원 대상과제 공고문.pdf: 400 Client Error: Bad Request for url: https://www.bizinfo.go.kr/sii/siia/%EC%A0%9C2026-421%ED%98%B8_2026%EB%85%84%20%ED%95%9C-%EC%B2%B4%EC%BD%94%20%ED%95%9C-%EC%A4%91%EA%B5%AD%20%EC%97%90%EB%84%88%EC%A7%80%EA%B5%AD%EC%A0%9C%EA%B3%B5%EB%8F%99R&D%20%EC%8B%A0%EA%B7%9C%EC%A7%80%EC%9B%90%20%EB%8C%80%EC%83%81%EA%B3%BC%EC%A0%9C%20%EA%B3%B5%EA%B3%A0%EB%AC%B8.pdf / 202604271551130169.pdf: 404 Client Error: Not Found for url: https://www.bizinfo.go.kr/sii/siia/202604271551130169.pdf / 제2026-421호_2026년 한-체코 한-중국 에너지국제공동R&D 신규지원 대상과제 공고문.hwp: 400 Client Error: Bad Request for url: https://www.bizinfo.go.kr/sii/siia/%EC%A0%9C2026-421%ED%98%B8_2026%EB%85%84%20%ED%95%9C-%EC%B2%B4%EC%BD%94%20%ED%95%9C-%EC%A4%91%EA%B5%AD%20%EC%97%90%EB%84%88%EC%A7%80%EA%B5%AD%EC%A0%9C%EA%B3%B5%EB%8F%99R&D%20%EC%8B%A0%EA%B7%9C%EC%A7%80%EC%9B%90%20%EB%8C%80%EC%83%81%EA%B3%BC%EC%A0%9C%20%EA%B3%B5%EA%B3%A0%EB%AC%B8.hwp / 202604271551180056.hwp: 404 Client Error: Not Found for url: https://www.bizinfo.go.kr/sii/siia/202604271551180056.hwp,https://www.bizinfo.go.kr/sii/siia/selectSIIA200Detail.do?pblancId=PBLN_000000000121348
PBLN_000000000121785,[전남광주] 2026년 소규모 밀착 안전망 구축사업 참여기업 모집 공고(지역 중대재해 예방 사각지대 해소사업),전남광주통합특별시,fetched,url,needs_review,large_amount_delta,기존 금액과 새 대표금액 차이가 큼,"amount_delta_20_percent:old=10000,new=25",10000.0,support_amount,subtract,11,25.0,support_amount,subtract,,1658,7212,광주광역시소규모밀착안전망구축사업참여기업모집공고.pdf: 400 Client Error: Bad Request for url: https://www.bizinfo.go.kr/sii/siia/%EA%B4%91%EC%A3%BC%EA%B4%91%EC%97%AD%EC%8B%9C%EC%86%8C%EA%B7%9C%EB%AA%A8%EB%B0%80%EC%B0%A9%EC%95%88%EC%A0%84%EB%A7%9D%EA%B5%AC%EC%B6%95%EC%82%AC%EC%97%85%EC%B0%B8%EC%97%AC%EA%B8%B0%EC%97%85%EB%AA%A8%EC%A7%91%EA%B3%B5%EA%B3%A0.pdf / 202605081507150677.pdf: 404 Client Error: Not Found for url: https://www.bizinfo.go.kr/sii/siia/202605081507150677.pdf / 202605081507030259.hwp: 404 Client Error: Not Found for url: https://www.bizinfo.go.kr/sii/siia/202605081507030259.hwp / 202605081507030381.hwp: 404 Client Error: Not Found for url: https://www.bizinfo.go.kr/sii/siia/202605081507030381.hwp / 붙임1-1.(서식)2026년소규모밀착안전망구축사업참여신청서(제조).hwp: 400 Client Error: Bad Request for url: https://www.bizinfo.go.kr/sii/siia/%EB%B6%99%EC%9E%841-1.(%EC%84%9C%EC%8B%9D)2026%EB%85%84%EC%86%8C%EA%B7%9C%EB%AA%A8%EB%B0%80%EC%B0%A9%EC%95%88%EC%A0%84%EB%A7%9D%EA%B5%AC%EC%B6%95%EC%82%AC%EC%97%85%EC%B0%B8%EC%97%AC%EC%8B%A0%EC%B2%AD%EC%84%9C(%EC%A0%9C%EC%A1%B0).hwp / 붙임1-2.(서식)2026년소규모밀착안전망구축사업참여신청서(건설).hwp: 400 Client Error: Bad Request for url: https://www.bizinfo.go.kr/sii/siia/%EB%B6%99%EC%9E%841-2.(%EC%84%9C%EC%8B%9D)2026%EB%85%84%EC%86%8C%EA%B7%9C%EB%AA%A8%EB%B0%80%EC%B0%A9%EC%95%88%EC%A0%84%EB%A7%9D%EA%B5%AC%EC%B6%95%EC%82%AC%EC%97%85%EC%B0%B8%EC%97%AC%EC%8B%A0%EC%B2%AD%EC%84%9C(%EA%B1%B4%EC%84%A4).hwp,https://www.bizinfo.go.kr/sii/siia/selectSIIA200Detail.do?pblancId=PBLN_000000000121785
PBLN_000000000121945,2026년 자이언트캐스팅(다이캐스팅) 부품 시험ㆍ평가ㆍ인증 및 기술지도 지원 시행 공고(자이언트캐스팅 공용센터 기반구축 사업),과학기술정보통신부,fetched,url,needs_review,large_amount_delta,기존 금액과 새 대표금액 차이가 큼,"amount_delta_20_percent:old=1000,new=200",1000.0,subsidy,subtract,5,200.0,subsidy,subtract,0.5,2383,4118,(260512)_2026년_자이언트캐스팅_시험평가지원_기술지도_시행공고문.pdf: 400 Client Error: Bad Request for url: https://www.bizinfo.go.kr/sii/siia/(260512)_2026%EB%85%84_%EC%9E%90%EC%9D%B4%EC%96%B8%ED%8A%B8%EC%BA%90%EC%8A%A4%ED%8C%85_%EC%8B%9C%ED%97%98%ED%8F%89%EA%B0%80%EC%A7%80%EC%9B%90_%EA%B8%B0%EC%88%A0%EC%A7%80%EB%8F%84_%EC%8B%9C%ED%96%89%EA%B3%B5%EA%B3%A0%EB%AC%B8.pdf / 202605131432550683.pdf: 404 Client Error: Not Found for url: https://www.bizinfo.go.kr/sii/siia/202605131432550683.pdf,https://www.bizinfo.go.kr/sii/siia/selectSIIA200Detail.do?pblancId=PBLN_000000000121945
PBLN_000000000122238,[강원] 춘천시 2026년 지식재산 국내분쟁 비용지원 사업 모집 연장 공고,강원특별자치도,fetched,url,needs_review,large_amount_delta,기존 금액과 새 대표금액 차이가 큼,"amount_delta_20_percent:old=300,new=800",300.0,support_amount,subtract,5,800.0,support_amount,subtract,0.3,2099,9436,1. 춘천시 지식재산 국내분쟁 비용지원 사업 모집 연장 공고.pdf: 400 Client Error: Bad Request for url: https://www.bizinfo.go.kr/sii/siia/1.%20%EC%B6%98%EC%B2%9C%EC%8B%9C%20%EC%A7%80%EC%8B%9D%EC%9E%AC%EC%82%B0%20%EA%B5%AD%EB%82%B4%EB%B6%84%EC%9F%81%20%EB%B9%84%EC%9A%A9%EC%A7%80%EC%9B%90%20%EC%82%AC%EC%97%85%20%EB%AA%A8%EC%A7%91%20%EC%97%B0%EC%9E%A5%20%EA%B3%B5%EA%B3%A0.pdf / 202605201404090032.pdf: 404 Client Error: Not Found for url: https://www.bizinfo.go.kr/sii/siia/202605201404090032.pdf / 2. 춘천시 지식재산 국내분쟁 비용지원 사업 신청서 등 첨부서류.hwpx: 400 Client Error: Bad Request for url: https://www.bizinfo.go.kr/sii/siia/2.%20%EC%B6%98%EC%B2%9C%EC%8B%9C%20%EC%A7%80%EC%8B%9D%EC%9E%AC%EC%82%B0%20%EA%B5%AD%EB%82%B4%EB%B6%84%EC%9F%81%20%EB%B9%84%EC%9A%A9%EC%A7%80%EC%9B%90%20%EC%82%AC%EC%97%85%20%EC%8B%A0%EC%B2%AD%EC%84%9C%20%EB%93%B1%20%EC%B2%A8%EB%B6%80%EC%84%9C%EB%A5%98.hwpx / 202605201404160280.hwpx: 404 Client Error: Not Found for url: https://www.bizinfo.go.kr/sii/siia/202605201404160280.hwpx,https://www.bizinfo.go.kr/sii/siia/selectSIIA200Detail.do?pblancId=PBLN_000000000122238
PBLN_000000000122359,[경북] 2026년 지역특화형(고도화) 스마트공장 구축사업 공고,중소벤처기업부,fetched,url,needs_review,large_amount_delta,기존 금액과 새 대표금액 차이가 큼,"amount_delta_20_percent:old=6.374e+07,new=20000",63740000.0,support_amount,subtract,27,20000.0,support_amount,subtract,0.5,2424,12072,2026년도_지역특화형_스마트공장_구축지원사업_공고(고도화) - 260430+.pdf: 400 Client Error: Bad Request for url: https://www.bizinfo.go.kr/sii/siia/2026%EB%85%84%EB%8F%84_%EC%A7%80%EC%97%AD%ED%8A%B9%ED%99%94%ED%98%95_%EC%8A%A4%EB%A7%88%ED%8A%B8%EA%B3%B5%EC%9E%A5_%EA%B5%AC%EC%B6%95%EC%A7%80%EC%9B%90%EC%82%AC%EC%97%85_%EA%B3%B5%EA%B3%A0(%EA%B3%A0%EB%8F%84%ED%99%94)%20-%20260430+.pdf / 202605221415020431.pdf: 404 Client Error: Not Found for url: https://www.bizinfo.go.kr/sii/siia/202605221415020431.pdf,https://www.bizinfo.go.kr/sii/siia/selectSIIA200Detail.do?pblancId=PBLN_000000000122359
PBLN_000000000122384,2026년 글로벌산업기술협력센터 사업(M.AX 분야 공동연구) 시행계획 공고,산업통상부,fetched,url,needs_review,large_amount_delta,기존 금액과 새 대표금액 차이가 큼,"type_changed:subsidy->support_amount | amount_delta_20_percent:old=1e+06,new=200000",1000000.0,subsidy,subtract,15,200000.0,support_amount,subtract,1.0,2548,12063,2026년 글로벌산업기술협력센터사업 시행계획 공고- 품목지정형+.pdf: 400 Client Error: Bad Request for url: https://www.bizinfo.go.kr/sii/siia/2026%EB%85%84%20%EA%B8%80%EB%A1%9C%EB%B2%8C%EC%82%B0%EC%97%85%EA%B8%B0%EC%88%A0%ED%98%91%EB%A0%A5%EC%84%BC%ED%84%B0%EC%82%AC%EC%97%85%20%EC%8B%9C%ED%96%89%EA%B3%84%ED%9A%8D%20%EA%B3%B5%EA%B3%A0-%20%ED%92%88%EB%AA%A9%EC%A7%80%EC%A0%95%ED%98%95+.pdf / 202605261044450030.pdf: 404 Client Error: Not Found for url: https://www.bizinfo.go.kr/sii/siia/202605261044450030.pdf,https://www.bizinfo.go.kr/sii/siia/selectSIIA200Detail.do?pblancId=PBLN_000000000122384
PBLN_000000000122394,[제주] 2026년 전기차 사용 후 배터리 실증 지원사업(KC인증) 상시모집 공고,제주특별자치도,fetched,url,needs_review,large_amount_delta,기존 금액과 새 대표금액 차이가 큼,"amount_delta_20_percent:old=5000,new=2500",5000.0,support_amount,subtract,6,2500.0,support_amount,subtract,,1804,26778,붙임. 모집공고문.pdf: 400 Client Error: Bad Request for url: https://www.bizinfo.go.kr/sii/siia/%EB%B6%99%EC%9E%84.%20%EB%AA%A8%EC%A7%91%EA%B3%B5%EA%B3%A0%EB%AC%B8.pdf / 202605261122020285.pdf: 404 Client Error: Not Found for url: https://www.bizinfo.go.kr/sii/siia/202605261122020285.pdf / 202605261124370309.pdf: 404 Client Error: Not Found for url: https://www.bizinfo.go.kr/sii/siia/202605261124370309.pdf / 붙임. 제출양식(KC인증).pdf: 400 Client Error: Bad Request for url: https://www.bizinfo.go.kr/sii/siia/%EB%B6%99%EC%9E%84.%20%EC%A0%9C%EC%B6%9C%EC%96%91%EC%8B%9D(KC%EC%9D%B8%EC%A6%9D).pdf / 202605261122080570.hwp: 404 Client Error: Not Found for url: https://www.bizinfo.go.kr/sii/siia/202605261122080570.hwp / 붙임. 제출양식(KC인증).hwp: 400 Client Error: Bad Request for url: https://www.bizinfo.go.kr/sii/siia/%EB%B6%99%EC%9E%84.%20%EC%A0%9C%EC%B6%9C%EC%96%91%EC%8B%9D(KC%EC%9D%B8%EC%A6%9D).hwp,https://www.bizinfo.go.kr/sii/siia/selectSIIA200Detail.do?pblancId=PBLN_000000000122394
PBLN_000000000122492,[충남] 2026년 IP디딤돌 프로그램 창업자 후속지원 대상자 모집 공고,충청남도,fetched,url,needs_review,large_amount_delta,기존 금액과 새 대표금액 차이가 큼,"amount_delta_20_percent:old=900,new=136",900.0,support_amount,subtract,7,136.0,support_amount,subtract,0.2,1967,2481,충남 2026년 IP디딤돌 프로그램 창업자 후속지원 대상자 모집 공고문.pdf: 400 Client Error: Bad Request for url: https://www.bizinfo.go.kr/sii/siia/%EC%B6%A9%EB%82%A8%202026%EB%85%84%20IP%EB%94%94%EB%94%A4%EB%8F%8C%20%ED%94%84%EB%A1%9C%EA%B7%B8%EB%9E%A8%20%EC%B0%BD%EC%97%85%EC%9E%90%20%ED%9B%84%EC%86%8D%EC%A7%80%EC%9B%90%20%EB%8C%80%EC%83%81%EC%9E%90%20%EB%AA%A8%EC%A7%91%20%EA%B3%B5%EA%B3%A0%EB%AC%B8.pdf / 202605271459310682.pdf: 404 Client Error: Not Found for url: https://www.bizinfo.go.kr/sii/siia/202605271459310682.pdf,https://www.bizinfo.go.kr/sii/siia/selectSIIA200Detail.do?pblancId=PBLN_000000000122492
PBLN_000000000122501,2026년 디지털기반 중소사업장 산재예방 기술개발 지원사업 시행계획 공고,중소벤처기업부,fetched,url,needs_review,large_amount_delta,기존 금액과 새 대표금액 차이가 큼,"type_changed:subsidy->support_amount | amount_delta_20_percent:old=50000,new=66000",50000.0,subsidy,subtract,26,66000.0,support_amount,subtract,0.25,2967,30346,[붙임_1]_신청방법_및_신청_또는_지원_제외사항_등_유의사항.pdf: 400 Client Error: Bad Request for url: https://www.bizinfo.go.kr/sii/siia/%5B%EB%B6%99%EC%9E%84_1%5D_%EC%8B%A0%EC%B2%AD%EB%B0%A9%EB%B2%95_%EB%B0%8F_%EC%8B%A0%EC%B2%AD_%EB%98%90%EB%8A%94_%EC%A7%80%EC%9B%90_%EC%A0%9C%EC%99%B8%EC%82%AC%ED%95%AD_%EB%93%B1_%EC%9C%A0%EC%9D%98%EC%82%AC%ED%95%AD.pdf / [붙임_3]_디지털기반_중소사업장_산재예방기술개발사업_세부_지원내용.pdf: 400 Client Error: Bad Request for url: https://www.bizinfo.go.kr/sii/siia/%5B%EB%B6%99%EC%9E%84_3%5D_%EB%94%94%EC%A7%80%ED%84%B8%EA%B8%B0%EB%B0%98_%EC%A4%91%EC%86%8C%EC%82%AC%EC%97%85%EC%9E%A5_%EC%82%B0%EC%9E%AC%EC%98%88%EB%B0%A9%EA%B8%B0%EC%88%A0%EA%B0%9C%EB%B0%9C%EC%82%AC%EC%97%85_%EC%84%B8%EB%B6%80_%EC%A7%80%EC%9B%90%EB%82%B4%EC%9A%A9.pdf / [붙임_4]_중소기업기술개발_지원사업_보안대책.pdf: 400 Client Error: Bad Request for url: https://www.bizinfo.go.kr/sii/siia/%5B%EB%B6%99%EC%9E%84_4%5D_%EC%A4%91%EC%86%8C%EA%B8%B0%EC%97%85%EA%B8%B0%EC%88%A0%EA%B0%9C%EB%B0%9C_%EC%A7%80%EC%9B%90%EC%82%AC%EC%97%85_%EB%B3%B4%EC%95%88%EB%8C%80%EC%B1%85.pdf / ★(공고_제2026-359호)_2026년도_디지털기반_중소사업장_산재예방_기술개발지원사업_시행계획_공고.pdf: 400 Client Error: Bad Request for url: https://www.bizinfo.go.kr/sii/siia/%E2%98%85(%EA%B3%B5%EA%B3%A0_%EC%A0%9C2026-359%ED%98%B8)_2026%EB%85%84%EB%8F%84_%EB%94%94%EC%A7%80%ED%84%B8%EA%B8%B0%EB%B0%98_%EC%A4%91%EC%86%8C%EC%82%AC%EC%97%85%EC%9E%A5_%EC%82%B0%EC%9E%AC%EC%98%88%EB%B0%A9_%EA%B8%B0%EC%88%A0%EA%B0%9C%EB%B0%9C%EC%A7%80%EC%9B%90%EC%82%AC%EC%97%85_%EC%8B%9C%ED%96%89%EA%B3%84%ED%9A%8D_%EA%B3%B5%EA%B3%A0.pdf / 202605281013350297.pdf: 404 Client Error: Not Found for url: https://www.bizinfo.go.kr/sii/siia/202605281013350297.pdf / 202605281013420354.pdf: 404 Client Error: Not Found for url: https://www.bizinfo.go.kr/sii/siia/202605281013420354.pdf / 202605281013420587.pdf: 404 Client Error: Not Found for url: https://www.bizinfo.go.kr/sii/siia/202605281013420587.pdf / 202605281013420672.pdf: 404 Client Error: Not Found for url: https://www.bizinfo.go.kr/sii/siia/202605281013420672.pdf / 202605281013420739.pdf: 404 Client Error: Not Found for url: https://www.bizinfo.go.kr/sii/siia/202605281013420739.pdf / [별첨]_2026년도_세부_품목_개요서(통합).pdf: 400 Client Error: Bad Request for url: https://www.bizinfo.go.kr/sii/siia/%5B%EB%B3%84%EC%B2%A8%5D_2026%EB%85%84%EB%8F%84_%EC%84%B8%EB%B6%80_%ED%92%88%EB%AA%A9_%EA%B0%9C%EC%9A%94%EC%84%9C(%ED%86%B5%ED%95%A9).pdf,https://www.bizinfo.go.kr/sii/siia/selectSIIA200Detail.do?pblancId=PBLN_000000000122501
PBLN_000000000122585,2026년 2차 미래차 전자제어부품 산업 고도화 기반구축 기업지원 수혜기업 모집 공고,산업통상부,fetched,url,needs_review,large_amount_delta,기존 금액과 새 대표금액 차이가 큼,"amount_delta_20_percent:old=2000,new=1500",2000.0,support_amount,subtract,9,1500.0,support_amount,subtract,,2603,9595,[공고문] 『미래차 전자제어부품 산업 고도화 기반구축』 2026년 기업지원 수혜기업 모집 2차 공고+.pdf: 400 Client Error: Bad Request for url: https://www.bizinfo.go.kr/sii/siia/%5B%EA%B3%B5%EA%B3%A0%EB%AC%B8%5D%20%E3%80%8E%EB%AF%B8%EB%9E%98%EC%B0%A8%20%EC%A0%84%EC%9E%90%EC%A0%9C%EC%96%B4%EB%B6%80%ED%92%88%20%EC%82%B0%EC%97%85%20%EA%B3%A0%EB%8F%84%ED%99%94%20%EA%B8%B0%EB%B0%98%EA%B5%AC%EC%B6%95%E3%80%8F%202026%EB%85%84%20%EA%B8%B0%EC%97%85%EC%A7%80%EC%9B%90%20%EC%88%98%ED%98%9C%EA%B8%B0%EC%97%85%20%EB%AA%A8%EC%A7%91%202%EC%B0%A8%20%EA%B3%B5%EA%B3%A0+.pdf / 202605291337360281.pdf: 404 Client Error: Not Found for url: https://www.bizinfo.go.kr/sii/siia/202605291337360281.pdf,https://www.bizinfo.go.kr/sii/siia/selectSIIA200Detail.do?pblancId=PBLN_000000000122585
PBLN_000000000122623,[전북] 2026년 2차 자동차 대체부품 분야 기업지원 사업 공고,전북특별자치도,fetched,url,needs_review,large_amount_delta,기존 금액과 새 대표금액 차이가 큼,"type_changed:unknown->support_amount | roi_method_changed:review->subtract | amount_delta_20_percent:old=49493,new=25586.3",49493.0,unknown,review,7,25586.3,support_amount,subtract,0.15,2338,8844,2026년 제2차 자동차 대체부품 분야 기업지원 사업공고_.hwp: 400 Client Error: Bad Request for url: https://www.bizinfo.go.kr/sii/siia/2026%EB%85%84%20%EC%A0%9C2%EC%B0%A8%20%EC%9E%90%EB%8F%99%EC%B0%A8%20%EB%8C%80%EC%B2%B4%EB%B6%80%ED%92%88%20%EB%B6%84%EC%95%BC%20%EA%B8%B0%EC%97%85%EC%A7%80%EC%9B%90%20%EC%82%AC%EC%97%85%EA%B3%B5%EA%B3%A0_.hwp / 202606041648170266.hwp: 404 Client Error: Not Found for url: https://www.bizinfo.go.kr/sii/siia/202606041648170266.hwp,https://www.bizinfo.go.kr/sii/siia/selectSIIA200Detail.do?pblancId=PBLN_000000000122623
PBLN_000000000122726,[강원] 2026년 바이오기업 성장 촉진 및 고용 활성화 지원기업 상시 모집 공고(지역산업맞춤형 일자리창출 지원사업),강원특별자치도,fetched,url,needs_review,large_amount_delta,기존 금액과 새 대표금액 차이가 큼,"amount_delta_20_percent:old=700,new=40",700.0,support_amount,subtract,15,40.0,support_amount,subtract,,2455,13309,1. (2026)강원 바이오기업 성장 촉진 및 고용 활성화 지원기업 모집 공고문(상시공고).pdf: 400 Client Error: Bad Request for url: https://www.bizinfo.go.kr/sii/siia/1.%20(2026)%EA%B0%95%EC%9B%90%20%EB%B0%94%EC%9D%B4%EC%98%A4%EA%B8%B0%EC%97%85%20%EC%84%B1%EC%9E%A5%20%EC%B4%89%EC%A7%84%20%EB%B0%8F%20%EA%B3%A0%EC%9A%A9%20%ED%99%9C%EC%84%B1%ED%99%94%20%EC%A7%80%EC%9B%90%EA%B8%B0%EC%97%85%20%EB%AA%A8%EC%A7%91%20%EA%B3%B5%EA%B3%A0%EB%AC%B8(%EC%83%81%EC%8B%9C%EA%B3%B5%EA%B3%A0).pdf / 202606021429360905.pdf: 404 Client Error: Not Found for url: https://www.bizinfo.go.kr/sii/siia/202606021429360905.pdf / 2. (2026)강원 바이오기업 성장 촉진 및 고용 활성화 기업지원사업 서식_신규채용자 초기 정주기반 지원.hwp: 400 Client Error: Bad Request for url: https://www.bizinfo.go.kr/sii/siia/2.%20(2026)%EA%B0%95%EC%9B%90%20%EB%B0%94%EC%9D%B4%EC%98%A4%EA%B8%B0%EC%97%85%20%EC%84%B1%EC%9E%A5%20%EC%B4%89%EC%A7%84%20%EB%B0%8F%20%EA%B3%A0%EC%9A%A9%20%ED%99%9C%EC%84%B1%ED%99%94%20%EA%B8%B0%EC%97%85%EC%A7%80%EC%9B%90%EC%82%AC%EC%97%85%20%EC%84%9C%EC%8B%9D_%EC%8B%A0%EA%B7%9C%EC%B1%84%EC%9A%A9%EC%9E%90%20%EC%B4%88%EA%B8%B0%20%EC%A0%95%EC%A3%BC%EA%B8%B0%EB%B0%98%20%EC%A7%80%EC%9B%90.hwp / 2. (2026)강원 바이오기업 성장 촉진 및 고용 활성화 기업지원사업 서식_춘천바이오산업진흥원.hwp: 400 Client Error: Bad Request for url: https://www.bizinfo.go.kr/sii/siia/2.%20(2026)%EA%B0%95%EC%9B%90%20%EB%B0%94%EC%9D%B4%EC%98%A4%EA%B8%B0%EC%97%85%20%EC%84%B1%EC%9E%A5%20%EC%B4%89%EC%A7%84%20%EB%B0%8F%20%EA%B3%A0%EC%9A%A9%20%ED%99%9C%EC%84%B1%ED%99%94%20%EA%B8%B0%EC%97%85%EC%A7%80%EC%9B%90%EC%82%AC%EC%97%85%20%EC%84%9C%EC%8B%9D_%EC%B6%98%EC%B2%9C%EB%B0%94%EC%9D%B4%EC%98%A4%EC%82%B0%EC%97%85%EC%A7%84%ED%9D%A5%EC%9B%90.hwp / 202606021430250275.hwp: 404 Client Error: Not Found for url: https://www.bizinfo.go.kr/sii/siia/202606021430250275.hwp / 202606021430250350.hwp: 404 Client Error: Not Found for url: https://www.bizinfo.go.kr/sii/siia/202606021430250350.hwp / 202606021430250428.hwp: 404 Client Error: Not Found for url: https://www.bizinfo.go.kr/sii/siia/202606021430250428.hwp / 개인정보 수집(이용) · 제공 동의서.hwp: 400 Client Error: Bad Request for url: https://www.bizinfo.go.kr/sii/siia/%EA%B0%9C%EC%9D%B8%EC%A0%95%EB%B3%B4%20%EC%88%98%EC%A7%91(%EC%9D%B4%EC%9A%A9)%20%C2%B7%20%EC%A0%9C%EA%B3%B5%20%EB%8F%99%EC%9D%98%EC%84%9C.hwp,https://www.bizinfo.go.kr/sii/siia/selectSIIA200Detail.do?pblancId=PBLN_000000000122726
PBLN_000000000122968,2026년 2차 안전일터 조성지원 사업 수정 공고,고용노동부,fetched,url,needs_review,large_amount_delta,기존 금액과 새 대표금액 차이가 큼,"type_changed:subsidy->support_amount | amount_delta_20_percent:old=3000,new=100000",3000.0,subsidy,subtract,9,100000.0,support_amount,subtract,0.5,2087,12063,[붙임] 2026년 안전일터 조성지원 사업 공고문_수정(2차).pdf: 400 Client Error: Bad Request for url: https://www.bizinfo.go.kr/sii/siia/%5B%EB%B6%99%EC%9E%84%5D%202026%EB%85%84%20%EC%95%88%EC%A0%84%EC%9D%BC%ED%84%B0%20%EC%A1%B0%EC%84%B1%EC%A7%80%EC%9B%90%20%EC%82%AC%EC%97%85%20%EA%B3%B5%EA%B3%A0%EB%AC%B8_%EC%88%98%EC%A0%95(2%EC%B0%A8).pdf / 202606091726560027.pdf: 404 Client Error: Not Found for url: https://www.bizinfo.go.kr/sii/siia/202606091726560027.pdf,https://www.bizinfo.go.kr/sii/siia/selectSIIA200Detail.do?pblancId=PBLN_000000000122968
PBLN_000000000122997,[강원] 횡성군 2026년 2차 지식재산 첫걸음 지원사업 참여기업 모집 공고,강원특별자치도,fetched,url,needs_review,large_amount_delta,기존 금액과 새 대표금액 차이가 큼,"type_changed:subsidy->support_amount | amount_delta_20_percent:old=130,new=1000",130.0,subsidy,subtract,31,1000.0,support_amount,subtract,0.15,2205,26367,붙임1. 2026년 횡성군 지식재산 첫걸음 지원사업 참여기업 모집 공고2차.pdf: 400 Client Error: Bad Request for url: https://www.bizinfo.go.kr/sii/siia/%EB%B6%99%EC%9E%841.%202026%EB%85%84%20%ED%9A%A1%EC%84%B1%EA%B5%B0%20%EC%A7%80%EC%8B%9D%EC%9E%AC%EC%82%B0%20%EC%B2%AB%EA%B1%B8%EC%9D%8C%20%EC%A7%80%EC%9B%90%EC%82%AC%EC%97%85%20%EC%B0%B8%EC%97%AC%EA%B8%B0%EC%97%85%20%EB%AA%A8%EC%A7%91%20%EA%B3%B5%EA%B3%A02%EC%B0%A8.pdf / 202606101345240053.pdf: 404 Client Error: Not Found for url: https://www.bizinfo.go.kr/sii/siia/202606101345240053.pdf / 붙임2. 컨설팅 지원사업 신청서 양식.hwp: 400 Client Error: Bad Request for url: https://www.bizinfo.go.kr/sii/siia/%EB%B6%99%EC%9E%842.%20%EC%BB%A8%EC%84%A4%ED%8C%85%20%EC%A7%80%EC%9B%90%EC%82%AC%EC%97%85%20%EC%8B%A0%EC%B2%AD%EC%84%9C%20%EC%96%91%EC%8B%9D.hwp / 202606101346270853.hwp: 404 Client Error: Not Found for url: https://www.bizinfo.go.kr/sii/siia/202606101346270853.hwp / 202606101346270981.hwp: 404 Client Error: Not Found for url: https://www.bizinfo.go.kr/sii/siia/202606101346270981.hwp / 붙임3. 국내·외 권리화 신청서 양식.hwp: 400 Client Error: Bad Request for url: https://www.bizinfo.go.kr/sii/siia/%EB%B6%99%EC%9E%843.%20%EA%B5%AD%EB%82%B4%C2%B7%EC%99%B8%20%EA%B6%8C%EB%A6%AC%ED%99%94%20%EC%8B%A0%EC%B2%AD%EC%84%9C%20%EC%96%91%EC%8B%9D.hwp,https://www.bizinfo.go.kr/sii/siia/selectSIIA200Detail.do?pblancId=PBLN_000000000122997
PBLN_000000000122998,[강원] 영월군 2026년 2차 지식재산 첫걸음 지원사업 참여기업 모집 공고,강원특별자치도,fetched,url,needs_review,large_amount_delta,기존 금액과 새 대표금액 차이가 큼,"type_changed:subsidy->support_amount | amount_delta_20_percent:old=130,new=1000",130.0,subsidy,subtract,31,1000.0,support_amount,subtract,0.15,2207,26553,붙임1. 2026년 영월군 지식재산 첫걸음 지원사업 참여기업 2차 모집 공고.hwp: 400 Client Error: Bad Request for url: https://www.bizinfo.go.kr/sii/siia/%EB%B6%99%EC%9E%841.%202026%EB%85%84%20%EC%98%81%EC%9B%94%EA%B5%B0%20%EC%A7%80%EC%8B%9D%EC%9E%AC%EC%82%B0%20%EC%B2%AB%EA%B1%B8%EC%9D%8C%20%EC%A7%80%EC%9B%90%EC%82%AC%EC%97%85%20%EC%B0%B8%EC%97%AC%EA%B8%B0%EC%97%85%202%EC%B0%A8%20%EB%AA%A8%EC%A7%91%20%EA%B3%B5%EA%B3%A0.hwp / 붙임2. 컨설팅 지원사업 통합 신청서 양식.hwp: 400 Client Error: Bad Request for url: https://www.bizinfo.go.kr/sii/siia/%EB%B6%99%EC%9E%842.%20%EC%BB%A8%EC%84%A4%ED%8C%85%20%EC%A7%80%EC%9B%90%EC%82%AC%EC%97%85%20%ED%86%B5%ED%95%A9%20%EC%8B%A0%EC%B2%AD%EC%84%9C%20%EC%96%91%EC%8B%9D.hwp / 202606101349060393.hwp: 404 Client Error: Not Found for url: https://www.bizinfo.go.kr/sii/siia/202606101349060393.hwp / 202606101349210406.hwp: 404 Client Error: Not Found for url: https://www.bizinfo.go.kr/sii/siia/202606101349210406.hwp / 202606101349210501.hwp: 404 Client Error: Not Found for url: https://www.bizinfo.go.kr/sii/siia/202606101349210501.hwp / 붙임3. 국내·외 권리화 신청서 양식.hwp: 400 Client Error: Bad Request for url: https://www.bizinfo.go.kr/sii/siia/%EB%B6%99%EC%9E%843.%20%EA%B5%AD%EB%82%B4%C2%B7%EC%99%B8%20%EA%B6%8C%EB%A6%AC%ED%99%94%20%EC%8B%A0%EC%B2%AD%EC%84%9C%20%EC%96%91%EC%8B%9D.hwp,https://www.bizinfo.go.kr/sii/siia/selectSIIA200Detail.do?pblancId=PBLN_000000000122998
PBLN_000000000123053,2026년 2차 경북 영천시 금호 이웃사촌마을 조성사업 청년창업 및 이전기업 지원사업 참여기업(이전기업) 모집 공고,경상북도,fetched,url,needs_review,large_amount_delta,기존 금액과 새 대표금액 차이가 큼,"amount_delta_20_percent:old=5000,new=20000",5000.0,support_amount,subtract,13,20000.0,support_amount,subtract,0.2,2740,20833,1. [공고] 2026년 금호 이웃사촌마을 조성사업 「청년창업 및 이전기업 지원 사업」 참여기업 2차 모집 공고.pdf: 400 Client Error: Bad Request for url: https://www.bizinfo.go.kr/sii/siia/1.%20%5B%EA%B3%B5%EA%B3%A0%5D%202026%EB%85%84%20%EA%B8%88%ED%98%B8%20%EC%9D%B4%EC%9B%83%EC%82%AC%EC%B4%8C%EB%A7%88%EC%9D%84%20%EC%A1%B0%EC%84%B1%EC%82%AC%EC%97%85%20%E3%80%8C%EC%B2%AD%EB%85%84%EC%B0%BD%EC%97%85%20%EB%B0%8F%20%EC%9D%B4%EC%A0%84%EA%B8%B0%EC%97%85%20%EC%A7%80%EC%9B%90%20%EC%82%AC%EC%97%85%E3%80%8D%20%EC%B0%B8%EC%97%AC%EA%B8%B0%EC%97%85%202%EC%B0%A8%20%EB%AA%A8%EC%A7%91%20%EA%B3%B5%EA%B3%A0.pdf / 202606111317480714.pdf: 404 Client Error: Not Found for url: https://www.bizinfo.go.kr/sii/siia/202606111317480714.pdf / 2. [양식] 2026년 사업계획서 및 부가서류_이전기업(공고용).hwp: 400 Client Error: Bad Request for url: https://www.bizinfo.go.kr/sii/siia/2.%20%5B%EC%96%91%EC%8B%9D%5D%202026%EB%85%84%20%EC%82%AC%EC%97%85%EA%B3%84%ED%9A%8D%EC%84%9C%20%EB%B0%8F%20%EB%B6%80%EA%B0%80%EC%84%9C%EB%A5%98_%EC%9D%B4%EC%A0%84%EA%B8%B0%EC%97%85(%EA%B3%B5%EA%B3%A0%EC%9A%A9).hwp / 202606111317450036.hwp: 404 Client Error: Not Found for url: https://www.bizinfo.go.kr/sii/siia/202606111317450036.hwp,https://www.bizinfo.go.kr/sii/siia/selectSIIA200Detail.do?pblancId=PBLN_000000000123053
PBLN_000000000123103,[전남광주] 로컬콘텐츠 기반 문화상품 개발 컨소시엄(공방&디자인기업) 모집 공고,전남광주통합특별시,fetched,url,needs_review,large_amount_delta,기존 금액과 새 대표금액 차이가 큼,"amount_delta_20_percent:old=1000,new=800",1000.0,support_amount,subtract,3,800.0,support_amount,subtract,0.1,1683,12562,[공고문]+2026+문화상품개발(앵커)+컨소시엄+모집.pdf: 400 Client Error: Bad Request for url: https://www.bizinfo.go.kr/sii/siia/%5B%EA%B3%B5%EA%B3%A0%EB%AC%B8%5D+2026+%EB%AC%B8%ED%99%94%EC%83%81%ED%92%88%EA%B0%9C%EB%B0%9C(%EC%95%B5%EC%BB%A4)+%EC%BB%A8%EC%86%8C%EC%8B%9C%EC%97%84+%EB%AA%A8%EC%A7%91.pdf / 202606121056280597.pdf: 404 Client Error: Not Found for url: https://www.bizinfo.go.kr/sii/siia/202606121056280597.pdf / 202606121056330704.hwp: 404 Client Error: Not Found for url: https://www.bizinfo.go.kr/sii/siia/202606121056330704.hwp / [신청서]+2026+문화상품개발(앵커)+컨소시엄+참가.hwp: 400 Client Error: Bad Request for url: https://www.bizinfo.go.kr/sii/siia/%5B%EC%8B%A0%EC%B2%AD%EC%84%9C%5D+2026+%EB%AC%B8%ED%99%94%EC%83%81%ED%92%88%EA%B0%9C%EB%B0%9C(%EC%95%B5%EC%BB%A4)+%EC%BB%A8%EC%86%8C%EC%8B%9C%EC%97%84+%EC%B0%B8%EA%B0%80.hwp,https://www.bizinfo.go.kr/sii/siia/selectSIIA200Detail.do?pblancId=PBLN_000000000123103
PBLN_000000000123148,2026년 2차 조선해양산업기술개발사업 신규지원 대상과제 공고,산업통상부,fetched,url,needs_review,large_amount_delta,기존 금액과 새 대표금액 차이가 큼,"type_changed:subsidy->support_amount | amount_delta_20_percent:old=100000,new=2e+06",100000.0,subsidy,subtract,25,2000000.0,support_amount,subtract,0.5,2410,24152,(공고 2026-429) 2026년도 조선해양산업기술개발 신규지원 대상과제(2차) 공고문(안).hwpx: 400 Client Error: Bad Request for url: https://www.bizinfo.go.kr/sii/siia/(%EA%B3%B5%EA%B3%A0%202026-429)%202026%EB%85%84%EB%8F%84%20%EC%A1%B0%EC%84%A0%ED%95%B4%EC%96%91%EC%82%B0%EC%97%85%EA%B8%B0%EC%88%A0%EA%B0%9C%EB%B0%9C%20%EC%8B%A0%EA%B7%9C%EC%A7%80%EC%9B%90%20%EB%8C%80%EC%83%81%EA%B3%BC%EC%A0%9C(2%EC%B0%A8)%20%EA%B3%B5%EA%B3%A0%EB%AC%B8(%EC%95%88).hwpx / 붙임 2026년도 조선해양산업기술개발 신규지원 대상과제(2차) 품목개요서.hwpx: 400 Client Error: Bad Request for url: https://www.bizinfo.go.kr/sii/siia/%EB%B6%99%EC%9E%84%202026%EB%85%84%EB%8F%84%20%EC%A1%B0%EC%84%A0%ED%95%B4%EC%96%91%EC%82%B0%EC%97%85%EA%B8%B0%EC%88%A0%EA%B0%9C%EB%B0%9C%20%EC%8B%A0%EA%B7%9C%EC%A7%80%EC%9B%90%20%EB%8C%80%EC%83%81%EA%B3%BC%EC%A0%9C(2%EC%B0%A8)%20%ED%92%88%EB%AA%A9%EA%B0%9C%EC%9A%94%EC%84%9C.hwpx / 202606151012590210.hwpx: 404 Client Error: Not Found for url: https://www.bizinfo.go.kr/sii/siia/202606151012590210.hwpx / 202606151013050523.hwpx: 404 Client Error: Not Found for url: https://www.bizinfo.go.kr/sii/siia/202606151013050523.hwpx,https://www.bizinfo.go.kr/sii/siia/selectSIIA200Detail.do?pblancId=PBLN_000000000123148
PBLN_000000000123150,2026년 소공인 스마트제조지원(스마트공방)사업 추가 모집 공고,중소벤처기업부,fetched,url,needs_review,large_amount_delta,기존 금액과 새 대표금액 차이가 큼,"amount_delta_20_percent:old=600,new=3000",600.0,subsidy,subtract,15,3000.0,subsidy,subtract,1.0,2429,16913,2026년_소공인_스마트제조지원사업_추가_모집_공고.pdf: 400 Client Error: Bad Request for url: https://www.bizinfo.go.kr/sii/siia/2026%EB%85%84_%EC%86%8C%EA%B3%B5%EC%9D%B8_%EC%8A%A4%EB%A7%88%ED%8A%B8%EC%A0%9C%EC%A1%B0%EC%A7%80%EC%9B%90%EC%82%AC%EC%97%85_%EC%B6%94%EA%B0%80_%EB%AA%A8%EC%A7%91_%EA%B3%B5%EA%B3%A0.pdf / 202606151039580324.pdf: 404 Client Error: Not Found for url: https://www.bizinfo.go.kr/sii/siia/202606151039580324.pdf / 2026년_소공인_스마트제조지원사업_추가_모집_공고_별첨자료.hwpx: 400 Client Error: Bad Request for url: https://www.bizinfo.go.kr/sii/siia/2026%EB%85%84_%EC%86%8C%EA%B3%B5%EC%9D%B8_%EC%8A%A4%EB%A7%88%ED%8A%B8%EC%A0%9C%EC%A1%B0%EC%A7%80%EC%9B%90%EC%82%AC%EC%97%85_%EC%B6%94%EA%B0%80_%EB%AA%A8%EC%A7%91_%EA%B3%B5%EA%B3%A0_%EB%B3%84%EC%B2%A8%EC%9E%90%EB%A3%8C.hwpx / 202606151039500013.hwpx: 404 Client Error: Not Found for url: https://www.bizinfo.go.kr/sii/siia/202606151039500013.hwpx,https://www.bizinfo.go.kr/sii/siia/selectSIIA200Detail.do?pblancId=PBLN_000000000123150
PBLN_000000000123154,2026년 3차 조선해양산업기술개발사업 신규지원 대상과제 공고,산업통상부,fetched,url,needs_review,large_amount_delta,기존 금액과 새 대표금액 차이가 큼,"type_changed:subsidy->support_amount | amount_delta_20_percent:old=297000,new=4.21e+06",297000.0,subsidy,subtract,15,4210000.0,support_amount,subtract,0.5,2493,24158,(공고 2026-433) 2026년도 조선해양산업기술개발 신규지원 대상과제(3차) 공고문(안)+.hwpx.pdf: 400 Client Error: Bad Request for url: https://www.bizinfo.go.kr/sii/siia/(%EA%B3%B5%EA%B3%A0%202026-433)%202026%EB%85%84%EB%8F%84%20%EC%A1%B0%EC%84%A0%ED%95%B4%EC%96%91%EC%82%B0%EC%97%85%EA%B8%B0%EC%88%A0%EA%B0%9C%EB%B0%9C%20%EC%8B%A0%EA%B7%9C%EC%A7%80%EC%9B%90%20%EB%8C%80%EC%83%81%EA%B3%BC%EC%A0%9C(3%EC%B0%A8)%20%EA%B3%B5%EA%B3%A0%EB%AC%B8(%EC%95%88)+.hwpx.pdf / 202606151059130428.pdf: 404 Client Error: Not Found for url: https://www.bizinfo.go.kr/sii/siia/202606151059130428.pdf / 붙임 2026년도 조선해양산업기술개발 신규지원 대상과제(3차) 품목개요서.hwpx: 400 Client Error: Bad Request for url: https://www.bizinfo.go.kr/sii/siia/%EB%B6%99%EC%9E%84%202026%EB%85%84%EB%8F%84%20%EC%A1%B0%EC%84%A0%ED%95%B4%EC%96%91%EC%82%B0%EC%97%85%EA%B8%B0%EC%88%A0%EA%B0%9C%EB%B0%9C%20%EC%8B%A0%EA%B7%9C%EC%A7%80%EC%9B%90%20%EB%8C%80%EC%83%81%EA%B3%BC%EC%A0%9C(3%EC%B0%A8)%20%ED%92%88%EB%AA%A9%EA%B0%9C%EC%9A%94%EC%84%9C.hwpx / 202606151059090078.hwpx: 404 Client Error: Not Found for url: https://www.bizinfo.go.kr/sii/siia/202606151059090078.hwpx,https://www.bizinfo.go.kr/sii/siia/selectSIIA200Detail.do?pblancId=PBLN_000000000123154
PBLN_000000000123158,2026년 3차 친환경양식어업육성 사업대상자 모집 재공고(품종별산업화시설지원-친환경개체굴생산지원),해양수산부,fetched,url,needs_review,large_amount_delta,기존 금액과 새 대표금액 차이가 큼,"amount_delta_20_percent:old=100000,new=350000",100000.0,subsidy,subtract,18,350000.0,subsidy,subtract,0.5,1716,23143,2026년 친환경양식어업육성(친환경개체굴생산시설) 사업대상자 모집공고(재공고_3차)+.pdf: 400 Client Error: Bad Request for url: https://www.bizinfo.go.kr/sii/siia/2026%EB%85%84%20%EC%B9%9C%ED%99%98%EA%B2%BD%EC%96%91%EC%8B%9D%EC%96%B4%EC%97%85%EC%9C%A1%EC%84%B1(%EC%B9%9C%ED%99%98%EA%B2%BD%EA%B0%9C%EC%B2%B4%EA%B5%B4%EC%83%9D%EC%82%B0%EC%8B%9C%EC%84%A4)%20%EC%82%AC%EC%97%85%EB%8C%80%EC%83%81%EC%9E%90%20%EB%AA%A8%EC%A7%91%EA%B3%B5%EA%B3%A0(%EC%9E%AC%EA%B3%B5%EA%B3%A0_3%EC%B0%A8)+.pdf / 202606151125520333.pdf: 404 Client Error: Not Found for url: https://www.bizinfo.go.kr/sii/siia/202606151125520333.pdf / 2026년 품종별산업화시설지원(친환경개체굴생산지원) 사업시행지침.hwpx: 400 Client Error: Bad Request for url: https://www.bizinfo.go.kr/sii/siia/2026%EB%85%84%20%ED%92%88%EC%A2%85%EB%B3%84%EC%82%B0%EC%97%85%ED%99%94%EC%8B%9C%EC%84%A4%EC%A7%80%EC%9B%90(%EC%B9%9C%ED%99%98%EA%B2%BD%EA%B0%9C%EC%B2%B4%EA%B5%B4%EC%83%9D%EC%82%B0%EC%A7%80%EC%9B%90)%20%EC%82%AC%EC%97%85%EC%8B%9C%ED%96%89%EC%A7%80%EC%B9%A8.hwpx / 202606151127450130.hwpx: 404 Client Error: Not Found for url: https://www.bizinfo.go.kr/sii/siia/202606151127450130.hwpx,https://www.bizinfo.go.kr/sii/siia/selectSIIA200Detail.do?pblancId=PBLN_000000000123158
PBLN_000000000123188,[경북] 북부 2026년 3차 지식재산 긴급지원 사업 모집 공고,경상북도,fetched,url,needs_review,large_amount_delta,기존 금액과 새 대표금액 차이가 큼,"amount_delta_20_percent:old=420,new=900",420.0,subsidy,subtract,39,900.0,subsidy,subtract,0.4,2356,11038,0. [공고문] 2026년 지식재산 긴급지원 사업 공고.hwp: 400 Client Error: Bad Request for url: https://www.bizinfo.go.kr/sii/siia/0.%20%5B%EA%B3%B5%EA%B3%A0%EB%AC%B8%5D%202026%EB%85%84%20%EC%A7%80%EC%8B%9D%EC%9E%AC%EC%82%B0%20%EA%B8%B4%EA%B8%89%EC%A7%80%EC%9B%90%20%EC%82%AC%EC%97%85%20%EA%B3%B5%EA%B3%A0.hwp / 202606151446330783.hwp: 404 Client Error: Not Found for url: https://www.bizinfo.go.kr/sii/siia/202606151446330783.hwp,https://www.bizinfo.go.kr/sii/siia/selectSIIA200Detail.do?pblancId=PBLN_000000000123188
PBLN_000000000123192,[경북] 영주시 2026년 3차 지식재산 긴급지원 사업 모집 공고,경상북도,fetched,url,needs_review,large_amount_delta,기존 금액과 새 대표금액 차이가 큼,"amount_delta_20_percent:old=1400,new=900",1400.0,subsidy,subtract,13,900.0,subsidy,subtract,0.4,2256,8750,0. [공고문] 2026년 지식재산 긴급지원 사업 공고.hwp: 400 Client Error: Bad Request for url: https://www.bizinfo.go.kr/sii/siia/0.%20%5B%EA%B3%B5%EA%B3%A0%EB%AC%B8%5D%202026%EB%85%84%20%EC%A7%80%EC%8B%9D%EC%9E%AC%EC%82%B0%20%EA%B8%B4%EA%B8%89%EC%A7%80%EC%9B%90%20%EC%82%AC%EC%97%85%20%EA%B3%B5%EA%B3%A0.hwp / 202606151451340121.hwp: 404 Client Error: Not Found for url: https://www.bizinfo.go.kr/sii/siia/202606151451340121.hwp,https://www.bizinfo.go.kr/sii/siia/selectSIIA200Detail.do?pblancId=PBLN_000000000123192
PBLN_000000000123205,[경기] 안양시 2026년 하반기 국내외 IP 출원 및 인증 지원사업 모집 공고,경기도,fetched,url,needs_review,selected_context_has_risk_keyword | large_amount_delta,선택 후보 주변에 총사업비/자부담 등 위험 키워드가 있음 | 기존 금액과 새 대표금액 차이가 큼,"amount_delta_20_percent:old=400,new=2e+06",400.0,support_amount,subtract,8,2000000.0,support_amount,subtract,0.8,2281,14441,공고문_2026년 국내외 IP 및 인증 지원사업 (하반기).hwp: 400 Client Error: Bad Request for url: https://www.bizinfo.go.kr/sii/siia/%EA%B3%B5%EA%B3%A0%EB%AC%B8_2026%EB%85%84%20%EA%B5%AD%EB%82%B4%EC%99%B8%20IP%20%EB%B0%8F%20%EC%9D%B8%EC%A6%9D%20%EC%A7%80%EC%9B%90%EC%82%AC%EC%97%85%20(%ED%95%98%EB%B0%98%EA%B8%B0).hwp / 신청서류_2026년 국내외 IP 출원 및 인증 지원사업 신청서류.hwp: 400 Client Error: Bad Request for url: https://www.bizinfo.go.kr/sii/siia/%EC%8B%A0%EC%B2%AD%EC%84%9C%EB%A5%98_2026%EB%85%84%20%EA%B5%AD%EB%82%B4%EC%99%B8%20IP%20%EC%B6%9C%EC%9B%90%20%EB%B0%8F%20%EC%9D%B8%EC%A6%9D%20%EC%A7%80%EC%9B%90%EC%82%AC%EC%97%85%20%EC%8B%A0%EC%B2%AD%EC%84%9C%EB%A5%98.hwp / 인증대상_인증지원 종류 및 범위.hwp: 400 Client Error: Bad Request for url: https://www.bizinfo.go.kr/sii/siia/%EC%9D%B8%EC%A6%9D%EB%8C%80%EC%83%81_%EC%9D%B8%EC%A6%9D%EC%A7%80%EC%9B%90%20%EC%A2%85%EB%A5%98%20%EB%B0%8F%20%EB%B2%94%EC%9C%84.hwp / 202606160955320628.hwp: 404 Client Error: Not Found for url: https://www.bizinfo.go.kr/sii/siia/202606160955320628.hwp / 202606160955380126.hwp: 404 Client Error: Not Found for url: https://www.bizinfo.go.kr/sii/siia/202606160955380126.hwp / 202606160955380258.hwp: 404 Client Error: Not Found for url: https://www.bizinfo.go.kr/sii/siia/202606160955380258.hwp,https://www.bizinfo.go.kr/sii/siia/selectSIIA200Detail.do?pblancId=PBLN_000000000123205
PBLN_000000000123210,2026년 2차 국가표준기술력향상사업 신규지원 대상과제 공고,산업통상부,fetched,url,needs_review,large_amount_delta,기존 금액과 새 대표금액 차이가 큼,"type_changed:subsidy->support_amount | amount_delta_20_percent:old=7000,new=5.985e+07",7000.0,subsidy,subtract,24,59850000.0,support_amount,subtract,1.0,2444,24112,2026년 제2차 공고대상 과제 품목요약서.pdf: 400 Client Error: Bad Request for url: https://www.bizinfo.go.kr/sii/siia/2026%EB%85%84%20%EC%A0%9C2%EC%B0%A8%20%EA%B3%B5%EA%B3%A0%EB%8C%80%EC%83%81%20%EA%B3%BC%EC%A0%9C%20%ED%92%88%EB%AA%A9%EC%9A%94%EC%95%BD%EC%84%9C.pdf / 2026년 제2차 국가표준기술력향상사업 신규지원 공고문.pdf: 400 Client Error: Bad Request for url: https://www.bizinfo.go.kr/sii/siia/2026%EB%85%84%20%EC%A0%9C2%EC%B0%A8%20%EA%B5%AD%EA%B0%80%ED%91%9C%EC%A4%80%EA%B8%B0%EC%88%A0%EB%A0%A5%ED%96%A5%EC%83%81%EC%82%AC%EC%97%85%20%EC%8B%A0%EA%B7%9C%EC%A7%80%EC%9B%90%20%EA%B3%B5%EA%B3%A0%EB%AC%B8.pdf / 202606161031030910.pdf: 404 Client Error: Not Found for url: https://www.bizinfo.go.kr/sii/siia/202606161031030910.pdf / 202606161031090396.pdf: 404 Client Error: Not Found for url: https://www.bizinfo.go.kr/sii/siia/202606161031090396.pdf,https://www.bizinfo.go.kr/sii/siia/selectSIIA200Detail.do?pblancId=PBLN_000000000123210
PBLN_000000000123247,[경남] 고성군 2026년 3차 시군구연고산업육성사업 지원기업 모집 공고,중소벤처기업부,fetched,url,needs_review,large_amount_delta,기존 금액과 새 대표금액 차이가 큼,"amount_delta_20_percent:old=3630,new=2500",3630.0,support_amount,subtract,17,2500.0,support_amount,subtract,0.1,2610,21281,기업지원사업 관리시스템(RMS)_사용자매뉴얼(신청기업용).pdf: 400 Client Error: Bad Request for url: https://www.bizinfo.go.kr/sii/siia/%EA%B8%B0%EC%97%85%EC%A7%80%EC%9B%90%EC%82%AC%EC%97%85%20%EA%B4%80%EB%A6%AC%EC%8B%9C%EC%8A%A4%ED%85%9C(RMS)_%EC%82%AC%EC%9A%A9%EC%9E%90%EB%A7%A4%EB%89%B4%EC%96%BC(%EC%8B%A0%EC%B2%AD%EA%B8%B0%EC%97%85%EC%9A%A9).pdf / 202606161441230212.pdf: 404 Client Error: Not Found for url: https://www.bizinfo.go.kr/sii/siia/202606161441230212.pdf / 2026년 시군구연고산업육성사업(고성군) 지원기업 3차 모집공고.hwp: 400 Client Error: Bad Request for url: https://www.bizinfo.go.kr/sii/siia/2026%EB%85%84%20%EC%8B%9C%EA%B5%B0%EA%B5%AC%EC%97%B0%EA%B3%A0%EC%82%B0%EC%97%85%EC%9C%A1%EC%84%B1%EC%82%AC%EC%97%85(%EA%B3%A0%EC%84%B1%EA%B5%B0)%20%EC%A7%80%EC%9B%90%EA%B8%B0%EC%97%85%203%EC%B0%A8%20%EB%AA%A8%EC%A7%91%EA%B3%B5%EA%B3%A0.hwp / 첨부1_2026년 시군구연고산업육성사업(고성군) 지원기업 사업신청서.hwp: 400 Client Error: Bad Request for url: https://www.bizinfo.go.kr/sii/siia/%EC%B2%A8%EB%B6%801_2026%EB%85%84%20%EC%8B%9C%EA%B5%B0%EA%B5%AC%EC%97%B0%EA%B3%A0%EC%82%B0%EC%97%85%EC%9C%A1%EC%84%B1%EC%82%AC%EC%97%85(%EA%B3%A0%EC%84%B1%EA%B5%B0)%20%EC%A7%80%EC%9B%90%EA%B8%B0%EC%97%85%20%EC%82%AC%EC%97%85%EC%8B%A0%EC%B2%AD%EC%84%9C.hwp / 첨부2_2026년 시군구연고산업육성사업(고성군) 지원기업 사업계획서.hwp: 400 Client Error: Bad Request for url: https://www.bizinfo.go.kr/sii/siia/%EC%B2%A8%EB%B6%802_2026%EB%85%84%20%EC%8B%9C%EA%B5%B0%EA%B5%AC%EC%97%B0%EA%B3%A0%EC%82%B0%EC%97%85%EC%9C%A1%EC%84%B1%EC%82%AC%EC%97%85(%EA%B3%A0%EC%84%B1%EA%B5%B0)%20%EC%A7%80%EC%9B%90%EA%B8%B0%EC%97%85%20%EC%82%AC%EC%97%85%EA%B3%84%ED%9A%8D%EC%84%9C.hwp / 202606161440200181.hwp: 404 Client Error: Not Found for url: https://www.bizinfo.go.kr/sii/siia/202606161440200181.hwp / 202606161441230033.hwp: 404 Client Error: Not Found for url: https://www.bizinfo.go.kr/sii/siia/202606161441230033.hwp / 202606161441230133.hwp: 404 Client Error: Not Found for url: https://www.bizinfo.go.kr/sii/siia/202606161441230133.hwp,https://www.bizinfo.go.kr/sii/siia/selectSIIA200Detail.do?pblancId=PBLN_000000000123247
PBLN_000000000123261,[인천] 2026년 우수디자인 시제품개발지원사업 모집 공고,인천광역시,fetched,url,needs_review,large_amount_delta,기존 금액과 새 대표금액 차이가 큼,"amount_delta_20_percent:old=290,new=2500",290.0,support_amount,subtract,11,2500.0,support_amount,subtract,0.7,2251,19770,붙임1_세부공고문 (1).pdf: 400 Client Error: Bad Request for url: https://www.bizinfo.go.kr/sii/siia/%EB%B6%99%EC%9E%841_%EC%84%B8%EB%B6%80%EA%B3%B5%EA%B3%A0%EB%AC%B8%20(1).pdf / 202606170938410525.pdf: 404 Client Error: Not Found for url: https://www.bizinfo.go.kr/sii/siia/202606170938410525.pdf / 붙임4_시제품개발지원_신청서식(예시).hwp: 400 Client Error: Bad Request for url: https://www.bizinfo.go.kr/sii/siia/%EB%B6%99%EC%9E%844_%EC%8B%9C%EC%A0%9C%ED%92%88%EA%B0%9C%EB%B0%9C%EC%A7%80%EC%9B%90_%EC%8B%A0%EC%B2%AD%EC%84%9C%EC%8B%9D(%EC%98%88%EC%8B%9C).hwp / 붙임5_시제품개발지원_관리규정_2026.hwp: 400 Client Error: Bad Request for url: https://www.bizinfo.go.kr/sii/siia/%EB%B6%99%EC%9E%845_%EC%8B%9C%EC%A0%9C%ED%92%88%EA%B0%9C%EB%B0%9C%EC%A7%80%EC%9B%90_%EA%B4%80%EB%A6%AC%EA%B7%9C%EC%A0%95_2026.hwp / 202606170937310632.hwp: 404 Client Error: Not Found for url: https://www.bizinfo.go.kr/sii/siia/202606170937310632.hwp / 202606170937320000.hwp: 404 Client Error: Not Found for url: https://www.bizinfo.go.kr/sii/siia/202606170937320000.hwp,https://www.bizinfo.go.kr/sii/siia/selectSIIA200Detail.do?pblancId=PBLN_000000000123261
PBLN_000000000123267,2026년 제5차 바이오ㆍ의료기술개발 사업 신규과제 공고,과학기술정보통신부,fetched,url,needs_review,large_amount_delta,기존 금액과 새 대표금액 차이가 큼,"type_changed:subsidy->support_amount | amount_delta_20_percent:old=1.37e+06,new=200000",1370000.0,subsidy,subtract,7,200000.0,support_amount,subtract,1.0,2516,32097,2026년도 바이오·의료기술개발 사업 제5차 신규과제 공고문+.pdf: 400 Client Error: Bad Request for url: https://www.bizinfo.go.kr/sii/siia/2026%EB%85%84%EB%8F%84%20%EB%B0%94%EC%9D%B4%EC%98%A4%C2%B7%EC%9D%98%EB%A3%8C%EA%B8%B0%EC%88%A0%EA%B0%9C%EB%B0%9C%20%EC%82%AC%EC%97%85%20%EC%A0%9C5%EC%B0%A8%20%EC%8B%A0%EA%B7%9C%EA%B3%BC%EC%A0%9C%20%EA%B3%B5%EA%B3%A0%EB%AC%B8+.pdf / 202606171027260084.pdf: 404 Client Error: Not Found for url: https://www.bizinfo.go.kr/sii/siia/202606171027260084.pdf / 202606171027390664.pdf: 404 Client Error: Not Found for url: https://www.bizinfo.go.kr/sii/siia/202606171027390664.pdf / 붙임1_과제제안요구서(RFP).pdf: 400 Client Error: Bad Request for url: https://www.bizinfo.go.kr/sii/siia/%EB%B6%99%EC%9E%841_%EA%B3%BC%EC%A0%9C%EC%A0%9C%EC%95%88%EC%9A%94%EA%B5%AC%EC%84%9C(RFP).pdf / 붙임3_생명자원 기탁 및 생명정보 등록에 관한 안내.hwpx: 400 Client Error: Bad Request for url: https://www.bizinfo.go.kr/sii/siia/%EB%B6%99%EC%9E%843_%EC%83%9D%EB%AA%85%EC%9E%90%EC%9B%90%20%EA%B8%B0%ED%83%81%20%EB%B0%8F%20%EC%83%9D%EB%AA%85%EC%A0%95%EB%B3%B4%20%EB%93%B1%EB%A1%9D%EC%97%90%20%EA%B4%80%ED%95%9C%20%EC%95%88%EB%82%B4.hwpx / 202606171027390913.hwpx: 404 Client Error: Not Found for url: https://www.bizinfo.go.kr/sii/siia/202606171027390913.hwpx,https://www.bizinfo.go.kr/sii/siia/selectSIIA200Detail.do?pblancId=PBLN_000000000123267
PBLN_000000000123277,[대전ㆍ충청] 2026년 중소기업 AI훈련확산 지원사업 참여기업 모집 공고,고용노동부,fetched,url,needs_review,large_amount_delta,기존 금액과 새 대표금액 차이가 큼,"amount_delta_20_percent:old=280,new=1000",280.0,support_amount,subtract,16,1000.0,support_amount,subtract,0.5,2430,13401,2026 AI훈련확산 지원사업 안내 리플렛.pdf: 400 Client Error: Bad Request for url: https://www.bizinfo.go.kr/sii/siia/2026%20AI%ED%9B%88%EB%A0%A8%ED%99%95%EC%82%B0%20%EC%A7%80%EC%9B%90%EC%82%AC%EC%97%85%20%EC%95%88%EB%82%B4%20%EB%A6%AC%ED%94%8C%EB%A0%9B.pdf / 2026 중소기업 AI훈련확산 지원사업 안내서(기업용)_한국문화산업협회.pdf: 400 Client Error: Bad Request for url: https://www.bizinfo.go.kr/sii/siia/2026%20%EC%A4%91%EC%86%8C%EA%B8%B0%EC%97%85%20AI%ED%9B%88%EB%A0%A8%ED%99%95%EC%82%B0%20%EC%A7%80%EC%9B%90%EC%82%AC%EC%97%85%20%EC%95%88%EB%82%B4%EC%84%9C(%EA%B8%B0%EC%97%85%EC%9A%A9)_%ED%95%9C%EA%B5%AD%EB%AC%B8%ED%99%94%EC%82%B0%EC%97%85%ED%98%91%ED%9A%8C.pdf / 2026 중소기업AI훈련확산센터 참여기업 모집 안내자료_한국문화산업협회.pdf: 400 Client Error: Bad Request for url: https://www.bizinfo.go.kr/sii/siia/2026%20%EC%A4%91%EC%86%8C%EA%B8%B0%EC%97%85AI%ED%9B%88%EB%A0%A8%ED%99%95%EC%82%B0%EC%84%BC%ED%84%B0%20%EC%B0%B8%EC%97%AC%EA%B8%B0%EC%97%85%20%EB%AA%A8%EC%A7%91%20%EC%95%88%EB%82%B4%EC%9E%90%EB%A3%8C_%ED%95%9C%EA%B5%AD%EB%AC%B8%ED%99%94%EC%82%B0%EC%97%85%ED%98%91%ED%9A%8C.pdf / 202606171118000630.pdf: 404 Client Error: Not Found for url: https://www.bizinfo.go.kr/sii/siia/202606171118000630.pdf / 202606171118050879.pdf: 404 Client Error: Not Found for url: https://www.bizinfo.go.kr/sii/siia/202606171118050879.pdf / 202606171118060044.pdf: 404 Client Error: Not Found for url: https://www.bizinfo.go.kr/sii/siia/202606171118060044.pdf / 2026 AI훈련확산 지원사업 안내 리플렛.pdf: text extraction failed,https://www.bizinfo.go.kr/sii/siia/selectSIIA200Detail.do?pblancId=PBLN_000000000123277
PBLN_000000000123300,[광주] 2026년 자동차 부품업체 지속 가능 전환기업 육성지원사업 지원기업 모집 공고,광주광역시,fetched,url,needs_review,large_amount_delta,기존 금액과 새 대표금액 차이가 큼,"amount_delta_20_percent:old=1600,new=2500",1600.0,support_amount,subtract,6,2500.0,support_amount,subtract,,1960,9689,1._2026년도_광주_자동차_부품업체_지속가능_전환기업_육성지원사업_모집_공고.hwp: 400 Client Error: Bad Request for url: https://www.bizinfo.go.kr/sii/siia/1._2026%EB%85%84%EB%8F%84_%EA%B4%91%EC%A3%BC_%EC%9E%90%EB%8F%99%EC%B0%A8_%EB%B6%80%ED%92%88%EC%97%85%EC%B2%B4_%EC%A7%80%EC%86%8D%EA%B0%80%EB%8A%A5_%EC%A0%84%ED%99%98%EA%B8%B0%EC%97%85_%EC%9C%A1%EC%84%B1%EC%A7%80%EC%9B%90%EC%82%AC%EC%97%85_%EB%AA%A8%EC%A7%91_%EA%B3%B5%EA%B3%A0.hwp / 202606171357120911.hwp: 404 Client Error: Not Found for url: https://www.bizinfo.go.kr/sii/siia/202606171357120911.hwp / 202606171358110578.hwp: 404 Client Error: Not Found for url: https://www.bizinfo.go.kr/sii/siia/202606171358110578.hwp / 3._별첨서류(양식).hwp: 400 Client Error: Bad Request for url: https://www.bizinfo.go.kr/sii/siia/3._%EB%B3%84%EC%B2%A8%EC%84%9C%EB%A5%98(%EC%96%91%EC%8B%9D).hwp,https://www.bizinfo.go.kr/sii/siia/selectSIIA200Detail.do?pblancId=PBLN_000000000123300
PBLN_000000000123371,[경남] 사천시ㆍ진주시 2026년 2차 우주ㆍ항공 제조기업 대상 DX 기반 품질ㆍ공정 개선 및 생산성 향상을 위한 무료 컨설팅 및 전문인력양성 지원사업 공고,산업통상부,fetched,url,needs_review,large_amount_delta,기존 금액과 새 대표금액 차이가 큼,"amount_delta_20_percent:old=1500,new=700",1500.0,support_amount,subtract,9,700.0,support_amount,subtract,1.0,1954,12905,(공고문) 2026년도 제조기업 DX를 위한 무료 컨설팅 및 전문인력양성 지원사업 2차 공고.hwp: 400 Client Error: Bad Request for url: https://www.bizinfo.go.kr/sii/siia/(%EA%B3%B5%EA%B3%A0%EB%AC%B8)%202026%EB%85%84%EB%8F%84%20%EC%A0%9C%EC%A1%B0%EA%B8%B0%EC%97%85%20DX%EB%A5%BC%20%EC%9C%84%ED%95%9C%20%EB%AC%B4%EB%A3%8C%20%EC%BB%A8%EC%84%A4%ED%8C%85%20%EB%B0%8F%20%EC%A0%84%EB%AC%B8%EC%9D%B8%EB%A0%A5%EC%96%91%EC%84%B1%20%EC%A7%80%EC%9B%90%EC%82%AC%EC%97%85%202%EC%B0%A8%20%EA%B3%B5%EA%B3%A0.hwp / 붙임1. 지원사업_신청양식_KETI.hwp: 400 Client Error: Bad Request for url: https://www.bizinfo.go.kr/sii/siia/%EB%B6%99%EC%9E%841.%20%EC%A7%80%EC%9B%90%EC%82%AC%EC%97%85_%EC%8B%A0%EC%B2%AD%EC%96%91%EC%8B%9D_KETI.hwp / 202606181435020634.hwp: 404 Client Error: Not Found for url: https://www.bizinfo.go.kr/sii/siia/202606181435020634.hwp / 202606181443380987.hwp: 404 Client Error: Not Found for url: https://www.bizinfo.go.kr/sii/siia/202606181443380987.hwp,https://www.bizinfo.go.kr/sii/siia/selectSIIA200Detail.do?pblancId=PBLN_000000000123371
PBLN_000000000123399,[경북] 2026년 소공인 클린제조환경조성 사업 모집 공고,경상북도,fetched,url,needs_review,large_amount_delta,기존 금액과 새 대표금액 차이가 큼,"type_changed:subsidy->support_amount | amount_delta_20_percent:old=630,new=1050",630.0,subsidy,subtract,11,1050.0,support_amount,subtract,0.15,2367,18018,[공고문]_2026년_경상북도_소공인_클린제조환경조성_사업_모집_공고.pdf: 400 Client Error: Bad Request for url: https://www.bizinfo.go.kr/sii/siia/%5B%EA%B3%B5%EA%B3%A0%EB%AC%B8%5D_2026%EB%85%84_%EA%B2%BD%EC%83%81%EB%B6%81%EB%8F%84_%EC%86%8C%EA%B3%B5%EC%9D%B8_%ED%81%B4%EB%A6%B0%EC%A0%9C%EC%A1%B0%ED%99%98%EA%B2%BD%EC%A1%B0%EC%84%B1_%EC%82%AC%EC%97%85_%EB%AA%A8%EC%A7%91_%EA%B3%B5%EA%B3%A0.pdf / 202606191428430211.pdf: 404 Client Error: Not Found for url: https://www.bizinfo.go.kr/sii/siia/202606191428430211.pdf / 202606191429080390.hwp: 404 Client Error: Not Found for url: https://www.bizinfo.go.kr/sii/siia/202606191429080390.hwp / [신청양식_및_참고자료]_2026년_경상북도_소공인_클린제조환경조성사업.hwp: 400 Client Error: Bad Request for url: https://www.bizinfo.go.kr/sii/siia/%5B%EC%8B%A0%EC%B2%AD%EC%96%91%EC%8B%9D_%EB%B0%8F_%EC%B0%B8%EA%B3%A0%EC%9E%90%EB%A3%8C%5D_2026%EB%85%84_%EA%B2%BD%EC%83%81%EB%B6%81%EB%8F%84_%EC%86%8C%EA%B3%B5%EC%9D%B8_%ED%81%B4%EB%A6%B0%EC%A0%9C%EC%A1%B0%ED%99%98%EA%B2%BD%EC%A1%B0%EC%84%B1%EC%82%AC%EC%97%85.hwp,https://www.bizinfo.go.kr/sii/siia/selectSIIA200Detail.do?pblancId=PBLN_000000000123399
PBLN_000000000123416,[경북] 영천시 2026년 2차 중소기업 혁신기술개발 지원사업 공고,경상북도,fetched,url,needs_review,large_amount_delta,기존 금액과 새 대표금액 차이가 큼,"amount_delta_20_percent:old=311,new=5000",311.0,support_amount,subtract,11,5000.0,support_amount,subtract,0.2,2389,21806,[공고문] 2026년 영천시 중소기업 혁신기술개발 지원사업 2차 모집 공고+.pdf: 400 Client Error: Bad Request for url: https://www.bizinfo.go.kr/sii/siia/%5B%EA%B3%B5%EA%B3%A0%EB%AC%B8%5D%202026%EB%85%84%20%EC%98%81%EC%B2%9C%EC%8B%9C%20%EC%A4%91%EC%86%8C%EA%B8%B0%EC%97%85%20%ED%98%81%EC%8B%A0%EA%B8%B0%EC%88%A0%EA%B0%9C%EB%B0%9C%20%EC%A7%80%EC%9B%90%EC%82%AC%EC%97%85%202%EC%B0%A8%20%EB%AA%A8%EC%A7%91%20%EA%B3%B5%EA%B3%A0+.pdf / 202606221040570071.pdf: 404 Client Error: Not Found for url: https://www.bizinfo.go.kr/sii/siia/202606221040570071.pdf / [R&D 서식] 2026년 영천시 중소기업 혁신기술개발 지원사업 R&D 지원 사업계획서.hwp: 400 Client Error: Bad Request for url: https://www.bizinfo.go.kr/sii/siia/%5BR&D%20%EC%84%9C%EC%8B%9D%5D%202026%EB%85%84%20%EC%98%81%EC%B2%9C%EC%8B%9C%20%EC%A4%91%EC%86%8C%EA%B8%B0%EC%97%85%20%ED%98%81%EC%8B%A0%EA%B8%B0%EC%88%A0%EA%B0%9C%EB%B0%9C%20%EC%A7%80%EC%9B%90%EC%82%AC%EC%97%85%20R&D%20%EC%A7%80%EC%9B%90%20%EC%82%AC%EC%97%85%EA%B3%84%ED%9A%8D%EC%84%9C.hwp / [공고문] 2026년 영천시 중소기업 혁신기술개발 지원사업 2차 모집 공고.hwp: 400 Client Error: Bad Request for url: https://www.bizinfo.go.kr/sii/siia/%5B%EA%B3%B5%EA%B3%A0%EB%AC%B8%5D%202026%EB%85%84%20%EC%98%81%EC%B2%9C%EC%8B%9C%20%EC%A4%91%EC%86%8C%EA%B8%B0%EC%97%85%20%ED%98%81%EC%8B%A0%EA%B8%B0%EC%88%A0%EA%B0%9C%EB%B0%9C%20%EC%A7%80%EC%9B%90%EC%82%AC%EC%97%85%202%EC%B0%A8%20%EB%AA%A8%EC%A7%91%20%EA%B3%B5%EA%B3%A0.hwp / [비R&D 서식] 2026년 영천시 중소기업 혁신기술개발 지원사업 비R&D 지원 사업계획서.hwp: 400 Client Error: Bad Request for url: https://www.bizinfo.go.kr/sii/siia/%5B%EB%B9%84R&D%20%EC%84%9C%EC%8B%9D%5D%202026%EB%85%84%20%EC%98%81%EC%B2%9C%EC%8B%9C%20%EC%A4%91%EC%86%8C%EA%B8%B0%EC%97%85%20%ED%98%81%EC%8B%A0%EA%B8%B0%EC%88%A0%EA%B0%9C%EB%B0%9C%20%EC%A7%80%EC%9B%90%EC%82%AC%EC%97%85%20%EB%B9%84R&D%20%EC%A7%80%EC%9B%90%20%EC%82%AC%EC%97%85%EA%B3%84%ED%9A%8D%EC%84%9C.hwp / 202606221041110714.hwp: 404 Client Error: Not Found for url: https://www.bizinfo.go.kr/sii/siia/202606221041110714.hwp / 202606221041110885.hwp: 404 Client Error: Not Found for url: https://www.bizinfo.go.kr/sii/siia/202606221041110885.hwp / 202606221041110955.hwp: 404 Client Error: Not Found for url: https://www.bizinfo.go.kr/sii/siia/202606221041110955.hwp / 202606221041120014.hwp: 404 Client Error: Not Found for url: https://www.bizinfo.go.kr/sii/siia/202606221041120014.hwp / 202606221041120070.hwp: 404 Client Error: Not Found for url: https://www.bizinfo.go.kr/sii/siia/202606221041120070.hwp,https://www.bizinfo.go.kr/sii/siia/selectSIIA200Detail.do?pblancId=PBLN_000000000123416
PBLN_000000000123417,[경북] 영천시 2026년 2차 중소기업 고부가가치 전환육성 지원사업 공고,경상북도,fetched,url,needs_review,large_amount_delta,기존 금액과 새 대표금액 차이가 큼,"amount_delta_20_percent:old=311,new=10000",311.0,support_amount,subtract,10,10000.0,support_amount,subtract,0.2,2379,21489,[공고문] 2026년 영천시 중소기업 고부가가치 전환육성 지원사업 2차 모집 공고+.pdf: 400 Client Error: Bad Request for url: https://www.bizinfo.go.kr/sii/siia/%5B%EA%B3%B5%EA%B3%A0%EB%AC%B8%5D%202026%EB%85%84%20%EC%98%81%EC%B2%9C%EC%8B%9C%20%EC%A4%91%EC%86%8C%EA%B8%B0%EC%97%85%20%EA%B3%A0%EB%B6%80%EA%B0%80%EA%B0%80%EC%B9%98%20%EC%A0%84%ED%99%98%EC%9C%A1%EC%84%B1%20%EC%A7%80%EC%9B%90%EC%82%AC%EC%97%85%202%EC%B0%A8%20%EB%AA%A8%EC%A7%91%20%EA%B3%B5%EA%B3%A0+.pdf / 202606221047170414.pdf: 404 Client Error: Not Found for url: https://www.bizinfo.go.kr/sii/siia/202606221047170414.pdf / [R&D 서식] 2026년 영천시 중소기업 고부가가치 전환육성 지원사업 R&D 지원 사업계획서.hwp: 400 Client Error: Bad Request for url: https://www.bizinfo.go.kr/sii/siia/%5BR&D%20%EC%84%9C%EC%8B%9D%5D%202026%EB%85%84%20%EC%98%81%EC%B2%9C%EC%8B%9C%20%EC%A4%91%EC%86%8C%EA%B8%B0%EC%97%85%20%EA%B3%A0%EB%B6%80%EA%B0%80%EA%B0%80%EC%B9%98%20%EC%A0%84%ED%99%98%EC%9C%A1%EC%84%B1%20%EC%A7%80%EC%9B%90%EC%82%AC%EC%97%85%20R&D%20%EC%A7%80%EC%9B%90%20%EC%82%AC%EC%97%85%EA%B3%84%ED%9A%8D%EC%84%9C.hwp / [공고문] 2026년 영천시 중소기업 고부가가치 전환육성 지원사업 2차 모집 공고.hwp: 400 Client Error: Bad Request for url: https://www.bizinfo.go.kr/sii/siia/%5B%EA%B3%B5%EA%B3%A0%EB%AC%B8%5D%202026%EB%85%84%20%EC%98%81%EC%B2%9C%EC%8B%9C%20%EC%A4%91%EC%86%8C%EA%B8%B0%EC%97%85%20%EA%B3%A0%EB%B6%80%EA%B0%80%EA%B0%80%EC%B9%98%20%EC%A0%84%ED%99%98%EC%9C%A1%EC%84%B1%20%EC%A7%80%EC%9B%90%EC%82%AC%EC%97%85%202%EC%B0%A8%20%EB%AA%A8%EC%A7%91%20%EA%B3%B5%EA%B3%A0.hwp / [비R&D 서식] 2026년 영천시 중소기업 고부가가치 전환육성 지원사업 비R&D 지원 사업계획서.hwp: 400 Client Error: Bad Request for url: https://www.bizinfo.go.kr/sii/siia/%5B%EB%B9%84R&D%20%EC%84%9C%EC%8B%9D%5D%202026%EB%85%84%20%EC%98%81%EC%B2%9C%EC%8B%9C%20%EC%A4%91%EC%86%8C%EA%B8%B0%EC%97%85%20%EA%B3%A0%EB%B6%80%EA%B0%80%EA%B0%80%EC%B9%98%20%EC%A0%84%ED%99%98%EC%9C%A1%EC%84%B1%20%EC%A7%80%EC%9B%90%EC%82%AC%EC%97%85%20%EB%B9%84R&D%20%EC%A7%80%EC%9B%90%20%EC%82%AC%EC%97%85%EA%B3%84%ED%9A%8D%EC%84%9C.hwp / 202606221047420693.hwp: 404 Client Error: Not Found for url: https://www.bizinfo.go.kr/sii/siia/202606221047420693.hwp / 202606221047420794.hwp: 404 Client Error: Not Found for url: https://www.bizinfo.go.kr/sii/siia/202606221047420794.hwp / 202606221047420913.hwp: 404 Client Error: Not Found for url: https://www.bizinfo.go.kr/sii/siia/202606221047420913.hwp / 202606221047420967.hwp: 404 Client Error: Not Found for url: https://www.bizinfo.go.kr/sii/siia/202606221047420967.hwp / 202606221047430020.hwp: 404 Client Error: Not Found for url: https://www.bizinfo.go.kr/sii/siia/202606221047430020.hwp,https://www.bizinfo.go.kr/sii/siia/selectSIIA200Detail.do?pblancId=PBLN_000000000123417
PBLN_000000000123419,2026년 소공인 클린제조환경조성사업 추가 모집 공고,중소벤처기업부,fetched,url,needs_review,large_amount_delta,기존 금액과 새 대표금액 차이가 큼,"type_changed:subsidy->support_amount | amount_delta_20_percent:old=630,new=1050",630.0,subsidy,subtract,16,1050.0,support_amount,subtract,0.15,2389,24120,2026년_소공인_클린제조환경조성_사업_추가_모집_공고.pdf: 400 Client Error: Bad Request for url: https://www.bizinfo.go.kr/sii/siia/2026%EB%85%84_%EC%86%8C%EA%B3%B5%EC%9D%B8_%ED%81%B4%EB%A6%B0%EC%A0%9C%EC%A1%B0%ED%99%98%EA%B2%BD%EC%A1%B0%EC%84%B1_%EC%82%AC%EC%97%85_%EC%B6%94%EA%B0%80_%EB%AA%A8%EC%A7%91_%EA%B3%B5%EA%B3%A0.pdf / 202606221039500434.pdf: 404 Client Error: Not Found for url: https://www.bizinfo.go.kr/sii/siia/202606221039500434.pdf / 2026년_소공인_클린제조환경조성_사업_추가_모집_공고.hwpx: 400 Client Error: Bad Request for url: https://www.bizinfo.go.kr/sii/siia/2026%EB%85%84_%EC%86%8C%EA%B3%B5%EC%9D%B8_%ED%81%B4%EB%A6%B0%EC%A0%9C%EC%A1%B0%ED%99%98%EA%B2%BD%EC%A1%B0%EC%84%B1_%EC%82%AC%EC%97%85_%EC%B6%94%EA%B0%80_%EB%AA%A8%EC%A7%91_%EA%B3%B5%EA%B3%A0.hwpx / 202606221039550088.hwpx: 404 Client Error: Not Found for url: https://www.bizinfo.go.kr/sii/siia/202606221039550088.hwpx,https://www.bizinfo.go.kr/sii/siia/selectSIIA200Detail.do?pblancId=PBLN_000000000123419
PBLN_000000000123421,"2026년 중소기업기술혁신개발사업 글로벌선도기술개발(함께달리기, 이어달리기) 시행계획 공고",중소벤처기업부,fetched,url,needs_review,large_amount_delta,기존 금액과 새 대표금액 차이가 큼,"type_changed:subsidy->support_amount | amount_delta_20_percent:old=100000,new=50000",100000.0,subsidy,subtract,30,50000.0,support_amount,subtract,0.65,2644,19226,[공고_제2026-401호]_2026년도_중소기업기술혁신개발사업_수출지향형(함께달리기_이어달리기)_시행계획_공고.pdf: 400 Client Error: Bad Request for url: https://www.bizinfo.go.kr/sii/siia/%5B%EA%B3%B5%EA%B3%A0_%EC%A0%9C2026-401%ED%98%B8%5D_2026%EB%85%84%EB%8F%84_%EC%A4%91%EC%86%8C%EA%B8%B0%EC%97%85%EA%B8%B0%EC%88%A0%ED%98%81%EC%8B%A0%EA%B0%9C%EB%B0%9C%EC%82%AC%EC%97%85_%EC%88%98%EC%B6%9C%EC%A7%80%ED%96%A5%ED%98%95(%ED%95%A8%EA%BB%98%EB%8B%AC%EB%A6%AC%EA%B8%B0_%EC%9D%B4%EC%96%B4%EB%8B%AC%EB%A6%AC%EA%B8%B0)_%EC%8B%9C%ED%96%89%EA%B3%84%ED%9A%8D_%EA%B3%B5%EA%B3%A0.pdf / 202606221055230676.pdf: 404 Client Error: Not Found for url: https://www.bizinfo.go.kr/sii/siia/202606221055230676.pdf / [공고_제2026-401호]_2026년도_중소기업기술혁신개발사업_수출지향형(함께달리기_이어달리기)_시행계획_공고.hwpx: 400 Client Error: Bad Request for url: https://www.bizinfo.go.kr/sii/siia/%5B%EA%B3%B5%EA%B3%A0_%EC%A0%9C2026-401%ED%98%B8%5D_2026%EB%85%84%EB%8F%84_%EC%A4%91%EC%86%8C%EA%B8%B0%EC%97%85%EA%B8%B0%EC%88%A0%ED%98%81%EC%8B%A0%EA%B0%9C%EB%B0%9C%EC%82%AC%EC%97%85_%EC%88%98%EC%B6%9C%EC%A7%80%ED%96%A5%ED%98%95(%ED%95%A8%EA%BB%98%EB%8B%AC%EB%A6%AC%EA%B8%B0_%EC%9D%B4%EC%96%B4%EB%8B%AC%EB%A6%AC%EA%B8%B0)_%EC%8B%9C%ED%96%89%EA%B3%84%ED%9A%8D_%EA%B3%B5%EA%B3%A0.hwpx / [붙임1-1]_중소기업기술개발_지원사업_보안대책.hwpx: 400 Client Error: Bad Request for url: https://www.bizinfo.go.kr/sii/siia/%5B%EB%B6%99%EC%9E%841-1%5D_%EC%A4%91%EC%86%8C%EA%B8%B0%EC%97%85%EA%B8%B0%EC%88%A0%EA%B0%9C%EB%B0%9C_%EC%A7%80%EC%9B%90%EC%82%AC%EC%97%85_%EB%B3%B4%EC%95%88%EB%8C%80%EC%B1%85.hwpx / [붙임1]_신청방법_및_신청_또는_지원_제외사항_등_유의사항.hwpx: 400 Client Error: Bad Request for url: https://www.bizinfo.go.kr/sii/siia/%5B%EB%B6%99%EC%9E%841%5D_%EC%8B%A0%EC%B2%AD%EB%B0%A9%EB%B2%95_%EB%B0%8F_%EC%8B%A0%EC%B2%AD_%EB%98%90%EB%8A%94_%EC%A7%80%EC%9B%90_%EC%A0%9C%EC%99%B8%EC%82%AC%ED%95%AD_%EB%93%B1_%EC%9C%A0%EC%9D%98%EC%82%AC%ED%95%AD.hwpx / [붙임2-1]_글로벌선도기술개발(함께달리기)_세부_지원내용.hwpx: 400 Client Error: Bad Request for url: https://www.bizinfo.go.kr/sii/siia/%5B%EB%B6%99%EC%9E%842-1%5D_%EA%B8%80%EB%A1%9C%EB%B2%8C%EC%84%A0%EB%8F%84%EA%B8%B0%EC%88%A0%EA%B0%9C%EB%B0%9C(%ED%95%A8%EA%BB%98%EB%8B%AC%EB%A6%AC%EA%B8%B0)_%EC%84%B8%EB%B6%80_%EC%A7%80%EC%9B%90%EB%82%B4%EC%9A%A9.hwpx / [붙임2-2]_글로벌선도기술개발(이어달리기)_세부_지원내용.hwpx: 400 Client Error: Bad Request for url: https://www.bizinfo.go.kr/sii/siia/%5B%EB%B6%99%EC%9E%842-2%5D_%EA%B8%80%EB%A1%9C%EB%B2%8C%EC%84%A0%EB%8F%84%EA%B8%B0%EC%88%A0%EA%B0%9C%EB%B0%9C(%EC%9D%B4%EC%96%B4%EB%8B%AC%EB%A6%AC%EA%B8%B0)_%EC%84%B8%EB%B6%80_%EC%A7%80%EC%9B%90%EB%82%B4%EC%9A%A9.hwpx / 202606221057080567.hwpx: 404 Client Error: Not Found for url: https://www.bizinfo.go.kr/sii/siia/202606221057080567.hwpx / 202606221057080670.hwpx: 404 Client Error: Not Found for url: https://www.bizinfo.go.kr/sii/siia/202606221057080670.hwpx / 202606221057080729.hwpx: 404 Client Error: Not Found for url: https://www.bizinfo.go.kr/sii/siia/202606221057080729.hwpx,https://www.bizinfo.go.kr/sii/siia/selectSIIA200Detail.do?pblancId=PBLN_000000000123421
PBLN_000000000123456,[전남] 화순군 2026년 스타기업 모집 공고,전라남도,fetched,url,needs_review,large_amount_delta,기존 금액과 새 대표금액 차이가 큼,"amount_delta_20_percent:old=6000,new=2000",6000.0,support_amount,subtract,8,2000.0,support_amount,subtract,0.1,1736,11340,붙임 1. 화순군스타기업육성사업 지원사업 공고문.hwp: 400 Client Error: Bad Request for url: https://www.bizinfo.go.kr/sii/siia/%EB%B6%99%EC%9E%84%201.%20%ED%99%94%EC%88%9C%EA%B5%B0%EC%8A%A4%ED%83%80%EA%B8%B0%EC%97%85%EC%9C%A1%EC%84%B1%EC%82%AC%EC%97%85%20%EC%A7%80%EC%9B%90%EC%82%AC%EC%97%85%20%EA%B3%B5%EA%B3%A0%EB%AC%B8.hwp / 202606221435590203.hwp: 404 Client Error: Not Found for url: https://www.bizinfo.go.kr/sii/siia/202606221435590203.hwp / 202606221436060021.hwp: 404 Client Error: Not Found for url: https://www.bizinfo.go.kr/sii/siia/202606221436060021.hwp / 붙임 2. 사업신청 양식(화순).hwp: 400 Client Error: Bad Request for url: https://www.bizinfo.go.kr/sii/siia/%EB%B6%99%EC%9E%84%202.%20%EC%82%AC%EC%97%85%EC%8B%A0%EC%B2%AD%20%EC%96%91%EC%8B%9D(%ED%99%94%EC%88%9C).hwp,https://www.bizinfo.go.kr/sii/siia/selectSIIA200Detail.do?pblancId=PBLN_000000000123456
PBLN_000000000123459,[경북] 2026년 4차 푸드테크 스마트 제조 기반 구축 사업 재공고,경상북도,fetched,url,needs_review,large_amount_delta,기존 금액과 새 대표금액 차이가 큼,"type_changed:support_amount->loan | roi_method_changed:subtract->exclude | amount_delta_20_percent:old=4500,new=80000",4500.0,support_amount,subtract,13,80000.0,loan,exclude,0.025,2384,31987,(공고문)2026년 푸드테크 스마트 제조 기반 구축 사업 재공고(4차).pdf: 400 Client Error: Bad Request for url: https://www.bizinfo.go.kr/sii/siia/(%EA%B3%B5%EA%B3%A0%EB%AC%B8)2026%EB%85%84%20%ED%91%B8%EB%93%9C%ED%85%8C%ED%81%AC%20%EC%8A%A4%EB%A7%88%ED%8A%B8%20%EC%A0%9C%EC%A1%B0%20%EA%B8%B0%EB%B0%98%20%EA%B5%AC%EC%B6%95%20%EC%82%AC%EC%97%85%20%EC%9E%AC%EA%B3%B5%EA%B3%A0(4%EC%B0%A8).pdf / 202606221434050176.pdf: 404 Client Error: Not Found for url: https://www.bizinfo.go.kr/sii/siia/202606221434050176.pdf / (계획서)2026년 푸드테크 스마트 제조 기반 구축 사업계획서.hwp: 400 Client Error: Bad Request for url: https://www.bizinfo.go.kr/sii/siia/(%EA%B3%84%ED%9A%8D%EC%84%9C)2026%EB%85%84%20%ED%91%B8%EB%93%9C%ED%85%8C%ED%81%AC%20%EC%8A%A4%EB%A7%88%ED%8A%B8%20%EC%A0%9C%EC%A1%B0%20%EA%B8%B0%EB%B0%98%20%EA%B5%AC%EC%B6%95%20%EC%82%AC%EC%97%85%EA%B3%84%ED%9A%8D%EC%84%9C.hwp / (붙임)푸드테크 스마트제조 기반 구축 사업공고.hwp: 400 Client Error: Bad Request for url: https://www.bizinfo.go.kr/sii/siia/(%EB%B6%99%EC%9E%84)%ED%91%B8%EB%93%9C%ED%85%8C%ED%81%AC%20%EC%8A%A4%EB%A7%88%ED%8A%B8%EC%A0%9C%EC%A1%B0%20%EA%B8%B0%EB%B0%98%20%EA%B5%AC%EC%B6%95%20%EC%82%AC%EC%97%85%EA%B3%B5%EA%B3%A0.hwp / (서식)2026년 푸드테크 스마트 제조 기반 구축 사업 서식.hwp: 400 Client Error: Bad Request for url: https://www.bizinfo.go.kr/sii/siia/(%EC%84%9C%EC%8B%9D)2026%EB%85%84%20%ED%91%B8%EB%93%9C%ED%85%8C%ED%81%AC%20%EC%8A%A4%EB%A7%88%ED%8A%B8%20%EC%A0%9C%EC%A1%B0%20%EA%B8%B0%EB%B0%98%20%EA%B5%AC%EC%B6%95%20%EC%82%AC%EC%97%85%20%EC%84%9C%EC%8B%9D.hwp / 202606221434110054.hwp: 404 Client Error: Not Found for url: https://www.bizinfo.go.kr/sii/siia/202606221434110054.hwp / 202606221434110147.hwp: 404 Client Error: Not Found for url: https://www.bizinfo.go.kr/sii/siia/202606221434110147.hwp / 202606221434110217.hwp: 404 Client Error: Not Found for url: https://www.bizinfo.go.kr/sii/siia/202606221434110217.hwp / (공고문)2026년 푸드테크 스마트 제조 기반 구축 사업 재공고(4차).pdf: text extraction failed,https://www.bizinfo.go.kr/sii/siia/selectSIIA200Detail.do?pblancId=PBLN_000000000123459
PBLN_000000000123468,2026년 에너지신산업 개방형 혁신생태계 OpenLAB 조성사업 기업지원사업 수혜기업모집 공고,산업통상부,fetched,url,needs_review,large_amount_delta,기존 금액과 새 대표금액 차이가 큼,"amount_delta_20_percent:old=8700,new=3000",8700.0,support_amount,subtract,17,3000.0,support_amount,subtract,,2459,18169,1.『OpenLAB조성사업』2026년기업지원사업수혜기업모집공고+.pdf: 400 Client Error: Bad Request for url: https://www.bizinfo.go.kr/sii/siia/1.%E3%80%8EOpenLAB%EC%A1%B0%EC%84%B1%EC%82%AC%EC%97%85%E3%80%8F2026%EB%85%84%EA%B8%B0%EC%97%85%EC%A7%80%EC%9B%90%EC%82%AC%EC%97%85%EC%88%98%ED%98%9C%EA%B8%B0%EC%97%85%EB%AA%A8%EC%A7%91%EA%B3%B5%EA%B3%A0+.pdf / 202606230941300456.pdf: 404 Client Error: Not Found for url: https://www.bizinfo.go.kr/sii/siia/202606230941300456.pdf / 202606230940580502.hwpx: 404 Client Error: Not Found for url: https://www.bizinfo.go.kr/sii/siia/202606230940580502.hwpx / 202606230940580571.hwpx: 404 Client Error: Not Found for url: https://www.bizinfo.go.kr/sii/siia/202606230940580571.hwpx / [참고]R&D품목개요서(세부1).hwpx: 400 Client Error: Bad Request for url: https://www.bizinfo.go.kr/sii/siia/%5B%EC%B0%B8%EA%B3%A0%5DR&D%ED%92%88%EB%AA%A9%EA%B0%9C%EC%9A%94%EC%84%9C(%EC%84%B8%EB%B6%801).hwpx / [참고]R&D품목개요서(세부2).hwpx: 400 Client Error: Bad Request for url: https://www.bizinfo.go.kr/sii/siia/%5B%EC%B0%B8%EA%B3%A0%5DR&D%ED%92%88%EB%AA%A9%EA%B0%9C%EC%9A%94%EC%84%9C(%EC%84%B8%EB%B6%802).hwpx / 2.기업지원사업신청서및계획서(양식).hwp: 400 Client Error: Bad Request for url: https://www.bizinfo.go.kr/sii/siia/2.%EA%B8%B0%EC%97%85%EC%A7%80%EC%9B%90%EC%82%AC%EC%97%85%EC%8B%A0%EC%B2%AD%EC%84%9C%EB%B0%8F%EA%B3%84%ED%9A%8D%EC%84%9C(%EC%96%91%EC%8B%9D).hwp / 202606230940580384.hwp: 404 Client Error: Not Found for url: https://www.bizinfo.go.kr/sii/siia/202606230940580384.hwp,https://www.bizinfo.go.kr/sii/siia/selectSIIA200Detail.do?pblancId=PBLN_000000000123468
PBLN_000000000123472,[세종] 2026년 정보보호 기업육성(사업화 & 창업ㆍ벤처 육성) 지원사업 모집 공고,세종특별자치시,fetched,url,needs_review,large_amount_delta,기존 금액과 새 대표금액 차이가 큼,"amount_delta_20_percent:old=4000,new=1000",4000.0,support_amount,subtract,11,1000.0,support_amount,subtract,0.1,1886,16905,1.+공고문2026년+정보보호+기업성장사업화+창업벤처+육성지원+지원사업+모집공고+.pdf: 400 Client Error: Bad Request for url: https://www.bizinfo.go.kr/sii/siia/1.+%EA%B3%B5%EA%B3%A0%EB%AC%B82026%EB%85%84+%EC%A0%95%EB%B3%B4%EB%B3%B4%ED%98%B8+%EA%B8%B0%EC%97%85%EC%84%B1%EC%9E%A5%EC%82%AC%EC%97%85%ED%99%94+%EC%B0%BD%EC%97%85%EB%B2%A4%EC%B2%98+%EC%9C%A1%EC%84%B1%EC%A7%80%EC%9B%90+%EC%A7%80%EC%9B%90%EC%82%AC%EC%97%85+%EB%AA%A8%EC%A7%91%EA%B3%B5%EA%B3%A0+.pdf / 202606231504480070.pdf: 404 Client Error: Not Found for url: https://www.bizinfo.go.kr/sii/siia/202606231504480070.pdf / 2.+양식+2026년+세종+정보보호+기업성장사업화+창업·벤처육성+지원+사업수행계획서.hwp: 400 Client Error: Bad Request for url: https://www.bizinfo.go.kr/sii/siia/2.+%EC%96%91%EC%8B%9D+2026%EB%85%84+%EC%84%B8%EC%A2%85+%EC%A0%95%EB%B3%B4%EB%B3%B4%ED%98%B8+%EA%B8%B0%EC%97%85%EC%84%B1%EC%9E%A5%EC%82%AC%EC%97%85%ED%99%94+%EC%B0%BD%EC%97%85%C2%B7%EB%B2%A4%EC%B2%98%EC%9C%A1%EC%84%B1+%EC%A7%80%EC%9B%90+%EC%82%AC%EC%97%85%EC%88%98%ED%96%89%EA%B3%84%ED%9A%8D%EC%84%9C.hwp / 3.+양식2026년+정보보호+기업성장사업화+창업·벤처육성+지원사업_제반서류.hwp: 400 Client Error: Bad Request for url: https://www.bizinfo.go.kr/sii/siia/3.+%EC%96%91%EC%8B%9D2026%EB%85%84+%EC%A0%95%EB%B3%B4%EB%B3%B4%ED%98%B8+%EA%B8%B0%EC%97%85%EC%84%B1%EC%9E%A5%EC%82%AC%EC%97%85%ED%99%94+%EC%B0%BD%EC%97%85%C2%B7%EB%B2%A4%EC%B2%98%EC%9C%A1%EC%84%B1+%EC%A7%80%EC%9B%90%EC%82%AC%EC%97%85_%EC%A0%9C%EB%B0%98%EC%84%9C%EB%A5%98.hwp / 202606230947080647.hwp: 404 Client Error: Not Found for url: https://www.bizinfo.go.kr/sii/siia/202606230947080647.hwp / 202606230947080734.hwp: 404 Client Error: Not Found for url: https://www.bizinfo.go.kr/sii/siia/202606230947080734.hwp,https://www.bizinfo.go.kr/sii/siia/selectSIIA200Detail.do?pblancId=PBLN_000000000123472
PBLN_000000000123480,[부산] 2026년 2차 블록체인 허브 입주기업 맞춤형 지원 프로그램 모집 공고,부산광역시,fetched,url,needs_review,large_amount_delta,기존 금액과 새 대표금액 차이가 큼,"amount_delta_20_percent:old=100,new=1000",100.0,support_amount,subtract,9,1000.0,support_amount,subtract,0.5,2366,12100,붙임1.+(공고문)+2026년+부산+블록체인+허브+입주기업+맞춤형+지원+프로그램+2차+모집+공고문+.pdf: 400 Client Error: Bad Request for url: https://www.bizinfo.go.kr/sii/siia/%EB%B6%99%EC%9E%841.+(%EA%B3%B5%EA%B3%A0%EB%AC%B8)+2026%EB%85%84+%EB%B6%80%EC%82%B0+%EB%B8%94%EB%A1%9D%EC%B2%B4%EC%9D%B8+%ED%97%88%EB%B8%8C+%EC%9E%85%EC%A3%BC%EA%B8%B0%EC%97%85+%EB%A7%9E%EC%B6%A4%ED%98%95+%EC%A7%80%EC%9B%90+%ED%94%84%EB%A1%9C%EA%B7%B8%EB%9E%A8+2%EC%B0%A8+%EB%AA%A8%EC%A7%91+%EA%B3%B5%EA%B3%A0%EB%AC%B8+.pdf / 202606231039580476.pdf: 404 Client Error: Not Found for url: https://www.bizinfo.go.kr/sii/siia/202606231039580476.pdf / 붙임2.+(신청양식)+2026년+부산+블록체인+허브+입주기업+맞춤형+지원+프로그램+사업신청서+및+계획서.hwp: 400 Client Error: Bad Request for url: https://www.bizinfo.go.kr/sii/siia/%EB%B6%99%EC%9E%842.+(%EC%8B%A0%EC%B2%AD%EC%96%91%EC%8B%9D)+2026%EB%85%84+%EB%B6%80%EC%82%B0+%EB%B8%94%EB%A1%9D%EC%B2%B4%EC%9D%B8+%ED%97%88%EB%B8%8C+%EC%9E%85%EC%A3%BC%EA%B8%B0%EC%97%85+%EB%A7%9E%EC%B6%A4%ED%98%95+%EC%A7%80%EC%9B%90+%ED%94%84%EB%A1%9C%EA%B7%B8%EB%9E%A8+%EC%82%AC%EC%97%85%EC%8B%A0%EC%B2%AD%EC%84%9C+%EB%B0%8F+%EA%B3%84%ED%9A%8D%EC%84%9C.hwp / 202606231039380347.hwp: 404 Client Error: Not Found for url: https://www.bizinfo.go.kr/sii/siia/202606231039380347.hwp,https://www.bizinfo.go.kr/sii/siia/selectSIIA200Detail.do?pblancId=PBLN_000000000123480
PBLN_000000000123506,[전남광주] 2026년 2차 전남 지역기업 성장사다리 지원사업 연장 공고,중소벤처기업부,fetched,url,needs_review,large_amount_delta,기존 금액과 새 대표금액 차이가 큼,"amount_delta_20_percent:old=3500,new=5000",3500.0,support_amount,subtract,27,5000.0,support_amount,subtract,,2473,17651,[01] 2026년도 전남 지역기업 성장사다리 지원사업 2차 연장공고.pdf: 400 Client Error: Bad Request for url: https://www.bizinfo.go.kr/sii/siia/%5B01%5D%202026%EB%85%84%EB%8F%84%20%EC%A0%84%EB%82%A8%20%EC%A7%80%EC%97%AD%EA%B8%B0%EC%97%85%20%EC%84%B1%EC%9E%A5%EC%82%AC%EB%8B%A4%EB%A6%AC%20%EC%A7%80%EC%9B%90%EC%82%AC%EC%97%85%202%EC%B0%A8%20%EC%97%B0%EC%9E%A5%EA%B3%B5%EA%B3%A0.pdf / [04] RMS(기업지원 관리시스템) 지원기업 사용자매뉴얼.pdf: 400 Client Error: Bad Request for url: https://www.bizinfo.go.kr/sii/siia/%5B04%5D%20RMS(%EA%B8%B0%EC%97%85%EC%A7%80%EC%9B%90%20%EA%B4%80%EB%A6%AC%EC%8B%9C%EC%8A%A4%ED%85%9C)%20%EC%A7%80%EC%9B%90%EA%B8%B0%EC%97%85%20%EC%82%AC%EC%9A%A9%EC%9E%90%EB%A7%A4%EB%89%B4%EC%96%BC.pdf / 202606231343030513.pdf: 404 Client Error: Not Found for url: https://www.bizinfo.go.kr/sii/siia/202606231343030513.pdf / 202606231345390522.pdf: 404 Client Error: Not Found for url: https://www.bizinfo.go.kr/sii/siia/202606231345390522.pdf,https://www.bizinfo.go.kr/sii/siia/selectSIIA200Detail.do?pblancId=PBLN_000000000123506
PBLN_000000000123512,[경북] 2026년 지역 연계 미드폼 제작지원 사업 공고(경북콘텐츠코리아랩 운영사업),경상북도,fetched,url,needs_review,subtract_without_limit_context | large_amount_delta,직접 차감 후보이나 기업당/한도 문맥이 부족함 | 기존 금액과 새 대표금액 차이가 큼,"amount_delta_20_percent:old=1000,new=18800",1000.0,support_amount,subtract,13,18800.0,support_amount,subtract,1.0,2270,22433,1. 지역 연계 미드폼 제작지원 사업 모집 공고.pdf: 400 Client Error: Bad Request for url: https://www.bizinfo.go.kr/sii/siia/1.%20%EC%A7%80%EC%97%AD%20%EC%97%B0%EA%B3%84%20%EB%AF%B8%EB%93%9C%ED%8F%BC%20%EC%A0%9C%EC%9E%91%EC%A7%80%EC%9B%90%20%EC%82%AC%EC%97%85%20%EB%AA%A8%EC%A7%91%20%EA%B3%B5%EA%B3%A0.pdf / 4. 콘텐츠진흥원 경북콘텐츠코리아랩 지원사업 기본 운영요령.pdf: 400 Client Error: Bad Request for url: https://www.bizinfo.go.kr/sii/siia/4.%20%EC%BD%98%ED%85%90%EC%B8%A0%EC%A7%84%ED%9D%A5%EC%9B%90%20%EA%B2%BD%EB%B6%81%EC%BD%98%ED%85%90%EC%B8%A0%EC%BD%94%EB%A6%AC%EC%95%84%EB%9E%A9%20%EC%A7%80%EC%9B%90%EC%82%AC%EC%97%85%20%EA%B8%B0%EB%B3%B8%20%EC%9A%B4%EC%98%81%EC%9A%94%EB%A0%B9.pdf / 202606231349540658.pdf: 404 Client Error: Not Found for url: https://www.bizinfo.go.kr/sii/siia/202606231349540658.pdf / 202606231350020836.pdf: 404 Client Error: Not Found for url: https://www.bizinfo.go.kr/sii/siia/202606231350020836.pdf / 2. 지역 연계 미드폼 제작지원 사업 제출 서류.hwp: 400 Client Error: Bad Request for url: https://www.bizinfo.go.kr/sii/siia/2.%20%EC%A7%80%EC%97%AD%20%EC%97%B0%EA%B3%84%20%EB%AF%B8%EB%93%9C%ED%8F%BC%20%EC%A0%9C%EC%9E%91%EC%A7%80%EC%9B%90%20%EC%82%AC%EC%97%85%20%EC%A0%9C%EC%B6%9C%20%EC%84%9C%EB%A5%98.hwp / 202606231350020780.hwp: 404 Client Error: Not Found for url: https://www.bizinfo.go.kr/sii/siia/202606231350020780.hwp,https://www.bizinfo.go.kr/sii/siia/selectSIIA200Detail.do?pblancId=PBLN_000000000123512
PBLN_000000000123520,[제주] 2026년 2차 지역기업 성장사다리 지원사업 공고,중소벤처기업부,fetched,url,needs_review,selected_context_has_risk_keyword | large_amount_delta,선택 후보 주변에 총사업비/자부담 등 위험 키워드가 있음 | 기존 금액과 새 대표금액 차이가 큼,"amount_delta_20_percent:old=5000,new=600000",5000.0,support_amount,subtract,7,600000.0,support_amount,subtract,,2315,7877,2026년 지역기업 성장사다리 지원사업 공고문.pdf: 400 Client Error: Bad Request for url: https://www.bizinfo.go.kr/sii/siia/2026%EB%85%84%20%EC%A7%80%EC%97%AD%EA%B8%B0%EC%97%85%20%EC%84%B1%EC%9E%A5%EC%82%AC%EB%8B%A4%EB%A6%AC%20%EC%A7%80%EC%9B%90%EC%82%AC%EC%97%85%20%EA%B3%B5%EA%B3%A0%EB%AC%B8.pdf / 202606231423550662.pdf: 404 Client Error: Not Found for url: https://www.bizinfo.go.kr/sii/siia/202606231423550662.pdf,https://www.bizinfo.go.kr/sii/siia/selectSIIA200Detail.do?pblancId=PBLN_000000000123520
PBLN_000000000123525,[충남ㆍ충북ㆍ대전ㆍ세종] 2026년 2차 기업 지원 프로그램(비R&D) 지원대상 모집 공고(미래차 산업 혁신 지원사업),충청남도,fetched,url,needs_review,large_amount_delta,기존 금액과 새 대표금액 차이가 큼,"amount_delta_20_percent:old=1100,new=2000",1100.0,support_amount,subtract,20,2000.0,support_amount,subtract,,2371,10144,사업공고문(2차).pdf: 400 Client Error: Bad Request for url: https://www.bizinfo.go.kr/sii/siia/%EC%82%AC%EC%97%85%EA%B3%B5%EA%B3%A0%EB%AC%B8(2%EC%B0%A8).pdf / 202606231436400284.pdf: 404 Client Error: Not Found for url: https://www.bizinfo.go.kr/sii/siia/202606231436400284.pdf / 202606231440220420.hwp: 404 Client Error: Not Found for url: https://www.bizinfo.go.kr/sii/siia/202606231440220420.hwp / 신청서 양식.hwp: 400 Client Error: Bad Request for url: https://www.bizinfo.go.kr/sii/siia/%EC%8B%A0%EC%B2%AD%EC%84%9C%20%EC%96%91%EC%8B%9D.hwp,https://www.bizinfo.go.kr/sii/siia/selectSIIA200Detail.do?pblancId=PBLN_000000000123525
PBLN_000000000123549,[경기] 용인시 제2차 반도체기업 기술보호 지원사업 모집 공고,경기도,fetched,url,needs_review,subtract_without_limit_context | large_amount_delta,직접 차감 후보이나 기업당/한도 문맥이 부족함 | 기존 금액과 새 대표금액 차이가 큼,"amount_delta_20_percent:old=2000,new=3000",2000.0,support_amount,subtract,5,3000.0,support_amount,subtract,,2308,4638,(공고문) 제2차 용인특례시 반도체기업 기술보호 지원사업 모집 공고+.pdf: 400 Client Error: Bad Request for url: https://www.bizinfo.go.kr/sii/siia/(%EA%B3%B5%EA%B3%A0%EB%AC%B8)%20%EC%A0%9C2%EC%B0%A8%20%EC%9A%A9%EC%9D%B8%ED%8A%B9%EB%A1%80%EC%8B%9C%20%EB%B0%98%EB%8F%84%EC%B2%B4%EA%B8%B0%EC%97%85%20%EA%B8%B0%EC%88%A0%EB%B3%B4%ED%98%B8%20%EC%A7%80%EC%9B%90%EC%82%AC%EC%97%85%20%EB%AA%A8%EC%A7%91%20%EA%B3%B5%EA%B3%A0+.pdf / (별첨5) 용인기업지원시스템 사업 신청 매뉴얼.pdf: 400 Client Error: Bad Request for url: https://www.bizinfo.go.kr/sii/siia/(%EB%B3%84%EC%B2%A85)%20%EC%9A%A9%EC%9D%B8%EA%B8%B0%EC%97%85%EC%A7%80%EC%9B%90%EC%8B%9C%EC%8A%A4%ED%85%9C%20%EC%82%AC%EC%97%85%20%EC%8B%A0%EC%B2%AD%20%EB%A7%A4%EB%89%B4%EC%96%BC.pdf / 202606241136440292.pdf: 404 Client Error: Not Found for url: https://www.bizinfo.go.kr/sii/siia/202606241136440292.pdf / 202606241138430422.pdf: 404 Client Error: Not Found for url: https://www.bizinfo.go.kr/sii/siia/202606241138430422.pdf / (별첨1) 2026년 지원사업 공통 안내문.hwp: 400 Client Error: Bad Request for url: https://www.bizinfo.go.kr/sii/siia/(%EB%B3%84%EC%B2%A81)%202026%EB%85%84%20%EC%A7%80%EC%9B%90%EC%82%AC%EC%97%85%20%EA%B3%B5%ED%86%B5%20%EC%95%88%EB%82%B4%EB%AC%B8.hwp / (별첨2) 사업신청서 양식.hwp: 400 Client Error: Bad Request for url: https://www.bizinfo.go.kr/sii/siia/(%EB%B3%84%EC%B2%A82)%20%EC%82%AC%EC%97%85%EC%8B%A0%EC%B2%AD%EC%84%9C%20%EC%96%91%EC%8B%9D.hwp / (별첨3) 개인정보 수집이용 제공 동의서.hwp: 400 Client Error: Bad Request for url: https://www.bizinfo.go.kr/sii/siia/(%EB%B3%84%EC%B2%A83)%20%EA%B0%9C%EC%9D%B8%EC%A0%95%EB%B3%B4%20%EC%88%98%EC%A7%91%EC%9D%B4%EC%9A%A9%20%EC%A0%9C%EA%B3%B5%20%EB%8F%99%EC%9D%98%EC%84%9C.hwp / (별첨4) 확약서 양식.hwp: 400 Client Error: Bad Request for url: https://www.bizinfo.go.kr/sii/siia/(%EB%B3%84%EC%B2%A84)%20%ED%99%95%EC%95%BD%EC%84%9C%20%EC%96%91%EC%8B%9D.hwp / 202606241138430594.hwp: 404 Client Error: Not Found for url: https://www.bizinfo.go.kr/sii/siia/202606241138430594.hwp / 202606241138430645.hwp: 404 Client Error: Not Found for url: https://www.bizinfo.go.kr/sii/siia/202606241138430645.hwp,https://www.bizinfo.go.kr/sii/siia/selectSIIA200Detail.do?pblancId=PBLN_000000000123549
PBLN_000000000123584,[경남] 2026년 지역기업 성장사다리 지원사업 패스트트랙(Track A) 모집 공고,중소벤처기업부,fetched,url,needs_review,large_amount_delta,기존 금액과 새 대표금액 차이가 큼,"amount_delta_20_percent:old=1000,new=2000",1000.0,support_amount,subtract,9,2000.0,support_amount,subtract,,2627,9512,[공고번호 경남-성장사다리-06] 2026년 지역기업 성장사다리 지원사업_패스트트랙(Track A)+.pdf: 400 Client Error: Bad Request for url: https://www.bizinfo.go.kr/sii/siia/%5B%EA%B3%B5%EA%B3%A0%EB%B2%88%ED%98%B8%20%EA%B2%BD%EB%82%A8-%EC%84%B1%EC%9E%A5%EC%82%AC%EB%8B%A4%EB%A6%AC-06%5D%202026%EB%85%84%20%EC%A7%80%EC%97%AD%EA%B8%B0%EC%97%85%20%EC%84%B1%EC%9E%A5%EC%82%AC%EB%8B%A4%EB%A6%AC%20%EC%A7%80%EC%9B%90%EC%82%AC%EC%97%85_%ED%8C%A8%EC%8A%A4%ED%8A%B8%ED%8A%B8%EB%9E%99(Track%20A)+.pdf / 202606251001380162.pdf: 404 Client Error: Not Found for url: https://www.bizinfo.go.kr/sii/siia/202606251001380162.pdf,https://www.bizinfo.go.kr/sii/siia/selectSIIA200Detail.do?pblancId=PBLN_000000000123584
PBLN_000000000123622,[전북] 2026년 전주1인창조기업지원센터 선택형 지원사업 공고,전북특별자치도,fetched,url,needs_review,large_amount_delta,기존 금액과 새 대표금액 차이가 큼,"amount_delta_20_percent:old=400,new=500",400.0,support_amount,subtract,17,500.0,support_amount,subtract,0.5,2318,9350,[공고 제2026-044호]2026년 전주1인창조기업지원센터 선택형 지원사업 공고문.pdf: 400 Client Error: Bad Request for url: https://www.bizinfo.go.kr/sii/siia/%5B%EA%B3%B5%EA%B3%A0%20%EC%A0%9C2026-044%ED%98%B8%5D2026%EB%85%84%20%EC%A0%84%EC%A3%BC1%EC%9D%B8%EC%B0%BD%EC%A1%B0%EA%B8%B0%EC%97%85%EC%A7%80%EC%9B%90%EC%84%BC%ED%84%B0%20%EC%84%A0%ED%83%9D%ED%98%95%20%EC%A7%80%EC%9B%90%EC%82%AC%EC%97%85%20%EA%B3%B5%EA%B3%A0%EB%AC%B8.pdf / 202606251515250378.pdf: 404 Client Error: Not Found for url: https://www.bizinfo.go.kr/sii/siia/202606251515250378.pdf / 붙임.2026년 1인 창조기업 지원센터 선택형 지원사업 신청서.hwp: 400 Client Error: Bad Request for url: https://www.bizinfo.go.kr/sii/siia/%EB%B6%99%EC%9E%84.2026%EB%85%84%201%EC%9D%B8%20%EC%B0%BD%EC%A1%B0%EA%B8%B0%EC%97%85%20%EC%A7%80%EC%9B%90%EC%84%BC%ED%84%B0%20%EC%84%A0%ED%83%9D%ED%98%95%20%EC%A7%80%EC%9B%90%EC%82%AC%EC%97%85%20%EC%8B%A0%EC%B2%AD%EC%84%9C.hwp / 202606251515210284.hwp: 404 Client Error: Not Found for url: https://www.bizinfo.go.kr/sii/siia/202606251515210284.hwp,https://www.bizinfo.go.kr/sii/siia/selectSIIA200Detail.do?pblancId=PBLN_000000000123622
PBLN_000000000123642,[전남광주] 2026년 2차 글로벌강소기업 1000+ 프로젝트 자율 프로그램 모집 공고,전남광주통합특별시,fetched,url,needs_review,large_amount_delta,기존 금액과 새 대표금액 차이가 큼,"amount_delta_20_percent:old=800,new=3500",800.0,support_amount,subtract,8,3500.0,support_amount,subtract,,1717,13253,1. (공고문)2026년 글로벌강소기업 1000+ 프로젝트 자율프로그램 2차 모집공고+.pdf: 400 Client Error: Bad Request for url: https://www.bizinfo.go.kr/sii/siia/1.%20(%EA%B3%B5%EA%B3%A0%EB%AC%B8)2026%EB%85%84%20%EA%B8%80%EB%A1%9C%EB%B2%8C%EA%B0%95%EC%86%8C%EA%B8%B0%EC%97%85%201000+%20%ED%94%84%EB%A1%9C%EC%A0%9D%ED%8A%B8%20%EC%9E%90%EC%9C%A8%ED%94%84%EB%A1%9C%EA%B7%B8%EB%9E%A8%202%EC%B0%A8%20%EB%AA%A8%EC%A7%91%EA%B3%B5%EA%B3%A0+.pdf / 202606261037440440.pdf: 404 Client Error: Not Found for url: https://www.bizinfo.go.kr/sii/siia/202606261037440440.pdf / 2. (양식)2026년 지원프로그램(2차) 신청서.hwp: 400 Client Error: Bad Request for url: https://www.bizinfo.go.kr/sii/siia/2.%20(%EC%96%91%EC%8B%9D)2026%EB%85%84%20%EC%A7%80%EC%9B%90%ED%94%84%EB%A1%9C%EA%B7%B8%EB%9E%A8(2%EC%B0%A8)%20%EC%8B%A0%EC%B2%AD%EC%84%9C.hwp / 202606261038540367.hwp: 404 Client Error: Not Found for url: https://www.bizinfo.go.kr/sii/siia/202606261038540367.hwp,https://www.bizinfo.go.kr/sii/siia/selectSIIA200Detail.do?pblancId=PBLN_000000000123642
PBLN_000000000123644,[전북] 2026년 3차 데이터 활용기업 맞춤형 지원사업 수요기업 모집 연장 공고,전북특별자치도,fetched,url,needs_review,subtract_without_limit_context | large_amount_delta,직접 차감 후보이나 기업당/한도 문맥이 부족함 | 기존 금액과 새 대표금액 차이가 큼,"type_changed:support_amount->subsidy | amount_delta_20_percent:old=600,new=10000",600.0,support_amount,subtract,27,10000.0,subsidy,subtract,1.0,2365,19207,[붙임1]2026년전북특별자치도데이터활용기업맞춤형지원사업수요기업모집3차연장공고.pdf: 400 Client Error: Bad Request for url: https://www.bizinfo.go.kr/sii/siia/%5B%EB%B6%99%EC%9E%841%5D2026%EB%85%84%EC%A0%84%EB%B6%81%ED%8A%B9%EB%B3%84%EC%9E%90%EC%B9%98%EB%8F%84%EB%8D%B0%EC%9D%B4%ED%84%B0%ED%99%9C%EC%9A%A9%EA%B8%B0%EC%97%85%EB%A7%9E%EC%B6%A4%ED%98%95%EC%A7%80%EC%9B%90%EC%82%AC%EC%97%85%EC%88%98%EC%9A%94%EA%B8%B0%EC%97%85%EB%AA%A8%EC%A7%913%EC%B0%A8%EC%97%B0%EC%9E%A5%EA%B3%B5%EA%B3%A0.pdf / 202606261043450995.pdf: 404 Client Error: Not Found for url: https://www.bizinfo.go.kr/sii/siia/202606261043450995.pdf / 202606261046260498.xlsx: 404 Client Error: Not Found for url: https://www.bizinfo.go.kr/sii/siia/202606261046260498.xlsx / [참고1]2026년전북특별자치도데이터공급기업POOL정보공개(FIN).xlsx: 400 Client Error: Bad Request for url: https://www.bizinfo.go.kr/sii/siia/%5B%EC%B0%B8%EA%B3%A01%5D2026%EB%85%84%EC%A0%84%EB%B6%81%ED%8A%B9%EB%B3%84%EC%9E%90%EC%B9%98%EB%8F%84%EB%8D%B0%EC%9D%B4%ED%84%B0%EA%B3%B5%EA%B8%89%EA%B8%B0%EC%97%85POOL%EC%A0%95%EB%B3%B4%EA%B3%B5%EA%B0%9C(FIN).xlsx,https://www.bizinfo.go.kr/sii/siia/selectSIIA200Detail.do?pblancId=PBLN_000000000123644
PBLN_000000000123659,[경북] 2026년 3차 지역기업 성장사다리 지원사업 통합 추가 공고,중소벤처기업부,fetched,url,needs_review,large_amount_delta,기존 금액과 새 대표금액 차이가 큼,"amount_delta_20_percent:old=4500,new=1500",4500.0,support_amount,subtract,9,1500.0,support_amount,subtract,,2625,13250,붙임 1. 2026년도 경북 지역기업 성장사다리 지원사업 통합공고(3차).pdf: 400 Client Error: Bad Request for url: https://www.bizinfo.go.kr/sii/siia/%EB%B6%99%EC%9E%84%201.%202026%EB%85%84%EB%8F%84%20%EA%B2%BD%EB%B6%81%20%EC%A7%80%EC%97%AD%EA%B8%B0%EC%97%85%20%EC%84%B1%EC%9E%A5%EC%82%AC%EB%8B%A4%EB%A6%AC%20%EC%A7%80%EC%9B%90%EC%82%AC%EC%97%85%20%ED%86%B5%ED%95%A9%EA%B3%B5%EA%B3%A0(3%EC%B0%A8).pdf / 붙임 4. RMS 지원기업 사용자매뉴얼.pdf: 400 Client Error: Bad Request for url: https://www.bizinfo.go.kr/sii/siia/%EB%B6%99%EC%9E%84%204.%20RMS%20%EC%A7%80%EC%9B%90%EA%B8%B0%EC%97%85%20%EC%82%AC%EC%9A%A9%EC%9E%90%EB%A7%A4%EB%89%B4%EC%96%BC.pdf / 202606261332120449.pdf: 404 Client Error: Not Found for url: https://www.bizinfo.go.kr/sii/siia/202606261332120449.pdf / 202606261332120507.pdf: 404 Client Error: Not Found for url: https://www.bizinfo.go.kr/sii/siia/202606261332120507.pdf / 202606261334360377.pdf: 404 Client Error: Not Found for url: https://www.bizinfo.go.kr/sii/siia/202606261334360377.pdf / 붙임 3. 26년 경북지역 성장사다리 자주묻는질문.pdf: 400 Client Error: Bad Request for url: https://www.bizinfo.go.kr/sii/siia/%EB%B6%99%EC%9E%84%203.%2026%EB%85%84%20%EA%B2%BD%EB%B6%81%EC%A7%80%EC%97%AD%20%EC%84%B1%EC%9E%A5%EC%82%AC%EB%8B%A4%EB%A6%AC%20%EC%9E%90%EC%A3%BC%EB%AC%BB%EB%8A%94%EC%A7%88%EB%AC%B8.pdf / 붙임 5.경북지역 성장사다리 지원사업 신청기업 수요조사서.hwp: 400 Client Error: Bad Request for url: https://www.bizinfo.go.kr/sii/siia/%EB%B6%99%EC%9E%84%205.%EA%B2%BD%EB%B6%81%EC%A7%80%EC%97%AD%20%EC%84%B1%EC%9E%A5%EC%82%AC%EB%8B%A4%EB%A6%AC%20%EC%A7%80%EC%9B%90%EC%82%AC%EC%97%85%20%EC%8B%A0%EC%B2%AD%EA%B8%B0%EC%97%85%20%EC%88%98%EC%9A%94%EC%A1%B0%EC%82%AC%EC%84%9C.hwp / 202606261332120283.hwp: 404 Client Error: Not Found for url: https://www.bizinfo.go.kr/sii/siia/202606261332120283.hwp,https://www.bizinfo.go.kr/sii/siia/selectSIIA200Detail.do?pblancId=PBLN_000000000123659
PBLN_000000000123671,[전북] 2026년 2차 혁신성장 R&D+(연구개발)사업 지원사업 모집 공고,전북특별자치도,fetched,url,needs_review,large_amount_delta,기존 금액과 새 대표금액 차이가 큼,"amount_delta_20_percent:old=2470,new=95000",2470.0,support_amount,subtract,55,95000.0,support_amount,subtract,1.0,2533,24121,[공고문]2026년_전북특별자치도_혁신성장RD사업_2차_공고문+.pdf: 400 Client Error: Bad Request for url: https://www.bizinfo.go.kr/sii/siia/%5B%EA%B3%B5%EA%B3%A0%EB%AC%B8%5D2026%EB%85%84_%EC%A0%84%EB%B6%81%ED%8A%B9%EB%B3%84%EC%9E%90%EC%B9%98%EB%8F%84_%ED%98%81%EC%8B%A0%EC%84%B1%EC%9E%A5RD%EC%82%AC%EC%97%85_2%EC%B0%A8_%EA%B3%B5%EA%B3%A0%EB%AC%B8+.pdf / 202606261407430588.pdf: 404 Client Error: Not Found for url: https://www.bizinfo.go.kr/sii/siia/202606261407430588.pdf / 202606261408550156.hwp: 404 Client Error: Not Found for url: https://www.bizinfo.go.kr/sii/siia/202606261408550156.hwp / [양식]1.2026년혁신성장R&D+사업(2차)계획서.hwp: 400 Client Error: Bad Request for url: https://www.bizinfo.go.kr/sii/siia/%5B%EC%96%91%EC%8B%9D%5D1.2026%EB%85%84%ED%98%81%EC%8B%A0%EC%84%B1%EC%9E%A5R&D+%EC%82%AC%EC%97%85(2%EC%B0%A8)%EA%B3%84%ED%9A%8D%EC%84%9C.hwp,https://www.bizinfo.go.kr/sii/siia/selectSIIA200Detail.do?pblancId=PBLN_000000000123671
PBLN_000000000123694,[대전] 2026년 팝:콘 고도화 제작 지원사업 참여기업 모집 수정 공고,대전광역시,fetched,url,needs_review,large_amount_delta,기존 금액과 새 대표금액 차이가 큼,"amount_delta_20_percent:old=28950,new=5790",28950.0,support_amount,subtract,13,5790.0,support_amount,subtract,1.0,2350,20634,붙임1.+2026년+팝콘+고도화+제작+지원사업+모집공고(수정)+.pdf: 400 Client Error: Bad Request for url: https://www.bizinfo.go.kr/sii/siia/%EB%B6%99%EC%9E%841.+2026%EB%85%84+%ED%8C%9D%EC%BD%98+%EA%B3%A0%EB%8F%84%ED%99%94+%EC%A0%9C%EC%9E%91+%EC%A7%80%EC%9B%90%EC%82%AC%EC%97%85+%EB%AA%A8%EC%A7%91%EA%B3%B5%EA%B3%A0(%EC%88%98%EC%A0%95)+.pdf / 202606291034560167.pdf: 404 Client Error: Not Found for url: https://www.bizinfo.go.kr/sii/siia/202606291034560167.pdf / 붙임2.+2026년+팝콘+고도화+제작+지원사업+관리지침.hwp: 400 Client Error: Bad Request for url: https://www.bizinfo.go.kr/sii/siia/%EB%B6%99%EC%9E%842.+2026%EB%85%84+%ED%8C%9D%EC%BD%98+%EA%B3%A0%EB%8F%84%ED%99%94+%EC%A0%9C%EC%9E%91+%EC%A7%80%EC%9B%90%EC%82%AC%EC%97%85+%EA%B4%80%EB%A6%AC%EC%A7%80%EC%B9%A8.hwp / 202606291035290937.hwp: 404 Client Error: Not Found for url: https://www.bizinfo.go.kr/sii/siia/202606291035290937.hwp,https://www.bizinfo.go.kr/sii/siia/selectSIIA200Detail.do?pblancId=PBLN_000000000123694
PBLN_000000000123731,[대구] 2026년 수요맞춤형 AI솔루션 개발ㆍ실증 지원 사업 컨소시엄 모집 재공고(제조업 AI융합 기반 조성사업),대구광역시,fetched,url,needs_review,large_amount_delta,기존 금액과 새 대표금액 차이가 큼,"type_changed:support_amount->non_cash | roi_method_changed:subtract->recommend_only | amount_delta_20_percent:old=210,new=1100",210.0,support_amount,subtract,16,1100.0,non_cash,recommend_only,1.0,2562,26338,[참고 2] 정부지원연구개발비의 지원기준 및 기관부담연구개발비의 부담 기준.pdf: 400 Client Error: Bad Request for url: https://www.bizinfo.go.kr/sii/siia/%5B%EC%B0%B8%EA%B3%A0%202%5D%20%EC%A0%95%EB%B6%80%EC%A7%80%EC%9B%90%EC%97%B0%EA%B5%AC%EA%B0%9C%EB%B0%9C%EB%B9%84%EC%9D%98%20%EC%A7%80%EC%9B%90%EA%B8%B0%EC%A4%80%20%EB%B0%8F%20%EA%B8%B0%EA%B4%80%EB%B6%80%EB%8B%B4%EC%97%B0%EA%B5%AC%EA%B0%9C%EB%B0%9C%EB%B9%84%EC%9D%98%20%EB%B6%80%EB%8B%B4%20%EA%B8%B0%EC%A4%80.pdf / 붙임 1. 2026년 수요맞춤형 AI솔루션 개발·실증 지원사업 재공고문.pdf: 400 Client Error: Bad Request for url: https://www.bizinfo.go.kr/sii/siia/%EB%B6%99%EC%9E%84%201.%202026%EB%85%84%20%EC%88%98%EC%9A%94%EB%A7%9E%EC%B6%A4%ED%98%95%20AI%EC%86%94%EB%A3%A8%EC%85%98%20%EA%B0%9C%EB%B0%9C%C2%B7%EC%8B%A4%EC%A6%9D%20%EC%A7%80%EC%9B%90%EC%82%AC%EC%97%85%20%EC%9E%AC%EA%B3%B5%EA%B3%A0%EB%AC%B8.pdf / 붙임 2. 2026년 수요맞춤형 AI솔루션 개발·실증 지원사업 공모 안내서.pdf: 400 Client Error: Bad Request for url: https://www.bizinfo.go.kr/sii/siia/%EB%B6%99%EC%9E%84%202.%202026%EB%85%84%20%EC%88%98%EC%9A%94%EB%A7%9E%EC%B6%A4%ED%98%95%20AI%EC%86%94%EB%A3%A8%EC%85%98%20%EA%B0%9C%EB%B0%9C%C2%B7%EC%8B%A4%EC%A6%9D%20%EC%A7%80%EC%9B%90%EC%82%AC%EC%97%85%20%EA%B3%B5%EB%AA%A8%20%EC%95%88%EB%82%B4%EC%84%9C.pdf / 202606300940180889.pdf: 404 Client Error: Not Found for url: https://www.bizinfo.go.kr/sii/siia/202606300940180889.pdf / 202606300948230337.pdf: 404 Client Error: Not Found for url: https://www.bizinfo.go.kr/sii/siia/202606300948230337.pdf / 202606300948230450.pdf: 404 Client Error: Not Found for url: https://www.bizinfo.go.kr/sii/siia/202606300948230450.pdf / 202606300948230501.pdf: 404 Client Error: Not Found for url: https://www.bizinfo.go.kr/sii/siia/202606300948230501.pdf / [참고 1] (과학기술정보통신부 훈령 제297호) 기금사업비 산정 및 정산 등에 관한지침.pdf: 400 Client Error: Bad Request for url: https://www.bizinfo.go.kr/sii/siia/%5B%EC%B0%B8%EA%B3%A0%201%5D%20(%EA%B3%BC%ED%95%99%EA%B8%B0%EC%88%A0%EC%A0%95%EB%B3%B4%ED%86%B5%EC%8B%A0%EB%B6%80%20%ED%9B%88%EB%A0%B9%20%EC%A0%9C297%ED%98%B8)%20%EA%B8%B0%EA%B8%88%EC%82%AC%EC%97%85%EB%B9%84%20%EC%82%B0%EC%A0%95%20%EB%B0%8F%20%EC%A0%95%EC%82%B0%20%EB%93%B1%EC%97%90%20%EA%B4%80%ED%95%9C%EC%A7%80%EC%B9%A8.pdf / 붙임 3. (양식)사업계획서 및 제출 서류.hwp: 400 Client Error: Bad Request for url: https://www.bizinfo.go.kr/sii/siia/%EB%B6%99%EC%9E%84%203.%20(%EC%96%91%EC%8B%9D)%EC%82%AC%EC%97%85%EA%B3%84%ED%9A%8D%EC%84%9C%20%EB%B0%8F%20%EC%A0%9C%EC%B6%9C%20%EC%84%9C%EB%A5%98.hwp / 202606300948230552.hwp: 404 Client Error: Not Found for url: https://www.bizinfo.go.kr/sii/siia/202606300948230552.hwp,https://www.bizinfo.go.kr/sii/siia/selectSIIA200Detail.do?pblancId=PBLN_000000000123731
PBLN_000000000123764,AI융합 의료기기 신뢰성 강화 및 성능 평가ㆍ실증 사업 수혜기업 모집 공고,산업통상부,fetched,url,needs_review,large_amount_delta,기존 금액과 새 대표금액 차이가 큼,"type_changed:subsidy->non_cash | roi_method_changed:subtract->recommend_only | amount_delta_20_percent:old=2280,new=960",2280.0,subsidy,subtract,6,960.0,non_cash,recommend_only,0.2,2330,10930,1. 수시_AI융합 의료기기 신뢰성 강화 및 성능 평가·실증 통합지원 사업.pdf: 400 Client Error: Bad Request for url: https://www.bizinfo.go.kr/sii/siia/1.%20%EC%88%98%EC%8B%9C_AI%EC%9C%B5%ED%95%A9%20%EC%9D%98%EB%A3%8C%EA%B8%B0%EA%B8%B0%20%EC%8B%A0%EB%A2%B0%EC%84%B1%20%EA%B0%95%ED%99%94%20%EB%B0%8F%20%EC%84%B1%EB%8A%A5%20%ED%8F%89%EA%B0%80%C2%B7%EC%8B%A4%EC%A6%9D%20%ED%86%B5%ED%95%A9%EC%A7%80%EC%9B%90%20%EC%82%AC%EC%97%85.pdf / 202606301512480690.pdf: 404 Client Error: Not Found for url: https://www.bizinfo.go.kr/sii/siia/202606301512480690.pdf / 2. 신청서_AI융합 의료기기 신뢰성 강화 및 성능 평가 실증 통합지원 사업.hwpx: 400 Client Error: Bad Request for url: https://www.bizinfo.go.kr/sii/siia/2.%20%EC%8B%A0%EC%B2%AD%EC%84%9C_AI%EC%9C%B5%ED%95%A9%20%EC%9D%98%EB%A3%8C%EA%B8%B0%EA%B8%B0%20%EC%8B%A0%EB%A2%B0%EC%84%B1%20%EA%B0%95%ED%99%94%20%EB%B0%8F%20%EC%84%B1%EB%8A%A5%20%ED%8F%89%EA%B0%80%20%EC%8B%A4%EC%A6%9D%20%ED%86%B5%ED%95%A9%EC%A7%80%EC%9B%90%20%EC%82%AC%EC%97%85.hwpx / 202606301304490170.hwpx: 404 Client Error: Not Found for url: https://www.bizinfo.go.kr/sii/siia/202606301304490170.hwpx,https://www.bizinfo.go.kr/sii/siia/selectSIIA200Detail.do?pblancId=PBLN_000000000123764
PBLN_000000000123782,[충남] 2026년 콘텐츠코리아랩 미드폼 영상콘텐츠 제작 지원사업 모집 공고,충청남도,fetched,url,needs_review,subtract_without_limit_context | large_amount_delta,직접 차감 후보이나 기업당/한도 문맥이 부족함 | 기존 금액과 새 대표금액 차이가 큼,"amount_delta_20_percent:old=17500,new=50000",17500.0,support_amount,subtract,19,50000.0,support_amount,subtract,1.0,2220,12584,1. [공고문] 2026 미드폼 영상콘텐츠 제작 지원사업.pdf: 400 Client Error: Bad Request for url: https://www.bizinfo.go.kr/sii/siia/1.%20%5B%EA%B3%B5%EA%B3%A0%EB%AC%B8%5D%202026%20%EB%AF%B8%EB%93%9C%ED%8F%BC%20%EC%98%81%EC%83%81%EC%BD%98%ED%85%90%EC%B8%A0%20%EC%A0%9C%EC%9E%91%20%EC%A7%80%EC%9B%90%EC%82%AC%EC%97%85.pdf / 3. [신청매뉴얼] e-나라도움 지원사업 신청 방법.pdf: 400 Client Error: Bad Request for url: https://www.bizinfo.go.kr/sii/siia/3.%20%5B%EC%8B%A0%EC%B2%AD%EB%A7%A4%EB%89%B4%EC%96%BC%5D%20e-%EB%82%98%EB%9D%BC%EB%8F%84%EC%9B%80%20%EC%A7%80%EC%9B%90%EC%82%AC%EC%97%85%20%EC%8B%A0%EC%B2%AD%20%EB%B0%A9%EB%B2%95.pdf / 202606301415080925.pdf: 404 Client Error: Not Found for url: https://www.bizinfo.go.kr/sii/siia/202606301415080925.pdf / 202606301415160738.pdf: 404 Client Error: Not Found for url: https://www.bizinfo.go.kr/sii/siia/202606301415160738.pdf / 2. [신청서 양식] 2026 미드폼 영상콘텐츠 제작 지원사업.hwp: 400 Client Error: Bad Request for url: https://www.bizinfo.go.kr/sii/siia/2.%20%5B%EC%8B%A0%EC%B2%AD%EC%84%9C%20%EC%96%91%EC%8B%9D%5D%202026%20%EB%AF%B8%EB%93%9C%ED%8F%BC%20%EC%98%81%EC%83%81%EC%BD%98%ED%85%90%EC%B8%A0%20%EC%A0%9C%EC%9E%91%20%EC%A7%80%EC%9B%90%EC%82%AC%EC%97%85.hwp / 202606301415160654.hwp: 404 Client Error: Not Found for url: https://www.bizinfo.go.kr/sii/siia/202606301415160654.hwp,https://www.bizinfo.go.kr/sii/siia/selectSIIA200Detail.do?pblancId=PBLN_000000000123782
SMARTFACTORY:2025-N-0202:2,2026년 디지털협업공장 구축 지원사업 컨소시엄 모집공고,스마트공장 사업관리시스템,fetched,url,needs_review,large_amount_delta,기존 금액과 새 대표금액 차이가 큼,"amount_delta_20_percent:old=5000,new=25000",5000.0,support_amount,subtract,61,25000.0,support_amount,subtract,0.5,203,31746,,https://www.smart-factory.kr/usr/bg/ba/ma/bsnsPbancDtl?pbancId=2025-N-0202&pbancSn=2
SMARTFACTORY:2025-N-0203:1,2026년도 자율형공장 구축 지원사업(컨소시엄신청),스마트공장 사업관리시스템,fetched,url,needs_review,large_amount_delta,기존 금액과 새 대표금액 차이가 큼,"type_changed:support_ratio->support_amount | roi_method_changed:ratio_cap->subtract | amount_delta_20_percent:old=2000,new=60000",2000.0,support_ratio,ratio_cap,28,60000.0,support_amount,subtract,0.5,492,34371,,https://www.smart-factory.kr/usr/bg/ba/ma/bsnsPbancDtl?pbancId=2025-N-0203&pbancSn=1
SMARTFACTORY:2025-N-0203:2,2026년도 자율형공장 구축 지원사업(단독신청),스마트공장 사업관리시스템,fetched,url,needs_review,large_amount_delta,기존 금액과 새 대표금액 차이가 큼,"type_changed:support_ratio->support_amount | roi_method_changed:ratio_cap->subtract | amount_delta_20_percent:old=30000,new=60000",30000.0,support_ratio,ratio_cap,28,60000.0,support_amount,subtract,0.5,492,34371,,https://www.smart-factory.kr/usr/bg/ba/ma/bsnsPbancDtl?pbancId=2025-N-0203&pbancSn=2
SMARTFACTORY:2026-N-0102:1,2026년도 강원 지역특화형(바이오헬스·식품) 스마트공장 구축사업(고도화) 공고,스마트공장 사업관리시스템,fetched,url,needs_review,large_amount_delta,기존 금액과 새 대표금액 차이가 큼,"amount_delta_20_percent:old=25000,new=20000",25000.0,support_amount,subtract,15,20000.0,support_amount,subtract,0.5,0,12078,(지역특화형)+사업계획서+및+제출서류+양식(고도화).pdf: text extraction failed,https://www.smart-factory.kr/usr/bg/ba/ma/bsnsPbancDtl?pbancId=2026-N-0102&pbancSn=1
SMARTFACTORY:2026-N-0103:1,2026년도 강원 지역특화형(바이오헬스·식품) 스마트공장 구축사업(기초) 공고,스마트공장 사업관리시스템,fetched,url,needs_review,large_amount_delta,기존 금액과 새 대표금액 차이가 큼,"amount_delta_20_percent:old=25000,new=20000",25000.0,support_amount,subtract,15,20000.0,support_amount,subtract,0.5,0,12078,(지역특화형)+사업계획서+및+제출서류+양식(기초).pdf: text extraction failed,https://www.smart-factory.kr/usr/bg/ba/ma/bsnsPbancDtl?pbancId=2026-N-0103&pbancSn=1
SMARTFACTORY:2026-N-0105:1,2026년도 강원 지역특화형(바이오헬스·식품) 스마트공장 구축사업(동일수준) 공고,스마트공장 사업관리시스템,fetched,url,needs_review,large_amount_delta,기존 금액과 새 대표금액 차이가 큼,"amount_delta_20_percent:old=25000,new=20000",25000.0,support_amount,subtract,15,20000.0,support_amount,subtract,0.5,0,12078,(지역특화형)+사업계획서+및+제출서류+양식(고도화).pdf: text extraction failed,https://www.smart-factory.kr/usr/bg/ba/ma/bsnsPbancDtl?pbancId=2026-N-0105&pbancSn=1
TECHNOPARK:1500,"(2026-130호) 2026년도 지역주력산업육성(지역특화 프로젝트 레전드 50+) 지원모집 2차 공고 (강원 2.0, 퀀텀점프)",강원테크노파크,fetched,url,needs_review,large_amount_delta,기존 금액과 새 대표금액 차이가 큼,"amount_delta_20_percent:old=1000,new=2000",1000.0,support_amount,subtract,12,2000.0,support_amount,subtract,,13290,4148,,https://www.gwtp.or.kr/gwtp/bbsNew_view.php?bbs_data=aWR4PTMxNjgmc3RhcnRQYWdlPSZsaXN0Tm89JnRhYmxlPWNzX2Jic19kYXRhX25ldyZjb2RlPXN1YjAxYiZzZWFyY2hfaXRlbT0mc2VhcmNoX29yZGVyPSZ1cmw9c3ViMDFiJmtleXZhbHVlPXN1YjAxJmJic19tYWxuYW1lPQ==||
TECHNOPARK:1724,「2026년 예비수소전문기업지원사업」수소산업분야 기술사업화(비R&D) 수혜기업 모집공고,충남테크노파크,fetched,url,needs_review,large_amount_delta,기존 금액과 새 대표금액 차이가 큼,"amount_delta_20_percent:old=6700,new=3500",6700.0,support_amount,subtract,9,3500.0,support_amount,subtract,,2046,10501,,https://www.ctp.or.kr/business/datadetail.do?seq=2709304
TECHNOPARK:1747,"충남지자체 지식재산창출지원사업 수혜기업모집 공고(상시, 마감시까지)",충남테크노파크,fetched,url,needs_review,subtract_without_limit_context | large_amount_delta,직접 차감 후보이나 기업당/한도 문맥이 부족함 | 기존 금액과 새 대표금액 차이가 큼,"amount_delta_20_percent:old=150,new=400",150.0,support_amount,subtract,7,400.0,support_amount,subtract,0.1,1934,10080,,https://www.ctp.or.kr/business/datadetail.do?seq=2709310
TECHNOPARK:1752,[서천군] 2026년 시군구연고산업육성 협업프로젝트(서천군 해양바이오 인큐베이팅 사업) 3차 수혜기업 모집 공고 기간 연장 안내,충남테크노파크,fetched,url,needs_review,large_amount_delta,기존 금액과 새 대표금액 차이가 큼,"type_changed:non_cash->support_amount | roi_method_changed:recommend_only->subtract | amount_delta_20_percent:old=5000,new=7000",5000.0,non_cash,recommend_only,16,7000.0,support_amount,subtract,,2347,12595,,https://www.ctp.or.kr/business/datadetail.do?seq=2709311
TECHNOPARK:1769,[2026-056호] 2026년 정보보호 기업육성(사업화 / 창업·벤처 육성)) 지원사업 모집공고,세종테크노파크,fetched,url,needs_review,large_amount_delta,기존 금액과 새 대표금액 차이가 큼,"amount_delta_20_percent:old=4000,new=1000",4000.0,support_amount,subtract,11,1000.0,support_amount,subtract,0.1,7204,17248,,https://www.sjtp.or.kr/bbs/board.php?bo_table=business01&wr_id=1981
TECHNOPARK:1921,"2026년도 지역주력산업육성(지역특화 프로젝트 레전드 50+) 지원모집 2차 공고(충남, 탄소저감 자동차부품, 디스플레이부품장비)",충남테크노파크,fetched,url,needs_review,large_amount_delta,기존 금액과 새 대표금액 차이가 큼,"type_changed:subsidy->non_cash | roi_method_changed:subtract->recommend_only | amount_delta_20_percent:old=11180,new=380",11180.0,subsidy,subtract,7,380.0,non_cash,recommend_only,,1914,2739,,https://www.ctp.or.kr/business/datadetail.do?seq=2709320
TECHNOPARK:793,[강원테크노파크 공고 제 2026-101호] 2026년도 강원 지역특화형(바이오헬스·식품) 스마트공장 구축사업 공고,강원테크노파크,fetched,url,needs_review,large_amount_delta,기존 금액과 새 대표금액 차이가 큼,"amount_delta_20_percent:old=25000,new=20000",25000.0,support_amount,subtract,22,20000.0,support_amount,subtract,0.5,13855,12073,,https://www.gwtp.or.kr/gwtp/bbsNew_view.php?bbs_data=aWR4PTMwNjYmc3RhcnRQYWdlPSZsaXN0Tm89JnRhYmxlPWNzX2Jic19kYXRhX25ldyZjb2RlPXN1YjAxYiZzZWFyY2hfaXRlbT0mc2VhcmNoX29yZGVyPSZ1cmw9c3ViMDFiJmtleXZhbHVlPXN1YjAxJmJic19tYWxuYW1lPQ==||
TECHNOPARK:872,2026년 충남 정보보호 우수사례 지원사업 수혜기업 모집,충남테크노파크,fetched,url,needs_review,subtract_without_limit_context | large_amount_delta,직접 차감 후보이나 기업당/한도 문맥이 부족함 | 기존 금액과 새 대표금액 차이가 큼,"type_changed:subsidy->support_amount | amount_delta_20_percent:old=750,new=0",750.0,subsidy,subtract,7,0.0,support_amount,subtract,0.1,1889,12207,,https://www.ctp.or.kr/business/datadetail.do?seq=2709231
TECHNOPARK:986,(2026-124호) 2026 강원 미래모빌리티 기업지원 프로그램 통합 공고,강원테크노파크,fetched,url,needs_review,large_amount_delta,기존 금액과 새 대표금액 차이가 큼,"amount_delta_20_percent:old=10000,new=1000",10000.0,support_amount,subtract,30,1000.0,support_amount,subtract,,16937,9443,test.hwp: 404 Client Error: Not Found for url: https://www.gwtp.or.kr/gwtp/test.hwp,https://www.gwtp.or.kr/gwtp/bbsNew_view.php?bbs_data=aWR4PTMxMjYmc3RhcnRQYWdlPSZsaXN0Tm89JnRhYmxlPWNzX2Jic19kYXRhX25ldyZjb2RlPXN1YjAxYiZzZWFyY2hfaXRlbT0mc2VhcmNoX29yZGVyPSZ1cmw9c3ViMDFiJmtleXZhbHVlPXN1YjAxJmJic19tYWxuYW1lPQ==||
