policy_id,title,organization,fetch_status,source_kind,decision,decision_reasons,decision_reasons_ko,comparison_reasons,old_amount_manwon,old_amount_type,old_roi_apply_method,candidate_count,new_selected_amount_manwon,new_selected_type,new_roi_apply_method,new_support_ratio,detail_text_length,attachment_text_length,fetch_error,url
ENERGYAGENCY:21809,2019년 에너지경영시스템 인프라 구축 지원사업 공고 안내,한국에너지공단,fetched,url,needs_review,selected_context_has_risk_keyword,선택 후보 주변에 총사업비/자부담 등 위험 키워드가 있음,,15000.0,subsidy,subtract,2,15000.0,subsidy,subtract,0.4,7042,0,,https://www.energy.or.kr/front/board/View2.do?boardMngNo=2&boardNo=21809
ENERGYAGENCY:21849,2019년 에너지경영시스템 인프라 구축 지원사업 공고 안내,한국에너지공단,fetched,url,needs_review,selected_context_has_risk_keyword,선택 후보 주변에 총사업비/자부담 등 위험 키워드가 있음,,15000.0,subsidy,subtract,2,15000.0,subsidy,subtract,0.4,7042,0,,https://www.energy.or.kr/front/board/View2.do?boardMngNo=2&boardNo=21849
ENERGYAGENCY:24575,(수정)2026년도 산업진단 개선이행 지원사업 2차 공고,한국에너지공단,fetched,url,needs_review,large_amount_delta,기존 금액과 새 대표금액 차이가 큼,"amount_delta_20_percent:old=69000,new=1",69000.0,support_amount,subtract,2,1.0,support_amount,subtract,0.7,6863,0,,https://www.energy.or.kr/front/board/View2.do?boardMngNo=2&boardNo=24575
KOSMES:6107069,2026년 숙련기능인력 E-7-4 전환추천 모집공고(제2026-52호),중소벤처기업진흥공단,fetched,url,needs_review,candidate_missing,금액 후보 자체를 찾지 못함,,,,recommend_only,0,,,,,5680,0,,https://www.kosmes.or.kr/nsh/SH/NTS/SHNTS001F0.do?seqNo=6107069&tabPage=01
KPASS:P2950,2026년 산업기술국제협력사업 통합 시행계획 공고,한국산업기술진흥원,fetched,url,needs_review,subtract_without_limit_context | large_amount_delta,직접 차감 후보이나 기업당/한도 문맥이 부족함 | 기존 금액과 새 대표금액 차이가 큼,"amount_delta_20_percent:old=250000,new=50000",250000.0,support_amount,subtract,19,50000.0,support_amount,subtract,1.0,27515,0,통합사업관리시스템 매뉴얼_수행기관용_v1.1.pdf: 404 Client Error: Not Found for url: https://www.k-pass.kr/notice/%ED%86%B5%ED%95%A9%EC%82%AC%EC%97%85%EA%B4%80%EB%A6%AC%EC%8B%9C%EC%8A%A4%ED%85%9C%20%EB%A7%A4%EB%89%B4%EC%96%BC_%EC%88%98%ED%96%89%EA%B8%B0%EA%B4%80%EC%9A%A9_v1.1.pdf / FileDown.do: 404 Client Error: Not Found for url: https://www.k-pass.kr/cmm/FileDown.do?dirName=manual/&fileName= / FileDown.do: 404 Client Error: Not Found for url: https://www.k-pass.kr/cmm/FileDown.do;jsessionid=4RoydPaXHUpp1LObg4KxbPzijehqhXia3jtb48r7cUaKHTrRT1oYDjzN31CUmK6w.K-PASS-WAS_servlet_engine2?ancId= / FileDown.do: 404 Client Error: Not Found for url: https://www.k-pass.kr/cmm/FileDown.do;jsessionid=4RoydPaXHUpp1LObg4KxbPzijehqhXia3jtb48r7cUaKHTrRT1oYDjzN31CUmK6w.K-PASS-WAS_servlet_engine2?fileid=,https://www.k-pass.kr/notice/ancView.do?ancId=P2950&gubun=NEW
PBLN_000000000115994,2026년 스마트 제조혁신 지원사업 통합 공고,중소벤처기업부,fetched,url,safe,clear_selected_candidate,대표금액 후보가 명확함,,50000.0,subsidy,subtract,42,50000.0,subsidy,subtract,0.5,2262,12050,26년_스마트제조혁신_지원사업_통합공고.pdf: 400 Client Error: Bad Request for url: https://www.bizinfo.go.kr/sii/siia/26%EB%85%84_%EC%8A%A4%EB%A7%88%ED%8A%B8%EC%A0%9C%EC%A1%B0%ED%98%81%EC%8B%A0_%EC%A7%80%EC%9B%90%EC%82%AC%EC%97%85_%ED%86%B5%ED%95%A9%EA%B3%B5%EA%B3%A0.pdf / 202510310932590267.pdf: 404 Client Error: Not Found for url: https://www.bizinfo.go.kr/sii/siia/202510310932590267.pdf,https://www.bizinfo.go.kr/sii/siia/selectSIIA200Detail.do?pblancId=PBLN_000000000115994
PBLN_000000000116004,스마트 공장 수준 확인(2026년 스마트 제조혁신 지원사업 통합 공고),중소벤처기업부,fetched,url,safe,clear_selected_candidate,대표금액 후보가 명확함,,50000.0,subsidy,subtract,42,50000.0,subsidy,subtract,0.5,2574,12050,26년_스마트제조혁신_지원사업_통합공고.pdf: 400 Client Error: Bad Request for url: https://www.bizinfo.go.kr/sii/siia/26%EB%85%84_%EC%8A%A4%EB%A7%88%ED%8A%B8%EC%A0%9C%EC%A1%B0%ED%98%81%EC%8B%A0_%EC%A7%80%EC%9B%90%EC%82%AC%EC%97%85_%ED%86%B5%ED%95%A9%EA%B3%B5%EA%B3%A0.pdf / 202510311349430914.pdf: 404 Client Error: Not Found for url: https://www.bizinfo.go.kr/sii/siia/202510311349430914.pdf / 202510311350180073.pdf: 404 Client Error: Not Found for url: https://www.bizinfo.go.kr/sii/siia/202510311350180073.pdf / 스마트공장 수준 확인.pdf: 400 Client Error: Bad Request for url: https://www.bizinfo.go.kr/sii/siia/%EC%8A%A4%EB%A7%88%ED%8A%B8%EA%B3%B5%EC%9E%A5%20%EC%88%98%EC%A4%80%20%ED%99%95%EC%9D%B8.pdf / 스마트공장 수준 확인.pdf: text extraction failed,https://www.bizinfo.go.kr/sii/siia/selectSIIA200Detail.do?pblancId=PBLN_000000000116004
PBLN_000000000116008,제조 DX멘토단 활용지원(2026년 스마트 제조혁신 지원사업 통합 공고),중소벤처기업부,fetched,url,safe,clear_selected_candidate,대표금액 후보가 명확함,,50000.0,subsidy,subtract,42,50000.0,subsidy,subtract,0.5,2455,12054,26년_스마트제조혁신_지원사업_통합공고(수정).pdf: 400 Client Error: Bad Request for url: https://www.bizinfo.go.kr/sii/siia/26%EB%85%84_%EC%8A%A4%EB%A7%88%ED%8A%B8%EC%A0%9C%EC%A1%B0%ED%98%81%EC%8B%A0_%EC%A7%80%EC%9B%90%EC%82%AC%EC%97%85_%ED%86%B5%ED%95%A9%EA%B3%B5%EA%B3%A0(%EC%88%98%EC%A0%95).pdf / 제조 DX멘토단 활용지원.pdf: 400 Client Error: Bad Request for url: https://www.bizinfo.go.kr/sii/siia/%EC%A0%9C%EC%A1%B0%20DX%EB%A9%98%ED%86%A0%EB%8B%A8%20%ED%99%9C%EC%9A%A9%EC%A7%80%EC%9B%90.pdf / 202510311428100768.pdf: 404 Client Error: Not Found for url: https://www.bizinfo.go.kr/sii/siia/202510311428100768.pdf / 202510311428140859.pdf: 404 Client Error: Not Found for url: https://www.bizinfo.go.kr/sii/siia/202510311428140859.pdf / 제조 DX멘토단 활용지원.pdf: text extraction failed,https://www.bizinfo.go.kr/sii/siia/selectSIIA200Detail.do?pblancId=PBLN_000000000116008
PBLN_000000000116853,2026년 기업훈련 탄력운영제 참여기업 모집 공고,고용노동부,fetched,url,needs_review,selected_candidate_missing,금액 후보는 있으나 대표금액을 선택하지 못함,old_amount_without_new_selected_amount,1820000.0,support_amount,subtract,2,,,,0.5,2142,5129,2.+[별첨]+기업훈련+탄력운영제+참여신청+전산+매뉴얼.pdf: 400 Client Error: Bad Request for url: https://www.bizinfo.go.kr/sii/siia/2.+%5B%EB%B3%84%EC%B2%A8%5D+%EA%B8%B0%EC%97%85%ED%9B%88%EB%A0%A8+%ED%83%84%EB%A0%A5%EC%9A%B4%EC%98%81%EC%A0%9C+%EC%B0%B8%EC%97%AC%EC%8B%A0%EC%B2%AD+%EC%A0%84%EC%82%B0+%EB%A7%A4%EB%89%B4%EC%96%BC.pdf / 202512171336360912.pdf: 404 Client Error: Not Found for url: https://www.bizinfo.go.kr/sii/siia/202512171336360912.pdf / 1.+2026년+기업훈련+탄력운영제+참여기업+모집+공고.hwp: 400 Client Error: Bad Request for url: https://www.bizinfo.go.kr/sii/siia/1.+2026%EB%85%84+%EA%B8%B0%EC%97%85%ED%9B%88%EB%A0%A8+%ED%83%84%EB%A0%A5%EC%9A%B4%EC%98%81%EC%A0%9C+%EC%B0%B8%EC%97%AC%EA%B8%B0%EC%97%85+%EB%AA%A8%EC%A7%91+%EA%B3%B5%EA%B3%A0.hwp / 202512171336310583.hwp: 404 Client Error: Not Found for url: https://www.bizinfo.go.kr/sii/siia/202512171336310583.hwp,https://www.bizinfo.go.kr/sii/siia/selectSIIA200Detail.do?pblancId=PBLN_000000000116853
PBLN_000000000117019,2026년 제조DX멘토단 활용지원사업 통합 공고,중소벤처기업부,fetched,url,needs_review,selected_candidate_missing,금액 후보는 있으나 대표금액을 선택하지 못함,old_amount_without_new_selected_amount,238.0,subsidy,subtract,14,,,,0.5,2264,8789,★2026년도_제조DX멘토단_활용지원사업_통합_공고문_V3.pdf: 400 Client Error: Bad Request for url: https://www.bizinfo.go.kr/sii/siia/%E2%98%852026%EB%85%84%EB%8F%84_%EC%A0%9C%EC%A1%B0DX%EB%A9%98%ED%86%A0%EB%8B%A8_%ED%99%9C%EC%9A%A9%EC%A7%80%EC%9B%90%EC%82%AC%EC%97%85_%ED%86%B5%ED%95%A9_%EA%B3%B5%EA%B3%A0%EB%AC%B8_V3.pdf / 202512300954380961.pdf: 404 Client Error: Not Found for url: https://www.bizinfo.go.kr/sii/siia/202512300954380961.pdf,https://www.bizinfo.go.kr/sii/siia/selectSIIA200Detail.do?pblancId=PBLN_000000000117019
PBLN_000000000117056,[경기] 부천시 2026년 내일채움공제 지원 계획 공고,경기도,fetched,url,needs_review,large_amount_delta,기존 금액과 새 대표금액 차이가 큼,"amount_delta_20_percent:old=24,new=7",24.0,support_amount,subtract,8,7.0,support_amount,subtract,,1641,7256,2026년 부천시 「내일채움공제」 지원계획 공고.hwp: 400 Client Error: Bad Request for url: https://www.bizinfo.go.kr/sii/siia/2026%EB%85%84%20%EB%B6%80%EC%B2%9C%EC%8B%9C%20%E3%80%8C%EB%82%B4%EC%9D%BC%EC%B1%84%EC%9B%80%EA%B3%B5%EC%A0%9C%E3%80%8D%20%EC%A7%80%EC%9B%90%EA%B3%84%ED%9A%8D%20%EA%B3%B5%EA%B3%A0.hwp / 202601021032020268.hwp: 404 Client Error: Not Found for url: https://www.bizinfo.go.kr/sii/siia/202601021032020268.hwp,https://www.bizinfo.go.kr/sii/siia/selectSIIA200Detail.do?pblancId=PBLN_000000000117056
PBLN_000000000117066,장애인고용개선장려금 사업 공고,고용노동부,fetched,url,needs_review,selected_candidate_missing,금액 후보는 있으나 대표금액을 선택하지 못함,old_amount_without_new_selected_amount,45.0,support_amount,subtract,3,,,,0.6,1443,4180,2026년 장애인고용개선장려금 공고문(최종).hwp: 400 Client Error: Bad Request for url: https://www.bizinfo.go.kr/sii/siia/2026%EB%85%84%20%EC%9E%A5%EC%95%A0%EC%9D%B8%EA%B3%A0%EC%9A%A9%EA%B0%9C%EC%84%A0%EC%9E%A5%EB%A0%A4%EA%B8%88%20%EA%B3%B5%EA%B3%A0%EB%AC%B8(%EC%B5%9C%EC%A2%85).hwp / 202512311319040480.hwp: 404 Client Error: Not Found for url: https://www.bizinfo.go.kr/sii/siia/202512311319040480.hwp,https://www.bizinfo.go.kr/sii/siia/selectSIIA200Detail.do?pblancId=PBLN_000000000117066
PBLN_000000000117291,2026년 한국식품산업클러스터진흥원 기업지원시설ㆍ장비 활용 지원사업 공고,농림축산식품부,fetched,url,needs_review,selected_candidate_missing,금액 후보는 있으나 대표금액을 선택하지 못함,old_amount_without_new_selected_amount,25000.0,support_amount,subtract,3,,,,0.2,1902,12071,[한국식품산업클러스터진흥원] 2026년 기업지원시설·장비 활용 지원사업 공고.hwp: 400 Client Error: Bad Request for url: https://www.bizinfo.go.kr/sii/siia/%5B%ED%95%9C%EA%B5%AD%EC%8B%9D%ED%92%88%EC%82%B0%EC%97%85%ED%81%B4%EB%9F%AC%EC%8A%A4%ED%84%B0%EC%A7%84%ED%9D%A5%EC%9B%90%5D%202026%EB%85%84%20%EA%B8%B0%EC%97%85%EC%A7%80%EC%9B%90%EC%8B%9C%EC%84%A4%C2%B7%EC%9E%A5%EB%B9%84%20%ED%99%9C%EC%9A%A9%20%EC%A7%80%EC%9B%90%EC%82%AC%EC%97%85%20%EA%B3%B5%EA%B3%A0.hwp / 202601091353000765.hwp: 404 Client Error: Not Found for url: https://www.bizinfo.go.kr/sii/siia/202601091353000765.hwp,https://www.bizinfo.go.kr/sii/siia/selectSIIA200Detail.do?pblancId=PBLN_000000000117291
PBLN_000000000117307,[인천] 2026년 가상융합산업 콘텐츠 제작 장비 임차지원 공고(인천 가상융합산업 혁신센터),인천광역시,fetched,url,needs_review,selected_candidate_missing,금액 후보는 있으나 대표금액을 선택하지 못함,,,,recommend_only,1,,,,1.0,2028,6570,붙임. 가상융합산업 콘텐츠 제작 장비 임차지원 안내.hwp: 400 Client Error: Bad Request for url: https://www.bizinfo.go.kr/sii/siia/%EB%B6%99%EC%9E%84.%20%EA%B0%80%EC%83%81%EC%9C%B5%ED%95%A9%EC%82%B0%EC%97%85%20%EC%BD%98%ED%85%90%EC%B8%A0%20%EC%A0%9C%EC%9E%91%20%EC%9E%A5%EB%B9%84%20%EC%9E%84%EC%B0%A8%EC%A7%80%EC%9B%90%20%EC%95%88%EB%82%B4.hwp / 202601091447560488.hwp: 404 Client Error: Not Found for url: https://www.bizinfo.go.kr/sii/siia/202601091447560488.hwp,https://www.bizinfo.go.kr/sii/siia/selectSIIA200Detail.do?pblancId=PBLN_000000000117307
PBLN_000000000117454,[강원] 2026년 글로벌 IP 스타기업 육성 해외OA비용 지원사업 공고,강원특별자치도,fetched,url,needs_review,large_amount_delta,기존 금액과 새 대표금액 차이가 큼,"amount_delta_20_percent:old=164,new=410",164.0,support_amount,subtract,12,410.0,support_amount,subtract,,2070,4071,2026년 강원 글로벌 IP 스타기업 육성 해외OA비용 지원사업 공고.hwp: 400 Client Error: Bad Request for url: https://www.bizinfo.go.kr/sii/siia/2026%EB%85%84%20%EA%B0%95%EC%9B%90%20%EA%B8%80%EB%A1%9C%EB%B2%8C%20IP%20%EC%8A%A4%ED%83%80%EA%B8%B0%EC%97%85%20%EC%9C%A1%EC%84%B1%20%ED%95%B4%EC%99%B8OA%EB%B9%84%EC%9A%A9%20%EC%A7%80%EC%9B%90%EC%82%AC%EC%97%85%20%EA%B3%B5%EA%B3%A0.hwp / 서류제출 안내.hwp: 400 Client Error: Bad Request for url: https://www.bizinfo.go.kr/sii/siia/%EC%84%9C%EB%A5%98%EC%A0%9C%EC%B6%9C%20%EC%95%88%EB%82%B4.hwp / 202601150927040542.hwp: 404 Client Error: Not Found for url: https://www.bizinfo.go.kr/sii/siia/202601150927040542.hwp / 202601150927080724.hwp: 404 Client Error: Not Found for url: https://www.bizinfo.go.kr/sii/siia/202601150927080724.hwp / 202601150927080892.hwp: 404 Client Error: Not Found for url: https://www.bizinfo.go.kr/sii/siia/202601150927080892.hwp / 202601150927090088.hwp: 404 Client Error: Not Found for url: https://www.bizinfo.go.kr/sii/siia/202601150927090088.hwp / 붙임1_해외OA비용 신청서(양식).hwp: 400 Client Error: Bad Request for url: https://www.bizinfo.go.kr/sii/siia/%EB%B6%99%EC%9E%841_%ED%95%B4%EC%99%B8OA%EB%B9%84%EC%9A%A9%20%EC%8B%A0%EC%B2%AD%EC%84%9C(%EC%96%91%EC%8B%9D).hwp / 붙임2_해외OA비용 서약서(양식).hwp: 400 Client Error: Bad Request for url: https://www.bizinfo.go.kr/sii/siia/%EB%B6%99%EC%9E%842_%ED%95%B4%EC%99%B8OA%EB%B9%84%EC%9A%A9%20%EC%84%9C%EC%95%BD%EC%84%9C(%EC%96%91%EC%8B%9D).hwp,https://www.bizinfo.go.kr/sii/siia/selectSIIA200Detail.do?pblancId=PBLN_000000000117454
PBLN_000000000117463,[강원] 2026년 글로벌 IP 스타기업 육성 해외등록비용 지원사업 공고,강원특별자치도,fetched,url,needs_review,selected_candidate_missing,금액 후보는 있으나 대표금액을 선택하지 못함,old_amount_without_new_selected_amount,144.0,support_amount,subtract,9,,,,,2064,3937,2026년 강원 글로벌 IP 스타기업 육성 해외등록비용 지원사업 공고.hwp: 400 Client Error: Bad Request for url: https://www.bizinfo.go.kr/sii/siia/2026%EB%85%84%20%EA%B0%95%EC%9B%90%20%EA%B8%80%EB%A1%9C%EB%B2%8C%20IP%20%EC%8A%A4%ED%83%80%EA%B8%B0%EC%97%85%20%EC%9C%A1%EC%84%B1%20%ED%95%B4%EC%99%B8%EB%93%B1%EB%A1%9D%EB%B9%84%EC%9A%A9%20%EC%A7%80%EC%9B%90%EC%82%AC%EC%97%85%20%EA%B3%B5%EA%B3%A0.hwp / 서류제출 안내.hwp: 400 Client Error: Bad Request for url: https://www.bizinfo.go.kr/sii/siia/%EC%84%9C%EB%A5%98%EC%A0%9C%EC%B6%9C%20%EC%95%88%EB%82%B4.hwp / 202601150930550777.hwp: 404 Client Error: Not Found for url: https://www.bizinfo.go.kr/sii/siia/202601150930550777.hwp / 202601150931000330.hwp: 404 Client Error: Not Found for url: https://www.bizinfo.go.kr/sii/siia/202601150931000330.hwp / 202601150931000516.hwp: 404 Client Error: Not Found for url: https://www.bizinfo.go.kr/sii/siia/202601150931000516.hwp / 202601150931000708.hwp: 404 Client Error: Not Found for url: https://www.bizinfo.go.kr/sii/siia/202601150931000708.hwp / 붙임1_해외등록비용 신청서(양식).hwp: 400 Client Error: Bad Request for url: https://www.bizinfo.go.kr/sii/siia/%EB%B6%99%EC%9E%841_%ED%95%B4%EC%99%B8%EB%93%B1%EB%A1%9D%EB%B9%84%EC%9A%A9%20%EC%8B%A0%EC%B2%AD%EC%84%9C(%EC%96%91%EC%8B%9D).hwp / 붙임2_해외등록비용 서약서(양식).hwp: 400 Client Error: Bad Request for url: https://www.bizinfo.go.kr/sii/siia/%EB%B6%99%EC%9E%842_%ED%95%B4%EC%99%B8%EB%93%B1%EB%A1%9D%EB%B9%84%EC%9A%A9%20%EC%84%9C%EC%95%BD%EC%84%9C(%EC%96%91%EC%8B%9D).hwp,https://www.bizinfo.go.kr/sii/siia/selectSIIA200Detail.do?pblancId=PBLN_000000000117463
PBLN_000000000117481,전북바이오융합교육센터 재직자 교육 훈련생ㆍ기업 모집 공고(국가인적자원개발컨소시엄),전북특별자치도,fetched,url,needs_review,selected_candidate_missing,금액 후보는 있으나 대표금액을 선택하지 못함,old_amount_without_new_selected_amount,100.0,support_amount,subtract,2,,,,1.0,2271,7267,○+바이오융합교육센터+재직자+교육+훈련생-기업+모집공고_최종.pdf: 400 Client Error: Bad Request for url: https://www.bizinfo.go.kr/sii/siia/%E2%97%8B+%EB%B0%94%EC%9D%B4%EC%98%A4%EC%9C%B5%ED%95%A9%EA%B5%90%EC%9C%A1%EC%84%BC%ED%84%B0+%EC%9E%AC%EC%A7%81%EC%9E%90+%EA%B5%90%EC%9C%A1+%ED%9B%88%EB%A0%A8%EC%83%9D-%EA%B8%B0%EC%97%85+%EB%AA%A8%EC%A7%91%EA%B3%B5%EA%B3%A0_%EC%B5%9C%EC%A2%85.pdf / 202601151036500006.pdf: 404 Client Error: Not Found for url: https://www.bizinfo.go.kr/sii/siia/202601151036500006.pdf / 202601151036560686.hwp: 404 Client Error: Not Found for url: https://www.bizinfo.go.kr/sii/siia/202601151036560686.hwp / 202601151036560880.hwp: 404 Client Error: Not Found for url: https://www.bizinfo.go.kr/sii/siia/202601151036560880.hwp / [신청양식]+바이오융합교육센터+기업방문+교육신청서.hwp: 400 Client Error: Bad Request for url: https://www.bizinfo.go.kr/sii/siia/%5B%EC%8B%A0%EC%B2%AD%EC%96%91%EC%8B%9D%5D+%EB%B0%94%EC%9D%B4%EC%98%A4%EC%9C%B5%ED%95%A9%EA%B5%90%EC%9C%A1%EC%84%BC%ED%84%B0+%EA%B8%B0%EC%97%85%EB%B0%A9%EB%AC%B8+%EA%B5%90%EC%9C%A1%EC%8B%A0%EC%B2%AD%EC%84%9C.hwp / [신청양식]+바이오융합교육센터협약서.hwp: 400 Client Error: Bad Request for url: https://www.bizinfo.go.kr/sii/siia/%5B%EC%8B%A0%EC%B2%AD%EC%96%91%EC%8B%9D%5D+%EB%B0%94%EC%9D%B4%EC%98%A4%EC%9C%B5%ED%95%A9%EA%B5%90%EC%9C%A1%EC%84%BC%ED%84%B0%ED%98%91%EC%95%BD%EC%84%9C.hwp,https://www.bizinfo.go.kr/sii/siia/selectSIIA200Detail.do?pblancId=PBLN_000000000117481
PBLN_000000000117557,[충북] 충주시 2026년 기술평가 인증 수수료 지원사업 공고,충청북도,fetched,url,needs_review,candidate_missing,금액 후보 자체를 찾지 못함,,,support_ratio,ratio_cap,0,,,,,2162,1776,2026년 기술평가 인증 수수료 지원 사업 공고.hwp: 400 Client Error: Bad Request for url: https://www.bizinfo.go.kr/sii/siia/2026%EB%85%84%20%EA%B8%B0%EC%88%A0%ED%8F%89%EA%B0%80%20%EC%9D%B8%EC%A6%9D%20%EC%88%98%EC%88%98%EB%A3%8C%20%EC%A7%80%EC%9B%90%20%EC%82%AC%EC%97%85%20%EA%B3%B5%EA%B3%A0.hwp / 202601191059220310.hwp: 404 Client Error: Not Found for url: https://www.bizinfo.go.kr/sii/siia/202601191059220310.hwp,https://www.bizinfo.go.kr/sii/siia/selectSIIA200Detail.do?pblancId=PBLN_000000000117557
PBLN_000000000117563,2026년 중소기업 매출채권팩토링 지원계획 공고,중소벤처기업부,fetched,url,needs_review,large_amount_delta,기존 금액과 새 대표금액 차이가 큼,"amount_delta_20_percent:old=100000,new=5.9e+06",100000.0,support_amount,subtract,10,5900000.0,support_amount,subtract,,1679,4651,2026년도_중소기업_매출채권팩토링_지원계획_공고.pdf: 400 Client Error: Bad Request for url: https://www.bizinfo.go.kr/sii/siia/2026%EB%85%84%EB%8F%84_%EC%A4%91%EC%86%8C%EA%B8%B0%EC%97%85_%EB%A7%A4%EC%B6%9C%EC%B1%84%EA%B6%8C%ED%8C%A9%ED%86%A0%EB%A7%81_%EC%A7%80%EC%9B%90%EA%B3%84%ED%9A%8D_%EA%B3%B5%EA%B3%A0.pdf / 202601191010290383.pdf: 404 Client Error: Not Found for url: https://www.bizinfo.go.kr/sii/siia/202601191010290383.pdf,https://www.bizinfo.go.kr/sii/siia/selectSIIA200Detail.do?pblancId=PBLN_000000000117563
PBLN_000000000117643,2026년 예산군 로케이션 인센티브 제작지원 사업 공고,충청남도,fetched,url,safe,clear_selected_candidate,대표금액 후보가 명확함,,6000.0,support_amount,subtract,3,6000.0,support_amount,subtract,0.5,2077,4255,공고문 2026 예산 로케이션 인센티브 지원사업 공고.pdf: 400 Client Error: Bad Request for url: https://www.bizinfo.go.kr/sii/siia/%EA%B3%B5%EA%B3%A0%EB%AC%B8%202026%20%EC%98%88%EC%82%B0%20%EB%A1%9C%EC%BC%80%EC%9D%B4%EC%85%98%20%EC%9D%B8%EC%84%BC%ED%8B%B0%EB%B8%8C%20%EC%A7%80%EC%9B%90%EC%82%AC%EC%97%85%20%EA%B3%B5%EA%B3%A0.pdf / 202601201112290597.pdf: 404 Client Error: Not Found for url: https://www.bizinfo.go.kr/sii/siia/202601201112290597.pdf,https://www.bizinfo.go.kr/sii/siia/selectSIIA200Detail.do?pblancId=PBLN_000000000117643
PBLN_000000000117654,[강원] 2026년 중소ㆍ벤처기업 투자이음 강화 프로그램 참여기업 연중 상시접수 공고(강원 벤처투자 생태계 조성사업),강원특별자치도,fetched,url,needs_review,selected_candidate_missing,금액 후보는 있으나 대표금액을 선택하지 못함,old_amount_without_new_selected_amount,650000.0,support_amount,subtract,3,,,,,2039,2415,(공고문) 강원지역 중소벤처기업 투자이음 강화 프로그램 .hwp: 400 Client Error: Bad Request for url: https://www.bizinfo.go.kr/sii/siia/(%EA%B3%B5%EA%B3%A0%EB%AC%B8)%20%EA%B0%95%EC%9B%90%EC%A7%80%EC%97%AD%20%EC%A4%91%EC%86%8C%EB%B2%A4%EC%B2%98%EA%B8%B0%EC%97%85%20%ED%88%AC%EC%9E%90%EC%9D%B4%EC%9D%8C%20%EA%B0%95%ED%99%94%20%ED%94%84%EB%A1%9C%EA%B7%B8%EB%9E%A8%20.hwp / 202601201418510349.hwp: 404 Client Error: Not Found for url: https://www.bizinfo.go.kr/sii/siia/202601201418510349.hwp,https://www.bizinfo.go.kr/sii/siia/selectSIIA200Detail.do?pblancId=PBLN_000000000117654
PBLN_000000000117668,[인천] 2026년 기술거래촉진네트워크사업(인천기술전환플랫폼) 기술이전 및 기술수요조사서 신청 공고,인천광역시,fetched,url,needs_review,candidate_missing,금액 후보 자체를 찾지 못함,,,unknown,recommend_only,0,,,,,1974,6337,붙임._기술이전_및_기술수요조사_신청접수_공고문.hwp: 400 Client Error: Bad Request for url: https://www.bizinfo.go.kr/sii/siia/%EB%B6%99%EC%9E%84._%EA%B8%B0%EC%88%A0%EC%9D%B4%EC%A0%84_%EB%B0%8F_%EA%B8%B0%EC%88%A0%EC%88%98%EC%9A%94%EC%A1%B0%EC%82%AC_%EC%8B%A0%EC%B2%AD%EC%A0%91%EC%88%98_%EA%B3%B5%EA%B3%A0%EB%AC%B8.hwp / 202601211028030515.hwp: 404 Client Error: Not Found for url: https://www.bizinfo.go.kr/sii/siia/202601211028030515.hwp,https://www.bizinfo.go.kr/sii/siia/selectSIIA200Detail.do?pblancId=PBLN_000000000117668
PBLN_000000000117671,[인천] 서구 2026년 제품인증획득 지원사업 신청 공고,인천광역시,fetched,url,needs_review,large_amount_delta,기존 금액과 새 대표금액 차이가 큼,"type_changed:support_amount->non_cash | roi_method_changed:subtract->recommend_only | amount_delta_20_percent:old=500,new=400",500.0,support_amount,subtract,7,400.0,non_cash,recommend_only,,2086,10158,지원대상분야_인증리스트.pdf: 400 Client Error: Bad Request for url: https://www.bizinfo.go.kr/sii/siia/%EC%A7%80%EC%9B%90%EB%8C%80%EC%83%81%EB%B6%84%EC%95%BC_%EC%9D%B8%EC%A6%9D%EB%A6%AC%EC%8A%A4%ED%8A%B8.pdf / 202601211036540094.pdf: 404 Client Error: Not Found for url: https://www.bizinfo.go.kr/sii/siia/202601211036540094.pdf / 2026년_제품인증획득_지원사업_신청_안내문.hwp: 400 Client Error: Bad Request for url: https://www.bizinfo.go.kr/sii/siia/2026%EB%85%84_%EC%A0%9C%ED%92%88%EC%9D%B8%EC%A6%9D%ED%9A%8D%EB%93%9D_%EC%A7%80%EC%9B%90%EC%82%AC%EC%97%85_%EC%8B%A0%EC%B2%AD_%EC%95%88%EB%82%B4%EB%AC%B8.hwp / 신청서류(지원신청서.사업계획서.개인정보이용및제공동의서).hwp: 400 Client Error: Bad Request for url: https://www.bizinfo.go.kr/sii/siia/%EC%8B%A0%EC%B2%AD%EC%84%9C%EB%A5%98(%EC%A7%80%EC%9B%90%EC%8B%A0%EC%B2%AD%EC%84%9C.%EC%82%AC%EC%97%85%EA%B3%84%ED%9A%8D%EC%84%9C.%EA%B0%9C%EC%9D%B8%EC%A0%95%EB%B3%B4%EC%9D%B4%EC%9A%A9%EB%B0%8F%EC%A0%9C%EA%B3%B5%EB%8F%99%EC%9D%98%EC%84%9C).hwp / 202601211036460578.hwp: 404 Client Error: Not Found for url: https://www.bizinfo.go.kr/sii/siia/202601211036460578.hwp / 202601211036530881.hwp: 404 Client Error: Not Found for url: https://www.bizinfo.go.kr/sii/siia/202601211036530881.hwp,https://www.bizinfo.go.kr/sii/siia/selectSIIA200Detail.do?pblancId=PBLN_000000000117671
PBLN_000000000117688,[인천] 서구(검단지역) 2026년 제품인증획득 지원사업 신청 공고,인천광역시,fetched,url,needs_review,large_amount_delta,기존 금액과 새 대표금액 차이가 큼,"type_changed:support_amount->non_cash | roi_method_changed:subtract->recommend_only | amount_delta_20_percent:old=500,new=400",500.0,support_amount,subtract,7,400.0,non_cash,recommend_only,,2110,10196,지원대상분야_인증리스트.pdf: 400 Client Error: Bad Request for url: https://www.bizinfo.go.kr/sii/siia/%EC%A7%80%EC%9B%90%EB%8C%80%EC%83%81%EB%B6%84%EC%95%BC_%EC%9D%B8%EC%A6%9D%EB%A6%AC%EC%8A%A4%ED%8A%B8.pdf / 202601211033430102.pdf: 404 Client Error: Not Found for url: https://www.bizinfo.go.kr/sii/siia/202601211033430102.pdf / (검단지역)_2026년_제품인증획득_지원사업_신청_안내문.hwp: 400 Client Error: Bad Request for url: https://www.bizinfo.go.kr/sii/siia/(%EA%B2%80%EB%8B%A8%EC%A7%80%EC%97%AD)_2026%EB%85%84_%EC%A0%9C%ED%92%88%EC%9D%B8%EC%A6%9D%ED%9A%8D%EB%93%9D_%EC%A7%80%EC%9B%90%EC%82%AC%EC%97%85_%EC%8B%A0%EC%B2%AD_%EC%95%88%EB%82%B4%EB%AC%B8.hwp / (검단지역)_신청서류(지원신청서.사업계획서.개인정보이용및제공동의서).hwp: 400 Client Error: Bad Request for url: https://www.bizinfo.go.kr/sii/siia/(%EA%B2%80%EB%8B%A8%EC%A7%80%EC%97%AD)_%EC%8B%A0%EC%B2%AD%EC%84%9C%EB%A5%98(%EC%A7%80%EC%9B%90%EC%8B%A0%EC%B2%AD%EC%84%9C.%EC%82%AC%EC%97%85%EA%B3%84%ED%9A%8D%EC%84%9C.%EA%B0%9C%EC%9D%B8%EC%A0%95%EB%B3%B4%EC%9D%B4%EC%9A%A9%EB%B0%8F%EC%A0%9C%EA%B3%B5%EB%8F%99%EC%9D%98%EC%84%9C).hwp / 202601211033380336.hwp: 404 Client Error: Not Found for url: https://www.bizinfo.go.kr/sii/siia/202601211033380336.hwp / 202601211033420940.hwp: 404 Client Error: Not Found for url: https://www.bizinfo.go.kr/sii/siia/202601211033420940.hwp,https://www.bizinfo.go.kr/sii/siia/selectSIIA200Detail.do?pblancId=PBLN_000000000117688
PBLN_000000000117774,[서울] 가죽ㆍ패션산업 소공인 장비 임대지원사업 공고,서울특별시,fetched,url,needs_review,candidate_missing,금액 후보 자체를 찾지 못함,,,unknown,recommend_only,0,,,,,1680,3899,[강동가죽제조지원센터] 가죽·패션산업 소공인 장비지원 사업 공고.hwp: 400 Client Error: Bad Request for url: https://www.bizinfo.go.kr/sii/siia/%5B%EA%B0%95%EB%8F%99%EA%B0%80%EC%A3%BD%EC%A0%9C%EC%A1%B0%EC%A7%80%EC%9B%90%EC%84%BC%ED%84%B0%5D%20%EA%B0%80%EC%A3%BD%C2%B7%ED%8C%A8%EC%85%98%EC%82%B0%EC%97%85%20%EC%86%8C%EA%B3%B5%EC%9D%B8%20%EC%9E%A5%EB%B9%84%EC%A7%80%EC%9B%90%20%EC%82%AC%EC%97%85%20%EA%B3%B5%EA%B3%A0.hwp / [강동가죽제조지원센터] 가죽·패션산업 소공인 장비지원 사업 신청서.hwp: 400 Client Error: Bad Request for url: https://www.bizinfo.go.kr/sii/siia/%5B%EA%B0%95%EB%8F%99%EA%B0%80%EC%A3%BD%EC%A0%9C%EC%A1%B0%EC%A7%80%EC%9B%90%EC%84%BC%ED%84%B0%5D%20%EA%B0%80%EC%A3%BD%C2%B7%ED%8C%A8%EC%85%98%EC%82%B0%EC%97%85%20%EC%86%8C%EA%B3%B5%EC%9D%B8%20%EC%9E%A5%EB%B9%84%EC%A7%80%EC%9B%90%20%EC%82%AC%EC%97%85%20%EC%8B%A0%EC%B2%AD%EC%84%9C.hwp / 202601230942230736.hwp: 404 Client Error: Not Found for url: https://www.bizinfo.go.kr/sii/siia/202601230942230736.hwp / 202601230942280177.hwp: 404 Client Error: Not Found for url: https://www.bizinfo.go.kr/sii/siia/202601230942280177.hwp,https://www.bizinfo.go.kr/sii/siia/selectSIIA200Detail.do?pblancId=PBLN_000000000117774
PBLN_000000000117781,[경북] 국방기술 민간이전 사업 참여기업 모집 공고(경북ㆍ구미 방산혁신클러스터),경상북도,fetched,url,safe,clear_selected_candidate,대표금액 후보가 명확함,,4000.0,support_amount,subtract,4,4000.0,support_amount,subtract,,2226,7831,(붙임1) 국방기술 민간이전 사업 참여기업 모집 공고.pdf: 400 Client Error: Bad Request for url: https://www.bizinfo.go.kr/sii/siia/(%EB%B6%99%EC%9E%841)%20%EA%B5%AD%EB%B0%A9%EA%B8%B0%EC%88%A0%20%EB%AF%BC%EA%B0%84%EC%9D%B4%EC%A0%84%20%EC%82%AC%EC%97%85%20%EC%B0%B8%EC%97%AC%EA%B8%B0%EC%97%85%20%EB%AA%A8%EC%A7%91%20%EA%B3%B5%EA%B3%A0.pdf / 202601230954250646.pdf: 404 Client Error: Not Found for url: https://www.bizinfo.go.kr/sii/siia/202601230954250646.pdf / (붙임2) 신청서식.hwp: 400 Client Error: Bad Request for url: https://www.bizinfo.go.kr/sii/siia/(%EB%B6%99%EC%9E%842)%20%EC%8B%A0%EC%B2%AD%EC%84%9C%EC%8B%9D.hwp / 202601230959330693.hwp: 404 Client Error: Not Found for url: https://www.bizinfo.go.kr/sii/siia/202601230959330693.hwp,https://www.bizinfo.go.kr/sii/siia/selectSIIA200Detail.do?pblancId=PBLN_000000000117781
PBLN_000000000117794,[경북] 2026년 중소기업 정부기술개발공모사업 선정지원 참여기업 모집 공고,경상북도,fetched,url,needs_review,selected_candidate_missing,금액 후보는 있으나 대표금액을 선택하지 못함,old_amount_without_new_selected_amount,150.0,support_amount,subtract,12,,,,,2302,7628,[공고문] 2026년 경북 중소기업 정부기술개발 공모사업 선정 지원사업_1.hwp: 400 Client Error: Bad Request for url: https://www.bizinfo.go.kr/sii/siia/%5B%EA%B3%B5%EA%B3%A0%EB%AC%B8%5D%202026%EB%85%84%20%EA%B2%BD%EB%B6%81%20%EC%A4%91%EC%86%8C%EA%B8%B0%EC%97%85%20%EC%A0%95%EB%B6%80%EA%B8%B0%EC%88%A0%EA%B0%9C%EB%B0%9C%20%EA%B3%B5%EB%AA%A8%EC%82%AC%EC%97%85%20%EC%84%A0%EC%A0%95%20%EC%A7%80%EC%9B%90%EC%82%AC%EC%97%85_1.hwp / [신청서] 2026년 경북 중소기업 정부기술개발 공모사업 선정 지원사업_1.hwp: 400 Client Error: Bad Request for url: https://www.bizinfo.go.kr/sii/siia/%5B%EC%8B%A0%EC%B2%AD%EC%84%9C%5D%202026%EB%85%84%20%EA%B2%BD%EB%B6%81%20%EC%A4%91%EC%86%8C%EA%B8%B0%EC%97%85%20%EC%A0%95%EB%B6%80%EA%B8%B0%EC%88%A0%EA%B0%9C%EB%B0%9C%20%EA%B3%B5%EB%AA%A8%EC%82%AC%EC%97%85%20%EC%84%A0%EC%A0%95%20%EC%A7%80%EC%9B%90%EC%82%AC%EC%97%85_1.hwp / 202601231348140443.hwp: 404 Client Error: Not Found for url: https://www.bizinfo.go.kr/sii/siia/202601231348140443.hwp / 202601231348340247.hwp: 404 Client Error: Not Found for url: https://www.bizinfo.go.kr/sii/siia/202601231348340247.hwp,https://www.bizinfo.go.kr/sii/siia/selectSIIA200Detail.do?pblancId=PBLN_000000000117794
PBLN_000000000117839,2026년 고령친화식품 사용성평가 참여기업 모집 공고,식품의약품안전처,fetched,url,needs_review,selected_candidate_missing,금액 후보는 있으나 대표금액을 선택하지 못함,old_amount_without_new_selected_amount,176.0,support_ratio,ratio_cap,1,,,,1.0,1742,4994,(260119) 2026년 고령친화식품 사용성평가 참여기업 모집공고.hwp: 400 Client Error: Bad Request for url: https://www.bizinfo.go.kr/sii/siia/(260119)%202026%EB%85%84%20%EA%B3%A0%EB%A0%B9%EC%B9%9C%ED%99%94%EC%8B%9D%ED%92%88%20%EC%82%AC%EC%9A%A9%EC%84%B1%ED%8F%89%EA%B0%80%20%EC%B0%B8%EC%97%AC%EA%B8%B0%EC%97%85%20%EB%AA%A8%EC%A7%91%EA%B3%B5%EA%B3%A0.hwp / 202601261456490031.hwp: 404 Client Error: Not Found for url: https://www.bizinfo.go.kr/sii/siia/202601261456490031.hwp,https://www.bizinfo.go.kr/sii/siia/selectSIIA200Detail.do?pblancId=PBLN_000000000117839
PBLN_000000000117942,[경남] 창원시 2026년 지식재산진흥 지원사업 기업 모집 공고,경상남도,fetched,url,needs_review,subtract_without_limit_context,직접 차감 후보이나 기업당/한도 문맥이 부족함,type_changed:unknown->subsidy | roi_method_changed:recommend_only->subtract | new_amount_found_from_source,,unknown,recommend_only,5,3000.0,subsidy,subtract,0.8,2207,6239,2026년 지식재산진흥 지원사업 기업 모집 공고.pdf: 400 Client Error: Bad Request for url: https://www.bizinfo.go.kr/sii/siia/2026%EB%85%84%20%EC%A7%80%EC%8B%9D%EC%9E%AC%EC%82%B0%EC%A7%84%ED%9D%A5%20%EC%A7%80%EC%9B%90%EC%82%AC%EC%97%85%20%EA%B8%B0%EC%97%85%20%EB%AA%A8%EC%A7%91%20%EA%B3%B5%EA%B3%A0.pdf / 202601281346300281.pdf: 404 Client Error: Not Found for url: https://www.bizinfo.go.kr/sii/siia/202601281346300281.pdf / [붙임1]+지원사업+신청서.hwp: 400 Client Error: Bad Request for url: https://www.bizinfo.go.kr/sii/siia/%5B%EB%B6%99%EC%9E%841%5D+%EC%A7%80%EC%9B%90%EC%82%AC%EC%97%85+%EC%8B%A0%EC%B2%AD%EC%84%9C.hwp / 202601281346380974.hwp: 404 Client Error: Not Found for url: https://www.bizinfo.go.kr/sii/siia/202601281346380974.hwp / 202601281346390144.hwp: 404 Client Error: Not Found for url: https://www.bizinfo.go.kr/sii/siia/202601281346390144.hwp / [붙임2]+선정평가표.hwp: 400 Client Error: Bad Request for url: https://www.bizinfo.go.kr/sii/siia/%5B%EB%B6%99%EC%9E%842%5D+%EC%84%A0%EC%A0%95%ED%8F%89%EA%B0%80%ED%91%9C.hwp / [붙임2]+선정평가표.hwp: HWP extraction quality_failed,https://www.bizinfo.go.kr/sii/siia/selectSIIA200Detail.do?pblancId=PBLN_000000000117942
PBLN_000000000117992,2026년 나눔장비 이전지원사업 모집 공고,과학기술정보통신부,fetched,url,needs_review,large_amount_delta,기존 금액과 새 대표금액 차이가 큼,"amount_delta_20_percent:old=6000,new=3000",6000.0,support_amount,subtract,11,3000.0,support_amount,subtract,0.2,2105,8596,2026년 나눔장비 이전지원사업 공고문.hwp: 400 Client Error: Bad Request for url: https://www.bizinfo.go.kr/sii/siia/2026%EB%85%84%20%EB%82%98%EB%88%94%EC%9E%A5%EB%B9%84%20%EC%9D%B4%EC%A0%84%EC%A7%80%EC%9B%90%EC%82%AC%EC%97%85%20%EA%B3%B5%EA%B3%A0%EB%AC%B8.hwp / 202601291405150152.hwp: 404 Client Error: Not Found for url: https://www.bizinfo.go.kr/sii/siia/202601291405150152.hwp,https://www.bizinfo.go.kr/sii/siia/selectSIIA200Detail.do?pblancId=PBLN_000000000117992
PBLN_000000000118003,[경기] 용인시 2026년 다통해 서포터즈(시민 통번역 서포터즈) 지원사업 공고,경기도,fetched,url,safe,clear_selected_candidate,대표금액 후보가 명확함,,50.0,support_amount,subtract,8,50.0,support_amount,subtract,,1732,8173,202601291320480880.pdf: 404 Client Error: Not Found for url: https://www.bizinfo.go.kr/sii/siia/202601291320480880.pdf / 2026년 통번역 수당 지급 기준.pdf: 400 Client Error: Bad Request for url: https://www.bizinfo.go.kr/sii/siia/2026%EB%85%84%20%ED%86%B5%EB%B2%88%EC%97%AD%20%EC%88%98%EB%8B%B9%20%EC%A7%80%EA%B8%89%20%EA%B8%B0%EC%A4%80.pdf / 2026 통번역 서포터즈 명단(게시용)_260123.xlsx: 400 Client Error: Bad Request for url: https://www.bizinfo.go.kr/sii/siia/2026%20%ED%86%B5%EB%B2%88%EC%97%AD%20%EC%84%9C%ED%8F%AC%ED%84%B0%EC%A6%88%20%EB%AA%85%EB%8B%A8(%EA%B2%8C%EC%8B%9C%EC%9A%A9)_260123.xlsx / 202601291320480763.xlsx: 404 Client Error: Not Found for url: https://www.bizinfo.go.kr/sii/siia/202601291320480763.xlsx / 202601291320480472.hwp: 404 Client Error: Not Found for url: https://www.bizinfo.go.kr/sii/siia/202601291320480472.hwp / 202601291320480616.hwp: 404 Client Error: Not Found for url: https://www.bizinfo.go.kr/sii/siia/202601291320480616.hwp / [서식1]용인 통번역 서포터즈 배정 신청서 및 서약서.hwp: 400 Client Error: Bad Request for url: https://www.bizinfo.go.kr/sii/siia/%5B%EC%84%9C%EC%8B%9D1%5D%EC%9A%A9%EC%9D%B8%20%ED%86%B5%EB%B2%88%EC%97%AD%20%EC%84%9C%ED%8F%AC%ED%84%B0%EC%A6%88%20%EB%B0%B0%EC%A0%95%20%EC%8B%A0%EC%B2%AD%EC%84%9C%20%EB%B0%8F%20%EC%84%9C%EC%95%BD%EC%84%9C.hwp / [서식2]번역 요청자료 의뢰 서식.hwp: 400 Client Error: Bad Request for url: https://www.bizinfo.go.kr/sii/siia/%5B%EC%84%9C%EC%8B%9D2%5D%EB%B2%88%EC%97%AD%20%EC%9A%94%EC%B2%AD%EC%9E%90%EB%A3%8C%20%EC%9D%98%EB%A2%B0%20%EC%84%9C%EC%8B%9D.hwp / [서식2]번역 요청자료 의뢰 서식.hwp: HWP extraction quality_failed,https://www.bizinfo.go.kr/sii/siia/selectSIIA200Detail.do?pblancId=PBLN_000000000118003
PBLN_000000000118006,2026년 스마트공장 수준확인 사업 공고,중소벤처기업부,fetched,url,needs_review,selected_candidate_missing,금액 후보는 있으나 대표금액을 선택하지 못함,old_amount_without_new_selected_amount,200000.0,support_amount,subtract,2,,,,1.0,2329,2120,2026년도_스마트공장_수준확인_사업_공고.pdf: 400 Client Error: Bad Request for url: https://www.bizinfo.go.kr/sii/siia/2026%EB%85%84%EB%8F%84_%EC%8A%A4%EB%A7%88%ED%8A%B8%EA%B3%B5%EC%9E%A5_%EC%88%98%EC%A4%80%ED%99%95%EC%9D%B8_%EC%82%AC%EC%97%85_%EA%B3%B5%EA%B3%A0.pdf / 202601291342290293.pdf: 404 Client Error: Not Found for url: https://www.bizinfo.go.kr/sii/siia/202601291342290293.pdf,https://www.bizinfo.go.kr/sii/siia/selectSIIA200Detail.do?pblancId=PBLN_000000000118006
PBLN_000000000118027,2026년 KOLAS 공인 제품인증 서비스 바우처 지원사업 참가 희망기업 모집 공고,부산광역시,fetched,url,needs_review,large_amount_delta,기존 금액과 새 대표금액 차이가 큼,"type_changed:voucher->non_cash | roi_method_changed:subtract->recommend_only | amount_delta_20_percent:old=80,new=500000",80.0,voucher,subtract,8,500000.0,non_cash,recommend_only,0.008,2355,9306,2026년+KOLAS+공인+제품인증+서비스+바우처+지원사업+참가+희망기업+모집+공고문.hwp: 400 Client Error: Bad Request for url: https://www.bizinfo.go.kr/sii/siia/2026%EB%85%84+KOLAS+%EA%B3%B5%EC%9D%B8+%EC%A0%9C%ED%92%88%EC%9D%B8%EC%A6%9D+%EC%84%9C%EB%B9%84%EC%8A%A4+%EB%B0%94%EC%9A%B0%EC%B2%98+%EC%A7%80%EC%9B%90%EC%82%AC%EC%97%85+%EC%B0%B8%EA%B0%80+%ED%9D%AC%EB%A7%9D%EA%B8%B0%EC%97%85+%EB%AA%A8%EC%A7%91+%EA%B3%B5%EA%B3%A0%EB%AC%B8.hwp / 202601301112430765.hwp: 404 Client Error: Not Found for url: https://www.bizinfo.go.kr/sii/siia/202601301112430765.hwp,https://www.bizinfo.go.kr/sii/siia/selectSIIA200Detail.do?pblancId=PBLN_000000000118027
PBLN_000000000118037,2026년 기업인력애로센터 활용 취업지원 사업 구인기업 및 구직자 모집 공고,중소벤처기업부,fetched,url,needs_review,candidate_missing,금액 후보 자체를 찾지 못함,,,unknown,recommend_only,0,,,,,2288,4120,2026년 기업인력애로센터 활용 취업 지원 사업 구인기업 및 구직자 모집 공고_수정.pdf: 400 Client Error: Bad Request for url: https://www.bizinfo.go.kr/sii/siia/2026%EB%85%84%20%EA%B8%B0%EC%97%85%EC%9D%B8%EB%A0%A5%EC%95%A0%EB%A1%9C%EC%84%BC%ED%84%B0%20%ED%99%9C%EC%9A%A9%20%EC%B7%A8%EC%97%85%20%EC%A7%80%EC%9B%90%20%EC%82%AC%EC%97%85%20%EA%B5%AC%EC%9D%B8%EA%B8%B0%EC%97%85%20%EB%B0%8F%20%EA%B5%AC%EC%A7%81%EC%9E%90%20%EB%AA%A8%EC%A7%91%20%EA%B3%B5%EA%B3%A0_%EC%88%98%EC%A0%95.pdf / 202601301426040477.pdf: 404 Client Error: Not Found for url: https://www.bizinfo.go.kr/sii/siia/202601301426040477.pdf,https://www.bizinfo.go.kr/sii/siia/selectSIIA200Detail.do?pblancId=PBLN_000000000118037
PBLN_000000000118047,[충북] 청주시 2026년 도시근로자 지원사업 참여기업 모집 공고,충청북도,fetched,url,needs_review,selected_candidate_missing,금액 후보는 있으나 대표금액을 선택하지 못함,old_amount_without_new_selected_amount,20.0,support_amount,subtract,2,,,,0.4,2364,6966,2026년 충북형 도시근로자 지원사업 모집 공고문 및 신청서(참여기업ㆍ최종).hwp: 400 Client Error: Bad Request for url: https://www.bizinfo.go.kr/sii/siia/2026%EB%85%84%20%EC%B6%A9%EB%B6%81%ED%98%95%20%EB%8F%84%EC%8B%9C%EA%B7%BC%EB%A1%9C%EC%9E%90%20%EC%A7%80%EC%9B%90%EC%82%AC%EC%97%85%20%EB%AA%A8%EC%A7%91%20%EA%B3%B5%EA%B3%A0%EB%AC%B8%20%EB%B0%8F%20%EC%8B%A0%EC%B2%AD%EC%84%9C(%EC%B0%B8%EC%97%AC%EA%B8%B0%EC%97%85%E3%86%8D%EC%B5%9C%EC%A2%85).hwp / 202601301350230456.hwp: 404 Client Error: Not Found for url: https://www.bizinfo.go.kr/sii/siia/202601301350230456.hwp,https://www.bizinfo.go.kr/sii/siia/selectSIIA200Detail.do?pblancId=PBLN_000000000118047
PBLN_000000000118049,2026년 중소벤처기업부 외국전문인력(E-7-1) 고용추천 공고,중소벤처기업부,fetched,url,needs_review,selected_candidate_missing,금액 후보는 있으나 대표금액을 선택하지 못함,old_amount_without_new_selected_amount,2897.0,support_amount,subtract,1,,,,,2303,12063,26년도__외국전문인력_E-7-1_고용추천_모집공고(발령번호).hwp: 400 Client Error: Bad Request for url: https://www.bizinfo.go.kr/sii/siia/26%EB%85%84%EB%8F%84__%EC%99%B8%EA%B5%AD%EC%A0%84%EB%AC%B8%EC%9D%B8%EB%A0%A5_E-7-1_%EA%B3%A0%EC%9A%A9%EC%B6%94%EC%B2%9C_%EB%AA%A8%EC%A7%91%EA%B3%B5%EA%B3%A0(%EB%B0%9C%EB%A0%B9%EB%B2%88%ED%98%B8).hwp / 202601301344100233.hwp: 404 Client Error: Not Found for url: https://www.bizinfo.go.kr/sii/siia/202601301344100233.hwp,https://www.bizinfo.go.kr/sii/siia/selectSIIA200Detail.do?pblancId=PBLN_000000000118049
PBLN_000000000118122,[울산] 2026년 이전ㆍ창업기업(기술강소기업) 특별보조금 지원사업 공고,울산광역시,fetched,url,safe,clear_selected_candidate,대표금액 후보가 명확함,,20000.0,subsidy,subtract,10,20000.0,subsidy,subtract,0.15,2247,12035,공고-154.hwpx: 400 Client Error: Bad Request for url: https://www.bizinfo.go.kr/sii/siia/%EA%B3%B5%EA%B3%A0-154.hwpx / 202602031008350696.hwpx: 404 Client Error: Not Found for url: https://www.bizinfo.go.kr/sii/siia/202602031008350696.hwpx,https://www.bizinfo.go.kr/sii/siia/selectSIIA200Detail.do?pblancId=PBLN_000000000118122
PBLN_000000000118133,[경북] 2026년 화장품산업 경쟁력 강화사업(성분 분석ㆍ검증 시험인증) 모집공고,경상북도,fetched,url,safe,clear_selected_candidate,대표금액 후보가 명확함,type_changed:support_amount->non_cash | roi_method_changed:subtract->recommend_only,80.0,support_amount,subtract,3,80.0,non_cash,recommend_only,,2133,2539,[공고문] 2026년 화장품산업 경쟁력 강화사업(성분 분석 검증 시험인증) 모집공고.hwp: 400 Client Error: Bad Request for url: https://www.bizinfo.go.kr/sii/siia/%5B%EA%B3%B5%EA%B3%A0%EB%AC%B8%5D%202026%EB%85%84%20%ED%99%94%EC%9E%A5%ED%92%88%EC%82%B0%EC%97%85%20%EA%B2%BD%EC%9F%81%EB%A0%A5%20%EA%B0%95%ED%99%94%EC%82%AC%EC%97%85(%EC%84%B1%EB%B6%84%20%EB%B6%84%EC%84%9D%20%EA%B2%80%EC%A6%9D%20%EC%8B%9C%ED%97%98%EC%9D%B8%EC%A6%9D)%20%EB%AA%A8%EC%A7%91%EA%B3%B5%EA%B3%A0.hwp / 202602031117190271.hwp: 404 Client Error: Not Found for url: https://www.bizinfo.go.kr/sii/siia/202602031117190271.hwp,https://www.bizinfo.go.kr/sii/siia/selectSIIA200Detail.do?pblancId=PBLN_000000000118133
PBLN_000000000118204,2026년 여성기업 육성사업 공고,중소벤처기업부,fetched,url,needs_review,selected_candidate_missing,금액 후보는 있으나 대표금액을 선택하지 못함,old_amount_without_new_selected_amount,300000.0,support_amount,subtract,6,,,,1.0,2314,10594,★26년_여성기업육성사업_통합공고.hwpx: 400 Client Error: Bad Request for url: https://www.bizinfo.go.kr/sii/siia/%E2%98%8526%EB%85%84_%EC%97%AC%EC%84%B1%EA%B8%B0%EC%97%85%EC%9C%A1%EC%84%B1%EC%82%AC%EC%97%85_%ED%86%B5%ED%95%A9%EA%B3%B5%EA%B3%A0.hwpx / 202602041304080458.hwpx: 404 Client Error: Not Found for url: https://www.bizinfo.go.kr/sii/siia/202602041304080458.hwpx,https://www.bizinfo.go.kr/sii/siia/selectSIIA200Detail.do?pblancId=PBLN_000000000118204
PBLN_000000000118209,2026년 중소기업 연구인력지원사업 공고,중소벤처기업부,fetched,url,needs_review,large_amount_delta,기존 금액과 새 대표금액 차이가 큼,"amount_delta_20_percent:old=3800,new=5000",3800.0,subsidy,subtract,13,5000.0,subsidy,subtract,0.5,2281,12052,2026년_중소기업_연구인력지원사업_공고.hwpx: 400 Client Error: Bad Request for url: https://www.bizinfo.go.kr/sii/siia/2026%EB%85%84_%EC%A4%91%EC%86%8C%EA%B8%B0%EC%97%85_%EC%97%B0%EA%B5%AC%EC%9D%B8%EB%A0%A5%EC%A7%80%EC%9B%90%EC%82%AC%EC%97%85_%EA%B3%B5%EA%B3%A0.hwpx / 202602041327480823.hwpx: 404 Client Error: Not Found for url: https://www.bizinfo.go.kr/sii/siia/202602041327480823.hwpx,https://www.bizinfo.go.kr/sii/siia/selectSIIA200Detail.do?pblancId=PBLN_000000000118209
PBLN_000000000118213,[경기] 2026년 가구디자인창작공간운영사업 경기가구창작스튜디오 공동장비 활용 지원 참여기업 모집 공고,경기도,fetched,url,needs_review,candidate_missing,금액 후보 자체를 찾지 못함,,,support_ratio,ratio_cap,0,,,,,2118,4131,★2026년_경기가구창작스튜디오_공동장비_활용_지원_모집_공고문_및_신청_관련_서류.hwp: 400 Client Error: Bad Request for url: https://www.bizinfo.go.kr/sii/siia/%E2%98%852026%EB%85%84_%EA%B2%BD%EA%B8%B0%EA%B0%80%EA%B5%AC%EC%B0%BD%EC%9E%91%EC%8A%A4%ED%8A%9C%EB%94%94%EC%98%A4_%EA%B3%B5%EB%8F%99%EC%9E%A5%EB%B9%84_%ED%99%9C%EC%9A%A9_%EC%A7%80%EC%9B%90_%EB%AA%A8%EC%A7%91_%EA%B3%B5%EA%B3%A0%EB%AC%B8_%EB%B0%8F_%EC%8B%A0%EC%B2%AD_%EA%B4%80%EB%A0%A8_%EC%84%9C%EB%A5%98.hwp / 202602041408550677.hwp: 404 Client Error: Not Found for url: https://www.bizinfo.go.kr/sii/siia/202602041408550677.hwp,https://www.bizinfo.go.kr/sii/siia/selectSIIA200Detail.do?pblancId=PBLN_000000000118213
PBLN_000000000118224,2026년 미래 치과이식형 디지털의료제품 개발 기반구축 사업 기술서비스 지원사업 통합 공고,산업통상부,fetched,url,needs_review,selected_candidate_missing,금액 후보는 있으나 대표금액을 선택하지 못함,old_amount_without_new_selected_amount,500.0,support_ratio,ratio_cap,1,,,,0.25,2446,12058,1. 산업혁신기반구축 사업 기술서비스 지원 통합 공고문.pdf: 400 Client Error: Bad Request for url: https://www.bizinfo.go.kr/sii/siia/1.%20%EC%82%B0%EC%97%85%ED%98%81%EC%8B%A0%EA%B8%B0%EB%B0%98%EA%B5%AC%EC%B6%95%20%EC%82%AC%EC%97%85%20%EA%B8%B0%EC%88%A0%EC%84%9C%EB%B9%84%EC%8A%A4%20%EC%A7%80%EC%9B%90%20%ED%86%B5%ED%95%A9%20%EA%B3%B5%EA%B3%A0%EB%AC%B8.pdf / 202602050947300842.pdf: 404 Client Error: Not Found for url: https://www.bizinfo.go.kr/sii/siia/202602050947300842.pdf,https://www.bizinfo.go.kr/sii/siia/selectSIIA200Detail.do?pblancId=PBLN_000000000118224
PBLN_000000000118245,[경북] 2026년 중소벤처기업 지식재산권 및 해외인증 지원사업 참가기업 모집 공고,경상북도,fetched,url,needs_review,large_amount_delta,기존 금액과 새 대표금액 차이가 큼,"type_changed:support_amount->non_cash | roi_method_changed:subtract->recommend_only | amount_delta_20_percent:old=500,new=600",500.0,support_amount,subtract,4,600.0,non_cash,recommend_only,0.8,2161,13832,202602051127090551.pdf: 404 Client Error: Not Found for url: https://www.bizinfo.go.kr/sii/siia/202602051127090551.pdf / [붙임]해외규격인증대상.pdf: 400 Client Error: Bad Request for url: https://www.bizinfo.go.kr/sii/siia/%5B%EB%B6%99%EC%9E%84%5D%ED%95%B4%EC%99%B8%EA%B7%9C%EA%B2%A9%EC%9D%B8%EC%A6%9D%EB%8C%80%EC%83%81.pdf / [서식] 중소벤처기업 지식재산권 및 해외인증 지원사업 참가기업 모집 공고.hwp: 400 Client Error: Bad Request for url: https://www.bizinfo.go.kr/sii/siia/%5B%EC%84%9C%EC%8B%9D%5D%20%EC%A4%91%EC%86%8C%EB%B2%A4%EC%B2%98%EA%B8%B0%EC%97%85%20%EC%A7%80%EC%8B%9D%EC%9E%AC%EC%82%B0%EA%B6%8C%20%EB%B0%8F%20%ED%95%B4%EC%99%B8%EC%9D%B8%EC%A6%9D%20%EC%A7%80%EC%9B%90%EC%82%AC%EC%97%85%20%EC%B0%B8%EA%B0%80%EA%B8%B0%EC%97%85%20%EB%AA%A8%EC%A7%91%20%EA%B3%B5%EA%B3%A0.hwp / 202602051127090432.hwp: 404 Client Error: Not Found for url: https://www.bizinfo.go.kr/sii/siia/202602051127090432.hwp,https://www.bizinfo.go.kr/sii/siia/selectSIIA200Detail.do?pblancId=PBLN_000000000118245
PBLN_000000000118318,2026년 소스개발 및 생산지원 사업 공고,농림축산식품부,fetched,url,needs_review,selected_candidate_missing,금액 후보는 있으나 대표금액을 선택하지 못함,old_amount_without_new_selected_amount,3000.0,support_amount,subtract,6,,,,,1810,7562,[공고 제2026-16호] 2026년 소스개발 및 생산지원 사업 공고_(260204).hwp: 400 Client Error: Bad Request for url: https://www.bizinfo.go.kr/sii/siia/%5B%EA%B3%B5%EA%B3%A0%20%EC%A0%9C2026-16%ED%98%B8%5D%202026%EB%85%84%20%EC%86%8C%EC%8A%A4%EA%B0%9C%EB%B0%9C%20%EB%B0%8F%20%EC%83%9D%EC%82%B0%EC%A7%80%EC%9B%90%20%EC%82%AC%EC%97%85%20%EA%B3%B5%EA%B3%A0_(260204).hwp / 202602091044460973.hwp: 404 Client Error: Not Found for url: https://www.bizinfo.go.kr/sii/siia/202602091044460973.hwp,https://www.bizinfo.go.kr/sii/siia/selectSIIA200Detail.do?pblancId=PBLN_000000000118318
PBLN_000000000118361,[경기] 부천시 2026년 유해물질 시험분석 수수료 지원 사업 참여 기업 모집 공고,경기도,fetched,url,safe,clear_selected_candidate,대표금액 후보가 명확함,type_changed:support_amount->non_cash | roi_method_changed:subtract->recommend_only,100.0,support_amount,subtract,2,100.0,non_cash,recommend_only,,2151,2961,[공고] 2026 유해물질 시험분석 수수료 지원사업.pdf: 400 Client Error: Bad Request for url: https://www.bizinfo.go.kr/sii/siia/%5B%EA%B3%B5%EA%B3%A0%5D%202026%20%EC%9C%A0%ED%95%B4%EB%AC%BC%EC%A7%88%20%EC%8B%9C%ED%97%98%EB%B6%84%EC%84%9D%20%EC%88%98%EC%88%98%EB%A3%8C%20%EC%A7%80%EC%9B%90%EC%82%AC%EC%97%85.pdf / [신청서식] 2026 유해물질 시험분석 수수료 지원사업 신청서.pdf: 400 Client Error: Bad Request for url: https://www.bizinfo.go.kr/sii/siia/%5B%EC%8B%A0%EC%B2%AD%EC%84%9C%EC%8B%9D%5D%202026%20%EC%9C%A0%ED%95%B4%EB%AC%BC%EC%A7%88%20%EC%8B%9C%ED%97%98%EB%B6%84%EC%84%9D%20%EC%88%98%EC%88%98%EB%A3%8C%20%EC%A7%80%EC%9B%90%EC%82%AC%EC%97%85%20%EC%8B%A0%EC%B2%AD%EC%84%9C.pdf / 202602101016410976.pdf: 404 Client Error: Not Found for url: https://www.bizinfo.go.kr/sii/siia/202602101016410976.pdf / 202602101016470709.pdf: 404 Client Error: Not Found for url: https://www.bizinfo.go.kr/sii/siia/202602101016470709.pdf / [신청서식] 2026 유해물질 시험분석 수수료 지원사업 신청서.hwp: 400 Client Error: Bad Request for url: https://www.bizinfo.go.kr/sii/siia/%5B%EC%8B%A0%EC%B2%AD%EC%84%9C%EC%8B%9D%5D%202026%20%EC%9C%A0%ED%95%B4%EB%AC%BC%EC%A7%88%20%EC%8B%9C%ED%97%98%EB%B6%84%EC%84%9D%20%EC%88%98%EC%88%98%EB%A3%8C%20%EC%A7%80%EC%9B%90%EC%82%AC%EC%97%85%20%EC%8B%A0%EC%B2%AD%EC%84%9C.hwp / 202602101016470627.hwp: 404 Client Error: Not Found for url: https://www.bizinfo.go.kr/sii/siia/202602101016470627.hwp,https://www.bizinfo.go.kr/sii/siia/selectSIIA200Detail.do?pblancId=PBLN_000000000118361
PBLN_000000000118395,[경기] 2026년 기술닥터사업 공고,경기도,fetched,url,needs_review,large_amount_delta,기존 금액과 새 대표금액 차이가 큼,"amount_delta_20_percent:old=500,new=2000",500.0,support_amount,subtract,14,2000.0,support_amount,subtract,0.8,2043,15035,2026-375_★기술닥터사업 표준서식.hwpx: 400 Client Error: Bad Request for url: https://www.bizinfo.go.kr/sii/siia/2026-375_%E2%98%85%EA%B8%B0%EC%88%A0%EB%8B%A5%ED%84%B0%EC%82%AC%EC%97%85%20%ED%91%9C%EC%A4%80%EC%84%9C%EC%8B%9D.hwpx / 202602101457110034.hwpx: 404 Client Error: Not Found for url: https://www.bizinfo.go.kr/sii/siia/202602101457110034.hwpx / 2026-375_★2026년 기술닥터사업 공고문.hwp: 400 Client Error: Bad Request for url: https://www.bizinfo.go.kr/sii/siia/2026-375_%E2%98%852026%EB%85%84%20%EA%B8%B0%EC%88%A0%EB%8B%A5%ED%84%B0%EC%82%AC%EC%97%85%20%EA%B3%B5%EA%B3%A0%EB%AC%B8.hwp / 202602101457070158.hwp: 404 Client Error: Not Found for url: https://www.bizinfo.go.kr/sii/siia/202602101457070158.hwp,https://www.bizinfo.go.kr/sii/siia/selectSIIA200Detail.do?pblancId=PBLN_000000000118395
PBLN_000000000118467,[부산] 2026년 중소기업 ISO 인증 지원사업 모집 공고,부산광역시,fetched,url,needs_review,selected_candidate_missing,금액 후보는 있으나 대표금액을 선택하지 못함,,,support_ratio,ratio_cap,1,,,,1.0,2202,3628,[신청서] 중소기업 ISO 인증 지원사업 신청서.xlsx: 400 Client Error: Bad Request for url: https://www.bizinfo.go.kr/sii/siia/%5B%EC%8B%A0%EC%B2%AD%EC%84%9C%5D%20%EC%A4%91%EC%86%8C%EA%B8%B0%EC%97%85%20ISO%20%EC%9D%B8%EC%A6%9D%20%EC%A7%80%EC%9B%90%EC%82%AC%EC%97%85%20%EC%8B%A0%EC%B2%AD%EC%84%9C.xlsx / 202603261123550488.xlsx: 404 Client Error: Not Found for url: https://www.bizinfo.go.kr/sii/siia/202603261123550488.xlsx / 「2026 중소기업 ISO 인증 지원사업」모집 공고(안).hwp: 400 Client Error: Bad Request for url: https://www.bizinfo.go.kr/sii/siia/%E3%80%8C2026%20%EC%A4%91%EC%86%8C%EA%B8%B0%EC%97%85%20ISO%20%EC%9D%B8%EC%A6%9D%20%EC%A7%80%EC%9B%90%EC%82%AC%EC%97%85%E3%80%8D%EB%AA%A8%EC%A7%91%20%EA%B3%B5%EA%B3%A0(%EC%95%88).hwp / 202602121109240389.hwp: 404 Client Error: Not Found for url: https://www.bizinfo.go.kr/sii/siia/202602121109240389.hwp,https://www.bizinfo.go.kr/sii/siia/selectSIIA200Detail.do?pblancId=PBLN_000000000118467
PBLN_000000000118530,2026년 중소ㆍ중견 에너지효율 혁신 선도 프로젝트 선도기업 모집 공고,기후에너지환경부,fetched,url,needs_review,selected_candidate_missing,금액 후보는 있으나 대표금액을 선택하지 못함,,,support_ratio,ratio_cap,1,,,,0.05,1732,6358,[첨부1]에너지효율혁신선도프로젝트선도기업모집안내.(1).pdf: 400 Client Error: Bad Request for url: https://www.bizinfo.go.kr/sii/siia/%5B%EC%B2%A8%EB%B6%801%5D%EC%97%90%EB%84%88%EC%A7%80%ED%9A%A8%EC%9C%A8%ED%98%81%EC%8B%A0%EC%84%A0%EB%8F%84%ED%94%84%EB%A1%9C%EC%A0%9D%ED%8A%B8%EC%84%A0%EB%8F%84%EA%B8%B0%EC%97%85%EB%AA%A8%EC%A7%91%EC%95%88%EB%82%B4.(1).pdf / 202602130946090484.pdf: 404 Client Error: Not Found for url: https://www.bizinfo.go.kr/sii/siia/202602130946090484.pdf / 202602130946190031.pdf: 404 Client Error: Not Found for url: https://www.bizinfo.go.kr/sii/siia/202602130946190031.pdf / [별첨1]KEEP30참여기업리스트.(1).pdf: 400 Client Error: Bad Request for url: https://www.bizinfo.go.kr/sii/siia/%5B%EB%B3%84%EC%B2%A81%5DKEEP30%EC%B0%B8%EC%97%AC%EA%B8%B0%EC%97%85%EB%A6%AC%EC%8A%A4%ED%8A%B8.(1).pdf / [첨부2]선도기업모집별지서식.hwp: 400 Client Error: Bad Request for url: https://www.bizinfo.go.kr/sii/siia/%5B%EC%B2%A8%EB%B6%802%5D%EC%84%A0%EB%8F%84%EA%B8%B0%EC%97%85%EB%AA%A8%EC%A7%91%EB%B3%84%EC%A7%80%EC%84%9C%EC%8B%9D.hwp / 202602130946180929.hwp: 404 Client Error: Not Found for url: https://www.bizinfo.go.kr/sii/siia/202602130946180929.hwp,https://www.bizinfo.go.kr/sii/siia/selectSIIA200Detail.do?pblancId=PBLN_000000000118530
PBLN_000000000118617,[충북] 지능형첨단부품산업의 디지털전환 거점 구축 사업 오픈랩 AI 개발플랫폼 활용 지원 수혜기업 모집 공고,충청북도,fetched,url,needs_review,selected_candidate_missing,금액 후보는 있으나 대표금액을 선택하지 못함,,,unknown,recommend_only,1,,,,1.0,2202,13268,붙임 1. 2026년도 오픈랩 AI 개발플랫폼 활용 지원 수혜기업 모집 공고문.pdf: 400 Client Error: Bad Request for url: https://www.bizinfo.go.kr/sii/siia/%EB%B6%99%EC%9E%84%201.%202026%EB%85%84%EB%8F%84%20%EC%98%A4%ED%94%88%EB%9E%A9%20AI%20%EA%B0%9C%EB%B0%9C%ED%94%8C%EB%9E%AB%ED%8F%BC%20%ED%99%9C%EC%9A%A9%20%EC%A7%80%EC%9B%90%20%EC%88%98%ED%98%9C%EA%B8%B0%EC%97%85%20%EB%AA%A8%EC%A7%91%20%EA%B3%B5%EA%B3%A0%EB%AC%B8.pdf / 202602191305220156.pdf: 404 Client Error: Not Found for url: https://www.bizinfo.go.kr/sii/siia/202602191305220156.pdf / 144350_붙임 2. 수혜기업 지원신청 서류.hwp: 400 Client Error: Bad Request for url: https://www.bizinfo.go.kr/sii/siia/144350_%EB%B6%99%EC%9E%84%202.%20%EC%88%98%ED%98%9C%EA%B8%B0%EC%97%85%20%EC%A7%80%EC%9B%90%EC%8B%A0%EC%B2%AD%20%EC%84%9C%EB%A5%98.hwp / 202602191305250128.hwp: 404 Client Error: Not Found for url: https://www.bizinfo.go.kr/sii/siia/202602191305250128.hwp,https://www.bizinfo.go.kr/sii/siia/selectSIIA200Detail.do?pblancId=PBLN_000000000118617
PBLN_000000000118679,[인천] 2026년 채용연계형 뿌리기업 근로환경 혁신 지원사업(환경개선) 모집 공고(지역산업맞춤형 일자리지원 사업),인천광역시,fetched,url,safe,clear_selected_candidate,대표금액 후보가 명확함,,2100.0,support_amount,subtract,12,2100.0,support_amount,subtract,0.5,1788,17785,붙임1. 채용연계형 뿌리기업 근로환경 혁신 지원사업(환경개선) 공고문.hwp: 400 Client Error: Bad Request for url: https://www.bizinfo.go.kr/sii/siia/%EB%B6%99%EC%9E%841.%20%EC%B1%84%EC%9A%A9%EC%97%B0%EA%B3%84%ED%98%95%20%EB%BF%8C%EB%A6%AC%EA%B8%B0%EC%97%85%20%EA%B7%BC%EB%A1%9C%ED%99%98%EA%B2%BD%20%ED%98%81%EC%8B%A0%20%EC%A7%80%EC%9B%90%EC%82%AC%EC%97%85(%ED%99%98%EA%B2%BD%EA%B0%9C%EC%84%A0)%20%EA%B3%B5%EA%B3%A0%EB%AC%B8.hwp / 붙임2. 채용연계형 뿌리기업 근로환경 혁신 지원사업(환경개선) 운영지침.hwp: 400 Client Error: Bad Request for url: https://www.bizinfo.go.kr/sii/siia/%EB%B6%99%EC%9E%842.%20%EC%B1%84%EC%9A%A9%EC%97%B0%EA%B3%84%ED%98%95%20%EB%BF%8C%EB%A6%AC%EA%B8%B0%EC%97%85%20%EA%B7%BC%EB%A1%9C%ED%99%98%EA%B2%BD%20%ED%98%81%EC%8B%A0%20%EC%A7%80%EC%9B%90%EC%82%AC%EC%97%85(%ED%99%98%EA%B2%BD%EA%B0%9C%EC%84%A0)%20%EC%9A%B4%EC%98%81%EC%A7%80%EC%B9%A8.hwp / 202602201348200952.hwp: 404 Client Error: Not Found for url: https://www.bizinfo.go.kr/sii/siia/202602201348200952.hwp / 202602201348430146.hwp: 404 Client Error: Not Found for url: https://www.bizinfo.go.kr/sii/siia/202602201348430146.hwp,https://www.bizinfo.go.kr/sii/siia/selectSIIA200Detail.do?pblancId=PBLN_000000000118679
PBLN_000000000118681,[경남] 진주시 2026년 산업재산권 권리화 지원 사업 공고,경상남도,fetched,url,safe,clear_selected_candidate,대표금액 후보가 명확함,,100.0,support_amount,subtract,8,100.0,support_amount,subtract,,2254,1276,2026년 산업재산권 권리화 지원사업 공고.hwp: 400 Client Error: Bad Request for url: https://www.bizinfo.go.kr/sii/siia/2026%EB%85%84%20%EC%82%B0%EC%97%85%EC%9E%AC%EC%82%B0%EA%B6%8C%20%EA%B6%8C%EB%A6%AC%ED%99%94%20%EC%A7%80%EC%9B%90%EC%82%AC%EC%97%85%20%EA%B3%B5%EA%B3%A0.hwp / 202602201401290525.hwp: 404 Client Error: Not Found for url: https://www.bizinfo.go.kr/sii/siia/202602201401290525.hwp,https://www.bizinfo.go.kr/sii/siia/selectSIIA200Detail.do?pblancId=PBLN_000000000118681
PBLN_000000000118750,[경남] 진주시 2026년 중소기업 국내외 인증수수료 지원사업 공고,경상남도,fetched,url,safe,clear_selected_candidate,대표금액 후보가 명확함,type_changed:support_amount->non_cash | roi_method_changed:subtract->recommend_only,100.0,support_amount,subtract,7,100.0,non_cash,recommend_only,,2174,12063,공고문(2026년 진주시 중소기업 국내외 인증수수료 지원사업).hwp: 400 Client Error: Bad Request for url: https://www.bizinfo.go.kr/sii/siia/%EA%B3%B5%EA%B3%A0%EB%AC%B8(2026%EB%85%84%20%EC%A7%84%EC%A3%BC%EC%8B%9C%20%EC%A4%91%EC%86%8C%EA%B8%B0%EC%97%85%20%EA%B5%AD%EB%82%B4%EC%99%B8%20%EC%9D%B8%EC%A6%9D%EC%88%98%EC%88%98%EB%A3%8C%20%EC%A7%80%EC%9B%90%EC%82%AC%EC%97%85).hwp / 202602231433010156.hwp: 404 Client Error: Not Found for url: https://www.bizinfo.go.kr/sii/siia/202602231433010156.hwp,https://www.bizinfo.go.kr/sii/siia/selectSIIA200Detail.do?pblancId=PBLN_000000000118750
PBLN_000000000118752,2026년 한국농수산식품유통공사(aT) 안전성 검사비 지원사업 공고,농림축산식품부,fetched,url,safe,clear_selected_candidate,대표금액 후보가 명확함,,8000.0,support_amount,subtract,3,8000.0,support_amount,subtract,0.9,1859,14764,(붙임3)+2026년+안전성검사비(잔류농약+식품위생)+신청+세부내역(업체용+양식)1.xlsx: 400 Client Error: Bad Request for url: https://www.bizinfo.go.kr/sii/siia/(%EB%B6%99%EC%9E%843)+2026%EB%85%84+%EC%95%88%EC%A0%84%EC%84%B1%EA%B2%80%EC%82%AC%EB%B9%84(%EC%9E%94%EB%A5%98%EB%86%8D%EC%95%BD+%EC%8B%9D%ED%92%88%EC%9C%84%EC%83%9D)+%EC%8B%A0%EC%B2%AD+%EC%84%B8%EB%B6%80%EB%82%B4%EC%97%AD(%EC%97%85%EC%B2%B4%EC%9A%A9+%EC%96%91%EC%8B%9D)1.xlsx / 202602231441300733.xlsx: 404 Client Error: Not Found for url: https://www.bizinfo.go.kr/sii/siia/202602231441300733.xlsx / (붙임1)+2026년+안전성검사비(잔류농약+및+식품위생)+지원사업+공고.hwp: 400 Client Error: Bad Request for url: https://www.bizinfo.go.kr/sii/siia/(%EB%B6%99%EC%9E%841)+2026%EB%85%84+%EC%95%88%EC%A0%84%EC%84%B1%EA%B2%80%EC%82%AC%EB%B9%84(%EC%9E%94%EB%A5%98%EB%86%8D%EC%95%BD+%EB%B0%8F+%EC%8B%9D%ED%92%88%EC%9C%84%EC%83%9D)+%EC%A7%80%EC%9B%90%EC%82%AC%EC%97%85+%EA%B3%B5%EA%B3%A0.hwp / (붙임2)+2026년+안전성검사비(잔류농약+및+식품위생)+지원사업+신청서류(양식).hwp: 400 Client Error: Bad Request for url: https://www.bizinfo.go.kr/sii/siia/(%EB%B6%99%EC%9E%842)+2026%EB%85%84+%EC%95%88%EC%A0%84%EC%84%B1%EA%B2%80%EC%82%AC%EB%B9%84(%EC%9E%94%EB%A5%98%EB%86%8D%EC%95%BD+%EB%B0%8F+%EC%8B%9D%ED%92%88%EC%9C%84%EC%83%9D)+%EC%A7%80%EC%9B%90%EC%82%AC%EC%97%85+%EC%8B%A0%EC%B2%AD%EC%84%9C%EB%A5%98(%EC%96%91%EC%8B%9D).hwp / 202602231435080729.hwp: 404 Client Error: Not Found for url: https://www.bizinfo.go.kr/sii/siia/202602231435080729.hwp / 202602231441300615.hwp: 404 Client Error: Not Found for url: https://www.bizinfo.go.kr/sii/siia/202602231441300615.hwp,https://www.bizinfo.go.kr/sii/siia/selectSIIA200Detail.do?pblancId=PBLN_000000000118752
PBLN_000000000118806,[경남] 사천시ㆍ진주시 2026년 디지털전환(DX) 컨설팅 및 인력양성 지원 사업 수요기업 모집 공고,경상남도,fetched,url,safe,clear_selected_candidate,대표금액 후보가 명확함,,500.0,support_amount,subtract,4,500.0,support_amount,subtract,,2316,12797,(공고문) 2026년 사천 디지털전환(DX) 컨설팅 및 인력양성 지원사업 수혜기업 모집 공고문.hwp: 400 Client Error: Bad Request for url: https://www.bizinfo.go.kr/sii/siia/(%EA%B3%B5%EA%B3%A0%EB%AC%B8)%202026%EB%85%84%20%EC%82%AC%EC%B2%9C%20%EB%94%94%EC%A7%80%ED%84%B8%EC%A0%84%ED%99%98(DX)%20%EC%BB%A8%EC%84%A4%ED%8C%85%20%EB%B0%8F%20%EC%9D%B8%EB%A0%A5%EC%96%91%EC%84%B1%20%EC%A7%80%EC%9B%90%EC%82%AC%EC%97%85%20%EC%88%98%ED%98%9C%EA%B8%B0%EC%97%85%20%EB%AA%A8%EC%A7%91%20%EA%B3%B5%EA%B3%A0%EB%AC%B8.hwp / 붙임1. 2026년 사천 디지털전환(DX) 컨설팅 및 인력양성 지원사업 신청양식_KETI.hwp: 400 Client Error: Bad Request for url: https://www.bizinfo.go.kr/sii/siia/%EB%B6%99%EC%9E%841.%202026%EB%85%84%20%EC%82%AC%EC%B2%9C%20%EB%94%94%EC%A7%80%ED%84%B8%EC%A0%84%ED%99%98(DX)%20%EC%BB%A8%EC%84%A4%ED%8C%85%20%EB%B0%8F%20%EC%9D%B8%EB%A0%A5%EC%96%91%EC%84%B1%20%EC%A7%80%EC%9B%90%EC%82%AC%EC%97%85%20%EC%8B%A0%EC%B2%AD%EC%96%91%EC%8B%9D_KETI.hwp / 202602241506160292.hwp: 404 Client Error: Not Found for url: https://www.bizinfo.go.kr/sii/siia/202602241506160292.hwp / 202602241506190503.hwp: 404 Client Error: Not Found for url: https://www.bizinfo.go.kr/sii/siia/202602241506190503.hwp,https://www.bizinfo.go.kr/sii/siia/selectSIIA200Detail.do?pblancId=PBLN_000000000118806
PBLN_000000000118927,[강원] 2026년 직장문화ㆍ환경개선지원사업 참여기업 모집 공고,강원특별자치도,fetched,url,needs_review,selected_candidate_missing,금액 후보는 있으나 대표금액을 선택하지 못함,old_amount_without_new_selected_amount,500.0,support_amount,subtract,5,,,,,1937,9770,[붙임1]’26 직장문화환경개선 지원사업 참여기업 모집 공고문.hwp: 400 Client Error: Bad Request for url: https://www.bizinfo.go.kr/sii/siia/%5B%EB%B6%99%EC%9E%841%5D%E2%80%9926%20%EC%A7%81%EC%9E%A5%EB%AC%B8%ED%99%94%ED%99%98%EA%B2%BD%EA%B0%9C%EC%84%A0%20%EC%A7%80%EC%9B%90%EC%82%AC%EC%97%85%20%EC%B0%B8%EC%97%AC%EA%B8%B0%EC%97%85%20%EB%AA%A8%EC%A7%91%20%EA%B3%B5%EA%B3%A0%EB%AC%B8.hwp / 202602261400110098.hwp: 404 Client Error: Not Found for url: https://www.bizinfo.go.kr/sii/siia/202602261400110098.hwp / 202602261400110194.hwp: 404 Client Error: Not Found for url: https://www.bizinfo.go.kr/sii/siia/202602261400110194.hwp / 202602261400150107.hwp: 404 Client Error: Not Found for url: https://www.bizinfo.go.kr/sii/siia/202602261400150107.hwp / [서식1] 기초현황진단 체크리스트 양식.hwp: 400 Client Error: Bad Request for url: https://www.bizinfo.go.kr/sii/siia/%5B%EC%84%9C%EC%8B%9D1%5D%20%EA%B8%B0%EC%B4%88%ED%98%84%ED%99%A9%EC%A7%84%EB%8B%A8%20%EC%B2%B4%ED%81%AC%EB%A6%AC%EC%8A%A4%ED%8A%B8%20%EC%96%91%EC%8B%9D.hwp / [서식2] 기업 환경개선 사업 신청서 양식.hwp: 400 Client Error: Bad Request for url: https://www.bizinfo.go.kr/sii/siia/%5B%EC%84%9C%EC%8B%9D2%5D%20%EA%B8%B0%EC%97%85%20%ED%99%98%EA%B2%BD%EA%B0%9C%EC%84%A0%20%EC%82%AC%EC%97%85%20%EC%8B%A0%EC%B2%AD%EC%84%9C%20%EC%96%91%EC%8B%9D.hwp,https://www.bizinfo.go.kr/sii/siia/selectSIIA200Detail.do?pblancId=PBLN_000000000118927
PBLN_000000000119010,[인천] 2026년 연구장비 공동활용 지원사업 모집 공고,인천광역시,fetched,url,safe,clear_selected_candidate,대표금액 후보가 명확함,type_changed:subsidy->support_amount,300.0,subsidy,subtract,3,300.0,support_amount,subtract,,2067,8643,[공고문] 인천 연구장비 공동활용 지원사업 공고.pdf: 400 Client Error: Bad Request for url: https://www.bizinfo.go.kr/sii/siia/%5B%EA%B3%B5%EA%B3%A0%EB%AC%B8%5D%20%EC%9D%B8%EC%B2%9C%20%EC%97%B0%EA%B5%AC%EC%9E%A5%EB%B9%84%20%EA%B3%B5%EB%8F%99%ED%99%9C%EC%9A%A9%20%EC%A7%80%EC%9B%90%EC%82%AC%EC%97%85%20%EA%B3%B5%EA%B3%A0.pdf / 202603031014500478.pdf: 404 Client Error: Not Found for url: https://www.bizinfo.go.kr/sii/siia/202603031014500478.pdf / (서식1) 2026년 인천 연구장비 공동활용 지원사업 신청서.hwp: 400 Client Error: Bad Request for url: https://www.bizinfo.go.kr/sii/siia/(%EC%84%9C%EC%8B%9D1)%202026%EB%85%84%20%EC%9D%B8%EC%B2%9C%20%EC%97%B0%EA%B5%AC%EC%9E%A5%EB%B9%84%20%EA%B3%B5%EB%8F%99%ED%99%9C%EC%9A%A9%20%EC%A7%80%EC%9B%90%EC%82%AC%EC%97%85%20%EC%8B%A0%EC%B2%AD%EC%84%9C.hwp / 202603031015070530.hwp: 404 Client Error: Not Found for url: https://www.bizinfo.go.kr/sii/siia/202603031015070530.hwp,https://www.bizinfo.go.kr/sii/siia/selectSIIA200Detail.do?pblancId=PBLN_000000000119010
PBLN_000000000119064,2026년 자동차용 반도체 기능안전ㆍ신뢰성 산업혁신기반구축사업 기업지원 모집 공고,산업통상부,fetched,url,needs_review,candidate_missing,금액 후보 자체를 찾지 못함,,,unknown,recommend_only,0,,,,,2394,3803,붙임1. 자동차용 반도체 및 모듈 기능안전 기업지원 수혜기업 모집공고.pdf: 400 Client Error: Bad Request for url: https://www.bizinfo.go.kr/sii/siia/%EB%B6%99%EC%9E%841.%20%EC%9E%90%EB%8F%99%EC%B0%A8%EC%9A%A9%20%EB%B0%98%EB%8F%84%EC%B2%B4%20%EB%B0%8F%20%EB%AA%A8%EB%93%88%20%EA%B8%B0%EB%8A%A5%EC%95%88%EC%A0%84%20%EA%B8%B0%EC%97%85%EC%A7%80%EC%9B%90%20%EC%88%98%ED%98%9C%EA%B8%B0%EC%97%85%20%EB%AA%A8%EC%A7%91%EA%B3%B5%EA%B3%A0.pdf / 202603041005110580.pdf: 404 Client Error: Not Found for url: https://www.bizinfo.go.kr/sii/siia/202603041005110580.pdf / 붙임2. 기업지원 신청서 및 정보수집이용제공 동의서.hwp: 400 Client Error: Bad Request for url: https://www.bizinfo.go.kr/sii/siia/%EB%B6%99%EC%9E%842.%20%EA%B8%B0%EC%97%85%EC%A7%80%EC%9B%90%20%EC%8B%A0%EC%B2%AD%EC%84%9C%20%EB%B0%8F%20%EC%A0%95%EB%B3%B4%EC%88%98%EC%A7%91%EC%9D%B4%EC%9A%A9%EC%A0%9C%EA%B3%B5%20%EB%8F%99%EC%9D%98%EC%84%9C.hwp / 202603041005160739.hwp: 404 Client Error: Not Found for url: https://www.bizinfo.go.kr/sii/siia/202603041005160739.hwp,https://www.bizinfo.go.kr/sii/siia/selectSIIA200Detail.do?pblancId=PBLN_000000000119064
PBLN_000000000119083,[충북] 2026년 소상공인 IP출원(상표출원) 지원 사업 소상공인 수혜자 모집 공고,충청북도,fetched,url,needs_review,selected_candidate_missing,금액 후보는 있으나 대표금액을 선택하지 못함,old_amount_without_new_selected_amount,13.0,support_ratio,ratio_cap,1,,,,0.2,2192,6412,붙임1. 2026 소상공인IP창출지원_IP출원지원(상표)_모집공고문(충북).hwp: 400 Client Error: Bad Request for url: https://www.bizinfo.go.kr/sii/siia/%EB%B6%99%EC%9E%841.%202026%20%EC%86%8C%EC%83%81%EA%B3%B5%EC%9D%B8IP%EC%B0%BD%EC%B6%9C%EC%A7%80%EC%9B%90_IP%EC%B6%9C%EC%9B%90%EC%A7%80%EC%9B%90(%EC%83%81%ED%91%9C)_%EB%AA%A8%EC%A7%91%EA%B3%B5%EA%B3%A0%EB%AC%B8(%EC%B6%A9%EB%B6%81).hwp / 붙임2. 2026년 소상공인IP창출지원 상표출원지원사업 신청서 및 개인정보동의수집 활용동의서.hwp: 400 Client Error: Bad Request for url: https://www.bizinfo.go.kr/sii/siia/%EB%B6%99%EC%9E%842.%202026%EB%85%84%20%EC%86%8C%EC%83%81%EA%B3%B5%EC%9D%B8IP%EC%B0%BD%EC%B6%9C%EC%A7%80%EC%9B%90%20%EC%83%81%ED%91%9C%EC%B6%9C%EC%9B%90%EC%A7%80%EC%9B%90%EC%82%AC%EC%97%85%20%EC%8B%A0%EC%B2%AD%EC%84%9C%20%EB%B0%8F%20%EA%B0%9C%EC%9D%B8%EC%A0%95%EB%B3%B4%EB%8F%99%EC%9D%98%EC%88%98%EC%A7%91%20%ED%99%9C%EC%9A%A9%EB%8F%99%EC%9D%98%EC%84%9C.hwp / 202603041110000745.hwp: 404 Client Error: Not Found for url: https://www.bizinfo.go.kr/sii/siia/202603041110000745.hwp / 202603041110060689.hwp: 404 Client Error: Not Found for url: https://www.bizinfo.go.kr/sii/siia/202603041110060689.hwp,https://www.bizinfo.go.kr/sii/siia/selectSIIA200Detail.do?pblancId=PBLN_000000000119083
PBLN_000000000119093,[인천] 2026년 파브(PAV) 부품 시험ㆍ인증 지원사업 참여기업 모집 공고,인천광역시,fetched,url,needs_review,selected_candidate_missing,금액 후보는 있으나 대표금액을 선택하지 못함,old_amount_without_new_selected_amount,8000.0,support_amount,subtract,2,,,,1.0,2063,4888,붙임1. 2026년 파브 부품 시험·인증 지원사업 참여기업 모집 공고.pdf: 400 Client Error: Bad Request for url: https://www.bizinfo.go.kr/sii/siia/%EB%B6%99%EC%9E%841.%202026%EB%85%84%20%ED%8C%8C%EB%B8%8C%20%EB%B6%80%ED%92%88%20%EC%8B%9C%ED%97%98%C2%B7%EC%9D%B8%EC%A6%9D%20%EC%A7%80%EC%9B%90%EC%82%AC%EC%97%85%20%EC%B0%B8%EC%97%AC%EA%B8%B0%EC%97%85%20%EB%AA%A8%EC%A7%91%20%EA%B3%B5%EA%B3%A0.pdf / 202603041322060230.pdf: 404 Client Error: Not Found for url: https://www.bizinfo.go.kr/sii/siia/202603041322060230.pdf / 붙임2. 2026년 파브(PAV) 부품 시험·인증 지원사업 참여기업 신청서.hwp: 400 Client Error: Bad Request for url: https://www.bizinfo.go.kr/sii/siia/%EB%B6%99%EC%9E%842.%202026%EB%85%84%20%ED%8C%8C%EB%B8%8C(PAV)%20%EB%B6%80%ED%92%88%20%EC%8B%9C%ED%97%98%C2%B7%EC%9D%B8%EC%A6%9D%20%EC%A7%80%EC%9B%90%EC%82%AC%EC%97%85%20%EC%B0%B8%EC%97%AC%EA%B8%B0%EC%97%85%20%EC%8B%A0%EC%B2%AD%EC%84%9C.hwp / 202603041322290487.hwp: 404 Client Error: Not Found for url: https://www.bizinfo.go.kr/sii/siia/202603041322290487.hwp,https://www.bizinfo.go.kr/sii/siia/selectSIIA200Detail.do?pblancId=PBLN_000000000119093
PBLN_000000000119124,2026년 의료기기 분야 기술지도 지원사업 공고(메카노바이오활성소재 혁신의료기기 실증 기반구축),전북특별자치도,fetched,url,needs_review,candidate_missing,금액 후보 자체를 찾지 못함,old_amount_without_new_selected_amount,500.0,support_amount,subtract,0,,,,,2406,3783,[공고문] 2026년 기술지도 지원사업.pdf: 400 Client Error: Bad Request for url: https://www.bizinfo.go.kr/sii/siia/%5B%EA%B3%B5%EA%B3%A0%EB%AC%B8%5D%202026%EB%85%84%20%EA%B8%B0%EC%88%A0%EC%A7%80%EB%8F%84%20%EC%A7%80%EC%9B%90%EC%82%AC%EC%97%85.pdf / 202603050945510010.pdf: 404 Client Error: Not Found for url: https://www.bizinfo.go.kr/sii/siia/202603050945510010.pdf,https://www.bizinfo.go.kr/sii/siia/selectSIIA200Detail.do?pblancId=PBLN_000000000119124
PBLN_000000000119126,2026년 물리ㆍ화학적 시험평가인증 지원사업 공고(메카노바이오활성소재 혁신의료기기 실증 기반구축),전북특별자치도,fetched,url,safe,clear_selected_candidate,대표금액 후보가 명확함,type_changed:support_amount->non_cash | roi_method_changed:subtract->recommend_only,400.0,support_amount,subtract,2,400.0,non_cash,recommend_only,,2402,4343,[공고문] 2026년 물리화학적 시험평가인증 지원사업.pdf: 400 Client Error: Bad Request for url: https://www.bizinfo.go.kr/sii/siia/%5B%EA%B3%B5%EA%B3%A0%EB%AC%B8%5D%202026%EB%85%84%20%EB%AC%BC%EB%A6%AC%ED%99%94%ED%95%99%EC%A0%81%20%EC%8B%9C%ED%97%98%ED%8F%89%EA%B0%80%EC%9D%B8%EC%A6%9D%20%EC%A7%80%EC%9B%90%EC%82%AC%EC%97%85.pdf / 202603051010330439.pdf: 404 Client Error: Not Found for url: https://www.bizinfo.go.kr/sii/siia/202603051010330439.pdf / [양식] 신청서_물리화학적 시험평가인증 지원사업.hwp: 400 Client Error: Bad Request for url: https://www.bizinfo.go.kr/sii/siia/%5B%EC%96%91%EC%8B%9D%5D%20%EC%8B%A0%EC%B2%AD%EC%84%9C_%EB%AC%BC%EB%A6%AC%ED%99%94%ED%95%99%EC%A0%81%20%EC%8B%9C%ED%97%98%ED%8F%89%EA%B0%80%EC%9D%B8%EC%A6%9D%20%EC%A7%80%EC%9B%90%EC%82%AC%EC%97%85.hwp / 202603051010420438.hwp: 404 Client Error: Not Found for url: https://www.bizinfo.go.kr/sii/siia/202603051010420438.hwp,https://www.bizinfo.go.kr/sii/siia/selectSIIA200Detail.do?pblancId=PBLN_000000000119126
PBLN_000000000119158,[전북] 2026년 초등학부모 10시 출근제 도입 중소기업 지원 사업 참여기업 모집 공고,전북특별자치도,fetched,url,safe,clear_selected_candidate,대표금액 후보가 명확함,,120.0,support_amount,subtract,5,120.0,support_amount,subtract,,1860,9723,2026년 「초등학부모 10시 출근제 도입 중소기업 지원」 참여기업 모집공고.hwp: 400 Client Error: Bad Request for url: https://www.bizinfo.go.kr/sii/siia/2026%EB%85%84%20%E3%80%8C%EC%B4%88%EB%93%B1%ED%95%99%EB%B6%80%EB%AA%A8%2010%EC%8B%9C%20%EC%B6%9C%EA%B7%BC%EC%A0%9C%20%EB%8F%84%EC%9E%85%20%EC%A4%91%EC%86%8C%EA%B8%B0%EC%97%85%20%EC%A7%80%EC%9B%90%E3%80%8D%20%EC%B0%B8%EC%97%AC%EA%B8%B0%EC%97%85%20%EB%AA%A8%EC%A7%91%EA%B3%B5%EA%B3%A0.hwp / 2026년 초등학부모 10시 출근제 도입 중소기업 지원 참가신청서.hwp: 400 Client Error: Bad Request for url: https://www.bizinfo.go.kr/sii/siia/2026%EB%85%84%20%EC%B4%88%EB%93%B1%ED%95%99%EB%B6%80%EB%AA%A8%2010%EC%8B%9C%20%EC%B6%9C%EA%B7%BC%EC%A0%9C%20%EB%8F%84%EC%9E%85%20%EC%A4%91%EC%86%8C%EA%B8%B0%EC%97%85%20%EC%A7%80%EC%9B%90%20%EC%B0%B8%EA%B0%80%EC%8B%A0%EC%B2%AD%EC%84%9C.hwp / 202603051347080523.hwp: 404 Client Error: Not Found for url: https://www.bizinfo.go.kr/sii/siia/202603051347080523.hwp / 202603051347130373.hwp: 404 Client Error: Not Found for url: https://www.bizinfo.go.kr/sii/siia/202603051347130373.hwp,https://www.bizinfo.go.kr/sii/siia/selectSIIA200Detail.do?pblancId=PBLN_000000000119158
PBLN_000000000119181,[충북] 2026년 소부장 지원 전문가 스테이션 운영사업 기술애로 지원 모집 공고,충청북도,fetched,url,safe,clear_selected_candidate,대표금액 후보가 명확함,type_changed:support_amount->non_cash | roi_method_changed:subtract->recommend_only,100.0,support_amount,subtract,4,100.0,non_cash,recommend_only,,2092,3806,붙임 1. 소부장 기술애로 지원 공고문.hwp: 400 Client Error: Bad Request for url: https://www.bizinfo.go.kr/sii/siia/%EB%B6%99%EC%9E%84%201.%20%EC%86%8C%EB%B6%80%EC%9E%A5%20%EA%B8%B0%EC%88%A0%EC%95%A0%EB%A1%9C%20%EC%A7%80%EC%9B%90%20%EA%B3%B5%EA%B3%A0%EB%AC%B8.hwp / 붙임 2. 소부장 기술애로 지원 신청서.hwp: 400 Client Error: Bad Request for url: https://www.bizinfo.go.kr/sii/siia/%EB%B6%99%EC%9E%84%202.%20%EC%86%8C%EB%B6%80%EC%9E%A5%20%EA%B8%B0%EC%88%A0%EC%95%A0%EB%A1%9C%20%EC%A7%80%EC%9B%90%20%EC%8B%A0%EC%B2%AD%EC%84%9C.hwp / 202603060939350193.hwp: 404 Client Error: Not Found for url: https://www.bizinfo.go.kr/sii/siia/202603060939350193.hwp / 202603060939380481.hwp: 404 Client Error: Not Found for url: https://www.bizinfo.go.kr/sii/siia/202603060939380481.hwp,https://www.bizinfo.go.kr/sii/siia/selectSIIA200Detail.do?pblancId=PBLN_000000000119181
PBLN_000000000119201,2026년 중소기업 연구인력 현장맞춤형 양성지원 사업 시행계획 공고,중소벤처기업부,fetched,url,safe,clear_selected_candidate,대표금액 후보가 명확함,type_changed:subsidy->support_amount,1720.0,subsidy,subtract,7,1720.0,support_amount,subtract,1.0,2691,11820,(공고 제2026-001호)2026년도 중소기업 연구인력 현장맞춤형 양성지원사업 1차 시행계획 공고_260205.hwp: 400 Client Error: Bad Request for url: https://www.bizinfo.go.kr/sii/siia/(%EA%B3%B5%EA%B3%A0%20%EC%A0%9C2026-001%ED%98%B8)2026%EB%85%84%EB%8F%84%20%EC%A4%91%EC%86%8C%EA%B8%B0%EC%97%85%20%EC%97%B0%EA%B5%AC%EC%9D%B8%EB%A0%A5%20%ED%98%84%EC%9E%A5%EB%A7%9E%EC%B6%A4%ED%98%95%20%EC%96%91%EC%84%B1%EC%A7%80%EC%9B%90%EC%82%AC%EC%97%85%201%EC%B0%A8%20%EC%8B%9C%ED%96%89%EA%B3%84%ED%9A%8D%20%EA%B3%B5%EA%B3%A0_260205.hwp / 붙임1_중소기업 연구인력 현장맞춤형 양성지원 사업 지원기업 신청서 및 개인정보동의서.hwp: 400 Client Error: Bad Request for url: https://www.bizinfo.go.kr/sii/siia/%EB%B6%99%EC%9E%841_%EC%A4%91%EC%86%8C%EA%B8%B0%EC%97%85%20%EC%97%B0%EA%B5%AC%EC%9D%B8%EB%A0%A5%20%ED%98%84%EC%9E%A5%EB%A7%9E%EC%B6%A4%ED%98%95%20%EC%96%91%EC%84%B1%EC%A7%80%EC%9B%90%20%EC%82%AC%EC%97%85%20%EC%A7%80%EC%9B%90%EA%B8%B0%EC%97%85%20%EC%8B%A0%EC%B2%AD%EC%84%9C%20%EB%B0%8F%20%EA%B0%9C%EC%9D%B8%EC%A0%95%EB%B3%B4%EB%8F%99%EC%9D%98%EC%84%9C.hwp / 붙임2_중소기업 연구인력 현장맞춤형 양성지원 사업 연구인력 신청서 및 개인정보동의서.hwp: 400 Client Error: Bad Request for url: https://www.bizinfo.go.kr/sii/siia/%EB%B6%99%EC%9E%842_%EC%A4%91%EC%86%8C%EA%B8%B0%EC%97%85%20%EC%97%B0%EA%B5%AC%EC%9D%B8%EB%A0%A5%20%ED%98%84%EC%9E%A5%EB%A7%9E%EC%B6%A4%ED%98%95%20%EC%96%91%EC%84%B1%EC%A7%80%EC%9B%90%20%EC%82%AC%EC%97%85%20%EC%97%B0%EA%B5%AC%EC%9D%B8%EB%A0%A5%20%EC%8B%A0%EC%B2%AD%EC%84%9C%20%EB%B0%8F%20%EA%B0%9C%EC%9D%B8%EC%A0%95%EB%B3%B4%EB%8F%99%EC%9D%98%EC%84%9C.hwp / 202603061131500370.hwp: 404 Client Error: Not Found for url: https://www.bizinfo.go.kr/sii/siia/202603061131500370.hwp / 202603061133000367.hwp: 404 Client Error: Not Found for url: https://www.bizinfo.go.kr/sii/siia/202603061133000367.hwp / 202603061133000485.hwp: 404 Client Error: Not Found for url: https://www.bizinfo.go.kr/sii/siia/202603061133000485.hwp,https://www.bizinfo.go.kr/sii/siia/selectSIIA200Detail.do?pblancId=PBLN_000000000119201
PBLN_000000000119206,[충남] 아산시 2026년 해외마케팅 지원사업 참가기업 모집 공고,충청남도,fetched,url,needs_review,subtract_without_limit_context | large_amount_delta,직접 차감 후보이나 기업당/한도 문맥이 부족함 | 기존 금액과 새 대표금액 차이가 큼,"amount_delta_20_percent:old=400,new=10000",400.0,subsidy,subtract,11,10000.0,subsidy,subtract,0.8,1978,12775,2026년 아산시 해외마케팅 지원사업 참가기업 모집 공고문.hwpx: 400 Client Error: Bad Request for url: https://www.bizinfo.go.kr/sii/siia/2026%EB%85%84%20%EC%95%84%EC%82%B0%EC%8B%9C%20%ED%95%B4%EC%99%B8%EB%A7%88%EC%BC%80%ED%8C%85%20%EC%A7%80%EC%9B%90%EC%82%AC%EC%97%85%20%EC%B0%B8%EA%B0%80%EA%B8%B0%EC%97%85%20%EB%AA%A8%EC%A7%91%20%EA%B3%B5%EA%B3%A0%EB%AC%B8.hwpx / 2026년 아산시 해외마케팅 지원사업 참가신청서.hwpx: 400 Client Error: Bad Request for url: https://www.bizinfo.go.kr/sii/siia/2026%EB%85%84%20%EC%95%84%EC%82%B0%EC%8B%9C%20%ED%95%B4%EC%99%B8%EB%A7%88%EC%BC%80%ED%8C%85%20%EC%A7%80%EC%9B%90%EC%82%AC%EC%97%85%20%EC%B0%B8%EA%B0%80%EC%8B%A0%EC%B2%AD%EC%84%9C.hwpx / 지방보조금 공모사업 신청서(해외마케팅 지원사업).hwpx: 400 Client Error: Bad Request for url: https://www.bizinfo.go.kr/sii/siia/%EC%A7%80%EB%B0%A9%EB%B3%B4%EC%A1%B0%EA%B8%88%20%EA%B3%B5%EB%AA%A8%EC%82%AC%EC%97%85%20%EC%8B%A0%EC%B2%AD%EC%84%9C(%ED%95%B4%EC%99%B8%EB%A7%88%EC%BC%80%ED%8C%85%20%EC%A7%80%EC%9B%90%EC%82%AC%EC%97%85).hwpx / 202603061312370110.hwpx: 404 Client Error: Not Found for url: https://www.bizinfo.go.kr/sii/siia/202603061312370110.hwpx / 202603061312440949.hwpx: 404 Client Error: Not Found for url: https://www.bizinfo.go.kr/sii/siia/202603061312440949.hwpx / 202603061312450066.hwpx: 404 Client Error: Not Found for url: https://www.bizinfo.go.kr/sii/siia/202603061312450066.hwpx,https://www.bizinfo.go.kr/sii/siia/selectSIIA200Detail.do?pblancId=PBLN_000000000119206
PBLN_000000000119212,[제주] 2026년 청정임산물 생산기반 지원사업 재공고,제주특별자치도,fetched,url,needs_review,subtract_without_limit_context,직접 차감 후보이나 기업당/한도 문맥이 부족함,,2161.0,subsidy,subtract,13,2000.0,subsidy,subtract,0.5,1789,6693,2026년 청정임산물 생산기반지원사업 재공고.hwp: 400 Client Error: Bad Request for url: https://www.bizinfo.go.kr/sii/siia/2026%EB%85%84%20%EC%B2%AD%EC%A0%95%EC%9E%84%EC%82%B0%EB%AC%BC%20%EC%83%9D%EC%82%B0%EA%B8%B0%EB%B0%98%EC%A7%80%EC%9B%90%EC%82%AC%EC%97%85%20%EC%9E%AC%EA%B3%B5%EA%B3%A0.hwp / 202603061337490504.hwp: 404 Client Error: Not Found for url: https://www.bizinfo.go.kr/sii/siia/202603061337490504.hwp,https://www.bizinfo.go.kr/sii/siia/selectSIIA200Detail.do?pblancId=PBLN_000000000119212
PBLN_000000000119234,2026년 안전관리 우수연구실 인증제 시행 공고,과학기술정보통신부,fetched,url,needs_review,candidate_missing,금액 후보 자체를 찾지 못함,,,unknown,recommend_only,0,,,,,1667,8107,(과학기술정보통신부 공고 제2026-0260호) 2026년도 안전관리 우수연구실 인증제 시행 공고.pdf: 400 Client Error: Bad Request for url: https://www.bizinfo.go.kr/sii/siia/(%EA%B3%BC%ED%95%99%EA%B8%B0%EC%88%A0%EC%A0%95%EB%B3%B4%ED%86%B5%EC%8B%A0%EB%B6%80%20%EA%B3%B5%EA%B3%A0%20%EC%A0%9C2026-0260%ED%98%B8)%202026%EB%85%84%EB%8F%84%20%EC%95%88%EC%A0%84%EA%B4%80%EB%A6%AC%20%EC%9A%B0%EC%88%98%EC%97%B0%EA%B5%AC%EC%8B%A4%20%EC%9D%B8%EC%A6%9D%EC%A0%9C%20%EC%8B%9C%ED%96%89%20%EA%B3%B5%EA%B3%A0.pdf / 202603091005580667.pdf: 404 Client Error: Not Found for url: https://www.bizinfo.go.kr/sii/siia/202603091005580667.pdf / (첨부양식)2026년도 안전관리 우수연구실 인증제 신청서 등 서류.hwpx: 400 Client Error: Bad Request for url: https://www.bizinfo.go.kr/sii/siia/(%EC%B2%A8%EB%B6%80%EC%96%91%EC%8B%9D)2026%EB%85%84%EB%8F%84%20%EC%95%88%EC%A0%84%EA%B4%80%EB%A6%AC%20%EC%9A%B0%EC%88%98%EC%97%B0%EA%B5%AC%EC%8B%A4%20%EC%9D%B8%EC%A6%9D%EC%A0%9C%20%EC%8B%A0%EC%B2%AD%EC%84%9C%20%EB%93%B1%20%EC%84%9C%EB%A5%98.hwpx / 202603091004550684.hwpx: 404 Client Error: Not Found for url: https://www.bizinfo.go.kr/sii/siia/202603091004550684.hwpx,https://www.bizinfo.go.kr/sii/siia/selectSIIA200Detail.do?pblancId=PBLN_000000000119234
PBLN_000000000119235,[부산] 2026년 AI실증지원센터 고성능 컴퓨터(HPC) 이용 지원사업 모집 공고,부산광역시,fetched,url,needs_review,candidate_missing,금액 후보 자체를 찾지 못함,,,support_ratio,ratio_cap,0,,,,,2194,4262,[모집공고] 고성능 컴퓨터(HPC) 이용 지원사업.hwp: 400 Client Error: Bad Request for url: https://www.bizinfo.go.kr/sii/siia/%5B%EB%AA%A8%EC%A7%91%EA%B3%B5%EA%B3%A0%5D%20%EA%B3%A0%EC%84%B1%EB%8A%A5%20%EC%BB%B4%ED%93%A8%ED%84%B0(HPC)%20%EC%9D%B4%EC%9A%A9%20%EC%A7%80%EC%9B%90%EC%82%AC%EC%97%85.hwp / 202603091014570414.hwp: 404 Client Error: Not Found for url: https://www.bizinfo.go.kr/sii/siia/202603091014570414.hwp,https://www.bizinfo.go.kr/sii/siia/selectSIIA200Detail.do?pblancId=PBLN_000000000119235
PBLN_000000000119272,2026년 유니버설디자인리빙랩 제품 사용성조사 장비 공동활용 지원안내 공고 ,인천광역시,fetched,url,needs_review,candidate_missing,금액 후보 자체를 찾지 못함,,,unknown,recommend_only,0,,,,,2147,6782,붙임3_모집포스터.pdf: 400 Client Error: Bad Request for url: https://www.bizinfo.go.kr/sii/siia/%EB%B6%99%EC%9E%843_%EB%AA%A8%EC%A7%91%ED%8F%AC%EC%8A%A4%ED%84%B0.pdf / 202603091349120787.pdf: 404 Client Error: Not Found for url: https://www.bizinfo.go.kr/sii/siia/202603091349120787.pdf / 202603091359140988.pdf: 404 Client Error: Not Found for url: https://www.bizinfo.go.kr/sii/siia/202603091359140988.pdf / 붙임2_장비카달로그.pdf: 400 Client Error: Bad Request for url: https://www.bizinfo.go.kr/sii/siia/%EB%B6%99%EC%9E%842_%EC%9E%A5%EB%B9%84%EC%B9%B4%EB%8B%AC%EB%A1%9C%EA%B7%B8.pdf / 202603091350130265.hwp: 404 Client Error: Not Found for url: https://www.bizinfo.go.kr/sii/siia/202603091350130265.hwp / 붙임1_공동활용신청서.hwp: 400 Client Error: Bad Request for url: https://www.bizinfo.go.kr/sii/siia/%EB%B6%99%EC%9E%841_%EA%B3%B5%EB%8F%99%ED%99%9C%EC%9A%A9%EC%8B%A0%EC%B2%AD%EC%84%9C.hwp / 붙임3_모집포스터.pdf: text extraction failed,https://www.bizinfo.go.kr/sii/siia/selectSIIA200Detail.do?pblancId=PBLN_000000000119272
PBLN_000000000119321,[세종] 2026년 수출보증보험료 지원 사업 참가기업 모집 공고,세종특별자치시,fetched,url,safe,clear_selected_candidate,대표금액 후보가 명확함,,200.0,support_amount,subtract,4,200.0,support_amount,subtract,1.0,1609,5546,2026년_세종시_수출보증보험료_지원사업_참가기업_모집_공고.pdf: 400 Client Error: Bad Request for url: https://www.bizinfo.go.kr/sii/siia/2026%EB%85%84_%EC%84%B8%EC%A2%85%EC%8B%9C_%EC%88%98%EC%B6%9C%EB%B3%B4%EC%A6%9D%EB%B3%B4%ED%97%98%EB%A3%8C_%EC%A7%80%EC%9B%90%EC%82%AC%EC%97%85_%EC%B0%B8%EA%B0%80%EA%B8%B0%EC%97%85_%EB%AA%A8%EC%A7%91_%EA%B3%B5%EA%B3%A0.pdf / 202603101408030718.pdf: 404 Client Error: Not Found for url: https://www.bizinfo.go.kr/sii/siia/202603101408030718.pdf,https://www.bizinfo.go.kr/sii/siia/selectSIIA200Detail.do?pblancId=PBLN_000000000119321
PBLN_000000000119454,[경기] 평택시 2026년 국내외 지식재산 권리화 지원사업 모집 공고,경기도,fetched,url,needs_review,large_amount_delta,기존 금액과 새 대표금액 차이가 큼,"amount_delta_20_percent:old=0,new=150",0.0,support_amount,subtract,4,150.0,support_amount,subtract,0.8,2136,10244,(붙임1) 2026년도 ｢국내외 지식재산 권리화 지원사업｣ 모집공고.pdf: 400 Client Error: Bad Request for url: https://www.bizinfo.go.kr/sii/siia/(%EB%B6%99%EC%9E%841)%202026%EB%85%84%EB%8F%84%20%EF%BD%A2%EA%B5%AD%EB%82%B4%EC%99%B8%20%EC%A7%80%EC%8B%9D%EC%9E%AC%EC%82%B0%20%EA%B6%8C%EB%A6%AC%ED%99%94%20%EC%A7%80%EC%9B%90%EC%82%AC%EC%97%85%EF%BD%A3%20%EB%AA%A8%EC%A7%91%EA%B3%B5%EA%B3%A0.pdf / 202603130952200149.pdf: 404 Client Error: Not Found for url: https://www.bizinfo.go.kr/sii/siia/202603130952200149.pdf / (붙임2) 2026년도 국내외 지식재산 권리화 지원사업 신청서식..hwp: 400 Client Error: Bad Request for url: https://www.bizinfo.go.kr/sii/siia/(%EB%B6%99%EC%9E%842)%202026%EB%85%84%EB%8F%84%20%EA%B5%AD%EB%82%B4%EC%99%B8%20%EC%A7%80%EC%8B%9D%EC%9E%AC%EC%82%B0%20%EA%B6%8C%EB%A6%AC%ED%99%94%20%EC%A7%80%EC%9B%90%EC%82%AC%EC%97%85%20%EC%8B%A0%EC%B2%AD%EC%84%9C%EC%8B%9D..hwp / 202603130952280406.hwp: 404 Client Error: Not Found for url: https://www.bizinfo.go.kr/sii/siia/202603130952280406.hwp,https://www.bizinfo.go.kr/sii/siia/selectSIIA200Detail.do?pblancId=PBLN_000000000119454
PBLN_000000000119457,[경기] 평택시 2026년 장비 활용 지원사업 기업 모집 공고,경기도,fetched,url,needs_review,selected_candidate_missing,금액 후보는 있으나 대표금액을 선택하지 못함,old_amount_without_new_selected_amount,80.0,support_amount,subtract,4,,,,0.2,2191,10649,2026년도 ｢장비 활용 지원사업｣ 공고문.pdf: 400 Client Error: Bad Request for url: https://www.bizinfo.go.kr/sii/siia/2026%EB%85%84%EB%8F%84%20%EF%BD%A2%EC%9E%A5%EB%B9%84%20%ED%99%9C%EC%9A%A9%20%EC%A7%80%EC%9B%90%EC%82%AC%EC%97%85%EF%BD%A3%20%EA%B3%B5%EA%B3%A0%EB%AC%B8.pdf / 202603131003200601.pdf: 404 Client Error: Not Found for url: https://www.bizinfo.go.kr/sii/siia/202603131003200601.pdf / 2026년도 ｢장비 활용 지원사업｣ 신청서식.hwp: 400 Client Error: Bad Request for url: https://www.bizinfo.go.kr/sii/siia/2026%EB%85%84%EB%8F%84%20%EF%BD%A2%EC%9E%A5%EB%B9%84%20%ED%99%9C%EC%9A%A9%20%EC%A7%80%EC%9B%90%EC%82%AC%EC%97%85%EF%BD%A3%20%EC%8B%A0%EC%B2%AD%EC%84%9C%EC%8B%9D.hwp / 202603131003230875.hwp: 404 Client Error: Not Found for url: https://www.bizinfo.go.kr/sii/siia/202603131003230875.hwp,https://www.bizinfo.go.kr/sii/siia/selectSIIA200Detail.do?pblancId=PBLN_000000000119457
PBLN_000000000119515,2026년 M&A 활성화 지원사업 공고,중소벤처기업부,fetched,url,safe,clear_selected_candidate,대표금액 후보가 명확함,,3000.0,support_amount,subtract,16,3000.0,support_amount,subtract,0.5,2328,15670,★2026년도_M&A_활성화_지원사업_공고.pdf: 400 Client Error: Bad Request for url: https://www.bizinfo.go.kr/sii/siia/%E2%98%852026%EB%85%84%EB%8F%84_M&A_%ED%99%9C%EC%84%B1%ED%99%94_%EC%A7%80%EC%9B%90%EC%82%AC%EC%97%85_%EA%B3%B5%EA%B3%A0.pdf / 202603161042370380.pdf: 404 Client Error: Not Found for url: https://www.bizinfo.go.kr/sii/siia/202603161042370380.pdf / ★2026년도_M&A_활성화_지원사업_공고.hwpx: 400 Client Error: Bad Request for url: https://www.bizinfo.go.kr/sii/siia/%E2%98%852026%EB%85%84%EB%8F%84_M&A_%ED%99%9C%EC%84%B1%ED%99%94_%EC%A7%80%EC%9B%90%EC%82%AC%EC%97%85_%EA%B3%B5%EA%B3%A0.hwpx / 202603161042320767.hwpx: 404 Client Error: Not Found for url: https://www.bizinfo.go.kr/sii/siia/202603161042320767.hwpx,https://www.bizinfo.go.kr/sii/siia/selectSIIA200Detail.do?pblancId=PBLN_000000000119515
PBLN_000000000119518,[전북] 2026년 에너지산업융복합단지 공동연구장비 활용 및 컨설팅 지원 수혜기업 모집 공고,전북특별자치도,fetched,url,needs_review,selected_candidate_missing,금액 후보는 있으나 대표금액을 선택하지 못함,old_amount_without_new_selected_amount,250.0,support_amount,subtract,5,,,,1.0,2422,11722,붙임1.2026년공동연구장비활용및컨설팅지원수혜기업모집공고(안).hwp: 400 Client Error: Bad Request for url: https://www.bizinfo.go.kr/sii/siia/%EB%B6%99%EC%9E%841.2026%EB%85%84%EA%B3%B5%EB%8F%99%EC%97%B0%EA%B5%AC%EC%9E%A5%EB%B9%84%ED%99%9C%EC%9A%A9%EB%B0%8F%EC%BB%A8%EC%84%A4%ED%8C%85%EC%A7%80%EC%9B%90%EC%88%98%ED%98%9C%EA%B8%B0%EC%97%85%EB%AA%A8%EC%A7%91%EA%B3%B5%EA%B3%A0(%EC%95%88).hwp / 붙임2.[서식1]지원신청서양식.hwp: 400 Client Error: Bad Request for url: https://www.bizinfo.go.kr/sii/siia/%EB%B6%99%EC%9E%842.%5B%EC%84%9C%EC%8B%9D1%5D%EC%A7%80%EC%9B%90%EC%8B%A0%EC%B2%AD%EC%84%9C%EC%96%91%EC%8B%9D.hwp / 202603161112040240.hwp: 404 Client Error: Not Found for url: https://www.bizinfo.go.kr/sii/siia/202603161112040240.hwp / 202603161112150843.hwp: 404 Client Error: Not Found for url: https://www.bizinfo.go.kr/sii/siia/202603161112150843.hwp / 202603161112150944.hwp: 404 Client Error: Not Found for url: https://www.bizinfo.go.kr/sii/siia/202603161112150944.hwp / 202603161112160026.hwp: 404 Client Error: Not Found for url: https://www.bizinfo.go.kr/sii/siia/202603161112160026.hwp / 붙임3.[서식2]기타제출서류양식.hwp: 400 Client Error: Bad Request for url: https://www.bizinfo.go.kr/sii/siia/%EB%B6%99%EC%9E%843.%5B%EC%84%9C%EC%8B%9D2%5D%EA%B8%B0%ED%83%80%EC%A0%9C%EC%B6%9C%EC%84%9C%EB%A5%98%EC%96%91%EC%8B%9D.hwp / 붙임4.[서식3]애로기술컨설팅전문가이력서등제출서류양식.hwp: 400 Client Error: Bad Request for url: https://www.bizinfo.go.kr/sii/siia/%EB%B6%99%EC%9E%844.%5B%EC%84%9C%EC%8B%9D3%5D%EC%95%A0%EB%A1%9C%EA%B8%B0%EC%88%A0%EC%BB%A8%EC%84%A4%ED%8C%85%EC%A0%84%EB%AC%B8%EA%B0%80%EC%9D%B4%EB%A0%A5%EC%84%9C%EB%93%B1%EC%A0%9C%EC%B6%9C%EC%84%9C%EB%A5%98%EC%96%91%EC%8B%9D.hwp,https://www.bizinfo.go.kr/sii/siia/selectSIIA200Detail.do?pblancId=PBLN_000000000119518
PBLN_000000000119584,2026년 광주테크노파크 공동활용 연구시설ㆍ장비 사용 안내 공고,전남광주통합특별시,fetched,url,needs_review,candidate_missing,금액 후보 자체를 찾지 못함,,,unknown,recommend_only,0,,,,,2127,13510,붙임1.광주테크노파크공동활용장비사용안내공고문(안).pdf: 400 Client Error: Bad Request for url: https://www.bizinfo.go.kr/sii/siia/%EB%B6%99%EC%9E%841.%EA%B4%91%EC%A3%BC%ED%85%8C%ED%81%AC%EB%85%B8%ED%8C%8C%ED%81%AC%EA%B3%B5%EB%8F%99%ED%99%9C%EC%9A%A9%EC%9E%A5%EB%B9%84%EC%82%AC%EC%9A%A9%EC%95%88%EB%82%B4%EA%B3%B5%EA%B3%A0%EB%AC%B8(%EC%95%88).pdf / 202603171316590422.pdf: 404 Client Error: Not Found for url: https://www.bizinfo.go.kr/sii/siia/202603171316590422.pdf / 202603171317050286.pdf: 404 Client Error: Not Found for url: https://www.bizinfo.go.kr/sii/siia/202603171317050286.pdf / 붙임2.공동활용장비현황_총224대.pdf: 400 Client Error: Bad Request for url: https://www.bizinfo.go.kr/sii/siia/%EB%B6%99%EC%9E%842.%EA%B3%B5%EB%8F%99%ED%99%9C%EC%9A%A9%EC%9E%A5%EB%B9%84%ED%98%84%ED%99%A9_%EC%B4%9D224%EB%8C%80.pdf,https://www.bizinfo.go.kr/sii/siia/selectSIIA200Detail.do?pblancId=PBLN_000000000119584
PBLN_000000000119686,[경기] 2026년 베이비부머 라이트잡 모집 공고,경기도,fetched,url,safe,clear_selected_candidate,대표금액 후보가 명확함,,40.0,support_amount,subtract,5,40.0,support_amount,subtract,,1745,7203,[공고문] 2026년 경기도 베이비부머 라이트잡 모집 공고문.pdf: 400 Client Error: Bad Request for url: https://www.bizinfo.go.kr/sii/siia/%5B%EA%B3%B5%EA%B3%A0%EB%AC%B8%5D%202026%EB%85%84%20%EA%B2%BD%EA%B8%B0%EB%8F%84%20%EB%B2%A0%EC%9D%B4%EB%B9%84%EB%B6%80%EB%A8%B8%20%EB%9D%BC%EC%9D%B4%ED%8A%B8%EC%9E%A1%20%EB%AA%A8%EC%A7%91%20%EA%B3%B5%EA%B3%A0%EB%AC%B8.pdf / 202603191014200909.pdf: 404 Client Error: Not Found for url: https://www.bizinfo.go.kr/sii/siia/202603191014200909.pdf / [필수1] 2026년 베이비부머 라이트잡 지원금 지급 신청서.hwp: 400 Client Error: Bad Request for url: https://www.bizinfo.go.kr/sii/siia/%5B%ED%95%84%EC%88%981%5D%202026%EB%85%84%20%EB%B2%A0%EC%9D%B4%EB%B9%84%EB%B6%80%EB%A8%B8%20%EB%9D%BC%EC%9D%B4%ED%8A%B8%EC%9E%A1%20%EC%A7%80%EC%9B%90%EA%B8%88%20%EC%A7%80%EA%B8%89%20%EC%8B%A0%EC%B2%AD%EC%84%9C.hwp / 202603191014290202.hwp: 404 Client Error: Not Found for url: https://www.bizinfo.go.kr/sii/siia/202603191014290202.hwp / 202603191014290535.hwp: 404 Client Error: Not Found for url: https://www.bizinfo.go.kr/sii/siia/202603191014290535.hwp / 202603191014290613.hwp: 404 Client Error: Not Found for url: https://www.bizinfo.go.kr/sii/siia/202603191014290613.hwp / 2026년 베이비부머 라이트잡 FAQ.hwp: 400 Client Error: Bad Request for url: https://www.bizinfo.go.kr/sii/siia/2026%EB%85%84%20%EB%B2%A0%EC%9D%B4%EB%B9%84%EB%B6%80%EB%A8%B8%20%EB%9D%BC%EC%9D%B4%ED%8A%B8%EC%9E%A1%20FAQ.hwp / [필수2] 라이트잡 근로자의 개인정보제공동의서.hwp: 400 Client Error: Bad Request for url: https://www.bizinfo.go.kr/sii/siia/%5B%ED%95%84%EC%88%982%5D%20%EB%9D%BC%EC%9D%B4%ED%8A%B8%EC%9E%A1%20%EA%B7%BC%EB%A1%9C%EC%9E%90%EC%9D%98%20%EA%B0%9C%EC%9D%B8%EC%A0%95%EB%B3%B4%EC%A0%9C%EA%B3%B5%EB%8F%99%EC%9D%98%EC%84%9C.hwp,https://www.bizinfo.go.kr/sii/siia/selectSIIA200Detail.do?pblancId=PBLN_000000000119686
PBLN_000000000119693,[경기] 2026년 중소기업 R&D 기획ㆍ컨설팅 사업 모집 공고,경기도,fetched,url,needs_review,selected_context_has_risk_keyword,선택 후보 주변에 총사업비/자부담 등 위험 키워드가 있음,,10000.0,support_amount,subtract,12,10000.0,support_amount,subtract,,1805,1626,2026년 R&D기획컨설팅 공고문.pdf: 400 Client Error: Bad Request for url: https://www.bizinfo.go.kr/sii/siia/2026%EB%85%84%20R&D%EA%B8%B0%ED%9A%8D%EC%BB%A8%EC%84%A4%ED%8C%85%20%EA%B3%B5%EA%B3%A0%EB%AC%B8.pdf / 202603191048420801.pdf: 404 Client Error: Not Found for url: https://www.bizinfo.go.kr/sii/siia/202603191048420801.pdf / 202603191050340917.hwp: 404 Client Error: Not Found for url: https://www.bizinfo.go.kr/sii/siia/202603191050340917.hwp / 붙임 1. R&D기획 컨설팅 신청서.hwp: 400 Client Error: Bad Request for url: https://www.bizinfo.go.kr/sii/siia/%EB%B6%99%EC%9E%84%201.%20R&D%EA%B8%B0%ED%9A%8D%20%EC%BB%A8%EC%84%A4%ED%8C%85%20%EC%8B%A0%EC%B2%AD%EC%84%9C.hwp / 붙임 1. R&D기획 컨설팅 신청서.hwp: HWP extraction quality_failed,https://www.bizinfo.go.kr/sii/siia/selectSIIA200Detail.do?pblancId=PBLN_000000000119693
PBLN_000000000119727,[부산] 2026년 중소기업 빅데이터 분석 활용 지원사업 참가기업 모집 공고,부산광역시,fetched,url,needs_review,selected_candidate_missing,금액 후보는 있으나 대표금액을 선택하지 못함,old_amount_without_new_selected_amount,500.0,support_amount,subtract,1,,,,,2254,12067,(공고문)2026년+중소기업+빅데이터+분석+활용+지원사업+참가기업+모집.hwp: 400 Client Error: Bad Request for url: https://www.bizinfo.go.kr/sii/siia/(%EA%B3%B5%EA%B3%A0%EB%AC%B8)2026%EB%85%84+%EC%A4%91%EC%86%8C%EA%B8%B0%EC%97%85+%EB%B9%85%EB%8D%B0%EC%9D%B4%ED%84%B0+%EB%B6%84%EC%84%9D+%ED%99%9C%EC%9A%A9+%EC%A7%80%EC%9B%90%EC%82%AC%EC%97%85+%EC%B0%B8%EA%B0%80%EA%B8%B0%EC%97%85+%EB%AA%A8%EC%A7%91.hwp / 202603191428210533.hwp: 404 Client Error: Not Found for url: https://www.bizinfo.go.kr/sii/siia/202603191428210533.hwp,https://www.bizinfo.go.kr/sii/siia/selectSIIA200Detail.do?pblancId=PBLN_000000000119727
PBLN_000000000119733,[울산] 울주군 2026년 강소기업 육성 기술 혁신 지원사업 시행 공고,울산광역시,fetched,url,safe,clear_selected_candidate,대표금액 후보가 명확함,type_changed:subsidy->support_amount,1000.0,subsidy,subtract,12,1000.0,support_amount,subtract,,2152,13662,(공고문) 2026년 울주군 강소기업 육성 기술 혁신 지원사업.hwp: 400 Client Error: Bad Request for url: https://www.bizinfo.go.kr/sii/siia/(%EA%B3%B5%EA%B3%A0%EB%AC%B8)%202026%EB%85%84%20%EC%9A%B8%EC%A3%BC%EA%B5%B0%20%EA%B0%95%EC%86%8C%EA%B8%B0%EC%97%85%20%EC%9C%A1%EC%84%B1%20%EA%B8%B0%EC%88%A0%20%ED%98%81%EC%8B%A0%20%EC%A7%80%EC%9B%90%EC%82%AC%EC%97%85.hwp / (서식) 울주군 강소기업 육성 기술 혁신 지원사업.hwp: 400 Client Error: Bad Request for url: https://www.bizinfo.go.kr/sii/siia/(%EC%84%9C%EC%8B%9D)%20%EC%9A%B8%EC%A3%BC%EA%B5%B0%20%EA%B0%95%EC%86%8C%EA%B8%B0%EC%97%85%20%EC%9C%A1%EC%84%B1%20%EA%B8%B0%EC%88%A0%20%ED%98%81%EC%8B%A0%20%EC%A7%80%EC%9B%90%EC%82%AC%EC%97%85.hwp / 202603191457490755.hwp: 404 Client Error: Not Found for url: https://www.bizinfo.go.kr/sii/siia/202603191457490755.hwp / 202603231415570375.hwp: 404 Client Error: Not Found for url: https://www.bizinfo.go.kr/sii/siia/202603231415570375.hwp,https://www.bizinfo.go.kr/sii/siia/selectSIIA200Detail.do?pblancId=PBLN_000000000119733
PBLN_000000000119762,2026년 일터혁신 상생컨설팅 지원사업 기업 모집 공고,고용노동부,fetched,url,needs_review,candidate_missing,금액 후보 자체를 찾지 못함,,,unknown,recommend_only,0,,,,,2458,12071,[KMAC] 2026 일터혁신 상생컨설팅 지원사업 브로셔 _ 26.03.10.pdf: 400 Client Error: Bad Request for url: https://www.bizinfo.go.kr/sii/siia/%5BKMAC%5D%202026%20%EC%9D%BC%ED%84%B0%ED%98%81%EC%8B%A0%20%EC%83%81%EC%83%9D%EC%BB%A8%EC%84%A4%ED%8C%85%20%EC%A7%80%EC%9B%90%EC%82%AC%EC%97%85%20%EB%B8%8C%EB%A1%9C%EC%85%94%20_%2026.03.10.pdf / 202603201329150603.pdf: 404 Client Error: Not Found for url: https://www.bizinfo.go.kr/sii/siia/202603201329150603.pdf,https://www.bizinfo.go.kr/sii/siia/selectSIIA200Detail.do?pblancId=PBLN_000000000119762
PBLN_000000000119764,2026년 중소기업 기술혁신 지원사업(KOSBIR) 통합 공고,중소벤처기업부,fetched,url,needs_review,selected_candidate_missing,금액 후보는 있으나 대표금액을 선택하지 못함,old_amount_without_new_selected_amount,90000.0,support_amount,subtract,32,,,,1.0,2341,24125,2026년_중소기업_기술혁신_지원사업(KOSBIR)_통합공고.pdf: 400 Client Error: Bad Request for url: https://www.bizinfo.go.kr/sii/siia/2026%EB%85%84_%EC%A4%91%EC%86%8C%EA%B8%B0%EC%97%85_%EA%B8%B0%EC%88%A0%ED%98%81%EC%8B%A0_%EC%A7%80%EC%9B%90%EC%82%AC%EC%97%85(KOSBIR)_%ED%86%B5%ED%95%A9%EA%B3%B5%EA%B3%A0.pdf / 202603201338160330.pdf: 404 Client Error: Not Found for url: https://www.bizinfo.go.kr/sii/siia/202603201338160330.pdf / 2026년_중소기업_기술혁신_지원사업(KOSBIR)_통합공고.hwpx: 400 Client Error: Bad Request for url: https://www.bizinfo.go.kr/sii/siia/2026%EB%85%84_%EC%A4%91%EC%86%8C%EA%B8%B0%EC%97%85_%EA%B8%B0%EC%88%A0%ED%98%81%EC%8B%A0_%EC%A7%80%EC%9B%90%EC%82%AC%EC%97%85(KOSBIR)_%ED%86%B5%ED%95%A9%EA%B3%B5%EA%B3%A0.hwpx / 202603201339460397.hwpx: 404 Client Error: Not Found for url: https://www.bizinfo.go.kr/sii/siia/202603201339460397.hwpx,https://www.bizinfo.go.kr/sii/siia/selectSIIA200Detail.do?pblancId=PBLN_000000000119764
PBLN_000000000119822,[경북] 구미시 2026년 시제품제작센터 수혜기업 모집 공고,경상북도,fetched,url,safe,clear_selected_candidate,대표금액 후보가 명확함,,600.0,support_amount,subtract,4,600.0,support_amount,subtract,0.7,2164,2592,[공고문] 2026년 구미시 시제품제작센터 수혜기업 모집 공고.pdf: 400 Client Error: Bad Request for url: https://www.bizinfo.go.kr/sii/siia/%5B%EA%B3%B5%EA%B3%A0%EB%AC%B8%5D%202026%EB%85%84%20%EA%B5%AC%EB%AF%B8%EC%8B%9C%20%EC%8B%9C%EC%A0%9C%ED%92%88%EC%A0%9C%EC%9E%91%EC%84%BC%ED%84%B0%20%EC%88%98%ED%98%9C%EA%B8%B0%EC%97%85%20%EB%AA%A8%EC%A7%91%20%EA%B3%B5%EA%B3%A0.pdf / 202603231339220207.pdf: 404 Client Error: Not Found for url: https://www.bizinfo.go.kr/sii/siia/202603231339220207.pdf / [서식 1] 지원신청서 및 결과보고서 양식.hwp: 400 Client Error: Bad Request for url: https://www.bizinfo.go.kr/sii/siia/%5B%EC%84%9C%EC%8B%9D%201%5D%20%EC%A7%80%EC%9B%90%EC%8B%A0%EC%B2%AD%EC%84%9C%20%EB%B0%8F%20%EA%B2%B0%EA%B3%BC%EB%B3%B4%EA%B3%A0%EC%84%9C%20%EC%96%91%EC%8B%9D.hwp / 202603231339160900.hwp: 404 Client Error: Not Found for url: https://www.bizinfo.go.kr/sii/siia/202603231339160900.hwp / 202603231339160996.hwp: 404 Client Error: Not Found for url: https://www.bizinfo.go.kr/sii/siia/202603231339160996.hwp / [서식 2] 개인정보 및 기업정보 수집 이용 제공동의서.hwp: 400 Client Error: Bad Request for url: https://www.bizinfo.go.kr/sii/siia/%5B%EC%84%9C%EC%8B%9D%202%5D%20%EA%B0%9C%EC%9D%B8%EC%A0%95%EB%B3%B4%20%EB%B0%8F%20%EA%B8%B0%EC%97%85%EC%A0%95%EB%B3%B4%20%EC%88%98%EC%A7%91%20%EC%9D%B4%EC%9A%A9%20%EC%A0%9C%EA%B3%B5%EB%8F%99%EC%9D%98%EC%84%9C.hwp / [공고문] 2026년 구미시 시제품제작센터 수혜기업 모집 공고.pdf: text extraction failed,https://www.bizinfo.go.kr/sii/siia/selectSIIA200Detail.do?pblancId=PBLN_000000000119822
PBLN_000000000119836,[전남광주] 2026년 상반기 구조고도화자금 지원 계획 공고,전남광주통합특별시,fetched,url,needs_review,large_amount_delta,기존 금액과 새 대표금액 차이가 큼,"amount_delta_20_percent:old=3e+06,new=1e+06",3000000.0,support_amount,subtract,9,1000000.0,support_amount,subtract,0.1,1569,15872,공고문_2026년도 상반기 구조고도화자금 지원.pdf: 400 Client Error: Bad Request for url: https://www.bizinfo.go.kr/sii/siia/%EA%B3%B5%EA%B3%A0%EB%AC%B8_2026%EB%85%84%EB%8F%84%20%EC%83%81%EB%B0%98%EA%B8%B0%20%EA%B5%AC%EC%A1%B0%EA%B3%A0%EB%8F%84%ED%99%94%EC%9E%90%EA%B8%88%20%EC%A7%80%EC%9B%90.pdf / 202603231509200228.pdf: 404 Client Error: Not Found for url: https://www.bizinfo.go.kr/sii/siia/202603231509200228.pdf / 신청서식_2026년도 상반기 구조고도화자금 지원.hwp: 400 Client Error: Bad Request for url: https://www.bizinfo.go.kr/sii/siia/%EC%8B%A0%EC%B2%AD%EC%84%9C%EC%8B%9D_2026%EB%85%84%EB%8F%84%20%EC%83%81%EB%B0%98%EA%B8%B0%20%EA%B5%AC%EC%A1%B0%EA%B3%A0%EB%8F%84%ED%99%94%EC%9E%90%EA%B8%88%20%EC%A7%80%EC%9B%90.hwp / 202603231509150389.hwp: 404 Client Error: Not Found for url: https://www.bizinfo.go.kr/sii/siia/202603231509150389.hwp,https://www.bizinfo.go.kr/sii/siia/selectSIIA200Detail.do?pblancId=PBLN_000000000119836
PBLN_000000000119851,[경북] 안동시 2026년 로케이션 제작지원 사업 공고,경상북도,fetched,url,needs_review,selected_candidate_missing,금액 후보는 있으나 대표금액을 선택하지 못함,old_amount_without_new_selected_amount,100000.0,support_amount,subtract,7,,,,0.6,2112,5098,공고문(안동).pdf: 400 Client Error: Bad Request for url: https://www.bizinfo.go.kr/sii/siia/%EA%B3%B5%EA%B3%A0%EB%AC%B8(%EC%95%88%EB%8F%99).pdf / 202603241058010162.pdf: 404 Client Error: Not Found for url: https://www.bizinfo.go.kr/sii/siia/202603241058010162.pdf / 202603241058050596.hwpx: 404 Client Error: Not Found for url: https://www.bizinfo.go.kr/sii/siia/202603241058050596.hwpx / 신청서(안동).hwpx: 400 Client Error: Bad Request for url: https://www.bizinfo.go.kr/sii/siia/%EC%8B%A0%EC%B2%AD%EC%84%9C(%EC%95%88%EB%8F%99).hwpx,https://www.bizinfo.go.kr/sii/siia/selectSIIA200Detail.do?pblancId=PBLN_000000000119851
PBLN_000000000119852,[경북] 2026년 로케이션 제작지원 사업 공고,경상북도,fetched,url,needs_review,selected_candidate_missing,금액 후보는 있으나 대표금액을 선택하지 못함,old_amount_without_new_selected_amount,100000.0,support_amount,subtract,7,,,,0.7,2100,5117,공고문(경북).pdf: 400 Client Error: Bad Request for url: https://www.bizinfo.go.kr/sii/siia/%EA%B3%B5%EA%B3%A0%EB%AC%B8(%EA%B2%BD%EB%B6%81).pdf / 202603241110390086.pdf: 404 Client Error: Not Found for url: https://www.bizinfo.go.kr/sii/siia/202603241110390086.pdf / 202603241110340672.hwpx: 404 Client Error: Not Found for url: https://www.bizinfo.go.kr/sii/siia/202603241110340672.hwpx / 신청서(경북).hwpx: 400 Client Error: Bad Request for url: https://www.bizinfo.go.kr/sii/siia/%EC%8B%A0%EC%B2%AD%EC%84%9C(%EA%B2%BD%EB%B6%81).hwpx,https://www.bizinfo.go.kr/sii/siia/selectSIIA200Detail.do?pblancId=PBLN_000000000119852
PBLN_000000000119881,[제주] 2026년 어업활동지원 사업 대상자 모집 공고,제주특별자치도,fetched,url,needs_review,selected_candidate_missing,금액 후보는 있으나 대표금액을 선택하지 못함,old_amount_without_new_selected_amount,1440.0,support_amount,subtract,2,,,,0.2,1507,8910,2026년 어업활동지원 사업 대상자 모집 공고.hwp: 400 Client Error: Bad Request for url: https://www.bizinfo.go.kr/sii/siia/2026%EB%85%84%20%EC%96%B4%EC%97%85%ED%99%9C%EB%8F%99%EC%A7%80%EC%9B%90%20%EC%82%AC%EC%97%85%20%EB%8C%80%EC%83%81%EC%9E%90%20%EB%AA%A8%EC%A7%91%20%EA%B3%B5%EA%B3%A0.hwp / 202603241422340508.hwp: 404 Client Error: Not Found for url: https://www.bizinfo.go.kr/sii/siia/202603241422340508.hwp,https://www.bizinfo.go.kr/sii/siia/selectSIIA200Detail.do?pblancId=PBLN_000000000119881
PBLN_000000000119904,[충북] 2026년 산업체 방사광가속기 활용 역량강화사업 산업체 방사광가속기 활용 프로그램 참여기업 모집 공고,충청북도,fetched,url,needs_review,selected_candidate_missing,금액 후보는 있으나 대표금액을 선택하지 못함,,,support_ratio,ratio_cap,1,,,,1.0,2316,7047,붙임 1. 공고문.pdf: 400 Client Error: Bad Request for url: https://www.bizinfo.go.kr/sii/siia/%EB%B6%99%EC%9E%84%201.%20%EA%B3%B5%EA%B3%A0%EB%AC%B8.pdf / 202603251014150819.pdf: 404 Client Error: Not Found for url: https://www.bizinfo.go.kr/sii/siia/202603251014150819.pdf / 붙임 2. 방사광가속기 활용 지원프로그램 참가신청서(서식).hwp: 400 Client Error: Bad Request for url: https://www.bizinfo.go.kr/sii/siia/%EB%B6%99%EC%9E%84%202.%20%EB%B0%A9%EC%82%AC%EA%B4%91%EA%B0%80%EC%86%8D%EA%B8%B0%20%ED%99%9C%EC%9A%A9%20%EC%A7%80%EC%9B%90%ED%94%84%EB%A1%9C%EA%B7%B8%EB%9E%A8%20%EC%B0%B8%EA%B0%80%EC%8B%A0%EC%B2%AD%EC%84%9C(%EC%84%9C%EC%8B%9D).hwp / 202603251014200515.hwp: 404 Client Error: Not Found for url: https://www.bizinfo.go.kr/sii/siia/202603251014200515.hwp,https://www.bizinfo.go.kr/sii/siia/selectSIIA200Detail.do?pblancId=PBLN_000000000119904
PBLN_000000000119910,2026년 정보보호제품 신속확인 신규 제품 수수료  지원 사업 안내 공고,과학기술정보통신부,fetched,url,needs_review,selected_context_has_risk_keyword,선택 후보 주변에 총사업비/자부담 등 위험 키워드가 있음,,1000.0,support_amount,subtract,4,1000.0,support_amount,subtract,,2234,3203,[안내문]2026년 신속확인 신규제품 수수료 지원.pdf: 400 Client Error: Bad Request for url: https://www.bizinfo.go.kr/sii/siia/%5B%EC%95%88%EB%82%B4%EB%AC%B8%5D2026%EB%85%84%20%EC%8B%A0%EC%86%8D%ED%99%95%EC%9D%B8%20%EC%8B%A0%EA%B7%9C%EC%A0%9C%ED%92%88%20%EC%88%98%EC%88%98%EB%A3%8C%20%EC%A7%80%EC%9B%90.pdf / 202603251102540117.pdf: 404 Client Error: Not Found for url: https://www.bizinfo.go.kr/sii/siia/202603251102540117.pdf / 정보보호제품 신속확인 신규 제품 지원사업 신청서 및 설문지.hwpx: 400 Client Error: Bad Request for url: https://www.bizinfo.go.kr/sii/siia/%EC%A0%95%EB%B3%B4%EB%B3%B4%ED%98%B8%EC%A0%9C%ED%92%88%20%EC%8B%A0%EC%86%8D%ED%99%95%EC%9D%B8%20%EC%8B%A0%EA%B7%9C%20%EC%A0%9C%ED%92%88%20%EC%A7%80%EC%9B%90%EC%82%AC%EC%97%85%20%EC%8B%A0%EC%B2%AD%EC%84%9C%20%EB%B0%8F%20%EC%84%A4%EB%AC%B8%EC%A7%80.hwpx / 202603251106180596.hwpx: 404 Client Error: Not Found for url: https://www.bizinfo.go.kr/sii/siia/202603251106180596.hwpx / form: invalid response,https://www.bizinfo.go.kr/sii/siia/selectSIIA200Detail.do?pblancId=PBLN_000000000119910
PBLN_000000000119953,[부산] 제조산업 산업전환을 통한 혁신성장 지원 사업 참여 기업 모집 공고,부산광역시,fetched,url,safe,clear_selected_candidate,대표금액 후보가 명확함,,4000.0,support_amount,subtract,18,4000.0,support_amount,subtract,,1818,24131,[공고문] 부산 제조산업 산업전환을 통한 혁신성장 지원 사업_수정.pdf: 400 Client Error: Bad Request for url: https://www.bizinfo.go.kr/sii/siia/%5B%EA%B3%B5%EA%B3%A0%EB%AC%B8%5D%20%EB%B6%80%EC%82%B0%20%EC%A0%9C%EC%A1%B0%EC%82%B0%EC%97%85%20%EC%82%B0%EC%97%85%EC%A0%84%ED%99%98%EC%9D%84%20%ED%86%B5%ED%95%9C%20%ED%98%81%EC%8B%A0%EC%84%B1%EC%9E%A5%20%EC%A7%80%EC%9B%90%20%EC%82%AC%EC%97%85_%EC%88%98%EC%A0%95.pdf / 202603251746550722.pdf: 404 Client Error: Not Found for url: https://www.bizinfo.go.kr/sii/siia/202603251746550722.pdf / [공고문] 부산 제조산업 산업전환을 통한 혁신성장 지원 사업_수정.hwp: 400 Client Error: Bad Request for url: https://www.bizinfo.go.kr/sii/siia/%5B%EA%B3%B5%EA%B3%A0%EB%AC%B8%5D%20%EB%B6%80%EC%82%B0%20%EC%A0%9C%EC%A1%B0%EC%82%B0%EC%97%85%20%EC%82%B0%EC%97%85%EC%A0%84%ED%99%98%EC%9D%84%20%ED%86%B5%ED%95%9C%20%ED%98%81%EC%8B%A0%EC%84%B1%EC%9E%A5%20%EC%A7%80%EC%9B%90%20%EC%82%AC%EC%97%85_%EC%88%98%EC%A0%95.hwp / 202603251743450281.hwp: 404 Client Error: Not Found for url: https://www.bizinfo.go.kr/sii/siia/202603251743450281.hwp,https://www.bizinfo.go.kr/sii/siia/selectSIIA200Detail.do?pblancId=PBLN_000000000119953
PBLN_000000000119957,[부산] 기계ㆍ부품ㆍ철강산업 숙련기술자 고용안정 지원사업 참여 기업 및 참여자 모집 공고,부산광역시,fetched,url,needs_review,large_amount_delta,기존 금액과 새 대표금액 차이가 큼,"amount_delta_20_percent:old=750,new=2250",750.0,support_amount,subtract,14,2250.0,support_amount,subtract,,1765,12064,[공고문] 부산 기계·부품·철강산업 숙련기술자 고용안정 지원사업.hwp: 400 Client Error: Bad Request for url: https://www.bizinfo.go.kr/sii/siia/%5B%EA%B3%B5%EA%B3%A0%EB%AC%B8%5D%20%EB%B6%80%EC%82%B0%20%EA%B8%B0%EA%B3%84%C2%B7%EB%B6%80%ED%92%88%C2%B7%EC%B2%A0%EA%B0%95%EC%82%B0%EC%97%85%20%EC%88%99%EB%A0%A8%EA%B8%B0%EC%88%A0%EC%9E%90%20%EA%B3%A0%EC%9A%A9%EC%95%88%EC%A0%95%20%EC%A7%80%EC%9B%90%EC%82%AC%EC%97%85.hwp / 202603251529010839.hwp: 404 Client Error: Not Found for url: https://www.bizinfo.go.kr/sii/siia/202603251529010839.hwp,https://www.bizinfo.go.kr/sii/siia/selectSIIA200Detail.do?pblancId=PBLN_000000000119957
PBLN_000000000119976,2026년 해양 연구 시설ㆍ장비 사용료 지원사업 모집 공고,해양수산부,fetched,url,needs_review,selected_candidate_missing,금액 후보는 있으나 대표금액을 선택하지 못함,old_amount_without_new_selected_amount,1000.0,support_ratio,ratio_cap,1,,,,1.0,1654,1307,붙임1_2026년 해양수산 연구 시설 장비 사용료 지원사업 _공고문_홈페이지용 (1).pdf: 400 Client Error: Bad Request for url: https://www.bizinfo.go.kr/sii/siia/%EB%B6%99%EC%9E%841_2026%EB%85%84%20%ED%95%B4%EC%96%91%EC%88%98%EC%82%B0%20%EC%97%B0%EA%B5%AC%20%EC%8B%9C%EC%84%A4%20%EC%9E%A5%EB%B9%84%20%EC%82%AC%EC%9A%A9%EB%A3%8C%20%EC%A7%80%EC%9B%90%EC%82%AC%EC%97%85%20_%EA%B3%B5%EA%B3%A0%EB%AC%B8_%ED%99%88%ED%8E%98%EC%9D%B4%EC%A7%80%EC%9A%A9%20(1).pdf / 202603261113150316.pdf: 404 Client Error: Not Found for url: https://www.bizinfo.go.kr/sii/siia/202603261113150316.pdf,https://www.bizinfo.go.kr/sii/siia/selectSIIA200Detail.do?pblancId=PBLN_000000000119976
PBLN_000000000119978,[경북] 2026년 OK FTA 컨설팅 지원사업 모집 공고(경북FTA통상진흥센터),경상북도,fetched,url,needs_review,selected_candidate_missing,금액 후보는 있으나 대표금액을 선택하지 못함,old_amount_without_new_selected_amount,15000000.0,support_amount,subtract,5,,,,0.4,2062,4193,지원사업 안내(안).hwp: 400 Client Error: Bad Request for url: https://www.bizinfo.go.kr/sii/siia/%EC%A7%80%EC%9B%90%EC%82%AC%EC%97%85%20%EC%95%88%EB%82%B4(%EC%95%88).hwp / 202603261116160924.hwp: 404 Client Error: Not Found for url: https://www.bizinfo.go.kr/sii/siia/202603261116160924.hwp / 202603261125300215.hwp: 404 Client Error: Not Found for url: https://www.bizinfo.go.kr/sii/siia/202603261125300215.hwp / 2026년도 OK FTA 컨설팅 사업 참여 신청서.hwp: 400 Client Error: Bad Request for url: https://www.bizinfo.go.kr/sii/siia/2026%EB%85%84%EB%8F%84%20OK%20FTA%20%EC%BB%A8%EC%84%A4%ED%8C%85%20%EC%82%AC%EC%97%85%20%EC%B0%B8%EC%97%AC%20%EC%8B%A0%EC%B2%AD%EC%84%9C.hwp,https://www.bizinfo.go.kr/sii/siia/selectSIIA200Detail.do?pblancId=PBLN_000000000119978
PBLN_000000000120006,[서울] 2026년 노동환경개선컨설팅 사업 대상 모집 공고,서울특별시,fetched,url,needs_review,selected_candidate_missing,금액 후보는 있으나 대표금액을 선택하지 못함,old_amount_without_new_selected_amount,100000.0,support_amount,subtract,2,,,,,1609,2837,공고문(2026-902 2026년 노동환경개선컨설팅).hwpx: 400 Client Error: Bad Request for url: https://www.bizinfo.go.kr/sii/siia/%EA%B3%B5%EA%B3%A0%EB%AC%B8(2026-902%202026%EB%85%84%20%EB%85%B8%EB%8F%99%ED%99%98%EA%B2%BD%EA%B0%9C%EC%84%A0%EC%BB%A8%EC%84%A4%ED%8C%85).hwpx / 202603261431410746.hwpx: 404 Client Error: Not Found for url: https://www.bizinfo.go.kr/sii/siia/202603261431410746.hwpx,https://www.bizinfo.go.kr/sii/siia/selectSIIA200Detail.do?pblancId=PBLN_000000000120006
PBLN_000000000120012,[경기] 2026년 공동활용 연구장비 사용료 지원 기업 모집 공고,경기도,fetched,url,needs_review,large_amount_delta,기존 금액과 새 대표금액 차이가 큼,"amount_delta_20_percent:old=10000,new=500",10000.0,support_amount,subtract,10,500.0,support_amount,subtract,0.2,2163,17030,2026-694_(공고문) 2026년 경기도 공동활용 연구장비 사용료 지원 기업 모집공고+.pdf: 400 Client Error: Bad Request for url: https://www.bizinfo.go.kr/sii/siia/2026-694_(%EA%B3%B5%EA%B3%A0%EB%AC%B8)%202026%EB%85%84%20%EA%B2%BD%EA%B8%B0%EB%8F%84%20%EA%B3%B5%EB%8F%99%ED%99%9C%EC%9A%A9%20%EC%97%B0%EA%B5%AC%EC%9E%A5%EB%B9%84%20%EC%82%AC%EC%9A%A9%EB%A3%8C%20%EC%A7%80%EC%9B%90%20%EA%B8%B0%EC%97%85%20%EB%AA%A8%EC%A7%91%EA%B3%B5%EA%B3%A0+.pdf / 202603261514390494.pdf: 404 Client Error: Not Found for url: https://www.bizinfo.go.kr/sii/siia/202603261514390494.pdf / 2026-694_[서식1-9] 경기도 공동활용 연구장비 사용료 지원 신청서 및 관련 서류.hwpx: 400 Client Error: Bad Request for url: https://www.bizinfo.go.kr/sii/siia/2026-694_%5B%EC%84%9C%EC%8B%9D1-9%5D%20%EA%B2%BD%EA%B8%B0%EB%8F%84%20%EA%B3%B5%EB%8F%99%ED%99%9C%EC%9A%A9%20%EC%97%B0%EA%B5%AC%EC%9E%A5%EB%B9%84%20%EC%82%AC%EC%9A%A9%EB%A3%8C%20%EC%A7%80%EC%9B%90%20%EC%8B%A0%EC%B2%AD%EC%84%9C%20%EB%B0%8F%20%EA%B4%80%EB%A0%A8%20%EC%84%9C%EB%A5%98.hwpx / 202603261513240903.hwpx: 404 Client Error: Not Found for url: https://www.bizinfo.go.kr/sii/siia/202603261513240903.hwpx,https://www.bizinfo.go.kr/sii/siia/selectSIIA200Detail.do?pblancId=PBLN_000000000120012
PBLN_000000000120097,2026년 데이터 품질인증 지원사업 공고,과학기술정보통신부,fetched,url,safe,clear_selected_candidate,대표금액 후보가 명확함,,1150.0,support_amount,subtract,43,1150.0,support_amount,subtract,0.5,2287,20149,5.+2025년+데이터+품질인증+지원사업+민간부담금+계산기.xlsx: 400 Client Error: Bad Request for url: https://www.bizinfo.go.kr/sii/siia/5.+2025%EB%85%84+%EB%8D%B0%EC%9D%B4%ED%84%B0+%ED%92%88%EC%A7%88%EC%9D%B8%EC%A6%9D+%EC%A7%80%EC%9B%90%EC%82%AC%EC%97%85+%EB%AF%BC%EA%B0%84%EB%B6%80%EB%8B%B4%EA%B8%88+%EA%B3%84%EC%82%B0%EA%B8%B0.xlsx / 202603301003560642.xlsx: 404 Client Error: Not Found for url: https://www.bizinfo.go.kr/sii/siia/202603301003560642.xlsx / 1.+2026년+데이터+품질인증+지원사업+공고문.hwp: 400 Client Error: Bad Request for url: https://www.bizinfo.go.kr/sii/siia/1.+2026%EB%85%84+%EB%8D%B0%EC%9D%B4%ED%84%B0+%ED%92%88%EC%A7%88%EC%9D%B8%EC%A6%9D+%EC%A7%80%EC%9B%90%EC%82%AC%EC%97%85+%EA%B3%B5%EA%B3%A0%EB%AC%B8.hwp / 2.+2026년+데이터+품질인증+지원사업+공모안내서.hwp: 400 Client Error: Bad Request for url: https://www.bizinfo.go.kr/sii/siia/2.+2026%EB%85%84+%EB%8D%B0%EC%9D%B4%ED%84%B0+%ED%92%88%EC%A7%88%EC%9D%B8%EC%A6%9D+%EC%A7%80%EC%9B%90%EC%82%AC%EC%97%85+%EA%B3%B5%EB%AA%A8%EC%95%88%EB%82%B4%EC%84%9C.hwp / 3.+2026년+데이터+품질인증+지원사업+별지서식.hwp: 400 Client Error: Bad Request for url: https://www.bizinfo.go.kr/sii/siia/3.+2026%EB%85%84+%EB%8D%B0%EC%9D%B4%ED%84%B0+%ED%92%88%EC%A7%88%EC%9D%B8%EC%A6%9D+%EC%A7%80%EC%9B%90%EC%82%AC%EC%97%85+%EB%B3%84%EC%A7%80%EC%84%9C%EC%8B%9D.hwp / 202603301003560494.hwp: 404 Client Error: Not Found for url: https://www.bizinfo.go.kr/sii/siia/202603301003560494.hwp / 202603301003560874.hwp: 404 Client Error: Not Found for url: https://www.bizinfo.go.kr/sii/siia/202603301003560874.hwp / 202603301004000390.hwp: 404 Client Error: Not Found for url: https://www.bizinfo.go.kr/sii/siia/202603301004000390.hwp,https://www.bizinfo.go.kr/sii/siia/selectSIIA200Detail.do?pblancId=PBLN_000000000120097
PBLN_000000000120113,중소기업 전파 공동엔지니어링랩 운영지원 사업 공고,과학기술정보통신부,fetched,url,needs_review,candidate_missing,금액 후보 자체를 찾지 못함,,,support_ratio,ratio_cap,0,,,,,2398,1408,중소기업 전파 공동엔지니어링랩 운영지원 사업_본문출력파일.hwp: 400 Client Error: Bad Request for url: https://www.bizinfo.go.kr/sii/siia/%EC%A4%91%EC%86%8C%EA%B8%B0%EC%97%85%20%EC%A0%84%ED%8C%8C%20%EA%B3%B5%EB%8F%99%EC%97%94%EC%A7%80%EB%8B%88%EC%96%B4%EB%A7%81%EB%9E%A9%20%EC%9A%B4%EC%98%81%EC%A7%80%EC%9B%90%20%EC%82%AC%EC%97%85_%EB%B3%B8%EB%AC%B8%EC%B6%9C%EB%A0%A5%ED%8C%8C%EC%9D%BC.hwp / 202603301322560545.hwp: 404 Client Error: Not Found for url: https://www.bizinfo.go.kr/sii/siia/202603301322560545.hwp,https://www.bizinfo.go.kr/sii/siia/selectSIIA200Detail.do?pblancId=PBLN_000000000120113
PBLN_000000000120123,2026년 금융 테스트베드 참여기업 테스트비용 지원 공고,금융위원회,fetched,url,needs_review,large_amount_delta,기존 금액과 새 대표금액 차이가 큼,"type_changed:support_amount->subsidy | amount_delta_20_percent:old=15000,new=12000",15000.0,support_amount,subtract,7,12000.0,subsidy,subtract,1.0,1794,20658,2026년 금융 테스트베드 참여기업 테스트비용 지원 공고.pdf: 400 Client Error: Bad Request for url: https://www.bizinfo.go.kr/sii/siia/2026%EB%85%84%20%EA%B8%88%EC%9C%B5%20%ED%85%8C%EC%8A%A4%ED%8A%B8%EB%B2%A0%EB%93%9C%20%EC%B0%B8%EC%97%AC%EA%B8%B0%EC%97%85%20%ED%85%8C%EC%8A%A4%ED%8A%B8%EB%B9%84%EC%9A%A9%20%EC%A7%80%EC%9B%90%20%EA%B3%B5%EA%B3%A0.pdf / 202603301357370478.pdf: 404 Client Error: Not Found for url: https://www.bizinfo.go.kr/sii/siia/202603301357370478.pdf / (양식)테스트비용 예산 계획서.xlsx: 400 Client Error: Bad Request for url: https://www.bizinfo.go.kr/sii/siia/(%EC%96%91%EC%8B%9D)%ED%85%8C%EC%8A%A4%ED%8A%B8%EB%B9%84%EC%9A%A9%20%EC%98%88%EC%82%B0%20%EA%B3%84%ED%9A%8D%EC%84%9C.xlsx / 202603301357270805.xlsx: 404 Client Error: Not Found for url: https://www.bizinfo.go.kr/sii/siia/202603301357270805.xlsx / (양식)테스트비용 지원 신청서.hwp: 400 Client Error: Bad Request for url: https://www.bizinfo.go.kr/sii/siia/(%EC%96%91%EC%8B%9D)%ED%85%8C%EC%8A%A4%ED%8A%B8%EB%B9%84%EC%9A%A9%20%EC%A7%80%EC%9B%90%20%EC%8B%A0%EC%B2%AD%EC%84%9C.hwp / (양식)참여인력 업무수행 계획서.hwp: 400 Client Error: Bad Request for url: https://www.bizinfo.go.kr/sii/siia/(%EC%96%91%EC%8B%9D)%EC%B0%B8%EC%97%AC%EC%9D%B8%EB%A0%A5%20%EC%97%85%EB%AC%B4%EC%88%98%ED%96%89%20%EA%B3%84%ED%9A%8D%EC%84%9C.hwp / 202603301357270702.hwp: 404 Client Error: Not Found for url: https://www.bizinfo.go.kr/sii/siia/202603301357270702.hwp / 202603301357270886.hwp: 404 Client Error: Not Found for url: https://www.bizinfo.go.kr/sii/siia/202603301357270886.hwp / (양식)참여인력 업무수행 계획서.hwp: HWP extraction quality_failed,https://www.bizinfo.go.kr/sii/siia/selectSIIA200Detail.do?pblancId=PBLN_000000000120123
PBLN_000000000120134,[전남광주] 2026년 평동산업단지 중소기업 보증료 지원사업 공고,전남광주통합특별시,fetched,url,safe,clear_selected_candidate,대표금액 후보가 명확함,type_changed:support_amount->guarantee | roi_method_changed:subtract->exclude,100.0,support_amount,subtract,3,100.0,guarantee,exclude,0.3,1494,4430,(공고)2026년+평동산업단지+중소기업+보증료+지원사업+공고문.hwp: 400 Client Error: Bad Request for url: https://www.bizinfo.go.kr/sii/siia/(%EA%B3%B5%EA%B3%A0)2026%EB%85%84+%ED%8F%89%EB%8F%99%EC%82%B0%EC%97%85%EB%8B%A8%EC%A7%80+%EC%A4%91%EC%86%8C%EA%B8%B0%EC%97%85+%EB%B3%B4%EC%A6%9D%EB%A3%8C+%EC%A7%80%EC%9B%90%EC%82%AC%EC%97%85+%EA%B3%B5%EA%B3%A0%EB%AC%B8.hwp / (붙임)2026년+평동산업단지+중소기업+보증료+지원사업.hwp: 400 Client Error: Bad Request for url: https://www.bizinfo.go.kr/sii/siia/(%EB%B6%99%EC%9E%84)2026%EB%85%84+%ED%8F%89%EB%8F%99%EC%82%B0%EC%97%85%EB%8B%A8%EC%A7%80+%EC%A4%91%EC%86%8C%EA%B8%B0%EC%97%85+%EB%B3%B4%EC%A6%9D%EB%A3%8C+%EC%A7%80%EC%9B%90%EC%82%AC%EC%97%85.hwp / 202603301444350453.hwp: 404 Client Error: Not Found for url: https://www.bizinfo.go.kr/sii/siia/202603301444350453.hwp / 202603301444400049.hwp: 404 Client Error: Not Found for url: https://www.bizinfo.go.kr/sii/siia/202603301444400049.hwp,https://www.bizinfo.go.kr/sii/siia/selectSIIA200Detail.do?pblancId=PBLN_000000000120134
PBLN_000000000120135,[전남광주] 2026년 하남산업단지 중소기업 보증료 지원사업 공고,전남광주통합특별시,fetched,url,safe,clear_selected_candidate,대표금액 후보가 명확함,type_changed:support_amount->guarantee | roi_method_changed:subtract->exclude,100.0,support_amount,subtract,3,100.0,guarantee,exclude,0.3,1499,4449,2026년+하남산업단지+중소기업+보증료+지원사업+공고문.hwp: 400 Client Error: Bad Request for url: https://www.bizinfo.go.kr/sii/siia/2026%EB%85%84+%ED%95%98%EB%82%A8%EC%82%B0%EC%97%85%EB%8B%A8%EC%A7%80+%EC%A4%91%EC%86%8C%EA%B8%B0%EC%97%85+%EB%B3%B4%EC%A6%9D%EB%A3%8C+%EC%A7%80%EC%9B%90%EC%82%AC%EC%97%85+%EA%B3%B5%EA%B3%A0%EB%AC%B8.hwp / 2026년+하남산업단지+중소기업+보증료+지원신청서+등(서식1~3).hwp: 400 Client Error: Bad Request for url: https://www.bizinfo.go.kr/sii/siia/2026%EB%85%84+%ED%95%98%EB%82%A8%EC%82%B0%EC%97%85%EB%8B%A8%EC%A7%80+%EC%A4%91%EC%86%8C%EA%B8%B0%EC%97%85+%EB%B3%B4%EC%A6%9D%EB%A3%8C+%EC%A7%80%EC%9B%90%EC%8B%A0%EC%B2%AD%EC%84%9C+%EB%93%B1(%EC%84%9C%EC%8B%9D1~3).hwp / 202603301450580363.hwp: 404 Client Error: Not Found for url: https://www.bizinfo.go.kr/sii/siia/202603301450580363.hwp / 202603301451110290.hwp: 404 Client Error: Not Found for url: https://www.bizinfo.go.kr/sii/siia/202603301451110290.hwp,https://www.bizinfo.go.kr/sii/siia/selectSIIA200Detail.do?pblancId=PBLN_000000000120135
PBLN_000000000120170,2026년 중소기업 기술분쟁 소송보험 지원사업 공고,중소벤처기업부,fetched,url,needs_review,selected_candidate_missing,금액 후보는 있으나 대표금액을 선택하지 못함,old_amount_without_new_selected_amount,5000.0,support_amount,subtract,17,,,,0.8,1639,10955,2026년_중소기업_기술분쟁_소송보험_지원사업_공고.pdf: 400 Client Error: Bad Request for url: https://www.bizinfo.go.kr/sii/siia/2026%EB%85%84_%EC%A4%91%EC%86%8C%EA%B8%B0%EC%97%85_%EA%B8%B0%EC%88%A0%EB%B6%84%EC%9F%81_%EC%86%8C%EC%86%A1%EB%B3%B4%ED%97%98_%EC%A7%80%EC%9B%90%EC%82%AC%EC%97%85_%EA%B3%B5%EA%B3%A0.pdf / 202603311129100553.pdf: 404 Client Error: Not Found for url: https://www.bizinfo.go.kr/sii/siia/202603311129100553.pdf,https://www.bizinfo.go.kr/sii/siia/selectSIIA200Detail.do?pblancId=PBLN_000000000120170
PBLN_000000000120201,[경기] 포천시 2026년 신소재개발 프로그램 지원사업 모집 공고,경기도,fetched,url,needs_review,selected_candidate_missing,금액 후보는 있으나 대표금액을 선택하지 못함,old_amount_without_new_selected_amount,73.0,support_amount,subtract,1,,,,,2190,2996,(공고문)_2026년_포천시_신소재개발_프로그램_지원사업_모집공고_20260303.hwp: 400 Client Error: Bad Request for url: https://www.bizinfo.go.kr/sii/siia/(%EA%B3%B5%EA%B3%A0%EB%AC%B8)_2026%EB%85%84_%ED%8F%AC%EC%B2%9C%EC%8B%9C_%EC%8B%A0%EC%86%8C%EC%9E%AC%EA%B0%9C%EB%B0%9C_%ED%94%84%EB%A1%9C%EA%B7%B8%EB%9E%A8_%EC%A7%80%EC%9B%90%EC%82%AC%EC%97%85_%EB%AA%A8%EC%A7%91%EA%B3%B5%EA%B3%A0_20260303.hwp / 202603311456140531.hwp: 404 Client Error: Not Found for url: https://www.bizinfo.go.kr/sii/siia/202603311456140531.hwp,https://www.bizinfo.go.kr/sii/siia/selectSIIA200Detail.do?pblancId=PBLN_000000000120201
PBLN_000000000120215,2026년 산업ㆍ일자리전환 컨설팅 참여기업 모집 공고,고용노동부,fetched,url,needs_review,candidate_missing,금액 후보 자체를 찾지 못함,,,unknown,recommend_only,0,,,,,2276,6137,202604011024120233.pdf: 404 Client Error: Not Found for url: https://www.bizinfo.go.kr/sii/siia/202604011024120233.pdf / 202604011024150304.pdf: 404 Client Error: Not Found for url: https://www.bizinfo.go.kr/sii/siia/202604011024150304.pdf / 리플릿_2026년 산업일자리전환 컨설팅_KSA.pdf: 400 Client Error: Bad Request for url: https://www.bizinfo.go.kr/sii/siia/%EB%A6%AC%ED%94%8C%EB%A6%BF_2026%EB%85%84%20%EC%82%B0%EC%97%85%EC%9D%BC%EC%9E%90%EB%A6%AC%EC%A0%84%ED%99%98%20%EC%BB%A8%EC%84%A4%ED%8C%85_KSA.pdf / 포스터_2026년 산업일자리전환 컨설팅_KSA.pdf: 400 Client Error: Bad Request for url: https://www.bizinfo.go.kr/sii/siia/%ED%8F%AC%EC%8A%A4%ED%84%B0_2026%EB%85%84%20%EC%82%B0%EC%97%85%EC%9D%BC%EC%9E%90%EB%A6%AC%EC%A0%84%ED%99%98%20%EC%BB%A8%EC%84%A4%ED%8C%85_KSA.pdf / 202604011024120131.hwp: 404 Client Error: Not Found for url: https://www.bizinfo.go.kr/sii/siia/202604011024120131.hwp / 신청서_2026년 산업일자리전환 컨설팅_KSA.hwp: 400 Client Error: Bad Request for url: https://www.bizinfo.go.kr/sii/siia/%EC%8B%A0%EC%B2%AD%EC%84%9C_2026%EB%85%84%20%EC%82%B0%EC%97%85%EC%9D%BC%EC%9E%90%EB%A6%AC%EC%A0%84%ED%99%98%20%EC%BB%A8%EC%84%A4%ED%8C%85_KSA.hwp / 포스터_2026년 산업일자리전환 컨설팅_KSA.pdf: text extraction failed,https://www.bizinfo.go.kr/sii/siia/selectSIIA200Detail.do?pblancId=PBLN_000000000120215
PBLN_000000000120219,2026년 투자연계형 기술확보지원사업(기술검증지원) 참여기업 모집 공고,산업통상부,fetched,url,safe,clear_selected_candidate,대표금액 후보가 명확함,,6000.0,subsidy,subtract,8,6000.0,subsidy,subtract,0.8,2468,20076,첨부1. 2026년 기술확보지원사업(기술검증지원) 참여기업 모집공고_F.pdf: 400 Client Error: Bad Request for url: https://www.bizinfo.go.kr/sii/siia/%EC%B2%A8%EB%B6%801.%202026%EB%85%84%20%EA%B8%B0%EC%88%A0%ED%99%95%EB%B3%B4%EC%A7%80%EC%9B%90%EC%82%AC%EC%97%85(%EA%B8%B0%EC%88%A0%EA%B2%80%EC%A6%9D%EC%A7%80%EC%9B%90)%20%EC%B0%B8%EC%97%AC%EA%B8%B0%EC%97%85%20%EB%AA%A8%EC%A7%91%EA%B3%B5%EA%B3%A0_F.pdf / 202604011043220244.pdf: 404 Client Error: Not Found for url: https://www.bizinfo.go.kr/sii/siia/202604011043220244.pdf / 첨부2. 2026년 기술확보지원사업 신청서류.hwp: 400 Client Error: Bad Request for url: https://www.bizinfo.go.kr/sii/siia/%EC%B2%A8%EB%B6%802.%202026%EB%85%84%20%EA%B8%B0%EC%88%A0%ED%99%95%EB%B3%B4%EC%A7%80%EC%9B%90%EC%82%AC%EC%97%85%20%EC%8B%A0%EC%B2%AD%EC%84%9C%EB%A5%98.hwp / 202604011043270458.hwp: 404 Client Error: Not Found for url: https://www.bizinfo.go.kr/sii/siia/202604011043270458.hwp,https://www.bizinfo.go.kr/sii/siia/selectSIIA200Detail.do?pblancId=PBLN_000000000120219
PBLN_000000000120312,2026년 국가배터리순환클러스터실증화시설 사용자 모집 공고,기후에너지환경부,fetched,url,needs_review,selected_candidate_missing,금액 후보는 있으나 대표금액을 선택하지 못함,,,support_ratio,ratio_cap,1,,,,0.5,1679,4201,붙임1. 국가배터리순환클러스터 실증화시설 사용자 모집공고문.hwp: 400 Client Error: Bad Request for url: https://www.bizinfo.go.kr/sii/siia/%EB%B6%99%EC%9E%841.%20%EA%B5%AD%EA%B0%80%EB%B0%B0%ED%84%B0%EB%A6%AC%EC%88%9C%ED%99%98%ED%81%B4%EB%9F%AC%EC%8A%A4%ED%84%B0%20%EC%8B%A4%EC%A6%9D%ED%99%94%EC%8B%9C%EC%84%A4%20%EC%82%AC%EC%9A%A9%EC%9E%90%20%EB%AA%A8%EC%A7%91%EA%B3%B5%EA%B3%A0%EB%AC%B8.hwp / 202604021448000829.hwp: 404 Client Error: Not Found for url: https://www.bizinfo.go.kr/sii/siia/202604021448000829.hwp,https://www.bizinfo.go.kr/sii/siia/selectSIIA200Detail.do?pblancId=PBLN_000000000120312
PBLN_000000000120340,[경기] 2026년 섬유분야 유해물질 시험분석 및 인증지원 공고,경기도,fetched,url,needs_review,selected_context_has_risk_keyword,선택 후보 주변에 총사업비/자부담 등 위험 키워드가 있음,,300.0,support_amount,subtract,3,300.0,support_amount,subtract,,2084,1100,「2026년 경기도 섬유분야 유해물질 시험분석 및 인증지원」 안내문(2).pdf: 400 Client Error: Bad Request for url: https://www.bizinfo.go.kr/sii/siia/%E3%80%8C2026%EB%85%84%20%EA%B2%BD%EA%B8%B0%EB%8F%84%20%EC%84%AC%EC%9C%A0%EB%B6%84%EC%95%BC%20%EC%9C%A0%ED%95%B4%EB%AC%BC%EC%A7%88%20%EC%8B%9C%ED%97%98%EB%B6%84%EC%84%9D%20%EB%B0%8F%20%EC%9D%B8%EC%A6%9D%EC%A7%80%EC%9B%90%E3%80%8D%20%EC%95%88%EB%82%B4%EB%AC%B8(2).pdf / 202604031054090897.pdf: 404 Client Error: Not Found for url: https://www.bizinfo.go.kr/sii/siia/202604031054090897.pdf,https://www.bizinfo.go.kr/sii/siia/selectSIIA200Detail.do?pblancId=PBLN_000000000120340
PBLN_000000000120342,2026년 기업승계 M&A 활성화를 위한 컨설팅 지원사업 시행계획 공고,중소벤처기업부,fetched,url,needs_review,selected_candidate_missing,금액 후보는 있으나 대표금액을 선택하지 못함,old_amount_without_new_selected_amount,700.0,support_amount,subtract,16,,,,0.4,2540,24122,(붙임1) 2026년도 컨설팅 지원사업 시행계획 공고.hwp: 400 Client Error: Bad Request for url: https://www.bizinfo.go.kr/sii/siia/(%EB%B6%99%EC%9E%841)%202026%EB%85%84%EB%8F%84%20%EC%BB%A8%EC%84%A4%ED%8C%85%20%EC%A7%80%EC%9B%90%EC%82%AC%EC%97%85%20%EC%8B%9C%ED%96%89%EA%B3%84%ED%9A%8D%20%EA%B3%B5%EA%B3%A0.hwp / (붙임2) 2026년도 컨설팅 지원사업 시행계획 공고 첨부서식.hwp: 400 Client Error: Bad Request for url: https://www.bizinfo.go.kr/sii/siia/(%EB%B6%99%EC%9E%842)%202026%EB%85%84%EB%8F%84%20%EC%BB%A8%EC%84%A4%ED%8C%85%20%EC%A7%80%EC%9B%90%EC%82%AC%EC%97%85%20%EC%8B%9C%ED%96%89%EA%B3%84%ED%9A%8D%20%EA%B3%B5%EA%B3%A0%20%EC%B2%A8%EB%B6%80%EC%84%9C%EC%8B%9D.hwp / 202604031057350205.hwp: 404 Client Error: Not Found for url: https://www.bizinfo.go.kr/sii/siia/202604031057350205.hwp / 202604031057390511.hwp: 404 Client Error: Not Found for url: https://www.bizinfo.go.kr/sii/siia/202604031057390511.hwp,https://www.bizinfo.go.kr/sii/siia/selectSIIA200Detail.do?pblancId=PBLN_000000000120342
PBLN_000000000120375,2026년 중소기업 연구인력 현장맞춤형 양성지원사업 연구인력(R&D) 양성프로그램 참여기업 모집 공고,경기도,fetched,url,safe,clear_selected_candidate,대표금액 후보가 명확함,,1000.0,support_amount,subtract,7,1000.0,support_amount,subtract,0.5,1842,2191,2026 중소기업 연구인력 양성 프로그램 참여기업 모집 안내문.hwp: 400 Client Error: Bad Request for url: https://www.bizinfo.go.kr/sii/siia/2026%20%EC%A4%91%EC%86%8C%EA%B8%B0%EC%97%85%20%EC%97%B0%EA%B5%AC%EC%9D%B8%EB%A0%A5%20%EC%96%91%EC%84%B1%20%ED%94%84%EB%A1%9C%EA%B7%B8%EB%9E%A8%20%EC%B0%B8%EC%97%AC%EA%B8%B0%EC%97%85%20%EB%AA%A8%EC%A7%91%20%EC%95%88%EB%82%B4%EB%AC%B8.hwp / 202604031445130356.hwp: 404 Client Error: Not Found for url: https://www.bizinfo.go.kr/sii/siia/202604031445130356.hwp,https://www.bizinfo.go.kr/sii/siia/selectSIIA200Detail.do?pblancId=PBLN_000000000120375
PBLN_000000000120385,[울산] 2026년 자동차 부품업종 근로자 지역정착 지원사업 참여기업 모집 공고(지역ㆍ산업맞춤형 일자리지원 사업(자율계정)),울산광역시,fetched,url,safe,clear_selected_candidate,대표금액 후보가 명확함,,10000.0,subsidy,subtract,24,10000.0,subsidy,subtract,,1781,24124,자동차 부품업종 근로자 지역정착 지원사업 참여기업 모집공고+.pdf: 400 Client Error: Bad Request for url: https://www.bizinfo.go.kr/sii/siia/%EC%9E%90%EB%8F%99%EC%B0%A8%20%EB%B6%80%ED%92%88%EC%97%85%EC%A2%85%20%EA%B7%BC%EB%A1%9C%EC%9E%90%20%EC%A7%80%EC%97%AD%EC%A0%95%EC%B0%A9%20%EC%A7%80%EC%9B%90%EC%82%AC%EC%97%85%20%EC%B0%B8%EC%97%AC%EA%B8%B0%EC%97%85%20%EB%AA%A8%EC%A7%91%EA%B3%B5%EA%B3%A0+.pdf / 202604031516000818.pdf: 404 Client Error: Not Found for url: https://www.bizinfo.go.kr/sii/siia/202604031516000818.pdf / 자동차 부품업종 근로자 지역정착 지원사업 참여기업 모집공고.hwp: 400 Client Error: Bad Request for url: https://www.bizinfo.go.kr/sii/siia/%EC%9E%90%EB%8F%99%EC%B0%A8%20%EB%B6%80%ED%92%88%EC%97%85%EC%A2%85%20%EA%B7%BC%EB%A1%9C%EC%9E%90%20%EC%A7%80%EC%97%AD%EC%A0%95%EC%B0%A9%20%EC%A7%80%EC%9B%90%EC%82%AC%EC%97%85%20%EC%B0%B8%EC%97%AC%EA%B8%B0%EC%97%85%20%EB%AA%A8%EC%A7%91%EA%B3%B5%EA%B3%A0.hwp / 202604031515200689.hwp: 404 Client Error: Not Found for url: https://www.bizinfo.go.kr/sii/siia/202604031515200689.hwp,https://www.bizinfo.go.kr/sii/siia/selectSIIA200Detail.do?pblancId=PBLN_000000000120385
PBLN_000000000120423,2026년 로봇 재제조산업 기업지원사업(기술 자문) 공고,산업통상부,fetched,url,safe,clear_selected_candidate,대표금액 후보가 명확함,,300.0,support_amount,subtract,2,300.0,support_amount,subtract,1.0,2327,18929,붙임1. [공고문] 2026년 로봇 재제조 산업 기업지원사업기술 자문 공고.pdf: 400 Client Error: Bad Request for url: https://www.bizinfo.go.kr/sii/siia/%EB%B6%99%EC%9E%841.%20%5B%EA%B3%B5%EA%B3%A0%EB%AC%B8%5D%202026%EB%85%84%20%EB%A1%9C%EB%B4%87%20%EC%9E%AC%EC%A0%9C%EC%A1%B0%20%EC%82%B0%EC%97%85%20%EA%B8%B0%EC%97%85%EC%A7%80%EC%9B%90%EC%82%AC%EC%97%85%EA%B8%B0%EC%88%A0%20%EC%9E%90%EB%AC%B8%20%EA%B3%B5%EA%B3%A0.pdf / 202604061324490993.pdf: 404 Client Error: Not Found for url: https://www.bizinfo.go.kr/sii/siia/202604061324490993.pdf / 202604061324550798.hwp: 404 Client Error: Not Found for url: https://www.bizinfo.go.kr/sii/siia/202604061324550798.hwp / 붙임2. 기술 자문과제_서식 일체2026_수정.hwp: 400 Client Error: Bad Request for url: https://www.bizinfo.go.kr/sii/siia/%EB%B6%99%EC%9E%842.%20%EA%B8%B0%EC%88%A0%20%EC%9E%90%EB%AC%B8%EA%B3%BC%EC%A0%9C_%EC%84%9C%EC%8B%9D%20%EC%9D%BC%EC%B2%B42026_%EC%88%98%EC%A0%95.hwp,https://www.bizinfo.go.kr/sii/siia/selectSIIA200Detail.do?pblancId=PBLN_000000000120423
PBLN_000000000120459,[경남] 사천시ㆍ진주시 2026년 스마트제조 고급인력양성 사업 수요기업 모집 공고,산업통상부,fetched,url,needs_review,selected_candidate_missing,금액 후보는 있으나 대표금액을 선택하지 못함,,,unknown,recommend_only,1,,,,1.0,1984,30843,[공고문] 사천 스마트제조 고급인력양성 사업 수요기업 모집 공고+.pdf: 400 Client Error: Bad Request for url: https://www.bizinfo.go.kr/sii/siia/%5B%EA%B3%B5%EA%B3%A0%EB%AC%B8%5D%20%EC%82%AC%EC%B2%9C%20%EC%8A%A4%EB%A7%88%ED%8A%B8%EC%A0%9C%EC%A1%B0%20%EA%B3%A0%EA%B8%89%EC%9D%B8%EB%A0%A5%EC%96%91%EC%84%B1%20%EC%82%AC%EC%97%85%20%EC%88%98%EC%9A%94%EA%B8%B0%EC%97%85%20%EB%AA%A8%EC%A7%91%20%EA%B3%B5%EA%B3%A0+.pdf / 202604071037550434.pdf: 404 Client Error: Not Found for url: https://www.bizinfo.go.kr/sii/siia/202604071037550434.pdf / [공고문] 사천 스마트제조 고급인력양성 사업 수요기업 모집 공고.hwp: 400 Client Error: Bad Request for url: https://www.bizinfo.go.kr/sii/siia/%5B%EA%B3%B5%EA%B3%A0%EB%AC%B8%5D%20%EC%82%AC%EC%B2%9C%20%EC%8A%A4%EB%A7%88%ED%8A%B8%EC%A0%9C%EC%A1%B0%20%EA%B3%A0%EA%B8%89%EC%9D%B8%EB%A0%A5%EC%96%91%EC%84%B1%20%EC%82%AC%EC%97%85%20%EC%88%98%EC%9A%94%EA%B8%B0%EC%97%85%20%EB%AA%A8%EC%A7%91%20%EA%B3%B5%EA%B3%A0.hwp / 202604071037510643.hwp: 404 Client Error: Not Found for url: https://www.bizinfo.go.kr/sii/siia/202604071037510643.hwp / 202604071053290436.hwp: 404 Client Error: Not Found for url: https://www.bizinfo.go.kr/sii/siia/202604071053290436.hwp / 사천 스마트제조 고급인력양성 사업 교육 및 컨설팅 신청양식 모음.hwp: 400 Client Error: Bad Request for url: https://www.bizinfo.go.kr/sii/siia/%EC%82%AC%EC%B2%9C%20%EC%8A%A4%EB%A7%88%ED%8A%B8%EC%A0%9C%EC%A1%B0%20%EA%B3%A0%EA%B8%89%EC%9D%B8%EB%A0%A5%EC%96%91%EC%84%B1%20%EC%82%AC%EC%97%85%20%EA%B5%90%EC%9C%A1%20%EB%B0%8F%20%EC%BB%A8%EC%84%A4%ED%8C%85%20%EC%8B%A0%EC%B2%AD%EC%96%91%EC%8B%9D%20%EB%AA%A8%EC%9D%8C.hwp,https://www.bizinfo.go.kr/sii/siia/selectSIIA200Detail.do?pblancId=PBLN_000000000120459
PBLN_000000000120468,[경기] 2026년 국내ㆍ외 우수 물기술 인ㆍ검증 지원사업 참여기업 모집 공고,경기도,fetched,url,safe,clear_selected_candidate,대표금액 후보가 명확함,type_changed:support_amount->non_cash | roi_method_changed:subtract->recommend_only,600.0,support_amount,subtract,13,600.0,non_cash,recommend_only,0.5,2241,24131,2026년 국내외 우수 물기술 인검증 지원사업 참여기업 모집공고문.pdf: 400 Client Error: Bad Request for url: https://www.bizinfo.go.kr/sii/siia/2026%EB%85%84%20%EA%B5%AD%EB%82%B4%EC%99%B8%20%EC%9A%B0%EC%88%98%20%EB%AC%BC%EA%B8%B0%EC%88%A0%20%EC%9D%B8%EA%B2%80%EC%A6%9D%20%EC%A7%80%EC%9B%90%EC%82%AC%EC%97%85%20%EC%B0%B8%EC%97%AC%EA%B8%B0%EC%97%85%20%EB%AA%A8%EC%A7%91%EA%B3%B5%EA%B3%A0%EB%AC%B8.pdf / 202604071256480446.pdf: 404 Client Error: Not Found for url: https://www.bizinfo.go.kr/sii/siia/202604071256480446.pdf / 2026년 국내외 우수 물기술 인검증 지원사업 참여기업 모집공고문.hwpx: 400 Client Error: Bad Request for url: https://www.bizinfo.go.kr/sii/siia/2026%EB%85%84%20%EA%B5%AD%EB%82%B4%EC%99%B8%20%EC%9A%B0%EC%88%98%20%EB%AC%BC%EA%B8%B0%EC%88%A0%20%EC%9D%B8%EA%B2%80%EC%A6%9D%20%EC%A7%80%EC%9B%90%EC%82%AC%EC%97%85%20%EC%B0%B8%EC%97%AC%EA%B8%B0%EC%97%85%20%EB%AA%A8%EC%A7%91%EA%B3%B5%EA%B3%A0%EB%AC%B8.hwpx / 202604071256510593.hwpx: 404 Client Error: Not Found for url: https://www.bizinfo.go.kr/sii/siia/202604071256510593.hwpx,https://www.bizinfo.go.kr/sii/siia/selectSIIA200Detail.do?pblancId=PBLN_000000000120468
PBLN_000000000120495,[강원] 2026년 수요기술 발굴 및 기술멘토링 지원사업 참여기업 모집 공고(전기차 충돌 후 배터리 핵심부품 안전성 확보 지원사업),강원특별자치도,fetched,url,needs_review,selected_candidate_missing,금액 후보는 있으나 대표금액을 선택하지 못함,old_amount_without_new_selected_amount,0.0,support_amount,subtract,1,,,,,2110,5239,(공고문) 전기·수소차 분야 수요기술 발굴 및 기술멘토링 지원사업.hwp: 400 Client Error: Bad Request for url: https://www.bizinfo.go.kr/sii/siia/(%EA%B3%B5%EA%B3%A0%EB%AC%B8)%20%EC%A0%84%EA%B8%B0%C2%B7%EC%88%98%EC%86%8C%EC%B0%A8%20%EB%B6%84%EC%95%BC%20%EC%88%98%EC%9A%94%EA%B8%B0%EC%88%A0%20%EB%B0%9C%EA%B5%B4%20%EB%B0%8F%20%EA%B8%B0%EC%88%A0%EB%A9%98%ED%86%A0%EB%A7%81%20%EC%A7%80%EC%9B%90%EC%82%AC%EC%97%85.hwp / (신청서) 전기·수소차 분야 수요기술 발굴 및 기술멘토링 지원사업.hwp: 400 Client Error: Bad Request for url: https://www.bizinfo.go.kr/sii/siia/(%EC%8B%A0%EC%B2%AD%EC%84%9C)%20%EC%A0%84%EA%B8%B0%C2%B7%EC%88%98%EC%86%8C%EC%B0%A8%20%EB%B6%84%EC%95%BC%20%EC%88%98%EC%9A%94%EA%B8%B0%EC%88%A0%20%EB%B0%9C%EA%B5%B4%20%EB%B0%8F%20%EA%B8%B0%EC%88%A0%EB%A9%98%ED%86%A0%EB%A7%81%20%EC%A7%80%EC%9B%90%EC%82%AC%EC%97%85.hwp / 202604071439100707.hwp: 404 Client Error: Not Found for url: https://www.bizinfo.go.kr/sii/siia/202604071439100707.hwp / 202604071439430335.hwp: 404 Client Error: Not Found for url: https://www.bizinfo.go.kr/sii/siia/202604071439430335.hwp,https://www.bizinfo.go.kr/sii/siia/selectSIIA200Detail.do?pblancId=PBLN_000000000120495
PBLN_000000000120498,[경기] 화성시 2026년 GAP 안정성 분석 지원사업 신청 공고,경기도,fetched,url,needs_review,large_amount_delta,기존 금액과 새 대표금액 차이가 큼,"type_changed:subsidy->support_amount | amount_delta_20_percent:old=19,new=24.4",19.0,subsidy,subtract,8,24.4,support_amount,subtract,1.0,2377,21510,(사업지침서) 2026년 GAP 안전성 분석 지원.pdf: 400 Client Error: Bad Request for url: https://www.bizinfo.go.kr/sii/siia/(%EC%82%AC%EC%97%85%EC%A7%80%EC%B9%A8%EC%84%9C)%202026%EB%85%84%20GAP%20%EC%95%88%EC%A0%84%EC%84%B1%20%EB%B6%84%EC%84%9D%20%EC%A7%80%EC%9B%90.pdf / 202604071443320264.pdf: 404 Client Error: Not Found for url: https://www.bizinfo.go.kr/sii/siia/202604071443320264.pdf / 202604071443320479.hwpx: 404 Client Error: Not Found for url: https://www.bizinfo.go.kr/sii/siia/202604071443320479.hwpx / [참고] 농산물의 잔류농약 등 항목별 검사수수료.hwpx: 400 Client Error: Bad Request for url: https://www.bizinfo.go.kr/sii/siia/%5B%EC%B0%B8%EA%B3%A0%5D%20%EB%86%8D%EC%82%B0%EB%AC%BC%EC%9D%98%20%EC%9E%94%EB%A5%98%EB%86%8D%EC%95%BD%20%EB%93%B1%20%ED%95%AD%EB%AA%A9%EB%B3%84%20%EA%B2%80%EC%82%AC%EC%88%98%EC%88%98%EB%A3%8C.hwpx / GAP 안전성 분석 지원사업 보조금 청구서식.hwp: 400 Client Error: Bad Request for url: https://www.bizinfo.go.kr/sii/siia/GAP%20%EC%95%88%EC%A0%84%EC%84%B1%20%EB%B6%84%EC%84%9D%20%EC%A7%80%EC%9B%90%EC%82%AC%EC%97%85%20%EB%B3%B4%EC%A1%B0%EA%B8%88%20%EC%B2%AD%EA%B5%AC%EC%84%9C%EC%8B%9D.hwp / 공고1405호 2026 GAP 안전성 분석지원사업 신청 공고.hwp: 400 Client Error: Bad Request for url: https://www.bizinfo.go.kr/sii/siia/%EA%B3%B5%EA%B3%A01405%ED%98%B8%202026%20GAP%20%EC%95%88%EC%A0%84%EC%84%B1%20%EB%B6%84%EC%84%9D%EC%A7%80%EC%9B%90%EC%82%AC%EC%97%85%20%EC%8B%A0%EC%B2%AD%20%EA%B3%B5%EA%B3%A0.hwp / 202604071443320548.hwp: 404 Client Error: Not Found for url: https://www.bizinfo.go.kr/sii/siia/202604071443320548.hwp / 202604071443360220.hwp: 404 Client Error: Not Found for url: https://www.bizinfo.go.kr/sii/siia/202604071443360220.hwp,https://www.bizinfo.go.kr/sii/siia/selectSIIA200Detail.do?pblancId=PBLN_000000000120498
PBLN_000000000120509,[충남] 2026년 혁신기업 기술창업 활성화 지원사업 모집 공고,충청남도,fetched,url,safe,clear_selected_candidate,대표금액 후보가 명확함,,1020.0,support_amount,subtract,6,1020.0,support_amount,subtract,0.5,2103,9966,붙임1. (공고문) 2026년 충남 혁신기업 기술창업 활성화 지원사업 모집 공고.pdf: 400 Client Error: Bad Request for url: https://www.bizinfo.go.kr/sii/siia/%EB%B6%99%EC%9E%841.%20(%EA%B3%B5%EA%B3%A0%EB%AC%B8)%202026%EB%85%84%20%EC%B6%A9%EB%82%A8%20%ED%98%81%EC%8B%A0%EA%B8%B0%EC%97%85%20%EA%B8%B0%EC%88%A0%EC%B0%BD%EC%97%85%20%ED%99%9C%EC%84%B1%ED%99%94%20%EC%A7%80%EC%9B%90%EC%82%AC%EC%97%85%20%EB%AA%A8%EC%A7%91%20%EA%B3%B5%EA%B3%A0.pdf / 붙임4. (포스터) 2026년 충남 혁신기업 기술창업 활성화 지원사업 모집 공고.pdf: 400 Client Error: Bad Request for url: https://www.bizinfo.go.kr/sii/siia/%EB%B6%99%EC%9E%844.%20(%ED%8F%AC%EC%8A%A4%ED%84%B0)%202026%EB%85%84%20%EC%B6%A9%EB%82%A8%20%ED%98%81%EC%8B%A0%EA%B8%B0%EC%97%85%20%EA%B8%B0%EC%88%A0%EC%B0%BD%EC%97%85%20%ED%99%9C%EC%84%B1%ED%99%94%20%EC%A7%80%EC%9B%90%EC%82%AC%EC%97%85%20%EB%AA%A8%EC%A7%91%20%EA%B3%B5%EA%B3%A0.pdf / 202604071539470359.pdf: 404 Client Error: Not Found for url: https://www.bizinfo.go.kr/sii/siia/202604071539470359.pdf / 202604071540010500.pdf: 404 Client Error: Not Found for url: https://www.bizinfo.go.kr/sii/siia/202604071540010500.pdf / 붙임2. [기술이전] 지원 제출 서류 양식(모음).hwp: 400 Client Error: Bad Request for url: https://www.bizinfo.go.kr/sii/siia/%EB%B6%99%EC%9E%842.%20%5B%EA%B8%B0%EC%88%A0%EC%9D%B4%EC%A0%84%5D%20%EC%A7%80%EC%9B%90%20%EC%A0%9C%EC%B6%9C%20%EC%84%9C%EB%A5%98%20%EC%96%91%EC%8B%9D(%EB%AA%A8%EC%9D%8C).hwp / 붙임3. [기술가치평가] 지원 제출 서류 양식(모음).hwp: 400 Client Error: Bad Request for url: https://www.bizinfo.go.kr/sii/siia/%EB%B6%99%EC%9E%843.%20%5B%EA%B8%B0%EC%88%A0%EA%B0%80%EC%B9%98%ED%8F%89%EA%B0%80%5D%20%EC%A7%80%EC%9B%90%20%EC%A0%9C%EC%B6%9C%20%EC%84%9C%EB%A5%98%20%EC%96%91%EC%8B%9D(%EB%AA%A8%EC%9D%8C).hwp / 202604071539470530.hwp: 404 Client Error: Not Found for url: https://www.bizinfo.go.kr/sii/siia/202604071539470530.hwp / 202604071539470603.hwp: 404 Client Error: Not Found for url: https://www.bizinfo.go.kr/sii/siia/202604071539470603.hwp,https://www.bizinfo.go.kr/sii/siia/selectSIIA200Detail.do?pblancId=PBLN_000000000120509
PBLN_000000000120516,[부산] 2026년 지산학 브랜치 기업 현장솔루션 랩(lab) 참여 기업 모집 공고,부산광역시,fetched,url,needs_review,candidate_missing,금액 후보 자체를 찾지 못함,,,unknown,recommend_only,0,,,,,2153,10254,(공고문)+현장솔루션+랩(lab)+참여기업+모집+공고.pdf: 400 Client Error: Bad Request for url: https://www.bizinfo.go.kr/sii/siia/(%EA%B3%B5%EA%B3%A0%EB%AC%B8)+%ED%98%84%EC%9E%A5%EC%86%94%EB%A3%A8%EC%85%98+%EB%9E%A9(lab)+%EC%B0%B8%EC%97%AC%EA%B8%B0%EC%97%85+%EB%AA%A8%EC%A7%91+%EA%B3%B5%EA%B3%A0.pdf / 202604071646300296.pdf: 404 Client Error: Not Found for url: https://www.bizinfo.go.kr/sii/siia/202604071646300296.pdf / (공고문)+현장솔루션+랩(lab)+참여기업+모집+공고.hwp: 400 Client Error: Bad Request for url: https://www.bizinfo.go.kr/sii/siia/(%EA%B3%B5%EA%B3%A0%EB%AC%B8)+%ED%98%84%EC%9E%A5%EC%86%94%EB%A3%A8%EC%85%98+%EB%9E%A9(lab)+%EC%B0%B8%EC%97%AC%EA%B8%B0%EC%97%85+%EB%AA%A8%EC%A7%91+%EA%B3%B5%EA%B3%A0.hwp / 202604071646350332.hwp: 404 Client Error: Not Found for url: https://www.bizinfo.go.kr/sii/siia/202604071646350332.hwp,https://www.bizinfo.go.kr/sii/siia/selectSIIA200Detail.do?pblancId=PBLN_000000000120516
PBLN_000000000120527,2026년 스마트 전자약 종합지원센터 인허가 지원 기업 상시 모집 공고,보건복지부,fetched,url,needs_review,selected_candidate_missing,금액 후보는 있으나 대표금액을 선택하지 못함,,,unknown,recommend_only,1,,,,,2005,5045,붙임 1. 2026년 「스마트 전자약 사업화 종합지원센터」 인허가 지원 기업 상시 모집 공고문.pdf: 400 Client Error: Bad Request for url: https://www.bizinfo.go.kr/sii/siia/%EB%B6%99%EC%9E%84%201.%202026%EB%85%84%20%E3%80%8C%EC%8A%A4%EB%A7%88%ED%8A%B8%20%EC%A0%84%EC%9E%90%EC%95%BD%20%EC%82%AC%EC%97%85%ED%99%94%20%EC%A2%85%ED%95%A9%EC%A7%80%EC%9B%90%EC%84%BC%ED%84%B0%E3%80%8D%20%EC%9D%B8%ED%97%88%EA%B0%80%20%EC%A7%80%EC%9B%90%20%EA%B8%B0%EC%97%85%20%EC%83%81%EC%8B%9C%20%EB%AA%A8%EC%A7%91%20%EA%B3%B5%EA%B3%A0%EB%AC%B8.pdf / 202604081049030338.pdf: 404 Client Error: Not Found for url: https://www.bizinfo.go.kr/sii/siia/202604081049030338.pdf / 붙임 2. 지원 신청서.hwpx: 400 Client Error: Bad Request for url: https://www.bizinfo.go.kr/sii/siia/%EB%B6%99%EC%9E%84%202.%20%EC%A7%80%EC%9B%90%20%EC%8B%A0%EC%B2%AD%EC%84%9C.hwpx / 202604081048490490.hwpx: 404 Client Error: Not Found for url: https://www.bizinfo.go.kr/sii/siia/202604081048490490.hwpx / 202604081048490587.hwpx: 404 Client Error: Not Found for url: https://www.bizinfo.go.kr/sii/siia/202604081048490587.hwpx / 붙임 3. 개인정보 수집·이용·제공 동의서.hwpx: 400 Client Error: Bad Request for url: https://www.bizinfo.go.kr/sii/siia/%EB%B6%99%EC%9E%84%203.%20%EA%B0%9C%EC%9D%B8%EC%A0%95%EB%B3%B4%20%EC%88%98%EC%A7%91%C2%B7%EC%9D%B4%EC%9A%A9%C2%B7%EC%A0%9C%EA%B3%B5%20%EB%8F%99%EC%9D%98%EC%84%9C.hwpx,https://www.bizinfo.go.kr/sii/siia/selectSIIA200Detail.do?pblancId=PBLN_000000000120527
PBLN_000000000120549,[경남] 2026년 항노화기업 천연물 소재화 지원사업 참여기업 모집 공고,경상남도,fetched,url,needs_review,selected_candidate_missing,금액 후보는 있으나 대표금액을 선택하지 못함,,,unknown,recommend_only,1,,,,1.0,2318,5459,[공고]2026년 항노화기업 천연물 소재화 지원사업 참여기업 모집 공고.hwp: 400 Client Error: Bad Request for url: https://www.bizinfo.go.kr/sii/siia/%5B%EA%B3%B5%EA%B3%A0%5D2026%EB%85%84%20%ED%95%AD%EB%85%B8%ED%99%94%EA%B8%B0%EC%97%85%20%EC%B2%9C%EC%97%B0%EB%AC%BC%20%EC%86%8C%EC%9E%AC%ED%99%94%20%EC%A7%80%EC%9B%90%EC%82%AC%EC%97%85%20%EC%B0%B8%EC%97%AC%EA%B8%B0%EC%97%85%20%EB%AA%A8%EC%A7%91%20%EA%B3%B5%EA%B3%A0.hwp / [서식] 2026년 항노화기업 천연물소재화 지원사업 지원서류.hwp: 400 Client Error: Bad Request for url: https://www.bizinfo.go.kr/sii/siia/%5B%EC%84%9C%EC%8B%9D%5D%202026%EB%85%84%20%ED%95%AD%EB%85%B8%ED%99%94%EA%B8%B0%EC%97%85%20%EC%B2%9C%EC%97%B0%EB%AC%BC%EC%86%8C%EC%9E%AC%ED%99%94%20%EC%A7%80%EC%9B%90%EC%82%AC%EC%97%85%20%EC%A7%80%EC%9B%90%EC%84%9C%EB%A5%98.hwp / 202604081344290991.hwp: 404 Client Error: Not Found for url: https://www.bizinfo.go.kr/sii/siia/202604081344290991.hwp / 202604081344340457.hwp: 404 Client Error: Not Found for url: https://www.bizinfo.go.kr/sii/siia/202604081344340457.hwp / 202604081344340538.hwp: 404 Client Error: Not Found for url: https://www.bizinfo.go.kr/sii/siia/202604081344340538.hwp / 센터 시설 및 장비현황.hwp: 400 Client Error: Bad Request for url: https://www.bizinfo.go.kr/sii/siia/%EC%84%BC%ED%84%B0%20%EC%8B%9C%EC%84%A4%20%EB%B0%8F%20%EC%9E%A5%EB%B9%84%ED%98%84%ED%99%A9.hwp,https://www.bizinfo.go.kr/sii/siia/selectSIIA200Detail.do?pblancId=PBLN_000000000120549
PBLN_000000000120588,해양플랜트산업지원센터 보유 시험장비ㆍ교육시설 활용 지원사업 공고,해양수산부,fetched,url,needs_review,candidate_missing,금액 후보 자체를 찾지 못함,,,unknown,recommend_only,0,,,,,1906,5613,[공고문]2026 해양플랜트산업지원센터 보유 시험장비-교육설비 활용지원사업.hwp: 400 Client Error: Bad Request for url: https://www.bizinfo.go.kr/sii/siia/%5B%EA%B3%B5%EA%B3%A0%EB%AC%B8%5D2026%20%ED%95%B4%EC%96%91%ED%94%8C%EB%9E%9C%ED%8A%B8%EC%82%B0%EC%97%85%EC%A7%80%EC%9B%90%EC%84%BC%ED%84%B0%20%EB%B3%B4%EC%9C%A0%20%EC%8B%9C%ED%97%98%EC%9E%A5%EB%B9%84-%EA%B5%90%EC%9C%A1%EC%84%A4%EB%B9%84%20%ED%99%9C%EC%9A%A9%EC%A7%80%EC%9B%90%EC%82%AC%EC%97%85.hwp / 202604091101580008.hwp: 404 Client Error: Not Found for url: https://www.bizinfo.go.kr/sii/siia/202604091101580008.hwp,https://www.bizinfo.go.kr/sii/siia/selectSIIA200Detail.do?pblancId=PBLN_000000000120588
PBLN_000000000120591,조선ㆍ해양 배관 및 시운전 장비 공동활용 지원 사업 모집 공고(선박해양플랜트연구소 해양플랜트산업지원센터 구축 장비 공동 활용 사업),해양수산부,fetched,url,needs_review,candidate_missing,금액 후보 자체를 찾지 못함,,,unknown,recommend_only,0,,,,,1620,12082,[공고문]2026년 조선해양 배관 및 시운전(commissioning) 장비 공동활용 지원 사업.pdf: 400 Client Error: Bad Request for url: https://www.bizinfo.go.kr/sii/siia/%5B%EA%B3%B5%EA%B3%A0%EB%AC%B8%5D2026%EB%85%84%20%EC%A1%B0%EC%84%A0%ED%95%B4%EC%96%91%20%EB%B0%B0%EA%B4%80%20%EB%B0%8F%20%EC%8B%9C%EC%9A%B4%EC%A0%84(commissioning)%20%EC%9E%A5%EB%B9%84%20%EA%B3%B5%EB%8F%99%ED%99%9C%EC%9A%A9%20%EC%A7%80%EC%9B%90%20%EC%82%AC%EC%97%85.pdf / 202604091117120879.pdf: 404 Client Error: Not Found for url: https://www.bizinfo.go.kr/sii/siia/202604091117120879.pdf,https://www.bizinfo.go.kr/sii/siia/selectSIIA200Detail.do?pblancId=PBLN_000000000120591
PBLN_000000000120600,[경북] 김천시 2026년 기술주치의119지원사업 공고,경상북도,fetched,url,needs_review,large_amount_delta,기존 금액과 새 대표금액 차이가 큼,"amount_delta_20_percent:old=200000,new=1500",200000.0,support_amount,subtract,13,1500.0,support_amount,subtract,1.0,2196,20019,붙임2. 2026년도 김천시 기술주치의119지원사업 공고(안).hwp: 400 Client Error: Bad Request for url: https://www.bizinfo.go.kr/sii/siia/%EB%B6%99%EC%9E%842.%202026%EB%85%84%EB%8F%84%20%EA%B9%80%EC%B2%9C%EC%8B%9C%20%EA%B8%B0%EC%88%A0%EC%A3%BC%EC%B9%98%EC%9D%98119%EC%A7%80%EC%9B%90%EC%82%AC%EC%97%85%20%EA%B3%B5%EA%B3%A0(%EC%95%88).hwp / 붙임3. 현장애로기술지원 신청서 및 결과보고서 서식_.hwp: 400 Client Error: Bad Request for url: https://www.bizinfo.go.kr/sii/siia/%EB%B6%99%EC%9E%843.%20%ED%98%84%EC%9E%A5%EC%95%A0%EB%A1%9C%EA%B8%B0%EC%88%A0%EC%A7%80%EC%9B%90%20%EC%8B%A0%EC%B2%AD%EC%84%9C%20%EB%B0%8F%20%EA%B2%B0%EA%B3%BC%EB%B3%B4%EA%B3%A0%EC%84%9C%20%EC%84%9C%EC%8B%9D_.hwp / 붙임4. 중기애로기술지원 신청서.hwp: 400 Client Error: Bad Request for url: https://www.bizinfo.go.kr/sii/siia/%EB%B6%99%EC%9E%844.%20%EC%A4%91%EA%B8%B0%EC%95%A0%EB%A1%9C%EA%B8%B0%EC%88%A0%EC%A7%80%EC%9B%90%20%EC%8B%A0%EC%B2%AD%EC%84%9C.hwp / 붙임5. 기술주치의 모집 및 등록 신청서.hwp: 400 Client Error: Bad Request for url: https://www.bizinfo.go.kr/sii/siia/%EB%B6%99%EC%9E%845.%20%EA%B8%B0%EC%88%A0%EC%A3%BC%EC%B9%98%EC%9D%98%20%EB%AA%A8%EC%A7%91%20%EB%B0%8F%20%EB%93%B1%EB%A1%9D%20%EC%8B%A0%EC%B2%AD%EC%84%9C.hwp / 202604091337130891.hwp: 404 Client Error: Not Found for url: https://www.bizinfo.go.kr/sii/siia/202604091337130891.hwp / 202604091337140009.hwp: 404 Client Error: Not Found for url: https://www.bizinfo.go.kr/sii/siia/202604091337140009.hwp / 202604091337140103.hwp: 404 Client Error: Not Found for url: https://www.bizinfo.go.kr/sii/siia/202604091337140103.hwp / 202604091337370647.hwp: 404 Client Error: Not Found for url: https://www.bizinfo.go.kr/sii/siia/202604091337370647.hwp,https://www.bizinfo.go.kr/sii/siia/selectSIIA200Detail.do?pblancId=PBLN_000000000120600
PBLN_000000000120673,2026년 다공성 탄소소재 기반 환경소재 및 부품개발 기반구축 사업 수혜기업 지원(시제품 제작 및 기술지도) 사업 공고,산업통상부,fetched,url,needs_review,large_amount_delta,기존 금액과 새 대표금액 차이가 큼,"amount_delta_20_percent:old=50,new=1000",50.0,support_amount,subtract,5,1000.0,support_amount,subtract,,2223,7937,[2026-10]_2026년_다공성_탄소소재_기반구축_사업_수혜기업_시제품_제작_및_기술지도_지원_사업_공고문.hwp: 400 Client Error: Bad Request for url: https://www.bizinfo.go.kr/sii/siia/%5B2026-10%5D_2026%EB%85%84_%EB%8B%A4%EA%B3%B5%EC%84%B1_%ED%83%84%EC%86%8C%EC%86%8C%EC%9E%AC_%EA%B8%B0%EB%B0%98%EA%B5%AC%EC%B6%95_%EC%82%AC%EC%97%85_%EC%88%98%ED%98%9C%EA%B8%B0%EC%97%85_%EC%8B%9C%EC%A0%9C%ED%92%88_%EC%A0%9C%EC%9E%91_%EB%B0%8F_%EA%B8%B0%EC%88%A0%EC%A7%80%EB%8F%84_%EC%A7%80%EC%9B%90_%EC%82%AC%EC%97%85_%EA%B3%B5%EA%B3%A0%EB%AC%B8.hwp / 붙임_지원신청서2026_양식.hwp: 400 Client Error: Bad Request for url: https://www.bizinfo.go.kr/sii/siia/%EB%B6%99%EC%9E%84_%EC%A7%80%EC%9B%90%EC%8B%A0%EC%B2%AD%EC%84%9C2026_%EC%96%91%EC%8B%9D.hwp / 202604101402290946.hwp: 404 Client Error: Not Found for url: https://www.bizinfo.go.kr/sii/siia/202604101402290946.hwp / 202604101402330065.hwp: 404 Client Error: Not Found for url: https://www.bizinfo.go.kr/sii/siia/202604101402330065.hwp / test.hwp: 404 Client Error: Not Found for url: https://www.bizinfo.go.kr/sii/siia/test.hwp,https://www.bizinfo.go.kr/sii/siia/selectSIIA200Detail.do?pblancId=PBLN_000000000120673
PBLN_000000000120679,[인천] 2026년 시제품제작 장비 (3D 프린팅) 공동활용 지원 공고,인천광역시,fetched,url,needs_review,candidate_missing,금액 후보 자체를 찾지 못함,,,unknown,recommend_only,0,,,,,2324,1205,붙임1_시제품제작장비지원_신청서.hwp: 400 Client Error: Bad Request for url: https://www.bizinfo.go.kr/sii/siia/%EB%B6%99%EC%9E%841_%EC%8B%9C%EC%A0%9C%ED%92%88%EC%A0%9C%EC%9E%91%EC%9E%A5%EB%B9%84%EC%A7%80%EC%9B%90_%EC%8B%A0%EC%B2%AD%EC%84%9C.hwp / 202604101420590968.hwp: 404 Client Error: Not Found for url: https://www.bizinfo.go.kr/sii/siia/202604101420590968.hwp,https://www.bizinfo.go.kr/sii/siia/selectSIIA200Detail.do?pblancId=PBLN_000000000120679
PBLN_000000000120694,[충북] 2026년 수출기업 해외규격인증 취득 지원사업 참여기업 모집 공고,충청북도,fetched,url,needs_review,candidate_missing,금액 후보 자체를 찾지 못함,,,unknown,recommend_only,0,,,,,2210,15835,2026 충북 수출기업 해외규격인증 취득 지원사업.pdf: 400 Client Error: Bad Request for url: https://www.bizinfo.go.kr/sii/siia/2026%20%EC%B6%A9%EB%B6%81%20%EC%88%98%EC%B6%9C%EA%B8%B0%EC%97%85%20%ED%95%B4%EC%99%B8%EA%B7%9C%EA%B2%A9%EC%9D%B8%EC%A6%9D%20%EC%B7%A8%EB%93%9D%20%EC%A7%80%EC%9B%90%EC%82%AC%EC%97%85.pdf / [붙임2] 2026 국가별 해외규격인증 지원대상 현황.pdf: 400 Client Error: Bad Request for url: https://www.bizinfo.go.kr/sii/siia/%5B%EB%B6%99%EC%9E%842%5D%202026%20%EA%B5%AD%EA%B0%80%EB%B3%84%20%ED%95%B4%EC%99%B8%EA%B7%9C%EA%B2%A9%EC%9D%B8%EC%A6%9D%20%EC%A7%80%EC%9B%90%EB%8C%80%EC%83%81%20%ED%98%84%ED%99%A9.pdf / 202604101528490332.pdf: 404 Client Error: Not Found for url: https://www.bizinfo.go.kr/sii/siia/202604101528490332.pdf / 202604101529370111.pdf: 404 Client Error: Not Found for url: https://www.bizinfo.go.kr/sii/siia/202604101529370111.pdf / 202604101528490215.hwp: 404 Client Error: Not Found for url: https://www.bizinfo.go.kr/sii/siia/202604101528490215.hwp / 202604101528490433.hwp: 404 Client Error: Not Found for url: https://www.bizinfo.go.kr/sii/siia/202604101528490433.hwp / [붙임1] 해외규격인증 취득 완료보고서 양식.hwp: 400 Client Error: Bad Request for url: https://www.bizinfo.go.kr/sii/siia/%5B%EB%B6%99%EC%9E%841%5D%20%ED%95%B4%EC%99%B8%EA%B7%9C%EA%B2%A9%EC%9D%B8%EC%A6%9D%20%EC%B7%A8%EB%93%9D%20%EC%99%84%EB%A3%8C%EB%B3%B4%EA%B3%A0%EC%84%9C%20%EC%96%91%EC%8B%9D.hwp / [양식] 신청사업 사용계획서.hwp: 400 Client Error: Bad Request for url: https://www.bizinfo.go.kr/sii/siia/%5B%EC%96%91%EC%8B%9D%5D%20%EC%8B%A0%EC%B2%AD%EC%82%AC%EC%97%85%20%EC%82%AC%EC%9A%A9%EA%B3%84%ED%9A%8D%EC%84%9C.hwp / 2026 충북 수출기업 해외규격인증 취득 지원사업.pdf: text extraction failed,https://www.bizinfo.go.kr/sii/siia/selectSIIA200Detail.do?pblancId=PBLN_000000000120694
PBLN_000000000120780,2026년 통상변화대응지원사업 참여기업 모집 공고,산업통상부,fetched,url,needs_review,large_amount_delta,기존 금액과 새 대표금액 차이가 큼,"amount_delta_20_percent:old=1e+06,new=2000",1000000.0,support_amount,subtract,22,2000.0,support_amount,subtract,0.02,1896,12062,(공고문) 2026년_통상변화대응지원사업_참여기업_모집_공고.hwpx: 400 Client Error: Bad Request for url: https://www.bizinfo.go.kr/sii/siia/(%EA%B3%B5%EA%B3%A0%EB%AC%B8)%202026%EB%85%84_%ED%86%B5%EC%83%81%EB%B3%80%ED%99%94%EB%8C%80%EC%9D%91%EC%A7%80%EC%9B%90%EC%82%AC%EC%97%85_%EC%B0%B8%EC%97%AC%EA%B8%B0%EC%97%85_%EB%AA%A8%EC%A7%91_%EA%B3%B5%EA%B3%A0.hwpx / 202604141347550159.hwpx: 404 Client Error: Not Found for url: https://www.bizinfo.go.kr/sii/siia/202604141347550159.hwpx,https://www.bizinfo.go.kr/sii/siia/selectSIIA200Detail.do?pblancId=PBLN_000000000120780
PBLN_000000000120822,[경북] 영천시 2026년 영천기업 연구시설장비 바우처 지원사업 수혜기업 모집 공고,경상북도,fetched,url,safe,clear_selected_candidate,대표금액 후보가 명확함,,800.0,support_amount,subtract,9,800.0,support_amount,subtract,0.1,2546,8198,[공고문] 2026년 영천기업 연구시설장비 바우처 지원사업 공고문 및 신청서 등.hwp: 400 Client Error: Bad Request for url: https://www.bizinfo.go.kr/sii/siia/%5B%EA%B3%B5%EA%B3%A0%EB%AC%B8%5D%202026%EB%85%84%20%EC%98%81%EC%B2%9C%EA%B8%B0%EC%97%85%20%EC%97%B0%EA%B5%AC%EC%8B%9C%EC%84%A4%EC%9E%A5%EB%B9%84%20%EB%B0%94%EC%9A%B0%EC%B2%98%20%EC%A7%80%EC%9B%90%EC%82%AC%EC%97%85%20%EA%B3%B5%EA%B3%A0%EB%AC%B8%20%EB%B0%8F%20%EC%8B%A0%EC%B2%AD%EC%84%9C%20%EB%93%B1.hwp / 202604151245340599.hwp: 404 Client Error: Not Found for url: https://www.bizinfo.go.kr/sii/siia/202604151245340599.hwp,https://www.bizinfo.go.kr/sii/siia/selectSIIA200Detail.do?pblancId=PBLN_000000000120822
PBLN_000000000120845,2026년 하반기 중소기업기술혁신개발사업 유망기술개발(구조혁신R&D) 시행계획 공고,중소벤처기업부,fetched,url,needs_review,large_amount_delta,기존 금액과 새 대표금액 차이가 큼,"type_changed:subsidy->support_amount | amount_delta_20_percent:old=48000,new=200000",48000.0,subsidy,subtract,38,200000.0,support_amount,subtract,0.75,2470,14080,2026년_중소기업기술혁신개발사업_유망기술개발(구조혁신R&D)_시행계획_공고.pdf: 400 Client Error: Bad Request for url: https://www.bizinfo.go.kr/sii/siia/2026%EB%85%84_%EC%A4%91%EC%86%8C%EA%B8%B0%EC%97%85%EA%B8%B0%EC%88%A0%ED%98%81%EC%8B%A0%EA%B0%9C%EB%B0%9C%EC%82%AC%EC%97%85_%EC%9C%A0%EB%A7%9D%EA%B8%B0%EC%88%A0%EA%B0%9C%EB%B0%9C(%EA%B5%AC%EC%A1%B0%ED%98%81%EC%8B%A0R&D)_%EC%8B%9C%ED%96%89%EA%B3%84%ED%9A%8D_%EA%B3%B5%EA%B3%A0.pdf / 202604151515330848.pdf: 404 Client Error: Not Found for url: https://www.bizinfo.go.kr/sii/siia/202604151515330848.pdf / 2026년_중소기업기술혁신개발사업_유망기술개발(구조혁신R&D)_시행계획_공고.hwpx: 400 Client Error: Bad Request for url: https://www.bizinfo.go.kr/sii/siia/2026%EB%85%84_%EC%A4%91%EC%86%8C%EA%B8%B0%EC%97%85%EA%B8%B0%EC%88%A0%ED%98%81%EC%8B%A0%EA%B0%9C%EB%B0%9C%EC%82%AC%EC%97%85_%EC%9C%A0%EB%A7%9D%EA%B8%B0%EC%88%A0%EA%B0%9C%EB%B0%9C(%EA%B5%AC%EC%A1%B0%ED%98%81%EC%8B%A0R&D)_%EC%8B%9C%ED%96%89%EA%B3%84%ED%9A%8D_%EA%B3%B5%EA%B3%A0.hwpx / 202604151516570335.hwpx: 404 Client Error: Not Found for url: https://www.bizinfo.go.kr/sii/siia/202604151516570335.hwpx,https://www.bizinfo.go.kr/sii/siia/selectSIIA200Detail.do?pblancId=PBLN_000000000120845
PBLN_000000000120865,2026년 한ㆍ이스라엘 국제공동기술개발사업 신규 과제 통합 공고,산업통상부,fetched,url,needs_review,large_amount_delta,기존 금액과 새 대표금액 차이가 큼,"amount_delta_20_percent:old=168000,new=420000",168000.0,support_amount,subtract,39,420000.0,support_amount,subtract,0.3,2915,24124,2026년도 한·이스라엘 국제공동기술개발사업 신규 과제 통합 공고.pdf: 400 Client Error: Bad Request for url: https://www.bizinfo.go.kr/sii/siia/2026%EB%85%84%EB%8F%84%20%ED%95%9C%C2%B7%EC%9D%B4%EC%8A%A4%EB%9D%BC%EC%97%98%20%EA%B5%AD%EC%A0%9C%EA%B3%B5%EB%8F%99%EA%B8%B0%EC%88%A0%EA%B0%9C%EB%B0%9C%EC%82%AC%EC%97%85%20%EC%8B%A0%EA%B7%9C%20%EA%B3%BC%EC%A0%9C%20%ED%86%B5%ED%95%A9%20%EA%B3%B5%EA%B3%A0.pdf / 202604161111240809.pdf: 404 Client Error: Not Found for url: https://www.bizinfo.go.kr/sii/siia/202604161111240809.pdf / 2026년도 한이스라엘 국제공동기술개발사업 통합 공고.hwpx: 400 Client Error: Bad Request for url: https://www.bizinfo.go.kr/sii/siia/2026%EB%85%84%EB%8F%84%20%ED%95%9C%EC%9D%B4%EC%8A%A4%EB%9D%BC%EC%97%98%20%EA%B5%AD%EC%A0%9C%EA%B3%B5%EB%8F%99%EA%B8%B0%EC%88%A0%EA%B0%9C%EB%B0%9C%EC%82%AC%EC%97%85%20%ED%86%B5%ED%95%A9%20%EA%B3%B5%EA%B3%A0.hwpx / 202604161111300419.hwpx: 404 Client Error: Not Found for url: https://www.bizinfo.go.kr/sii/siia/202604161111300419.hwpx,https://www.bizinfo.go.kr/sii/siia/selectSIIA200Detail.do?pblancId=PBLN_000000000120865
PBLN_000000000120866,2026년 부산형 SiC 전력반도체 연구플랫폼 활성화 지원사업 기업지원 모집 공고,부산광역시,fetched,url,needs_review,large_amount_delta,기존 금액과 새 대표금액 차이가 큼,"amount_delta_20_percent:old=100,new=2200",100.0,support_amount,subtract,23,2200.0,support_amount,subtract,0.2,2247,17602,붙임.+(부산형+연구플랫폼+활성화지원)+기업지원+모집+공고문(안)_+.pdf: 400 Client Error: Bad Request for url: https://www.bizinfo.go.kr/sii/siia/%EB%B6%99%EC%9E%84.+(%EB%B6%80%EC%82%B0%ED%98%95+%EC%97%B0%EA%B5%AC%ED%94%8C%EB%9E%AB%ED%8F%BC+%ED%99%9C%EC%84%B1%ED%99%94%EC%A7%80%EC%9B%90)+%EA%B8%B0%EC%97%85%EC%A7%80%EC%9B%90+%EB%AA%A8%EC%A7%91+%EA%B3%B5%EA%B3%A0%EB%AC%B8(%EC%95%88)_+.pdf / 202604161114140351.pdf: 404 Client Error: Not Found for url: https://www.bizinfo.go.kr/sii/siia/202604161114140351.pdf / 붙임.+(부산형+연구플랫폼+활성화지원)+기업지원+모집+공고문(안)_.hwp: 400 Client Error: Bad Request for url: https://www.bizinfo.go.kr/sii/siia/%EB%B6%99%EC%9E%84.+(%EB%B6%80%EC%82%B0%ED%98%95+%EC%97%B0%EA%B5%AC%ED%94%8C%EB%9E%AB%ED%8F%BC+%ED%99%9C%EC%84%B1%ED%99%94%EC%A7%80%EC%9B%90)+%EA%B8%B0%EC%97%85%EC%A7%80%EC%9B%90+%EB%AA%A8%EC%A7%91+%EA%B3%B5%EA%B3%A0%EB%AC%B8(%EC%95%88)_.hwp / 202604161114190133.hwp: 404 Client Error: Not Found for url: https://www.bizinfo.go.kr/sii/siia/202604161114190133.hwp,https://www.bizinfo.go.kr/sii/siia/selectSIIA200Detail.do?pblancId=PBLN_000000000120866
PBLN_000000000120871,[경북] 2026년 초거대 AI 기술 컨설팅 신규 대상기업 모집 공고(초거대 AI 클라우드 팜 실증 및 확산 환경 조성사업),경상북도,fetched,url,needs_review,candidate_missing,금액 후보 자체를 찾지 못함,,,unknown,recommend_only,0,,,,,2481,14839,202604161631390912.pdf: 404 Client Error: Not Found for url: https://www.bizinfo.go.kr/sii/siia/202604161631390912.pdf / 붙임 1. 2026년 초거대 AI 기술 컨설팅 신청서.pdf: 400 Client Error: Bad Request for url: https://www.bizinfo.go.kr/sii/siia/%EB%B6%99%EC%9E%84%201.%202026%EB%85%84%20%EC%B4%88%EA%B1%B0%EB%8C%80%20AI%20%EA%B8%B0%EC%88%A0%20%EC%BB%A8%EC%84%A4%ED%8C%85%20%EC%8B%A0%EC%B2%AD%EC%84%9C.pdf / (모집공고문) 2026년 초거대 AI 기술 컨설팅 대상기업 모집 공고.hwp: 400 Client Error: Bad Request for url: https://www.bizinfo.go.kr/sii/siia/(%EB%AA%A8%EC%A7%91%EA%B3%B5%EA%B3%A0%EB%AC%B8)%202026%EB%85%84%20%EC%B4%88%EA%B1%B0%EB%8C%80%20AI%20%EA%B8%B0%EC%88%A0%20%EC%BB%A8%EC%84%A4%ED%8C%85%20%EB%8C%80%EC%83%81%EA%B8%B0%EC%97%85%20%EB%AA%A8%EC%A7%91%20%EA%B3%B5%EA%B3%A0.hwp / 202604161124330895.hwp: 404 Client Error: Not Found for url: https://www.bizinfo.go.kr/sii/siia/202604161124330895.hwp / 202604161126510084.hwp: 404 Client Error: Not Found for url: https://www.bizinfo.go.kr/sii/siia/202604161126510084.hwp / 붙임 1. 2026년 초거대 AI 기술 컨설팅 신청서.hwp: 400 Client Error: Bad Request for url: https://www.bizinfo.go.kr/sii/siia/%EB%B6%99%EC%9E%84%201.%202026%EB%85%84%20%EC%B4%88%EA%B1%B0%EB%8C%80%20AI%20%EA%B8%B0%EC%88%A0%20%EC%BB%A8%EC%84%A4%ED%8C%85%20%EC%8B%A0%EC%B2%AD%EC%84%9C.hwp,https://www.bizinfo.go.kr/sii/siia/selectSIIA200Detail.do?pblancId=PBLN_000000000120871
PBLN_000000000120933,[경기] 시흥시 2026년 대야기계장비 소공인특화지원센터 자율사업 통합 모집 공고,경기도,fetched,url,needs_review,large_amount_delta,기존 금액과 새 대표금액 차이가 큼,"amount_delta_20_percent:old=300,new=700",300.0,support_amount,subtract,27,700.0,support_amount,subtract,,2095,15230,26년 대야기계장비 소공인특화지원센터 자율사업 통합 모집공고+.pdf: 400 Client Error: Bad Request for url: https://www.bizinfo.go.kr/sii/siia/26%EB%85%84%20%EB%8C%80%EC%95%BC%EA%B8%B0%EA%B3%84%EC%9E%A5%EB%B9%84%20%EC%86%8C%EA%B3%B5%EC%9D%B8%ED%8A%B9%ED%99%94%EC%A7%80%EC%9B%90%EC%84%BC%ED%84%B0%20%EC%9E%90%EC%9C%A8%EC%82%AC%EC%97%85%20%ED%86%B5%ED%95%A9%20%EB%AA%A8%EC%A7%91%EA%B3%B5%EA%B3%A0+.pdf / 202604171613030152.pdf: 404 Client Error: Not Found for url: https://www.bizinfo.go.kr/sii/siia/202604171613030152.pdf / 26년 대야기계장비 소공인특화지원센터 자율사업 통합 모집공고.hwp: 400 Client Error: Bad Request for url: https://www.bizinfo.go.kr/sii/siia/26%EB%85%84%20%EB%8C%80%EC%95%BC%EA%B8%B0%EA%B3%84%EC%9E%A5%EB%B9%84%20%EC%86%8C%EA%B3%B5%EC%9D%B8%ED%8A%B9%ED%99%94%EC%A7%80%EC%9B%90%EC%84%BC%ED%84%B0%20%EC%9E%90%EC%9C%A8%EC%82%AC%EC%97%85%20%ED%86%B5%ED%95%A9%20%EB%AA%A8%EC%A7%91%EA%B3%B5%EA%B3%A0.hwp / 202604171341010654.hwp: 404 Client Error: Not Found for url: https://www.bizinfo.go.kr/sii/siia/202604171341010654.hwp,https://www.bizinfo.go.kr/sii/siia/selectSIIA200Detail.do?pblancId=PBLN_000000000120933
PBLN_000000000120964,[경북] 경주시 2026년 중소기업 화재보험료 지원사업 참여기업 모집 공고,경상북도,fetched,url,safe,clear_selected_candidate,대표금액 후보가 명확함,,1000.0,support_amount,subtract,12,1000.0,support_amount,subtract,0.9,1653,5430,「2026년 경주시 중소기업 화재보험료 지원사업」참여업체 모집 공고.pdf: 400 Client Error: Bad Request for url: https://www.bizinfo.go.kr/sii/siia/%E3%80%8C2026%EB%85%84%20%EA%B2%BD%EC%A3%BC%EC%8B%9C%20%EC%A4%91%EC%86%8C%EA%B8%B0%EC%97%85%20%ED%99%94%EC%9E%AC%EB%B3%B4%ED%97%98%EB%A3%8C%20%EC%A7%80%EC%9B%90%EC%82%AC%EC%97%85%E3%80%8D%EC%B0%B8%EC%97%AC%EC%97%85%EC%B2%B4%20%EB%AA%A8%EC%A7%91%20%EA%B3%B5%EA%B3%A0.pdf / 202604171436300355.pdf: 404 Client Error: Not Found for url: https://www.bizinfo.go.kr/sii/siia/202604171436300355.pdf / 「2026년 경주시 중소기업 화재보험료 지원사업」 참여신청 서식.hwp: 400 Client Error: Bad Request for url: https://www.bizinfo.go.kr/sii/siia/%E3%80%8C2026%EB%85%84%20%EA%B2%BD%EC%A3%BC%EC%8B%9C%20%EC%A4%91%EC%86%8C%EA%B8%B0%EC%97%85%20%ED%99%94%EC%9E%AC%EB%B3%B4%ED%97%98%EB%A3%8C%20%EC%A7%80%EC%9B%90%EC%82%AC%EC%97%85%E3%80%8D%20%EC%B0%B8%EC%97%AC%EC%8B%A0%EC%B2%AD%20%EC%84%9C%EC%8B%9D.hwp / 202604171436170997.hwp: 404 Client Error: Not Found for url: https://www.bizinfo.go.kr/sii/siia/202604171436170997.hwp,https://www.bizinfo.go.kr/sii/siia/selectSIIA200Detail.do?pblancId=PBLN_000000000120964
PBLN_000000000121025,2026년 해양플랜트 서비스산업 엔지니어링 기술 지원 공고(해양플랜트 서비스산업 장비 공동활용 및 인력양성 사업),해양수산부,fetched,url,needs_review,candidate_missing,금액 후보 자체를 찾지 못함,,,support_ratio,ratio_cap,0,,,,,1868,1221,[공고문] 2026 엔지니어링 지원사업_공고문+.pdf: 400 Client Error: Bad Request for url: https://www.bizinfo.go.kr/sii/siia/%5B%EA%B3%B5%EA%B3%A0%EB%AC%B8%5D%202026%20%EC%97%94%EC%A7%80%EB%8B%88%EC%96%B4%EB%A7%81%20%EC%A7%80%EC%9B%90%EC%82%AC%EC%97%85_%EA%B3%B5%EA%B3%A0%EB%AC%B8+.pdf / 202604201427570656.pdf: 404 Client Error: Not Found for url: https://www.bizinfo.go.kr/sii/siia/202604201427570656.pdf,https://www.bizinfo.go.kr/sii/siia/selectSIIA200Detail.do?pblancId=PBLN_000000000121025
PBLN_000000000121028,[울산] 2026년 상반기 산업안전보건 국제표준 인증기업 지원사업 시행 공고,울산광역시,fetched,url,needs_review,large_amount_delta,기존 금액과 새 대표금액 차이가 큼,"amount_delta_20_percent:old=200,new=300",200.0,support_amount,subtract,27,300.0,support_amount,subtract,0.5,2320,7938,산업안전보건 국제표준 인증기업 지원사업 신청서식.pdf: 400 Client Error: Bad Request for url: https://www.bizinfo.go.kr/sii/siia/%EC%82%B0%EC%97%85%EC%95%88%EC%A0%84%EB%B3%B4%EA%B1%B4%20%EA%B5%AD%EC%A0%9C%ED%91%9C%EC%A4%80%20%EC%9D%B8%EC%A6%9D%EA%B8%B0%EC%97%85%20%EC%A7%80%EC%9B%90%EC%82%AC%EC%97%85%20%EC%8B%A0%EC%B2%AD%EC%84%9C%EC%8B%9D.pdf / 202604201448030364.pdf: 404 Client Error: Not Found for url: https://www.bizinfo.go.kr/sii/siia/202604201448030364.pdf / 산업안전보건 국제표준 인증기업 지원사업 공고(안).hwp: 400 Client Error: Bad Request for url: https://www.bizinfo.go.kr/sii/siia/%EC%82%B0%EC%97%85%EC%95%88%EC%A0%84%EB%B3%B4%EA%B1%B4%20%EA%B5%AD%EC%A0%9C%ED%91%9C%EC%A4%80%20%EC%9D%B8%EC%A6%9D%EA%B8%B0%EC%97%85%20%EC%A7%80%EC%9B%90%EC%82%AC%EC%97%85%20%EA%B3%B5%EA%B3%A0(%EC%95%88).hwp / 산업안전보건 국제표준 인증기업 지원사업 신청서식.hwp: 400 Client Error: Bad Request for url: https://www.bizinfo.go.kr/sii/siia/%EC%82%B0%EC%97%85%EC%95%88%EC%A0%84%EB%B3%B4%EA%B1%B4%20%EA%B5%AD%EC%A0%9C%ED%91%9C%EC%A4%80%20%EC%9D%B8%EC%A6%9D%EA%B8%B0%EC%97%85%20%EC%A7%80%EC%9B%90%EC%82%AC%EC%97%85%20%EC%8B%A0%EC%B2%AD%EC%84%9C%EC%8B%9D.hwp / 202604201445480972.hwp: 404 Client Error: Not Found for url: https://www.bizinfo.go.kr/sii/siia/202604201445480972.hwp / 202604201446420021.hwp: 404 Client Error: Not Found for url: https://www.bizinfo.go.kr/sii/siia/202604201446420021.hwp,https://www.bizinfo.go.kr/sii/siia/selectSIIA200Detail.do?pblancId=PBLN_000000000121028
PBLN_000000000121038,2026년 IoT 보안인증 인증시험 수수료 지원 공고,과학기술정보통신부,fetched,url,needs_review,selected_candidate_missing,금액 후보는 있으나 대표금액을 선택하지 못함,old_amount_without_new_selected_amount,1600.0,support_ratio,ratio_cap,3,,,,,2269,4180,2026년 IoT_보안인증_인증시험 수수료_지원_안내문.hwpx: 400 Client Error: Bad Request for url: https://www.bizinfo.go.kr/sii/siia/2026%EB%85%84%20IoT_%EB%B3%B4%EC%95%88%EC%9D%B8%EC%A6%9D_%EC%9D%B8%EC%A6%9D%EC%8B%9C%ED%97%98%20%EC%88%98%EC%88%98%EB%A3%8C_%EC%A7%80%EC%9B%90_%EC%95%88%EB%82%B4%EB%AC%B8.hwpx / 202604201514260207.hwpx: 404 Client Error: Not Found for url: https://www.bizinfo.go.kr/sii/siia/202604201514260207.hwpx,https://www.bizinfo.go.kr/sii/siia/selectSIIA200Detail.do?pblancId=PBLN_000000000121038
PBLN_000000000121098,2026년 전동화 전력반도체 일괄공정 테스트베드 구축 기업지원 모집 공고,부산광역시,fetched,url,needs_review,candidate_missing,금액 후보 자체를 찾지 못함,,,support_ratio,ratio_cap,0,,,,,2241,3334,(전동화+전력반도체+일괄공정+테스트베드+구축사업)+기업지원(1차)+모집+공고문.hwp: 400 Client Error: Bad Request for url: https://www.bizinfo.go.kr/sii/siia/(%EC%A0%84%EB%8F%99%ED%99%94+%EC%A0%84%EB%A0%A5%EB%B0%98%EB%8F%84%EC%B2%B4+%EC%9D%BC%EA%B4%84%EA%B3%B5%EC%A0%95+%ED%85%8C%EC%8A%A4%ED%8A%B8%EB%B2%A0%EB%93%9C+%EA%B5%AC%EC%B6%95%EC%82%AC%EC%97%85)+%EA%B8%B0%EC%97%85%EC%A7%80%EC%9B%90(1%EC%B0%A8)+%EB%AA%A8%EC%A7%91+%EA%B3%B5%EA%B3%A0%EB%AC%B8.hwp / 202604211516540889.hwp: 404 Client Error: Not Found for url: https://www.bizinfo.go.kr/sii/siia/202604211516540889.hwp,https://www.bizinfo.go.kr/sii/siia/selectSIIA200Detail.do?pblancId=PBLN_000000000121098
PBLN_000000000121191,2026년 산업 분야 온실가스 국제감축사업 공고,산업통상부,fetched,url,needs_review,subtract_without_limit_context,직접 차감 후보이나 기업당/한도 문맥이 부족함,,1000000.0,support_amount,subtract,7,1000000.0,support_amount,subtract,0.9,1850,9000,2026년 산업 분야 온실가스 국제감축사업 공고문.hwpx: 400 Client Error: Bad Request for url: https://www.bizinfo.go.kr/sii/siia/2026%EB%85%84%20%EC%82%B0%EC%97%85%20%EB%B6%84%EC%95%BC%20%EC%98%A8%EC%8B%A4%EA%B0%80%EC%8A%A4%20%EA%B5%AD%EC%A0%9C%EA%B0%90%EC%B6%95%EC%82%AC%EC%97%85%20%EA%B3%B5%EA%B3%A0%EB%AC%B8.hwpx / 202604231127270934.hwpx: 404 Client Error: Not Found for url: https://www.bizinfo.go.kr/sii/siia/202604231127270934.hwpx,https://www.bizinfo.go.kr/sii/siia/selectSIIA200Detail.do?pblancId=PBLN_000000000121191
PBLN_000000000121193,[경남] 2026년 소상공인 IP출원(상표출원) 지원사업 소상공인 수혜자 모집 공고,지식재산처,fetched,url,needs_review,selected_candidate_missing,금액 후보는 있으나 대표금액을 선택하지 못함,old_amount_without_new_selected_amount,13.0,support_ratio,ratio_cap,1,,,,0.2,1716,2536,[붙임1] 2026년 소상공인 IP출원(상표출원)지원사업 모집공고문+.pdf: 400 Client Error: Bad Request for url: https://www.bizinfo.go.kr/sii/siia/%5B%EB%B6%99%EC%9E%841%5D%202026%EB%85%84%20%EC%86%8C%EC%83%81%EA%B3%B5%EC%9D%B8%20IP%EC%B6%9C%EC%9B%90(%EC%83%81%ED%91%9C%EC%B6%9C%EC%9B%90)%EC%A7%80%EC%9B%90%EC%82%AC%EC%97%85%20%EB%AA%A8%EC%A7%91%EA%B3%B5%EA%B3%A0%EB%AC%B8+.pdf / 202604231304170779.pdf: 404 Client Error: Not Found for url: https://www.bizinfo.go.kr/sii/siia/202604231304170779.pdf,https://www.bizinfo.go.kr/sii/siia/selectSIIA200Detail.do?pblancId=PBLN_000000000121193
PBLN_000000000121194,[경남] 고성군 2026년 지역지식재산창출 지원사업 공고,경상남도,fetched,url,needs_review,large_amount_delta,기존 금액과 새 대표금액 차이가 큼,"type_changed:subsidy->support_amount | amount_delta_20_percent:old=130,new=90",130.0,subsidy,subtract,5,90.0,support_amount,subtract,0.9,2175,1797,2026년 고성군 지역지식재산창출 지원사업 공고문.pdf: 400 Client Error: Bad Request for url: https://www.bizinfo.go.kr/sii/siia/2026%EB%85%84%20%EA%B3%A0%EC%84%B1%EA%B5%B0%20%EC%A7%80%EC%97%AD%EC%A7%80%EC%8B%9D%EC%9E%AC%EC%82%B0%EC%B0%BD%EC%B6%9C%20%EC%A7%80%EC%9B%90%EC%82%AC%EC%97%85%20%EA%B3%B5%EA%B3%A0%EB%AC%B8.pdf / 202604231322340382.pdf: 404 Client Error: Not Found for url: https://www.bizinfo.go.kr/sii/siia/202604231322340382.pdf,https://www.bizinfo.go.kr/sii/siia/selectSIIA200Detail.do?pblancId=PBLN_000000000121194
PBLN_000000000121197,[경남] 창녕군 2026년 지역지식재산 창출지원사업 공고,경상남도,fetched,url,needs_review,large_amount_delta,기존 금액과 새 대표금액 차이가 큼,"type_changed:subsidy->support_amount | amount_delta_20_percent:old=130,new=90",130.0,subsidy,subtract,5,90.0,support_amount,subtract,0.9,2193,1807,2026년 창녕군 지역지식재산 창출지원사업 공고문.pdf: 400 Client Error: Bad Request for url: https://www.bizinfo.go.kr/sii/siia/2026%EB%85%84%20%EC%B0%BD%EB%85%95%EA%B5%B0%20%EC%A7%80%EC%97%AD%EC%A7%80%EC%8B%9D%EC%9E%AC%EC%82%B0%20%EC%B0%BD%EC%B6%9C%EC%A7%80%EC%9B%90%EC%82%AC%EC%97%85%20%EA%B3%B5%EA%B3%A0%EB%AC%B8.pdf / 202604231334030651.pdf: 404 Client Error: Not Found for url: https://www.bizinfo.go.kr/sii/siia/202604231334030651.pdf,https://www.bizinfo.go.kr/sii/siia/selectSIIA200Detail.do?pblancId=PBLN_000000000121197
PBLN_000000000121239,[전북] 2026년 산업체 애로기술 해결을 위한 기술자문 참여기업 모집 공고(지역지능화혁신인재양성사업),전북특별자치도,fetched,url,safe,clear_selected_candidate,대표금액 후보가 명확함,type_changed:support_amount->non_cash | roi_method_changed:subtract->recommend_only,20.0,support_amount,subtract,1,20.0,non_cash,recommend_only,,2275,1918,[붙임1]전북산업체애로기술해결을위한기술자문참여기업모집공고문.pdf: 400 Client Error: Bad Request for url: https://www.bizinfo.go.kr/sii/siia/%5B%EB%B6%99%EC%9E%841%5D%EC%A0%84%EB%B6%81%EC%82%B0%EC%97%85%EC%B2%B4%EC%95%A0%EB%A1%9C%EA%B8%B0%EC%88%A0%ED%95%B4%EA%B2%B0%EC%9D%84%EC%9C%84%ED%95%9C%EA%B8%B0%EC%88%A0%EC%9E%90%EB%AC%B8%EC%B0%B8%EC%97%AC%EA%B8%B0%EC%97%85%EB%AA%A8%EC%A7%91%EA%B3%B5%EA%B3%A0%EB%AC%B8.pdf / 202604241300390101.pdf: 404 Client Error: Not Found for url: https://www.bizinfo.go.kr/sii/siia/202604241300390101.pdf,https://www.bizinfo.go.kr/sii/siia/selectSIIA200Detail.do?pblancId=PBLN_000000000121239
PBLN_000000000121291,2026년 비즈니스지원단(현장클리닉) 사업 운영계획 공고,중소벤처기업부,fetched,url,safe,clear_selected_candidate,대표금액 후보가 명확함,,35.0,subsidy,subtract,3,35.0,subsidy,subtract,0.8,2575,11112,(제2026-302호)_2026년_비즈니스지원단(현장클리닉)_사업_운영계획_공고.pdf: 400 Client Error: Bad Request for url: https://www.bizinfo.go.kr/sii/siia/(%EC%A0%9C2026-302%ED%98%B8)_2026%EB%85%84_%EB%B9%84%EC%A6%88%EB%8B%88%EC%8A%A4%EC%A7%80%EC%9B%90%EB%8B%A8(%ED%98%84%EC%9E%A5%ED%81%B4%EB%A6%AC%EB%8B%89)_%EC%82%AC%EC%97%85_%EC%9A%B4%EC%98%81%EA%B3%84%ED%9A%8D_%EA%B3%B5%EA%B3%A0.pdf / 202604271027480977.pdf: 404 Client Error: Not Found for url: https://www.bizinfo.go.kr/sii/siia/202604271027480977.pdf / (제2026-302호)_2026년_비즈니스지원단(현장클리닉)_사업_운영계획_공고.hwpx: 400 Client Error: Bad Request for url: https://www.bizinfo.go.kr/sii/siia/(%EC%A0%9C2026-302%ED%98%B8)_2026%EB%85%84_%EB%B9%84%EC%A6%88%EB%8B%88%EC%8A%A4%EC%A7%80%EC%9B%90%EB%8B%A8(%ED%98%84%EC%9E%A5%ED%81%B4%EB%A6%AC%EB%8B%89)_%EC%82%AC%EC%97%85_%EC%9A%B4%EC%98%81%EA%B3%84%ED%9A%8D_%EA%B3%B5%EA%B3%A0.hwpx / 202604271027530352.hwpx: 404 Client Error: Not Found for url: https://www.bizinfo.go.kr/sii/siia/202604271027530352.hwpx,https://www.bizinfo.go.kr/sii/siia/selectSIIA200Detail.do?pblancId=PBLN_000000000121291
PBLN_000000000121311,[전남광주] 2026년 융ㆍ복합 가전산업 고용 안착 활성화 지원 사업 참여기업(참여자) 모집 공고,전남광주통합특별시,fetched,url,safe,clear_selected_candidate,대표금액 후보가 명확함,,300.0,support_amount,subtract,12,300.0,support_amount,subtract,0.3,1590,17106,[붙임]P⑤융복합가전산업고용안착활성화지원공고문.pdf: 400 Client Error: Bad Request for url: https://www.bizinfo.go.kr/sii/siia/%5B%EB%B6%99%EC%9E%84%5DP%E2%91%A4%EC%9C%B5%EB%B3%B5%ED%95%A9%EA%B0%80%EC%A0%84%EC%82%B0%EC%97%85%EA%B3%A0%EC%9A%A9%EC%95%88%EC%B0%A9%ED%99%9C%EC%84%B1%ED%99%94%EC%A7%80%EC%9B%90%EA%B3%B5%EA%B3%A0%EB%AC%B8.pdf / 202604271331430437.pdf: 404 Client Error: Not Found for url: https://www.bizinfo.go.kr/sii/siia/202604271331430437.pdf / [사업신청서]융복합가전산업고용안착활성화지원서식및제출서류.hwp: 400 Client Error: Bad Request for url: https://www.bizinfo.go.kr/sii/siia/%5B%EC%82%AC%EC%97%85%EC%8B%A0%EC%B2%AD%EC%84%9C%5D%EC%9C%B5%EB%B3%B5%ED%95%A9%EA%B0%80%EC%A0%84%EC%82%B0%EC%97%85%EA%B3%A0%EC%9A%A9%EC%95%88%EC%B0%A9%ED%99%9C%EC%84%B1%ED%99%94%EC%A7%80%EC%9B%90%EC%84%9C%EC%8B%9D%EB%B0%8F%EC%A0%9C%EC%B6%9C%EC%84%9C%EB%A5%98.hwp / 202604271331380140.hwp: 404 Client Error: Not Found for url: https://www.bizinfo.go.kr/sii/siia/202604271331380140.hwp,https://www.bizinfo.go.kr/sii/siia/selectSIIA200Detail.do?pblancId=PBLN_000000000121311
PBLN_000000000121327,[경북] 상주시 2026년 일자리 공감페이 지원사업 참여기업 모집 공고,경상북도,fetched,url,safe,clear_selected_candidate,대표금액 후보가 명확함,,1000.0,support_amount,subtract,1,1000.0,support_amount,subtract,,2137,5857,(붙임) 「2026년 상주형 일자리 공감페이 지원사업」 모집 공고 (최종).pdf: 400 Client Error: Bad Request for url: https://www.bizinfo.go.kr/sii/siia/(%EB%B6%99%EC%9E%84)%20%E3%80%8C2026%EB%85%84%20%EC%83%81%EC%A3%BC%ED%98%95%20%EC%9D%BC%EC%9E%90%EB%A6%AC%20%EA%B3%B5%EA%B0%90%ED%8E%98%EC%9D%B4%20%EC%A7%80%EC%9B%90%EC%82%AC%EC%97%85%E3%80%8D%20%EB%AA%A8%EC%A7%91%20%EA%B3%B5%EA%B3%A0%20(%EC%B5%9C%EC%A2%85).pdf / 202604271422290812.pdf: 404 Client Error: Not Found for url: https://www.bizinfo.go.kr/sii/siia/202604271422290812.pdf / [서식] 「2026년 상주형 일자리 공감페이 지원사업」 신청서식 .hwpx: 400 Client Error: Bad Request for url: https://www.bizinfo.go.kr/sii/siia/%5B%EC%84%9C%EC%8B%9D%5D%20%E3%80%8C2026%EB%85%84%20%EC%83%81%EC%A3%BC%ED%98%95%20%EC%9D%BC%EC%9E%90%EB%A6%AC%20%EA%B3%B5%EA%B0%90%ED%8E%98%EC%9D%B4%20%EC%A7%80%EC%9B%90%EC%82%AC%EC%97%85%E3%80%8D%20%EC%8B%A0%EC%B2%AD%EC%84%9C%EC%8B%9D%20.hwpx / 202604271421500033.hwpx: 404 Client Error: Not Found for url: https://www.bizinfo.go.kr/sii/siia/202604271421500033.hwpx / (붙임) 「2026년 상주형 일자리 공감페이 지원사업」 모집 공고 (최종).pdf: text extraction failed,https://www.bizinfo.go.kr/sii/siia/selectSIIA200Detail.do?pblancId=PBLN_000000000121327
PBLN_000000000121348,2026년 한-체코ㆍ한-중국 에너지국제공동R&D 신규지원 대상과제 공고,기후에너지환경부,fetched,url,needs_review,large_amount_delta,기존 금액과 새 대표금액 차이가 큼,"amount_delta_20_percent:old=75000,new=37500",75000.0,support_amount,subtract,13,37500.0,support_amount,subtract,1.0,2019,24161,제2026-421호_2026년 한-체코 한-중국 에너지국제공동R&D 신규지원 대상과제 공고문.pdf: 400 Client Error: Bad Request for url: https://www.bizinfo.go.kr/sii/siia/%EC%A0%9C2026-421%ED%98%B8_2026%EB%85%84%20%ED%95%9C-%EC%B2%B4%EC%BD%94%20%ED%95%9C-%EC%A4%91%EA%B5%AD%20%EC%97%90%EB%84%88%EC%A7%80%EA%B5%AD%EC%A0%9C%EA%B3%B5%EB%8F%99R&D%20%EC%8B%A0%EA%B7%9C%EC%A7%80%EC%9B%90%20%EB%8C%80%EC%83%81%EA%B3%BC%EC%A0%9C%20%EA%B3%B5%EA%B3%A0%EB%AC%B8.pdf / 202604271551130169.pdf: 404 Client Error: Not Found for url: https://www.bizinfo.go.kr/sii/siia/202604271551130169.pdf / 제2026-421호_2026년 한-체코 한-중국 에너지국제공동R&D 신규지원 대상과제 공고문.hwp: 400 Client Error: Bad Request for url: https://www.bizinfo.go.kr/sii/siia/%EC%A0%9C2026-421%ED%98%B8_2026%EB%85%84%20%ED%95%9C-%EC%B2%B4%EC%BD%94%20%ED%95%9C-%EC%A4%91%EA%B5%AD%20%EC%97%90%EB%84%88%EC%A7%80%EA%B5%AD%EC%A0%9C%EA%B3%B5%EB%8F%99R&D%20%EC%8B%A0%EA%B7%9C%EC%A7%80%EC%9B%90%20%EB%8C%80%EC%83%81%EA%B3%BC%EC%A0%9C%20%EA%B3%B5%EA%B3%A0%EB%AC%B8.hwp / 202604271551180056.hwp: 404 Client Error: Not Found for url: https://www.bizinfo.go.kr/sii/siia/202604271551180056.hwp,https://www.bizinfo.go.kr/sii/siia/selectSIIA200Detail.do?pblancId=PBLN_000000000121348
PBLN_000000000121397,[강원] 2026년 바이오기업 애로해소 인허가 컨설팅 지원기업 상시모집 공고,강원특별자치도,fetched,url,needs_review,selected_candidate_missing,금액 후보는 있으나 대표금액을 선택하지 못함,old_amount_without_new_selected_amount,1000.0,support_amount,subtract,11,,,,0.1,2021,8288,[공고] 2026년 강원바이오기업 애로해소 지원기업 모집.pdf: 400 Client Error: Bad Request for url: https://www.bizinfo.go.kr/sii/siia/%5B%EA%B3%B5%EA%B3%A0%5D%202026%EB%85%84%20%EA%B0%95%EC%9B%90%EB%B0%94%EC%9D%B4%EC%98%A4%EA%B8%B0%EC%97%85%20%EC%95%A0%EB%A1%9C%ED%95%B4%EC%86%8C%20%EC%A7%80%EC%9B%90%EA%B8%B0%EC%97%85%20%EB%AA%A8%EC%A7%91.pdf / 202604281434040595.pdf: 404 Client Error: Not Found for url: https://www.bizinfo.go.kr/sii/siia/202604281434040595.pdf / 지원신청서 및 사업계획서(양식).hwp: 400 Client Error: Bad Request for url: https://www.bizinfo.go.kr/sii/siia/%EC%A7%80%EC%9B%90%EC%8B%A0%EC%B2%AD%EC%84%9C%20%EB%B0%8F%20%EC%82%AC%EC%97%85%EA%B3%84%ED%9A%8D%EC%84%9C(%EC%96%91%EC%8B%9D).hwp / 202604281434360619.hwp: 404 Client Error: Not Found for url: https://www.bizinfo.go.kr/sii/siia/202604281434360619.hwp,https://www.bizinfo.go.kr/sii/siia/selectSIIA200Detail.do?pblancId=PBLN_000000000121397
PBLN_000000000121411,[울산] 울주군 2026년 강소기업 육성 기술 혁신 지원사업 추가모집 공고,울산광역시,fetched,url,safe,clear_selected_candidate,대표금액 후보가 명확함,type_changed:subsidy->support_amount,1000.0,subsidy,subtract,12,1000.0,support_amount,subtract,,2233,13668,(공고문) 2026년 울주군 강소기업 육성 기술 혁신 지원사업 추가모집.hwp: 400 Client Error: Bad Request for url: https://www.bizinfo.go.kr/sii/siia/(%EA%B3%B5%EA%B3%A0%EB%AC%B8)%202026%EB%85%84%20%EC%9A%B8%EC%A3%BC%EA%B5%B0%20%EA%B0%95%EC%86%8C%EA%B8%B0%EC%97%85%20%EC%9C%A1%EC%84%B1%20%EA%B8%B0%EC%88%A0%20%ED%98%81%EC%8B%A0%20%EC%A7%80%EC%9B%90%EC%82%AC%EC%97%85%20%EC%B6%94%EA%B0%80%EB%AA%A8%EC%A7%91.hwp / (서식) 울주군 강소기업 육성 기술 혁신 지원사업.hwp: 400 Client Error: Bad Request for url: https://www.bizinfo.go.kr/sii/siia/(%EC%84%9C%EC%8B%9D)%20%EC%9A%B8%EC%A3%BC%EA%B5%B0%20%EA%B0%95%EC%86%8C%EA%B8%B0%EC%97%85%20%EC%9C%A1%EC%84%B1%20%EA%B8%B0%EC%88%A0%20%ED%98%81%EC%8B%A0%20%EC%A7%80%EC%9B%90%EC%82%AC%EC%97%85.hwp / 202604281541320108.hwp: 404 Client Error: Not Found for url: https://www.bizinfo.go.kr/sii/siia/202604281541320108.hwp / 202605221600090520.hwp: 404 Client Error: Not Found for url: https://www.bizinfo.go.kr/sii/siia/202605221600090520.hwp,https://www.bizinfo.go.kr/sii/siia/selectSIIA200Detail.do?pblancId=PBLN_000000000121411
PBLN_000000000121415,[경남] 2026년 경남형 제조 AX 고도화 패스트트랙 지원사업 도입기업 모집 공고,경상남도,fetched,url,needs_review,selected_candidate_missing,금액 후보는 있으나 대표금액을 선택하지 못함,old_amount_without_new_selected_amount,30000.0,support_amount,subtract,10,,,,0.2,2597,17247,2026년 경남형 제조 AX 고도화 패스트트랙 지원사업 도입기업 모집공고.hwp: 400 Client Error: Bad Request for url: https://www.bizinfo.go.kr/sii/siia/2026%EB%85%84%20%EA%B2%BD%EB%82%A8%ED%98%95%20%EC%A0%9C%EC%A1%B0%20AX%20%EA%B3%A0%EB%8F%84%ED%99%94%20%ED%8C%A8%EC%8A%A4%ED%8A%B8%ED%8A%B8%EB%9E%99%20%EC%A7%80%EC%9B%90%EC%82%AC%EC%97%85%20%EB%8F%84%EC%9E%85%EA%B8%B0%EC%97%85%20%EB%AA%A8%EC%A7%91%EA%B3%B5%EA%B3%A0.hwp / 붙임. 2026년 경남형 제조 AX 고도화 패스트트랙 지원사업 붙임문서. (제1~4호 서식) 도입기업 신청서식.hwp: 400 Client Error: Bad Request for url: https://www.bizinfo.go.kr/sii/siia/%EB%B6%99%EC%9E%84.%202026%EB%85%84%20%EA%B2%BD%EB%82%A8%ED%98%95%20%EC%A0%9C%EC%A1%B0%20AX%20%EA%B3%A0%EB%8F%84%ED%99%94%20%ED%8C%A8%EC%8A%A4%ED%8A%B8%ED%8A%B8%EB%9E%99%20%EC%A7%80%EC%9B%90%EC%82%AC%EC%97%85%20%EB%B6%99%EC%9E%84%EB%AC%B8%EC%84%9C.%20(%EC%A0%9C1~4%ED%98%B8%20%EC%84%9C%EC%8B%9D)%20%EB%8F%84%EC%9E%85%EA%B8%B0%EC%97%85%20%EC%8B%A0%EC%B2%AD%EC%84%9C%EC%8B%9D.hwp / 202604290938480488.hwp: 404 Client Error: Not Found for url: https://www.bizinfo.go.kr/sii/siia/202604290938480488.hwp / 202604290938510478.hwp: 404 Client Error: Not Found for url: https://www.bizinfo.go.kr/sii/siia/202604290938510478.hwp,https://www.bizinfo.go.kr/sii/siia/selectSIIA200Detail.do?pblancId=PBLN_000000000121415
PBLN_000000000121417,[대구] 2026년 디지털전환 현장캠퍼스 지원대상 기업 모집 공고,대구광역시,fetched,url,safe,clear_selected_candidate,대표금액 후보가 명확함,,2000.0,support_amount,subtract,12,2000.0,support_amount,subtract,1.0,2262,12859,붙임1.+디지털전환+현장캠퍼스+2026년도+지원대상+기업+모집+공고문+.pdf: 400 Client Error: Bad Request for url: https://www.bizinfo.go.kr/sii/siia/%EB%B6%99%EC%9E%841.+%EB%94%94%EC%A7%80%ED%84%B8%EC%A0%84%ED%99%98+%ED%98%84%EC%9E%A5%EC%BA%A0%ED%8D%BC%EC%8A%A4+2026%EB%85%84%EB%8F%84+%EC%A7%80%EC%9B%90%EB%8C%80%EC%83%81+%EA%B8%B0%EC%97%85+%EB%AA%A8%EC%A7%91+%EA%B3%B5%EA%B3%A0%EB%AC%B8+.pdf / 202604290948190770.pdf: 404 Client Error: Not Found for url: https://www.bizinfo.go.kr/sii/siia/202604290948190770.pdf / 붙임2.+지원신청서+및+제출서식_맞춤+개발+프로젝트.hwp: 400 Client Error: Bad Request for url: https://www.bizinfo.go.kr/sii/siia/%EB%B6%99%EC%9E%842.+%EC%A7%80%EC%9B%90%EC%8B%A0%EC%B2%AD%EC%84%9C+%EB%B0%8F+%EC%A0%9C%EC%B6%9C%EC%84%9C%EC%8B%9D_%EB%A7%9E%EC%B6%A4+%EA%B0%9C%EB%B0%9C+%ED%94%84%EB%A1%9C%EC%A0%9D%ED%8A%B8.hwp / 붙임3.+지원신청서+및+제출서식_개발지원+전문서비스.hwp: 400 Client Error: Bad Request for url: https://www.bizinfo.go.kr/sii/siia/%EB%B6%99%EC%9E%843.+%EC%A7%80%EC%9B%90%EC%8B%A0%EC%B2%AD%EC%84%9C+%EB%B0%8F+%EC%A0%9C%EC%B6%9C%EC%84%9C%EC%8B%9D_%EA%B0%9C%EB%B0%9C%EC%A7%80%EC%9B%90+%EC%A0%84%EB%AC%B8%EC%84%9C%EB%B9%84%EC%8A%A4.hwp / 202604290948080968.hwp: 404 Client Error: Not Found for url: https://www.bizinfo.go.kr/sii/siia/202604290948080968.hwp / 202604290948090039.hwp: 404 Client Error: Not Found for url: https://www.bizinfo.go.kr/sii/siia/202604290948090039.hwp,https://www.bizinfo.go.kr/sii/siia/selectSIIA200Detail.do?pblancId=PBLN_000000000121417
PBLN_000000000121424,[경북] 고령군 2026년 지역발전 우수기업 환경개선 사업 참가기업 모집 공고,경상북도,fetched,url,safe,clear_selected_candidate,대표금액 후보가 명확함,,1000.0,support_amount,subtract,9,1000.0,support_amount,subtract,0.7,2236,8243,[붙임1] 2026년 고령군 지역발전 우수기업 환경개선 사업 참가기업 모집 공고.pdf: 400 Client Error: Bad Request for url: https://www.bizinfo.go.kr/sii/siia/%5B%EB%B6%99%EC%9E%841%5D%202026%EB%85%84%20%EA%B3%A0%EB%A0%B9%EA%B5%B0%20%EC%A7%80%EC%97%AD%EB%B0%9C%EC%A0%84%20%EC%9A%B0%EC%88%98%EA%B8%B0%EC%97%85%20%ED%99%98%EA%B2%BD%EA%B0%9C%EC%84%A0%20%EC%82%AC%EC%97%85%20%EC%B0%B8%EA%B0%80%EA%B8%B0%EC%97%85%20%EB%AA%A8%EC%A7%91%20%EA%B3%B5%EA%B3%A0.pdf / 202604291033400472.pdf: 404 Client Error: Not Found for url: https://www.bizinfo.go.kr/sii/siia/202604291033400472.pdf / 202604291033460920.hwpx: 404 Client Error: Not Found for url: https://www.bizinfo.go.kr/sii/siia/202604291033460920.hwpx / [붙임2] 2026년 고령군 지역발전 우수기업 환경개선 사업 신청 서식.hwpx: 400 Client Error: Bad Request for url: https://www.bizinfo.go.kr/sii/siia/%5B%EB%B6%99%EC%9E%842%5D%202026%EB%85%84%20%EA%B3%A0%EB%A0%B9%EA%B5%B0%20%EC%A7%80%EC%97%AD%EB%B0%9C%EC%A0%84%20%EC%9A%B0%EC%88%98%EA%B8%B0%EC%97%85%20%ED%99%98%EA%B2%BD%EA%B0%9C%EC%84%A0%20%EC%82%AC%EC%97%85%20%EC%8B%A0%EC%B2%AD%20%EC%84%9C%EC%8B%9D.hwpx,https://www.bizinfo.go.kr/sii/siia/selectSIIA200Detail.do?pblancId=PBLN_000000000121424
PBLN_000000000121426,[대구] 2026년 BIT융합캠퍼스(의료ㆍ헬스ㆍ바이오) 지원사업 기업 모집 공고,대구광역시,fetched,url,safe,clear_selected_candidate,대표금액 후보가 명확함,type_changed:support_ratio->support_amount | roi_method_changed:ratio_cap->subtract,7500.0,support_ratio,ratio_cap,12,7500.0,support_amount,subtract,0.25,2561,26772,붙임1_『3-2+기업집적지+현장캠퍼스+운영』_BIT융합캠퍼스+2026년도+지원사업+기업+모집+공고문.pdf: 400 Client Error: Bad Request for url: https://www.bizinfo.go.kr/sii/siia/%EB%B6%99%EC%9E%841_%E3%80%8E3-2+%EA%B8%B0%EC%97%85%EC%A7%91%EC%A0%81%EC%A7%80+%ED%98%84%EC%9E%A5%EC%BA%A0%ED%8D%BC%EC%8A%A4+%EC%9A%B4%EC%98%81%E3%80%8F_BIT%EC%9C%B5%ED%95%A9%EC%BA%A0%ED%8D%BC%EC%8A%A4+2026%EB%85%84%EB%8F%84+%EC%A7%80%EC%9B%90%EC%82%AC%EC%97%85+%EA%B8%B0%EC%97%85+%EB%AA%A8%EC%A7%91+%EA%B3%B5%EA%B3%A0%EB%AC%B8.pdf / 붙임2_『3-2+기업집적지+현장캠퍼스+운영』_BIT융합캠퍼스+2026년도+BIT융합+프로젝트랩+지원신청서.pdf: 400 Client Error: Bad Request for url: https://www.bizinfo.go.kr/sii/siia/%EB%B6%99%EC%9E%842_%E3%80%8E3-2+%EA%B8%B0%EC%97%85%EC%A7%91%EC%A0%81%EC%A7%80+%ED%98%84%EC%9E%A5%EC%BA%A0%ED%8D%BC%EC%8A%A4+%EC%9A%B4%EC%98%81%E3%80%8F_BIT%EC%9C%B5%ED%95%A9%EC%BA%A0%ED%8D%BC%EC%8A%A4+2026%EB%85%84%EB%8F%84+BIT%EC%9C%B5%ED%95%A9+%ED%94%84%EB%A1%9C%EC%A0%9D%ED%8A%B8%EB%9E%A9+%EC%A7%80%EC%9B%90%EC%8B%A0%EC%B2%AD%EC%84%9C.pdf / 202604291048070178.pdf: 404 Client Error: Not Found for url: https://www.bizinfo.go.kr/sii/siia/202604291048070178.pdf / 202604291051390814.pdf: 404 Client Error: Not Found for url: https://www.bizinfo.go.kr/sii/siia/202604291051390814.pdf / 붙임2_『3-2+기업집적지+현장캠퍼스+운영』_BIT융합캠퍼스+2026년도+BIT융합+프로젝트랩+지원신청서.hwpx: 400 Client Error: Bad Request for url: https://www.bizinfo.go.kr/sii/siia/%EB%B6%99%EC%9E%842_%E3%80%8E3-2+%EA%B8%B0%EC%97%85%EC%A7%91%EC%A0%81%EC%A7%80+%ED%98%84%EC%9E%A5%EC%BA%A0%ED%8D%BC%EC%8A%A4+%EC%9A%B4%EC%98%81%E3%80%8F_BIT%EC%9C%B5%ED%95%A9%EC%BA%A0%ED%8D%BC%EC%8A%A4+2026%EB%85%84%EB%8F%84+BIT%EC%9C%B5%ED%95%A9+%ED%94%84%EB%A1%9C%EC%A0%9D%ED%8A%B8%EB%9E%A9+%EC%A7%80%EC%9B%90%EC%8B%A0%EC%B2%AD%EC%84%9C.hwpx / 붙임3_『3-2+기업집적지+현장캠퍼스+운영』_BIT융합캠퍼스+2026년도+전문시설+활용+지원신청서.hwpx: 400 Client Error: Bad Request for url: https://www.bizinfo.go.kr/sii/siia/%EB%B6%99%EC%9E%843_%E3%80%8E3-2+%EA%B8%B0%EC%97%85%EC%A7%91%EC%A0%81%EC%A7%80+%ED%98%84%EC%9E%A5%EC%BA%A0%ED%8D%BC%EC%8A%A4+%EC%9A%B4%EC%98%81%E3%80%8F_BIT%EC%9C%B5%ED%95%A9%EC%BA%A0%ED%8D%BC%EC%8A%A4+2026%EB%85%84%EB%8F%84+%EC%A0%84%EB%AC%B8%EC%8B%9C%EC%84%A4+%ED%99%9C%EC%9A%A9+%EC%A7%80%EC%9B%90%EC%8B%A0%EC%B2%AD%EC%84%9C.hwpx / 202604291050100667.hwpx: 404 Client Error: Not Found for url: https://www.bizinfo.go.kr/sii/siia/202604291050100667.hwpx / 202604291051390961.hwpx: 404 Client Error: Not Found for url: https://www.bizinfo.go.kr/sii/siia/202604291051390961.hwpx,https://www.bizinfo.go.kr/sii/siia/selectSIIA200Detail.do?pblancId=PBLN_000000000121426
PBLN_000000000121442,[인천] 2026년 소규모 제조업 중대재해 예방 안전조치 지원사업 참여기업 모집 공고,인천광역시,fetched,url,safe,clear_selected_candidate,대표금액 후보가 명확함,,250.0,support_amount,subtract,9,250.0,support_amount,subtract,,1817,9120,(붙임)2026 인천 소규모 제조업 중대재해 예방 안전조치 지원사업 모집 공고문 및 신청서식_260427.hwp: 400 Client Error: Bad Request for url: https://www.bizinfo.go.kr/sii/siia/(%EB%B6%99%EC%9E%84)2026%20%EC%9D%B8%EC%B2%9C%20%EC%86%8C%EA%B7%9C%EB%AA%A8%20%EC%A0%9C%EC%A1%B0%EC%97%85%20%EC%A4%91%EB%8C%80%EC%9E%AC%ED%95%B4%20%EC%98%88%EB%B0%A9%20%EC%95%88%EC%A0%84%EC%A1%B0%EC%B9%98%20%EC%A7%80%EC%9B%90%EC%82%AC%EC%97%85%20%EB%AA%A8%EC%A7%91%20%EA%B3%B5%EA%B3%A0%EB%AC%B8%20%EB%B0%8F%20%EC%8B%A0%EC%B2%AD%EC%84%9C%EC%8B%9D_260427.hwp / 202604291342550157.hwp: 404 Client Error: Not Found for url: https://www.bizinfo.go.kr/sii/siia/202604291342550157.hwp,https://www.bizinfo.go.kr/sii/siia/selectSIIA200Detail.do?pblancId=PBLN_000000000121442
PBLN_000000000121444,[경기] 군포시 2026년 품질경쟁력 강화 지원사업 참여기업 모집 공고,경기도,fetched,url,safe,clear_selected_candidate,대표금액 후보가 명확함,,300.0,support_amount,subtract,13,300.0,support_amount,subtract,0.8,2257,7801,1. 2026년 품질경쟁력 강화 지원사업 공고문.pdf: 400 Client Error: Bad Request for url: https://www.bizinfo.go.kr/sii/siia/1.%202026%EB%85%84%20%ED%92%88%EC%A7%88%EA%B2%BD%EC%9F%81%EB%A0%A5%20%EA%B0%95%ED%99%94%20%EC%A7%80%EC%9B%90%EC%82%AC%EC%97%85%20%EA%B3%B5%EA%B3%A0%EB%AC%B8.pdf / 202604291401530717.pdf: 404 Client Error: Not Found for url: https://www.bizinfo.go.kr/sii/siia/202604291401530717.pdf / 2. [군포산업진흥원] 품질경쟁력 강화 지원사업 신청서 양식.hwp: 400 Client Error: Bad Request for url: https://www.bizinfo.go.kr/sii/siia/2.%20%5B%EA%B5%B0%ED%8F%AC%EC%82%B0%EC%97%85%EC%A7%84%ED%9D%A5%EC%9B%90%5D%20%ED%92%88%EC%A7%88%EA%B2%BD%EC%9F%81%EB%A0%A5%20%EA%B0%95%ED%99%94%20%EC%A7%80%EC%9B%90%EC%82%AC%EC%97%85%20%EC%8B%A0%EC%B2%AD%EC%84%9C%20%EC%96%91%EC%8B%9D.hwp / 202604291401580429.hwp: 404 Client Error: Not Found for url: https://www.bizinfo.go.kr/sii/siia/202604291401580429.hwp,https://www.bizinfo.go.kr/sii/siia/selectSIIA200Detail.do?pblancId=PBLN_000000000121444
PBLN_000000000121591,[충남] 2026년 수소상용차 부품 성능 검증 기반 구축 사업 장비활용 지원 수혜기업 상시 모집 공고,충청남도,fetched,url,safe,clear_selected_candidate,대표금액 후보가 명확함,,1000.0,support_amount,subtract,4,1000.0,support_amount,subtract,,2229,1974,1. (공고문)「2026년 수소상용차 부품 성능 검증 기반 구축」사업 장비활용 지원 수혜기업 모집(공고번호).pdf: 400 Client Error: Bad Request for url: https://www.bizinfo.go.kr/sii/siia/1.%20(%EA%B3%B5%EA%B3%A0%EB%AC%B8)%E3%80%8C2026%EB%85%84%20%EC%88%98%EC%86%8C%EC%83%81%EC%9A%A9%EC%B0%A8%20%EB%B6%80%ED%92%88%20%EC%84%B1%EB%8A%A5%20%EA%B2%80%EC%A6%9D%20%EA%B8%B0%EB%B0%98%20%EA%B5%AC%EC%B6%95%E3%80%8D%EC%82%AC%EC%97%85%20%EC%9E%A5%EB%B9%84%ED%99%9C%EC%9A%A9%20%EC%A7%80%EC%9B%90%20%EC%88%98%ED%98%9C%EA%B8%B0%EC%97%85%20%EB%AA%A8%EC%A7%91(%EA%B3%B5%EA%B3%A0%EB%B2%88%ED%98%B8).pdf / 202605041454320735.pdf: 404 Client Error: Not Found for url: https://www.bizinfo.go.kr/sii/siia/202605041454320735.pdf,https://www.bizinfo.go.kr/sii/siia/selectSIIA200Detail.do?pblancId=PBLN_000000000121591
PBLN_000000000121614,[전남광주] 2026년 스마트공장 지원계획 공고,중소벤처기업부,fetched,url,needs_review,selected_candidate_missing,금액 후보는 있으나 대표금액을 선택하지 못함,old_amount_without_new_selected_amount,80000.0,subsidy,subtract,12,,,,0.2,2290,3384,2026년광주광역시스마트공장지원계획공고문_260430.pdf: 400 Client Error: Bad Request for url: https://www.bizinfo.go.kr/sii/siia/2026%EB%85%84%EA%B4%91%EC%A3%BC%EA%B4%91%EC%97%AD%EC%8B%9C%EC%8A%A4%EB%A7%88%ED%8A%B8%EA%B3%B5%EC%9E%A5%EC%A7%80%EC%9B%90%EA%B3%84%ED%9A%8D%EA%B3%B5%EA%B3%A0%EB%AC%B8_260430.pdf / 202605061049160186.pdf: 404 Client Error: Not Found for url: https://www.bizinfo.go.kr/sii/siia/202605061049160186.pdf,https://www.bizinfo.go.kr/sii/siia/selectSIIA200Detail.do?pblancId=PBLN_000000000121614
PBLN_000000000121617,2026년 조달청 우수제품 지정계획 변경 공고,조달청,fetched,url,needs_review,candidate_missing,금액 후보 자체를 찾지 못함,,,unknown,recommend_only,0,,,,,1871,12056,2026년 우수제품 지정 계획 변경 공고(1차).hwpx: 400 Client Error: Bad Request for url: https://www.bizinfo.go.kr/sii/siia/2026%EB%85%84%20%EC%9A%B0%EC%88%98%EC%A0%9C%ED%92%88%20%EC%A7%80%EC%A0%95%20%EA%B3%84%ED%9A%8D%20%EB%B3%80%EA%B2%BD%20%EA%B3%B5%EA%B3%A0(1%EC%B0%A8).hwpx / 202605061107220289.hwpx: 404 Client Error: Not Found for url: https://www.bizinfo.go.kr/sii/siia/202605061107220289.hwpx,https://www.bizinfo.go.kr/sii/siia/selectSIIA200Detail.do?pblancId=PBLN_000000000121617
PBLN_000000000121664,2026년 IP투자연계 지식재산평가 지원사업 공고,지식재산처,fetched,url,safe,clear_selected_candidate,대표금액 후보가 명확함,,1500.0,support_amount,subtract,19,1500.0,support_amount,subtract,0.8,1894,24128,2026년_IP투자연계_지식재산평가_지원사업_재공고_최종_hwp.pdf: 400 Client Error: Bad Request for url: https://www.bizinfo.go.kr/sii/siia/2026%EB%85%84_IP%ED%88%AC%EC%9E%90%EC%97%B0%EA%B3%84_%EC%A7%80%EC%8B%9D%EC%9E%AC%EC%82%B0%ED%8F%89%EA%B0%80_%EC%A7%80%EC%9B%90%EC%82%AC%EC%97%85_%EC%9E%AC%EA%B3%B5%EA%B3%A0_%EC%B5%9C%EC%A2%85_hwp.pdf / 202605061522020308.pdf: 404 Client Error: Not Found for url: https://www.bizinfo.go.kr/sii/siia/202605061522020308.pdf / 2026년_IP투자연계_지식재산평가_지원사업_재공고_최종_hwp.hwp: 400 Client Error: Bad Request for url: https://www.bizinfo.go.kr/sii/siia/2026%EB%85%84_IP%ED%88%AC%EC%9E%90%EC%97%B0%EA%B3%84_%EC%A7%80%EC%8B%9D%EC%9E%AC%EC%82%B0%ED%8F%89%EA%B0%80_%EC%A7%80%EC%9B%90%EC%82%AC%EC%97%85_%EC%9E%AC%EA%B3%B5%EA%B3%A0_%EC%B5%9C%EC%A2%85_hwp.hwp / 202605061521500910.hwp: 404 Client Error: Not Found for url: https://www.bizinfo.go.kr/sii/siia/202605061521500910.hwp,https://www.bizinfo.go.kr/sii/siia/selectSIIA200Detail.do?pblancId=PBLN_000000000121664
PBLN_000000000121677,[충남] 2026년 대전상공회의소 ESG 경영 컨설팅 지원사업 참여기업 모집 공고,충청남도,fetched,url,safe,clear_selected_candidate,대표금액 후보가 명확함,,300.0,support_amount,subtract,1,300.0,support_amount,subtract,1.0,2135,2621,대전상공회의소 ESG 경영 컨설팅 지원사업 공고_2026 (1).hwp: 400 Client Error: Bad Request for url: https://www.bizinfo.go.kr/sii/siia/%EB%8C%80%EC%A0%84%EC%83%81%EA%B3%B5%ED%9A%8C%EC%9D%98%EC%86%8C%20ESG%20%EA%B2%BD%EC%98%81%20%EC%BB%A8%EC%84%A4%ED%8C%85%20%EC%A7%80%EC%9B%90%EC%82%AC%EC%97%85%20%EA%B3%B5%EA%B3%A0_2026%20(1).hwp / 202605071048010861.hwp: 404 Client Error: Not Found for url: https://www.bizinfo.go.kr/sii/siia/202605071048010861.hwp,https://www.bizinfo.go.kr/sii/siia/selectSIIA200Detail.do?pblancId=PBLN_000000000121677
PBLN_000000000121697,[경북] 2026년 중대재해 예방 사각지대 해소 지원사업 참여기업 모집 공고,경상북도,fetched,url,needs_review,candidate_missing,금액 후보 자체를 찾지 못함,,,unknown,recommend_only,0,,,,,2321,826,[붙임1] 「경상북도 중대재해 예방 사각지대 해소 지원사업」참여기업 모집공고.pdf: 400 Client Error: Bad Request for url: https://www.bizinfo.go.kr/sii/siia/%5B%EB%B6%99%EC%9E%841%5D%20%E3%80%8C%EA%B2%BD%EC%83%81%EB%B6%81%EB%8F%84%20%EC%A4%91%EB%8C%80%EC%9E%AC%ED%95%B4%20%EC%98%88%EB%B0%A9%20%EC%82%AC%EA%B0%81%EC%A7%80%EB%8C%80%20%ED%95%B4%EC%86%8C%20%EC%A7%80%EC%9B%90%EC%82%AC%EC%97%85%E3%80%8D%EC%B0%B8%EC%97%AC%EA%B8%B0%EC%97%85%20%EB%AA%A8%EC%A7%91%EA%B3%B5%EA%B3%A0.pdf / 202605071331210183.pdf: 404 Client Error: Not Found for url: https://www.bizinfo.go.kr/sii/siia/202605071331210183.pdf / 202605071331160223.hwp: 404 Client Error: Not Found for url: https://www.bizinfo.go.kr/sii/siia/202605071331160223.hwp / [붙임2-1] 사업 참여신청서.hwp: 400 Client Error: Bad Request for url: https://www.bizinfo.go.kr/sii/siia/%5B%EB%B6%99%EC%9E%842-1%5D%20%EC%82%AC%EC%97%85%20%EC%B0%B8%EC%97%AC%EC%8B%A0%EC%B2%AD%EC%84%9C.hwp,https://www.bizinfo.go.kr/sii/siia/selectSIIA200Detail.do?pblancId=PBLN_000000000121697
PBLN_000000000121702,[강원] 2026년 수출단체보험 가입 희망기업 모집 공고(강원특별자치도청 전액 보험료지원),강원특별자치도,fetched,url,needs_review,selected_candidate_missing,금액 후보는 있으나 대표금액을 선택하지 못함,,,support_ratio,ratio_cap,1,,,,0.95,1433,9031,2026년 강원특별자치도청 수출단체보험 안내문+.pdf: 400 Client Error: Bad Request for url: https://www.bizinfo.go.kr/sii/siia/2026%EB%85%84%20%EA%B0%95%EC%9B%90%ED%8A%B9%EB%B3%84%EC%9E%90%EC%B9%98%EB%8F%84%EC%B2%AD%20%EC%88%98%EC%B6%9C%EB%8B%A8%EC%B2%B4%EB%B3%B4%ED%97%98%20%EC%95%88%EB%82%B4%EB%AC%B8+.pdf / 202605071347010547.pdf: 404 Client Error: Not Found for url: https://www.bizinfo.go.kr/sii/siia/202605071347010547.pdf / 2026년 강원특별자치도청 수출단체보험 안내문.hwp: 400 Client Error: Bad Request for url: https://www.bizinfo.go.kr/sii/siia/2026%EB%85%84%20%EA%B0%95%EC%9B%90%ED%8A%B9%EB%B3%84%EC%9E%90%EC%B9%98%EB%8F%84%EC%B2%AD%20%EC%88%98%EC%B6%9C%EB%8B%A8%EC%B2%B4%EB%B3%B4%ED%97%98%20%EC%95%88%EB%82%B4%EB%AC%B8.hwp / 202605071346530507.hwp: 404 Client Error: Not Found for url: https://www.bizinfo.go.kr/sii/siia/202605071346530507.hwp,https://www.bizinfo.go.kr/sii/siia/selectSIIA200Detail.do?pblancId=PBLN_000000000121702
PBLN_000000000121777,[울산] 2026년 소상공인 산재보험료 지원사업 공고,울산광역시,fetched,url,needs_review,selected_candidate_missing,금액 후보는 있으나 대표금액을 선택하지 못함,,,support_ratio,ratio_cap,2,,,,0.8,1476,13715,2026년 소상공인 산재보험료 지원사업 공고문.pdf: 400 Client Error: Bad Request for url: https://www.bizinfo.go.kr/sii/siia/2026%EB%85%84%20%EC%86%8C%EC%83%81%EA%B3%B5%EC%9D%B8%20%EC%82%B0%EC%9E%AC%EB%B3%B4%ED%97%98%EB%A3%8C%20%EC%A7%80%EC%9B%90%EC%82%AC%EC%97%85%20%EA%B3%B5%EA%B3%A0%EB%AC%B8.pdf / 202605081433230765.pdf: 404 Client Error: Not Found for url: https://www.bizinfo.go.kr/sii/siia/202605081433230765.pdf / 2026년 소상공인 산재보험료 지원사업 공고문.hwp: 400 Client Error: Bad Request for url: https://www.bizinfo.go.kr/sii/siia/2026%EB%85%84%20%EC%86%8C%EC%83%81%EA%B3%B5%EC%9D%B8%20%EC%82%B0%EC%9E%AC%EB%B3%B4%ED%97%98%EB%A3%8C%20%EC%A7%80%EC%9B%90%EC%82%AC%EC%97%85%20%EA%B3%B5%EA%B3%A0%EB%AC%B8.hwp / 202605081433280195.hwp: 404 Client Error: Not Found for url: https://www.bizinfo.go.kr/sii/siia/202605081433280195.hwp,https://www.bizinfo.go.kr/sii/siia/selectSIIA200Detail.do?pblancId=PBLN_000000000121777
PBLN_000000000121784,[경기] 2026년 로봇직업교육센터 취업 연계 지원사업 참여기업 모집 공고,경기도,fetched,url,safe,clear_selected_candidate,대표금액 후보가 명확함,type_changed:subsidy->support_amount,210.0,subsidy,subtract,5,210.0,support_amount,subtract,,1815,4868,붙임 1. (공고문) 참여기업 모집공고.hwp: 400 Client Error: Bad Request for url: https://www.bizinfo.go.kr/sii/siia/%EB%B6%99%EC%9E%84%201.%20(%EA%B3%B5%EA%B3%A0%EB%AC%B8)%20%EC%B0%B8%EC%97%AC%EA%B8%B0%EC%97%85%20%EB%AA%A8%EC%A7%91%EA%B3%B5%EA%B3%A0.hwp / 202605081507020683.hwp: 404 Client Error: Not Found for url: https://www.bizinfo.go.kr/sii/siia/202605081507020683.hwp,https://www.bizinfo.go.kr/sii/siia/selectSIIA200Detail.do?pblancId=PBLN_000000000121784
PBLN_000000000121785,[전남광주] 2026년 소규모 밀착 안전망 구축사업 참여기업 모집 공고(지역 중대재해 예방 사각지대 해소사업),전남광주통합특별시,fetched,url,needs_review,large_amount_delta,기존 금액과 새 대표금액 차이가 큼,"amount_delta_20_percent:old=10000,new=25",10000.0,support_amount,subtract,11,25.0,support_amount,subtract,,1658,7212,광주광역시소규모밀착안전망구축사업참여기업모집공고.pdf: 400 Client Error: Bad Request for url: https://www.bizinfo.go.kr/sii/siia/%EA%B4%91%EC%A3%BC%EA%B4%91%EC%97%AD%EC%8B%9C%EC%86%8C%EA%B7%9C%EB%AA%A8%EB%B0%80%EC%B0%A9%EC%95%88%EC%A0%84%EB%A7%9D%EA%B5%AC%EC%B6%95%EC%82%AC%EC%97%85%EC%B0%B8%EC%97%AC%EA%B8%B0%EC%97%85%EB%AA%A8%EC%A7%91%EA%B3%B5%EA%B3%A0.pdf / 202605081507150677.pdf: 404 Client Error: Not Found for url: https://www.bizinfo.go.kr/sii/siia/202605081507150677.pdf / 202605081507030259.hwp: 404 Client Error: Not Found for url: https://www.bizinfo.go.kr/sii/siia/202605081507030259.hwp / 202605081507030381.hwp: 404 Client Error: Not Found for url: https://www.bizinfo.go.kr/sii/siia/202605081507030381.hwp / 붙임1-1.(서식)2026년소규모밀착안전망구축사업참여신청서(제조).hwp: 400 Client Error: Bad Request for url: https://www.bizinfo.go.kr/sii/siia/%EB%B6%99%EC%9E%841-1.(%EC%84%9C%EC%8B%9D)2026%EB%85%84%EC%86%8C%EA%B7%9C%EB%AA%A8%EB%B0%80%EC%B0%A9%EC%95%88%EC%A0%84%EB%A7%9D%EA%B5%AC%EC%B6%95%EC%82%AC%EC%97%85%EC%B0%B8%EC%97%AC%EC%8B%A0%EC%B2%AD%EC%84%9C(%EC%A0%9C%EC%A1%B0).hwp / 붙임1-2.(서식)2026년소규모밀착안전망구축사업참여신청서(건설).hwp: 400 Client Error: Bad Request for url: https://www.bizinfo.go.kr/sii/siia/%EB%B6%99%EC%9E%841-2.(%EC%84%9C%EC%8B%9D)2026%EB%85%84%EC%86%8C%EA%B7%9C%EB%AA%A8%EB%B0%80%EC%B0%A9%EC%95%88%EC%A0%84%EB%A7%9D%EA%B5%AC%EC%B6%95%EC%82%AC%EC%97%85%EC%B0%B8%EC%97%AC%EC%8B%A0%EC%B2%AD%EC%84%9C(%EA%B1%B4%EC%84%A4).hwp,https://www.bizinfo.go.kr/sii/siia/selectSIIA200Detail.do?pblancId=PBLN_000000000121785
PBLN_000000000121849,전기차 차체ㆍ섀시 충돌안전 기업지원 연장 공고(xEV 보호차체 충돌안전 기업지원사업),경상북도,fetched,url,needs_review,selected_candidate_missing,금액 후보는 있으나 대표금액을 선택하지 못함,old_amount_without_new_selected_amount,3000.0,support_amount,subtract,3,,,,0.5,2501,8862,전기차 차체섀시 충돌안전 기업지원 공고(xEV 보호차체 충돌안전 기업지원사업).hwp: 400 Client Error: Bad Request for url: https://www.bizinfo.go.kr/sii/siia/%EC%A0%84%EA%B8%B0%EC%B0%A8%20%EC%B0%A8%EC%B2%B4%EC%84%80%EC%8B%9C%20%EC%B6%A9%EB%8F%8C%EC%95%88%EC%A0%84%20%EA%B8%B0%EC%97%85%EC%A7%80%EC%9B%90%20%EA%B3%B5%EA%B3%A0(xEV%20%EB%B3%B4%ED%98%B8%EC%B0%A8%EC%B2%B4%20%EC%B6%A9%EB%8F%8C%EC%95%88%EC%A0%84%20%EA%B8%B0%EC%97%85%EC%A7%80%EC%9B%90%EC%82%AC%EC%97%85).hwp / 202605111502230347.hwp: 404 Client Error: Not Found for url: https://www.bizinfo.go.kr/sii/siia/202605111502230347.hwp / 202605111505500015.hwp: 404 Client Error: Not Found for url: https://www.bizinfo.go.kr/sii/siia/202605111505500015.hwp / 신청서식.hwp: 400 Client Error: Bad Request for url: https://www.bizinfo.go.kr/sii/siia/%EC%8B%A0%EC%B2%AD%EC%84%9C%EC%8B%9D.hwp,https://www.bizinfo.go.kr/sii/siia/selectSIIA200Detail.do?pblancId=PBLN_000000000121849
PBLN_000000000121853,2026년 업종별 임금체계 개선 지원 사업 참여기업 모집 공고,고용노동부,fetched,url,needs_review,selected_candidate_missing,금액 후보는 있으나 대표금액을 선택하지 못함,old_amount_without_new_selected_amount,8000.0,support_amount,subtract,1,,,,,2363,1726,1. 2026 IT업종 임금체계 개선 컨설팅_지면 홍보물.pdf: 400 Client Error: Bad Request for url: https://www.bizinfo.go.kr/sii/siia/1.%202026%20IT%EC%97%85%EC%A2%85%20%EC%9E%84%EA%B8%88%EC%B2%B4%EA%B3%84%20%EA%B0%9C%EC%84%A0%20%EC%BB%A8%EC%84%A4%ED%8C%85_%EC%A7%80%EB%A9%B4%20%ED%99%8D%EB%B3%B4%EB%AC%BC.pdf / 202605120944470312.pdf: 404 Client Error: Not Found for url: https://www.bizinfo.go.kr/sii/siia/202605120944470312.pdf,https://www.bizinfo.go.kr/sii/siia/selectSIIA200Detail.do?pblancId=PBLN_000000000121853
PBLN_000000000121868,2026년 생활화학제품 안전관리 컨설팅 지원사업 참여기업 모집 공고,기후에너지환경부,fetched,url,needs_review,candidate_missing,금액 후보 자체를 찾지 못함,,,unknown,recommend_only,0,,,,,1916,8864,(통합본)_컨설팅_지원사업_공고문.hwp: 400 Client Error: Bad Request for url: https://www.bizinfo.go.kr/sii/siia/(%ED%86%B5%ED%95%A9%EB%B3%B8)_%EC%BB%A8%EC%84%A4%ED%8C%85_%EC%A7%80%EC%9B%90%EC%82%AC%EC%97%85_%EA%B3%B5%EA%B3%A0%EB%AC%B8.hwp / 붙임1._생활화학제품_안전관리_컨설팅_지원사업_신청서(서식).hwp: 400 Client Error: Bad Request for url: https://www.bizinfo.go.kr/sii/siia/%EB%B6%99%EC%9E%841._%EC%83%9D%ED%99%9C%ED%99%94%ED%95%99%EC%A0%9C%ED%92%88_%EC%95%88%EC%A0%84%EA%B4%80%EB%A6%AC_%EC%BB%A8%EC%84%A4%ED%8C%85_%EC%A7%80%EC%9B%90%EC%82%AC%EC%97%85_%EC%8B%A0%EC%B2%AD%EC%84%9C(%EC%84%9C%EC%8B%9D).hwp / 202605121131450995.hwp: 404 Client Error: Not Found for url: https://www.bizinfo.go.kr/sii/siia/202605121131450995.hwp / 202605121131500885.hwp: 404 Client Error: Not Found for url: https://www.bizinfo.go.kr/sii/siia/202605121131500885.hwp / 202605121131500957.hwp: 404 Client Error: Not Found for url: https://www.bizinfo.go.kr/sii/siia/202605121131500957.hwp / 붙임2._자주_하는_질문(FAQ).hwp: 400 Client Error: Bad Request for url: https://www.bizinfo.go.kr/sii/siia/%EB%B6%99%EC%9E%842._%EC%9E%90%EC%A3%BC_%ED%95%98%EB%8A%94_%EC%A7%88%EB%AC%B8(FAQ).hwp,https://www.bizinfo.go.kr/sii/siia/selectSIIA200Detail.do?pblancId=PBLN_000000000121868
PBLN_000000000121945,2026년 자이언트캐스팅(다이캐스팅) 부품 시험ㆍ평가ㆍ인증 및 기술지도 지원 시행 공고(자이언트캐스팅 공용센터 기반구축 사업),과학기술정보통신부,fetched,url,needs_review,large_amount_delta,기존 금액과 새 대표금액 차이가 큼,"amount_delta_20_percent:old=1000,new=200",1000.0,subsidy,subtract,5,200.0,subsidy,subtract,0.5,2383,4118,(260512)_2026년_자이언트캐스팅_시험평가지원_기술지도_시행공고문.pdf: 400 Client Error: Bad Request for url: https://www.bizinfo.go.kr/sii/siia/(260512)_2026%EB%85%84_%EC%9E%90%EC%9D%B4%EC%96%B8%ED%8A%B8%EC%BA%90%EC%8A%A4%ED%8C%85_%EC%8B%9C%ED%97%98%ED%8F%89%EA%B0%80%EC%A7%80%EC%9B%90_%EA%B8%B0%EC%88%A0%EC%A7%80%EB%8F%84_%EC%8B%9C%ED%96%89%EA%B3%B5%EA%B3%A0%EB%AC%B8.pdf / 202605131432550683.pdf: 404 Client Error: Not Found for url: https://www.bizinfo.go.kr/sii/siia/202605131432550683.pdf,https://www.bizinfo.go.kr/sii/siia/selectSIIA200Detail.do?pblancId=PBLN_000000000121945
PBLN_000000000121956,2026년 시흥시 (국비)금형 디지털전환 지원사업 기술지도 모집 공고,경기도,fetched,url,safe,clear_selected_candidate,대표금액 후보가 명확함,type_changed:support_amount->non_cash | roi_method_changed:subtract->recommend_only,200.0,support_amount,subtract,3,200.0,non_cash,recommend_only,1.0,2157,6251,[제2026-105호] (국비)금형 디지털전환 지원사업 2026년 기술지도 공고문.hwp: 400 Client Error: Bad Request for url: https://www.bizinfo.go.kr/sii/siia/%5B%EC%A0%9C2026-105%ED%98%B8%5D%20(%EA%B5%AD%EB%B9%84)%EA%B8%88%ED%98%95%20%EB%94%94%EC%A7%80%ED%84%B8%EC%A0%84%ED%99%98%20%EC%A7%80%EC%9B%90%EC%82%AC%EC%97%85%202026%EB%85%84%20%EA%B8%B0%EC%88%A0%EC%A7%80%EB%8F%84%20%EA%B3%B5%EA%B3%A0%EB%AC%B8.hwp / 202605131456540895.hwp: 404 Client Error: Not Found for url: https://www.bizinfo.go.kr/sii/siia/202605131456540895.hwp,https://www.bizinfo.go.kr/sii/siia/selectSIIA200Detail.do?pblancId=PBLN_000000000121956
PBLN_000000000122045,2026년 연구조직(기업부설연구소 등) 설립 및 기술ㆍ경영혁신 인증 지원사업 참여기업 모집 공고,대구광역시,fetched,url,needs_review,selected_candidate_missing,금액 후보는 있으나 대표금액을 선택하지 못함,old_amount_without_new_selected_amount,5000.0,unknown,recommend_only,4,,,,,2565,23446,2026년 연구조직(기업부설연구소 등) 설립 및 기술·경영혁신 인증 지원사업 참여기업 모집 공고문.pdf: 400 Client Error: Bad Request for url: https://www.bizinfo.go.kr/sii/siia/2026%EB%85%84%20%EC%97%B0%EA%B5%AC%EC%A1%B0%EC%A7%81(%EA%B8%B0%EC%97%85%EB%B6%80%EC%84%A4%EC%97%B0%EA%B5%AC%EC%86%8C%20%EB%93%B1)%20%EC%84%A4%EB%A6%BD%20%EB%B0%8F%20%EA%B8%B0%EC%88%A0%C2%B7%EA%B2%BD%EC%98%81%ED%98%81%EC%8B%A0%20%EC%9D%B8%EC%A6%9D%20%EC%A7%80%EC%9B%90%EC%82%AC%EC%97%85%20%EC%B0%B8%EC%97%AC%EA%B8%B0%EC%97%85%20%EB%AA%A8%EC%A7%91%20%EA%B3%B5%EA%B3%A0%EB%AC%B8.pdf / 붙임 2. (양식2) 2026년 기술·경영혁신 인증지원사업 신청서.pdf: 400 Client Error: Bad Request for url: https://www.bizinfo.go.kr/sii/siia/%EB%B6%99%EC%9E%84%202.%20(%EC%96%91%EC%8B%9D2)%202026%EB%85%84%20%EA%B8%B0%EC%88%A0%C2%B7%EA%B2%BD%EC%98%81%ED%98%81%EC%8B%A0%20%EC%9D%B8%EC%A6%9D%EC%A7%80%EC%9B%90%EC%82%AC%EC%97%85%20%EC%8B%A0%EC%B2%AD%EC%84%9C.pdf / 202605151122540962.pdf: 404 Client Error: Not Found for url: https://www.bizinfo.go.kr/sii/siia/202605151122540962.pdf / 202605151203430452.pdf: 404 Client Error: Not Found for url: https://www.bizinfo.go.kr/sii/siia/202605151203430452.pdf / 붙임 1. (양식1) 2026년 연구조직 설립·확대 지원사업 지원신청서.hwp: 400 Client Error: Bad Request for url: https://www.bizinfo.go.kr/sii/siia/%EB%B6%99%EC%9E%84%201.%20(%EC%96%91%EC%8B%9D1)%202026%EB%85%84%20%EC%97%B0%EA%B5%AC%EC%A1%B0%EC%A7%81%20%EC%84%A4%EB%A6%BD%C2%B7%ED%99%95%EB%8C%80%20%EC%A7%80%EC%9B%90%EC%82%AC%EC%97%85%20%EC%A7%80%EC%9B%90%EC%8B%A0%EC%B2%AD%EC%84%9C.hwp / 붙임 2. (양식2) 2026년 기술·경영혁신 인증지원사업 신청서.hwp: 400 Client Error: Bad Request for url: https://www.bizinfo.go.kr/sii/siia/%EB%B6%99%EC%9E%84%202.%20(%EC%96%91%EC%8B%9D2)%202026%EB%85%84%20%EA%B8%B0%EC%88%A0%C2%B7%EA%B2%BD%EC%98%81%ED%98%81%EC%8B%A0%20%EC%9D%B8%EC%A6%9D%EC%A7%80%EC%9B%90%EC%82%AC%EC%97%85%20%EC%8B%A0%EC%B2%AD%EC%84%9C.hwp / 202605151123000887.hwp: 404 Client Error: Not Found for url: https://www.bizinfo.go.kr/sii/siia/202605151123000887.hwp / 202605151123000964.hwp: 404 Client Error: Not Found for url: https://www.bizinfo.go.kr/sii/siia/202605151123000964.hwp,https://www.bizinfo.go.kr/sii/siia/selectSIIA200Detail.do?pblancId=PBLN_000000000122045
PBLN_000000000122153,[서울] 외식업 경영혁신 컨설팅 지원사업 컨설팅 참여업소 모집 공고,서울특별시,fetched,url,safe,clear_selected_candidate,대표금액 후보가 명확함,,60.0,support_amount,subtract,5,60.0,support_amount,subtract,,1623,2312,공고문_외식업 경영혁신 컨설팅 지원 참여 업소 모집.hwpx: 400 Client Error: Bad Request for url: https://www.bizinfo.go.kr/sii/siia/%EA%B3%B5%EA%B3%A0%EB%AC%B8_%EC%99%B8%EC%8B%9D%EC%97%85%20%EA%B2%BD%EC%98%81%ED%98%81%EC%8B%A0%20%EC%BB%A8%EC%84%A4%ED%8C%85%20%EC%A7%80%EC%9B%90%20%EC%B0%B8%EC%97%AC%20%EC%97%85%EC%86%8C%20%EB%AA%A8%EC%A7%91.hwpx / 202605191101210614.hwpx: 404 Client Error: Not Found for url: https://www.bizinfo.go.kr/sii/siia/202605191101210614.hwpx,https://www.bizinfo.go.kr/sii/siia/selectSIIA200Detail.do?pblancId=PBLN_000000000122153
PBLN_000000000122168,[경북] 경주시 2026년 소규모 사업장 방지시설 설치 지원사업 공고,경상북도,fetched,url,needs_review,selected_candidate_missing,금액 후보는 있으나 대표금액을 선택하지 못함,,,support_ratio,ratio_cap,4,,,,0.8,2063,17503,2026년 소규모 사업장 방지시설 설치 지원사업 공고문.pdf: 400 Client Error: Bad Request for url: https://www.bizinfo.go.kr/sii/siia/2026%EB%85%84%20%EC%86%8C%EA%B7%9C%EB%AA%A8%20%EC%82%AC%EC%97%85%EC%9E%A5%20%EB%B0%A9%EC%A7%80%EC%8B%9C%EC%84%A4%20%EC%84%A4%EC%B9%98%20%EC%A7%80%EC%9B%90%EC%82%AC%EC%97%85%20%EA%B3%B5%EA%B3%A0%EB%AC%B8.pdf / 202605191308140923.pdf: 404 Client Error: Not Found for url: https://www.bizinfo.go.kr/sii/siia/202605191308140923.pdf / 202605191308050661.hwpx: 404 Client Error: Not Found for url: https://www.bizinfo.go.kr/sii/siia/202605191308050661.hwpx / 작성서식.hwpx: 400 Client Error: Bad Request for url: https://www.bizinfo.go.kr/sii/siia/%EC%9E%91%EC%84%B1%EC%84%9C%EC%8B%9D.hwpx,https://www.bizinfo.go.kr/sii/siia/selectSIIA200Detail.do?pblancId=PBLN_000000000122168
PBLN_000000000122174,2026년 인천 블록체인 바우처 지원사업 수요기업 모집 공고,인천광역시,fetched,url,safe,clear_selected_candidate,대표금액 후보가 명확함,,500.0,support_amount,subtract,11,500.0,support_amount,subtract,,2397,17121,붙임1. 2026년 블록체인 바우처 지원사업 수요기업 모집 공고문.pdf: 400 Client Error: Bad Request for url: https://www.bizinfo.go.kr/sii/siia/%EB%B6%99%EC%9E%841.%202026%EB%85%84%20%EB%B8%94%EB%A1%9D%EC%B2%B4%EC%9D%B8%20%EB%B0%94%EC%9A%B0%EC%B2%98%20%EC%A7%80%EC%9B%90%EC%82%AC%EC%97%85%20%EC%88%98%EC%9A%94%EA%B8%B0%EC%97%85%20%EB%AA%A8%EC%A7%91%20%EA%B3%B5%EA%B3%A0%EB%AC%B8.pdf / 202605191331190609.pdf: 404 Client Error: Not Found for url: https://www.bizinfo.go.kr/sii/siia/202605191331190609.pdf / 붙임3. 2026 블록체인 바우처 지원사업 공급기업 솔루션ㆍ서비스(제품) Pool 현황(세부내용은 BIZOK 다운로드).xlsx: 400 Client Error: Bad Request for url: https://www.bizinfo.go.kr/sii/siia/%EB%B6%99%EC%9E%843.%202026%20%EB%B8%94%EB%A1%9D%EC%B2%B4%EC%9D%B8%20%EB%B0%94%EC%9A%B0%EC%B2%98%20%EC%A7%80%EC%9B%90%EC%82%AC%EC%97%85%20%EA%B3%B5%EA%B8%89%EA%B8%B0%EC%97%85%20%EC%86%94%EB%A3%A8%EC%85%98%E3%86%8D%EC%84%9C%EB%B9%84%EC%8A%A4(%EC%A0%9C%ED%92%88)%20Pool%20%ED%98%84%ED%99%A9(%EC%84%B8%EB%B6%80%EB%82%B4%EC%9A%A9%EC%9D%80%20BIZOK%20%EB%8B%A4%EC%9A%B4%EB%A1%9C%EB%93%9C).xlsx / 202605191331440979.xlsx: 404 Client Error: Not Found for url: https://www.bizinfo.go.kr/sii/siia/202605191331440979.xlsx / 붙임2. 2026년 블록체인 바우처 지원사업 수요기업 신청양식.hwp: 400 Client Error: Bad Request for url: https://www.bizinfo.go.kr/sii/siia/%EB%B6%99%EC%9E%842.%202026%EB%85%84%20%EB%B8%94%EB%A1%9D%EC%B2%B4%EC%9D%B8%20%EB%B0%94%EC%9A%B0%EC%B2%98%20%EC%A7%80%EC%9B%90%EC%82%AC%EC%97%85%20%EC%88%98%EC%9A%94%EA%B8%B0%EC%97%85%20%EC%8B%A0%EC%B2%AD%EC%96%91%EC%8B%9D.hwp / 202605191331440890.hwp: 404 Client Error: Not Found for url: https://www.bizinfo.go.kr/sii/siia/202605191331440890.hwp,https://www.bizinfo.go.kr/sii/siia/selectSIIA200Detail.do?pblancId=PBLN_000000000122174
PBLN_000000000122238,[강원] 춘천시 2026년 지식재산 국내분쟁 비용지원 사업 모집 연장 공고,강원특별자치도,fetched,url,needs_review,large_amount_delta,기존 금액과 새 대표금액 차이가 큼,"amount_delta_20_percent:old=300,new=800",300.0,support_amount,subtract,5,800.0,support_amount,subtract,0.3,2099,9436,1. 춘천시 지식재산 국내분쟁 비용지원 사업 모집 연장 공고.pdf: 400 Client Error: Bad Request for url: https://www.bizinfo.go.kr/sii/siia/1.%20%EC%B6%98%EC%B2%9C%EC%8B%9C%20%EC%A7%80%EC%8B%9D%EC%9E%AC%EC%82%B0%20%EA%B5%AD%EB%82%B4%EB%B6%84%EC%9F%81%20%EB%B9%84%EC%9A%A9%EC%A7%80%EC%9B%90%20%EC%82%AC%EC%97%85%20%EB%AA%A8%EC%A7%91%20%EC%97%B0%EC%9E%A5%20%EA%B3%B5%EA%B3%A0.pdf / 202605201404090032.pdf: 404 Client Error: Not Found for url: https://www.bizinfo.go.kr/sii/siia/202605201404090032.pdf / 2. 춘천시 지식재산 국내분쟁 비용지원 사업 신청서 등 첨부서류.hwpx: 400 Client Error: Bad Request for url: https://www.bizinfo.go.kr/sii/siia/2.%20%EC%B6%98%EC%B2%9C%EC%8B%9C%20%EC%A7%80%EC%8B%9D%EC%9E%AC%EC%82%B0%20%EA%B5%AD%EB%82%B4%EB%B6%84%EC%9F%81%20%EB%B9%84%EC%9A%A9%EC%A7%80%EC%9B%90%20%EC%82%AC%EC%97%85%20%EC%8B%A0%EC%B2%AD%EC%84%9C%20%EB%93%B1%20%EC%B2%A8%EB%B6%80%EC%84%9C%EB%A5%98.hwpx / 202605201404160280.hwpx: 404 Client Error: Not Found for url: https://www.bizinfo.go.kr/sii/siia/202605201404160280.hwpx,https://www.bizinfo.go.kr/sii/siia/selectSIIA200Detail.do?pblancId=PBLN_000000000122238
PBLN_000000000122268,2026년 2차 메카노바이오활성소재 혁신의료기기 실증 기반구축 생물학적 시험평가인증 지원사업 공고(산업혁신기반구축사업),산업통상부,fetched,url,safe,clear_selected_candidate,대표금액 후보가 명확함,type_changed:support_amount->non_cash | roi_method_changed:subtract->recommend_only,800.0,support_amount,subtract,4,800.0,non_cash,recommend_only,,2373,6558,[공고문] 2026년 생물학적 시험평가인증 지원사업 (2차).pdf: 400 Client Error: Bad Request for url: https://www.bizinfo.go.kr/sii/siia/%5B%EA%B3%B5%EA%B3%A0%EB%AC%B8%5D%202026%EB%85%84%20%EC%83%9D%EB%AC%BC%ED%95%99%EC%A0%81%20%EC%8B%9C%ED%97%98%ED%8F%89%EA%B0%80%EC%9D%B8%EC%A6%9D%20%EC%A7%80%EC%9B%90%EC%82%AC%EC%97%85%20(2%EC%B0%A8).pdf / [양식] 신청서_생물학적 시험평가인증 지원사업.pdf: 400 Client Error: Bad Request for url: https://www.bizinfo.go.kr/sii/siia/%5B%EC%96%91%EC%8B%9D%5D%20%EC%8B%A0%EC%B2%AD%EC%84%9C_%EC%83%9D%EB%AC%BC%ED%95%99%EC%A0%81%20%EC%8B%9C%ED%97%98%ED%8F%89%EA%B0%80%EC%9D%B8%EC%A6%9D%20%EC%A7%80%EC%9B%90%EC%82%AC%EC%97%85.pdf / 202605211003340805.pdf: 404 Client Error: Not Found for url: https://www.bizinfo.go.kr/sii/siia/202605211003340805.pdf / 202605211554250877.pdf: 404 Client Error: Not Found for url: https://www.bizinfo.go.kr/sii/siia/202605211554250877.pdf / [양식] 신청서_생물학적 시험평가인증 지원사업.hwp: 400 Client Error: Bad Request for url: https://www.bizinfo.go.kr/sii/siia/%5B%EC%96%91%EC%8B%9D%5D%20%EC%8B%A0%EC%B2%AD%EC%84%9C_%EC%83%9D%EB%AC%BC%ED%95%99%EC%A0%81%20%EC%8B%9C%ED%97%98%ED%8F%89%EA%B0%80%EC%9D%B8%EC%A6%9D%20%EC%A7%80%EC%9B%90%EC%82%AC%EC%97%85.hwp / 202605211003290324.hwp: 404 Client Error: Not Found for url: https://www.bizinfo.go.kr/sii/siia/202605211003290324.hwp,https://www.bizinfo.go.kr/sii/siia/selectSIIA200Detail.do?pblancId=PBLN_000000000122268
PBLN_000000000122275,[대구] 2026년 2차 지역혁신 중심 대학지원체계(RISE) 사업 협업ㆍ지원대상 기업 모집 공고,교육부,fetched,url,needs_review,selected_candidate_missing,금액 후보는 있으나 대표금액을 선택하지 못함,old_amount_without_new_selected_amount,5500.0,support_amount,subtract,5,,,,0.25,1793,9844,2026년도 협업ㆍ지원대상 기업 모집 공고문(2차).pdf: 400 Client Error: Bad Request for url: https://www.bizinfo.go.kr/sii/siia/2026%EB%85%84%EB%8F%84%20%ED%98%91%EC%97%85%E3%86%8D%EC%A7%80%EC%9B%90%EB%8C%80%EC%83%81%20%EA%B8%B0%EC%97%85%20%EB%AA%A8%EC%A7%91%20%EA%B3%B5%EA%B3%A0%EB%AC%B8(2%EC%B0%A8).pdf / 202605211050050843.pdf: 404 Client Error: Not Found for url: https://www.bizinfo.go.kr/sii/siia/202605211050050843.pdf,https://www.bizinfo.go.kr/sii/siia/selectSIIA200Detail.do?pblancId=PBLN_000000000122275
PBLN_000000000122309,2026년 바이오 의료기기 해외 진출 지원 제로트러스트 기반구축사업 참여기업 상시 지원 모집 공고,산업통상부,fetched,url,needs_review,candidate_missing,금액 후보 자체를 찾지 못함,,,unknown,recommend_only,0,,,,,2631,11337,붙임2.+2026년+바이오+의료기기+해외진출지원+제로트러스트+기반+구축+참여기업+상시+지원+모집+신청서.pdf: 400 Client Error: Bad Request for url: https://www.bizinfo.go.kr/sii/siia/%EB%B6%99%EC%9E%842.+2026%EB%85%84+%EB%B0%94%EC%9D%B4%EC%98%A4+%EC%9D%98%EB%A3%8C%EA%B8%B0%EA%B8%B0+%ED%95%B4%EC%99%B8%EC%A7%84%EC%B6%9C%EC%A7%80%EC%9B%90+%EC%A0%9C%EB%A1%9C%ED%8A%B8%EB%9F%AC%EC%8A%A4%ED%8A%B8+%EA%B8%B0%EB%B0%98+%EA%B5%AC%EC%B6%95+%EC%B0%B8%EC%97%AC%EA%B8%B0%EC%97%85+%EC%83%81%EC%8B%9C+%EC%A7%80%EC%9B%90+%EB%AA%A8%EC%A7%91+%EC%8B%A0%EC%B2%AD%EC%84%9C.pdf / 202605211545550499.pdf: 404 Client Error: Not Found for url: https://www.bizinfo.go.kr/sii/siia/202605211545550499.pdf / 붙임1.+2026년+바이오+의료기기+해외진출지원+제로트러스트+기반+구축+참여기업+상시+지원+모집+공고.hwp: 400 Client Error: Bad Request for url: https://www.bizinfo.go.kr/sii/siia/%EB%B6%99%EC%9E%841.+2026%EB%85%84+%EB%B0%94%EC%9D%B4%EC%98%A4+%EC%9D%98%EB%A3%8C%EA%B8%B0%EA%B8%B0+%ED%95%B4%EC%99%B8%EC%A7%84%EC%B6%9C%EC%A7%80%EC%9B%90+%EC%A0%9C%EB%A1%9C%ED%8A%B8%EB%9F%AC%EC%8A%A4%ED%8A%B8+%EA%B8%B0%EB%B0%98+%EA%B5%AC%EC%B6%95+%EC%B0%B8%EC%97%AC%EA%B8%B0%EC%97%85+%EC%83%81%EC%8B%9C+%EC%A7%80%EC%9B%90+%EB%AA%A8%EC%A7%91+%EA%B3%B5%EA%B3%A0.hwp / 붙임2.+2026년+바이오+의료기기+해외진출지원+제로트러스트+기반+구축+참여기업+상시+지원+모집+신청서.hwp: 400 Client Error: Bad Request for url: https://www.bizinfo.go.kr/sii/siia/%EB%B6%99%EC%9E%842.+2026%EB%85%84+%EB%B0%94%EC%9D%B4%EC%98%A4+%EC%9D%98%EB%A3%8C%EA%B8%B0%EA%B8%B0+%ED%95%B4%EC%99%B8%EC%A7%84%EC%B6%9C%EC%A7%80%EC%9B%90+%EC%A0%9C%EB%A1%9C%ED%8A%B8%EB%9F%AC%EC%8A%A4%ED%8A%B8+%EA%B8%B0%EB%B0%98+%EA%B5%AC%EC%B6%95+%EC%B0%B8%EC%97%AC%EA%B8%B0%EC%97%85+%EC%83%81%EC%8B%9C+%EC%A7%80%EC%9B%90+%EB%AA%A8%EC%A7%91+%EC%8B%A0%EC%B2%AD%EC%84%9C.hwp / 202605211435320914.hwp: 404 Client Error: Not Found for url: https://www.bizinfo.go.kr/sii/siia/202605211435320914.hwp / 202605211435370126.hwp: 404 Client Error: Not Found for url: https://www.bizinfo.go.kr/sii/siia/202605211435370126.hwp,https://www.bizinfo.go.kr/sii/siia/selectSIIA200Detail.do?pblancId=PBLN_000000000122309
PBLN_000000000122325,2026년 대전 도심 공실 활용 스마트팜 조성사업 운영사 모집 공고,대전광역시,fetched,url,safe,clear_selected_candidate,대표금액 후보가 명확함,,200.0,support_amount,subtract,20,200.0,support_amount,subtract,0.7,1947,20403,1. 2026년 도심공실활용 스마트팜 조성사업 운영사 모집 공고문+.pdf: 400 Client Error: Bad Request for url: https://www.bizinfo.go.kr/sii/siia/1.%202026%EB%85%84%20%EB%8F%84%EC%8B%AC%EA%B3%B5%EC%8B%A4%ED%99%9C%EC%9A%A9%20%EC%8A%A4%EB%A7%88%ED%8A%B8%ED%8C%9C%20%EC%A1%B0%EC%84%B1%EC%82%AC%EC%97%85%20%EC%9A%B4%EC%98%81%EC%82%AC%20%EB%AA%A8%EC%A7%91%20%EA%B3%B5%EA%B3%A0%EB%AC%B8+.pdf / 202605220935090200.pdf: 404 Client Error: Not Found for url: https://www.bizinfo.go.kr/sii/siia/202605220935090200.pdf / 2. 제안요청서_2026년 도심공실활용 스마트팜 조성사업.hwp: 400 Client Error: Bad Request for url: https://www.bizinfo.go.kr/sii/siia/2.%20%EC%A0%9C%EC%95%88%EC%9A%94%EC%B2%AD%EC%84%9C_2026%EB%85%84%20%EB%8F%84%EC%8B%AC%EA%B3%B5%EC%8B%A4%ED%99%9C%EC%9A%A9%20%EC%8A%A4%EB%A7%88%ED%8A%B8%ED%8C%9C%20%EC%A1%B0%EC%84%B1%EC%82%AC%EC%97%85.hwp / 202605220934410486.hwp: 404 Client Error: Not Found for url: https://www.bizinfo.go.kr/sii/siia/202605220934410486.hwp,https://www.bizinfo.go.kr/sii/siia/selectSIIA200Detail.do?pblancId=PBLN_000000000122325
PBLN_000000000122333,2026년 SDV 전장부품 보안 평가센터 기업지원사업 수혜기업 모집 공고,산업통상부,fetched,url,needs_review,selected_candidate_missing,금액 후보는 있으나 대표금액을 선택하지 못함,old_amount_without_new_selected_amount,2000.0,support_ratio,ratio_cap,1,,,,0.1,2220,2774,[공고문] 2026년 SDV 전장부품 보안 평가센터 기업지원사업 수혜기업 모집 공고(상시)(3차).pdf: 400 Client Error: Bad Request for url: https://www.bizinfo.go.kr/sii/siia/%5B%EA%B3%B5%EA%B3%A0%EB%AC%B8%5D%202026%EB%85%84%20SDV%20%EC%A0%84%EC%9E%A5%EB%B6%80%ED%92%88%20%EB%B3%B4%EC%95%88%20%ED%8F%89%EA%B0%80%EC%84%BC%ED%84%B0%20%EA%B8%B0%EC%97%85%EC%A7%80%EC%9B%90%EC%82%AC%EC%97%85%20%EC%88%98%ED%98%9C%EA%B8%B0%EC%97%85%20%EB%AA%A8%EC%A7%91%20%EA%B3%B5%EA%B3%A0(%EC%83%81%EC%8B%9C)(3%EC%B0%A8).pdf / 202606250932370479.pdf: 404 Client Error: Not Found for url: https://www.bizinfo.go.kr/sii/siia/202606250932370479.pdf,https://www.bizinfo.go.kr/sii/siia/selectSIIA200Detail.do?pblancId=PBLN_000000000122333
PBLN_000000000122357,[충북] 2026년 중소기업 경영애로 전문가 컨설팅서비스 참여기업 모집 공고,충청북도,fetched,url,needs_review,candidate_missing,금액 후보 자체를 찾지 못함,,,unknown,recommend_only,0,,,,,2120,4156,2026년도_중소기업_경영애로_전문가_컨설팅기업_모집_공고문.pdf: 400 Client Error: Bad Request for url: https://www.bizinfo.go.kr/sii/siia/2026%EB%85%84%EB%8F%84_%EC%A4%91%EC%86%8C%EA%B8%B0%EC%97%85_%EA%B2%BD%EC%98%81%EC%95%A0%EB%A1%9C_%EC%A0%84%EB%AC%B8%EA%B0%80_%EC%BB%A8%EC%84%A4%ED%8C%85%EA%B8%B0%EC%97%85_%EB%AA%A8%EC%A7%91_%EA%B3%B5%EA%B3%A0%EB%AC%B8.pdf / 202605221351190968.pdf: 404 Client Error: Not Found for url: https://www.bizinfo.go.kr/sii/siia/202605221351190968.pdf / 2026년도_중소기업_경영애로_전문가_컨설팅기업_모집_공고문.hwpx: 400 Client Error: Bad Request for url: https://www.bizinfo.go.kr/sii/siia/2026%EB%85%84%EB%8F%84_%EC%A4%91%EC%86%8C%EA%B8%B0%EC%97%85_%EA%B2%BD%EC%98%81%EC%95%A0%EB%A1%9C_%EC%A0%84%EB%AC%B8%EA%B0%80_%EC%BB%A8%EC%84%A4%ED%8C%85%EA%B8%B0%EC%97%85_%EB%AA%A8%EC%A7%91_%EA%B3%B5%EA%B3%A0%EB%AC%B8.hwpx / 202605221351560143.hwpx: 404 Client Error: Not Found for url: https://www.bizinfo.go.kr/sii/siia/202605221351560143.hwpx,https://www.bizinfo.go.kr/sii/siia/selectSIIA200Detail.do?pblancId=PBLN_000000000122357
PBLN_000000000122359,[경북] 2026년 지역특화형(고도화) 스마트공장 구축사업 공고,중소벤처기업부,fetched,url,needs_review,large_amount_delta,기존 금액과 새 대표금액 차이가 큼,"amount_delta_20_percent:old=6.374e+07,new=20000",63740000.0,support_amount,subtract,27,20000.0,support_amount,subtract,0.5,2424,12072,2026년도_지역특화형_스마트공장_구축지원사업_공고(고도화) - 260430+.pdf: 400 Client Error: Bad Request for url: https://www.bizinfo.go.kr/sii/siia/2026%EB%85%84%EB%8F%84_%EC%A7%80%EC%97%AD%ED%8A%B9%ED%99%94%ED%98%95_%EC%8A%A4%EB%A7%88%ED%8A%B8%EA%B3%B5%EC%9E%A5_%EA%B5%AC%EC%B6%95%EC%A7%80%EC%9B%90%EC%82%AC%EC%97%85_%EA%B3%B5%EA%B3%A0(%EA%B3%A0%EB%8F%84%ED%99%94)%20-%20260430+.pdf / 202605221415020431.pdf: 404 Client Error: Not Found for url: https://www.bizinfo.go.kr/sii/siia/202605221415020431.pdf,https://www.bizinfo.go.kr/sii/siia/selectSIIA200Detail.do?pblancId=PBLN_000000000122359
PBLN_000000000122371,[경기] 제조데이터 기반 디지털전환 실증 참여기업 모집 공고,산업통상부,fetched,url,needs_review,candidate_missing,금액 후보 자체를 찾지 못함,,,unknown,recommend_only,0,,,,,2085,4228,붙임1) 공고문.pdf: 400 Client Error: Bad Request for url: https://www.bizinfo.go.kr/sii/siia/%EB%B6%99%EC%9E%841)%20%EA%B3%B5%EA%B3%A0%EB%AC%B8.pdf / 202605221520550496.pdf: 404 Client Error: Not Found for url: https://www.bizinfo.go.kr/sii/siia/202605221520550496.pdf / 202605221520520511.hwp: 404 Client Error: Not Found for url: https://www.bizinfo.go.kr/sii/siia/202605221520520511.hwp / 붙임2) 신청서 및 동의서.hwp: 400 Client Error: Bad Request for url: https://www.bizinfo.go.kr/sii/siia/%EB%B6%99%EC%9E%842)%20%EC%8B%A0%EC%B2%AD%EC%84%9C%20%EB%B0%8F%20%EB%8F%99%EC%9D%98%EC%84%9C.hwp,https://www.bizinfo.go.kr/sii/siia/selectSIIA200Detail.do?pblancId=PBLN_000000000122371
PBLN_000000000122384,2026년 글로벌산업기술협력센터 사업(M.AX 분야 공동연구) 시행계획 공고,산업통상부,fetched,url,needs_review,large_amount_delta,기존 금액과 새 대표금액 차이가 큼,"type_changed:subsidy->support_amount | amount_delta_20_percent:old=1e+06,new=200000",1000000.0,subsidy,subtract,15,200000.0,support_amount,subtract,1.0,2548,12063,2026년 글로벌산업기술협력센터사업 시행계획 공고- 품목지정형+.pdf: 400 Client Error: Bad Request for url: https://www.bizinfo.go.kr/sii/siia/2026%EB%85%84%20%EA%B8%80%EB%A1%9C%EB%B2%8C%EC%82%B0%EC%97%85%EA%B8%B0%EC%88%A0%ED%98%91%EB%A0%A5%EC%84%BC%ED%84%B0%EC%82%AC%EC%97%85%20%EC%8B%9C%ED%96%89%EA%B3%84%ED%9A%8D%20%EA%B3%B5%EA%B3%A0-%20%ED%92%88%EB%AA%A9%EC%A7%80%EC%A0%95%ED%98%95+.pdf / 202605261044450030.pdf: 404 Client Error: Not Found for url: https://www.bizinfo.go.kr/sii/siia/202605261044450030.pdf,https://www.bizinfo.go.kr/sii/siia/selectSIIA200Detail.do?pblancId=PBLN_000000000122384
PBLN_000000000122394,[제주] 2026년 전기차 사용 후 배터리 실증 지원사업(KC인증) 상시모집 공고,제주특별자치도,fetched,url,needs_review,large_amount_delta,기존 금액과 새 대표금액 차이가 큼,"amount_delta_20_percent:old=5000,new=2500",5000.0,support_amount,subtract,6,2500.0,support_amount,subtract,,1804,26778,붙임. 모집공고문.pdf: 400 Client Error: Bad Request for url: https://www.bizinfo.go.kr/sii/siia/%EB%B6%99%EC%9E%84.%20%EB%AA%A8%EC%A7%91%EA%B3%B5%EA%B3%A0%EB%AC%B8.pdf / 202605261122020285.pdf: 404 Client Error: Not Found for url: https://www.bizinfo.go.kr/sii/siia/202605261122020285.pdf / 202605261124370309.pdf: 404 Client Error: Not Found for url: https://www.bizinfo.go.kr/sii/siia/202605261124370309.pdf / 붙임. 제출양식(KC인증).pdf: 400 Client Error: Bad Request for url: https://www.bizinfo.go.kr/sii/siia/%EB%B6%99%EC%9E%84.%20%EC%A0%9C%EC%B6%9C%EC%96%91%EC%8B%9D(KC%EC%9D%B8%EC%A6%9D).pdf / 202605261122080570.hwp: 404 Client Error: Not Found for url: https://www.bizinfo.go.kr/sii/siia/202605261122080570.hwp / 붙임. 제출양식(KC인증).hwp: 400 Client Error: Bad Request for url: https://www.bizinfo.go.kr/sii/siia/%EB%B6%99%EC%9E%84.%20%EC%A0%9C%EC%B6%9C%EC%96%91%EC%8B%9D(KC%EC%9D%B8%EC%A6%9D).hwp,https://www.bizinfo.go.kr/sii/siia/selectSIIA200Detail.do?pblancId=PBLN_000000000122394
PBLN_000000000122433,[대구] 2026년 (Pre)스타기업 육성사업 개별지원 유형별 특성화지원 통합 공고,대구광역시,fetched,url,safe,clear_selected_candidate,대표금액 후보가 명확함,,3000.0,support_amount,subtract,48,3000.0,support_amount,subtract,0.1,2510,10326,1. 2026년 (Pre)스타기업 육성사업 개별지원 유형별 특성화지원 통합 공고문.pdf: 400 Client Error: Bad Request for url: https://www.bizinfo.go.kr/sii/siia/1.%202026%EB%85%84%20(Pre)%EC%8A%A4%ED%83%80%EA%B8%B0%EC%97%85%20%EC%9C%A1%EC%84%B1%EC%82%AC%EC%97%85%20%EA%B0%9C%EB%B3%84%EC%A7%80%EC%9B%90%20%EC%9C%A0%ED%98%95%EB%B3%84%20%ED%8A%B9%EC%84%B1%ED%99%94%EC%A7%80%EC%9B%90%20%ED%86%B5%ED%95%A9%20%EA%B3%B5%EA%B3%A0%EB%AC%B8.pdf / 2. 2026년 유형별 특성화 지원 세부 내용 안내.pdf: 400 Client Error: Bad Request for url: https://www.bizinfo.go.kr/sii/siia/2.%202026%EB%85%84%20%EC%9C%A0%ED%98%95%EB%B3%84%20%ED%8A%B9%EC%84%B1%ED%99%94%20%EC%A7%80%EC%9B%90%20%EC%84%B8%EB%B6%80%20%EB%82%B4%EC%9A%A9%20%EC%95%88%EB%82%B4.pdf / 202605261503380208.pdf: 404 Client Error: Not Found for url: https://www.bizinfo.go.kr/sii/siia/202605261503380208.pdf / 202605261503450259.pdf: 404 Client Error: Not Found for url: https://www.bizinfo.go.kr/sii/siia/202605261503450259.pdf,https://www.bizinfo.go.kr/sii/siia/selectSIIA200Detail.do?pblancId=PBLN_000000000122433
PBLN_000000000122442,[울산] 2026년 기술이전지원사업 기술코칭프로그램 참여기업 모집 공고,울산광역시,fetched,url,needs_review,selected_candidate_missing,금액 후보는 있으나 대표금액을 선택하지 못함,old_amount_without_new_selected_amount,20.0,support_amount,subtract,1,,,,,2145,3482,붙임1._2026년도_기술이전지원사업_기술코칭_프로그램_참여기업_모집공고.hwp: 400 Client Error: Bad Request for url: https://www.bizinfo.go.kr/sii/siia/%EB%B6%99%EC%9E%841._2026%EB%85%84%EB%8F%84_%EA%B8%B0%EC%88%A0%EC%9D%B4%EC%A0%84%EC%A7%80%EC%9B%90%EC%82%AC%EC%97%85_%EA%B8%B0%EC%88%A0%EC%BD%94%EC%B9%AD_%ED%94%84%EB%A1%9C%EA%B7%B8%EB%9E%A8_%EC%B0%B8%EC%97%AC%EA%B8%B0%EC%97%85_%EB%AA%A8%EC%A7%91%EA%B3%B5%EA%B3%A0.hwp / 202605271034170020.hwp: 404 Client Error: Not Found for url: https://www.bizinfo.go.kr/sii/siia/202605271034170020.hwp / 202605271034220726.hwp: 404 Client Error: Not Found for url: https://www.bizinfo.go.kr/sii/siia/202605271034220726.hwp / 붙임2.__양식__기술코치_신청서.hwp: 400 Client Error: Bad Request for url: https://www.bizinfo.go.kr/sii/siia/%EB%B6%99%EC%9E%842.__%EC%96%91%EC%8B%9D__%EA%B8%B0%EC%88%A0%EC%BD%94%EC%B9%98_%EC%8B%A0%EC%B2%AD%EC%84%9C.hwp,https://www.bizinfo.go.kr/sii/siia/selectSIIA200Detail.do?pblancId=PBLN_000000000122442
PBLN_000000000122454,[경기] 포천시 2026년 현장기술돌봄이 지원사업 모집 공고,경기도,fetched,url,safe,clear_selected_candidate,대표금액 후보가 명확함,,90.0,support_amount,subtract,14,90.0,support_amount,subtract,,2125,14134,★(공고문)_포천시_현장기술돌봄이_지원사업.pdf: 400 Client Error: Bad Request for url: https://www.bizinfo.go.kr/sii/siia/%E2%98%85(%EA%B3%B5%EA%B3%A0%EB%AC%B8)_%ED%8F%AC%EC%B2%9C%EC%8B%9C_%ED%98%84%EC%9E%A5%EA%B8%B0%EC%88%A0%EB%8F%8C%EB%B4%84%EC%9D%B4_%EC%A7%80%EC%9B%90%EC%82%AC%EC%97%85.pdf / 202605271128530958.pdf: 404 Client Error: Not Found for url: https://www.bizinfo.go.kr/sii/siia/202605271128530958.pdf / ★(공고문)_포천시_현장기술돌봄이_지원사업.hwp: 400 Client Error: Bad Request for url: https://www.bizinfo.go.kr/sii/siia/%E2%98%85(%EA%B3%B5%EA%B3%A0%EB%AC%B8)_%ED%8F%AC%EC%B2%9C%EC%8B%9C_%ED%98%84%EC%9E%A5%EA%B8%B0%EC%88%A0%EB%8F%8C%EB%B4%84%EC%9D%B4_%EC%A7%80%EC%9B%90%EC%82%AC%EC%97%85.hwp / 202605271128200104.hwp: 404 Client Error: Not Found for url: https://www.bizinfo.go.kr/sii/siia/202605271128200104.hwp,https://www.bizinfo.go.kr/sii/siia/selectSIIA200Detail.do?pblancId=PBLN_000000000122454
PBLN_000000000122473,2026년 해양수산 연구장비 렌탈지원사업 공고,해양수산부,fetched,url,needs_review,selected_candidate_missing,금액 후보는 있으나 대표금액을 선택하지 못함,old_amount_without_new_selected_amount,14.0,support_ratio,ratio_cap,1,,,,0.06,1657,9598,[붙임] 2026년 상반기 해양수산 연구장비 렌탈지원사업 공고문.hwp: 400 Client Error: Bad Request for url: https://www.bizinfo.go.kr/sii/siia/%5B%EB%B6%99%EC%9E%84%5D%202026%EB%85%84%20%EC%83%81%EB%B0%98%EA%B8%B0%20%ED%95%B4%EC%96%91%EC%88%98%EC%82%B0%20%EC%97%B0%EA%B5%AC%EC%9E%A5%EB%B9%84%20%EB%A0%8C%ED%83%88%EC%A7%80%EC%9B%90%EC%82%AC%EC%97%85%20%EA%B3%B5%EA%B3%A0%EB%AC%B8.hwp / 202605271358270307.hwp: 404 Client Error: Not Found for url: https://www.bizinfo.go.kr/sii/siia/202605271358270307.hwp,https://www.bizinfo.go.kr/sii/siia/selectSIIA200Detail.do?pblancId=PBLN_000000000122473
PBLN_000000000122492,[충남] 2026년 IP디딤돌 프로그램 창업자 후속지원 대상자 모집 공고,충청남도,fetched,url,needs_review,selected_context_has_risk_keyword | large_amount_delta,선택 후보 주변에 총사업비/자부담 등 위험 키워드가 있음 | 기존 금액과 새 대표금액 차이가 큼,"amount_delta_20_percent:old=900,new=136",900.0,support_amount,subtract,7,136.0,support_amount,subtract,0.2,1967,2481,충남 2026년 IP디딤돌 프로그램 창업자 후속지원 대상자 모집 공고문.pdf: 400 Client Error: Bad Request for url: https://www.bizinfo.go.kr/sii/siia/%EC%B6%A9%EB%82%A8%202026%EB%85%84%20IP%EB%94%94%EB%94%A4%EB%8F%8C%20%ED%94%84%EB%A1%9C%EA%B7%B8%EB%9E%A8%20%EC%B0%BD%EC%97%85%EC%9E%90%20%ED%9B%84%EC%86%8D%EC%A7%80%EC%9B%90%20%EB%8C%80%EC%83%81%EC%9E%90%20%EB%AA%A8%EC%A7%91%20%EA%B3%B5%EA%B3%A0%EB%AC%B8.pdf / 202605271459310682.pdf: 404 Client Error: Not Found for url: https://www.bizinfo.go.kr/sii/siia/202605271459310682.pdf,https://www.bizinfo.go.kr/sii/siia/selectSIIA200Detail.do?pblancId=PBLN_000000000122492
PBLN_000000000122495,[경기] 2026년 GH 민간협력기술개발사업 과제 공모 공고,경기도,fetched,url,safe,clear_selected_candidate,대표금액 후보가 명확함,,7000.0,support_amount,subtract,6,7000.0,support_amount,subtract,0.7,2118,19683,01. 공고문+.pdf: 400 Client Error: Bad Request for url: https://www.bizinfo.go.kr/sii/siia/01.%20%EA%B3%B5%EA%B3%A0%EB%AC%B8+.pdf / 202605280950190894.pdf: 404 Client Error: Not Found for url: https://www.bizinfo.go.kr/sii/siia/202605280950190894.pdf / 02. 공모지침서.hwpx: 400 Client Error: Bad Request for url: https://www.bizinfo.go.kr/sii/siia/02.%20%EA%B3%B5%EB%AA%A8%EC%A7%80%EC%B9%A8%EC%84%9C.hwpx / 03. 현안사항.hwpx: 400 Client Error: Bad Request for url: https://www.bizinfo.go.kr/sii/siia/03.%20%ED%98%84%EC%95%88%EC%82%AC%ED%95%AD.hwpx / 202605280949210125.hwpx: 404 Client Error: Not Found for url: https://www.bizinfo.go.kr/sii/siia/202605280949210125.hwpx / 202605280949210188.hwpx: 404 Client Error: Not Found for url: https://www.bizinfo.go.kr/sii/siia/202605280949210188.hwpx,https://www.bizinfo.go.kr/sii/siia/selectSIIA200Detail.do?pblancId=PBLN_000000000122495
PBLN_000000000122501,2026년 디지털기반 중소사업장 산재예방 기술개발 지원사업 시행계획 공고,중소벤처기업부,fetched,url,needs_review,large_amount_delta,기존 금액과 새 대표금액 차이가 큼,"type_changed:subsidy->support_amount | amount_delta_20_percent:old=50000,new=66000",50000.0,subsidy,subtract,26,66000.0,support_amount,subtract,0.25,2967,30346,[붙임_1]_신청방법_및_신청_또는_지원_제외사항_등_유의사항.pdf: 400 Client Error: Bad Request for url: https://www.bizinfo.go.kr/sii/siia/%5B%EB%B6%99%EC%9E%84_1%5D_%EC%8B%A0%EC%B2%AD%EB%B0%A9%EB%B2%95_%EB%B0%8F_%EC%8B%A0%EC%B2%AD_%EB%98%90%EB%8A%94_%EC%A7%80%EC%9B%90_%EC%A0%9C%EC%99%B8%EC%82%AC%ED%95%AD_%EB%93%B1_%EC%9C%A0%EC%9D%98%EC%82%AC%ED%95%AD.pdf / [붙임_3]_디지털기반_중소사업장_산재예방기술개발사업_세부_지원내용.pdf: 400 Client Error: Bad Request for url: https://www.bizinfo.go.kr/sii/siia/%5B%EB%B6%99%EC%9E%84_3%5D_%EB%94%94%EC%A7%80%ED%84%B8%EA%B8%B0%EB%B0%98_%EC%A4%91%EC%86%8C%EC%82%AC%EC%97%85%EC%9E%A5_%EC%82%B0%EC%9E%AC%EC%98%88%EB%B0%A9%EA%B8%B0%EC%88%A0%EA%B0%9C%EB%B0%9C%EC%82%AC%EC%97%85_%EC%84%B8%EB%B6%80_%EC%A7%80%EC%9B%90%EB%82%B4%EC%9A%A9.pdf / [붙임_4]_중소기업기술개발_지원사업_보안대책.pdf: 400 Client Error: Bad Request for url: https://www.bizinfo.go.kr/sii/siia/%5B%EB%B6%99%EC%9E%84_4%5D_%EC%A4%91%EC%86%8C%EA%B8%B0%EC%97%85%EA%B8%B0%EC%88%A0%EA%B0%9C%EB%B0%9C_%EC%A7%80%EC%9B%90%EC%82%AC%EC%97%85_%EB%B3%B4%EC%95%88%EB%8C%80%EC%B1%85.pdf / ★(공고_제2026-359호)_2026년도_디지털기반_중소사업장_산재예방_기술개발지원사업_시행계획_공고.pdf: 400 Client Error: Bad Request for url: https://www.bizinfo.go.kr/sii/siia/%E2%98%85(%EA%B3%B5%EA%B3%A0_%EC%A0%9C2026-359%ED%98%B8)_2026%EB%85%84%EB%8F%84_%EB%94%94%EC%A7%80%ED%84%B8%EA%B8%B0%EB%B0%98_%EC%A4%91%EC%86%8C%EC%82%AC%EC%97%85%EC%9E%A5_%EC%82%B0%EC%9E%AC%EC%98%88%EB%B0%A9_%EA%B8%B0%EC%88%A0%EA%B0%9C%EB%B0%9C%EC%A7%80%EC%9B%90%EC%82%AC%EC%97%85_%EC%8B%9C%ED%96%89%EA%B3%84%ED%9A%8D_%EA%B3%B5%EA%B3%A0.pdf / 202605281013350297.pdf: 404 Client Error: Not Found for url: https://www.bizinfo.go.kr/sii/siia/202605281013350297.pdf / 202605281013420354.pdf: 404 Client Error: Not Found for url: https://www.bizinfo.go.kr/sii/siia/202605281013420354.pdf / 202605281013420587.pdf: 404 Client Error: Not Found for url: https://www.bizinfo.go.kr/sii/siia/202605281013420587.pdf / 202605281013420672.pdf: 404 Client Error: Not Found for url: https://www.bizinfo.go.kr/sii/siia/202605281013420672.pdf / 202605281013420739.pdf: 404 Client Error: Not Found for url: https://www.bizinfo.go.kr/sii/siia/202605281013420739.pdf / [별첨]_2026년도_세부_품목_개요서(통합).pdf: 400 Client Error: Bad Request for url: https://www.bizinfo.go.kr/sii/siia/%5B%EB%B3%84%EC%B2%A8%5D_2026%EB%85%84%EB%8F%84_%EC%84%B8%EB%B6%80_%ED%92%88%EB%AA%A9_%EA%B0%9C%EC%9A%94%EC%84%9C(%ED%86%B5%ED%95%A9).pdf,https://www.bizinfo.go.kr/sii/siia/selectSIIA200Detail.do?pblancId=PBLN_000000000122501
PBLN_000000000122526,[경북] 2026년 중대재해 예방 사각지대 해소 지원사업 참여기업 모집 변경 공고,경상북도,fetched,url,needs_review,candidate_missing,금액 후보 자체를 찾지 못함,,,unknown,recommend_only,0,,,,,2353,826,[붙임1] 「경상북도 중대재해 예방 사각지대 해소 지원사업」참여기업 모집 변경공고.pdf: 400 Client Error: Bad Request for url: https://www.bizinfo.go.kr/sii/siia/%5B%EB%B6%99%EC%9E%841%5D%20%E3%80%8C%EA%B2%BD%EC%83%81%EB%B6%81%EB%8F%84%20%EC%A4%91%EB%8C%80%EC%9E%AC%ED%95%B4%20%EC%98%88%EB%B0%A9%20%EC%82%AC%EA%B0%81%EC%A7%80%EB%8C%80%20%ED%95%B4%EC%86%8C%20%EC%A7%80%EC%9B%90%EC%82%AC%EC%97%85%E3%80%8D%EC%B0%B8%EC%97%AC%EA%B8%B0%EC%97%85%20%EB%AA%A8%EC%A7%91%20%EB%B3%80%EA%B2%BD%EA%B3%B5%EA%B3%A0.pdf / 202605281356310889.pdf: 404 Client Error: Not Found for url: https://www.bizinfo.go.kr/sii/siia/202605281356310889.pdf / 202605281350220421.hwp: 404 Client Error: Not Found for url: https://www.bizinfo.go.kr/sii/siia/202605281350220421.hwp / 202605281350220794.hwp: 404 Client Error: Not Found for url: https://www.bizinfo.go.kr/sii/siia/202605281350220794.hwp / [붙임2-1] 사업 참여신청서.hwp: 400 Client Error: Bad Request for url: https://www.bizinfo.go.kr/sii/siia/%5B%EB%B6%99%EC%9E%842-1%5D%20%EC%82%AC%EC%97%85%20%EC%B0%B8%EC%97%AC%EC%8B%A0%EC%B2%AD%EC%84%9C.hwp / [붙임3] 안전경영 실천기업 인증 신청서.hwp: 400 Client Error: Bad Request for url: https://www.bizinfo.go.kr/sii/siia/%5B%EB%B6%99%EC%9E%843%5D%20%EC%95%88%EC%A0%84%EA%B2%BD%EC%98%81%20%EC%8B%A4%EC%B2%9C%EA%B8%B0%EC%97%85%20%EC%9D%B8%EC%A6%9D%20%EC%8B%A0%EC%B2%AD%EC%84%9C.hwp,https://www.bizinfo.go.kr/sii/siia/selectSIIA200Detail.do?pblancId=PBLN_000000000122526
PBLN_000000000122563,[충남] 천안시 2026년 기술이전ㆍ가치평가 지원사업 참여기업 모집 공고,충청남도,fetched,url,safe,clear_selected_candidate,대표금액 후보가 명확함,,900.0,support_amount,subtract,30,900.0,support_amount,subtract,0.9,2050,21109,붙임. 천안 기술이전·가치평가 지원사업 참여기업 모집공고+.pdf: 400 Client Error: Bad Request for url: https://www.bizinfo.go.kr/sii/siia/%EB%B6%99%EC%9E%84.%20%EC%B2%9C%EC%95%88%20%EA%B8%B0%EC%88%A0%EC%9D%B4%EC%A0%84%C2%B7%EA%B0%80%EC%B9%98%ED%8F%89%EA%B0%80%20%EC%A7%80%EC%9B%90%EC%82%AC%EC%97%85%20%EC%B0%B8%EC%97%AC%EA%B8%B0%EC%97%85%20%EB%AA%A8%EC%A7%91%EA%B3%B5%EA%B3%A0+.pdf / 202605291018580570.pdf: 404 Client Error: Not Found for url: https://www.bizinfo.go.kr/sii/siia/202605291018580570.pdf / 붙임. 천안 기술이전·가치평가 지원사업 참여기업 모집공고.hwpx: 400 Client Error: Bad Request for url: https://www.bizinfo.go.kr/sii/siia/%EB%B6%99%EC%9E%84.%20%EC%B2%9C%EC%95%88%20%EA%B8%B0%EC%88%A0%EC%9D%B4%EC%A0%84%C2%B7%EA%B0%80%EC%B9%98%ED%8F%89%EA%B0%80%20%EC%A7%80%EC%9B%90%EC%82%AC%EC%97%85%20%EC%B0%B8%EC%97%AC%EA%B8%B0%EC%97%85%20%EB%AA%A8%EC%A7%91%EA%B3%B5%EA%B3%A0.hwpx / 202605291020400917.hwpx: 404 Client Error: Not Found for url: https://www.bizinfo.go.kr/sii/siia/202605291020400917.hwpx,https://www.bizinfo.go.kr/sii/siia/selectSIIA200Detail.do?pblancId=PBLN_000000000122563
PBLN_000000000122585,2026년 2차 미래차 전자제어부품 산업 고도화 기반구축 기업지원 수혜기업 모집 공고,산업통상부,fetched,url,needs_review,large_amount_delta,기존 금액과 새 대표금액 차이가 큼,"amount_delta_20_percent:old=2000,new=1500",2000.0,support_amount,subtract,9,1500.0,support_amount,subtract,,2603,9595,[공고문] 『미래차 전자제어부품 산업 고도화 기반구축』 2026년 기업지원 수혜기업 모집 2차 공고+.pdf: 400 Client Error: Bad Request for url: https://www.bizinfo.go.kr/sii/siia/%5B%EA%B3%B5%EA%B3%A0%EB%AC%B8%5D%20%E3%80%8E%EB%AF%B8%EB%9E%98%EC%B0%A8%20%EC%A0%84%EC%9E%90%EC%A0%9C%EC%96%B4%EB%B6%80%ED%92%88%20%EC%82%B0%EC%97%85%20%EA%B3%A0%EB%8F%84%ED%99%94%20%EA%B8%B0%EB%B0%98%EA%B5%AC%EC%B6%95%E3%80%8F%202026%EB%85%84%20%EA%B8%B0%EC%97%85%EC%A7%80%EC%9B%90%20%EC%88%98%ED%98%9C%EA%B8%B0%EC%97%85%20%EB%AA%A8%EC%A7%91%202%EC%B0%A8%20%EA%B3%B5%EA%B3%A0+.pdf / 202605291337360281.pdf: 404 Client Error: Not Found for url: https://www.bizinfo.go.kr/sii/siia/202605291337360281.pdf,https://www.bizinfo.go.kr/sii/siia/selectSIIA200Detail.do?pblancId=PBLN_000000000122585
PBLN_000000000122589,2026년 제조산업 공정작업용 로봇 엔드이펙터 실증 기반 구축 사업 지원 기업 모집 공고,산업통상부,fetched,url,needs_review,candidate_missing,금액 후보 자체를 찾지 못함,old_amount_without_new_selected_amount,1148.0,support_ratio,ratio_cap,0,,,,,2293,2309,(공고문)+제조산업+공정작업용+로봇+엔드이펙터+실증+기반+구축+사업+지원+기업+모집+공고_복합형상표준센터+.pdf: 400 Client Error: Bad Request for url: https://www.bizinfo.go.kr/sii/siia/(%EA%B3%B5%EA%B3%A0%EB%AC%B8)+%EC%A0%9C%EC%A1%B0%EC%82%B0%EC%97%85+%EA%B3%B5%EC%A0%95%EC%9E%91%EC%97%85%EC%9A%A9+%EB%A1%9C%EB%B4%87+%EC%97%94%EB%93%9C%EC%9D%B4%ED%8E%99%ED%84%B0+%EC%8B%A4%EC%A6%9D+%EA%B8%B0%EB%B0%98+%EA%B5%AC%EC%B6%95+%EC%82%AC%EC%97%85+%EC%A7%80%EC%9B%90+%EA%B8%B0%EC%97%85+%EB%AA%A8%EC%A7%91+%EA%B3%B5%EA%B3%A0_%EB%B3%B5%ED%95%A9%ED%98%95%EC%83%81%ED%91%9C%EC%A4%80%EC%84%BC%ED%84%B0+.pdf / 202605291357060849.pdf: 404 Client Error: Not Found for url: https://www.bizinfo.go.kr/sii/siia/202605291357060849.pdf,https://www.bizinfo.go.kr/sii/siia/selectSIIA200Detail.do?pblancId=PBLN_000000000122589
PBLN_000000000122609,2026년 경북AI데이터센터 테스트베드 실증지원 공고(데이터센터 테스트베드 조성 지원),경상북도,fetched,url,needs_review,selected_candidate_missing,금액 후보는 있으나 대표금액을 선택하지 못함,,,support_ratio,ratio_cap,1,,,,0.9990000000000001,2197,3797,붙임1. 공고문.pdf: 400 Client Error: Bad Request for url: https://www.bizinfo.go.kr/sii/siia/%EB%B6%99%EC%9E%841.%20%EA%B3%B5%EA%B3%A0%EB%AC%B8.pdf / 202605291509380911.pdf: 404 Client Error: Not Found for url: https://www.bizinfo.go.kr/sii/siia/202605291509380911.pdf,https://www.bizinfo.go.kr/sii/siia/selectSIIA200Detail.do?pblancId=PBLN_000000000122609
PBLN_000000000122623,[전북] 2026년 2차 자동차 대체부품 분야 기업지원 사업 공고,전북특별자치도,fetched,url,needs_review,large_amount_delta,기존 금액과 새 대표금액 차이가 큼,"type_changed:unknown->support_amount | roi_method_changed:review->subtract | amount_delta_20_percent:old=49493,new=25586.3",49493.0,unknown,review,7,25586.3,support_amount,subtract,0.15,2338,8844,2026년 제2차 자동차 대체부품 분야 기업지원 사업공고_.hwp: 400 Client Error: Bad Request for url: https://www.bizinfo.go.kr/sii/siia/2026%EB%85%84%20%EC%A0%9C2%EC%B0%A8%20%EC%9E%90%EB%8F%99%EC%B0%A8%20%EB%8C%80%EC%B2%B4%EB%B6%80%ED%92%88%20%EB%B6%84%EC%95%BC%20%EA%B8%B0%EC%97%85%EC%A7%80%EC%9B%90%20%EC%82%AC%EC%97%85%EA%B3%B5%EA%B3%A0_.hwp / 202606041648170266.hwp: 404 Client Error: Not Found for url: https://www.bizinfo.go.kr/sii/siia/202606041648170266.hwp,https://www.bizinfo.go.kr/sii/siia/selectSIIA200Detail.do?pblancId=PBLN_000000000122623
PBLN_000000000122627,[서울] 2026년 2차 서울형 R&D 지원사업 테스트베드서울 통합 공고,서울특별시,fetched,url,needs_review,candidate_missing,금액 후보 자체를 찾지 못함,old_amount_without_new_selected_amount,20000.0,unknown,recommend_only,0,,,,,1712,3809,(붙임1) 2026년 테스트베드 서울(통합) 2차 통합 공고문.pdf: 400 Client Error: Bad Request for url: https://www.bizinfo.go.kr/sii/siia/(%EB%B6%99%EC%9E%841)%202026%EB%85%84%20%ED%85%8C%EC%8A%A4%ED%8A%B8%EB%B2%A0%EB%93%9C%20%EC%84%9C%EC%9A%B8(%ED%86%B5%ED%95%A9)%202%EC%B0%A8%20%ED%86%B5%ED%95%A9%20%EA%B3%B5%EA%B3%A0%EB%AC%B8.pdf / 202606011103020108.pdf: 404 Client Error: Not Found for url: https://www.bizinfo.go.kr/sii/siia/202606011103020108.pdf / (붙임8) (공통) 서울시 산학연 연구개발 지원사업 개인정보 및 신용정보 수집_이용 동의서.hwp: 400 Client Error: Bad Request for url: https://www.bizinfo.go.kr/sii/siia/(%EB%B6%99%EC%9E%848)%20(%EA%B3%B5%ED%86%B5)%20%EC%84%9C%EC%9A%B8%EC%8B%9C%20%EC%82%B0%ED%95%99%EC%97%B0%20%EC%97%B0%EA%B5%AC%EA%B0%9C%EB%B0%9C%20%EC%A7%80%EC%9B%90%EC%82%AC%EC%97%85%20%EA%B0%9C%EC%9D%B8%EC%A0%95%EB%B3%B4%20%EB%B0%8F%20%EC%8B%A0%EC%9A%A9%EC%A0%95%EB%B3%B4%20%EC%88%98%EC%A7%91_%EC%9D%B4%EC%9A%A9%20%EB%8F%99%EC%9D%98%EC%84%9C.hwp / 202606011103100768.hwp: 404 Client Error: Not Found for url: https://www.bizinfo.go.kr/sii/siia/202606011103100768.hwp,https://www.bizinfo.go.kr/sii/siia/selectSIIA200Detail.do?pblancId=PBLN_000000000122627
PBLN_000000000122640,[경북] 2026년 경북산업기술단지 거점기능강화사업 기술닥터제 활성화 지원사업 공고,중소벤처기업부,fetched,url,needs_review,selected_candidate_missing,금액 후보는 있으나 대표금액을 선택하지 못함,old_amount_without_new_selected_amount,300000.0,support_amount,subtract,6,,,,1.0,2253,12058,붙임 1. 「2026년도 기술닥터제 활성화 지원사업」 지원사업 공고(현장애로) (1).pdf: 400 Client Error: Bad Request for url: https://www.bizinfo.go.kr/sii/siia/%EB%B6%99%EC%9E%84%201.%20%E3%80%8C2026%EB%85%84%EB%8F%84%20%EA%B8%B0%EC%88%A0%EB%8B%A5%ED%84%B0%EC%A0%9C%20%ED%99%9C%EC%84%B1%ED%99%94%20%EC%A7%80%EC%9B%90%EC%82%AC%EC%97%85%E3%80%8D%20%EC%A7%80%EC%9B%90%EC%82%AC%EC%97%85%20%EA%B3%B5%EA%B3%A0(%ED%98%84%EC%9E%A5%EC%95%A0%EB%A1%9C)%20(1).pdf / 202606011315090833.pdf: 404 Client Error: Not Found for url: https://www.bizinfo.go.kr/sii/siia/202606011315090833.pdf / 붙임 2. 「2026년도 기술닥터제 활성화 지원사업」 현장애로기술지원 신청서 및 제출서류.hwp: 400 Client Error: Bad Request for url: https://www.bizinfo.go.kr/sii/siia/%EB%B6%99%EC%9E%84%202.%20%E3%80%8C2026%EB%85%84%EB%8F%84%20%EA%B8%B0%EC%88%A0%EB%8B%A5%ED%84%B0%EC%A0%9C%20%ED%99%9C%EC%84%B1%ED%99%94%20%EC%A7%80%EC%9B%90%EC%82%AC%EC%97%85%E3%80%8D%20%ED%98%84%EC%9E%A5%EC%95%A0%EB%A1%9C%EA%B8%B0%EC%88%A0%EC%A7%80%EC%9B%90%20%EC%8B%A0%EC%B2%AD%EC%84%9C%20%EB%B0%8F%20%EC%A0%9C%EC%B6%9C%EC%84%9C%EB%A5%98.hwp / 붙임 3. 「2026년도 기술닥터제 활성화 지원사업」 현장애로기술지원 결과보고서 및 제출서류.hwp: 400 Client Error: Bad Request for url: https://www.bizinfo.go.kr/sii/siia/%EB%B6%99%EC%9E%84%203.%20%E3%80%8C2026%EB%85%84%EB%8F%84%20%EA%B8%B0%EC%88%A0%EB%8B%A5%ED%84%B0%EC%A0%9C%20%ED%99%9C%EC%84%B1%ED%99%94%20%EC%A7%80%EC%9B%90%EC%82%AC%EC%97%85%E3%80%8D%20%ED%98%84%EC%9E%A5%EC%95%A0%EB%A1%9C%EA%B8%B0%EC%88%A0%EC%A7%80%EC%9B%90%20%EA%B2%B0%EA%B3%BC%EB%B3%B4%EA%B3%A0%EC%84%9C%20%EB%B0%8F%20%EC%A0%9C%EC%B6%9C%EC%84%9C%EB%A5%98.hwp / 202606011315220225.hwp: 404 Client Error: Not Found for url: https://www.bizinfo.go.kr/sii/siia/202606011315220225.hwp / 202606011315220327.hwp: 404 Client Error: Not Found for url: https://www.bizinfo.go.kr/sii/siia/202606011315220327.hwp / 붙임 1. 「2026년도 기술닥터제 활성화 지원사업」 지원사업 공고(현장애로) (1).pdf: text extraction failed,https://www.bizinfo.go.kr/sii/siia/selectSIIA200Detail.do?pblancId=PBLN_000000000122640
PBLN_000000000122644,[경북] 2026년 2차 미래자동차 사업재편 혁신성장 지원사업 공고,경상북도,fetched,url,needs_review,selected_candidate_missing,금액 후보는 있으나 대표금액을 선택하지 못함,old_amount_without_new_selected_amount,3200.0,support_amount,subtract,3,,,,,2261,5276,1. 2026년 미래자동차 사업재편 혁신성장 지원사업 2차 공고.hwp: 400 Client Error: Bad Request for url: https://www.bizinfo.go.kr/sii/siia/1.%202026%EB%85%84%20%EB%AF%B8%EB%9E%98%EC%9E%90%EB%8F%99%EC%B0%A8%20%EC%82%AC%EC%97%85%EC%9E%AC%ED%8E%B8%20%ED%98%81%EC%8B%A0%EC%84%B1%EC%9E%A5%20%EC%A7%80%EC%9B%90%EC%82%AC%EC%97%85%202%EC%B0%A8%20%EA%B3%B5%EA%B3%A0.hwp / 3. 26년 신청서 및 계획서(승인기업 후속 지원).hwp: 400 Client Error: Bad Request for url: https://www.bizinfo.go.kr/sii/siia/3.%2026%EB%85%84%20%EC%8B%A0%EC%B2%AD%EC%84%9C%20%EB%B0%8F%20%EA%B3%84%ED%9A%8D%EC%84%9C(%EC%8A%B9%EC%9D%B8%EA%B8%B0%EC%97%85%20%ED%9B%84%EC%86%8D%20%EC%A7%80%EC%9B%90).hwp / 2. 26년 신청서 및 계획서(미래차 전환 컨설팅).hwp: 400 Client Error: Bad Request for url: https://www.bizinfo.go.kr/sii/siia/2.%2026%EB%85%84%20%EC%8B%A0%EC%B2%AD%EC%84%9C%20%EB%B0%8F%20%EA%B3%84%ED%9A%8D%EC%84%9C(%EB%AF%B8%EB%9E%98%EC%B0%A8%20%EC%A0%84%ED%99%98%20%EC%BB%A8%EC%84%A4%ED%8C%85).hwp / 202606011324400410.hwp: 404 Client Error: Not Found for url: https://www.bizinfo.go.kr/sii/siia/202606011324400410.hwp / 202606011324460738.hwp: 404 Client Error: Not Found for url: https://www.bizinfo.go.kr/sii/siia/202606011324460738.hwp / 202606011324460835.hwp: 404 Client Error: Not Found for url: https://www.bizinfo.go.kr/sii/siia/202606011324460835.hwp / 202606011324460892.hwp: 404 Client Error: Not Found for url: https://www.bizinfo.go.kr/sii/siia/202606011324460892.hwp / 4. 26년 추가 서류 양식.hwp: 400 Client Error: Bad Request for url: https://www.bizinfo.go.kr/sii/siia/4.%2026%EB%85%84%20%EC%B6%94%EA%B0%80%20%EC%84%9C%EB%A5%98%20%EC%96%91%EC%8B%9D.hwp,https://www.bizinfo.go.kr/sii/siia/selectSIIA200Detail.do?pblancId=PBLN_000000000122644
PBLN_000000000122650,[충북] 2026년 연구개발장비 공동활용 기업애로상담 프로그램 수요기업 모집 공고,충청북도,fetched,url,needs_review,candidate_missing,금액 후보 자체를 찾지 못함,,,support_ratio,ratio_cap,0,,,,,2301,0,충북 연구개발장비 공동활용 기업애로상담 프로그램 수요기업 모집 공고.pdf: 400 Client Error: Bad Request for url: https://www.bizinfo.go.kr/sii/siia/%EC%B6%A9%EB%B6%81%20%EC%97%B0%EA%B5%AC%EA%B0%9C%EB%B0%9C%EC%9E%A5%EB%B9%84%20%EA%B3%B5%EB%8F%99%ED%99%9C%EC%9A%A9%20%EA%B8%B0%EC%97%85%EC%95%A0%EB%A1%9C%EC%83%81%EB%8B%B4%20%ED%94%84%EB%A1%9C%EA%B7%B8%EB%9E%A8%20%EC%88%98%EC%9A%94%EA%B8%B0%EC%97%85%20%EB%AA%A8%EC%A7%91%20%EA%B3%B5%EA%B3%A0.pdf / 202606011347440577.pdf: 404 Client Error: Not Found for url: https://www.bizinfo.go.kr/sii/siia/202606011347440577.pdf / 충북 연구개발장비 공동활용 기업애로상담 프로그램 수요기업 모집 공고.pdf: text extraction failed,https://www.bizinfo.go.kr/sii/siia/selectSIIA200Detail.do?pblancId=PBLN_000000000122650
PBLN_000000000122670,2026년 산업통상부-공공기관 기술나눔 공고,산업통상부,fetched,url,needs_review,candidate_missing,금액 후보 자체를 찾지 못함,,,,recommend_only,0,,,,,2433,18531,2026년도 산업통상부-공공기관 기술나눔 공고문.hwpx: 400 Client Error: Bad Request for url: https://www.bizinfo.go.kr/sii/siia/2026%EB%85%84%EB%8F%84%20%EC%82%B0%EC%97%85%ED%86%B5%EC%83%81%EB%B6%80-%EA%B3%B5%EA%B3%B5%EA%B8%B0%EA%B4%80%20%EA%B8%B0%EC%88%A0%EB%82%98%EB%88%94%20%EA%B3%B5%EA%B3%A0%EB%AC%B8.hwpx / 202606011452250968.hwpx: 404 Client Error: Not Found for url: https://www.bizinfo.go.kr/sii/siia/202606011452250968.hwpx / 202606011453450808.hwpx: 404 Client Error: Not Found for url: https://www.bizinfo.go.kr/sii/siia/202606011453450808.hwpx / 3. (양식)특허활용계획서 및 제3자 제공 동의서(26.05.22).hwpx: 400 Client Error: Bad Request for url: https://www.bizinfo.go.kr/sii/siia/3.%20(%EC%96%91%EC%8B%9D)%ED%8A%B9%ED%97%88%ED%99%9C%EC%9A%A9%EA%B3%84%ED%9A%8D%EC%84%9C%20%EB%B0%8F%20%EC%A0%9C3%EC%9E%90%20%EC%A0%9C%EA%B3%B5%20%EB%8F%99%EC%9D%98%EC%84%9C(26.05.22).hwpx / 2. 2026년 공공기관 기술나눔 목록(298건).xlsx: 400 Client Error: Bad Request for url: https://www.bizinfo.go.kr/sii/siia/2.%202026%EB%85%84%20%EA%B3%B5%EA%B3%B5%EA%B8%B0%EA%B4%80%20%EA%B8%B0%EC%88%A0%EB%82%98%EB%88%94%20%EB%AA%A9%EB%A1%9D(298%EA%B1%B4).xlsx / 202606011453450718.xlsx: 404 Client Error: Not Found for url: https://www.bizinfo.go.kr/sii/siia/202606011453450718.xlsx,https://www.bizinfo.go.kr/sii/siia/selectSIIA200Detail.do?pblancId=PBLN_000000000122670
PBLN_000000000122718,[충북] 2026년 유망기업 IP투자연계 지식재산평가 지원사업 모집 재공고,충청북도,fetched,url,safe,clear_selected_candidate,대표금액 후보가 명확함,,1500.0,support_amount,subtract,12,1500.0,support_amount,subtract,0.8,2452,10612,145410_[붙임1] 충북TP 유망기업 IP투자연계 지식재산평가 지원사업 공고문.pdf: 400 Client Error: Bad Request for url: https://www.bizinfo.go.kr/sii/siia/145410_%5B%EB%B6%99%EC%9E%841%5D%20%EC%B6%A9%EB%B6%81TP%20%EC%9C%A0%EB%A7%9D%EA%B8%B0%EC%97%85%20IP%ED%88%AC%EC%9E%90%EC%97%B0%EA%B3%84%20%EC%A7%80%EC%8B%9D%EC%9E%AC%EC%82%B0%ED%8F%89%EA%B0%80%20%EC%A7%80%EC%9B%90%EC%82%AC%EC%97%85%20%EA%B3%B5%EA%B3%A0%EB%AC%B8.pdf / 202606021407230134.pdf: 404 Client Error: Not Found for url: https://www.bizinfo.go.kr/sii/siia/202606021407230134.pdf / [붙임2] 충북TP 유망기업 IP투자연계 지식재산평가 지원사업 지원신청서.hwp: 400 Client Error: Bad Request for url: https://www.bizinfo.go.kr/sii/siia/%5B%EB%B6%99%EC%9E%842%5D%20%EC%B6%A9%EB%B6%81TP%20%EC%9C%A0%EB%A7%9D%EA%B8%B0%EC%97%85%20IP%ED%88%AC%EC%9E%90%EC%97%B0%EA%B3%84%20%EC%A7%80%EC%8B%9D%EC%9E%AC%EC%82%B0%ED%8F%89%EA%B0%80%20%EC%A7%80%EC%9B%90%EC%82%AC%EC%97%85%20%EC%A7%80%EC%9B%90%EC%8B%A0%EC%B2%AD%EC%84%9C.hwp / 202606021407550508.hwp: 404 Client Error: Not Found for url: https://www.bizinfo.go.kr/sii/siia/202606021407550508.hwp,https://www.bizinfo.go.kr/sii/siia/selectSIIA200Detail.do?pblancId=PBLN_000000000122718
PBLN_000000000122724,[충북] 청주시 2026년 2차 공정혁신시뮬레이션센터 구축 및 운영사업 기술지원 수혜기업 모집 연장 공고,산업통상부,fetched,url,safe,clear_selected_candidate,대표금액 후보가 명확함,,1600.0,support_amount,subtract,5,1600.0,support_amount,subtract,,2441,9571,103458665745_공정혁신 시뮬레이션 기술지원 수혜기업 2차 모집 연장공고.hwpx: 400 Client Error: Bad Request for url: https://www.bizinfo.go.kr/sii/siia/103458665745_%EA%B3%B5%EC%A0%95%ED%98%81%EC%8B%A0%20%EC%8B%9C%EB%AE%AC%EB%A0%88%EC%9D%B4%EC%85%98%20%EA%B8%B0%EC%88%A0%EC%A7%80%EC%9B%90%20%EC%88%98%ED%98%9C%EA%B8%B0%EC%97%85%202%EC%B0%A8%20%EB%AA%A8%EC%A7%91%20%EC%97%B0%EC%9E%A5%EA%B3%B5%EA%B3%A0.hwpx / 202606021420560274.hwpx: 404 Client Error: Not Found for url: https://www.bizinfo.go.kr/sii/siia/202606021420560274.hwpx / 103458216392_공정혁신 시뮬레이션 기술지원 수혜기업 신청서류.hwp: 400 Client Error: Bad Request for url: https://www.bizinfo.go.kr/sii/siia/103458216392_%EA%B3%B5%EC%A0%95%ED%98%81%EC%8B%A0%20%EC%8B%9C%EB%AE%AC%EB%A0%88%EC%9D%B4%EC%85%98%20%EA%B8%B0%EC%88%A0%EC%A7%80%EC%9B%90%20%EC%88%98%ED%98%9C%EA%B8%B0%EC%97%85%20%EC%8B%A0%EC%B2%AD%EC%84%9C%EB%A5%98.hwp / 202606021420420796.hwp: 404 Client Error: Not Found for url: https://www.bizinfo.go.kr/sii/siia/202606021420420796.hwp,https://www.bizinfo.go.kr/sii/siia/selectSIIA200Detail.do?pblancId=PBLN_000000000122724
PBLN_000000000122726,[강원] 2026년 바이오기업 성장 촉진 및 고용 활성화 지원기업 상시 모집 공고(지역산업맞춤형 일자리창출 지원사업),강원특별자치도,fetched,url,needs_review,large_amount_delta,기존 금액과 새 대표금액 차이가 큼,"amount_delta_20_percent:old=700,new=40",700.0,support_amount,subtract,15,40.0,support_amount,subtract,,2455,13309,1. (2026)강원 바이오기업 성장 촉진 및 고용 활성화 지원기업 모집 공고문(상시공고).pdf: 400 Client Error: Bad Request for url: https://www.bizinfo.go.kr/sii/siia/1.%20(2026)%EA%B0%95%EC%9B%90%20%EB%B0%94%EC%9D%B4%EC%98%A4%EA%B8%B0%EC%97%85%20%EC%84%B1%EC%9E%A5%20%EC%B4%89%EC%A7%84%20%EB%B0%8F%20%EA%B3%A0%EC%9A%A9%20%ED%99%9C%EC%84%B1%ED%99%94%20%EC%A7%80%EC%9B%90%EA%B8%B0%EC%97%85%20%EB%AA%A8%EC%A7%91%20%EA%B3%B5%EA%B3%A0%EB%AC%B8(%EC%83%81%EC%8B%9C%EA%B3%B5%EA%B3%A0).pdf / 202606021429360905.pdf: 404 Client Error: Not Found for url: https://www.bizinfo.go.kr/sii/siia/202606021429360905.pdf / 2. (2026)강원 바이오기업 성장 촉진 및 고용 활성화 기업지원사업 서식_신규채용자 초기 정주기반 지원.hwp: 400 Client Error: Bad Request for url: https://www.bizinfo.go.kr/sii/siia/2.%20(2026)%EA%B0%95%EC%9B%90%20%EB%B0%94%EC%9D%B4%EC%98%A4%EA%B8%B0%EC%97%85%20%EC%84%B1%EC%9E%A5%20%EC%B4%89%EC%A7%84%20%EB%B0%8F%20%EA%B3%A0%EC%9A%A9%20%ED%99%9C%EC%84%B1%ED%99%94%20%EA%B8%B0%EC%97%85%EC%A7%80%EC%9B%90%EC%82%AC%EC%97%85%20%EC%84%9C%EC%8B%9D_%EC%8B%A0%EA%B7%9C%EC%B1%84%EC%9A%A9%EC%9E%90%20%EC%B4%88%EA%B8%B0%20%EC%A0%95%EC%A3%BC%EA%B8%B0%EB%B0%98%20%EC%A7%80%EC%9B%90.hwp / 2. (2026)강원 바이오기업 성장 촉진 및 고용 활성화 기업지원사업 서식_춘천바이오산업진흥원.hwp: 400 Client Error: Bad Request for url: https://www.bizinfo.go.kr/sii/siia/2.%20(2026)%EA%B0%95%EC%9B%90%20%EB%B0%94%EC%9D%B4%EC%98%A4%EA%B8%B0%EC%97%85%20%EC%84%B1%EC%9E%A5%20%EC%B4%89%EC%A7%84%20%EB%B0%8F%20%EA%B3%A0%EC%9A%A9%20%ED%99%9C%EC%84%B1%ED%99%94%20%EA%B8%B0%EC%97%85%EC%A7%80%EC%9B%90%EC%82%AC%EC%97%85%20%EC%84%9C%EC%8B%9D_%EC%B6%98%EC%B2%9C%EB%B0%94%EC%9D%B4%EC%98%A4%EC%82%B0%EC%97%85%EC%A7%84%ED%9D%A5%EC%9B%90.hwp / 202606021430250275.hwp: 404 Client Error: Not Found for url: https://www.bizinfo.go.kr/sii/siia/202606021430250275.hwp / 202606021430250350.hwp: 404 Client Error: Not Found for url: https://www.bizinfo.go.kr/sii/siia/202606021430250350.hwp / 202606021430250428.hwp: 404 Client Error: Not Found for url: https://www.bizinfo.go.kr/sii/siia/202606021430250428.hwp / 개인정보 수집(이용) · 제공 동의서.hwp: 400 Client Error: Bad Request for url: https://www.bizinfo.go.kr/sii/siia/%EA%B0%9C%EC%9D%B8%EC%A0%95%EB%B3%B4%20%EC%88%98%EC%A7%91(%EC%9D%B4%EC%9A%A9)%20%C2%B7%20%EC%A0%9C%EA%B3%B5%20%EB%8F%99%EC%9D%98%EC%84%9C.hwp,https://www.bizinfo.go.kr/sii/siia/selectSIIA200Detail.do?pblancId=PBLN_000000000122726
PBLN_000000000122744,2026년 2차 GLP(세포독성) 시험평가인증 지원사업 공고(메카노바이오활성소재 혁신의료기기 실증 기반구축),산업통상부,fetched,url,needs_review,selected_candidate_missing,금액 후보는 있으나 대표금액을 선택하지 못함,,,,recommend_only,2,,,,,2411,7859,[공고문]2026년GLP시험평가인증지원사업(2차).pdf: 400 Client Error: Bad Request for url: https://www.bizinfo.go.kr/sii/siia/%5B%EA%B3%B5%EA%B3%A0%EB%AC%B8%5D2026%EB%85%84GLP%EC%8B%9C%ED%97%98%ED%8F%89%EA%B0%80%EC%9D%B8%EC%A6%9D%EC%A7%80%EC%9B%90%EC%82%AC%EC%97%85(2%EC%B0%A8).pdf / [양식]신청서_GLP시험평가인증지원사업.pdf: 400 Client Error: Bad Request for url: https://www.bizinfo.go.kr/sii/siia/%5B%EC%96%91%EC%8B%9D%5D%EC%8B%A0%EC%B2%AD%EC%84%9C_GLP%EC%8B%9C%ED%97%98%ED%8F%89%EA%B0%80%EC%9D%B8%EC%A6%9D%EC%A7%80%EC%9B%90%EC%82%AC%EC%97%85.pdf / 202606041028270350.pdf: 404 Client Error: Not Found for url: https://www.bizinfo.go.kr/sii/siia/202606041028270350.pdf / 202606041547480733.pdf: 404 Client Error: Not Found for url: https://www.bizinfo.go.kr/sii/siia/202606041547480733.pdf / [양식]신청서_GLP시험평가인증지원사업.hwp: 400 Client Error: Bad Request for url: https://www.bizinfo.go.kr/sii/siia/%5B%EC%96%91%EC%8B%9D%5D%EC%8B%A0%EC%B2%AD%EC%84%9C_GLP%EC%8B%9C%ED%97%98%ED%8F%89%EA%B0%80%EC%9D%B8%EC%A6%9D%EC%A7%80%EC%9B%90%EC%82%AC%EC%97%85.hwp / 202606041028190211.hwp: 404 Client Error: Not Found for url: https://www.bizinfo.go.kr/sii/siia/202606041028190211.hwp,https://www.bizinfo.go.kr/sii/siia/selectSIIA200Detail.do?pblancId=PBLN_000000000122744
PBLN_000000000122761,"2026년 2차 재생에너지R&D(태양광, 풍력) 신규지원대상 연구개발과제 공고",기후에너지환경부,fetched,url,needs_review,selected_candidate_missing,금액 후보는 있으나 대표금액을 선택하지 못함,old_amount_without_new_selected_amount,2050000.0,subsidy,subtract,3,,,,1.0,2076,24187,(기후에너지환경부 공고 제2026-553호) 2026년도 2차 재생에너지R&D(태양광 풍력) 신규지원대상과제 공고문.pdf: 400 Client Error: Bad Request for url: https://www.bizinfo.go.kr/sii/siia/(%EA%B8%B0%ED%9B%84%EC%97%90%EB%84%88%EC%A7%80%ED%99%98%EA%B2%BD%EB%B6%80%20%EA%B3%B5%EA%B3%A0%20%EC%A0%9C2026-553%ED%98%B8)%202026%EB%85%84%EB%8F%84%202%EC%B0%A8%20%EC%9E%AC%EC%83%9D%EC%97%90%EB%84%88%EC%A7%80R&D(%ED%83%9C%EC%96%91%EA%B4%91%20%ED%92%8D%EB%A0%A5)%20%EC%8B%A0%EA%B7%9C%EC%A7%80%EC%9B%90%EB%8C%80%EC%83%81%EA%B3%BC%EC%A0%9C%20%EA%B3%B5%EA%B3%A0%EB%AC%B8.pdf / 202606041313390791.pdf: 404 Client Error: Not Found for url: https://www.bizinfo.go.kr/sii/siia/202606041313390791.pdf / (기후에너지환경부 공고 제2026-553호) 2026년도 2차 재생에너지R&D(태양광 풍력) 신규지원대상과제 공고문.hwpx: 400 Client Error: Bad Request for url: https://www.bizinfo.go.kr/sii/siia/(%EA%B8%B0%ED%9B%84%EC%97%90%EB%84%88%EC%A7%80%ED%99%98%EA%B2%BD%EB%B6%80%20%EA%B3%B5%EA%B3%A0%20%EC%A0%9C2026-553%ED%98%B8)%202026%EB%85%84%EB%8F%84%202%EC%B0%A8%20%EC%9E%AC%EC%83%9D%EC%97%90%EB%84%88%EC%A7%80R&D(%ED%83%9C%EC%96%91%EA%B4%91%20%ED%92%8D%EB%A0%A5)%20%EC%8B%A0%EA%B7%9C%EC%A7%80%EC%9B%90%EB%8C%80%EC%83%81%EA%B3%BC%EC%A0%9C%20%EA%B3%B5%EA%B3%A0%EB%AC%B8.hwpx / 202606041313450387.hwpx: 404 Client Error: Not Found for url: https://www.bizinfo.go.kr/sii/siia/202606041313450387.hwpx,https://www.bizinfo.go.kr/sii/siia/selectSIIA200Detail.do?pblancId=PBLN_000000000122761
PBLN_000000000122793,2026년 연구개발특구 딥테크 스타트업 챌린지 기업모집 공고,과학기술정보통신부,fetched,url,safe,clear_selected_candidate,대표금액 후보가 명확함,,300000.0,support_amount,subtract,15,300000.0,support_amount,subtract,,2513,15590,[공고문] 「2026년 연구개발특구 딥테크 스타트업 챌린지」 참여기업 모집 공고.pdf: 400 Client Error: Bad Request for url: https://www.bizinfo.go.kr/sii/siia/%5B%EA%B3%B5%EA%B3%A0%EB%AC%B8%5D%20%E3%80%8C2026%EB%85%84%20%EC%97%B0%EA%B5%AC%EA%B0%9C%EB%B0%9C%ED%8A%B9%EA%B5%AC%20%EB%94%A5%ED%85%8C%ED%81%AC%20%EC%8A%A4%ED%83%80%ED%8A%B8%EC%97%85%20%EC%B1%8C%EB%A6%B0%EC%A7%80%E3%80%8D%20%EC%B0%B8%EC%97%AC%EA%B8%B0%EC%97%85%20%EB%AA%A8%EC%A7%91%20%EA%B3%B5%EA%B3%A0.pdf / 202606051006370283.pdf: 404 Client Error: Not Found for url: https://www.bizinfo.go.kr/sii/siia/202606051006370283.pdf / [공고문] 「2026년 연구개발특구 딥테크 스타트업 챌린지」 참여기업 모집 공고.hwp: 400 Client Error: Bad Request for url: https://www.bizinfo.go.kr/sii/siia/%5B%EA%B3%B5%EA%B3%A0%EB%AC%B8%5D%20%E3%80%8C2026%EB%85%84%20%EC%97%B0%EA%B5%AC%EA%B0%9C%EB%B0%9C%ED%8A%B9%EA%B5%AC%20%EB%94%A5%ED%85%8C%ED%81%AC%20%EC%8A%A4%ED%83%80%ED%8A%B8%EC%97%85%20%EC%B1%8C%EB%A6%B0%EC%A7%80%E3%80%8D%20%EC%B0%B8%EC%97%AC%EA%B8%B0%EC%97%85%20%EB%AA%A8%EC%A7%91%20%EA%B3%B5%EA%B3%A0.hwp / 202606051008110703.hwp: 404 Client Error: Not Found for url: https://www.bizinfo.go.kr/sii/siia/202606051008110703.hwp,https://www.bizinfo.go.kr/sii/siia/selectSIIA200Detail.do?pblancId=PBLN_000000000122793
PBLN_000000000122820,2026년 한국형 ARPA-H 프로젝트 신규지원 대상과제 통합 공고,보건복지부,fetched,url,needs_review,selected_candidate_missing,금액 후보는 있으나 대표금액을 선택하지 못함,old_amount_without_new_selected_amount,1930000.0,subsidy,subtract,28,,,,1.0,1972,20530,1.+2026년도+한국형+ARPA-H+프로젝트+신규지원+대상과제+통합공고문.pdf: 400 Client Error: Bad Request for url: https://www.bizinfo.go.kr/sii/siia/1.+2026%EB%85%84%EB%8F%84+%ED%95%9C%EA%B5%AD%ED%98%95+ARPA-H+%ED%94%84%EB%A1%9C%EC%A0%9D%ED%8A%B8+%EC%8B%A0%EA%B7%9C%EC%A7%80%EC%9B%90+%EB%8C%80%EC%83%81%EA%B3%BC%EC%A0%9C+%ED%86%B5%ED%95%A9%EA%B3%B5%EA%B3%A0%EB%AC%B8.pdf / 202606051343180217.pdf: 404 Client Error: Not Found for url: https://www.bizinfo.go.kr/sii/siia/202606051343180217.pdf / 1.+2026년도+한국형+ARPA-H+프로젝트+신규지원+대상과제+통합공고문.hwpx: 400 Client Error: Bad Request for url: https://www.bizinfo.go.kr/sii/siia/1.+2026%EB%85%84%EB%8F%84+%ED%95%9C%EA%B5%AD%ED%98%95+ARPA-H+%ED%94%84%EB%A1%9C%EC%A0%9D%ED%8A%B8+%EC%8B%A0%EA%B7%9C%EC%A7%80%EC%9B%90+%EB%8C%80%EC%83%81%EA%B3%BC%EC%A0%9C+%ED%86%B5%ED%95%A9%EA%B3%B5%EA%B3%A0%EB%AC%B8.hwpx / 202606051343260606.hwpx: 404 Client Error: Not Found for url: https://www.bizinfo.go.kr/sii/siia/202606051343260606.hwpx,https://www.bizinfo.go.kr/sii/siia/selectSIIA200Detail.do?pblancId=PBLN_000000000122820
PBLN_000000000122825,2026년 제3회 신제품(NEP)지정 신규신청(100대 전략품목 포함) 및 유효기간 연장신청 접수 공고,산업통상부,fetched,url,needs_review,selected_candidate_missing,금액 후보는 있으나 대표금액을 선택하지 못함,old_amount_without_new_selected_amount,50.0,non_cash,recommend_only,1,,,,0.15,2406,29942,2026년 제3회 신제품(NEP)지정 신규신청(100대 전략품목 포함) 및 유효기간 연장신청 접수공고.hwpx: 400 Client Error: Bad Request for url: https://www.bizinfo.go.kr/sii/siia/2026%EB%85%84%20%EC%A0%9C3%ED%9A%8C%20%EC%8B%A0%EC%A0%9C%ED%92%88(NEP)%EC%A7%80%EC%A0%95%20%EC%8B%A0%EA%B7%9C%EC%8B%A0%EC%B2%AD(100%EB%8C%80%20%EC%A0%84%EB%9E%B5%ED%92%88%EB%AA%A9%20%ED%8F%AC%ED%95%A8)%20%EB%B0%8F%20%EC%9C%A0%ED%9A%A8%EA%B8%B0%EA%B0%84%20%EC%97%B0%EC%9E%A5%EC%8B%A0%EC%B2%AD%20%EC%A0%91%EC%88%98%EA%B3%B5%EA%B3%A0.hwpx / 202606051401210974.hwpx: 404 Client Error: Not Found for url: https://www.bizinfo.go.kr/sii/siia/202606051401210974.hwpx / 202606051401220106.hwpx: 404 Client Error: Not Found for url: https://www.bizinfo.go.kr/sii/siia/202606051401220106.hwpx / 202606051401220177.hwpx: 404 Client Error: Not Found for url: https://www.bizinfo.go.kr/sii/siia/202606051401220177.hwpx / 202606051401290406.hwpx: 404 Client Error: Not Found for url: https://www.bizinfo.go.kr/sii/siia/202606051401290406.hwpx / [붙임] 2. [별첨 1] 신청분과 분류표.hwpx: 400 Client Error: Bad Request for url: https://www.bizinfo.go.kr/sii/siia/%5B%EB%B6%99%EC%9E%84%5D%202.%20%5B%EB%B3%84%EC%B2%A8%201%5D%20%EC%8B%A0%EC%B2%AD%EB%B6%84%EA%B3%BC%20%EB%B6%84%EB%A5%98%ED%91%9C.hwpx / [붙임] 3. [별첨 2] 신제품(NEP)지정 100대 전략품목.hwpx: 400 Client Error: Bad Request for url: https://www.bizinfo.go.kr/sii/siia/%5B%EB%B6%99%EC%9E%84%5D%203.%20%5B%EB%B3%84%EC%B2%A8%202%5D%20%EC%8B%A0%EC%A0%9C%ED%92%88(NEP)%EC%A7%80%EC%A0%95%20100%EB%8C%80%20%EC%A0%84%EB%9E%B5%ED%92%88%EB%AA%A9.hwpx / [붙임] 4. [별첨 3] 신제품(NEP)지정 100대 전략품목 설명자료.hwpx: 400 Client Error: Bad Request for url: https://www.bizinfo.go.kr/sii/siia/%5B%EB%B6%99%EC%9E%84%5D%204.%20%5B%EB%B3%84%EC%B2%A8%203%5D%20%EC%8B%A0%EC%A0%9C%ED%92%88(NEP)%EC%A7%80%EC%A0%95%20100%EB%8C%80%20%EC%A0%84%EB%9E%B5%ED%92%88%EB%AA%A9%20%EC%84%A4%EB%AA%85%EC%9E%90%EB%A3%8C.hwpx,https://www.bizinfo.go.kr/sii/siia/selectSIIA200Detail.do?pblancId=PBLN_000000000122825
PBLN_000000000122826,2026년 제3회 신기술(NET)지정 신규신청(100대 전략품목 포함) 및 유효기간 연장신청 접수 공고,산업통상부,fetched,url,needs_review,selected_candidate_missing,금액 후보는 있으나 대표금액을 선택하지 못함,old_amount_without_new_selected_amount,50.0,unknown,recommend_only,1,,,,0.15,2560,25521,2026년 제3회 신기술(NET)지정 신규신청(100대 전략품목 포함) 및 유효기간 연장신청 접수공고.hwpx: 400 Client Error: Bad Request for url: https://www.bizinfo.go.kr/sii/siia/2026%EB%85%84%20%EC%A0%9C3%ED%9A%8C%20%EC%8B%A0%EA%B8%B0%EC%88%A0(NET)%EC%A7%80%EC%A0%95%20%EC%8B%A0%EA%B7%9C%EC%8B%A0%EC%B2%AD(100%EB%8C%80%20%EC%A0%84%EB%9E%B5%ED%92%88%EB%AA%A9%20%ED%8F%AC%ED%95%A8)%20%EB%B0%8F%20%EC%9C%A0%ED%9A%A8%EA%B8%B0%EA%B0%84%20%EC%97%B0%EC%9E%A5%EC%8B%A0%EC%B2%AD%20%EC%A0%91%EC%88%98%EA%B3%B5%EA%B3%A0.hwpx / 202606051407400255.hwpx: 404 Client Error: Not Found for url: https://www.bizinfo.go.kr/sii/siia/202606051407400255.hwpx / 202606051408230034.hwpx: 404 Client Error: Not Found for url: https://www.bizinfo.go.kr/sii/siia/202606051408230034.hwpx / 202606051408230133.hwpx: 404 Client Error: Not Found for url: https://www.bizinfo.go.kr/sii/siia/202606051408230133.hwpx / 202606051408230190.hwpx: 404 Client Error: Not Found for url: https://www.bizinfo.go.kr/sii/siia/202606051408230190.hwpx / 202606051408230264.hwpx: 404 Client Error: Not Found for url: https://www.bizinfo.go.kr/sii/siia/202606051408230264.hwpx / 3. [별첨 1] 신청분과 분류표(안).hwpx: 400 Client Error: Bad Request for url: https://www.bizinfo.go.kr/sii/siia/3.%20%5B%EB%B3%84%EC%B2%A8%201%5D%20%EC%8B%A0%EC%B2%AD%EB%B6%84%EA%B3%BC%20%EB%B6%84%EB%A5%98%ED%91%9C(%EC%95%88).hwpx / 4. [별첨 2] 신기술(NET)지정 100대 전략품목.hwpx: 400 Client Error: Bad Request for url: https://www.bizinfo.go.kr/sii/siia/4.%20%5B%EB%B3%84%EC%B2%A8%202%5D%20%EC%8B%A0%EA%B8%B0%EC%88%A0(NET)%EC%A7%80%EC%A0%95%20100%EB%8C%80%20%EC%A0%84%EB%9E%B5%ED%92%88%EB%AA%A9.hwpx / 5. [별첨 3] 신기술(NET)지정 100대 전략품목 설명자료.hwpx: 400 Client Error: Bad Request for url: https://www.bizinfo.go.kr/sii/siia/5.%20%5B%EB%B3%84%EC%B2%A8%203%5D%20%EC%8B%A0%EA%B8%B0%EC%88%A0(NET)%EC%A7%80%EC%A0%95%20100%EB%8C%80%20%EC%A0%84%EB%9E%B5%ED%92%88%EB%AA%A9%20%EC%84%A4%EB%AA%85%EC%9E%90%EB%A3%8C.hwpx / 6. [별첨 4] 신청기술 요약서.hwpx: 400 Client Error: Bad Request for url: https://www.bizinfo.go.kr/sii/siia/6.%20%5B%EB%B3%84%EC%B2%A8%204%5D%20%EC%8B%A0%EC%B2%AD%EA%B8%B0%EC%88%A0%20%EC%9A%94%EC%95%BD%EC%84%9C.hwpx,https://www.bizinfo.go.kr/sii/siia/selectSIIA200Detail.do?pblancId=PBLN_000000000122826
PBLN_000000000122852,2026년 하반기 우수 상용품 시범사용 제안제품 접수 공고,국방부,fetched,url,needs_review,selected_candidate_missing,금액 후보는 있으나 대표금액을 선택하지 못함,old_amount_without_new_selected_amount,2000.0,support_amount,subtract,1,,,,,1851,12071,붙임 1. 2026년 하반기 우수 상용품 시범사용 제안품목 신청접수_공고문+.pdf: 400 Client Error: Bad Request for url: https://www.bizinfo.go.kr/sii/siia/%EB%B6%99%EC%9E%84%201.%202026%EB%85%84%20%ED%95%98%EB%B0%98%EA%B8%B0%20%EC%9A%B0%EC%88%98%20%EC%83%81%EC%9A%A9%ED%92%88%20%EC%8B%9C%EB%B2%94%EC%82%AC%EC%9A%A9%20%EC%A0%9C%EC%95%88%ED%92%88%EB%AA%A9%20%EC%8B%A0%EC%B2%AD%EC%A0%91%EC%88%98_%EA%B3%B5%EA%B3%A0%EB%AC%B8+.pdf / 202606080940140489.pdf: 404 Client Error: Not Found for url: https://www.bizinfo.go.kr/sii/siia/202606080940140489.pdf / 202606080941370842.pdf: 404 Client Error: Not Found for url: https://www.bizinfo.go.kr/sii/siia/202606080941370842.pdf / 26년 하반기 우수상용품 신청접수_포스터.pdf: 400 Client Error: Bad Request for url: https://www.bizinfo.go.kr/sii/siia/26%EB%85%84%20%ED%95%98%EB%B0%98%EA%B8%B0%20%EC%9A%B0%EC%88%98%EC%83%81%EC%9A%A9%ED%92%88%20%EC%8B%A0%EC%B2%AD%EC%A0%91%EC%88%98_%ED%8F%AC%EC%8A%A4%ED%84%B0.pdf / 26년 하반기 우수상용품 신청접수_포스터.pdf: text extraction failed,https://www.bizinfo.go.kr/sii/siia/selectSIIA200Detail.do?pblancId=PBLN_000000000122852
PBLN_000000000122863,[경북] 2026년 제조업AI융합기반조성사업 경북AX랩 활용기업 모집 공고,경상북도,fetched,url,needs_review,candidate_missing,금액 후보 자체를 찾지 못함,,,unknown,recommend_only,0,,,,,2177,4958,[붙임1] 활용기업 모집 공고문.hwpx: 400 Client Error: Bad Request for url: https://www.bizinfo.go.kr/sii/siia/%5B%EB%B6%99%EC%9E%841%5D%20%ED%99%9C%EC%9A%A9%EA%B8%B0%EC%97%85%20%EB%AA%A8%EC%A7%91%20%EA%B3%B5%EA%B3%A0%EB%AC%B8.hwpx / 202606081052270392.hwpx: 404 Client Error: Not Found for url: https://www.bizinfo.go.kr/sii/siia/202606081052270392.hwpx / 202606081052370452.hwp: 404 Client Error: Not Found for url: https://www.bizinfo.go.kr/sii/siia/202606081052370452.hwp / [붙임2] 신청 서식.hwp: 400 Client Error: Bad Request for url: https://www.bizinfo.go.kr/sii/siia/%5B%EB%B6%99%EC%9E%842%5D%20%EC%8B%A0%EC%B2%AD%20%EC%84%9C%EC%8B%9D.hwp,https://www.bizinfo.go.kr/sii/siia/selectSIIA200Detail.do?pblancId=PBLN_000000000122863
PBLN_000000000122891,2026년 2차 전력정보화 및 정책지원사업(신재생에너지 분야) 신규지원 대상과제 공고,기후에너지환경부,fetched,url,needs_review,selected_candidate_missing,금액 후보는 있으나 대표금액을 선택하지 못함,old_amount_without_new_selected_amount,5000.0,subsidy,subtract,4,,,,1.0,1737,12081,2026년도 2차 「전력정보화 및 정책지원사업 (신재생에너지 분야)」 신규지원 대상과제 공고.hwpx: 400 Client Error: Bad Request for url: https://www.bizinfo.go.kr/sii/siia/2026%EB%85%84%EB%8F%84%202%EC%B0%A8%20%E3%80%8C%EC%A0%84%EB%A0%A5%EC%A0%95%EB%B3%B4%ED%99%94%20%EB%B0%8F%20%EC%A0%95%EC%B1%85%EC%A7%80%EC%9B%90%EC%82%AC%EC%97%85%20(%EC%8B%A0%EC%9E%AC%EC%83%9D%EC%97%90%EB%84%88%EC%A7%80%20%EB%B6%84%EC%95%BC)%E3%80%8D%20%EC%8B%A0%EA%B7%9C%EC%A7%80%EC%9B%90%20%EB%8C%80%EC%83%81%EA%B3%BC%EC%A0%9C%20%EA%B3%B5%EA%B3%A0.hwpx / 202606081430370229.hwpx: 404 Client Error: Not Found for url: https://www.bizinfo.go.kr/sii/siia/202606081430370229.hwpx,https://www.bizinfo.go.kr/sii/siia/selectSIIA200Detail.do?pblancId=PBLN_000000000122891
PBLN_000000000122893,2026년 세종테크밸리 첨단기업 유치 임차료 지원사업 희망기업(임차기업) 모집 수정 공고,세종특별자치시,fetched,url,safe,clear_selected_candidate,대표금액 후보가 명확함,,2000.0,support_amount,subtract,14,2000.0,support_amount,subtract,0.7,1884,14416,붙임+1.+2026년+세종테크밸리+첨단기업+유치+임차료+지원사업+희망기업임차기업+모집+수정+공고문+.pdf: 400 Client Error: Bad Request for url: https://www.bizinfo.go.kr/sii/siia/%EB%B6%99%EC%9E%84+1.+2026%EB%85%84+%EC%84%B8%EC%A2%85%ED%85%8C%ED%81%AC%EB%B0%B8%EB%A6%AC+%EC%B2%A8%EB%8B%A8%EA%B8%B0%EC%97%85+%EC%9C%A0%EC%B9%98+%EC%9E%84%EC%B0%A8%EB%A3%8C+%EC%A7%80%EC%9B%90%EC%82%AC%EC%97%85+%ED%9D%AC%EB%A7%9D%EA%B8%B0%EC%97%85%EC%9E%84%EC%B0%A8%EA%B8%B0%EC%97%85+%EB%AA%A8%EC%A7%91+%EC%88%98%EC%A0%95+%EA%B3%B5%EA%B3%A0%EB%AC%B8+.pdf / 202606081429580926.pdf: 404 Client Error: Not Found for url: https://www.bizinfo.go.kr/sii/siia/202606081429580926.pdf / 붙임+2.+2026년+세종테크밸리+첨단기업+유치+임차료+지원사업+희망기업임차기업+모집+신청서식.hwp: 400 Client Error: Bad Request for url: https://www.bizinfo.go.kr/sii/siia/%EB%B6%99%EC%9E%84+2.+2026%EB%85%84+%EC%84%B8%EC%A2%85%ED%85%8C%ED%81%AC%EB%B0%B8%EB%A6%AC+%EC%B2%A8%EB%8B%A8%EA%B8%B0%EC%97%85+%EC%9C%A0%EC%B9%98+%EC%9E%84%EC%B0%A8%EB%A3%8C+%EC%A7%80%EC%9B%90%EC%82%AC%EC%97%85+%ED%9D%AC%EB%A7%9D%EA%B8%B0%EC%97%85%EC%9E%84%EC%B0%A8%EA%B8%B0%EC%97%85+%EB%AA%A8%EC%A7%91+%EC%8B%A0%EC%B2%AD%EC%84%9C%EC%8B%9D.hwp / 202606081430080984.hwp: 404 Client Error: Not Found for url: https://www.bizinfo.go.kr/sii/siia/202606081430080984.hwp,https://www.bizinfo.go.kr/sii/siia/selectSIIA200Detail.do?pblancId=PBLN_000000000122893
PBLN_000000000122906,[부산ㆍ울산ㆍ경남] 2026년 부ㆍ울ㆍ경 3T(Together Towards Tomorrow) 협력 파트너십 참여기업 모집 공고,고용노동부,fetched,url,safe,clear_selected_candidate,대표금액 후보가 명확함,,6000.0,support_amount,subtract,18,6000.0,support_amount,subtract,0.4,2522,12077,부·울·경 3T(Together Towards Tomorrow) 협력 파트너십 공고문_.hwp: 400 Client Error: Bad Request for url: https://www.bizinfo.go.kr/sii/siia/%EB%B6%80%C2%B7%EC%9A%B8%C2%B7%EA%B2%BD%203T(Together%20Towards%20Tomorrow)%20%ED%98%91%EB%A0%A5%20%ED%8C%8C%ED%8A%B8%EB%84%88%EC%8B%AD%20%EA%B3%B5%EA%B3%A0%EB%AC%B8_.hwp / 202606081502010271.hwp: 404 Client Error: Not Found for url: https://www.bizinfo.go.kr/sii/siia/202606081502010271.hwp,https://www.bizinfo.go.kr/sii/siia/selectSIIA200Detail.do?pblancId=PBLN_000000000122906
PBLN_000000000122930,[경남] 서부 2026년 3차 지식재산 긴급지원 사업 모집 공고,경상남도,fetched,url,safe,clear_selected_candidate,대표금액 후보가 명확함,,900.0,subsidy,subtract,26,900.0,subsidy,subtract,0.4,2291,7954,1. [공고문] 2026년 지식재산 긴급지원 사업 공고.hwp: 400 Client Error: Bad Request for url: https://www.bizinfo.go.kr/sii/siia/1.%20%5B%EA%B3%B5%EA%B3%A0%EB%AC%B8%5D%202026%EB%85%84%20%EC%A7%80%EC%8B%9D%EC%9E%AC%EC%82%B0%20%EA%B8%B4%EA%B8%89%EC%A7%80%EC%9B%90%20%EC%82%AC%EC%97%85%20%EA%B3%B5%EA%B3%A0.hwp / 202606091318010798.hwp: 404 Client Error: Not Found for url: https://www.bizinfo.go.kr/sii/siia/202606091318010798.hwp,https://www.bizinfo.go.kr/sii/siia/selectSIIA200Detail.do?pblancId=PBLN_000000000122930
PBLN_000000000122942,[세종] 조달청 다수공급자계약(MAS) 활용 컨설팅 지원사업 공고,세종특별자치시,fetched,url,needs_review,selected_candidate_missing,금액 후보는 있으나 대표금액을 선택하지 못함,old_amount_without_new_selected_amount,200.0,support_amount,subtract,2,,,,,1671,3364,[공고문] 2026년 다수공급자계약(MAS) 컨설팅.pdf: 400 Client Error: Bad Request for url: https://www.bizinfo.go.kr/sii/siia/%5B%EA%B3%B5%EA%B3%A0%EB%AC%B8%5D%202026%EB%85%84%20%EB%8B%A4%EC%88%98%EA%B3%B5%EA%B8%89%EC%9E%90%EA%B3%84%EC%95%BD(MAS)%20%EC%BB%A8%EC%84%A4%ED%8C%85.pdf / 202606091351530600.pdf: 404 Client Error: Not Found for url: https://www.bizinfo.go.kr/sii/siia/202606091351530600.pdf,https://www.bizinfo.go.kr/sii/siia/selectSIIA200Detail.do?pblancId=PBLN_000000000122942
PBLN_000000000122968,2026년 2차 안전일터 조성지원 사업 수정 공고,고용노동부,fetched,url,needs_review,large_amount_delta,기존 금액과 새 대표금액 차이가 큼,"type_changed:subsidy->support_amount | amount_delta_20_percent:old=3000,new=100000",3000.0,subsidy,subtract,9,100000.0,support_amount,subtract,0.5,2087,12063,[붙임] 2026년 안전일터 조성지원 사업 공고문_수정(2차).pdf: 400 Client Error: Bad Request for url: https://www.bizinfo.go.kr/sii/siia/%5B%EB%B6%99%EC%9E%84%5D%202026%EB%85%84%20%EC%95%88%EC%A0%84%EC%9D%BC%ED%84%B0%20%EC%A1%B0%EC%84%B1%EC%A7%80%EC%9B%90%20%EC%82%AC%EC%97%85%20%EA%B3%B5%EA%B3%A0%EB%AC%B8_%EC%88%98%EC%A0%95(2%EC%B0%A8).pdf / 202606091726560027.pdf: 404 Client Error: Not Found for url: https://www.bizinfo.go.kr/sii/siia/202606091726560027.pdf,https://www.bizinfo.go.kr/sii/siia/selectSIIA200Detail.do?pblancId=PBLN_000000000122968
PBLN_000000000122971,[경북] 2026년 경북중소기업기술혁신협의회 경북형 R&D플랫폼 참여기업 모집 공고,경상북도,fetched,url,needs_review,selected_candidate_missing,금액 후보는 있으나 대표금액을 선택하지 못함,,,unknown,recommend_only,2,,,,,2407,6541,2026년 경북형 R&D플랫폼 공고문.pdf: 400 Client Error: Bad Request for url: https://www.bizinfo.go.kr/sii/siia/2026%EB%85%84%20%EA%B2%BD%EB%B6%81%ED%98%95%20R&D%ED%94%8C%EB%9E%AB%ED%8F%BC%20%EA%B3%B5%EA%B3%A0%EB%AC%B8.pdf / 202606100940150295.pdf: 404 Client Error: Not Found for url: https://www.bizinfo.go.kr/sii/siia/202606100940150295.pdf / [서식] 지원신청서.hwp: 400 Client Error: Bad Request for url: https://www.bizinfo.go.kr/sii/siia/%5B%EC%84%9C%EC%8B%9D%5D%20%EC%A7%80%EC%9B%90%EC%8B%A0%EC%B2%AD%EC%84%9C.hwp / 202606100940200990.hwp: 404 Client Error: Not Found for url: https://www.bizinfo.go.kr/sii/siia/202606100940200990.hwp / 202606100940210091.hwp: 404 Client Error: Not Found for url: https://www.bizinfo.go.kr/sii/siia/202606100940210091.hwp / [서식] 신용정보 동의서 및 신청자격 적정성 확인서.hwp: 400 Client Error: Bad Request for url: https://www.bizinfo.go.kr/sii/siia/%5B%EC%84%9C%EC%8B%9D%5D%20%EC%8B%A0%EC%9A%A9%EC%A0%95%EB%B3%B4%20%EB%8F%99%EC%9D%98%EC%84%9C%20%EB%B0%8F%20%EC%8B%A0%EC%B2%AD%EC%9E%90%EA%B2%A9%20%EC%A0%81%EC%A0%95%EC%84%B1%20%ED%99%95%EC%9D%B8%EC%84%9C.hwp,https://www.bizinfo.go.kr/sii/siia/selectSIIA200Detail.do?pblancId=PBLN_000000000122971
PBLN_000000000122976,2026년 2차 첨단제조로봇 실증사업 참여기업 모집 공고,산업통상부,fetched,url,safe,clear_selected_candidate,대표금액 후보가 명확함,,50000.0,subsidy,subtract,31,54050.0,subsidy,subtract,0.15,2628,15536,[붙임2] 2026년 첨단제조로봇 실증사업 공고(2차)공고문.pdf: 400 Client Error: Bad Request for url: https://www.bizinfo.go.kr/sii/siia/%5B%EB%B6%99%EC%9E%842%5D%202026%EB%85%84%20%EC%B2%A8%EB%8B%A8%EC%A0%9C%EC%A1%B0%EB%A1%9C%EB%B4%87%20%EC%8B%A4%EC%A6%9D%EC%82%AC%EC%97%85%20%EA%B3%B5%EA%B3%A0(2%EC%B0%A8)%EA%B3%B5%EA%B3%A0%EB%AC%B8.pdf / 202606101012440372.pdf: 404 Client Error: Not Found for url: https://www.bizinfo.go.kr/sii/siia/202606101012440372.pdf / [붙임1] 2026년 「첨단제조로봇 실증사업(2차))」 참여기업 모집 안내.hwp: 400 Client Error: Bad Request for url: https://www.bizinfo.go.kr/sii/siia/%5B%EB%B6%99%EC%9E%841%5D%202026%EB%85%84%20%E3%80%8C%EC%B2%A8%EB%8B%A8%EC%A0%9C%EC%A1%B0%EB%A1%9C%EB%B4%87%20%EC%8B%A4%EC%A6%9D%EC%82%AC%EC%97%85(2%EC%B0%A8))%E3%80%8D%20%EC%B0%B8%EC%97%AC%EA%B8%B0%EC%97%85%20%EB%AA%A8%EC%A7%91%20%EC%95%88%EB%82%B4.hwp / 202606101012570030.hwp: 404 Client Error: Not Found for url: https://www.bizinfo.go.kr/sii/siia/202606101012570030.hwp,https://www.bizinfo.go.kr/sii/siia/selectSIIA200Detail.do?pblancId=PBLN_000000000122976
PBLN_000000000122990,[경남] 서부 2026년 2차 글로벌IP스타기업육성사업 특허기술 홍보영상제작 지원기업 모집 공고,경상남도,fetched,url,needs_review,selected_candidate_missing,금액 후보는 있으나 대표금액을 선택하지 못함,old_amount_without_new_selected_amount,1500.0,support_amount,subtract,1,,,,,2062,2224,2026년 2차 글로벌IP스타기업육성사업 특허기술 홍보영상제작 지원기업 모집 공고.pdf: 400 Client Error: Bad Request for url: https://www.bizinfo.go.kr/sii/siia/2026%EB%85%84%202%EC%B0%A8%20%EA%B8%80%EB%A1%9C%EB%B2%8CIP%EC%8A%A4%ED%83%80%EA%B8%B0%EC%97%85%EC%9C%A1%EC%84%B1%EC%82%AC%EC%97%85%20%ED%8A%B9%ED%97%88%EA%B8%B0%EC%88%A0%20%ED%99%8D%EB%B3%B4%EC%98%81%EC%83%81%EC%A0%9C%EC%9E%91%20%EC%A7%80%EC%9B%90%EA%B8%B0%EC%97%85%20%EB%AA%A8%EC%A7%91%20%EA%B3%B5%EA%B3%A0.pdf / 202606101318390358.pdf: 404 Client Error: Not Found for url: https://www.bizinfo.go.kr/sii/siia/202606101318390358.pdf / 202606101321490683.hwp: 404 Client Error: Not Found for url: https://www.bizinfo.go.kr/sii/siia/202606101321490683.hwp / 202606101321490783.hwp: 404 Client Error: Not Found for url: https://www.bizinfo.go.kr/sii/siia/202606101321490783.hwp / [과업내역서] 특허기술 홍보영상제작.hwp: 400 Client Error: Bad Request for url: https://www.bizinfo.go.kr/sii/siia/%5B%EA%B3%BC%EC%97%85%EB%82%B4%EC%97%AD%EC%84%9C%5D%20%ED%8A%B9%ED%97%88%EA%B8%B0%EC%88%A0%20%ED%99%8D%EB%B3%B4%EC%98%81%EC%83%81%EC%A0%9C%EC%9E%91.hwp / [기업명] 특허기술 홍보영상제작 활용계획서.hwp: 400 Client Error: Bad Request for url: https://www.bizinfo.go.kr/sii/siia/%5B%EA%B8%B0%EC%97%85%EB%AA%85%5D%20%ED%8A%B9%ED%97%88%EA%B8%B0%EC%88%A0%20%ED%99%8D%EB%B3%B4%EC%98%81%EC%83%81%EC%A0%9C%EC%9E%91%20%ED%99%9C%EC%9A%A9%EA%B3%84%ED%9A%8D%EC%84%9C.hwp / 2026년 2차 글로벌IP스타기업육성사업 특허기술 홍보영상제작 지원기업 모집 공고.pdf: text extraction failed,https://www.bizinfo.go.kr/sii/siia/selectSIIA200Detail.do?pblancId=PBLN_000000000122990
PBLN_000000000122992,[경남] 서부 2026년 2차 글로벌IP스타기업육성사업 포장디자인개발 지원기업 모집 공고,경상남도,fetched,url,needs_review,selected_candidate_missing,금액 후보는 있으나 대표금액을 선택하지 못함,old_amount_without_new_selected_amount,1500.0,support_amount,subtract,1,,,,,2030,2474,[경남서부] 2026년 2차 글로벌IP스타기업육성사업 포장디자인개발 지원기업 모집 공고.pdf: 400 Client Error: Bad Request for url: https://www.bizinfo.go.kr/sii/siia/%5B%EA%B2%BD%EB%82%A8%EC%84%9C%EB%B6%80%5D%202026%EB%85%84%202%EC%B0%A8%20%EA%B8%80%EB%A1%9C%EB%B2%8CIP%EC%8A%A4%ED%83%80%EA%B8%B0%EC%97%85%EC%9C%A1%EC%84%B1%EC%82%AC%EC%97%85%20%ED%8F%AC%EC%9E%A5%EB%94%94%EC%9E%90%EC%9D%B8%EA%B0%9C%EB%B0%9C%20%EC%A7%80%EC%9B%90%EA%B8%B0%EC%97%85%20%EB%AA%A8%EC%A7%91%20%EA%B3%B5%EA%B3%A0.pdf / 202606101332170373.pdf: 404 Client Error: Not Found for url: https://www.bizinfo.go.kr/sii/siia/202606101332170373.pdf / 202606101333270742.hwp: 404 Client Error: Not Found for url: https://www.bizinfo.go.kr/sii/siia/202606101333270742.hwp / 202606101333270818.hwp: 404 Client Error: Not Found for url: https://www.bizinfo.go.kr/sii/siia/202606101333270818.hwp / [과업내역서] 포장디자인 개발.hwp: 400 Client Error: Bad Request for url: https://www.bizinfo.go.kr/sii/siia/%5B%EA%B3%BC%EC%97%85%EB%82%B4%EC%97%AD%EC%84%9C%5D%20%ED%8F%AC%EC%9E%A5%EB%94%94%EC%9E%90%EC%9D%B8%20%EA%B0%9C%EB%B0%9C.hwp / [기업명] 디자인개발 활용계획서.hwp: 400 Client Error: Bad Request for url: https://www.bizinfo.go.kr/sii/siia/%5B%EA%B8%B0%EC%97%85%EB%AA%85%5D%20%EB%94%94%EC%9E%90%EC%9D%B8%EA%B0%9C%EB%B0%9C%20%ED%99%9C%EC%9A%A9%EA%B3%84%ED%9A%8D%EC%84%9C.hwp / [경남서부] 2026년 2차 글로벌IP스타기업육성사업 포장디자인개발 지원기업 모집 공고.pdf: text extraction failed,https://www.bizinfo.go.kr/sii/siia/selectSIIA200Detail.do?pblancId=PBLN_000000000122992
PBLN_000000000122996,[경남] 서부 2026년 2차 글로벌IP스타기업육성사업 리뉴얼브랜드개발 지원기업 모집 공고,경상남도,fetched,url,needs_review,selected_candidate_missing,금액 후보는 있으나 대표금액을 선택하지 못함,old_amount_without_new_selected_amount,1000.0,support_amount,subtract,1,,,,,2052,1976,[경남서부] 2026년 2차 글로벌IP스타기업육성사업 리뉴얼브랜드개발 지원기업 모집 공고.pdf: 400 Client Error: Bad Request for url: https://www.bizinfo.go.kr/sii/siia/%5B%EA%B2%BD%EB%82%A8%EC%84%9C%EB%B6%80%5D%202026%EB%85%84%202%EC%B0%A8%20%EA%B8%80%EB%A1%9C%EB%B2%8CIP%EC%8A%A4%ED%83%80%EA%B8%B0%EC%97%85%EC%9C%A1%EC%84%B1%EC%82%AC%EC%97%85%20%EB%A6%AC%EB%89%B4%EC%96%BC%EB%B8%8C%EB%9E%9C%EB%93%9C%EA%B0%9C%EB%B0%9C%20%EC%A7%80%EC%9B%90%EA%B8%B0%EC%97%85%20%EB%AA%A8%EC%A7%91%20%EA%B3%B5%EA%B3%A0.pdf / 202606101347360521.pdf: 404 Client Error: Not Found for url: https://www.bizinfo.go.kr/sii/siia/202606101347360521.pdf / 202606101344390085.hwp: 404 Client Error: Not Found for url: https://www.bizinfo.go.kr/sii/siia/202606101344390085.hwp / 202606101344390176.hwp: 404 Client Error: Not Found for url: https://www.bizinfo.go.kr/sii/siia/202606101344390176.hwp / [과업내역서] 리뉴얼브랜드 개발.hwp: 400 Client Error: Bad Request for url: https://www.bizinfo.go.kr/sii/siia/%5B%EA%B3%BC%EC%97%85%EB%82%B4%EC%97%AD%EC%84%9C%5D%20%EB%A6%AC%EB%89%B4%EC%96%BC%EB%B8%8C%EB%9E%9C%EB%93%9C%20%EA%B0%9C%EB%B0%9C.hwp / [기업명] 브랜드개발 활용계획서.hwp: 400 Client Error: Bad Request for url: https://www.bizinfo.go.kr/sii/siia/%5B%EA%B8%B0%EC%97%85%EB%AA%85%5D%20%EB%B8%8C%EB%9E%9C%EB%93%9C%EA%B0%9C%EB%B0%9C%20%ED%99%9C%EC%9A%A9%EA%B3%84%ED%9A%8D%EC%84%9C.hwp / [기업명] 브랜드개발 활용계획서.hwp: HWP extraction quality_failed / [경남서부] 2026년 2차 글로벌IP스타기업육성사업 리뉴얼브랜드개발 지원기업 모집 공고.pdf: text extraction failed,https://www.bizinfo.go.kr/sii/siia/selectSIIA200Detail.do?pblancId=PBLN_000000000122996
PBLN_000000000122997,[강원] 횡성군 2026년 2차 지식재산 첫걸음 지원사업 참여기업 모집 공고,강원특별자치도,fetched,url,needs_review,large_amount_delta,기존 금액과 새 대표금액 차이가 큼,"type_changed:subsidy->support_amount | amount_delta_20_percent:old=130,new=1000",130.0,subsidy,subtract,31,1000.0,support_amount,subtract,0.15,2205,26367,붙임1. 2026년 횡성군 지식재산 첫걸음 지원사업 참여기업 모집 공고2차.pdf: 400 Client Error: Bad Request for url: https://www.bizinfo.go.kr/sii/siia/%EB%B6%99%EC%9E%841.%202026%EB%85%84%20%ED%9A%A1%EC%84%B1%EA%B5%B0%20%EC%A7%80%EC%8B%9D%EC%9E%AC%EC%82%B0%20%EC%B2%AB%EA%B1%B8%EC%9D%8C%20%EC%A7%80%EC%9B%90%EC%82%AC%EC%97%85%20%EC%B0%B8%EC%97%AC%EA%B8%B0%EC%97%85%20%EB%AA%A8%EC%A7%91%20%EA%B3%B5%EA%B3%A02%EC%B0%A8.pdf / 202606101345240053.pdf: 404 Client Error: Not Found for url: https://www.bizinfo.go.kr/sii/siia/202606101345240053.pdf / 붙임2. 컨설팅 지원사업 신청서 양식.hwp: 400 Client Error: Bad Request for url: https://www.bizinfo.go.kr/sii/siia/%EB%B6%99%EC%9E%842.%20%EC%BB%A8%EC%84%A4%ED%8C%85%20%EC%A7%80%EC%9B%90%EC%82%AC%EC%97%85%20%EC%8B%A0%EC%B2%AD%EC%84%9C%20%EC%96%91%EC%8B%9D.hwp / 202606101346270853.hwp: 404 Client Error: Not Found for url: https://www.bizinfo.go.kr/sii/siia/202606101346270853.hwp / 202606101346270981.hwp: 404 Client Error: Not Found for url: https://www.bizinfo.go.kr/sii/siia/202606101346270981.hwp / 붙임3. 국내·외 권리화 신청서 양식.hwp: 400 Client Error: Bad Request for url: https://www.bizinfo.go.kr/sii/siia/%EB%B6%99%EC%9E%843.%20%EA%B5%AD%EB%82%B4%C2%B7%EC%99%B8%20%EA%B6%8C%EB%A6%AC%ED%99%94%20%EC%8B%A0%EC%B2%AD%EC%84%9C%20%EC%96%91%EC%8B%9D.hwp,https://www.bizinfo.go.kr/sii/siia/selectSIIA200Detail.do?pblancId=PBLN_000000000122997
PBLN_000000000122998,[강원] 영월군 2026년 2차 지식재산 첫걸음 지원사업 참여기업 모집 공고,강원특별자치도,fetched,url,needs_review,large_amount_delta,기존 금액과 새 대표금액 차이가 큼,"type_changed:subsidy->support_amount | amount_delta_20_percent:old=130,new=1000",130.0,subsidy,subtract,31,1000.0,support_amount,subtract,0.15,2207,26553,붙임1. 2026년 영월군 지식재산 첫걸음 지원사업 참여기업 2차 모집 공고.hwp: 400 Client Error: Bad Request for url: https://www.bizinfo.go.kr/sii/siia/%EB%B6%99%EC%9E%841.%202026%EB%85%84%20%EC%98%81%EC%9B%94%EA%B5%B0%20%EC%A7%80%EC%8B%9D%EC%9E%AC%EC%82%B0%20%EC%B2%AB%EA%B1%B8%EC%9D%8C%20%EC%A7%80%EC%9B%90%EC%82%AC%EC%97%85%20%EC%B0%B8%EC%97%AC%EA%B8%B0%EC%97%85%202%EC%B0%A8%20%EB%AA%A8%EC%A7%91%20%EA%B3%B5%EA%B3%A0.hwp / 붙임2. 컨설팅 지원사업 통합 신청서 양식.hwp: 400 Client Error: Bad Request for url: https://www.bizinfo.go.kr/sii/siia/%EB%B6%99%EC%9E%842.%20%EC%BB%A8%EC%84%A4%ED%8C%85%20%EC%A7%80%EC%9B%90%EC%82%AC%EC%97%85%20%ED%86%B5%ED%95%A9%20%EC%8B%A0%EC%B2%AD%EC%84%9C%20%EC%96%91%EC%8B%9D.hwp / 202606101349060393.hwp: 404 Client Error: Not Found for url: https://www.bizinfo.go.kr/sii/siia/202606101349060393.hwp / 202606101349210406.hwp: 404 Client Error: Not Found for url: https://www.bizinfo.go.kr/sii/siia/202606101349210406.hwp / 202606101349210501.hwp: 404 Client Error: Not Found for url: https://www.bizinfo.go.kr/sii/siia/202606101349210501.hwp / 붙임3. 국내·외 권리화 신청서 양식.hwp: 400 Client Error: Bad Request for url: https://www.bizinfo.go.kr/sii/siia/%EB%B6%99%EC%9E%843.%20%EA%B5%AD%EB%82%B4%C2%B7%EC%99%B8%20%EA%B6%8C%EB%A6%AC%ED%99%94%20%EC%8B%A0%EC%B2%AD%EC%84%9C%20%EC%96%91%EC%8B%9D.hwp,https://www.bizinfo.go.kr/sii/siia/selectSIIA200Detail.do?pblancId=PBLN_000000000122998
PBLN_000000000123023,[경남] 2026년 사이버 위기대응 모의훈련 및 보안점검 수요기업 모집 공고(지역 정보보호 지원센터),경상남도,fetched,url,safe,clear_selected_candidate,대표금액 후보가 명확함,,1300.0,support_amount,subtract,3,1300.0,support_amount,subtract,1.0,2102,22765,사이버 위기대응 모의훈련 및 보안점검 수요기업 모집 공고.pdf: 400 Client Error: Bad Request for url: https://www.bizinfo.go.kr/sii/siia/%EC%82%AC%EC%9D%B4%EB%B2%84%20%EC%9C%84%EA%B8%B0%EB%8C%80%EC%9D%91%20%EB%AA%A8%EC%9D%98%ED%9B%88%EB%A0%A8%20%EB%B0%8F%20%EB%B3%B4%EC%95%88%EC%A0%90%EA%B2%80%20%EC%88%98%EC%9A%94%EA%B8%B0%EC%97%85%20%EB%AA%A8%EC%A7%91%20%EA%B3%B5%EA%B3%A0.pdf / 202606101521090361.pdf: 404 Client Error: Not Found for url: https://www.bizinfo.go.kr/sii/siia/202606101521090361.pdf / 202606101521370910.pdf: 404 Client Error: Not Found for url: https://www.bizinfo.go.kr/sii/siia/202606101521370910.pdf / 202606101521380125.pdf: 404 Client Error: Not Found for url: https://www.bizinfo.go.kr/sii/siia/202606101521380125.pdf / 모의훈련 시나리오.pdf: 400 Client Error: Bad Request for url: https://www.bizinfo.go.kr/sii/siia/%EB%AA%A8%EC%9D%98%ED%9B%88%EB%A0%A8%20%EC%8B%9C%EB%82%98%EB%A6%AC%EC%98%A4.pdf / 소프트플로우 소개서.pdf: 400 Client Error: Bad Request for url: https://www.bizinfo.go.kr/sii/siia/%EC%86%8C%ED%94%84%ED%8A%B8%ED%94%8C%EB%A1%9C%EC%9A%B0%20%EC%86%8C%EA%B0%9C%EC%84%9C.pdf / 202606101521380207.hwp: 404 Client Error: Not Found for url: https://www.bizinfo.go.kr/sii/siia/202606101521380207.hwp / 사이버 위기대응 모의훈련 및 보안점검 신청서(양식).hwp: 400 Client Error: Bad Request for url: https://www.bizinfo.go.kr/sii/siia/%EC%82%AC%EC%9D%B4%EB%B2%84%20%EC%9C%84%EA%B8%B0%EB%8C%80%EC%9D%91%20%EB%AA%A8%EC%9D%98%ED%9B%88%EB%A0%A8%20%EB%B0%8F%20%EB%B3%B4%EC%95%88%EC%A0%90%EA%B2%80%20%EC%8B%A0%EC%B2%AD%EC%84%9C(%EC%96%91%EC%8B%9D).hwp,https://www.bizinfo.go.kr/sii/siia/selectSIIA200Detail.do?pblancId=PBLN_000000000123023
PBLN_000000000123029,2026년 2차 차세대 재생에너지 표준화 및 인증고도화 혁신지원 사업 대상과제 공고,기후에너지환경부,fetched,url,safe,clear_selected_candidate,대표금액 후보가 명확함,type_changed:support_amount->non_cash | roi_method_changed:subtract->recommend_only,30000.0,support_amount,subtract,3,30000.0,non_cash,recommend_only,1.0,1758,23594,공고문_2026년 차세대 재생에너지 표준화 및 인증고도화 혁신 지원.pdf: 400 Client Error: Bad Request for url: https://www.bizinfo.go.kr/sii/siia/%EA%B3%B5%EA%B3%A0%EB%AC%B8_2026%EB%85%84%20%EC%B0%A8%EC%84%B8%EB%8C%80%20%EC%9E%AC%EC%83%9D%EC%97%90%EB%84%88%EC%A7%80%20%ED%91%9C%EC%A4%80%ED%99%94%20%EB%B0%8F%20%EC%9D%B8%EC%A6%9D%EA%B3%A0%EB%8F%84%ED%99%94%20%ED%98%81%EC%8B%A0%20%EC%A7%80%EC%9B%90.pdf / 202606110930390798.pdf: 404 Client Error: Not Found for url: https://www.bizinfo.go.kr/sii/siia/202606110930390798.pdf / 공고문_2026년 차세대 재생에너지 표준화 및 인증고도화 혁신 지원.hwpx: 400 Client Error: Bad Request for url: https://www.bizinfo.go.kr/sii/siia/%EA%B3%B5%EA%B3%A0%EB%AC%B8_2026%EB%85%84%20%EC%B0%A8%EC%84%B8%EB%8C%80%20%EC%9E%AC%EC%83%9D%EC%97%90%EB%84%88%EC%A7%80%20%ED%91%9C%EC%A4%80%ED%99%94%20%EB%B0%8F%20%EC%9D%B8%EC%A6%9D%EA%B3%A0%EB%8F%84%ED%99%94%20%ED%98%81%EC%8B%A0%20%EC%A7%80%EC%9B%90.hwpx / 202606110930360734.hwpx: 404 Client Error: Not Found for url: https://www.bizinfo.go.kr/sii/siia/202606110930360734.hwpx,https://www.bizinfo.go.kr/sii/siia/selectSIIA200Detail.do?pblancId=PBLN_000000000123029
PBLN_000000000123038,2026년 대구 미래신산업 유망벤처ㆍ고성장기업 육성사업 글로벌 비상(飛上) 프로젝트 참여기업 모집 공고,대구광역시,fetched,url,needs_review,candidate_missing,금액 후보 자체를 찾지 못함,,,unknown,recommend_only,0,,,,,2579,4393,『2026년 미래신산업 유망벤처‧고성장기업 육성사업』 글로벌 비상(飛上) 프로젝트 참여기업 모집공고.pdf: 400 Client Error: Bad Request for url: https://www.bizinfo.go.kr/sii/siia/%E3%80%8E2026%EB%85%84%20%EB%AF%B8%EB%9E%98%EC%8B%A0%EC%82%B0%EC%97%85%20%EC%9C%A0%EB%A7%9D%EB%B2%A4%EC%B2%98%E2%80%A7%EA%B3%A0%EC%84%B1%EC%9E%A5%EA%B8%B0%EC%97%85%20%EC%9C%A1%EC%84%B1%EC%82%AC%EC%97%85%E3%80%8F%20%EA%B8%80%EB%A1%9C%EB%B2%8C%20%EB%B9%84%EC%83%81(%E9%A3%9B%E4%B8%8A)%20%ED%94%84%EB%A1%9C%EC%A0%9D%ED%8A%B8%20%EC%B0%B8%EC%97%AC%EA%B8%B0%EC%97%85%20%EB%AA%A8%EC%A7%91%EA%B3%B5%EA%B3%A0.pdf / 202606111024090727.pdf: 404 Client Error: Not Found for url: https://www.bizinfo.go.kr/sii/siia/202606111024090727.pdf,https://www.bizinfo.go.kr/sii/siia/selectSIIA200Detail.do?pblancId=PBLN_000000000123038
PBLN_000000000123043,2026년 1인 중증장애인기업 업무지원인 서비스 지원사업 의사소통형ㆍ경영지도형 지원대상자 모집 공고,중소벤처기업부,fetched,url,safe,clear_selected_candidate,대표금액 후보가 명확함,,300.0,support_amount,subtract,5,300.0,support_amount,subtract,0.95,2772,14348,붙임 1. 업무지원인 서비스 지원사업 경영지도형 의사소통형 지원대상자 모집공고.pdf: 400 Client Error: Bad Request for url: https://www.bizinfo.go.kr/sii/siia/%EB%B6%99%EC%9E%84%201.%20%EC%97%85%EB%AC%B4%EC%A7%80%EC%9B%90%EC%9D%B8%20%EC%84%9C%EB%B9%84%EC%8A%A4%20%EC%A7%80%EC%9B%90%EC%82%AC%EC%97%85%20%EA%B2%BD%EC%98%81%EC%A7%80%EB%8F%84%ED%98%95%20%EC%9D%98%EC%82%AC%EC%86%8C%ED%86%B5%ED%98%95%20%EC%A7%80%EC%9B%90%EB%8C%80%EC%83%81%EC%9E%90%20%EB%AA%A8%EC%A7%91%EA%B3%B5%EA%B3%A0.pdf / 붙임 3. 업무지원인 지원사업 경영지도형 의사소통형 자주묻는 질문.pdf: 400 Client Error: Bad Request for url: https://www.bizinfo.go.kr/sii/siia/%EB%B6%99%EC%9E%84%203.%20%EC%97%85%EB%AC%B4%EC%A7%80%EC%9B%90%EC%9D%B8%20%EC%A7%80%EC%9B%90%EC%82%AC%EC%97%85%20%EA%B2%BD%EC%98%81%EC%A7%80%EB%8F%84%ED%98%95%20%EC%9D%98%EC%82%AC%EC%86%8C%ED%86%B5%ED%98%95%20%EC%9E%90%EC%A3%BC%EB%AC%BB%EB%8A%94%20%EC%A7%88%EB%AC%B8.pdf / 참고. 전자세금계산서 수정발급사실 알림 서비스 안내출처 국세청 보도참고자료 2023.9.5..pdf: 400 Client Error: Bad Request for url: https://www.bizinfo.go.kr/sii/siia/%EC%B0%B8%EA%B3%A0.%20%EC%A0%84%EC%9E%90%EC%84%B8%EA%B8%88%EA%B3%84%EC%82%B0%EC%84%9C%20%EC%88%98%EC%A0%95%EB%B0%9C%EA%B8%89%EC%82%AC%EC%8B%A4%20%EC%95%8C%EB%A6%BC%20%EC%84%9C%EB%B9%84%EC%8A%A4%20%EC%95%88%EB%82%B4%EC%B6%9C%EC%B2%98%20%EA%B5%AD%EC%84%B8%EC%B2%AD%20%EB%B3%B4%EB%8F%84%EC%B0%B8%EA%B3%A0%EC%9E%90%EB%A3%8C%202023.9.5..pdf / 202606111115260602.pdf: 404 Client Error: Not Found for url: https://www.bizinfo.go.kr/sii/siia/202606111115260602.pdf / 202606111115330443.pdf: 404 Client Error: Not Found for url: https://www.bizinfo.go.kr/sii/siia/202606111115330443.pdf / 202606111115330510.pdf: 404 Client Error: Not Found for url: https://www.bizinfo.go.kr/sii/siia/202606111115330510.pdf / 붙임 2. 업무지원인 서비스 지원사업 경영지도형 의사소통형 신청서식.hwp: 400 Client Error: Bad Request for url: https://www.bizinfo.go.kr/sii/siia/%EB%B6%99%EC%9E%84%202.%20%EC%97%85%EB%AC%B4%EC%A7%80%EC%9B%90%EC%9D%B8%20%EC%84%9C%EB%B9%84%EC%8A%A4%20%EC%A7%80%EC%9B%90%EC%82%AC%EC%97%85%20%EA%B2%BD%EC%98%81%EC%A7%80%EB%8F%84%ED%98%95%20%EC%9D%98%EC%82%AC%EC%86%8C%ED%86%B5%ED%98%95%20%EC%8B%A0%EC%B2%AD%EC%84%9C%EC%8B%9D.hwp / 202606111115330359.hwp: 404 Client Error: Not Found for url: https://www.bizinfo.go.kr/sii/siia/202606111115330359.hwp,https://www.bizinfo.go.kr/sii/siia/selectSIIA200Detail.do?pblancId=PBLN_000000000123043
PBLN_000000000123053,2026년 2차 경북 영천시 금호 이웃사촌마을 조성사업 청년창업 및 이전기업 지원사업 참여기업(이전기업) 모집 공고,경상북도,fetched,url,needs_review,large_amount_delta,기존 금액과 새 대표금액 차이가 큼,"amount_delta_20_percent:old=5000,new=20000",5000.0,support_amount,subtract,13,20000.0,support_amount,subtract,0.2,2740,20833,1. [공고] 2026년 금호 이웃사촌마을 조성사업 「청년창업 및 이전기업 지원 사업」 참여기업 2차 모집 공고.pdf: 400 Client Error: Bad Request for url: https://www.bizinfo.go.kr/sii/siia/1.%20%5B%EA%B3%B5%EA%B3%A0%5D%202026%EB%85%84%20%EA%B8%88%ED%98%B8%20%EC%9D%B4%EC%9B%83%EC%82%AC%EC%B4%8C%EB%A7%88%EC%9D%84%20%EC%A1%B0%EC%84%B1%EC%82%AC%EC%97%85%20%E3%80%8C%EC%B2%AD%EB%85%84%EC%B0%BD%EC%97%85%20%EB%B0%8F%20%EC%9D%B4%EC%A0%84%EA%B8%B0%EC%97%85%20%EC%A7%80%EC%9B%90%20%EC%82%AC%EC%97%85%E3%80%8D%20%EC%B0%B8%EC%97%AC%EA%B8%B0%EC%97%85%202%EC%B0%A8%20%EB%AA%A8%EC%A7%91%20%EA%B3%B5%EA%B3%A0.pdf / 202606111317480714.pdf: 404 Client Error: Not Found for url: https://www.bizinfo.go.kr/sii/siia/202606111317480714.pdf / 2. [양식] 2026년 사업계획서 및 부가서류_이전기업(공고용).hwp: 400 Client Error: Bad Request for url: https://www.bizinfo.go.kr/sii/siia/2.%20%5B%EC%96%91%EC%8B%9D%5D%202026%EB%85%84%20%EC%82%AC%EC%97%85%EA%B3%84%ED%9A%8D%EC%84%9C%20%EB%B0%8F%20%EB%B6%80%EA%B0%80%EC%84%9C%EB%A5%98_%EC%9D%B4%EC%A0%84%EA%B8%B0%EC%97%85(%EA%B3%B5%EA%B3%A0%EC%9A%A9).hwp / 202606111317450036.hwp: 404 Client Error: Not Found for url: https://www.bizinfo.go.kr/sii/siia/202606111317450036.hwp,https://www.bizinfo.go.kr/sii/siia/selectSIIA200Detail.do?pblancId=PBLN_000000000123053
PBLN_000000000123074,[경남] 2026년 산업안전 AI 스마트공장 구축 지원사업 공고,경상남도,fetched,url,safe,clear_selected_candidate,대표금액 후보가 명확함,,20000.0,support_amount,subtract,14,20000.0,support_amount,subtract,0.35,2572,31322,첨부1. (공고문)2026년도 경남 산업안전AI 스마트공장 구축 지원사업 공고(수정).hwp: 400 Client Error: Bad Request for url: https://www.bizinfo.go.kr/sii/siia/%EC%B2%A8%EB%B6%801.%20(%EA%B3%B5%EA%B3%A0%EB%AC%B8)2026%EB%85%84%EB%8F%84%20%EA%B2%BD%EB%82%A8%20%EC%82%B0%EC%97%85%EC%95%88%EC%A0%84AI%20%EC%8A%A4%EB%A7%88%ED%8A%B8%EA%B3%B5%EC%9E%A5%20%EA%B5%AC%EC%B6%95%20%EC%A7%80%EC%9B%90%EC%82%AC%EC%97%85%20%EA%B3%B5%EA%B3%A0(%EC%88%98%EC%A0%95).hwp / 첨부2. (양식) 2026년 경남 산업안전AI 스마트공장 구축지원사업 사업계획서.hwp: 400 Client Error: Bad Request for url: https://www.bizinfo.go.kr/sii/siia/%EC%B2%A8%EB%B6%802.%20(%EC%96%91%EC%8B%9D)%202026%EB%85%84%20%EA%B2%BD%EB%82%A8%20%EC%82%B0%EC%97%85%EC%95%88%EC%A0%84AI%20%EC%8A%A4%EB%A7%88%ED%8A%B8%EA%B3%B5%EC%9E%A5%20%EA%B5%AC%EC%B6%95%EC%A7%80%EC%9B%90%EC%82%AC%EC%97%85%20%EC%82%AC%EC%97%85%EA%B3%84%ED%9A%8D%EC%84%9C.hwp / 202606111404450493.hwp: 404 Client Error: Not Found for url: https://www.bizinfo.go.kr/sii/siia/202606111404450493.hwp / 202606111404500847.hwp: 404 Client Error: Not Found for url: https://www.bizinfo.go.kr/sii/siia/202606111404500847.hwp / 202606111404510091.hwp: 404 Client Error: Not Found for url: https://www.bizinfo.go.kr/sii/siia/202606111404510091.hwp / 202606111404510142.hwp: 404 Client Error: Not Found for url: https://www.bizinfo.go.kr/sii/siia/202606111404510142.hwp / 첨부3. 2026년 정보활용 동의서 양식(도입공급 공통)_서명및스캔후 한개 파일로 업로드.hwp: 400 Client Error: Bad Request for url: https://www.bizinfo.go.kr/sii/siia/%EC%B2%A8%EB%B6%803.%202026%EB%85%84%20%EC%A0%95%EB%B3%B4%ED%99%9C%EC%9A%A9%20%EB%8F%99%EC%9D%98%EC%84%9C%20%EC%96%91%EC%8B%9D(%EB%8F%84%EC%9E%85%EA%B3%B5%EA%B8%89%20%EA%B3%B5%ED%86%B5)_%EC%84%9C%EB%AA%85%EB%B0%8F%EC%8A%A4%EC%BA%94%ED%9B%84%20%ED%95%9C%EA%B0%9C%20%ED%8C%8C%EC%9D%BC%EB%A1%9C%20%EC%97%85%EB%A1%9C%EB%93%9C.hwp / 첨부4. (양식) 스마트공장 중복성 소명서_해당시 필수제출.hwp: 400 Client Error: Bad Request for url: https://www.bizinfo.go.kr/sii/siia/%EC%B2%A8%EB%B6%804.%20(%EC%96%91%EC%8B%9D)%20%EC%8A%A4%EB%A7%88%ED%8A%B8%EA%B3%B5%EC%9E%A5%20%EC%A4%91%EB%B3%B5%EC%84%B1%20%EC%86%8C%EB%AA%85%EC%84%9C_%ED%95%B4%EB%8B%B9%EC%8B%9C%20%ED%95%84%EC%88%98%EC%A0%9C%EC%B6%9C.hwp,https://www.bizinfo.go.kr/sii/siia/selectSIIA200Detail.do?pblancId=PBLN_000000000123074
PBLN_000000000123103,[전남광주] 로컬콘텐츠 기반 문화상품 개발 컨소시엄(공방&디자인기업) 모집 공고,전남광주통합특별시,fetched,url,needs_review,large_amount_delta,기존 금액과 새 대표금액 차이가 큼,"amount_delta_20_percent:old=1000,new=800",1000.0,support_amount,subtract,3,800.0,support_amount,subtract,0.1,1683,12562,[공고문]+2026+문화상품개발(앵커)+컨소시엄+모집.pdf: 400 Client Error: Bad Request for url: https://www.bizinfo.go.kr/sii/siia/%5B%EA%B3%B5%EA%B3%A0%EB%AC%B8%5D+2026+%EB%AC%B8%ED%99%94%EC%83%81%ED%92%88%EA%B0%9C%EB%B0%9C(%EC%95%B5%EC%BB%A4)+%EC%BB%A8%EC%86%8C%EC%8B%9C%EC%97%84+%EB%AA%A8%EC%A7%91.pdf / 202606121056280597.pdf: 404 Client Error: Not Found for url: https://www.bizinfo.go.kr/sii/siia/202606121056280597.pdf / 202606121056330704.hwp: 404 Client Error: Not Found for url: https://www.bizinfo.go.kr/sii/siia/202606121056330704.hwp / [신청서]+2026+문화상품개발(앵커)+컨소시엄+참가.hwp: 400 Client Error: Bad Request for url: https://www.bizinfo.go.kr/sii/siia/%5B%EC%8B%A0%EC%B2%AD%EC%84%9C%5D+2026+%EB%AC%B8%ED%99%94%EC%83%81%ED%92%88%EA%B0%9C%EB%B0%9C(%EC%95%B5%EC%BB%A4)+%EC%BB%A8%EC%86%8C%EC%8B%9C%EC%97%84+%EC%B0%B8%EA%B0%80.hwp,https://www.bizinfo.go.kr/sii/siia/selectSIIA200Detail.do?pblancId=PBLN_000000000123103
PBLN_000000000123109,[전남광주] 장성군 2026년 2차 스마트기계전자산업 활성화 지원사업 참여기업 모집 공고(시군구연고산업육성사업),중소벤처기업부,fetched,url,safe,clear_selected_candidate,대표금액 후보가 명확함,,4000.0,support_amount,subtract,17,4000.0,support_amount,subtract,1.0,2496,8657,(공고문) 2026년도 장성군 시군구연고산업육성사업 참여기업 모집 2차 공고.pdf: 400 Client Error: Bad Request for url: https://www.bizinfo.go.kr/sii/siia/(%EA%B3%B5%EA%B3%A0%EB%AC%B8)%202026%EB%85%84%EB%8F%84%20%EC%9E%A5%EC%84%B1%EA%B5%B0%20%EC%8B%9C%EA%B5%B0%EA%B5%AC%EC%97%B0%EA%B3%A0%EC%82%B0%EC%97%85%EC%9C%A1%EC%84%B1%EC%82%AC%EC%97%85%20%EC%B0%B8%EC%97%AC%EA%B8%B0%EC%97%85%20%EB%AA%A8%EC%A7%91%202%EC%B0%A8%20%EA%B3%B5%EA%B3%A0.pdf / 202606121323120927.pdf: 404 Client Error: Not Found for url: https://www.bizinfo.go.kr/sii/siia/202606121323120927.pdf,https://www.bizinfo.go.kr/sii/siia/selectSIIA200Detail.do?pblancId=PBLN_000000000123109
PBLN_000000000123112,[전남광주] 화순군 2026년 2차 바이오산업 활성화 지원사업 참여기업 모집 공고(시군구연고산업육성사업),전남광주통합특별시,fetched,url,safe,clear_selected_candidate,대표금액 후보가 명확함,,5000.0,support_amount,subtract,25,5000.0,support_amount,subtract,1.0,1837,9743,(공고문) 2026년도 화순군 시군구연고산업육성사업 참여기업 모집 2차 공고.pdf: 400 Client Error: Bad Request for url: https://www.bizinfo.go.kr/sii/siia/(%EA%B3%B5%EA%B3%A0%EB%AC%B8)%202026%EB%85%84%EB%8F%84%20%ED%99%94%EC%88%9C%EA%B5%B0%20%EC%8B%9C%EA%B5%B0%EA%B5%AC%EC%97%B0%EA%B3%A0%EC%82%B0%EC%97%85%EC%9C%A1%EC%84%B1%EC%82%AC%EC%97%85%20%EC%B0%B8%EC%97%AC%EA%B8%B0%EC%97%85%20%EB%AA%A8%EC%A7%91%202%EC%B0%A8%20%EA%B3%B5%EA%B3%A0.pdf / 202606121331570299.pdf: 404 Client Error: Not Found for url: https://www.bizinfo.go.kr/sii/siia/202606121331570299.pdf,https://www.bizinfo.go.kr/sii/siia/selectSIIA200Detail.do?pblancId=PBLN_000000000123112
PBLN_000000000123119,2026년 바이오프린팅 활용 첨단바이오 활성화 지원사업(시설ㆍ장비 활용) 수혜기업 모집 공고,경상북도,fetched,url,needs_review,selected_candidate_missing,금액 후보는 있으나 대표금액을 선택하지 못함,old_amount_without_new_selected_amount,3000.0,support_amount,subtract,8,,,,0.1,2420,16909,[붙임 1] 모집공고문 및 신청서류 양식.pdf: 400 Client Error: Bad Request for url: https://www.bizinfo.go.kr/sii/siia/%5B%EB%B6%99%EC%9E%84%201%5D%20%EB%AA%A8%EC%A7%91%EA%B3%B5%EA%B3%A0%EB%AC%B8%20%EB%B0%8F%20%EC%8B%A0%EC%B2%AD%EC%84%9C%EB%A5%98%20%EC%96%91%EC%8B%9D.pdf / 202606121356160628.pdf: 404 Client Error: Not Found for url: https://www.bizinfo.go.kr/sii/siia/202606121356160628.pdf / [붙임 1] 모집공고문 및 신청서류 양식.hwp: 400 Client Error: Bad Request for url: https://www.bizinfo.go.kr/sii/siia/%5B%EB%B6%99%EC%9E%84%201%5D%20%EB%AA%A8%EC%A7%91%EA%B3%B5%EA%B3%A0%EB%AC%B8%20%EB%B0%8F%20%EC%8B%A0%EC%B2%AD%EC%84%9C%EB%A5%98%20%EC%96%91%EC%8B%9D.hwp / 202606121356130261.hwp: 404 Client Error: Not Found for url: https://www.bizinfo.go.kr/sii/siia/202606121356130261.hwp,https://www.bizinfo.go.kr/sii/siia/selectSIIA200Detail.do?pblancId=PBLN_000000000123119
PBLN_000000000123130,2026년 K-온디바이스 AI반도체 기술개발사업 신규 지원대상 연구개발과제 공고,산업통상부,fetched,url,needs_review,selected_candidate_missing,금액 후보는 있으나 대표금액을 선택하지 못함,old_amount_without_new_selected_amount,50000.0,subsidy,subtract,12,,,,0.5,2345,12075,2. 2026년도 K-온디바이스AI반도체기술개발사업 신규 지원대상 연구개발과제 공고+.pdf: 400 Client Error: Bad Request for url: https://www.bizinfo.go.kr/sii/siia/2.%202026%EB%85%84%EB%8F%84%20K-%EC%98%A8%EB%94%94%EB%B0%94%EC%9D%B4%EC%8A%A4AI%EB%B0%98%EB%8F%84%EC%B2%B4%EA%B8%B0%EC%88%A0%EA%B0%9C%EB%B0%9C%EC%82%AC%EC%97%85%20%EC%8B%A0%EA%B7%9C%20%EC%A7%80%EC%9B%90%EB%8C%80%EC%83%81%20%EC%97%B0%EA%B5%AC%EA%B0%9C%EB%B0%9C%EA%B3%BC%EC%A0%9C%20%EA%B3%B5%EA%B3%A0+.pdf / 202606121426150395.pdf: 404 Client Error: Not Found for url: https://www.bizinfo.go.kr/sii/siia/202606121426150395.pdf,https://www.bizinfo.go.kr/sii/siia/selectSIIA200Detail.do?pblancId=PBLN_000000000123130
PBLN_000000000123133,2026년 선도형 양자공정 오픈팹 인프라 구축 사업 지원기업 모집 공고,대전광역시,fetched,url,needs_review,selected_candidate_missing,금액 후보는 있으나 대표금액을 선택하지 못함,,,support_ratio,ratio_cap,1,,,,0.1,2050,4678,선도형 양자공정 오픈팹 인프라 구축 사업 지원기업 모집 공고.pdf: 400 Client Error: Bad Request for url: https://www.bizinfo.go.kr/sii/siia/%EC%84%A0%EB%8F%84%ED%98%95%20%EC%96%91%EC%9E%90%EA%B3%B5%EC%A0%95%20%EC%98%A4%ED%94%88%ED%8C%B9%20%EC%9D%B8%ED%94%84%EB%9D%BC%20%EA%B5%AC%EC%B6%95%20%EC%82%AC%EC%97%85%20%EC%A7%80%EC%9B%90%EA%B8%B0%EC%97%85%20%EB%AA%A8%EC%A7%91%20%EA%B3%B5%EA%B3%A0.pdf / 202606121425020485.pdf: 404 Client Error: Not Found for url: https://www.bizinfo.go.kr/sii/siia/202606121425020485.pdf,https://www.bizinfo.go.kr/sii/siia/selectSIIA200Detail.do?pblancId=PBLN_000000000123133
PBLN_000000000123147,2027년 식품소재 및 반가공산업 육성 사업자 선정계획 공고,농림축산식품부,fetched,url,needs_review,selected_candidate_missing,금액 후보는 있으나 대표금액을 선택하지 못함,old_amount_without_new_selected_amount,153600.0,subsidy,subtract,9,,,,0.3,1865,12086,2027년 식품소재 및 반가공산업 육성 사업자 선정계획 공고(농림축산식품부 공고 제2026-356호).hwpx: 400 Client Error: Bad Request for url: https://www.bizinfo.go.kr/sii/siia/2027%EB%85%84%20%EC%8B%9D%ED%92%88%EC%86%8C%EC%9E%AC%20%EB%B0%8F%20%EB%B0%98%EA%B0%80%EA%B3%B5%EC%82%B0%EC%97%85%20%EC%9C%A1%EC%84%B1%20%EC%82%AC%EC%97%85%EC%9E%90%20%EC%84%A0%EC%A0%95%EA%B3%84%ED%9A%8D%20%EA%B3%B5%EA%B3%A0(%EB%86%8D%EB%A6%BC%EC%B6%95%EC%82%B0%EC%8B%9D%ED%92%88%EB%B6%80%20%EA%B3%B5%EA%B3%A0%20%EC%A0%9C2026-356%ED%98%B8).hwpx / 202606150957390352.hwpx: 404 Client Error: Not Found for url: https://www.bizinfo.go.kr/sii/siia/202606150957390352.hwpx,https://www.bizinfo.go.kr/sii/siia/selectSIIA200Detail.do?pblancId=PBLN_000000000123147
PBLN_000000000123148,2026년 2차 조선해양산업기술개발사업 신규지원 대상과제 공고,산업통상부,fetched,url,needs_review,large_amount_delta,기존 금액과 새 대표금액 차이가 큼,"type_changed:subsidy->support_amount | amount_delta_20_percent:old=100000,new=2e+06",100000.0,subsidy,subtract,25,2000000.0,support_amount,subtract,0.5,2410,24152,(공고 2026-429) 2026년도 조선해양산업기술개발 신규지원 대상과제(2차) 공고문(안).hwpx: 400 Client Error: Bad Request for url: https://www.bizinfo.go.kr/sii/siia/(%EA%B3%B5%EA%B3%A0%202026-429)%202026%EB%85%84%EB%8F%84%20%EC%A1%B0%EC%84%A0%ED%95%B4%EC%96%91%EC%82%B0%EC%97%85%EA%B8%B0%EC%88%A0%EA%B0%9C%EB%B0%9C%20%EC%8B%A0%EA%B7%9C%EC%A7%80%EC%9B%90%20%EB%8C%80%EC%83%81%EA%B3%BC%EC%A0%9C(2%EC%B0%A8)%20%EA%B3%B5%EA%B3%A0%EB%AC%B8(%EC%95%88).hwpx / 붙임 2026년도 조선해양산업기술개발 신규지원 대상과제(2차) 품목개요서.hwpx: 400 Client Error: Bad Request for url: https://www.bizinfo.go.kr/sii/siia/%EB%B6%99%EC%9E%84%202026%EB%85%84%EB%8F%84%20%EC%A1%B0%EC%84%A0%ED%95%B4%EC%96%91%EC%82%B0%EC%97%85%EA%B8%B0%EC%88%A0%EA%B0%9C%EB%B0%9C%20%EC%8B%A0%EA%B7%9C%EC%A7%80%EC%9B%90%20%EB%8C%80%EC%83%81%EA%B3%BC%EC%A0%9C(2%EC%B0%A8)%20%ED%92%88%EB%AA%A9%EA%B0%9C%EC%9A%94%EC%84%9C.hwpx / 202606151012590210.hwpx: 404 Client Error: Not Found for url: https://www.bizinfo.go.kr/sii/siia/202606151012590210.hwpx / 202606151013050523.hwpx: 404 Client Error: Not Found for url: https://www.bizinfo.go.kr/sii/siia/202606151013050523.hwpx,https://www.bizinfo.go.kr/sii/siia/selectSIIA200Detail.do?pblancId=PBLN_000000000123148
PBLN_000000000123150,2026년 소공인 스마트제조지원(스마트공방)사업 추가 모집 공고,중소벤처기업부,fetched,url,needs_review,large_amount_delta,기존 금액과 새 대표금액 차이가 큼,"amount_delta_20_percent:old=600,new=3000",600.0,subsidy,subtract,15,3000.0,subsidy,subtract,1.0,2429,16913,2026년_소공인_스마트제조지원사업_추가_모집_공고.pdf: 400 Client Error: Bad Request for url: https://www.bizinfo.go.kr/sii/siia/2026%EB%85%84_%EC%86%8C%EA%B3%B5%EC%9D%B8_%EC%8A%A4%EB%A7%88%ED%8A%B8%EC%A0%9C%EC%A1%B0%EC%A7%80%EC%9B%90%EC%82%AC%EC%97%85_%EC%B6%94%EA%B0%80_%EB%AA%A8%EC%A7%91_%EA%B3%B5%EA%B3%A0.pdf / 202606151039580324.pdf: 404 Client Error: Not Found for url: https://www.bizinfo.go.kr/sii/siia/202606151039580324.pdf / 2026년_소공인_스마트제조지원사업_추가_모집_공고_별첨자료.hwpx: 400 Client Error: Bad Request for url: https://www.bizinfo.go.kr/sii/siia/2026%EB%85%84_%EC%86%8C%EA%B3%B5%EC%9D%B8_%EC%8A%A4%EB%A7%88%ED%8A%B8%EC%A0%9C%EC%A1%B0%EC%A7%80%EC%9B%90%EC%82%AC%EC%97%85_%EC%B6%94%EA%B0%80_%EB%AA%A8%EC%A7%91_%EA%B3%B5%EA%B3%A0_%EB%B3%84%EC%B2%A8%EC%9E%90%EB%A3%8C.hwpx / 202606151039500013.hwpx: 404 Client Error: Not Found for url: https://www.bizinfo.go.kr/sii/siia/202606151039500013.hwpx,https://www.bizinfo.go.kr/sii/siia/selectSIIA200Detail.do?pblancId=PBLN_000000000123150
PBLN_000000000123154,2026년 3차 조선해양산업기술개발사업 신규지원 대상과제 공고,산업통상부,fetched,url,needs_review,large_amount_delta,기존 금액과 새 대표금액 차이가 큼,"type_changed:subsidy->support_amount | amount_delta_20_percent:old=297000,new=4.21e+06",297000.0,subsidy,subtract,15,4210000.0,support_amount,subtract,0.5,2493,24158,(공고 2026-433) 2026년도 조선해양산업기술개발 신규지원 대상과제(3차) 공고문(안)+.hwpx.pdf: 400 Client Error: Bad Request for url: https://www.bizinfo.go.kr/sii/siia/(%EA%B3%B5%EA%B3%A0%202026-433)%202026%EB%85%84%EB%8F%84%20%EC%A1%B0%EC%84%A0%ED%95%B4%EC%96%91%EC%82%B0%EC%97%85%EA%B8%B0%EC%88%A0%EA%B0%9C%EB%B0%9C%20%EC%8B%A0%EA%B7%9C%EC%A7%80%EC%9B%90%20%EB%8C%80%EC%83%81%EA%B3%BC%EC%A0%9C(3%EC%B0%A8)%20%EA%B3%B5%EA%B3%A0%EB%AC%B8(%EC%95%88)+.hwpx.pdf / 202606151059130428.pdf: 404 Client Error: Not Found for url: https://www.bizinfo.go.kr/sii/siia/202606151059130428.pdf / 붙임 2026년도 조선해양산업기술개발 신규지원 대상과제(3차) 품목개요서.hwpx: 400 Client Error: Bad Request for url: https://www.bizinfo.go.kr/sii/siia/%EB%B6%99%EC%9E%84%202026%EB%85%84%EB%8F%84%20%EC%A1%B0%EC%84%A0%ED%95%B4%EC%96%91%EC%82%B0%EC%97%85%EA%B8%B0%EC%88%A0%EA%B0%9C%EB%B0%9C%20%EC%8B%A0%EA%B7%9C%EC%A7%80%EC%9B%90%20%EB%8C%80%EC%83%81%EA%B3%BC%EC%A0%9C(3%EC%B0%A8)%20%ED%92%88%EB%AA%A9%EA%B0%9C%EC%9A%94%EC%84%9C.hwpx / 202606151059090078.hwpx: 404 Client Error: Not Found for url: https://www.bizinfo.go.kr/sii/siia/202606151059090078.hwpx,https://www.bizinfo.go.kr/sii/siia/selectSIIA200Detail.do?pblancId=PBLN_000000000123154
PBLN_000000000123158,2026년 3차 친환경양식어업육성 사업대상자 모집 재공고(품종별산업화시설지원-친환경개체굴생산지원),해양수산부,fetched,url,needs_review,selected_context_has_risk_keyword | large_amount_delta,선택 후보 주변에 총사업비/자부담 등 위험 키워드가 있음 | 기존 금액과 새 대표금액 차이가 큼,"amount_delta_20_percent:old=100000,new=350000",100000.0,subsidy,subtract,18,350000.0,subsidy,subtract,0.5,1716,23143,2026년 친환경양식어업육성(친환경개체굴생산시설) 사업대상자 모집공고(재공고_3차)+.pdf: 400 Client Error: Bad Request for url: https://www.bizinfo.go.kr/sii/siia/2026%EB%85%84%20%EC%B9%9C%ED%99%98%EA%B2%BD%EC%96%91%EC%8B%9D%EC%96%B4%EC%97%85%EC%9C%A1%EC%84%B1(%EC%B9%9C%ED%99%98%EA%B2%BD%EA%B0%9C%EC%B2%B4%EA%B5%B4%EC%83%9D%EC%82%B0%EC%8B%9C%EC%84%A4)%20%EC%82%AC%EC%97%85%EB%8C%80%EC%83%81%EC%9E%90%20%EB%AA%A8%EC%A7%91%EA%B3%B5%EA%B3%A0(%EC%9E%AC%EA%B3%B5%EA%B3%A0_3%EC%B0%A8)+.pdf / 202606151125520333.pdf: 404 Client Error: Not Found for url: https://www.bizinfo.go.kr/sii/siia/202606151125520333.pdf / 2026년 품종별산업화시설지원(친환경개체굴생산지원) 사업시행지침.hwpx: 400 Client Error: Bad Request for url: https://www.bizinfo.go.kr/sii/siia/2026%EB%85%84%20%ED%92%88%EC%A2%85%EB%B3%84%EC%82%B0%EC%97%85%ED%99%94%EC%8B%9C%EC%84%A4%EC%A7%80%EC%9B%90(%EC%B9%9C%ED%99%98%EA%B2%BD%EA%B0%9C%EC%B2%B4%EA%B5%B4%EC%83%9D%EC%82%B0%EC%A7%80%EC%9B%90)%20%EC%82%AC%EC%97%85%EC%8B%9C%ED%96%89%EC%A7%80%EC%B9%A8.hwpx / 202606151127450130.hwpx: 404 Client Error: Not Found for url: https://www.bizinfo.go.kr/sii/siia/202606151127450130.hwpx,https://www.bizinfo.go.kr/sii/siia/selectSIIA200Detail.do?pblancId=PBLN_000000000123158
PBLN_000000000123165,[울산] 데이터 파이프라인 구축 사업 수혜기업 추가 모집 공고(지역주도형 AI 대전환),중소벤처기업부,fetched,url,safe,clear_selected_candidate,대표금액 후보가 명확함,,5000.0,support_amount,subtract,11,5000.0,support_amount,subtract,0.125,2490,37756,202606151316090875.xlsx: 404 Client Error: Not Found for url: https://www.bizinfo.go.kr/sii/siia/202606151316090875.xlsx / 붙임_3._SW개발비_사업비_산출내역서.xlsx: 400 Client Error: Bad Request for url: https://www.bizinfo.go.kr/sii/siia/%EB%B6%99%EC%9E%84_3._SW%EA%B0%9C%EB%B0%9C%EB%B9%84_%EC%82%AC%EC%97%85%EB%B9%84_%EC%82%B0%EC%B6%9C%EB%82%B4%EC%97%AD%EC%84%9C.xlsx / [울산_지역주도형_AI대전환]_데이터_파이프라인_구축_사업_수혜기업_추가_모집_공고.hwp: 400 Client Error: Bad Request for url: https://www.bizinfo.go.kr/sii/siia/%5B%EC%9A%B8%EC%82%B0_%EC%A7%80%EC%97%AD%EC%A3%BC%EB%8F%84%ED%98%95_AI%EB%8C%80%EC%A0%84%ED%99%98%5D_%EB%8D%B0%EC%9D%B4%ED%84%B0_%ED%8C%8C%EC%9D%B4%ED%94%84%EB%9D%BC%EC%9D%B8_%EA%B5%AC%EC%B6%95_%EC%82%AC%EC%97%85_%EC%88%98%ED%98%9C%EA%B8%B0%EC%97%85_%EC%B6%94%EA%B0%80_%EB%AA%A8%EC%A7%91_%EA%B3%B5%EA%B3%A0.hwp / 붙임_1._데이터_파이프라인_구축_사업계획서_양식.hwp: 400 Client Error: Bad Request for url: https://www.bizinfo.go.kr/sii/siia/%EB%B6%99%EC%9E%84_1._%EB%8D%B0%EC%9D%B4%ED%84%B0_%ED%8C%8C%EC%9D%B4%ED%94%84%EB%9D%BC%EC%9D%B8_%EA%B5%AC%EC%B6%95_%EC%82%AC%EC%97%85%EA%B3%84%ED%9A%8D%EC%84%9C_%EC%96%91%EC%8B%9D.hwp / 붙임_2_데이터_파이프라인_구축_사업계획서_제출서류_일체.hwp: 400 Client Error: Bad Request for url: https://www.bizinfo.go.kr/sii/siia/%EB%B6%99%EC%9E%84_2_%EB%8D%B0%EC%9D%B4%ED%84%B0_%ED%8C%8C%EC%9D%B4%ED%94%84%EB%9D%BC%EC%9D%B8_%EA%B5%AC%EC%B6%95_%EC%82%AC%EC%97%85%EA%B3%84%ED%9A%8D%EC%84%9C_%EC%A0%9C%EC%B6%9C%EC%84%9C%EB%A5%98_%EC%9D%BC%EC%B2%B4.hwp / 202606151315200521.hwp: 404 Client Error: Not Found for url: https://www.bizinfo.go.kr/sii/siia/202606151315200521.hwp / 202606151316090728.hwp: 404 Client Error: Not Found for url: https://www.bizinfo.go.kr/sii/siia/202606151316090728.hwp / 202606151316090819.hwp: 404 Client Error: Not Found for url: https://www.bizinfo.go.kr/sii/siia/202606151316090819.hwp,https://www.bizinfo.go.kr/sii/siia/selectSIIA200Detail.do?pblancId=PBLN_000000000123165
PBLN_000000000123173,[전남광주] 여수시 2026년 2차 지역산업위기대응 맞춤형 지원사업 공고,전남광주통합특별시,fetched,url,safe,clear_selected_candidate,대표금액 후보가 명확함,,20000.0,support_amount,subtract,18,20000.0,support_amount,subtract,,1763,7823,1.26년(여수시)지역산업위기대응 맞춤형 지원사업_공고(2차).hwp: 400 Client Error: Bad Request for url: https://www.bizinfo.go.kr/sii/siia/1.26%EB%85%84(%EC%97%AC%EC%88%98%EC%8B%9C)%EC%A7%80%EC%97%AD%EC%82%B0%EC%97%85%EC%9C%84%EA%B8%B0%EB%8C%80%EC%9D%91%20%EB%A7%9E%EC%B6%A4%ED%98%95%20%EC%A7%80%EC%9B%90%EC%82%AC%EC%97%85_%EA%B3%B5%EA%B3%A0(2%EC%B0%A8).hwp / 2.26년(여수시)지역산업위기대응 맞춤형 지원사업_첨부파일 일체.hwp: 400 Client Error: Bad Request for url: https://www.bizinfo.go.kr/sii/siia/2.26%EB%85%84(%EC%97%AC%EC%88%98%EC%8B%9C)%EC%A7%80%EC%97%AD%EC%82%B0%EC%97%85%EC%9C%84%EA%B8%B0%EB%8C%80%EC%9D%91%20%EB%A7%9E%EC%B6%A4%ED%98%95%20%EC%A7%80%EC%9B%90%EC%82%AC%EC%97%85_%EC%B2%A8%EB%B6%80%ED%8C%8C%EC%9D%BC%20%EC%9D%BC%EC%B2%B4.hwp / 202606151342100798.hwp: 404 Client Error: Not Found for url: https://www.bizinfo.go.kr/sii/siia/202606151342100798.hwp / 202606151342140826.hwp: 404 Client Error: Not Found for url: https://www.bizinfo.go.kr/sii/siia/202606151342140826.hwp,https://www.bizinfo.go.kr/sii/siia/selectSIIA200Detail.do?pblancId=PBLN_000000000123173
PBLN_000000000123174,[경기] 포천시 2026년 현장기술 돌봄이 지원사업 모집 수정 공고,경기도,fetched,url,safe,clear_selected_candidate,대표금액 후보가 명확함,,90.0,support_amount,subtract,11,90.0,support_amount,subtract,,2133,14132,★(수정공고문)_포천시_현장기술돌봄이_지원사업.pdf: 400 Client Error: Bad Request for url: https://www.bizinfo.go.kr/sii/siia/%E2%98%85(%EC%88%98%EC%A0%95%EA%B3%B5%EA%B3%A0%EB%AC%B8)_%ED%8F%AC%EC%B2%9C%EC%8B%9C_%ED%98%84%EC%9E%A5%EA%B8%B0%EC%88%A0%EB%8F%8C%EB%B4%84%EC%9D%B4_%EC%A7%80%EC%9B%90%EC%82%AC%EC%97%85.pdf / 202606151340160503.pdf: 404 Client Error: Not Found for url: https://www.bizinfo.go.kr/sii/siia/202606151340160503.pdf / ★(수정공고문)_포천시_현장기술돌봄이_지원사업.hwp: 400 Client Error: Bad Request for url: https://www.bizinfo.go.kr/sii/siia/%E2%98%85(%EC%88%98%EC%A0%95%EA%B3%B5%EA%B3%A0%EB%AC%B8)_%ED%8F%AC%EC%B2%9C%EC%8B%9C_%ED%98%84%EC%9E%A5%EA%B8%B0%EC%88%A0%EB%8F%8C%EB%B4%84%EC%9D%B4_%EC%A7%80%EC%9B%90%EC%82%AC%EC%97%85.hwp / 202606151340520683.hwp: 404 Client Error: Not Found for url: https://www.bizinfo.go.kr/sii/siia/202606151340520683.hwp,https://www.bizinfo.go.kr/sii/siia/selectSIIA200Detail.do?pblancId=PBLN_000000000123174
PBLN_000000000123179,[경기] 2026년 2차 제조로봇 도입ㆍ실증 및 고도화지원 사업 공고(제조로봇 도입지원),경기도,fetched,url,safe,clear_selected_candidate,대표금액 후보가 명확함,,12000.0,support_amount,subtract,27,12000.0,support_amount,subtract,0.6,2213,7929,(붙임1) 공고문.pdf: 400 Client Error: Bad Request for url: https://www.bizinfo.go.kr/sii/siia/(%EB%B6%99%EC%9E%841)%20%EA%B3%B5%EA%B3%A0%EB%AC%B8.pdf / 202606151407240180.pdf: 404 Client Error: Not Found for url: https://www.bizinfo.go.kr/sii/siia/202606151407240180.pdf,https://www.bizinfo.go.kr/sii/siia/selectSIIA200Detail.do?pblancId=PBLN_000000000123179
PBLN_000000000123188,[경북] 북부 2026년 3차 지식재산 긴급지원 사업 모집 공고,경상북도,fetched,url,needs_review,large_amount_delta,기존 금액과 새 대표금액 차이가 큼,"amount_delta_20_percent:old=420,new=900",420.0,subsidy,subtract,39,900.0,subsidy,subtract,0.4,2356,11038,0. [공고문] 2026년 지식재산 긴급지원 사업 공고.hwp: 400 Client Error: Bad Request for url: https://www.bizinfo.go.kr/sii/siia/0.%20%5B%EA%B3%B5%EA%B3%A0%EB%AC%B8%5D%202026%EB%85%84%20%EC%A7%80%EC%8B%9D%EC%9E%AC%EC%82%B0%20%EA%B8%B4%EA%B8%89%EC%A7%80%EC%9B%90%20%EC%82%AC%EC%97%85%20%EA%B3%B5%EA%B3%A0.hwp / 202606151446330783.hwp: 404 Client Error: Not Found for url: https://www.bizinfo.go.kr/sii/siia/202606151446330783.hwp,https://www.bizinfo.go.kr/sii/siia/selectSIIA200Detail.do?pblancId=PBLN_000000000123188
PBLN_000000000123189,[충북] 지능형첨단부품산업의 디지털전환 거점 구축 사업 AI 융합 제품ㆍ솔루션 고도화 지원 수혜기업 모집 공고,산업통상부,fetched,url,needs_review,selected_candidate_missing,금액 후보는 있으나 대표금액을 선택하지 못함,,,support_ratio,ratio_cap,6,,,,1.0,2365,16448,붙임 1. AI 융합 제품·솔루션 고도화 지원 수혜기업 모집 공고문.pdf: 400 Client Error: Bad Request for url: https://www.bizinfo.go.kr/sii/siia/%EB%B6%99%EC%9E%84%201.%20AI%20%EC%9C%B5%ED%95%A9%20%EC%A0%9C%ED%92%88%C2%B7%EC%86%94%EB%A3%A8%EC%85%98%20%EA%B3%A0%EB%8F%84%ED%99%94%20%EC%A7%80%EC%9B%90%20%EC%88%98%ED%98%9C%EA%B8%B0%EC%97%85%20%EB%AA%A8%EC%A7%91%20%EA%B3%B5%EA%B3%A0%EB%AC%B8.pdf / 202606151441350171.pdf: 404 Client Error: Not Found for url: https://www.bizinfo.go.kr/sii/siia/202606151441350171.pdf / 작성 1. . 수혜기업 지원신청서_AI 융합 제품·솔루션 고도화 지원.hwp: 400 Client Error: Bad Request for url: https://www.bizinfo.go.kr/sii/siia/%EC%9E%91%EC%84%B1%201.%20.%20%EC%88%98%ED%98%9C%EA%B8%B0%EC%97%85%20%EC%A7%80%EC%9B%90%EC%8B%A0%EC%B2%AD%EC%84%9C_AI%20%EC%9C%B5%ED%95%A9%20%EC%A0%9C%ED%92%88%C2%B7%EC%86%94%EB%A3%A8%EC%85%98%20%EA%B3%A0%EB%8F%84%ED%99%94%20%EC%A7%80%EC%9B%90.hwp / 202606151445010851.hwp: 404 Client Error: Not Found for url: https://www.bizinfo.go.kr/sii/siia/202606151445010851.hwp / 202606151505470615.hwp: 404 Client Error: Not Found for url: https://www.bizinfo.go.kr/sii/siia/202606151505470615.hwp / 작성 2. 기업 개인 정보 제공 동의서.hwp: 400 Client Error: Bad Request for url: https://www.bizinfo.go.kr/sii/siia/%EC%9E%91%EC%84%B1%202.%20%EA%B8%B0%EC%97%85%20%EA%B0%9C%EC%9D%B8%20%EC%A0%95%EB%B3%B4%20%EC%A0%9C%EA%B3%B5%20%EB%8F%99%EC%9D%98%EC%84%9C.hwp,https://www.bizinfo.go.kr/sii/siia/selectSIIA200Detail.do?pblancId=PBLN_000000000123189
PBLN_000000000123191,[경북] 안동시 2026년 3차 지식재산 긴급지원 사업 모집 공고,경상북도,fetched,url,safe,clear_selected_candidate,대표금액 후보가 명확함,,900.0,subsidy,subtract,31,900.0,subsidy,subtract,0.4,2256,10246,0. [공고문] 2026년 지식재산 긴급지원 사업 공고.hwp: 400 Client Error: Bad Request for url: https://www.bizinfo.go.kr/sii/siia/0.%20%5B%EA%B3%B5%EA%B3%A0%EB%AC%B8%5D%202026%EB%85%84%20%EC%A7%80%EC%8B%9D%EC%9E%AC%EC%82%B0%20%EA%B8%B4%EA%B8%89%EC%A7%80%EC%9B%90%20%EC%82%AC%EC%97%85%20%EA%B3%B5%EA%B3%A0.hwp / 202606151450030112.hwp: 404 Client Error: Not Found for url: https://www.bizinfo.go.kr/sii/siia/202606151450030112.hwp,https://www.bizinfo.go.kr/sii/siia/selectSIIA200Detail.do?pblancId=PBLN_000000000123191
PBLN_000000000123192,[경북] 영주시 2026년 3차 지식재산 긴급지원 사업 모집 공고,경상북도,fetched,url,needs_review,large_amount_delta,기존 금액과 새 대표금액 차이가 큼,"amount_delta_20_percent:old=1400,new=900",1400.0,subsidy,subtract,13,900.0,subsidy,subtract,0.4,2256,8750,0. [공고문] 2026년 지식재산 긴급지원 사업 공고.hwp: 400 Client Error: Bad Request for url: https://www.bizinfo.go.kr/sii/siia/0.%20%5B%EA%B3%B5%EA%B3%A0%EB%AC%B8%5D%202026%EB%85%84%20%EC%A7%80%EC%8B%9D%EC%9E%AC%EC%82%B0%20%EA%B8%B4%EA%B8%89%EC%A7%80%EC%9B%90%20%EC%82%AC%EC%97%85%20%EA%B3%B5%EA%B3%A0.hwp / 202606151451340121.hwp: 404 Client Error: Not Found for url: https://www.bizinfo.go.kr/sii/siia/202606151451340121.hwp,https://www.bizinfo.go.kr/sii/siia/selectSIIA200Detail.do?pblancId=PBLN_000000000123192
PBLN_000000000123195,[경북] 의성군 2026년 3차 지식재산 긴급지원 사업 모집 공고,경상북도,fetched,url,safe,clear_selected_candidate,대표금액 후보가 명확함,,900.0,subsidy,subtract,31,900.0,subsidy,subtract,0.4,2256,10246,0. [공고문] 2026년 지식재산 긴급지원 사업 공고.hwp: 400 Client Error: Bad Request for url: https://www.bizinfo.go.kr/sii/siia/0.%20%5B%EA%B3%B5%EA%B3%A0%EB%AC%B8%5D%202026%EB%85%84%20%EC%A7%80%EC%8B%9D%EC%9E%AC%EC%82%B0%20%EA%B8%B4%EA%B8%89%EC%A7%80%EC%9B%90%20%EC%82%AC%EC%97%85%20%EA%B3%B5%EA%B3%A0.hwp / 202606151500590606.hwp: 404 Client Error: Not Found for url: https://www.bizinfo.go.kr/sii/siia/202606151500590606.hwp,https://www.bizinfo.go.kr/sii/siia/selectSIIA200Detail.do?pblancId=PBLN_000000000123195
PBLN_000000000123203,AI기반 Age-Tech 산업 중심의 디지털의료제품 지원 바이오데이터 및 알고리즘 실증 기술서비스 모집 상시 공고(산업혁신기반구축ㆍ2차년도),산업통상부,fetched,url,needs_review,candidate_missing,금액 후보 자체를 찾지 못함,,,unknown,recommend_only,0,,,,,2293,6053,붙임1.+AI기반+Age-Tech+바이오데이터+및+알고리즘+실증+기반구축+상시공고문+.pdf: 400 Client Error: Bad Request for url: https://www.bizinfo.go.kr/sii/siia/%EB%B6%99%EC%9E%841.+AI%EA%B8%B0%EB%B0%98+Age-Tech+%EB%B0%94%EC%9D%B4%EC%98%A4%EB%8D%B0%EC%9D%B4%ED%84%B0+%EB%B0%8F+%EC%95%8C%EA%B3%A0%EB%A6%AC%EC%A6%98+%EC%8B%A4%EC%A6%9D+%EA%B8%B0%EB%B0%98%EA%B5%AC%EC%B6%95+%EC%83%81%EC%8B%9C%EA%B3%B5%EA%B3%A0%EB%AC%B8+.pdf / 202606161006120931.pdf: 404 Client Error: Not Found for url: https://www.bizinfo.go.kr/sii/siia/202606161006120931.pdf / 붙임2_상시공고참가신청서.hwp: 400 Client Error: Bad Request for url: https://www.bizinfo.go.kr/sii/siia/%EB%B6%99%EC%9E%842_%EC%83%81%EC%8B%9C%EA%B3%B5%EA%B3%A0%EC%B0%B8%EA%B0%80%EC%8B%A0%EC%B2%AD%EC%84%9C.hwp / 202606161006170923.hwp: 404 Client Error: Not Found for url: https://www.bizinfo.go.kr/sii/siia/202606161006170923.hwp,https://www.bizinfo.go.kr/sii/siia/selectSIIA200Detail.do?pblancId=PBLN_000000000123203
PBLN_000000000123205,[경기] 안양시 2026년 하반기 국내외 IP 출원 및 인증 지원사업 모집 공고,경기도,fetched,url,needs_review,selected_context_has_risk_keyword | large_amount_delta,선택 후보 주변에 총사업비/자부담 등 위험 키워드가 있음 | 기존 금액과 새 대표금액 차이가 큼,"amount_delta_20_percent:old=400,new=2e+06",400.0,support_amount,subtract,8,2000000.0,support_amount,subtract,0.8,2281,14441,공고문_2026년 국내외 IP 및 인증 지원사업 (하반기).hwp: 400 Client Error: Bad Request for url: https://www.bizinfo.go.kr/sii/siia/%EA%B3%B5%EA%B3%A0%EB%AC%B8_2026%EB%85%84%20%EA%B5%AD%EB%82%B4%EC%99%B8%20IP%20%EB%B0%8F%20%EC%9D%B8%EC%A6%9D%20%EC%A7%80%EC%9B%90%EC%82%AC%EC%97%85%20(%ED%95%98%EB%B0%98%EA%B8%B0).hwp / 신청서류_2026년 국내외 IP 출원 및 인증 지원사업 신청서류.hwp: 400 Client Error: Bad Request for url: https://www.bizinfo.go.kr/sii/siia/%EC%8B%A0%EC%B2%AD%EC%84%9C%EB%A5%98_2026%EB%85%84%20%EA%B5%AD%EB%82%B4%EC%99%B8%20IP%20%EC%B6%9C%EC%9B%90%20%EB%B0%8F%20%EC%9D%B8%EC%A6%9D%20%EC%A7%80%EC%9B%90%EC%82%AC%EC%97%85%20%EC%8B%A0%EC%B2%AD%EC%84%9C%EB%A5%98.hwp / 인증대상_인증지원 종류 및 범위.hwp: 400 Client Error: Bad Request for url: https://www.bizinfo.go.kr/sii/siia/%EC%9D%B8%EC%A6%9D%EB%8C%80%EC%83%81_%EC%9D%B8%EC%A6%9D%EC%A7%80%EC%9B%90%20%EC%A2%85%EB%A5%98%20%EB%B0%8F%20%EB%B2%94%EC%9C%84.hwp / 202606160955320628.hwp: 404 Client Error: Not Found for url: https://www.bizinfo.go.kr/sii/siia/202606160955320628.hwp / 202606160955380126.hwp: 404 Client Error: Not Found for url: https://www.bizinfo.go.kr/sii/siia/202606160955380126.hwp / 202606160955380258.hwp: 404 Client Error: Not Found for url: https://www.bizinfo.go.kr/sii/siia/202606160955380258.hwp,https://www.bizinfo.go.kr/sii/siia/selectSIIA200Detail.do?pblancId=PBLN_000000000123205
PBLN_000000000123210,2026년 2차 국가표준기술력향상사업 신규지원 대상과제 공고,산업통상부,fetched,url,needs_review,large_amount_delta,기존 금액과 새 대표금액 차이가 큼,"type_changed:subsidy->support_amount | amount_delta_20_percent:old=7000,new=59850",7000.0,subsidy,subtract,24,59850.0,support_amount,subtract,1.0,2444,24112,2026년 제2차 공고대상 과제 품목요약서.pdf: 400 Client Error: Bad Request for url: https://www.bizinfo.go.kr/sii/siia/2026%EB%85%84%20%EC%A0%9C2%EC%B0%A8%20%EA%B3%B5%EA%B3%A0%EB%8C%80%EC%83%81%20%EA%B3%BC%EC%A0%9C%20%ED%92%88%EB%AA%A9%EC%9A%94%EC%95%BD%EC%84%9C.pdf / 2026년 제2차 국가표준기술력향상사업 신규지원 공고문.pdf: 400 Client Error: Bad Request for url: https://www.bizinfo.go.kr/sii/siia/2026%EB%85%84%20%EC%A0%9C2%EC%B0%A8%20%EA%B5%AD%EA%B0%80%ED%91%9C%EC%A4%80%EA%B8%B0%EC%88%A0%EB%A0%A5%ED%96%A5%EC%83%81%EC%82%AC%EC%97%85%20%EC%8B%A0%EA%B7%9C%EC%A7%80%EC%9B%90%20%EA%B3%B5%EA%B3%A0%EB%AC%B8.pdf / 202606161031030910.pdf: 404 Client Error: Not Found for url: https://www.bizinfo.go.kr/sii/siia/202606161031030910.pdf / 202606161031090396.pdf: 404 Client Error: Not Found for url: https://www.bizinfo.go.kr/sii/siia/202606161031090396.pdf,https://www.bizinfo.go.kr/sii/siia/selectSIIA200Detail.do?pblancId=PBLN_000000000123210
PBLN_000000000123222,2026년 2차 섬유산업 지능형 마이크로팩토리 제조 플랫폼 실증기반 구축사업 I-Tube 기술지원 서비스 참여기업 모집 공고,산업통상부,fetched,url,needs_review,candidate_missing,금액 후보 자체를 찾지 못함,,,unknown,recommend_only,0,,,,,2799,12005,I-Tube 기술지원 서비스 참여기업 모집 공고 (통합 2026-2차 공고).pdf: 400 Client Error: Bad Request for url: https://www.bizinfo.go.kr/sii/siia/I-Tube%20%EA%B8%B0%EC%88%A0%EC%A7%80%EC%9B%90%20%EC%84%9C%EB%B9%84%EC%8A%A4%20%EC%B0%B8%EC%97%AC%EA%B8%B0%EC%97%85%20%EB%AA%A8%EC%A7%91%20%EA%B3%B5%EA%B3%A0%20(%ED%86%B5%ED%95%A9%202026-2%EC%B0%A8%20%EA%B3%B5%EA%B3%A0).pdf / 202606161322240710.pdf: 404 Client Error: Not Found for url: https://www.bizinfo.go.kr/sii/siia/202606161322240710.pdf / I-Tube 기술지원 서비스 참여기업 모집 공고 (통합 2026-2차 공고).hwp: 400 Client Error: Bad Request for url: https://www.bizinfo.go.kr/sii/siia/I-Tube%20%EA%B8%B0%EC%88%A0%EC%A7%80%EC%9B%90%20%EC%84%9C%EB%B9%84%EC%8A%A4%20%EC%B0%B8%EC%97%AC%EA%B8%B0%EC%97%85%20%EB%AA%A8%EC%A7%91%20%EA%B3%B5%EA%B3%A0%20(%ED%86%B5%ED%95%A9%202026-2%EC%B0%A8%20%EA%B3%B5%EA%B3%A0).hwp / 202606161322210174.hwp: 404 Client Error: Not Found for url: https://www.bizinfo.go.kr/sii/siia/202606161322210174.hwp,https://www.bizinfo.go.kr/sii/siia/selectSIIA200Detail.do?pblancId=PBLN_000000000123222
PBLN_000000000123225,[전북] 2026년 5차 ILP 서비스 기술연결 수요기업 모집 공고,전북특별자치도,fetched,url,needs_review,candidate_missing,금액 후보 자체를 찾지 못함,,,support_ratio,ratio_cap,0,,,,,2222,3489,(공고문)2026년ILP서비스기술연결수요기업모집공고(5차).pdf: 400 Client Error: Bad Request for url: https://www.bizinfo.go.kr/sii/siia/(%EA%B3%B5%EA%B3%A0%EB%AC%B8)2026%EB%85%84ILP%EC%84%9C%EB%B9%84%EC%8A%A4%EA%B8%B0%EC%88%A0%EC%97%B0%EA%B2%B0%EC%88%98%EC%9A%94%EA%B8%B0%EC%97%85%EB%AA%A8%EC%A7%91%EA%B3%B5%EA%B3%A0(5%EC%B0%A8).pdf / 202606161327050710.pdf: 404 Client Error: Not Found for url: https://www.bizinfo.go.kr/sii/siia/202606161327050710.pdf,https://www.bizinfo.go.kr/sii/siia/selectSIIA200Detail.do?pblancId=PBLN_000000000123225
PBLN_000000000123231,[충북] 2026년 산업 AI 도입·실증 지원사업 참여기업 모집 공고(산업 인공지능 전환 및 확산 기반조성 사업),산업통상부,fetched,url,safe,clear_selected_candidate,대표금액 후보가 명확함,,5500.0,support_amount,subtract,5,5500.0,support_amount,subtract,1.0,2525,16869,붙임 1. 2026년 산업 AI 도입·실증 지원사업 참여기업 모집 공고문.hwp: 400 Client Error: Bad Request for url: https://www.bizinfo.go.kr/sii/siia/%EB%B6%99%EC%9E%84%201.%202026%EB%85%84%20%EC%82%B0%EC%97%85%20AI%20%EB%8F%84%EC%9E%85%C2%B7%EC%8B%A4%EC%A6%9D%20%EC%A7%80%EC%9B%90%EC%82%AC%EC%97%85%20%EC%B0%B8%EC%97%AC%EA%B8%B0%EC%97%85%20%EB%AA%A8%EC%A7%91%20%EA%B3%B5%EA%B3%A0%EB%AC%B8.hwp / 붙임 2. 사업계획서 및 제출서류 서식.hwp: 400 Client Error: Bad Request for url: https://www.bizinfo.go.kr/sii/siia/%EB%B6%99%EC%9E%84%202.%20%EC%82%AC%EC%97%85%EA%B3%84%ED%9A%8D%EC%84%9C%20%EB%B0%8F%20%EC%A0%9C%EC%B6%9C%EC%84%9C%EB%A5%98%20%EC%84%9C%EC%8B%9D.hwp / 202606161348230435.hwp: 404 Client Error: Not Found for url: https://www.bizinfo.go.kr/sii/siia/202606161348230435.hwp / 202606161349150735.hwp: 404 Client Error: Not Found for url: https://www.bizinfo.go.kr/sii/siia/202606161349150735.hwp,https://www.bizinfo.go.kr/sii/siia/selectSIIA200Detail.do?pblancId=PBLN_000000000123231
PBLN_000000000123247,[경남] 고성군 2026년 3차 시군구연고산업육성사업 지원기업 모집 공고,중소벤처기업부,fetched,url,needs_review,selected_context_has_risk_keyword | large_amount_delta,선택 후보 주변에 총사업비/자부담 등 위험 키워드가 있음 | 기존 금액과 새 대표금액 차이가 큼,"amount_delta_20_percent:old=3630,new=2500",3630.0,support_amount,subtract,17,2500.0,support_amount,subtract,0.1,2610,21281,기업지원사업 관리시스템(RMS)_사용자매뉴얼(신청기업용).pdf: 400 Client Error: Bad Request for url: https://www.bizinfo.go.kr/sii/siia/%EA%B8%B0%EC%97%85%EC%A7%80%EC%9B%90%EC%82%AC%EC%97%85%20%EA%B4%80%EB%A6%AC%EC%8B%9C%EC%8A%A4%ED%85%9C(RMS)_%EC%82%AC%EC%9A%A9%EC%9E%90%EB%A7%A4%EB%89%B4%EC%96%BC(%EC%8B%A0%EC%B2%AD%EA%B8%B0%EC%97%85%EC%9A%A9).pdf / 202606161441230212.pdf: 404 Client Error: Not Found for url: https://www.bizinfo.go.kr/sii/siia/202606161441230212.pdf / 2026년 시군구연고산업육성사업(고성군) 지원기업 3차 모집공고.hwp: 400 Client Error: Bad Request for url: https://www.bizinfo.go.kr/sii/siia/2026%EB%85%84%20%EC%8B%9C%EA%B5%B0%EA%B5%AC%EC%97%B0%EA%B3%A0%EC%82%B0%EC%97%85%EC%9C%A1%EC%84%B1%EC%82%AC%EC%97%85(%EA%B3%A0%EC%84%B1%EA%B5%B0)%20%EC%A7%80%EC%9B%90%EA%B8%B0%EC%97%85%203%EC%B0%A8%20%EB%AA%A8%EC%A7%91%EA%B3%B5%EA%B3%A0.hwp / 첨부1_2026년 시군구연고산업육성사업(고성군) 지원기업 사업신청서.hwp: 400 Client Error: Bad Request for url: https://www.bizinfo.go.kr/sii/siia/%EC%B2%A8%EB%B6%801_2026%EB%85%84%20%EC%8B%9C%EA%B5%B0%EA%B5%AC%EC%97%B0%EA%B3%A0%EC%82%B0%EC%97%85%EC%9C%A1%EC%84%B1%EC%82%AC%EC%97%85(%EA%B3%A0%EC%84%B1%EA%B5%B0)%20%EC%A7%80%EC%9B%90%EA%B8%B0%EC%97%85%20%EC%82%AC%EC%97%85%EC%8B%A0%EC%B2%AD%EC%84%9C.hwp / 첨부2_2026년 시군구연고산업육성사업(고성군) 지원기업 사업계획서.hwp: 400 Client Error: Bad Request for url: https://www.bizinfo.go.kr/sii/siia/%EC%B2%A8%EB%B6%802_2026%EB%85%84%20%EC%8B%9C%EA%B5%B0%EA%B5%AC%EC%97%B0%EA%B3%A0%EC%82%B0%EC%97%85%EC%9C%A1%EC%84%B1%EC%82%AC%EC%97%85(%EA%B3%A0%EC%84%B1%EA%B5%B0)%20%EC%A7%80%EC%9B%90%EA%B8%B0%EC%97%85%20%EC%82%AC%EC%97%85%EA%B3%84%ED%9A%8D%EC%84%9C.hwp / 202606161440200181.hwp: 404 Client Error: Not Found for url: https://www.bizinfo.go.kr/sii/siia/202606161440200181.hwp / 202606161441230033.hwp: 404 Client Error: Not Found for url: https://www.bizinfo.go.kr/sii/siia/202606161441230033.hwp / 202606161441230133.hwp: 404 Client Error: Not Found for url: https://www.bizinfo.go.kr/sii/siia/202606161441230133.hwp,https://www.bizinfo.go.kr/sii/siia/selectSIIA200Detail.do?pblancId=PBLN_000000000123247
PBLN_000000000123257,[부산] 2027년 방산 중소기업 생산성향상 지원사업 공고,부산광역시,fetched,url,safe,clear_selected_candidate,대표금액 후보가 명확함,,15000.0,support_amount,subtract,13,15000.0,support_amount,subtract,0.75,2445,20799,(첨부1)+방산+중소기업+생산성+향상+지원+사업+지원신청서_금형+지원.hwpx: 400 Client Error: Bad Request for url: https://www.bizinfo.go.kr/sii/siia/(%EC%B2%A8%EB%B6%801)+%EB%B0%A9%EC%82%B0+%EC%A4%91%EC%86%8C%EA%B8%B0%EC%97%85+%EC%83%9D%EC%82%B0%EC%84%B1+%ED%96%A5%EC%83%81+%EC%A7%80%EC%9B%90+%EC%82%AC%EC%97%85+%EC%A7%80%EC%9B%90%EC%8B%A0%EC%B2%AD%EC%84%9C_%EA%B8%88%ED%98%95+%EC%A7%80%EC%9B%90.hwpx / (첨부2)+방산+중소기업+생산성+향상+지원+사업+지원신청서_설비+지원.hwpx: 400 Client Error: Bad Request for url: https://www.bizinfo.go.kr/sii/siia/(%EC%B2%A8%EB%B6%802)+%EB%B0%A9%EC%82%B0+%EC%A4%91%EC%86%8C%EA%B8%B0%EC%97%85+%EC%83%9D%EC%82%B0%EC%84%B1+%ED%96%A5%EC%83%81+%EC%A7%80%EC%9B%90+%EC%82%AC%EC%97%85+%EC%A7%80%EC%9B%90%EC%8B%A0%EC%B2%AD%EC%84%9C_%EC%84%A4%EB%B9%84+%EC%A7%80%EC%9B%90.hwpx / 2027년도+방산+중소기업+생산성+향상+지원+사업+공고문_최종.hwpx: 400 Client Error: Bad Request for url: https://www.bizinfo.go.kr/sii/siia/2027%EB%85%84%EB%8F%84+%EB%B0%A9%EC%82%B0+%EC%A4%91%EC%86%8C%EA%B8%B0%EC%97%85+%EC%83%9D%EC%82%B0%EC%84%B1+%ED%96%A5%EC%83%81+%EC%A7%80%EC%9B%90+%EC%82%AC%EC%97%85+%EA%B3%B5%EA%B3%A0%EB%AC%B8_%EC%B5%9C%EC%A2%85.hwpx / 202606161505470697.hwpx: 404 Client Error: Not Found for url: https://www.bizinfo.go.kr/sii/siia/202606161505470697.hwpx / 202606161507270241.hwpx: 404 Client Error: Not Found for url: https://www.bizinfo.go.kr/sii/siia/202606161507270241.hwpx / 202606161507270361.hwpx: 404 Client Error: Not Found for url: https://www.bizinfo.go.kr/sii/siia/202606161507270361.hwpx,https://www.bizinfo.go.kr/sii/siia/selectSIIA200Detail.do?pblancId=PBLN_000000000123257
PBLN_000000000123261,[인천] 2026년 우수디자인 시제품개발지원사업 모집 공고,인천광역시,fetched,url,needs_review,large_amount_delta,기존 금액과 새 대표금액 차이가 큼,"amount_delta_20_percent:old=290,new=2500",290.0,support_amount,subtract,11,2500.0,support_amount,subtract,0.7,2251,19770,붙임1_세부공고문 (1).pdf: 400 Client Error: Bad Request for url: https://www.bizinfo.go.kr/sii/siia/%EB%B6%99%EC%9E%841_%EC%84%B8%EB%B6%80%EA%B3%B5%EA%B3%A0%EB%AC%B8%20(1).pdf / 202606170938410525.pdf: 404 Client Error: Not Found for url: https://www.bizinfo.go.kr/sii/siia/202606170938410525.pdf / 붙임4_시제품개발지원_신청서식(예시).hwp: 400 Client Error: Bad Request for url: https://www.bizinfo.go.kr/sii/siia/%EB%B6%99%EC%9E%844_%EC%8B%9C%EC%A0%9C%ED%92%88%EA%B0%9C%EB%B0%9C%EC%A7%80%EC%9B%90_%EC%8B%A0%EC%B2%AD%EC%84%9C%EC%8B%9D(%EC%98%88%EC%8B%9C).hwp / 붙임5_시제품개발지원_관리규정_2026.hwp: 400 Client Error: Bad Request for url: https://www.bizinfo.go.kr/sii/siia/%EB%B6%99%EC%9E%845_%EC%8B%9C%EC%A0%9C%ED%92%88%EA%B0%9C%EB%B0%9C%EC%A7%80%EC%9B%90_%EA%B4%80%EB%A6%AC%EA%B7%9C%EC%A0%95_2026.hwp / 202606170937310632.hwp: 404 Client Error: Not Found for url: https://www.bizinfo.go.kr/sii/siia/202606170937310632.hwp / 202606170937320000.hwp: 404 Client Error: Not Found for url: https://www.bizinfo.go.kr/sii/siia/202606170937320000.hwp,https://www.bizinfo.go.kr/sii/siia/selectSIIA200Detail.do?pblancId=PBLN_000000000123261
PBLN_000000000123264,[경북] 2026년 모빌리티 산업 디지털 전환 고도화 지원사업 수혜기업 모집 공고,경상북도,fetched,url,safe,clear_selected_candidate,대표금액 후보가 명확함,,2000.0,support_amount,subtract,1,2000.0,support_amount,subtract,,2322,12348,2026년 모빌리티 산업 디지털 전환 고도화 지원 공고문.pdf: 400 Client Error: Bad Request for url: https://www.bizinfo.go.kr/sii/siia/2026%EB%85%84%20%EB%AA%A8%EB%B9%8C%EB%A6%AC%ED%8B%B0%20%EC%82%B0%EC%97%85%20%EB%94%94%EC%A7%80%ED%84%B8%20%EC%A0%84%ED%99%98%20%EA%B3%A0%EB%8F%84%ED%99%94%20%EC%A7%80%EC%9B%90%20%EA%B3%B5%EA%B3%A0%EB%AC%B8.pdf / 202606171009000382.pdf: 404 Client Error: Not Found for url: https://www.bizinfo.go.kr/sii/siia/202606171009000382.pdf / 2026년 모빌리티 산업 디지털 전환 고도화 지원 신청양식.hwpx: 400 Client Error: Bad Request for url: https://www.bizinfo.go.kr/sii/siia/2026%EB%85%84%20%EB%AA%A8%EB%B9%8C%EB%A6%AC%ED%8B%B0%20%EC%82%B0%EC%97%85%20%EB%94%94%EC%A7%80%ED%84%B8%20%EC%A0%84%ED%99%98%20%EA%B3%A0%EB%8F%84%ED%99%94%20%EC%A7%80%EC%9B%90%20%EC%8B%A0%EC%B2%AD%EC%96%91%EC%8B%9D.hwpx / 202606171011240425.hwpx: 404 Client Error: Not Found for url: https://www.bizinfo.go.kr/sii/siia/202606171011240425.hwpx,https://www.bizinfo.go.kr/sii/siia/selectSIIA200Detail.do?pblancId=PBLN_000000000123264
PBLN_000000000123267,2026년 제5차 바이오ㆍ의료기술개발 사업 신규과제 공고,과학기술정보통신부,fetched,url,needs_review,large_amount_delta,기존 금액과 새 대표금액 차이가 큼,"type_changed:subsidy->support_amount | amount_delta_20_percent:old=1.37e+06,new=200000",1370000.0,subsidy,subtract,7,200000.0,support_amount,subtract,1.0,2516,32097,2026년도 바이오·의료기술개발 사업 제5차 신규과제 공고문+.pdf: 400 Client Error: Bad Request for url: https://www.bizinfo.go.kr/sii/siia/2026%EB%85%84%EB%8F%84%20%EB%B0%94%EC%9D%B4%EC%98%A4%C2%B7%EC%9D%98%EB%A3%8C%EA%B8%B0%EC%88%A0%EA%B0%9C%EB%B0%9C%20%EC%82%AC%EC%97%85%20%EC%A0%9C5%EC%B0%A8%20%EC%8B%A0%EA%B7%9C%EA%B3%BC%EC%A0%9C%20%EA%B3%B5%EA%B3%A0%EB%AC%B8+.pdf / 202606171027260084.pdf: 404 Client Error: Not Found for url: https://www.bizinfo.go.kr/sii/siia/202606171027260084.pdf / 202606171027390664.pdf: 404 Client Error: Not Found for url: https://www.bizinfo.go.kr/sii/siia/202606171027390664.pdf / 붙임1_과제제안요구서(RFP).pdf: 400 Client Error: Bad Request for url: https://www.bizinfo.go.kr/sii/siia/%EB%B6%99%EC%9E%841_%EA%B3%BC%EC%A0%9C%EC%A0%9C%EC%95%88%EC%9A%94%EA%B5%AC%EC%84%9C(RFP).pdf / 붙임3_생명자원 기탁 및 생명정보 등록에 관한 안내.hwpx: 400 Client Error: Bad Request for url: https://www.bizinfo.go.kr/sii/siia/%EB%B6%99%EC%9E%843_%EC%83%9D%EB%AA%85%EC%9E%90%EC%9B%90%20%EA%B8%B0%ED%83%81%20%EB%B0%8F%20%EC%83%9D%EB%AA%85%EC%A0%95%EB%B3%B4%20%EB%93%B1%EB%A1%9D%EC%97%90%20%EA%B4%80%ED%95%9C%20%EC%95%88%EB%82%B4.hwpx / 202606171027390913.hwpx: 404 Client Error: Not Found for url: https://www.bizinfo.go.kr/sii/siia/202606171027390913.hwpx,https://www.bizinfo.go.kr/sii/siia/selectSIIA200Detail.do?pblancId=PBLN_000000000123267
PBLN_000000000123268,[충남] 천안시ㆍ아산시 2026년 디스플레이 특화단지 R&D 컨설팅 지원 수혜기업 모집 공고,충청남도,fetched,url,safe,clear_selected_candidate,대표금액 후보가 명확함,,300.0,support_amount,subtract,2,300.0,support_amount,subtract,,2083,5631,붙임. 디스플레이 특화단지 R&D 컨설팅 지원사업 공고문 및 신청양식.hwp: 400 Client Error: Bad Request for url: https://www.bizinfo.go.kr/sii/siia/%EB%B6%99%EC%9E%84.%20%EB%94%94%EC%8A%A4%ED%94%8C%EB%A0%88%EC%9D%B4%20%ED%8A%B9%ED%99%94%EB%8B%A8%EC%A7%80%20R&D%20%EC%BB%A8%EC%84%A4%ED%8C%85%20%EC%A7%80%EC%9B%90%EC%82%AC%EC%97%85%20%EA%B3%B5%EA%B3%A0%EB%AC%B8%20%EB%B0%8F%20%EC%8B%A0%EC%B2%AD%EC%96%91%EC%8B%9D.hwp / 202606171457160331.hwp: 404 Client Error: Not Found for url: https://www.bizinfo.go.kr/sii/siia/202606171457160331.hwp,https://www.bizinfo.go.kr/sii/siia/selectSIIA200Detail.do?pblancId=PBLN_000000000123268
PBLN_000000000123277,[대전ㆍ충청] 2026년 중소기업 AI훈련확산 지원사업 참여기업 모집 공고,고용노동부,fetched,url,needs_review,large_amount_delta,기존 금액과 새 대표금액 차이가 큼,"amount_delta_20_percent:old=280,new=1000",280.0,support_amount,subtract,16,1000.0,support_amount,subtract,0.5,2430,13401,2026 AI훈련확산 지원사업 안내 리플렛.pdf: 400 Client Error: Bad Request for url: https://www.bizinfo.go.kr/sii/siia/2026%20AI%ED%9B%88%EB%A0%A8%ED%99%95%EC%82%B0%20%EC%A7%80%EC%9B%90%EC%82%AC%EC%97%85%20%EC%95%88%EB%82%B4%20%EB%A6%AC%ED%94%8C%EB%A0%9B.pdf / 2026 중소기업 AI훈련확산 지원사업 안내서(기업용)_한국문화산업협회.pdf: 400 Client Error: Bad Request for url: https://www.bizinfo.go.kr/sii/siia/2026%20%EC%A4%91%EC%86%8C%EA%B8%B0%EC%97%85%20AI%ED%9B%88%EB%A0%A8%ED%99%95%EC%82%B0%20%EC%A7%80%EC%9B%90%EC%82%AC%EC%97%85%20%EC%95%88%EB%82%B4%EC%84%9C(%EA%B8%B0%EC%97%85%EC%9A%A9)_%ED%95%9C%EA%B5%AD%EB%AC%B8%ED%99%94%EC%82%B0%EC%97%85%ED%98%91%ED%9A%8C.pdf / 2026 중소기업AI훈련확산센터 참여기업 모집 안내자료_한국문화산업협회.pdf: 400 Client Error: Bad Request for url: https://www.bizinfo.go.kr/sii/siia/2026%20%EC%A4%91%EC%86%8C%EA%B8%B0%EC%97%85AI%ED%9B%88%EB%A0%A8%ED%99%95%EC%82%B0%EC%84%BC%ED%84%B0%20%EC%B0%B8%EC%97%AC%EA%B8%B0%EC%97%85%20%EB%AA%A8%EC%A7%91%20%EC%95%88%EB%82%B4%EC%9E%90%EB%A3%8C_%ED%95%9C%EA%B5%AD%EB%AC%B8%ED%99%94%EC%82%B0%EC%97%85%ED%98%91%ED%9A%8C.pdf / 202606171118000630.pdf: 404 Client Error: Not Found for url: https://www.bizinfo.go.kr/sii/siia/202606171118000630.pdf / 202606171118050879.pdf: 404 Client Error: Not Found for url: https://www.bizinfo.go.kr/sii/siia/202606171118050879.pdf / 202606171118060044.pdf: 404 Client Error: Not Found for url: https://www.bizinfo.go.kr/sii/siia/202606171118060044.pdf / 2026 AI훈련확산 지원사업 안내 리플렛.pdf: text extraction failed,https://www.bizinfo.go.kr/sii/siia/selectSIIA200Detail.do?pblancId=PBLN_000000000123277
PBLN_000000000123284,2026년 고용노동부(안전보건공단) 연계 스마트 안전장비지원 품목 등록 시행계획 공고,과학기술정보통신부,fetched,url,safe,clear_selected_candidate,대표금액 후보가 명확함,type_changed:subsidy->support_amount,3000.0,subsidy,subtract,2,3000.0,support_amount,subtract,0.8,2300,9711,참고1. 스마트 안전장비 제안품목 발굴사업 안내자료.pdf: 400 Client Error: Bad Request for url: https://www.bizinfo.go.kr/sii/siia/%EC%B0%B8%EA%B3%A01.%20%EC%8A%A4%EB%A7%88%ED%8A%B8%20%EC%95%88%EC%A0%84%EC%9E%A5%EB%B9%84%20%EC%A0%9C%EC%95%88%ED%92%88%EB%AA%A9%20%EB%B0%9C%EA%B5%B4%EC%82%AC%EC%97%85%20%EC%95%88%EB%82%B4%EC%9E%90%EB%A3%8C.pdf / 참고2. 스마트 안전장비 지원사업(보조금) 안내자료.pdf: 400 Client Error: Bad Request for url: https://www.bizinfo.go.kr/sii/siia/%EC%B0%B8%EA%B3%A02.%20%EC%8A%A4%EB%A7%88%ED%8A%B8%20%EC%95%88%EC%A0%84%EC%9E%A5%EB%B9%84%20%EC%A7%80%EC%9B%90%EC%82%AC%EC%97%85(%EB%B3%B4%EC%A1%B0%EA%B8%88)%20%EC%95%88%EB%82%B4%EC%9E%90%EB%A3%8C.pdf / 202606171322030382.pdf: 404 Client Error: Not Found for url: https://www.bizinfo.go.kr/sii/siia/202606171322030382.pdf / 202606171322030511.pdf: 404 Client Error: Not Found for url: https://www.bizinfo.go.kr/sii/siia/202606171322030511.pdf / 붙임1. (공고문) 26년 고용노동부(안전보건공단) 연계 스마트 안전장비지원 품목 등록 시행계획 공고.hwp: 400 Client Error: Bad Request for url: https://www.bizinfo.go.kr/sii/siia/%EB%B6%99%EC%9E%841.%20(%EA%B3%B5%EA%B3%A0%EB%AC%B8)%2026%EB%85%84%20%EA%B3%A0%EC%9A%A9%EB%85%B8%EB%8F%99%EB%B6%80(%EC%95%88%EC%A0%84%EB%B3%B4%EA%B1%B4%EA%B3%B5%EB%8B%A8)%20%EC%97%B0%EA%B3%84%20%EC%8A%A4%EB%A7%88%ED%8A%B8%20%EC%95%88%EC%A0%84%EC%9E%A5%EB%B9%84%EC%A7%80%EC%9B%90%20%ED%92%88%EB%AA%A9%20%EB%93%B1%EB%A1%9D%20%EC%8B%9C%ED%96%89%EA%B3%84%ED%9A%8D%20%EA%B3%B5%EA%B3%A0.hwp / 붙임2. (양식) 스마트 안전장비지원 추천 연계 신청서 및 개인정보 수집이용 동의서.hwp: 400 Client Error: Bad Request for url: https://www.bizinfo.go.kr/sii/siia/%EB%B6%99%EC%9E%842.%20(%EC%96%91%EC%8B%9D)%20%EC%8A%A4%EB%A7%88%ED%8A%B8%20%EC%95%88%EC%A0%84%EC%9E%A5%EB%B9%84%EC%A7%80%EC%9B%90%20%EC%B6%94%EC%B2%9C%20%EC%97%B0%EA%B3%84%20%EC%8B%A0%EC%B2%AD%EC%84%9C%20%EB%B0%8F%20%EA%B0%9C%EC%9D%B8%EC%A0%95%EB%B3%B4%20%EC%88%98%EC%A7%91%EC%9D%B4%EC%9A%A9%20%EB%8F%99%EC%9D%98%EC%84%9C.hwp / 붙임3. (양식) 스마트 안전장비지원 제안 품목 신청서.hwp: 400 Client Error: Bad Request for url: https://www.bizinfo.go.kr/sii/siia/%EB%B6%99%EC%9E%843.%20(%EC%96%91%EC%8B%9D)%20%EC%8A%A4%EB%A7%88%ED%8A%B8%20%EC%95%88%EC%A0%84%EC%9E%A5%EB%B9%84%EC%A7%80%EC%9B%90%20%EC%A0%9C%EC%95%88%20%ED%92%88%EB%AA%A9%20%EC%8B%A0%EC%B2%AD%EC%84%9C.hwp / 202606171321510626.hwp: 404 Client Error: Not Found for url: https://www.bizinfo.go.kr/sii/siia/202606171321510626.hwp / 202606171322030218.hwp: 404 Client Error: Not Found for url: https://www.bizinfo.go.kr/sii/siia/202606171322030218.hwp / 202606171322030312.hwp: 404 Client Error: Not Found for url: https://www.bizinfo.go.kr/sii/siia/202606171322030312.hwp,https://www.bizinfo.go.kr/sii/siia/selectSIIA200Detail.do?pblancId=PBLN_000000000123284
PBLN_000000000123291,[전북] 군산시 2026년 2차 AX얼라이언스 산ㆍ학ㆍ연 종합프로그램 지원 수혜기업 모집 공고(군산국가산업단지 스마트그린 AX실증산단 구축사업),산업통상부,fetched,url,safe,clear_selected_candidate,대표금액 후보가 명확함,,2000.0,support_amount,subtract,2,2000.0,support_amount,subtract,1.0,2777,6466,[붙임1] [공고문] 「군산국가산업단지 스마트그린 AX실증산단 구축사업」 AX 얼라이언스 산·학·연 종합지원 프로그램 2차 모집 공고.pdf: 400 Client Error: Bad Request for url: https://www.bizinfo.go.kr/sii/siia/%5B%EB%B6%99%EC%9E%841%5D%20%5B%EA%B3%B5%EA%B3%A0%EB%AC%B8%5D%20%E3%80%8C%EA%B5%B0%EC%82%B0%EA%B5%AD%EA%B0%80%EC%82%B0%EC%97%85%EB%8B%A8%EC%A7%80%20%EC%8A%A4%EB%A7%88%ED%8A%B8%EA%B7%B8%EB%A6%B0%20AX%EC%8B%A4%EC%A6%9D%EC%82%B0%EB%8B%A8%20%EA%B5%AC%EC%B6%95%EC%82%AC%EC%97%85%E3%80%8D%20AX%20%EC%96%BC%EB%9D%BC%EC%9D%B4%EC%96%B8%EC%8A%A4%20%EC%82%B0%C2%B7%ED%95%99%C2%B7%EC%97%B0%20%EC%A2%85%ED%95%A9%EC%A7%80%EC%9B%90%20%ED%94%84%EB%A1%9C%EA%B7%B8%EB%9E%A8%202%EC%B0%A8%20%EB%AA%A8%EC%A7%91%20%EA%B3%B5%EA%B3%A0.pdf / 202606171338300557.pdf: 404 Client Error: Not Found for url: https://www.bizinfo.go.kr/sii/siia/202606171338300557.pdf / [붙임2] 사업계획서 및 제출서류 안내문.hwp: 400 Client Error: Bad Request for url: https://www.bizinfo.go.kr/sii/siia/%5B%EB%B6%99%EC%9E%842%5D%20%EC%82%AC%EC%97%85%EA%B3%84%ED%9A%8D%EC%84%9C%20%EB%B0%8F%20%EC%A0%9C%EC%B6%9C%EC%84%9C%EB%A5%98%20%EC%95%88%EB%82%B4%EB%AC%B8.hwp / 202606171338490473.hwp: 404 Client Error: Not Found for url: https://www.bizinfo.go.kr/sii/siia/202606171338490473.hwp / 202606171338490553.hwp: 404 Client Error: Not Found for url: https://www.bizinfo.go.kr/sii/siia/202606171338490553.hwp / 202606171338490609.hwp: 404 Client Error: Not Found for url: https://www.bizinfo.go.kr/sii/siia/202606171338490609.hwp / 202606171338490671.hwp: 404 Client Error: Not Found for url: https://www.bizinfo.go.kr/sii/siia/202606171338490671.hwp / [붙임3] 신청자격 적정성 확인서.hwp: 400 Client Error: Bad Request for url: https://www.bizinfo.go.kr/sii/siia/%5B%EB%B6%99%EC%9E%843%5D%20%EC%8B%A0%EC%B2%AD%EC%9E%90%EA%B2%A9%20%EC%A0%81%EC%A0%95%EC%84%B1%20%ED%99%95%EC%9D%B8%EC%84%9C.hwp / [붙임4] [참여신청서] AX 얼라이언스 참여 신청서(수요. 공급기업).hwp: 400 Client Error: Bad Request for url: https://www.bizinfo.go.kr/sii/siia/%5B%EB%B6%99%EC%9E%844%5D%20%5B%EC%B0%B8%EC%97%AC%EC%8B%A0%EC%B2%AD%EC%84%9C%5D%20AX%20%EC%96%BC%EB%9D%BC%EC%9D%B4%EC%96%B8%EC%8A%A4%20%EC%B0%B8%EC%97%AC%20%EC%8B%A0%EC%B2%AD%EC%84%9C(%EC%88%98%EC%9A%94.%20%EA%B3%B5%EA%B8%89%EA%B8%B0%EC%97%85).hwp / [붙임5] 개인정보 수집이용에 관한 동의서.hwp: 400 Client Error: Bad Request for url: https://www.bizinfo.go.kr/sii/siia/%5B%EB%B6%99%EC%9E%845%5D%20%EA%B0%9C%EC%9D%B8%EC%A0%95%EB%B3%B4%20%EC%88%98%EC%A7%91%EC%9D%B4%EC%9A%A9%EC%97%90%20%EA%B4%80%ED%95%9C%20%EB%8F%99%EC%9D%98%EC%84%9C.hwp,https://www.bizinfo.go.kr/sii/siia/selectSIIA200Detail.do?pblancId=PBLN_000000000123291
PBLN_000000000123296,2026년 2차 기후에너지환경부 혁신제품 지정기간 연장(2차 연장) 공고,기후에너지환경부,fetched,url,needs_review,candidate_missing,금액 후보 자체를 찾지 못함,,,unknown,recommend_only,0,,,,,1725,12064,2026년도 제2차 혁신제품 지정기간 연장(2차 연장) 공고문.hwpx: 400 Client Error: Bad Request for url: https://www.bizinfo.go.kr/sii/siia/2026%EB%85%84%EB%8F%84%20%EC%A0%9C2%EC%B0%A8%20%ED%98%81%EC%8B%A0%EC%A0%9C%ED%92%88%20%EC%A7%80%EC%A0%95%EA%B8%B0%EA%B0%84%20%EC%97%B0%EC%9E%A5(2%EC%B0%A8%20%EC%97%B0%EC%9E%A5)%20%EA%B3%B5%EA%B3%A0%EB%AC%B8.hwpx / 202606171347040110.hwpx: 404 Client Error: Not Found for url: https://www.bizinfo.go.kr/sii/siia/202606171347040110.hwpx,https://www.bizinfo.go.kr/sii/siia/selectSIIA200Detail.do?pblancId=PBLN_000000000123296
PBLN_000000000123298,2026년 산업데이터 표준 기반 AI 솔루션 실증지원 사업수요기업 추가모집 공고(산업데이터 표준확산 기반구축 사업),경기도,fetched,url,safe,clear_selected_candidate,대표금액 후보가 명확함,,5000.0,support_amount,subtract,3,5000.0,support_amount,subtract,1.0,2593,25105,공고문 - 산업데이터 표준기반 AI 솔루션 실증 지원사업 수요기업 추가모집.pdf: 400 Client Error: Bad Request for url: https://www.bizinfo.go.kr/sii/siia/%EA%B3%B5%EA%B3%A0%EB%AC%B8%20-%20%EC%82%B0%EC%97%85%EB%8D%B0%EC%9D%B4%ED%84%B0%20%ED%91%9C%EC%A4%80%EA%B8%B0%EB%B0%98%20AI%20%EC%86%94%EB%A3%A8%EC%85%98%20%EC%8B%A4%EC%A6%9D%20%EC%A7%80%EC%9B%90%EC%82%AC%EC%97%85%20%EC%88%98%EC%9A%94%EA%B8%B0%EC%97%85%20%EC%B6%94%EA%B0%80%EB%AA%A8%EC%A7%91.pdf / (붙임2) AI 공급기업 Pool 등록현황(7개사).pdf: 400 Client Error: Bad Request for url: https://www.bizinfo.go.kr/sii/siia/(%EB%B6%99%EC%9E%842)%20AI%20%EA%B3%B5%EA%B8%89%EA%B8%B0%EC%97%85%20Pool%20%EB%93%B1%EB%A1%9D%ED%98%84%ED%99%A9(7%EA%B0%9C%EC%82%AC).pdf / 202606171343370962.pdf: 404 Client Error: Not Found for url: https://www.bizinfo.go.kr/sii/siia/202606171343370962.pdf / 202606171343430586.pdf: 404 Client Error: Not Found for url: https://www.bizinfo.go.kr/sii/siia/202606171343430586.pdf / (붙임1) 표준서식.hwpx: 400 Client Error: Bad Request for url: https://www.bizinfo.go.kr/sii/siia/(%EB%B6%99%EC%9E%841)%20%ED%91%9C%EC%A4%80%EC%84%9C%EC%8B%9D.hwpx / 202606171343370854.hwpx: 404 Client Error: Not Found for url: https://www.bizinfo.go.kr/sii/siia/202606171343370854.hwpx / (붙임3) SW개발비 산출내역서_기업명.xlsx: 400 Client Error: Bad Request for url: https://www.bizinfo.go.kr/sii/siia/(%EB%B6%99%EC%9E%843)%20SW%EA%B0%9C%EB%B0%9C%EB%B9%84%20%EC%82%B0%EC%B6%9C%EB%82%B4%EC%97%AD%EC%84%9C_%EA%B8%B0%EC%97%85%EB%AA%85.xlsx / (붙임4) 신청기업 일반현황_기업명.xlsx: 400 Client Error: Bad Request for url: https://www.bizinfo.go.kr/sii/siia/(%EB%B6%99%EC%9E%844)%20%EC%8B%A0%EC%B2%AD%EA%B8%B0%EC%97%85%20%EC%9D%BC%EB%B0%98%ED%98%84%ED%99%A9_%EA%B8%B0%EC%97%85%EB%AA%85.xlsx / 202606171343380019.xlsx: 404 Client Error: Not Found for url: https://www.bizinfo.go.kr/sii/siia/202606171343380019.xlsx / 202606171343380086.xlsx: 404 Client Error: Not Found for url: https://www.bizinfo.go.kr/sii/siia/202606171343380086.xlsx,https://www.bizinfo.go.kr/sii/siia/selectSIIA200Detail.do?pblancId=PBLN_000000000123298
PBLN_000000000123299,2026년 수요맞춤형 전기구동 경형 PBV 개발 지원기반 구축사업 기업지원 프로그램(기술자문) 추가 모집 공고,강원특별자치도,fetched,url,safe,clear_selected_candidate,대표금액 후보가 명확함,type_changed:support_amount->non_cash | roi_method_changed:subtract->recommend_only,300.0,support_amount,subtract,2,300.0,non_cash,recommend_only,,2116,2661,(추가) 2026 PBV)pbv 기업 지원 프로그램 공고.pdf: 400 Client Error: Bad Request for url: https://www.bizinfo.go.kr/sii/siia/(%EC%B6%94%EA%B0%80)%202026%20PBV)pbv%20%EA%B8%B0%EC%97%85%20%EC%A7%80%EC%9B%90%20%ED%94%84%EB%A1%9C%EA%B7%B8%EB%9E%A8%20%EA%B3%B5%EA%B3%A0.pdf / 202606171354220703.pdf: 404 Client Error: Not Found for url: https://www.bizinfo.go.kr/sii/siia/202606171354220703.pdf / (2026 PBV)붙임 2. 신청서 및 계획서(기술자문).hwp: 400 Client Error: Bad Request for url: https://www.bizinfo.go.kr/sii/siia/(2026%20PBV)%EB%B6%99%EC%9E%84%202.%20%EC%8B%A0%EC%B2%AD%EC%84%9C%20%EB%B0%8F%20%EA%B3%84%ED%9A%8D%EC%84%9C(%EA%B8%B0%EC%88%A0%EC%9E%90%EB%AC%B8).hwp / 202606171354270475.hwp: 404 Client Error: Not Found for url: https://www.bizinfo.go.kr/sii/siia/202606171354270475.hwp,https://www.bizinfo.go.kr/sii/siia/selectSIIA200Detail.do?pblancId=PBLN_000000000123299
PBLN_000000000123300,[광주] 2026년 자동차 부품업체 지속 가능 전환기업 육성지원사업 지원기업 모집 공고,광주광역시,fetched,url,needs_review,large_amount_delta,기존 금액과 새 대표금액 차이가 큼,"amount_delta_20_percent:old=1600,new=2500",1600.0,support_amount,subtract,6,2500.0,support_amount,subtract,,1960,9689,1._2026년도_광주_자동차_부품업체_지속가능_전환기업_육성지원사업_모집_공고.hwp: 400 Client Error: Bad Request for url: https://www.bizinfo.go.kr/sii/siia/1._2026%EB%85%84%EB%8F%84_%EA%B4%91%EC%A3%BC_%EC%9E%90%EB%8F%99%EC%B0%A8_%EB%B6%80%ED%92%88%EC%97%85%EC%B2%B4_%EC%A7%80%EC%86%8D%EA%B0%80%EB%8A%A5_%EC%A0%84%ED%99%98%EA%B8%B0%EC%97%85_%EC%9C%A1%EC%84%B1%EC%A7%80%EC%9B%90%EC%82%AC%EC%97%85_%EB%AA%A8%EC%A7%91_%EA%B3%B5%EA%B3%A0.hwp / 202606171357120911.hwp: 404 Client Error: Not Found for url: https://www.bizinfo.go.kr/sii/siia/202606171357120911.hwp / 202606171358110578.hwp: 404 Client Error: Not Found for url: https://www.bizinfo.go.kr/sii/siia/202606171358110578.hwp / 3._별첨서류(양식).hwp: 400 Client Error: Bad Request for url: https://www.bizinfo.go.kr/sii/siia/3._%EB%B3%84%EC%B2%A8%EC%84%9C%EB%A5%98(%EC%96%91%EC%8B%9D).hwp,https://www.bizinfo.go.kr/sii/siia/selectSIIA200Detail.do?pblancId=PBLN_000000000123300
PBLN_000000000123301,[전남광주] 2026년 뿌리산업 선도기업 육성사업 기업 맞춤형 디지털전환 수준진단 및 컨설팅 지원 수혜기업 공고,전남광주통합특별시,fetched,url,needs_review,selected_candidate_missing,금액 후보는 있으나 대표금액을 선택하지 못함,,,support_ratio,ratio_cap,1,,,,0.65,1616,18864,공고 제2026–005호) 뿌리산업선도기업육성사업_기업맞춤형 디지털전환 수준진단 및 컨설팅지원_수혜기업 모집공고.pdf: 400 Client Error: Bad Request for url: https://www.bizinfo.go.kr/sii/siia/%EA%B3%B5%EA%B3%A0%20%EC%A0%9C2026%E2%80%93005%ED%98%B8)%20%EB%BF%8C%EB%A6%AC%EC%82%B0%EC%97%85%EC%84%A0%EB%8F%84%EA%B8%B0%EC%97%85%EC%9C%A1%EC%84%B1%EC%82%AC%EC%97%85_%EA%B8%B0%EC%97%85%EB%A7%9E%EC%B6%A4%ED%98%95%20%EB%94%94%EC%A7%80%ED%84%B8%EC%A0%84%ED%99%98%20%EC%88%98%EC%A4%80%EC%A7%84%EB%8B%A8%20%EB%B0%8F%20%EC%BB%A8%EC%84%A4%ED%8C%85%EC%A7%80%EC%9B%90_%EC%88%98%ED%98%9C%EA%B8%B0%EC%97%85%20%EB%AA%A8%EC%A7%91%EA%B3%B5%EA%B3%A0.pdf / 202606171404180028.pdf: 404 Client Error: Not Found for url: https://www.bizinfo.go.kr/sii/siia/202606171404180028.pdf / (공고 제2026–005호) 공고 서식 모음.hwp: 400 Client Error: Bad Request for url: https://www.bizinfo.go.kr/sii/siia/(%EA%B3%B5%EA%B3%A0%20%EC%A0%9C2026%E2%80%93005%ED%98%B8)%20%EA%B3%B5%EA%B3%A0%20%EC%84%9C%EC%8B%9D%20%EB%AA%A8%EC%9D%8C.hwp / 202606171403180329.hwp: 404 Client Error: Not Found for url: https://www.bizinfo.go.kr/sii/siia/202606171403180329.hwp,https://www.bizinfo.go.kr/sii/siia/selectSIIA200Detail.do?pblancId=PBLN_000000000123301
PBLN_000000000123335,2026년 차세대 특화망 사전검증(PoC) 지원사업 수요기업 모집 공고,과학기술정보통신부,fetched,url,needs_review,candidate_missing,금액 후보 자체를 찾지 못함,,,unknown,recommend_only,0,,,,,2382,17456,붙임 1. 차세대 특화망 사전검증(PoC) 지원 공모 계획.hwpx: 400 Client Error: Bad Request for url: https://www.bizinfo.go.kr/sii/siia/%EB%B6%99%EC%9E%84%201.%20%EC%B0%A8%EC%84%B8%EB%8C%80%20%ED%8A%B9%ED%99%94%EB%A7%9D%20%EC%82%AC%EC%A0%84%EA%B2%80%EC%A6%9D(PoC)%20%EC%A7%80%EC%9B%90%20%EA%B3%B5%EB%AA%A8%20%EA%B3%84%ED%9A%8D.hwpx / 붙임 2. 차세대 특화망 사전검증(PoC) 지원 사업 수요기업 모집 공모안내서.hwpx: 400 Client Error: Bad Request for url: https://www.bizinfo.go.kr/sii/siia/%EB%B6%99%EC%9E%84%202.%20%EC%B0%A8%EC%84%B8%EB%8C%80%20%ED%8A%B9%ED%99%94%EB%A7%9D%20%EC%82%AC%EC%A0%84%EA%B2%80%EC%A6%9D(PoC)%20%EC%A7%80%EC%9B%90%20%EC%82%AC%EC%97%85%20%EC%88%98%EC%9A%94%EA%B8%B0%EC%97%85%20%EB%AA%A8%EC%A7%91%20%EA%B3%B5%EB%AA%A8%EC%95%88%EB%82%B4%EC%84%9C.hwpx / 202606181108000479.hwpx: 404 Client Error: Not Found for url: https://www.bizinfo.go.kr/sii/siia/202606181108000479.hwpx / 202606181108060487.hwpx: 404 Client Error: Not Found for url: https://www.bizinfo.go.kr/sii/siia/202606181108060487.hwpx / 붙임 1. 차세대 특화망 사전검증(PoC) 지원 공모 계획.hwp: 400 Client Error: Bad Request for url: https://www.bizinfo.go.kr/sii/siia/%EB%B6%99%EC%9E%84%201.%20%EC%B0%A8%EC%84%B8%EB%8C%80%20%ED%8A%B9%ED%99%94%EB%A7%9D%20%EC%82%AC%EC%A0%84%EA%B2%80%EC%A6%9D(PoC)%20%EC%A7%80%EC%9B%90%20%EA%B3%B5%EB%AA%A8%20%EA%B3%84%ED%9A%8D.hwp / 붙임 2. 차세대 특화망 사전검증(PoC) 지원 사업 수요기업 모집 공모안내서.hwp: 400 Client Error: Bad Request for url: https://www.bizinfo.go.kr/sii/siia/%EB%B6%99%EC%9E%84%202.%20%EC%B0%A8%EC%84%B8%EB%8C%80%20%ED%8A%B9%ED%99%94%EB%A7%9D%20%EC%82%AC%EC%A0%84%EA%B2%80%EC%A6%9D(PoC)%20%EC%A7%80%EC%9B%90%20%EC%82%AC%EC%97%85%20%EC%88%98%EC%9A%94%EA%B8%B0%EC%97%85%20%EB%AA%A8%EC%A7%91%20%EA%B3%B5%EB%AA%A8%EC%95%88%EB%82%B4%EC%84%9C.hwp / 202606181108000382.hwp: 404 Client Error: Not Found for url: https://www.bizinfo.go.kr/sii/siia/202606181108000382.hwp / 202606181108000536.hwp: 404 Client Error: Not Found for url: https://www.bizinfo.go.kr/sii/siia/202606181108000536.hwp,https://www.bizinfo.go.kr/sii/siia/selectSIIA200Detail.do?pblancId=PBLN_000000000123335
PBLN_000000000123336,[서울] 2026년 2차 서울제로마켓 활성화 사업 참여자 모집 공고,서울특별시,fetched,url,needs_review,selected_candidate_missing,금액 후보는 있으나 대표금액을 선택하지 못함,old_amount_without_new_selected_amount,120.0,subsidy,subtract,3,,,,0.5,1771,6982,서울제로마켓 2차 모집 포스터.pdf: 400 Client Error: Bad Request for url: https://www.bizinfo.go.kr/sii/siia/%EC%84%9C%EC%9A%B8%EC%A0%9C%EB%A1%9C%EB%A7%88%EC%BC%93%202%EC%B0%A8%20%EB%AA%A8%EC%A7%91%20%ED%8F%AC%EC%8A%A4%ED%84%B0.pdf / 202606181120380683.pdf: 404 Client Error: Not Found for url: https://www.bizinfo.go.kr/sii/siia/202606181120380683.pdf / 1.2026년 서울제로마켓 2차 모집 공고문.hwpx: 400 Client Error: Bad Request for url: https://www.bizinfo.go.kr/sii/siia/1.2026%EB%85%84%20%EC%84%9C%EC%9A%B8%EC%A0%9C%EB%A1%9C%EB%A7%88%EC%BC%93%202%EC%B0%A8%20%EB%AA%A8%EC%A7%91%20%EA%B3%B5%EA%B3%A0%EB%AC%B8.hwpx / 202606181119320499.hwpx: 404 Client Error: Not Found for url: https://www.bizinfo.go.kr/sii/siia/202606181119320499.hwpx / 2.(양식)지원신청서 및 사업계획서.hwp: 400 Client Error: Bad Request for url: https://www.bizinfo.go.kr/sii/siia/2.(%EC%96%91%EC%8B%9D)%EC%A7%80%EC%9B%90%EC%8B%A0%EC%B2%AD%EC%84%9C%20%EB%B0%8F%20%EC%82%AC%EC%97%85%EA%B3%84%ED%9A%8D%EC%84%9C.hwp / 202606181120380848.hwp: 404 Client Error: Not Found for url: https://www.bizinfo.go.kr/sii/siia/202606181120380848.hwp / 서울제로마켓 2차 모집 포스터.pdf: text extraction failed / (양식)지원신청서 및 사업계획서.hwp: HWP extraction quality_failed,https://www.bizinfo.go.kr/sii/siia/selectSIIA200Detail.do?pblancId=PBLN_000000000123336
PBLN_000000000123338,2026년 IP투자연계 지식재산평가 지원사업 공고,지식재산처,fetched,url,safe,clear_selected_candidate,대표금액 후보가 명확함,,1500.0,support_amount,subtract,11,1500.0,support_amount,subtract,0.8,1997,12056,2026년 IP투자연계 지식재산평가 지원사업.pdf: 400 Client Error: Bad Request for url: https://www.bizinfo.go.kr/sii/siia/2026%EB%85%84%20IP%ED%88%AC%EC%9E%90%EC%97%B0%EA%B3%84%20%EC%A7%80%EC%8B%9D%EC%9E%AC%EC%82%B0%ED%8F%89%EA%B0%80%20%EC%A7%80%EC%9B%90%EC%82%AC%EC%97%85.pdf / 2026년_IP투자연계_지식재산평가_지원사업_재공고.pdf: 400 Client Error: Bad Request for url: https://www.bizinfo.go.kr/sii/siia/2026%EB%85%84_IP%ED%88%AC%EC%9E%90%EC%97%B0%EA%B3%84_%EC%A7%80%EC%8B%9D%EC%9E%AC%EC%82%B0%ED%8F%89%EA%B0%80_%EC%A7%80%EC%9B%90%EC%82%AC%EC%97%85_%EC%9E%AC%EA%B3%B5%EA%B3%A0.pdf / 202606181115450805.pdf: 404 Client Error: Not Found for url: https://www.bizinfo.go.kr/sii/siia/202606181115450805.pdf / 202606181126370686.pdf: 404 Client Error: Not Found for url: https://www.bizinfo.go.kr/sii/siia/202606181126370686.pdf / 2026년 IP투자연계 지식재산평가 지원사업.pdf: text extraction failed,https://www.bizinfo.go.kr/sii/siia/selectSIIA200Detail.do?pblancId=PBLN_000000000123338
PBLN_000000000123346,[경북] 포항시 중소ㆍ벤처기업 기술지원(벤처지원단) 사업 참여기업 모집 공고,경상북도,fetched,url,needs_review,candidate_missing,금액 후보 자체를 찾지 못함,,,support_ratio,ratio_cap,0,,,,,2143,2660,창조경제혁신센터-기술지원-모집-웹포스터_(최종).pdf: 400 Client Error: Bad Request for url: https://www.bizinfo.go.kr/sii/siia/%EC%B0%BD%EC%A1%B0%EA%B2%BD%EC%A0%9C%ED%98%81%EC%8B%A0%EC%84%BC%ED%84%B0-%EA%B8%B0%EC%88%A0%EC%A7%80%EC%9B%90-%EB%AA%A8%EC%A7%91-%EC%9B%B9%ED%8F%AC%EC%8A%A4%ED%84%B0_(%EC%B5%9C%EC%A2%85).pdf / 202606181318460336.pdf: 404 Client Error: Not Found for url: https://www.bizinfo.go.kr/sii/siia/202606181318460336.pdf / [공고문 및 신청 서식] 포항창경 %UFFFD%UFFFD술지원 사업.docx: 400 Client Error: Bad Request for url: https://www.bizinfo.go.kr/sii/siia/%5B%EA%B3%B5%EA%B3%A0%EB%AC%B8%20%EB%B0%8F%20%EC%8B%A0%EC%B2%AD%20%EC%84%9C%EC%8B%9D%5D%20%ED%8F%AC%ED%95%AD%EC%B0%BD%EA%B2%BD%20%25UFFFD%25UFFFD%EC%88%A0%EC%A7%80%EC%9B%90%20%EC%82%AC%EC%97%85.docx / 202606181318510683.docx: 404 Client Error: Not Found for url: https://www.bizinfo.go.kr/sii/siia/202606181318510683.docx / 창조경제혁신센터-기술지원-모집-웹포스터_(최종).pdf: text extraction failed,https://www.bizinfo.go.kr/sii/siia/selectSIIA200Detail.do?pblancId=PBLN_000000000123346
PBLN_000000000123351,2026년 창원시 AI기반 슬립테크 국제협력 실증 확산 지원사업 기업지원 공고(해외 인허가 기술문서 작성 지원),산업통상부,fetched,url,needs_review,selected_candidate_missing,금액 후보는 있으나 대표금액을 선택하지 못함,,,support_ratio,ratio_cap,1,,,,0.5,2449,10217,(추가공고) 「AI기반 슬립테크 국제협력 실증 확산 지원사업」 해외인허가 기술문서 작성 지원-.pdf: 400 Client Error: Bad Request for url: https://www.bizinfo.go.kr/sii/siia/(%EC%B6%94%EA%B0%80%EA%B3%B5%EA%B3%A0)%20%E3%80%8CAI%EA%B8%B0%EB%B0%98%20%EC%8A%AC%EB%A6%BD%ED%85%8C%ED%81%AC%20%EA%B5%AD%EC%A0%9C%ED%98%91%EB%A0%A5%20%EC%8B%A4%EC%A6%9D%20%ED%99%95%EC%82%B0%20%EC%A7%80%EC%9B%90%EC%82%AC%EC%97%85%E3%80%8D%20%ED%95%B4%EC%99%B8%EC%9D%B8%ED%97%88%EA%B0%80%20%EA%B8%B0%EC%88%A0%EB%AC%B8%EC%84%9C%20%EC%9E%91%EC%84%B1%20%EC%A7%80%EC%9B%90-.pdf / 202606181332460508.pdf: 404 Client Error: Not Found for url: https://www.bizinfo.go.kr/sii/siia/202606181332460508.pdf / (제출서류) 「AI기반 슬립테크 국제협력 실증 확산 지원사업」 해외인허가 기술문서 작성 지원.hwp: 400 Client Error: Bad Request for url: https://www.bizinfo.go.kr/sii/siia/(%EC%A0%9C%EC%B6%9C%EC%84%9C%EB%A5%98)%20%E3%80%8CAI%EA%B8%B0%EB%B0%98%20%EC%8A%AC%EB%A6%BD%ED%85%8C%ED%81%AC%20%EA%B5%AD%EC%A0%9C%ED%98%91%EB%A0%A5%20%EC%8B%A4%EC%A6%9D%20%ED%99%95%EC%82%B0%20%EC%A7%80%EC%9B%90%EC%82%AC%EC%97%85%E3%80%8D%20%ED%95%B4%EC%99%B8%EC%9D%B8%ED%97%88%EA%B0%80%20%EA%B8%B0%EC%88%A0%EB%AC%B8%EC%84%9C%20%EC%9E%91%EC%84%B1%20%EC%A7%80%EC%9B%90.hwp / 202606181332500948.hwp: 404 Client Error: Not Found for url: https://www.bizinfo.go.kr/sii/siia/202606181332500948.hwp,https://www.bizinfo.go.kr/sii/siia/selectSIIA200Detail.do?pblancId=PBLN_000000000123351
PBLN_000000000123354,[부산] 2026년 도시형소공인 맞춤형 패키지 지원사업 모집 공고,부산광역시,fetched,url,needs_review,selected_candidate_missing,금액 후보는 있으나 대표금액을 선택하지 못함,old_amount_without_new_selected_amount,1200000.0,support_amount,subtract,28,,,,0.8,2410,4221,202606181340500179.pdf: 404 Client Error: Not Found for url: https://www.bizinfo.go.kr/sii/siia/202606181340500179.pdf / 도시형소공인 맞춤형 패키지_포스터(0612).pdf: 400 Client Error: Bad Request for url: https://www.bizinfo.go.kr/sii/siia/%EB%8F%84%EC%8B%9C%ED%98%95%EC%86%8C%EA%B3%B5%EC%9D%B8%20%EB%A7%9E%EC%B6%A4%ED%98%95%20%ED%8C%A8%ED%82%A4%EC%A7%80_%ED%8F%AC%EC%8A%A4%ED%84%B0(0612).pdf / (공고문) 2026 도시형소공인 맞춤형 패키지 지원사업.hwp: 400 Client Error: Bad Request for url: https://www.bizinfo.go.kr/sii/siia/(%EA%B3%B5%EA%B3%A0%EB%AC%B8)%202026%20%EB%8F%84%EC%8B%9C%ED%98%95%EC%86%8C%EA%B3%B5%EC%9D%B8%20%EB%A7%9E%EC%B6%A4%ED%98%95%20%ED%8C%A8%ED%82%A4%EC%A7%80%20%EC%A7%80%EC%9B%90%EC%82%AC%EC%97%85.hwp / (신청서) 도시형소공인 맞춤형 패키지 신청서 및 업체소개서.hwp: 400 Client Error: Bad Request for url: https://www.bizinfo.go.kr/sii/siia/(%EC%8B%A0%EC%B2%AD%EC%84%9C)%20%EB%8F%84%EC%8B%9C%ED%98%95%EC%86%8C%EA%B3%B5%EC%9D%B8%20%EB%A7%9E%EC%B6%A4%ED%98%95%20%ED%8C%A8%ED%82%A4%EC%A7%80%20%EC%8B%A0%EC%B2%AD%EC%84%9C%20%EB%B0%8F%20%EC%97%85%EC%B2%B4%EC%86%8C%EA%B0%9C%EC%84%9C.hwp / 202606181340500098.hwp: 404 Client Error: Not Found for url: https://www.bizinfo.go.kr/sii/siia/202606181340500098.hwp / 202606181340580683.hwp: 404 Client Error: Not Found for url: https://www.bizinfo.go.kr/sii/siia/202606181340580683.hwp / 도시형소공인 맞춤형 패키지_포스터(0612).pdf: text extraction failed,https://www.bizinfo.go.kr/sii/siia/selectSIIA200Detail.do?pblancId=PBLN_000000000123354
PBLN_000000000123358,[충북] 2026년 화장품산업 근로자 고용안정을 위한 복지 지원사업 참여기업 모집 공고(충청북도 고용유지 버팀이음 프로젝트 사업),충청북도,fetched,url,safe,clear_selected_candidate,대표금액 후보가 명확함,,50.0,support_amount,subtract,12,50.0,support_amount,subtract,0.7,2325,19364,공고문 및 신청서식__.pdf: 400 Client Error: Bad Request for url: https://www.bizinfo.go.kr/sii/siia/%EA%B3%B5%EA%B3%A0%EB%AC%B8%20%EB%B0%8F%20%EC%8B%A0%EC%B2%AD%EC%84%9C%EC%8B%9D__.pdf / 202606181356290329.pdf: 404 Client Error: Not Found for url: https://www.bizinfo.go.kr/sii/siia/202606181356290329.pdf / 공고문 및 신청서식__.hwp: 400 Client Error: Bad Request for url: https://www.bizinfo.go.kr/sii/siia/%EA%B3%B5%EA%B3%A0%EB%AC%B8%20%EB%B0%8F%20%EC%8B%A0%EC%B2%AD%EC%84%9C%EC%8B%9D__.hwp / 202606181356340432.hwp: 404 Client Error: Not Found for url: https://www.bizinfo.go.kr/sii/siia/202606181356340432.hwp,https://www.bizinfo.go.kr/sii/siia/selectSIIA200Detail.do?pblancId=PBLN_000000000123358
PBLN_000000000123361,2026년 청정공정 확산사업 참여기업 모집 공고,산업통상부,fetched,url,needs_review,candidate_missing,금액 후보 자체를 찾지 못함,,,unknown,recommend_only,0,,,,,1917,6162,(공고문) 2026 청정공정확산사업 참여기업 모집.pdf: 400 Client Error: Bad Request for url: https://www.bizinfo.go.kr/sii/siia/(%EA%B3%B5%EA%B3%A0%EB%AC%B8)%202026%20%EC%B2%AD%EC%A0%95%EA%B3%B5%EC%A0%95%ED%99%95%EC%82%B0%EC%82%AC%EC%97%85%20%EC%B0%B8%EC%97%AC%EA%B8%B0%EC%97%85%20%EB%AA%A8%EC%A7%91.pdf / 202606181408360614.pdf: 404 Client Error: Not Found for url: https://www.bizinfo.go.kr/sii/siia/202606181408360614.pdf / (작성서식) 2026 청정공정확산사업 참여기업 모집.hwp: 400 Client Error: Bad Request for url: https://www.bizinfo.go.kr/sii/siia/(%EC%9E%91%EC%84%B1%EC%84%9C%EC%8B%9D)%202026%20%EC%B2%AD%EC%A0%95%EA%B3%B5%EC%A0%95%ED%99%95%EC%82%B0%EC%82%AC%EC%97%85%20%EC%B0%B8%EC%97%AC%EA%B8%B0%EC%97%85%20%EB%AA%A8%EC%A7%91.hwp / 202606181408320923.hwp: 404 Client Error: Not Found for url: https://www.bizinfo.go.kr/sii/siia/202606181408320923.hwp,https://www.bizinfo.go.kr/sii/siia/selectSIIA200Detail.do?pblancId=PBLN_000000000123361
PBLN_000000000123371,[경남] 사천시ㆍ진주시 2026년 2차 우주ㆍ항공 제조기업 대상 DX 기반 품질ㆍ공정 개선 및 생산성 향상을 위한 무료 컨설팅 및 전문인력양성 지원사업 공고,산업통상부,fetched,url,needs_review,large_amount_delta,기존 금액과 새 대표금액 차이가 큼,"amount_delta_20_percent:old=1500,new=700",1500.0,support_amount,subtract,9,700.0,support_amount,subtract,1.0,1954,12905,(공고문) 2026년도 제조기업 DX를 위한 무료 컨설팅 및 전문인력양성 지원사업 2차 공고.hwp: 400 Client Error: Bad Request for url: https://www.bizinfo.go.kr/sii/siia/(%EA%B3%B5%EA%B3%A0%EB%AC%B8)%202026%EB%85%84%EB%8F%84%20%EC%A0%9C%EC%A1%B0%EA%B8%B0%EC%97%85%20DX%EB%A5%BC%20%EC%9C%84%ED%95%9C%20%EB%AC%B4%EB%A3%8C%20%EC%BB%A8%EC%84%A4%ED%8C%85%20%EB%B0%8F%20%EC%A0%84%EB%AC%B8%EC%9D%B8%EB%A0%A5%EC%96%91%EC%84%B1%20%EC%A7%80%EC%9B%90%EC%82%AC%EC%97%85%202%EC%B0%A8%20%EA%B3%B5%EA%B3%A0.hwp / 붙임1. 지원사업_신청양식_KETI.hwp: 400 Client Error: Bad Request for url: https://www.bizinfo.go.kr/sii/siia/%EB%B6%99%EC%9E%841.%20%EC%A7%80%EC%9B%90%EC%82%AC%EC%97%85_%EC%8B%A0%EC%B2%AD%EC%96%91%EC%8B%9D_KETI.hwp / 202606181435020634.hwp: 404 Client Error: Not Found for url: https://www.bizinfo.go.kr/sii/siia/202606181435020634.hwp / 202606181443380987.hwp: 404 Client Error: Not Found for url: https://www.bizinfo.go.kr/sii/siia/202606181443380987.hwp,https://www.bizinfo.go.kr/sii/siia/selectSIIA200Detail.do?pblancId=PBLN_000000000123371
PBLN_000000000123374,[전남] 첨단로봇ㆍAI 활용 중소기업 제조혁신 사업 기업지원(실증지원) 모집 공고,전라남도,fetched,url,needs_review,selected_candidate_missing,금액 후보는 있으나 대표금액을 선택하지 못함,old_amount_without_new_selected_amount,21000.0,support_amount,subtract,3,,,,1.0,1997,17255,1. 첨단로봇·AI 활용 중소기업 제조혁신 기업지원 모집 공고_실증지원.hwp: 400 Client Error: Bad Request for url: https://www.bizinfo.go.kr/sii/siia/1.%20%EC%B2%A8%EB%8B%A8%EB%A1%9C%EB%B4%87%C2%B7AI%20%ED%99%9C%EC%9A%A9%20%EC%A4%91%EC%86%8C%EA%B8%B0%EC%97%85%20%EC%A0%9C%EC%A1%B0%ED%98%81%EC%8B%A0%20%EA%B8%B0%EC%97%85%EC%A7%80%EC%9B%90%20%EB%AA%A8%EC%A7%91%20%EA%B3%B5%EA%B3%A0_%EC%8B%A4%EC%A6%9D%EC%A7%80%EC%9B%90.hwp / 2. (양식) 기타 서류 양식 및 사업계획서_실증지원.hwp: 400 Client Error: Bad Request for url: https://www.bizinfo.go.kr/sii/siia/2.%20(%EC%96%91%EC%8B%9D)%20%EA%B8%B0%ED%83%80%20%EC%84%9C%EB%A5%98%20%EC%96%91%EC%8B%9D%20%EB%B0%8F%20%EC%82%AC%EC%97%85%EA%B3%84%ED%9A%8D%EC%84%9C_%EC%8B%A4%EC%A6%9D%EC%A7%80%EC%9B%90.hwp / 202606181432470774.hwp: 404 Client Error: Not Found for url: https://www.bizinfo.go.kr/sii/siia/202606181432470774.hwp / 202606181433000761.hwp: 404 Client Error: Not Found for url: https://www.bizinfo.go.kr/sii/siia/202606181433000761.hwp,https://www.bizinfo.go.kr/sii/siia/selectSIIA200Detail.do?pblancId=PBLN_000000000123374
PBLN_000000000123375,[전남] 첨단로봇ㆍAI 활용 중소기업 제조혁신 사업 기업지원(기술개발) 모집 공고,전라남도,fetched,url,safe,clear_selected_candidate,대표금액 후보가 명확함,,7000.0,support_amount,subtract,12,7000.0,support_amount,subtract,1.0,1946,17571,1. 첨단로봇·AI 활용 중소기업 제조혁신 기업지원 모집 공고_기술개발.hwp: 400 Client Error: Bad Request for url: https://www.bizinfo.go.kr/sii/siia/1.%20%EC%B2%A8%EB%8B%A8%EB%A1%9C%EB%B4%87%C2%B7AI%20%ED%99%9C%EC%9A%A9%20%EC%A4%91%EC%86%8C%EA%B8%B0%EC%97%85%20%EC%A0%9C%EC%A1%B0%ED%98%81%EC%8B%A0%20%EA%B8%B0%EC%97%85%EC%A7%80%EC%9B%90%20%EB%AA%A8%EC%A7%91%20%EA%B3%B5%EA%B3%A0_%EA%B8%B0%EC%88%A0%EA%B0%9C%EB%B0%9C.hwp / 2. (양식) 기타 서류 양식 및 사업계획서_기술개발.hwp: 400 Client Error: Bad Request for url: https://www.bizinfo.go.kr/sii/siia/2.%20(%EC%96%91%EC%8B%9D)%20%EA%B8%B0%ED%83%80%20%EC%84%9C%EB%A5%98%20%EC%96%91%EC%8B%9D%20%EB%B0%8F%20%EC%82%AC%EC%97%85%EA%B3%84%ED%9A%8D%EC%84%9C_%EA%B8%B0%EC%88%A0%EA%B0%9C%EB%B0%9C.hwp / 202606181456230788.hwp: 404 Client Error: Not Found for url: https://www.bizinfo.go.kr/sii/siia/202606181456230788.hwp / 202606181456290295.hwp: 404 Client Error: Not Found for url: https://www.bizinfo.go.kr/sii/siia/202606181456290295.hwp,https://www.bizinfo.go.kr/sii/siia/selectSIIA200Detail.do?pblancId=PBLN_000000000123375
PBLN_000000000123377,[전남] 첨단로봇ㆍAI 활용 중소기업 제조혁신 사업 기업지원(기획 컨설팅) 모집 공고,전라남도,fetched,url,safe,clear_selected_candidate,대표금액 후보가 명확함,type_changed:subsidy->support_amount,400.0,subsidy,subtract,9,400.0,support_amount,subtract,0.5,1913,11065,1. 첨단로봇‧AI 활용 중소기업 제조혁신 사업 기업지원 모집 공고_기획 컨설팅.hwp: 400 Client Error: Bad Request for url: https://www.bizinfo.go.kr/sii/siia/1.%20%EC%B2%A8%EB%8B%A8%EB%A1%9C%EB%B4%87%E2%80%A7AI%20%ED%99%9C%EC%9A%A9%20%EC%A4%91%EC%86%8C%EA%B8%B0%EC%97%85%20%EC%A0%9C%EC%A1%B0%ED%98%81%EC%8B%A0%20%EC%82%AC%EC%97%85%20%EA%B8%B0%EC%97%85%EC%A7%80%EC%9B%90%20%EB%AA%A8%EC%A7%91%20%EA%B3%B5%EA%B3%A0_%EA%B8%B0%ED%9A%8D%20%EC%BB%A8%EC%84%A4%ED%8C%85.hwp / 2. (양식) 기타 서류 양식 및 컨설팅 수행 계획서_기획 컨설팅.hwp: 400 Client Error: Bad Request for url: https://www.bizinfo.go.kr/sii/siia/2.%20(%EC%96%91%EC%8B%9D)%20%EA%B8%B0%ED%83%80%20%EC%84%9C%EB%A5%98%20%EC%96%91%EC%8B%9D%20%EB%B0%8F%20%EC%BB%A8%EC%84%A4%ED%8C%85%20%EC%88%98%ED%96%89%20%EA%B3%84%ED%9A%8D%EC%84%9C_%EA%B8%B0%ED%9A%8D%20%EC%BB%A8%EC%84%A4%ED%8C%85.hwp / 202606181507330122.hwp: 404 Client Error: Not Found for url: https://www.bizinfo.go.kr/sii/siia/202606181507330122.hwp / 202606181507370620.hwp: 404 Client Error: Not Found for url: https://www.bizinfo.go.kr/sii/siia/202606181507370620.hwp,https://www.bizinfo.go.kr/sii/siia/selectSIIA200Detail.do?pblancId=PBLN_000000000123377
PBLN_000000000123379,[경북] 포항시 2026년 지역 기업 투자유치 활성화를 위한 Rising Star IR DAY 참가기업 모집 공고,경상북도,fetched,url,needs_review,selected_candidate_missing,금액 후보는 있으나 대표금액을 선택하지 못함,old_amount_without_new_selected_amount,400.0,support_amount,subtract,1,,,,,2187,4278,[붙임1] 참가기업 모집 공고문+.pdf: 400 Client Error: Bad Request for url: https://www.bizinfo.go.kr/sii/siia/%5B%EB%B6%99%EC%9E%841%5D%20%EC%B0%B8%EA%B0%80%EA%B8%B0%EC%97%85%20%EB%AA%A8%EC%A7%91%20%EA%B3%B5%EA%B3%A0%EB%AC%B8+.pdf / 202606190951430703.pdf: 404 Client Error: Not Found for url: https://www.bizinfo.go.kr/sii/siia/202606190951430703.pdf / 202606190953100210.hwp: 404 Client Error: Not Found for url: https://www.bizinfo.go.kr/sii/siia/202606190953100210.hwp / [붙임2] 「2026년 포항 Rising Star IR DAY」 신청서식.hwp: 400 Client Error: Bad Request for url: https://www.bizinfo.go.kr/sii/siia/%5B%EB%B6%99%EC%9E%842%5D%20%E3%80%8C2026%EB%85%84%20%ED%8F%AC%ED%95%AD%20Rising%20Star%20IR%20DAY%E3%80%8D%20%EC%8B%A0%EC%B2%AD%EC%84%9C%EC%8B%9D.hwp,https://www.bizinfo.go.kr/sii/siia/selectSIIA200Detail.do?pblancId=PBLN_000000000123379
PBLN_000000000123381,[강원] 2026년 2차 지역주력산업육성(지역특화 프로젝트 레전드 50+) 지원모집 공고(강원 2.0 퀀텀점프),중소벤처기업부,fetched,url,safe,clear_selected_candidate,대표금액 후보가 명확함,type_changed:unknown->support_amount | roi_method_changed:recommend_only->subtract | new_amount_found_from_source,,,recommend_only,12,2000.0,support_amount,subtract,,2562,3830,2026년도 지역주력산업육성(지역특화 프로젝트 레전드 50+) 지원모집 2차 공고 (강원 2.0 퀀텀점프)+.pdf: 400 Client Error: Bad Request for url: https://www.bizinfo.go.kr/sii/siia/2026%EB%85%84%EB%8F%84%20%EC%A7%80%EC%97%AD%EC%A3%BC%EB%A0%A5%EC%82%B0%EC%97%85%EC%9C%A1%EC%84%B1(%EC%A7%80%EC%97%AD%ED%8A%B9%ED%99%94%20%ED%94%84%EB%A1%9C%EC%A0%9D%ED%8A%B8%20%EB%A0%88%EC%A0%84%EB%93%9C%2050+)%20%EC%A7%80%EC%9B%90%EB%AA%A8%EC%A7%91%202%EC%B0%A8%20%EA%B3%B5%EA%B3%A0%20(%EA%B0%95%EC%9B%90%202.0%20%ED%80%80%ED%85%80%EC%A0%90%ED%94%84)+.pdf / 202606191111110787.pdf: 404 Client Error: Not Found for url: https://www.bizinfo.go.kr/sii/siia/202606191111110787.pdf,https://www.bizinfo.go.kr/sii/siia/selectSIIA200Detail.do?pblancId=PBLN_000000000123381
PBLN_000000000123387,[경기] 안양시 2026년 우수기업 선정 공고,경기도,fetched,url,needs_review,selected_candidate_missing,금액 후보는 있으나 대표금액을 선택하지 못함,old_amount_without_new_selected_amount,500.0,support_amount,subtract,4,,,,0.4,1986,16532,2026년 안양시 우수기업 선정 공고문.hwpx: 400 Client Error: Bad Request for url: https://www.bizinfo.go.kr/sii/siia/2026%EB%85%84%20%EC%95%88%EC%96%91%EC%8B%9C%20%EC%9A%B0%EC%88%98%EA%B8%B0%EC%97%85%20%EC%84%A0%EC%A0%95%20%EA%B3%B5%EA%B3%A0%EB%AC%B8.hwpx / 2026년 안양시 우수기업 선정 안내문.hwpx: 400 Client Error: Bad Request for url: https://www.bizinfo.go.kr/sii/siia/2026%EB%85%84%20%EC%95%88%EC%96%91%EC%8B%9C%20%EC%9A%B0%EC%88%98%EA%B8%B0%EC%97%85%20%EC%84%A0%EC%A0%95%20%EC%95%88%EB%82%B4%EB%AC%B8.hwpx / 202606191138590709.hwpx: 404 Client Error: Not Found for url: https://www.bizinfo.go.kr/sii/siia/202606191138590709.hwpx / 202606191139040183.hwpx: 404 Client Error: Not Found for url: https://www.bizinfo.go.kr/sii/siia/202606191139040183.hwpx / 202606191139040269.hwpx: 404 Client Error: Not Found for url: https://www.bizinfo.go.kr/sii/siia/202606191139040269.hwpx / 2026년 안양시 우수기업 선정 신청서 및 제출서류 등.hwpx: 400 Client Error: Bad Request for url: https://www.bizinfo.go.kr/sii/siia/2026%EB%85%84%20%EC%95%88%EC%96%91%EC%8B%9C%20%EC%9A%B0%EC%88%98%EA%B8%B0%EC%97%85%20%EC%84%A0%EC%A0%95%20%EC%8B%A0%EC%B2%AD%EC%84%9C%20%EB%B0%8F%20%EC%A0%9C%EC%B6%9C%EC%84%9C%EB%A5%98%20%EB%93%B1.hwpx,https://www.bizinfo.go.kr/sii/siia/selectSIIA200Detail.do?pblancId=PBLN_000000000123387
PBLN_000000000123389,2026년 3차 광주 차세대 지능형 반도체 적용 온디바이스 AI 스케일업 밸리 육성 사업 성장스케일업 지원 수혜기업 추가모집 통합 공고(딥테크 스케일업 밸리 육성사업),과학기술정보통신부,fetched,url,needs_review,selected_candidate_missing,금액 후보는 있으나 대표금액을 선택하지 못함,old_amount_without_new_selected_amount,300.0,support_amount,subtract,5,,,,,2479,14439,★붙임1.공고문_온디바이스AI_3차.pdf: 400 Client Error: Bad Request for url: https://www.bizinfo.go.kr/sii/siia/%E2%98%85%EB%B6%99%EC%9E%841.%EA%B3%B5%EA%B3%A0%EB%AC%B8_%EC%98%A8%EB%94%94%EB%B0%94%EC%9D%B4%EC%8A%A4AI_3%EC%B0%A8.pdf / 202606191338140473.pdf: 404 Client Error: Not Found for url: https://www.bizinfo.go.kr/sii/siia/202606191338140473.pdf / 202606191338470066.hwpx: 404 Client Error: Not Found for url: https://www.bizinfo.go.kr/sii/siia/202606191338470066.hwpx / 별첨.엣지향NPU4사모델자료.hwpx: 400 Client Error: Bad Request for url: https://www.bizinfo.go.kr/sii/siia/%EB%B3%84%EC%B2%A8.%EC%97%A3%EC%A7%80%ED%96%A5NPU4%EC%82%AC%EB%AA%A8%EB%8D%B8%EC%9E%90%EB%A3%8C.hwpx / 202606191338470005.hwp: 404 Client Error: Not Found for url: https://www.bizinfo.go.kr/sii/siia/202606191338470005.hwp / 붙임3.제출서류양식(②~⑥).hwp: 400 Client Error: Bad Request for url: https://www.bizinfo.go.kr/sii/siia/%EB%B6%99%EC%9E%843.%EC%A0%9C%EC%B6%9C%EC%84%9C%EB%A5%98%EC%96%91%EC%8B%9D(%E2%91%A1~%E2%91%A5).hwp,https://www.bizinfo.go.kr/sii/siia/selectSIIA200Detail.do?pblancId=PBLN_000000000123389
PBLN_000000000123392,[부산] 2026년 2차 지산학 기술도입 지원사업 참여기업 모집 공고(지산학 연결중개 촉진 지원사업),부산광역시,fetched,url,safe,clear_selected_candidate,대표금액 후보가 명확함,,1000.0,support_amount,subtract,4,1000.0,support_amount,subtract,0.5,2448,12694,01.+(공고문)+2026년+지산학+기술도입+지원사업+.pdf: 400 Client Error: Bad Request for url: https://www.bizinfo.go.kr/sii/siia/01.+(%EA%B3%B5%EA%B3%A0%EB%AC%B8)+2026%EB%85%84+%EC%A7%80%EC%82%B0%ED%95%99+%EA%B8%B0%EC%88%A0%EB%8F%84%EC%9E%85+%EC%A7%80%EC%9B%90%EC%82%AC%EC%97%85+.pdf / 202606191355260172.pdf: 404 Client Error: Not Found for url: https://www.bizinfo.go.kr/sii/siia/202606191355260172.pdf / 02.+(신청서)+2026년+지산학+기술도입+지원사업.hwpx: 400 Client Error: Bad Request for url: https://www.bizinfo.go.kr/sii/siia/02.+(%EC%8B%A0%EC%B2%AD%EC%84%9C)+2026%EB%85%84+%EC%A7%80%EC%82%B0%ED%95%99+%EA%B8%B0%EC%88%A0%EB%8F%84%EC%9E%85+%EC%A7%80%EC%9B%90%EC%82%AC%EC%97%85.hwpx / 202606191355220444.hwpx: 404 Client Error: Not Found for url: https://www.bizinfo.go.kr/sii/siia/202606191355220444.hwpx / 03.+(첨부서식)+2026년+지산학+기술도입+지원사업.hwp: 400 Client Error: Bad Request for url: https://www.bizinfo.go.kr/sii/siia/03.+(%EC%B2%A8%EB%B6%80%EC%84%9C%EC%8B%9D)+2026%EB%85%84+%EC%A7%80%EC%82%B0%ED%95%99+%EA%B8%B0%EC%88%A0%EB%8F%84%EC%9E%85+%EC%A7%80%EC%9B%90%EC%82%AC%EC%97%85.hwp / 202606191355220535.hwp: 404 Client Error: Not Found for url: https://www.bizinfo.go.kr/sii/siia/202606191355220535.hwp,https://www.bizinfo.go.kr/sii/siia/selectSIIA200Detail.do?pblancId=PBLN_000000000123392
PBLN_000000000123397,[충북] 2026년 중소기업 산업보안 진단 컨설팅 모집 공고(산업기술단지 거점기능강화사업),중소벤처기업부,fetched,url,needs_review,candidate_missing,금액 후보 자체를 찾지 못함,,,unknown,recommend_only,0,,,,,2283,4954,[붙임4] 2026년 충북 중소기업 산업보안 진단 컨설팅 모집공고문+.pdf: 400 Client Error: Bad Request for url: https://www.bizinfo.go.kr/sii/siia/%5B%EB%B6%99%EC%9E%844%5D%202026%EB%85%84%20%EC%B6%A9%EB%B6%81%20%EC%A4%91%EC%86%8C%EA%B8%B0%EC%97%85%20%EC%82%B0%EC%97%85%EB%B3%B4%EC%95%88%20%EC%A7%84%EB%8B%A8%20%EC%BB%A8%EC%84%A4%ED%8C%85%20%EB%AA%A8%EC%A7%91%EA%B3%B5%EA%B3%A0%EB%AC%B8+.pdf / 202606191422110329.pdf: 404 Client Error: Not Found for url: https://www.bizinfo.go.kr/sii/siia/202606191422110329.pdf / [붙임1] 지원신청서(서식1).hwp: 400 Client Error: Bad Request for url: https://www.bizinfo.go.kr/sii/siia/%5B%EB%B6%99%EC%9E%841%5D%20%EC%A7%80%EC%9B%90%EC%8B%A0%EC%B2%AD%EC%84%9C(%EC%84%9C%EC%8B%9D1).hwp / [붙임3] 기업지원 정보 활용을 위한 동의서(서식3).hwp: 400 Client Error: Bad Request for url: https://www.bizinfo.go.kr/sii/siia/%5B%EB%B6%99%EC%9E%843%5D%20%EA%B8%B0%EC%97%85%EC%A7%80%EC%9B%90%20%EC%A0%95%EB%B3%B4%20%ED%99%9C%EC%9A%A9%EC%9D%84%20%EC%9C%84%ED%95%9C%20%EB%8F%99%EC%9D%98%EC%84%9C(%EC%84%9C%EC%8B%9D3).hwp / 202606191422020687.hwp: 404 Client Error: Not Found for url: https://www.bizinfo.go.kr/sii/siia/202606191422020687.hwp / 202606191422020774.hwp: 404 Client Error: Not Found for url: https://www.bizinfo.go.kr/sii/siia/202606191422020774.hwp / 202606191422020824.hwp: 404 Client Error: Not Found for url: https://www.bizinfo.go.kr/sii/siia/202606191422020824.hwp / [붙임2] 사전 수요조사서(서식2).hwp: 400 Client Error: Bad Request for url: https://www.bizinfo.go.kr/sii/siia/%5B%EB%B6%99%EC%9E%842%5D%20%EC%82%AC%EC%A0%84%20%EC%88%98%EC%9A%94%EC%A1%B0%EC%82%AC%EC%84%9C(%EC%84%9C%EC%8B%9D2).hwp,https://www.bizinfo.go.kr/sii/siia/selectSIIA200Detail.do?pblancId=PBLN_000000000123397
PBLN_000000000123398,[경북] 2026년 4차산업혁명 핵심기술개발사업(혁신기술R&D) 지원사업 공고,경상북도,fetched,url,safe,clear_selected_candidate,대표금액 후보가 명확함,type_changed:support_ratio->support_amount | roi_method_changed:ratio_cap->subtract | new_amount_found_from_source,,support_ratio,ratio_cap,5,10000.0,support_amount,subtract,1.0,2653,34815,202606191412300114.pdf: 404 Client Error: Not Found for url: https://www.bizinfo.go.kr/sii/siia/202606191412300114.pdf / [운영요령]경상북도 4차산업혁명 핵심기술개발사업 운영요령.pdf: 400 Client Error: Bad Request for url: https://www.bizinfo.go.kr/sii/siia/%5B%EC%9A%B4%EC%98%81%EC%9A%94%EB%A0%B9%5D%EA%B2%BD%EC%83%81%EB%B6%81%EB%8F%84%204%EC%B0%A8%EC%82%B0%EC%97%85%ED%98%81%EB%AA%85%20%ED%95%B5%EC%8B%AC%EA%B8%B0%EC%88%A0%EA%B0%9C%EB%B0%9C%EC%82%AC%EC%97%85%20%EC%9A%B4%EC%98%81%EC%9A%94%EB%A0%B9.pdf / 2. 2026년도 4차산업혁명 핵심기술개발사업 참여기업 모집 공고.hwp: 400 Client Error: Bad Request for url: https://www.bizinfo.go.kr/sii/siia/2.%202026%EB%85%84%EB%8F%84%204%EC%B0%A8%EC%82%B0%EC%97%85%ED%98%81%EB%AA%85%20%ED%95%B5%EC%8B%AC%EA%B8%B0%EC%88%A0%EA%B0%9C%EB%B0%9C%EC%82%AC%EC%97%85%20%EC%B0%B8%EC%97%AC%EA%B8%B0%EC%97%85%20%EB%AA%A8%EC%A7%91%20%EA%B3%B5%EA%B3%A0.hwp / 202606191412150478.hwp: 404 Client Error: Not Found for url: https://www.bizinfo.go.kr/sii/siia/202606191412150478.hwp / 202606191412290976.hwp: 404 Client Error: Not Found for url: https://www.bizinfo.go.kr/sii/siia/202606191412290976.hwp / 3. 2026년도 4차산업혁명 핵심기술개발사업 신청양식.hwp: 400 Client Error: Bad Request for url: https://www.bizinfo.go.kr/sii/siia/3.%202026%EB%85%84%EB%8F%84%204%EC%B0%A8%EC%82%B0%EC%97%85%ED%98%81%EB%AA%85%20%ED%95%B5%EC%8B%AC%EA%B8%B0%EC%88%A0%EA%B0%9C%EB%B0%9C%EC%82%AC%EC%97%85%20%EC%8B%A0%EC%B2%AD%EC%96%91%EC%8B%9D.hwp,https://www.bizinfo.go.kr/sii/siia/selectSIIA200Detail.do?pblancId=PBLN_000000000123398
PBLN_000000000123399,[경북] 2026년 소공인 클린제조환경조성 사업 모집 공고,경상북도,fetched,url,needs_review,large_amount_delta,기존 금액과 새 대표금액 차이가 큼,"type_changed:subsidy->support_amount | amount_delta_20_percent:old=630,new=1050",630.0,subsidy,subtract,11,1050.0,support_amount,subtract,0.15,2367,18018,[공고문]_2026년_경상북도_소공인_클린제조환경조성_사업_모집_공고.pdf: 400 Client Error: Bad Request for url: https://www.bizinfo.go.kr/sii/siia/%5B%EA%B3%B5%EA%B3%A0%EB%AC%B8%5D_2026%EB%85%84_%EA%B2%BD%EC%83%81%EB%B6%81%EB%8F%84_%EC%86%8C%EA%B3%B5%EC%9D%B8_%ED%81%B4%EB%A6%B0%EC%A0%9C%EC%A1%B0%ED%99%98%EA%B2%BD%EC%A1%B0%EC%84%B1_%EC%82%AC%EC%97%85_%EB%AA%A8%EC%A7%91_%EA%B3%B5%EA%B3%A0.pdf / 202606191428430211.pdf: 404 Client Error: Not Found for url: https://www.bizinfo.go.kr/sii/siia/202606191428430211.pdf / 202606191429080390.hwp: 404 Client Error: Not Found for url: https://www.bizinfo.go.kr/sii/siia/202606191429080390.hwp / [신청양식_및_참고자료]_2026년_경상북도_소공인_클린제조환경조성사업.hwp: 400 Client Error: Bad Request for url: https://www.bizinfo.go.kr/sii/siia/%5B%EC%8B%A0%EC%B2%AD%EC%96%91%EC%8B%9D_%EB%B0%8F_%EC%B0%B8%EA%B3%A0%EC%9E%90%EB%A3%8C%5D_2026%EB%85%84_%EA%B2%BD%EC%83%81%EB%B6%81%EB%8F%84_%EC%86%8C%EA%B3%B5%EC%9D%B8_%ED%81%B4%EB%A6%B0%EC%A0%9C%EC%A1%B0%ED%99%98%EA%B2%BD%EC%A1%B0%EC%84%B1%EC%82%AC%EC%97%85.hwp,https://www.bizinfo.go.kr/sii/siia/selectSIIA200Detail.do?pblancId=PBLN_000000000123399
PBLN_000000000123406,반도체 소재ㆍ부품 시험평가센터 구축 사업 KIT 반도체 기업지원 사업 추가 모집 공고,산업통상부,fetched,url,needs_review,selected_candidate_missing,금액 후보는 있으나 대표금액을 선택하지 못함,,,support_ratio,ratio_cap,1,,,,1.0,1990,2516,26 「반도체 소재·부품 시험평가센터 구축 사업」 KIT 반도체 기업지원 추가 모집 공고_팸플릿.pdf: 400 Client Error: Bad Request for url: https://www.bizinfo.go.kr/sii/siia/26%20%E3%80%8C%EB%B0%98%EB%8F%84%EC%B2%B4%20%EC%86%8C%EC%9E%AC%C2%B7%EB%B6%80%ED%92%88%20%EC%8B%9C%ED%97%98%ED%8F%89%EA%B0%80%EC%84%BC%ED%84%B0%20%EA%B5%AC%EC%B6%95%20%EC%82%AC%EC%97%85%E3%80%8D%20KIT%20%EB%B0%98%EB%8F%84%EC%B2%B4%20%EA%B8%B0%EC%97%85%EC%A7%80%EC%9B%90%20%EC%B6%94%EA%B0%80%20%EB%AA%A8%EC%A7%91%20%EA%B3%B5%EA%B3%A0_%ED%8C%B8%ED%94%8C%EB%A6%BF.pdf / 202606220953440585.pdf: 404 Client Error: Not Found for url: https://www.bizinfo.go.kr/sii/siia/202606220953440585.pdf / [공고문] 「반도체 소재·부품 시험평가센터 구축 사업」 KIT 반도체 기업지원 추가 모집 공고.hwp: 400 Client Error: Bad Request for url: https://www.bizinfo.go.kr/sii/siia/%5B%EA%B3%B5%EA%B3%A0%EB%AC%B8%5D%20%E3%80%8C%EB%B0%98%EB%8F%84%EC%B2%B4%20%EC%86%8C%EC%9E%AC%C2%B7%EB%B6%80%ED%92%88%20%EC%8B%9C%ED%97%98%ED%8F%89%EA%B0%80%EC%84%BC%ED%84%B0%20%EA%B5%AC%EC%B6%95%20%EC%82%AC%EC%97%85%E3%80%8D%20KIT%20%EB%B0%98%EB%8F%84%EC%B2%B4%20%EA%B8%B0%EC%97%85%EC%A7%80%EC%9B%90%20%EC%B6%94%EA%B0%80%20%EB%AA%A8%EC%A7%91%20%EA%B3%B5%EA%B3%A0.hwp / 202606220949400084.hwp: 404 Client Error: Not Found for url: https://www.bizinfo.go.kr/sii/siia/202606220949400084.hwp,https://www.bizinfo.go.kr/sii/siia/selectSIIA200Detail.do?pblancId=PBLN_000000000123406
PBLN_000000000123412,[경남] 2026년 수산부산물 재활용 규제자유특구 책임보험 지원기업 모집 공고,경상남도,fetched,url,safe,clear_selected_candidate,대표금액 후보가 명확함,,2000.0,support_amount,subtract,2,2000.0,support_amount,subtract,0.8,1935,5544,붙임1. 지원기업 모집공고문_책임보험+.pdf: 400 Client Error: Bad Request for url: https://www.bizinfo.go.kr/sii/siia/%EB%B6%99%EC%9E%841.%20%EC%A7%80%EC%9B%90%EA%B8%B0%EC%97%85%20%EB%AA%A8%EC%A7%91%EA%B3%B5%EA%B3%A0%EB%AC%B8_%EC%B1%85%EC%9E%84%EB%B3%B4%ED%97%98+.pdf / 202606221014330515.pdf: 404 Client Error: Not Found for url: https://www.bizinfo.go.kr/sii/siia/202606221014330515.pdf / 붙임2. 기업지원 신청서_책임보험.hwp: 400 Client Error: Bad Request for url: https://www.bizinfo.go.kr/sii/siia/%EB%B6%99%EC%9E%842.%20%EA%B8%B0%EC%97%85%EC%A7%80%EC%9B%90%20%EC%8B%A0%EC%B2%AD%EC%84%9C_%EC%B1%85%EC%9E%84%EB%B3%B4%ED%97%98.hwp / 202606221014390813.hwp: 404 Client Error: Not Found for url: https://www.bizinfo.go.kr/sii/siia/202606221014390813.hwp,https://www.bizinfo.go.kr/sii/siia/selectSIIA200Detail.do?pblancId=PBLN_000000000123412
PBLN_000000000123413,[경북] 2026년 3차 디지털전환 지원모델 확산사업 지역특화산업지원 참여기업 모집 재공고,경상북도,fetched,url,safe,clear_selected_candidate,대표금액 후보가 명확함,,5000.0,support_amount,subtract,8,5000.0,support_amount,subtract,,2327,9388,[붙임1](총괄)2026년 경북 디지털전환 지원모델 확산사업 지역특화산업지원 참여기업 모집 재공고문+.pdf: 400 Client Error: Bad Request for url: https://www.bizinfo.go.kr/sii/siia/%5B%EB%B6%99%EC%9E%841%5D(%EC%B4%9D%EA%B4%84)2026%EB%85%84%20%EA%B2%BD%EB%B6%81%20%EB%94%94%EC%A7%80%ED%84%B8%EC%A0%84%ED%99%98%20%EC%A7%80%EC%9B%90%EB%AA%A8%EB%8D%B8%20%ED%99%95%EC%82%B0%EC%82%AC%EC%97%85%20%EC%A7%80%EC%97%AD%ED%8A%B9%ED%99%94%EC%82%B0%EC%97%85%EC%A7%80%EC%9B%90%20%EC%B0%B8%EC%97%AC%EA%B8%B0%EC%97%85%20%EB%AA%A8%EC%A7%91%20%EC%9E%AC%EA%B3%B5%EA%B3%A0%EB%AC%B8+.pdf / 202606221028050689.pdf: 404 Client Error: Not Found for url: https://www.bizinfo.go.kr/sii/siia/202606221028050689.pdf / [붙임3](공통양식)2026년 경북 디지털전환 지원모델 확산사업 지역특화산업지원 신청양식(지역명-기업명).hwp: 400 Client Error: Bad Request for url: https://www.bizinfo.go.kr/sii/siia/%5B%EB%B6%99%EC%9E%843%5D(%EA%B3%B5%ED%86%B5%EC%96%91%EC%8B%9D)2026%EB%85%84%20%EA%B2%BD%EB%B6%81%20%EB%94%94%EC%A7%80%ED%84%B8%EC%A0%84%ED%99%98%20%EC%A7%80%EC%9B%90%EB%AA%A8%EB%8D%B8%20%ED%99%95%EC%82%B0%EC%82%AC%EC%97%85%20%EC%A7%80%EC%97%AD%ED%8A%B9%ED%99%94%EC%82%B0%EC%97%85%EC%A7%80%EC%9B%90%20%EC%8B%A0%EC%B2%AD%EC%96%91%EC%8B%9D(%EC%A7%80%EC%97%AD%EB%AA%85-%EA%B8%B0%EC%97%85%EB%AA%85).hwp / 202606221029110015.hwp: 404 Client Error: Not Found for url: https://www.bizinfo.go.kr/sii/siia/202606221029110015.hwp,https://www.bizinfo.go.kr/sii/siia/selectSIIA200Detail.do?pblancId=PBLN_000000000123413
PBLN_000000000123415,[경북] 2026년 소공인 스마트제조지원(스마트공방)사업 모집 공고,경상북도,fetched,url,needs_review,selected_candidate_missing,금액 후보는 있으나 대표금액을 선택하지 못함,old_amount_without_new_selected_amount,600.0,subsidy,subtract,10,,,,0.1,2209,24130,[공고문] 2026년 경상북도 소공인 스마트제조지원사업 모집 공고+.pdf: 400 Client Error: Bad Request for url: https://www.bizinfo.go.kr/sii/siia/%5B%EA%B3%B5%EA%B3%A0%EB%AC%B8%5D%202026%EB%85%84%20%EA%B2%BD%EC%83%81%EB%B6%81%EB%8F%84%20%EC%86%8C%EA%B3%B5%EC%9D%B8%20%EC%8A%A4%EB%A7%88%ED%8A%B8%EC%A0%9C%EC%A1%B0%EC%A7%80%EC%9B%90%EC%82%AC%EC%97%85%20%EB%AA%A8%EC%A7%91%20%EA%B3%B5%EA%B3%A0+.pdf / 202606221034340781.pdf: 404 Client Error: Not Found for url: https://www.bizinfo.go.kr/sii/siia/202606221034340781.pdf / 2026년 경상북도 소공인 스마트제조지원사업 모집 공고 별첨자료.hwp: 400 Client Error: Bad Request for url: https://www.bizinfo.go.kr/sii/siia/2026%EB%85%84%20%EA%B2%BD%EC%83%81%EB%B6%81%EB%8F%84%20%EC%86%8C%EA%B3%B5%EC%9D%B8%20%EC%8A%A4%EB%A7%88%ED%8A%B8%EC%A0%9C%EC%A1%B0%EC%A7%80%EC%9B%90%EC%82%AC%EC%97%85%20%EB%AA%A8%EC%A7%91%20%EA%B3%B5%EA%B3%A0%20%EB%B3%84%EC%B2%A8%EC%9E%90%EB%A3%8C.hwp / 202606221036310582.hwp: 404 Client Error: Not Found for url: https://www.bizinfo.go.kr/sii/siia/202606221036310582.hwp,https://www.bizinfo.go.kr/sii/siia/selectSIIA200Detail.do?pblancId=PBLN_000000000123415
PBLN_000000000123416,[경북] 영천시 2026년 2차 중소기업 혁신기술개발 지원사업 공고,경상북도,fetched,url,needs_review,large_amount_delta,기존 금액과 새 대표금액 차이가 큼,"amount_delta_20_percent:old=311,new=5000",311.0,support_amount,subtract,11,5000.0,support_amount,subtract,0.2,2389,21806,[공고문] 2026년 영천시 중소기업 혁신기술개발 지원사업 2차 모집 공고+.pdf: 400 Client Error: Bad Request for url: https://www.bizinfo.go.kr/sii/siia/%5B%EA%B3%B5%EA%B3%A0%EB%AC%B8%5D%202026%EB%85%84%20%EC%98%81%EC%B2%9C%EC%8B%9C%20%EC%A4%91%EC%86%8C%EA%B8%B0%EC%97%85%20%ED%98%81%EC%8B%A0%EA%B8%B0%EC%88%A0%EA%B0%9C%EB%B0%9C%20%EC%A7%80%EC%9B%90%EC%82%AC%EC%97%85%202%EC%B0%A8%20%EB%AA%A8%EC%A7%91%20%EA%B3%B5%EA%B3%A0+.pdf / 202606221040570071.pdf: 404 Client Error: Not Found for url: https://www.bizinfo.go.kr/sii/siia/202606221040570071.pdf / [R&D 서식] 2026년 영천시 중소기업 혁신기술개발 지원사업 R&D 지원 사업계획서.hwp: 400 Client Error: Bad Request for url: https://www.bizinfo.go.kr/sii/siia/%5BR&D%20%EC%84%9C%EC%8B%9D%5D%202026%EB%85%84%20%EC%98%81%EC%B2%9C%EC%8B%9C%20%EC%A4%91%EC%86%8C%EA%B8%B0%EC%97%85%20%ED%98%81%EC%8B%A0%EA%B8%B0%EC%88%A0%EA%B0%9C%EB%B0%9C%20%EC%A7%80%EC%9B%90%EC%82%AC%EC%97%85%20R&D%20%EC%A7%80%EC%9B%90%20%EC%82%AC%EC%97%85%EA%B3%84%ED%9A%8D%EC%84%9C.hwp / [공고문] 2026년 영천시 중소기업 혁신기술개발 지원사업 2차 모집 공고.hwp: 400 Client Error: Bad Request for url: https://www.bizinfo.go.kr/sii/siia/%5B%EA%B3%B5%EA%B3%A0%EB%AC%B8%5D%202026%EB%85%84%20%EC%98%81%EC%B2%9C%EC%8B%9C%20%EC%A4%91%EC%86%8C%EA%B8%B0%EC%97%85%20%ED%98%81%EC%8B%A0%EA%B8%B0%EC%88%A0%EA%B0%9C%EB%B0%9C%20%EC%A7%80%EC%9B%90%EC%82%AC%EC%97%85%202%EC%B0%A8%20%EB%AA%A8%EC%A7%91%20%EA%B3%B5%EA%B3%A0.hwp / [비R&D 서식] 2026년 영천시 중소기업 혁신기술개발 지원사업 비R&D 지원 사업계획서.hwp: 400 Client Error: Bad Request for url: https://www.bizinfo.go.kr/sii/siia/%5B%EB%B9%84R&D%20%EC%84%9C%EC%8B%9D%5D%202026%EB%85%84%20%EC%98%81%EC%B2%9C%EC%8B%9C%20%EC%A4%91%EC%86%8C%EA%B8%B0%EC%97%85%20%ED%98%81%EC%8B%A0%EA%B8%B0%EC%88%A0%EA%B0%9C%EB%B0%9C%20%EC%A7%80%EC%9B%90%EC%82%AC%EC%97%85%20%EB%B9%84R&D%20%EC%A7%80%EC%9B%90%20%EC%82%AC%EC%97%85%EA%B3%84%ED%9A%8D%EC%84%9C.hwp / 202606221041110714.hwp: 404 Client Error: Not Found for url: https://www.bizinfo.go.kr/sii/siia/202606221041110714.hwp / 202606221041110885.hwp: 404 Client Error: Not Found for url: https://www.bizinfo.go.kr/sii/siia/202606221041110885.hwp / 202606221041110955.hwp: 404 Client Error: Not Found for url: https://www.bizinfo.go.kr/sii/siia/202606221041110955.hwp / 202606221041120014.hwp: 404 Client Error: Not Found for url: https://www.bizinfo.go.kr/sii/siia/202606221041120014.hwp / 202606221041120070.hwp: 404 Client Error: Not Found for url: https://www.bizinfo.go.kr/sii/siia/202606221041120070.hwp,https://www.bizinfo.go.kr/sii/siia/selectSIIA200Detail.do?pblancId=PBLN_000000000123416
PBLN_000000000123417,[경북] 영천시 2026년 2차 중소기업 고부가가치 전환육성 지원사업 공고,경상북도,fetched,url,needs_review,large_amount_delta,기존 금액과 새 대표금액 차이가 큼,"amount_delta_20_percent:old=311,new=10000",311.0,support_amount,subtract,10,10000.0,support_amount,subtract,0.2,2379,21489,[공고문] 2026년 영천시 중소기업 고부가가치 전환육성 지원사업 2차 모집 공고+.pdf: 400 Client Error: Bad Request for url: https://www.bizinfo.go.kr/sii/siia/%5B%EA%B3%B5%EA%B3%A0%EB%AC%B8%5D%202026%EB%85%84%20%EC%98%81%EC%B2%9C%EC%8B%9C%20%EC%A4%91%EC%86%8C%EA%B8%B0%EC%97%85%20%EA%B3%A0%EB%B6%80%EA%B0%80%EA%B0%80%EC%B9%98%20%EC%A0%84%ED%99%98%EC%9C%A1%EC%84%B1%20%EC%A7%80%EC%9B%90%EC%82%AC%EC%97%85%202%EC%B0%A8%20%EB%AA%A8%EC%A7%91%20%EA%B3%B5%EA%B3%A0+.pdf / 202606221047170414.pdf: 404 Client Error: Not Found for url: https://www.bizinfo.go.kr/sii/siia/202606221047170414.pdf / [R&D 서식] 2026년 영천시 중소기업 고부가가치 전환육성 지원사업 R&D 지원 사업계획서.hwp: 400 Client Error: Bad Request for url: https://www.bizinfo.go.kr/sii/siia/%5BR&D%20%EC%84%9C%EC%8B%9D%5D%202026%EB%85%84%20%EC%98%81%EC%B2%9C%EC%8B%9C%20%EC%A4%91%EC%86%8C%EA%B8%B0%EC%97%85%20%EA%B3%A0%EB%B6%80%EA%B0%80%EA%B0%80%EC%B9%98%20%EC%A0%84%ED%99%98%EC%9C%A1%EC%84%B1%20%EC%A7%80%EC%9B%90%EC%82%AC%EC%97%85%20R&D%20%EC%A7%80%EC%9B%90%20%EC%82%AC%EC%97%85%EA%B3%84%ED%9A%8D%EC%84%9C.hwp / [공고문] 2026년 영천시 중소기업 고부가가치 전환육성 지원사업 2차 모집 공고.hwp: 400 Client Error: Bad Request for url: https://www.bizinfo.go.kr/sii/siia/%5B%EA%B3%B5%EA%B3%A0%EB%AC%B8%5D%202026%EB%85%84%20%EC%98%81%EC%B2%9C%EC%8B%9C%20%EC%A4%91%EC%86%8C%EA%B8%B0%EC%97%85%20%EA%B3%A0%EB%B6%80%EA%B0%80%EA%B0%80%EC%B9%98%20%EC%A0%84%ED%99%98%EC%9C%A1%EC%84%B1%20%EC%A7%80%EC%9B%90%EC%82%AC%EC%97%85%202%EC%B0%A8%20%EB%AA%A8%EC%A7%91%20%EA%B3%B5%EA%B3%A0.hwp / [비R&D 서식] 2026년 영천시 중소기업 고부가가치 전환육성 지원사업 비R&D 지원 사업계획서.hwp: 400 Client Error: Bad Request for url: https://www.bizinfo.go.kr/sii/siia/%5B%EB%B9%84R&D%20%EC%84%9C%EC%8B%9D%5D%202026%EB%85%84%20%EC%98%81%EC%B2%9C%EC%8B%9C%20%EC%A4%91%EC%86%8C%EA%B8%B0%EC%97%85%20%EA%B3%A0%EB%B6%80%EA%B0%80%EA%B0%80%EC%B9%98%20%EC%A0%84%ED%99%98%EC%9C%A1%EC%84%B1%20%EC%A7%80%EC%9B%90%EC%82%AC%EC%97%85%20%EB%B9%84R&D%20%EC%A7%80%EC%9B%90%20%EC%82%AC%EC%97%85%EA%B3%84%ED%9A%8D%EC%84%9C.hwp / 202606221047420693.hwp: 404 Client Error: Not Found for url: https://www.bizinfo.go.kr/sii/siia/202606221047420693.hwp / 202606221047420794.hwp: 404 Client Error: Not Found for url: https://www.bizinfo.go.kr/sii/siia/202606221047420794.hwp / 202606221047420913.hwp: 404 Client Error: Not Found for url: https://www.bizinfo.go.kr/sii/siia/202606221047420913.hwp / 202606221047420967.hwp: 404 Client Error: Not Found for url: https://www.bizinfo.go.kr/sii/siia/202606221047420967.hwp / 202606221047430020.hwp: 404 Client Error: Not Found for url: https://www.bizinfo.go.kr/sii/siia/202606221047430020.hwp,https://www.bizinfo.go.kr/sii/siia/selectSIIA200Detail.do?pblancId=PBLN_000000000123417
PBLN_000000000123419,2026년 소공인 클린제조환경조성사업 추가 모집 공고,중소벤처기업부,fetched,url,needs_review,large_amount_delta,기존 금액과 새 대표금액 차이가 큼,"type_changed:subsidy->support_amount | amount_delta_20_percent:old=630,new=1050",630.0,subsidy,subtract,16,1050.0,support_amount,subtract,0.15,2389,24120,2026년_소공인_클린제조환경조성_사업_추가_모집_공고.pdf: 400 Client Error: Bad Request for url: https://www.bizinfo.go.kr/sii/siia/2026%EB%85%84_%EC%86%8C%EA%B3%B5%EC%9D%B8_%ED%81%B4%EB%A6%B0%EC%A0%9C%EC%A1%B0%ED%99%98%EA%B2%BD%EC%A1%B0%EC%84%B1_%EC%82%AC%EC%97%85_%EC%B6%94%EA%B0%80_%EB%AA%A8%EC%A7%91_%EA%B3%B5%EA%B3%A0.pdf / 202606221039500434.pdf: 404 Client Error: Not Found for url: https://www.bizinfo.go.kr/sii/siia/202606221039500434.pdf / 2026년_소공인_클린제조환경조성_사업_추가_모집_공고.hwpx: 400 Client Error: Bad Request for url: https://www.bizinfo.go.kr/sii/siia/2026%EB%85%84_%EC%86%8C%EA%B3%B5%EC%9D%B8_%ED%81%B4%EB%A6%B0%EC%A0%9C%EC%A1%B0%ED%99%98%EA%B2%BD%EC%A1%B0%EC%84%B1_%EC%82%AC%EC%97%85_%EC%B6%94%EA%B0%80_%EB%AA%A8%EC%A7%91_%EA%B3%B5%EA%B3%A0.hwpx / 202606221039550088.hwpx: 404 Client Error: Not Found for url: https://www.bizinfo.go.kr/sii/siia/202606221039550088.hwpx,https://www.bizinfo.go.kr/sii/siia/selectSIIA200Detail.do?pblancId=PBLN_000000000123419
PBLN_000000000123421,"2026년 중소기업기술혁신개발사업 글로벌선도기술개발(함께달리기, 이어달리기) 시행계획 공고",중소벤처기업부,fetched,url,needs_review,large_amount_delta,기존 금액과 새 대표금액 차이가 큼,"type_changed:subsidy->support_amount | amount_delta_20_percent:old=100000,new=50000",100000.0,subsidy,subtract,30,50000.0,support_amount,subtract,0.65,2644,19226,[공고_제2026-401호]_2026년도_중소기업기술혁신개발사업_수출지향형(함께달리기_이어달리기)_시행계획_공고.pdf: 400 Client Error: Bad Request for url: https://www.bizinfo.go.kr/sii/siia/%5B%EA%B3%B5%EA%B3%A0_%EC%A0%9C2026-401%ED%98%B8%5D_2026%EB%85%84%EB%8F%84_%EC%A4%91%EC%86%8C%EA%B8%B0%EC%97%85%EA%B8%B0%EC%88%A0%ED%98%81%EC%8B%A0%EA%B0%9C%EB%B0%9C%EC%82%AC%EC%97%85_%EC%88%98%EC%B6%9C%EC%A7%80%ED%96%A5%ED%98%95(%ED%95%A8%EA%BB%98%EB%8B%AC%EB%A6%AC%EA%B8%B0_%EC%9D%B4%EC%96%B4%EB%8B%AC%EB%A6%AC%EA%B8%B0)_%EC%8B%9C%ED%96%89%EA%B3%84%ED%9A%8D_%EA%B3%B5%EA%B3%A0.pdf / 202606221055230676.pdf: 404 Client Error: Not Found for url: https://www.bizinfo.go.kr/sii/siia/202606221055230676.pdf / [공고_제2026-401호]_2026년도_중소기업기술혁신개발사업_수출지향형(함께달리기_이어달리기)_시행계획_공고.hwpx: 400 Client Error: Bad Request for url: https://www.bizinfo.go.kr/sii/siia/%5B%EA%B3%B5%EA%B3%A0_%EC%A0%9C2026-401%ED%98%B8%5D_2026%EB%85%84%EB%8F%84_%EC%A4%91%EC%86%8C%EA%B8%B0%EC%97%85%EA%B8%B0%EC%88%A0%ED%98%81%EC%8B%A0%EA%B0%9C%EB%B0%9C%EC%82%AC%EC%97%85_%EC%88%98%EC%B6%9C%EC%A7%80%ED%96%A5%ED%98%95(%ED%95%A8%EA%BB%98%EB%8B%AC%EB%A6%AC%EA%B8%B0_%EC%9D%B4%EC%96%B4%EB%8B%AC%EB%A6%AC%EA%B8%B0)_%EC%8B%9C%ED%96%89%EA%B3%84%ED%9A%8D_%EA%B3%B5%EA%B3%A0.hwpx / [붙임1-1]_중소기업기술개발_지원사업_보안대책.hwpx: 400 Client Error: Bad Request for url: https://www.bizinfo.go.kr/sii/siia/%5B%EB%B6%99%EC%9E%841-1%5D_%EC%A4%91%EC%86%8C%EA%B8%B0%EC%97%85%EA%B8%B0%EC%88%A0%EA%B0%9C%EB%B0%9C_%EC%A7%80%EC%9B%90%EC%82%AC%EC%97%85_%EB%B3%B4%EC%95%88%EB%8C%80%EC%B1%85.hwpx / [붙임1]_신청방법_및_신청_또는_지원_제외사항_등_유의사항.hwpx: 400 Client Error: Bad Request for url: https://www.bizinfo.go.kr/sii/siia/%5B%EB%B6%99%EC%9E%841%5D_%EC%8B%A0%EC%B2%AD%EB%B0%A9%EB%B2%95_%EB%B0%8F_%EC%8B%A0%EC%B2%AD_%EB%98%90%EB%8A%94_%EC%A7%80%EC%9B%90_%EC%A0%9C%EC%99%B8%EC%82%AC%ED%95%AD_%EB%93%B1_%EC%9C%A0%EC%9D%98%EC%82%AC%ED%95%AD.hwpx / [붙임2-1]_글로벌선도기술개발(함께달리기)_세부_지원내용.hwpx: 400 Client Error: Bad Request for url: https://www.bizinfo.go.kr/sii/siia/%5B%EB%B6%99%EC%9E%842-1%5D_%EA%B8%80%EB%A1%9C%EB%B2%8C%EC%84%A0%EB%8F%84%EA%B8%B0%EC%88%A0%EA%B0%9C%EB%B0%9C(%ED%95%A8%EA%BB%98%EB%8B%AC%EB%A6%AC%EA%B8%B0)_%EC%84%B8%EB%B6%80_%EC%A7%80%EC%9B%90%EB%82%B4%EC%9A%A9.hwpx / [붙임2-2]_글로벌선도기술개발(이어달리기)_세부_지원내용.hwpx: 400 Client Error: Bad Request for url: https://www.bizinfo.go.kr/sii/siia/%5B%EB%B6%99%EC%9E%842-2%5D_%EA%B8%80%EB%A1%9C%EB%B2%8C%EC%84%A0%EB%8F%84%EA%B8%B0%EC%88%A0%EA%B0%9C%EB%B0%9C(%EC%9D%B4%EC%96%B4%EB%8B%AC%EB%A6%AC%EA%B8%B0)_%EC%84%B8%EB%B6%80_%EC%A7%80%EC%9B%90%EB%82%B4%EC%9A%A9.hwpx / 202606221057080567.hwpx: 404 Client Error: Not Found for url: https://www.bizinfo.go.kr/sii/siia/202606221057080567.hwpx / 202606221057080670.hwpx: 404 Client Error: Not Found for url: https://www.bizinfo.go.kr/sii/siia/202606221057080670.hwpx / 202606221057080729.hwpx: 404 Client Error: Not Found for url: https://www.bizinfo.go.kr/sii/siia/202606221057080729.hwpx,https://www.bizinfo.go.kr/sii/siia/selectSIIA200Detail.do?pblancId=PBLN_000000000123421
PBLN_000000000123423,[경북] 안동시 2026년 장애인기업육성지원사업 기업(사업화) 지원 모집 공고,경상북도,fetched,url,safe,clear_selected_candidate,대표금액 후보가 명확함,,500.0,support_amount,subtract,6,500.0,support_amount,subtract,1.0,2084,6768,2026년 안동시 장애인기업육성지원사업 기업사업화지원 모집 공고문.hwp: 400 Client Error: Bad Request for url: https://www.bizinfo.go.kr/sii/siia/2026%EB%85%84%20%EC%95%88%EB%8F%99%EC%8B%9C%20%EC%9E%A5%EC%95%A0%EC%9D%B8%EA%B8%B0%EC%97%85%EC%9C%A1%EC%84%B1%EC%A7%80%EC%9B%90%EC%82%AC%EC%97%85%20%EA%B8%B0%EC%97%85%EC%82%AC%EC%97%85%ED%99%94%EC%A7%80%EC%9B%90%20%EB%AA%A8%EC%A7%91%20%EA%B3%B5%EA%B3%A0%EB%AC%B8.hwp / 기업사업화지원사업 신청서 및 개인정보동의서.hwp: 400 Client Error: Bad Request for url: https://www.bizinfo.go.kr/sii/siia/%EA%B8%B0%EC%97%85%EC%82%AC%EC%97%85%ED%99%94%EC%A7%80%EC%9B%90%EC%82%AC%EC%97%85%20%EC%8B%A0%EC%B2%AD%EC%84%9C%20%EB%B0%8F%20%EA%B0%9C%EC%9D%B8%EC%A0%95%EB%B3%B4%EB%8F%99%EC%9D%98%EC%84%9C.hwp / 202606221114000369.hwp: 404 Client Error: Not Found for url: https://www.bizinfo.go.kr/sii/siia/202606221114000369.hwp / 202606221114050852.hwp: 404 Client Error: Not Found for url: https://www.bizinfo.go.kr/sii/siia/202606221114050852.hwp,https://www.bizinfo.go.kr/sii/siia/selectSIIA200Detail.do?pblancId=PBLN_000000000123423
PBLN_000000000123427,[경기] 안산시 2026년 로봇직업교육센터 구축사업 제조기업 로봇공정 성능개선 지원사업 공고,경기도,fetched,url,needs_review,selected_candidate_missing,금액 후보는 있으나 대표금액을 선택하지 못함,old_amount_without_new_selected_amount,210.0,support_amount,subtract,4,,,,1.0,2451,4434,첨부1. (공고문) 참여기업 모집공고_안산시 제조기업 로봇공정 성능개선 지원사업.pdf: 400 Client Error: Bad Request for url: https://www.bizinfo.go.kr/sii/siia/%EC%B2%A8%EB%B6%801.%20(%EA%B3%B5%EA%B3%A0%EB%AC%B8)%20%EC%B0%B8%EC%97%AC%EA%B8%B0%EC%97%85%20%EB%AA%A8%EC%A7%91%EA%B3%B5%EA%B3%A0_%EC%95%88%EC%82%B0%EC%8B%9C%20%EC%A0%9C%EC%A1%B0%EA%B8%B0%EC%97%85%20%EB%A1%9C%EB%B4%87%EA%B3%B5%EC%A0%95%20%EC%84%B1%EB%8A%A5%EA%B0%9C%EC%84%A0%20%EC%A7%80%EC%9B%90%EC%82%AC%EC%97%85.pdf / 202606221138060647.pdf: 404 Client Error: Not Found for url: https://www.bizinfo.go.kr/sii/siia/202606221138060647.pdf / 202606221137590428.hwp: 404 Client Error: Not Found for url: https://www.bizinfo.go.kr/sii/siia/202606221137590428.hwp / 붙임2. 2026년 로봇공정모델 단가표.hwp: 400 Client Error: Bad Request for url: https://www.bizinfo.go.kr/sii/siia/%EB%B6%99%EC%9E%842.%202026%EB%85%84%20%EB%A1%9C%EB%B4%87%EA%B3%B5%EC%A0%95%EB%AA%A8%EB%8D%B8%20%EB%8B%A8%EA%B0%80%ED%91%9C.hwp / 붙임2. 2026년 로봇공정모델 단가표.hwp: HWP extraction quality_failed,https://www.bizinfo.go.kr/sii/siia/selectSIIA200Detail.do?pblancId=PBLN_000000000123427
PBLN_000000000123433,2026년 K-바이오헬스 지역ㆍ전략센터 연계ㆍ협력 지원사업 참여기업 모집 공고,충청북도,fetched,url,safe,clear_selected_candidate,대표금액 후보가 명확함,type_changed:unknown->non_cash | new_amount_found_from_source,,,recommend_only,3,1000.0,non_cash,recommend_only,0.9,2485,9530,2026년도_K-바이오헬스_지역전략센터_연계협력_지원사업_지원기업_모집_공고문.pdf: 400 Client Error: Bad Request for url: https://www.bizinfo.go.kr/sii/siia/2026%EB%85%84%EB%8F%84_K-%EB%B0%94%EC%9D%B4%EC%98%A4%ED%97%AC%EC%8A%A4_%EC%A7%80%EC%97%AD%EC%A0%84%EB%9E%B5%EC%84%BC%ED%84%B0_%EC%97%B0%EA%B3%84%ED%98%91%EB%A0%A5_%EC%A7%80%EC%9B%90%EC%82%AC%EC%97%85_%EC%A7%80%EC%9B%90%EA%B8%B0%EC%97%85_%EB%AA%A8%EC%A7%91_%EA%B3%B5%EA%B3%A0%EB%AC%B8.pdf / 202606221320110891.pdf: 404 Client Error: Not Found for url: https://www.bizinfo.go.kr/sii/siia/202606221320110891.pdf / 202606221320350696.hwp: 404 Client Error: Not Found for url: https://www.bizinfo.go.kr/sii/siia/202606221320350696.hwp / 2026년도_K-바이오헬스_지역전략센터_제출서류_서식.hwp: 400 Client Error: Bad Request for url: https://www.bizinfo.go.kr/sii/siia/2026%EB%85%84%EB%8F%84_K-%EB%B0%94%EC%9D%B4%EC%98%A4%ED%97%AC%EC%8A%A4_%EC%A7%80%EC%97%AD%EC%A0%84%EB%9E%B5%EC%84%BC%ED%84%B0_%EC%A0%9C%EC%B6%9C%EC%84%9C%EB%A5%98_%EC%84%9C%EC%8B%9D.hwp,https://www.bizinfo.go.kr/sii/siia/selectSIIA200Detail.do?pblancId=PBLN_000000000123433
PBLN_000000000123434,[충북] 2026년 벤처 및 스타트업 기업 공동연구장비 활용 지원사업 참여기업 추가 공고,충청북도,fetched,url,safe,clear_selected_candidate,대표금액 후보가 명확함,,1000.0,support_amount,subtract,6,1000.0,support_amount,subtract,1.0,2459,6538,공고문_2026년도_벤처_및_스타트업기업_공동연구장비_활용_지원사업_모집_공고문.pdf: 400 Client Error: Bad Request for url: https://www.bizinfo.go.kr/sii/siia/%EA%B3%B5%EA%B3%A0%EB%AC%B8_2026%EB%85%84%EB%8F%84_%EB%B2%A4%EC%B2%98_%EB%B0%8F_%EC%8A%A4%ED%83%80%ED%8A%B8%EC%97%85%EA%B8%B0%EC%97%85_%EA%B3%B5%EB%8F%99%EC%97%B0%EA%B5%AC%EC%9E%A5%EB%B9%84_%ED%99%9C%EC%9A%A9_%EC%A7%80%EC%9B%90%EC%82%AC%EC%97%85_%EB%AA%A8%EC%A7%91_%EA%B3%B5%EA%B3%A0%EB%AC%B8.pdf / 202606221328510859.pdf: 404 Client Error: Not Found for url: https://www.bizinfo.go.kr/sii/siia/202606221328510859.pdf / 양식_2026년도_벤처_및_스타트업기업_공동연구장비활용_지원사업_신청_양식.hwp: 400 Client Error: Bad Request for url: https://www.bizinfo.go.kr/sii/siia/%EC%96%91%EC%8B%9D_2026%EB%85%84%EB%8F%84_%EB%B2%A4%EC%B2%98_%EB%B0%8F_%EC%8A%A4%ED%83%80%ED%8A%B8%EC%97%85%EA%B8%B0%EC%97%85_%EA%B3%B5%EB%8F%99%EC%97%B0%EA%B5%AC%EC%9E%A5%EB%B9%84%ED%99%9C%EC%9A%A9_%EC%A7%80%EC%9B%90%EC%82%AC%EC%97%85_%EC%8B%A0%EC%B2%AD_%EC%96%91%EC%8B%9D.hwp / 202606221329380782.hwp: 404 Client Error: Not Found for url: https://www.bizinfo.go.kr/sii/siia/202606221329380782.hwp,https://www.bizinfo.go.kr/sii/siia/selectSIIA200Detail.do?pblancId=PBLN_000000000123434
PBLN_000000000123437,[전북] 2026년 인공지능 신뢰성 향상지원 및 확보지원 참여기업 모집 공고,전북특별자치도,fetched,url,safe,clear_selected_candidate,대표금액 후보가 명확함,,500.0,support_amount,subtract,1,500.0,support_amount,subtract,1.0,2412,14214,붙임2_사업 공고문.pdf: 400 Client Error: Bad Request for url: https://www.bizinfo.go.kr/sii/siia/%EB%B6%99%EC%9E%842_%EC%82%AC%EC%97%85%20%EA%B3%B5%EA%B3%A0%EB%AC%B8.pdf / 202606221527020046.pdf: 404 Client Error: Not Found for url: https://www.bizinfo.go.kr/sii/siia/202606221527020046.pdf / 붙임3_참여 신청서 및 지원 내용 평가 기준 상세.hwp: 400 Client Error: Bad Request for url: https://www.bizinfo.go.kr/sii/siia/%EB%B6%99%EC%9E%843_%EC%B0%B8%EC%97%AC%20%EC%8B%A0%EC%B2%AD%EC%84%9C%20%EB%B0%8F%20%EC%A7%80%EC%9B%90%20%EB%82%B4%EC%9A%A9%20%ED%8F%89%EA%B0%80%20%EA%B8%B0%EC%A4%80%20%EC%83%81%EC%84%B8.hwp / 202606221315200162.hwp: 404 Client Error: Not Found for url: https://www.bizinfo.go.kr/sii/siia/202606221315200162.hwp,https://www.bizinfo.go.kr/sii/siia/selectSIIA200Detail.do?pblancId=PBLN_000000000123437
PBLN_000000000123438,2026년 2차 경북 해양기업 혁신성장 R&BD 패키지 지원사업 참여기업 모집 공고,경상북도,fetched,url,needs_review,selected_candidate_missing,금액 후보는 있으나 대표금액을 선택하지 못함,,,support_ratio,ratio_cap,1,,,,0.5,2423,13027,붙임 1. [해양기업 혁신성장 R&BD패키지 지원사업] 모집 공고문.pdf: 400 Client Error: Bad Request for url: https://www.bizinfo.go.kr/sii/siia/%EB%B6%99%EC%9E%84%201.%20%5B%ED%95%B4%EC%96%91%EA%B8%B0%EC%97%85%20%ED%98%81%EC%8B%A0%EC%84%B1%EC%9E%A5%20R&BD%ED%8C%A8%ED%82%A4%EC%A7%80%20%EC%A7%80%EC%9B%90%EC%82%AC%EC%97%85%5D%20%EB%AA%A8%EC%A7%91%20%EA%B3%B5%EA%B3%A0%EB%AC%B8.pdf / 202606221342130317.pdf: 404 Client Error: Not Found for url: https://www.bizinfo.go.kr/sii/siia/202606221342130317.pdf / 붙임 2. [해양기업 혁신성장 R&BD패키지 지원사업] 신청 서식(사업화 지원).hwp: 400 Client Error: Bad Request for url: https://www.bizinfo.go.kr/sii/siia/%EB%B6%99%EC%9E%84%202.%20%5B%ED%95%B4%EC%96%91%EA%B8%B0%EC%97%85%20%ED%98%81%EC%8B%A0%EC%84%B1%EC%9E%A5%20R&BD%ED%8C%A8%ED%82%A4%EC%A7%80%20%EC%A7%80%EC%9B%90%EC%82%AC%EC%97%85%5D%20%EC%8B%A0%EC%B2%AD%20%EC%84%9C%EC%8B%9D(%EC%82%AC%EC%97%85%ED%99%94%20%EC%A7%80%EC%9B%90).hwp / 202606221342420871.hwp: 404 Client Error: Not Found for url: https://www.bizinfo.go.kr/sii/siia/202606221342420871.hwp,https://www.bizinfo.go.kr/sii/siia/selectSIIA200Detail.do?pblancId=PBLN_000000000123438
PBLN_000000000123442,[인천] 2026년 콘텐츠 스케일업 플러스 지원사업 재공고,인천광역시,fetched,url,needs_review,selected_candidate_missing,금액 후보는 있으나 대표금액을 선택하지 못함,,,support_ratio,ratio_cap,1,,,,1.0,2099,8185,붙임1. 2026 콘텐츠 스케일업 플러스 모집 재공고.hwp: 400 Client Error: Bad Request for url: https://www.bizinfo.go.kr/sii/siia/%EB%B6%99%EC%9E%841.%202026%20%EC%BD%98%ED%85%90%EC%B8%A0%20%EC%8A%A4%EC%BC%80%EC%9D%BC%EC%97%85%20%ED%94%8C%EB%9F%AC%EC%8A%A4%20%EB%AA%A8%EC%A7%91%20%EC%9E%AC%EA%B3%B5%EA%B3%A0.hwp / 202606221334310842.hwp: 404 Client Error: Not Found for url: https://www.bizinfo.go.kr/sii/siia/202606221334310842.hwp,https://www.bizinfo.go.kr/sii/siia/selectSIIA200Detail.do?pblancId=PBLN_000000000123442
PBLN_000000000123443,[충북] 2026년 2차 바이오 국제공동연구사업 지원과제 공고(양자간 국제공동연구사업),충청북도,fetched,url,safe,clear_selected_candidate,대표금액 후보가 명확함,,6000.0,support_amount,subtract,4,6000.0,support_amount,subtract,1.0,2409,26070,붙임1._2026년_제2차_바이오_국제공동연구개발_지원사업_모집_공고문.hwp: 400 Client Error: Bad Request for url: https://www.bizinfo.go.kr/sii/siia/%EB%B6%99%EC%9E%841._2026%EB%85%84_%EC%A0%9C2%EC%B0%A8_%EB%B0%94%EC%9D%B4%EC%98%A4_%EA%B5%AD%EC%A0%9C%EA%B3%B5%EB%8F%99%EC%97%B0%EA%B5%AC%EA%B0%9C%EB%B0%9C_%EC%A7%80%EC%9B%90%EC%82%AC%EC%97%85_%EB%AA%A8%EC%A7%91_%EA%B3%B5%EA%B3%A0%EB%AC%B8.hwp / 붙임2._2026년_제2차_바이오_국제공동연구개발_지원사업_신청서_및_양식.hwp: 400 Client Error: Bad Request for url: https://www.bizinfo.go.kr/sii/siia/%EB%B6%99%EC%9E%842._2026%EB%85%84_%EC%A0%9C2%EC%B0%A8_%EB%B0%94%EC%9D%B4%EC%98%A4_%EA%B5%AD%EC%A0%9C%EA%B3%B5%EB%8F%99%EC%97%B0%EA%B5%AC%EA%B0%9C%EB%B0%9C_%EC%A7%80%EC%9B%90%EC%82%AC%EC%97%85_%EC%8B%A0%EC%B2%AD%EC%84%9C_%EB%B0%8F_%EC%96%91%EC%8B%9D.hwp / 붙임3._충청북도_바이오산업_연구개발_지원사업_통합_운영요령(충청북도_고시_제_2025_-_290호).hwp: 400 Client Error: Bad Request for url: https://www.bizinfo.go.kr/sii/siia/%EB%B6%99%EC%9E%843._%EC%B6%A9%EC%B2%AD%EB%B6%81%EB%8F%84_%EB%B0%94%EC%9D%B4%EC%98%A4%EC%82%B0%EC%97%85_%EC%97%B0%EA%B5%AC%EA%B0%9C%EB%B0%9C_%EC%A7%80%EC%9B%90%EC%82%AC%EC%97%85_%ED%86%B5%ED%95%A9_%EC%9A%B4%EC%98%81%EC%9A%94%EB%A0%B9(%EC%B6%A9%EC%B2%AD%EB%B6%81%EB%8F%84_%EA%B3%A0%EC%8B%9C_%EC%A0%9C_2025_-_290%ED%98%B8).hwp / 202606221358130480.hwp: 404 Client Error: Not Found for url: https://www.bizinfo.go.kr/sii/siia/202606221358130480.hwp / 202606221358290561.hwp: 404 Client Error: Not Found for url: https://www.bizinfo.go.kr/sii/siia/202606221358290561.hwp / 202606221358290664.hwp: 404 Client Error: Not Found for url: https://www.bizinfo.go.kr/sii/siia/202606221358290664.hwp,https://www.bizinfo.go.kr/sii/siia/selectSIIA200Detail.do?pblancId=PBLN_000000000123443
PBLN_000000000123447,[전북] 2026년 특화역량 BI 지원사업 AI-R&D 부스팅 프로그램 참여기업 모집 공고,중소벤처기업부,fetched,url,safe,clear_selected_candidate,대표금액 후보가 명확함,type_changed:unknown->support_amount | roi_method_changed:recommend_only->subtract | new_amount_found_from_source,,,recommend_only,4,300.0,support_amount,subtract,0.1,2351,7735,AI-RD 부스팅 프로그램 참여기업 모집 공고.pdf: 400 Client Error: Bad Request for url: https://www.bizinfo.go.kr/sii/siia/AI-RD%20%EB%B6%80%EC%8A%A4%ED%8C%85%20%ED%94%84%EB%A1%9C%EA%B7%B8%EB%9E%A8%20%EC%B0%B8%EC%97%AC%EA%B8%B0%EC%97%85%20%EB%AA%A8%EC%A7%91%20%EA%B3%B5%EA%B3%A0.pdf / 202606221405380546.pdf: 404 Client Error: Not Found for url: https://www.bizinfo.go.kr/sii/siia/202606221405380546.pdf / 서식지원 신청서. 수요 상세기술서. 참가 서약서. 개인정보동의서.hwp: 400 Client Error: Bad Request for url: https://www.bizinfo.go.kr/sii/siia/%EC%84%9C%EC%8B%9D%EC%A7%80%EC%9B%90%20%EC%8B%A0%EC%B2%AD%EC%84%9C.%20%EC%88%98%EC%9A%94%20%EC%83%81%EC%84%B8%EA%B8%B0%EC%88%A0%EC%84%9C.%20%EC%B0%B8%EA%B0%80%20%EC%84%9C%EC%95%BD%EC%84%9C.%20%EA%B0%9C%EC%9D%B8%EC%A0%95%EB%B3%B4%EB%8F%99%EC%9D%98%EC%84%9C.hwp / 202606221406070507.hwp: 404 Client Error: Not Found for url: https://www.bizinfo.go.kr/sii/siia/202606221406070507.hwp,https://www.bizinfo.go.kr/sii/siia/selectSIIA200Detail.do?pblancId=PBLN_000000000123447
PBLN_000000000123448,해오름 이차전지 기업지원(비즈협력ㆍ스케일업) 수혜기업 모집 공고(해오름동맹 첨단이차전지 연대협력사업),경상북도,fetched,url,needs_review,selected_candidate_missing,금액 후보는 있으나 대표금액을 선택하지 못함,old_amount_without_new_selected_amount,2500.0,support_amount,subtract,4,,,,0.5,2611,14879,붙임_02_공고문+.pdf: 400 Client Error: Bad Request for url: https://www.bizinfo.go.kr/sii/siia/%EB%B6%99%EC%9E%84_02_%EA%B3%B5%EA%B3%A0%EB%AC%B8+.pdf / 202606221408030559.pdf: 404 Client Error: Not Found for url: https://www.bizinfo.go.kr/sii/siia/202606221408030559.pdf / 202606221411070542.hwp: 404 Client Error: Not Found for url: https://www.bizinfo.go.kr/sii/siia/202606221411070542.hwp / 202606221411070636.hwp: 404 Client Error: Not Found for url: https://www.bizinfo.go.kr/sii/siia/202606221411070636.hwp / 붙임_03_신청서식(비즈협력).hwp: 400 Client Error: Bad Request for url: https://www.bizinfo.go.kr/sii/siia/%EB%B6%99%EC%9E%84_03_%EC%8B%A0%EC%B2%AD%EC%84%9C%EC%8B%9D(%EB%B9%84%EC%A6%88%ED%98%91%EB%A0%A5).hwp / 붙임_04_신청서식(스케일업).hwp: 400 Client Error: Bad Request for url: https://www.bizinfo.go.kr/sii/siia/%EB%B6%99%EC%9E%84_04_%EC%8B%A0%EC%B2%AD%EC%84%9C%EC%8B%9D(%EC%8A%A4%EC%BC%80%EC%9D%BC%EC%97%85).hwp,https://www.bizinfo.go.kr/sii/siia/selectSIIA200Detail.do?pblancId=PBLN_000000000123448
PBLN_000000000123451,바이오의약품 소재부품장비 기업지원 프로그램 모집 공고,산업통상부,fetched,url,needs_review,selected_candidate_missing,금액 후보는 있으나 대표금액을 선택하지 못함,old_amount_without_new_selected_amount,1000.0,support_amount,subtract,2,,,,,2386,10107,152734_(공고문)기업지원 공통_취합.pdf: 400 Client Error: Bad Request for url: https://www.bizinfo.go.kr/sii/siia/152734_(%EA%B3%B5%EA%B3%A0%EB%AC%B8)%EA%B8%B0%EC%97%85%EC%A7%80%EC%9B%90%20%EA%B3%B5%ED%86%B5_%EC%B7%A8%ED%95%A9.pdf / 202606221425060370.pdf: 404 Client Error: Not Found for url: https://www.bizinfo.go.kr/sii/siia/202606221425060370.pdf / (공고문)기업지원 공통_취합.hwpx: 400 Client Error: Bad Request for url: https://www.bizinfo.go.kr/sii/siia/(%EA%B3%B5%EA%B3%A0%EB%AC%B8)%EA%B8%B0%EC%97%85%EC%A7%80%EC%9B%90%20%EA%B3%B5%ED%86%B5_%EC%B7%A8%ED%95%A9.hwpx / 202606221425120768.hwpx: 404 Client Error: Not Found for url: https://www.bizinfo.go.kr/sii/siia/202606221425120768.hwpx / 152734_(붙임1) 바이오의약품 소재부품장비 기업지원 신청서_(기업명).hwp: 400 Client Error: Bad Request for url: https://www.bizinfo.go.kr/sii/siia/152734_(%EB%B6%99%EC%9E%841)%20%EB%B0%94%EC%9D%B4%EC%98%A4%EC%9D%98%EC%95%BD%ED%92%88%20%EC%86%8C%EC%9E%AC%EB%B6%80%ED%92%88%EC%9E%A5%EB%B9%84%20%EA%B8%B0%EC%97%85%EC%A7%80%EC%9B%90%20%EC%8B%A0%EC%B2%AD%EC%84%9C_(%EA%B8%B0%EC%97%85%EB%AA%85).hwp / 202606221425120669.hwp: 404 Client Error: Not Found for url: https://www.bizinfo.go.kr/sii/siia/202606221425120669.hwp,https://www.bizinfo.go.kr/sii/siia/selectSIIA200Detail.do?pblancId=PBLN_000000000123451
PBLN_000000000123456,[전남] 화순군 2026년 스타기업 모집 공고,전라남도,fetched,url,needs_review,large_amount_delta,기존 금액과 새 대표금액 차이가 큼,"amount_delta_20_percent:old=6000,new=2000",6000.0,support_amount,subtract,8,2000.0,support_amount,subtract,0.1,1736,11340,붙임 1. 화순군스타기업육성사업 지원사업 공고문.hwp: 400 Client Error: Bad Request for url: https://www.bizinfo.go.kr/sii/siia/%EB%B6%99%EC%9E%84%201.%20%ED%99%94%EC%88%9C%EA%B5%B0%EC%8A%A4%ED%83%80%EA%B8%B0%EC%97%85%EC%9C%A1%EC%84%B1%EC%82%AC%EC%97%85%20%EC%A7%80%EC%9B%90%EC%82%AC%EC%97%85%20%EA%B3%B5%EA%B3%A0%EB%AC%B8.hwp / 202606221435590203.hwp: 404 Client Error: Not Found for url: https://www.bizinfo.go.kr/sii/siia/202606221435590203.hwp / 202606221436060021.hwp: 404 Client Error: Not Found for url: https://www.bizinfo.go.kr/sii/siia/202606221436060021.hwp / 붙임 2. 사업신청 양식(화순).hwp: 400 Client Error: Bad Request for url: https://www.bizinfo.go.kr/sii/siia/%EB%B6%99%EC%9E%84%202.%20%EC%82%AC%EC%97%85%EC%8B%A0%EC%B2%AD%20%EC%96%91%EC%8B%9D(%ED%99%94%EC%88%9C).hwp,https://www.bizinfo.go.kr/sii/siia/selectSIIA200Detail.do?pblancId=PBLN_000000000123456
PBLN_000000000123459,[경북] 2026년 4차 푸드테크 스마트 제조 기반 구축 사업 재공고,경상북도,fetched,url,needs_review,large_amount_delta,기존 금액과 새 대표금액 차이가 큼,"type_changed:support_amount->loan | roi_method_changed:subtract->exclude | amount_delta_20_percent:old=4500,new=80000",4500.0,support_amount,subtract,13,80000.0,loan,exclude,0.025,2384,31987,(공고문)2026년 푸드테크 스마트 제조 기반 구축 사업 재공고(4차).pdf: 400 Client Error: Bad Request for url: https://www.bizinfo.go.kr/sii/siia/(%EA%B3%B5%EA%B3%A0%EB%AC%B8)2026%EB%85%84%20%ED%91%B8%EB%93%9C%ED%85%8C%ED%81%AC%20%EC%8A%A4%EB%A7%88%ED%8A%B8%20%EC%A0%9C%EC%A1%B0%20%EA%B8%B0%EB%B0%98%20%EA%B5%AC%EC%B6%95%20%EC%82%AC%EC%97%85%20%EC%9E%AC%EA%B3%B5%EA%B3%A0(4%EC%B0%A8).pdf / 202606221434050176.pdf: 404 Client Error: Not Found for url: https://www.bizinfo.go.kr/sii/siia/202606221434050176.pdf / (계획서)2026년 푸드테크 스마트 제조 기반 구축 사업계획서.hwp: 400 Client Error: Bad Request for url: https://www.bizinfo.go.kr/sii/siia/(%EA%B3%84%ED%9A%8D%EC%84%9C)2026%EB%85%84%20%ED%91%B8%EB%93%9C%ED%85%8C%ED%81%AC%20%EC%8A%A4%EB%A7%88%ED%8A%B8%20%EC%A0%9C%EC%A1%B0%20%EA%B8%B0%EB%B0%98%20%EA%B5%AC%EC%B6%95%20%EC%82%AC%EC%97%85%EA%B3%84%ED%9A%8D%EC%84%9C.hwp / (붙임)푸드테크 스마트제조 기반 구축 사업공고.hwp: 400 Client Error: Bad Request for url: https://www.bizinfo.go.kr/sii/siia/(%EB%B6%99%EC%9E%84)%ED%91%B8%EB%93%9C%ED%85%8C%ED%81%AC%20%EC%8A%A4%EB%A7%88%ED%8A%B8%EC%A0%9C%EC%A1%B0%20%EA%B8%B0%EB%B0%98%20%EA%B5%AC%EC%B6%95%20%EC%82%AC%EC%97%85%EA%B3%B5%EA%B3%A0.hwp / (서식)2026년 푸드테크 스마트 제조 기반 구축 사업 서식.hwp: 400 Client Error: Bad Request for url: https://www.bizinfo.go.kr/sii/siia/(%EC%84%9C%EC%8B%9D)2026%EB%85%84%20%ED%91%B8%EB%93%9C%ED%85%8C%ED%81%AC%20%EC%8A%A4%EB%A7%88%ED%8A%B8%20%EC%A0%9C%EC%A1%B0%20%EA%B8%B0%EB%B0%98%20%EA%B5%AC%EC%B6%95%20%EC%82%AC%EC%97%85%20%EC%84%9C%EC%8B%9D.hwp / 202606221434110054.hwp: 404 Client Error: Not Found for url: https://www.bizinfo.go.kr/sii/siia/202606221434110054.hwp / 202606221434110147.hwp: 404 Client Error: Not Found for url: https://www.bizinfo.go.kr/sii/siia/202606221434110147.hwp / 202606221434110217.hwp: 404 Client Error: Not Found for url: https://www.bizinfo.go.kr/sii/siia/202606221434110217.hwp / (공고문)2026년 푸드테크 스마트 제조 기반 구축 사업 재공고(4차).pdf: text extraction failed,https://www.bizinfo.go.kr/sii/siia/selectSIIA200Detail.do?pblancId=PBLN_000000000123459
PBLN_000000000123462,[경기] 고양시 2026년 28청춘창업소 제품화 지원 프로그램 참가자 모집 공고,경기도,fetched,url,needs_review,selected_candidate_missing,금액 후보는 있으나 대표금액을 선택하지 못함,old_amount_without_new_selected_amount,270.0,support_amount,subtract,3,,,,,2437,12406,붙임 2. 신청서 양식(2026 28청춘창업소 제품화 지원 프로그램).hwpx: 400 Client Error: Bad Request for url: https://www.bizinfo.go.kr/sii/siia/%EB%B6%99%EC%9E%84%202.%20%EC%8B%A0%EC%B2%AD%EC%84%9C%20%EC%96%91%EC%8B%9D(2026%2028%EC%B2%AD%EC%B6%98%EC%B0%BD%EC%97%85%EC%86%8C%20%EC%A0%9C%ED%92%88%ED%99%94%20%EC%A7%80%EC%9B%90%20%ED%94%84%EB%A1%9C%EA%B7%B8%EB%9E%A8).hwpx / 202606221454010468.hwpx: 404 Client Error: Not Found for url: https://www.bizinfo.go.kr/sii/siia/202606221454010468.hwpx / 붙임 1. 공고문(2026 28청춘창업소 제품화 지원 프로그램).hwp: 400 Client Error: Bad Request for url: https://www.bizinfo.go.kr/sii/siia/%EB%B6%99%EC%9E%84%201.%20%EA%B3%B5%EA%B3%A0%EB%AC%B8(2026%2028%EC%B2%AD%EC%B6%98%EC%B0%BD%EC%97%85%EC%86%8C%20%EC%A0%9C%ED%92%88%ED%99%94%20%EC%A7%80%EC%9B%90%20%ED%94%84%EB%A1%9C%EA%B7%B8%EB%9E%A8).hwp / 202606221452310002.hwp: 404 Client Error: Not Found for url: https://www.bizinfo.go.kr/sii/siia/202606221452310002.hwp,https://www.bizinfo.go.kr/sii/siia/selectSIIA200Detail.do?pblancId=PBLN_000000000123462
PBLN_000000000123466,2026년 지능형 반도체 개발ㆍ실증지원 고신뢰 반도체 상용화를 위한 검증ㆍ확인 지원사업 기업 지원 프로그램 통합 공고,산업통상부,fetched,url,needs_review,selected_candidate_missing,금액 후보는 있으나 대표금액을 선택하지 못함,old_amount_without_new_selected_amount,0.0,subsidy,subtract,11,,,,1.0,2745,14538,붙임2. 2026년 기업지원 프로그램 공고_고신뢰_지능형_최종.pdf: 400 Client Error: Bad Request for url: https://www.bizinfo.go.kr/sii/siia/%EB%B6%99%EC%9E%842.%202026%EB%85%84%20%EA%B8%B0%EC%97%85%EC%A7%80%EC%9B%90%20%ED%94%84%EB%A1%9C%EA%B7%B8%EB%9E%A8%20%EA%B3%B5%EA%B3%A0_%EA%B3%A0%EC%8B%A0%EB%A2%B0_%EC%A7%80%EB%8A%A5%ED%98%95_%EC%B5%9C%EC%A2%85.pdf / 202606230920460945.pdf: 404 Client Error: Not Found for url: https://www.bizinfo.go.kr/sii/siia/202606230920460945.pdf / 붙임3-1. 기업지원신청서_2026년_고신뢰.hwp: 400 Client Error: Bad Request for url: https://www.bizinfo.go.kr/sii/siia/%EB%B6%99%EC%9E%843-1.%20%EA%B8%B0%EC%97%85%EC%A7%80%EC%9B%90%EC%8B%A0%EC%B2%AD%EC%84%9C_2026%EB%85%84_%EA%B3%A0%EC%8B%A0%EB%A2%B0.hwp / 붙임3-2. 기업지원신청서_2026년_지능형.hwp: 400 Client Error: Bad Request for url: https://www.bizinfo.go.kr/sii/siia/%EB%B6%99%EC%9E%843-2.%20%EA%B8%B0%EC%97%85%EC%A7%80%EC%9B%90%EC%8B%A0%EC%B2%AD%EC%84%9C_2026%EB%85%84_%EC%A7%80%EB%8A%A5%ED%98%95.hwp / 202606230920510210.hwp: 404 Client Error: Not Found for url: https://www.bizinfo.go.kr/sii/siia/202606230920510210.hwp / 202606230920510288.hwp: 404 Client Error: Not Found for url: https://www.bizinfo.go.kr/sii/siia/202606230920510288.hwp,https://www.bizinfo.go.kr/sii/siia/selectSIIA200Detail.do?pblancId=PBLN_000000000123466
PBLN_000000000123468,2026년 에너지신산업 개방형 혁신생태계 OpenLAB 조성사업 기업지원사업 수혜기업모집 공고,산업통상부,fetched,url,needs_review,large_amount_delta,기존 금액과 새 대표금액 차이가 큼,"amount_delta_20_percent:old=8700,new=3000",8700.0,support_amount,subtract,17,3000.0,support_amount,subtract,,2459,18169,1.『OpenLAB조성사업』2026년기업지원사업수혜기업모집공고+.pdf: 400 Client Error: Bad Request for url: https://www.bizinfo.go.kr/sii/siia/1.%E3%80%8EOpenLAB%EC%A1%B0%EC%84%B1%EC%82%AC%EC%97%85%E3%80%8F2026%EB%85%84%EA%B8%B0%EC%97%85%EC%A7%80%EC%9B%90%EC%82%AC%EC%97%85%EC%88%98%ED%98%9C%EA%B8%B0%EC%97%85%EB%AA%A8%EC%A7%91%EA%B3%B5%EA%B3%A0+.pdf / 202606230941300456.pdf: 404 Client Error: Not Found for url: https://www.bizinfo.go.kr/sii/siia/202606230941300456.pdf / 202606230940580502.hwpx: 404 Client Error: Not Found for url: https://www.bizinfo.go.kr/sii/siia/202606230940580502.hwpx / 202606230940580571.hwpx: 404 Client Error: Not Found for url: https://www.bizinfo.go.kr/sii/siia/202606230940580571.hwpx / [참고]R&D품목개요서(세부1).hwpx: 400 Client Error: Bad Request for url: https://www.bizinfo.go.kr/sii/siia/%5B%EC%B0%B8%EA%B3%A0%5DR&D%ED%92%88%EB%AA%A9%EA%B0%9C%EC%9A%94%EC%84%9C(%EC%84%B8%EB%B6%801).hwpx / [참고]R&D품목개요서(세부2).hwpx: 400 Client Error: Bad Request for url: https://www.bizinfo.go.kr/sii/siia/%5B%EC%B0%B8%EA%B3%A0%5DR&D%ED%92%88%EB%AA%A9%EA%B0%9C%EC%9A%94%EC%84%9C(%EC%84%B8%EB%B6%802).hwpx / 2.기업지원사업신청서및계획서(양식).hwp: 400 Client Error: Bad Request for url: https://www.bizinfo.go.kr/sii/siia/2.%EA%B8%B0%EC%97%85%EC%A7%80%EC%9B%90%EC%82%AC%EC%97%85%EC%8B%A0%EC%B2%AD%EC%84%9C%EB%B0%8F%EA%B3%84%ED%9A%8D%EC%84%9C(%EC%96%91%EC%8B%9D).hwp / 202606230940580384.hwp: 404 Client Error: Not Found for url: https://www.bizinfo.go.kr/sii/siia/202606230940580384.hwp,https://www.bizinfo.go.kr/sii/siia/selectSIIA200Detail.do?pblancId=PBLN_000000000123468
PBLN_000000000123469,[충남] 2026년 2차 지역 거점 정보보호 클러스터 구축 사업 정보보호 기업 성장(사업화) 지원사업 모집 재공고,충청남도,fetched,url,safe,clear_selected_candidate,대표금액 후보가 명확함,,1000.0,support_amount,subtract,5,1000.0,support_amount,subtract,0.1,2146,12263,1. 정보보호기업 성장지원(특화산업 사업화 지원) 사업 공고문.pdf: 400 Client Error: Bad Request for url: https://www.bizinfo.go.kr/sii/siia/1.%20%EC%A0%95%EB%B3%B4%EB%B3%B4%ED%98%B8%EA%B8%B0%EC%97%85%20%EC%84%B1%EC%9E%A5%EC%A7%80%EC%9B%90(%ED%8A%B9%ED%99%94%EC%82%B0%EC%97%85%20%EC%82%AC%EC%97%85%ED%99%94%20%EC%A7%80%EC%9B%90)%20%EC%82%AC%EC%97%85%20%EA%B3%B5%EA%B3%A0%EB%AC%B8.pdf / 202606230930120016.pdf: 404 Client Error: Not Found for url: https://www.bizinfo.go.kr/sii/siia/202606230930120016.pdf / 2. 정보보호기업 성장지원(특화산업 사업화 지원) 신청서 양식.hwp: 400 Client Error: Bad Request for url: https://www.bizinfo.go.kr/sii/siia/2.%20%EC%A0%95%EB%B3%B4%EB%B3%B4%ED%98%B8%EA%B8%B0%EC%97%85%20%EC%84%B1%EC%9E%A5%EC%A7%80%EC%9B%90(%ED%8A%B9%ED%99%94%EC%82%B0%EC%97%85%20%EC%82%AC%EC%97%85%ED%99%94%20%EC%A7%80%EC%9B%90)%20%EC%8B%A0%EC%B2%AD%EC%84%9C%20%EC%96%91%EC%8B%9D.hwp / 202606230930160234.hwp: 404 Client Error: Not Found for url: https://www.bizinfo.go.kr/sii/siia/202606230930160234.hwp,https://www.bizinfo.go.kr/sii/siia/selectSIIA200Detail.do?pblancId=PBLN_000000000123469
PBLN_000000000123470,[대구] 2026년 2차 AI솔루션 실증 참여기업 모집 공고(지역특화 제조데이터 활성화 사업),중소벤처기업부,fetched,url,needs_review,selected_candidate_missing,금액 후보는 있으나 대표금액을 선택하지 못함,old_amount_without_new_selected_amount,13000.0,subsidy,subtract,4,,,,0.3,2572,11270,[2026년 지역특화 제조데이터 활성화 사업]AI 솔루션 실증 참여기업 모집 2차 공고+.pdf: 400 Client Error: Bad Request for url: https://www.bizinfo.go.kr/sii/siia/%5B2026%EB%85%84%20%EC%A7%80%EC%97%AD%ED%8A%B9%ED%99%94%20%EC%A0%9C%EC%A1%B0%EB%8D%B0%EC%9D%B4%ED%84%B0%20%ED%99%9C%EC%84%B1%ED%99%94%20%EC%82%AC%EC%97%85%5DAI%20%EC%86%94%EB%A3%A8%EC%85%98%20%EC%8B%A4%EC%A6%9D%20%EC%B0%B8%EC%97%AC%EA%B8%B0%EC%97%85%20%EB%AA%A8%EC%A7%91%202%EC%B0%A8%20%EA%B3%B5%EA%B3%A0+.pdf / 202606230955240839.pdf: 404 Client Error: Not Found for url: https://www.bizinfo.go.kr/sii/siia/202606230955240839.pdf,https://www.bizinfo.go.kr/sii/siia/selectSIIA200Detail.do?pblancId=PBLN_000000000123470
PBLN_000000000123471,[충북] 2026년 예비수소전문기업 지원사업 수혜기업 추가 모집 공고,기후에너지환경부,fetched,url,safe,clear_selected_candidate,대표금액 후보가 명확함,,5500.0,support_amount,subtract,16,5500.0,support_amount,subtract,1.0,1839,11704,2026년 예비수소전문기업 지원사업 모집공고(2차).pdf: 400 Client Error: Bad Request for url: https://www.bizinfo.go.kr/sii/siia/2026%EB%85%84%20%EC%98%88%EB%B9%84%EC%88%98%EC%86%8C%EC%A0%84%EB%AC%B8%EA%B8%B0%EC%97%85%20%EC%A7%80%EC%9B%90%EC%82%AC%EC%97%85%20%EB%AA%A8%EC%A7%91%EA%B3%B5%EA%B3%A0(2%EC%B0%A8).pdf / 202606230933550059.pdf: 404 Client Error: Not Found for url: https://www.bizinfo.go.kr/sii/siia/202606230933550059.pdf / 수혜기업 지원신청서 양식 1부.hwp: 400 Client Error: Bad Request for url: https://www.bizinfo.go.kr/sii/siia/%EC%88%98%ED%98%9C%EA%B8%B0%EC%97%85%20%EC%A7%80%EC%9B%90%EC%8B%A0%EC%B2%AD%EC%84%9C%20%EC%96%91%EC%8B%9D%201%EB%B6%80.hwp / 202606230934020637.hwp: 404 Client Error: Not Found for url: https://www.bizinfo.go.kr/sii/siia/202606230934020637.hwp / 202606230934020721.hwp: 404 Client Error: Not Found for url: https://www.bizinfo.go.kr/sii/siia/202606230934020721.hwp / 기업 소개서 1부.hwp: 400 Client Error: Bad Request for url: https://www.bizinfo.go.kr/sii/siia/%EA%B8%B0%EC%97%85%20%EC%86%8C%EA%B0%9C%EC%84%9C%201%EB%B6%80.hwp,https://www.bizinfo.go.kr/sii/siia/selectSIIA200Detail.do?pblancId=PBLN_000000000123471
PBLN_000000000123472,[세종] 2026년 정보보호 기업육성(사업화 & 창업ㆍ벤처 육성) 지원사업 모집 공고,세종특별자치시,fetched,url,needs_review,large_amount_delta,기존 금액과 새 대표금액 차이가 큼,"amount_delta_20_percent:old=4000,new=1000",4000.0,support_amount,subtract,11,1000.0,support_amount,subtract,0.1,1886,16905,1.+공고문2026년+정보보호+기업성장사업화+창업벤처+육성지원+지원사업+모집공고+.pdf: 400 Client Error: Bad Request for url: https://www.bizinfo.go.kr/sii/siia/1.+%EA%B3%B5%EA%B3%A0%EB%AC%B82026%EB%85%84+%EC%A0%95%EB%B3%B4%EB%B3%B4%ED%98%B8+%EA%B8%B0%EC%97%85%EC%84%B1%EC%9E%A5%EC%82%AC%EC%97%85%ED%99%94+%EC%B0%BD%EC%97%85%EB%B2%A4%EC%B2%98+%EC%9C%A1%EC%84%B1%EC%A7%80%EC%9B%90+%EC%A7%80%EC%9B%90%EC%82%AC%EC%97%85+%EB%AA%A8%EC%A7%91%EA%B3%B5%EA%B3%A0+.pdf / 202606231504480070.pdf: 404 Client Error: Not Found for url: https://www.bizinfo.go.kr/sii/siia/202606231504480070.pdf / 2.+양식+2026년+세종+정보보호+기업성장사업화+창업·벤처육성+지원+사업수행계획서.hwp: 400 Client Error: Bad Request for url: https://www.bizinfo.go.kr/sii/siia/2.+%EC%96%91%EC%8B%9D+2026%EB%85%84+%EC%84%B8%EC%A2%85+%EC%A0%95%EB%B3%B4%EB%B3%B4%ED%98%B8+%EA%B8%B0%EC%97%85%EC%84%B1%EC%9E%A5%EC%82%AC%EC%97%85%ED%99%94+%EC%B0%BD%EC%97%85%C2%B7%EB%B2%A4%EC%B2%98%EC%9C%A1%EC%84%B1+%EC%A7%80%EC%9B%90+%EC%82%AC%EC%97%85%EC%88%98%ED%96%89%EA%B3%84%ED%9A%8D%EC%84%9C.hwp / 3.+양식2026년+정보보호+기업성장사업화+창업·벤처육성+지원사업_제반서류.hwp: 400 Client Error: Bad Request for url: https://www.bizinfo.go.kr/sii/siia/3.+%EC%96%91%EC%8B%9D2026%EB%85%84+%EC%A0%95%EB%B3%B4%EB%B3%B4%ED%98%B8+%EA%B8%B0%EC%97%85%EC%84%B1%EC%9E%A5%EC%82%AC%EC%97%85%ED%99%94+%EC%B0%BD%EC%97%85%C2%B7%EB%B2%A4%EC%B2%98%EC%9C%A1%EC%84%B1+%EC%A7%80%EC%9B%90%EC%82%AC%EC%97%85_%EC%A0%9C%EB%B0%98%EC%84%9C%EB%A5%98.hwp / 202606230947080647.hwp: 404 Client Error: Not Found for url: https://www.bizinfo.go.kr/sii/siia/202606230947080647.hwp / 202606230947080734.hwp: 404 Client Error: Not Found for url: https://www.bizinfo.go.kr/sii/siia/202606230947080734.hwp,https://www.bizinfo.go.kr/sii/siia/selectSIIA200Detail.do?pblancId=PBLN_000000000123472
PBLN_000000000123477,[대구] 서대구산단 혁신지원센터 및 복합문화센터 운영 지원 입주기업 수요맞춤형 지원 참여기업 모집 공고,대구광역시,fetched,url,safe,clear_selected_candidate,대표금액 후보가 명확함,,440.0,support_amount,subtract,10,500.0,support_amount,subtract,0.1,2308,4907,붙임 1. (공고문) 입주기업 수요맞춤형 지원 참여기업 모집 공고.pdf: 400 Client Error: Bad Request for url: https://www.bizinfo.go.kr/sii/siia/%EB%B6%99%EC%9E%84%201.%20(%EA%B3%B5%EA%B3%A0%EB%AC%B8)%20%EC%9E%85%EC%A3%BC%EA%B8%B0%EC%97%85%20%EC%88%98%EC%9A%94%EB%A7%9E%EC%B6%A4%ED%98%95%20%EC%A7%80%EC%9B%90%20%EC%B0%B8%EC%97%AC%EA%B8%B0%EC%97%85%20%EB%AA%A8%EC%A7%91%20%EA%B3%B5%EA%B3%A0.pdf / 202606231027500934.pdf: 404 Client Error: Not Found for url: https://www.bizinfo.go.kr/sii/siia/202606231027500934.pdf / 붙임 2. (양식) 입주기업 수요맞춤형 지원 신청서 및 계획서.hwp: 400 Client Error: Bad Request for url: https://www.bizinfo.go.kr/sii/siia/%EB%B6%99%EC%9E%84%202.%20(%EC%96%91%EC%8B%9D)%20%EC%9E%85%EC%A3%BC%EA%B8%B0%EC%97%85%20%EC%88%98%EC%9A%94%EB%A7%9E%EC%B6%A4%ED%98%95%20%EC%A7%80%EC%9B%90%20%EC%8B%A0%EC%B2%AD%EC%84%9C%20%EB%B0%8F%20%EA%B3%84%ED%9A%8D%EC%84%9C.hwp / 202606231027420231.hwp: 404 Client Error: Not Found for url: https://www.bizinfo.go.kr/sii/siia/202606231027420231.hwp,https://www.bizinfo.go.kr/sii/siia/selectSIIA200Detail.do?pblancId=PBLN_000000000123477
PBLN_000000000123478,[부산] 2026년 2차 연구개발장비 공동활용 지원사업 공고(장비사용료 지원사업 안내),부산광역시,fetched,url,needs_review,selected_candidate_missing,금액 후보는 있으나 대표금액을 선택하지 못함,old_amount_without_new_selected_amount,600.0,support_amount,subtract,5,,,,0.6,2424,27554,2026년+연구개발장비+공동활용+지원사업_2차공고+.pdf: 400 Client Error: Bad Request for url: https://www.bizinfo.go.kr/sii/siia/2026%EB%85%84+%EC%97%B0%EA%B5%AC%EA%B0%9C%EB%B0%9C%EC%9E%A5%EB%B9%84+%EA%B3%B5%EB%8F%99%ED%99%9C%EC%9A%A9+%EC%A7%80%EC%9B%90%EC%82%AC%EC%97%85_2%EC%B0%A8%EA%B3%B5%EA%B3%A0+.pdf / 연구개발장비+활용지원사업+공고문+포스터_2차.pdf: 400 Client Error: Bad Request for url: https://www.bizinfo.go.kr/sii/siia/%EC%97%B0%EA%B5%AC%EA%B0%9C%EB%B0%9C%EC%9E%A5%EB%B9%84+%ED%99%9C%EC%9A%A9%EC%A7%80%EC%9B%90%EC%82%AC%EC%97%85+%EA%B3%B5%EA%B3%A0%EB%AC%B8+%ED%8F%AC%EC%8A%A4%ED%84%B0_2%EC%B0%A8.pdf / 202606231031510098.pdf: 404 Client Error: Not Found for url: https://www.bizinfo.go.kr/sii/siia/202606231031510098.pdf / 202606231031510225.pdf: 404 Client Error: Not Found for url: https://www.bizinfo.go.kr/sii/siia/202606231031510225.pdf / 202606231032050734.pdf: 404 Client Error: Not Found for url: https://www.bizinfo.go.kr/sii/siia/202606231032050734.pdf / [첨부1]+공동활용+연구장비+목록+(수수료+및+문의처).pdf: 400 Client Error: Bad Request for url: https://www.bizinfo.go.kr/sii/siia/%5B%EC%B2%A8%EB%B6%801%5D+%EA%B3%B5%EB%8F%99%ED%99%9C%EC%9A%A9+%EC%97%B0%EA%B5%AC%EC%9E%A5%EB%B9%84+%EB%AA%A9%EB%A1%9D+(%EC%88%98%EC%88%98%EB%A3%8C+%EB%B0%8F+%EB%AC%B8%EC%9D%98%EC%B2%98).pdf / 2026년+연구개발장비+공동활용+지원사업_2차공고.hwpx: 400 Client Error: Bad Request for url: https://www.bizinfo.go.kr/sii/siia/2026%EB%85%84+%EC%97%B0%EA%B5%AC%EA%B0%9C%EB%B0%9C%EC%9E%A5%EB%B9%84+%EA%B3%B5%EB%8F%99%ED%99%9C%EC%9A%A9+%EC%A7%80%EC%9B%90%EC%82%AC%EC%97%85_2%EC%B0%A8%EA%B3%B5%EA%B3%A0.hwpx / 202606231031590164.hwpx: 404 Client Error: Not Found for url: https://www.bizinfo.go.kr/sii/siia/202606231031590164.hwpx / 연구개발장비+활용지원사업+공고문+포스터_2차.pdf: text extraction failed,https://www.bizinfo.go.kr/sii/siia/selectSIIA200Detail.do?pblancId=PBLN_000000000123478
PBLN_000000000123480,[부산] 2026년 2차 블록체인 허브 입주기업 맞춤형 지원 프로그램 모집 공고,부산광역시,fetched,url,needs_review,large_amount_delta,기존 금액과 새 대표금액 차이가 큼,"amount_delta_20_percent:old=100,new=1000",100.0,support_amount,subtract,9,1000.0,support_amount,subtract,0.5,2366,12100,붙임1.+(공고문)+2026년+부산+블록체인+허브+입주기업+맞춤형+지원+프로그램+2차+모집+공고문+.pdf: 400 Client Error: Bad Request for url: https://www.bizinfo.go.kr/sii/siia/%EB%B6%99%EC%9E%841.+(%EA%B3%B5%EA%B3%A0%EB%AC%B8)+2026%EB%85%84+%EB%B6%80%EC%82%B0+%EB%B8%94%EB%A1%9D%EC%B2%B4%EC%9D%B8+%ED%97%88%EB%B8%8C+%EC%9E%85%EC%A3%BC%EA%B8%B0%EC%97%85+%EB%A7%9E%EC%B6%A4%ED%98%95+%EC%A7%80%EC%9B%90+%ED%94%84%EB%A1%9C%EA%B7%B8%EB%9E%A8+2%EC%B0%A8+%EB%AA%A8%EC%A7%91+%EA%B3%B5%EA%B3%A0%EB%AC%B8+.pdf / 202606231039580476.pdf: 404 Client Error: Not Found for url: https://www.bizinfo.go.kr/sii/siia/202606231039580476.pdf / 붙임2.+(신청양식)+2026년+부산+블록체인+허브+입주기업+맞춤형+지원+프로그램+사업신청서+및+계획서.hwp: 400 Client Error: Bad Request for url: https://www.bizinfo.go.kr/sii/siia/%EB%B6%99%EC%9E%842.+(%EC%8B%A0%EC%B2%AD%EC%96%91%EC%8B%9D)+2026%EB%85%84+%EB%B6%80%EC%82%B0+%EB%B8%94%EB%A1%9D%EC%B2%B4%EC%9D%B8+%ED%97%88%EB%B8%8C+%EC%9E%85%EC%A3%BC%EA%B8%B0%EC%97%85+%EB%A7%9E%EC%B6%A4%ED%98%95+%EC%A7%80%EC%9B%90+%ED%94%84%EB%A1%9C%EA%B7%B8%EB%9E%A8+%EC%82%AC%EC%97%85%EC%8B%A0%EC%B2%AD%EC%84%9C+%EB%B0%8F+%EA%B3%84%ED%9A%8D%EC%84%9C.hwp / 202606231039380347.hwp: 404 Client Error: Not Found for url: https://www.bizinfo.go.kr/sii/siia/202606231039380347.hwp,https://www.bizinfo.go.kr/sii/siia/selectSIIA200Detail.do?pblancId=PBLN_000000000123480
PBLN_000000000123482,[경기] 2026년 기후테크 경진대회 참여기업 모집 공고(2027년 경기도 실증화 지원사업 연계),경기도,fetched,url,safe,clear_selected_candidate,대표금액 후보가 명확함,,20000.0,support_amount,subtract,3,20000.0,support_amount,subtract,1.0,2237,24124,게시용 2026년 경기도 기후테크 경진대회 참여기업 모집공고.pdf: 400 Client Error: Bad Request for url: https://www.bizinfo.go.kr/sii/siia/%EA%B2%8C%EC%8B%9C%EC%9A%A9%202026%EB%85%84%20%EA%B2%BD%EA%B8%B0%EB%8F%84%20%EA%B8%B0%ED%9B%84%ED%85%8C%ED%81%AC%20%EA%B2%BD%EC%A7%84%EB%8C%80%ED%9A%8C%20%EC%B0%B8%EC%97%AC%EA%B8%B0%EC%97%85%20%EB%AA%A8%EC%A7%91%EA%B3%B5%EA%B3%A0.pdf / 202606231036060988.pdf: 404 Client Error: Not Found for url: https://www.bizinfo.go.kr/sii/siia/202606231036060988.pdf / 게시용 2026년 경기도 기후테크 경진대회 참여기업 모집공고.hwp: 400 Client Error: Bad Request for url: https://www.bizinfo.go.kr/sii/siia/%EA%B2%8C%EC%8B%9C%EC%9A%A9%202026%EB%85%84%20%EA%B2%BD%EA%B8%B0%EB%8F%84%20%EA%B8%B0%ED%9B%84%ED%85%8C%ED%81%AC%20%EA%B2%BD%EC%A7%84%EB%8C%80%ED%9A%8C%20%EC%B0%B8%EC%97%AC%EA%B8%B0%EC%97%85%20%EB%AA%A8%EC%A7%91%EA%B3%B5%EA%B3%A0.hwp / 202606231036110586.hwp: 404 Client Error: Not Found for url: https://www.bizinfo.go.kr/sii/siia/202606231036110586.hwp,https://www.bizinfo.go.kr/sii/siia/selectSIIA200Detail.do?pblancId=PBLN_000000000123482
PBLN_000000000123483,[부산] 2026년 2차 소규모사업장 작업환경개선 지원사업 모집 공고,부산광역시,fetched,url,safe,clear_selected_candidate,대표금액 후보가 명확함,,175.0,support_amount,subtract,3,175.0,support_amount,subtract,0.1,1781,4879,0.+26작업환경개선지원+모집공고2차.pdf: 400 Client Error: Bad Request for url: https://www.bizinfo.go.kr/sii/siia/0.+26%EC%9E%91%EC%97%85%ED%99%98%EA%B2%BD%EA%B0%9C%EC%84%A0%EC%A7%80%EC%9B%90+%EB%AA%A8%EC%A7%91%EA%B3%B5%EA%B3%A02%EC%B0%A8.pdf / 202606231048180831.pdf: 404 Client Error: Not Found for url: https://www.bizinfo.go.kr/sii/siia/202606231048180831.pdf / 1.+사업신청서2차.hwp: 400 Client Error: Bad Request for url: https://www.bizinfo.go.kr/sii/siia/1.+%EC%82%AC%EC%97%85%EC%8B%A0%EC%B2%AD%EC%84%9C2%EC%B0%A8.hwp / 2.+청렴이행각서2차.hwp: 400 Client Error: Bad Request for url: https://www.bizinfo.go.kr/sii/siia/2.+%EC%B2%AD%EB%A0%B4%EC%9D%B4%ED%96%89%EA%B0%81%EC%84%9C2%EC%B0%A8.hwp / 202606231048240442.hwp: 404 Client Error: Not Found for url: https://www.bizinfo.go.kr/sii/siia/202606231048240442.hwp / 202606231048240535.hwp: 404 Client Error: Not Found for url: https://www.bizinfo.go.kr/sii/siia/202606231048240535.hwp / 202606231048240603.hwp: 404 Client Error: Not Found for url: https://www.bizinfo.go.kr/sii/siia/202606231048240603.hwp / 3.+기업+및+개인정보+활용을+위한+동의서2차.hwp: 400 Client Error: Bad Request for url: https://www.bizinfo.go.kr/sii/siia/3.+%EA%B8%B0%EC%97%85+%EB%B0%8F+%EA%B0%9C%EC%9D%B8%EC%A0%95%EB%B3%B4+%ED%99%9C%EC%9A%A9%EC%9D%84+%EC%9C%84%ED%95%9C+%EB%8F%99%EC%9D%98%EC%84%9C2%EC%B0%A8.hwp,https://www.bizinfo.go.kr/sii/siia/selectSIIA200Detail.do?pblancId=PBLN_000000000123483
PBLN_000000000123488,[경북] 구미시 2026년 푸드테크 상용화모델 개발 및 실증사업 수혜기업 모집 공고,경상북도,fetched,url,safe,clear_selected_candidate,대표금액 후보가 명확함,,7500.0,support_amount,subtract,2,7500.0,support_amount,subtract,1.0,2421,5401,공고문_2026년 구미시 푸드테크 상용화모델 개발 및 실증사업 수혜기업 모집 공고.pdf: 400 Client Error: Bad Request for url: https://www.bizinfo.go.kr/sii/siia/%EA%B3%B5%EA%B3%A0%EB%AC%B8_2026%EB%85%84%20%EA%B5%AC%EB%AF%B8%EC%8B%9C%20%ED%91%B8%EB%93%9C%ED%85%8C%ED%81%AC%20%EC%83%81%EC%9A%A9%ED%99%94%EB%AA%A8%EB%8D%B8%20%EA%B0%9C%EB%B0%9C%20%EB%B0%8F%20%EC%8B%A4%EC%A6%9D%EC%82%AC%EC%97%85%20%EC%88%98%ED%98%9C%EA%B8%B0%EC%97%85%20%EB%AA%A8%EC%A7%91%20%EA%B3%B5%EA%B3%A0.pdf / 202606231115410502.pdf: 404 Client Error: Not Found for url: https://www.bizinfo.go.kr/sii/siia/202606231115410502.pdf / 2.1.신청서식(안)_(별지 1호) 컨소시엄 구성현황.xlsx: 400 Client Error: Bad Request for url: https://www.bizinfo.go.kr/sii/siia/2.1.%EC%8B%A0%EC%B2%AD%EC%84%9C%EC%8B%9D(%EC%95%88)_(%EB%B3%84%EC%A7%80%201%ED%98%B8)%20%EC%BB%A8%EC%86%8C%EC%8B%9C%EC%97%84%20%EA%B5%AC%EC%84%B1%ED%98%84%ED%99%A9.xlsx / 202606231116240200.xlsx: 404 Client Error: Not Found for url: https://www.bizinfo.go.kr/sii/siia/202606231116240200.xlsx / 2.2 신청서식(안)_신청서~별지 5호.hwp: 400 Client Error: Bad Request for url: https://www.bizinfo.go.kr/sii/siia/2.2%20%EC%8B%A0%EC%B2%AD%EC%84%9C%EC%8B%9D(%EC%95%88)_%EC%8B%A0%EC%B2%AD%EC%84%9C~%EB%B3%84%EC%A7%80%205%ED%98%B8.hwp / 202606231116240269.hwp: 404 Client Error: Not Found for url: https://www.bizinfo.go.kr/sii/siia/202606231116240269.hwp / 공고문_2026년 구미시 푸드테크 상용화모델 개발 및 실증사업 수혜기업 모집 공고.pdf: text extraction failed,https://www.bizinfo.go.kr/sii/siia/selectSIIA200Detail.do?pblancId=PBLN_000000000123488
PBLN_000000000123489,[경북] 포항시 2026년 푸드테크 상용화모델 개발 및 실증사업 수혜기업 모집 공고,경상북도,fetched,url,safe,clear_selected_candidate,대표금액 후보가 명확함,,7500.0,support_amount,subtract,2,7500.0,support_amount,subtract,1.0,2421,5401,공고문_2026년 포항시 푸드테크 상용화모델 개발 및 실증사업 수혜기업 모집 공고.pdf: 400 Client Error: Bad Request for url: https://www.bizinfo.go.kr/sii/siia/%EA%B3%B5%EA%B3%A0%EB%AC%B8_2026%EB%85%84%20%ED%8F%AC%ED%95%AD%EC%8B%9C%20%ED%91%B8%EB%93%9C%ED%85%8C%ED%81%AC%20%EC%83%81%EC%9A%A9%ED%99%94%EB%AA%A8%EB%8D%B8%20%EA%B0%9C%EB%B0%9C%20%EB%B0%8F%20%EC%8B%A4%EC%A6%9D%EC%82%AC%EC%97%85%20%EC%88%98%ED%98%9C%EA%B8%B0%EC%97%85%20%EB%AA%A8%EC%A7%91%20%EA%B3%B5%EA%B3%A0.pdf / 202606231120080563.pdf: 404 Client Error: Not Found for url: https://www.bizinfo.go.kr/sii/siia/202606231120080563.pdf / 2.1.신청서식(안)_(별지 1호) 컨소시엄 구성현황.xlsx: 400 Client Error: Bad Request for url: https://www.bizinfo.go.kr/sii/siia/2.1.%EC%8B%A0%EC%B2%AD%EC%84%9C%EC%8B%9D(%EC%95%88)_(%EB%B3%84%EC%A7%80%201%ED%98%B8)%20%EC%BB%A8%EC%86%8C%EC%8B%9C%EC%97%84%20%EA%B5%AC%EC%84%B1%ED%98%84%ED%99%A9.xlsx / 202606231120200945.xlsx: 404 Client Error: Not Found for url: https://www.bizinfo.go.kr/sii/siia/202606231120200945.xlsx / 2.2 신청서식(안)_신청서~별지 5호.hwp: 400 Client Error: Bad Request for url: https://www.bizinfo.go.kr/sii/siia/2.2%20%EC%8B%A0%EC%B2%AD%EC%84%9C%EC%8B%9D(%EC%95%88)_%EC%8B%A0%EC%B2%AD%EC%84%9C~%EB%B3%84%EC%A7%80%205%ED%98%B8.hwp / 202606231120210014.hwp: 404 Client Error: Not Found for url: https://www.bizinfo.go.kr/sii/siia/202606231120210014.hwp / 공고문_2026년 포항시 푸드테크 상용화모델 개발 및 실증사업 수혜기업 모집 공고.pdf: text extraction failed,https://www.bizinfo.go.kr/sii/siia/selectSIIA200Detail.do?pblancId=PBLN_000000000123489
PBLN_000000000123495,2027년 신규 병역지정업체(산업기능요원) 선정 및 필요인원 신청ㆍ접수 공고,중소벤처기업부,fetched,url,needs_review,selected_candidate_missing,금액 후보는 있으나 대표금액을 선택하지 못함,,,support_ratio,ratio_cap,1,,,,0.3,2389,24122,2027년_신규_병역지정업체(산업기능요원)_선정및_필요인원_신청·접수_공고.pdf: 400 Client Error: Bad Request for url: https://www.bizinfo.go.kr/sii/siia/2027%EB%85%84_%EC%8B%A0%EA%B7%9C_%EB%B3%91%EC%97%AD%EC%A7%80%EC%A0%95%EC%97%85%EC%B2%B4(%EC%82%B0%EC%97%85%EA%B8%B0%EB%8A%A5%EC%9A%94%EC%9B%90)_%EC%84%A0%EC%A0%95%EB%B0%8F_%ED%95%84%EC%9A%94%EC%9D%B8%EC%9B%90_%EC%8B%A0%EC%B2%AD%C2%B7%EC%A0%91%EC%88%98_%EA%B3%B5%EA%B3%A0.pdf / 202606231309280257.pdf: 404 Client Error: Not Found for url: https://www.bizinfo.go.kr/sii/siia/202606231309280257.pdf / (별첨)_신청접수_관련_서식_및_참고자료.hwpx: 400 Client Error: Bad Request for url: https://www.bizinfo.go.kr/sii/siia/(%EB%B3%84%EC%B2%A8)_%EC%8B%A0%EC%B2%AD%EC%A0%91%EC%88%98_%EA%B4%80%EB%A0%A8_%EC%84%9C%EC%8B%9D_%EB%B0%8F_%EC%B0%B8%EA%B3%A0%EC%9E%90%EB%A3%8C.hwpx / 202606231309340353.hwpx: 404 Client Error: Not Found for url: https://www.bizinfo.go.kr/sii/siia/202606231309340353.hwpx,https://www.bizinfo.go.kr/sii/siia/selectSIIA200Detail.do?pblancId=PBLN_000000000123495
PBLN_000000000123496,2026년 경북 뿌리산업 DX(디지털전환) 기술지원사업 수혜기업 모집 재공고(뿌리산업 제조공정혁신 지원을 위한 DX 기반구축),산업통상부,fetched,url,safe,clear_selected_candidate,대표금액 후보가 명확함,,250.0,support_amount,subtract,5,250.0,support_amount,subtract,,2412,9536,[붙임1] 기술지원사업 공고문(재공고_지재권 출원).pdf: 400 Client Error: Bad Request for url: https://www.bizinfo.go.kr/sii/siia/%5B%EB%B6%99%EC%9E%841%5D%20%EA%B8%B0%EC%88%A0%EC%A7%80%EC%9B%90%EC%82%AC%EC%97%85%20%EA%B3%B5%EA%B3%A0%EB%AC%B8(%EC%9E%AC%EA%B3%B5%EA%B3%A0_%EC%A7%80%EC%9E%AC%EA%B6%8C%20%EC%B6%9C%EC%9B%90).pdf / 202606231306380060.pdf: 404 Client Error: Not Found for url: https://www.bizinfo.go.kr/sii/siia/202606231306380060.pdf / [붙임2] 기술지원사업 신청서식.hwp: 400 Client Error: Bad Request for url: https://www.bizinfo.go.kr/sii/siia/%5B%EB%B6%99%EC%9E%842%5D%20%EA%B8%B0%EC%88%A0%EC%A7%80%EC%9B%90%EC%82%AC%EC%97%85%20%EC%8B%A0%EC%B2%AD%EC%84%9C%EC%8B%9D.hwp / 202606231307250524.hwp: 404 Client Error: Not Found for url: https://www.bizinfo.go.kr/sii/siia/202606231307250524.hwp,https://www.bizinfo.go.kr/sii/siia/selectSIIA200Detail.do?pblancId=PBLN_000000000123496
PBLN_000000000123504,[서남권] 2026년 2차 지역혁신클러스터육성(비R&D) 기업지원사업 모집 공고,전남광주통합특별시,fetched,url,safe,clear_selected_candidate,대표금액 후보가 명확함,type_changed:unknown->support_amount | roi_method_changed:recommend_only->subtract | new_amount_found_from_source,,unknown,recommend_only,27,3000.0,support_amount,subtract,0.5,2110,45075,2-2. (RIIA 2026-2차 공고) 지역혁신클러스터 비R&D 기업지원사업 _전남지역산업진흥원.hwpx: 400 Client Error: Bad Request for url: https://www.bizinfo.go.kr/sii/siia/2-2.%20(RIIA%202026-2%EC%B0%A8%20%EA%B3%B5%EA%B3%A0)%20%EC%A7%80%EC%97%AD%ED%98%81%EC%8B%A0%ED%81%B4%EB%9F%AC%EC%8A%A4%ED%84%B0%20%EB%B9%84R&D%20%EA%B8%B0%EC%97%85%EC%A7%80%EC%9B%90%EC%82%AC%EC%97%85%20_%EC%A0%84%EB%82%A8%EC%A7%80%EC%97%AD%EC%82%B0%EC%97%85%EC%A7%84%ED%9D%A5%EC%9B%90.hwpx / (전남)KSIC분류코드 및 지번.hwpx: 400 Client Error: Bad Request for url: https://www.bizinfo.go.kr/sii/siia/(%EC%A0%84%EB%82%A8)KSIC%EB%B6%84%EB%A5%98%EC%BD%94%EB%93%9C%20%EB%B0%8F%20%EC%A7%80%EB%B2%88.hwpx / 202606231342290164.hwpx: 404 Client Error: Not Found for url: https://www.bizinfo.go.kr/sii/siia/202606231342290164.hwpx / 202606231342290320.hwpx: 404 Client Error: Not Found for url: https://www.bizinfo.go.kr/sii/siia/202606231342290320.hwpx / 1. 2026년 서남권 지역혁신클러스터육성(비R&D) 기업지원사업 모집 2차 공고_서남권추진단_공고용.hwp: 400 Client Error: Bad Request for url: https://www.bizinfo.go.kr/sii/siia/1.%202026%EB%85%84%20%EC%84%9C%EB%82%A8%EA%B6%8C%20%EC%A7%80%EC%97%AD%ED%98%81%EC%8B%A0%ED%81%B4%EB%9F%AC%EC%8A%A4%ED%84%B0%EC%9C%A1%EC%84%B1(%EB%B9%84R&D)%20%EA%B8%B0%EC%97%85%EC%A7%80%EC%9B%90%EC%82%AC%EC%97%85%20%EB%AA%A8%EC%A7%91%202%EC%B0%A8%20%EA%B3%B5%EA%B3%A0_%EC%84%9C%EB%82%A8%EA%B6%8C%EC%B6%94%EC%A7%84%EB%8B%A8_%EA%B3%B5%EA%B3%A0%EC%9A%A9.hwp / 2-1. (RIIA 2026-2차 공고) 지역혁신클러스터육성(R&D사전기획)_전남지역산업진흥원.hwp: 400 Client Error: Bad Request for url: https://www.bizinfo.go.kr/sii/siia/2-1.%20(RIIA%202026-2%EC%B0%A8%20%EA%B3%B5%EA%B3%A0)%20%EC%A7%80%EC%97%AD%ED%98%81%EC%8B%A0%ED%81%B4%EB%9F%AC%EC%8A%A4%ED%84%B0%EC%9C%A1%EC%84%B1(R&D%EC%82%AC%EC%A0%84%EA%B8%B0%ED%9A%8D)_%EC%A0%84%EB%82%A8%EC%A7%80%EC%97%AD%EC%82%B0%EC%97%85%EC%A7%84%ED%9D%A5%EC%9B%90.hwp / 202606231341440373.hwp: 404 Client Error: Not Found for url: https://www.bizinfo.go.kr/sii/siia/202606231341440373.hwp / 202606231342290250.hwp: 404 Client Error: Not Found for url: https://www.bizinfo.go.kr/sii/siia/202606231342290250.hwp,https://www.bizinfo.go.kr/sii/siia/selectSIIA200Detail.do?pblancId=PBLN_000000000123504
PBLN_000000000123505,2026년 1차 바이오스타 2.0 사업 참여 초기창업기업 모집 공고,과학기술정보통신부,fetched,url,needs_review,selected_candidate_missing,금액 후보는 있으나 대표금액을 선택하지 못함,old_amount_without_new_selected_amount,34000.0,support_amount,subtract,5,,,,,2559,11437,바이오스타 2.0 초기창업기업 모집 공고.pdf: 400 Client Error: Bad Request for url: https://www.bizinfo.go.kr/sii/siia/%EB%B0%94%EC%9D%B4%EC%98%A4%EC%8A%A4%ED%83%80%202.0%20%EC%B4%88%EA%B8%B0%EC%B0%BD%EC%97%85%EA%B8%B0%EC%97%85%20%EB%AA%A8%EC%A7%91%20%EA%B3%B5%EA%B3%A0.pdf / 202606231324190773.pdf: 404 Client Error: Not Found for url: https://www.bizinfo.go.kr/sii/siia/202606231324190773.pdf / 바이오스타 2.0 - 사업계획서.hwpx: 400 Client Error: Bad Request for url: https://www.bizinfo.go.kr/sii/siia/%EB%B0%94%EC%9D%B4%EC%98%A4%EC%8A%A4%ED%83%80%202.0%20-%20%EC%82%AC%EC%97%85%EA%B3%84%ED%9A%8D%EC%84%9C.hwpx / 바이오스타 2.0 초기창업기업 모집 공고.hwpx: 400 Client Error: Bad Request for url: https://www.bizinfo.go.kr/sii/siia/%EB%B0%94%EC%9D%B4%EC%98%A4%EC%8A%A4%ED%83%80%202.0%20%EC%B4%88%EA%B8%B0%EC%B0%BD%EC%97%85%EA%B8%B0%EC%97%85%20%EB%AA%A8%EC%A7%91%20%EA%B3%B5%EA%B3%A0.hwpx / 202606231324300357.hwpx: 404 Client Error: Not Found for url: https://www.bizinfo.go.kr/sii/siia/202606231324300357.hwpx / 202606231324300447.hwpx: 404 Client Error: Not Found for url: https://www.bizinfo.go.kr/sii/siia/202606231324300447.hwpx / 202606231324300504.hwpx: 404 Client Error: Not Found for url: https://www.bizinfo.go.kr/sii/siia/202606231324300504.hwpx / 202606231324300559.hwpx: 404 Client Error: Not Found for url: https://www.bizinfo.go.kr/sii/siia/202606231324300559.hwpx / 바이오스타 2.0 - 개인정보수집이용동의서 및 개인정보 제3자 제공동의서.hwpx: 400 Client Error: Bad Request for url: https://www.bizinfo.go.kr/sii/siia/%EB%B0%94%EC%9D%B4%EC%98%A4%EC%8A%A4%ED%83%80%202.0%20-%20%EA%B0%9C%EC%9D%B8%EC%A0%95%EB%B3%B4%EC%88%98%EC%A7%91%EC%9D%B4%EC%9A%A9%EB%8F%99%EC%9D%98%EC%84%9C%20%EB%B0%8F%20%EA%B0%9C%EC%9D%B8%EC%A0%95%EB%B3%B4%20%EC%A0%9C3%EC%9E%90%20%EC%A0%9C%EA%B3%B5%EB%8F%99%EC%9D%98%EC%84%9C.hwpx / 바이오스타 2.0 사업개요.hwpx: 400 Client Error: Bad Request for url: https://www.bizinfo.go.kr/sii/siia/%EB%B0%94%EC%9D%B4%EC%98%A4%EC%8A%A4%ED%83%80%202.0%20%EC%82%AC%EC%97%85%EA%B0%9C%EC%9A%94.hwpx,https://www.bizinfo.go.kr/sii/siia/selectSIIA200Detail.do?pblancId=PBLN_000000000123505
PBLN_000000000123506,[전남광주] 2026년 2차 전남 지역기업 성장사다리 지원사업 연장 공고,중소벤처기업부,fetched,url,needs_review,large_amount_delta,기존 금액과 새 대표금액 차이가 큼,"amount_delta_20_percent:old=3500,new=5000",3500.0,support_amount,subtract,27,5000.0,support_amount,subtract,,2473,17651,[01] 2026년도 전남 지역기업 성장사다리 지원사업 2차 연장공고.pdf: 400 Client Error: Bad Request for url: https://www.bizinfo.go.kr/sii/siia/%5B01%5D%202026%EB%85%84%EB%8F%84%20%EC%A0%84%EB%82%A8%20%EC%A7%80%EC%97%AD%EA%B8%B0%EC%97%85%20%EC%84%B1%EC%9E%A5%EC%82%AC%EB%8B%A4%EB%A6%AC%20%EC%A7%80%EC%9B%90%EC%82%AC%EC%97%85%202%EC%B0%A8%20%EC%97%B0%EC%9E%A5%EA%B3%B5%EA%B3%A0.pdf / [04] RMS(기업지원 관리시스템) 지원기업 사용자매뉴얼.pdf: 400 Client Error: Bad Request for url: https://www.bizinfo.go.kr/sii/siia/%5B04%5D%20RMS(%EA%B8%B0%EC%97%85%EC%A7%80%EC%9B%90%20%EA%B4%80%EB%A6%AC%EC%8B%9C%EC%8A%A4%ED%85%9C)%20%EC%A7%80%EC%9B%90%EA%B8%B0%EC%97%85%20%EC%82%AC%EC%9A%A9%EC%9E%90%EB%A7%A4%EB%89%B4%EC%96%BC.pdf / 202606231343030513.pdf: 404 Client Error: Not Found for url: https://www.bizinfo.go.kr/sii/siia/202606231343030513.pdf / 202606231345390522.pdf: 404 Client Error: Not Found for url: https://www.bizinfo.go.kr/sii/siia/202606231345390522.pdf,https://www.bizinfo.go.kr/sii/siia/selectSIIA200Detail.do?pblancId=PBLN_000000000123506
PBLN_000000000123507,2026년 2차 전북 기업성장 환류형 상생일자리 지원사업 참여기업 모집 공고(BIONE 고용혁신 프로젝트),전북특별자치도,fetched,url,safe,clear_selected_candidate,대표금액 후보가 명확함,,5000.0,support_amount,subtract,14,5000.0,support_amount,subtract,0.5,2812,10992,[공고문]+기업성장+환류형+상생일자리+지원사업+2차+모집공고.hwp: 400 Client Error: Bad Request for url: https://www.bizinfo.go.kr/sii/siia/%5B%EA%B3%B5%EA%B3%A0%EB%AC%B8%5D+%EA%B8%B0%EC%97%85%EC%84%B1%EC%9E%A5+%ED%99%98%EB%A5%98%ED%98%95+%EC%83%81%EC%83%9D%EC%9D%BC%EC%9E%90%EB%A6%AC+%EC%A7%80%EC%9B%90%EC%82%AC%EC%97%85+2%EC%B0%A8+%EB%AA%A8%EC%A7%91%EA%B3%B5%EA%B3%A0.hwp / [신청서]+기업성장+환류형+상생일자리+지원사업+2차+모집공고.hwp: 400 Client Error: Bad Request for url: https://www.bizinfo.go.kr/sii/siia/%5B%EC%8B%A0%EC%B2%AD%EC%84%9C%5D+%EA%B8%B0%EC%97%85%EC%84%B1%EC%9E%A5+%ED%99%98%EB%A5%98%ED%98%95+%EC%83%81%EC%83%9D%EC%9D%BC%EC%9E%90%EB%A6%AC+%EC%A7%80%EC%9B%90%EC%82%AC%EC%97%85+2%EC%B0%A8+%EB%AA%A8%EC%A7%91%EA%B3%B5%EA%B3%A0.hwp / 202606231347330797.hwp: 404 Client Error: Not Found for url: https://www.bizinfo.go.kr/sii/siia/202606231347330797.hwp / 202606231349100997.hwp: 404 Client Error: Not Found for url: https://www.bizinfo.go.kr/sii/siia/202606231349100997.hwp,https://www.bizinfo.go.kr/sii/siia/selectSIIA200Detail.do?pblancId=PBLN_000000000123507
PBLN_000000000123512,[경북] 2026년 지역 연계 미드폼 제작지원 사업 공고(경북콘텐츠코리아랩 운영사업),경상북도,fetched,url,needs_review,subtract_without_limit_context | large_amount_delta,직접 차감 후보이나 기업당/한도 문맥이 부족함 | 기존 금액과 새 대표금액 차이가 큼,"amount_delta_20_percent:old=1000,new=18800",1000.0,support_amount,subtract,13,18800.0,support_amount,subtract,1.0,2270,22433,1. 지역 연계 미드폼 제작지원 사업 모집 공고.pdf: 400 Client Error: Bad Request for url: https://www.bizinfo.go.kr/sii/siia/1.%20%EC%A7%80%EC%97%AD%20%EC%97%B0%EA%B3%84%20%EB%AF%B8%EB%93%9C%ED%8F%BC%20%EC%A0%9C%EC%9E%91%EC%A7%80%EC%9B%90%20%EC%82%AC%EC%97%85%20%EB%AA%A8%EC%A7%91%20%EA%B3%B5%EA%B3%A0.pdf / 4. 콘텐츠진흥원 경북콘텐츠코리아랩 지원사업 기본 운영요령.pdf: 400 Client Error: Bad Request for url: https://www.bizinfo.go.kr/sii/siia/4.%20%EC%BD%98%ED%85%90%EC%B8%A0%EC%A7%84%ED%9D%A5%EC%9B%90%20%EA%B2%BD%EB%B6%81%EC%BD%98%ED%85%90%EC%B8%A0%EC%BD%94%EB%A6%AC%EC%95%84%EB%9E%A9%20%EC%A7%80%EC%9B%90%EC%82%AC%EC%97%85%20%EA%B8%B0%EB%B3%B8%20%EC%9A%B4%EC%98%81%EC%9A%94%EB%A0%B9.pdf / 202606231349540658.pdf: 404 Client Error: Not Found for url: https://www.bizinfo.go.kr/sii/siia/202606231349540658.pdf / 202606231350020836.pdf: 404 Client Error: Not Found for url: https://www.bizinfo.go.kr/sii/siia/202606231350020836.pdf / 2. 지역 연계 미드폼 제작지원 사업 제출 서류.hwp: 400 Client Error: Bad Request for url: https://www.bizinfo.go.kr/sii/siia/2.%20%EC%A7%80%EC%97%AD%20%EC%97%B0%EA%B3%84%20%EB%AF%B8%EB%93%9C%ED%8F%BC%20%EC%A0%9C%EC%9E%91%EC%A7%80%EC%9B%90%20%EC%82%AC%EC%97%85%20%EC%A0%9C%EC%B6%9C%20%EC%84%9C%EB%A5%98.hwp / 202606231350020780.hwp: 404 Client Error: Not Found for url: https://www.bizinfo.go.kr/sii/siia/202606231350020780.hwp,https://www.bizinfo.go.kr/sii/siia/selectSIIA200Detail.do?pblancId=PBLN_000000000123512
PBLN_000000000123520,[제주] 2026년 2차 지역기업 성장사다리 지원사업 공고,중소벤처기업부,fetched,url,needs_review,selected_context_has_risk_keyword | large_amount_delta,선택 후보 주변에 총사업비/자부담 등 위험 키워드가 있음 | 기존 금액과 새 대표금액 차이가 큼,"amount_delta_20_percent:old=5000,new=600000",5000.0,support_amount,subtract,7,600000.0,support_amount,subtract,,2315,7877,2026년 지역기업 성장사다리 지원사업 공고문.pdf: 400 Client Error: Bad Request for url: https://www.bizinfo.go.kr/sii/siia/2026%EB%85%84%20%EC%A7%80%EC%97%AD%EA%B8%B0%EC%97%85%20%EC%84%B1%EC%9E%A5%EC%82%AC%EB%8B%A4%EB%A6%AC%20%EC%A7%80%EC%9B%90%EC%82%AC%EC%97%85%20%EA%B3%B5%EA%B3%A0%EB%AC%B8.pdf / 202606231423550662.pdf: 404 Client Error: Not Found for url: https://www.bizinfo.go.kr/sii/siia/202606231423550662.pdf,https://www.bizinfo.go.kr/sii/siia/selectSIIA200Detail.do?pblancId=PBLN_000000000123520
PBLN_000000000123524,[경북] 경산시 2026년 푸드테크 상용화모델 개발 및 실증사업 수혜기업 모집 공고,경상북도,fetched,url,safe,clear_selected_candidate,대표금액 후보가 명확함,,7500.0,support_amount,subtract,2,7500.0,support_amount,subtract,1.0,2364,5401,공고문_2026년 경산시 푸드테크 상용화모델 개발 및 실증사업 수혜기업 모집 공고.pdf: 400 Client Error: Bad Request for url: https://www.bizinfo.go.kr/sii/siia/%EA%B3%B5%EA%B3%A0%EB%AC%B8_2026%EB%85%84%20%EA%B2%BD%EC%82%B0%EC%8B%9C%20%ED%91%B8%EB%93%9C%ED%85%8C%ED%81%AC%20%EC%83%81%EC%9A%A9%ED%99%94%EB%AA%A8%EB%8D%B8%20%EA%B0%9C%EB%B0%9C%20%EB%B0%8F%20%EC%8B%A4%EC%A6%9D%EC%82%AC%EC%97%85%20%EC%88%98%ED%98%9C%EA%B8%B0%EC%97%85%20%EB%AA%A8%EC%A7%91%20%EA%B3%B5%EA%B3%A0.pdf / 202606231522030059.pdf: 404 Client Error: Not Found for url: https://www.bizinfo.go.kr/sii/siia/202606231522030059.pdf / 2.1.신청서식(안)_(별지 1호) 컨소시엄 구성현황.xlsx: 400 Client Error: Bad Request for url: https://www.bizinfo.go.kr/sii/siia/2.1.%EC%8B%A0%EC%B2%AD%EC%84%9C%EC%8B%9D(%EC%95%88)_(%EB%B3%84%EC%A7%80%201%ED%98%B8)%20%EC%BB%A8%EC%86%8C%EC%8B%9C%EC%97%84%20%EA%B5%AC%EC%84%B1%ED%98%84%ED%99%A9.xlsx / 202606231421370470.xlsx: 404 Client Error: Not Found for url: https://www.bizinfo.go.kr/sii/siia/202606231421370470.xlsx / 2.2 신청서식(안)_신청서~별지 5호.hwp: 400 Client Error: Bad Request for url: https://www.bizinfo.go.kr/sii/siia/2.2%20%EC%8B%A0%EC%B2%AD%EC%84%9C%EC%8B%9D(%EC%95%88)_%EC%8B%A0%EC%B2%AD%EC%84%9C~%EB%B3%84%EC%A7%80%205%ED%98%B8.hwp / 202606231421370552.hwp: 404 Client Error: Not Found for url: https://www.bizinfo.go.kr/sii/siia/202606231421370552.hwp / 공고문_2026년 경산시 푸드테크 상용화모델 개발 및 실증사업 수혜기업 모집 공고.pdf: text extraction failed,https://www.bizinfo.go.kr/sii/siia/selectSIIA200Detail.do?pblancId=PBLN_000000000123524
PBLN_000000000123525,[충남ㆍ충북ㆍ대전ㆍ세종] 2026년 2차 기업 지원 프로그램(비R&D) 지원대상 모집 공고(미래차 산업 혁신 지원사업),충청남도,fetched,url,needs_review,large_amount_delta,기존 금액과 새 대표금액 차이가 큼,"amount_delta_20_percent:old=1100,new=2000",1100.0,support_amount,subtract,20,2000.0,support_amount,subtract,,2371,10144,사업공고문(2차).pdf: 400 Client Error: Bad Request for url: https://www.bizinfo.go.kr/sii/siia/%EC%82%AC%EC%97%85%EA%B3%B5%EA%B3%A0%EB%AC%B8(2%EC%B0%A8).pdf / 202606231436400284.pdf: 404 Client Error: Not Found for url: https://www.bizinfo.go.kr/sii/siia/202606231436400284.pdf / 202606231440220420.hwp: 404 Client Error: Not Found for url: https://www.bizinfo.go.kr/sii/siia/202606231440220420.hwp / 신청서 양식.hwp: 400 Client Error: Bad Request for url: https://www.bizinfo.go.kr/sii/siia/%EC%8B%A0%EC%B2%AD%EC%84%9C%20%EC%96%91%EC%8B%9D.hwp,https://www.bizinfo.go.kr/sii/siia/selectSIIA200Detail.do?pblancId=PBLN_000000000123525
PBLN_000000000123526,[충남] 2026년 산학연 협동프로그램 참여기업 지원사업 모집 재공고(테크노파크 생산장비 고도화),충청남도,fetched,url,needs_review,selected_candidate_missing,금액 후보는 있으나 대표금액을 선택하지 못함,old_amount_without_new_selected_amount,100.0,support_amount,subtract,7,,,,0.1,2334,18853,[재공고] 2026년 테크노파크 생산장비 고도화 지원사업 산학연 협동프로그램 참여기업 모집 재공고.pdf: 400 Client Error: Bad Request for url: https://www.bizinfo.go.kr/sii/siia/%5B%EC%9E%AC%EA%B3%B5%EA%B3%A0%5D%202026%EB%85%84%20%ED%85%8C%ED%81%AC%EB%85%B8%ED%8C%8C%ED%81%AC%20%EC%83%9D%EC%82%B0%EC%9E%A5%EB%B9%84%20%EA%B3%A0%EB%8F%84%ED%99%94%20%EC%A7%80%EC%9B%90%EC%82%AC%EC%97%85%20%EC%82%B0%ED%95%99%EC%97%B0%20%ED%98%91%EB%8F%99%ED%94%84%EB%A1%9C%EA%B7%B8%EB%9E%A8%20%EC%B0%B8%EC%97%AC%EA%B8%B0%EC%97%85%20%EB%AA%A8%EC%A7%91%20%EC%9E%AC%EA%B3%B5%EA%B3%A0.pdf / 202606231443180223.pdf: 404 Client Error: Not Found for url: https://www.bizinfo.go.kr/sii/siia/202606231443180223.pdf / 202606231444580045.pdf: 404 Client Error: Not Found for url: https://www.bizinfo.go.kr/sii/siia/202606231444580045.pdf / 202606231444580297.pdf: 404 Client Error: Not Found for url: https://www.bizinfo.go.kr/sii/siia/202606231444580297.pdf / [별첨 1] KAIST ILP 딥테크 진단.자문 프로그램 참여 교수 Profile.pdf: 400 Client Error: Bad Request for url: https://www.bizinfo.go.kr/sii/siia/%5B%EB%B3%84%EC%B2%A8%201%5D%20KAIST%20ILP%20%EB%94%A5%ED%85%8C%ED%81%AC%20%EC%A7%84%EB%8B%A8.%EC%9E%90%EB%AC%B8%20%ED%94%84%EB%A1%9C%EA%B7%B8%EB%9E%A8%20%EC%B0%B8%EC%97%AC%20%EA%B5%90%EC%88%98%20Profile.pdf / [별첨 2] 테크노파크 보유 공동활용 연구장비 현황.pdf: 400 Client Error: Bad Request for url: https://www.bizinfo.go.kr/sii/siia/%5B%EB%B3%84%EC%B2%A8%202%5D%20%ED%85%8C%ED%81%AC%EB%85%B8%ED%8C%8C%ED%81%AC%20%EB%B3%B4%EC%9C%A0%20%EA%B3%B5%EB%8F%99%ED%99%9C%EC%9A%A9%20%EC%97%B0%EA%B5%AC%EC%9E%A5%EB%B9%84%20%ED%98%84%ED%99%A9.pdf / 202606231444580360.hwp: 404 Client Error: Not Found for url: https://www.bizinfo.go.kr/sii/siia/202606231444580360.hwp / [별첨 3] 신청서 양식모음(0618).hwp: 400 Client Error: Bad Request for url: https://www.bizinfo.go.kr/sii/siia/%5B%EB%B3%84%EC%B2%A8%203%5D%20%EC%8B%A0%EC%B2%AD%EC%84%9C%20%EC%96%91%EC%8B%9D%EB%AA%A8%EC%9D%8C(0618).hwp / [별첨 1] KAIST ILP 딥테크 진단.자문 프로그램 참여 교수 Profile.pdf: text extraction failed,https://www.bizinfo.go.kr/sii/siia/selectSIIA200Detail.do?pblancId=PBLN_000000000123526
PBLN_000000000123527,[경북] 안동시 2026년 푸드테크 상용화모델 개발 및 실증사업 수혜기업 모집 공고,경상북도,fetched,url,safe,clear_selected_candidate,대표금액 후보가 명확함,,7500.0,support_amount,subtract,2,7500.0,support_amount,subtract,1.0,2364,5401,2026년 안동시 푸드테크 상용화모델 개발 및 실증사업 수혜기업 모집 공고.pdf: 400 Client Error: Bad Request for url: https://www.bizinfo.go.kr/sii/siia/2026%EB%85%84%20%EC%95%88%EB%8F%99%EC%8B%9C%20%ED%91%B8%EB%93%9C%ED%85%8C%ED%81%AC%20%EC%83%81%EC%9A%A9%ED%99%94%EB%AA%A8%EB%8D%B8%20%EA%B0%9C%EB%B0%9C%20%EB%B0%8F%20%EC%8B%A4%EC%A6%9D%EC%82%AC%EC%97%85%20%EC%88%98%ED%98%9C%EA%B8%B0%EC%97%85%20%EB%AA%A8%EC%A7%91%20%EA%B3%B5%EA%B3%A0.pdf / 202606231445150766.pdf: 404 Client Error: Not Found for url: https://www.bizinfo.go.kr/sii/siia/202606231445150766.pdf / 2.1.신청서식(안)_(별지 1호) 컨소시엄 구성현황.xlsx: 400 Client Error: Bad Request for url: https://www.bizinfo.go.kr/sii/siia/2.1.%EC%8B%A0%EC%B2%AD%EC%84%9C%EC%8B%9D(%EC%95%88)_(%EB%B3%84%EC%A7%80%201%ED%98%B8)%20%EC%BB%A8%EC%86%8C%EC%8B%9C%EC%97%84%20%EA%B5%AC%EC%84%B1%ED%98%84%ED%99%A9.xlsx / 202606231444460252.xlsx: 404 Client Error: Not Found for url: https://www.bizinfo.go.kr/sii/siia/202606231444460252.xlsx / 2.2 신청서식(안)_신청서~별지 5호.hwp: 400 Client Error: Bad Request for url: https://www.bizinfo.go.kr/sii/siia/2.2%20%EC%8B%A0%EC%B2%AD%EC%84%9C%EC%8B%9D(%EC%95%88)_%EC%8B%A0%EC%B2%AD%EC%84%9C~%EB%B3%84%EC%A7%80%205%ED%98%B8.hwp / 202606231444460314.hwp: 404 Client Error: Not Found for url: https://www.bizinfo.go.kr/sii/siia/202606231444460314.hwp / 2026년 안동시 푸드테크 상용화모델 개발 및 실증사업 수혜기업 모집 공고.pdf: text extraction failed,https://www.bizinfo.go.kr/sii/siia/selectSIIA200Detail.do?pblancId=PBLN_000000000123527
PBLN_000000000123529,[부산] 2026년 리스크 대응 섬유패션 원부자재 공동 비축 시스템 구축사업 참여기업 모집공고,부산광역시,fetched,url,safe,clear_selected_candidate,대표금액 후보가 명확함,,200.0,support_amount,subtract,3,200.0,support_amount,subtract,,2280,2673,2026 리스크 대응 섬유패션 원부자재 공동 비축 시스템 구축사업 참여기업 모집공고_포스터.pdf: 400 Client Error: Bad Request for url: https://www.bizinfo.go.kr/sii/siia/2026%20%EB%A6%AC%EC%8A%A4%ED%81%AC%20%EB%8C%80%EC%9D%91%20%EC%84%AC%EC%9C%A0%ED%8C%A8%EC%85%98%20%EC%9B%90%EB%B6%80%EC%9E%90%EC%9E%AC%20%EA%B3%B5%EB%8F%99%20%EB%B9%84%EC%B6%95%20%EC%8B%9C%EC%8A%A4%ED%85%9C%20%EA%B5%AC%EC%B6%95%EC%82%AC%EC%97%85%20%EC%B0%B8%EC%97%AC%EA%B8%B0%EC%97%85%20%EB%AA%A8%EC%A7%91%EA%B3%B5%EA%B3%A0_%ED%8F%AC%EC%8A%A4%ED%84%B0.pdf / 「2026 리스크 대응 섬유패션 원부자재 공동 비축 시스템 구축사업」 참여기업 모집공고.pdf: 400 Client Error: Bad Request for url: https://www.bizinfo.go.kr/sii/siia/%E3%80%8C2026%20%EB%A6%AC%EC%8A%A4%ED%81%AC%20%EB%8C%80%EC%9D%91%20%EC%84%AC%EC%9C%A0%ED%8C%A8%EC%85%98%20%EC%9B%90%EB%B6%80%EC%9E%90%EC%9E%AC%20%EA%B3%B5%EB%8F%99%20%EB%B9%84%EC%B6%95%20%EC%8B%9C%EC%8A%A4%ED%85%9C%20%EA%B5%AC%EC%B6%95%EC%82%AC%EC%97%85%E3%80%8D%20%EC%B0%B8%EC%97%AC%EA%B8%B0%EC%97%85%20%EB%AA%A8%EC%A7%91%EA%B3%B5%EA%B3%A0.pdf / 202606240922460202.pdf: 404 Client Error: Not Found for url: https://www.bizinfo.go.kr/sii/siia/202606240922460202.pdf / 202606240923470071.pdf: 404 Client Error: Not Found for url: https://www.bizinfo.go.kr/sii/siia/202606240923470071.pdf / 2026 리스크 대응 섬유패션 원부자재 공동 비축 시스템 구축사업 참여기업 모집공고_포스터.pdf: text extraction failed,https://www.bizinfo.go.kr/sii/siia/selectSIIA200Detail.do?pblancId=PBLN_000000000123529
PBLN_000000000123534,[전북] 2026년 기후테크 특화 오픈이노베이션 컨소시엄 추가모집 공고(기후테크 창업기업 성장지원사업),전북특별자치도,fetched,url,safe,clear_selected_candidate,대표금액 후보가 명확함,,3000.0,support_amount,subtract,4,3000.0,support_amount,subtract,,2466,7624,(신청서)2026년기후테크창업기업성장지원사업오픈이노베이션컨소시엄모집_참가신청서.hwpx: 400 Client Error: Bad Request for url: https://www.bizinfo.go.kr/sii/siia/(%EC%8B%A0%EC%B2%AD%EC%84%9C)2026%EB%85%84%EA%B8%B0%ED%9B%84%ED%85%8C%ED%81%AC%EC%B0%BD%EC%97%85%EA%B8%B0%EC%97%85%EC%84%B1%EC%9E%A5%EC%A7%80%EC%9B%90%EC%82%AC%EC%97%85%EC%98%A4%ED%94%88%EC%9D%B4%EB%85%B8%EB%B2%A0%EC%9D%B4%EC%85%98%EC%BB%A8%EC%86%8C%EC%8B%9C%EC%97%84%EB%AA%A8%EC%A7%91_%EC%B0%B8%EA%B0%80%EC%8B%A0%EC%B2%AD%EC%84%9C.hwpx / 202606240959360054.hwpx: 404 Client Error: Not Found for url: https://www.bizinfo.go.kr/sii/siia/202606240959360054.hwpx / (공고문)2026년기후테크특화오픈이노베이션컨소시엄추가모집공고.hwp: 400 Client Error: Bad Request for url: https://www.bizinfo.go.kr/sii/siia/(%EA%B3%B5%EA%B3%A0%EB%AC%B8)2026%EB%85%84%EA%B8%B0%ED%9B%84%ED%85%8C%ED%81%AC%ED%8A%B9%ED%99%94%EC%98%A4%ED%94%88%EC%9D%B4%EB%85%B8%EB%B2%A0%EC%9D%B4%EC%85%98%EC%BB%A8%EC%86%8C%EC%8B%9C%EC%97%84%EC%B6%94%EA%B0%80%EB%AA%A8%EC%A7%91%EA%B3%B5%EA%B3%A0.hwp / 202606240959310305.hwp: 404 Client Error: Not Found for url: https://www.bizinfo.go.kr/sii/siia/202606240959310305.hwp,https://www.bizinfo.go.kr/sii/siia/selectSIIA200Detail.do?pblancId=PBLN_000000000123534
PBLN_000000000123542,[충남] 2026년 미래차전환 종합지원사업 기업지원(R&D) 프로그램 모집 공고,충청남도,fetched,url,safe,clear_selected_candidate,대표금액 후보가 명확함,type_changed:support_amount->guarantee | roi_method_changed:subtract->exclude,10000.0,support_amount,subtract,11,10000.0,guarantee,exclude,,2139,4444,1. 사업공고문(R&D).pdf: 400 Client Error: Bad Request for url: https://www.bizinfo.go.kr/sii/siia/1.%20%EC%82%AC%EC%97%85%EA%B3%B5%EA%B3%A0%EB%AC%B8(R&D).pdf / 202606241106380675.pdf: 404 Client Error: Not Found for url: https://www.bizinfo.go.kr/sii/siia/202606241106380675.pdf,https://www.bizinfo.go.kr/sii/siia/selectSIIA200Detail.do?pblancId=PBLN_000000000123542
PBLN_000000000123543,[경북] 포항시 2026년 경북형(포항) 스마트공장(기초단계) 구축지원사업 추가모집 공고,경상북도,fetched,url,safe,clear_selected_candidate,대표금액 후보가 명확함,,6000.0,support_amount,subtract,3,6000.0,support_amount,subtract,0.6,2375,25051,[붙임1] 2026년 경북형(포항) 스마트공장(기초단계) 구축지원사업 추가모집 공고문.pdf: 400 Client Error: Bad Request for url: https://www.bizinfo.go.kr/sii/siia/%5B%EB%B6%99%EC%9E%841%5D%202026%EB%85%84%20%EA%B2%BD%EB%B6%81%ED%98%95(%ED%8F%AC%ED%95%AD)%20%EC%8A%A4%EB%A7%88%ED%8A%B8%EA%B3%B5%EC%9E%A5(%EA%B8%B0%EC%B4%88%EB%8B%A8%EA%B3%84)%20%EA%B5%AC%EC%B6%95%EC%A7%80%EC%9B%90%EC%82%AC%EC%97%85%20%EC%B6%94%EA%B0%80%EB%AA%A8%EC%A7%91%20%EA%B3%B5%EA%B3%A0%EB%AC%B8.pdf / 202606241117460967.pdf: 404 Client Error: Not Found for url: https://www.bizinfo.go.kr/sii/siia/202606241117460967.pdf / 202606241118370745.xlsx: 404 Client Error: Not Found for url: https://www.bizinfo.go.kr/sii/siia/202606241118370745.xlsx / [붙임4] SW개발비_FP산출내역서(양식)_기업명.xlsx: 400 Client Error: Bad Request for url: https://www.bizinfo.go.kr/sii/siia/%5B%EB%B6%99%EC%9E%844%5D%20SW%EA%B0%9C%EB%B0%9C%EB%B9%84_FP%EC%82%B0%EC%B6%9C%EB%82%B4%EC%97%AD%EC%84%9C(%EC%96%91%EC%8B%9D)_%EA%B8%B0%EC%97%85%EB%AA%85.xlsx / [붙임2] 2026년 경북형(포항) 스마트공장(기초단계) 구축지원사업 사업계획서 양식_기업명.hwp: 400 Client Error: Bad Request for url: https://www.bizinfo.go.kr/sii/siia/%5B%EB%B6%99%EC%9E%842%5D%202026%EB%85%84%20%EA%B2%BD%EB%B6%81%ED%98%95(%ED%8F%AC%ED%95%AD)%20%EC%8A%A4%EB%A7%88%ED%8A%B8%EA%B3%B5%EC%9E%A5(%EA%B8%B0%EC%B4%88%EB%8B%A8%EA%B3%84)%20%EA%B5%AC%EC%B6%95%EC%A7%80%EC%9B%90%EC%82%AC%EC%97%85%20%EC%82%AC%EC%97%85%EA%B3%84%ED%9A%8D%EC%84%9C%20%EC%96%91%EC%8B%9D_%EA%B8%B0%EC%97%85%EB%AA%85.hwp / 202606241118370443.hwp: 404 Client Error: Not Found for url: https://www.bizinfo.go.kr/sii/siia/202606241118370443.hwp / 202606241118370690.hwp: 404 Client Error: Not Found for url: https://www.bizinfo.go.kr/sii/siia/202606241118370690.hwp / [붙임3] 2026년 정보활용 동의서 양식(도입공급 공통)_서명및스캔후 한개 파일로 업로드.hwp: 400 Client Error: Bad Request for url: https://www.bizinfo.go.kr/sii/siia/%5B%EB%B6%99%EC%9E%843%5D%202026%EB%85%84%20%EC%A0%95%EB%B3%B4%ED%99%9C%EC%9A%A9%20%EB%8F%99%EC%9D%98%EC%84%9C%20%EC%96%91%EC%8B%9D(%EB%8F%84%EC%9E%85%EA%B3%B5%EA%B8%89%20%EA%B3%B5%ED%86%B5)_%EC%84%9C%EB%AA%85%EB%B0%8F%EC%8A%A4%EC%BA%94%ED%9B%84%20%ED%95%9C%EA%B0%9C%20%ED%8C%8C%EC%9D%BC%EB%A1%9C%20%EC%97%85%EB%A1%9C%EB%93%9C.hwp,https://www.bizinfo.go.kr/sii/siia/selectSIIA200Detail.do?pblancId=PBLN_000000000123543
PBLN_000000000123549,[경기] 용인시 제2차 반도체기업 기술보호 지원사업 모집 공고,경기도,fetched,url,needs_review,subtract_without_limit_context | large_amount_delta,직접 차감 후보이나 기업당/한도 문맥이 부족함 | 기존 금액과 새 대표금액 차이가 큼,"amount_delta_20_percent:old=2000,new=3000",2000.0,support_amount,subtract,5,3000.0,support_amount,subtract,,2308,4638,(공고문) 제2차 용인특례시 반도체기업 기술보호 지원사업 모집 공고+.pdf: 400 Client Error: Bad Request for url: https://www.bizinfo.go.kr/sii/siia/(%EA%B3%B5%EA%B3%A0%EB%AC%B8)%20%EC%A0%9C2%EC%B0%A8%20%EC%9A%A9%EC%9D%B8%ED%8A%B9%EB%A1%80%EC%8B%9C%20%EB%B0%98%EB%8F%84%EC%B2%B4%EA%B8%B0%EC%97%85%20%EA%B8%B0%EC%88%A0%EB%B3%B4%ED%98%B8%20%EC%A7%80%EC%9B%90%EC%82%AC%EC%97%85%20%EB%AA%A8%EC%A7%91%20%EA%B3%B5%EA%B3%A0+.pdf / (별첨5) 용인기업지원시스템 사업 신청 매뉴얼.pdf: 400 Client Error: Bad Request for url: https://www.bizinfo.go.kr/sii/siia/(%EB%B3%84%EC%B2%A85)%20%EC%9A%A9%EC%9D%B8%EA%B8%B0%EC%97%85%EC%A7%80%EC%9B%90%EC%8B%9C%EC%8A%A4%ED%85%9C%20%EC%82%AC%EC%97%85%20%EC%8B%A0%EC%B2%AD%20%EB%A7%A4%EB%89%B4%EC%96%BC.pdf / 202606241136440292.pdf: 404 Client Error: Not Found for url: https://www.bizinfo.go.kr/sii/siia/202606241136440292.pdf / 202606241138430422.pdf: 404 Client Error: Not Found for url: https://www.bizinfo.go.kr/sii/siia/202606241138430422.pdf / (별첨1) 2026년 지원사업 공통 안내문.hwp: 400 Client Error: Bad Request for url: https://www.bizinfo.go.kr/sii/siia/(%EB%B3%84%EC%B2%A81)%202026%EB%85%84%20%EC%A7%80%EC%9B%90%EC%82%AC%EC%97%85%20%EA%B3%B5%ED%86%B5%20%EC%95%88%EB%82%B4%EB%AC%B8.hwp / (별첨2) 사업신청서 양식.hwp: 400 Client Error: Bad Request for url: https://www.bizinfo.go.kr/sii/siia/(%EB%B3%84%EC%B2%A82)%20%EC%82%AC%EC%97%85%EC%8B%A0%EC%B2%AD%EC%84%9C%20%EC%96%91%EC%8B%9D.hwp / (별첨3) 개인정보 수집이용 제공 동의서.hwp: 400 Client Error: Bad Request for url: https://www.bizinfo.go.kr/sii/siia/(%EB%B3%84%EC%B2%A83)%20%EA%B0%9C%EC%9D%B8%EC%A0%95%EB%B3%B4%20%EC%88%98%EC%A7%91%EC%9D%B4%EC%9A%A9%20%EC%A0%9C%EA%B3%B5%20%EB%8F%99%EC%9D%98%EC%84%9C.hwp / (별첨4) 확약서 양식.hwp: 400 Client Error: Bad Request for url: https://www.bizinfo.go.kr/sii/siia/(%EB%B3%84%EC%B2%A84)%20%ED%99%95%EC%95%BD%EC%84%9C%20%EC%96%91%EC%8B%9D.hwp / 202606241138430594.hwp: 404 Client Error: Not Found for url: https://www.bizinfo.go.kr/sii/siia/202606241138430594.hwp / 202606241138430645.hwp: 404 Client Error: Not Found for url: https://www.bizinfo.go.kr/sii/siia/202606241138430645.hwp,https://www.bizinfo.go.kr/sii/siia/selectSIIA200Detail.do?pblancId=PBLN_000000000123549
PBLN_000000000123560,[경북] 안동시 2026년 중소기업 기술성장 디딤돌 사업 참여기업 추가모집 공고,경상북도,fetched,url,safe,clear_selected_candidate,대표금액 후보가 명확함,,1000.0,support_amount,subtract,15,1000.0,support_amount,subtract,1.0,2165,8212,2026년 안동시 중소기업 기술성장 디딤돌 사업 참여기업 추가모집 공고+.pdf: 400 Client Error: Bad Request for url: https://www.bizinfo.go.kr/sii/siia/2026%EB%85%84%20%EC%95%88%EB%8F%99%EC%8B%9C%20%EC%A4%91%EC%86%8C%EA%B8%B0%EC%97%85%20%EA%B8%B0%EC%88%A0%EC%84%B1%EC%9E%A5%20%EB%94%94%EB%94%A4%EB%8F%8C%20%EC%82%AC%EC%97%85%20%EC%B0%B8%EC%97%AC%EA%B8%B0%EC%97%85%20%EC%B6%94%EA%B0%80%EB%AA%A8%EC%A7%91%20%EA%B3%B5%EA%B3%A0+.pdf / 202606241332100862.pdf: 404 Client Error: Not Found for url: https://www.bizinfo.go.kr/sii/siia/202606241332100862.pdf / 붙임1. 지원사업 신청서식.hwp: 400 Client Error: Bad Request for url: https://www.bizinfo.go.kr/sii/siia/%EB%B6%99%EC%9E%841.%20%EC%A7%80%EC%9B%90%EC%82%AC%EC%97%85%20%EC%8B%A0%EC%B2%AD%EC%84%9C%EC%8B%9D.hwp / 202606241332220302.hwp: 404 Client Error: Not Found for url: https://www.bizinfo.go.kr/sii/siia/202606241332220302.hwp,https://www.bizinfo.go.kr/sii/siia/selectSIIA200Detail.do?pblancId=PBLN_000000000123560
PBLN_000000000123569,[충북] 2026년 제조 AI 현장 적용 지원 사업 수혜기업 모집 연장 공고,중소벤처기업부,fetched,url,needs_review,selected_candidate_missing,금액 후보는 있으나 대표금액을 선택하지 못함,old_amount_without_new_selected_amount,8000.0,support_amount,subtract,10,,,,,2714,12899,110204_붙임 1. 제조 AI 현장 적용 지원 사업 수혜기업 모집 공고문.pdf: 400 Client Error: Bad Request for url: https://www.bizinfo.go.kr/sii/siia/110204_%EB%B6%99%EC%9E%84%201.%20%EC%A0%9C%EC%A1%B0%20AI%20%ED%98%84%EC%9E%A5%20%EC%A0%81%EC%9A%A9%20%EC%A7%80%EC%9B%90%20%EC%82%AC%EC%97%85%20%EC%88%98%ED%98%9C%EA%B8%B0%EC%97%85%20%EB%AA%A8%EC%A7%91%20%EA%B3%B5%EA%B3%A0%EB%AC%B8.pdf / 110204_붙임 3. 제조 AI 현장 적용 지원 사업 공급기업 매칭 안내.pdf: 400 Client Error: Bad Request for url: https://www.bizinfo.go.kr/sii/siia/110204_%EB%B6%99%EC%9E%84%203.%20%EC%A0%9C%EC%A1%B0%20AI%20%ED%98%84%EC%9E%A5%20%EC%A0%81%EC%9A%A9%20%EC%A7%80%EC%9B%90%20%EC%82%AC%EC%97%85%20%EA%B3%B5%EA%B8%89%EA%B8%B0%EC%97%85%20%EB%A7%A4%EC%B9%AD%20%EC%95%88%EB%82%B4.pdf / 202606241416220006.pdf: 404 Client Error: Not Found for url: https://www.bizinfo.go.kr/sii/siia/202606241416220006.pdf / 202606241418160235.pdf: 404 Client Error: Not Found for url: https://www.bizinfo.go.kr/sii/siia/202606241418160235.pdf,https://www.bizinfo.go.kr/sii/siia/selectSIIA200Detail.do?pblancId=PBLN_000000000123569
PBLN_000000000123575,인천 공공 실증 오픈이노베이션 참여기업 모집 공고,인천광역시,fetched,url,safe,clear_selected_candidate,대표금액 후보가 명확함,,2700.0,support_amount,subtract,2,2700.0,support_amount,subtract,0.9990000000000001,2234,17890,[공고] 인천 공공 실증 오픈이노베이션_참여기업 모집.pdf: 400 Client Error: Bad Request for url: https://www.bizinfo.go.kr/sii/siia/%5B%EA%B3%B5%EA%B3%A0%5D%20%EC%9D%B8%EC%B2%9C%20%EA%B3%B5%EA%B3%B5%20%EC%8B%A4%EC%A6%9D%20%EC%98%A4%ED%94%88%EC%9D%B4%EB%85%B8%EB%B2%A0%EC%9D%B4%EC%85%98_%EC%B0%B8%EC%97%AC%EA%B8%B0%EC%97%85%20%EB%AA%A8%EC%A7%91.pdf / 202606241444490011.pdf: 404 Client Error: Not Found for url: https://www.bizinfo.go.kr/sii/siia/202606241444490011.pdf / 202606241444530530.hwpx: 404 Client Error: Not Found for url: https://www.bizinfo.go.kr/sii/siia/202606241444530530.hwpx / 붙임 2. 인천 공공 실증 오픈이노베이션 신청서 및 동의서.hwpx: 400 Client Error: Bad Request for url: https://www.bizinfo.go.kr/sii/siia/%EB%B6%99%EC%9E%84%202.%20%EC%9D%B8%EC%B2%9C%20%EA%B3%B5%EA%B3%B5%20%EC%8B%A4%EC%A6%9D%20%EC%98%A4%ED%94%88%EC%9D%B4%EB%85%B8%EB%B2%A0%EC%9D%B4%EC%85%98%20%EC%8B%A0%EC%B2%AD%EC%84%9C%20%EB%B0%8F%20%EB%8F%99%EC%9D%98%EC%84%9C.hwpx / 202606241444530601.hwp: 404 Client Error: Not Found for url: https://www.bizinfo.go.kr/sii/siia/202606241444530601.hwp / 붙임 1. 인천 공공 기관 수요기술 리스트 및 수요기술서.hwp: 400 Client Error: Bad Request for url: https://www.bizinfo.go.kr/sii/siia/%EB%B6%99%EC%9E%84%201.%20%EC%9D%B8%EC%B2%9C%20%EA%B3%B5%EA%B3%B5%20%EA%B8%B0%EA%B4%80%20%EC%88%98%EC%9A%94%EA%B8%B0%EC%88%A0%20%EB%A6%AC%EC%8A%A4%ED%8A%B8%20%EB%B0%8F%20%EC%88%98%EC%9A%94%EA%B8%B0%EC%88%A0%EC%84%9C.hwp,https://www.bizinfo.go.kr/sii/siia/selectSIIA200Detail.do?pblancId=PBLN_000000000123575
PBLN_000000000123584,[경남] 2026년 지역기업 성장사다리 지원사업 패스트트랙(Track A) 모집 공고,중소벤처기업부,fetched,url,needs_review,large_amount_delta,기존 금액과 새 대표금액 차이가 큼,"amount_delta_20_percent:old=1000,new=2000",1000.0,support_amount,subtract,9,2000.0,support_amount,subtract,,2627,9512,[공고번호 경남-성장사다리-06] 2026년 지역기업 성장사다리 지원사업_패스트트랙(Track A)+.pdf: 400 Client Error: Bad Request for url: https://www.bizinfo.go.kr/sii/siia/%5B%EA%B3%B5%EA%B3%A0%EB%B2%88%ED%98%B8%20%EA%B2%BD%EB%82%A8-%EC%84%B1%EC%9E%A5%EC%82%AC%EB%8B%A4%EB%A6%AC-06%5D%202026%EB%85%84%20%EC%A7%80%EC%97%AD%EA%B8%B0%EC%97%85%20%EC%84%B1%EC%9E%A5%EC%82%AC%EB%8B%A4%EB%A6%AC%20%EC%A7%80%EC%9B%90%EC%82%AC%EC%97%85_%ED%8C%A8%EC%8A%A4%ED%8A%B8%ED%8A%B8%EB%9E%99(Track%20A)+.pdf / 202606251001380162.pdf: 404 Client Error: Not Found for url: https://www.bizinfo.go.kr/sii/siia/202606251001380162.pdf,https://www.bizinfo.go.kr/sii/siia/selectSIIA200Detail.do?pblancId=PBLN_000000000123584
PBLN_000000000123585,[경남] 밀양시 2026년 3차 미래차 산업전환 공정기술 고도화 수혜기업 모집 공고(미래차 산업 전환 공정기술 고도화 지원사업),경상남도,fetched,url,safe,clear_selected_candidate,대표금액 후보가 명확함,,5000.0,support_amount,subtract,6,5000.0,support_amount,subtract,0.5,2409,15802,(공고문) 미래차 산업전환 공정기술 고도화 수혜기업 모집 공고문.pdf: 400 Client Error: Bad Request for url: https://www.bizinfo.go.kr/sii/siia/(%EA%B3%B5%EA%B3%A0%EB%AC%B8)%20%EB%AF%B8%EB%9E%98%EC%B0%A8%20%EC%82%B0%EC%97%85%EC%A0%84%ED%99%98%20%EA%B3%B5%EC%A0%95%EA%B8%B0%EC%88%A0%20%EA%B3%A0%EB%8F%84%ED%99%94%20%EC%88%98%ED%98%9C%EA%B8%B0%EC%97%85%20%EB%AA%A8%EC%A7%91%20%EA%B3%B5%EA%B3%A0%EB%AC%B8.pdf / 202606251008270807.pdf: 404 Client Error: Not Found for url: https://www.bizinfo.go.kr/sii/siia/202606251008270807.pdf / (서식7) 신청기업현황표.xlsx: 400 Client Error: Bad Request for url: https://www.bizinfo.go.kr/sii/siia/(%EC%84%9C%EC%8B%9D7)%20%EC%8B%A0%EC%B2%AD%EA%B8%B0%EC%97%85%ED%98%84%ED%99%A9%ED%91%9C.xlsx / 202606251008200355.xlsx: 404 Client Error: Not Found for url: https://www.bizinfo.go.kr/sii/siia/202606251008200355.xlsx / (서식1-6) 사업신청서 및 제출서류양식.hwp: 400 Client Error: Bad Request for url: https://www.bizinfo.go.kr/sii/siia/(%EC%84%9C%EC%8B%9D1-6)%20%EC%82%AC%EC%97%85%EC%8B%A0%EC%B2%AD%EC%84%9C%20%EB%B0%8F%20%EC%A0%9C%EC%B6%9C%EC%84%9C%EB%A5%98%EC%96%91%EC%8B%9D.hwp / 202606251008200257.hwp: 404 Client Error: Not Found for url: https://www.bizinfo.go.kr/sii/siia/202606251008200257.hwp,https://www.bizinfo.go.kr/sii/siia/selectSIIA200Detail.do?pblancId=PBLN_000000000123585
PBLN_000000000123587,[부산ㆍ울산ㆍ경남] 2026년 동남 정보보호클러스터 보안 테스팅 지원사업 공고,경상남도,fetched,url,needs_review,selected_candidate_missing,금액 후보는 있으나 대표금액을 선택하지 못함,,,support_ratio,ratio_cap,1,,,,1.0,2129,2654,1. 2026 동남 정보보호클러스터 보안 테스팅(경남) 지원사업 공고.pdf: 400 Client Error: Bad Request for url: https://www.bizinfo.go.kr/sii/siia/1.%202026%20%EB%8F%99%EB%82%A8%20%EC%A0%95%EB%B3%B4%EB%B3%B4%ED%98%B8%ED%81%B4%EB%9F%AC%EC%8A%A4%ED%84%B0%20%EB%B3%B4%EC%95%88%20%ED%85%8C%EC%8A%A4%ED%8C%85(%EA%B2%BD%EB%82%A8)%20%EC%A7%80%EC%9B%90%EC%82%AC%EC%97%85%20%EA%B3%B5%EA%B3%A0.pdf / 202606251015100813.pdf: 404 Client Error: Not Found for url: https://www.bizinfo.go.kr/sii/siia/202606251015100813.pdf / (양식)동남정보보호클러스터 보안테스트베드 이용신청서_GNTP(수정).hwp: 400 Client Error: Bad Request for url: https://www.bizinfo.go.kr/sii/siia/(%EC%96%91%EC%8B%9D)%EB%8F%99%EB%82%A8%EC%A0%95%EB%B3%B4%EB%B3%B4%ED%98%B8%ED%81%B4%EB%9F%AC%EC%8A%A4%ED%84%B0%20%EB%B3%B4%EC%95%88%ED%85%8C%EC%8A%A4%ED%8A%B8%EB%B2%A0%EB%93%9C%20%EC%9D%B4%EC%9A%A9%EC%8B%A0%EC%B2%AD%EC%84%9C_GNTP(%EC%88%98%EC%A0%95).hwp / 202606251015020561.hwp: 404 Client Error: Not Found for url: https://www.bizinfo.go.kr/sii/siia/202606251015020561.hwp,https://www.bizinfo.go.kr/sii/siia/selectSIIA200Detail.do?pblancId=PBLN_000000000123587
PBLN_000000000123593,[비수도권] 2026년 3차 지능형 반도체 시험분석ㆍ성능검증 지원 지원기업 모집 공고,산업통상부,fetched,url,safe,clear_selected_candidate,대표금액 후보가 명확함,type_changed:support_amount->non_cash | roi_method_changed:subtract->recommend_only,1000.0,support_amount,subtract,13,1000.0,non_cash,recommend_only,0.5,2584,11679,1_「2026년 지능형 반도체 시험분석·성능검증 지원 (3차)」 지원기업 모집 공고.pdf: 400 Client Error: Bad Request for url: https://www.bizinfo.go.kr/sii/siia/1_%E3%80%8C2026%EB%85%84%20%EC%A7%80%EB%8A%A5%ED%98%95%20%EB%B0%98%EB%8F%84%EC%B2%B4%20%EC%8B%9C%ED%97%98%EB%B6%84%EC%84%9D%C2%B7%EC%84%B1%EB%8A%A5%EA%B2%80%EC%A6%9D%20%EC%A7%80%EC%9B%90%20(3%EC%B0%A8)%E3%80%8D%20%EC%A7%80%EC%9B%90%EA%B8%B0%EC%97%85%20%EB%AA%A8%EC%A7%91%20%EA%B3%B5%EA%B3%A0.pdf / 3_「2026년 지능형 반도체 시험분석·성능검증 지원 (3차)」 지원신청서 및 지정서식 (예시 및 작성요령).pdf: 400 Client Error: Bad Request for url: https://www.bizinfo.go.kr/sii/siia/3_%E3%80%8C2026%EB%85%84%20%EC%A7%80%EB%8A%A5%ED%98%95%20%EB%B0%98%EB%8F%84%EC%B2%B4%20%EC%8B%9C%ED%97%98%EB%B6%84%EC%84%9D%C2%B7%EC%84%B1%EB%8A%A5%EA%B2%80%EC%A6%9D%20%EC%A7%80%EC%9B%90%20(3%EC%B0%A8)%E3%80%8D%20%EC%A7%80%EC%9B%90%EC%8B%A0%EC%B2%AD%EC%84%9C%20%EB%B0%8F%20%EC%A7%80%EC%A0%95%EC%84%9C%EC%8B%9D%20(%EC%98%88%EC%8B%9C%20%EB%B0%8F%20%EC%9E%91%EC%84%B1%EC%9A%94%EB%A0%B9).pdf / 202606251333230816.pdf: 404 Client Error: Not Found for url: https://www.bizinfo.go.kr/sii/siia/202606251333230816.pdf / 202606251333300445.pdf: 404 Client Error: Not Found for url: https://www.bizinfo.go.kr/sii/siia/202606251333300445.pdf / 2_「2026년 지능형 반도체 시험분석·성능검증 지원 (3차)」 지원신청서 및 지정서식.hwpx: 400 Client Error: Bad Request for url: https://www.bizinfo.go.kr/sii/siia/2_%E3%80%8C2026%EB%85%84%20%EC%A7%80%EB%8A%A5%ED%98%95%20%EB%B0%98%EB%8F%84%EC%B2%B4%20%EC%8B%9C%ED%97%98%EB%B6%84%EC%84%9D%C2%B7%EC%84%B1%EB%8A%A5%EA%B2%80%EC%A6%9D%20%EC%A7%80%EC%9B%90%20(3%EC%B0%A8)%E3%80%8D%20%EC%A7%80%EC%9B%90%EC%8B%A0%EC%B2%AD%EC%84%9C%20%EB%B0%8F%20%EC%A7%80%EC%A0%95%EC%84%9C%EC%8B%9D.hwpx / 202606251333300556.hwpx: 404 Client Error: Not Found for url: https://www.bizinfo.go.kr/sii/siia/202606251333300556.hwpx,https://www.bizinfo.go.kr/sii/siia/selectSIIA200Detail.do?pblancId=PBLN_000000000123593
PBLN_000000000123596,[서울ㆍ경기ㆍ인천ㆍ강원] 2026년 중소기업 AI활용 도입을 위한 AI훈련 참여기업 모집 공고,고용노동부,fetched,url,needs_review,selected_candidate_missing,금액 후보는 있으나 대표금액을 선택하지 못함,old_amount_without_new_selected_amount,783.0,support_amount,subtract,1,,,,1.0,2223,0,202606251400470269.pdf: 404 Client Error: Not Found for url: https://www.bizinfo.go.kr/sii/siia/202606251400470269.pdf / 포스터_2.pdf: 400 Client Error: Bad Request for url: https://www.bizinfo.go.kr/sii/siia/%ED%8F%AC%EC%8A%A4%ED%84%B0_2.pdf / 포스터_2.pdf: text extraction failed,https://www.bizinfo.go.kr/sii/siia/selectSIIA200Detail.do?pblancId=PBLN_000000000123596
PBLN_000000000123603,[경북] 구미시 2026년 핵심부품ㆍ소재기술 개발사업 신규지원(단기상용화R&Dㆍ기술컨설팅) 대상과제 공고,경상북도,fetched,url,safe,clear_selected_candidate,대표금액 후보가 명확함,,4000.0,support_amount,subtract,2,4000.0,support_amount,subtract,,2533,0,(공고문) 2026년도 구미시 핵심부품·소재기술 개발사업 공고(수정).pdf: 400 Client Error: Bad Request for url: https://www.bizinfo.go.kr/sii/siia/(%EA%B3%B5%EA%B3%A0%EB%AC%B8)%202026%EB%85%84%EB%8F%84%20%EA%B5%AC%EB%AF%B8%EC%8B%9C%20%ED%95%B5%EC%8B%AC%EB%B6%80%ED%92%88%C2%B7%EC%86%8C%EC%9E%AC%EA%B8%B0%EC%88%A0%20%EA%B0%9C%EB%B0%9C%EC%82%AC%EC%97%85%20%EA%B3%B5%EA%B3%A0(%EC%88%98%EC%A0%95).pdf / 202606251427290457.pdf: 404 Client Error: Not Found for url: https://www.bizinfo.go.kr/sii/siia/202606251427290457.pdf / (공고문) 2026년도 구미시 핵심부품·소재기술 개발사업 공고(수정).pdf: text extraction failed,https://www.bizinfo.go.kr/sii/siia/selectSIIA200Detail.do?pblancId=PBLN_000000000123603
PBLN_000000000123605,[경기] 2026년 AI기업 글로벌 공동연구ㆍ해외진출 지원 예비참여기업 공개모집 공고,경기도,fetched,url,safe,clear_selected_candidate,대표금액 후보가 명확함,,1000.0,voucher,subtract,8,1000.0,voucher,subtract,,2704,20929,202606251410040887.pdf: 404 Client Error: Not Found for url: https://www.bizinfo.go.kr/sii/siia/202606251410040887.pdf / 공모 포스터_2026_글로벌 AI기업.pdf: 400 Client Error: Bad Request for url: https://www.bizinfo.go.kr/sii/siia/%EA%B3%B5%EB%AA%A8%20%ED%8F%AC%EC%8A%A4%ED%84%B0_2026_%EA%B8%80%EB%A1%9C%EB%B2%8C%20AI%EA%B8%B0%EC%97%85.pdf / (공모문) 2026 경기AI기업 글로벌 공동연구ㆍ해외진출 예비참여기업 모집.hwpx: 400 Client Error: Bad Request for url: https://www.bizinfo.go.kr/sii/siia/(%EA%B3%B5%EB%AA%A8%EB%AC%B8)%202026%20%EA%B2%BD%EA%B8%B0AI%EA%B8%B0%EC%97%85%20%EA%B8%80%EB%A1%9C%EB%B2%8C%20%EA%B3%B5%EB%8F%99%EC%97%B0%EA%B5%AC%E3%86%8D%ED%95%B4%EC%99%B8%EC%A7%84%EC%B6%9C%20%EC%98%88%EB%B9%84%EC%B0%B8%EC%97%AC%EA%B8%B0%EC%97%85%20%EB%AA%A8%EC%A7%91.hwpx / (서식4종) 2026 경기AI기업 글로벌 공동연구ㆍ해외진출 예비참여기업 모집.hwpx: 400 Client Error: Bad Request for url: https://www.bizinfo.go.kr/sii/siia/(%EC%84%9C%EC%8B%9D4%EC%A2%85)%202026%20%EA%B2%BD%EA%B8%B0AI%EA%B8%B0%EC%97%85%20%EA%B8%80%EB%A1%9C%EB%B2%8C%20%EA%B3%B5%EB%8F%99%EC%97%B0%EA%B5%AC%E3%86%8D%ED%95%B4%EC%99%B8%EC%A7%84%EC%B6%9C%20%EC%98%88%EB%B9%84%EC%B0%B8%EC%97%AC%EA%B8%B0%EC%97%85%20%EB%AA%A8%EC%A7%91.hwpx / 202606251407360928.hwpx: 404 Client Error: Not Found for url: https://www.bizinfo.go.kr/sii/siia/202606251407360928.hwpx / 202606251407410826.hwpx: 404 Client Error: Not Found for url: https://www.bizinfo.go.kr/sii/siia/202606251407410826.hwpx,https://www.bizinfo.go.kr/sii/siia/selectSIIA200Detail.do?pblancId=PBLN_000000000123605
PBLN_000000000123606,[전남광주] 2026년 3차 융ㆍ복합 가전산업 기업 브랜드 강화 지원 참여기업 모집 공고(지역주도형 일자리 지원사업),전남광주통합특별시,fetched,url,safe,clear_selected_candidate,대표금액 후보가 명확함,,1000.0,support_amount,subtract,5,1000.0,support_amount,subtract,,1732,17929,202606251431460589.hwpx: 404 Client Error: Not Found for url: https://www.bizinfo.go.kr/sii/siia/202606251431460589.hwpx / [붙임]융·복합가전산업및연관산업KSIC코드.hwpx: 400 Client Error: Bad Request for url: https://www.bizinfo.go.kr/sii/siia/%5B%EB%B6%99%EC%9E%84%5D%EC%9C%B5%C2%B7%EB%B3%B5%ED%95%A9%EA%B0%80%EC%A0%84%EC%82%B0%EC%97%85%EB%B0%8F%EC%97%B0%EA%B4%80%EC%82%B0%EC%97%85KSIC%EC%BD%94%EB%93%9C.hwpx / [공고문]+P③+융복합+가전산업+기업+브랜드+강화+지원+3차+모집+공고문.hwp: 400 Client Error: Bad Request for url: https://www.bizinfo.go.kr/sii/siia/%5B%EA%B3%B5%EA%B3%A0%EB%AC%B8%5D+P%E2%91%A2+%EC%9C%B5%EB%B3%B5%ED%95%A9+%EA%B0%80%EC%A0%84%EC%82%B0%EC%97%85+%EA%B8%B0%EC%97%85+%EB%B8%8C%EB%9E%9C%EB%93%9C+%EA%B0%95%ED%99%94+%EC%A7%80%EC%9B%90+3%EC%B0%A8+%EB%AA%A8%EC%A7%91+%EA%B3%B5%EA%B3%A0%EB%AC%B8.hwp / [사업신청서]+융복합+가전산업+기업+브랜드+강화+지원+3차+모집.hwp: 400 Client Error: Bad Request for url: https://www.bizinfo.go.kr/sii/siia/%5B%EC%82%AC%EC%97%85%EC%8B%A0%EC%B2%AD%EC%84%9C%5D+%EC%9C%B5%EB%B3%B5%ED%95%A9+%EA%B0%80%EC%A0%84%EC%82%B0%EC%97%85+%EA%B8%B0%EC%97%85+%EB%B8%8C%EB%9E%9C%EB%93%9C+%EA%B0%95%ED%99%94+%EC%A7%80%EC%9B%90+3%EC%B0%A8+%EB%AA%A8%EC%A7%91.hwp / 202606251430450412.hwp: 404 Client Error: Not Found for url: https://www.bizinfo.go.kr/sii/siia/202606251430450412.hwp / 202606251431460673.hwp: 404 Client Error: Not Found for url: https://www.bizinfo.go.kr/sii/siia/202606251431460673.hwp,https://www.bizinfo.go.kr/sii/siia/selectSIIA200Detail.do?pblancId=PBLN_000000000123606
PBLN_000000000123607,[경북] 김천시 2026년 4차 중소기업 기술성장 디딤돌 사업 참가기업 추가모집 공고,경상북도,fetched,url,safe,clear_selected_candidate,대표금액 후보가 명확함,,700.0,support_amount,subtract,3,700.0,support_amount,subtract,0.1,2238,6005,(공고)2026 김천시 중소기업 기술성장 디딤돌 참여기업 4차 추가모집 공고.pdf: 400 Client Error: Bad Request for url: https://www.bizinfo.go.kr/sii/siia/(%EA%B3%B5%EA%B3%A0)2026%20%EA%B9%80%EC%B2%9C%EC%8B%9C%20%EC%A4%91%EC%86%8C%EA%B8%B0%EC%97%85%20%EA%B8%B0%EC%88%A0%EC%84%B1%EC%9E%A5%20%EB%94%94%EB%94%A4%EB%8F%8C%20%EC%B0%B8%EC%97%AC%EA%B8%B0%EC%97%85%204%EC%B0%A8%20%EC%B6%94%EA%B0%80%EB%AA%A8%EC%A7%91%20%EA%B3%B5%EA%B3%A0.pdf / 202606251434040220.pdf: 404 Client Error: Not Found for url: https://www.bizinfo.go.kr/sii/siia/202606251434040220.pdf / (양식)2026 김천시 중소기업 기술성장 디딤돌 참여기업 4차 추가모집 양식.hwpx: 400 Client Error: Bad Request for url: https://www.bizinfo.go.kr/sii/siia/(%EC%96%91%EC%8B%9D)2026%20%EA%B9%80%EC%B2%9C%EC%8B%9C%20%EC%A4%91%EC%86%8C%EA%B8%B0%EC%97%85%20%EA%B8%B0%EC%88%A0%EC%84%B1%EC%9E%A5%20%EB%94%94%EB%94%A4%EB%8F%8C%20%EC%B0%B8%EC%97%AC%EA%B8%B0%EC%97%85%204%EC%B0%A8%20%EC%B6%94%EA%B0%80%EB%AA%A8%EC%A7%91%20%EC%96%91%EC%8B%9D.hwpx / 202606251434080571.hwpx: 404 Client Error: Not Found for url: https://www.bizinfo.go.kr/sii/siia/202606251434080571.hwpx,https://www.bizinfo.go.kr/sii/siia/selectSIIA200Detail.do?pblancId=PBLN_000000000123607
PBLN_000000000123610,[강원] 동해시 2026년 3차 수소 전문기업 육성지원 사업 공고,강원특별자치도,fetched,url,safe,clear_selected_candidate,대표금액 후보가 명확함,,2200.0,support_amount,subtract,8,2000.0,support_amount,subtract,0.1,2192,6183,2026년 수소전문기업 육성지원사업 3차 공고(재공고)_.pdf: 400 Client Error: Bad Request for url: https://www.bizinfo.go.kr/sii/siia/2026%EB%85%84%20%EC%88%98%EC%86%8C%EC%A0%84%EB%AC%B8%EA%B8%B0%EC%97%85%20%EC%9C%A1%EC%84%B1%EC%A7%80%EC%9B%90%EC%82%AC%EC%97%85%203%EC%B0%A8%20%EA%B3%B5%EA%B3%A0(%EC%9E%AC%EA%B3%B5%EA%B3%A0)_.pdf / 202606251445310385.pdf: 404 Client Error: Not Found for url: https://www.bizinfo.go.kr/sii/siia/202606251445310385.pdf / [서식1] 수소 전문기업육성지원사업 신청서.hwp: 400 Client Error: Bad Request for url: https://www.bizinfo.go.kr/sii/siia/%5B%EC%84%9C%EC%8B%9D1%5D%20%EC%88%98%EC%86%8C%20%EC%A0%84%EB%AC%B8%EA%B8%B0%EC%97%85%EC%9C%A1%EC%84%B1%EC%A7%80%EC%9B%90%EC%82%AC%EC%97%85%20%EC%8B%A0%EC%B2%AD%EC%84%9C.hwp / [서식2] 상세 사업계획서.hwp: 400 Client Error: Bad Request for url: https://www.bizinfo.go.kr/sii/siia/%5B%EC%84%9C%EC%8B%9D2%5D%20%EC%83%81%EC%84%B8%20%EC%82%AC%EC%97%85%EA%B3%84%ED%9A%8D%EC%84%9C.hwp / 202606251445250005.hwp: 404 Client Error: Not Found for url: https://www.bizinfo.go.kr/sii/siia/202606251445250005.hwp / 202606251445250132.hwp: 404 Client Error: Not Found for url: https://www.bizinfo.go.kr/sii/siia/202606251445250132.hwp / 202606251445250202.hwp: 404 Client Error: Not Found for url: https://www.bizinfo.go.kr/sii/siia/202606251445250202.hwp / 202606251445250263.hwp: 404 Client Error: Not Found for url: https://www.bizinfo.go.kr/sii/siia/202606251445250263.hwp / [서식3] 자료제공 및 정보활용 동의서.hwp: 400 Client Error: Bad Request for url: https://www.bizinfo.go.kr/sii/siia/%5B%EC%84%9C%EC%8B%9D3%5D%20%EC%9E%90%EB%A3%8C%EC%A0%9C%EA%B3%B5%20%EB%B0%8F%20%EC%A0%95%EB%B3%B4%ED%99%9C%EC%9A%A9%20%EB%8F%99%EC%9D%98%EC%84%9C.hwp / [서식4] 신청자격 적정성 확인서.hwp: 400 Client Error: Bad Request for url: https://www.bizinfo.go.kr/sii/siia/%5B%EC%84%9C%EC%8B%9D4%5D%20%EC%8B%A0%EC%B2%AD%EC%9E%90%EA%B2%A9%20%EC%A0%81%EC%A0%95%EC%84%B1%20%ED%99%95%EC%9D%B8%EC%84%9C.hwp,https://www.bizinfo.go.kr/sii/siia/selectSIIA200Detail.do?pblancId=PBLN_000000000123610
PBLN_000000000123618,[울산] 2026년 동남권 수소산업 육성을 위한 수요 맞춤형 기술지원 사업 수요기업 모집 공고,산업통상부,fetched,url,needs_review,selected_context_has_risk_keyword,선택 후보 주변에 총사업비/자부담 등 위험 키워드가 있음,,6500.0,support_amount,subtract,6,6500.0,support_amount,subtract,0.2,2316,4968,[붙임12] 2026년도 기업지원신청서 및 시제품제작지원 계획서 양식_1.hwp: 400 Client Error: Bad Request for url: https://www.bizinfo.go.kr/sii/siia/%5B%EB%B6%99%EC%9E%8412%5D%202026%EB%85%84%EB%8F%84%20%EA%B8%B0%EC%97%85%EC%A7%80%EC%9B%90%EC%8B%A0%EC%B2%AD%EC%84%9C%20%EB%B0%8F%20%EC%8B%9C%EC%A0%9C%ED%92%88%EC%A0%9C%EC%9E%91%EC%A7%80%EC%9B%90%20%EA%B3%84%ED%9A%8D%EC%84%9C%20%EC%96%91%EC%8B%9D_1.hwp / [붙임3] 중소기업 지원사업 통합관리시스템 정보 활용을 위한 동의서.hwp: 400 Client Error: Bad Request for url: https://www.bizinfo.go.kr/sii/siia/%5B%EB%B6%99%EC%9E%843%5D%20%EC%A4%91%EC%86%8C%EA%B8%B0%EC%97%85%20%EC%A7%80%EC%9B%90%EC%82%AC%EC%97%85%20%ED%86%B5%ED%95%A9%EA%B4%80%EB%A6%AC%EC%8B%9C%EC%8A%A4%ED%85%9C%20%EC%A0%95%EB%B3%B4%20%ED%99%9C%EC%9A%A9%EC%9D%84%20%EC%9C%84%ED%95%9C%20%EB%8F%99%EC%9D%98%EC%84%9C.hwp / 공고문_ 2026 고투게더_R2 _최종 (1).hwp: 400 Client Error: Bad Request for url: https://www.bizinfo.go.kr/sii/siia/%EA%B3%B5%EA%B3%A0%EB%AC%B8_%202026%20%EA%B3%A0%ED%88%AC%EA%B2%8C%EB%8D%94_R2%20_%EC%B5%9C%EC%A2%85%20(1).hwp / 202606251507050436.hwp: 404 Client Error: Not Found for url: https://www.bizinfo.go.kr/sii/siia/202606251507050436.hwp / 202606251507500147.hwp: 404 Client Error: Not Found for url: https://www.bizinfo.go.kr/sii/siia/202606251507500147.hwp / 202606251507500240.hwp: 404 Client Error: Not Found for url: https://www.bizinfo.go.kr/sii/siia/202606251507500240.hwp,https://www.bizinfo.go.kr/sii/siia/selectSIIA200Detail.do?pblancId=PBLN_000000000123618
PBLN_000000000123622,[전북] 2026년 전주1인창조기업지원센터 선택형 지원사업 공고,전북특별자치도,fetched,url,needs_review,large_amount_delta,기존 금액과 새 대표금액 차이가 큼,"amount_delta_20_percent:old=400,new=500",400.0,support_amount,subtract,17,500.0,support_amount,subtract,0.5,2318,9350,[공고 제2026-044호]2026년 전주1인창조기업지원센터 선택형 지원사업 공고문.pdf: 400 Client Error: Bad Request for url: https://www.bizinfo.go.kr/sii/siia/%5B%EA%B3%B5%EA%B3%A0%20%EC%A0%9C2026-044%ED%98%B8%5D2026%EB%85%84%20%EC%A0%84%EC%A3%BC1%EC%9D%B8%EC%B0%BD%EC%A1%B0%EA%B8%B0%EC%97%85%EC%A7%80%EC%9B%90%EC%84%BC%ED%84%B0%20%EC%84%A0%ED%83%9D%ED%98%95%20%EC%A7%80%EC%9B%90%EC%82%AC%EC%97%85%20%EA%B3%B5%EA%B3%A0%EB%AC%B8.pdf / 202606251515250378.pdf: 404 Client Error: Not Found for url: https://www.bizinfo.go.kr/sii/siia/202606251515250378.pdf / 붙임.2026년 1인 창조기업 지원센터 선택형 지원사업 신청서.hwp: 400 Client Error: Bad Request for url: https://www.bizinfo.go.kr/sii/siia/%EB%B6%99%EC%9E%84.2026%EB%85%84%201%EC%9D%B8%20%EC%B0%BD%EC%A1%B0%EA%B8%B0%EC%97%85%20%EC%A7%80%EC%9B%90%EC%84%BC%ED%84%B0%20%EC%84%A0%ED%83%9D%ED%98%95%20%EC%A7%80%EC%9B%90%EC%82%AC%EC%97%85%20%EC%8B%A0%EC%B2%AD%EC%84%9C.hwp / 202606251515210284.hwp: 404 Client Error: Not Found for url: https://www.bizinfo.go.kr/sii/siia/202606251515210284.hwp,https://www.bizinfo.go.kr/sii/siia/selectSIIA200Detail.do?pblancId=PBLN_000000000123622
PBLN_000000000123638,[경남] 2026년 4차 기술경영 애로해결을 위한 Quick Solution Program(기술닥터 및 이노카페심층상담) 참여기업 모집 공고,경상남도,fetched,url,needs_review,selected_candidate_missing,금액 후보는 있으나 대표금액을 선택하지 못함,old_amount_without_new_selected_amount,10.0,support_amount,subtract,2,,,,,2356,16337,[공고문] 2026년 기술경영 애로해결을 위한 Quick Solution Program(기술닥터 및 이노카페심층상담) 참여기업 모집(4차).hwp: 400 Client Error: Bad Request for url: https://www.bizinfo.go.kr/sii/siia/%5B%EA%B3%B5%EA%B3%A0%EB%AC%B8%5D%202026%EB%85%84%20%EA%B8%B0%EC%88%A0%EA%B2%BD%EC%98%81%20%EC%95%A0%EB%A1%9C%ED%95%B4%EA%B2%B0%EC%9D%84%20%EC%9C%84%ED%95%9C%20Quick%20Solution%20Program(%EA%B8%B0%EC%88%A0%EB%8B%A5%ED%84%B0%20%EB%B0%8F%20%EC%9D%B4%EB%85%B8%EC%B9%B4%ED%8E%98%EC%8B%AC%EC%B8%B5%EC%83%81%EB%8B%B4)%20%EC%B0%B8%EC%97%AC%EA%B8%B0%EC%97%85%20%EB%AA%A8%EC%A7%91(4%EC%B0%A8).hwp / [붙임1] 기술닥터 지원 프로그램 상세내역 및 관련양식.hwp: 400 Client Error: Bad Request for url: https://www.bizinfo.go.kr/sii/siia/%5B%EB%B6%99%EC%9E%841%5D%20%EA%B8%B0%EC%88%A0%EB%8B%A5%ED%84%B0%20%EC%A7%80%EC%9B%90%20%ED%94%84%EB%A1%9C%EA%B7%B8%EB%9E%A8%20%EC%83%81%EC%84%B8%EB%82%B4%EC%97%AD%20%EB%B0%8F%20%EA%B4%80%EB%A0%A8%EC%96%91%EC%8B%9D.hwp / [붙임2] 이노카페 심층상담 지원 프로그램 상세내역 및 관련양식.hwp: 400 Client Error: Bad Request for url: https://www.bizinfo.go.kr/sii/siia/%5B%EB%B6%99%EC%9E%842%5D%20%EC%9D%B4%EB%85%B8%EC%B9%B4%ED%8E%98%20%EC%8B%AC%EC%B8%B5%EC%83%81%EB%8B%B4%20%EC%A7%80%EC%9B%90%20%ED%94%84%EB%A1%9C%EA%B7%B8%EB%9E%A8%20%EC%83%81%EC%84%B8%EB%82%B4%EC%97%AD%20%EB%B0%8F%20%EA%B4%80%EB%A0%A8%EC%96%91%EC%8B%9D.hwp / 202606261010290241.hwp: 404 Client Error: Not Found for url: https://www.bizinfo.go.kr/sii/siia/202606261010290241.hwp / 202606261010340129.hwp: 404 Client Error: Not Found for url: https://www.bizinfo.go.kr/sii/siia/202606261010340129.hwp / 202606261010340196.hwp: 404 Client Error: Not Found for url: https://www.bizinfo.go.kr/sii/siia/202606261010340196.hwp,https://www.bizinfo.go.kr/sii/siia/selectSIIA200Detail.do?pblancId=PBLN_000000000123638
PBLN_000000000123642,[전남광주] 2026년 2차 글로벌강소기업 1000+ 프로젝트 자율 프로그램 모집 공고,전남광주통합특별시,fetched,url,needs_review,selected_context_has_risk_keyword | large_amount_delta,선택 후보 주변에 총사업비/자부담 등 위험 키워드가 있음 | 기존 금액과 새 대표금액 차이가 큼,"amount_delta_20_percent:old=800,new=3500",800.0,support_amount,subtract,8,3500.0,support_amount,subtract,,1717,13253,1. (공고문)2026년 글로벌강소기업 1000+ 프로젝트 자율프로그램 2차 모집공고+.pdf: 400 Client Error: Bad Request for url: https://www.bizinfo.go.kr/sii/siia/1.%20(%EA%B3%B5%EA%B3%A0%EB%AC%B8)2026%EB%85%84%20%EA%B8%80%EB%A1%9C%EB%B2%8C%EA%B0%95%EC%86%8C%EA%B8%B0%EC%97%85%201000+%20%ED%94%84%EB%A1%9C%EC%A0%9D%ED%8A%B8%20%EC%9E%90%EC%9C%A8%ED%94%84%EB%A1%9C%EA%B7%B8%EB%9E%A8%202%EC%B0%A8%20%EB%AA%A8%EC%A7%91%EA%B3%B5%EA%B3%A0+.pdf / 202606261037440440.pdf: 404 Client Error: Not Found for url: https://www.bizinfo.go.kr/sii/siia/202606261037440440.pdf / 2. (양식)2026년 지원프로그램(2차) 신청서.hwp: 400 Client Error: Bad Request for url: https://www.bizinfo.go.kr/sii/siia/2.%20(%EC%96%91%EC%8B%9D)2026%EB%85%84%20%EC%A7%80%EC%9B%90%ED%94%84%EB%A1%9C%EA%B7%B8%EB%9E%A8(2%EC%B0%A8)%20%EC%8B%A0%EC%B2%AD%EC%84%9C.hwp / 202606261038540367.hwp: 404 Client Error: Not Found for url: https://www.bizinfo.go.kr/sii/siia/202606261038540367.hwp,https://www.bizinfo.go.kr/sii/siia/selectSIIA200Detail.do?pblancId=PBLN_000000000123642
PBLN_000000000123644,[전북] 2026년 3차 데이터 활용기업 맞춤형 지원사업 수요기업 모집 연장 공고,전북특별자치도,fetched,url,needs_review,subtract_without_limit_context | large_amount_delta,직접 차감 후보이나 기업당/한도 문맥이 부족함 | 기존 금액과 새 대표금액 차이가 큼,"type_changed:support_amount->subsidy | amount_delta_20_percent:old=600,new=10000",600.0,support_amount,subtract,27,10000.0,subsidy,subtract,1.0,2365,19207,[붙임1]2026년전북특별자치도데이터활용기업맞춤형지원사업수요기업모집3차연장공고.pdf: 400 Client Error: Bad Request for url: https://www.bizinfo.go.kr/sii/siia/%5B%EB%B6%99%EC%9E%841%5D2026%EB%85%84%EC%A0%84%EB%B6%81%ED%8A%B9%EB%B3%84%EC%9E%90%EC%B9%98%EB%8F%84%EB%8D%B0%EC%9D%B4%ED%84%B0%ED%99%9C%EC%9A%A9%EA%B8%B0%EC%97%85%EB%A7%9E%EC%B6%A4%ED%98%95%EC%A7%80%EC%9B%90%EC%82%AC%EC%97%85%EC%88%98%EC%9A%94%EA%B8%B0%EC%97%85%EB%AA%A8%EC%A7%913%EC%B0%A8%EC%97%B0%EC%9E%A5%EA%B3%B5%EA%B3%A0.pdf / 202606261043450995.pdf: 404 Client Error: Not Found for url: https://www.bizinfo.go.kr/sii/siia/202606261043450995.pdf / 202606261046260498.xlsx: 404 Client Error: Not Found for url: https://www.bizinfo.go.kr/sii/siia/202606261046260498.xlsx / [참고1]2026년전북특별자치도데이터공급기업POOL정보공개(FIN).xlsx: 400 Client Error: Bad Request for url: https://www.bizinfo.go.kr/sii/siia/%5B%EC%B0%B8%EA%B3%A01%5D2026%EB%85%84%EC%A0%84%EB%B6%81%ED%8A%B9%EB%B3%84%EC%9E%90%EC%B9%98%EB%8F%84%EB%8D%B0%EC%9D%B4%ED%84%B0%EA%B3%B5%EA%B8%89%EA%B8%B0%EC%97%85POOL%EC%A0%95%EB%B3%B4%EA%B3%B5%EA%B0%9C(FIN).xlsx,https://www.bizinfo.go.kr/sii/siia/selectSIIA200Detail.do?pblancId=PBLN_000000000123644
PBLN_000000000123651,[부산] 2026년 수리조선산업 맞춤형 지원사업 추가모집 공고(스마트수리조선지원센터 관리운영 사업),부산광역시,fetched,url,safe,clear_selected_candidate,대표금액 후보가 명확함,,300.0,support_amount,subtract,10,300.0,support_amount,subtract,0.9,2216,12124,1.+공고문_2026년+수리조선산업+맞춤형+지원사업+추가모집.hwpx: 400 Client Error: Bad Request for url: https://www.bizinfo.go.kr/sii/siia/1.+%EA%B3%B5%EA%B3%A0%EB%AC%B8_2026%EB%85%84+%EC%88%98%EB%A6%AC%EC%A1%B0%EC%84%A0%EC%82%B0%EC%97%85+%EB%A7%9E%EC%B6%A4%ED%98%95+%EC%A7%80%EC%9B%90%EC%82%AC%EC%97%85+%EC%B6%94%EA%B0%80%EB%AA%A8%EC%A7%91.hwpx / 2.+지원사업+신청서+및+서류.hwpx: 400 Client Error: Bad Request for url: https://www.bizinfo.go.kr/sii/siia/2.+%EC%A7%80%EC%9B%90%EC%82%AC%EC%97%85+%EC%8B%A0%EC%B2%AD%EC%84%9C+%EB%B0%8F+%EC%84%9C%EB%A5%98.hwpx / 202606261310290432.hwpx: 404 Client Error: Not Found for url: https://www.bizinfo.go.kr/sii/siia/202606261310290432.hwpx / 202606261310470072.hwpx: 404 Client Error: Not Found for url: https://www.bizinfo.go.kr/sii/siia/202606261310470072.hwpx,https://www.bizinfo.go.kr/sii/siia/selectSIIA200Detail.do?pblancId=PBLN_000000000123651
PBLN_000000000123656,[충남] 2026년 2차 지역혁신클러스터육성(비R&D)사업 사업화 지원 수혜기업 모집 공고,충청남도,fetched,url,safe,clear_selected_candidate,대표금액 후보가 명확함,,6000.0,support_amount,subtract,13,6000.0,support_amount,subtract,0.5,2390,19846,붙임1. 사업공고_2026년 지역혁신클러스터육성(비R&D)사업_사업화지원 제2차.pdf: 400 Client Error: Bad Request for url: https://www.bizinfo.go.kr/sii/siia/%EB%B6%99%EC%9E%841.%20%EC%82%AC%EC%97%85%EA%B3%B5%EA%B3%A0_2026%EB%85%84%20%EC%A7%80%EC%97%AD%ED%98%81%EC%8B%A0%ED%81%B4%EB%9F%AC%EC%8A%A4%ED%84%B0%EC%9C%A1%EC%84%B1(%EB%B9%84R&D)%EC%82%AC%EC%97%85_%EC%82%AC%EC%97%85%ED%99%94%EC%A7%80%EC%9B%90%20%EC%A0%9C2%EC%B0%A8.pdf / 202606261322530743.pdf: 404 Client Error: Not Found for url: https://www.bizinfo.go.kr/sii/siia/202606261322530743.pdf / 붙임2. 신청서식_2026년 지역혁신클러스터육성(비R&D)_사업화지원 제2차.hwp: 400 Client Error: Bad Request for url: https://www.bizinfo.go.kr/sii/siia/%EB%B6%99%EC%9E%842.%20%EC%8B%A0%EC%B2%AD%EC%84%9C%EC%8B%9D_2026%EB%85%84%20%EC%A7%80%EC%97%AD%ED%98%81%EC%8B%A0%ED%81%B4%EB%9F%AC%EC%8A%A4%ED%84%B0%EC%9C%A1%EC%84%B1(%EB%B9%84R&D)_%EC%82%AC%EC%97%85%ED%99%94%EC%A7%80%EC%9B%90%20%EC%A0%9C2%EC%B0%A8.hwp / 202606261324180806.hwp: 404 Client Error: Not Found for url: https://www.bizinfo.go.kr/sii/siia/202606261324180806.hwp,https://www.bizinfo.go.kr/sii/siia/selectSIIA200Detail.do?pblancId=PBLN_000000000123656
PBLN_000000000123659,[경북] 2026년 3차 지역기업 성장사다리 지원사업 통합 추가 공고,중소벤처기업부,fetched,url,needs_review,large_amount_delta,기존 금액과 새 대표금액 차이가 큼,"amount_delta_20_percent:old=4500,new=1500",4500.0,support_amount,subtract,9,1500.0,support_amount,subtract,,2625,13250,붙임 1. 2026년도 경북 지역기업 성장사다리 지원사업 통합공고(3차).pdf: 400 Client Error: Bad Request for url: https://www.bizinfo.go.kr/sii/siia/%EB%B6%99%EC%9E%84%201.%202026%EB%85%84%EB%8F%84%20%EA%B2%BD%EB%B6%81%20%EC%A7%80%EC%97%AD%EA%B8%B0%EC%97%85%20%EC%84%B1%EC%9E%A5%EC%82%AC%EB%8B%A4%EB%A6%AC%20%EC%A7%80%EC%9B%90%EC%82%AC%EC%97%85%20%ED%86%B5%ED%95%A9%EA%B3%B5%EA%B3%A0(3%EC%B0%A8).pdf / 붙임 4. RMS 지원기업 사용자매뉴얼.pdf: 400 Client Error: Bad Request for url: https://www.bizinfo.go.kr/sii/siia/%EB%B6%99%EC%9E%84%204.%20RMS%20%EC%A7%80%EC%9B%90%EA%B8%B0%EC%97%85%20%EC%82%AC%EC%9A%A9%EC%9E%90%EB%A7%A4%EB%89%B4%EC%96%BC.pdf / 202606261332120449.pdf: 404 Client Error: Not Found for url: https://www.bizinfo.go.kr/sii/siia/202606261332120449.pdf / 202606261332120507.pdf: 404 Client Error: Not Found for url: https://www.bizinfo.go.kr/sii/siia/202606261332120507.pdf / 202606261334360377.pdf: 404 Client Error: Not Found for url: https://www.bizinfo.go.kr/sii/siia/202606261334360377.pdf / 붙임 3. 26년 경북지역 성장사다리 자주묻는질문.pdf: 400 Client Error: Bad Request for url: https://www.bizinfo.go.kr/sii/siia/%EB%B6%99%EC%9E%84%203.%2026%EB%85%84%20%EA%B2%BD%EB%B6%81%EC%A7%80%EC%97%AD%20%EC%84%B1%EC%9E%A5%EC%82%AC%EB%8B%A4%EB%A6%AC%20%EC%9E%90%EC%A3%BC%EB%AC%BB%EB%8A%94%EC%A7%88%EB%AC%B8.pdf / 붙임 5.경북지역 성장사다리 지원사업 신청기업 수요조사서.hwp: 400 Client Error: Bad Request for url: https://www.bizinfo.go.kr/sii/siia/%EB%B6%99%EC%9E%84%205.%EA%B2%BD%EB%B6%81%EC%A7%80%EC%97%AD%20%EC%84%B1%EC%9E%A5%EC%82%AC%EB%8B%A4%EB%A6%AC%20%EC%A7%80%EC%9B%90%EC%82%AC%EC%97%85%20%EC%8B%A0%EC%B2%AD%EA%B8%B0%EC%97%85%20%EC%88%98%EC%9A%94%EC%A1%B0%EC%82%AC%EC%84%9C.hwp / 202606261332120283.hwp: 404 Client Error: Not Found for url: https://www.bizinfo.go.kr/sii/siia/202606261332120283.hwp,https://www.bizinfo.go.kr/sii/siia/selectSIIA200Detail.do?pblancId=PBLN_000000000123659
PBLN_000000000123661,2026년 중소사업장 유해화학물질 취급시설 안전관리 지원 사업 참여 사업장 모집 공고,기후에너지환경부,fetched,url,needs_review,selected_candidate_missing,금액 후보는 있으나 대표금액을 선택하지 못함,,,support_ratio,ratio_cap,1,,,,1.0,1756,2196,홍보리플렛_26년 중소사업장 유해화학물질 취급시설 안전관리 지원사업.pdf: 400 Client Error: Bad Request for url: https://www.bizinfo.go.kr/sii/siia/%ED%99%8D%EB%B3%B4%EB%A6%AC%ED%94%8C%EB%A0%9B_26%EB%85%84%20%EC%A4%91%EC%86%8C%EC%82%AC%EC%97%85%EC%9E%A5%20%EC%9C%A0%ED%95%B4%ED%99%94%ED%95%99%EB%AC%BC%EC%A7%88%20%EC%B7%A8%EA%B8%89%EC%8B%9C%EC%84%A4%20%EC%95%88%EC%A0%84%EA%B4%80%EB%A6%AC%20%EC%A7%80%EC%9B%90%EC%82%AC%EC%97%85.pdf / 202606261342590068.pdf: 404 Client Error: Not Found for url: https://www.bizinfo.go.kr/sii/siia/202606261342590068.pdf / (붙임1) 「2026년도 유해화학물질 취급시설 안전관리 지원사업」모집 안내.hwp: 400 Client Error: Bad Request for url: https://www.bizinfo.go.kr/sii/siia/(%EB%B6%99%EC%9E%841)%20%E3%80%8C2026%EB%85%84%EB%8F%84%20%EC%9C%A0%ED%95%B4%ED%99%94%ED%95%99%EB%AC%BC%EC%A7%88%20%EC%B7%A8%EA%B8%89%EC%8B%9C%EC%84%A4%20%EC%95%88%EC%A0%84%EA%B4%80%EB%A6%AC%20%EC%A7%80%EC%9B%90%EC%82%AC%EC%97%85%E3%80%8D%EB%AA%A8%EC%A7%91%20%EC%95%88%EB%82%B4.hwp / 202606261342530421.hwp: 404 Client Error: Not Found for url: https://www.bizinfo.go.kr/sii/siia/202606261342530421.hwp,https://www.bizinfo.go.kr/sii/siia/selectSIIA200Detail.do?pblancId=PBLN_000000000123661
PBLN_000000000123662,[전북] 2026년 게임기업 컨설팅 지원사업 신청 게임기업(예비창업자) 모집 공고,전북특별자치도,fetched,url,needs_review,subtract_without_limit_context,직접 차감 후보이나 기업당/한도 문맥이 부족함,,60000.0,subsidy,subtract,4,60000.0,subsidy,subtract,0.5,2185,11022,[붙임1] 2026 게임기업 컨설팅 지원사업 공고문.pdf: 400 Client Error: Bad Request for url: https://www.bizinfo.go.kr/sii/siia/%5B%EB%B6%99%EC%9E%841%5D%202026%20%EA%B2%8C%EC%9E%84%EA%B8%B0%EC%97%85%20%EC%BB%A8%EC%84%A4%ED%8C%85%20%EC%A7%80%EC%9B%90%EC%82%AC%EC%97%85%20%EA%B3%B5%EA%B3%A0%EB%AC%B8.pdf / 202606261325310136.pdf: 404 Client Error: Not Found for url: https://www.bizinfo.go.kr/sii/siia/202606261325310136.pdf / [붙임2] 2026 게임기업 컨설팅 지원사업 사업신청서.hwp: 400 Client Error: Bad Request for url: https://www.bizinfo.go.kr/sii/siia/%5B%EB%B6%99%EC%9E%842%5D%202026%20%EA%B2%8C%EC%9E%84%EA%B8%B0%EC%97%85%20%EC%BB%A8%EC%84%A4%ED%8C%85%20%EC%A7%80%EC%9B%90%EC%82%AC%EC%97%85%20%EC%82%AC%EC%97%85%EC%8B%A0%EC%B2%AD%EC%84%9C.hwp / 202606261325340725.hwp: 404 Client Error: Not Found for url: https://www.bizinfo.go.kr/sii/siia/202606261325340725.hwp,https://www.bizinfo.go.kr/sii/siia/selectSIIA200Detail.do?pblancId=PBLN_000000000123662
PBLN_000000000123666,[경북] 2026년 3차 광역이음프로젝트 공동 R&Dㆍ일터 개선ㆍ재직자 훈련 참여기업 모집 통합 공고,경상북도,fetched,url,safe,clear_selected_candidate,대표금액 후보가 명확함,,3000.0,support_amount,subtract,1,3000.0,support_amount,subtract,,2395,7764,2026년 광역이음프로젝트 공동 R&D일터 개선재직자 훈련 참여 기업 모집 3차 통합 공고.pdf: 400 Client Error: Bad Request for url: https://www.bizinfo.go.kr/sii/siia/2026%EB%85%84%20%EA%B4%91%EC%97%AD%EC%9D%B4%EC%9D%8C%ED%94%84%EB%A1%9C%EC%A0%9D%ED%8A%B8%20%EA%B3%B5%EB%8F%99%20R&D%EC%9D%BC%ED%84%B0%20%EA%B0%9C%EC%84%A0%EC%9E%AC%EC%A7%81%EC%9E%90%20%ED%9B%88%EB%A0%A8%20%EC%B0%B8%EC%97%AC%20%EA%B8%B0%EC%97%85%20%EB%AA%A8%EC%A7%91%203%EC%B0%A8%20%ED%86%B5%ED%95%A9%20%EA%B3%B5%EA%B3%A0.pdf / 202606261352260625.pdf: 404 Client Error: Not Found for url: https://www.bizinfo.go.kr/sii/siia/202606261352260625.pdf / 2026년_프로젝트2-1._2-2._3-4_통합_지원_신청서_ver6.hwp: 400 Client Error: Bad Request for url: https://www.bizinfo.go.kr/sii/siia/2026%EB%85%84_%ED%94%84%EB%A1%9C%EC%A0%9D%ED%8A%B82-1._2-2._3-4_%ED%86%B5%ED%95%A9_%EC%A7%80%EC%9B%90_%EC%8B%A0%EC%B2%AD%EC%84%9C_ver6.hwp / 202606261354340283.hwp: 404 Client Error: Not Found for url: https://www.bizinfo.go.kr/sii/siia/202606261354340283.hwp / 2026년 광역이음프로젝트 공동 R&D일터 개선재직자 훈련 참여 기업 모집 3차 통합 공고.pdf: text extraction failed,https://www.bizinfo.go.kr/sii/siia/selectSIIA200Detail.do?pblancId=PBLN_000000000123666
PBLN_000000000123668,2026년 이차전지 소재부품 기업대상 기술개발 패키지 지원프로그램 참여기업 모집 공고,경상북도,fetched,url,needs_review,candidate_missing,금액 후보 자체를 찾지 못함,,,support_ratio,ratio_cap,0,,,,,2266,0,(공고문) 2026년도 이차전지 소재부품 기업대상 기술개발 패키지 지원프로그램 참여기업 모집 공고.pdf: 400 Client Error: Bad Request for url: https://www.bizinfo.go.kr/sii/siia/(%EA%B3%B5%EA%B3%A0%EB%AC%B8)%202026%EB%85%84%EB%8F%84%20%EC%9D%B4%EC%B0%A8%EC%A0%84%EC%A7%80%20%EC%86%8C%EC%9E%AC%EB%B6%80%ED%92%88%20%EA%B8%B0%EC%97%85%EB%8C%80%EC%83%81%20%EA%B8%B0%EC%88%A0%EA%B0%9C%EB%B0%9C%20%ED%8C%A8%ED%82%A4%EC%A7%80%20%EC%A7%80%EC%9B%90%ED%94%84%EB%A1%9C%EA%B7%B8%EB%9E%A8%20%EC%B0%B8%EC%97%AC%EA%B8%B0%EC%97%85%20%EB%AA%A8%EC%A7%91%20%EA%B3%B5%EA%B3%A0.pdf / 202606261348160594.pdf: 404 Client Error: Not Found for url: https://www.bizinfo.go.kr/sii/siia/202606261348160594.pdf / (공고문) 2026년도 이차전지 소재부품 기업대상 기술개발 패키지 지원프로그램 참여기업 모집 공고.pdf: text extraction failed,https://www.bizinfo.go.kr/sii/siia/selectSIIA200Detail.do?pblancId=PBLN_000000000123668
PBLN_000000000123669,[대구] 2026년 R&D 과제 발굴 및 기획 지원 공고,대구광역시,fetched,url,safe,clear_selected_candidate,대표금액 후보가 명확함,,1000.0,support_amount,subtract,14,1000.0,support_amount,subtract,0.8,2461,5327,붙임 1. 2026년 R&D 과제 발굴 및 기획 지원 공고.pdf: 400 Client Error: Bad Request for url: https://www.bizinfo.go.kr/sii/siia/%EB%B6%99%EC%9E%84%201.%202026%EB%85%84%20R&D%20%EA%B3%BC%EC%A0%9C%20%EB%B0%9C%EA%B5%B4%20%EB%B0%8F%20%EA%B8%B0%ED%9A%8D%20%EC%A7%80%EC%9B%90%20%EA%B3%B5%EA%B3%A0.pdf / 202606261400320698.pdf: 404 Client Error: Not Found for url: https://www.bizinfo.go.kr/sii/siia/202606261400320698.pdf,https://www.bizinfo.go.kr/sii/siia/selectSIIA200Detail.do?pblancId=PBLN_000000000123669
PBLN_000000000123670,[부산] 영도구 2026년 3차 부산 커피산업 생태계 R&D 클러스트 구축사업 기업지원 프로그램 통합 모집 공고(시군구연고산업육성 협업프로젝트),중소벤처기업부,fetched,url,needs_review,selected_candidate_missing,금액 후보는 있으나 대표금액을 선택하지 못함,old_amount_without_new_selected_amount,3300.0,support_amount,subtract,7,,,,1.0,2459,13104,[공고문]+부산+커피산업+생태계+R&D+클러스트+구축사업+기업지원+프로그램+통합모집+3차+공고.hwp: 400 Client Error: Bad Request for url: https://www.bizinfo.go.kr/sii/siia/%5B%EA%B3%B5%EA%B3%A0%EB%AC%B8%5D+%EB%B6%80%EC%82%B0+%EC%BB%A4%ED%94%BC%EC%82%B0%EC%97%85+%EC%83%9D%ED%83%9C%EA%B3%84+R&D+%ED%81%B4%EB%9F%AC%EC%8A%A4%ED%8A%B8+%EA%B5%AC%EC%B6%95%EC%82%AC%EC%97%85+%EA%B8%B0%EC%97%85%EC%A7%80%EC%9B%90+%ED%94%84%EB%A1%9C%EA%B7%B8%EB%9E%A8+%ED%86%B5%ED%95%A9%EB%AA%A8%EC%A7%91+3%EC%B0%A8+%EA%B3%B5%EA%B3%A0.hwp / 202606261405490385.hwp: 404 Client Error: Not Found for url: https://www.bizinfo.go.kr/sii/siia/202606261405490385.hwp / 202606261406210093.hwp: 404 Client Error: Not Found for url: https://www.bizinfo.go.kr/sii/siia/202606261406210093.hwp / [신청서]부산+커피산업+생태계+R&D+클러스트+구축사업+신청서+및+제출서식+(3차).hwp: 400 Client Error: Bad Request for url: https://www.bizinfo.go.kr/sii/siia/%5B%EC%8B%A0%EC%B2%AD%EC%84%9C%5D%EB%B6%80%EC%82%B0+%EC%BB%A4%ED%94%BC%EC%82%B0%EC%97%85+%EC%83%9D%ED%83%9C%EA%B3%84+R&D+%ED%81%B4%EB%9F%AC%EC%8A%A4%ED%8A%B8+%EA%B5%AC%EC%B6%95%EC%82%AC%EC%97%85+%EC%8B%A0%EC%B2%AD%EC%84%9C+%EB%B0%8F+%EC%A0%9C%EC%B6%9C%EC%84%9C%EC%8B%9D+(3%EC%B0%A8).hwp,https://www.bizinfo.go.kr/sii/siia/selectSIIA200Detail.do?pblancId=PBLN_000000000123670
PBLN_000000000123671,[전북] 2026년 2차 혁신성장 R&D+(연구개발)사업 지원사업 모집 공고,전북특별자치도,fetched,url,needs_review,large_amount_delta,기존 금액과 새 대표금액 차이가 큼,"amount_delta_20_percent:old=2470,new=95000",2470.0,support_amount,subtract,55,95000.0,support_amount,subtract,1.0,2533,24121,[공고문]2026년_전북특별자치도_혁신성장RD사업_2차_공고문+.pdf: 400 Client Error: Bad Request for url: https://www.bizinfo.go.kr/sii/siia/%5B%EA%B3%B5%EA%B3%A0%EB%AC%B8%5D2026%EB%85%84_%EC%A0%84%EB%B6%81%ED%8A%B9%EB%B3%84%EC%9E%90%EC%B9%98%EB%8F%84_%ED%98%81%EC%8B%A0%EC%84%B1%EC%9E%A5RD%EC%82%AC%EC%97%85_2%EC%B0%A8_%EA%B3%B5%EA%B3%A0%EB%AC%B8+.pdf / 202606261407430588.pdf: 404 Client Error: Not Found for url: https://www.bizinfo.go.kr/sii/siia/202606261407430588.pdf / 202606261408550156.hwp: 404 Client Error: Not Found for url: https://www.bizinfo.go.kr/sii/siia/202606261408550156.hwp / [양식]1.2026년혁신성장R&D+사업(2차)계획서.hwp: 400 Client Error: Bad Request for url: https://www.bizinfo.go.kr/sii/siia/%5B%EC%96%91%EC%8B%9D%5D1.2026%EB%85%84%ED%98%81%EC%8B%A0%EC%84%B1%EC%9E%A5R&D+%EC%82%AC%EC%97%85(2%EC%B0%A8)%EA%B3%84%ED%9A%8D%EC%84%9C.hwp,https://www.bizinfo.go.kr/sii/siia/selectSIIA200Detail.do?pblancId=PBLN_000000000123671
PBLN_000000000123673,[대전] 2026년 2차 방산혁신클러스터 국방ㆍ드론분야 기술사업화 민-군 브릿지 코디네이터 지원기업 모집 공고,방위사업청,fetched,url,safe,clear_selected_candidate,대표금액 후보가 명확함,,600.0,support_amount,subtract,5,600.0,support_amount,subtract,0.5,1599,3980,2026년 2차 방산혁신클러스터 국방ㆍ드론분야 기술사업화 민-군 브릿지 코디네이터 지원기업 모집 공고.pdf: 400 Client Error: Bad Request for url: https://www.bizinfo.go.kr/sii/siia/2026%EB%85%84%202%EC%B0%A8%20%EB%B0%A9%EC%82%B0%ED%98%81%EC%8B%A0%ED%81%B4%EB%9F%AC%EC%8A%A4%ED%84%B0%20%EA%B5%AD%EB%B0%A9%E3%86%8D%EB%93%9C%EB%A1%A0%EB%B6%84%EC%95%BC%20%EA%B8%B0%EC%88%A0%EC%82%AC%EC%97%85%ED%99%94%20%EB%AF%BC-%EA%B5%B0%20%EB%B8%8C%EB%A6%BF%EC%A7%80%20%EC%BD%94%EB%94%94%EB%84%A4%EC%9D%B4%ED%84%B0%20%EC%A7%80%EC%9B%90%EA%B8%B0%EC%97%85%20%EB%AA%A8%EC%A7%91%20%EA%B3%B5%EA%B3%A0.pdf / 202606261415440867.pdf: 404 Client Error: Not Found for url: https://www.bizinfo.go.kr/sii/siia/202606261415440867.pdf,https://www.bizinfo.go.kr/sii/siia/selectSIIA200Detail.do?pblancId=PBLN_000000000123673
PBLN_000000000123677,[제주] 건강기능식품 양산화 지원 사업 수혜기업 모집 공고(기능성식품공장운영 및 제품생산활성화사업),제주특별자치도,fetched,url,safe,clear_selected_candidate,대표금액 후보가 명확함,,900.0,support_amount,subtract,3,900.0,support_amount,subtract,,1639,7137,붙임1. 공고문.pdf: 400 Client Error: Bad Request for url: https://www.bizinfo.go.kr/sii/siia/%EB%B6%99%EC%9E%841.%20%EA%B3%B5%EA%B3%A0%EB%AC%B8.pdf / 202606261424100068.pdf: 404 Client Error: Not Found for url: https://www.bizinfo.go.kr/sii/siia/202606261424100068.pdf / 202606261425100008.hwp: 404 Client Error: Not Found for url: https://www.bizinfo.go.kr/sii/siia/202606261425100008.hwp / 붙임2. 신청서(양식).hwp: 400 Client Error: Bad Request for url: https://www.bizinfo.go.kr/sii/siia/%EB%B6%99%EC%9E%842.%20%EC%8B%A0%EC%B2%AD%EC%84%9C(%EC%96%91%EC%8B%9D).hwp,https://www.bizinfo.go.kr/sii/siia/selectSIIA200Detail.do?pblancId=PBLN_000000000123677
PBLN_000000000123679,[인천] 2026년 일하기 좋은 뿌리기업 선정 공고,인천광역시,fetched,url,safe,clear_selected_candidate,대표금액 후보가 명확함,,100000.0,support_amount,subtract,5,100000.0,support_amount,subtract,1.0,1705,24138,(공고문)2026년_인천_일하기_좋은_뿌리기업_선정_(인천시)_(수정).pdf: 400 Client Error: Bad Request for url: https://www.bizinfo.go.kr/sii/siia/(%EA%B3%B5%EA%B3%A0%EB%AC%B8)2026%EB%85%84_%EC%9D%B8%EC%B2%9C_%EC%9D%BC%ED%95%98%EA%B8%B0_%EC%A2%8B%EC%9D%80_%EB%BF%8C%EB%A6%AC%EA%B8%B0%EC%97%85_%EC%84%A0%EC%A0%95_(%EC%9D%B8%EC%B2%9C%EC%8B%9C)_(%EC%88%98%EC%A0%95).pdf / 202606291120340881.pdf: 404 Client Error: Not Found for url: https://www.bizinfo.go.kr/sii/siia/202606291120340881.pdf / (공고문)2026년_인천_일하기_좋은_뿌리기업_선정_(인천시)_(수정)_.hwp: 400 Client Error: Bad Request for url: https://www.bizinfo.go.kr/sii/siia/(%EA%B3%B5%EA%B3%A0%EB%AC%B8)2026%EB%85%84_%EC%9D%B8%EC%B2%9C_%EC%9D%BC%ED%95%98%EA%B8%B0_%EC%A2%8B%EC%9D%80_%EB%BF%8C%EB%A6%AC%EA%B8%B0%EC%97%85_%EC%84%A0%EC%A0%95_(%EC%9D%B8%EC%B2%9C%EC%8B%9C)_(%EC%88%98%EC%A0%95)_.hwp / 202606291120300480.hwp: 404 Client Error: Not Found for url: https://www.bizinfo.go.kr/sii/siia/202606291120300480.hwp,https://www.bizinfo.go.kr/sii/siia/selectSIIA200Detail.do?pblancId=PBLN_000000000123679
PBLN_000000000123680,2026년 중견기업-공공연 개방형 혁신 지원 사업 신규과제 모집 공고,산업통상부,fetched,url,needs_review,selected_candidate_missing,금액 후보는 있으나 대표금액을 선택하지 못함,old_amount_without_new_selected_amount,700.0,support_amount,subtract,2,,,,0.5,2499,7669,(공고문) 2026년도 중견기업공공연개방형혁신지원사업 신규과제 모집.hwpx: 400 Client Error: Bad Request for url: https://www.bizinfo.go.kr/sii/siia/(%EA%B3%B5%EA%B3%A0%EB%AC%B8)%202026%EB%85%84%EB%8F%84%20%EC%A4%91%EA%B2%AC%EA%B8%B0%EC%97%85%EA%B3%B5%EA%B3%B5%EC%97%B0%EA%B0%9C%EB%B0%A9%ED%98%95%ED%98%81%EC%8B%A0%EC%A7%80%EC%9B%90%EC%82%AC%EC%97%85%20%EC%8B%A0%EA%B7%9C%EA%B3%BC%EC%A0%9C%20%EB%AA%A8%EC%A7%91.hwpx / 202606261425390536.hwpx: 404 Client Error: Not Found for url: https://www.bizinfo.go.kr/sii/siia/202606261425390536.hwpx,https://www.bizinfo.go.kr/sii/siia/selectSIIA200Detail.do?pblancId=PBLN_000000000123680
PBLN_000000000123681,자동차부품기업 사이버보안 컨설팅 참여기업 모집 공고,산업통상부,fetched,url,needs_review,selected_candidate_missing,금액 후보는 있으나 대표금액을 선택하지 못함,old_amount_without_new_selected_amount,5000.0,support_amount,subtract,2,,,,1.0,1881,9594,4._사이버보안_컨설팅_지원_포스터.pdf: 400 Client Error: Bad Request for url: https://www.bizinfo.go.kr/sii/siia/4._%EC%82%AC%EC%9D%B4%EB%B2%84%EB%B3%B4%EC%95%88_%EC%BB%A8%EC%84%A4%ED%8C%85_%EC%A7%80%EC%9B%90_%ED%8F%AC%EC%8A%A4%ED%84%B0.pdf / 202606261442450612.pdf: 404 Client Error: Not Found for url: https://www.bizinfo.go.kr/sii/siia/202606261442450612.pdf / 1._2026년_자동차_사이버보안_신청서_및_사업계획서(양식).hwp: 400 Client Error: Bad Request for url: https://www.bizinfo.go.kr/sii/siia/1._2026%EB%85%84_%EC%9E%90%EB%8F%99%EC%B0%A8_%EC%82%AC%EC%9D%B4%EB%B2%84%EB%B3%B4%EC%95%88_%EC%8B%A0%EC%B2%AD%EC%84%9C_%EB%B0%8F_%EC%82%AC%EC%97%85%EA%B3%84%ED%9A%8D%EC%84%9C(%EC%96%91%EC%8B%9D).hwp / 2._2026년_자동차_사이버보안_컨설팅_지원사업_참여기업_제출서류.hwp: 400 Client Error: Bad Request for url: https://www.bizinfo.go.kr/sii/siia/2._2026%EB%85%84_%EC%9E%90%EB%8F%99%EC%B0%A8_%EC%82%AC%EC%9D%B4%EB%B2%84%EB%B3%B4%EC%95%88_%EC%BB%A8%EC%84%A4%ED%8C%85_%EC%A7%80%EC%9B%90%EC%82%AC%EC%97%85_%EC%B0%B8%EC%97%AC%EA%B8%B0%EC%97%85_%EC%A0%9C%EC%B6%9C%EC%84%9C%EB%A5%98.hwp / 202606261442510017.hwp: 404 Client Error: Not Found for url: https://www.bizinfo.go.kr/sii/siia/202606261442510017.hwp / 202606261442510109.hwp: 404 Client Error: Not Found for url: https://www.bizinfo.go.kr/sii/siia/202606261442510109.hwp / 4._사이버보안_컨설팅_지원_포스터.pdf: text extraction failed,https://www.bizinfo.go.kr/sii/siia/selectSIIA200Detail.do?pblancId=PBLN_000000000123681
PBLN_000000000123682,2026년 ICT 중소기업 정보보호 지원 사업 수요기업 모집 공고,과학기술정보통신부,fetched,url,safe,clear_selected_candidate,대표금액 후보가 명확함,,480.0,subsidy,subtract,46,480.0,subsidy,subtract,1.0,2517,24134,2026년 ICT 중소기업 정보보호 지원 사업 수요기업 모집 공고문.hwpx: 400 Client Error: Bad Request for url: https://www.bizinfo.go.kr/sii/siia/2026%EB%85%84%20ICT%20%EC%A4%91%EC%86%8C%EA%B8%B0%EC%97%85%20%EC%A0%95%EB%B3%B4%EB%B3%B4%ED%98%B8%20%EC%A7%80%EC%9B%90%20%EC%82%AC%EC%97%85%20%EC%88%98%EC%9A%94%EA%B8%B0%EC%97%85%20%EB%AA%A8%EC%A7%91%20%EA%B3%B5%EA%B3%A0%EB%AC%B8.hwpx / 202606261434140502.hwpx: 404 Client Error: Not Found for url: https://www.bizinfo.go.kr/sii/siia/202606261434140502.hwpx / 2026년 ICT 중소기업 정보보호 지원 사업 수요기업 모집 공고문.hwp: 400 Client Error: Bad Request for url: https://www.bizinfo.go.kr/sii/siia/2026%EB%85%84%20ICT%20%EC%A4%91%EC%86%8C%EA%B8%B0%EC%97%85%20%EC%A0%95%EB%B3%B4%EB%B3%B4%ED%98%B8%20%EC%A7%80%EC%9B%90%20%EC%82%AC%EC%97%85%20%EC%88%98%EC%9A%94%EA%B8%B0%EC%97%85%20%EB%AA%A8%EC%A7%91%20%EA%B3%B5%EA%B3%A0%EB%AC%B8.hwp / 202606261434190002.hwp: 404 Client Error: Not Found for url: https://www.bizinfo.go.kr/sii/siia/202606261434190002.hwp,https://www.bizinfo.go.kr/sii/siia/selectSIIA200Detail.do?pblancId=PBLN_000000000123682
PBLN_000000000123689,지능형 헬스케어제품 기반 실증ㆍ사업화 지원사업 기업지원 기술지원 추가 공고,산업통상부,fetched,url,safe,clear_selected_candidate,대표금액 후보가 명확함,type_changed:support_amount->non_cash | roi_method_changed:subtract->recommend_only,1000.0,support_amount,subtract,8,1000.0,non_cash,recommend_only,0.5,2347,14332,1. (최종)지능형 헬스케어제품 기반 실증·사업화 지원사업_기업지원 통합 공고문_260623(2차공고).hwp: 400 Client Error: Bad Request for url: https://www.bizinfo.go.kr/sii/siia/1.%20(%EC%B5%9C%EC%A2%85)%EC%A7%80%EB%8A%A5%ED%98%95%20%ED%97%AC%EC%8A%A4%EC%BC%80%EC%96%B4%EC%A0%9C%ED%92%88%20%EA%B8%B0%EB%B0%98%20%EC%8B%A4%EC%A6%9D%C2%B7%EC%82%AC%EC%97%85%ED%99%94%20%EC%A7%80%EC%9B%90%EC%82%AC%EC%97%85_%EA%B8%B0%EC%97%85%EC%A7%80%EC%9B%90%20%ED%86%B5%ED%95%A9%20%EA%B3%B5%EA%B3%A0%EB%AC%B8_260623(2%EC%B0%A8%EA%B3%B5%EA%B3%A0).hwp / 2. (최종)지원사업 신청서 서식 일체.hwp: 400 Client Error: Bad Request for url: https://www.bizinfo.go.kr/sii/siia/2.%20(%EC%B5%9C%EC%A2%85)%EC%A7%80%EC%9B%90%EC%82%AC%EC%97%85%20%EC%8B%A0%EC%B2%AD%EC%84%9C%20%EC%84%9C%EC%8B%9D%20%EC%9D%BC%EC%B2%B4.hwp / 202606290946490917.hwp: 404 Client Error: Not Found for url: https://www.bizinfo.go.kr/sii/siia/202606290946490917.hwp / 202606290947440657.hwp: 404 Client Error: Not Found for url: https://www.bizinfo.go.kr/sii/siia/202606290947440657.hwp,https://www.bizinfo.go.kr/sii/siia/selectSIIA200Detail.do?pblancId=PBLN_000000000123689
PBLN_000000000123691,[제주] 2026년 지역소재 기반 미드폼 영상 콘텐츠 제작 지원 사업 모집 공고(제주콘텐츠코리아랩 운영사업),제주특별자치도,fetched,url,safe,clear_selected_candidate,대표금액 후보가 명확함,,18000.0,support_amount,subtract,14,18000.0,support_amount,subtract,0.5,1781,21431,붙임1. 공고문.pdf: 400 Client Error: Bad Request for url: https://www.bizinfo.go.kr/sii/siia/%EB%B6%99%EC%9E%841.%20%EA%B3%B5%EA%B3%A0%EB%AC%B8.pdf / 202606291006560534.pdf: 404 Client Error: Not Found for url: https://www.bizinfo.go.kr/sii/siia/202606291006560534.pdf / 202606291007430776.pdf: 404 Client Error: Not Found for url: https://www.bizinfo.go.kr/sii/siia/202606291007430776.pdf / 붙임3. 사업비 집행기준.pdf: 400 Client Error: Bad Request for url: https://www.bizinfo.go.kr/sii/siia/%EB%B6%99%EC%9E%843.%20%EC%82%AC%EC%97%85%EB%B9%84%20%EC%A7%91%ED%96%89%EA%B8%B0%EC%A4%80.pdf / 202606291007430683.hwp: 404 Client Error: Not Found for url: https://www.bizinfo.go.kr/sii/siia/202606291007430683.hwp / 붙임2. 제출서류 양식.hwp: 400 Client Error: Bad Request for url: https://www.bizinfo.go.kr/sii/siia/%EB%B6%99%EC%9E%842.%20%EC%A0%9C%EC%B6%9C%EC%84%9C%EB%A5%98%20%EC%96%91%EC%8B%9D.hwp,https://www.bizinfo.go.kr/sii/siia/selectSIIA200Detail.do?pblancId=PBLN_000000000123691
PBLN_000000000123694,[대전] 2026년 팝:콘 고도화 제작 지원사업 참여기업 모집 수정 공고,대전광역시,fetched,url,needs_review,large_amount_delta,기존 금액과 새 대표금액 차이가 큼,"amount_delta_20_percent:old=28950,new=5790",28950.0,support_amount,subtract,13,5790.0,support_amount,subtract,1.0,2350,20634,붙임1.+2026년+팝콘+고도화+제작+지원사업+모집공고(수정)+.pdf: 400 Client Error: Bad Request for url: https://www.bizinfo.go.kr/sii/siia/%EB%B6%99%EC%9E%841.+2026%EB%85%84+%ED%8C%9D%EC%BD%98+%EA%B3%A0%EB%8F%84%ED%99%94+%EC%A0%9C%EC%9E%91+%EC%A7%80%EC%9B%90%EC%82%AC%EC%97%85+%EB%AA%A8%EC%A7%91%EA%B3%B5%EA%B3%A0(%EC%88%98%EC%A0%95)+.pdf / 202606291034560167.pdf: 404 Client Error: Not Found for url: https://www.bizinfo.go.kr/sii/siia/202606291034560167.pdf / 붙임2.+2026년+팝콘+고도화+제작+지원사업+관리지침.hwp: 400 Client Error: Bad Request for url: https://www.bizinfo.go.kr/sii/siia/%EB%B6%99%EC%9E%842.+2026%EB%85%84+%ED%8C%9D%EC%BD%98+%EA%B3%A0%EB%8F%84%ED%99%94+%EC%A0%9C%EC%9E%91+%EC%A7%80%EC%9B%90%EC%82%AC%EC%97%85+%EA%B4%80%EB%A6%AC%EC%A7%80%EC%B9%A8.hwp / 202606291035290937.hwp: 404 Client Error: Not Found for url: https://www.bizinfo.go.kr/sii/siia/202606291035290937.hwp,https://www.bizinfo.go.kr/sii/siia/selectSIIA200Detail.do?pblancId=PBLN_000000000123694
PBLN_000000000123698,[대구] 2026년 노사상생 우수기업 발굴 및 지원 공고,대구광역시,fetched,url,safe,clear_selected_candidate,대표금액 후보가 명확함,,500.0,support_amount,subtract,3,500.0,support_amount,subtract,,1929,9465,공고문 노사상생 우수기업 발굴 및 지원.hwpx: 400 Client Error: Bad Request for url: https://www.bizinfo.go.kr/sii/siia/%EA%B3%B5%EA%B3%A0%EB%AC%B8%20%EB%85%B8%EC%82%AC%EC%83%81%EC%83%9D%20%EC%9A%B0%EC%88%98%EA%B8%B0%EC%97%85%20%EB%B0%9C%EA%B5%B4%20%EB%B0%8F%20%EC%A7%80%EC%9B%90.hwpx / 서식 노사상생 우수기업 발굴 및 지원.hwpx: 400 Client Error: Bad Request for url: https://www.bizinfo.go.kr/sii/siia/%EC%84%9C%EC%8B%9D%20%EB%85%B8%EC%82%AC%EC%83%81%EC%83%9D%20%EC%9A%B0%EC%88%98%EA%B8%B0%EC%97%85%20%EB%B0%9C%EA%B5%B4%20%EB%B0%8F%20%EC%A7%80%EC%9B%90.hwpx / 202606291108290747.hwpx: 404 Client Error: Not Found for url: https://www.bizinfo.go.kr/sii/siia/202606291108290747.hwpx / 202606291109030219.hwpx: 404 Client Error: Not Found for url: https://www.bizinfo.go.kr/sii/siia/202606291109030219.hwpx,https://www.bizinfo.go.kr/sii/siia/selectSIIA200Detail.do?pblancId=PBLN_000000000123698
PBLN_000000000123700,[대구] 2026년 산업안전보건 원스톱 서비스 지원 공고,대구광역시,fetched,url,needs_review,selected_candidate_missing,금액 후보는 있으나 대표금액을 선택하지 못함,old_amount_without_new_selected_amount,1250.0,support_amount,subtract,5,,,,,2135,7950,공고문 산업안전보건 원스톱 서비스 지원.hwp: 400 Client Error: Bad Request for url: https://www.bizinfo.go.kr/sii/siia/%EA%B3%B5%EA%B3%A0%EB%AC%B8%20%EC%82%B0%EC%97%85%EC%95%88%EC%A0%84%EB%B3%B4%EA%B1%B4%20%EC%9B%90%EC%8A%A4%ED%86%B1%20%EC%84%9C%EB%B9%84%EC%8A%A4%20%EC%A7%80%EC%9B%90.hwp / 서식 산업안전보건 원스톱 서비스 지원.hwp: 400 Client Error: Bad Request for url: https://www.bizinfo.go.kr/sii/siia/%EC%84%9C%EC%8B%9D%20%EC%82%B0%EC%97%85%EC%95%88%EC%A0%84%EB%B3%B4%EA%B1%B4%20%EC%9B%90%EC%8A%A4%ED%86%B1%20%EC%84%9C%EB%B9%84%EC%8A%A4%20%EC%A7%80%EC%9B%90.hwp / 202606291113290748.hwp: 404 Client Error: Not Found for url: https://www.bizinfo.go.kr/sii/siia/202606291113290748.hwp / 202606291113330031.hwp: 404 Client Error: Not Found for url: https://www.bizinfo.go.kr/sii/siia/202606291113330031.hwp,https://www.bizinfo.go.kr/sii/siia/selectSIIA200Detail.do?pblancId=PBLN_000000000123700
PBLN_000000000123703,[부산] 2026년 3차 대외협력R&D기획지원사업 신규과제 공고,부산광역시,fetched,url,safe,clear_selected_candidate,대표금액 후보가 명확함,,2700.0,support_amount,subtract,21,3000.0,support_amount,subtract,0.4,2220,21331,(붙임1)+2026년도+제3차+대외협력R&D기획지원사업+공고문.pdf: 400 Client Error: Bad Request for url: https://www.bizinfo.go.kr/sii/siia/(%EB%B6%99%EC%9E%841)+2026%EB%85%84%EB%8F%84+%EC%A0%9C3%EC%B0%A8+%EB%8C%80%EC%99%B8%ED%98%91%EB%A0%A5R&D%EA%B8%B0%ED%9A%8D%EC%A7%80%EC%9B%90%EC%82%AC%EC%97%85+%EA%B3%B5%EA%B3%A0%EB%AC%B8.pdf / 202606291129280123.pdf: 404 Client Error: Not Found for url: https://www.bizinfo.go.kr/sii/siia/202606291129280123.pdf / (붙임2)+2026년도+제3차+대외협력R&D기획지원사업+제출(양식).hwp: 400 Client Error: Bad Request for url: https://www.bizinfo.go.kr/sii/siia/(%EB%B6%99%EC%9E%842)+2026%EB%85%84%EB%8F%84+%EC%A0%9C3%EC%B0%A8+%EB%8C%80%EC%99%B8%ED%98%91%EB%A0%A5R&D%EA%B8%B0%ED%9A%8D%EC%A7%80%EC%9B%90%EC%82%AC%EC%97%85+%EC%A0%9C%EC%B6%9C(%EC%96%91%EC%8B%9D).hwp / 202606291130040833.hwp: 404 Client Error: Not Found for url: https://www.bizinfo.go.kr/sii/siia/202606291130040833.hwp,https://www.bizinfo.go.kr/sii/siia/selectSIIA200Detail.do?pblancId=PBLN_000000000123703
PBLN_000000000123708,[경기] 2026년 공공의료원 AI진단보조기기 실증지원사업 참여기업 모집 공고,경기도,fetched,url,needs_review,selected_candidate_missing,금액 후보는 있으나 대표금액을 선택하지 못함,old_amount_without_new_selected_amount,8000.0,support_amount,subtract,6,,,,0.25,2422,8321,2026-1740_(2026-1740) 2026년 공공의료원 AI진단보조기기 실증지원 사업 참여기업 모집공고.hwpx: 400 Client Error: Bad Request for url: https://www.bizinfo.go.kr/sii/siia/2026-1740_(2026-1740)%202026%EB%85%84%20%EA%B3%B5%EA%B3%B5%EC%9D%98%EB%A3%8C%EC%9B%90%20AI%EC%A7%84%EB%8B%A8%EB%B3%B4%EC%A1%B0%EA%B8%B0%EA%B8%B0%20%EC%8B%A4%EC%A6%9D%EC%A7%80%EC%9B%90%20%EC%82%AC%EC%97%85%20%EC%B0%B8%EC%97%AC%EA%B8%B0%EC%97%85%20%EB%AA%A8%EC%A7%91%EA%B3%B5%EA%B3%A0.hwpx / 2026-1740_[참고] 경기도 법위반 기업 조회 관련자료.hwpx: 400 Client Error: Bad Request for url: https://www.bizinfo.go.kr/sii/siia/2026-1740_%5B%EC%B0%B8%EA%B3%A0%5D%20%EA%B2%BD%EA%B8%B0%EB%8F%84%20%EB%B2%95%EC%9C%84%EB%B0%98%20%EA%B8%B0%EC%97%85%20%EC%A1%B0%ED%9A%8C%20%EA%B4%80%EB%A0%A8%EC%9E%90%EB%A3%8C.hwpx / 202606291317250779.hwpx: 404 Client Error: Not Found for url: https://www.bizinfo.go.kr/sii/siia/202606291317250779.hwpx / 202606291317580042.hwpx: 404 Client Error: Not Found for url: https://www.bizinfo.go.kr/sii/siia/202606291317580042.hwpx,https://www.bizinfo.go.kr/sii/siia/selectSIIA200Detail.do?pblancId=PBLN_000000000123708
PBLN_000000000123712,[강원] 바이오ㆍ헬스케어 AI 대전환 실증기업 모집 공고(지역 주도형 AI 대전환 사업),강원특별자치도,fetched,url,needs_review,selected_candidate_missing,금액 후보는 있으나 대표금액을 선택하지 못함,,,unknown,recommend_only,1,,,,1.0,2333,18363,[공고문] 강원 바이오-헬스케어 AI 대전환 실증기업 모집 공고.pdf: 400 Client Error: Bad Request for url: https://www.bizinfo.go.kr/sii/siia/%5B%EA%B3%B5%EA%B3%A0%EB%AC%B8%5D%20%EA%B0%95%EC%9B%90%20%EB%B0%94%EC%9D%B4%EC%98%A4-%ED%97%AC%EC%8A%A4%EC%BC%80%EC%96%B4%20AI%20%EB%8C%80%EC%A0%84%ED%99%98%20%EC%8B%A4%EC%A6%9D%EA%B8%B0%EC%97%85%20%EB%AA%A8%EC%A7%91%20%EA%B3%B5%EA%B3%A0.pdf / 202606291328430702.pdf: 404 Client Error: Not Found for url: https://www.bizinfo.go.kr/sii/siia/202606291328430702.pdf / 202606291329230185.pdf: 404 Client Error: Not Found for url: https://www.bizinfo.go.kr/sii/siia/202606291329230185.pdf / [참고 1] 보조비목·보조세목별 산정기준 등(보조사업 정산보고서 작성지침).pdf: 400 Client Error: Bad Request for url: https://www.bizinfo.go.kr/sii/siia/%5B%EC%B0%B8%EA%B3%A0%201%5D%20%EB%B3%B4%EC%A1%B0%EB%B9%84%EB%AA%A9%C2%B7%EB%B3%B4%EC%A1%B0%EC%84%B8%EB%AA%A9%EB%B3%84%20%EC%82%B0%EC%A0%95%EA%B8%B0%EC%A4%80%20%EB%93%B1(%EB%B3%B4%EC%A1%B0%EC%82%AC%EC%97%85%20%EC%A0%95%EC%82%B0%EB%B3%B4%EA%B3%A0%EC%84%9C%20%EC%9E%91%EC%84%B1%EC%A7%80%EC%B9%A8).pdf / 202606291329230294.xlsx: 404 Client Error: Not Found for url: https://www.bizinfo.go.kr/sii/siia/202606291329230294.xlsx / [참고 2] 지역특화산업 업종코드.xlsx: 400 Client Error: Bad Request for url: https://www.bizinfo.go.kr/sii/siia/%5B%EC%B0%B8%EA%B3%A0%202%5D%20%EC%A7%80%EC%97%AD%ED%8A%B9%ED%99%94%EC%82%B0%EC%97%85%20%EC%97%85%EC%A2%85%EC%BD%94%EB%93%9C.xlsx,https://www.bizinfo.go.kr/sii/siia/selectSIIA200Detail.do?pblancId=PBLN_000000000123712
PBLN_000000000123713,[강원] 바이오ㆍ헬스케어 AI 대전환 수요기업 모집 공고(지역 주도형 AI 대전환 사업),강원특별자치도,fetched,url,needs_review,selected_candidate_missing,금액 후보는 있으나 대표금액을 선택하지 못함,,,support_ratio,ratio_cap,1,,,,1.0,2354,18792,[공고문] 강원 바이오-헬스케어 AI 대전환 수요기업 모집 공고.pdf: 400 Client Error: Bad Request for url: https://www.bizinfo.go.kr/sii/siia/%5B%EA%B3%B5%EA%B3%A0%EB%AC%B8%5D%20%EA%B0%95%EC%9B%90%20%EB%B0%94%EC%9D%B4%EC%98%A4-%ED%97%AC%EC%8A%A4%EC%BC%80%EC%96%B4%20AI%20%EB%8C%80%EC%A0%84%ED%99%98%20%EC%88%98%EC%9A%94%EA%B8%B0%EC%97%85%20%EB%AA%A8%EC%A7%91%20%EA%B3%B5%EA%B3%A0.pdf / 202606291336210236.pdf: 404 Client Error: Not Found for url: https://www.bizinfo.go.kr/sii/siia/202606291336210236.pdf / 202606291337040810.pdf: 404 Client Error: Not Found for url: https://www.bizinfo.go.kr/sii/siia/202606291337040810.pdf / [참고 1] 보조비목·보조세목별 산정기준 등(보조사업 정산보고서 작성지침).pdf: 400 Client Error: Bad Request for url: https://www.bizinfo.go.kr/sii/siia/%5B%EC%B0%B8%EA%B3%A0%201%5D%20%EB%B3%B4%EC%A1%B0%EB%B9%84%EB%AA%A9%C2%B7%EB%B3%B4%EC%A1%B0%EC%84%B8%EB%AA%A9%EB%B3%84%20%EC%82%B0%EC%A0%95%EA%B8%B0%EC%A4%80%20%EB%93%B1(%EB%B3%B4%EC%A1%B0%EC%82%AC%EC%97%85%20%EC%A0%95%EC%82%B0%EB%B3%B4%EA%B3%A0%EC%84%9C%20%EC%9E%91%EC%84%B1%EC%A7%80%EC%B9%A8).pdf / 202606291337040908.xlsx: 404 Client Error: Not Found for url: https://www.bizinfo.go.kr/sii/siia/202606291337040908.xlsx / [참고 2] 지역특화산업 업종코드.xlsx: 400 Client Error: Bad Request for url: https://www.bizinfo.go.kr/sii/siia/%5B%EC%B0%B8%EA%B3%A0%202%5D%20%EC%A7%80%EC%97%AD%ED%8A%B9%ED%99%94%EC%82%B0%EC%97%85%20%EC%97%85%EC%A2%85%EC%BD%94%EB%93%9C.xlsx,https://www.bizinfo.go.kr/sii/siia/selectSIIA200Detail.do?pblancId=PBLN_000000000123713
PBLN_000000000123715,순환경제 DNA 선도기업ㆍ산업단지 2차 모집 공고,기후에너지환경부,fetched,url,safe,clear_selected_candidate,대표금액 후보가 명확함,,10000.0,support_amount,subtract,6,10000.0,support_amount,subtract,0.4,1908,24177,(붙임) 2026 순환경제 선도기업산단 지원사업 모집 2차 공고(기후에너지환경부 공고 제2026-640호).pdf: 400 Client Error: Bad Request for url: https://www.bizinfo.go.kr/sii/siia/(%EB%B6%99%EC%9E%84)%202026%20%EC%88%9C%ED%99%98%EA%B2%BD%EC%A0%9C%20%EC%84%A0%EB%8F%84%EA%B8%B0%EC%97%85%EC%82%B0%EB%8B%A8%20%EC%A7%80%EC%9B%90%EC%82%AC%EC%97%85%20%EB%AA%A8%EC%A7%91%202%EC%B0%A8%20%EA%B3%B5%EA%B3%A0(%EA%B8%B0%ED%9B%84%EC%97%90%EB%84%88%EC%A7%80%ED%99%98%EA%B2%BD%EB%B6%80%20%EA%B3%B5%EA%B3%A0%20%EC%A0%9C2026-640%ED%98%B8).pdf / 202606291341280631.pdf: 404 Client Error: Not Found for url: https://www.bizinfo.go.kr/sii/siia/202606291341280631.pdf / (붙임) 2026 순환경제 선도기업산단 지원사업 모집 2차 공고(기후에너지환경부 공고 제2026-640호).hwpx: 400 Client Error: Bad Request for url: https://www.bizinfo.go.kr/sii/siia/(%EB%B6%99%EC%9E%84)%202026%20%EC%88%9C%ED%99%98%EA%B2%BD%EC%A0%9C%20%EC%84%A0%EB%8F%84%EA%B8%B0%EC%97%85%EC%82%B0%EB%8B%A8%20%EC%A7%80%EC%9B%90%EC%82%AC%EC%97%85%20%EB%AA%A8%EC%A7%91%202%EC%B0%A8%20%EA%B3%B5%EA%B3%A0(%EA%B8%B0%ED%9B%84%EC%97%90%EB%84%88%EC%A7%80%ED%99%98%EA%B2%BD%EB%B6%80%20%EA%B3%B5%EA%B3%A0%20%EC%A0%9C2026-640%ED%98%B8).hwpx / 202606291341320243.hwpx: 404 Client Error: Not Found for url: https://www.bizinfo.go.kr/sii/siia/202606291341320243.hwpx,https://www.bizinfo.go.kr/sii/siia/selectSIIA200Detail.do?pblancId=PBLN_000000000123715
PBLN_000000000123718,[전남광주] 2026년 2차 중소기업 맞춤형 성장지원(컨설팅) 참여기업 모집 기간 연장 공고,전남광주통합특별시,fetched,url,needs_review,selected_candidate_missing,금액 후보는 있으나 대표금액을 선택하지 못함,old_amount_without_new_selected_amount,350.0,support_amount,subtract,6,,,,,1710,11066,2026년+중소기업+맞춤형+성장지원+사업+컨설팅+2차+공고(기간연장)_서식+포함+.pdf: 400 Client Error: Bad Request for url: https://www.bizinfo.go.kr/sii/siia/2026%EB%85%84+%EC%A4%91%EC%86%8C%EA%B8%B0%EC%97%85+%EB%A7%9E%EC%B6%A4%ED%98%95+%EC%84%B1%EC%9E%A5%EC%A7%80%EC%9B%90+%EC%82%AC%EC%97%85+%EC%BB%A8%EC%84%A4%ED%8C%85+2%EC%B0%A8+%EA%B3%B5%EA%B3%A0(%EA%B8%B0%EA%B0%84%EC%97%B0%EC%9E%A5)_%EC%84%9C%EC%8B%9D+%ED%8F%AC%ED%95%A8+.pdf / 202606291352070027.pdf: 404 Client Error: Not Found for url: https://www.bizinfo.go.kr/sii/siia/202606291352070027.pdf / 2026년+중소기업+맞춤형+성장지원+사업+컨설팅+2차+공고(기간연장)_서식+포함.hwp: 400 Client Error: Bad Request for url: https://www.bizinfo.go.kr/sii/siia/2026%EB%85%84+%EC%A4%91%EC%86%8C%EA%B8%B0%EC%97%85+%EB%A7%9E%EC%B6%A4%ED%98%95+%EC%84%B1%EC%9E%A5%EC%A7%80%EC%9B%90+%EC%82%AC%EC%97%85+%EC%BB%A8%EC%84%A4%ED%8C%85+2%EC%B0%A8+%EA%B3%B5%EA%B3%A0(%EA%B8%B0%EA%B0%84%EC%97%B0%EC%9E%A5)_%EC%84%9C%EC%8B%9D+%ED%8F%AC%ED%95%A8.hwp / 202606291352430874.hwp: 404 Client Error: Not Found for url: https://www.bizinfo.go.kr/sii/siia/202606291352430874.hwp,https://www.bizinfo.go.kr/sii/siia/selectSIIA200Detail.do?pblancId=PBLN_000000000123718
PBLN_000000000123719,2026년 3차 품질보증조달물품 지정계획 공고,조달청,fetched,url,needs_review,candidate_missing,금액 후보 자체를 찾지 못함,,,unknown,recommend_only,0,,,,,2079,4397,1. 2026년 품질보증조달물품 지정계획 공고(3차).hwpx: 400 Client Error: Bad Request for url: https://www.bizinfo.go.kr/sii/siia/1.%202026%EB%85%84%20%ED%92%88%EC%A7%88%EB%B3%B4%EC%A6%9D%EC%A1%B0%EB%8B%AC%EB%AC%BC%ED%92%88%20%EC%A7%80%EC%A0%95%EA%B3%84%ED%9A%8D%20%EA%B3%B5%EA%B3%A0(3%EC%B0%A8).hwpx / 202606291352000849.hwpx: 404 Client Error: Not Found for url: https://www.bizinfo.go.kr/sii/siia/202606291352000849.hwpx,https://www.bizinfo.go.kr/sii/siia/selectSIIA200Detail.do?pblancId=PBLN_000000000123719
PBLN_000000000123720,[부산] 2026년 콘텐츠코리아 랩 미드폼 영상콘텐츠 제작지원 사업 모집 공고,부산광역시,fetched,url,needs_review,subtract_without_limit_context,직접 차감 후보이나 기업당/한도 문맥이 부족함,,5000.0,support_amount,subtract,12,5000.0,support_amount,subtract,1.0,2701,23483,공고문(2026 부산CKL 미드폼 영상콘텐츠 제작지원).hwp: 400 Client Error: Bad Request for url: https://www.bizinfo.go.kr/sii/siia/%EA%B3%B5%EA%B3%A0%EB%AC%B8(2026%20%EB%B6%80%EC%82%B0CKL%20%EB%AF%B8%EB%93%9C%ED%8F%BC%20%EC%98%81%EC%83%81%EC%BD%98%ED%85%90%EC%B8%A0%20%EC%A0%9C%EC%9E%91%EC%A7%80%EC%9B%90).hwp / 신청서 작성 안내 및 사업비 산정기준(2026 부산CKL 미드폼 영상콘텐츠 제작지원).hwp: 400 Client Error: Bad Request for url: https://www.bizinfo.go.kr/sii/siia/%EC%8B%A0%EC%B2%AD%EC%84%9C%20%EC%9E%91%EC%84%B1%20%EC%95%88%EB%82%B4%20%EB%B0%8F%20%EC%82%AC%EC%97%85%EB%B9%84%20%EC%82%B0%EC%A0%95%EA%B8%B0%EC%A4%80(2026%20%EB%B6%80%EC%82%B0CKL%20%EB%AF%B8%EB%93%9C%ED%8F%BC%20%EC%98%81%EC%83%81%EC%BD%98%ED%85%90%EC%B8%A0%20%EC%A0%9C%EC%9E%91%EC%A7%80%EC%9B%90).hwp / 제출서류(2026 부산CKL 미드폼 영상콘텐츠 제작지원).hwp: 400 Client Error: Bad Request for url: https://www.bizinfo.go.kr/sii/siia/%EC%A0%9C%EC%B6%9C%EC%84%9C%EB%A5%98(2026%20%EB%B6%80%EC%82%B0CKL%20%EB%AF%B8%EB%93%9C%ED%8F%BC%20%EC%98%81%EC%83%81%EC%BD%98%ED%85%90%EC%B8%A0%20%EC%A0%9C%EC%9E%91%EC%A7%80%EC%9B%90).hwp / 202606291357420233.hwp: 404 Client Error: Not Found for url: https://www.bizinfo.go.kr/sii/siia/202606291357420233.hwp / 202606291358460274.hwp: 404 Client Error: Not Found for url: https://www.bizinfo.go.kr/sii/siia/202606291358460274.hwp / 202606291358460384.hwp: 404 Client Error: Not Found for url: https://www.bizinfo.go.kr/sii/siia/202606291358460384.hwp,https://www.bizinfo.go.kr/sii/siia/selectSIIA200Detail.do?pblancId=PBLN_000000000123720
PBLN_000000000123731,[대구] 2026년 수요맞춤형 AI솔루션 개발ㆍ실증 지원 사업 컨소시엄 모집 재공고(제조업 AI융합 기반 조성사업),대구광역시,fetched,url,needs_review,large_amount_delta,기존 금액과 새 대표금액 차이가 큼,"type_changed:support_amount->non_cash | roi_method_changed:subtract->recommend_only | amount_delta_20_percent:old=210,new=1100",210.0,support_amount,subtract,16,1100.0,non_cash,recommend_only,1.0,2562,26338,[참고 2] 정부지원연구개발비의 지원기준 및 기관부담연구개발비의 부담 기준.pdf: 400 Client Error: Bad Request for url: https://www.bizinfo.go.kr/sii/siia/%5B%EC%B0%B8%EA%B3%A0%202%5D%20%EC%A0%95%EB%B6%80%EC%A7%80%EC%9B%90%EC%97%B0%EA%B5%AC%EA%B0%9C%EB%B0%9C%EB%B9%84%EC%9D%98%20%EC%A7%80%EC%9B%90%EA%B8%B0%EC%A4%80%20%EB%B0%8F%20%EA%B8%B0%EA%B4%80%EB%B6%80%EB%8B%B4%EC%97%B0%EA%B5%AC%EA%B0%9C%EB%B0%9C%EB%B9%84%EC%9D%98%20%EB%B6%80%EB%8B%B4%20%EA%B8%B0%EC%A4%80.pdf / 붙임 1. 2026년 수요맞춤형 AI솔루션 개발·실증 지원사업 재공고문.pdf: 400 Client Error: Bad Request for url: https://www.bizinfo.go.kr/sii/siia/%EB%B6%99%EC%9E%84%201.%202026%EB%85%84%20%EC%88%98%EC%9A%94%EB%A7%9E%EC%B6%A4%ED%98%95%20AI%EC%86%94%EB%A3%A8%EC%85%98%20%EA%B0%9C%EB%B0%9C%C2%B7%EC%8B%A4%EC%A6%9D%20%EC%A7%80%EC%9B%90%EC%82%AC%EC%97%85%20%EC%9E%AC%EA%B3%B5%EA%B3%A0%EB%AC%B8.pdf / 붙임 2. 2026년 수요맞춤형 AI솔루션 개발·실증 지원사업 공모 안내서.pdf: 400 Client Error: Bad Request for url: https://www.bizinfo.go.kr/sii/siia/%EB%B6%99%EC%9E%84%202.%202026%EB%85%84%20%EC%88%98%EC%9A%94%EB%A7%9E%EC%B6%A4%ED%98%95%20AI%EC%86%94%EB%A3%A8%EC%85%98%20%EA%B0%9C%EB%B0%9C%C2%B7%EC%8B%A4%EC%A6%9D%20%EC%A7%80%EC%9B%90%EC%82%AC%EC%97%85%20%EA%B3%B5%EB%AA%A8%20%EC%95%88%EB%82%B4%EC%84%9C.pdf / 202606300940180889.pdf: 404 Client Error: Not Found for url: https://www.bizinfo.go.kr/sii/siia/202606300940180889.pdf / 202606300948230337.pdf: 404 Client Error: Not Found for url: https://www.bizinfo.go.kr/sii/siia/202606300948230337.pdf / 202606300948230450.pdf: 404 Client Error: Not Found for url: https://www.bizinfo.go.kr/sii/siia/202606300948230450.pdf / 202606300948230501.pdf: 404 Client Error: Not Found for url: https://www.bizinfo.go.kr/sii/siia/202606300948230501.pdf / [참고 1] (과학기술정보통신부 훈령 제297호) 기금사업비 산정 및 정산 등에 관한지침.pdf: 400 Client Error: Bad Request for url: https://www.bizinfo.go.kr/sii/siia/%5B%EC%B0%B8%EA%B3%A0%201%5D%20(%EA%B3%BC%ED%95%99%EA%B8%B0%EC%88%A0%EC%A0%95%EB%B3%B4%ED%86%B5%EC%8B%A0%EB%B6%80%20%ED%9B%88%EB%A0%B9%20%EC%A0%9C297%ED%98%B8)%20%EA%B8%B0%EA%B8%88%EC%82%AC%EC%97%85%EB%B9%84%20%EC%82%B0%EC%A0%95%20%EB%B0%8F%20%EC%A0%95%EC%82%B0%20%EB%93%B1%EC%97%90%20%EA%B4%80%ED%95%9C%EC%A7%80%EC%B9%A8.pdf / 붙임 3. (양식)사업계획서 및 제출 서류.hwp: 400 Client Error: Bad Request for url: https://www.bizinfo.go.kr/sii/siia/%EB%B6%99%EC%9E%84%203.%20(%EC%96%91%EC%8B%9D)%EC%82%AC%EC%97%85%EA%B3%84%ED%9A%8D%EC%84%9C%20%EB%B0%8F%20%EC%A0%9C%EC%B6%9C%20%EC%84%9C%EB%A5%98.hwp / 202606300948230552.hwp: 404 Client Error: Not Found for url: https://www.bizinfo.go.kr/sii/siia/202606300948230552.hwp,https://www.bizinfo.go.kr/sii/siia/selectSIIA200Detail.do?pblancId=PBLN_000000000123731
PBLN_000000000123732,[충북] 2026년 2차 시군 경쟁력강화산업 육성사업(R&D) 모집 수정 공고,충청북도,fetched,url,safe,clear_selected_candidate,대표금액 후보가 명확함,,7500.0,support_amount,subtract,12,7500.0,support_amount,subtract,0.15,2336,20340,붙임1. 2026년 시군 경쟁력강화산업 육성사업 2차 공고(수정).pdf: 400 Client Error: Bad Request for url: https://www.bizinfo.go.kr/sii/siia/%EB%B6%99%EC%9E%841.%202026%EB%85%84%20%EC%8B%9C%EA%B5%B0%20%EA%B2%BD%EC%9F%81%EB%A0%A5%EA%B0%95%ED%99%94%EC%82%B0%EC%97%85%20%EC%9C%A1%EC%84%B1%EC%82%AC%EC%97%85%202%EC%B0%A8%20%EA%B3%B5%EA%B3%A0(%EC%88%98%EC%A0%95).pdf / 202606300930570723.pdf: 404 Client Error: Not Found for url: https://www.bizinfo.go.kr/sii/siia/202606300930570723.pdf / 붙임2. 기술개발(R&D) 지원 신청서 및 사업계획서(양식).hwp: 400 Client Error: Bad Request for url: https://www.bizinfo.go.kr/sii/siia/%EB%B6%99%EC%9E%842.%20%EA%B8%B0%EC%88%A0%EA%B0%9C%EB%B0%9C(R&D)%20%EC%A7%80%EC%9B%90%20%EC%8B%A0%EC%B2%AD%EC%84%9C%20%EB%B0%8F%20%EC%82%AC%EC%97%85%EA%B3%84%ED%9A%8D%EC%84%9C(%EC%96%91%EC%8B%9D).hwp / 202606300930540886.hwp: 404 Client Error: Not Found for url: https://www.bizinfo.go.kr/sii/siia/202606300930540886.hwp,https://www.bizinfo.go.kr/sii/siia/selectSIIA200Detail.do?pblancId=PBLN_000000000123732
PBLN_000000000123733,[경기] 화성시 2026년 하반기 그린안전리모델링 지원사업 참여기업 모집 공고,경기도,fetched,url,safe,clear_selected_candidate,대표금액 후보가 명확함,,500.0,support_amount,subtract,26,500.0,support_amount,subtract,,2043,8931,[붙임 1] 그린안전리모델링 모집공고문(하반기).hwp: 400 Client Error: Bad Request for url: https://www.bizinfo.go.kr/sii/siia/%5B%EB%B6%99%EC%9E%84%201%5D%20%EA%B7%B8%EB%A6%B0%EC%95%88%EC%A0%84%EB%A6%AC%EB%AA%A8%EB%8D%B8%EB%A7%81%20%EB%AA%A8%EC%A7%91%EA%B3%B5%EA%B3%A0%EB%AC%B8(%ED%95%98%EB%B0%98%EA%B8%B0).hwp / [붙임 2] 신청서식 및 참고자료(모집공고).hwp: 400 Client Error: Bad Request for url: https://www.bizinfo.go.kr/sii/siia/%5B%EB%B6%99%EC%9E%84%202%5D%20%EC%8B%A0%EC%B2%AD%EC%84%9C%EC%8B%9D%20%EB%B0%8F%20%EC%B0%B8%EA%B3%A0%EC%9E%90%EB%A3%8C(%EB%AA%A8%EC%A7%91%EA%B3%B5%EA%B3%A0).hwp / 202606300948340589.hwp: 404 Client Error: Not Found for url: https://www.bizinfo.go.kr/sii/siia/202606300948340589.hwp / 202606300948380783.hwp: 404 Client Error: Not Found for url: https://www.bizinfo.go.kr/sii/siia/202606300948380783.hwp,https://www.bizinfo.go.kr/sii/siia/selectSIIA200Detail.do?pblancId=PBLN_000000000123733
PBLN_000000000123739,2026년 4차 무기체계 부품국산화개발 지원사업 (상생협력부품국산화) 과제ㆍ연구개발기관 모집 공고,방위사업청,fetched,url,safe,clear_selected_candidate,대표금액 후보가 명확함,type_changed:subsidy->non_cash | roi_method_changed:subtract->recommend_only,1000000.0,subsidy,subtract,3,1000000.0,non_cash,recommend_only,1.0,1713,12084,붙임. 26-4차 무기체계 부품국산화개발 지원사업(상생협력부품국산화) 과제·연구개발기관 모집 공고문.hwpx: 400 Client Error: Bad Request for url: https://www.bizinfo.go.kr/sii/siia/%EB%B6%99%EC%9E%84.%2026-4%EC%B0%A8%20%EB%AC%B4%EA%B8%B0%EC%B2%B4%EA%B3%84%20%EB%B6%80%ED%92%88%EA%B5%AD%EC%82%B0%ED%99%94%EA%B0%9C%EB%B0%9C%20%EC%A7%80%EC%9B%90%EC%82%AC%EC%97%85(%EC%83%81%EC%83%9D%ED%98%91%EB%A0%A5%EB%B6%80%ED%92%88%EA%B5%AD%EC%82%B0%ED%99%94)%20%EA%B3%BC%EC%A0%9C%C2%B7%EC%97%B0%EA%B5%AC%EA%B0%9C%EB%B0%9C%EA%B8%B0%EA%B4%80%20%EB%AA%A8%EC%A7%91%20%EA%B3%B5%EA%B3%A0%EB%AC%B8.hwpx / 202606301016280528.hwpx: 404 Client Error: Not Found for url: https://www.bizinfo.go.kr/sii/siia/202606301016280528.hwpx,https://www.bizinfo.go.kr/sii/siia/selectSIIA200Detail.do?pblancId=PBLN_000000000123739
PBLN_000000000123740,[대구] 2026년 대경이음 상생 R&D 지원 수혜기업 모집 공고(지역산업맞춤형 일자리지원사업 대경권 광역이음프로젝트),고용노동부,fetched,url,safe,clear_selected_candidate,대표금액 후보가 명확함,,4500.0,support_amount,subtract,2,4500.0,support_amount,subtract,0.1,2328,10718,1.[공고문]대경이음 상생 RD 지원 수혜기업 모집.pdf: 400 Client Error: Bad Request for url: https://www.bizinfo.go.kr/sii/siia/1.%5B%EA%B3%B5%EA%B3%A0%EB%AC%B8%5D%EB%8C%80%EA%B2%BD%EC%9D%B4%EC%9D%8C%20%EC%83%81%EC%83%9D%20RD%20%EC%A7%80%EC%9B%90%20%EC%88%98%ED%98%9C%EA%B8%B0%EC%97%85%20%EB%AA%A8%EC%A7%91.pdf / 202606301036460906.pdf: 404 Client Error: Not Found for url: https://www.bizinfo.go.kr/sii/siia/202606301036460906.pdf / 2. [신청서식]대경이음 상생RD지원_참여기업명.docx: 400 Client Error: Bad Request for url: https://www.bizinfo.go.kr/sii/siia/2.%20%5B%EC%8B%A0%EC%B2%AD%EC%84%9C%EC%8B%9D%5D%EB%8C%80%EA%B2%BD%EC%9D%B4%EC%9D%8C%20%EC%83%81%EC%83%9DRD%EC%A7%80%EC%9B%90_%EC%B0%B8%EC%97%AC%EA%B8%B0%EC%97%85%EB%AA%85.docx / 202606301036520173.docx: 404 Client Error: Not Found for url: https://www.bizinfo.go.kr/sii/siia/202606301036520173.docx / 2. [신청서식]대경이음 상생RD지원_참여기업명.hwp: 400 Client Error: Bad Request for url: https://www.bizinfo.go.kr/sii/siia/2.%20%5B%EC%8B%A0%EC%B2%AD%EC%84%9C%EC%8B%9D%5D%EB%8C%80%EA%B2%BD%EC%9D%B4%EC%9D%8C%20%EC%83%81%EC%83%9DRD%EC%A7%80%EC%9B%90_%EC%B0%B8%EC%97%AC%EA%B8%B0%EC%97%85%EB%AA%85.hwp / 202606301036520239.hwp: 404 Client Error: Not Found for url: https://www.bizinfo.go.kr/sii/siia/202606301036520239.hwp,https://www.bizinfo.go.kr/sii/siia/selectSIIA200Detail.do?pblancId=PBLN_000000000123740
PBLN_000000000123745,2026년 4차 예술산업보증 7월 공고,문화체육관광부,fetched,url,safe,clear_selected_candidate,대표금액 후보가 명확함,type_changed:support_amount->guarantee | roi_method_changed:subtract->exclude,100000.0,support_amount,subtract,5,100000.0,guarantee,exclude,0.3,1958,30290,202606301049520677.pdf: 404 Client Error: Not Found for url: https://www.bizinfo.go.kr/sii/siia/202606301049520677.pdf / 202606301049520736.pdf: 404 Client Error: Not Found for url: https://www.bizinfo.go.kr/sii/siia/202606301049520736.pdf / 202606301050060121.pdf: 404 Client Error: Not Found for url: https://www.bizinfo.go.kr/sii/siia/202606301050060121.pdf / [공모] 2026 예술산업보증 공모요강(7).pdf: 400 Client Error: Bad Request for url: https://www.bizinfo.go.kr/sii/siia/%5B%EA%B3%B5%EB%AA%A8%5D%202026%20%EC%98%88%EC%88%A0%EC%82%B0%EC%97%85%EB%B3%B4%EC%A6%9D%20%EA%B3%B5%EB%AA%A8%EC%9A%94%EA%B0%95(7).pdf / 붙임 3. 자주 묻는 질문(FAQ)보증(8).pdf: 400 Client Error: Bad Request for url: https://www.bizinfo.go.kr/sii/siia/%EB%B6%99%EC%9E%84%203.%20%EC%9E%90%EC%A3%BC%20%EB%AC%BB%EB%8A%94%20%EC%A7%88%EB%AC%B8(FAQ)%EB%B3%B4%EC%A6%9D(8).pdf / 붙임 4. NCAS 사업신청 방법보증(8).pdf: 400 Client Error: Bad Request for url: https://www.bizinfo.go.kr/sii/siia/%EB%B6%99%EC%9E%84%204.%20NCAS%20%EC%82%AC%EC%97%85%EC%8B%A0%EC%B2%AD%20%EB%B0%A9%EB%B2%95%EB%B3%B4%EC%A6%9D(8).pdf / 붙임 1. 신청서 및 기술사업계획서예술기업 보증(3).hwp: 400 Client Error: Bad Request for url: https://www.bizinfo.go.kr/sii/siia/%EB%B6%99%EC%9E%84%201.%20%EC%8B%A0%EC%B2%AD%EC%84%9C%20%EB%B0%8F%20%EA%B8%B0%EC%88%A0%EC%82%AC%EC%97%85%EA%B3%84%ED%9A%8D%EC%84%9C%EC%98%88%EC%88%A0%EA%B8%B0%EC%97%85%20%EB%B3%B4%EC%A6%9D(3).hwp / 붙임 2. 신청서 및 기술사업계획서예술프로젝트 보증(3).hwp: 400 Client Error: Bad Request for url: https://www.bizinfo.go.kr/sii/siia/%EB%B6%99%EC%9E%84%202.%20%EC%8B%A0%EC%B2%AD%EC%84%9C%20%EB%B0%8F%20%EA%B8%B0%EC%88%A0%EC%82%AC%EC%97%85%EA%B3%84%ED%9A%8D%EC%84%9C%EC%98%88%EC%88%A0%ED%94%84%EB%A1%9C%EC%A0%9D%ED%8A%B8%20%EB%B3%B4%EC%A6%9D(3).hwp / 202606301049520277.hwp: 404 Client Error: Not Found for url: https://www.bizinfo.go.kr/sii/siia/202606301049520277.hwp / 202606301049520378.hwp: 404 Client Error: Not Found for url: https://www.bizinfo.go.kr/sii/siia/202606301049520378.hwp,https://www.bizinfo.go.kr/sii/siia/selectSIIA200Detail.do?pblancId=PBLN_000000000123745
PBLN_000000000123747,2026년 디지털전환 혁신기업 기획지원 사업 (컨설팅 참여기업(관)) 모집,경상북도,fetched,url,needs_review,selected_candidate_missing,금액 후보는 있으나 대표금액을 선택하지 못함,old_amount_without_new_selected_amount,150.0,support_amount,subtract,2,,,,0.5,2337,10225,붙임1. (공고문) 2026년 디지털전환 혁신기업 기획지원 사업 컨설팅 참여기업(관) 모집-2차.pdf: 400 Client Error: Bad Request for url: https://www.bizinfo.go.kr/sii/siia/%EB%B6%99%EC%9E%841.%20(%EA%B3%B5%EA%B3%A0%EB%AC%B8)%202026%EB%85%84%20%EB%94%94%EC%A7%80%ED%84%B8%EC%A0%84%ED%99%98%20%ED%98%81%EC%8B%A0%EA%B8%B0%EC%97%85%20%EA%B8%B0%ED%9A%8D%EC%A7%80%EC%9B%90%20%EC%82%AC%EC%97%85%20%EC%BB%A8%EC%84%A4%ED%8C%85%20%EC%B0%B8%EC%97%AC%EA%B8%B0%EC%97%85(%EA%B4%80)%20%EB%AA%A8%EC%A7%91-2%EC%B0%A8.pdf / 202606301045530765.pdf: 404 Client Error: Not Found for url: https://www.bizinfo.go.kr/sii/siia/202606301045530765.pdf / 붙임2. (제출서식) 2026년 디지털전환 혁신기업 기획지원 사업 참여기업 모집.hwp: 400 Client Error: Bad Request for url: https://www.bizinfo.go.kr/sii/siia/%EB%B6%99%EC%9E%842.%20(%EC%A0%9C%EC%B6%9C%EC%84%9C%EC%8B%9D)%202026%EB%85%84%20%EB%94%94%EC%A7%80%ED%84%B8%EC%A0%84%ED%99%98%20%ED%98%81%EC%8B%A0%EA%B8%B0%EC%97%85%20%EA%B8%B0%ED%9A%8D%EC%A7%80%EC%9B%90%20%EC%82%AC%EC%97%85%20%EC%B0%B8%EC%97%AC%EA%B8%B0%EC%97%85%20%EB%AA%A8%EC%A7%91.hwp / 202606301045580616.hwp: 404 Client Error: Not Found for url: https://www.bizinfo.go.kr/sii/siia/202606301045580616.hwp,https://www.bizinfo.go.kr/sii/siia/selectSIIA200Detail.do?pblancId=PBLN_000000000123747
PBLN_000000000123750,[경북] 경산시 2026년 산업 AX 미니프로젝트 지원 사업 참여기업 모집 공고(산업 인공지능(AI) 전환 및 확산기반조성),경상북도,fetched,url,safe,clear_selected_candidate,대표금액 후보가 명확함,,2000.0,support_amount,subtract,5,2000.0,support_amount,subtract,,2292,17400,붙임1_2026년 경북 산업 AX 미니프로젝트 지원 사업 참여기업 모집 공고.pdf: 400 Client Error: Bad Request for url: https://www.bizinfo.go.kr/sii/siia/%EB%B6%99%EC%9E%841_2026%EB%85%84%20%EA%B2%BD%EB%B6%81%20%EC%82%B0%EC%97%85%20AX%20%EB%AF%B8%EB%8B%88%ED%94%84%EB%A1%9C%EC%A0%9D%ED%8A%B8%20%EC%A7%80%EC%9B%90%20%EC%82%AC%EC%97%85%20%EC%B0%B8%EC%97%AC%EA%B8%B0%EC%97%85%20%EB%AA%A8%EC%A7%91%20%EA%B3%B5%EA%B3%A0.pdf / 202606301057420355.pdf: 404 Client Error: Not Found for url: https://www.bizinfo.go.kr/sii/siia/202606301057420355.pdf / 202606301057470190.hwp: 404 Client Error: Not Found for url: https://www.bizinfo.go.kr/sii/siia/202606301057470190.hwp / 붙임2_작성양식.hwp: 400 Client Error: Bad Request for url: https://www.bizinfo.go.kr/sii/siia/%EB%B6%99%EC%9E%842_%EC%9E%91%EC%84%B1%EC%96%91%EC%8B%9D.hwp,https://www.bizinfo.go.kr/sii/siia/selectSIIA200Detail.do?pblancId=PBLN_000000000123750
PBLN_000000000123764,AI융합 의료기기 신뢰성 강화 및 성능 평가ㆍ실증 사업 수혜기업 모집 공고,산업통상부,fetched,url,needs_review,large_amount_delta,기존 금액과 새 대표금액 차이가 큼,"type_changed:subsidy->non_cash | roi_method_changed:subtract->recommend_only | amount_delta_20_percent:old=2280,new=960",2280.0,subsidy,subtract,6,960.0,non_cash,recommend_only,0.2,2330,10930,1. 수시_AI융합 의료기기 신뢰성 강화 및 성능 평가·실증 통합지원 사업.pdf: 400 Client Error: Bad Request for url: https://www.bizinfo.go.kr/sii/siia/1.%20%EC%88%98%EC%8B%9C_AI%EC%9C%B5%ED%95%A9%20%EC%9D%98%EB%A3%8C%EA%B8%B0%EA%B8%B0%20%EC%8B%A0%EB%A2%B0%EC%84%B1%20%EA%B0%95%ED%99%94%20%EB%B0%8F%20%EC%84%B1%EB%8A%A5%20%ED%8F%89%EA%B0%80%C2%B7%EC%8B%A4%EC%A6%9D%20%ED%86%B5%ED%95%A9%EC%A7%80%EC%9B%90%20%EC%82%AC%EC%97%85.pdf / 202606301512480690.pdf: 404 Client Error: Not Found for url: https://www.bizinfo.go.kr/sii/siia/202606301512480690.pdf / 2. 신청서_AI융합 의료기기 신뢰성 강화 및 성능 평가 실증 통합지원 사업.hwpx: 400 Client Error: Bad Request for url: https://www.bizinfo.go.kr/sii/siia/2.%20%EC%8B%A0%EC%B2%AD%EC%84%9C_AI%EC%9C%B5%ED%95%A9%20%EC%9D%98%EB%A3%8C%EA%B8%B0%EA%B8%B0%20%EC%8B%A0%EB%A2%B0%EC%84%B1%20%EA%B0%95%ED%99%94%20%EB%B0%8F%20%EC%84%B1%EB%8A%A5%20%ED%8F%89%EA%B0%80%20%EC%8B%A4%EC%A6%9D%20%ED%86%B5%ED%95%A9%EC%A7%80%EC%9B%90%20%EC%82%AC%EC%97%85.hwpx / 202606301304490170.hwpx: 404 Client Error: Not Found for url: https://www.bizinfo.go.kr/sii/siia/202606301304490170.hwpx,https://www.bizinfo.go.kr/sii/siia/selectSIIA200Detail.do?pblancId=PBLN_000000000123764
PBLN_000000000123766,[충북] 2026년 스마트공장 구축 자부담금 지원사업 수혜기업 모집 공고,충청북도,fetched,url,needs_review,selected_context_has_risk_keyword,선택 후보 주변에 총사업비/자부담 등 위험 키워드가 있음,type_changed:support_ratio->support_amount | roi_method_changed:ratio_cap->subtract | new_amount_found_from_source,,support_ratio,ratio_cap,5,4000.0,support_amount,subtract,0.05,2458,8520,붙임 1. 2026년 충청북도 스마트공장 구축 자부담금 지원사업 수혜기업 모집 공고.pdf: 400 Client Error: Bad Request for url: https://www.bizinfo.go.kr/sii/siia/%EB%B6%99%EC%9E%84%201.%202026%EB%85%84%20%EC%B6%A9%EC%B2%AD%EB%B6%81%EB%8F%84%20%EC%8A%A4%EB%A7%88%ED%8A%B8%EA%B3%B5%EC%9E%A5%20%EA%B5%AC%EC%B6%95%20%EC%9E%90%EB%B6%80%EB%8B%B4%EA%B8%88%20%EC%A7%80%EC%9B%90%EC%82%AC%EC%97%85%20%EC%88%98%ED%98%9C%EA%B8%B0%EC%97%85%20%EB%AA%A8%EC%A7%91%20%EA%B3%B5%EA%B3%A0.pdf / 202606301317230617.pdf: 404 Client Error: Not Found for url: https://www.bizinfo.go.kr/sii/siia/202606301317230617.pdf / 붙임 1. 2026년 충청북도 스마트공장 구축 자부담금 지원사업 수혜기업 모집 공고.hwp: 400 Client Error: Bad Request for url: https://www.bizinfo.go.kr/sii/siia/%EB%B6%99%EC%9E%84%201.%202026%EB%85%84%20%EC%B6%A9%EC%B2%AD%EB%B6%81%EB%8F%84%20%EC%8A%A4%EB%A7%88%ED%8A%B8%EA%B3%B5%EC%9E%A5%20%EA%B5%AC%EC%B6%95%20%EC%9E%90%EB%B6%80%EB%8B%B4%EA%B8%88%20%EC%A7%80%EC%9B%90%EC%82%AC%EC%97%85%20%EC%88%98%ED%98%9C%EA%B8%B0%EC%97%85%20%EB%AA%A8%EC%A7%91%20%EA%B3%B5%EA%B3%A0.hwp / 붙임 2. (양식) 2026년 충청북도 스마트공장 구축 자부담금 지원사업 신청서_도입기업명.hwp: 400 Client Error: Bad Request for url: https://www.bizinfo.go.kr/sii/siia/%EB%B6%99%EC%9E%84%202.%20(%EC%96%91%EC%8B%9D)%202026%EB%85%84%20%EC%B6%A9%EC%B2%AD%EB%B6%81%EB%8F%84%20%EC%8A%A4%EB%A7%88%ED%8A%B8%EA%B3%B5%EC%9E%A5%20%EA%B5%AC%EC%B6%95%20%EC%9E%90%EB%B6%80%EB%8B%B4%EA%B8%88%20%EC%A7%80%EC%9B%90%EC%82%AC%EC%97%85%20%EC%8B%A0%EC%B2%AD%EC%84%9C_%EB%8F%84%EC%9E%85%EA%B8%B0%EC%97%85%EB%AA%85.hwp / 202606301317300633.hwp: 404 Client Error: Not Found for url: https://www.bizinfo.go.kr/sii/siia/202606301317300633.hwp / 202606301317300716.hwp: 404 Client Error: Not Found for url: https://www.bizinfo.go.kr/sii/siia/202606301317300716.hwp,https://www.bizinfo.go.kr/sii/siia/selectSIIA200Detail.do?pblancId=PBLN_000000000123766
PBLN_000000000123767,2026년 바이오소재(항원ㆍ항체) 개발지원사업 공고(중소형 CDMO육성 항원 항체소재 뱅크 구축 사업),산업통상부,fetched,url,safe,clear_selected_candidate,대표금액 후보가 명확함,type_changed:support_amount->non_cash | roi_method_changed:subtract->recommend_only,10000.0,support_amount,subtract,2,10000.0,non_cash,recommend_only,,2554,4881,1. 개발지원사업 공고문.pdf: 400 Client Error: Bad Request for url: https://www.bizinfo.go.kr/sii/siia/1.%20%EA%B0%9C%EB%B0%9C%EC%A7%80%EC%9B%90%EC%82%AC%EC%97%85%20%EA%B3%B5%EA%B3%A0%EB%AC%B8.pdf / 202606301328560601.pdf: 404 Client Error: Not Found for url: https://www.bizinfo.go.kr/sii/siia/202606301328560601.pdf / 2. 개발지원사업 신청서.hwp: 400 Client Error: Bad Request for url: https://www.bizinfo.go.kr/sii/siia/2.%20%EA%B0%9C%EB%B0%9C%EC%A7%80%EC%9B%90%EC%82%AC%EC%97%85%20%EC%8B%A0%EC%B2%AD%EC%84%9C.hwp / 3. 사업계획서 양식.hwp: 400 Client Error: Bad Request for url: https://www.bizinfo.go.kr/sii/siia/3.%20%EC%82%AC%EC%97%85%EA%B3%84%ED%9A%8D%EC%84%9C%20%EC%96%91%EC%8B%9D.hwp / 202606301330450924.hwp: 404 Client Error: Not Found for url: https://www.bizinfo.go.kr/sii/siia/202606301330450924.hwp / 202606301330460023.hwp: 404 Client Error: Not Found for url: https://www.bizinfo.go.kr/sii/siia/202606301330460023.hwp / 202606301330460075.hwp: 404 Client Error: Not Found for url: https://www.bizinfo.go.kr/sii/siia/202606301330460075.hwp / 202606301330460127.hwp: 404 Client Error: Not Found for url: https://www.bizinfo.go.kr/sii/siia/202606301330460127.hwp / 4. 개인정보 수집동의서.hwp: 400 Client Error: Bad Request for url: https://www.bizinfo.go.kr/sii/siia/4.%20%EA%B0%9C%EC%9D%B8%EC%A0%95%EB%B3%B4%20%EC%88%98%EC%A7%91%EB%8F%99%EC%9D%98%EC%84%9C.hwp / 5. 기업이전확약서.hwp: 400 Client Error: Bad Request for url: https://www.bizinfo.go.kr/sii/siia/5.%20%EA%B8%B0%EC%97%85%EC%9D%B4%EC%A0%84%ED%99%95%EC%95%BD%EC%84%9C.hwp,https://www.bizinfo.go.kr/sii/siia/selectSIIA200Detail.do?pblancId=PBLN_000000000123767
PBLN_000000000123771,[강원] 2026년 3차 지식재산 긴급지원 모집 공고,강원특별자치도,fetched,url,needs_review,selected_candidate_missing,금액 후보는 있으나 대표금액을 선택하지 못함,old_amount_without_new_selected_amount,2000.0,support_amount,subtract,1,,,,,2397,5265,첨부1. 2026년 지식재산 긴급지원 사업 3차 모집 공고.pdf: 400 Client Error: Bad Request for url: https://www.bizinfo.go.kr/sii/siia/%EC%B2%A8%EB%B6%801.%202026%EB%85%84%20%EC%A7%80%EC%8B%9D%EC%9E%AC%EC%82%B0%20%EA%B8%B4%EA%B8%89%EC%A7%80%EC%9B%90%20%EC%82%AC%EC%97%85%203%EC%B0%A8%20%EB%AA%A8%EC%A7%91%20%EA%B3%B5%EA%B3%A0.pdf / 202606301341390239.pdf: 404 Client Error: Not Found for url: https://www.bizinfo.go.kr/sii/siia/202606301341390239.pdf / 202606301342530652.pdf: 404 Client Error: Not Found for url: https://www.bizinfo.go.kr/sii/siia/202606301342530652.pdf / 첨부6(참고서류). 2026년 중소기업·소상공인·사회적기업·여성기업 증빙방법.pdf: 400 Client Error: Bad Request for url: https://www.bizinfo.go.kr/sii/siia/%EC%B2%A8%EB%B6%806(%EC%B0%B8%EA%B3%A0%EC%84%9C%EB%A5%98).%202026%EB%85%84%20%EC%A4%91%EC%86%8C%EA%B8%B0%EC%97%85%C2%B7%EC%86%8C%EC%83%81%EA%B3%B5%EC%9D%B8%C2%B7%EC%82%AC%ED%9A%8C%EC%A0%81%EA%B8%B0%EC%97%85%C2%B7%EC%97%AC%EC%84%B1%EA%B8%B0%EC%97%85%20%EC%A6%9D%EB%B9%99%EB%B0%A9%EB%B2%95.pdf / 첨부2. 2026년 지식재산 긴급지원 사업 신청서 양식작성X 참고용서류.hwpx: 400 Client Error: Bad Request for url: https://www.bizinfo.go.kr/sii/siia/%EC%B2%A8%EB%B6%802.%202026%EB%85%84%20%EC%A7%80%EC%8B%9D%EC%9E%AC%EC%82%B0%20%EA%B8%B4%EA%B8%89%EC%A7%80%EC%9B%90%20%EC%82%AC%EC%97%85%20%EC%8B%A0%EC%B2%AD%EC%84%9C%20%EC%96%91%EC%8B%9D%EC%9E%91%EC%84%B1X%20%EC%B0%B8%EA%B3%A0%EC%9A%A9%EC%84%9C%EB%A5%98.hwpx / 202606301342000678.hwpx: 404 Client Error: Not Found for url: https://www.bizinfo.go.kr/sii/siia/202606301342000678.hwpx / 첨부4선택서류. 2026년 지식재산 긴급지원 사업_ 재무제표미제출사유서 양식.hwp: 400 Client Error: Bad Request for url: https://www.bizinfo.go.kr/sii/siia/%EC%B2%A8%EB%B6%804%EC%84%A0%ED%83%9D%EC%84%9C%EB%A5%98.%202026%EB%85%84%20%EC%A7%80%EC%8B%9D%EC%9E%AC%EC%82%B0%20%EA%B8%B4%EA%B8%89%EC%A7%80%EC%9B%90%20%EC%82%AC%EC%97%85_%20%EC%9E%AC%EB%AC%B4%EC%A0%9C%ED%91%9C%EB%AF%B8%EC%A0%9C%EC%B6%9C%EC%82%AC%EC%9C%A0%EC%84%9C%20%EC%96%91%EC%8B%9D.hwp / 첨부5선택서류. 2026년 지식재산 긴급지원 사업_IP상담확인서 양식.hwp: 400 Client Error: Bad Request for url: https://www.bizinfo.go.kr/sii/siia/%EC%B2%A8%EB%B6%805%EC%84%A0%ED%83%9D%EC%84%9C%EB%A5%98.%202026%EB%85%84%20%EC%A7%80%EC%8B%9D%EC%9E%AC%EC%82%B0%20%EA%B8%B4%EA%B8%89%EC%A7%80%EC%9B%90%20%EC%82%AC%EC%97%85_IP%EC%83%81%EB%8B%B4%ED%99%95%EC%9D%B8%EC%84%9C%20%EC%96%91%EC%8B%9D.hwp / 202606301342000868.hwp: 404 Client Error: Not Found for url: https://www.bizinfo.go.kr/sii/siia/202606301342000868.hwp / 202606301342000918.hwp: 404 Client Error: Not Found for url: https://www.bizinfo.go.kr/sii/siia/202606301342000918.hwp,https://www.bizinfo.go.kr/sii/siia/selectSIIA200Detail.do?pblancId=PBLN_000000000123771
PBLN_000000000123782,[충남] 2026년 콘텐츠코리아랩 미드폼 영상콘텐츠 제작 지원사업 모집 공고,충청남도,fetched,url,needs_review,subtract_without_limit_context | large_amount_delta,직접 차감 후보이나 기업당/한도 문맥이 부족함 | 기존 금액과 새 대표금액 차이가 큼,"amount_delta_20_percent:old=17500,new=50000",17500.0,support_amount,subtract,19,50000.0,support_amount,subtract,1.0,2220,12584,1. [공고문] 2026 미드폼 영상콘텐츠 제작 지원사업.pdf: 400 Client Error: Bad Request for url: https://www.bizinfo.go.kr/sii/siia/1.%20%5B%EA%B3%B5%EA%B3%A0%EB%AC%B8%5D%202026%20%EB%AF%B8%EB%93%9C%ED%8F%BC%20%EC%98%81%EC%83%81%EC%BD%98%ED%85%90%EC%B8%A0%20%EC%A0%9C%EC%9E%91%20%EC%A7%80%EC%9B%90%EC%82%AC%EC%97%85.pdf / 3. [신청매뉴얼] e-나라도움 지원사업 신청 방법.pdf: 400 Client Error: Bad Request for url: https://www.bizinfo.go.kr/sii/siia/3.%20%5B%EC%8B%A0%EC%B2%AD%EB%A7%A4%EB%89%B4%EC%96%BC%5D%20e-%EB%82%98%EB%9D%BC%EB%8F%84%EC%9B%80%20%EC%A7%80%EC%9B%90%EC%82%AC%EC%97%85%20%EC%8B%A0%EC%B2%AD%20%EB%B0%A9%EB%B2%95.pdf / 202606301415080925.pdf: 404 Client Error: Not Found for url: https://www.bizinfo.go.kr/sii/siia/202606301415080925.pdf / 202606301415160738.pdf: 404 Client Error: Not Found for url: https://www.bizinfo.go.kr/sii/siia/202606301415160738.pdf / 2. [신청서 양식] 2026 미드폼 영상콘텐츠 제작 지원사업.hwp: 400 Client Error: Bad Request for url: https://www.bizinfo.go.kr/sii/siia/2.%20%5B%EC%8B%A0%EC%B2%AD%EC%84%9C%20%EC%96%91%EC%8B%9D%5D%202026%20%EB%AF%B8%EB%93%9C%ED%8F%BC%20%EC%98%81%EC%83%81%EC%BD%98%ED%85%90%EC%B8%A0%20%EC%A0%9C%EC%9E%91%20%EC%A7%80%EC%9B%90%EC%82%AC%EC%97%85.hwp / 202606301415160654.hwp: 404 Client Error: Not Found for url: https://www.bizinfo.go.kr/sii/siia/202606301415160654.hwp,https://www.bizinfo.go.kr/sii/siia/selectSIIA200Detail.do?pblancId=PBLN_000000000123782
PBLN_000000000123783,[전남광주] 첨단 스마트그린 AX실증산단 구축사업 제조경쟁력 강화를 위한 기업AX 실증지원 공고,전남광주통합특별시,fetched,url,needs_review,selected_candidate_missing,금액 후보는 있으나 대표금액을 선택하지 못함,old_amount_without_new_selected_amount,0.0,support_amount,subtract,9,,,,1.0,1937,30713,붙임1.AX실증산단구축사업지원사업공고문.pdf: 400 Client Error: Bad Request for url: https://www.bizinfo.go.kr/sii/siia/%EB%B6%99%EC%9E%841.AX%EC%8B%A4%EC%A6%9D%EC%82%B0%EB%8B%A8%EA%B5%AC%EC%B6%95%EC%82%AC%EC%97%85%EC%A7%80%EC%9B%90%EC%82%AC%EC%97%85%EA%B3%B5%EA%B3%A0%EB%AC%B8.pdf / 202606301426040122.pdf: 404 Client Error: Not Found for url: https://www.bizinfo.go.kr/sii/siia/202606301426040122.pdf / 붙임3.지원분야별우대기업목록.xlsx: 400 Client Error: Bad Request for url: https://www.bizinfo.go.kr/sii/siia/%EB%B6%99%EC%9E%843.%EC%A7%80%EC%9B%90%EB%B6%84%EC%95%BC%EB%B3%84%EC%9A%B0%EB%8C%80%EA%B8%B0%EC%97%85%EB%AA%A9%EB%A1%9D.xlsx / 202606301426580798.xlsx: 404 Client Error: Not Found for url: https://www.bizinfo.go.kr/sii/siia/202606301426580798.xlsx / 붙임2.AX실증산단구축사업지원신청서(공통솔루션).hwp: 400 Client Error: Bad Request for url: https://www.bizinfo.go.kr/sii/siia/%EB%B6%99%EC%9E%842.AX%EC%8B%A4%EC%A6%9D%EC%82%B0%EB%8B%A8%EA%B5%AC%EC%B6%95%EC%82%AC%EC%97%85%EC%A7%80%EC%9B%90%EC%8B%A0%EC%B2%AD%EC%84%9C(%EA%B3%B5%ED%86%B5%EC%86%94%EB%A3%A8%EC%85%98).hwp / 붙임2.AX실증산단구축사업지원신청서(단계별오픈랩).hwp: 400 Client Error: Bad Request for url: https://www.bizinfo.go.kr/sii/siia/%EB%B6%99%EC%9E%842.AX%EC%8B%A4%EC%A6%9D%EC%82%B0%EB%8B%A8%EA%B5%AC%EC%B6%95%EC%82%AC%EC%97%85%EC%A7%80%EC%9B%90%EC%8B%A0%EC%B2%AD%EC%84%9C(%EB%8B%A8%EA%B3%84%EB%B3%84%EC%98%A4%ED%94%88%EB%9E%A9).hwp / 202606301426580504.hwp: 404 Client Error: Not Found for url: https://www.bizinfo.go.kr/sii/siia/202606301426580504.hwp / 202606301426580620.hwp: 404 Client Error: Not Found for url: https://www.bizinfo.go.kr/sii/siia/202606301426580620.hwp / 202606301426580734.hwp: 404 Client Error: Not Found for url: https://www.bizinfo.go.kr/sii/siia/202606301426580734.hwp / 붙임4.사업비산정및사용기준.hwp: 400 Client Error: Bad Request for url: https://www.bizinfo.go.kr/sii/siia/%EB%B6%99%EC%9E%844.%EC%82%AC%EC%97%85%EB%B9%84%EC%82%B0%EC%A0%95%EB%B0%8F%EC%82%AC%EC%9A%A9%EA%B8%B0%EC%A4%80.hwp,https://www.bizinfo.go.kr/sii/siia/selectSIIA200Detail.do?pblancId=PBLN_000000000123783
SMARTFACTORY:2025-N-0194:1,2026년 스마트제조혁신 지원사업 통합공고,스마트공장 사업관리시스템,fetched,url,safe,clear_selected_candidate,대표금액 후보가 명확함,,50000.0,subsidy,subtract,108,50000.0,subsidy,subtract,0.5,353,36164,,https://www.smart-factory.kr/usr/bg/ba/ma/bsnsPbancDtl?pbancId=2025-N-0194&pbancSn=1
SMARTFACTORY:2025-N-0197:1,2026년도 정부형 스마트공장 구축사업 공고(고도화),스마트공장 사업관리시스템,fetched,url,safe,clear_selected_candidate,대표금액 후보가 명확함,,20000.0,support_amount,subtract,49,20000.0,support_amount,subtract,0.5,569,38753,,https://www.smart-factory.kr/usr/bg/ba/ma/bsnsPbancDtl?pbancId=2025-N-0197&pbancSn=1
SMARTFACTORY:2025-N-0198:1,2026년도 정부형 스마트공장 구축사업 공고(동일수준),스마트공장 사업관리시스템,fetched,url,safe,clear_selected_candidate,대표금액 후보가 명확함,,20000.0,support_amount,subtract,49,20000.0,support_amount,subtract,0.5,569,38753,,https://www.smart-factory.kr/usr/bg/ba/ma/bsnsPbancDtl?pbancId=2025-N-0198&pbancSn=1
SMARTFACTORY:2025-N-0202:2,2026년 디지털협업공장 구축 지원사업 컨소시엄 모집공고,스마트공장 사업관리시스템,fetched,url,needs_review,large_amount_delta,기존 금액과 새 대표금액 차이가 큼,"amount_delta_20_percent:old=5000,new=25000",5000.0,support_amount,subtract,61,25000.0,support_amount,subtract,0.5,203,31746,,https://www.smart-factory.kr/usr/bg/ba/ma/bsnsPbancDtl?pbancId=2025-N-0202&pbancSn=2
SMARTFACTORY:2025-N-0203:1,2026년도 자율형공장 구축 지원사업(컨소시엄신청),스마트공장 사업관리시스템,fetched,url,needs_review,large_amount_delta,기존 금액과 새 대표금액 차이가 큼,"type_changed:support_ratio->support_amount | roi_method_changed:ratio_cap->subtract | amount_delta_20_percent:old=2000,new=60000",2000.0,support_ratio,ratio_cap,28,60000.0,support_amount,subtract,0.5,492,34371,,https://www.smart-factory.kr/usr/bg/ba/ma/bsnsPbancDtl?pbancId=2025-N-0203&pbancSn=1
SMARTFACTORY:2025-N-0203:2,2026년도 자율형공장 구축 지원사업(단독신청),스마트공장 사업관리시스템,fetched,url,needs_review,large_amount_delta,기존 금액과 새 대표금액 차이가 큼,"type_changed:support_ratio->support_amount | roi_method_changed:ratio_cap->subtract | amount_delta_20_percent:old=30000,new=60000",30000.0,support_ratio,ratio_cap,28,60000.0,support_amount,subtract,0.5,492,34371,,https://www.smart-factory.kr/usr/bg/ba/ma/bsnsPbancDtl?pbancId=2025-N-0203&pbancSn=2
SMARTFACTORY:2025-N-0205:1,2026년 한국로봇산업진흥원 로봇활용 제조혁신 지원사업,스마트공장 사업관리시스템,fetched,url,needs_review,selected_candidate_missing,금액 후보는 있으나 대표금액을 선택하지 못함,,,,recommend_only,37,,,,0.5,176,19839,"별첨.+첨단로봇+활용+지능형+공정모델+(9공정,+10모델).pdf: text extraction failed",https://www.smart-factory.kr/usr/bg/ba/ma/bsnsPbancDtl?pbancId=2025-N-0205&pbancSn=1
SMARTFACTORY:2025-N-0210:1,2026년도 지역특화 프로젝트「레전드50+」연계 스마트공장 구축 지원사업 공고,스마트공장 사업관리시스템,fetched,url,safe,clear_selected_candidate,대표금액 후보가 명확함,type_changed:support_amount->subsidy,1000000.0,support_amount,subtract,44,1000000.0,subsidy,subtract,0.5,173,27158,,https://www.smart-factory.kr/usr/bg/ba/ma/bsnsPbancDtl?pbancId=2025-N-0210&pbancSn=1
SMARTFACTORY:2025-N-0211:1,2026년 제조DX멘토단 활용지원사업 통합공고,스마트공장 사업관리시스템,fetched,url,needs_review,selected_candidate_missing,금액 후보는 있으나 대표금액을 선택하지 못함,,,,recommend_only,13,,,,0.5,0,10017,,https://www.smart-factory.kr/usr/bg/ba/ma/bsnsPbancDtl?pbancId=2025-N-0211&pbancSn=1
SMARTFACTORY:2026-N-0005:1,2026년 스마트공장 수준확인 사업 공고,스마트공장 사업관리시스템,fetched,url,safe,clear_selected_candidate,대표금액 후보가 명확함,type_changed:unknown->loan | roi_method_changed:recommend_only->exclude | new_amount_found_from_source,,,recommend_only,6,1000000.0,loan,exclude,1.0,789,7347,,https://www.smart-factory.kr/usr/bg/ba/ma/bsnsPbancDtl?pbancId=2026-N-0005&pbancSn=1
SMARTFACTORY:2026-N-0010:1,2026년도 제조DX멘토단 활용지원(AX기획) 도입기업 모집 공고,스마트공장 사업관리시스템,fetched,url,needs_review,selected_candidate_missing,금액 후보는 있으나 대표금액을 선택하지 못함,old_amount_without_new_selected_amount,238.0,support_amount,subtract,6,,,,0.85,0,6841,,https://www.smart-factory.kr/usr/bg/ba/ma/bsnsPbancDtl?pbancId=2026-N-0010&pbancSn=1
SMARTFACTORY:2026-N-0011:1,2026년도 제조DX멘토단 활용지원(사전기획) 도입기업 모집 공고,스마트공장 사업관리시스템,fetched,url,needs_review,selected_candidate_missing,금액 후보는 있으나 대표금액을 선택하지 못함,,,,recommend_only,6,,,,0.85,0,7950,,https://www.smart-factory.kr/usr/bg/ba/ma/bsnsPbancDtl?pbancId=2026-N-0011&pbancSn=1
SMARTFACTORY:2026-N-0061:3,[2차]2026 대중소상생형(삼성) 스마트공장 구축(고도화),스마트공장 사업관리시스템,fetched,url,safe,clear_selected_candidate,대표금액 후보가 명확함,,15000.0,support_amount,subtract,7,15000.0,support_amount,subtract,0.6,526,6540,,https://www.smart-factory.kr/usr/bg/ba/ma/bsnsPbancDtl?pbancId=2026-N-0061&pbancSn=3
SMARTFACTORY:2026-N-0061:4,"[2차]2026 대중소상생형(삼성) 스마트공장 구축(기초,동일수준)",스마트공장 사업관리시스템,fetched,url,safe,clear_selected_candidate,대표금액 후보가 명확함,,15000.0,support_amount,subtract,7,15000.0,support_amount,subtract,0.6,526,6540,,https://www.smart-factory.kr/usr/bg/ba/ma/bsnsPbancDtl?pbancId=2026-N-0061&pbancSn=4
SMARTFACTORY:2026-N-0062:3,[2차] 2026 AI 트랙 (삼성) 스마트공장 구축,스마트공장 사업관리시스템,fetched,url,needs_review,selected_candidate_missing,금액 후보는 있으나 대표금액을 선택하지 못함,,,,recommend_only,1,,,,0.75,526,7306,,https://www.smart-factory.kr/usr/bg/ba/ma/bsnsPbancDtl?pbancId=2026-N-0062&pbancSn=3
SMARTFACTORY:2026-N-0067:3,[인천] 2026년 제조DX멘토단 활용지원사업 (구축지도) 도입기업 모집공고,스마트공장 사업관리시스템,fetched,url,needs_review,selected_candidate_missing,금액 후보는 있으나 대표금액을 선택하지 못함,,,,recommend_only,6,,,,0.85,41,5314,,https://www.smart-factory.kr/usr/bg/ba/ma/bsnsPbancDtl?pbancId=2026-N-0067&pbancSn=3
SMARTFACTORY:2026-N-0068:1,[부산] 2026년 제조DX멘토단 활용지원사업(구축지도) 도입기업 모집 공고,스마트공장 사업관리시스템,fetched,url,needs_review,selected_candidate_missing,금액 후보는 있으나 대표금액을 선택하지 못함,,,,recommend_only,3,,,,0.85,43,4114,붙임 제조DX멘토단 구축지도 도입기업 민간부담금 납부 확약서 양식.hwp: HWP extraction quality_failed,https://www.smart-factory.kr/usr/bg/ba/ma/bsnsPbancDtl?pbancId=2026-N-0068&pbancSn=1
SMARTFACTORY:2026-N-0069:1,[경기] 2026년 제조DX멘토단 활용지원사업(구축지도) 도입기업 모집 공고,스마트공장 사업관리시스템,fetched,url,needs_review,selected_candidate_missing,금액 후보는 있으나 대표금액을 선택하지 못함,,,,recommend_only,3,,,,0.85,35,4113,[양식] 제조DX멘토단 구축지도 도입기업 민간부담금 납부 확약서 양식.hwp: HWP extraction quality_failed,https://www.smart-factory.kr/usr/bg/ba/ma/bsnsPbancDtl?pbancId=2026-N-0069&pbancSn=1
SMARTFACTORY:2026-N-0070:1,[전북] 2026년 제조DX멘토단 활용지원(구축지도) 도입기업 모집 공고,스마트공장 사업관리시스템,fetched,url,needs_review,selected_candidate_missing,금액 후보는 있으나 대표금액을 선택하지 못함,,,,recommend_only,3,,,,0.85,134,3853,[양식] 제조DX멘토단 구축지도 도입기업 민간부담금 납부 확약서 양식.hwp: HWP extraction quality_failed,https://www.smart-factory.kr/usr/bg/ba/ma/bsnsPbancDtl?pbancId=2026-N-0070&pbancSn=1
SMARTFACTORY:2026-N-0071:1,[경북] 2026년 제조DX멘토단 활용지원사업(구축지도) 도입기업 모집 공고,스마트공장 사업관리시스템,fetched,url,needs_review,selected_candidate_missing,금액 후보는 있으나 대표금액을 선택하지 못함,old_amount_without_new_selected_amount,21.0,support_amount,subtract,4,,,,0.85,212,7422,,https://www.smart-factory.kr/usr/bg/ba/ma/bsnsPbancDtl?pbancId=2026-N-0071&pbancSn=1
SMARTFACTORY:2026-N-0072:1,[전남]2026년 제조DX멘토단 활용지원(구축지도) 도입기업 모집 공고,스마트공장 사업관리시스템,fetched,url,needs_review,selected_candidate_missing,금액 후보는 있으나 대표금액을 선택하지 못함,,,,recommend_only,3,,,,0.85,0,3755,,https://www.smart-factory.kr/usr/bg/ba/ma/bsnsPbancDtl?pbancId=2026-N-0072&pbancSn=1
SMARTFACTORY:2026-N-0073:1,[충남] 2026년 제조DX멘토단 활용지원사업(구축지도) 도입기업 모집 공고,스마트공장 사업관리시스템,fetched,url,needs_review,selected_candidate_missing,금액 후보는 있으나 대표금액을 선택하지 못함,,,,recommend_only,4,,,,0.85,195,8730,,https://www.smart-factory.kr/usr/bg/ba/ma/bsnsPbancDtl?pbancId=2026-N-0073&pbancSn=1
SMARTFACTORY:2026-N-0074:1,[대구] 2026년 제조DX멘토단 활용지원사업(구축지도) 도입기업 모집 공고,스마트공장 사업관리시스템,fetched,url,needs_review,selected_candidate_missing,금액 후보는 있으나 대표금액을 선택하지 못함,old_amount_without_new_selected_amount,21.0,subsidy,subtract,4,,,,0.85,223,7853,,https://www.smart-factory.kr/usr/bg/ba/ma/bsnsPbancDtl?pbancId=2026-N-0074&pbancSn=1
SMARTFACTORY:2026-N-0075:1,[경남]2026년 제조DX멘토단 활용지원(구축지도) 도입기업 모집 공고,스마트공장 사업관리시스템,fetched,url,needs_review,selected_candidate_missing,금액 후보는 있으나 대표금액을 선택하지 못함,old_amount_without_new_selected_amount,21.0,subsidy,subtract,4,,,,0.85,168,8100,,https://www.smart-factory.kr/usr/bg/ba/ma/bsnsPbancDtl?pbancId=2026-N-0075&pbancSn=1
SMARTFACTORY:2026-N-0076:2,[충북] 2026년 제조DX멘토단 활용지원(구축지도) 도입기업 모집 공고,스마트공장 사업관리시스템,fetched,url,needs_review,selected_candidate_missing,금액 후보는 있으나 대표금액을 선택하지 못함,old_amount_without_new_selected_amount,21.0,subsidy,subtract,6,,,,0.85,164,4705,붙임.+구축지도+사업수행+서식_충북TP.pdf: text extraction failed,https://www.smart-factory.kr/usr/bg/ba/ma/bsnsPbancDtl?pbancId=2026-N-0076&pbancSn=2
SMARTFACTORY:2026-N-0077:1,[대구] AI솔루션 실증 지원(단일 실증),스마트공장 사업관리시스템,fetched,url,needs_review,candidate_missing,금액 후보 자체를 찾지 못함,,,unknown,recommend_only,0,,,,,220,0,,https://www.smart-factory.kr/usr/bg/ba/ma/bsnsPbancDtl?pbancId=2026-N-0077&pbancSn=1
SMARTFACTORY:2026-N-0082:1,[서울] 2026년 제조DX멘토단 활용지원사업(구축지도) 도입기업 모집 공고,스마트공장 사업관리시스템,fetched,url,needs_review,selected_candidate_missing,금액 후보는 있으나 대표금액을 선택하지 못함,old_amount_without_new_selected_amount,21.0,subsidy,subtract,6,,,,0.85,212,5770,,https://www.smart-factory.kr/usr/bg/ba/ma/bsnsPbancDtl?pbancId=2026-N-0082&pbancSn=1
SMARTFACTORY:2026-N-0085:1,[경기북부]2026년 제조DX멘토단 활용지원(구축지도) 도입기업 모집 공고,스마트공장 사업관리시스템,fetched,url,needs_review,selected_candidate_missing,금액 후보는 있으나 대표금액을 선택하지 못함,old_amount_without_new_selected_amount,21.0,subsidy,subtract,4,,,,0.85,191,8062,DX코칭단 배정 요청서.hwp: HWP extraction quality_failed / [양식] 제조DX멘토단 구축지도 도입기업 민간부담금 납부 확약서 양식.hwp: HWP extraction quality_failed,https://www.smart-factory.kr/usr/bg/ba/ma/bsnsPbancDtl?pbancId=2026-N-0085&pbancSn=1
SMARTFACTORY:2026-N-0087:1,[강원] 2026년 제조DX멘토단 활용지원사업(구축지도) 도입기업 모집 공고,스마트공장 사업관리시스템,fetched,url,needs_review,selected_candidate_missing,금액 후보는 있으나 대표금액을 선택하지 못함,old_amount_without_new_selected_amount,21.0,subsidy,subtract,3,,,,0.85,227,1920,[양식]+구축지도+사업수행+서식_강원TP.pdf: text extraction failed,https://www.smart-factory.kr/usr/bg/ba/ma/bsnsPbancDtl?pbancId=2026-N-0087&pbancSn=1
SMARTFACTORY:2026-N-0090:1,2026년 경북형 스마트공장(기초단계) 구축지원 사업 2차모집_(신규구축),스마트공장 사업관리시스템,fetched,url,safe,clear_selected_candidate,대표금액 후보가 명확함,type_changed:subsidy->support_amount,6000.0,subsidy,subtract,13,6000.0,support_amount,subtract,0.6,598,52877,,https://www.smart-factory.kr/usr/bg/ba/ma/bsnsPbancDtl?pbancId=2026-N-0090&pbancSn=1
SMARTFACTORY:2026-N-0090:3,2026년 경북형 스마트공장(기초단계) 구축지원 사업 2차모집_(동일수준),스마트공장 사업관리시스템,fetched,url,safe,clear_selected_candidate,대표금액 후보가 명확함,type_changed:subsidy->support_amount,6000.0,subsidy,subtract,13,6000.0,support_amount,subtract,0.6,598,52877,,https://www.smart-factory.kr/usr/bg/ba/ma/bsnsPbancDtl?pbancId=2026-N-0090&pbancSn=3
SMARTFACTORY:2026-N-0099:1,[포항] 2026년 제조DX멘토단 활용지원(구축지도) 도입기업 모집공고,스마트공장 사업관리시스템,fetched,url,needs_review,selected_candidate_missing,금액 후보는 있으나 대표금액을 선택하지 못함,old_amount_without_new_selected_amount,21.0,non_cash,recommend_only,3,,,,0.85,388,2777,,https://www.smart-factory.kr/usr/bg/ba/ma/bsnsPbancDtl?pbancId=2026-N-0099&pbancSn=1
SMARTFACTORY:2026-N-0100:1,"2026년도 경북 지역특화형(고도화) 스마트공장 구축사업 공고(방산, 모빌리티)",스마트공장 사업관리시스템,fetched,url,safe,clear_selected_candidate,대표금액 후보가 명확함,,20000.0,support_amount,subtract,32,20000.0,support_amount,subtract,0.5,819,41867,,https://www.smart-factory.kr/usr/bg/ba/ma/bsnsPbancDtl?pbancId=2026-N-0100&pbancSn=1
SMARTFACTORY:2026-N-0102:1,2026년도 강원 지역특화형(바이오헬스·식품) 스마트공장 구축사업(고도화) 공고,스마트공장 사업관리시스템,fetched,url,needs_review,large_amount_delta,기존 금액과 새 대표금액 차이가 큼,"amount_delta_20_percent:old=25000,new=20000",25000.0,support_amount,subtract,15,20000.0,support_amount,subtract,0.5,0,12078,(지역특화형)+사업계획서+및+제출서류+양식(고도화).pdf: text extraction failed,https://www.smart-factory.kr/usr/bg/ba/ma/bsnsPbancDtl?pbancId=2026-N-0102&pbancSn=1
SMARTFACTORY:2026-N-0103:1,2026년도 강원 지역특화형(바이오헬스·식품) 스마트공장 구축사업(기초) 공고,스마트공장 사업관리시스템,fetched,url,needs_review,large_amount_delta,기존 금액과 새 대표금액 차이가 큼,"amount_delta_20_percent:old=25000,new=20000",25000.0,support_amount,subtract,15,20000.0,support_amount,subtract,0.5,0,12078,(지역특화형)+사업계획서+및+제출서류+양식(기초).pdf: text extraction failed,https://www.smart-factory.kr/usr/bg/ba/ma/bsnsPbancDtl?pbancId=2026-N-0103&pbancSn=1
SMARTFACTORY:2026-N-0104:1,2026 제조DX멘토 활용지원 구축지도 도입기업 모집,스마트공장 사업관리시스템,fetched,url,needs_review,selected_candidate_missing,금액 후보는 있으나 대표금액을 선택하지 못함,old_amount_without_new_selected_amount,21.0,unknown,review,4,,,,0.85,47,1843,,https://www.smart-factory.kr/usr/bg/ba/ma/bsnsPbancDtl?pbancId=2026-N-0104&pbancSn=1
SMARTFACTORY:2026-N-0105:1,2026년도 강원 지역특화형(바이오헬스·식품) 스마트공장 구축사업(동일수준) 공고,스마트공장 사업관리시스템,fetched,url,needs_review,large_amount_delta,기존 금액과 새 대표금액 차이가 큼,"amount_delta_20_percent:old=25000,new=20000",25000.0,support_amount,subtract,15,20000.0,support_amount,subtract,0.5,0,12078,(지역특화형)+사업계획서+및+제출서류+양식(고도화).pdf: text extraction failed,https://www.smart-factory.kr/usr/bg/ba/ma/bsnsPbancDtl?pbancId=2026-N-0105&pbancSn=1
SMARTFACTORY:2026-N-0106:1,(충북) 2026년 제조 AI 현장 적용 지원 사업,스마트공장 사업관리시스템,fetched,url,needs_review,selected_candidate_missing,금액 후보는 있으나 대표금액을 선택하지 못함,,,,recommend_only,10,,,,,259,22964,붙임+2.+2026년+제조+AI+현장+적용+지원+사업+신청+양식.pdf: text extraction failed,https://www.smart-factory.kr/usr/bg/ba/ma/bsnsPbancDtl?pbancId=2026-N-0106&pbancSn=1
SMARTFACTORY:2026-N-0107:1,2026년 경남 산업안전AI 스마트공장 구축 지원사업 공고,스마트공장 사업관리시스템,fetched,url,safe,clear_selected_candidate,대표금액 후보가 명확함,,28000.0,support_amount,subtract,14,28000.0,support_amount,subtract,0.35,32,31318,,https://www.smart-factory.kr/usr/bg/ba/ma/bsnsPbancDtl?pbancId=2026-N-0107&pbancSn=1
SMARTFACTORY:2026-N-0109:1,2026년 대구지역 스마트공장 구축(기초단계)지원 사업,스마트공장 사업관리시스템,fetched,url,safe,clear_selected_candidate,대표금액 후보가 명확함,,4700.0,support_amount,subtract,5,4700.0,support_amount,subtract,,196,5266,붙임.+신청양식.pdf: text extraction failed,https://www.smart-factory.kr/usr/bg/ba/ma/bsnsPbancDtl?pbancId=2026-N-0109&pbancSn=1
SMARTFACTORY:2026-N-0110:2,[현대자동차그룹]2026 대중소상생형 스마트공장 구축(고도화 동일),스마트공장 사업관리시스템,fetched,url,needs_review,selected_candidate_missing,금액 후보는 있으나 대표금액을 선택하지 못함,,,unknown,recommend_only,15,,,,0.3,593,7448,,https://www.smart-factory.kr/usr/bg/ba/ma/bsnsPbancDtl?pbancId=2026-N-0110&pbancSn=2
SMARTFACTORY:2026-N-0110:4,[현대자동차그룹]2026 대중소상생형 스마트공장 구축(고도화1),스마트공장 사업관리시스템,fetched,url,needs_review,selected_candidate_missing,금액 후보는 있으나 대표금액을 선택하지 못함,,,unknown,recommend_only,15,,,,0.3,593,7448,,https://www.smart-factory.kr/usr/bg/ba/ma/bsnsPbancDtl?pbancId=2026-N-0110&pbancSn=4
SMARTFACTORY:2026-N-0110:5,[현대자동차그룹]2026 대중소상생형 스마트공장 구축(기초),스마트공장 사업관리시스템,fetched,url,needs_review,selected_candidate_missing,금액 후보는 있으나 대표금액을 선택하지 못함,,,unknown,recommend_only,15,,,,0.3,593,7448,,https://www.smart-factory.kr/usr/bg/ba/ma/bsnsPbancDtl?pbancId=2026-N-0110&pbancSn=5
SMARTFACTORY:2026-N-0111:1,[제주] 2026년 제조DX멘토단 활용지원(구축지도) 도입기업 모집 공고,스마트공장 사업관리시스템,fetched,url,needs_review,selected_candidate_missing,금액 후보는 있으나 대표금액을 선택하지 못함,old_amount_without_new_selected_amount,21.0,support_amount,subtract,3,,,,0.85,0,2993,,https://www.smart-factory.kr/usr/bg/ba/ma/bsnsPbancDtl?pbancId=2026-N-0111&pbancSn=1
SMARTFACTORY:2026-N-0112:1,2026년 전북형 스마트 제조혁신 프로젝트 추가모집 (JS1-일반과제),스마트공장 사업관리시스템,fetched,url,needs_review,selected_candidate_missing,금액 후보는 있으나 대표금액을 선택하지 못함,,,,recommend_only,22,,,,0.8,293,43173,,https://www.smart-factory.kr/usr/bg/ba/ma/bsnsPbancDtl?pbancId=2026-N-0112&pbancSn=1
SMARTFACTORY:2026-N-0112:2,2026년 전북형 스마트 제조혁신 프로젝트 추가모집 (JS1-간편자동화과제),스마트공장 사업관리시스템,fetched,url,needs_review,selected_candidate_missing,금액 후보는 있으나 대표금액을 선택하지 못함,,,,recommend_only,22,,,,0.8,293,43173,,https://www.smart-factory.kr/usr/bg/ba/ma/bsnsPbancDtl?pbancId=2026-N-0112&pbancSn=2
SMARTFACTORY:2026-N-0113:1,[포스코DX] 2026년도 상생형 인공지능 전환(AX) 선도모델 구축지원 사업 공고,스마트공장 사업관리시스템,fetched,url,needs_review,selected_candidate_missing,금액 후보는 있으나 대표금액을 선택하지 못함,old_amount_without_new_selected_amount,150000.0,subsidy,subtract,17,,,,0.98,19,34060,,https://www.smart-factory.kr/usr/bg/ba/ma/bsnsPbancDtl?pbancId=2026-N-0113&pbancSn=1
SMARTFACTORY:2026-N-0114:1,[미라콤] 2026년도 상생형 인공지능 전환(AX) 선도모델 구축지원 사업 공고,스마트공장 사업관리시스템,fetched,url,needs_review,selected_candidate_missing,금액 후보는 있으나 대표금액을 선택하지 못함,old_amount_without_new_selected_amount,300000.0,subsidy,subtract,17,,,,0.98,0,33776,,https://www.smart-factory.kr/usr/bg/ba/ma/bsnsPbancDtl?pbancId=2026-N-0114&pbancSn=1
SMARTFACTORY:2026-N-0115:1,[LS일렉트릭] 2026년도 상생형 인공지능 전환(AX) 선도모델 구축지원 사업 공고,스마트공장 사업관리시스템,fetched,url,needs_review,selected_candidate_missing,금액 후보는 있으나 대표금액을 선택하지 못함,old_amount_without_new_selected_amount,150000.0,subsidy,subtract,17,,,,1.0,19,33716,,https://www.smart-factory.kr/usr/bg/ba/ma/bsnsPbancDtl?pbancId=2026-N-0115&pbancSn=1
SMARTFACTORY:2026-N-0118:1,[LG전자] 2026년도 상생형 인공지능 전환(AX) 선도모델 구축지원 사업 공고,스마트공장 사업관리시스템,fetched,url,needs_review,selected_candidate_missing,금액 후보는 있으나 대표금액을 선택하지 못함,old_amount_without_new_selected_amount,150000.0,subsidy,subtract,17,,,,0.5,19,9936,2026년+엘지전자+상생형+인공지능+전환(AX)+선도모델+스마트공장+구축+사업.pdf: text extraction failed,https://www.smart-factory.kr/usr/bg/ba/ma/bsnsPbancDtl?pbancId=2026-N-0118&pbancSn=1
SMARTFACTORY:2026-N-0119:1,[CJ올리브네트웍스] 2026년도 상생형 인공지능 전환(AX) 선도모델 구축지원 사업 공고,스마트공장 사업관리시스템,fetched,url,needs_review,selected_candidate_missing,금액 후보는 있으나 대표금액을 선택하지 못함,old_amount_without_new_selected_amount,150000.0,subsidy,subtract,17,,,,0.5,19,10933,제출양식.pdf: text extraction failed,https://www.smart-factory.kr/usr/bg/ba/ma/bsnsPbancDtl?pbancId=2026-N-0119&pbancSn=1
SMARTFACTORY:2026-N-0120:1,[한국네트웍스] 2026년도 상생형 인공지능 전환(AX) 선도모델 구축지원 사업 공고,스마트공장 사업관리시스템,fetched,url,needs_review,selected_candidate_missing,금액 후보는 있으나 대표금액을 선택하지 못함,old_amount_without_new_selected_amount,150000.0,subsidy,subtract,17,,,,0.98,0,33646,,https://www.smart-factory.kr/usr/bg/ba/ma/bsnsPbancDtl?pbancId=2026-N-0120&pbancSn=1
SMARTFACTORY:2026-N-0121:1,2026년「푸드테크 스마트 제조 기반 구축」사업 공고(기초)_4차 재공고,스마트공장 사업관리시스템,fetched,url,safe,clear_selected_candidate,대표금액 후보가 명확함,type_changed:unknown->support_amount | roi_method_changed:recommend_only->subtract | new_amount_found_from_source,,unknown,recommend_only,11,6000.0,support_amount,subtract,0.7,312,33931,,https://www.smart-factory.kr/usr/bg/ba/ma/bsnsPbancDtl?pbancId=2026-N-0121&pbancSn=1
SMARTFACTORY:2026-N-0122:1,[코오롱베니트] 2026년도 상생형 인공지능 전환(AX) 선도모델 구축지원 사업 공고,스마트공장 사업관리시스템,fetched,url,needs_review,selected_candidate_missing,금액 후보는 있으나 대표금액을 선택하지 못함,old_amount_without_new_selected_amount,150000.0,subsidy,subtract,17,,,,0.5,19,10515,제출양식.pdf: text extraction failed,https://www.smart-factory.kr/usr/bg/ba/ma/bsnsPbancDtl?pbancId=2026-N-0122&pbancSn=1
SMARTFACTORY:2026-N-0123:1,[한솔PNS] 2026년도 상생형 인공지능 전환(AX) 선도모델 구축지원 사업 공고,스마트공장 사업관리시스템,fetched,url,needs_review,selected_candidate_missing,금액 후보는 있으나 대표금액을 선택하지 못함,old_amount_without_new_selected_amount,150000.0,subsidy,subtract,17,,,,0.5,19,12063,제출양식.pdf: text extraction failed,https://www.smart-factory.kr/usr/bg/ba/ma/bsnsPbancDtl?pbancId=2026-N-0123&pbancSn=1
SMARTFACTORY:2026-N-0124:1,[현대자동차 그룹] 2026년도 상생형 인공지능 전환(AX) 선도모델 구축지원 사업 공고,스마트공장 사업관리시스템,fetched,url,needs_review,selected_candidate_missing,금액 후보는 있으나 대표금액을 선택하지 못함,old_amount_without_new_selected_amount,50000.0,subsidy,subtract,9,,,,0.5,19,8970,제출양식.pdf: text extraction failed,https://www.smart-factory.kr/usr/bg/ba/ma/bsnsPbancDtl?pbancId=2026-N-0124&pbancSn=1
TECHNOPARK:1316,아산시 CES 2027 기업지원 사업 참가기업 모집 재공고,충남테크노파크,fetched,url,needs_review,selected_candidate_missing,금액 후보는 있으나 대표금액을 선택하지 못함,old_amount_without_new_selected_amount,2900.0,support_amount,subtract,3,,,,1.0,1877,13262,,https://www.ctp.or.kr/business/datadetail.do?seq=2709280
TECHNOPARK:1343,2026년 충남 디스플레이 특화단지 R&D 컨설팅 지원 수혜기업 모집,충남테크노파크,fetched,url,safe,clear_selected_candidate,대표금액 후보가 명확함,type_changed:unknown->support_amount | roi_method_changed:recommend_only->subtract | new_amount_found_from_source,,,recommend_only,2,300.0,support_amount,subtract,,1836,5631,,https://www.ctp.or.kr/business/datadetail.do?seq=2709286
TECHNOPARK:1348,(2026-127호) 2026년 강원지역연구장비 서비스 활성화 지원사업 참여기관 모집 공고,강원테크노파크,fetched,url,safe,clear_selected_candidate,대표금액 후보가 명확함,type_changed:subsidy->support_amount,1000.0,subsidy,subtract,4,1000.0,support_amount,subtract,0.8,13221,3635,,https://www.gwtp.or.kr/gwtp/bbsNew_view.php?bbs_data=aWR4PTMxNTMmc3RhcnRQYWdlPSZsaXN0Tm89JnRhYmxlPWNzX2Jic19kYXRhX25ldyZjb2RlPXN1YjAxYiZzZWFyY2hfaXRlbT0mc2VhcmNoX29yZGVyPSZ1cmw9c3ViMDFiJmtleXZhbHVlPXN1YjAxJmJic19tYWxuYW1lPQ==||
TECHNOPARK:135,2026년 제조DX멘토단 활용지원(구축지도) 도입기업 모집 공고,전북테크노파크,fetched,url,needs_review,selected_candidate_missing,금액 후보는 있으나 대표금액을 선택하지 못함,,,,recommend_only,3,,,,0.85,2095,3245,[양식]제조DX멘토단구축지도도입기업민간부담금납부확약서양식.hwp: HWP extraction quality_failed,https://www.jbtp.or.kr/board/view.jbtp?menuCd=DOM_000000102001000000&boardId=BBS_0000006&dataSid=19904
TECHNOPARK:1382,2026년 인천광역시 우수디자인 시제품개발지원사업 모집 공고[~7/7],인천테크노파크,fetched,url,safe,clear_selected_candidate,대표금액 후보가 명확함,,2500.0,support_amount,subtract,2,2500.0,support_amount,subtract,0.8,5500,0,붙임1_세부공고문.pdf: invalid response / 2606161028240929638086.pdf: invalid response / 붙임4_시제품개발지원_신청서식(예시).hwp: invalid response / 붙임5_시제품개발지원_관리규정_2026.hwp: invalid response / 2606161028240632834851.hwp: invalid response / 2606161028240818462609.hwp: invalid response / test.hwp: invalid response,https://itp.or.kr/intro.asp?tmid=13&seq=10859
TECHNOPARK:1399,(2026-129호) 「수요맞춤형 전기구동 경형 PBV 개발 지원기반 구축사업」 2026년 기업지원 프로그램 기술자문(지도) 추가 모집 공고,강원테크노파크,fetched,url,needs_review,selected_candidate_missing,금액 후보는 있으나 대표금액을 선택하지 못함,,,,recommend_only,1,,,,,13287,2661,,https://www.gwtp.or.kr/gwtp/bbsNew_view.php?bbs_data=aWR4PTMxNjAmc3RhcnRQYWdlPSZsaXN0Tm89JnRhYmxlPWNzX2Jic19kYXRhX25ldyZjb2RlPXN1YjAxYiZzZWFyY2hfaXRlbT0mc2VhcmNoX29yZGVyPSZ1cmw9c3ViMDFiJmtleXZhbHVlPXN1YjAxJmJic19tYWxuYW1lPQ==||
TECHNOPARK:1439,「2026년 미래차전환 종합지원사업」 기업지원(R&D) 프로그램 모집 공고,충남테크노파크,fetched,url,safe,clear_selected_candidate,대표금액 후보가 명확함,type_changed:unknown->guarantee | roi_method_changed:recommend_only->exclude | new_amount_found_from_source,,,recommend_only,10,10000.0,guarantee,exclude,,1851,4444,,https://www.ctp.or.kr/business/datadetail.do?seq=2709289
TECHNOPARK:1500,"(2026-130호) 2026년도 지역주력산업육성(지역특화 프로젝트 레전드 50+) 지원모집 2차 공고 (강원 2.0, 퀀텀점프)",강원테크노파크,fetched,url,needs_review,large_amount_delta,기존 금액과 새 대표금액 차이가 큼,"amount_delta_20_percent:old=1000,new=2000",1000.0,support_amount,subtract,12,2000.0,support_amount,subtract,,13290,4148,,https://www.gwtp.or.kr/gwtp/bbsNew_view.php?bbs_data=aWR4PTMxNjgmc3RhcnRQYWdlPSZsaXN0Tm89JnRhYmxlPWNzX2Jic19kYXRhX25ldyZjb2RlPXN1YjAxYiZzZWFyY2hfaXRlbT0mc2VhcmNoX29yZGVyPSZ1cmw9c3ViMDFiJmtleXZhbHVlPXN1YjAxJmJic19tYWxuYW1lPQ==||
TECHNOPARK:1519,2026년 햇빛소득마을 컨설팅 지원사업 위탁기관 모집 공고,충남테크노파크,fetched,url,needs_review,selected_candidate_missing,금액 후보는 있으나 대표금액을 선택하지 못함,,,,recommend_only,14,,,,1.0,1908,13243,,https://www.ctp.or.kr/business/datadetail.do?seq=2709292
TECHNOPARK:1532,(재공고) 2026년 테크노파크 생산장비 고도화 지원사업 산학연 협동프로그램 참여 기업 모집 재공고,충남테크노파크,fetched,url,needs_review,selected_candidate_missing,금액 후보는 있으나 대표금액을 선택하지 못함,,,,recommend_only,7,,,,0.1,1984,18850,[별첨 1] KAIST ILP 딥테크 진단·자문 프로그램 참여 교수 Profile.pdf: text extraction failed,https://www.ctp.or.kr/business/datadetail.do?seq=2709293
TECHNOPARK:1558,2026 패패부산(부산국제신발섬유패션전시회) 참가기업 모집공고,부산테크노파크,fetched,url,needs_review,candidate_missing,금액 후보 자체를 찾지 못함,,,,recommend_only,0,,,,,2647,0,Application form_BISS 2026.docx: invalid response / (공고문)2026 패패부산(부산국제신발섬유패션전시회) 참여기업 모집공고.hwp: invalid response / 참가신청서(국문).hwp: invalid response,https://www.btp.or.kr/kor/CMS/Board/Board.do?mCode=MN013&mode=view&mgr_seq=16&board_seq=9582070
TECHNOPARK:1559,2026년 부산 연구개발장비 공동활용 지원사업 모집 공고(2차),부산테크노파크,fetched,url,needs_review,candidate_missing,금액 후보 자체를 찾지 못함,,,,recommend_only,0,,,,,2542,0,[첨부1] 공동활용 연구장비 목록 (수수료 및 문의처).pdf: invalid response / 2026년 연구개발장비 공동활용 지원사업_2차공고(최종).hwpx: invalid response / downloadRun.do: invalid response,https://www.btp.or.kr/kor/CMS/Board/Board.do?mCode=MN013&mode=view&mgr_seq=16&board_seq=9582071
TECHNOPARK:1724,「2026년 예비수소전문기업지원사업」수소산업분야 기술사업화(비R&D) 수혜기업 모집공고,충남테크노파크,fetched,url,needs_review,large_amount_delta,기존 금액과 새 대표금액 차이가 큼,"amount_delta_20_percent:old=6700,new=3500",6700.0,support_amount,subtract,9,3500.0,support_amount,subtract,,2046,10501,,https://www.ctp.or.kr/business/datadetail.do?seq=2709304
TECHNOPARK:1725,「2026년 지역 거점 정보보호 클러스터 구축 사업」정보보호 비즈니스 모델 발굴 및 유망기업 지원 모집공고 재공고(2차),충남테크노파크,fetched,url,safe,clear_selected_candidate,대표금액 후보가 명확함,type_changed:unknown->support_amount | roi_method_changed:recommend_only->subtract | new_amount_found_from_source,,,recommend_only,7,5200.0,support_amount,subtract,0.1,1937,6026,,https://www.ctp.or.kr/business/datadetail.do?seq=2709305
TECHNOPARK:1743,「2026년 충청권 미래차 전환 혁신지원사업」 기업지원 프로그램(비R&D) 모집공고(2차),충남테크노파크,fetched,url,safe,clear_selected_candidate,대표금액 후보가 명확함,,2000.0,support_amount,subtract,20,2000.0,support_amount,subtract,,1827,10144,,https://www.ctp.or.kr/business/datadetail.do?seq=2709309
TECHNOPARK:1747,"충남지자체 지식재산창출지원사업 수혜기업모집 공고(상시, 마감시까지)",충남테크노파크,fetched,url,needs_review,subtract_without_limit_context | large_amount_delta,직접 차감 후보이나 기업당/한도 문맥이 부족함 | 기존 금액과 새 대표금액 차이가 큼,"amount_delta_20_percent:old=150,new=400",150.0,support_amount,subtract,7,400.0,support_amount,subtract,0.1,1934,10080,,https://www.ctp.or.kr/business/datadetail.do?seq=2709310
TECHNOPARK:1749,「2026년 지역특화 제조데이터 활성화 사업」AI솔루션 실증 참여기업 모집 2차 공고,대구테크노파크,fetch_failed,url,needs_review,source_fetch_failed | candidate_missing,원문 URL/API 조회 실패 | 금액 후보 자체를 찾지 못함,,,,recommend_only,0,,,,,0,0,"HTTPSConnectionPool(host='dgtp.or.kr', port=443): Max retries exceeded with url: /bbs/BoardControllView.do?bbsId=BBSMSTR_000000000003&nttId=15579 (Caused by SSLError(SSLCertVerificationError(1, '[SSL: CERTIFICATE_VERIFY_FAILED] certificate verify failed: unable to get local issuer certificate (_ssl.c:1007)')))",https://dgtp.or.kr/bbs/BoardControllView.do?bbsId=BBSMSTR_000000000003&nttId=15579
TECHNOPARK:1752,[서천군] 2026년 시군구연고산업육성 협업프로젝트(서천군 해양바이오 인큐베이팅 사업) 3차 수혜기업 모집 공고 기간 연장 안내,충남테크노파크,fetched,url,needs_review,large_amount_delta,기존 금액과 새 대표금액 차이가 큼,"type_changed:non_cash->support_amount | roi_method_changed:recommend_only->subtract | amount_delta_20_percent:old=5000,new=7000",5000.0,non_cash,recommend_only,16,7000.0,support_amount,subtract,,2347,12595,,https://www.ctp.or.kr/business/datadetail.do?seq=2709311
TECHNOPARK:1769,[2026-056호] 2026년 정보보호 기업육성(사업화 / 창업·벤처 육성)) 지원사업 모집공고,세종테크노파크,fetched,url,needs_review,large_amount_delta,기존 금액과 새 대표금액 차이가 큼,"amount_delta_20_percent:old=4000,new=1000",4000.0,support_amount,subtract,11,1000.0,support_amount,subtract,0.1,7204,17248,,https://www.sjtp.or.kr/bbs/board.php?bo_table=business01&wr_id=1981
TECHNOPARK:1770,[2026-037호] 2026년도 세종 규제자유특구 수요조사 재공고(3차),세종테크노파크,fetched,url,needs_review,selected_candidate_missing,금액 후보는 있으나 대표금액을 선택하지 못함,,,,recommend_only,2,,,,,7126,23133,,https://www.sjtp.or.kr/bbs/board.php?bo_table=business01&wr_id=1982
TECHNOPARK:1792,2026년 수출디딤돌지원사업 「2026 중국 상하이 시장개척단」참가기업 모집 공고,충남테크노파크,fetched,url,needs_review,selected_candidate_missing,금액 후보는 있으나 대표금액을 선택하지 못함,,,,recommend_only,1,,,,,1956,10381,,https://www.ctp.or.kr/business/datadetail.do?seq=2709312
TECHNOPARK:1794,2026년도 인천광역시 중소기업 디자인개발지원사업 (하반기 일반기업 지원분야) 과제 모집,인천테크노파크,fetched,url,needs_review,selected_candidate_missing,금액 후보는 있으나 대표금액을 선택하지 못함,old_amount_without_new_selected_amount,1800.0,support_amount,subtract,2,,,,0.8,5479,0,붙임1_세부공고문.pdf: invalid response / 붙임2_디자인개발지원_관련규정_2026.pdf: invalid response / 2606230907360778052925.pdf: invalid response / 2606230907360860912500.pdf: invalid response / 붙임3_디자인개발지원_관련서식_2026.hwp: invalid response / 2606230907360557790100.hwp: invalid response / test.hwp: invalid response,https://itp.or.kr/intro.asp?tmid=13&seq=10879
TECHNOPARK:1854,2026 동남 정보보호클러스터 보안 테스팅 지원,경남테크노파크,fetched,url,needs_review,selected_candidate_missing,금액 후보는 있으나 대표금액을 선택하지 못함,,,,recommend_only,1,,,,1.0,1959,2654,,http://www.gntp.or.kr/biz/applyInfo/3790
TECHNOPARK:1857,미래차 산업전환 공정기술 고도화 수혜기업 모집 공고(3차),경남테크노파크,fetched,url,safe,clear_selected_candidate,대표금액 후보가 명확함,type_changed:unknown->support_amount | roi_method_changed:recommend_only->subtract | new_amount_found_from_source,,,recommend_only,5,5000.0,support_amount,subtract,0.5,1814,15801,,http://www.gntp.or.kr/biz/applyInfo/3791
TECHNOPARK:1868,『고성능 전기차용 전동화시스템 성능평가 기반구축』 2026년도 기업지원 통합 모집 공고,충남테크노파크,fetched,url,needs_review,candidate_missing,금액 후보 자체를 찾지 못함,old_amount_without_new_selected_amount,2000.0,support_amount,subtract,0,,,,,1865,9387,,https://www.ctp.or.kr/business/datadetail.do?seq=2709315
TECHNOPARK:1873,「충남 지역혁신클러스터육성(비R&D)사업」사업화 지원 수혜기업 모집 공고(2차),충남테크노파크,fetched,url,safe,clear_selected_candidate,대표금액 후보가 명확함,type_changed:unknown->support_amount | roi_method_changed:recommend_only->subtract | new_amount_found_from_source,,,recommend_only,12,2000.0,support_amount,subtract,0.5,1940,31278,,https://www.ctp.or.kr/business/datadetail.do?seq=2709316
TECHNOPARK:1921,"2026년도 지역주력산업육성(지역특화 프로젝트 레전드 50+) 지원모집 2차 공고(충남, 탄소저감 자동차부품, 디스플레이부품장비)",충남테크노파크,fetched,url,needs_review,large_amount_delta,기존 금액과 새 대표금액 차이가 큼,"type_changed:subsidy->non_cash | roi_method_changed:subtract->recommend_only | amount_delta_20_percent:old=11180,new=380",11180.0,subsidy,subtract,7,380.0,non_cash,recommend_only,,1914,2739,,https://www.ctp.or.kr/business/datadetail.do?seq=2709320
TECHNOPARK:257,(2026-69호) 2026년 디지털트윈 플랫폼 활용 수요기업 모집 수정공고 (싱가포르 지원 삭제),강원테크노파크,fetched,url,needs_review,selected_candidate_missing,금액 후보는 있으나 대표금액을 선택하지 못함,,,,recommend_only,1,,,,0.5,13370,8060,,https://www.gwtp.or.kr/gwtp/bbsNew_view.php?bbs_data=aWR4PTI5MTkmc3RhcnRQYWdlPSZsaXN0Tm89JnRhYmxlPWNzX2Jic19kYXRhX25ldyZjb2RlPXN1YjAxYiZzZWFyY2hfaXRlbT0mc2VhcmNoX29yZGVyPSZ1cmw9c3ViMDFiJmtleXZhbHVlPXN1YjAxJmJic19tYWxuYW1lPQ==||
TECHNOPARK:268,「2026년 수소상용차 부품 성능 검증 기반 구축」사업 장비활용 지원 수혜기업 모집,충남테크노파크,fetched,url,safe,clear_selected_candidate,대표금액 후보가 명확함,,1000.0,support_amount,subtract,3,1000.0,support_amount,subtract,,1867,1974,,https://www.ctp.or.kr/business/datadetail.do?seq=2709128
TECHNOPARK:271,CES 2027 충남관 참가기업 모집 공고,충남테크노파크,fetched,url,safe,clear_selected_candidate,대표금액 후보가 명확함,,2650.0,support_amount,subtract,3,2650.0,support_amount,subtract,1.0,1835,12826,,https://www.ctp.or.kr/business/datadetail.do?seq=2709129
TECHNOPARK:304,(2026-70호) 「2026 강원후평스마트에너지플랫폼 구축사업」 공장에너지관리시스템(FEMS) 수요기업 모집 공고,강원테크노파크,fetched,url,needs_review,selected_candidate_missing,금액 후보는 있으나 대표금액을 선택하지 못함,old_amount_without_new_selected_amount,7000.0,subsidy,subtract,2,,,,1.0,13321,6021,,https://www.gwtp.or.kr/gwtp/bbsNew_view.php?bbs_data=aWR4PTI5MzEmc3RhcnRQYWdlPSZsaXN0Tm89JnRhYmxlPWNzX2Jic19kYXRhX25ldyZjb2RlPXN1YjAxYiZzZWFyY2hfaXRlbT0mc2VhcmNoX29yZGVyPSZ1cmw9c3ViMDFiJmtleXZhbHVlPXN1YjAxJmJic19tYWxuYW1lPQ==||
TECHNOPARK:391,(2026-75호) 2026년 제조DX멘토단 활용지원(구축지도) 도입기업 모집 공고,강원테크노파크,fetched,url,needs_review,selected_candidate_missing,금액 후보는 있으나 대표금액을 선택하지 못함,old_amount_without_new_selected_amount,21.0,subsidy,subtract,6,,,,0.85,13750,1920,,https://www.gwtp.or.kr/gwtp/bbsNew_view.php?bbs_data=aWR4PTI5NTEmc3RhcnRQYWdlPSZsaXN0Tm89JnRhYmxlPWNzX2Jic19kYXRhX25ldyZjb2RlPXN1YjAxYiZzZWFyY2hfaXRlbT0mc2VhcmNoX29yZGVyPSZ1cmw9c3ViMDFiJmtleXZhbHVlPXN1YjAxJmJic19tYWxuYW1lPQ==||
TECHNOPARK:405,2026년 전북특별자치도 공공데이터·AI 활용 창업경진대회 공고,전북테크노파크,fetched,url,needs_review,selected_candidate_missing,금액 후보는 있으나 대표금액을 선택하지 못함,,,,recommend_only,5,,,,0.044000000000000004,1930,11704,,https://www.jbtp.or.kr/board/view.jbtp?menuCd=DOM_000000102001000000&boardId=BBS_0000006&dataSid=20084
TECHNOPARK:434,「해양수산자원 산업화 육성 지원(바이오)」수혜기업 모집(2차) 공고,충남테크노파크,fetched,url,safe,clear_selected_candidate,대표금액 후보가 명확함,type_changed:unknown->support_amount | roi_method_changed:recommend_only->subtract | new_amount_found_from_source,,,recommend_only,4,7000.0,support_amount,subtract,1.0,1870,9009,,https://www.ctp.or.kr/business/datadetail.do?seq=2709157
TECHNOPARK:525,「AI 솔루션 기술개발」참여기업 모집공고,충남테크노파크,fetched,url,needs_review,selected_candidate_missing,금액 후보는 있으나 대표금액을 선택하지 못함,old_amount_without_new_selected_amount,5000.0,support_amount,subtract,2,,,,0.1,1849,10014,,https://www.ctp.or.kr/business/datadetail.do?seq=2709173
TECHNOPARK:539,전북AX랩 활용 희망기업 모집 상시공고,전북테크노파크,fetched,url,needs_review,candidate_missing,금액 후보 자체를 찾지 못함,,,,recommend_only,0,,,,,1808,1384,,https://www.jbtp.or.kr/board/view.jbtp?menuCd=DOM_000000102001000000&boardId=BBS_0000006&dataSid=20151
TECHNOPARK:579,「플렉서블·스트레처블 산업 창출을 위한 부착형 디스플레이 기술 기반구축」 2026년도 기업지원 수혜기업 모집 재공고,충남테크노파크,fetched,url,safe,clear_selected_candidate,대표금액 후보가 명확함,,2630.0,support_amount,subtract,2,2630.0,support_amount,subtract,,1958,5159,,https://www.ctp.or.kr/business/datadetail.do?seq=2709184
TECHNOPARK:616,(2026-88호) 「홍천군 첨단바이오산업 활성화 지원사업」 지역(홍천군)선도기업 육성사업 수혜기업 모집,강원테크노파크,fetched,url,needs_review,selected_candidate_missing,금액 후보는 있으나 대표금액을 선택하지 못함,old_amount_without_new_selected_amount,40000.0,support_amount,subtract,15,,,,0.8,13397,40861,,https://www.gwtp.or.kr/gwtp/bbsNew_view.php?bbs_data=aWR4PTMwMDkmc3RhcnRQYWdlPSZsaXN0Tm89JnRhYmxlPWNzX2Jic19kYXRhX25ldyZjb2RlPXN1YjAxYiZzZWFyY2hfaXRlbT0mc2VhcmNoX29yZGVyPSZ1cmw9c3ViMDFiJmtleXZhbHVlPXN1YjAxJmJic19tYWxuYW1lPQ==||
TECHNOPARK:654,아산시 CES 2027 기업지원 사업 참가기업 모집 공고,충남테크노파크,fetched,url,safe,clear_selected_candidate,대표금액 후보가 명확함,,2700.0,support_amount,subtract,3,2700.0,support_amount,subtract,1.0,1872,13069,,https://www.ctp.or.kr/business/datadetail.do?seq=2709199
TECHNOPARK:694,정보보호 기업 육성을 위한 지원사업 참여기업 추가모집(창업·벤처 기업),경남테크노파크,fetched_empty,url,needs_review,source_fetched_empty | candidate_missing,원문 조회는 됐지만 본문이 비어 있음 | 금액 후보 자체를 찾지 못함,old_amount_without_new_selected_amount,1000.0,support_amount,subtract,0,,,,,0,0,,http://www.gntp.or.kr/biz/applyInfo/3744
TECHNOPARK:793,[강원테크노파크 공고 제 2026-101호] 2026년도 강원 지역특화형(바이오헬스·식품) 스마트공장 구축사업 공고,강원테크노파크,fetched,url,needs_review,large_amount_delta,기존 금액과 새 대표금액 차이가 큼,"amount_delta_20_percent:old=25000,new=20000",25000.0,support_amount,subtract,22,20000.0,support_amount,subtract,0.5,13855,12073,,https://www.gwtp.or.kr/gwtp/bbsNew_view.php?bbs_data=aWR4PTMwNjYmc3RhcnRQYWdlPSZsaXN0Tm89JnRhYmxlPWNzX2Jic19kYXRhX25ldyZjb2RlPXN1YjAxYiZzZWFyY2hfaXRlbT0mc2VhcmNoX29yZGVyPSZ1cmw9c3ViMDFiJmtleXZhbHVlPXN1YjAxJmJic19tYWxuYW1lPQ==||
TECHNOPARK:818,「2026년 지역 거점 정보보호 클러스터 구축 사업」정보보호 성장지원 과제 모집공고(재공고),충남테크노파크,fetched,url,safe,clear_selected_candidate,대표금액 후보가 명확함,,1000.0,support_amount,subtract,5,1000.0,support_amount,subtract,0.1,1904,12265,,https://www.ctp.or.kr/business/datadetail.do?seq=2709227
TECHNOPARK:872,2026년 충남 정보보호 우수사례 지원사업 수혜기업 모집,충남테크노파크,fetched,url,needs_review,subtract_without_limit_context | large_amount_delta,직접 차감 후보이나 기업당/한도 문맥이 부족함 | 기존 금액과 새 대표금액 차이가 큼,"type_changed:subsidy->support_amount | amount_delta_20_percent:old=750,new=0",750.0,subsidy,subtract,7,0.0,support_amount,subtract,0.1,1889,12207,,https://www.ctp.or.kr/business/datadetail.do?seq=2709231
TECHNOPARK:946,「2026 제12회 한국 AI 신발디자인 공모전」후원사 모집,부산테크노파크,fetched,url,needs_review,candidate_missing,금액 후보 자체를 찾지 못함,,,,recommend_only,0,,,,,2786,0,[공고] 2026 한국 AI 신발디자인 공모전 후원사 모집.hwp: invalid response,https://www.btp.or.kr/kor/CMS/Board/Board.do?mCode=MN013&mode=view&mgr_seq=16&board_seq=9581974
TECHNOPARK:955,(예산) 2026 시군구연고산업육성사업 2차 공고 (수정공고),충남테크노파크,fetched,url,needs_review,selected_candidate_missing,금액 후보는 있으나 대표금액을 선택하지 못함,old_amount_without_new_selected_amount,15427.0,non_cash,recommend_only,11,,,,,1849,4608,,https://www.ctp.or.kr/business/datadetail.do?seq=2709247
TECHNOPARK:957,(2026-119호) 2026년 강원지역연구장비 활용 수수료 지원사업 참여기업(1차) 모집 공고,강원테크노파크,fetched,url,safe,clear_selected_candidate,대표금액 후보가 명확함,type_changed:unknown->support_amount | roi_method_changed:recommend_only->subtract | new_amount_found_from_source,,,recommend_only,12,300.0,support_amount,subtract,0.9,13375,7011,[붙임3] (서식3) 자료제공 확약서.hwp: HWP extraction quality_failed,https://www.gwtp.or.kr/gwtp/bbsNew_view.php?bbs_data=aWR4PTMxMTQmc3RhcnRQYWdlPSZsaXN0Tm89JnRhYmxlPWNzX2Jic19kYXRhX25ldyZjb2RlPXN1YjAxYiZzZWFyY2hfaXRlbT0mc2VhcmNoX29yZGVyPSZ1cmw9c3ViMDFiJmtleXZhbHVlPXN1YjAxJmJic19tYWxuYW1lPQ==||
TECHNOPARK:964,[2026-047호] 2026년 디지털 콘텐츠 산업 규제개혁 어드바이저 참여기업 모집 공고,세종테크노파크,fetched,url,needs_review,candidate_missing,금액 후보 자체를 찾지 못함,,,,recommend_only,0,,,,,7084,4774,,https://www.sjtp.or.kr/bbs/board.php?bo_table=business01&wr_id=1972
TECHNOPARK:976,「플렉서블·스트레처블 산업 창출을 위한 부착형 디스플레이 기술 기반구축」 2026년도 기업지원 수혜기업 모집 재공고,충남테크노파크,fetched,url,safe,clear_selected_candidate,대표금액 후보가 명확함,,200.0,support_amount,subtract,2,200.0,support_amount,subtract,,1890,5019,,https://www.ctp.or.kr/business/datadetail.do?seq=2709265
TECHNOPARK:977,「AI 솔루션 기술개발」참여기업 추가 모집공고,충남테크노파크,fetched,url,needs_review,selected_candidate_missing,금액 후보는 있으나 대표금액을 선택하지 못함,old_amount_without_new_selected_amount,5000.0,support_amount,subtract,2,,,,0.1,1876,10051,,https://www.ctp.or.kr/business/datadetail.do?seq=2709266
TECHNOPARK:986,(2026-124호) 2026 강원 미래모빌리티 기업지원 프로그램 통합 공고,강원테크노파크,fetched,url,needs_review,large_amount_delta,기존 금액과 새 대표금액 차이가 큼,"amount_delta_20_percent:old=10000,new=1000",10000.0,support_amount,subtract,30,1000.0,support_amount,subtract,,16937,9443,test.hwp: 404 Client Error: Not Found for url: https://www.gwtp.or.kr/gwtp/test.hwp,https://www.gwtp.or.kr/gwtp/bbsNew_view.php?bbs_data=aWR4PTMxMjYmc3RhcnRQYWdlPSZsaXN0Tm89JnRhYmxlPWNzX2Jic19kYXRhX25ldyZjb2RlPXN1YjAxYiZzZWFyY2hfaXRlbT0mc2VhcmNoX29yZGVyPSZ1cmw9c3ViMDFiJmtleXZhbHVlPXN1YjAxJmJic19tYWxuYW1lPQ==||
TECHNOPARK:988,2026년 충청권 에너지기술공유대학 산학공동 에너지프로젝트 지원사업 2차 공고,충남테크노파크,fetched,url,safe,clear_selected_candidate,대표금액 후보가 명확함,,1500.0,support_amount,subtract,5,1500.0,support_amount,subtract,,1811,7253,,https://www.ctp.or.kr/business/datadetail.do?seq=2709267
