policy_id,title,organization,payload_source,raw_candidate_count,support_candidate_count,excluded_candidate_count,selected_amount_manwon,max_amount_numeric_manwon,max_amount_type,roi_apply_method,support_ratio,status,support_candidate_summary,excluded_type_summary,decision,decision_reasons,url
ENERGYAGENCY:21809,2019년 에너지경영시스템 인프라 구축 지원사업 공고 안내,한국에너지공단,amount_update_ready,2,2,0,15000.0,15000.0,subsidy,subtract,0.4,확정,15000.0만원/subsidy/subtract: 최대 1.5 억원 이내 지원 * 참여기업의 반드시 자부담금은 현금으로 지급 ㅇ 신청절차 1) ( 사업신청 ) 국고보조금통합관리시스템 e 나라도움 (www || None만원/support_ratio/ratio_cap: 2019년 에너지경영시스템 인프라 구축 지원사업 공고 안내 한국에너지공단 한국에너지공단 | 국민소통 | 공단소식 | 공지사항 | 상세보기 주메뉴로 가기 본문으로 가기 하단으로 가기 이 누리집은 대한민국 공식 전자정부 누리집입니다. 정보공개 정보공개 한국에너지공단 정보공개제도에 대한 이용안내입니다. 정보공개 국민들의 알권리,,safe,clear_selected_candidate,https://www.energy.or.kr/front/board/View2.do?boardMngNo=2&boardNo=21809
ENERGYAGENCY:21849,2019년 에너지경영시스템 인프라 구축 지원사업 공고 안내,한국에너지공단,amount_update_ready,2,2,0,15000.0,15000.0,subsidy,subtract,0.4,확정,15000.0만원/subsidy/subtract: 최대 1.5 억원 이내 지원 * 참여기업의 반드시 자부담금은 현금으로 지급 ㅇ 신청절차 1) ( 사업신청 ) 국고보조금통합관리시스템 e 나라도움 (www || None만원/support_ratio/ratio_cap: 2019년 에너지경영시스템 인프라 구축 지원사업 공고 안내 한국에너지공단 한국에너지공단 | 국민소통 | 공단소식 | 공지사항 | 상세보기 주메뉴로 가기 본문으로 가기 하단으로 가기 이 누리집은 대한민국 공식 전자정부 누리집입니다. 정보공개 정보공개 한국에너지공단 정보공개제도에 대한 이용안내입니다. 정보공개 국민들의 알권리,,safe,clear_selected_candidate,https://www.energy.or.kr/front/board/View2.do?boardMngNo=2&boardNo=21849
ENERGYAGENCY:24575,(수정)2026년도 산업진단 개선이행 지원사업 2차 공고,한국에너지공단,amount_update_ready,2,2,0,1.0,1.0,support_amount,subtract,0.7,확정,69000.0만원/consulting_fee/recommend_only: - 다 음 - ㅇ 사업내용 : 산업진단 지원사업의 진단결과에 따른 개선이행 비용을 지원하여 에너지진단의 실효성 제고 및 에너지절약 투자 활성화 ㅇ 지원대상 : 산업진단 지원(보조) 사업 참여 이력이 있는 사업장 - '23년 ~ '26년 산업진단 지원사업 에너지진단 완료 사업장 ㅇ 지원규모 : 총 6.9억원 || 1.0만원/support_amount/subtract: / 약 69개 사업장 ㅇ 지원한도 : 사업장 당 최대 1.000만원(투자비용의 70% 또는 50%) - 타 유사사업과의 지원금 중복지원 불가능 ㅇ 신청방법 - (사업신청) 전자메일 신청(메일주소 : conan0,,needs_review,large_amount_delta,https://www.energy.or.kr/front/board/View2.do?boardMngNo=2&boardNo=24575
KOSMES:6107069,2026년 숙련기능인력 E-7-4 전환추천 모집공고(제2026-52호),중소벤처기업진흥공단,no_support_candidate,0,0,0,,,unknown,review,,후보 없음,,,needs_review,candidate_missing,https://www.kosmes.or.kr/nsh/SH/NTS/SHNTS001F0.do?seqNo=6107069&tabPage=01
KPASS:P2950,2026년 산업기술국제협력사업 통합 시행계획 공고,한국산업기술진흥원,json_only_review,19,7,12,,,unknown,review,1.0,후보 검수 필요,50000.0만원/total_support_scale/review: 기간 및 신청자격 대상국가 지원규모 지원기간 국내(한국측) 연구개발 컨소시움 구성 요건 주관연구개발기관 공동연구개발기관 독일 AiF 5억원 이내/년 3년 이내 제한없음 제한없음 (영리기업 참여 필수) 2+2 5억원 이내/년 3년 이내 제한없음 (기업+대학/연구기관 형태로 2개 이상 || 50000.0만원/total_support_scale/review: 기간 및 신청자격 대상국가 지원규모 지원기간 국내(한국측) 연구개발 컨소시움 구성 요건 주관연구개발기관 공동연구개발기관 독일 AiF 5억원 이내/년 3년 이내 제한없음 제한없음 (영리기업 참여 필수) 2+2 5억원 이내/년 3년 이내 제한없음 (기업+대학/연구기관 형태로 2개 이상의 기관으로 구성) 미국 6억원 이내/년 || 60000.0만원/total_support_scale/review: 기간 및 신청자격 대상국가 지원규모 지원기간 국내(한국측) 연구개발 컨소시움 구성 요건 주관연구개발기관 공동연구개발기관 독일 AiF 5억원 이내/년 3년 이내 제한없음 제한없음 (영리기업 참여 필수) 2+2 5억원 이내/년 3년 이내 제한없음 (기업+대학/연구기관 형태로 2개 이상의 기관으로 구성) 미국 6억원 이내/년 || 300000.0만원/total_support_scale/review: 기간 및 신청자격 구분 지원규모 지원기간 국내 주관연구개발기관 자격 국내외 공동연구개발기관 자격 글로벌 산업기술 협력센터 협력센터 최대 30억 5년 KIAT (정책지정) (해외) 비영리기관 (국내) NCC(필요시) 공동R&D 20억원 내외/년 최대 5년 중소 || 200000.0만원/total_support_scale/review: 기간 및 신청자격 구분 지원규모 지원기간 국내 주관연구개발기관 자격 국내외 공동연구개발기관 자격 글로벌 산업기술 협력센터 협력센터 최대 30억 5년 KIAT (정책지정) (해외) 비영리기관 (국내) NCC(필요시) 공동R&D 20억원 내외/년 최대 5년 중소 || 50000.0만원/support_amount/subtract: 동일한 연구개발과제를 수행하는 참여기업들은 상호 협의를 통해 연구개발기간에 걸쳐 참여기업들의 정부지원연구개발비 합계액을 기준으로 5억원 당 1명 이상의 만 34세 이하(채용시점 기준 || ... 후보 1개 추가,unknown:50000.0 | unknown:100000.0 | unknown:50000.0 | unknown:50000.0 | unknown:25000.0 | unknown:20000.0 | unknown:20000.0 | unknown:50000.0,needs_review,subtract_without_limit_context | large_amount_delta,https://www.k-pass.kr/notice/ancView.do?ancId=P2950&gubun=NEW
PBLN_000000000115994,2026년 스마트 제조혁신 지원사업 통합 공고,중소벤처기업부,amount_update_ready,42,28,14,50000.0,50000.0,subsidy,subtract,0.5,확정,20000.0만원/consulting_fee/recommend_only: 컨설팅등기업지원서비스를추가지원◦지원과제:150개내외◦지원조건지원유형지원 기간지원 한도지원 비율구축목표 수준고도화최대 9개월최대 2억원50% 이내중간1 이상목표설정필수고도화(동일수준) 최대 6개월최대 0 || 5000.0만원/consulting_fee/recommend_only: 컨설팅등기업지원서비스를추가지원◦지원과제:150개내외◦지원조건지원유형지원 기간지원 한도지원 비율구축목표 수준고도화최대 9개월최대 2억원50% 이내중간1 이상목표설정필수고도화(동일수준) 최대 6개월최대 0.5억원 * ‘동일수준’은 정부일반형과 동일 방식으로 운영□유의사항◦협업부처추천을통해중소벤처기업부에서사업운영기관선정후기관별 || 40000.0만원/total_support_scale/review: 마케팅등지역특화프로그램을기획하여도입기업대상으로연계지원◦지원규모:추후확정◦지원조건지원유형지원 기간과제당 총사업비지원 비율구축목표 수준고도화최대 9개월4억원(정부) 50% 이내(지자체) 30~0%중간1 이상목표설정필수기초최대 6개월1억원 내외지자체별 상이기초 이상 * 참여 지자체별로 고도화/기초 지 || 10000.0만원/total_support_scale/review: 마케팅등지역특화프로그램을기획하여도입기업대상으로연계지원◦지원규모:추후확정◦지원조건지원유형지원 기간과제당 총사업비지원 비율구축목표 수준고도화최대 9개월4억원(정부) 50% 이내(지자체) 30~0%중간1 이상목표설정필수기초최대 6개월1억원 내외지자체별 상이기초 이상 * 참여 지자체별로 고도화/기초 지원과제수 및 지원한도 || 50000.0만원/subsidy/subtract: 지역특화 프로젝트 참여기업으로 선정된 기업□지원내용및조건◦지원내용-정보통신기술(ICT)로제품의기획-설계-제조-판매과정을통합하여제조공정을최적화하는스마트공장구축지원-제품설계‧ 생산공정개선등을위한스마트공장솔루션구축및솔루션과연동되는자동화장비‧ 제어기‧ 센서등구축지원◦지원과제:50개내외◦지원조건:과제별수준향상정도에따라정부지원금차등 || 30000.0만원/subsidy/subtract: 지역특화 프로젝트 참여기업으로 선정된 기업□지원내용및조건◦지원내용-정보통신기술(ICT)로제품의기획-설계-제조-판매과정을통합하여제조공정을최적화하는스마트공장구축지원-제품설계‧ 생산공정개선등을위한스마트공장솔루션구축및솔루션과연동되는자동화장비‧ 제어기‧ 센서등구축지원◦지원과제:50개내외◦지원조건:과제별수준향상정도에따라정부지원금차등 || ... 후보 22개 추가,unknown:20000.0 | unknown:5000.0 | total_project_cost:30000.0 | total_project_cost:60000.0 | total_project_cost:100000.0 | unknown:20000.0 | unknown:80000.0 | unknown:238.0,safe,clear_selected_candidate,https://www.bizinfo.go.kr/sii/siia/selectSIIA200Detail.do?pblancId=PBLN_000000000115994
PBLN_000000000116004,스마트 공장 수준 확인(2026년 스마트 제조혁신 지원사업 통합 공고),중소벤처기업부,amount_update_ready,42,28,14,50000.0,50000.0,subsidy,subtract,0.5,확정,20000.0만원/consulting_fee/recommend_only: 컨설팅등기업지원서비스를추가지원◦지원과제:150개내외◦지원조건지원유형지원 기간지원 한도지원 비율구축목표 수준고도화최대 9개월최대 2억원50% 이내중간1 이상목표설정필수고도화(동일수준) 최대 6개월최대 0 || 5000.0만원/consulting_fee/recommend_only: 컨설팅등기업지원서비스를추가지원◦지원과제:150개내외◦지원조건지원유형지원 기간지원 한도지원 비율구축목표 수준고도화최대 9개월최대 2억원50% 이내중간1 이상목표설정필수고도화(동일수준) 최대 6개월최대 0.5억원 * ‘동일수준’은 정부일반형과 동일 방식으로 운영□유의사항◦협업부처추천을통해중소벤처기업부에서사업운영기관선정후기관별 || 40000.0만원/total_support_scale/review: 마케팅등지역특화프로그램을기획하여도입기업대상으로연계지원◦지원규모:추후확정◦지원조건지원유형지원 기간과제당 총사업비지원 비율구축목표 수준고도화최대 9개월4억원(정부) 50% 이내(지자체) 30~0%중간1 이상목표설정필수기초최대 6개월1억원 내외지자체별 상이기초 이상 * 참여 지자체별로 고도화/기초 지 || 10000.0만원/total_support_scale/review: 마케팅등지역특화프로그램을기획하여도입기업대상으로연계지원◦지원규모:추후확정◦지원조건지원유형지원 기간과제당 총사업비지원 비율구축목표 수준고도화최대 9개월4억원(정부) 50% 이내(지자체) 30~0%중간1 이상목표설정필수기초최대 6개월1억원 내외지자체별 상이기초 이상 * 참여 지자체별로 고도화/기초 지원과제수 및 지원한도 || 50000.0만원/subsidy/subtract: 지역특화 프로젝트 참여기업으로 선정된 기업□지원내용및조건◦지원내용-정보통신기술(ICT)로제품의기획-설계-제조-판매과정을통합하여제조공정을최적화하는스마트공장구축지원-제품설계‧ 생산공정개선등을위한스마트공장솔루션구축및솔루션과연동되는자동화장비‧ 제어기‧ 센서등구축지원◦지원과제:50개내외◦지원조건:과제별수준향상정도에따라정부지원금차등 || 30000.0만원/subsidy/subtract: 지역특화 프로젝트 참여기업으로 선정된 기업□지원내용및조건◦지원내용-정보통신기술(ICT)로제품의기획-설계-제조-판매과정을통합하여제조공정을최적화하는스마트공장구축지원-제품설계‧ 생산공정개선등을위한스마트공장솔루션구축및솔루션과연동되는자동화장비‧ 제어기‧ 센서등구축지원◦지원과제:50개내외◦지원조건:과제별수준향상정도에따라정부지원금차등 || ... 후보 22개 추가,unknown:20000.0 | unknown:5000.0 | total_project_cost:30000.0 | total_project_cost:60000.0 | total_project_cost:100000.0 | unknown:20000.0 | unknown:80000.0 | unknown:238.0,safe,clear_selected_candidate,https://www.bizinfo.go.kr/sii/siia/selectSIIA200Detail.do?pblancId=PBLN_000000000116004
PBLN_000000000116008,제조 DX멘토단 활용지원(2026년 스마트 제조혁신 지원사업 통합 공고),중소벤처기업부,amount_update_ready,42,28,14,50000.0,50000.0,subsidy,subtract,0.5,확정,20000.0만원/consulting_fee/recommend_only: 컨설팅등기업지원서비스를추가지원◦지원과제:150개내외◦지원조건지원유형지원 기간지원 한도지원 비율구축목표 수준고도화최대 9개월최대 2억원50% 이내중간1 이상목표설정필수고도화(동일수준) 최대 6개월최대 0 || 5000.0만원/consulting_fee/recommend_only: 컨설팅등기업지원서비스를추가지원◦지원과제:150개내외◦지원조건지원유형지원 기간지원 한도지원 비율구축목표 수준고도화최대 9개월최대 2억원50% 이내중간1 이상목표설정필수고도화(동일수준) 최대 6개월최대 0.5억원 * ‘동일수준’은 정부일반형과 동일 방식으로 운영□유의사항◦협업부처추천을통해중소벤처기업부에서사업운영기관선정후기관별 || 40000.0만원/total_support_scale/review: 마케팅등지역특화프로그램을기획하여도입기업대상으로연계지원◦지원규모:추후확정◦지원조건지원유형지원 기간과제당 총사업비지원 비율구축목표 수준고도화최대 9개월4억원(정부) 50% 이내(지자체) 30~0%중간1 이상목표설정필수기초최대 6개월1억원 내외지자체별 상이기초 이상 * 참여 지자체별로 고도화/기초 지 || 10000.0만원/total_support_scale/review: 마케팅등지역특화프로그램을기획하여도입기업대상으로연계지원◦지원규모:추후확정◦지원조건지원유형지원 기간과제당 총사업비지원 비율구축목표 수준고도화최대 9개월4억원(정부) 50% 이내(지자체) 30~0%중간1 이상목표설정필수기초최대 6개월1억원 내외지자체별 상이기초 이상 * 참여 지자체별로 고도화/기초 지원과제수 및 지원한도 || 50000.0만원/subsidy/subtract: 지역특화 프로젝트 참여기업으로 선정된 기업□지원내용및조건◦지원내용-정보통신기술(ICT)로제품의기획-설계-제조-판매과정을통합하여제조공정을최적화하는스마트공장구축지원-제품설계‧ 생산공정개선등을위한스마트공장솔루션구축및솔루션과연동되는자동화장비‧ 제어기‧ 센서등구축지원◦지원과제:50개내외◦지원조건:과제별수준향상정도에따라정부지원금차등 || 30000.0만원/subsidy/subtract: 지역특화 프로젝트 참여기업으로 선정된 기업□지원내용및조건◦지원내용-정보통신기술(ICT)로제품의기획-설계-제조-판매과정을통합하여제조공정을최적화하는스마트공장구축지원-제품설계‧ 생산공정개선등을위한스마트공장솔루션구축및솔루션과연동되는자동화장비‧ 제어기‧ 센서등구축지원◦지원과제:50개내외◦지원조건:과제별수준향상정도에따라정부지원금차등 || ... 후보 22개 추가,unknown:20000.0 | unknown:5000.0 | total_project_cost:30000.0 | total_project_cost:60000.0 | total_project_cost:100000.0 | unknown:20000.0 | unknown:80000.0 | unknown:238.0,safe,clear_selected_candidate,https://www.bizinfo.go.kr/sii/siia/selectSIIA200Detail.do?pblancId=PBLN_000000000116008
PBLN_000000000116853,2026년 기업훈련 탄력운영제 참여기업 모집 공고,고용노동부,json_only_review,2,1,1,,,unknown,review,0.5,후보 검수 필요,None만원/support_ratio/ratio_cap: 2026년 기업훈련 탄력운영제 참여기업 모집 공고 고용노동부 기업마당>정책정보>지원사업 공고 기업마당 본문 바로가기 주메뉴 바로가기 기업마당 > 정책정보 > 지원사업 공고 메뉴열기 로그인 정책정보 정책정보 지원사업 공고 품목별 법정의무 인증제도 행사정보 정책뉴스 입법·행정예고/고시 월간 중기누리 활용정보 활용정보 기업업무,project_budget:1820000.0,needs_review,selected_candidate_missing,https://www.bizinfo.go.kr/sii/siia/selectSIIA200Detail.do?pblancId=PBLN_000000000116853
PBLN_000000000117019,2026년 제조DX멘토단 활용지원사업 통합 공고,중소벤처기업부,amount_update_ready,14,8,6,238.0,238.0,subsidy,subtract,0.5,확정,862000.0만원/total_support_scale/review: 구축지도및운영애로사항해결지원□지원규모 : 총86.2억원 || 238.0만원/total_support_scale/review: 기술애로 해결 등 제조 노하우 전수 등□지원 규모 및 조건◦(지원규모)500개사내외◦(지원조건)총사업비의85%지원구 분지원방법지원기간사업비(분담비율)정부지원(85%)민간부담(15%)사전 기획DX멘토단 1인 x 8회최대 3개월238만원42만원□ 신청기간◦2026년2월2일(월)~예산소진시□ 신청방법◦스마트공장사업관리시스템(s || 42.0만원/total_support_scale/review: 기술애로 해결 등 제조 노하우 전수 등□지원 규모 및 조건◦(지원규모)500개사내외◦(지원조건)총사업비의85%지원구 분지원방법지원기간사업비(분담비율)정부지원(85%)민간부담(15%)사전 기획DX멘토단 1인 x 8회최대 3개월238만원42만원□ 신청기간◦2026년2월2일(월)~예산소진시□ 신청방법◦스마트공장사업관리시스템(s || 119.0만원/total_support_scale/review: 기술애로 해결 등 제조 노하우 전수 등□지원 규모 및 조건◦(지원규모)400개사내외◦(지원조건)총사업비의85%지원구 분지원방법지원기간사업비(분담비율)정부지원(85%)민간부담(15%)구축지도DX멘토단 1인 x 4회최대 3개월119만원21만원□ 신청기간◦선도형스마트공장구축지원사업최종선정및협약후2주이내 - 7 - □ 신청방법◦ || 21.0만원/total_support_scale/review: 기술애로 해결 등 제조 노하우 전수 등□지원 규모 및 조건◦(지원규모)400개사내외◦(지원조건)총사업비의85%지원구 분지원방법지원기간사업비(분담비율)정부지원(85%)민간부담(15%)구축지도DX멘토단 1인 x 4회최대 3개월119만원21만원□ 신청기간◦선도형스마트공장구축지원사업최종선정및협약후2주이내 - 7 - □ 신청방법◦ || 1900.0만원/total_support_scale/review: kr) 확인서발급 메뉴를 통해 신청 가능 - 8 - □지원 규모 및 조건◦(지원규모)210개사내외◦(지원조건)총사업비의50%지원구 분지원방법지원기간사업비(분담비율)정부지원(50%)민간부담(50%)사후관리총 사업비의 50%4개월*최대 19백만원19백만원 * 사업기간은 연장신청을 통해 최대 2개월까지 연장 가능 || ... 후보 2개 추가,unknown:238.0 | unknown:476.0 | unknown:119.0 | unknown:1900.0 | unknown:476.0 | unknown:84.0,needs_review,selected_candidate_missing,https://www.bizinfo.go.kr/sii/siia/selectSIIA200Detail.do?pblancId=PBLN_000000000117019
PBLN_000000000117056,[경기] 부천시 2026년 내일채움공제 지원 계획 공고,경기도,json_only_review,8,2,6,,,unknown,review,,후보 검수 필요,7.0만원/support_amount/subtract: ☞ 부천시 소재 중소제조기업 ☞ 가입인원 1명당 월 기업부담금 7만원 지원 - 기업당 최대 3명까지 지원(기존ㆍ신규가입 포함) || 34.0만원/support_amount/subtract: 납부 시까지 지원금 지급 유보 〇 납입금액 : 월 34만원 이상 (핵심인력 : 중소기업 = 1 : 2 이상),self_funding:7.0 | unknown:10.0 | unknown:24.0 | unknown:17.0 | unknown:7.0 | unknown:1224.0,needs_review,large_amount_delta,https://www.bizinfo.go.kr/sii/siia/selectSIIA200Detail.do?pblancId=PBLN_000000000117056
PBLN_000000000117066,장애인고용개선장려금 사업 공고,고용노동부,json_only_review,3,1,2,,,unknown,review,0.6,후보 검수 필요,None만원/support_ratio/ratio_cap: 장애인고용개선장려금 사업 공고 고용노동부 기업마당>정책정보>지원사업 공고 기업마당 본문 바로가기 주메뉴 바로가기 기업마당 > 정책정보 > 지원사업 공고 메뉴열기 로그인 정책정보 정책정보 지원사업 공고 품목별 법정의무 인증제도 행사정보 정책뉴스 입법·행정예고/고시 월간 중기누리 활용정보 활용정보 기업업무용 서식 입주기업 모,unknown:35.0 | unknown:45.0,needs_review,selected_candidate_missing,https://www.bizinfo.go.kr/sii/siia/selectSIIA200Detail.do?pblancId=PBLN_000000000117066
PBLN_000000000117291,2026년 한국식품산업클러스터진흥원 기업지원시설ㆍ장비 활용 지원사업 공고,농림축산식품부,json_only_review,3,3,0,,,unknown,review,0.2,후보 검수 필요,2000.0만원/total_support_scale/review: (수) ∼ 지원금 소진시까지 □ 사업비 지원규모: 기업별 최대 20백만원 □ 사업비 구성: 지원금 70~20% || 25000.0만원/equipment_usage_fee/recommend_only: 간접 지원 氠瑢 氠瑢 농림축산식품부 정책수립 및 예산 지원 한국식품산업클러스터진흥원 사업 기획 및 관리 지원유형❶ 지원유형❷ 신청기업 식품진흥원 신청기업 식품진흥원 기술/생산장비 공동활용 시험‧분석 의뢰 시험‧분석 결과 제공 氠瑢 2 공고 개요 □ 공고규모: 예산 2.5억원 이내 □ 공고기간: 2026 || None만원/support_ratio/ratio_cap: 2026년 한국식품산업클러스터진흥원 기업지원시설ㆍ장비 활용 지원사업 공고 농림축산식품부 기업마당>정책정보>지원사업 공고 기업마당 본문 바로가기 주메뉴 바로가기 기업마당 > 정책정보 > 지원사업 공고 메뉴열기 로그인 정책정보 정책정보 지원사업 공고 품목별 법정의무 인증제도 행사정보 정책뉴스 입법·행정예고/고시 월간 중기누리,,needs_review,selected_candidate_missing,https://www.bizinfo.go.kr/sii/siia/selectSIIA200Detail.do?pblancId=PBLN_000000000117291
PBLN_000000000117307,[인천] 2026년 가상융합산업 콘텐츠 제작 장비 임차지원 공고(인천 가상융합산업 혁신센터),인천광역시,support_ratio_ready,1,1,0,,,support_ratio,ratio_cap,1.0,비율 확인,None만원/support_ratio/ratio_cap: [인천] 2026년 가상융합산업 콘텐츠 제작 장비 임차지원 공고(인천 가상융합산업 혁신센터) 인천광역시 기업마당>정책정보>지원사업 공고 기업마당 본문 바로가기 주메뉴 바로가기 기업마당 > 정책정보 > 지원사업 공고 메뉴열기 로그인 정책정보 정책정보 지원사업 공고 품목별 법정의무 인증제도 행사정보 정책뉴스 입법·행정예고/고,,needs_review,selected_candidate_missing,https://www.bizinfo.go.kr/sii/siia/selectSIIA200Detail.do?pblancId=PBLN_000000000117307
PBLN_000000000117454,[강원] 2026년 글로벌 IP 스타기업 육성 해외OA비용 지원사업 공고,강원특별자치도,json_only_review,12,2,10,,,unknown,review,,후보 검수 필요,"410.0만원/support_amount/subtract: 싱가폴 氠瑢 구분 세부사업명 지원한도 지원내용 전체 지원금 기업부담금 (현금) 해외 OA 비용 지원 미 국 4,100천원 2 || 200.0만원/support_amount/subtract: 지원 유 럽 3,500천원 2,100천원 이내 1,400천원 중국·일본·특수국 2,000천원 1,200천원 이내 800천원 기 타 1,300천원 780천원 이내 520천원",unknown:246.0 | unknown:164.0 | unknown:350.0 | unknown:210.0 | unknown:140.0 | unknown:120.0 | unknown:80.0 | self_funding:130.0,needs_review,large_amount_delta,https://www.bizinfo.go.kr/sii/siia/selectSIIA200Detail.do?pblancId=PBLN_000000000117454
PBLN_000000000117463,[강원] 2026년 글로벌 IP 스타기업 육성 해외등록비용 지원사업 공고,강원특별자치도,json_only_review,9,3,6,,,unknown,review,,후보 검수 필요,"360.0만원/total_support_scale/review: 지원규모 氠瑢 구분 세부사업명 지원한도 지원내용 전체 지원금 기업부담금 (현금) 해외 등록 비용 지원 미 국 3,600천원 2 || 120.0만원/total_support_scale/review: 000천원 1,200천원 이내 800천원 * 자부담금 : 현금 40% * 지원규모는 변경될 수 있으며 || 80.0만원/total_support_scale/review: 200천원 이내 800천원 * 자부담금 : 현금 40% * 지원규모는 변경될 수 있으며",unknown:216.0 | unknown:144.0 | unknown:530.0 | unknown:318.0 | unknown:212.0 | unknown:200.0,needs_review,selected_candidate_missing,https://www.bizinfo.go.kr/sii/siia/selectSIIA200Detail.do?pblancId=PBLN_000000000117463
PBLN_000000000117481,전북바이오융합교육센터 재직자 교육 훈련생ㆍ기업 모집 공고(국가인적자원개발컨소시엄),전북특별자치도,json_only_review,2,2,0,,,unknown,review,1.0,후보 검수 필요,100.0만원/education_fee/recommend_only: 강사료는 교육센터 강사료 지급기준에 따라 차등 지급(1일 최대 1백만원) || None만원/support_ratio/ratio_cap: 전북바이오융합교육센터 재직자 교육 훈련생ㆍ기업 모집 공고(국가인적자원개발컨소시엄) 전북특별자치도 기업마당>정책정보>지원사업 공고 기업마당 본문 바로가기 주메뉴 바로가기 기업마당 > 정책정보 > 지원사업 공고 메뉴열기 로그인 정책정보 정책정보 지원사업 공고 품목별 법정의무 인증제도 행사정보 정책뉴스 입법·행정예고/고시 월간,,needs_review,selected_candidate_missing,https://www.bizinfo.go.kr/sii/siia/selectSIIA200Detail.do?pblancId=PBLN_000000000117481
PBLN_000000000117557,[충북] 충주시 2026년 기술평가 인증 수수료 지원사업 공고,충청북도,no_support_candidate,0,0,0,,,unknown,review,,후보 없음,,,needs_review,candidate_missing,https://www.bizinfo.go.kr/sii/siia/selectSIIA200Detail.do?pblancId=PBLN_000000000117557
PBLN_000000000117563,2026년 중소기업 매출채권팩토링 지원계획 공고,중소벤처기업부,json_only_review,10,4,6,,,unknown,review,,후보 검수 필요,5900000.0만원/support_amount/subtract: 구매기업과 1년이상 거래 실적(최근 1년 내 3회이상)을 보유하고 있는 판매기업 - 대상채권 : 중소기업이 물품ㆍ용역을 제공하여 발생한 매출채권 ☞ 매출채권팩토링 지원 (예산규모 590억원) - 팩토링 한도 : 연간 한도 판매기업 10억원 || 100000.0만원/support_amount/subtract: 구매기업과 1년이상 거래 실적(최근 1년 내 3회이상)을 보유하고 있는 판매기업 - 대상채권 : 중소기업이 물품ㆍ용역을 제공하여 발생한 매출채권 ☞ 매출채권팩토링 지원 (예산규모 590억원) - 팩토링 한도 : 연간 한도 판매기업 10억원 || 1000.0만원/support_amount/subtract: 지원절차 ② 참고)ㅇ대상채권:중소기업이 물품･ 용역을 제공하여 발생한 매출채권* * 신청일로부터 62일 이내 작성되어 국세청에 전송된 10백만원 이상의 전자(세금)계산서 * 대표자가 동일한 기업 간 거래에서 발생한 매출채권 등은 지원대상에서 제외◦예산규모:590억원(’26년) 나 || 5900000.0만원/support_amount/subtract: 지원절차 ② 참고)ㅇ대상채권:중소기업이 물품･ 용역을 제공하여 발생한 매출채권* * 신청일로부터 62일 이내 작성되어 국세청에 전송된 10백만원 이상의 전자(세금)계산서 * 대표자가 동일한 기업 간 거래에서 발생한 매출채권 등은 지원대상에서 제외◦예산규모:590억원(’26년) 나,unknown:300000.0 | unknown:100000.0 | revenue_condition:300000.0 | unknown:100000.0 | unknown:2000000.0 | unknown:7000000.0,needs_review,large_amount_delta,https://www.bizinfo.go.kr/sii/siia/selectSIIA200Detail.do?pblancId=PBLN_000000000117563
PBLN_000000000117643,2026년 예산군 로케이션 인센티브 제작지원 사업 공고,충청남도,amount_update_ready,3,2,1,6000.0,6000.0,support_amount,subtract,0.5,확정,"6000.0만원/support_amount/subtract: 온라인 플랫폼 등 방영이 확정된 작품 ☞ 예산군 내 2지역 이상 촬영 시 예산군 내 소비금액의 50%환급 지원(최대 60,000,000원) 사업신청 방법 온라인 접수(충남콘텐츠진흥원) 사업신청 사이트 온라인신청 바로가기 문의처 충남콘텐츠진흥원 로케이션 인센티브 담당자 041-59 || 6000.0만원/support_amount/subtract: 배급‧편성 계약서 제출필수(배급‧편성 의향서로 대체 가능) m 지원내용조 건 환급지원 적용 최대지원금예산군 내 2지역 이상 촬영예산군 내 소비금액의 50% 환급(원단위 절사) 60,000,000원- 지원금은 정산 완료 순으로 지급되며 예산 소진 시 사업이 조기 종료될 수 있음- 프로덕션 비용에 한하여 지원금은 부가세를 제",unknown:6000.0,safe,clear_selected_candidate,https://www.bizinfo.go.kr/sii/siia/selectSIIA200Detail.do?pblancId=PBLN_000000000117643
PBLN_000000000117654,[강원] 2026년 중소ㆍ벤처기업 투자이음 강화 프로그램 참여기업 연중 상시접수 공고(강원 벤처투자 생태계 조성사업),강원특별자치도,no_support_candidate,3,0,3,,,unknown,review,,후보 없음,,unknown:650000.0 | unknown:280000.0 | unknown:340000.0,needs_review,selected_candidate_missing,https://www.bizinfo.go.kr/sii/siia/selectSIIA200Detail.do?pblancId=PBLN_000000000117654
PBLN_000000000117668,[인천] 2026년 기술거래촉진네트워크사업(인천기술전환플랫폼) 기술이전 및 기술수요조사서 신청 공고,인천광역시,no_support_candidate,0,0,0,,,unknown,review,,후보 없음,,,needs_review,candidate_missing,https://www.bizinfo.go.kr/sii/siia/selectSIIA200Detail.do?pblancId=PBLN_000000000117668
PBLN_000000000117671,[인천] 서구 2026년 제품인증획득 지원사업 신청 공고,인천광역시,json_only_review,7,7,0,,,unknown,review,,후보 검수 필요,500.0만원/consulting_fee/recommend_only: 시험비 및 컨설팅비 등 기업당 300 ~ 500만원 범위내 지원 사업신청 방법 온라인 접수 (비즈오케이 홈페이지) 사업신청 사이트 온라인신청 바로가기 문의처 인천광역시 서구청 기업지원과 032- || 100.0만원/consulting_fee/recommend_only: 한도가 남을 시 100만원 범위내에서 컨설팅비를 지원함 || 500.0만원/consulting_fee/recommend_only: 시험비 및 컨설팅비 등 기업당 300 ~ 500만원 범위내 지원(VAT는 기업부담) 氠瑢 인 증 구 분 지원범위 지 원 금 액 신기술인증(NET) || 500.0만원/consulting_fee/recommend_only: 컨설팅비 기업당 500만원 범위내 CE || 400.0만원/non_cash/recommend_only: FDA 등 해외 제품인증 기업당 400만원 범위내 KC || 300.0만원/non_cash/recommend_only: Q마크 등 국내 제품인증 기업당 300만원 범위내 󰏚 지원대상 및 신청 || ... 후보 1개 추가,,needs_review,large_amount_delta,https://www.bizinfo.go.kr/sii/siia/selectSIIA200Detail.do?pblancId=PBLN_000000000117671
PBLN_000000000117688,[인천] 서구(검단지역) 2026년 제품인증획득 지원사업 신청 공고,인천광역시,json_only_review,7,7,0,,,unknown,review,,후보 검수 필요,500.0만원/consulting_fee/recommend_only: 시험비 및 컨설팅비 등 기업당 300 ~ 500만원 범위내 지원 사업신청 방법 온라인 접수 (비즈오케이 홈페이지) 사업신청 사이트 온라인신청 바로가기 문의처 인천광역시 서구청 기업지원과 032- || 100.0만원/consulting_fee/recommend_only: 한도가 남을 시 100만원 범위내에서 컨설팅비를 지원함 || 500.0만원/consulting_fee/recommend_only: 시험비 및 컨설팅비 등 기업당 300 ~ 500만원 범위내 지원(VAT는 기업부담) 氠瑢 인 증 구 분 지원범위 지 원 금 액 신기술인증(NET) || 500.0만원/consulting_fee/recommend_only: 컨설팅비 기업당 500만원 범위내 CE || 400.0만원/non_cash/recommend_only: FDA 등 해외 제품인증 기업당 400만원 범위내 KC || 300.0만원/non_cash/recommend_only: Q마크 등 국내 제품인증 기업당 300만원 범위내 󰏚 지원대상 및 신청 || ... 후보 1개 추가,,needs_review,large_amount_delta,https://www.bizinfo.go.kr/sii/siia/selectSIIA200Detail.do?pblancId=PBLN_000000000117688
PBLN_000000000117774,[서울] 가죽ㆍ패션산업 소공인 장비 임대지원사업 공고,서울특별시,no_support_candidate,0,0,0,,,unknown,review,,후보 없음,,,needs_review,candidate_missing,https://www.bizinfo.go.kr/sii/siia/selectSIIA200Detail.do?pblancId=PBLN_000000000117774
PBLN_000000000117781,[경북] 국방기술 민간이전 사업 참여기업 모집 공고(경북ㆍ구미 방산혁신클러스터),경상북도,amount_update_ready,4,4,0,4000.0,4000.0,support_amount,subtract,,확정,"4000.0만원/support_amount/subtract: ☞ 공고일 기준 경북지역 본사(또는 공장) 소재 중소ㆍ벤처기업 중 방위산업으로 진입을 희망하는 기업 또는 방위산업 영위기업 - 국방 관련 연구소 보유 기술을 적용하고자 하는 기업 - 유무인복합체계 관련 기술을 적용하고자 하는 기업 ☞ 국방기술이전 지원(지원기업별 40,000천원 이내) - 국방 관련 연구소의 기술을 경북소 || 4000.0만원/total_support_scale/review: 지원규모분야지원내용지원금액기술이전Ÿ국방 관련 연구소의 기술을 경북소재 기업에 이전Ÿ유무인복합체계 관련 기술40,000천원 이내 유무인복합체계(MUM-T : Manned-Unmanned Teaming)는 사람이 직접 탑승 및 조정하는 유인플랫폼과 무인항공기 || 4000.0만원/support_amount/subtract: 국방기술이전 지원(지원기업별 40,000천원 이내)-(지원금액)기업당 최대 4천만원 이내-(모집규모)예산소진시까지-(기술이전지원):초기설정기술료에 한하며 || 4000.0만원/support_amount/subtract: 000천원 이내)-(지원금액)기업당 최대 4천만원 이내-(모집규모)예산소진시까지-(기술이전지원):초기설정기술료에 한하며",,safe,clear_selected_candidate,https://www.bizinfo.go.kr/sii/siia/selectSIIA200Detail.do?pblancId=PBLN_000000000117781
PBLN_000000000117794,[경북] 2026년 중소기업 정부기술개발공모사업 선정지원 참여기업 모집 공고,경상북도,json_only_review,12,6,6,,,unknown,review,,후보 검수 필요,30.0만원/consulting_fee/recommend_only: / 5회 中 선택 牭景 기획 컨설팅(기업부담금 30만원) || 50.0만원/consulting_fee/recommend_only: 주관기관 운영프로그램 참여 시 지원 牭景 발표평가 컨설팅 牭景 모의발표평가 牭景 재도전 컨설팅 牭景 차년도 R&D 컨설팅(기업부담금 50만원) || 150.0만원/consulting_fee/recommend_only: 사업계획서 작성방법 컨설팅 등 결 과 물: 컨설팅 일지 150 만원 漠杳 신청서 접수  漠杳 기업 현장점검  漠杳 승인 통보  漠杳 전문가 매칭  漠杳 컨설팅 진행  漠杳 결과보고서 제출  漠杳 사업 || 90.0만원/consulting_fee/recommend_only: 발표스킬 제고를 위한 컨설팅 결 과 물: 컨설팅 일지 90 만원 (필독) R&D사업 1차 선정 된 기업만 신청 가능 모의발표 평가 지원대상: R&D사업 1차 선정기업 지원내용: 사전질의서 작성 결 과 물: || 30.0만원/consulting_fee/recommend_only: 사전질의서 30 만원 재도전 지원대상: R&D사업 탈락기업 지원내용: 탈락사유에 대한 보완 컨설팅 결 과 물: 컨설팅 일지 90 만원 차년도 R&D컨설팅 (15건 || 90.0만원/consulting_fee/recommend_only: 사전질의서 30 만원 재도전 지원대상: R&D사업 탈락기업 지원내용: 탈락사유에 대한 보완 컨설팅 결 과 물: 컨설팅 일지 90 만원 차년도 R&D컨설팅 (15건 내외) 지원대상: 차년도 R&D사업 신청예정 기업 지원내용: 공급기업을 통한 사업계획서 작성 지원 결 과 물: 컨,unknown:270.0 | unknown:270.0 | self_funding:30.0 | unknown:450.0 | unknown:450.0 | self_funding:50.0,needs_review,selected_candidate_missing,https://www.bizinfo.go.kr/sii/siia/selectSIIA200Detail.do?pblancId=PBLN_000000000117794
PBLN_000000000117839,2026년 고령친화식품 사용성평가 참여기업 모집 공고,식품의약품안전처,support_ratio_ready,1,1,0,,,support_ratio,ratio_cap,1.0,비율 확인,None만원/support_ratio/ratio_cap: 2026년 고령친화식품 사용성평가 참여기업 모집 공고 식품의약품안전처 기업마당>정책정보>지원사업 공고 기업마당 본문 바로가기 주메뉴 바로가기 기업마당 > 정책정보 > 지원사업 공고 메뉴열기 로그인 정책정보 정책정보 지원사업 공고 품목별 법정의무 인증제도 행사정보 정책뉴스 입법·행정예고/고시 월간 중기누리 활용정보 활용정보,,needs_review,selected_candidate_missing,https://www.bizinfo.go.kr/sii/siia/selectSIIA200Detail.do?pblancId=PBLN_000000000117839
PBLN_000000000117942,[경남] 창원시 2026년 지식재산진흥 지원사업 기업 모집 공고,경상남도,amount_update_ready,5,4,1,3000.0,3000.0,subsidy,subtract,0.8,확정,"3000.0만원/subsidy/subtract: 경찰 등 수사기관에서 조사나 수사 중인 기업으로서 비위의 정도가 중대하고 이로 인하여 정상적인 과제수행을 기대하기 현저히 어려운 기업 □ 중복지원 제한 요건 ▸당해년도 창원산업진흥원 보조금 지원사업(지원금 3,000만원 이상) 2개 초과 수행 중 상기 내용이 사실임을 확인하며 || 100.0만원/fee/review: 선행기술조사 : 국내권리화 지원 시 함께 지원 가능 (선행기술조사 단독지원 불가) ▪지원규모구분지원분야지원내역지원한도(VAT 제외)접수1국내권리화발생수수료의80%이내 지원100만원상 시(사업비 소진시까지)2선행기술조사50만원 ▪지원기준 - 2026 || 50.0만원/fee/review: 선행기술조사 : 국내권리화 지원 시 함께 지원 가능 (선행기술조사 단독지원 불가) ▪지원규모구분지원분야지원내역지원한도(VAT 제외)접수1국내권리화발생수수료의80%이내 지원100만원상 시(사업비 소진시까지)2선행기술조사50만원 ▪지원기준 - 2026 || None만원/support_ratio/ratio_cap: [경남] 창원시 2026년 지식재산진흥 지원사업 기업 모집 공고 경상남도 기업마당>정책정보>지원사업 공고 기업마당 본문 바로가기 주메뉴 바로가기 기업마당 > 정책정보 > 지원사업 공고 메뉴열기 로그인 정책정보 정책정보 지원사업 공고 품목별 법정의무 인증제도 행사정보 정책뉴스 입법·행정예고/고시 월간 중기누리 활용정보 활용",unknown:5250.0,needs_review,subtract_without_limit_context,https://www.bizinfo.go.kr/sii/siia/selectSIIA200Detail.do?pblancId=PBLN_000000000117942
PBLN_000000000117992,2026년 나눔장비 이전지원사업 모집 공고,과학기술정보통신부,amount_update_ready,11,3,8,3000.0,3000.0,support_amount,subtract,0.2,확정,6000.0만원/equipment_usage_fee/recommend_only: 연구개발 또는 국산 장비개발 관련 중소기업 등 ☞ 연구장비 이전ㆍ설치에 소요되는 비용 장비 당 취득금액의 20% 이내(최대 6천만원) 지원 사업신청 방법 온라인 접수 (ZEUS 장비활용종합포털 나눔터) || 6000.0만원/total_support_scale/review: 설치 시 발생하는 비용 - [장비수리비] 연구장비의 이전 후 사용에 필요한 수리 비용(소모품비 제외) ◌ 지원규모 : 장비 당 취득금액의 20% 이내(최대 6천만원) 지원 || 3000.0만원/support_amount/subtract: 여러 중소기업에 골고루 혜택을 제공하기 위해 1개 기업당 10개 이하 장비(취득금액 3천만원 이상)로 이전지원을 제한하는 ｢나눔장비 총량제｣ 실시 氠瑢 연구개발 또는 국산 장비개발 관련 중소기업 필수 서류 가,unknown:3000.0 | unknown:50000.0 | unknown:1000.0 | unknown:400.0 | unknown:600.0 | unknown:1000.0 | unknown:800.0 | unknown:200.0,needs_review,large_amount_delta,https://www.bizinfo.go.kr/sii/siia/selectSIIA200Detail.do?pblancId=PBLN_000000000117992
PBLN_000000000118003,[경기] 용인시 2026년 다통해 서포터즈(시민 통번역 서포터즈) 지원사업 공고,경기도,amount_update_ready,8,1,7,50.0,50.0,support_amount,subtract,,확정,50.0만원/support_amount/subtract: 기업당 지원금액 연간 최대 50만원*,unknown:10.0 | unknown:1.5 | unknown:19.0 | unknown:6.0 | unknown:1.5 | unknown:15.0 | unknown:2.0,safe,clear_selected_candidate,https://www.bizinfo.go.kr/sii/siia/selectSIIA200Detail.do?pblancId=PBLN_000000000118003
PBLN_000000000118006,2026년 스마트공장 수준확인 사업 공고,중소벤처기업부,json_only_review,2,2,0,,,unknown,review,1.0,후보 검수 필요,"200000.0만원/consulting_fee/recommend_only: 중견 제조기업의 자발적인 스마트공장 구축 및 고도화를 촉진하기 위한 스마트화 수준진단을 지원◦(사업 규모)2,000백만 원(수준확인 2 || None만원/support_ratio/ratio_cap: 2026년 스마트공장 수준확인 사업 공고 중소벤처기업부 기업마당>정책정보>지원사업 공고 기업마당 본문 바로가기 주메뉴 바로가기 기업마당 > 정책정보 > 지원사업 공고 메뉴열기 로그인 정책정보 정책정보 지원사업 공고 품목별 법정의무 인증제도 행사정보 정책뉴스 입법·행정예고/고시 월간 중기누리 활용정보 활용정보 기업업무용 서",,needs_review,selected_candidate_missing,https://www.bizinfo.go.kr/sii/siia/selectSIIA200Detail.do?pblancId=PBLN_000000000118006
PBLN_000000000118027,2026년 KOLAS 공인 제품인증 서비스 바우처 지원사업 참가 희망기업 모집 공고,부산광역시,json_only_review,8,8,0,,,unknown,review,0.008,후보 검수 필요,80.0만원/equipment_usage_fee/recommend_only: / 기타) 2인 출장비 (재)부산테크노파크 여비 규정에 따름(관내 지역 시 제외) 2인 시험 수수료 위탁 시험기관 의뢰시험검사 업무규정에 따름 제품별 상이 인증마크 제작 수수료 신청제품의 수량 × 제작단가 협의 인증수수료(마크 사용료) 신청제품의 수량 × 신청제품의 개별단가 × 약정요율* 최소금액 80만원 인증서 발급 수 || 80.0만원/non_cash/recommend_only: 최소금액은 80만원으로 한다) 氠瑢 인증제품의 연간 매출액 3억 이하 15억 이하 30억 이하 50억 이하 50억 초과 약정요율 0 || 30000.0만원/non_cash/recommend_only: 최소금액은 80만원으로 한다) 氠瑢 인증제품의 연간 매출액 3억 이하 15억 이하 30억 이하 50억 이하 50억 초과 약정요율 0 || 150000.0만원/non_cash/recommend_only: 최소금액은 80만원으로 한다) 氠瑢 인증제품의 연간 매출액 3억 이하 15억 이하 30억 이하 50억 이하 50억 초과 약정요율 0 || 300000.0만원/non_cash/recommend_only: 최소금액은 80만원으로 한다) 氠瑢 인증제품의 연간 매출액 3억 이하 15억 이하 30억 이하 50억 이하 50억 초과 약정요율 0 || 500000.0만원/non_cash/recommend_only: 최소금액은 80만원으로 한다) 氠瑢 인증제품의 연간 매출액 3억 이하 15억 이하 30억 이하 50억 이하 50억 초과 약정요율 0 || ... 후보 2개 추가,,needs_review,large_amount_delta,https://www.bizinfo.go.kr/sii/siia/selectSIIA200Detail.do?pblancId=PBLN_000000000118027
PBLN_000000000118037,2026년 기업인력애로센터 활용 취업지원 사업 구인기업 및 구직자 모집 공고,중소벤처기업부,no_support_candidate,0,0,0,,,unknown,review,,후보 없음,,,needs_review,candidate_missing,https://www.bizinfo.go.kr/sii/siia/selectSIIA200Detail.do?pblancId=PBLN_000000000118037
PBLN_000000000118047,[충북] 청주시 2026년 도시근로자 지원사업 참여기업 모집 공고,충청북도,json_only_review,2,1,1,,,unknown,review,0.4,후보 검수 필요,None만원/support_ratio/ratio_cap: [충북] 청주시 2026년 도시근로자 지원사업 참여기업 모집 공고 충청북도 기업마당>정책정보>지원사업 공고 기업마당 본문 바로가기 주메뉴 바로가기 기업마당 > 정책정보 > 지원사업 공고 메뉴열기 로그인 정책정보 정책정보 지원사업 공고 품목별 법정의무 인증제도 행사정보 정책뉴스 입법·행정예고/고시 월간 중기누리 활용정보 활,unknown:20.0,needs_review,selected_candidate_missing,https://www.bizinfo.go.kr/sii/siia/selectSIIA200Detail.do?pblancId=PBLN_000000000118047
PBLN_000000000118049,2026년 중소벤처기업부 외국전문인력(E-7-1) 고용추천 공고,중소벤처기업부,no_support_candidate,1,0,1,,,unknown,review,,후보 없음,,unknown:2897.0,needs_review,selected_candidate_missing,https://www.bizinfo.go.kr/sii/siia/selectSIIA200Detail.do?pblancId=PBLN_000000000118049
PBLN_000000000118122,[울산] 2026년 이전ㆍ창업기업(기술강소기업) 특별보조금 지원사업 공고,울산광역시,amount_update_ready,10,6,4,20000.0,20000.0,subsidy,subtract,0.15,확정,20000.0만원/subsidy/subtract: 기업당 최대 2억원(+고용보조금) 지원 사업신청 방법 방문 접수 - 접수처 : 울산 남구 중앙로 201 || 20000.0만원/subsidy/subtract: 기업 당 최대 2억원+ 𝑎 (고용보조금) 내 용 범 위 한 도 입지보조금 입지 분양가액 (매입가액) 의 15% 내 1억원 건물 매입가액의 15% 내 1년분 건물임차 || 10000.0만원/subsidy/subtract: 기업 당 최대 2억원+ 𝑎 (고용보조금) 내 용 범 위 한 도 입지보조금 입지 분양가액 (매입가액) 의 15% 내 1억원 건물 매입가액의 15% 내 1년분 건물임차료의 50% 내 장비보조금 장비구입비 (연구용 기자재 || 10000.0만원/subsidy/subtract: S/W 구입비 포함) 의 30% 내 1억원 고용보조금 신규 고용 근로자 1인당 월 50만원 지원 (6개월 범위 내) 예산범위 내 || 50.0만원/subsidy/subtract: S/W 구입비 포함) 의 30% 내 1억원 고용보조금 신규 고용 근로자 1인당 월 50만원 지원 (6개월 범위 내) 예산범위 내 || None만원/support_ratio/ratio_cap: [울산] 2026년 이전ㆍ창업기업(기술강소기업) 특별보조금 지원사업 공고 울산광역시 기업마당>정책정보>지원사업 공고 기업마당 본문 바로가기 주메뉴 바로가기 기업마당 > 정책정보 > 지원사업 공고 메뉴열기 로그인 정책정보 정책정보 지원사업 공고 품목별 법정의무 인증제도 행사정보 정책뉴스 입법·행정예고/고시 월간 중기누리 활,revenue_condition:5000.0 | unknown:100.0 | unknown:10000.0 | unknown:5000.0,safe,clear_selected_candidate,https://www.bizinfo.go.kr/sii/siia/selectSIIA200Detail.do?pblancId=PBLN_000000000118122
PBLN_000000000118133,[경북] 2026년 화장품산업 경쟁력 강화사업(성분 분석ㆍ검증 시험인증) 모집공고,경상북도,json_only_review,3,3,0,,,unknown,review,,후보 검수 필요,80.0만원/non_cash/recommend_only: 연구소 등 1개 이상 소재한 화장품 기업 ☞ 성분 분석/검증 시험인증 기업당 최대 80만원 이내 지원 사업신청 방법 이메일 접수 (cos@gitc || 80.0만원/non_cash/recommend_only: 연구소 등 1개 이상 소재한 기업 ☐ 지원내용 氠瑢 지원분야 성분 분석/검증 시험인증 지원 지원금액  기업당 최대 80만원 이내 - 전문기관 의뢰를 통한 수행기관 직접지원 선정규모 사업비 소진 시 종료 지원내용 화장품의 기능성 입증과 안전성 검증을 위한 성분 분석/ || 80.0만원/non_cash/recommend_only: 연구소 등 1개 이상 소재한 기업 ☐ 선정규모 : 사업비 소진 시 종료 ☐ 지원금액 : 기업당 최대 80만원 이내 ☐ 지원내용 - 제품의 기능성 입증 분석을 위한 성분분석시험 서비스 지원 (예: 천연 기능성 원료 또는 지표 물질의 함량 분석,,safe,clear_selected_candidate,https://www.bizinfo.go.kr/sii/siia/selectSIIA200Detail.do?pblancId=PBLN_000000000118133
PBLN_000000000118204,2026년 여성기업 육성사업 공고,중소벤처기업부,json_only_review,6,2,4,,,unknown,review,1.0,후보 검수 필요,"2000.0만원/education_fee/recommend_only: 투자유치 등 - 교육․멘토링 : 사업계획서 작성법 등 비즈니스모델 고도화 지원 - 시상 : 약 40팀 (대상 : 중소벤처기업부장관상 및 상금 2,000만원) * 최종 시상규모는 후원여부에 따라 변경될 수 있음 - 후속지원 : 도전 K-스타트업 본선 진출 자격 부여 (창업 3년미만 26팀) || None만원/support_ratio/ratio_cap: 2026년 여성기업 육성사업 공고 중소벤처기업부 기업마당>정책정보>지원사업 공고 기업마당 본문 바로가기 주메뉴 바로가기 기업마당 > 정책정보 > 지원사업 공고 메뉴열기 로그인 정책정보 정책정보 지원사업 공고 품목별 법정의무 인증제도 행사정보 정책뉴스 입법·행정예고/고시 월간 중기누리 활용정보 활용정보 기업업무용 서식 입주",unknown:2000.0 | unknown:300000.0 | unknown:300000.0 | unknown:1000.0,needs_review,selected_candidate_missing,https://www.bizinfo.go.kr/sii/siia/selectSIIA200Detail.do?pblancId=PBLN_000000000118204
PBLN_000000000118209,2026년 중소기업 연구인력지원사업 공고,중소벤처기업부,json_only_review,13,1,12,,,unknown,review,0.5,후보 검수 필요,5000.0만원/subsidy/subtract: 레전드 50 +* : 10개) ◇ 지역특화 프로젝트 󰡔레전드 50+ * 󰡕 : 중소기업의 혁신성장 및 경쟁력 제고를 위하여 중소벤처기업부 및 17개 광역자치단체가 함께 추진하는 지역 특화 프로젝트이며 중소벤처 기업부가 핵심 정책수단을 3년간 패키지로 지원해 주는 정책 * 레전드 50+ 참여기업 선정확인서를 제출하는 경우,unknown:3200.0 | unknown:3500.0 | unknown:3800.0 | unknown:1280.0 | unknown:1400.0 | unknown:1520.0 | unknown:5000.0 | unknown:5500.0,needs_review,large_amount_delta,https://www.bizinfo.go.kr/sii/siia/selectSIIA200Detail.do?pblancId=PBLN_000000000118209
PBLN_000000000118213,[경기] 2026년 가구디자인창작공간운영사업 경기가구창작스튜디오 공동장비 활용 지원 참여기업 모집 공고,경기도,no_support_candidate,0,0,0,,,unknown,review,,후보 없음,,,needs_review,candidate_missing,https://www.bizinfo.go.kr/sii/siia/selectSIIA200Detail.do?pblancId=PBLN_000000000118213
PBLN_000000000118224,2026년 미래 치과이식형 디지털의료제품 개발 기반구축 사업 기술서비스 지원사업 통합 공고,산업통상부,support_ratio_ready,1,1,0,,,support_ratio,ratio_cap,0.25,비율 확인,None만원/support_ratio/ratio_cap: 2026년 미래 치과이식형 디지털의료제품 개발 기반구축 사업 기술서비스 지원사업 통합 공고 산업통상부 기업마당>정책정보>지원사업 공고 기업마당 본문 바로가기 주메뉴 바로가기 기업마당 > 정책정보 > 지원사업 공고 메뉴열기 로그인 정책정보 정책정보 지원사업 공고 품목별 법정의무 인증제도 행사정보 정책뉴스 입법·행정예고/고시,,needs_review,selected_candidate_missing,https://www.bizinfo.go.kr/sii/siia/selectSIIA200Detail.do?pblancId=PBLN_000000000118224
PBLN_000000000118245,[경북] 2026년 중소벤처기업 지식재산권 및 해외인증 지원사업 참가기업 모집 공고,경상북도,json_only_review,4,4,0,,,unknown,review,0.8,후보 검수 필요,"500.0만원/non_cash/recommend_only: ☞ 도내 중소ㆍ벤처기업 ☞ 지식재산권 출원 및 해외인증 획득 비용 지원(기업당 최대 500만원) || 600.0만원/non_cash/recommend_only: 시험기관 및 컨설팅 기관 출원/획득 일자 추진방법 □ 단독 □ 대행 지원금 청구 소요금액 원 신청금액 (공급가액의 80%) 최대 6,000,000원 송금계좌 _____은행 || 600.0만원/non_cash/recommend_only: : 획득 구분 세부내역 소요금액 (부가세 제외) 수행업체명 품목1 인증비 원 시험비 원 컨설팅비 원 소계 ① 浵╦ 0 浵ࡦ 원 품목2 인증비 원 시험비 원 컨설팅비 원 소계 ② 浵╦ 0 浵ࡦ 원 합계 ①+② 원 지원금 신청 금액(최대한도 기업당 600만원) 원 [서식2] 氠瑢 기업정보의 제공 || 3000.0만원/non_cash/recommend_only: 시험비용의 합이 3천만원 이상 소요되는 인증",,needs_review,large_amount_delta,https://www.bizinfo.go.kr/sii/siia/selectSIIA200Detail.do?pblancId=PBLN_000000000118245
PBLN_000000000118318,2026년 소스개발 및 생산지원 사업 공고,농림축산식품부,json_only_review,6,6,0,,,unknown,review,,후보 검수 필요,2000.0만원/equipment_usage_fee/recommend_only: 디지털식품정보플랫폼 가입기업 등) ☞ 장비사용 수수료 할인(기업별 누적 최대 20백만원) 지원 사업신청 방법 온라인 접수 (디지털식품정보플랫폼) 사업신청 사이트 온라인신청 바로가기 문의처 한국식품산업클러스터진흥원 [일반문의] 06 || 2000.0만원/total_support_scale/review: (수) ∼ 지원금 소진시까지 □ 지원방법: 장비사용 수수료 할인 □ 지원규모: 기업별 누적 최대 20백만원 □ 사업규모: 총 30백만원 이내 □ 지원대상: 식품 관련 기업(국가식품클러스터 입주(분양 || 3000.0만원/total_support_scale/review: (수) ∼ 지원금 소진시까지 □ 지원방법: 장비사용 수수료 할인 □ 지원규모: 기업별 누적 최대 20백만원 □ 사업규모: 총 30백만원 이내 □ 지원대상: 식품 관련 기업(국가식품클러스터 입주(분양 || 500.0만원/fee/review: (수) ∼ 지원금 소진시까지 □ 지원내용: 신청기업이 식품진흥원과 공동 또는 의뢰하여 수행하며 보조금 지원사업이 아님 氠瑢 氠瑢 3 지원내용 汤捯 구분 지원내용 소스개발 汤捯 레시피 개발  식품진흥원 전문인력 및 인프라를 활용한 소스 등의 레시피 위탁개발 지원 - 기업이 요구하는 수준에 부합하는 판매 목적의 산업용 레시 || 300.0만원/fee/review: (수) ∼ 지원금 소진시까지 □ 지원내용: 신청기업이 식품진흥원과 공동 또는 의뢰하여 수행하며 보조금 지원사업이 아님 氠瑢 氠瑢 3 지원내용 汤捯 구분 지원내용 소스개발 汤捯 레시피 개발  식품진흥원 전문인력 및 인프라를 활용한 소스 등의 레시피 위탁개발 지원 - 기업이 요구하는 수준에 부합하는 판매 목적의 산업용 레시 || 200.0만원/fee/review: (수) ∼ 지원금 소진시까지 □ 지원내용: 신청기업이 식품진흥원과 공동 또는 의뢰하여 수행하며 보조금 지원사업이 아님 氠瑢 氠瑢 3 지원내용 汤捯 구분 지원내용 소스개발 汤捯 레시피 개발  식품진흥원 전문인력 및 인프라를 활용한 소스 등의 레시피 위탁개발 지원 - 기업이 요구하는 수준에 부합하는 판매 목적의 산업용 레시,,needs_review,selected_candidate_missing,https://www.bizinfo.go.kr/sii/siia/selectSIIA200Detail.do?pblancId=PBLN_000000000118318
PBLN_000000000118361,[경기] 부천시 2026년 유해물질 시험분석 수수료 지원 사업 참여 기업 모집 공고,경기도,json_only_review,2,2,0,,,unknown,review,,후보 검수 필요,100.0만원/non_cash/recommend_only: ☞ 본사 또는 공장이 부천시에 소재한 중소기업(제조업) ☞ 유해물질 시험분석 수수료 기업당 지원금 합계 100만원 이내(연간) 지원 사업신청 방법 온라인 접수(부천산업진흥원) 사업신청 사이트 온라인신청 바로가기 문의처 부천산업진흥원 기업육성팀 032-716 || 100.0만원/non_cash/recommend_only: 천원미만 절사 〇 지원한도 : 기업당 지원금 합계 100만원 이내(연간) 〇 지원기준 - 국내 시험분석 : 한국인정기구(KOLAS) 공인 시험‧분석기관에서 수행한 시험 - 해외 시험분석 : ISO/IEC,,safe,clear_selected_candidate,https://www.bizinfo.go.kr/sii/siia/selectSIIA200Detail.do?pblancId=PBLN_000000000118361
PBLN_000000000118395,[경기] 2026년 기술닥터사업 공고,경기도,amount_update_ready,14,7,7,2000.0,2000.0,support_amount,subtract,0.8,확정,"500.0만원/support_amount/subtract: 부가세 제외 지원금 요청액 원 총 소요비용의 ( )% ☞ 500만원 한도 내에서 총 소요비용의 80%까지 지원가능 ☞ 사회적기업 || 500.0만원/support_amount/subtract: 경기도 일자리우수기업 의 경우 500만원 한도 내에서 총 소요비용의 85%까지 지원가능 첨 부 서 류 필수 ① 견적서 1부 || 500.0만원/support_amount/subtract: 부가세 제외) 원 원 지원금 요청액 원 원 총 소요비용의 ( )% 총 소요비용의 ( )% ☞ 500만원 한도 내에서 총 소요비용의 80%까지 지원가능 ☞ 사회적기업 || 500.0만원/non_cash/recommend_only: 경기도일자리우수 기업 의 경우 500만원 한도 내에서 총 소요비용의 85%까지 지원 가능 첨부서류 ① 과제수행 증빙(시험성적서 || 2000.0만원/support_amount/subtract: 공정 개선 등 구체적 성과물 도출) 2,000만원 이내 총 비용의 20% 3단계 상용화 지원 기업의 매출향상 및 고용창출 위한 제품화‧사업화 지원(상세설계 || 5000.0만원/non_cash/recommend_only: 마케팅 등 ) 5,000만원 이내 총 비용의 20% 단계별 검증지원 기술검증 현장애로기술지원 과제 관련 시험분석 || ... 후보 1개 추가",revenue_condition:0.0 | revenue_condition:0.0 | revenue_condition:0.0 | revenue_condition:0.0 | unknown:600.0 | unknown:150.0 | unknown:300.0,needs_review,large_amount_delta,https://www.bizinfo.go.kr/sii/siia/selectSIIA200Detail.do?pblancId=PBLN_000000000118395
PBLN_000000000118467,[부산] 2026년 중소기업 ISO 인증 지원사업 모집 공고,부산광역시,support_ratio_ready,1,1,0,,,support_ratio,ratio_cap,1.0,비율 확인,None만원/support_ratio/ratio_cap: [부산] 2026년 중소기업 ISO 인증 지원사업 모집 공고 부산광역시 기업마당>정책정보>지원사업 공고 기업마당 본문 바로가기 주메뉴 바로가기 기업마당 > 정책정보 > 지원사업 공고 메뉴열기 로그인 정책정보 정책정보 지원사업 공고 품목별 법정의무 인증제도 행사정보 정책뉴스 입법·행정예고/고시 월간 중기누리 활용정보 활용정,,needs_review,selected_candidate_missing,https://www.bizinfo.go.kr/sii/siia/selectSIIA200Detail.do?pblancId=PBLN_000000000118467
PBLN_000000000118530,2026년 중소ㆍ중견 에너지효율 혁신 선도 프로젝트 선도기업 모집 공고,기후에너지환경부,support_ratio_ready,1,1,0,,,support_ratio,ratio_cap,0.05,비율 확인,None만원/support_ratio/ratio_cap: 2026년 중소ㆍ중견 에너지효율 혁신 선도 프로젝트 선도기업 모집 공고 기후에너지환경부 기업마당>정책정보>지원사업 공고 기업마당 본문 바로가기 주메뉴 바로가기 기업마당 > 정책정보 > 지원사업 공고 메뉴열기 로그인 정책정보 정책정보 지원사업 공고 품목별 법정의무 인증제도 행사정보 정책뉴스 입법·행정예고/고시 월간 중기누리,,needs_review,selected_candidate_missing,https://www.bizinfo.go.kr/sii/siia/selectSIIA200Detail.do?pblancId=PBLN_000000000118530
PBLN_000000000118617,[충북] 지능형첨단부품산업의 디지털전환 거점 구축 사업 오픈랩 AI 개발플랫폼 활용 지원 수혜기업 모집 공고,충청북도,support_ratio_ready,1,1,0,,,support_ratio,ratio_cap,1.0,비율 확인,None만원/support_ratio/ratio_cap: [충북] 지능형첨단부품산업의 디지털전환 거점 구축 사업 오픈랩 AI 개발플랫폼 활용 지원 수혜기업 모집 공고 충청북도 기업마당>정책정보>지원사업 공고 기업마당 본문 바로가기 주메뉴 바로가기 기업마당 > 정책정보 > 지원사업 공고 메뉴열기 로그인 정책정보 정책정보 지원사업 공고 품목별 법정의무 인증제도 행사정보 정책뉴스 입,,needs_review,selected_candidate_missing,https://www.bizinfo.go.kr/sii/siia/selectSIIA200Detail.do?pblancId=PBLN_000000000118617
PBLN_000000000118679,[인천] 2026년 채용연계형 뿌리기업 근로환경 혁신 지원사업(환경개선) 모집 공고(지역산업맞춤형 일자리지원 사업),인천광역시,amount_update_ready,12,9,3,2100.0,2100.0,support_amount,subtract,0.5,확정,"700.0만원/support_amount/subtract: 공고일 이 후 신규 채용인력에 대한 지원금은 1명당 최대 700만원(기업당 최대3명 || 2100.0만원/support_amount/subtract: 이 후 신규 채용인력에 대한 지원금은 1명당 최대 700만원(기업당 최대3명, 2,100만원)까지 지원함. 2. 공고일 이후 신규 채용한 인원은 공고일로부터 협약 종료일까지 || 2100.0만원/support_amount/subtract: 물품 구입은 지원 사업비의 50% 이내로 제한 예시)근로자3인 지원받을 시(21,000천원) 물품구입 금액은 10 || 2100.0만원/total_support_scale/review: ‘뿌리기업 명가 지정기업’ 포함 〇 지원내용 : 공고일 이후 근로자를 신규 채용한 뿌리기업(최대 21백만원) 〇 지원규모 : 신규 채용 근로자 1인당 700만원(21백만원 내 || 700.0만원/total_support_scale/review: ‘뿌리기업 명가 지정기업’ 포함 〇 지원내용 : 공고일 이후 근로자를 신규 채용한 뿌리기업(최대 21백만원) 〇 지원규모 : 신규 채용 근로자 1인당 700만원(21백만원 내 || 2100.0만원/total_support_scale/review: ‘뿌리기업 명가 지정기업’ 포함 〇 지원내용 : 공고일 이후 근로자를 신규 채용한 뿌리기업(최대 21백만원) 〇 지원규모 : 신규 채용 근로자 1인당 700만원(21백만원 내 || ... 후보 3개 추가",unknown:700.0 | unknown:2100.0 | unknown:1050.0,safe,clear_selected_candidate,https://www.bizinfo.go.kr/sii/siia/selectSIIA200Detail.do?pblancId=PBLN_000000000118679
PBLN_000000000118681,[경남] 진주시 2026년 산업재산권 권리화 지원 사업 공고,경상남도,amount_update_ready,8,4,4,100.0,100.0,support_amount,subtract,,확정,"100.0만원/support_amount/subtract: 개인발명가는 분야별 1건 이내 지원 - 특허 1,000천 원 이내 || 50.0만원/support_amount/subtract: , 개인발명가는 분야별 1건 이내 지원 - 특허 1,000천 원 이내, 실용신안 500천 원 이내, 디자인 350천 원 이내, 상표 250천 원 이내 지원 사업신청 방법 방 || 35.0만원/support_amount/subtract: 이내 지원 - 특허 1,000천 원 이내, 실용신안 500천 원 이내, 디자인 350천 원 이내, 상표 250천 원 이내 지원 사업신청 방법 방문 또는 우편 접수 - 접수 || 25.0만원/support_amount/subtract: 상표 250천 원 이내 지원 사업신청 방법 방문 또는 우편 접수 - 접수처 : (52789) 경남 진주시 동진로 155 (상대동) 진주시청 3층 기업통상과 기업",unknown:100.0 | unknown:50.0 | unknown:35.0 | unknown:25.0,safe,clear_selected_candidate,https://www.bizinfo.go.kr/sii/siia/selectSIIA200Detail.do?pblancId=PBLN_000000000118681
PBLN_000000000118750,[경남] 진주시 2026년 중소기업 국내외 인증수수료 지원사업 공고,경상남도,json_only_review,7,6,1,,,unknown,review,,후보 검수 필요,300.0만원/fee/review: ☞ 공고일 현재 진주시에 본사와 공장을 둔 중소기업 (중소기업기본법 제2조에 의한 기업으로 공장등록을 마친 기업) ☞ 당해년도 인증 신규 취득 및 갱신에 소요된 인증 수수료 지원 - 해외 규격인증 : 기업당 최대 300만원 || 100.0만원/non_cash/recommend_only: / 국내 인증 : 기업당 최대 100만원 사업신청 방법 이메일 접수 (itkang1@nate || 300.0만원/fee/review: 지원제외 : 다음 각 호 해당 기업 (1) 허위 ․ 부정한 방법으로 신청한 경우 (2) 세금을 체납(납부 및 체납처분 유예 포함)중인 기업 (3) 휴 ․ 폐업중 및 신청일 현재 매출액을 확인할 수 없는 기업 (4) 유사사업으로 타 기관에서 기 지원을 받은 업체 ❍ 지원사항: 당해년도 인증 신규 취득 및 갱신에 소요된 인증 || 100.0만원/non_cash/recommend_only: / 국내 인증 : 기업당 최대 100만원 || 100.0만원/non_cash/recommend_only: 3 (리튬배터리운송안정성시험) USB-IF (USB임플리멘터스포럼) Visa PayWave (신용카드단말기인증) WHO (세계보건기구) Wi-Fi Certified (Wi-Fi상호운용성인증) WPS (선급용접절차승인) Z-Wave Product Certification (전자제품상호호환성인증) 【서식 1】 氠瑢 중소기업 || 300.0만원/non_cash/recommend_only: 3 (리튬배터리운송안정성시험) USB-IF (USB임플리멘터스포럼) Visa PayWave (신용카드단말기인증) WHO (세계보건기구) Wi-Fi Certified (Wi-Fi상호운용성인증) WPS (선급용접절차승인) Z-Wave Product Certification (전자제품상호호환성인증) 【서식 1】 氠瑢 중소기업,unknown:4000.0,safe,clear_selected_candidate,https://www.bizinfo.go.kr/sii/siia/selectSIIA200Detail.do?pblancId=PBLN_000000000118750
PBLN_000000000118752,2026년 한국농수산식품유통공사(aT) 안전성 검사비 지원사업 공고,농림축산식품부,amount_update_ready,3,3,0,8000.0,8000.0,support_amount,subtract,0.9,확정,8000.0만원/support_amount/subtract: ☞ 농식품 수출업체 및 수출농가(법인) ☞ 잔류농약 및 식품위생 검사비 지원(업체당 연간 80백만원) - 지원품목 : 국내산 신선 농축산물 || 8000.0만원/support_amount/subtract: 예산상황에 따라 추가지원 가능 漠杳 지원한도 : 업체당 연간 80백만원 漠杳 신청방법 : 온라인(global || None만원/support_ratio/ratio_cap: 2026년 한국농수산식품유통공사(aT) 안전성 검사비 지원사업 공고 농림축산식품부 기업마당>정책정보>지원사업 공고 기업마당 본문 바로가기 주메뉴 바로가기 기업마당 > 정책정보 > 지원사업 공고 메뉴열기 로그인 정책정보 정책정보 지원사업 공고 품목별 법정의무 인증제도 행사정보 정책뉴스 입법·행정예고/고시 월간 중기누리 활용,,safe,clear_selected_candidate,https://www.bizinfo.go.kr/sii/siia/selectSIIA200Detail.do?pblancId=PBLN_000000000118752
PBLN_000000000118806,[경남] 사천시ㆍ진주시 2026년 디지털전환(DX) 컨설팅 및 인력양성 지원 사업 수요기업 모집 공고,경상남도,amount_update_ready,4,4,0,500.0,500.0,support_amount,subtract,,확정,"30.0만원/consulting_fee/recommend_only: 수평 협업플랫폼 ⑥ 환경영향평가 대응 ⑦제조안전 최적화’로 구분됨 - 기업당 제조 공정 전주기 분야별 최대 2회 지원 가능 (예산 소진 시 마감) - 제조 DX 컨설팅 관련 제반 비용 일체 지원 (컨설팅 자문료 및 재료비) - 지원기간 : 최대 3개월 氠瑢 구분 컨설팅 지원 내용 컨설팅 필수 지원 ① DX 역량 분석 임직 || 500.0만원/support_amount/subtract: *신청 시) 기업당 최대 5,000천원 지원 || 30.0만원/education_fee/recommend_only: MES 및 NX CAD 기반 제품 설계 최적화 교육 (3hr) 지원 금액 DX 교육 교육 횟수당 최소 300천원 지원 (교육 1회당 300천원/강사) 1일 최소 2H 이상 교육 진행 및 최대 7회 지원 가능 학사 학위 취득 이상 및 DX 관련 교육 경력 || 30.0만원/education_fee/recommend_only: MES 및 NX CAD 기반 제품 설계 최적화 교육 (3hr) 지원 금액 DX 교육 교육 횟수당 최소 300천원 지원 (교육 1회당 300천원/강사) 1일 최소 2H 이상 교육 진행 및 최대 7회 지원 가능 학사 학위 취득 이상 및 DX 관련 교육 경력 보유자 氠瑢 3 신청방법 및 제",,safe,clear_selected_candidate,https://www.bizinfo.go.kr/sii/siia/selectSIIA200Detail.do?pblancId=PBLN_000000000118806
PBLN_000000000118927,[강원] 2026년 직장문화ㆍ환경개선지원사업 참여기업 모집 공고,강원특별자치도,json_only_review,5,1,4,,,unknown,review,,후보 검수 필요,"500.0만원/education_fee/recommend_only: 생활 균형을 실천하는 기업 ㅇ 지원규모 氠瑢 구분 지원규모 비고 컨설팅 ⦁35개사 내외 ⦁2회 이상 필수 기업 환경개선(컨설팅) ⦁3개사 ⦁5,000천원 내외 지원 ⦁컨설팅 필수 참여 교육",unknown:100.0 | unknown:100.0 | unknown:150.0 | unknown:200.0,needs_review,selected_candidate_missing,https://www.bizinfo.go.kr/sii/siia/selectSIIA200Detail.do?pblancId=PBLN_000000000118927
PBLN_000000000119010,[인천] 2026년 연구장비 공동활용 지원사업 모집 공고,인천광역시,amount_update_ready,3,2,1,300.0,300.0,support_amount,subtract,,확정,"4000.0만원/total_support_scale/review: php q 지원규모 : 총 40,000천원 || 300.0만원/support_amount/subtract: 13개社 이상 m 연구장비 사용료 기업당 300만원 이내 1회 지원",unknown:80.0,safe,clear_selected_candidate,https://www.bizinfo.go.kr/sii/siia/selectSIIA200Detail.do?pblancId=PBLN_000000000119010
PBLN_000000000119064,2026년 자동차용 반도체 기능안전ㆍ신뢰성 산업혁신기반구축사업 기업지원 모집 공고,산업통상부,no_support_candidate,0,0,0,,,unknown,review,,후보 없음,,,needs_review,candidate_missing,https://www.bizinfo.go.kr/sii/siia/selectSIIA200Detail.do?pblancId=PBLN_000000000119064
PBLN_000000000119083,[충북] 2026년 소상공인 IP출원(상표출원) 지원 사업 소상공인 수혜자 모집 공고,충청북도,support_ratio_ready,1,1,0,,,support_ratio,ratio_cap,0.2,비율 확인,None만원/support_ratio/ratio_cap: [충북] 2026년 소상공인 IP출원(상표출원) 지원 사업 소상공인 수혜자 모집 공고 충청북도 기업마당>정책정보>지원사업 공고 기업마당 본문 바로가기 주메뉴 바로가기 기업마당 > 정책정보 > 지원사업 공고 메뉴열기 로그인 정책정보 정책정보 지원사업 공고 품목별 법정의무 인증제도 행사정보 정책뉴스 입법·행정예고/고시 월간,,needs_review,selected_candidate_missing,https://www.bizinfo.go.kr/sii/siia/selectSIIA200Detail.do?pblancId=PBLN_000000000119083
PBLN_000000000119093,[인천] 2026년 파브(PAV) 부품 시험ㆍ인증 지원사업 참여기업 모집 공고,인천광역시,json_only_review,2,1,1,,,unknown,review,1.0,후보 검수 필요,None만원/support_ratio/ratio_cap: [인천] 2026년 파브(PAV) 부품 시험ㆍ인증 지원사업 참여기업 모집 공고 인천광역시 기업마당>정책정보>지원사업 공고 기업마당 본문 바로가기 주메뉴 바로가기 기업마당 > 정책정보 > 지원사업 공고 메뉴열기 로그인 정책정보 정책정보 지원사업 공고 품목별 법정의무 인증제도 행사정보 정책뉴스 입법·행정예고/고시 월간 중기누,project_budget:8000.0,needs_review,selected_candidate_missing,https://www.bizinfo.go.kr/sii/siia/selectSIIA200Detail.do?pblancId=PBLN_000000000119093
PBLN_000000000119124,2026년 의료기기 분야 기술지도 지원사업 공고(메카노바이오활성소재 혁신의료기기 실증 기반구축),전북특별자치도,no_support_candidate,0,0,0,,,unknown,review,,후보 없음,,,needs_review,candidate_missing,https://www.bizinfo.go.kr/sii/siia/selectSIIA200Detail.do?pblancId=PBLN_000000000119124
PBLN_000000000119126,2026년 물리ㆍ화학적 시험평가인증 지원사업 공고(메카노바이오활성소재 혁신의료기기 실증 기반구축),전북특별자치도,json_only_review,2,2,0,,,unknown,review,,후보 검수 필요,400.0만원/non_cash/recommend_only: ☞ 의료기기 전ㆍ후방 산업군에 해당하는 전국의 중소ㆍ중견기업 ☞ 물리ㆍ화학적 시험ㆍ평가ㆍ인증에 필요한 시험분석 검사비 등 지원 (기업당 최대 4백만 원) || 0.0만원/equipment_usage_fee/recommend_only: 화학) 지원사업 신청서 기 업 개 요 기 업 명 대 표 자 사업자등록번호 홈페이지 http:// 소 재 지 (주 소) (우편번호 : ) 업 종 한국표준산업분류코드 (대분류/중분류) 업 태 신 청 개 요 평가기관명 평가장비명 제 품 명 사용 목적 시험항목 시험방법(적용 규격) 요구사항 사용료 예상 일정 기재 요망 담 당 자,,safe,clear_selected_candidate,https://www.bizinfo.go.kr/sii/siia/selectSIIA200Detail.do?pblancId=PBLN_000000000119126
PBLN_000000000119158,[전북] 2026년 초등학부모 10시 출근제 도입 중소기업 지원 사업 참여기업 모집 공고,전북특별자치도,amount_update_ready,5,4,1,120.0,120.0,support_amount,subtract,,확정,"120.0만원/support_amount/subtract: ☞ 10시 출근제(1시간 단축근로)를 도입하는 50인 미만 도내 중소 제조업체 ☞ 초등 1~6학년 자녀를 둔 초등학부모 직원 대상 10시 출근제(임금 삭감 없는 1시간 단축근로)를 도입하는 50인 미만 도내 중소 제조업체에 지원금 지원 - 근로자 1인당 최대 120만원 || 120.0만원/total_support_scale/review: (수) ~ 상시모집 *예산소진시 □ 지원내용 : 초등 1~6학년 자녀를 둔 직원 대상 10시 출근제(1시간 단축근로)를 도입하는 50인 미만 도내 중소 제조업체에 지원금 지급 ⇒ 초등학부모 직원은 임금 삭감 없는 1시간 근무시간 단축 □ 지원규모 : 100건 정도 □ 지원금액 : 근로자 1인당 최대 120만원(기업당 연간 || 120.0만원/support_amount/subtract: Ⅲ 지원유형에 따른 지원금 지급(최대 120만원) || 120.0만원/support_amount/subtract: 000원 Ⅲ유형 1시간*3개월 1,200,000원 □ 지급방식 및 절차 : 기업별 단축근로이행 확인 후 참여기업에 지원금 지급 氠瑢 신 청 선 정 및 수 행 완료 서류 제출 지 급",unknown:120.0,safe,clear_selected_candidate,https://www.bizinfo.go.kr/sii/siia/selectSIIA200Detail.do?pblancId=PBLN_000000000119158
PBLN_000000000119181,[충북] 2026년 소부장 지원 전문가 스테이션 운영사업 기술애로 지원 모집 공고,충청북도,json_only_review,4,4,0,,,unknown,review,,후보 검수 필요,100.0만원/non_cash/recommend_only: 연구소 등 ☞ 기술애로신청서(붙임) 제출한 기업을 대상으로 충북 과기원 전문가 Pool 인력 또는 기업 추천 전문가가 신청기업에 현장 코칭 및 자문 지원(최대 1백만원) 사업신청 방법 온라인 접수 후 제출서류 메일 발송 - 온라인 : 충북과학기술혁신원 과제관리시스템 비즈온 - 이메일 : lkj247@cbist || 100.0만원/total_support_scale/review: (목) ~ (수시모집) * 선착순으로 모집 마감 ㅇ 지원규모: 최대 1백만원 || 30.0만원/non_cash/recommend_only: 1회당 자문료 최대 30만원 ㅇ 지원대상: 충북 내 소재한 소부장 분야 기업 본사 || 100.0만원/non_cash/recommend_only: 연구소 등 지원내용 ▪ 기술애로신청서(붙임) 제출한 기업을 대상으로 충북 과기원 전문가 Pool 인력 또는 기업 추천 전문가가 신청기업에 현장 코칭 및 자문 지원(최대 1백만원) 지원방식 ▪ 전문가 멘토링(코칭) 수당 지급(과기원→기술애로 자문위원 직접 지급) ㅇ 추진절차 氠瑢 공고 및 홍보 ⇨ 온라인 및 E-mail,,safe,clear_selected_candidate,https://www.bizinfo.go.kr/sii/siia/selectSIIA200Detail.do?pblancId=PBLN_000000000119181
PBLN_000000000119201,2026년 중소기업 연구인력 현장맞춤형 양성지원 사업 시행계획 공고,중소벤처기업부,json_only_review,7,5,2,,,unknown,review,1.0,후보 검수 필요,"1720.0만원/support_amount/subtract: 기업부설연구소 또는 연구개발전담부서를 보유한 중소기업 ☞ 중소기업 연구인력 현장맞춤형 양성지원 연구개발비 기업당 최대 1,720만원/년 지원 - (level 1) 중소기업-연구인력 매칭 연계 지원 - (level 2) 예비연구자 양성과정 : R&D 프로젝트 발굴 - (lev || 130.0만원/subsidy/subtract: (지원내용) 漠杳 ◦ (level 1) 중소기업-연구인력 매칭: 연구인력 혁신센터는 중소기업 및 연구인력을 모니터링 하고 중소기업과 연구인력간 매칭 프로그램 운영 ◦ (level 2) 예비연구자 양성과정: 예비연구자(학사/석사/박사 학위예정자)에 대한 R&D인턴 업무 수행 및 R&D 프로젝트 발굴 필수 氠瑢 구분 (학위취 || 1000.0만원/subsidy/subtract: Level2 의 경우 타 지원사업 참여 금지 ◦ (level 3) 신진연구자 양성과정: 인턴과정(level2)을 수료한 후 기업에 정규직으로 취업한 연구자의 R&D프로젝트 수행 지원을 통한 전문연구역량 향상 氠瑢 구분 정부지원금 지원기간 비고 자유공모 10백만원~12백만원 4~6개월 연구인력 정규직 채용 필수 평가에 따라 || 1200.0만원/subsidy/subtract: Level2 의 경우 타 지원사업 참여 금지 ◦ (level 3) 신진연구자 양성과정: 인턴과정(level2)을 수료한 후 기업에 정규직으로 취업한 연구자의 R&D프로젝트 수행 지원을 통한 전문연구역량 향상 氠瑢 구분 정부지원금 지원기간 비고 자유공모 10백만원~12백만원 4~6개월 연구인력 정규직 채용 필수 평가에 따라 || 1720.0만원/subsidy/subtract: 최대 3년간 기준 연봉의 50% 이내 지원 ◦ (지원조건) 2025년부터 적용 氠瑢 구분 정부지원 연구개발비 지원한도 정부출연금 비율 지원방식 중소기업 연구인력 현장맞춤형 양성지원 기업당 최대 1,720만원/년 100%이내 자유공모 라",unknown:160.0 | unknown:190.0,safe,clear_selected_candidate,https://www.bizinfo.go.kr/sii/siia/selectSIIA200Detail.do?pblancId=PBLN_000000000119201
PBLN_000000000119206,[충남] 아산시 2026년 해외마케팅 지원사업 참가기업 모집 공고,충청남도,amount_update_ready,11,3,8,400.0,400.0,support_amount,subtract,,확정,400.0만원/support_amount/subtract: 기업ㆍ제품 홍보영상 등 동영상 제작비 지원(기업당 400만원 한도) 사업신청 방법 이메일 접수 (lnk128@korea || 10000.0만원/subsidy/subtract: 부정한 방법으로 지방보조금을 교부받은 지방보조사업자 등에 대한 벌칙 ­ 거짓 신청이나 그 밖의 부정한 방법으로 지방보조금을 교부받은 자와 그 사실을 알면서 지방보조금을 교부한 자는 10년 이하의 징역 또는 1억원 이하 벌금 부과 (법 제37조) ­ 법령 || 5000.0만원/subsidy/subtract: 지방보조금 교부결정 내용 등에 위반하여 다른 용도 사용한 경우 5년 이하의 징역 또는 5천만원 이하의 벌금 부과,unknown:5000.0 | unknown:2000.0 | unknown:1000.0 | project_budget:2800.0 | total_project_cost:400.0 | unknown:10000.0 | project_budget:2800.0 | total_project_cost:400.0,needs_review,subtract_without_limit_context | large_amount_delta,https://www.bizinfo.go.kr/sii/siia/selectSIIA200Detail.do?pblancId=PBLN_000000000119206
PBLN_000000000119212,[제주] 2026년 청정임산물 생산기반 지원사업 재공고,제주특별자치도,json_only_review,13,5,8,,,unknown,review,0.5,후보 검수 필요,"1080.9만원/subsidy/subtract: ☞ 공고일 현재 제주특별자치도에 주소를 두고 있는「임업 및 산촌 진흥촉진에 관한 법률 시행규칙」 제7조제1항「별표2」“임산물소득원의 지원 대상품목”을 재배하고 있는 생산자(임업인) 또는 생산자단체와 임산물의 선별ㆍ가공ㆍ유통ㆍ상품화를 하고자 하는 생산자 또는 생산자단체 ☞ 임산물 재배ㆍ생산 기계ㆍ장비 지원(1인 1대 보조금 || 2161.8만원/total_support_scale/review: 보조금 지원개요 氠瑢 사 업 명 지원규모 보조율 사업기간 사업내용 청정 임산물 생산기반지원사업 21,618천원 범위내 50% ‘25 || 1080.9만원/subsidy/subtract: 장비 지원 (1인 1대 보조금 10,809천원 범위내) || 2000.0만원/subsidy/subtract: 지방보조금 교부결정 내용 등에 위반하여 다른 용도 사용한 경우 3년이하의 징역 또는 2천만원 이하의 벌금이 부과됩니다 || None만원/support_ratio/ratio_cap: [제주] 2026년 청정임산물 생산기반 지원사업 재공고 제주특별자치도 기업마당>정책정보>지원사업 공고 기업마당 본문 바로가기 주메뉴 바로가기 기업마당 > 정책정보 > 지원사업 공고 메뉴열기 로그인 정책정보 정책정보 지원사업 공고 품목별 법정의무 인증제도 행사정보 정책뉴스 입법·행정예고/고시 월간 중기누리 활용정보 활용정보",unknown:3000.0 | unknown:63.0 | unknown:1000.0 | unknown:1000.0 | self_funding:50.0 | unknown:63.0 | unknown:1000.0 | unknown:1000.0,needs_review,subtract_without_limit_context,https://www.bizinfo.go.kr/sii/siia/selectSIIA200Detail.do?pblancId=PBLN_000000000119212
PBLN_000000000119234,2026년 안전관리 우수연구실 인증제 시행 공고,과학기술정보통신부,no_support_candidate,0,0,0,,,unknown,review,,후보 없음,,,needs_review,candidate_missing,https://www.bizinfo.go.kr/sii/siia/selectSIIA200Detail.do?pblancId=PBLN_000000000119234
PBLN_000000000119235,[부산] 2026년 AI실증지원센터 고성능 컴퓨터(HPC) 이용 지원사업 모집 공고,부산광역시,no_support_candidate,0,0,0,,,unknown,review,,후보 없음,,,needs_review,candidate_missing,https://www.bizinfo.go.kr/sii/siia/selectSIIA200Detail.do?pblancId=PBLN_000000000119235
PBLN_000000000119272,2026년 유니버설디자인리빙랩 제품 사용성조사 장비 공동활용 지원안내 공고 ,인천광역시,no_support_candidate,0,0,0,,,unknown,review,,후보 없음,,,needs_review,candidate_missing,https://www.bizinfo.go.kr/sii/siia/selectSIIA200Detail.do?pblancId=PBLN_000000000119272
PBLN_000000000119321,[세종] 2026년 수출보증보험료 지원 사업 참가기업 모집 공고,세종특별자치시,amount_update_ready,4,3,1,200.0,200.0,support_amount,subtract,1.0,확정,"200.0만원/support_amount/subtract: 지원한도:업체당연간200만원 * 단체보험의경우 || 250.0만원/guarantee/exclude: 세종특별자치시지역뉴딜사업중스마트공장보급·확산사업`20년도이후도입기업의경우, 기업별250만원이내지원○지원방식:면제및환급 1)면제:보험료총액중지원보증보험료를면제후수출업체가차액 || None만원/support_ratio/ratio_cap: [세종] 2026년 수출보증보험료 지원 사업 참가기업 모집 공고 세종특별자치시 기업마당>정책정보>지원사업 공고 기업마당 본문 바로가기 주메뉴 바로가기 기업마당 > 정책정보 > 지원사업 공고 메뉴열기 로그인 정책정보 정책정보 지원사업 공고 품목별 법정의무 인증제도 행사정보 정책뉴스 입법·행정예고/고시 월간 중기누리 활용정보",total_project_cost:2800.0,safe,clear_selected_candidate,https://www.bizinfo.go.kr/sii/siia/selectSIIA200Detail.do?pblancId=PBLN_000000000119321
PBLN_000000000119454,[경기] 평택시 2026년 국내외 지식재산 권리화 지원사업 모집 공고,경기도,amount_update_ready,4,3,1,150.0,150.0,support_amount,subtract,0.8,확정,"150.0만원/support_amount/subtract: PCT 소요 비용 지원 분야지원내용규모지원한도비율지원내용국내 출원국내 특허20개사150만원/건80%° 변리사 수임료(VAT 제외) (출원료 || 300.0만원/total_support_scale/review: 디자인 해외출원국내 특허3개사300만원/건실용신안합계23개사- - - - 2 - 02모집내용 및 지원조건 □ 추진시기 : 연중 수시 모집 (예산 소진 시까지) □ 지원규모 : 최대 || 0.0만원/total_support_scale/review: □ 추진시기 : 연중 수시 모집 (예산 소진 시까지) □ 지원규모 : 최대 39,0000천원 이내 / 총 23개사 ※지원금및지원건수는예산범위내변동될수있음 □ 지원절차① 모집",project_budget:4500.0,needs_review,large_amount_delta,https://www.bizinfo.go.kr/sii/siia/selectSIIA200Detail.do?pblancId=PBLN_000000000119454
PBLN_000000000119457,[경기] 평택시 2026년 장비 활용 지원사업 기업 모집 공고,경기도,json_only_review,4,3,1,,,unknown,review,0.2,후보 검수 필요,"400.0만원/equipment_usage_fee/recommend_only: 관내 지사만 소재한 경우는 지원 불가 - 「중소기업 기본법」 제2조(중소기업자의 범위)에 의한 중소기업 ☞ 기술개발 및 품질 향상을 위한 연구장비 활용 비용 지원 - 기업당 지원한도 4,000천원 이내 지원 사업신청 방법 온라인 접수 (기업지원사업신청) 사업신청 사이트 온라인신청 바로가기 문의처 평택산업진흥원 기업지원팀 || 2000.0만원/total_support_scale/review: 진흥원 → 기업02지원규모 및 지원내용 □ 지원규모 : 총 5개사 내외 / 최대 20,000천원 이내(※ 기업부담금 별도) 구분지원분야지원한도(기업당)지원규모지원금(%)기업부담 || 400.0만원/total_support_scale/review: 기업부담금 별도) 구분지원분야지원한도(기업당)지원규모지원금(%)기업부담금(%)장비 활용장비 사용료4,000천원 이내5개사 내외80%20%",unknown:80.0,needs_review,selected_candidate_missing,https://www.bizinfo.go.kr/sii/siia/selectSIIA200Detail.do?pblancId=PBLN_000000000119457
PBLN_000000000119515,2026년 M&A 활성화 지원사업 공고,중소벤처기업부,amount_update_ready,16,16,0,3000.0,3000.0,support_amount,subtract,0.5,확정,"91700.0만원/non_cash/recommend_only: 2026년3월13일중소벤처기업부장관1사업개요□(운영기관)한국벤처캐피탈협회(M&A지원센터)□(시기)2026년3월13일부터연중수시□(대상)M&A희망중소‧ 벤처기업및M&A활성화지원사업등록자문기관등□(예산)917백만원□(지원내용)M&A비용지원 || 4000000.0만원/guarantee/exclude: 평균매출액(3년)400억원이하인매도희망중소기업중M&A정보망에등록된지원센터및자문기관또는기술보증기금M&A파트너스와M&A자문계약을체결한기업*평가기관에별도의제한을두지않음◦(지원 || 1500.0만원/guarantee/exclude: 평균매출액(3년)400억원이하인매도희망중소기업중M&A정보망에등록된지원센터및자문기관또는기술보증기금M&A파트너스와M&A자문계약을체결한기업*평가기관에별도의제한을두지않음◦(지원내용)M&A매도거래추진시필요한기업가치평가에소요된수수료의40%를최대1,500만원한도내에서지원-단 || 2000.0만원/fee/review: 「벤처기업육성에관한특별법」제2조에따른벤처기업인경우소요된수수료의60%를최대2,000만원한도내에서지원◦(신청방법)M&A기업가치평가비용지원신청서(붙임1)및신청서내첨부서류를준비하여신청기업이직접이메일접수(mna@kvca || 3000.0만원/support_amount/subtract: 세무에대한통합실사일경우기업당최대3,000만원한도내에서기업실사소요비용의50%를지원-법률 || 1000.0만원/non_cash/recommend_only: 세무에대한개별실사일경우기업당최대1,000만원한도내에서기업실사소요비용의50%를지원◦(신청방법)M&A기업실사비용지원신청서(붙임2)및신청서내첨부서류를준비하여자문기관이직접이메일접수(mna@kvc || ... 후보 10개 추가",,safe,clear_selected_candidate,https://www.bizinfo.go.kr/sii/siia/selectSIIA200Detail.do?pblancId=PBLN_000000000119515
PBLN_000000000119518,[전북] 2026년 에너지산업융복합단지 공동연구장비 활용 및 컨설팅 지원 수혜기업 모집 공고,전북특별자치도,json_only_review,5,5,0,,,unknown,review,1.0,후보 검수 필요,"250.0만원/equipment_usage_fee/recommend_only: ☞ 새만금 에너지산업융복합단지 내 에너지 관련 기업 - 본사업을 통해 旣지원받은 횟수가 2회 미만인 기업(0~1회 旣지원 받은 기업 가능/2회 旣지원 받은 기업 불가능) ☞ 공동연구장비 활용(건당 250만원 이내) 및 애로기술 컨설팅(기업당 최대 200만원 이내) 지원 - 전북테크노파크 보유 장비 대상 공동연구장비 활용 || 200.0만원/equipment_usage_fee/recommend_only: ☞ 새만금 에너지산업융복합단지 내 에너지 관련 기업 - 본사업을 통해 旣지원받은 횟수가 2회 미만인 기업(0~1회 旣지원 받은 기업 가능/2회 旣지원 받은 기업 불가능) ☞ 공동연구장비 활용(건당 250만원 이내) 및 애로기술 컨설팅(기업당 최대 200만원 이내) 지원 - 전북테크노파크 보유 장비 대상 공동연구장비 활용 || 250.0만원/equipment_usage_fee/recommend_only: 예산 소진시 지원 조기마감 ◦ (지원규모) 氠瑢 지원항목 지원내용 비고 공동연구장비 활용 지원 전북TP 보유 장비사용에 대한 무상 지원 (장비사용에 대한 소모성 재료 필요시 건당 250만원 이내 지원/부가세 포함) 붙임2 || 200.0만원/equipment_usage_fee/recommend_only: 전북TP 지원 장비리스트 참고 애로기술 컨설팅 기업당 최대 200만원 이내 (전문가 컨설팅 최대 10회 || 20.0만원/consulting_fee/recommend_only: 애로기술 컨설팅 기업당 최대 200만원 이내 (전문가 컨설팅 최대 10회, 회당 20만원) *기술, 마케팅, 경영, 특허 등 에너지 연관 분야 애로사항에 대한 컨설팅 -",,needs_review,selected_candidate_missing,https://www.bizinfo.go.kr/sii/siia/selectSIIA200Detail.do?pblancId=PBLN_000000000119518
PBLN_000000000119584,2026년 광주테크노파크 공동활용 연구시설ㆍ장비 사용 안내 공고,전남광주통합특별시,no_support_candidate,0,0,0,,,unknown,review,,후보 없음,,,needs_review,candidate_missing,https://www.bizinfo.go.kr/sii/siia/selectSIIA200Detail.do?pblancId=PBLN_000000000119584
PBLN_000000000119686,[경기] 2026년 베이비부머 라이트잡 모집 공고,경기도,amount_update_ready,5,1,4,40.0,40.0,support_amount,subtract,,확정,40.0만원/support_amount/subtract: 근로자의 해당 월 급여가 지원금액인 40만 원 이하일 경우에만 일할 계산하여 지급합니다,unknown:40.0 | unknown:40.0 | unknown:130.03 | unknown:40.0,safe,clear_selected_candidate,https://www.bizinfo.go.kr/sii/siia/selectSIIA200Detail.do?pblancId=PBLN_000000000119686
PBLN_000000000119693,[경기] 2026년 중소기업 R&D 기획ㆍ컨설팅 사업 모집 공고,경기도,amount_update_ready,12,4,8,10000.0,10000.0,support_amount,subtract,,확정,10000.0만원/support_amount/subtract: 스마트공장 관련 분야 사업은 지급 불가 사업비지원금액(최대) 비고1억 초과400만원기업 자부담 10% 포함(100만원 지급 시 산융원 90만원 || 400.0만원/support_amount/subtract: 스마트공장 관련 분야 사업은 지급 불가 사업비지원금액(최대) 비고1억 초과400만원기업 자부담 10% 포함(100만원 지급 시 산융원 90만원 || 100.0만원/support_amount/subtract: 스마트공장 관련 분야 사업은 지급 불가 사업비지원금액(최대) 비고1억 초과400만원기업 자부담 10% 포함(100만원 지급 시 산융원 90만원 || 90.0만원/support_amount/subtract: 스마트공장 관련 분야 사업은 지급 불가 사업비지원금액(최대) 비고1억 초과400만원기업 자부담 10% 포함(100만원 지급 시 산융원 90만원,self_funding:100.0 | self_funding:400.0 | unknown:10.0 | unknown:3000.0 | unknown:10000.0 | unknown:200.0 | unknown:3000.0 | unknown:100.0,safe,clear_selected_candidate,https://www.bizinfo.go.kr/sii/siia/selectSIIA200Detail.do?pblancId=PBLN_000000000119693
PBLN_000000000119727,[부산] 2026년 중소기업 빅데이터 분석 활용 지원사업 참가기업 모집 공고,부산광역시,json_only_review,1,1,0,,,unknown,review,,후보 검수 필요,500.0만원/consulting_fee/recommend_only: 최대 500만원) 지원 및 사전 컨설팅,,needs_review,selected_candidate_missing,https://www.bizinfo.go.kr/sii/siia/selectSIIA200Detail.do?pblancId=PBLN_000000000119727
PBLN_000000000119733,[울산] 울주군 2026년 강소기업 육성 기술 혁신 지원사업 시행 공고,울산광역시,json_only_review,12,7,5,,,unknown,review,,후보 검수 필요,"200.0만원/non_cash/recommend_only: 2,000천원 한도 원 지식재산권(A) 원 국내인증(B) 원 || 200.0만원/non_cash/recommend_only: 국내 인증 획득 시험 및 등록비용* 2백만원 23 자부담 10% ② 혁신기술 사업화 기술가치평가 || 1000.0만원/support_amount/subtract: 기술평가 전문기관 연계 지원 10백만원 최대 5백만원 15 특허 선행기술조사 || 500.0만원/support_amount/subtract: 기술평가 전문기관 연계 지원 10백만원 최대 5백만원 15 특허 선행기술조사 || 1000.0만원/consulting_fee/recommend_only: 전시용 샘플 제작(양산품 제외) 최대 10백만원 ③혁신성장 컨설팅 || 500.0만원/consulting_fee/recommend_only: 대기업 협력사 인증 품질경영 컨설팅 비용 지원 5백만원 2 총 지원 건수 40 *제품 및 기술 인증 : KS || ... 후보 1개 추가",unknown:300.0 | revenue_condition:400000.0 | revenue_condition:300000.0 | revenue_condition:200000.0 | revenue_condition:100000.0,safe,clear_selected_candidate,https://www.bizinfo.go.kr/sii/siia/selectSIIA200Detail.do?pblancId=PBLN_000000000119733
PBLN_000000000119762,2026년 일터혁신 상생컨설팅 지원사업 기업 모집 공고,고용노동부,no_support_candidate,0,0,0,,,unknown,review,,후보 없음,,,needs_review,candidate_missing,https://www.bizinfo.go.kr/sii/siia/selectSIIA200Detail.do?pblancId=PBLN_000000000119762
PBLN_000000000119764,2026년 중소기업 기술혁신 지원사업(KOSBIR) 통합 공고,중소벤처기업부,json_only_review,32,14,18,,,unknown,review,,후보 검수 필요,1890000.0만원/total_support_scale/review: 운영 및 공동성과 창출 □ 지원규모(‘26년) : 189억원 (신규 22 || 225000.0만원/total_support_scale/review: 운영 및 공동성과 창출 □ 지원규모(‘26년) : 189억원 (신규 22.5억원 || 840000.0만원/total_support_scale/review: 지자체가 주도하여 재난안전 현안을 발굴하고 문제해결을 위한 맞춤형 연구개발 지원 □ 지원규모(‘26년) : 84억원 (신규 24억원 || 240000.0만원/total_support_scale/review: 지자체가 주도하여 재난안전 현안을 발굴하고 문제해결을 위한 맞춤형 연구개발 지원 □ 지원규모(‘26년) : 84억원 (신규 24억원 || 8320000.0만원/total_support_scale/review: 인문 사회 융합콘텐츠 등 콘텐츠 및 서비스 융합 기반의 연구개발 추진 □ 지원규모(‘26년) : 832억원 □ 지원대상 : 문화산업 분야의 기술개발이 가능한 기업․기관 등 (컨소시엄 가능) □ 지원분야 : 문화산업 의 기획 || 927500.0만원/total_support_scale/review: K-Culture 글로벌 스타트업 육성 기술 개발 □ 사업개요 ◦ 글로벌 진출을 목표로 하는 문화기술 (CT) 분야 스타트업 기업의 기술개발 (R&D) 지원을 통해 K-Culture 유니콘 기업 육성 지원 □ 지원규모(‘26년) : 92.75억원 □ 지원대상 : 민간 투자를 받았거나 투자 유치 예정인 문화콘텐츠 분야의 기 || ... 후보 8개 추가,unknown:50000.0 | unknown:90000.0 | unknown:600000.0 | unknown:160000.0 | unknown:150000.0 | unknown:230000.0 | unknown:200000.0 | unknown:50000.0,needs_review,selected_candidate_missing,https://www.bizinfo.go.kr/sii/siia/selectSIIA200Detail.do?pblancId=PBLN_000000000119764
PBLN_000000000119822,[경북] 구미시 2026년 시제품제작센터 수혜기업 모집 공고,경상북도,amount_update_ready,4,3,1,600.0,600.0,support_amount,subtract,0.7,확정,300.0만원/support_amount/subtract: 시제품 측정(300만원/연) 지원(기업당 최대 600만원/연) - 각종 가공기를 활용한 모형 || 600.0만원/support_amount/subtract: 시제품 측정(300만원/연) 지원(기업당 최대 600만원/연) - 각종 가공기를 활용한 모형 || 600.0만원/support_amount/subtract: 총 소요비용의 최대 70%까지 지원(기업 당 최대 한도 600만원) 2026년 구미시 시제품제작센터 시제품 제작지원에 의해 완료된 결과에 대해 보고서를 제출합니다,unknown:600.0,safe,clear_selected_candidate,https://www.bizinfo.go.kr/sii/siia/selectSIIA200Detail.do?pblancId=PBLN_000000000119822
PBLN_000000000119836,[전남광주] 2026년 상반기 구조고도화자금 지원 계획 공고,전남광주통합특별시,json_only_review,9,6,3,,,unknown,review,0.1,후보 검수 필요,"100000.0만원/support_amount/subtract: , 경영안정사업) 지원 - 창업지원사업(3년 거치, 5년 균분상환 / 지원 한도 10억원 / 시설자금) - 경쟁력강화사업(3년 거치, 5년 균분상환 / 지원 한도 10억 || 100000.0만원/support_amount/subtract: 0억원 / 시설자금) - 경쟁력강화사업(3년 거치, 5년 균분상환 / 지원 한도 10억원 / 시설자금) - 경영안정화사업(1년 거치, 2년 균분상환 / 지원 한도 3억원 || 30000.0만원/loan/exclude: 0억원 / 시설자금) - 경영안정화사업(1년 거치, 2년 균분상환 / 지원 한도 3억원 / 운전자금) 사업신청 방법 온라인 접수 (기금융자관리시스템) 사업신청 사이트 || 1000000.0만원/support_amount/subtract: 하반기 100억원 예정 ❍ 지원 내용 사 업 명지원 용도지원 한도상환 조건비 고창업지원사업(업력: 7년 이내)공장부지 매입 || 1000000.0만원/support_amount/subtract: 지자체 정책자금 지원금액 100억원 초과 업체 - 운전자금(1년 거치 2년 균분상환)의 경우 || None만원/support_ratio/ratio_cap: [전남광주] 2026년 상반기 구조고도화자금 지원 계획 공고 전남광주통합특별시 기업마당>정책정보>지원사업 공고 기업마당 본문 바로가기 주메뉴 바로가기 기업마당 > 정책정보 > 지원사업 공고 메뉴열기 로그인 정책정보 정책정보 지원사업 공고 품목별 법정의무 인증제도 행사정보 정책뉴스 입법·행정예고/고시 월간 중기누리 활용정보",unknown:3000000.0 | unknown:100000.0 | unknown:30000.0,needs_review,large_amount_delta,https://www.bizinfo.go.kr/sii/siia/selectSIIA200Detail.do?pblancId=PBLN_000000000119836
PBLN_000000000119851,[경북] 안동시 2026년 로케이션 제작지원 사업 공고,경상북도,json_only_review,7,2,5,,,unknown,review,0.6,후보 검수 필요,"19370.0만원/total_support_scale/review: 극장 등)에 방영 예정인 작품 - 해외영상물경우 한국프로덕션 서비스업체 통해 신청 ❍ 지원규모 : 193,700천원 || None만원/support_ratio/ratio_cap: [경북] 안동시 2026년 로케이션 제작지원 사업 공고 경상북도 기업마당>정책정보>지원사업 공고 기업마당 본문 바로가기 주메뉴 바로가기 기업마당 > 정책정보 > 지원사업 공고 메뉴열기 로그인 정책정보 정책정보 지원사업 공고 품목별 법정의무 인증제도 행사정보 정책뉴스 입법·행정예고/고시 월간 중기누리 활용정보 활용정보 기업",unknown:5000.0 | unknown:100000.0 | unknown:2000.0 | unknown:5000.0 | unknown:10.0,needs_review,selected_candidate_missing,https://www.bizinfo.go.kr/sii/siia/selectSIIA200Detail.do?pblancId=PBLN_000000000119851
PBLN_000000000119852,[경북] 2026년 로케이션 제작지원 사업 공고,경상북도,json_only_review,7,2,5,,,unknown,review,0.7,후보 검수 필요,"9080.0만원/total_support_scale/review: 극장 등)에 방영 예정인 작품 - 해외영상물경우 한국프로덕션 서비스업체 통해 신청 ❍ 지원규모 : 90,800천원 || None만원/support_ratio/ratio_cap: [경북] 2026년 로케이션 제작지원 사업 공고 경상북도 기업마당>정책정보>지원사업 공고 기업마당 본문 바로가기 주메뉴 바로가기 기업마당 > 정책정보 > 지원사업 공고 메뉴열기 로그인 정책정보 정책정보 지원사업 공고 품목별 법정의무 인증제도 행사정보 정책뉴스 입법·행정예고/고시 월간 중기누리 활용정보 활용정보 기업업무용",unknown:7000.0 | unknown:100000.0 | unknown:3000.0 | unknown:7000.0 | unknown:10.0,needs_review,selected_candidate_missing,https://www.bizinfo.go.kr/sii/siia/selectSIIA200Detail.do?pblancId=PBLN_000000000119852
PBLN_000000000119881,[제주] 2026년 어업활동지원 사업 대상자 모집 공고,제주특별자치도,json_only_review,2,2,0,,,unknown,review,0.2,후보 검수 필요,"1440.0만원/education_fee/recommend_only: 교육일에 한해 지원 2) 지원한도 (1) 사 업 비 : 14,400천원(국고 9 || None만원/support_ratio/ratio_cap: [제주] 2026년 어업활동지원 사업 대상자 모집 공고 제주특별자치도 기업마당>정책정보>지원사업 공고 기업마당 본문 바로가기 주메뉴 바로가기 기업마당 > 정책정보 > 지원사업 공고 메뉴열기 로그인 정책정보 정책정보 지원사업 공고 품목별 법정의무 인증제도 행사정보 정책뉴스 입법·행정예고/고시 월간 중기누리 활용정보 활용정보",,needs_review,selected_candidate_missing,https://www.bizinfo.go.kr/sii/siia/selectSIIA200Detail.do?pblancId=PBLN_000000000119881
PBLN_000000000119904,[충북] 2026년 산업체 방사광가속기 활용 역량강화사업 산업체 방사광가속기 활용 프로그램 참여기업 모집 공고,충청북도,support_ratio_ready,1,1,0,,,support_ratio,ratio_cap,1.0,비율 확인,None만원/support_ratio/ratio_cap: [충북] 2026년 산업체 방사광가속기 활용 역량강화사업 산업체 방사광가속기 활용 프로그램 참여기업 모집 공고 충청북도 기업마당>정책정보>지원사업 공고 기업마당 본문 바로가기 주메뉴 바로가기 기업마당 > 정책정보 > 지원사업 공고 메뉴열기 로그인 정책정보 정책정보 지원사업 공고 품목별 법정의무 인증제도 행사정보 정책뉴스,,needs_review,selected_candidate_missing,https://www.bizinfo.go.kr/sii/siia/selectSIIA200Detail.do?pblancId=PBLN_000000000119904
PBLN_000000000119910,2026년 정보보호제품 신속확인 신규 제품 수수료  지원 사업 안내 공고,과학기술정보통신부,amount_update_ready,4,3,1,1000.0,1000.0,support_amount,subtract,,확정,"1000.0만원/fee/review: ☞ ’26년 정보보호제품 신속확인서를 취득한 국내 정보보호 제품 개발 기업 - 중소기업(「중소기업기본법」제2조) - 국내 기업의 국산 제품 - 사업기간 內 신속확인서 발급 또는 심의 통과한 제품 ☞ 신속확인 보안점검 수수료의 최대 75%(제품당 최대 10백만원) 지원 사업신청 방법 이메일 접수 (fasttrack@kisa || 1000.0만원/support_amount/subtract: (지원사항) 신속확인 보안점검 수수료의 최대 75%*(제품당 최대 10백만원) * 점검기관-신청기업 간 신속확인 관련 계약서에 명시된 보안점검 수수료를 기준으로 지원금액을 산정(부가가치세 제외)하며 || 1000.0만원/fee/review: / 10,000,000원 기능시험 소요기간 및 수수료: 3일",unknown:300.0,safe,clear_selected_candidate,https://www.bizinfo.go.kr/sii/siia/selectSIIA200Detail.do?pblancId=PBLN_000000000119910
PBLN_000000000119953,[부산] 제조산업 산업전환을 통한 혁신성장 지원 사업 참여 기업 모집 공고,부산광역시,amount_update_ready,18,16,2,4000.0,4000.0,support_amount,subtract,,확정,1000.0만원/support_amount/subtract: 지원 자격의 사업장 기준 참고) - 사업자등록증상 부산시에 소재한 5인 이상 중소ㆍ중견기업 - 공고일 이후(공고일 포함) 요건에 부합하는 근로자를 채용하였거나 채용 예정인 기업 ☞ 산업 전환 도입 후 신규 채용 시 1인당 1천만원 지원 (기업별 최대 4천만원) 사업신청 방법 이메일 접수 (car@bsef || 4000.0만원/support_amount/subtract: 지원 자격의 사업장 기준 참고) - 사업자등록증상 부산시에 소재한 5인 이상 중소ㆍ중견기업 - 공고일 이후(공고일 포함) 요건에 부합하는 근로자를 채용하였거나 채용 예정인 기업 ☞ 산업 전환 도입 후 신규 채용 시 1인당 1천만원 지원 (기업별 최대 4천만원) 사업신청 방법 이메일 접수 (car@bsef || 1000.0만원/support_amount/subtract: 일자리 창출 40명 (기업당 최대 4명) - 신규 채용 1인당 1천만원 지원 (기업별 최대 4천만원) ❍ 지원조건 : 신규 고용 창출 - 공고일 이후 채용된 기간의 정함이 없는 정규직 근로자 (최저임금 이상 || 4000.0만원/support_amount/subtract: 일자리 창출 40명 (기업당 최대 4명) - 신규 채용 1인당 1천만원 지원 (기업별 최대 4천만원) ❍ 지원조건 : 신규 고용 창출 - 공고일 이후 채용된 기간의 정함이 없는 정규직 근로자 (최저임금 이상 || 1000.0만원/support_amount/subtract: 이후 취업한 계약직 근로자가 사업공고일 이후 정규직으로 전환된 경우 정규직 전환 시점부터 지원대상으로 인정 ❍ 지원내용 : 기업의 산업전환 및 신규 채용 시 1인당 1천만원 지원 ❍ 지원금 지급 : 대상 기업 비용 일체 선 집행 || 1000.0만원/support_amount/subtract: 해외 OEM) 진입 기반 확보 * 산업전환 도입 후 신규채용 1인당 최대 1천만원 지원 (1개사 최대 4천만원) ❍ 지원 프로세스 氠瑢 사업신청 신청서 작성 및 제출 ￭ (수행기관) 사업 홍보 ￭ (업체) 신청서 및 자료 제 || ... 후보 10개 추가,unknown:1000.0 | unknown:1000.0,safe,clear_selected_candidate,https://www.bizinfo.go.kr/sii/siia/selectSIIA200Detail.do?pblancId=PBLN_000000000119953
PBLN_000000000119957,[부산] 기계ㆍ부품ㆍ철강산업 숙련기술자 고용안정 지원사업 참여 기업 및 참여자 모집 공고,부산광역시,amount_update_ready,14,7,7,2250.0,2250.0,support_amount,subtract,,확정,"750.0만원/consulting_fee/recommend_only: 공인노무사 등 외부전문가를 통한 ‘부산 제조업 고용안정 컨설팅’ 지원 및 구조조정 최소화를 위한 ‘고용안정 자율 협약’ 체결 ❍ 부산 제조업 분야 기업 대상 숙련기술자 신규 채용 시 1인당 최대 750만원 지원 및 숙련기술자 근속 인센티브 1인당 100만원 지원 氠瑢 지원부문 지원대상 지원내용 고용안정 컨설팅 기업 - 인 || 100.0만원/consulting_fee/recommend_only: 공인노무사 등 외부전문가를 통한 ‘부산 제조업 고용안정 컨설팅’ 지원 및 구조조정 최소화를 위한 ‘고용안정 자율 협약’ 체결 ❍ 부산 제조업 분야 기업 대상 숙련기술자 신규 채용 시 1인당 최대 750만원 지원 및 숙련기술자 근속 인센티브 1인당 100만원 지원 氠瑢 지원부문 지원대상 지원내용 고용안정 컨설팅 기업 - 인 || 100.0만원/support_amount/subtract: 6개월 2차 지급) 1개사당 최대 3명 지원 숙련기술자 근속 인센티브 근로자 - 신규 숙련기술자가 3개월 근속 시 근로자에게 1인당 100만원 인센티브 지급 ❍ 지원 프로세스 氠瑢 사업신청 신청서 작성 및 제출 ￭ (수행기관) 사업 홍보 ￭ (기업) 신청서 및 자료 제출 ▼ 대상선정 || 2250.0만원/support_amount/subtract: kr) – 지원사업 공고 ❍ 지원조건 : 수혜기업의 일자리창출(채용약정) 및 환수 조치에 동의한 기업 - 1개사 최대 2,250만원(채용약정 3명) || 750.0만원/support_amount/subtract: 제2조(지원내용) ① 참여를 승인받은 기업에 승인 한도 내에서 신규로 채용자의 근속 유지시 1인당 최대 750만원을 지급하며 || 2250.0만원/support_amount/subtract: 기업당 최대 3명(2,250만원)을 지원한다 || ... 후보 1개 추가",unknown:750.0 | unknown:100.0 | unknown:750.0 | unknown:100.0 | unknown:750.0 | unknown:750.0 | unknown:100.0,needs_review,large_amount_delta,https://www.bizinfo.go.kr/sii/siia/selectSIIA200Detail.do?pblancId=PBLN_000000000119957
PBLN_000000000119976,2026년 해양 연구 시설ㆍ장비 사용료 지원사업 모집 공고,해양수산부,support_ratio_ready,1,1,0,,,support_ratio,ratio_cap,1.0,비율 확인,None만원/support_ratio/ratio_cap: 2026년 해양 연구 시설ㆍ장비 사용료 지원사업 모집 공고 해양수산부 기업마당>정책정보>지원사업 공고 기업마당 본문 바로가기 주메뉴 바로가기 기업마당 > 정책정보 > 지원사업 공고 메뉴열기 로그인 정책정보 정책정보 지원사업 공고 품목별 법정의무 인증제도 행사정보 정책뉴스 입법·행정예고/고시 월간 중기누리 활용정보 활용정보,,needs_review,selected_candidate_missing,https://www.bizinfo.go.kr/sii/siia/selectSIIA200Detail.do?pblancId=PBLN_000000000119976
PBLN_000000000119978,[경북] 2026년 OK FTA 컨설팅 지원사업 모집 공고(경북FTA통상진흥센터),경상북도,json_only_review,5,4,1,,,unknown,review,,후보 검수 필요,500000.0만원/consulting_fee/recommend_only: 신청기업 사항 ①기업명 ②대표자명 ③사업자등록번호 ④업종ㆍ업태 ⑤사업장 주소 본사 ( ) 컨설팅 희망장소 (택1) 공장 ( ) □ 본사 □ 공장 ⑥상호출자제한 기업집단 여부 (공정위 최근공고 확인) □ 해당 □ 해당 없음 ⑦전년도 매출액 원 ⑧상시 근로자수 명 ⑨컨설팅 비용부담 * 업체분담 비율 (2025년 매출액 기준) || 1000000.0만원/consulting_fee/recommend_only: 신청기업 사항 ①기업명 ②대표자명 ③사업자등록번호 ④업종ㆍ업태 ⑤사업장 주소 본사 ( ) 컨설팅 희망장소 (택1) 공장 ( ) □ 본사 □ 공장 ⑥상호출자제한 기업집단 여부 (공정위 최근공고 확인) □ 해당 □ 해당 없음 ⑦전년도 매출액 원 ⑧상시 근로자수 명 ⑨컨설팅 비용부담 * 업체분담 비율 (2025년 매출액 기준) || 5000000.0만원/consulting_fee/recommend_only: 신청기업 사항 ①기업명 ②대표자명 ③사업자등록번호 ④업종ㆍ업태 ⑤사업장 주소 본사 ( ) 컨설팅 희망장소 (택1) 공장 ( ) □ 본사 □ 공장 ⑥상호출자제한 기업집단 여부 (공정위 최근공고 확인) □ 해당 □ 해당 없음 ⑦전년도 매출액 원 ⑧상시 근로자수 명 ⑨컨설팅 비용부담 * 업체분담 비율 (2025년 매출액 기준) || 10000000.0만원/consulting_fee/recommend_only: 신청기업 사항 ①기업명 ②대표자명 ③사업자등록번호 ④업종ㆍ업태 ⑤사업장 주소 본사 ( ) 컨설팅 희망장소 (택1) 공장 ( ) □ 본사 □ 공장 ⑥상호출자제한 기업집단 여부 (공정위 최근공고 확인) □ 해당 □ 해당 없음 ⑦전년도 매출액 원 ⑧상시 근로자수 명 ⑨컨설팅 비용부담 * 업체분담 비율 (2025년 매출액 기준),unknown:15000000.0,needs_review,selected_candidate_missing,https://www.bizinfo.go.kr/sii/siia/selectSIIA200Detail.do?pblancId=PBLN_000000000119978
PBLN_000000000120006,[서울] 2026년 노동환경개선컨설팅 사업 대상 모집 공고,서울특별시,no_support_candidate,2,0,2,,,unknown,review,,후보 없음,,unknown:100000.0 | unknown:100000.0,needs_review,selected_candidate_missing,https://www.bizinfo.go.kr/sii/siia/selectSIIA200Detail.do?pblancId=PBLN_000000000120006
PBLN_000000000120012,[경기] 2026년 공동활용 연구장비 사용료 지원 기업 모집 공고,경기도,amount_update_ready,10,7,3,500.0,500.0,support_amount,subtract,0.2,확정,500.0만원/support_amount/subtract: 자세한 지원대상 공고문 참조 ☞ 도내 기업이 주관기관의 공동활용 연구장비(장비기반 기술서비스 포함) 사용 시 사용료 지원(기업당 최대 5백만원 지원) 사업신청 방법 온라인 접수 (경기도연구장비공동활용사업) 사업신청 사이트 온라인신청 바로가기 문의처 경기도경제과학진흥원 바이오기업지원팀 || 10000.0만원/total_support_scale/review: □ 수행기관 : (재)경기도경제과학진흥원 □ 지원규모 ㅇ 총 사업비 : 100백만원 ㅇ 지원기업 : 20개사 이상 ㅇ 지원금액 : 기업당 최대 5백만원 - 2 - 2 지 원 내 용 □ 지원대상 : 경기도 소재 스타트업 || 500.0만원/total_support_scale/review: □ 수행기관 : (재)경기도경제과학진흥원 □ 지원규모 ㅇ 총 사업비 : 100백만원 ㅇ 지원기업 : 20개사 이상 ㅇ 지원금액 : 기업당 최대 5백만원 - 2 - 2 지 원 내 용 □ 지원대상 : 경기도 소재 스타트업 || 500.0만원/support_amount/subtract: 기업당 최대 5백만원 한도구분지원비율자부담율창업 7년 미만 기업90%10%창업 7년 이상 기업70%30% □ 관세피해기업 우선지원 ㅇ 대미 관세피해 기업 대상 15 || 500.0만원/support_amount/subtract: kr) ‧ 사용료 지원 접수 : 적격검토 후 1차일괄지원/2차순차지원 ‧ 제출서류 : 신청서 및 관련 서류 등 ‧ 최대 5백만원 한도 내 지원(1회 한정 추가접수) ‧ 1차 경쟁모집 || 500.0만원/support_amount/subtract: 사용료 지원은 기업당 최대 5백만원 || ... 후보 1개 추가,total_project_cost:0.0 | project_budget:6000.0 | project_budget:4000.0,needs_review,large_amount_delta,https://www.bizinfo.go.kr/sii/siia/selectSIIA200Detail.do?pblancId=PBLN_000000000120012
PBLN_000000000120097,2026년 데이터 품질인증 지원사업 공고,과학기술정보통신부,amount_update_ready,43,29,14,1150.0,1150.0,support_amount,subtract,0.5,확정,"1150.0만원/non_cash/recommend_only: ☞ 데이터를 생산ㆍ유통ㆍ활용하는 중소 및 초기 중견기업 ☞ 데이터 품질인증기관이 수행하는 인증 비용을 최대 1,150만원(VAT 제외) 지원 || 19600.0만원/non_cash/recommend_only: 사업내용 ㅇ (사 업 명) 2026년 데이터 품질인증 지원사업 ㅇ (지원근거)「데이터 산업진흥 및 이용촉진에 관한 기본법」제20조 ㅇ (지원규모) 총 1.96억원 || 1150.0만원/support_amount/subtract: 중소 및 초기 중견기업 17개社(기업당 최대 1,150만원 지원) ㅇ (사업기간) 협약일로부터 2026년 12월 말까지 ㅇ (신청 || 1150.0만원/non_cash/recommend_only: (화) ~ 11월 말까지 신청 및 접수 가능 ㅇ (지원내용) 품질인증기관*이 수행하는 인증 비용을 최대 1,150만원(VAT 제외) 지원 || 1150.0만원/consulting_fee/recommend_only: 자체 데이터 품질개선 수행을 위한 품질진단 결과보고서 제공 * 「데이터산업법」 제20조에 따라 과학기술정보통신부장관이 지정한 인증기관 氠瑢 인증 대상 지원 건수 인증비용 총 사업비 정형 데이터 7개社 1,150만원 내외 (VAT 제외) 최대 1 || 1150.0만원/subsidy/subtract: 150만원 내외 (VAT 제외) 최대 1,150만원(정부지원금 50%) + 인건비 현물 50% 데이터 관리체계 비정형 데이터 10개社 || ... 후보 23개 추가",total_project_cost:1150.0 | total_project_cost:1150.0 | self_funding:1150.0 | self_funding:2300.0 | self_funding:1150.0 | self_funding:350.0 | self_funding:1500.0 | self_funding:1350.0,safe,clear_selected_candidate,https://www.bizinfo.go.kr/sii/siia/selectSIIA200Detail.do?pblancId=PBLN_000000000120097
PBLN_000000000120113,중소기업 전파 공동엔지니어링랩 운영지원 사업 공고,과학기술정보통신부,no_support_candidate,0,0,0,,,unknown,review,,후보 없음,,,needs_review,candidate_missing,https://www.bizinfo.go.kr/sii/siia/selectSIIA200Detail.do?pblancId=PBLN_000000000120113
PBLN_000000000120123,2026년 금융 테스트베드 참여기업 테스트비용 지원 공고,금융위원회,amount_update_ready,7,4,3,12000.0,12000.0,subsidy,subtract,1.0,확정,12000.0만원/subsidy/subtract: 종료일까지만 지원 □ (지원 금액)국고보조금 최대 1.2억 원 지원 ㅇ기업별 사업역량 || 670.0만원/support_amount/subtract: 근로(연봉)계약서 증빙 필수 ㅇ 세전 인건비를 기준으로 지원하며 인건비 중 4대 사회보험은 근로자 부담금만 지원하므로 사업자 부담금은 테스트비용 예산 계획서에 계상 불가 ㅇ 근로(연봉)계약서에 명시되지 않은 금액은 지원 불가 ㅇ 1인당 월 급여 신청 한도는 최대 670만 원으로 함 ㅇ 대표자 || 50.0만원/subsidy/subtract: 과업지시서 등을 기반으로 하는 외주 성격의 운영 비용 ㅇ 용역 계약 시 조달청 나라장터(G2B)를 통한 전자입찰 및 계약 체결이 원칙*이므로 관련 절차를 고려하여 예산 계획서 작성 * 「국고보조금 통합관리지침」 제21조(보조사업 관련 계약) ㅇ 계약명과 그 내용만으로 테스트 수행과 관련 있음을 명확히 알 수 있어야 함□ || None만원/support_ratio/ratio_cap: 2026년 금융 테스트베드 참여기업 테스트비용 지원 공고 금융위원회 기업마당>정책정보>지원사업 공고 기업마당 본문 바로가기 주메뉴 바로가기 기업마당 > 정책정보 > 지원사업 공고 메뉴열기 로그인 정책정보 정책정보 지원사업 공고 품목별 법정의무 인증제도 행사정보 정책뉴스 입법·행정예고/고시 월간 중기누리 활용정보 활용정보,unknown:15000.0 | unknown:0.0 | total_project_cost:15000.0,needs_review,large_amount_delta,https://www.bizinfo.go.kr/sii/siia/selectSIIA200Detail.do?pblancId=PBLN_000000000120123
PBLN_000000000120134,[전남광주] 2026년 평동산업단지 중소기업 보증료 지원사업 공고,전남광주통합특별시,json_only_review,3,3,0,,,unknown,review,0.3,후보 검수 필요,100.0만원/guarantee/exclude: 자세한 지원대상 공고문 참조 ☞ 보증료의 30% 지원 (최대 1백만원 한도 내 지원) 사업신청 방법 방문 접수 - 접수처 : 광주광역시 광산구 평동산단로 184-1 평동종합비즈니스센터 비즈니스지원실(3층) 문의처 || 100.0만원/guarantee/exclude: 사업개요 ❍ 사업목적 : 국제정세로 인해 어려움에 처한 평동산업단지 내 중소기업들에 보증료 일부를 지원하여 기업들의 경쟁력 제고 및 지역경제 활성화 도모 등 ❍ 지원기간 : 공고일로부터 예산 소진 시까지 ❍ 지원규모 : 20개사 내외 ❍ 지원내용 : 보증료의 30% 지원 (최대 1백만원 한도 내 지원) ( || 2000.0만원/guarantee/exclude: 보증료만 지원) ❍ 지원예산 : 20백만원 ❍ 지원대상 - 광주광역시 평동산업단지 내 입주 중소 제조기업으로 2026년에 보증료를 납부한 기업 (,,safe,clear_selected_candidate,https://www.bizinfo.go.kr/sii/siia/selectSIIA200Detail.do?pblancId=PBLN_000000000120134
PBLN_000000000120135,[전남광주] 2026년 하남산업단지 중소기업 보증료 지원사업 공고,전남광주통합특별시,json_only_review,3,3,0,,,unknown,review,0.3,후보 검수 필요,100.0만원/guarantee/exclude: 자세한 지원대상 공고문 참조 ☞ 보증료의 30% 지원 (최대 1백만원 한도 내 지원) 사업신청 방법 방문 접수 - 접수처 : 광주광역시 광산구 하남산단4번로 65(장덕동 977-10) 하남혁신지원센터 혁신지원실( || 100.0만원/guarantee/exclude: 사업개요 ❍ 사업목적 : 국제정세로 인해 어려움에 처한 하남산업단지 내 중소기업에 보증료 일부를 지원하여 기업들의 경쟁력 제고 및 지역경제 활성화 도모 등 ❍ 지원기간 : 공고일 ~ 예산 소진 시까지 ❍ 지원규모 : 15개사 내외 ❍ 지원내용 : 보증료의 30% 지원(1백만원 한도 내 지원) || 1500.0만원/guarantee/exclude: 보증료에 한하여 지원(관련 수수료 제외) ❍ 지원예산 : 15백만원 ❍ 지원대상 - 광주광역시 하남산단 내 입주 중소 제조기업으로 2026년도에 보증료를 납부한 기업 (,,safe,clear_selected_candidate,https://www.bizinfo.go.kr/sii/siia/selectSIIA200Detail.do?pblancId=PBLN_000000000120135
PBLN_000000000120170,2026년 중소기업 기술분쟁 소송보험 지원사업 공고,중소벤처기업부,json_only_review,17,1,16,,,unknown,review,0.8,후보 검수 필요,None만원/support_ratio/ratio_cap: 2026년 중소기업 기술분쟁 소송보험 지원사업 공고 중소벤처기업부 기업마당>정책정보>지원사업 공고 기업마당 본문 바로가기 주메뉴 바로가기 기업마당 > 정책정보 > 지원사업 공고 메뉴열기 로그인 정책정보 정책정보 지원사업 공고 품목별 법정의무 인증제도 행사정보 정책뉴스 입법·행정예고/고시 월간 중기누리 활용정보 활용정보 기,unknown:3000.0 | unknown:5000.0 | unknown:3000.0 | unknown:5000.0 | unknown:300.0 | unknown:500.0 | unknown:1000.0 | unknown:300.0,needs_review,selected_candidate_missing,https://www.bizinfo.go.kr/sii/siia/selectSIIA200Detail.do?pblancId=PBLN_000000000120170
PBLN_000000000120201,[경기] 포천시 2026년 신소재개발 프로그램 지원사업 모집 공고,경기도,no_support_candidate,1,0,1,,,unknown,review,,후보 없음,,unknown:73.0,needs_review,selected_candidate_missing,https://www.bizinfo.go.kr/sii/siia/selectSIIA200Detail.do?pblancId=PBLN_000000000120201
PBLN_000000000120215,2026년 산업ㆍ일자리전환 컨설팅 참여기업 모집 공고,고용노동부,no_support_candidate,0,0,0,,,unknown,review,,후보 없음,,,needs_review,candidate_missing,https://www.bizinfo.go.kr/sii/siia/selectSIIA200Detail.do?pblancId=PBLN_000000000120215
PBLN_000000000120219,2026년 투자연계형 기술확보지원사업(기술검증지원) 참여기업 모집 공고,산업통상부,amount_update_ready,8,4,4,6000.0,6000.0,subsidy,subtract,0.8,확정,6000.0만원/non_cash/recommend_only: M&A 자문사 등 외부 자문기관 활용 등에 소요되는 전문가 활용비 최대 6천만원 지원 사업신청 방법 온라인 및 이메일 접수 ① 해외기업 정보제공 및 매칭지원 온라인 접수 : Techfinder 홈페이지(www || 6000.0만원/non_cash/recommend_only: M&A자문사 등 외부 자문기관 활용 등에 소요되는 전문가 활용비 최대 6천만원 지원(지원비율 최대 80%) - 2 - □ 지원규모ㅇ 해외기업 정보제공 및 매칭지원 :제한없음ㅇ 기술자산종합평가 :7개사 내외* * 신청접수 || 6000.0만원/subsidy/subtract: M&A 자문사 등 외부 자문기관 활용 등에 소요되는 전문가 활용비 최대 6천만원* 지원 * 기술확보 방식에 따라 정부지원금 차등 지원(M&A 6천만원 || 6000.0만원/subsidy/subtract: M&A 자문사 등 외부 자문기관 활용 등에 소요되는 전문가 활용비 최대 6천만원* 지원 * 기술확보 방식에 따라 정부지원금 차등 지원(M&A 6천만원,unknown:3000.0 | total_project_cost:7500.0 | unknown:6000.0 | unknown:1500.0,safe,clear_selected_candidate,https://www.bizinfo.go.kr/sii/siia/selectSIIA200Detail.do?pblancId=PBLN_000000000120219
PBLN_000000000120312,2026년 국가배터리순환클러스터실증화시설 사용자 모집 공고,기후에너지환경부,support_ratio_ready,1,1,0,,,support_ratio,ratio_cap,0.5,비율 확인,None만원/support_ratio/ratio_cap: 2026년 국가배터리순환클러스터실증화시설 사용자 모집 공고 기후에너지환경부 기업마당>정책정보>지원사업 공고 기업마당 본문 바로가기 주메뉴 바로가기 기업마당 > 정책정보 > 지원사업 공고 메뉴열기 로그인 정책정보 정책정보 지원사업 공고 품목별 법정의무 인증제도 행사정보 정책뉴스 입법·행정예고/고시 월간 중기누리 활용정보 활,,needs_review,selected_candidate_missing,https://www.bizinfo.go.kr/sii/siia/selectSIIA200Detail.do?pblancId=PBLN_000000000120312
PBLN_000000000120340,[경기] 2026년 섬유분야 유해물질 시험분석 및 인증지원 공고,경기도,amount_update_ready,3,3,0,300.0,300.0,support_amount,subtract,,확정,300.0만원/fee/review: ☞ 경기도 내 섬유 관련 중소기업ㆍ소기업 및 소상공인 ☞ 섬유ㆍ가죽ㆍ장신구 제품안전시험 수수료 지원(1기업 당 최대 3백만원) || 300.0만원/support_amount/subtract: 소기업 및 소상공인□ 지원기간 : 2026년 03월 23일 ~ 사업비 소진 시까지(12월 31일 사업종료) □ 지원한도 : 1기업 당 최대 3백만원 ( || 100.0만원/fee/review: 안전확인시험은 최대 1백만원 이내)□ 지원내용 [1] 안전기준준수/공급자적합성확인 대상 시험수수료 지원지원비율중소기업,,safe,clear_selected_candidate,https://www.bizinfo.go.kr/sii/siia/selectSIIA200Detail.do?pblancId=PBLN_000000000120340
PBLN_000000000120342,2026년 기업승계 M&A 활성화를 위한 컨설팅 지원사업 시행계획 공고,중소벤처기업부,json_only_review,16,15,1,,,unknown,review,0.4,후보 검수 필요,100.0만원/consulting_fee/recommend_only: 자산 등) 컨설팅 신청 항목 (해당항목 택1) 매도희망기업 □ 딜구조설계 □ 적정시기 발굴 □ 지분매각 방법 □ 기업소개자료(TM) 작성 □ 마케팅 지원 매수희망기업 □ 적정 인수대상 탐색 □ 자금조달 컨설팅 희망기업승계 중개기관 기업승계 중개기관 중 택3 계약예정금액 (1백만원 이상 || 100.0만원/consulting_fee/recommend_only: / 부 ② 기업승계 중개기관과 1백만원 이상(부가세 제외)의 컨설팅 계약*을 체결 예정이다 || 70.0만원/consulting_fee/recommend_only: 기초컨설팅 * 신청일 기준 M&A 교섭 대상이 없는 잠재수요기업 (총 100개사) 매도희망기업 ∙ 대표자 연령 : 만 55세 이상 ∙ 기업 업력 : 만 5년 이상 ∙ (평가방법) 기업승계를 위한 M&A 여부를 판단하여 “적합” 시 선정 - 평가기준 매도 : 기업승계 여부 등 매수 : 인수추진계획 등 ∙ 컨설팅 비용 지원 || 70.0만원/consulting_fee/recommend_only: 자부담 30% 별도 - 기업소개자료(TM)작성 - 딜구조설계 등 매수희망기업 (기업승계 희망자) ∙ 중소기업 인수 희망기업 (개인 또는 법인) ∙ 컨설팅 비용 지원 (기업당 70만원 한도) || 700.0만원/consulting_fee/recommend_only: M&A 후 시너지 등 평가 → 총점 60점 이상인 기업 중 상위득점순으로 선정 ∙ 컨설팅 비용 지원 (기업당 700만원 한도) || 700.0만원/consulting_fee/recommend_only: 자부담 30% 별도 - 기업가치평가 - 계약서 법률 검토 - 매각조건 및 가격협상 등 매수희망기업 (기업승계 희망자) ∙ 대표자 연령 : 만 55세 이상 ∙ 기업 업력 : 만 5년 이상 ∙ 컨설팅 비용 지원 (기업당 700만원 한도) || ... 후보 9개 추가,self_funding:30.0,needs_review,selected_candidate_missing,https://www.bizinfo.go.kr/sii/siia/selectSIIA200Detail.do?pblancId=PBLN_000000000120342
PBLN_000000000120375,2026년 중소기업 연구인력 현장맞춤형 양성지원사업 연구인력(R&D) 양성프로그램 참여기업 모집 공고,경기도,amount_update_ready,7,2,5,1000.0,1000.0,support_amount,subtract,0.5,확정,1000.0만원/support_amount/subtract: 이노비즈협회로 구성된 컨소시엄 ◦ (지원대상) - (구직자) 전공무관 학사/석사/박사 학위 취득(예정)자 중 미취업자 100명 - (기 업) 연구인력 채용수요를 보유한 중소기업 80개사 ◦ (지원내용) 단계별 연구자 양성을 통한 우수 연구자 양성 및 채용지원 - (1단계) 예비연구자(학/석/박사 학위예정자)에 대한 R&D || None만원/support_ratio/ratio_cap: 2026년 중소기업 연구인력 현장맞춤형 양성지원사업 연구인력(R&D) 양성프로그램 참여기업 모집 공고 경기도 기업마당>정책정보>지원사업 공고 기업마당 본문 바로가기 주메뉴 바로가기 기업마당 > 정책정보 > 지원사업 공고 메뉴열기 로그인 정책정보 정책정보 지원사업 공고 품목별 법정의무 인증제도 행사정보 정책뉴스 입법·행정예,unknown:130.0 | unknown:130.0 | unknown:130.0 | unknown:160.0 | unknown:190.0,safe,clear_selected_candidate,https://www.bizinfo.go.kr/sii/siia/selectSIIA200Detail.do?pblancId=PBLN_000000000120375
PBLN_000000000120385,[울산] 2026년 자동차 부품업종 근로자 지역정착 지원사업 참여기업 모집 공고(지역ㆍ산업맞춤형 일자리지원 사업(자율계정)),울산광역시,amount_update_ready,24,14,10,10000.0,10000.0,subsidy,subtract,,확정,105.0만원/support_amount/subtract: ☞ 상시근로자 5인 이상 500인 이하인 울산 소재 자동차 부품 업종 기업 ☞ 4대보험료 지원 : 근로자 1인당 105만원(35만원×3개월) 지원 사업신청 방법 이메일 접수 (car@ubpi || 35.0만원/support_amount/subtract: ☞ 상시근로자 5인 이상 500인 이하인 울산 소재 자동차 부품 업종 기업 ☞ 4대보험료 지원 : 근로자 1인당 105만원(35만원×3개월) 지원 사업신청 방법 이메일 접수 (car@ubpi || 150.0만원/support_amount/subtract: 지원한도 - (근로자) 지역정착금 : 1인당 최대 150만원(25만원×6개월) - (기업체) 4대보험료 사업주 부담금 : 1인당 105만원(35만원×3개월) - 지원금 지급 대상자가 중간에 이직한 경우 || 25.0만원/support_amount/subtract: 지원한도 - (근로자) 지역정착금 : 1인당 최대 150만원(25만원×6개월) - (기업체) 4대보험료 사업주 부담금 : 1인당 105만원(35만원×3개월) - 지원금 지급 대상자가 중간에 이직한 경우 해당 월부 || 105.0만원/support_amount/subtract: 지원한도 - (근로자) 지역정착금 : 1인당 최대 150만원(25만원×6개월) - (기업체) 4대보험료 사업주 부담금 : 1인당 105만원(35만원×3개월) - 지원금 지급 대상자가 중간에 이직한 경우 해당 월부터 지원금 미지급 氠瑢 6 기타 유의사항 || 35.0만원/support_amount/subtract: 지원한도 - (근로자) 지역정착금 : 1인당 최대 150만원(25만원×6개월) - (기업체) 4대보험료 사업주 부담금 : 1인당 105만원(35만원×3개월) - 지원금 지급 대상자가 중간에 이직한 경우 해당 월부터 지원금 미지급 氠瑢 6 기타 유의사항 || ... 후보 8개 추가,unknown:150.0 | unknown:25.0 | unknown:105.0 | unknown:35.0 | unknown:500.0 | unknown:150.0 | unknown:25.0 | unknown:105.0,safe,clear_selected_candidate,https://www.bizinfo.go.kr/sii/siia/selectSIIA200Detail.do?pblancId=PBLN_000000000120385
PBLN_000000000120423,2026년 로봇 재제조산업 기업지원사업(기술 자문) 공고,산업통상부,amount_update_ready,2,2,0,300.0,300.0,support_amount,subtract,1.0,확정,300.0만원/support_amount/subtract: 지원 기간 및 지원 규모지원 기간지원 금액담당기관비 고상시 지원(최대 3개월) 1건 당최대 3백만원한국로봇사용자협회고등기술연구원경남테크노파크김해의생명 산업진흥원전문위원지원금 - 2 - Ⅱ 신청 기간 및 방법 등1 || None만원/support_ratio/ratio_cap: 2026년 로봇 재제조산업 기업지원사업(기술 자문) 공고 산업통상부 기업마당>정책정보>지원사업 공고 기업마당 본문 바로가기 주메뉴 바로가기 기업마당 > 정책정보 > 지원사업 공고 메뉴열기 로그인 정책정보 정책정보 지원사업 공고 품목별 법정의무 인증제도 행사정보 정책뉴스 입법·행정예고/고시 월간 중기누리 활용정보 활용정보,,safe,clear_selected_candidate,https://www.bizinfo.go.kr/sii/siia/selectSIIA200Detail.do?pblancId=PBLN_000000000120423
PBLN_000000000120459,[경남] 사천시ㆍ진주시 2026년 스마트제조 고급인력양성 사업 수요기업 모집 공고,산업통상부,support_ratio_ready,1,1,0,,,support_ratio,ratio_cap,1.0,비율 확인,None만원/support_ratio/ratio_cap: [경남] 사천시ㆍ진주시 2026년 스마트제조 고급인력양성 사업 수요기업 모집 공고 산업통상부 기업마당>정책정보>지원사업 공고 기업마당 본문 바로가기 주메뉴 바로가기 기업마당 > 정책정보 > 지원사업 공고 메뉴열기 로그인 정책정보 정책정보 지원사업 공고 품목별 법정의무 인증제도 행사정보 정책뉴스 입법·행정예고/고시 월간 중,,needs_review,selected_candidate_missing,https://www.bizinfo.go.kr/sii/siia/selectSIIA200Detail.do?pblancId=PBLN_000000000120459
PBLN_000000000120468,[경기] 2026년 국내ㆍ외 우수 물기술 인ㆍ검증 지원사업 참여기업 모집 공고,경기도,json_only_review,13,11,2,,,unknown,review,0.5,후보 검수 필요,400.0만원/non_cash/recommend_only: 법정대리인 선임비 등 - (국내인증) 기업 당 최대 4백만 원 || 600.0만원/non_cash/recommend_only: / (해외인증) 기업 당 최대 6백만 원 사업신청 방법 온라인 접수 (물산업지원센터 누리집) 사업신청 사이트 온라인신청 바로가기 문의처 경기환경에너지진흥원 사업담당자 031-985-0 || 400.0만원/non_cash/recommend_only: 지원금액 - (국내인증) 기업 당 최대 4백만 원 - (해외인증) 기업 당 최대 6백만 원 || 600.0만원/non_cash/recommend_only: 지원금액 - (국내인증) 기업 당 최대 4백만 원 - (해외인증) 기업 당 최대 6백만 원 || 400.0만원/non_cash/recommend_only: 50%(중소기업 외) 지원한도 400만원(국내인증) || 600.0만원/non_cash/recommend_only: 600만원(해외인증) 지원 신청금액 금 숫자작성 원 (금 글자작성 원) 입금계좌 (은행명) 상기 기재된 내용은 사실과 다름이 없으며 || ... 후보 5개 추가,unknown:30000.0 | unknown:30000.0,safe,clear_selected_candidate,https://www.bizinfo.go.kr/sii/siia/selectSIIA200Detail.do?pblancId=PBLN_000000000120468
PBLN_000000000120495,[강원] 2026년 수요기술 발굴 및 기술멘토링 지원사업 참여기업 모집 공고(전기차 충돌 후 배터리 핵심부품 안전성 확보 지원사업),강원특별자치도,no_support_candidate,1,0,1,,,unknown,review,,후보 없음,,revenue_condition:0.0,needs_review,selected_candidate_missing,https://www.bizinfo.go.kr/sii/siia/selectSIIA200Detail.do?pblancId=PBLN_000000000120495
PBLN_000000000120498,[경기] 화성시 2026년 GAP 안정성 분석 지원사업 신청 공고,경기도,json_only_review,8,3,5,,,unknown,review,1.0,후보 검수 필요,24.4만원/support_amount/subtract: 토양용수 분석:지원한도액 244천원/점(토양117 || 24.4만원/support_amount/subtract: 지원한도액:244천원/점(토양117 || None만원/support_ratio/ratio_cap: [경기] 화성시 2026년 GAP 안정성 분석 지원사업 신청 공고 경기도 기업마당>정책정보>지원사업 공고 기업마당 본문 바로가기 주메뉴 바로가기 기업마당 > 정책정보 > 지원사업 공고 메뉴열기 로그인 정책정보 정책정보 지원사업 공고 품목별 법정의무 인증제도 행사정보 정책뉴스 입법·행정예고/고시 월간 중기누리 활용정보 활용,unknown:4.4 | unknown:20.0 | unknown:500.0 | total_project_cost:19.0 | total_project_cost:19.0,needs_review,large_amount_delta,https://www.bizinfo.go.kr/sii/siia/selectSIIA200Detail.do?pblancId=PBLN_000000000120498
PBLN_000000000120509,[충남] 2026년 혁신기업 기술창업 활성화 지원사업 모집 공고,충청남도,amount_update_ready,6,3,3,1020.0,1020.0,support_amount,subtract,0.5,확정,"1020.0만원/support_amount/subtract: 동일 기업당 총 지원 한도는 최대 1,020만원을 초과할 수 없음 || 520.0만원/support_amount/subtract: 발생 비용은 기업 전액 자부담) ㅇ기술이전지원 :기술이전 계약이 체결된 기술료의 50%이내지원(최대 520만원 || 500.0만원/fee/review: 이전 수수료/경상 수수료/관납료는 지원 대상 제외 ㅇ기술가치평가지원 :기술가치평가 기관을 통한 평가 수수료의 50%이내지원(최대 500만원",unknown:2000.0 | unknown:520.0 | unknown:500.0,safe,clear_selected_candidate,https://www.bizinfo.go.kr/sii/siia/selectSIIA200Detail.do?pblancId=PBLN_000000000120509
PBLN_000000000120516,[부산] 2026년 지산학 브랜치 기업 현장솔루션 랩(lab) 참여 기업 모집 공고,부산광역시,no_support_candidate,0,0,0,,,unknown,review,,후보 없음,,,needs_review,candidate_missing,https://www.bizinfo.go.kr/sii/siia/selectSIIA200Detail.do?pblancId=PBLN_000000000120516
PBLN_000000000120527,2026년 스마트 전자약 종합지원센터 인허가 지원 기업 상시 모집 공고,보건복지부,no_support_candidate,1,0,1,,,unknown,review,,후보 없음,,revenue_condition:0.0,needs_review,selected_candidate_missing,https://www.bizinfo.go.kr/sii/siia/selectSIIA200Detail.do?pblancId=PBLN_000000000120527
PBLN_000000000120549,[경남] 2026년 항노화기업 천연물 소재화 지원사업 참여기업 모집 공고,경상남도,support_ratio_ready,1,1,0,,,support_ratio,ratio_cap,1.0,비율 확인,None만원/support_ratio/ratio_cap: [경남] 2026년 항노화기업 천연물 소재화 지원사업 참여기업 모집 공고 경상남도 기업마당>정책정보>지원사업 공고 기업마당 본문 바로가기 주메뉴 바로가기 기업마당 > 정책정보 > 지원사업 공고 메뉴열기 로그인 정책정보 정책정보 지원사업 공고 품목별 법정의무 인증제도 행사정보 정책뉴스 입법·행정예고/고시 월간 중기누리 활용,,needs_review,selected_candidate_missing,https://www.bizinfo.go.kr/sii/siia/selectSIIA200Detail.do?pblancId=PBLN_000000000120549
PBLN_000000000120588,해양플랜트산업지원센터 보유 시험장비ㆍ교육시설 활용 지원사업 공고,해양수산부,no_support_candidate,0,0,0,,,unknown,review,,후보 없음,,,needs_review,candidate_missing,https://www.bizinfo.go.kr/sii/siia/selectSIIA200Detail.do?pblancId=PBLN_000000000120588
PBLN_000000000120591,조선ㆍ해양 배관 및 시운전 장비 공동활용 지원 사업 모집 공고(선박해양플랜트연구소 해양플랜트산업지원센터 구축 장비 공동 활용 사업),해양수산부,no_support_candidate,0,0,0,,,unknown,review,,후보 없음,,,needs_review,candidate_missing,https://www.bizinfo.go.kr/sii/siia/selectSIIA200Detail.do?pblancId=PBLN_000000000120591
PBLN_000000000120600,[경북] 김천시 2026년 기술주치의119지원사업 공고,경상북도,amount_update_ready,13,3,10,1500.0,1500.0,support_amount,subtract,1.0,확정,"200000.0만원/consulting_fee/recommend_only: 20 년 월 일 위 확인인 소 속 : 주민등록번호 : 성 명 : (인) (재)경북테크노파크 원장 귀하 氠瑢 영 수 증 금 원정(금 원정) 위 금액을 2026년 『기술주치의119지원사업』의 현장애로기술 지원기업 (지원기업명) 컨설팅 및 자문료(1회 200,000만원 × 회)로 정히 영수 합니다 || 1500.0만원/support_amount/subtract: 경북TP의 지원금은 부가세 포함 최대 15,000천원임 Ⅳ || None만원/support_ratio/ratio_cap: [경북] 김천시 2026년 기술주치의119지원사업 공고 경상북도 기업마당>정책정보>지원사업 공고 기업마당 본문 바로가기 주메뉴 바로가기 기업마당 > 정책정보 > 지원사업 공고 메뉴열기 로그인 정책정보 정책정보 지원사업 공고 품목별 법정의무 인증제도 행사정보 정책뉴스 입법·행정예고/고시 월간 중기누리 활용정보 활용정보 기업",revenue_condition:0.0 | revenue_condition:0.0 | revenue_condition:0.0 | revenue_condition:0.0 | unknown:1000.0 | revenue_condition:0.0 | revenue_condition:0.0 | revenue_condition:0.0,needs_review,large_amount_delta,https://www.bizinfo.go.kr/sii/siia/selectSIIA200Detail.do?pblancId=PBLN_000000000120600
PBLN_000000000120673,2026년 다공성 탄소소재 기반 환경소재 및 부품개발 기반구축 사업 수혜기업 지원(시제품 제작 및 기술지도) 사업 공고,산업통상부,amount_update_ready,5,2,3,1000.0,1000.0,support_amount,subtract,,확정,1000.0만원/support_amount/subtract: 기관 보유 장비 및 도입장비를 활용하여 실증에 적용 가능한 다공성 탄소소재 기반의 제품 상용화 및 고도화를 위한 시제품 제작비 지원 10백만원 이내 8개 社 기술지원 || 50.0만원/support_amount/subtract: 다공성 탄소소재 기반 시제품 개발 과정 및 핵심기술 관련 기술지도 지원 0.5백만원 이내 8개 社,unknown:0.0 | unknown:0.0 | unknown:0.0,needs_review,large_amount_delta,https://www.bizinfo.go.kr/sii/siia/selectSIIA200Detail.do?pblancId=PBLN_000000000120673
PBLN_000000000120679,[인천] 2026년 시제품제작 장비 (3D 프린팅) 공동활용 지원 공고,인천광역시,no_support_candidate,0,0,0,,,unknown,review,,후보 없음,,,needs_review,candidate_missing,https://www.bizinfo.go.kr/sii/siia/selectSIIA200Detail.do?pblancId=PBLN_000000000120679
PBLN_000000000120694,[충북] 2026년 수출기업 해외규격인증 취득 지원사업 참여기업 모집 공고,충청북도,no_support_candidate,0,0,0,,,unknown,review,,후보 없음,,,needs_review,candidate_missing,https://www.bizinfo.go.kr/sii/siia/selectSIIA200Detail.do?pblancId=PBLN_000000000120694
PBLN_000000000120780,2026년 통상변화대응지원사업 참여기업 모집 공고,산업통상부,amount_update_ready,22,9,13,2000.0,2000.0,support_amount,subtract,0.02,확정,"600000.0만원/loan/exclude: ☞ 통상변화대응지원 기업으로 지정된 기업 ☞ 기술ㆍ경영 혁신 및 융자 지원 - (기술ㆍ경영 혁신지원) 중장기 경쟁력 향상을 위한 전문가 컨설팅 지원 - (융자지원) 업체당 60억원 한도 || 50000.0만원/loan/exclude: 전문가 컨설팅 지원 - (융자지원) 업체당 60억원 한도, 고정금리 2%(운전 5억, 지방소재기업은 70억) 사업신청 방법 중진공 본사 기업성장지원처 및 전국 지역 || 600000.0만원/loan/exclude: 경영 혁신지원) 중장기 경쟁력 향상을 위한 전문가 컨설팅 지원 * 매출액 규모에 따라 자부담률 0% ~ 20% ◦ (융자지원) 업체당 60억원 한도 || 50000.0만원/loan/exclude: 률 0% ~ 20% ◦ (융자지원) 업체당 60억원 한도, 고정금리 2% (운전 5억, 지방소재기업은 70억) * 융자지원의 경우 「중소기업 정책자금 융자공고」에 의 || 700000.0만원/loan/exclude: 지방소재기업은 70억) * 융자지원의 경우 「중소기업 정책자금 융자공고」에 의거하여 정책자금 신청 및 상담 || 2000.0만원/support_amount/subtract: 경영혁신지원 ◦ (지원대상) 통상변화대응기업 지정 이후 3년 이내 기업 * 기존 무역조정지원 지정기업 포함하여 지원(신청일 기준 지정 3년 이내 기업) ◦ (지원한도 및 기간) 기업당 최대 2천만원까지 지원하며 || ... 후보 3개 추가",unknown:700000.0 | total_project_cost:1000000.0 | total_project_cost:2000.0 | total_project_cost:2000.0 | total_project_cost:1000000.0 | total_project_cost:5000000.0 | total_project_cost:200.0 | total_project_cost:1800.0,needs_review,large_amount_delta,https://www.bizinfo.go.kr/sii/siia/selectSIIA200Detail.do?pblancId=PBLN_000000000120780
PBLN_000000000120822,[경북] 영천시 2026년 영천기업 연구시설장비 바우처 지원사업 수혜기업 모집 공고,경상북도,amount_update_ready,9,7,2,800.0,800.0,support_amount,subtract,0.1,확정,800.0만원/equipment_usage_fee/recommend_only: 창업기업 ☞ 영천시 관내 연구기관 연구시설ㆍ장비사용료 지원 - 기업당 최대 800만원 상당 바우처 지원 사업신청 방법 이메일 접수 - 경북자동차임베디드연구원 : ycs6841@givet || 800.0만원/equipment_usage_fee/recommend_only: 장비사용료 지원 氠瑢 지원구분 지원내용 지원 건수 연구시설 장비이용 지원 기업당 최대 800만원 상당 바우처 지원 || 800.0만원/support_amount/subtract: 신청서 접수 순서대로 기업 당 최대 8백만원(부가세 포함)을 지원하며 || 800.0만원/support_amount/subtract: 선정기업의 최대 지원금 한도 - 총 800만원 최대 지원금 (기업분담금 10% 별도 || 800.0만원/support_amount/subtract: 지원 기관별 신청서 접수 순서대로 기업 당 최대 8백만원 지원하며 (기업부담금 최소 10%이상 별도) || 800.0만원/voucher/subtract: 서류 제출처 : 수혜기업이 사용하고자 하는 장비를 보유한 기관별 별도 제출 (최대 지원금 총 합계 : 800만원) 첨부2) 氠瑢 평가결과 수락 확약서 2026년 영천기업 연구시설장비 바우처 지원사업을 신청한 당 기업은 귀 기관의 공정한 심사와 객관적인 내 || ... 후보 1개 추가,unknown:800.0 | unknown:800.0,safe,clear_selected_candidate,https://www.bizinfo.go.kr/sii/siia/selectSIIA200Detail.do?pblancId=PBLN_000000000120822
PBLN_000000000120845,2026년 하반기 중소기업기술혁신개발사업 유망기술개발(구조혁신R&D) 시행계획 공고,중소벤처기업부,json_only_review,38,11,27,,,unknown,review,0.75,후보 검수 필요,"50000.0만원/loan/exclude: 5억원) 일반 융자연계형 소부장 구조혁신 내역사업 내내역사업 글로벌선도 기술개발 수출지향형 (2년 || 200000.0만원/total_support_scale/review: `26년 지원내용 □ (사업목적) 사업전환 등 구조혁신 추진 중소기업 의 기술개발 역량 을 높여 경영환경 변화에 주도적으로 대응 하는 체계구축 □ (지원규모) 총 20 억원 내외 (20개 과제 내외) || 200000.0만원/support_amount/subtract: 20 20 억 □ (지원조건) 연구개발비의 75% 이내 내역 사업 개발기간 및 지원한도 * 정부지원 연구개발비 비중 ** 지원분야 중소기업유망기술개발 (구조 || 50000.0만원/support_amount/subtract: 연구개발비 비중 ** 지원분야 중소기업유망기술개발 (구조혁신R&D) 최대 2년, 5억 이내 (연차별 최대 2.5억 이내) 75% 이내 자유공모 * 평균단가 4.8억원 || 50000.0만원/loan/exclude: 5억원)일반융자연계형소부장구조혁신 내역사업내내역사업글로벌선도기술개발수출지향형 (2년 || 100000.0만원/loan/exclude: )일반융자연계형소부장구조혁신 내역사업내내역사업글로벌선도기술개발수출지향형 (2년, 10억원)글로벌협력형 (5년, 25억원)중소기업유 망 기 술 개 발국가전략기술도 메 인 || ... 후보 5개 추가",unknown:200000.0 | unknown:360000.0 | unknown:100000.0 | unknown:250000.0 | unknown:1000000.0 | unknown:100000.0 | unknown:300000.0 | unknown:50000.0,needs_review,large_amount_delta,https://www.bizinfo.go.kr/sii/siia/selectSIIA200Detail.do?pblancId=PBLN_000000000120845
PBLN_000000000120865,2026년 한ㆍ이스라엘 국제공동기술개발사업 신규 과제 통합 공고,산업통상부,amount_update_ready,39,17,22,420000.0,420000.0,support_amount,subtract,0.3,확정,14000.0만원/support_amount/subtract: 단위 : 원) 구분 R&D Pilot 타당성 조사 과제 규모 제한없음 1.4억 과제당 최대 지원금(양국 합계) * 28억 14억 7천만 한국 측 예산 비율에 따른 과제당 지원금 ** 30% 8 || 280000.0만원/support_amount/subtract: 4억 과제당 최대 지원금(양국 합계) * 28억 14억 7천만 한국 측 예산 비율에 따른 과제당 지원금 ** 30% 8 || 140000.0만원/support_amount/subtract: 4억 과제당 최대 지원금(양국 합계) * 28억 14억 7천만 한국 측 예산 비율에 따른 과제당 지원금 ** 30% 8 || 84000.0만원/support_amount/subtract: 4억 과제당 최대 지원금(양국 합계) * 28억 14억 7천만 한국 측 예산 비율에 따른 과제당 지원금 ** 30% 8.4억 4 || 420000.0만원/support_amount/subtract: 단위 : 원) 구분 라이트하우스 프로그램 (Lighthouse Program) 과제 규모 제한 없음 과제당 최대 지원금(양국 컨소시엄 합계) 1) 42억 한국 측 예산 비율에 따른 과제당 지원금 2) 30% 12 || 126000.0만원/support_amount/subtract: 단위 : 원) 구분 라이트하우스 프로그램 (Lighthouse Program) 과제 규모 제한 없음 과제당 최대 지원금(양국 컨소시엄 합계) 1) 42억 한국 측 예산 비율에 따른 과제당 지원금 2) 30% 12.6억 40% 16 || ... 후보 11개 추가,unknown:42000.0 | unknown:112000.0 | unknown:56000.0 | unknown:140000.0 | unknown:70000.0 | unknown:168000.0 | unknown:84000.0 | unknown:196000.0,needs_review,large_amount_delta,https://www.bizinfo.go.kr/sii/siia/selectSIIA200Detail.do?pblancId=PBLN_000000000120865
PBLN_000000000120866,2026년 부산형 SiC 전력반도체 연구플랫폼 활성화 지원사업 기업지원 모집 공고,부산광역시,json_only_review,23,5,18,,,unknown,review,0.2,후보 검수 필요,"2000.0만원/support_amount/subtract: (예시)지원금액이 20,000천원일 경우 - 기업지원금 : 총 22 || 2200.0만원/support_amount/subtract: 000천원일 경우 - 기업지원금 : 총 22,000천원(20 || 2000.0만원/support_amount/subtract: (예시)지원금액이 20,000천원일 경우 - 기업지원금 : 총 22 || 2200.0만원/support_amount/subtract: 000천원일 경우 - 기업지원금 : 총 22,000천원(20 || None만원/support_ratio/ratio_cap: 2026년 부산형 SiC 전력반도체 연구플랫폼 활성화 지원사업 기업지원 모집 공고 부산광역시 기업마당>정책정보>지원사업 공고 기업마당 본문 바로가기 주메뉴 바로가기 기업마당 > 정책정보 > 지원사업 공고 메뉴열기 로그인 정책정보 정책정보 지원사업 공고 품목별 법정의무 인증제도 행사정보 정책뉴스 입법·행정예고/고시 월간 중",unknown:2000.0 | self_funding:200.0 | self_funding:220.0 | unknown:200.0 | unknown:20.0 | unknown:2000.0 | unknown:500.0 | unknown:200.0,needs_review,large_amount_delta,https://www.bizinfo.go.kr/sii/siia/selectSIIA200Detail.do?pblancId=PBLN_000000000120866
PBLN_000000000120871,[경북] 2026년 초거대 AI 기술 컨설팅 신규 대상기업 모집 공고(초거대 AI 클라우드 팜 실증 및 확산 환경 조성사업),경상북도,no_support_candidate,0,0,0,,,unknown,review,,후보 없음,,,needs_review,candidate_missing,https://www.bizinfo.go.kr/sii/siia/selectSIIA200Detail.do?pblancId=PBLN_000000000120871
PBLN_000000000120933,[경기] 시흥시 2026년 대야기계장비 소공인특화지원센터 자율사업 통합 모집 공고,경기도,amount_update_ready,27,27,0,700.0,700.0,support_amount,subtract,,확정,300.0만원/non_cash/recommend_only: 시험성적(분석) 등 12개사 업체당 최대 300만원 시제품제작지원 제품 개발 || 500.0만원/support_amount/subtract: 디자인 개발 등 10개사 업체당 최대 500만원 공정개선지원 품질 및 생산성 향상을 위한 공정개선 지원 15개사 업체당 최대 500만원 통합 마케팅지원 온라인 || 500.0만원/support_amount/subtract: 디자인 개발 등 10개사 업체당 최대 500만원 공정개선지원 품질 및 생산성 향상을 위한 공정개선 지원 15개사 업체당 최대 500만원 통합 마케팅지원 온라인 || 300.0만원/support_amount/subtract: 오프라인 홍보물 제작지원 12개사 업체당 최대 300만원 청년소공인 가업승계 지원 간담회 || 700.0만원/support_amount/subtract: 사업지원 등 9개사 (최종 사업지원 4개사) 업체당 최대 700만원 || 300.0만원/non_cash/recommend_only: 기업인증 취득 지원사업 ❍ 지원내용 : 12개사 내외 (업체당 300만원 이내) 氠瑢 구 분 세부 내용 비 고 국내‧외 인증 - 제품인증(KC || ... 후보 21개 추가,,needs_review,large_amount_delta,https://www.bizinfo.go.kr/sii/siia/selectSIIA200Detail.do?pblancId=PBLN_000000000120933
PBLN_000000000120964,[경북] 경주시 2026년 중소기업 화재보험료 지원사업 참여기업 모집 공고,경상북도,amount_update_ready,12,7,5,1000.0,1000.0,support_amount,subtract,0.9,확정,"400.0만원/support_amount/subtract: 업체당 최대 4백만원 지원 사업신청 방법 온라인 접수 (중소기업 화재보험료 지원사업) || 400.0만원/support_amount/subtract: ~ 2026. 12.○지 원 내 용:연간보험료의 35~90% 지원, 업체당 최대 4백만원○신 청 방 법:접수사이트(www.gepa-safe.kr)에서 온라인 접수○지 원 || 1000.0만원/support_amount/subtract: 000만원 미만1,000만원이상지원금액보험료의 90%보험료의 50%보험료의 40%보험료의 35%최대한도최대 100만원최대 200만원최대 300만원최대 400만원 || 100.0만원/support_amount/subtract: 000만원이상지원금액보험료의 90%보험료의 50%보험료의 40%보험료의 35%최대한도최대 100만원최대 200만원최대 300만원최대 400만원 || 200.0만원/support_amount/subtract: 000만원이상지원금액보험료의 90%보험료의 50%보험료의 40%보험료의 35%최대한도최대 100만원최대 200만원최대 300만원최대 400만원 || 300.0만원/support_amount/subtract: 000만원이상지원금액보험료의 90%보험료의 50%보험료의 40%보험료의 35%최대한도최대 100만원최대 200만원최대 300만원최대 400만원 || ... 후보 1개 추가",unknown:200.0 | unknown:200.0 | unknown:600.0 | unknown:600.0 | unknown:1000.0,safe,clear_selected_candidate,https://www.bizinfo.go.kr/sii/siia/selectSIIA200Detail.do?pblancId=PBLN_000000000120964
PBLN_000000000121025,2026년 해양플랜트 서비스산업 엔지니어링 기술 지원 공고(해양플랜트 서비스산업 장비 공동활용 및 인력양성 사업),해양수산부,no_support_candidate,0,0,0,,,unknown,review,,후보 없음,,,needs_review,candidate_missing,https://www.bizinfo.go.kr/sii/siia/selectSIIA200Detail.do?pblancId=PBLN_000000000121025
PBLN_000000000121028,[울산] 2026년 상반기 산업안전보건 국제표준 인증기업 지원사업 시행 공고,울산광역시,amount_update_ready,27,9,18,300.0,300.0,support_amount,subtract,0.5,확정,"340.0만원/consulting_fee/recommend_only: 000원 (50%) 3,400,000원 (50%) 컨설팅비 2 || 200.0만원/consulting_fee/recommend_only: 000원 (50%) 컨설팅비 2,000,000원 1 || 300.0만원/non_cash/recommend_only: 업체당 300만원 한도 상기와 같이 “산업안전보건 국제표준 인증기업 지원사업”지원을 신청합니다 || 340.0만원/consulting_fee/recommend_only: 000원(50%)3,400,000원(50%)컨설팅비2 || 200.0만원/consulting_fee/recommend_only: 000원(50%)컨설팅비2,000,000원1 || 300.0만원/non_cash/recommend_only: 업체당 300만원 한도 상기와 같이 “산업안전보건 국제표준 인증기업 지원사업”지원을 신청합니다 || ... 후보 3개 추가",unknown:300.0 | self_funding:645.0 | unknown:300.0 | unknown:100.0 | unknown:100.0 | unknown:430.0 | unknown:200.0 | unknown:230.0,needs_review,large_amount_delta,https://www.bizinfo.go.kr/sii/siia/selectSIIA200Detail.do?pblancId=PBLN_000000000121028
PBLN_000000000121038,2026년 IoT 보안인증 인증시험 수수료 지원 공고,과학기술정보통신부,json_only_review,3,1,2,,,unknown,review,,후보 검수 필요,480.0만원/fee/review: ’26년 예산 소진시까지 신청기업당 1회에 한하나 예산 소모 추이에 따라 추가 지원 가능 - 시험수수료 80% 정부지원 (라이트 약 4.8백만원,unknown:1040.0 | unknown:1600.0,needs_review,selected_candidate_missing,https://www.bizinfo.go.kr/sii/siia/selectSIIA200Detail.do?pblancId=PBLN_000000000121038
PBLN_000000000121098,2026년 전동화 전력반도체 일괄공정 테스트베드 구축 기업지원 모집 공고,부산광역시,no_support_candidate,0,0,0,,,unknown,review,,후보 없음,,,needs_review,candidate_missing,https://www.bizinfo.go.kr/sii/siia/selectSIIA200Detail.do?pblancId=PBLN_000000000121098
PBLN_000000000121191,2026년 산업 분야 온실가스 국제감축사업 공고,산업통상부,amount_update_ready,7,3,4,1000000.0,1000000.0,support_amount,subtract,0.9,확정,1000000.0만원/support_amount/subtract: 100억원 이하) - (타당성조사지원) 설계 || 1000000.0만원/support_amount/subtract: 100억원 이하) 총 2건 내외 타당성조사지원 설계 || None만원/support_ratio/ratio_cap: 2026년 산업 분야 온실가스 국제감축사업 공고 산업통상부 기업마당>정책정보>지원사업 공고 기업마당 본문 바로가기 주메뉴 바로가기 기업마당 > 정책정보 > 지원사업 공고 메뉴열기 로그인 정책정보 정책정보 지원사업 공고 품목별 법정의무 인증제도 행사정보 정책뉴스 입법·행정예고/고시 월간 중기누리 활용정보 활용정보 기업업무용,unknown:40000.0 | unknown:2000000.0 | unknown:40000.0 | total_project_cost:1000000.0,needs_review,subtract_without_limit_context,https://www.bizinfo.go.kr/sii/siia/selectSIIA200Detail.do?pblancId=PBLN_000000000121191
PBLN_000000000121193,[경남] 2026년 소상공인 IP출원(상표출원) 지원사업 소상공인 수혜자 모집 공고,지식재산처,support_ratio_ready,1,1,0,,,support_ratio,ratio_cap,0.2,비율 확인,None만원/support_ratio/ratio_cap: [경남] 2026년 소상공인 IP출원(상표출원) 지원사업 소상공인 수혜자 모집 공고 지식재산처 기업마당>정책정보>지원사업 공고 기업마당 본문 바로가기 주메뉴 바로가기 기업마당 > 정책정보 > 지원사업 공고 메뉴열기 로그인 정책정보 정책정보 지원사업 공고 품목별 법정의무 인증제도 행사정보 정책뉴스 입법·행정예고/고시 월간,,needs_review,selected_candidate_missing,https://www.bizinfo.go.kr/sii/siia/selectSIIA200Detail.do?pblancId=PBLN_000000000121193
PBLN_000000000121194,[경남] 고성군 2026년 지역지식재산창출 지원사업 공고,경상남도,json_only_review,5,5,0,,,unknown,review,0.9,후보 검수 필요,"130.0만원/total_support_scale/review: 지원 대상 고성군 소재 중소기업 - : 지원 건수 기업당 건 이내 - : 3 지원 금액 대리인비용 부가세 제외 의 일부 지원 - : ( ) 지원사업 세부사업 최대지원금액 지원규모 국내권리화 특 허 실용신안 디 자 인 상 표 천원1,300 천원900 천원350 천원250 대리인비용 별도 의(VAT ) 이내90% 해외권리화 || 90.0만원/support_amount/subtract: 300 천원900 천원350 천원250 대리인비용 별도 의(VAT ) 이내90% 해외권리화 출원비용 지원 || 35.0만원/support_amount/subtract: 300 천원900 천원350 천원250 대리인비용 별도 의(VAT ) 이내90% 해외권리화 출원비용 지원 || 300.0만원/total_support_scale/review: 관납료 등 의 일부 지원) 지원사업 세부사업 최대지원금액 지원규모 해외권리화 특허 실용신안/ 디 자 인 상 표 천원3,000 천원2 || 280.0만원/total_support_scale/review: 지원금액 지원규모 해외권리화 특허 실용신안/ 디 자 인 상 표 천원3,000 천원2,800 천원2,500 국내대리인비용 별도(VAT ) 및 해외출원 비용의 이내90% 지원 신청",,needs_review,large_amount_delta,https://www.bizinfo.go.kr/sii/siia/selectSIIA200Detail.do?pblancId=PBLN_000000000121194
PBLN_000000000121197,[경남] 창녕군 2026년 지역지식재산 창출지원사업 공고,경상남도,json_only_review,5,5,0,,,unknown,review,0.9,후보 검수 필요,"130.0만원/total_support_scale/review: 지원 대상 창녕군 소재 중소기업 - : 지원 건수 기업당 건 이내 - : 3 지원 금액 대리인비용 부가세 제외 의 일부 지원 - : ( ) 지원사업 세부사업 최대지원금액 지원규모 국내권리화 특 허 실용신안 디 자 인 상 표 천원1,300 천원900 천원350 천원250 대리인비용 별도 의(VAT ) 이내90% 해외권리화 || 90.0만원/support_amount/subtract: 300 천원900 천원350 천원250 대리인비용 별도 의(VAT ) 이내90% 해외권리화 출원비용 지원 || 35.0만원/support_amount/subtract: 300 천원900 천원350 천원250 대리인비용 별도 의(VAT ) 이내90% 해외권리화 출원비용 지원 || 300.0만원/total_support_scale/review: 관납료 등 의 일부 지원) 지원사업 세부사업 최대지원금액 지원규모 해외권리화 특허 실용신안/ 디 자 인 상 표 천원3,000 천원2 || 280.0만원/total_support_scale/review: 지원금액 지원규모 해외권리화 특허 실용신안/ 디 자 인 상 표 천원3,000 천원2,800 천원2,500 국내대리인비용 별도(VAT ) 및 해외출원 비용의 이내90% 지원 신청",,needs_review,large_amount_delta,https://www.bizinfo.go.kr/sii/siia/selectSIIA200Detail.do?pblancId=PBLN_000000000121197
PBLN_000000000121239,[전북] 2026년 산업체 애로기술 해결을 위한 기술자문 참여기업 모집 공고(지역지능화혁신인재양성사업),전북특별자치도,json_only_review,1,1,0,,,unknown,review,,후보 검수 필요,20.0만원/non_cash/recommend_only: 회당 20만원 ◦ 지원비는 자문 결과서류 제출 확인 후 지급 대상자에게 전북TP에서 지급함 2 신청방법 □ 공고기간 : 2026,,safe,clear_selected_candidate,https://www.bizinfo.go.kr/sii/siia/selectSIIA200Detail.do?pblancId=PBLN_000000000121239
PBLN_000000000121291,2026년 비즈니스지원단(현장클리닉) 사업 운영계획 공고,중소벤처기업부,amount_update_ready,3,3,0,35.0,35.0,subsidy,subtract,0.8,확정,35.0만원/subsidy/subtract: 자영업자 등 경영/기술상 애로가 있는 중소기업 관련자 □ 지원조건 ◦ (현장클리닉) 기업당 1일 35만원 (정부지원금 80% + 기업부담금 20%) * 기업당 3일 이내 (특정 분야의 경우 || 35.0만원/subsidy/subtract: 자영업자 등 경영/기술상 애로가 있는 중소기업 관련자 □ 지원조건 ◦ (현장클리닉) 기업당 1일 35만원 (정부지원금 80% + 기 [attachment_text 7: (제2026-302호)_2026년_비즈니스지원단(현장클리닉)_사업_운영계획_공고 || 35.0만원/subsidy/subtract: 자영업자 등 경영/기술상 애로가 있는 중소기업 관련자□지원조건◦(현장클리닉)기업당1일35만원(정부지원금80%+기업부담금20%) * 기업당 3일 이내 (특정 분야의 경우,,safe,clear_selected_candidate,https://www.bizinfo.go.kr/sii/siia/selectSIIA200Detail.do?pblancId=PBLN_000000000121291
PBLN_000000000121311,[전남광주] 2026년 융ㆍ복합 가전산업 고용 안착 활성화 지원 사업 참여기업(참여자) 모집 공고,전남광주통합특별시,amount_update_ready,12,8,4,300.0,300.0,support_amount,subtract,0.3,확정,50.0만원/support_amount/subtract: 기업당 최대 5명) § (지원내용) 신규 채용 인건비(기업) 및 근속 축하금(근로자) 지급구분지원항목지원금액지급 시기 및 기준1인 채용당 최대 지원액채용 기업신규 채용인건비 지원월 50만원1~6개월 차 매월 지급(해당 근로자 고용 유지 시)300만 원신규 입사자근속 축하금100만원6개월 차에 일시 지급(6개월 근속 유지 || 300.0만원/support_amount/subtract: 기업당 최대 5명) § (지원내용) 신규 채용 인건비(기업) 및 근속 축하금(근로자) 지급구분지원항목지원금액지급 시기 및 기준1인 채용당 최대 지원액채용 기업신규 채용인건비 지원월 50만원1~6개월 차 매월 지급(해당 근로자 고용 유지 시)300만 원신규 입사자근속 축하금100만원6개월 차에 일시 지급(6개월 근속 유지 || 100.0만원/support_amount/subtract: 기업당 최대 5명) § (지원내용) 신규 채용 인건비(기업) 및 근속 축하금(근로자) 지급구분지원항목지원금액지급 시기 및 기준1인 채용당 최대 지원액채용 기업신규 채용인건비 지원월 50만원1~6개월 차 매월 지급(해당 근로자 고용 유지 시)300만 원신규 입사자근속 축하금100만원6개월 차에 일시 지급(6개월 근속 유지 || 100.0만원/support_amount/subtract: 기업당 최대 5명) § (지원내용) 신규 채용 인건비(기업) 및 근속 축하금(근로자) 지급구분지원항목지원금액지급 시기 및 기준1인 채용당 최대 지원액채용 기업신규 채용인건비 지원월 50만원1~6개월 차 매월 지급(해당 근로자 고용 유지 시)300만 원신규 입사자근속 축하금100만원6개월 차에 일시 지급(6개월 근속 유지 || 60.0만원/support_amount/subtract: 기업당 최대 5명) § (지원내용) 고용 안착 성공 인센티브 60만원(부사수 6개월 고용유지 시)지원항목지원대상지원금액고용 안착 성공 인센티브신규 입사자(부사수)와 1:1 매칭되어 현장 직무 교육을 전담한 숙련 || 60.0만원/support_amount/subtract: 기업당 최대 5명) § (지원내용) 고용 안착 성공 인센티브 60만원(부사수 6개월 고용유지 시)지원항목지원대상지원금액고용 안착 성공 인센티브신규 입사자(부사수)와 1:1 매칭되어 현장 직무 교육을 전담한 숙련 재직자(사수) 60만원(1회 일시 지급) § (지급방식) 월별 활동 결과보고서 제출 및 부사수 근속 확인 후 재 || ... 후보 2개 추가,unknown:60.0 | unknown:5.0 | unknown:50.0 | unknown:50.0,safe,clear_selected_candidate,https://www.bizinfo.go.kr/sii/siia/selectSIIA200Detail.do?pblancId=PBLN_000000000121311
PBLN_000000000121327,[경북] 상주시 2026년 일자리 공감페이 지원사업 참여기업 모집 공고,경상북도,amount_update_ready,1,1,0,1000.0,1000.0,support_amount,subtract,,확정,1000.0만원/support_amount/subtract: ☞ 상주시 소재 사업장을 가동 중인 상시근로자 5인 이상 기업 ☞ 일자리 창출 우수기업 인센티브(기업당 최대 10백만원 이내) 지원,,safe,clear_selected_candidate,https://www.bizinfo.go.kr/sii/siia/selectSIIA200Detail.do?pblancId=PBLN_000000000121327
PBLN_000000000121348,2026년 한-체코ㆍ한-중국 에너지국제공동R&D 신규지원 대상과제 공고,기후에너지환경부,json_only_review,13,13,0,,,unknown,review,1.0,후보 검수 필요,240000.0만원/total_support_scale/review: 연구개발비 지원규모 및 연구개발기간 등 □ 한-체코 국제공동연구 氠瑢 내역사업 공모형태 (개발형태) 개 요 기술분야 지원과제수 글로벌 시장개척 자유공모 (혁신제품형) ▪지원규모 : 총 24억원 내외(과제당 12억원 내외) (1차년도 7 || 120000.0만원/total_support_scale/review: 연구개발비 지원규모 및 연구개발기간 등 □ 한-체코 국제공동연구 氠瑢 내역사업 공모형태 (개발형태) 개 요 기술분야 지원과제수 글로벌 시장개척 자유공모 (혁신제품형) ▪지원규모 : 총 24억원 내외(과제당 12억원 내외) (1차년도 7 || 75000.0만원/total_support_scale/review: 연구개발비 지원규모 및 연구개발기간 등 □ 한-체코 국제공동연구 氠瑢 내역사업 공모형태 (개발형태) 개 요 기술분야 지원과제수 글로벌 시장개척 자유공모 (혁신제품형) ▪지원규모 : 총 24억원 내외(과제당 12억원 내외) (1차년도 7.5억원(과제당 3 || 37500.0만원/support_amount/subtract: 5억원(과제당 3.75억원 내외) *국내 컨소시엄 연구개발기관 지원금에 해당 ▪개발형태 : 혁신제품형 ▪기 술 료 : 징수 ▪연구개발기간 : 36개월 이내 ▪주관연구개발 || 150000.0만원/total_support_scale/review: ESS 1) □ 한-중국 국제공동연구 氠瑢 내역사업 공모형태 (개발형태) 개 요 기술분야 지원과제수 글로벌 시장개척 자유공모 (혁신제품형) ▪지원규모 : 15억원 내외(1차년도 2 || 25000.0만원/total_support_scale/review: ESS 1) □ 한-중국 국제공동연구 氠瑢 내역사업 공모형태 (개발형태) 개 요 기술분야 지원과제수 글로벌 시장개척 자유공모 (혁신제품형) ▪지원규모 : 15억원 내외(1차년도 2.5억원 내외) *국내 컨소시엄 연구개발기관 지원금에 해당 ▪개발형태 : 혁신제품형 ▪기 술 료 : 징수 ▪연구개발기간 : 36개월 이내 ▪주관 || ... 후보 7개 추가,,needs_review,large_amount_delta,https://www.bizinfo.go.kr/sii/siia/selectSIIA200Detail.do?pblancId=PBLN_000000000121348
PBLN_000000000121397,[강원] 2026년 바이오기업 애로해소 인허가 컨설팅 지원기업 상시모집 공고,강원특별자치도,json_only_review,11,2,9,,,unknown,review,0.1,후보 검수 필요,"1000.0만원/total_support_scale/review: 지원내용□ 지원 분야: 인허가 컨설팅 및 임상시험지원프로그램명지원 내용지원규모인허가 컨설팅- 제품의 기술문서등 국내외 인허가 컨설팅 지원-지원기업 수 : 1개 기업-지원금액 : 10,000천원 이내 || None만원/support_ratio/ratio_cap: [강원] 2026년 바이오기업 애로해소 인허가 컨설팅 지원기업 상시모집 공고 강원특별자치도 기업마당>정책정보>지원사업 공고 기업마당 본문 바로가기 주메뉴 바로가기 기업마당 > 정책정보 > 지원사업 공고 메뉴열기 로그인 정책정보 정책정보 지원사업 공고 품목별 법정의무 인증제도 행사정보 정책뉴스 입법·행정예고/고시 월간 중기",revenue_condition:0.0 | unknown:0.0 | unknown:0.0 | unknown:0.0 | unknown:0.0 | unknown:0.0 | unknown:0.0 | unknown:0.0,needs_review,selected_candidate_missing,https://www.bizinfo.go.kr/sii/siia/selectSIIA200Detail.do?pblancId=PBLN_000000000121397
PBLN_000000000121411,[울산] 울주군 2026년 강소기업 육성 기술 혁신 지원사업 추가모집 공고,울산광역시,json_only_review,12,7,5,,,unknown,review,,후보 검수 필요,"200.0만원/non_cash/recommend_only: 2,000천원 한도 원 지식재산권(A) 원 국내인증(B) 원 || 200.0만원/non_cash/recommend_only: 국내 인증 획득 시험 및 등록비용* 2백만원 23 자부담 10% ② 혁신기술 사업화 기술가치평가 || 1000.0만원/support_amount/subtract: 기술평가 전문기관 연계 지원 10백만원 최대 5백만원 7 특허 선행기술조사 || 500.0만원/support_amount/subtract: 기술평가 전문기관 연계 지원 10백만원 최대 5백만원 7 특허 선행기술조사 || 1000.0만원/consulting_fee/recommend_only: 전시용 샘플 제작(양산품 제외) 최대 10백만원 ③혁신성장 컨설팅 || 500.0만원/consulting_fee/recommend_only: 대기업 협력사 인증 품질경영 컨설팅 비용 지원 5백만원 총 지원 건수 30 *제품 및 기술 인증 : KS || ... 후보 1개 추가",unknown:300.0 | revenue_condition:400000.0 | revenue_condition:300000.0 | revenue_condition:200000.0 | revenue_condition:100000.0,safe,clear_selected_candidate,https://www.bizinfo.go.kr/sii/siia/selectSIIA200Detail.do?pblancId=PBLN_000000000121411
PBLN_000000000121415,[경남] 2026년 경남형 제조 AX 고도화 패스트트랙 지원사업 도입기업 모집 공고,경상남도,json_only_review,10,3,7,,,unknown,review,0.2,후보 검수 필요,20000.0만원/total_support_scale/review: 기업부담금 40% (기업당 2억원)*) * 3번 사업비 편성 참고 ⚬ 지원규모 : 경남도 내 제조기업 3개社 ⚬ 신청대상 : 공고일 기준 경남도에 본사 || 4000.0만원/consulting_fee/recommend_only: 스마트공장 수준진단 기업부담금 중 20%이내(4천만원)에서 현물(인건비)로 계상 가능 4 || None만원/support_ratio/ratio_cap: [경남] 2026년 경남형 제조 AX 고도화 패스트트랙 지원사업 도입기업 모집 공고 경상남도 기업마당>정책정보>지원사업 공고 기업마당 본문 바로가기 주메뉴 바로가기 기업마당 > 정책정보 > 지원사업 공고 메뉴열기 로그인 정책정보 정책정보 지원사업 공고 품목별 법정의무 인증제도 행사정보 정책뉴스 입법·행정예고/고시 월간 중,self_funding:20000.0 | self_funding:16000.0 | total_project_cost:150000.0 | total_project_cost:50000.0 | self_funding:30000.0 | self_funding:16000.0 | unknown:4000.0,needs_review,selected_candidate_missing,https://www.bizinfo.go.kr/sii/siia/selectSIIA200Detail.do?pblancId=PBLN_000000000121415
PBLN_000000000121417,[대구] 2026년 디지털전환 현장캠퍼스 지원대상 기업 모집 공고,대구광역시,amount_update_ready,12,1,11,2000.0,2000.0,support_amount,subtract,1.0,확정,"2000.0만원/support_amount/subtract: 지원내용 ▢ 지원 한도(2,000만원) 내에서 기업의 필요에 따라 필요한 항목만 선택하여 금액을 자유롭게 편성(특정 항목 제외 또는 단일 항목 100% 구성 가능) 후 신청 - 평",unknown:2000.0 | unknown:2000.0 | total_project_cost:2000.0 | self_funding:667.0 | self_funding:2000.0 | total_project_cost:2667.0 | project_budget:667.0 | unknown:1000.0,safe,clear_selected_candidate,https://www.bizinfo.go.kr/sii/siia/selectSIIA200Detail.do?pblancId=PBLN_000000000121417
PBLN_000000000121424,[경북] 고령군 2026년 지역발전 우수기업 환경개선 사업 참가기업 모집 공고,경상북도,amount_update_ready,9,4,5,1000.0,1000.0,support_amount,subtract,0.7,확정,"1000.0만원/support_amount/subtract: 자세한 지원대상 공고문 참조 ☞ 작업환경 및 복지 공간 등 근로자의 근로 환경 개선 비용 기업당 최대 1,000만원 지원 사업신청 방법 이메일 접수(jin940123@gepa || 1000.0만원/support_amount/subtract: 대상자별지원금액:기업당 최대 1,000만원 || 1000.0만원/support_amount/subtract: 임차료나 소모품 등 소모성 경비 제외)□(지원금액)기업당 최대 10,000,000원 □(선정공고)경상북도경제진흥원 홈페이지 및 기업 개별 통지5 || 500.0만원/support_amount/subtract: 신청자격□(지원대상)아래 조건을 하나 이상 충족하는 고령군 소재 중소 제조기업ㅇ 근로자 2인 이상 관외에서 전입한 경우ㅇ 근로자 5인 이상 기업 중 관내 주소자가 일정 비율 이상인 경우□(지원요건)①또는 ②요건 충족 기업 ① 근로자 2인 이상 관외에서 전입한 경우- 근로자 2인: 최대 5,000천원`25",unknown:750.0 | unknown:1000.0 | unknown:500.0 | unknown:750.0 | unknown:1000.0,safe,clear_selected_candidate,https://www.bizinfo.go.kr/sii/siia/selectSIIA200Detail.do?pblancId=PBLN_000000000121424
PBLN_000000000121426,[대구] 2026년 BIT융합캠퍼스(의료ㆍ헬스ㆍ바이오) 지원사업 기업 모집 공고,대구광역시,json_only_review,12,7,5,,,unknown,review,0.25,후보 검수 필요,7500.0만원/total_support_scale/review: 지원개요 ▢ 지원기간 : 공고일 ~ 2026년 12월 31일 ▢ 지원한도 : 과제당 최대 75백만원 - 총사업비 25% 이상 대응투자(현금) 필수(부가가치세 제외 후 25백만원 이상) ▢ 지원규모 : 5개 내외 과제 - 선정기업(과제) 수는 || 2500.0만원/total_support_scale/review: 지원개요 ▢ 지원기간 : 공고일 ~ 2026년 12월 31일 ▢ 지원한도 : 과제당 최대 75백만원 - 총사업비 25% 이상 대응투자(현금) 필수(부가가치세 제외 후 25백만원 이상) ▢ 지원규모 : 5개 내외 과제 - 선정기업(과제) 수는 총 지원예산 범위 내에서 과제별 지원 금액을 고려하여 결정 ▢ 지원방법 : 선 || 7500.0만원/support_amount/subtract: VAT 별도)100백만원75백만원25백만원 이상 RISE -2) 기업집적지 현장캠퍼스 운영 (BIT융합캠퍼스) 대구 RISE 3-2 BIT융합캠퍼스경북대학교 첨단정보통신융합산업기술원- 3 - ▢ 최대 지원 한도(75백만원) 내에서 세부항목 및 금액을 선택 || 3000.0만원/support_amount/subtract: 디자인 및 사용성 평가 등을 위한 위탁연구개발비 지원최대 30백만원연구활동비 || 2500.0만원/non_cash/recommend_only: 신뢰성 확보 및 분석/검사/국내외 인증 수수료 등 시험평가비 지원최대 25백만원학생지원금대학(선택) || 2000.0만원/support_amount/subtract: 프로젝트에 참여하는 대학 소속 학생 연구원 지원금(석ㆍ박사 과정 재학생 한정) 최대 20백만원 || ... 후보 1개 추가,unknown:10000.0 | unknown:7500.0 | unknown:2500.0 | unknown:3000.0 | unknown:7500.0,safe,clear_selected_candidate,https://www.bizinfo.go.kr/sii/siia/selectSIIA200Detail.do?pblancId=PBLN_000000000121426
PBLN_000000000121442,[인천] 2026년 소규모 제조업 중대재해 예방 안전조치 지원사업 참여기업 모집 공고,인천광역시,amount_update_ready,9,4,5,250.0,250.0,support_amount,subtract,,확정,250.0만원/support_amount/subtract: 방호ㆍ보호 장치 구입비용 기업당 최대 250만원 지원 - (검사비)「산업안전보건법 시행령」 제78조에 의한 안전검사대상 기계 등의 정기 안전검사ㆍ재검사(1회) 검사비용 - (방호장치)「산업안 || 250.0만원/support_amount/subtract: 실제 제조 공정을 수행해야함 * 사업장을 달리하는 동일 사업주(사업체)의 경우에도 총 지원가능액은 최대 250만원 氠瑢 2 세부 사업내용 □ 지원내용 ❍ 지원금액 : 기업당 최대 250만원 || 250.0만원/support_amount/subtract: 실제 제조 공정을 수행해야함 * 사업장을 달리하는 동일 사업주(사업체)의 경우에도 총 지원가능액은 최대 250만원 氠瑢 2 세부 사업내용 □ 지원내용 ❍ 지원금액 : 기업당 최대 250만원 || 250.0만원/support_amount/subtract: / 대리 휴대전화 번호 E-mail @ 우선 지원 (증빙필수) 산업재해건수 (최근 3년간) 건 신청사업내용 (해당사항 모두체크) 牭景 안전검사비 牭景 방호장치 牭景 보호구 신청 내용 신청금액 원 * 최대 250만원 기재사항과 제출서류에 허위사실이 없음을 확인하며,unknown:250.0 | unknown:10000.0 | unknown:5000.0 | unknown:2000.0 | unknown:1000.0,safe,clear_selected_candidate,https://www.bizinfo.go.kr/sii/siia/selectSIIA200Detail.do?pblancId=PBLN_000000000121442
PBLN_000000000121444,[경기] 군포시 2026년 품질경쟁력 강화 지원사업 참여기업 모집 공고,경기도,amount_update_ready,13,13,0,300.0,300.0,support_amount,subtract,0.8,확정,300.0만원/support_amount/subtract: 지식재산권 지원(업체당 최대 300만원) || 300.0만원/non_cash/recommend_only: (월) ~ 예산 소진 시까지□ 지원규모 : 9개사 내외/업체당 최대 300만원 (소요비용의 80%)□ 지원대상 : 군포시 관내 중소벤처기업 m 2026년 내 인증획득 및 지식재산권 출원 완료 기업 m 지식재산권의 권리자( || 30.0만원/support_amount/subtract: 선행기술조사비용의 경우 1) 특허청이 지정한 전문기관에서 수행한 건에 한함 2) 관납료 등 우선 지원 후 지원 한도가 남을시 30만원 이내 지원 || 300.0만원/non_cash/recommend_only: 이후 획득한 제품인증 비용 및 출원 완료된 지식재산권 출원 비용 지원 m 총 소요비용의 80% 지원(기업부담 20%) 지원항목건당 지원한도(최대) 지원조건비고국내외인증300만원연 2건 내 교차 지원 가능(총 300만원 한도내)제품인증에 한함환경시스템 인증300만원해외특허(개별국) 300만원 2026년 출원에 한함(PC || 300.0만원/non_cash/recommend_only: 이후 획득한 제품인증 비용 및 출원 완료된 지식재산권 출원 비용 지원 m 총 소요비용의 80% 지원(기업부담 20%) 지원항목건당 지원한도(최대) 지원조건비고국내외인증300만원연 2건 내 교차 지원 가능(총 300만원 한도내)제품인증에 한함환경시스템 인증300만원해외특허(개별국) 300만원 2026년 출원에 한함(PCT) || 300.0만원/non_cash/recommend_only: 이후 획득한 제품인증 비용 및 출원 완료된 지식재산권 출원 비용 지원 m 총 소요비용의 80% 지원(기업부담 20%) 지원항목건당 지원한도(최대) 지원조건비고국내외인증300만원연 2건 내 교차 지원 가능(총 300만원 한도내)제품인증에 한함환경시스템 인증300만원해외특허(개별국) 300만원 2026년 출원에 한함(PCT) || ... 후보 7개 추가,,safe,clear_selected_candidate,https://www.bizinfo.go.kr/sii/siia/selectSIIA200Detail.do?pblancId=PBLN_000000000121444
PBLN_000000000121591,[충남] 2026년 수소상용차 부품 성능 검증 기반 구축 사업 장비활용 지원 수혜기업 상시 모집 공고,충청남도,amount_update_ready,4,4,0,1000.0,1000.0,support_amount,subtract,,확정,"1000.0만원/equipment_usage_fee/recommend_only: ☞ 수소차 관련 기업 및 자동차 부품산업에서 수소차부품으로 사업 전환 또는 고도화를 원하는 중소ㆍ중견기업 ☞ 시험ㆍ평가 장비사용료 10,000천원까지 지원 사업신청 방법 이메일 또는 우편 및 방문 접수 - 2026 || 1000.0만원/equipment_usage_fee/recommend_only: 평가 장비사용료 10,000천원(부가세 제외)까지 지원 - 지원 범위 이상 초과금액은 수혜기업에서 부담(장비사용료+부가세) ❍ 지원기간 : 2026 || 1000.0만원/support_amount/subtract: 10,000천원 이내 지원 10 || 1000.0만원/support_amount/subtract: 000천원 이내 지원 10,000천원/건",,safe,clear_selected_candidate,https://www.bizinfo.go.kr/sii/siia/selectSIIA200Detail.do?pblancId=PBLN_000000000121591
PBLN_000000000121614,[전남광주] 2026년 스마트공장 지원계획 공고,중소벤처기업부,json_only_review,12,2,10,,,unknown,review,0.7,후보 검수 필요,5000.0만원/consulting_fee/recommend_only: 가공 지원5억원(10개사)최대 5천만원(총사업비 70% 이내) 최대 6개월시 비 지 원 금 이 외기 업 자 부 담 처 리(20백만원 내외/총사업비 30% 내외)컨설팅 지원AI 도입계 || 2000.0만원/consulting_fee/recommend_only: 가공 지원5억원(10개사)최대 5천만원(총사업비 70% 이내) 최대 6개월시 비 지 원 금 이 외기 업 자 부 담 처 리(20백만원 내외/총사업비 30% 내외)컨설팅 지원AI 도입계획 수립 및 및 구축과정 중 현장애로 해결 지원,unknown:170000.0 | total_project_cost:40000.0 | total_project_cost:2000.0 | total_project_cost:6000.0 | self_funding:2000.0 | self_funding:2000.0 | total_project_cost:80000.0 | total_project_cost:5000.0,needs_review,selected_candidate_missing,https://www.bizinfo.go.kr/sii/siia/selectSIIA200Detail.do?pblancId=PBLN_000000000121614
PBLN_000000000121617,2026년 조달청 우수제품 지정계획 변경 공고,조달청,no_support_candidate,0,0,0,,,unknown,review,,후보 없음,,,needs_review,candidate_missing,https://www.bizinfo.go.kr/sii/siia/selectSIIA200Detail.do?pblancId=PBLN_000000000121617
PBLN_000000000121664,2026년 IP투자연계 지식재산평가 지원사업 공고,지식재산처,amount_update_ready,19,17,2,1500.0,1500.0,support_amount,subtract,0.8,확정,"1500.0만원/support_amount/subtract: 4) □ 지원 한도 ㅇ 기본 지원율(80%) : 지식재산평가 1건당 평가비용 이내에서 80% 지원 氠瑢 구 분 평가 비용 국고지원액 비 고 특허 가액형 1,500만원 (VAT 별도) 평가비용의 80% 이내 (지원한도 1 || 1200.0만원/support_amount/subtract: 500만원 (VAT 별도) 평가비용의 80% 이내 (지원한도 1,200만원) 평가비용은 평가기관에서 발행한 견적서 기준 등급형 표준형 1 || 1200.0만원/support_amount/subtract: 200만원) 평가비용은 평가기관에서 발행한 견적서 기준 등급형 표준형 1,200만원 (VAT 별도) 평가비용의 80% 이내 (지원한도 960만원) 평가비용은 평가기관에서 발행한 견적서 기준 집중형 750만원 (VAT 별도) 평 || 960.0만원/support_amount/subtract: 200만원 (VAT 별도) 평가비용의 80% 이내 (지원한도 960만원) 평가비용은 평가기관에서 발행한 견적서 기준 집중형 750만원 (VAT 별도) 평가비용의 80% 이내 (지원한도 600만원) 평가비용은 평가기 || 750.0만원/support_amount/subtract: 200만원 (VAT 별도) 평가비용의 80% 이내 (지원한도 960만원) 평가비용은 평가기관에서 발행한 견적서 기준 집중형 750만원 (VAT 별도) 평가비용의 80% 이내 (지원한도 600만원) 평가비용은 평가기관에서 발행한 견적서 기준 상표 가액형 1 || 600.0만원/support_amount/subtract: 200만원 (VAT 별도) 평가비용의 80% 이내 (지원한도 960만원) 평가비용은 평가기관에서 발행한 견적서 기준 집중형 750만원 (VAT 별도) 평가비용의 80% 이내 (지원한도 600만원) 평가비용은 평가기관에서 발행한 견적서 기준 상표 가액형 1 || ... 후보 11개 추가",revenue_condition:30000000.0 | revenue_condition:30000000.0,safe,clear_selected_candidate,https://www.bizinfo.go.kr/sii/siia/selectSIIA200Detail.do?pblancId=PBLN_000000000121664
PBLN_000000000121677,[충남] 2026년 대전상공회의소 ESG 경영 컨설팅 지원사업 참여기업 모집 공고,충청남도,amount_update_ready,1,1,0,300.0,300.0,support_amount,subtract,1.0,확정,300.0만원/support_amount/subtract: 비용 등 고려) □ 비 용 : 전액 지원(최대 300만원),,safe,clear_selected_candidate,https://www.bizinfo.go.kr/sii/siia/selectSIIA200Detail.do?pblancId=PBLN_000000000121677
PBLN_000000000121697,[경북] 2026년 중대재해 예방 사각지대 해소 지원사업 참여기업 모집 공고,경상북도,no_support_candidate,0,0,0,,,unknown,review,,후보 없음,,,needs_review,candidate_missing,https://www.bizinfo.go.kr/sii/siia/selectSIIA200Detail.do?pblancId=PBLN_000000000121697
PBLN_000000000121702,[강원] 2026년 수출단체보험 가입 희망기업 모집 공고(강원특별자치도청 전액 보험료지원),강원특별자치도,support_ratio_ready,1,1,0,,,support_ratio,ratio_cap,0.95,비율 확인,None만원/support_ratio/ratio_cap: [강원] 2026년 수출단체보험 가입 희망기업 모집 공고(강원특별자치도청 전액 보험료지원) 강원특별자치도 기업마당>정책정보>지원사업 공고 기업마당 본문 바로가기 주메뉴 바로가기 기업마당 > 정책정보 > 지원사업 공고 메뉴열기 로그인 정책정보 정책정보 지원사업 공고 품목별 법정의무 인증제도 행사정보 정책뉴스 입법·행정예고/,,needs_review,selected_candidate_missing,https://www.bizinfo.go.kr/sii/siia/selectSIIA200Detail.do?pblancId=PBLN_000000000121702
PBLN_000000000121777,[울산] 2026년 소상공인 산재보험료 지원사업 공고,울산광역시,json_only_review,2,1,1,,,unknown,review,0.8,후보 검수 필요,None만원/support_ratio/ratio_cap: [울산] 2026년 소상공인 산재보험료 지원사업 공고 울산광역시 기업마당>정책정보>지원사업 공고 기업마당 본문 바로가기 주메뉴 바로가기 기업마당 > 정책정보 > 지원사업 공고 메뉴열기 로그인 정책정보 정책정보 지원사업 공고 품목별 법정의무 인증제도 행사정보 정책뉴스 입법·행정예고/고시 월간 중기누리 활용정보 활용정보 기업,unknown:251.12,needs_review,selected_candidate_missing,https://www.bizinfo.go.kr/sii/siia/selectSIIA200Detail.do?pblancId=PBLN_000000000121777
PBLN_000000000121784,[경기] 2026년 로봇직업교육센터 취업 연계 지원사업 참여기업 모집 공고,경기도,json_only_review,5,3,2,,,unknown,review,,후보 검수 필요,"210.0만원/support_amount/subtract: 취업박람회 기업소개 및 면접 부스 지원 - 참여기업당 최대 3명 인건비 지원 - 1인당 인건비(인턴) 2,100천원/월 지원 사업신청 방법 온라인 접수 (경기테크노파크 사업관리시스템) 사업신청 사이트 온라인신청 바로가기 문의처 경기테크노파크 제조로봇팀 031 || 215.69만원/support_amount/subtract: 100천원/월 지원 * 최저임금: 2026년 주 40시간 근무 기준 시 월 2,156,880원 □ 지원금 지급요건 || 215.69만원/support_amount/subtract: 정규직 - 근로시간: 주 40시간 근로 원칙 氠瑢 ∙ 26년 채용에 따른 지급 ex) 26년 11월 채용자는 1개월 분 지급 ∙ 채용 수료생에게 최저임금* 이상 월 급여 지급 및 4대 보험 가입 필수 ∙ 채용 기간은 최소 3개월이며 중도 퇴사 시 지원금 환수(일할 정산) * 최저임금: 2026년 주 40시간 근무 기준 시",unknown:210.0 | unknown:210.0,safe,clear_selected_candidate,https://www.bizinfo.go.kr/sii/siia/selectSIIA200Detail.do?pblancId=PBLN_000000000121784
PBLN_000000000121785,[전남광주] 2026년 소규모 밀착 안전망 구축사업 참여기업 모집 공고(지역 중대재해 예방 사각지대 해소사업),전남광주통합특별시,amount_update_ready,11,6,5,25.0,25.0,support_amount,subtract,,확정,10000.0만원/total_support_scale/review: □ (운영기관) (사)광주경영자총협회 - 2 - 2 지원대상 및 규모 □ (지원대상) 광주광역시 소재 소규모 제조 건설 현장 - (제조업) 상시근로자 5인 이상 ~ 20인 미만 고위험 공정 보유 기업 - (건설업) 공사금액 1억 원 미만의 초소규모 건설현장 □ (지원규모) 총 300개소 (제조업 200개소 || 150.0만원/consulting_fee/recommend_only: / 건설업 100개소) □ (지원제외) 다음 중 하나 이상에 해당하는 기업 또는 사업주 - 정부 또는 지차체 등의 유사한 지원사업에 참여 중인 기업 - 근로기준법 제43조의2에 따라 임금 등을 체불하여 명단이 공개 중인 사업주 - 중대재해 발생 등으로 명단이 공표된 사업장 - 제출서류의 미비 또는 제출서류가 사실과 다른 || 10000.0만원/consulting_fee/recommend_only: 사업장별 현장 진단 결과 반영하여 지원 품목 변동 가능  (건설업) 1억 미만 건설 안전 기동대 운영 - 지원내용구분내용비고현장방호및필수물품지원 이동식가드레일 || 65.0만원/equipment_usage_fee/recommend_only: 방화담요등초기화재진압장비지급현장방문진단과동시에시설물및물품즉각전개 현장기술지도 추락 화재등핵심위험요인원포인트기술지도및신속조치 당일공정맞춤형TBM실습코칭및보호구실착용지도기동대불시/예약방문을통한당일공정맞춤형지도 - 4 - - 지원수준 : 1개소당 최대 65만 원지원분야주요지원품목예시(안) 비고현장방호및통제물품 (추락/접근차단) || 40.0만원/non_cash/recommend_only: 에어로졸/투척식간이소화기세트등 최대40만원안전보호구지급 (신체보호)KS인증안전모 || 25.0만원/support_amount/subtract: 방진마스크최대25만원4 추진절차  (제조업) 5~19인 제조 안전 길잡이 구축①공고및접수⇒②현장위험성평 가⇒③선정및지원품 목 확 정⇒④맞춤형지원및,unknown:10000.0 | unknown:10000.0 | unknown:60.0 | unknown:90.0 | unknown:10000.0,needs_review,large_amount_delta,https://www.bizinfo.go.kr/sii/siia/selectSIIA200Detail.do?pblancId=PBLN_000000000121785
PBLN_000000000121849,전기차 차체ㆍ섀시 충돌안전 기업지원 연장 공고(xEV 보호차체 충돌안전 기업지원사업),경상북도,json_only_review,3,3,0,,,unknown,review,0.5,후보 검수 필요,"3000.0만원/total_support_scale/review: 湯湷 2026년 05월 08일 (재)경북테크노파크원장 지원내용 氠瑢 지원프로그램 지원내용 지원기관 전주기 지원 (패키지형 서비스 지원) ⚫ 지원규모 - 지원금 30,000천원 ⚫ 지원내용 - 설계해석→시제품제작→시험평가 패키지형 - 각 서비스별 세부 항목은 아래 참조 || 1500.0만원/total_support_scale/review: 본 사업을 통해 구축한 장비활용시 우대 GBTP1(1건) GITC2(1건) 시제품 제작 지원 ⚫ 지원규모 - 지원금 15,000천원 ⚫ 지원내용 - xEV 보호차체 분야의 사업화를 위한 시제품 제작 지원 || None만원/support_ratio/ratio_cap: 전기차 차체ㆍ섀시 충돌안전 기업지원 연장 공고(xEV 보호차체 충돌안전 기업지원사업) 경상북도 기업마당>정책정보>지원사업 공고 기업마당 본문 바로가기 주메뉴 바로가기 기업마당 > 정책정보 > 지원사업 공고 메뉴열기 로그인 정책정보 정책정보 지원사업 공고 품목별 법정의무 인증제도 행사정보 정책뉴스 입법·행정예고/고시 월간",,needs_review,selected_candidate_missing,https://www.bizinfo.go.kr/sii/siia/selectSIIA200Detail.do?pblancId=PBLN_000000000121849
PBLN_000000000121853,2026년 업종별 임금체계 개선 지원 사업 참여기업 모집 공고,고용노동부,json_only_review,1,1,0,,,unknown,review,,후보 검수 필요,"8000.0만원/consulting_fee/recommend_only: 8,000 만 원 + 시중 컨설팅 가치 2026 년 IT 업종 임금체계 개선 컨설팅 참여기업 모집 고용노동부 지원 무료 지원 시장임금 및 직무급 Tool 제공",,needs_review,selected_candidate_missing,https://www.bizinfo.go.kr/sii/siia/selectSIIA200Detail.do?pblancId=PBLN_000000000121853
PBLN_000000000121868,2026년 생활화학제품 안전관리 컨설팅 지원사업 참여기업 모집 공고,기후에너지환경부,no_support_candidate,0,0,0,,,unknown,review,,후보 없음,,,needs_review,candidate_missing,https://www.bizinfo.go.kr/sii/siia/selectSIIA200Detail.do?pblancId=PBLN_000000000121868
PBLN_000000000121945,2026년 자이언트캐스팅(다이캐스팅) 부품 시험ㆍ평가ㆍ인증 및 기술지도 지원 시행 공고(자이언트캐스팅 공용센터 기반구축 사업),과학기술정보통신부,amount_update_ready,5,5,0,200.0,200.0,subsidy,subtract,0.5,확정,"1200.0만원/non_cash/recommend_only: 인증 지원 지원기관지원건수지원금액한국기계연구원2건최대 12,000천원 (VAT포함) - 한국기계연구원 기 구축 장비활용 자이언트캐스팅(다이캐스팅) 부품의 성능개발 및 시험 및 평가 지원 실시* 기 구축 장비 내역 || 1000.0만원/equipment_usage_fee/recommend_only: 000천원 (VAT포함) - 한국기계연구원 기 구축 장비활용 자이언트캐스팅(다이캐스팅) 부품의 성능개발 및 시험 및 평가 지원 실시* 기 구축 장비 내역은 부록 참조 - 시험 간 필요한 지그 부품류 및 기타 소모성 부품류 지원 신청 가능 * 지그 부품류 10,000천원 || 200.0만원/subsidy/subtract: 기타 소모성 부품류 2,000천원 한도 * 국비/지방비 지원 금액 변동에 따라 지원 금액 변동 가능성 있음 ② 기술지도 (*신청 필수) 지원기관지원건수지원금액한국기계연구원5건최 || 200.0만원/subsidy/subtract: 000천원 한도 * 국비/지방비 지원 금액 변동에 따라 지원 금액 변동 가능성 있음 ② 기술지도 (*신청 필수) 지원기관지원건수지원금액한국기계연구원5건최대 2,000천원 (VAT포함) - 산업현장 맞춤형 애로기술을 해소하기 위한 전문가 발굴 및 매칭으로 신규 다이캐스팅 부품(기업)의 기술 다각화를 위한 기술지도 || None만원/support_ratio/ratio_cap: 2026년 자이언트캐스팅(다이캐스팅) 부품 시험ㆍ평가ㆍ인증 및 기술지도 지원 시행 공고(자이언트캐스팅 공용센터 기반구축 사업) 과학기술정보통신부 기업마당>정책정보>지원사업 공고 기업마당 본문 바로가기 주메뉴 바로가기 기업마당 > 정책정보 > 지원사업 공고 메뉴열기 로그인 정책정보 정책정보 지원사업 공고 품목별 법정의무 인",,needs_review,large_amount_delta,https://www.bizinfo.go.kr/sii/siia/selectSIIA200Detail.do?pblancId=PBLN_000000000121945
PBLN_000000000121956,2026년 시흥시 (국비)금형 디지털전환 지원사업 기술지도 모집 공고,경기도,json_only_review,3,3,0,,,unknown,review,1.0,후보 검수 필요,"200.0만원/consulting_fee/recommend_only: 스마트 공장 도입 및 고도화 컨설팅(기업당 최대 2,000천원 이내(기업당 5회 내외)) 지원 - 디지털 전환 관련 제조기업의 기술애로 컨설팅 모두 가능 사업신청 방법 이메일 접수 (yj42@sida || 200.0만원/non_cash/recommend_only: 세부내용 □ 지원금액 : 기업당 최대 2,000천원 이내(기업당 5회 내외) □ 지원방식 : 선정기업이 컨설팅을 제공받고 진흥원 지원금은 컨설턴트에게 직접 지급 (기업 부담금 없음) □ 지원항목 || None만원/support_ratio/ratio_cap: 2026년 시흥시 (국비)금형 디지털전환 지원사업 기술지도 모집 공고 경기도 기업마당>정책정보>지원사업 공고 기업마당 본문 바로가기 주메뉴 바로가기 기업마당 > 정책정보 > 지원사업 공고 메뉴열기 로그인 정책정보 정책정보 지원사업 공고 품목별 법정의무 인증제도 행사정보 정책뉴스 입법·행정예고/고시 월간 중기누리 활용정보",,safe,clear_selected_candidate,https://www.bizinfo.go.kr/sii/siia/selectSIIA200Detail.do?pblancId=PBLN_000000000121956
PBLN_000000000122045,2026년 연구조직(기업부설연구소 등) 설립 및 기술ㆍ경영혁신 인증 지원사업 참여기업 모집 공고,대구광역시,json_only_review,4,1,3,,,unknown,review,,후보 검수 필요,40.0만원/fee/review: 컨설팅비용은자문단에게지급ㅇ(인증수수료)이노비즈/메인비즈/번처기업 신규 및 연장 인증수수료의 70%까지 지원(기업당 최대 40만원,revenue_condition:30000.0 | revenue_condition:30000.0 | revenue_condition:5000.0,needs_review,selected_candidate_missing,https://www.bizinfo.go.kr/sii/siia/selectSIIA200Detail.do?pblancId=PBLN_000000000122045
PBLN_000000000122153,[서울] 외식업 경영혁신 컨설팅 지원사업 컨설팅 참여업소 모집 공고,서울특별시,amount_update_ready,5,5,0,60.0,60.0,support_amount,subtract,,확정,60.0만원/support_amount/subtract: 법률 - 인센티브 : 서울배달+땡겨요 앱 내 사장님 지원금 최대 60만원 제공 - 우수사례 선정 시 홍보용 숏폼 제작 지원 사업신청 방법 온라인 접수 (구글 폼) 사업신청 사이트 온라인신청 바로가기 문의처 한국표준협 || 60.0만원/support_amount/subtract: 법무 문제 해소를 위한 자문 ② [인센티브] 서울배달+땡겨요 앱 내 사장님 지원금 최대 60만원 제공 || 20.0만원/non_cash/recommend_only: 땡겨요 입점 필수 - 서울배달+땡겨요 신규 입점 시 사장님 지원금 20만원 지원 - 외식업 경영혁신 컨설팅 이수 완료 시 사장님 지원금 20만원 지원 - 우수사례(10건) 선정 시 사장님 지원금 20만원 추가 지원 ③ || 20.0만원/non_cash/recommend_only: 땡겨요 입점 필수 - 서울배달+땡겨요 신규 입점 시 사장님 지원금 20만원 지원 - 외식업 경영혁신 컨설팅 이수 완료 시 사장님 지원금 20만원 지원 - 우수사례(10건) 선정 시 사장님 지원금 20만원 추가 지원 ③ [우수사례] 우수사례(10건) 선정 시 홍보용 숏폼 제작 지원 나 || 20.0만원/non_cash/recommend_only: 땡겨요 입점 필수 - 서울배달+땡겨요 신규 입점 시 사장님 지원금 20만원 지원 - 외식업 경영혁신 컨설팅 이수 완료 시 사장님 지원금 20만원 지원 - 우수사례(10건) 선정 시 사장님 지원금 20만원 추가 지원 ③ [우수사례] 우수사례(10건) 선정 시 홍보용 숏폼 제작 지원 나,,safe,clear_selected_candidate,https://www.bizinfo.go.kr/sii/siia/selectSIIA200Detail.do?pblancId=PBLN_000000000122153
PBLN_000000000122168,[경북] 경주시 2026년 소규모 사업장 방지시설 설치 지원사업 공고,경상북도,json_only_review,4,1,3,,,unknown,review,0.8,후보 검수 필요,None만원/support_ratio/ratio_cap: [경북] 경주시 2026년 소규모 사업장 방지시설 설치 지원사업 공고 경상북도 기업마당>정책정보>지원사업 공고 기업마당 본문 바로가기 주메뉴 바로가기 기업마당 > 정책정보 > 지원사업 공고 메뉴열기 로그인 정책정보 정책정보 지원사업 공고 품목별 법정의무 인증제도 행사정보 정책뉴스 입법·행정예고/고시 월간 중기누리 활용정보,total_project_cost:50600.0 | unknown:41600.0 | self_funding:9000.0,needs_review,selected_candidate_missing,https://www.bizinfo.go.kr/sii/siia/selectSIIA200Detail.do?pblancId=PBLN_000000000122168
PBLN_000000000122174,2026년 인천 블록체인 바우처 지원사업 수요기업 모집 공고,인천광역시,amount_update_ready,11,7,4,500.0,500.0,support_amount,subtract,,확정,500.0만원/support_amount/subtract: 공고일 기준 2개월 이내 예정기업(확약서) ☞ 블록체인 도입을 희망하는 수요기업을 대상으로 블록체인 기술기업의 솔루션 및 서비스 도입ㆍ활용에 소요되는 비용(최대 5백만원 이내) 지원 - 지원분야(기술 상품 분야) : DID(탈중앙화 신원증명) || 500.0만원/total_support_scale/review: 공고일 기준 2개월 이내 예정기업지원규모m 수요기업 30개사 (기업당 최대 5백만원 이내 지원) 지원기간m 협약체결일 ~ 2026 || 500.0만원/support_amount/subtract: 활용에 소요되는 비용(최대 5백만원 이내) 지원 - 상세 지원 솔루션 및 서비스는 공급기업 선정 후 확정하여 수요기업 모집 공고 시 안내 예정 - 별도 매칭 민간부담금은 없으나 || 500.0만원/support_amount/subtract: 최대 지원금(5백만원) 초과되는 비용 및 부가가치세는 기업 자체 부담 - 1개사당 1개의 솔루션 및 서비스 지원Ⅱ추진절차  추진절차 ( || 500.0만원/support_amount/subtract: 활용에 소요되는 비용(최대 5백만원 이내) 지원 ❍ 상세 지원 솔루션 || 500.0만원/support_amount/subtract: 다만 최대 지원금 5백만원을 초과하는 금액 및 부가가치세에 대하여서는 기업 자체 부담 ❍ 1개사당 1개의 솔루션 || ... 후보 1개 추가,revenue_condition:1000.0 | unknown:500.0 | unknown:500.0 | unknown:500.0,safe,clear_selected_candidate,https://www.bizinfo.go.kr/sii/siia/selectSIIA200Detail.do?pblancId=PBLN_000000000122174
PBLN_000000000122238,[강원] 춘천시 2026년 지식재산 국내분쟁 비용지원 사업 모집 연장 공고,강원특별자치도,amount_update_ready,5,4,1,800.0,800.0,support_amount,subtract,0.3,확정,"800.0만원/support_amount/subtract: 경고장 대응 지원 - 기업당 최대 8,000 천원 이내 지원 사업신청 방법 이메일 접수 (ip15@gwep || 300.0만원/support_amount/subtract: 지원 내용 및 규모구분세부 사업지원 규모기업 분담금지원 한도심판무효심판 건별 3,000 천원 이내현금 30%기업당 최대 8 || 500.0만원/total_support_scale/review: 형사 소송 등)건별 5,000 천원 이내경고장 대응 건별 500 천원 이내 * 건별 총 소요비용 중 지원규모 및 기업분담금 초과 금액은 기업부담3 || 50.0만원/total_support_scale/review: 000 천원 이내경고장 대응 건별 500 천원 이내 * 건별 총 소요비용 중 지원규모 및 기업분담금 초과 금액은 기업부담3",unknown:800.0,needs_review,large_amount_delta,https://www.bizinfo.go.kr/sii/siia/selectSIIA200Detail.do?pblancId=PBLN_000000000122238
PBLN_000000000122268,2026년 2차 메카노바이오활성소재 혁신의료기기 실증 기반구축 생물학적 시험평가인증 지원사업 공고(산업혁신기반구축사업),산업통상부,json_only_review,4,4,0,,,unknown,review,,후보 검수 필요,800.0만원/non_cash/recommend_only: ☞ 의료기기 전ㆍ후방 산업군에 해당하는 전국의 중소ㆍ중견기업 ☞ 설치류 급성전신독성시험 지원(기업당 최대 800만 원 상당) 사업신청 방법 이메일 접수 (hyungsun || 0.0만원/equipment_usage_fee/recommend_only: hwp] 捤獥 汤捯 湰灧 【서식 1】 氠瑢 2026년 시험평가인증(생물학적) 지원사업 신청서 기 업 개 요 기 업 명 대 표 자 사업자등록번호 홈페이지 http:// 소 재 지 (주 소) (우편번호 : ) 업 종 한국표준산업분류코드 (대분류/중분류) 업 태 신 청 개 요 평가기관명 평가장비명 제 품 명 사용 목적 시험항목 || 0.0만원/equipment_usage_fee/recommend_only: pdf] - 1 - 【서식 1】2026년 시험평가인증(생물학적) 지원사업 신청서기업개 요 기 업 명 대 표 자사업자등록번호홈페이지http://소 재 지(주 소)(우편번호 : )업 종한국표준산업분류코드(대분류/중분류) 업 태신청개요 평가기관명평가장비명제 품 명 사용 목적시험항목시험방법(적용 규격) 요구사항사용료예상 일정기재 || 800.0만원/non_cash/recommend_only: 사업내용□ 지원규모산업분야지원분야지원한도지원규모의료기기 및 의료용품 산업설치류 급성전신독성시험1개 기업당 최대 800만 원 상당5개 社□ 지원내용 ◦ GLP(급성전신독성) 시험평가인증 보고서(국문) 발행 ◦ 현금 지원이 아닌 국가독성과학연구소 전북첨단바이오연구본부,,safe,clear_selected_candidate,https://www.bizinfo.go.kr/sii/siia/selectSIIA200Detail.do?pblancId=PBLN_000000000122268
PBLN_000000000122275,[대구] 2026년 2차 지역혁신 중심 대학지원체계(RISE) 사업 협업ㆍ지원대상 기업 모집 공고,교육부,json_only_review,5,2,3,,,unknown,review,0.25,후보 검수 필요,"4400.0만원/total_support_scale/review: (지원규모) 최대 4,400만원(부가세 포함) - 기업 대응 투자금 : 총 사업비의 25% 이상(현물불가*)* 대협약체결일 이후 || 5500.0만원/total_support_scale/review: (지원규모) 최대 5,500만원(부가세 포함) - 기업 대응 투자금 : 총 사업비의 25% 이상(현물불가*)* 협약체결일 이후",unknown:4400.0 | unknown:5500.0 | unknown:5500.0,needs_review,selected_candidate_missing,https://www.bizinfo.go.kr/sii/siia/selectSIIA200Detail.do?pblancId=PBLN_000000000122275
PBLN_000000000122309,2026년 바이오 의료기기 해외 진출 지원 제로트러스트 기반구축사업 참여기업 상시 지원 모집 공고,산업통상부,no_support_candidate,0,0,0,,,unknown,review,,후보 없음,,,needs_review,candidate_missing,https://www.bizinfo.go.kr/sii/siia/selectSIIA200Detail.do?pblancId=PBLN_000000000122309
PBLN_000000000122325,2026년 대전 도심 공실 활용 스마트팜 조성사업 운영사 모집 공고,대전광역시,amount_update_ready,20,3,17,200.0,200.0,support_amount,subtract,0.7,확정,"200.0만원/support_amount/subtract: 월 2백만원 한도 내에서 지원 예정 氠瑢 || 100000.0만원/guarantee/exclude: 사는 협약의 체결과 동시에 이행보증보험증권으로 제출하여야 하며, 보증금액은 시비 10억 원, 보증기간은 운영기간(5년)으로 함 ⚪ 선정된 운영사는 협약 체결 후 시비 청구 || 200.0만원/support_amount/subtract: 월 2백만원 한도 내에서 지원 예정 - 운영현황 및 데이터 분석(분양률",self_funding:43000.0 | total_project_cost:143000.0 | self_funding:100000.0 | self_funding:43000.0 | unknown:302.27 | unknown:302.27 | self_funding:43000.0 | unknown:2000.0,safe,clear_selected_candidate,https://www.bizinfo.go.kr/sii/siia/selectSIIA200Detail.do?pblancId=PBLN_000000000122325
PBLN_000000000122333,2026년 SDV 전장부품 보안 평가센터 기업지원사업 수혜기업 모집 공고,산업통상부,support_ratio_ready,1,1,0,,,support_ratio,ratio_cap,0.1,비율 확인,None만원/support_ratio/ratio_cap: 2026년 SDV 전장부품 보안 평가센터 기업지원사업 수혜기업 모집 공고 산업통상부 기업마당>정책정보>지원사업 공고 기업마당 본문 바로가기 주메뉴 바로가기 기업마당 > 정책정보 > 지원사업 공고 메뉴열기 로그인 정책정보 정책정보 지원사업 공고 품목별 법정의무 인증제도 행사정보 정책뉴스 입법·행정예고/고시 월간 중기누리 활,,needs_review,selected_candidate_missing,https://www.bizinfo.go.kr/sii/siia/selectSIIA200Detail.do?pblancId=PBLN_000000000122333
PBLN_000000000122357,[충북] 2026년 중소기업 경영애로 전문가 컨설팅서비스 참여기업 모집 공고,충청북도,no_support_candidate,0,0,0,,,unknown,review,,후보 없음,,,needs_review,candidate_missing,https://www.bizinfo.go.kr/sii/siia/selectSIIA200Detail.do?pblancId=PBLN_000000000122357
PBLN_000000000122359,[경북] 2026년 지역특화형(고도화) 스마트공장 구축사업 공고,중소벤처기업부,json_only_review,27,11,16,,,unknown,review,0.5,후보 검수 필요,"20000.0만원/support_amount/subtract: 총 2.5억원 내에서 2회(1회차고도화→2회차동일수준)까지 지원하되,회당 최대 2억원 한도,지원비율 50%이내에서 지원가능 * (예) 26년(목표수준 중간1, 고도화 || 10000.0만원/support_amount/subtract: 동일수준) 1억 * 2회차 동일수준 지원은 1회차 고도화 사업 완료(성공 판정) 이후 지원 가능지원유형지원기간정부 지원한도지원 비율구축목표수준 || 5000.0만원/support_amount/subtract: 구축사업을 통해 “고도화”지원받은기업이‘26년도 “동일수준”신청시,기존처럼 최대 0.5억원,6개월 이내 지원 가능(동일수준 지원은 목표수준별 1회만 지원 가능) ◦ 과 거 || 100.0만원/education_fee/recommend_only: 182 * 정산대상 사업비(총사업비) : 정부출연금 + 민간부담금 ②교육비 :스마트공장 기술교육(사업관리교육 및 기술교육)수강 비용(1백만원)필수 편성 ③기술임치비 :스마트공장 구축 결과물의 기술임치비(45만원)필수 편성 ◦ (임치제도) 사업 결과물의 핵심 정보를 보관하여 개발 결과 || 45.0만원/education_fee/recommend_only: 182 * 정산대상 사업비(총사업비) : 정부출연금 + 민간부담금 ②교육비 :스마트공장 기술교육(사업관리교육 및 기술교육)수강 비용(1백만원)필수 편성 ③기술임치비 :스마트공장 구축 결과물의 기술임치비(45만원)필수 편성 ◦ (임치제도) 사업 결과물의 핵심 정보를 보관하여 개발 결과 || 100.0만원/education_fee/recommend_only: 완료보고서 제출 시 수료증 첨부- 집합교육으로 비용 발생(사업계획서에 교육비 100만원 계상) - 8 - -기획지원*컨설팅 사업의 참여를 통해 스마트공장 구축전략 수립 및 사업계획서를 도출한 기업은 구축지도 수행 여부 선택 가능 || ... 후보 5개 추가",unknown:25000.0 | unknown:15000.0 | unknown:20000.0 | unknown:25000.0 | self_funding:21.0 | unknown:5000.0 | unknown:20000.0 | unknown:63740000.0,needs_review,large_amount_delta,https://www.bizinfo.go.kr/sii/siia/selectSIIA200Detail.do?pblancId=PBLN_000000000122359
PBLN_000000000122371,[경기] 제조데이터 기반 디지털전환 실증 참여기업 모집 공고,산업통상부,no_support_candidate,0,0,0,,,unknown,review,,후보 없음,,,needs_review,candidate_missing,https://www.bizinfo.go.kr/sii/siia/selectSIIA200Detail.do?pblancId=PBLN_000000000122371
PBLN_000000000122384,2026년 글로벌산업기술협력센터 사업(M.AX 분야 공동연구) 시행계획 공고,산업통상부,json_only_review,15,7,8,,,unknown,review,1.0,후보 검수 필요,200000.0만원/total_support_scale/review: 기간구분지원규모지원기간글로벌산업기술협력센터공동R&D20억원 내외/년최대 5년(41개월+최대 19개월) || 200000.0만원/support_amount/subtract: 중대형(연간 20억 이내)신규과제 9개 이내 * 지원기간에 따른 계획 및 예산을 사업계획서에 포함하여 제출 || 200000.0만원/total_support_scale/review: 접수 및 선정평가 결과 등에 따라 지원과제수 등 지원 규모는 변경 가능-회계연도 일치 관련 유의 사항구분 안내정부지원연구개발비1차년도(‘26년)는 연간 과제당 지원규모의 5/12(예: 연간 20억과제 기준 8억원 이내)까지 지원2차년도 이후 연간 지원규모(20억원 이내)로 총 정부지원연구개발비 최대 100억원 지원연구개발 || 80000.0만원/total_support_scale/review: 접수 및 선정평가 결과 등에 따라 지원과제수 등 지원 규모는 변경 가능-회계연도 일치 관련 유의 사항구분 안내정부지원연구개발비1차년도(‘26년)는 연간 과제당 지원규모의 5/12(예: 연간 20억과제 기준 8억원 이내)까지 지원2차년도 이후 연간 지원규모(20억원 이내)로 총 정부지원연구개발비 최대 100억원 지원연구개발 || 200000.0만원/total_support_scale/review: 접수 및 선정평가 결과 등에 따라 지원과제수 등 지원 규모는 변경 가능-회계연도 일치 관련 유의 사항구분 안내정부지원연구개발비1차년도(‘26년)는 연간 과제당 지원규모의 5/12(예: 연간 20억과제 기준 8억원 이내)까지 지원2차년도 이후 연간 지원규모(20억원 이내)로 총 정부지원연구개발비 최대 100억원 지원연구개발 || 1000000.0만원/total_support_scale/review: 접수 및 선정평가 결과 등에 따라 지원과제수 등 지원 규모는 변경 가능-회계연도 일치 관련 유의 사항구분 안내정부지원연구개발비1차년도(‘26년)는 연간 과제당 지원규모의 5/12(예: 연간 20억과제 기준 8억원 이내)까지 지원2차년도 이후 연간 지원규모(20억원 이내)로 총 정부지원연구개발비 최대 100억원 지원연구개발 || ... 후보 1개 추가,unknown:200000.0 | project_budget:80000.0 | project_budget:200000.0 | project_budget:200000.0 | project_budget:200000.0 | project_budget:200000.0 | project_budget:120000.0 | project_budget:1000000.0,needs_review,large_amount_delta,https://www.bizinfo.go.kr/sii/siia/selectSIIA200Detail.do?pblancId=PBLN_000000000122384
PBLN_000000000122394,[제주] 2026년 전기차 사용 후 배터리 실증 지원사업(KC인증) 상시모집 공고,제주특별자치도,amount_update_ready,6,5,1,2500.0,2500.0,support_amount,subtract,,확정,"2500.0만원/consulting_fee/recommend_only: kr)에 등록된 기업(제주 산업정보서비스 회원가입 상시 가능) ☞ 제품에 적용된 사용후 배터리 및 활용 개발 제품에 대한 KC 10031 인증 컨설팅 및 인증 획득 지원(1개사당 최대 25,000천원 지원) 사업신청 방법 온라인 접수 (제주산업정보서비스) 사업신청 사이트 온라인신청 바로가기 문의처 제주테크노파크 미래융합사 || 0.0만원/fee/review: 연구활동비전문가활용비00천원 × 5명 × 3회지급수수료 합계 7 || 5000.0만원/non_cash/recommend_only: 사업자등록증 기준 ◦ 지원내용: 전기차 사용후 배터리 활용 신사업 모델 상용화를 위한 KC 인증 지원 ◦ 지원규모: 총 50,000천원 이내 || 2500.0만원/support_amount/subtract: 1개사당 최대 25,000천원 지원3 || 5000.0만원/consulting_fee/recommend_only: 컨설팅비용 등 지원-재사용전지 안전성검사기관을 통한 인증만 인정50,000천원- 지 원 금 액 충 족 시 접 수 마 감-1개사당 최대 2 5",unknown:0.0,needs_review,large_amount_delta,https://www.bizinfo.go.kr/sii/siia/selectSIIA200Detail.do?pblancId=PBLN_000000000122394
PBLN_000000000122433,[대구] 2026년 (Pre)스타기업 육성사업 개별지원 유형별 특성화지원 통합 공고,대구광역시,amount_update_ready,48,29,19,3000.0,3000.0,support_amount,subtract,0.1,확정,1500.0만원/non_cash/recommend_only: 사업재편 관련성 기업 입증 필요◦ 사업재편 자문을 위한 컨설팅 지원 지원금액◦ 사전 R&D 기획지원 : 최대 15백만원 이내◦ IP전략 수립 컨설팅 : 최대 15백만원 이내◦ 전문가 활용 : 최대 5백만원 이내◦ 아이템 발굴 및 승인제도 신청 컨설팅 : 최대 1 || 1500.0만원/non_cash/recommend_only: 사업재편 관련성 기업 입증 필요◦ 사업재편 자문을 위한 컨설팅 지원 지원금액◦ 사전 R&D 기획지원 : 최대 15백만원 이내◦ IP전략 수립 컨설팅 : 최대 15백만원 이내◦ 전문가 활용 : 최대 5백만원 이내◦ 아이템 발굴 및 승인제도 신청 컨설팅 : 최대 15백만원 이내◦ 전문가 활용 : 최대 5백만원 이 || 500.0만원/non_cash/recommend_only: 사업재편 관련성 기업 입증 필요◦ 사업재편 자문을 위한 컨설팅 지원 지원금액◦ 사전 R&D 기획지원 : 최대 15백만원 이내◦ IP전략 수립 컨설팅 : 최대 15백만원 이내◦ 전문가 활용 : 최대 5백만원 이내◦ 아이템 발굴 및 승인제도 신청 컨설팅 : 최대 15백만원 이내◦ 전문가 활용 : 최대 5백만원 이내◦ 기업당 || 1500.0만원/non_cash/recommend_only: 사업재편 관련성 기업 입증 필요◦ 사업재편 자문을 위한 컨설팅 지원 지원금액◦ 사전 R&D 기획지원 : 최대 15백만원 이내◦ IP전략 수립 컨설팅 : 최대 15백만원 이내◦ 전문가 활용 : 최대 5백만원 이내◦ 아이템 발굴 및 승인제도 신청 컨설팅 : 최대 15백만원 이내◦ 전문가 활용 : 최대 5백만원 이내◦ 기업당 || 500.0만원/non_cash/recommend_only: 사업재편 관련성 기업 입증 필요◦ 사업재편 자문을 위한 컨설팅 지원 지원금액◦ 사전 R&D 기획지원 : 최대 15백만원 이내◦ IP전략 수립 컨설팅 : 최대 15백만원 이내◦ 전문가 활용 : 최대 5백만원 이내◦ 아이템 발굴 및 승인제도 신청 컨설팅 : 최대 15백만원 이내◦ 전문가 활용 : 최대 5백만원 이내◦ 기업당 || 3000.0만원/non_cash/recommend_only: 사업재편 관련성 기업 입증 필요◦ 사업재편 자문을 위한 컨설팅 지원 지원금액◦ 사전 R&D 기획지원 : 최대 15백만원 이내◦ IP전략 수립 컨설팅 : 최대 15백만원 이내◦ 전문가 활용 : 최대 5백만원 이내◦ 아이템 발굴 및 승인제도 신청 컨설팅 : 최대 15백만원 이내◦ 전문가 활용 : 최대 5백만원 이내◦ 기업당 || ... 후보 23개 추가,unknown:2000.0 | unknown:1000.0 | unknown:3000.0 | unknown:2000.0 | unknown:2000.0 | unknown:1000.0 | unknown:500.0 | unknown:1000.0,safe,clear_selected_candidate,https://www.bizinfo.go.kr/sii/siia/selectSIIA200Detail.do?pblancId=PBLN_000000000122433
PBLN_000000000122442,[울산] 2026년 기술이전지원사업 기술코칭프로그램 참여기업 모집 공고,울산광역시,json_only_review,1,1,0,,,unknown,review,,후보 검수 필요,20.0만원/total_support_scale/review: 지원규모 : 전문가활용비(200천원 × 2회 이내,,needs_review,selected_candidate_missing,https://www.bizinfo.go.kr/sii/siia/selectSIIA200Detail.do?pblancId=PBLN_000000000122442
PBLN_000000000122454,[경기] 포천시 2026년 현장기술돌봄이 지원사업 모집 공고,경기도,amount_update_ready,14,14,0,90.0,90.0,support_amount,subtract,,확정,90.0만원/support_amount/subtract: ☞ 포천시 소재(본사/공장) 섬유관련 기업 ☞ 조직변환 지원 최대 90만원 이내(회당 최대 3회 || 30.0만원/support_amount/subtract: / 30만원 지원) - 환편기 조직변환에 따른 조시기사 비용 지원 사업신청 방법 팩스 또는 이메일 접수 - 팩스 : 031-539-5095 - 이메일 : || 90.0만원/total_support_scale/review: 지방세 체납 기업 □ (지원기간) 공고일로부터 ~ 예산 소진 시까지 □ (지원규모) 조직변환 지원 최대 90만원 이내(회당 최대 3회 || 30.0만원/support_amount/subtract: / 30만원 지원) 氠瑢 Ⅱ 지원내용 □ 환편기 조직변환에 따른 조시기사 비용 지원 氠瑢 지원 분야 지원 내용 지원 한도 조직변환 지원 ⦁ 환편기 조직변환 || 30.0만원/support_amount/subtract: / 30만원 지원) 氠瑢 Ⅱ 지원내용 □ 환편기 조직변환에 따른 조시기사 비용 지원 氠瑢 지원 분야 지원 내용 지원 한도 조직변환 지원 ⦁ 환편기 조직변환에 따른 조시기사 비용 지원 ⦁ 30만원 이내/회 || 30.0만원/support_amount/subtract: 최대 3회까지 지원 30만원 이내 회당 최대 3회까지 지원 氠瑢 □ 접수기간 : 공고게시일 ~ 예산 소진 시까지 Ⅲ 접수기간 및 방법 □ 접수방법 : FAX 또는 이메일 || ... 후보 8개 추가,,safe,clear_selected_candidate,https://www.bizinfo.go.kr/sii/siia/selectSIIA200Detail.do?pblancId=PBLN_000000000122454
PBLN_000000000122473,2026년 해양수산 연구장비 렌탈지원사업 공고,해양수산부,support_ratio_ready,1,1,0,,,support_ratio,ratio_cap,0.06,비율 확인,None만원/support_ratio/ratio_cap: 2026년 해양수산 연구장비 렌탈지원사업 공고 해양수산부 기업마당>정책정보>지원사업 공고 기업마당 본문 바로가기 주메뉴 바로가기 기업마당 > 정책정보 > 지원사업 공고 메뉴열기 로그인 정책정보 정책정보 지원사업 공고 품목별 법정의무 인증제도 행사정보 정책뉴스 입법·행정예고/고시 월간 중기누리 활용정보 활용정보 기업업무용,,needs_review,selected_candidate_missing,https://www.bizinfo.go.kr/sii/siia/selectSIIA200Detail.do?pblancId=PBLN_000000000122473
PBLN_000000000122492,[충남] 2026년 IP디딤돌 프로그램 창업자 후속지원 대상자 모집 공고,충청남도,json_only_review,7,1,6,,,unknown,review,0.2,후보 검수 필요,"136.0만원/support_amount/subtract: VAT 포함) 지원건수자부담후속지원 특허망 구축(국내출원) 1,360,000원 이내1인 3건 이내20%(면제 불가)PCT 출원 (*VAT 제외) 2",unknown:260.0 | unknown:1400.0 | unknown:1600.0 | unknown:600.0 | unknown:900.0 | unknown:900.0,needs_review,large_amount_delta,https://www.bizinfo.go.kr/sii/siia/selectSIIA200Detail.do?pblancId=PBLN_000000000122492
PBLN_000000000122495,[경기] 2026년 GH 민간협력기술개발사업 과제 공모 공고,경기도,amount_update_ready,6,3,3,7000.0,7000.0,support_amount,subtract,0.7,확정,7000.0만원/support_amount/subtract: 4 지원조건 (1) 공사는 민간협력기술개발사업 지원과제의 총 직접비의 70% (최대 7천만원 || 7000.0만원/support_amount/subtract: 사업비(직접비) 지원․정산방식 - [지원방식] 직접비의 70% 이내로 지원(최대 7천만원/건) - [정산방식] 직접비 사용분을 정산* * 정산 산식은 공모지침서 6 || None만원/support_ratio/ratio_cap: [경기] 2026년 GH 민간협력기술개발사업 과제 공모 공고 경기도 기업마당>정책정보>지원사업 공고 기업마당 본문 바로가기 주메뉴 바로가기 기업마당 > 정책정보 > 지원사업 공고 메뉴열기 로그인 정책정보 정책정보 지원사업 공고 품목별 법정의무 인증제도 행사정보 정책뉴스 입법·행정예고/고시 월간 중기누리 활용정보 활용정보,total_project_cost:7000.0 | total_project_cost:7000.0 | unknown:7000.0,safe,clear_selected_candidate,https://www.bizinfo.go.kr/sii/siia/selectSIIA200Detail.do?pblancId=PBLN_000000000122495
PBLN_000000000122501,2026년 디지털기반 중소사업장 산재예방 기술개발 지원사업 시행계획 공고,중소벤처기업부,json_only_review,26,10,16,,,unknown,review,1.0,후보 검수 필요,66000.0만원/support_amount/subtract: 6.6억원 이내 정부지원연구개발비 지원 || 3000.0만원/support_amount/subtract: 시스템 입력사항 3) 연구시설ㆍ장비 구축ㆍ운영계획(해당 시 작성합니다) (1) 연구시설ㆍ장비 구축계획(구축비용이 3천만원 이상인 경우에는 필수로 작성합니다)(단위: 천원)연구개발기관명연구시설ㆍ장비명현금/현물 구분구축방식*규격수량구축비용구축기간설치장소 * 개발 || 50000.0만원/support_amount/subtract: 청년인력 의무채용 □ 정부지원연구개발비비례청년인력의무채용◦과제당정부지원연구개발비중기업지원금액합계가5억원이상인경우 || 50000.0만원/support_amount/subtract: 군 복무 기간에 비례하여 최대 만 39세까지 인정)-(적용대상)정부지원연구개발비를5억원이상지원받는중소기업-1년이상고용을유지해야하며 || 220000.0만원/total_support_scale/review: 각종 안전 솔루션 등 ◦(실증)도입기업(5 0인미만또는소규모건설현장을보유한중소기업)을T e st-B e d로활용□ 지원규모 :‘26년22억원내외(20개과제내외) * 지원규모는 신청 과제 수 및 기업신청 금액 등에 따라 조정될 수 있음□ 지원유형 및 분야 : 품목지정 (품목 내 자유공 || 66000.0만원/support_amount/subtract: 6.6억원이내내역 사업개발기간 및 지원한도기관부담연구개발비 비중디지털기반 중소사업장 산재예방 기술개발최대 2년 || ... 후보 4개 추가,unknown:3000000.0 | unknown:3000.0 | unknown:10000.0 | unknown:50000.0 | unknown:50000.0 | unknown:70000.0 | unknown:80000.0 | unknown:150000.0,needs_review,large_amount_delta,https://www.bizinfo.go.kr/sii/siia/selectSIIA200Detail.do?pblancId=PBLN_000000000122501
PBLN_000000000122526,[경북] 2026년 중대재해 예방 사각지대 해소 지원사업 참여기업 모집 변경 공고,경상북도,no_support_candidate,0,0,0,,,unknown,review,,후보 없음,,,needs_review,candidate_missing,https://www.bizinfo.go.kr/sii/siia/selectSIIA200Detail.do?pblancId=PBLN_000000000122526
PBLN_000000000122563,[충남] 천안시 2026년 기술이전ㆍ가치평가 지원사업 참여기업 모집 공고,충청남도,amount_update_ready,30,16,14,900.0,900.0,support_amount,subtract,0.9,확정,150.0만원/support_amount/subtract: 사무소 등 지원내용 IP창출(특허출원) - 출원비용 90% 지원(기업 자부담 10%) - 최대 150만원 지원(VAT 기업 별도 부담) IP거래(기술이전) - 이전비용 90% 지원(기업 자부담 10%) - 최대 900만원 지원(VAT 기업 별도 부 || 900.0만원/support_amount/subtract: 사무소 등 지원내용 IP창출(특허출원) - 출원비용 90% 지원(기업 자부담 10%) - 최대 150만원 지원(VAT 기업 별도 부담) IP거래(기술이전) - 이전비용 90% 지원(기업 자부담 10%) - 최대 900만원 지원(VAT 기업 별도 부담) IP활용(기술가치평가) 기술가치평가 비용 90% 지원(기업 자부담 10 || 150.0만원/support_amount/subtract: 투자유치 등의 목적으로 보유 특허의 가치평가를 필요로 하는 관내 전략산업 중소기업에게 기술가치평가 지원 구분 지원내용 기업 자부담 IP창출 (특허출원) 특허출원 비용 90% 지원 최대 150만원 지원 특허출원 비용 10% 및 부가가치세(VAT) 기업 부담 IP거래 (기술이전) 기술이전 비용 90% 지원 최대 900만원 지 || 900.0만원/support_amount/subtract: 투자유치 등의 목적으로 보유 특허의 가치평가를 필요로 하는 관내 전략산업 중소기업에게 기술가치평가 지원 구분 지원내용 기업 자부담 IP창출 (특허출원) 특허출원 비용 90% 지원 최대 150만원 지원 특허출원 비용 10% 및 부가가치세(VAT) 기업 부담 IP거래 (기술이전) 기술이전 비용 90% 지원 최대 900만원 지 || 900.0만원/support_amount/subtract: (기술가치평가) 기술가치평가 90% 지원 최대 900만원 지원 기술가치평가 비용 10% 및 부가가치세(VAT) 기업 부담 || 150.0만원/support_amount/subtract: 기술가치평가 기간) - IP창출(특허출원) : 천안과학산업진흥원과 참여기업 간 체결된 협약 기간 내 완료 - IP거래(기술이전) : 천안과학산업진흥원과 참여기업 간 체결된 협약 기간 내 완료 - IP활용(기술가치평가) : 평가기관과 협의를 통해 평가방법 및 평가기간 결정 󰏅 (지원비용) - IP창출(특허출원) : 기업당 || ... 후보 10개 추가,unknown:900.0 | unknown:150.0 | unknown:3600.0 | unknown:900.0 | unknown:2700.0 | unknown:900.0 | unknown:500.0 | unknown:900.0,safe,clear_selected_candidate,https://www.bizinfo.go.kr/sii/siia/selectSIIA200Detail.do?pblancId=PBLN_000000000122563
PBLN_000000000122585,2026년 2차 미래차 전자제어부품 산업 고도화 기반구축 기업지원 수혜기업 모집 공고,산업통상부,json_only_review,9,9,0,,,unknown,review,,후보 검수 필요,"1500.0만원/support_amount/subtract: 기구부 개발 기술지원1건(건당 최대 1,500만원)~ 6 || 2000.0만원/non_cash/recommend_only: 9(화) 18:00까지협약일 ~ 9월시제품제작 지원전자제어부품 및 전장부품 관련 R&D 시작품 및 시제품 제작 지원1건(건당 최대 2,000만원)사업화지원국내외 인증 || 1000.0만원/equipment_usage_fee/recommend_only: 해외수출 지원3건 내외(건당 최대 1,000만원) 협약일 ~ 10월시험평가지원주관 및 참여기관 보유 장비 활용 시험 || 100.0만원/non_cash/recommend_only: 인증 지원15건(건당 최대 100만원)상시접수공고일 ~ 10월상시지원부품임대지원[벤츠 EQA 250 || 1500.0만원/support_amount/subtract: 이 외 기업 에서 필 요로 하 는 지원 사항 협 의가능최대 1,500만원이내/건1건영남대1) HW개발- ECU 회로 설계 및 해석 기술 지원- 방열 분석 및 최적화 개발 지원- 전기장 분석 및 EMI 시뮬레이션 지원 || 1000.0만원/consulting_fee/recommend_only: 컨설팅 비용 등 최대 1,000만원이내/건3건내외GITCGBTP 지재권 창출 지원- 국내외 특허 || ... 후보 3개 추가",,needs_review,large_amount_delta,https://www.bizinfo.go.kr/sii/siia/selectSIIA200Detail.do?pblancId=PBLN_000000000122585
PBLN_000000000122589,2026년 제조산업 공정작업용 로봇 엔드이펙터 실증 기반 구축 사업 지원 기업 모집 공고,산업통상부,no_support_candidate,0,0,0,,,unknown,review,,후보 없음,,,needs_review,candidate_missing,https://www.bizinfo.go.kr/sii/siia/selectSIIA200Detail.do?pblancId=PBLN_000000000122589
PBLN_000000000122609,2026년 경북AI데이터센터 테스트베드 실증지원 공고(데이터센터 테스트베드 조성 지원),경상북도,support_ratio_ready,1,1,0,,,support_ratio,ratio_cap,0.9990000000000001,비율 확인,None만원/support_ratio/ratio_cap: 2026년 경북AI데이터센터 테스트베드 실증지원 공고(데이터센터 테스트베드 조성 지원) 경상북도 기업마당>정책정보>지원사업 공고 기업마당 본문 바로가기 주메뉴 바로가기 기업마당 > 정책정보 > 지원사업 공고 메뉴열기 로그인 정책정보 정책정보 지원사업 공고 품목별 법정의무 인증제도 행사정보 정책뉴스 입법·행정예고/고시 월간,,needs_review,selected_candidate_missing,https://www.bizinfo.go.kr/sii/siia/selectSIIA200Detail.do?pblancId=PBLN_000000000122609
PBLN_000000000122623,[전북] 2026년 2차 자동차 대체부품 분야 기업지원 사업 공고,전북특별자치도,amount_update_ready,7,7,0,25586.3,25586.3,support_amount,subtract,0.15,확정,"7810.0만원/non_cash/recommend_only: 자동차 대체부품 인증심사 대상 품목 참고 지원규모 (지역) 군산시 : 78,100,000원 1건(품목) 내외 지원 ‣ 기업부담(현금+현물)금은 총사업비의 20%이상 - 현금비율은 기업부담금의 75% 이상 || 49493.7만원/non_cash/recommend_only: 자동차 대체부품 인증심사 대상 품목 참고 지원규모 (지역) 군산시 : 494,937,000원 4건(품목) 내외 지원 김제시 : 255 || 25586.3만원/support_amount/subtract: 000원 4건(품목) 내외 지원 김제시 : 255,863,000원 ‣ 국산차 부품 : 최대 2억원/과제 - 기업별 수혜 이력에 따라 과제당 최대 지원금 차등 지원 氠瑢 구분 2회이상 3회이상 4회이상 汤捯 최 || 20000.0만원/support_amount/subtract: 000원 ‣ 국산차 부품 : 최대 2억원/과제 - 기업별 수혜 이력에 따라 과제당 최대 지원금 차등 지원 氠瑢 구분 2회이상 3회이상 4회이상 汤捯 최대지원금 -10% -15% -20 || 25000.0만원/support_amount/subtract: 000원 ‣ 국산차 부품 : 최대 2억원/과제 - 기업별 수혜 이력에 따라 과제당 최대 지원금 차등 지원 氠瑢 구분 2회이상 3회이상 4회이상 汤捯 최대지원금 -10% -15% -20% ‣ 해외차 부품 : 최대 2.5억원/과제 - 기업별 수혜 이력에 따라 과제당 최대 지원금 차등 지원 氠瑢 구분 2회이상 3회이상 4회이상 || 20000.0만원/total_support_scale/review: kr)에서만 접수 가능 (2-2) (2026년도 사업)사업화 역량강화 패키지 지원 氠瑢 사업구분 사업화 역량강화 패키지 지원 지원개요 ‣ 대체부품 관련 기 개발기업 대상으로 국내/외 시장진출을 위한 사업화로 기업맞춤형 패키지 지원 지원건수 ‣ 5건 (예산 : 200백만원) 지원규모 汤捯 ‣ 50백만원/1과제 이내 - 기업 || ... 후보 1개 추가",,needs_review,large_amount_delta,https://www.bizinfo.go.kr/sii/siia/selectSIIA200Detail.do?pblancId=PBLN_000000000122623
PBLN_000000000122627,[서울] 2026년 2차 서울형 R&D 지원사업 테스트베드서울 통합 공고,서울특별시,no_support_candidate,0,0,0,,,unknown,review,,후보 없음,,,needs_review,candidate_missing,https://www.bizinfo.go.kr/sii/siia/selectSIIA200Detail.do?pblancId=PBLN_000000000122627
PBLN_000000000122640,[경북] 2026년 경북산업기술단지 거점기능강화사업 기술닥터제 활성화 지원사업 공고,중소벤처기업부,json_only_review,6,2,4,,,unknown,review,1.0,후보 검수 필요,"300000.0만원/consulting_fee/recommend_only: 2026년 월 일 氠瑢 위 확인인 소 속 : 주민등록번호 : 성 명 : (인) (재)경북테크노파크 원장 귀하 氠瑢 영 수 증 금 원정 (금 원정) 위 금액을 2026년 『2026년 기술닥터제 활성화 지원사업』의 현장애로기술 지원기업 (지원기업명) 컨설팅 및 자문료(1회 300,000만원 × 회)로 정히 영수 합니다 || None만원/support_ratio/ratio_cap: [경북] 2026년 경북산업기술단지 거점기능강화사업 기술닥터제 활성화 지원사업 공고 중소벤처기업부 기업마당>정책정보>지원사업 공고 기업마당 본문 바로가기 주메뉴 바로가기 기업마당 > 정책정보 > 지원사업 공고 메뉴열기 로그인 정책정보 정책정보 지원사업 공고 품목별 법정의무 인증제도 행사정보 정책뉴스 입법·행정예고/고시 월",revenue_condition:0.0 | revenue_condition:0.0 | revenue_condition:0.0 | revenue_condition:0.0,needs_review,selected_candidate_missing,https://www.bizinfo.go.kr/sii/siia/selectSIIA200Detail.do?pblancId=PBLN_000000000122640
PBLN_000000000122644,[경북] 2026년 2차 미래자동차 사업재편 혁신성장 지원사업 공고,경상북도,json_only_review,3,2,1,,,unknown,review,,후보 검수 필요,"3200.0만원/total_support_scale/review: 중견기업의 미래자동차 사업재편 혁신성장 지원을 통해 미래자동차 부품분야로 전환 □ 신청자격 ❍ 중소기업: 중소기업기본법 제2조의 제1항 및 같은 법 시행령 제3조 (중소 기업 범위)에 따른 기업 ❍ 중견기업: 중견기업 성장촉진 및 경쟁력 강화에 관한 특별법 제2조 1호 의 기업 ❍ 법인사업자만 신청가능하며 개인사업자는 신 || 400.0만원/consulting_fee/recommend_only: 아이템발굴 등 * 선정된 기업은 후년 사업에서 심화컨설팅 지원시 우대 예정 건당: 4,000천원 사업재편 승인기업 후속지원 (1건) ① 지식재산(IP) 획득 컨설팅 지원 ･ 사업재편 승인 기업이 이행 과정에서 필요한 지식재산권 획득을 지원",unknown:400.0,needs_review,selected_candidate_missing,https://www.bizinfo.go.kr/sii/siia/selectSIIA200Detail.do?pblancId=PBLN_000000000122644
PBLN_000000000122650,[충북] 2026년 연구개발장비 공동활용 기업애로상담 프로그램 수요기업 모집 공고,충청북도,no_support_candidate,0,0,0,,,unknown,review,,후보 없음,,,needs_review,candidate_missing,https://www.bizinfo.go.kr/sii/siia/selectSIIA200Detail.do?pblancId=PBLN_000000000122650
PBLN_000000000122670,2026년 산업통상부-공공기관 기술나눔 공고,산업통상부,no_support_candidate,0,0,0,,,unknown,review,,후보 없음,,,needs_review,candidate_missing,https://www.bizinfo.go.kr/sii/siia/selectSIIA200Detail.do?pblancId=PBLN_000000000122670
PBLN_000000000122718,[충북] 2026년 유망기업 IP투자연계 지식재산평가 지원사업 모집 재공고,충청북도,amount_update_ready,12,11,1,1500.0,1500.0,support_amount,subtract,0.8,확정,"1500.0만원/support_amount/subtract: 자세한 지원대상 공고문 참조 ☞ 발명진흥법 제28조에 따라 지정된 발명 등의 평가기관이 수행하는 지식재산가치평가에 소요되는 평가비용(기업당 최대 1,500만원 이내) 지원 - 지식재산평가 1건당 평가비용 이내에서 80% 지원 사업신청 방법 이메일 접수 (mjkwon@cbtp || 1500.0만원/support_amount/subtract: 지원 내용 □ 발명진흥법 제28조에 따라 지정된 발명 등의 평가기관이 수행하는 지식재산가치평가에 소요되는 평가비용을 지원 □ 기업당 최대 1,500만원 이내 || 1500.0만원/support_amount/subtract: / 총 10개사 *공급가격 내 지원 □ 지원 한도 ㅇ 기본 지원율(80%) : 지식재산평가 1건당 평가비용 이내에서 80% 지원구 분 평가 비용국고지원액 비 고특허가액형1,500만원(VAT 별도)평가비용의 80% 이내(지원한도 1 || 1200.0만원/support_amount/subtract: 500만원(VAT 별도)평가비용의 80% 이내(지원한도 1,200만원)평가비용은 평가기관에서발행한 견적서 기준등급형표준형1200만원(VAT별도)평가비용의 80% 이내(지원한도 960만원)집중형750만원(VAT별도 || 1200.0만원/support_amount/subtract: 200만원)평가비용은 평가기관에서발행한 견적서 기준등급형표준형1200만원(VAT별도)평가비용의 80% 이내(지원한도 960만원)집중형750만원(VAT별도)평가비용의 80% 이내(지원한도 600만원)상표가액형1 || 960.0만원/support_amount/subtract: 200만원)평가비용은 평가기관에서발행한 견적서 기준등급형표준형1200만원(VAT별도)평가비용의 80% 이내(지원한도 960만원)집중형750만원(VAT별도)평가비용의 80% 이내(지원한도 600만원)상표가액형1 || ... 후보 5개 추가",revenue_condition:30000000.0,safe,clear_selected_candidate,https://www.bizinfo.go.kr/sii/siia/selectSIIA200Detail.do?pblancId=PBLN_000000000122718
PBLN_000000000122724,[충북] 청주시 2026년 2차 공정혁신시뮬레이션센터 구축 및 운영사업 기술지원 수혜기업 모집 연장 공고,산업통상부,amount_update_ready,5,4,1,1600.0,1600.0,support_amount,subtract,,확정,"1600.0만원/consulting_fee/recommend_only: 제품 설계 및 해석 기술지원 - (비용지원) 기업당 최대 1,600만원 - (현물지원) 컨설팅/기술자문 및 소프트웨어 원격 활용 지원 || 1600.0만원/support_amount/subtract: 설계 및 해석 기술 서비스 활용 비용지원 - 제품 모델링(설계) 및 해석 지원 - 공정 모델링(설계) 및 해석 지원 비용지원 최대 1,600만원 (기업당) 200만원 이상 23개社 내외 충북테크노파크 || 1600.0만원/consulting_fee/recommend_only: 제품 설계 및 해석 기술지원 - - 40개社 내외 m 지원규모 ① (비용지원) 23개社 내외(기업당 최대 1,600만원) ② (현물지원) - 컨설팅/기술자문 및 소프트웨어 원격 활용지원 : 104개社 내외 - 시뮬레이션 기술지원 : 40개社 내외 3 || 1600.0만원/consulting_fee/recommend_only: 지원내용 m 세부 지원내용 m 지원규모 ① (비용지원) 23개社 내외(기업당 최대 1,600만원) ② (현물지원) - 컨설팅/기술자문 및 소프트웨어 원격 활용지원 : 104개社 내외 - 시뮬레이션 기술지원 : 40개社 내외 3",unknown:200.0,safe,clear_selected_candidate,https://www.bizinfo.go.kr/sii/siia/selectSIIA200Detail.do?pblancId=PBLN_000000000122724
PBLN_000000000122726,[강원] 2026년 바이오기업 성장 촉진 및 고용 활성화 지원기업 상시 모집 공고(지역산업맞춤형 일자리창출 지원사업),강원특별자치도,json_only_review,15,7,8,,,unknown,review,,후보 검수 필요,"700.0만원/support_amount/subtract: 시제품 공정개선 및 최적화 등 개발 비용 지원 7,000천원 6개사 3 온 || 700.0만원/non_cash/recommend_only: 기존 제품 홍보용 샘플(소용량 증정용 제품) 제작 비용 지원 7,000천원 6개사 5 국내외 규격인증 획득 지원 || 700.0만원/consulting_fee/recommend_only: 컨설팅 비용 지원 7,000천원 6개사 6 국외전시회 참가 지원 || 40.0만원/support_amount/subtract: 신규채용자 초기 정주여건 마련을 위한 주거비용 지원 - 신규채용자 월세 지원 - 1인당 400천원 x 6개월 || 40.0만원/support_amount/subtract: 기업당 최대 6명 400천원x6개월 30명 내외 ․ 공고일 현재 ‘강원도’에 소재하고 있는 사업자로 강원도에 4대 사회보험을 납부하고 있어야 함 ․ 지원기간 내 과업수행 || 700.0만원/non_cash/recommend_only: 기존 신청기업 선정결과에 따라 지원규모(기업 수) 변경 가능 지원기관지원사업지원내용지원규모(재)춘천바이오산업진흥원기업지원사업제품 고급화 지원7,000천원 x 4개사국내외 규격인증 획득 지원7 || ... 후보 1개 추가",unknown:700.0 | unknown:700.0 | unknown:1000.0 | unknown:500.0 | unknown:1000.0 | unknown:500.0 | unknown:40.0 | unknown:40.0,needs_review,large_amount_delta,https://www.bizinfo.go.kr/sii/siia/selectSIIA200Detail.do?pblancId=PBLN_000000000122726
PBLN_000000000122744,2026년 2차 GLP(세포독성) 시험평가인증 지원사업 공고(메카노바이오활성소재 혁신의료기기 실증 기반구축),산업통상부,json_only_review,2,2,0,,,unknown,review,,후보 검수 필요,0.0만원/equipment_usage_fee/recommend_only: hwp] 捤獥 汤捯 湰灧 【서식 1】 氠瑢 2026년 GLP(세포독성) 시험평가인증 지원사업 신청서 기 업 개 요 기 업 명 대 표 자 사업자등록번호 홈페이지 http:// 소 재 지 (주 소) (우편번호 : ) 업 종 한국표준산업분류코드 (대분류/중분류) 업 태 신 청 개 요 평가기관명 평가장비명 제 품 명 사용 목적 || 0.0만원/equipment_usage_fee/recommend_only: pdf] - 1 - 【서식 1】2026년 GLP(세포독성) 시험평가인증 지원사업 신청서기업개 요 기 업 명 대 표 자사업자등록번호홈페이지http://소 재 지(주 소)(우편번호 : )업 종한국표준산업분류코드(대분류/중분류) 업 태신청개요 평가기관명평가장비명제 품 명 사용 목적시험항목시험방법(적용 규격) 요구사항사용료예상,,needs_review,selected_candidate_missing,https://www.bizinfo.go.kr/sii/siia/selectSIIA200Detail.do?pblancId=PBLN_000000000122744
PBLN_000000000122761,"2026년 2차 재생에너지R&D(태양광, 풍력) 신규지원대상 연구개발과제 공고",기후에너지환경부,json_only_review,3,1,2,,,unknown,review,1.0,후보 검수 필요,"None만원/support_ratio/ratio_cap: 2026년 2차 재생에너지R&D(태양광, 풍력) 신규지원대상 연구개발과제 공고 기후에너지환경부 기업마당>정책정보>지원사업 공고 기업마당 본문 바로가기 주메뉴 바로가기 기업마당 > 정책정보 > 지원사업 공고 메뉴열기 로그인 정책정보 정책정보 지원사업 공고 품목별 법정의무 인증제도 행사정보 정책뉴스 입법·행정예고/고시 월간",unknown:2050000.0 | unknown:2050000.0,needs_review,selected_candidate_missing,https://www.bizinfo.go.kr/sii/siia/selectSIIA200Detail.do?pblancId=PBLN_000000000122761
PBLN_000000000122793,2026년 연구개발특구 딥테크 스타트업 챌린지 기업모집 공고,과학기술정보통신부,amount_update_ready,15,4,11,300000.0,300000.0,support_amount,subtract,,확정,100000.0만원/support_amount/subtract: (투자규모) 기업당 10억원 내외(총 30억원 내외) □ 후속 R&D 지원(과제별 6억원 내외) || 300000.0만원/support_amount/subtract: (투자규모) 기업당 10억원 내외(총 30억원 내외) □ 후속 R&D 지원(과제별 6억원 내외) || 60000.0만원/support_amount/subtract: (투자규모) 기업당 10억원 내외(총 30억원 내외) □ 후속 R&D 지원(과제별 6억원 내외) || 60000.0만원/total_support_scale/review: (지원사업 개요) - 사업명 : 2027년도 연구개발특구육성사업-전략기술사업화(일반형R&BD) - 지원규모/기간 : 6억원 내외,unknown:1700.0 | unknown:500.0 | unknown:200.0 | unknown:100.0 | unknown:100000.0 | unknown:1700.0 | unknown:500.0 | unknown:300.0,safe,clear_selected_candidate,https://www.bizinfo.go.kr/sii/siia/selectSIIA200Detail.do?pblancId=PBLN_000000000122793
PBLN_000000000122820,2026년 한국형 ARPA-H 프로젝트 신규지원 대상과제 통합 공고,보건복지부,json_only_review,28,3,25,,,unknown,review,1.0,후보 검수 필요,"1800000.0만원/total_support_scale/review: 평가 결과 등에 따라 변동 가능 임무 RFP 번호 RFP명 지원규모 지원기간 * 선정예정 과제 수 ① 보건 안보 1 장기 면역 유도 백신 플랫폼 개발 총 18,000백만원 이내 연간 최대 4 || 1800000.0만원/consulting_fee/recommend_only: 5+2+1) 이내 3개 이내 5 양자센싱 기반 초고감도/조기진단 기술개발 총 18,000백만원 이내 연간 최대 4 || None만원/support_ratio/ratio_cap: 2026년 한국형 ARPA-H 프로젝트 신규지원 대상과제 통합 공고 보건복지부 기업마당>정책정보>지원사업 공고 기업마당 본문 바로가기 주메뉴 바로가기 기업마당 > 정책정보 > 지원사업 공고 메뉴열기 로그인 정책정보 정책정보 지원사업 공고 품목별 법정의무 인증제도 행사정보 정책뉴스 입법·행정예고/고시 월간 중기누리 활용정보",unknown:400000.0 | unknown:100000.0 | unknown:1800000.0 | unknown:400000.0 | unknown:100000.0 | unknown:1800000.0 | unknown:400000.0 | unknown:100000.0,needs_review,selected_candidate_missing,https://www.bizinfo.go.kr/sii/siia/selectSIIA200Detail.do?pblancId=PBLN_000000000122820
PBLN_000000000122825,2026년 제3회 신제품(NEP)지정 신규신청(100대 전략품목 포함) 및 유효기간 연장신청 접수 공고,산업통상부,support_ratio_ready,1,1,0,,,support_ratio,ratio_cap,0.15,비율 확인,None만원/support_ratio/ratio_cap: 2026년 제3회 신제품(NEP)지정 신규신청(100대 전략품목 포함) 및 유효기간 연장신청 접수 공고 산업통상부 기업마당>정책정보>지원사업 공고 기업마당 본문 바로가기 주메뉴 바로가기 기업마당 > 정책정보 > 지원사업 공고 메뉴열기 로그인 정책정보 정책정보 지원사업 공고 품목별 법정의무 인증제도 행사정보 정책뉴스 입법·,,needs_review,selected_candidate_missing,https://www.bizinfo.go.kr/sii/siia/selectSIIA200Detail.do?pblancId=PBLN_000000000122825
PBLN_000000000122826,2026년 제3회 신기술(NET)지정 신규신청(100대 전략품목 포함) 및 유효기간 연장신청 접수 공고,산업통상부,support_ratio_ready,1,1,0,,,support_ratio,ratio_cap,0.15,비율 확인,None만원/support_ratio/ratio_cap: 2026년 제3회 신기술(NET)지정 신규신청(100대 전략품목 포함) 및 유효기간 연장신청 접수 공고 산업통상부 기업마당>정책정보>지원사업 공고 기업마당 본문 바로가기 주메뉴 바로가기 기업마당 > 정책정보 > 지원사업 공고 메뉴열기 로그인 정책정보 정책정보 지원사업 공고 품목별 법정의무 인증제도 행사정보 정책뉴스 입법·,,needs_review,selected_candidate_missing,https://www.bizinfo.go.kr/sii/siia/selectSIIA200Detail.do?pblancId=PBLN_000000000122826
PBLN_000000000122852,2026년 하반기 우수 상용품 시범사용 제안제품 접수 공고,국방부,no_support_candidate,1,0,1,,,unknown,review,,후보 없음,,unknown:2000.0,needs_review,selected_candidate_missing,https://www.bizinfo.go.kr/sii/siia/selectSIIA200Detail.do?pblancId=PBLN_000000000122852
PBLN_000000000122863,[경북] 2026년 제조업AI융합기반조성사업 경북AX랩 활용기업 모집 공고,경상북도,no_support_candidate,0,0,0,,,unknown,review,,후보 없음,,,needs_review,candidate_missing,https://www.bizinfo.go.kr/sii/siia/selectSIIA200Detail.do?pblancId=PBLN_000000000122863
PBLN_000000000122891,2026년 2차 전력정보화 및 정책지원사업(신재생에너지 분야) 신규지원 대상과제 공고,기후에너지환경부,json_only_review,4,1,3,,,unknown,review,1.0,후보 검수 필요,None만원/support_ratio/ratio_cap: 2026년 2차 전력정보화 및 정책지원사업(신재생에너지 분야) 신규지원 대상과제 공고 기후에너지환경부 기업마당>정책정보>지원사업 공고 기업마당 본문 바로가기 주메뉴 바로가기 기업마당 > 정책정보 > 지원사업 공고 메뉴열기 로그인 정책정보 정책정보 지원사업 공고 품목별 법정의무 인증제도 행사정보 정책뉴스 입법·행정예고/고시,unknown:12000.0 | unknown:12000.0 | unknown:4500.0,needs_review,selected_candidate_missing,https://www.bizinfo.go.kr/sii/siia/selectSIIA200Detail.do?pblancId=PBLN_000000000122891
PBLN_000000000122893,2026년 세종테크밸리 첨단기업 유치 임차료 지원사업 희망기업(임차기업) 모집 수정 공고,세종특별자치시,amount_update_ready,14,7,7,2000.0,2000.0,support_amount,subtract,0.7,확정,2000.0만원/support_amount/subtract: 최종 선정 기업은 세종시 내 본사 또는 사업장(공장 및 연구소)에 대한 사업자등록 필수 ☞ 사무실 임차료(지원한도 최대 20백만원 이내(연간) || 500.0만원/support_amount/subtract: 사무실 조성 공사비(지원한도 5백만원 이내 || 2000.0만원/support_amount/subtract: 2 참조지원내용임차료▪ 사무실 임차료 지원 ㅇ (지원금액) 연간 임차료 최대 70% 이내 ㅇ (지원한도) 최대 20백만원 이내 (연간) ㅇ (지원기간) 24개월 || 500.0만원/support_amount/subtract: 최초 1개월 내 1회공사비 지원* 기업부담금 최대 500만원** 자부담(초과분) + 부가가치세 * 사무실 추가 || 2000.0만원/support_amount/subtract: 연간 최대 20백만원 이내 - 4 - 〇 임차료 지원개시 시점 - 본사: 선정 이후 세종특별자치시 내 이전을 완료한 기업(사업자등록증 기준)에 대하여 이전일(해당 || 2000.0만원/support_amount/subtract: 세종시 지원 한도액(연 2천만 원)에 맞추어 임대기업의 부담액 한도(연 714만 원)가 설정되며 || ... 후보 1개 추가,unknown:714.0 | unknown:2856.0 | unknown:238.0 | unknown:2000.0 | unknown:714.0 | unknown:238.0 | unknown:142.0,safe,clear_selected_candidate,https://www.bizinfo.go.kr/sii/siia/selectSIIA200Detail.do?pblancId=PBLN_000000000122893
PBLN_000000000122906,[부산ㆍ울산ㆍ경남] 2026년 부ㆍ울ㆍ경 3T(Together Towards Tomorrow) 협력 파트너십 참여기업 모집 공고,고용노동부,amount_update_ready,18,12,6,6000.0,6000.0,support_amount,subtract,0.4,확정,"1500.0만원/support_amount/subtract: 자세한 지원대상 공고문 참조 ☞ 협력 프로젝트 수행 및 신규 채용 시 1인당 1,500만원 지원 - 기업별 최대 4 || 4500.0만원/support_amount/subtract: 500만원 지원 - 기업별 최대 4,500만원 || 1500.0만원/support_amount/subtract: 프로젝트 당 최대 4명) - 신규 채용 1인당 1,500만원 지원(기업별 최대 4 || 4500.0만원/support_amount/subtract: 500만원 지원(기업별 최대 4,500만원 || 6000.0만원/support_amount/subtract: 프로젝트 당 최대 6,000만원) ❍ 지원조건 : 협력 파트너십 체결 및 신규 채용 - 부산 || 1500.0만원/support_amount/subtract: ) 이후 정규직으로 전환된 경우 정규직 전환 시점부터 지원 대상으로 인정 ❍ 지원내용 : 협력 프로젝트 수행 및 신규 채용 시 1인당 1,500만원 지원 ❍ 지원금 지급 : 대상 기업 비용 일체 선 집행 || ... 후보 6개 추가",unknown:6000.0 | unknown:1500.0 | unknown:6000.0 | unknown:1500.0 | unknown:4000.0 | unknown:4000.0,safe,clear_selected_candidate,https://www.bizinfo.go.kr/sii/siia/selectSIIA200Detail.do?pblancId=PBLN_000000000122906
PBLN_000000000122930,[경남] 서부 2026년 3차 지식재산 긴급지원 사업 모집 공고,경상남도,amount_update_ready,26,7,19,900.0,900.0,subsidy,subtract,0.4,확정,"2000.0만원/consulting_fee/recommend_only: 합천군 소재 중소기업 (「중소기업 기본법」 제2조 및 동법 시행령 제3조에 의거) ☞ 기업 당 2,000만원 이내 지원 - 지식재산 전문가의 IP현안 진단을 통해 컨설턴트 직접컨설팅을 제공하고 || 2000.0만원/total_support_scale/review: 천재지변의 경우 일부 절차는 비대면으로 진행될 수 있음 □ 지원규모 o 기업 당 2,000만원 이내(지원금 합산 기준 || 900.0만원/subsidy/subtract: 해외출원비용 등을 지원 氠瑢 구분 세부 사업명 정부지원금 규모 분담금 특 허 특허맵(국내) 9,000천원 이내 40% (현금20%+현물20%) 단 || 600.0만원/support_amount/subtract: 000천원 이내 리뉴얼브랜드개발 6,000천원 이내 해외출원 지원 특허(PCT) 2 || 228.0만원/support_amount/subtract: 000천원 이내 해외출원 지원 특허(PCT) 2,280천원 이내 현금 40% 특허 (개별국) 미 국 4 || 228.0만원/total_support_scale/review: 포기된 경우 지원금 환수 - 지원비용 신청서 접수일 기준으로 지원대상자가 지원 불가한 타 지역으로 이동한 경우 지원 불가 □ 지원규모 氠瑢 구분 세부사업명 정부지원금 규모 해외출원 지원 특허(PCT) 2,280천원 이내 특허 (개별국) 미 국 4 || ... 후보 1개 추가",unknown:900.0 | unknown:900.0 | unknown:1400.0 | unknown:402.0 | unknown:570.0 | unknown:348.0 | unknown:354.0 | unknown:420.0,safe,clear_selected_candidate,https://www.bizinfo.go.kr/sii/siia/selectSIIA200Detail.do?pblancId=PBLN_000000000122930
PBLN_000000000122942,[세종] 조달청 다수공급자계약(MAS) 활용 컨설팅 지원사업 공고,세종특별자치시,json_only_review,2,2,0,,,unknown,review,,후보 검수 필요,200.0만원/consulting_fee/recommend_only: 공장등록증 등 제조 및 생산을 증명 가능한 기업에 한함 ☞ 조달청 다수공급자계약 제도를 활용한 나라장터 종합 쇼핑몰 제품 등록 컨설팅 지원 - 지원대상 업체로 선정시200만원 상당의 MAS등록 컨설팅비 지원 - 기업당 1개품명 || 200.0만원/consulting_fee/recommend_only: 공장등록증등제조및생산을증명가능한기업에한함 ❍ 선정기업 : 3개 기업 *선착순접수순마감 ❍ 지원내용 : 조달청 다수공급자계약 제도를 활용한 나라장터 종합쇼핑몰 제품 등록 컨설팅*지원대상업체로선정시200만원상당의MAS등록컨설팅비지원*기업당1개품명,,needs_review,selected_candidate_missing,https://www.bizinfo.go.kr/sii/siia/selectSIIA200Detail.do?pblancId=PBLN_000000000122942
PBLN_000000000122968,2026년 2차 안전일터 조성지원 사업 수정 공고,고용노동부,json_only_review,9,6,3,,,unknown,review,0.5,후보 검수 필요,"3000.0만원/subsidy/subtract: 감독 또는 공단 및 민간위탁기관의 기술지원 등에 따라 개선해야 할 사항 중 보조금 지급 등을 통해 시급히 지원할 필요가 있다고 인정되는 사업장을 대상으로 절차 및 제출서류 등을 간소화하여 신속히 지원하는 제도 ㅇ (지원한도) 동일 사업주 또는 법인 당 최대 3,000만원까지 - 기존 보조지원을 받은 경우 || 1000.0만원/subsidy/subtract: 기 지원 보조금을 차감하여 지급 - 아래에 해당하는 경우 각 1천만원까지 추가지원 가능 ①고용증가 사업장(1명당 200만원 범위 || 200.0만원/subsidy/subtract: 기 지원 보조금을 차감하여 지급 - 아래에 해당하는 경우 각 1천만원까지 추가지원 가능 ①고용증가 사업장(1명당 200만원 범위 || 100.0만원/non_cash/recommend_only: 판매)업체별 소요금액 100만원 이상시 제출 해당시(첨부12)⑨ 품목별 안전인증 || 100000.0만원/support_amount/subtract: 운영비 등 지원 제외 ㅇ (지원한도) 산업단지 또는 지식산업센터 당 최대 10억원 한도(공단 판단금액의 50% 지원) || None만원/support_ratio/ratio_cap: 2026년 2차 안전일터 조성지원 사업 수정 공고 고용노동부 기업마당>정책정보>지원사업 공고 기업마당 본문 바로가기 주메뉴 바로가기 기업마당 > 정책정보 > 지원사업 공고 메뉴열기 로그인 정책정보 정책정보 지원사업 공고 품목별 법정의무 인증제도 행사정보 정책뉴스 입법·행정예고/고시 월간 중기누리 활용정보 활용정보 기업업무",unknown:500000.0 | unknown:500000.0 | project_budget:2724000.0,needs_review,large_amount_delta,https://www.bizinfo.go.kr/sii/siia/selectSIIA200Detail.do?pblancId=PBLN_000000000122968
PBLN_000000000122971,[경북] 2026년 경북중소기업기술혁신협의회 경북형 R&D플랫폼 참여기업 모집 공고,경상북도,no_support_candidate,2,0,2,,,unknown,review,,후보 없음,,revenue_condition:100000.0 | revenue_condition:100000.0,needs_review,selected_candidate_missing,https://www.bizinfo.go.kr/sii/siia/selectSIIA200Detail.do?pblancId=PBLN_000000000122971
PBLN_000000000122976,2026년 2차 첨단제조로봇 실증사업 참여기업 모집 공고,산업통상부,amount_update_ready,31,8,23,54050.0,54050.0,subsidy,subtract,0.15,확정,700000.0만원/subsidy/subtract: ) 대상 공정 * 첨부 ‘로봇공정모델 실증기준 안내서’ 참조 ○ (공모분야) 총 70억원 내외 / 정부출연금(국비) 지원 氠瑢 과제유형 대상업종 전담기관 선정방식 공고 || 700000.0만원/total_support_scale/review: 화학 한국로봇산업 진흥원 공모 선정 70억원 내외 □ 지원규모 || 50000.0만원/subsidy/subtract: 국비로 세부 과제(수요기업) 당 사업비* 및 총괄기관의 사업운영 관리비 지원 - (공정모델형) 세부주관기관에 국비 최대 5억 지원 || 50000.0만원/subsidy/subtract: 국비로 세부 과제(수요기업)당 사업비*및 총괄기관의 사업운영 관리비 지원 * (공정모델형) 세부주관기관에 국비 최대 5억 지원 ㅇ (지원 내용)제조공장 내 로봇 설치비용(로봇 주변 설비 포함)지원 * 로봇공정모델(215개)을 활용한 로봇 자동화 시스템 설치비용 일 || 47000.0만원/subsidy/subtract: 1.2억원(30%)2.8억원(70%)4억원사업운영관리비총괄주관기관-0.705억원(4.7억원 x 0.15)-0.705억원세부주관기관 총정부출연금15% 이내합계5.405억원6 || 7050.0만원/subsidy/subtract: 15)-0.705억원세부주관기관 총정부출연금15% 이내합계5 || ... 후보 2개 추가,unknown:15000.0 | unknown:15000.0 | unknown:30000.0 | unknown:20000.0 | unknown:20000.0 | unknown:40000.0 | unknown:12000.0 | unknown:28000.0,safe,clear_selected_candidate,https://www.bizinfo.go.kr/sii/siia/selectSIIA200Detail.do?pblancId=PBLN_000000000122976
PBLN_000000000122990,[경남] 서부 2026년 2차 글로벌IP스타기업육성사업 특허기술 홍보영상제작 지원기업 모집 공고,경상남도,amount_update_ready,1,1,0,1500.0,1500.0,support_amount,subtract,,확정,"1500.0만원/total_support_scale/review: 내레이션 등을 통해 3차원 홍보영상으로 제작하여 제공 □ 지원기준 o 신청일 현재 권리가 등록되어 있는 특허․실용신안 □ 지원규모 o 지원금액 : 건당 15,000천원 이내 (VAT포함",,needs_review,selected_candidate_missing,https://www.bizinfo.go.kr/sii/siia/selectSIIA200Detail.do?pblancId=PBLN_000000000122990
PBLN_000000000122992,[경남] 서부 2026년 2차 글로벌IP스타기업육성사업 포장디자인개발 지원기업 모집 공고,경상남도,amount_update_ready,1,1,0,1500.0,1500.0,support_amount,subtract,,확정,"1500.0만원/total_support_scale/review: 지식재산 긴급지원 □ 지원내용 o 포장디자인 개발 □ 지원기준 o 포장디자인 개발 : 제품의 포장 및 패키지 디자인 개발 □ 지원규모 o 건당 15,000천원 이내(VAT포함",,needs_review,selected_candidate_missing,https://www.bizinfo.go.kr/sii/siia/selectSIIA200Detail.do?pblancId=PBLN_000000000122992
PBLN_000000000122996,[경남] 서부 2026년 2차 글로벌IP스타기업육성사업 리뉴얼브랜드개발 지원기업 모집 공고,경상남도,amount_update_ready,1,1,0,1000.0,1000.0,support_amount,subtract,,확정,"1000.0만원/total_support_scale/review: 지식재산 긴급지원 □ 지원내용 o 지역 중소기업의 기존 브랜드를 리뉴얼하여 권리화를 지원함으로써 지역 중소기업의 경쟁력 강화 및 브랜드 보호 □ 지원기준 o 기업브랜드(CI) 개발 o 제품브랜드(BI) 개발 : 제품에 대한 브랜드 개발 □ 지원규모 o 건당 10,000천원 이내(VAT포함",,needs_review,selected_candidate_missing,https://www.bizinfo.go.kr/sii/siia/selectSIIA200Detail.do?pblancId=PBLN_000000000122996
PBLN_000000000122997,[강원] 횡성군 2026년 2차 지식재산 첫걸음 지원사업 참여기업 모집 공고,강원특별자치도,json_only_review,31,10,21,,,unknown,review,0.15,후보 검수 필요,"1000.0만원/support_amount/subtract: 현물 15%적용 3) 지원내용 및 규모 구분세부지원내용지원단가 (지원금)지원한도특허특허맵(일반) 10,000 천원 이내기업당2건 이내특허기술 홍보영상 제작 9 || 700.0만원/consulting_fee/recommend_only: 000 천원 이내리뉴얼브랜드개발 7,000 천원 이내 4) 지원절차 공고및접수컨설팅기업선정협력사선정사업 추진 || 130.0만원/non_cash/recommend_only: 디자인) 권리화 지원 1) 지원대상: 횡성군 내 중소기업 2) 지원내용 및 규모 가) 기업당 연간 3건 이내 나) 총액의 90% [기업분담금(현금) : 10%] 구 분특허실용신안상표(브랜드)디자인지원금액(자부담 제외)130만원이내/건90만원이내/건25만원이내/건35만원이내/건 3) 지원 절차 신청서 접수→사전컨설팅→선정평 || 90.0만원/non_cash/recommend_only: 디자인) 권리화 지원 1) 지원대상: 횡성군 내 중소기업 2) 지원내용 및 규모 가) 기업당 연간 3건 이내 나) 총액의 90% [기업분담금(현금) : 10%] 구 분특허실용신안상표(브랜드)디자인지원금액(자부담 제외)130만원이내/건90만원이내/건25만원이내/건35만원이내/건 3) 지원 절차 신청서 접수→사전컨설팅→선정평 || 25.0만원/non_cash/recommend_only: 디자인) 권리화 지원 1) 지원대상: 횡성군 내 중소기업 2) 지원내용 및 규모 가) 기업당 연간 3건 이내 나) 총액의 90% [기업분담금(현금) : 10%] 구 분특허실용신안상표(브랜드)디자인지원금액(자부담 제외)130만원이내/건90만원이내/건25만원이내/건35만원이내/건 3) 지원 절차 신청서 접수→사전컨설팅→선정평 || 35.0만원/non_cash/recommend_only: 디자인) 권리화 지원 1) 지원대상: 횡성군 내 중소기업 2) 지원내용 및 규모 가) 기업당 연간 3건 이내 나) 총액의 90% [기업분담금(현금) : 10%] 구 분특허실용신안상표(브랜드)디자인지원금액(자부담 제외)130만원이내/건90만원이내/건25만원이내/건35만원이내/건 3) 지원 절차 신청서 접수→사전컨설팅→선정평 || ... 후보 4개 추가",unknown:900.0 | unknown:1800.0 | unknown:1000.0 | unknown:700.0 | unknown:1600.0 | unknown:670.0 | unknown:465.0 | unknown:460.0,needs_review,large_amount_delta,https://www.bizinfo.go.kr/sii/siia/selectSIIA200Detail.do?pblancId=PBLN_000000000122997
PBLN_000000000122998,[강원] 영월군 2026년 2차 지식재산 첫걸음 지원사업 참여기업 모집 공고,강원특별자치도,json_only_review,31,10,21,,,unknown,review,0.15,후보 검수 필요,"1000.0만원/support_amount/subtract: 현물 15% 적용 3) 지원내용 및 규모 氠瑢 구분 세부지원내용 지원단가 (지원금) 지원한도 특허 특허맵(일반) 10,000 천원 이내 기업당 2건 이내 특허기술 홍보영상 제작 9 || 700.0만원/consulting_fee/recommend_only: 000 천원 이내 리뉴얼브랜드개발 7,000 천원 이내 4) 지원절차 氠瑢 공고 및 접수 컨설팅 기업 선정 협력사 선정 사업 추진 || 130.0만원/non_cash/recommend_only: 디자인) 권리화 지원 1) 지원대상: 영월군 내 중소기업 2) 지원내용 및 규모 가) 기업당 연간 3건 이내 나) 총액의 90% [기업분담금(현금) : 10%] 氠瑢 구 분 특허 실용신안 상표(브랜드) 디자인 지원금액 (자부담 제외) 130만원 이내/건 90만원 이내/건 25만원 이내/건 35만원 이내/건 3) 지원 절차 || 90.0만원/non_cash/recommend_only: 디자인) 권리화 지원 1) 지원대상: 영월군 내 중소기업 2) 지원내용 및 규모 가) 기업당 연간 3건 이내 나) 총액의 90% [기업분담금(현금) : 10%] 氠瑢 구 분 특허 실용신안 상표(브랜드) 디자인 지원금액 (자부담 제외) 130만원 이내/건 90만원 이내/건 25만원 이내/건 35만원 이내/건 3) 지원 절차 || 25.0만원/non_cash/recommend_only: 디자인) 권리화 지원 1) 지원대상: 영월군 내 중소기업 2) 지원내용 및 규모 가) 기업당 연간 3건 이내 나) 총액의 90% [기업분담금(현금) : 10%] 氠瑢 구 분 특허 실용신안 상표(브랜드) 디자인 지원금액 (자부담 제외) 130만원 이내/건 90만원 이내/건 25만원 이내/건 35만원 이내/건 3) 지원 절차 || 35.0만원/non_cash/recommend_only: 디자인) 권리화 지원 1) 지원대상: 영월군 내 중소기업 2) 지원내용 및 규모 가) 기업당 연간 3건 이내 나) 총액의 90% [기업분담금(현금) : 10%] 氠瑢 구 분 특허 실용신안 상표(브랜드) 디자인 지원금액 (자부담 제외) 130만원 이내/건 90만원 이내/건 25만원 이내/건 35만원 이내/건 3) 지원 절차 || ... 후보 4개 추가",unknown:900.0 | unknown:1800.0 | unknown:1000.0 | unknown:700.0 | unknown:1600.0 | unknown:670.0 | unknown:465.0 | unknown:460.0,needs_review,large_amount_delta,https://www.bizinfo.go.kr/sii/siia/selectSIIA200Detail.do?pblancId=PBLN_000000000122998
PBLN_000000000123023,[경남] 2026년 사이버 위기대응 모의훈련 및 보안점검 수요기업 모집 공고(지역 정보보호 지원센터),경상남도,amount_update_ready,3,3,0,1300.0,1300.0,support_amount,subtract,1.0,확정,1300.0만원/support_amount/subtract: 사후관리(기업당 13백만원) 지원 || 1300.0만원/total_support_scale/review: 중견 기업□ 지원규모: 5개사□ 모의훈련 수행기업: (주)소프트플로우 □ 지원비용: 기업당 13백만원(기업 부담금 없음) □ 사업기간: 협약 체결일 ~ 2026년 10월 31일 - 모집 및 접수: 2026년 6월 1일(월) ~ 사업비 소진 때까 || None만원/support_ratio/ratio_cap: [경남] 2026년 사이버 위기대응 모의훈련 및 보안점검 수요기업 모집 공고(지역 정보보호 지원센터) 경상남도 기업마당>정책정보>지원사업 공고 기업마당 본문 바로가기 주메뉴 바로가기 기업마당 > 정책정보 > 지원사업 공고 메뉴열기 로그인 정책정보 정책정보 지원사업 공고 품목별 법정의무 인증제도 행사정보 정책뉴스 입법·행정,,safe,clear_selected_candidate,https://www.bizinfo.go.kr/sii/siia/selectSIIA200Detail.do?pblancId=PBLN_000000000123023
PBLN_000000000123029,2026년 2차 차세대 재생에너지 표준화 및 인증고도화 혁신지원 사업 대상과제 공고,기후에너지환경부,json_only_review,3,2,1,,,unknown,review,1.0,후보 검수 필요,30000.0만원/non_cash/recommend_only: 총 300백만원 이내(1차년도) 지원 (단위 : 백만원) 내역사업명 과 제 명 ’26년 사업비 총 사업비 총 사업기간 태양광 혁신기술 표준화 및 인증기반 구축 || None만원/support_ratio/ratio_cap: 2026년 2차 차세대 재생에너지 표준화 및 인증고도화 혁신지원 사업 대상과제 공고 기후에너지환경부 기업마당>정책정보>지원사업 공고 기업마당 본문 바로가기 주메뉴 바로가기 기업마당 > 정책정보 > 지원사업 공고 메뉴열기 로그인 정책정보 정책정보 지원사업 공고 품목별 법정의무 인증제도 행사정보 정책뉴스 입법·행정예고/고시,total_project_cost:30000.0,safe,clear_selected_candidate,https://www.bizinfo.go.kr/sii/siia/selectSIIA200Detail.do?pblancId=PBLN_000000000123029
PBLN_000000000123038,2026년 대구 미래신산업 유망벤처ㆍ고성장기업 육성사업 글로벌 비상(飛上) 프로젝트 참여기업 모집 공고,대구광역시,no_support_candidate,0,0,0,,,unknown,review,,후보 없음,,,needs_review,candidate_missing,https://www.bizinfo.go.kr/sii/siia/selectSIIA200Detail.do?pblancId=PBLN_000000000123038
PBLN_000000000123043,2026년 1인 중증장애인기업 업무지원인 서비스 지원사업 의사소통형ㆍ경영지도형 지원대상자 모집 공고,중소벤처기업부,amount_update_ready,5,4,1,300.0,300.0,support_amount,subtract,0.95,확정,300.0만원/support_amount/subtract: ☞ 아래 조건을 모두 충족하는 장애인 기업 - 장애정도가 심한 장애인(중증장애인) - 장애인기업 확인서가 발급되었으며 기한이 유효한 장애인기업 - 신청자(장애인 대표)가 대표자로 있는 모든 사업장에 상시 근로자가 없는 1인 장애인기업(신청일 제출 전일 기준) ☞ 의사소통형ㆍ경영지도형 직무 전문가 수행 비용(최대 300만원 || 300.0만원/support_amount/subtract: 전문업체를 통해 희망하시는 서비스를 제공받는 전체 비용에 대해 공급가액 95%(부가세 제외)를 최대 300만원 한도 내에서 지원 드립니다 || 300.0만원/support_amount/subtract: 속기 등 의사소통을 지원하기 위한 전문 서비스 전문 서비스 이용금액내 공급가액 95% 지원(최대 300만원)경영지도형공공조달 || 300.0만원/support_amount/subtract: 지원내용 및 한도 ◦지원내용 :의사소통ž경영지도형 용역 인건비 공급가액 95%지원 ◦지원한도 :최대 300만원 한도(초과 금액은 자부담) ◦지원단가(의사소통형) 구분단가기준지원단가비고문자통역(속기) 1인 1시간최대 100,unknown:100.0,safe,clear_selected_candidate,https://www.bizinfo.go.kr/sii/siia/selectSIIA200Detail.do?pblancId=PBLN_000000000123043
PBLN_000000000123053,2026년 2차 경북 영천시 금호 이웃사촌마을 조성사업 청년창업 및 이전기업 지원사업 참여기업(이전기업) 모집 공고,경상북도,amount_update_ready,13,8,5,20000.0,20000.0,support_amount,subtract,0.2,확정,"5000.0만원/support_amount/subtract: 임직원 등 영천시 전입 가능 기업(지원금 5천만원 당 1명 이전 필수) - 협약 기간 중 영천시 금호읍 내 공장 설립 및 등록 가능 기업 || 5000.0만원/support_amount/subtract: 유지 및 지역 기여도(금호 삼삼오오이웃대잔치 참여) - (필수) 필수성과지표 포함 최소 6건 이상 작성 - (필수) 지원금 5천만 원당 1명 주소이전 및 유지 필수 || 20000.0만원/support_amount/subtract: (예시) 지원금 2억 원 신청 시 || 5000.0만원/support_amount/subtract: 임직원 등 영천시 전입 가능 기업(지원금 5천만원 당 1명 이전 필수)- 협약 기간 중 영천시 금호읍 내 공장 설립 및 등록 가능 기업 || 5000.0만원/support_amount/subtract: 지원금 5천만원 당 1명 영천시로 주소이전(가족 및 임직원 등) 및 3년 유지 필수 4) 협약 기간 중 ‘영천시 금호읍’ 내 공장 설립 및 등록이 가능한 기업 || 20000.0만원/support_amount/subtract: 구축(임차) 및 신제품개발 또는 제품고도화 등 자금 지원(단년도 최대 200,000천원 || ... 후보 2개 추가",total_project_cost:22000.0 | self_funding:22000.0 | total_project_cost:150.0 | self_funding:20000.0 | self_funding:2000.0,needs_review,large_amount_delta,https://www.bizinfo.go.kr/sii/siia/selectSIIA200Detail.do?pblancId=PBLN_000000000123053
PBLN_000000000123074,[경남] 2026년 산업안전 AI 스마트공장 구축 지원사업 공고,경상남도,amount_update_ready,14,5,9,20000.0,20000.0,support_amount,subtract,0.35,확정,"20000.0만원/support_amount/subtract: 양산(시군비 매칭이 된 지역만 가능) ◦ (지원 조건) - 지원기간 내 AI공장 구축이 가능한 기업은 도입 예정인 ’AI기능‘과 ’적용 공정‘을 선택하여(붙임1 참조) 최대 2억원 내에서 구축 지원 氠瑢 구축목표수준 || 28000.0만원/support_amount/subtract: 자부담 30% 지원금 최대 2.8억원 이내 (도비1 || 14000.0만원/support_amount/subtract: 도비 35%, 시군비 35%, 자부담 30% 지원금 최대 2.8억원 이내 (도비1.4억원, 시군비 1.4억원) 최대 9개월 이내 ※ 구축목표수준은 KS X 9001-1( || 100.0만원/education_fee/recommend_only: 완료보고서 제출 시 수료증 첨부 - 집합교육으로 비용 발생(사업계획서에 교육비 100만원 계상) * 교육 상세내용 및 일정은 협약 체결 후 추진기관‧운영기관에서 별도 안내 예정 □ 기타 사항 ◦ 본 사업의 공고 이외의 사항은 202 || None만원/support_ratio/ratio_cap: [경남] 2026년 산업안전 AI 스마트공장 구축 지원사업 공고 경상남도 기업마당>정책정보>지원사업 공고 기업마당 본문 바로가기 주메뉴 바로가기 기업마당 > 정책정보 > 지원사업 공고 메뉴열기 로그인 정책정보 정책정보 지원사업 공고 품목별 법정의무 인증제도 행사정보 정책뉴스 입법·행정예고/고시 월간 중기누리 활용정보 활용",unknown:40000.0 | unknown:14000.0 | unknown:5000.0 | unknown:20000.0 | unknown:40000.0 | unknown:40000.0 | self_funding:100.0 | self_funding:45.0,safe,clear_selected_candidate,https://www.bizinfo.go.kr/sii/siia/selectSIIA200Detail.do?pblancId=PBLN_000000000123074
PBLN_000000000123103,[전남광주] 로컬콘텐츠 기반 문화상품 개발 컨소시엄(공방&디자인기업) 모집 공고,전남광주통합특별시,amount_update_ready,3,2,1,800.0,800.0,support_amount,subtract,,확정,10.0만원/support_amount/subtract: 지역 고유 웰니스 자원 등을 활용한 소비자가 10만원 이하의 문화상품 개발 및 마케팅 지원 - 상품기획(디자인개발) || 800.0만원/support_amount/subtract: 지식재산권 출원 등 - (상품개발) 과제당 8000천원 - (마케팅) 제품촬영 및 상세페이지 제작 등 온라인 판로를 위한 마케팅 지원 사업신청 방법 이메일 접수(yujeong@gdc,total_project_cost:1000.0,needs_review,large_amount_delta,https://www.bizinfo.go.kr/sii/siia/selectSIIA200Detail.do?pblancId=PBLN_000000000123103
PBLN_000000000123109,[전남광주] 장성군 2026년 2차 스마트기계전자산업 활성화 지원사업 참여기업 모집 공고(시군구연고산업육성사업),중소벤처기업부,amount_update_ready,17,7,10,4000.0,4000.0,support_amount,subtract,1.0,확정,"4000.0만원/support_amount/subtract: 판로개척 등) - 기업당 최대 4천만원 이내(지원프로그램별 복수 지원 가능) - (혁신화&성장촉진) 신규사업 발굴 기획지원 || 4000.0만원/support_amount/subtract: 기업당 최대 4천만원 이내(지원프로그램별 복수 지원 가능)신청접수 || 20000.0만원/total_support_scale/review: 지원필요성 및 타당성 등을 평가해 최종 선정(대면발표평가) - 2 -  지원개요◦(지원규모) 총 약 2억원◦(지원프로그램)시제품제작 등 7개 프로그램 패키지 형태 지원◦(지원내용)장성군 소재 기계전자산업 || 4000.0만원/support_amount/subtract: 명최대지원금(천원) 비고패키지지원신규사업발굴 기획지원10,000/건기업지원 최대 4천만원,10% 이상 기업 자부담** (자부담) 최근 매출액 기준, 10억원 미만 5% || 100000.0만원/consulting_fee/recommend_only: 업지원 최대 4천만원,10% 이상 기업 자부담** (자부담) 최근 매출액 기준, 10억원 미만 5% 이상, 10억원 이상 10% 이상전문가 경영컨설팅3,000/건사업화기 || 100000.0만원/consulting_fee/recommend_only: 10억원 이상 10% 이상전문가 경영컨설팅3 || ... 후보 1개 추가",unknown:1000.0 | unknown:4000.0 | revenue_condition:100000.0 | revenue_condition:4000.0 | self_funding:200.0 | total_project_cost:4200.0 | revenue_condition:100000.0 | revenue_condition:4000.0,safe,clear_selected_candidate,https://www.bizinfo.go.kr/sii/siia/selectSIIA200Detail.do?pblancId=PBLN_000000000123109
PBLN_000000000123112,[전남광주] 화순군 2026년 2차 바이오산업 활성화 지원사업 참여기업 모집 공고(시군구연고산업육성사업),전남광주통합특별시,amount_update_ready,25,13,12,5000.0,5000.0,support_amount,subtract,1.0,확정,"5000.0만원/support_amount/subtract: 외국인 인력채용 지원 - 기업당 최대 5천만원 이내(지원프로그램별 복수 지원 가능) || 5000.0만원/support_amount/subtract: 기업당 최대 5천만원 이내(지원프로그램별 복수 지원 가능)신청접수 || 31500.0만원/total_support_scale/review: 미생물)분야 전후방 연관 기업◦(지원규모) 총 약 3.15억원◦(지원프로그램 및 내용)4개 분야 || 5000.0만원/consulting_fee/recommend_only: 해당 프로그램 신청시 패키지 추가 지원 가능(최대 5천만원) (재)전남테크노파크패키지 지원 기술지도 및 컨설팅 || 4000.0만원/support_amount/subtract: 해당 프로그램 신청시 패키지 추가 지원 가능(최대 4천만원) 외국인 인력채용외국인 인력채용 프로그램 || 100.0만원/support_amount/subtract: (화순사랑상품권) 지급(지역특화형 비자 신청 및 발급 외국인 대상, 기업당 최대 100만원) ※ 해당 프로그램 신청시 패키지 추가 지원 가능(최대 5천만원) - 3 - ◦ || ... 후보 7개 추가",unknown:1000.0 | unknown:4000.0 | revenue_condition:100000.0 | revenue_condition:100000.0 | revenue_condition:4000.0 | self_funding:200.0 | total_project_cost:4200.0 | revenue_condition:100000.0,safe,clear_selected_candidate,https://www.bizinfo.go.kr/sii/siia/selectSIIA200Detail.do?pblancId=PBLN_000000000123112
PBLN_000000000123119,2026년 바이오프린팅 활용 첨단바이오 활성화 지원사업(시설ㆍ장비 활용) 수혜기업 모집 공고,경상북도,json_only_review,8,2,6,,,unknown,review,0.1,후보 검수 필요,1500.0만원/equipment_usage_fee/recommend_only: 개인 또는 법인사업자이며 주사업장(사업자등록증상)이 국내에 주소를 두어야 함 ☞ 바이오프린팅 인공장기 상용화지원센터 시설 및 장비 활용 지원(실비 지급) - 시설 : 바이오프린팅 인공장기 상용화지원센터 시설료(최대 15백만원/개소) - 장비 : 바이오프린팅 인공장기 상용화지원센터 장비 사용료(총사업비 내 || None만원/support_ratio/ratio_cap: 2026년 바이오프린팅 활용 첨단바이오 활성화 지원사업(시설ㆍ장비 활용) 수혜기업 모집 공고 경상북도 기업마당>정책정보>지원사업 공고 기업마당 본문 바로가기 주메뉴 바로가기 기업마당 > 정책정보 > 지원사업 공고 메뉴열기 로그인 정책정보 정책정보 지원사업 공고 품목별 법정의무 인증제도 행사정보 정책뉴스 입법·행정예고/고시,total_project_cost:1500.0 | total_project_cost:3000.0 | total_project_cost:3000.0 | total_project_cost:1500.0 | total_project_cost:3000.0 | total_project_cost:3000.0,needs_review,selected_candidate_missing,https://www.bizinfo.go.kr/sii/siia/selectSIIA200Detail.do?pblancId=PBLN_000000000123119
PBLN_000000000123130,2026년 K-온디바이스 AI반도체 기술개발사업 신규 지원대상 연구개발과제 공고,산업통상부,json_only_review,12,1,11,,,unknown,review,1.0,후보 검수 필요,None만원/support_ratio/ratio_cap: 2026년 K-온디바이스 AI반도체 기술개발사업 신규 지원대상 연구개발과제 공고 산업통상부 기업마당>정책정보>지원사업 공고 기업마당 본문 바로가기 주메뉴 바로가기 기업마당 > 정책정보 > 지원사업 공고 메뉴열기 로그인 정책정보 정책정보 지원사업 공고 품목별 법정의무 인증제도 행사정보 정책뉴스 입법·행정예고/고시 월간 중기,unknown:50000.0 | unknown:50000.0 | unknown:138000.0 | unknown:38000.0 | unknown:38000.0 | unknown:50000.0 | unknown:88000.0 | unknown:50000.0,needs_review,selected_candidate_missing,https://www.bizinfo.go.kr/sii/siia/selectSIIA200Detail.do?pblancId=PBLN_000000000123130
PBLN_000000000123133,2026년 선도형 양자공정 오픈팹 인프라 구축 사업 지원기업 모집 공고,대전광역시,amount_update_ready,1,1,0,1200.0,1200.0,support_amount,subtract,0.1,확정,1200.0만원/total_support_scale/review: 지원함 ❑ 지원내용 ❑ 지원규모세부 사업지원규모지원건수기업부담금*양자전환 스타트업 기업지원지원기업별 12백만원 내외2개사 내외대전소재 이외의 기업일 경우 지원금의 10% 이상(대전소재 기업일 경우 제외) * 부가가치세 및 기업이 환급받는 금액에 대해서는,,needs_review,selected_candidate_missing,https://www.bizinfo.go.kr/sii/siia/selectSIIA200Detail.do?pblancId=PBLN_000000000123133
PBLN_000000000123147,2027년 식품소재 및 반가공산업 육성 사업자 선정계획 공고,농림축산식품부,json_only_review,9,1,8,,,unknown,review,0.8,후보 검수 필요,None만원/support_ratio/ratio_cap: 2027년 식품소재 및 반가공산업 육성 사업자 선정계획 공고 농림축산식품부 기업마당>정책정보>지원사업 공고 기업마당 본문 바로가기 주메뉴 바로가기 기업마당 > 정책정보 > 지원사업 공고 메뉴열기 로그인 정책정보 정책정보 지원사업 공고 품목별 법정의무 인증제도 행사정보 정책뉴스 입법·행정예고/고시 월간 중기누리 활용정보 활,self_funding:10000.0 | self_funding:10000.0 | unknown:153600.0 | unknown:30700.0 | total_project_cost:122900.0 | total_project_cost:70000.0 | total_project_cost:21000.0 | total_project_cost:150000.0,needs_review,selected_candidate_missing,https://www.bizinfo.go.kr/sii/siia/selectSIIA200Detail.do?pblancId=PBLN_000000000123147
PBLN_000000000123148,2026년 2차 조선해양산업기술개발사업 신규지원 대상과제 공고,산업통상부,json_only_review,25,14,11,,,unknown,review,1.0,후보 검수 필요,100000.0만원/support_amount/subtract: 2단계: 4~5차년도 개발기간 각 12개월) ㅇ 정부지원연구개발비 : ’26년 10억원 이내 (총 정부지원연구개발비 90억원 이내) ㅇ 주관연구개발기관 : 비영리기관 ㅇ 정부납부기술료 납부대상 여부 : 비징수 품목번호 2026-2 || 900000.0만원/support_amount/subtract: 2단계: 4~5차년도 개발기간 각 12개월) ㅇ 정부지원연구개발비 : ’26년 10억원 이내 (총 정부지원연구개발비 90억원 이내) ㅇ 주관연구개발기관 : 비영리기관 ㅇ 정부납부기술료 납부대상 여부 : 비징수 품목번호 2026-2차-조선해양산업핵심-02 산업기술분류 || 100000.0만원/support_amount/subtract: 2단계: 4~5차년도 개발기간 각 12개월) ㅇ 정부지원연구개발비 : ’26년 10억원 이내 (총 정부지원연구개발비 85억원 이내) ㅇ 주관연구개발기관 : 중소 || 850000.0만원/support_amount/subtract: 2단계: 4~5차년도 개발기간 각 12개월) ㅇ 정부지원연구개발비 : ’26년 10억원 이내 (총 정부지원연구개발비 85억원 이내) ㅇ 주관연구개발기관 : 중소 || 200000.0만원/support_amount/subtract: 2~4차년도 : 각 12개월) ㅇ 정부지원연구개발비 : ’26년 20억원 이내 (총 정부지원연구개발비 200억원 이내) ㅇ 주관연구개발기관 : 기업 (조선소 참여 필수) ㅇ 정부납부기술료 납부대상 여부 : 징수 품목 || 2000000.0만원/support_amount/subtract: 2~4차년도 : 각 12개월) ㅇ 정부지원연구개발비 : ’26년 20억원 이내 (총 정부지원연구개발비 200억원 이내) ㅇ 주관연구개발기관 : 기업 (조선소 참여 필수) ㅇ 정부납부기술료 납부대상 여부 : 징수 품목번호 2026-2차-조선해양산업핵심-04 || ... 후보 8개 추가,unknown:50000.0 | unknown:50000.0 | unknown:138000.0 | unknown:38000.0 | unknown:38000.0 | unknown:50000.0 | unknown:88000.0 | unknown:50000.0,needs_review,large_amount_delta,https://www.bizinfo.go.kr/sii/siia/selectSIIA200Detail.do?pblancId=PBLN_000000000123148
PBLN_000000000123150,2026년 소공인 스마트제조지원(스마트공방)사업 추가 모집 공고,중소벤처기업부,amount_update_ready,15,2,13,3000.0,3000.0,subsidy,subtract,1.0,확정,"3000.0만원/fee/review: 변경된 운영지침에 따라 세목 별 사업비 변동이 있을 수 있음 √ [별첨13] 클러스터 운영기관 간접비 편성 예시(2025년 기준) 참고 √ 인건비는 전체 예산 30%초과 편성 불가 √ 사업비 총액 한도 : 3000만원(국비100%) 항 목 세목 합 계(원) 구성비 간접비 운영비 소모품비 % 업무추진비 % 지급수수료 % 임 || 3000.0만원/subsidy/subtract: 클러스터특성에맞는소(상)공인연계사업추진등 -(지원금액) 운영기관별최대3,000만원(국비100%) * 기관별 사업계획에 따라 지원금액 조정 가능 ** 단",unknown:1400000.0 | unknown:1200000.0 | unknown:800000.0 | unknown:150000.0 | total_project_cost:600.0 | self_funding:6000.0 | unknown:3600.0 | unknown:1200.0,needs_review,large_amount_delta,https://www.bizinfo.go.kr/sii/siia/selectSIIA200Detail.do?pblancId=PBLN_000000000123150
PBLN_000000000123154,2026년 3차 조선해양산업기술개발사업 신규지원 대상과제 공고,산업통상부,json_only_review,15,4,11,,,unknown,review,1.0,후보 검수 필요,297000.0만원/support_amount/subtract: 2단계: 5~7차년도 개발기간 각 12개월) ㅇ 정부지원연구개발비 : ’26년 29.7억원 이내 (총 정부지원연구개발비 421억원 이내) ㅇ 주관연구개발기관 : 비영리기관 ㅇ 정부납부기술료 납부대상 여부 : 징수 관리번호 2026-3 || 4210000.0만원/support_amount/subtract: 7억원 이내 (총 정부지원연구개발비 421억원 이내) ㅇ 주관연구개발기관 : 비영리기관 ㅇ 정부납부기술료 납부대상 여부 : 징수 관리번호 2026-3차-AI완전자율운항-02 산업기술분류 중 || 1585000.0만원/total_support_scale/review: 연구개발비 지원 규모 및 기간세부사업명(내역사업명) 조선해양산업기술개발(AI완전자율운항선박기술개발)공고예산158.5억원신규 지원 연구개발과제12개지원규모연구개발과제별 특성에 따라 달리함(지원대상 사업 및 과제(RFP || None만원/support_ratio/ratio_cap: 2026년 3차 조선해양산업기술개발사업 신규지원 대상과제 공고 산업통상부 기업마당>정책정보>지원사업 공고 기업마당 본문 바로가기 주메뉴 바로가기 기업마당 > 정책정보 > 지원사업 공고 메뉴열기 로그인 정책정보 정책정보 지원사업 공고 품목별 법정의무 인증제도 행사정보 정책뉴스 입법·행정예고/고시 월간 중기누리 활용정보 활용,unknown:50000.0 | unknown:50000.0 | unknown:138000.0 | unknown:38000.0 | unknown:38000.0 | unknown:50000.0 | unknown:88000.0 | unknown:50000.0,needs_review,large_amount_delta,https://www.bizinfo.go.kr/sii/siia/selectSIIA200Detail.do?pblancId=PBLN_000000000123154
PBLN_000000000123158,2026년 3차 친환경양식어업육성 사업대상자 모집 재공고(품종별산업화시설지원-친환경개체굴생산지원),해양수산부,json_only_review,18,6,12,,,unknown,review,0.5,후보 검수 필요,"100000.0만원/subsidy/subtract: ☞「양식산업발전법」 제10조에 의한 패류 양식업면허 또는「양식산업발전법」제43조에 의한 허가를 받아 경영 중인 어가 -「농어업경영체 육성 및 지원에 관한 법률」제4조에 따른 어업경영정보가 등록되어 있어야 함 ☞ 시설 당 국비기준 최대 1,000백만원 지원 - 폐기물 발생 및 부표 사용량을 저감할 수 있는 친환경 개체굴 공 || 100000.0만원/subsidy/subtract: 지원한도액 기준 및 범위 ㅇ 지원한도: 국비기준 개소당 1,000백만원 이내 - 지원한도액을 초과하는 경우에는 사업자의 자부담으로 하며 || 10000.0만원/subsidy/subtract: 검증보고서 (보조금 총액 1억원 이상/민간사업자에 한함) || 100000.0만원/subsidy/subtract: 회계감사 보고서 (보조금 총액 10억원 이상/민간사업자에 한함) * 검증보고서 및 회계감사보고서는 ｢주식회사 등의 외부감사에 관한 법률｣ 제2조 제7항 및 제9조에 따른 감사인으로부 || 350000.0만원/subsidy/subtract: 000백만원)*2차공모선정액을제외한국비잔여사업비3,500백만원한도내모집ㅇ지원한도:시설 당 국비기준 최대 1 || 100000.0만원/subsidy/subtract: 500백만원한도내모집ㅇ지원한도:시설 당 국비기준 최대 1,000백만원ㅇ지원조건-지자체 직접사업:국비 50%",unknown:5000.0 | unknown:5000.0 | unknown:5000.0 | unknown:50.0 | total_project_cost:800000.0 | unknown:400000.0 | self_funding:2000.0 | unknown:10000.0,needs_review,large_amount_delta,https://www.bizinfo.go.kr/sii/siia/selectSIIA200Detail.do?pblancId=PBLN_000000000123158
PBLN_000000000123165,[울산] 데이터 파이프라인 구축 사업 수혜기업 추가 모집 공고(지역주도형 AI 대전환),중소벤처기업부,amount_update_ready,11,7,4,5000.0,5000.0,support_amount,subtract,0.125,확정,5000.0만원/support_amount/subtract: 설비 예지보전 등 AX전환 수요가 있는 기업 - 공급기업 : AI기술을 보유하여 기술실증이력이 있는 기업(울산 내외) ☞ 제조 AI 컴퓨팅센터 자원을 활용한 제조데이터 기반 현장 설비 데이터 파이프라인 구축 및 지능형 솔루션 도입(기업당 최대 50백만원) 지원 사업신청 방법 이메일 접수 (dgkim0097@utp || 5000.0만원/support_amount/subtract: 활용할 수 있도록 지원 ◦ (사업 내용) - 제조 데이터 기술 활용 역량과 기업 현장 공정 문제 해결능력이 있는 AI솔루션 보유 공급기업과 AI 도입 수요가 있는 지역 내 중소 제조기업이 매칭된 컨소시엄을 지원하여 AI를 활용한 공정개선 및 실시간 데이터 수집 체계 구축 ◦ (지원 내용) - 제조 AI 컴퓨팅센터 자원을 || 3750.0만원/support_amount/subtract: 활용할 수 있도록 지원 ◦ (사업 내용) - 제조 데이터 기술 활용 역량과 기업 현장 공정 문제 해결능력이 있는 AI솔루션 보유 공급기업과 AI 도입 수요가 있는 지역 내 중소 제조기업이 매칭된 컨소시엄을 지원하여 AI를 활용한 공정개선 및 실시간 데이터 수집 체계 구축 ◦ (지원 내용) - 제조 AI 컴퓨팅센터 자원을 || 1250.0만원/support_amount/subtract: 공정 설비 및 엔지니어링 - 라인 데이터 수집에 필요한 단위 장비 및 센서 도입 - 기존 설비(PLC) 연동 - 신규 공장 설비 TP 연동 데이터 파이프라인 구축 (최대 12.5백만원 산정 가능) 주요 지원 내용 수집된 데이터를 TP 제조 AI 컴퓨팅 센터에서 안전하게 활용하기 위한 연동 체계 구축 세부 구성 요소 예시 || 5000.0만원/support_amount/subtract: 50백만원 지원금과 별도 ◦ (지원 규모) - 기업당 최대 50백만원 || 5000.0만원/support_amount/subtract: 50백만원 지원금과 별도 ◦ (지원 규모) - 기업당 최대 50백만원 || ... 후보 1개 추가,self_funding:5000.0 | unknown:625.0 | total_project_cost:625.0 | total_project_cost:6250.0,safe,clear_selected_candidate,https://www.bizinfo.go.kr/sii/siia/selectSIIA200Detail.do?pblancId=PBLN_000000000123165
PBLN_000000000123173,[전남광주] 여수시 2026년 2차 지역산업위기대응 맞춤형 지원사업 공고,전남광주통합특별시,amount_update_ready,18,13,5,20000.0,20000.0,support_amount,subtract,,확정,20000.0만원/support_amount/subtract: 에너지 효율증대) 지원 - 패키지형 지원 프로그램 : 총 2억원 이내로 같은 주제ㆍ품목(연결성)으로 매뉴판 내 다수 프로그램 동시 지원(신청서 || 0.0만원/support_amount/subtract: hwp] 捤獥 汤捯 湰灧 【붙임 1】 지역산업위기대응 맞춤형 지원사업 지원신청서 氠瑢 여수시 지역산업위기대응 맞춤형 지원사업 지원신청서 신청프로그램 기술지원 신청금액 (단위:천원) 사업화지원 신청금액 (단위:천원) 시제품제작 浥┥ V 浥%！ÿ 샘플제작 공정개선 지원 마케팅 기술지도 위기극복 BM 수립 IPR&D전략지원 장 || 0.0만원/support_amount/subtract: hwp] 捤獥 汤捯 湰灧 【붙임 1】 지역산업위기대응 맞춤형 지원사업 지원신청서 氠瑢 여수시 지역산업위기대응 맞춤형 지원사업 지원신청서 신청프로그램 기술지원 신청금액 (단위:천원) 사업화지원 신청금액 (단위:천원) 시제품제작 浥┥ V 浥%！ÿ 샘플제작 공정개선 지원 마케팅 기술지도 위기극복 BM 수립 IPR&D전략지원 장 || 20000.0만원/support_amount/subtract: 석유화학 관련 업종임을 증빙하는 자료 필수 제츨 氠瑢 2 세부 지원프로그램 및 사업비 □ 패키지형 지원 프로그램 - 총 2억원 이내로 같은 주제 || 7000.0만원/support_amount/subtract: 시제품 test비용 등 시제품 70백만원 이내 공정개선 지원 장비 || 5000.0만원/consulting_fee/recommend_only: 제작품 등 성능 전후 비교 보고서 50백만원 이내 기술지도 첨단분야 기술개발에 필요한 기술자문 및 애로기술 해결 지원 전문가 컨설팅 및 보고서 작성 비용 기술지도 결과보고서 15백만원 이 || ... 후보 7개 추가,self_funding:0.0 | total_project_cost:0.0 | total_project_cost:0.0 | self_funding:0.0 | project_budget:361000.0,safe,clear_selected_candidate,https://www.bizinfo.go.kr/sii/siia/selectSIIA200Detail.do?pblancId=PBLN_000000000123173
PBLN_000000000123174,[경기] 포천시 2026년 현장기술 돌봄이 지원사업 모집 수정 공고,경기도,amount_update_ready,11,10,1,90.0,90.0,support_amount,subtract,,확정,"90.0만원/total_support_scale/review: 지방세 체납 기업 □ (지원기간) 공고일로부터 ~ 예산 소진 시까지 □ (지원규모) 조직변환 지원 최대 90만원 이내(1일 1회 || 30.0만원/support_amount/subtract: / 30만원 지원) 氠瑢 Ⅱ 지원내용 □ 환편기 조직변환에 따른 조시기사 비용 지원 氠瑢 지원 분야 지원 내용 지원 한도 조직변환 지원 ⦁ 환편기 조직변환 || 30.0만원/support_amount/subtract: / 30만원 지원) 氠瑢 Ⅱ 지원내용 □ 환편기 조직변환에 따른 조시기사 비용 지원 氠瑢 지원 분야 지원 내용 지원 한도 조직변환 지원 ⦁ 환편기 조직변환에 따른 조시기사 비용 지원 30만원 이내 1일 1회 || 30.0만원/support_amount/subtract: 제품번호 ITEM No 폭넓이 Width 중량 Weight ※ 1회 지원 한도 30만원 이내, 최대 3회까지 지원(최대 90만원 이내) 비용 총계 필수제출서류 ① [서 || 90.0만원/support_amount/subtract: 최대 3회까지 지원(최대 90만원 이내) 비용 총계 필수제출서류 ① [서식2] 개인정보이용동의서(신청기업) ② 신청기업 사업자등록증 ③ 국세 || 90.0만원/total_support_scale/review: 지방세 체납 기업□ (지원기간) 공고일로부터 ~ 예산 소진 시까지□ (지원규모) 조직변환 지원 최대 90만원 이내(1일 1회 || ... 후보 4개 추가",unknown:30.0,safe,clear_selected_candidate,https://www.bizinfo.go.kr/sii/siia/selectSIIA200Detail.do?pblancId=PBLN_000000000123174
PBLN_000000000123179,[경기] 2026년 2차 제조로봇 도입ㆍ실증 및 고도화지원 사업 공고(제조로봇 도입지원),경기도,amount_update_ready,27,16,11,12000.0,12000.0,support_amount,subtract,0.6,확정,"12000.0만원/support_amount/subtract: 제조로봇 고도화지원 - 제조로봇 도입ㆍ실증지원 : 기업당 최대 120백만원 - 제조로봇 고도화 지원 : 기업당 최대 35백만원 || 3500.0만원/support_amount/subtract: 제조로봇 고도화지원 - 제조로봇 도입ㆍ실증지원 : 기업당 최대 120백만원 - 제조로봇 고도화 지원 : 기업당 최대 35백만원 || 202700.0만원/total_support_scale/review: / (재)경기테크노파크 □ (사업목적) 도내 제조현장의 디지털 전환을 촉진하여 제조경쟁력 강화 및 로봇산업 기술 확산 기반 마련 □ (지원대상) 경기도 내 중소ㆍ중견기업(본사 또는 공장등록 기업) □ (지원규모) 2,027백만원 내외 □ (사업기간) 협약일 ~ 2026 || 500.0만원/fee/review: 협동로봇 작업장 안전인증 * 안전인증 수수료는 (첨부5) 로봇공정 안전인증기관 단가표를 참조하여 최대 500만원까지 사업비에 반영 * 사업비 회계정산 수수료는 전담기관(경기테크노파크)에서 부담 * 실증기준상 지원범위에 해당하지 않는 설비 및 기타 잡자재 || 12000.0만원/total_support_scale/review: 기업당 최대 1.2억 원 지원(총 사업비의 60%이내)구분 지원규모지원금액(도비) 기업 당 최대 1 || 12000.0만원/total_support_scale/review: 2억 원 지원(총 사업비의 60%이내)구분 지원규모지원금액(도비) 기업 당 최대 1.2억사업비 구성경기도비민간부담금60%40% -사업비 구성 예시 구분목표금액총 사업비경기도비(60%)민간부담금(40%)도입기업A공정A1 || ... 후보 10개 추가",total_project_cost:12000.0 | total_project_cost:3500.0 | self_funding:12000.0 | unknown:8000.0 | self_funding:20000.0 | unknown:12000.0 | self_funding:13000.0 | unknown:25000.0,safe,clear_selected_candidate,https://www.bizinfo.go.kr/sii/siia/selectSIIA200Detail.do?pblancId=PBLN_000000000123179
PBLN_000000000123188,[경북] 북부 2026년 3차 지식재산 긴급지원 사업 모집 공고,경상북도,json_only_review,39,12,27,,,unknown,review,0.4,후보 검수 필요,"2000.0만원/consulting_fee/recommend_only: 봉화군) 소재 중소기업 (중소기업 기본법 제2조 및 동법 시행령 제3조에 의거) ☞ 기업 당 2,000만원 이내 지원 - 지식재산 전문가의 IP현안 진단을 통해 컨설턴트 직접컨설팅을 제공하고 || 2000.0만원/total_support_scale/review: 천재지변의 경우 일부 절차는 비대면으로 진행될 수 있음 □ 지원규모 o 기업 당 2,000만원 이내(지원금 합산 기준 || 900.0만원/subsidy/subtract: 해외출원비용 등을 지원 氠瑢 구분 세부 사업명 정부지원금 규모 분담금 특 허 특허기술홍보영상제작 9,000천원 이내 40% (현금20%+현물20%) 단 || 600.0만원/support_amount/subtract: 000천원 이내 리뉴얼브랜드개발 6,000천원 이내 국내출원 지원 특허 1 || 180.0만원/support_amount/subtract: 000천원 이내 국내출원 지원 특허 1,800천원 이내 현금 40% 실용신안 1 || 102.0만원/support_amount/subtract: 800천원 이내 현금 40% 실용신안 1,020천원 이내 상표 420천원 이내 디자인 480천원 이내 해외출원 지원 특허(PCT) 2 || ... 후보 6개 추가",unknown:900.0 | unknown:900.0 | unknown:1600.0 | unknown:600.0 | unknown:900.0 | unknown:900.0 | unknown:600.0 | unknown:1400.0,needs_review,large_amount_delta,https://www.bizinfo.go.kr/sii/siia/selectSIIA200Detail.do?pblancId=PBLN_000000000123188
PBLN_000000000123189,[충북] 지능형첨단부품산업의 디지털전환 거점 구축 사업 AI 융합 제품ㆍ솔루션 고도화 지원 수혜기업 모집 공고,산업통상부,json_only_review,6,2,4,,,unknown,review,1.0,후보 검수 필요,"4000.0만원/total_support_scale/review: 후 성능 비교 결과보고서q (지원규모) 기업당 최대 40,000천원 이내 * 기업부담금 지원금의 10% 이상 || None만원/support_ratio/ratio_cap: [충북] 지능형첨단부품산업의 디지털전환 거점 구축 사업 AI 융합 제품ㆍ솔루션 고도화 지원 수혜기업 모집 공고 산업통상부 기업마당>정책정보>지원사업 공고 기업마당 본문 바로가기 주메뉴 바로가기 기업마당 > 정책정보 > 지원사업 공고 메뉴열기 로그인 정책정보 정책정보 지원사업 공고 품목별 법정의무 인증제도 행사정보 정책뉴스",total_project_cost:4000.0 | total_project_cost:4400.0 | self_funding:4000.0 | self_funding:400.0,needs_review,selected_candidate_missing,https://www.bizinfo.go.kr/sii/siia/selectSIIA200Detail.do?pblancId=PBLN_000000000123189
PBLN_000000000123191,[경북] 안동시 2026년 3차 지식재산 긴급지원 사업 모집 공고,경상북도,amount_update_ready,31,7,24,900.0,900.0,subsidy,subtract,0.4,확정,"2000.0만원/consulting_fee/recommend_only: ☞ 안동시 소재 중소기업 (중소기업 기본법 제2조 및 동법 시행령 제3조에 의거) ☞ 기업 당 2,000만원 이내 지원 - 지식재산 전문가의 IP현안 진단을 통해 컨설턴트 직접컨설팅을 제공하고 || 2000.0만원/total_support_scale/review: 천재지변의 경우 일부 절차는 비대면으로 진행될 수 있음 □ 지원규모 o 기업 당 2,000만원 이내(지원금 합산 기준 || 900.0만원/subsidy/subtract: 해외출원비용 등을 지원 氠瑢 구분 세부 사업명 정부지원금 규모 분담금 특 허 특허기술홍보영상제작 9,000천원 이내 40% (현금20%+현물20%) 단 || 600.0만원/support_amount/subtract: 000천원 이내 리뉴얼브랜드개발 6,000천원 이내 해외출원 지원 특허(PCT) 2 || 228.0만원/support_amount/subtract: 000천원 이내 해외출원 지원 특허(PCT) 2,280천원 이내 현금 40% 특허 (개별국) 미 국 4 || 228.0만원/total_support_scale/review: 포기된 경우 지원금 환수 - 지원비용 신청서 접수일 기준으로 지원대상자가 지원 불가한 타 지역으로 이동한 경우 지원 불가 □ 지원규모 氠瑢 구분 세부사업명 정부지원금 규모 해외출원 지원 특허(PCT) 2,280천원 이내 특허 (개별국) 미 국 4 || ... 후보 1개 추가",unknown:900.0 | unknown:900.0 | unknown:1600.0 | unknown:600.0 | unknown:900.0 | unknown:900.0 | unknown:600.0 | unknown:1400.0,safe,clear_selected_candidate,https://www.bizinfo.go.kr/sii/siia/selectSIIA200Detail.do?pblancId=PBLN_000000000123191
PBLN_000000000123192,[경북] 영주시 2026년 3차 지식재산 긴급지원 사업 모집 공고,경상북도,amount_update_ready,13,4,9,900.0,900.0,subsidy,subtract,0.4,확정,"2000.0만원/consulting_fee/recommend_only: ☞ 영주시 소재 중소기업 (중소기업 기본법 제2조 및 동법 시행령 제3조에 의거) ☞ 기업 당 2,000만원 이내 지원 - 지식재산 전문가의 IP현안 진단을 통해 컨설턴트 직접컨설팅을 제공하고 || 2000.0만원/total_support_scale/review: 천재지변의 경우 일부 절차는 비대면으로 진행될 수 있음 □ 지원규모 o 기업 당 2,000만원 이내(지원금 합산 기준 || 900.0만원/subsidy/subtract: 해외출원비용 등을 지원 氠瑢 구분 세부 사업명 정부지원금 규모 분담금 특 허 특허기술홍보영상제작 9,000천원 이내 40% (현금20%+현물20%) 단 || None만원/support_ratio/ratio_cap: [경북] 영주시 2026년 3차 지식재산 긴급지원 사업 모집 공고 경상북도 기업마당>정책정보>지원사업 공고 기업마당 본문 바로가기 주메뉴 바로가기 기업마당 > 정책정보 > 지원사업 공고 메뉴열기 로그인 정책정보 정책정보 지원사업 공고 품목별 법정의무 인증제도 행사정보 정책뉴스 입법·행정예고/고시 월간 중기누리 활용정보 활",unknown:900.0 | unknown:900.0 | unknown:1600.0 | unknown:600.0 | unknown:900.0 | unknown:900.0 | unknown:600.0 | unknown:1400.0,needs_review,large_amount_delta,https://www.bizinfo.go.kr/sii/siia/selectSIIA200Detail.do?pblancId=PBLN_000000000123192
PBLN_000000000123195,[경북] 의성군 2026년 3차 지식재산 긴급지원 사업 모집 공고,경상북도,amount_update_ready,31,7,24,900.0,900.0,subsidy,subtract,0.4,확정,"2000.0만원/consulting_fee/recommend_only: ☞ 의성군 소재 중소기업 (중소기업 기본법 제2조 및 동법 시행령 제3조에 의거) ☞ 기업 당 2,000만원 이내 지원 - 지식재산 전문가의 IP현안 진단을 통해 컨설턴트 직접컨설팅을 제공하고 || 2000.0만원/total_support_scale/review: 천재지변의 경우 일부 절차는 비대면으로 진행될 수 있음 □ 지원규모 o 기업 당 2,000만원 이내(지원금 합산 기준 || 900.0만원/subsidy/subtract: 해외출원비용 등을 지원 氠瑢 구분 세부 사업명 정부지원금 규모 분담금 특 허 특허기술홍보영상제작 9,000천원 이내 40% (현금20%+현물20%) 단 || 600.0만원/support_amount/subtract: 000천원 이내 리뉴얼브랜드개발 6,000천원 이내 해외출원 지원 특허(PCT) 2 || 228.0만원/support_amount/subtract: 000천원 이내 해외출원 지원 특허(PCT) 2,280천원 이내 현금 40% 특허 (개별국) 미 국 4 || 228.0만원/total_support_scale/review: 포기된 경우 지원금 환수 - 지원비용 신청서 접수일 기준으로 지원대상자가 지원 불가한 타 지역으로 이동한 경우 지원 불가 □ 지원규모 氠瑢 구분 세부사업명 정부지원금 규모 해외출원 지원 특허(PCT) 2,280천원 이내 특허 (개별국) 미 국 4 || ... 후보 1개 추가",unknown:900.0 | unknown:900.0 | unknown:1600.0 | unknown:600.0 | unknown:900.0 | unknown:900.0 | unknown:600.0 | unknown:1400.0,safe,clear_selected_candidate,https://www.bizinfo.go.kr/sii/siia/selectSIIA200Detail.do?pblancId=PBLN_000000000123195
PBLN_000000000123203,AI기반 Age-Tech 산업 중심의 디지털의료제품 지원 바이오데이터 및 알고리즘 실증 기술서비스 모집 상시 공고(산업혁신기반구축ㆍ2차년도),산업통상부,no_support_candidate,0,0,0,,,unknown,review,,후보 없음,,,needs_review,candidate_missing,https://www.bizinfo.go.kr/sii/siia/selectSIIA200Detail.do?pblancId=PBLN_000000000123203
PBLN_000000000123205,[경기] 안양시 2026년 하반기 국내외 IP 출원 및 인증 지원사업 모집 공고,경기도,amount_update_ready,8,7,1,2000000.0,2000000.0,support_amount,subtract,0.8,확정,2000000.0만원/support_amount/subtract: 아래 요건을 모두 충족하는 기업 ① 소재지 : 안양시 소재 (본사 또는 공장) 중소ㆍ벤처기업 (사업자등록 기준) ② 매출액 : 재무제표 최근 3년 평균 매출액 200억 이하 (상장사ㆍ중견기업 제외) ☞ 국내외 IP 출원 소요비용의 80% 지원 || 0.1만원/fee/review: 상표의 경우 이미지 첨부 경쟁력 및 시장성 상품화 추진계획 출원에 따른 기대효과 소요비용 (VAT 제외) 천원 미만 절사 관 납 료 천원 컨설팅 수수료 천원 기 타1 천원 합 계 천원 氠瑢 [서식 제3호] 지원사업 신청서 (인증) 氠瑢 2026년도 국내외 IP 출원 및 인증 지원사업 (인증) 氠瑢 기업명 사업자등 || 400.0만원/non_cash/recommend_only: 가능예시: 인증분야 내에서 ‘ISO 인증’1건만 지원 가능 ▶ 출원 완료 후 접수 (소요비용 기업 선납) 氠瑢 분 야 내 용 지원비율 지원한도(최대) 지원조건 IP (지식재산권) 해외특허 (개별국 및 PCT) 진흥원 80% 기업부담 20% 400만원/건 [선택1] 연간1건 국내특허 100만원/건 [선택2] 연간2건 실용신 || 100.0만원/non_cash/recommend_only: 가능예시: 인증분야 내에서 ‘ISO 인증’1건만 지원 가능 ▶ 출원 완료 후 접수 (소요비용 기업 선납) 氠瑢 분 야 내 용 지원비율 지원한도(최대) 지원조건 IP (지식재산권) 해외특허 (개별국 및 PCT) 진흥원 80% 기업부담 20% 400만원/건 [선택1] 연간1건 국내특허 100만원/건 [선택2] 연간2건 실용신 || 30.0만원/non_cash/recommend_only: 가능예시: 인증분야 내에서 ‘ISO 인증’1건만 지원 가능 ▶ 출원 완료 후 접수 (소요비용 기업 선납) 氠瑢 분 야 내 용 지원비율 지원한도(최대) 지원조건 IP (지식재산권) 해외특허 (개별국 및 PCT) 진흥원 80% 기업부담 20% 400만원/건 [선택1] 연간1건 국내특허 100만원/건 [선택2] 연간2건 실용신 || 400.0만원/non_cash/recommend_only: 가능예시: 인증분야 내에서 ‘ISO 인증’1건만 지원 가능 ▶ 획득(인증) 완료 후 접수 (소요비용 기업 선납) 氠瑢 분 야 내 용 지원비율 지원한도(최대) 지원조건 인증 품질인증 국내 진흥원 80% 기업부담 20% 400만원/건 연간1건 해외 ISO인증 氠瑢 ★ 조건부 인정 제도 운영 - 신청 시점에 인증 미취득 기업은 || ... 후보 1개 추가,revenue_condition:2000000.0,needs_review,selected_context_has_risk_keyword | large_amount_delta,https://www.bizinfo.go.kr/sii/siia/selectSIIA200Detail.do?pblancId=PBLN_000000000123205
PBLN_000000000123210,2026년 2차 국가표준기술력향상사업 신규지원 대상과제 공고,산업통상부,json_only_review,24,13,11,,,unknown,review,,후보 검수 필요,1000.0만원/support_amount/subtract: 2~4차년도:각12개월)ㅇ 정부지원연구개발비:’26년0.1억원이내(총정부지원연구개발비0 || 7000.0만원/support_amount/subtract: 1억원이내(총정부지원연구개발비0.7억원이내)ㅇ단계구분:1단계(1~2차년도) || 8550.0만원/support_amount/subtract: 2~4차년도:각12개월)ㅇ 정부지원연구개발비:’26년0.855억원이내(총정부지원연구개발비5 || 59850.0만원/support_amount/subtract: 855억원이내(총정부지원연구개발비5.985억원이내)ㅇ단계구분:1단계(1~2차년도) || 6000.0만원/support_amount/subtract: 2~5차년도:각12개월)ㅇ 정부지원연구개발비:’26년0.6억원이내(총정부지원연구개발비5 || 54000.0만원/support_amount/subtract: 6억원이내(총정부지원연구개발비5.4억원이내)ㅇ단계구분:1단계(1~2차년도) || ... 후보 7개 추가,unknown:50000.0 | unknown:50000.0 | unknown:138000.0 | unknown:38000.0 | unknown:38000.0 | unknown:50000.0 | unknown:88000.0 | unknown:50000.0,needs_review,large_amount_delta,https://www.bizinfo.go.kr/sii/siia/selectSIIA200Detail.do?pblancId=PBLN_000000000123210
PBLN_000000000123222,2026년 2차 섬유산업 지능형 마이크로팩토리 제조 플랫폼 실증기반 구축사업 I-Tube 기술지원 서비스 참여기업 모집 공고,산업통상부,no_support_candidate,0,0,0,,,unknown,review,,후보 없음,,,needs_review,candidate_missing,https://www.bizinfo.go.kr/sii/siia/selectSIIA200Detail.do?pblancId=PBLN_000000000123222
PBLN_000000000123225,[전북] 2026년 5차 ILP 서비스 기술연결 수요기업 모집 공고,전북특별자치도,no_support_candidate,0,0,0,,,unknown,review,,후보 없음,,,needs_review,candidate_missing,https://www.bizinfo.go.kr/sii/siia/selectSIIA200Detail.do?pblancId=PBLN_000000000123225
PBLN_000000000123231,[충북] 2026년 산업 AI 도입·실증 지원사업 참여기업 모집 공고(산업 인공지능 전환 및 확산 기반조성 사업),산업통상부,amount_update_ready,5,3,2,5500.0,5500.0,support_amount,subtract,1.0,확정,"5500.0만원/support_amount/subtract: 예측분석 등 AI 솔루션을 적용ㆍ최적화 할 수 있는 기업(지역제한 없음) ☞ 수요-공급기업 간 매칭을 통해 AI 솔루션 적용 가능 분야에 AI 솔루션을 도입ㆍ최적화할 수 있도록 실증 비용(과제당 55,000천원) 지원 사업신청 방법 온라인 접수 (충북과기원 과제관리시스템) 사업신청 사이트 온라인신청 바로가기 문의처 충북과 || 5500.0만원/total_support_scale/review: 지원규모: 3개 과제(과제당 55,000천원) ㅇ 수요기업과 AI 솔루션 공급기업 간 컨소시엄 구성 후 지원 마 || None만원/support_ratio/ratio_cap: [충북] 2026년 산업 AI 도입·실증 지원사업 참여기업 모집 공고(산업 인공지능 전환 및 확산 기반조성 사업) 산업통상부 기업마당>정책정보>지원사업 공고 기업마당 본문 바로가기 주메뉴 바로가기 기업마당 > 정책정보 > 지원사업 공고 메뉴열기 로그인 정책정보 정책정보 지원사업 공고 품목별 법정의무 인증제도 행사정보 정책",total_project_cost:0.0 | total_project_cost:5500.0,safe,clear_selected_candidate,https://www.bizinfo.go.kr/sii/siia/selectSIIA200Detail.do?pblancId=PBLN_000000000123231
PBLN_000000000123247,[경남] 고성군 2026년 3차 시군구연고산업육성사업 지원기업 모집 공고,중소벤처기업부,json_only_review,17,5,12,,,unknown,review,0.1,후보 검수 필요,"500.0만원/consulting_fee/recommend_only: 스마트화를 위한 전문가 자문 및 컨설팅 비용 지원 생산성 향상 및 공정 혁신을 위한 전문가 자문 및 컨설팅 비용 지원 5백만원 10% 사업화 지원 시험 인증 지원 조선 기자재 각종 선급인증 || 1000.0만원/non_cash/recommend_only: 국제규격 취득 비용 지원 지원 조선업 기업 각종 인증 비용 지원 10백만원 10% 외국 인력 관련 지원 외국인 우수인력 채용 지원 외국인 기량 검증 및 인력(E7 비자) 채용을 위한 각종 경비 지원 및 현지 채용 면접 || 200.0만원/equipment_usage_fee/recommend_only: 국제규격 취득 비용 지원 지원 조선업 기업 각종 인증 비용 지원 10백만원 10% 외국 인력 관련 지원 외국인 우수인력 채용 지원 외국인 기량 검증 및 인력(E7 비자) 채용을 위한 각종 경비 지원 및 현지 채용 면접 참가 비용 지원 외국인(E7 비자) 채용 관련 기업체 인원 국외 출장비 및 체류비 지원 2백만원 10% || 2500.0만원/support_amount/subtract: 기업 자부담 비율은 부가세 제외 금액에 대한 자부담 비율임 □ 지원방법 : ㅇ (지원 금액) 기업별 신청서 및 사업계획서에 따라 프로그램별 최대 지원금액 내 지원 * 지원 프로그램에 따라 지원 금액의 10% 기업 자부담 매칭 필수 * 예시 : 지원금 25백만원 + 기업부담금(10%) 2 || 3000.0만원/support_amount/subtract: 사업 결과보고서 제출 - ④ 경남TP → 수혜기업 최종 결과 평가 후 지원금 지급 30,000천원 氠瑢 3 신청자격 □ 지원대상: 아래 가지 요건을 모두 충족하는 기업 ㅇ 사업장(본사",unknown:150.0 | total_project_cost:250.0 | revenue_condition:2750.0 | revenue_condition:100000.0 | self_funding:100000.0 | self_funding:3630.0 | unknown:3000.0 | self_funding:300.0,needs_review,large_amount_delta,https://www.bizinfo.go.kr/sii/siia/selectSIIA200Detail.do?pblancId=PBLN_000000000123247
PBLN_000000000123257,[부산] 2027년 방산 중소기업 생산성향상 지원사업 공고,부산광역시,amount_update_ready,13,5,8,15000.0,15000.0,support_amount,subtract,0.75,확정,"6000.0만원/support_amount/subtract: 생산 최적화 및 생산설비 고도화 지원 - 금형 고도화 및 신규제작 : 기업당 최대 60,000천원 - 생산 최적화 및 생산설비 고도화 : 기업당 최대 150 || 6000.0만원/total_support_scale/review: 방산 중소기업의 수주 경쟁력 확보와 지속 가능한 성장 기반 마련 □ 지원대상 ㅇ 부산지역(본사 또는 공장 소재) 방산 중소기업*으로서 대규모 방산 수출 수주(`22년 이후 기준 50백만 달러 이상 수주 무기체계) 체계기업에 부품을 공급하고 있거나 공급 예정인 기업 중 생산성 향상이 필요한 기업 * 중소기업 : 「중소기업기 || 15000.0만원/support_amount/subtract: 000천원 생산 최적화 및 생산설비 고도화 지원 3개사 내외 기업당 최대 150,000천원 || 6000.0만원/support_amount/subtract: 금형 설계비는 지원 제외 1개사 60,000천원 (공급가액의 최대 75%) 공급가액의 25% 이상 (현금매칭) 설비 지원 생산 최적화 지원 자동화 설비 구축 지원 기존 설비 문제점 및 생산성 || 15000.0만원/equipment_usage_fee/recommend_only: 000천원 (공급가액의 최대 75%) 공급가액의 25% 이상 (현금매칭) 설비 지원 생산 최적화 지원 자동화 설비 구축 지원 기존 설비 문제점 및 생산성을 높이기 위한 설비 개량 지원 생산물량 향상에 따른 추가 생산설비 증설 지원 신뢰성 확보를 위한 검사장비 업그레이드 지원 * 검사장비 소프트웨어 업그레이드 포함 생산설비",unknown:15000.0 | total_project_cost:6000.0 | self_funding:2000.0 | revenue_condition:8000.0 | total_project_cost:15000.0 | self_funding:15000.0 | revenue_condition:30000.0 | unknown:2000.0,safe,clear_selected_candidate,https://www.bizinfo.go.kr/sii/siia/selectSIIA200Detail.do?pblancId=PBLN_000000000123257
PBLN_000000000123261,[인천] 2026년 우수디자인 시제품개발지원사업 모집 공고,인천광역시,json_only_review,11,3,8,,,unknown,review,0.7,후보 검수 필요,"2500.0만원/support_amount/subtract: 개발비용 : 부가세를 제외한 공급가액 최대 2,500만원 한도 워킹목업제작 최대 800만원 한도 2) 타지역 소재 제작기업 매칭 과제 氠瑢 개발분야 지원비율 지원금액 금형제작 개발비용의 70% || 800.0만원/support_amount/subtract: 500만원 한도 워킹목업제작 최대 800만원 한도 2) 타지역 소재 제작기업 매칭 과제 氠瑢 개발분야 지원비율 지원금액 금형제작 개발비용의 70% || None만원/support_ratio/ratio_cap: [인천] 2026년 우수디자인 시제품개발지원사업 모집 공고 인천광역시 기업마당>정책정보>지원사업 공고 기업마당 본문 바로가기 주메뉴 바로가기 기업마당 > 정책정보 > 지원사업 공고 메뉴열기 로그인 정책정보 정책정보 지원사업 공고 품목별 법정의무 인증제도 행사정보 정책뉴스 입법·행정예고/고시 월간 중기누리 활용정보 활용정보",unknown:1500.0 | unknown:1000.0 | unknown:100.0 | unknown:165.0 | unknown:290.0 | unknown:2500.0 | unknown:800.0 | unknown:30.0,needs_review,large_amount_delta,https://www.bizinfo.go.kr/sii/siia/selectSIIA200Detail.do?pblancId=PBLN_000000000123261
PBLN_000000000123264,[경북] 2026년 모빌리티 산업 디지털 전환 고도화 지원사업 수혜기업 모집 공고,경상북도,amount_update_ready,1,1,0,2000.0,2000.0,support_amount,subtract,,확정,"2000.0만원/support_amount/subtract: ☞ 경상북도에 소재한 모빌리티 산업 전ㆍ후방 부품 제조 기업 ☞ 기업 당 최대 20,000천원 이내 지원",,safe,clear_selected_candidate,https://www.bizinfo.go.kr/sii/siia/selectSIIA200Detail.do?pblancId=PBLN_000000000123264
PBLN_000000000123267,2026년 제5차 바이오ㆍ의료기술개발 사업 신규과제 공고,과학기술정보통신부,json_only_review,7,6,1,,,unknown,review,1.0,후보 검수 필요,"44297600.0만원/subsidy/subtract: 줄기세포 등 국민 생명과 건강에 직결된 바이오 및 첨단의료 분야 핵심원천기술 확보 및 실용화 지원□사업기간/예산(정부출연금):’04년~계속 /’26년 4,429.76억원□사업 내용ㅇ신약 || 50000.0만원/support_amount/subtract: 연구 개발 결과의 활용 방안 및 기대 효과 까지 내용을 과제 규모에 따라 아래 분량에 맞춰 작성12개월 기준 정부지원연구개발비 규모(주관+공동 기준) 계획서 분량주관연구개발기관공동연구개발기관연 5억원 미만60쪽 이내15쪽 이내연 5억원 이상 20억원 미만100쪽 이내20쪽 이내연 20억원 이상제한 없음제한 없음 || 50000.0만원/support_amount/subtract: 연구 개발 결과의 활용 방안 및 기대 효과 까지 내용을 과제 규모에 따라 아래 분량에 맞춰 작성12개월 기준 정부지원연구개발비 규모(주관+공동 기준) 계획서 분량주관연구개발기관공동연구개발기관연 5억원 미만60쪽 이내15쪽 이내연 5억원 이상 20억원 미만100쪽 이내20쪽 이내연 20억원 이상제한 없음제한 없음 || 200000.0만원/support_amount/subtract: 연구 개발 결과의 활용 방안 및 기대 효과 까지 내용을 과제 규모에 따라 아래 분량에 맞춰 작성12개월 기준 정부지원연구개발비 규모(주관+공동 기준) 계획서 분량주관연구개발기관공동연구개발기관연 5억원 미만60쪽 이내15쪽 이내연 5억원 이상 20억원 미만100쪽 이내20쪽 이내연 20억원 이상제한 없음제한 없음 || 200000.0만원/support_amount/subtract: 연구 개발 결과의 활용 방안 및 기대 효과 까지 내용을 과제 규모에 따라 아래 분량에 맞춰 작성12개월 기준 정부지원연구개발비 규모(주관+공동 기준) 계획서 분량주관연구개발기관공동연구개발기관연 5억원 미만60쪽 이내15쪽 이내연 5억원 이상 20억원 미만100쪽 이내20쪽 이내연 20억원 이상제한 없음제한 없음 || None만원/support_ratio/ratio_cap: 2026년 제5차 바이오ㆍ의료기술개발 사업 신규과제 공고 과학기술정보통신부 기업마당>정책정보>지원사업 공고 기업마당 본문 바로가기 주메뉴 바로가기 기업마당 > 정책정보 > 지원사업 공고 메뉴열기 로그인 정책정보 정책정보 지원사업 공고 품목별 법정의무 인증제도 행사정보 정책뉴스 입법·행정예고/고시 월간 중기누리 활용정보 활",unknown:1370000.0,needs_review,large_amount_delta,https://www.bizinfo.go.kr/sii/siia/selectSIIA200Detail.do?pblancId=PBLN_000000000123267
PBLN_000000000123268,[충남] 천안시ㆍ아산시 2026년 디스플레이 특화단지 R&D 컨설팅 지원 수혜기업 모집 공고,충청남도,amount_update_ready,2,2,0,300.0,300.0,support_amount,subtract,,확정,"100.0만원/support_amount/subtract: 발표자료 보완지원 *공모사업 신청서류 검토 및 보완지원 포함 기업당 1,000천원 이내 Special R&D 기획 || 300.0만원/support_amount/subtract: R&D 연계 지원 기업당 3,000천원 이내",,safe,clear_selected_candidate,https://www.bizinfo.go.kr/sii/siia/selectSIIA200Detail.do?pblancId=PBLN_000000000123268
PBLN_000000000123277,[대전ㆍ충청] 2026년 중소기업 AI훈련확산 지원사업 참여기업 모집 공고,고용노동부,amount_update_ready,16,14,2,1000.0,1000.0,support_amount,subtract,0.5,확정,"610.0만원/support_amount/subtract: 기업당 최대 610만원 내 비용 지원 사업신청 방법 온라인 또는 이메일 접수 - 온라인 : 구글폼 - 이메일 : kciahrd@daum || 210.0만원/support_amount/subtract: 10명 이내 (훈련 운영) 프로젝트 수행방식의 훈련 참여자 주도형 훈련 (지원혜택) 훈련과정개발비(최대 210만원) + 훈련교사 수당(기업당 최대 1 || 1000.0만원/support_amount/subtract: 10명 이내 (훈련 운영) 프로젝트 수행방식의 훈련 참여자 주도형 훈련 (지원혜택) 훈련과정개발비(최대 210만원) + 훈련교사 수당(기업당 최대 1,000만원) + 훈련비(NCS단가 × 훈련시간 × 훈련인원) 체계적 현장훈련(S-OJT) Key Point || 2200.0만원/education_fee/recommend_only: 타지원사업과의후속연계를통해 지속가능한성장로드맵제시 훈련성과의가시화 연계사업 ”시너지” 17 연계사업안내 Chapter Key Point 기업 재직자의 직무역량 강화를 위한 맞춤형 훈련 사업(2) 주요 연계 사업별 특성 분석과 최적의 훈련 모델 도입을 위한 연계 지원사업안내 정확하고안정적인연계 수행 현황 분석 및 관련 기관 || 120.0만원/support_amount/subtract: 소비 향락업체 및 다단계 판매업참여 제외 인턴 최대 3개월(120만원) 계속고용 최대 3개월(150만원) 일반형 (최대 270만원 지원) 장기 고용(18~36개월) 시 개월 수에 따라 차등 지급 장기취업유지형 ( || 150.0만원/support_amount/subtract: 소비 향락업체 및 다단계 판매업참여 제외 인턴 최대 3개월(120만원) 계속고용 최대 3개월(150만원) 일반형 (최대 270만원 지원) 장기 고용(18~36개월) 시 개월 수에 따라 차등 지급 장기취업유지형 (최대 280만원 추가지원) 숙련 퇴 || ... 후보 8개 추가",unknown:34.0 | unknown:1224.0,needs_review,large_amount_delta,https://www.bizinfo.go.kr/sii/siia/selectSIIA200Detail.do?pblancId=PBLN_000000000123277
PBLN_000000000123284,2026년 고용노동부(안전보건공단) 연계 스마트 안전장비지원 품목 등록 시행계획 공고,과학기술정보통신부,amount_update_ready,2,1,1,3000.0,3000.0,support_amount,subtract,0.8,확정,"3000.0만원/support_amount/subtract: 중소기업기본법 상 소기업 규모 이하 사업장 노동시장 이중구조 개선을 위한 상생 협약을 체결한 협력업체로서 중소기업기본법 상 중소기업 규모 이하 사업장 사업개요1 지원대상2 지원품목5 지원금액 및 절차3 신청기간 및 방법4 지원금액 : 동일 사업주 또는 법인 당 최대 3,000만원까지(공단 판단금액의 최대 80%)",unknown:3700000.0,safe,clear_selected_candidate,https://www.bizinfo.go.kr/sii/siia/selectSIIA200Detail.do?pblancId=PBLN_000000000123284
PBLN_000000000123291,[전북] 군산시 2026년 2차 AX얼라이언스 산ㆍ학ㆍ연 종합프로그램 지원 수혜기업 모집 공고(군산국가산업단지 스마트그린 AX실증산단 구축사업),산업통상부,amount_update_ready,2,2,0,2000.0,2000.0,support_amount,subtract,1.0,확정,2000.0만원/support_amount/subtract: 자세한 지원대상 공고문 참조 ☞ 컨소시엄 당 최대 20백만원 이내 지원 - (기술도입) AIㆍ빅데이터 기반 제조 공정 최적화 솔루션 || None만원/support_ratio/ratio_cap: [전북] 군산시 2026년 2차 AX얼라이언스 산ㆍ학ㆍ연 종합프로그램 지원 수혜기업 모집 공고(군산국가산업단지 스마트그린 AX실증산단 구축사업) 산업통상부 기업마당>정책정보>지원사업 공고 기업마당 본문 바로가기 주메뉴 바로가기 기업마당 > 정책정보 > 지원사업 공고 메뉴열기 로그인 정책정보 정책정보 지원사업 공고 품목별,,safe,clear_selected_candidate,https://www.bizinfo.go.kr/sii/siia/selectSIIA200Detail.do?pblancId=PBLN_000000000123291
PBLN_000000000123296,2026년 2차 기후에너지환경부 혁신제품 지정기간 연장(2차 연장) 공고,기후에너지환경부,no_support_candidate,0,0,0,,,unknown,review,,후보 없음,,,needs_review,candidate_missing,https://www.bizinfo.go.kr/sii/siia/selectSIIA200Detail.do?pblancId=PBLN_000000000123296
PBLN_000000000123298,2026년 산업데이터 표준 기반 AI 솔루션 실증지원 사업수요기업 추가모집 공고(산업데이터 표준확산 기반구축 사업),경기도,amount_update_ready,3,2,1,5000.0,5000.0,support_amount,subtract,1.0,확정,"5000.0만원/support_amount/subtract: 기업의 데이터 분석을 위한 지능형 솔루션의 효율적인 도입 기반을 마련하고 제조 공정상의 다양한 문제를 해결 지원(기업당 최대 5,000만원 이내) 사업신청 방법 이메일 접수 (dhl@gtp || None만원/support_ratio/ratio_cap: 2026년 산업데이터 표준 기반 AI 솔루션 실증지원 사업수요기업 추가모집 공고(산업데이터 표준확산 기반구축 사업) 경기도 기업마당>정책정보>지원사업 공고 기업마당 본문 바로가기 주메뉴 바로가기 기업마당 > 정책정보 > 지원사업 공고 메뉴열기 로그인 정책정보 정책정보 지원사업 공고 품목별 법정의무 인증제도 행사정보 정책뉴",total_project_cost:5000.0,safe,clear_selected_candidate,https://www.bizinfo.go.kr/sii/siia/selectSIIA200Detail.do?pblancId=PBLN_000000000123298
PBLN_000000000123299,2026년 수요맞춤형 전기구동 경형 PBV 개발 지원기반 구축사업 기업지원 프로그램(기술자문) 추가 모집 공고,강원특별자치도,json_only_review,2,2,0,,,unknown,review,,후보 검수 필요,"300.0만원/non_cash/recommend_only: ☞ 자동차 소재ㆍ부품 제조 및 전환 예정 또는 접목 가능 기업 ☞ 기술자문(지도) 기업당 3,000천원 지원 || 300.0만원/consulting_fee/recommend_only: 기업당 3,000천원단위 사업명세 부 내 용기술자문(지도)m 지원 내용 - 요청 분야 전문가 매칭(기업 요청 전문가가 있을시 우선 매칭) - 컨설팅 비용(전문가 활",,safe,clear_selected_candidate,https://www.bizinfo.go.kr/sii/siia/selectSIIA200Detail.do?pblancId=PBLN_000000000123299
PBLN_000000000123300,[광주] 2026년 자동차 부품업체 지속 가능 전환기업 육성지원사업 지원기업 모집 공고,광주광역시,amount_update_ready,6,3,3,2500.0,2500.0,support_amount,subtract,,확정,1000.0만원/support_amount/subtract: 사업재편 신청 지원 등(기업당 최대 10백만원 내외) || 1600.0만원/support_amount/subtract: 기업부담금 없음(부가세 기업 부담) 2 R&D 기획 지원 ▶ 기업별 맞춤형 기획능력 향상 및 신규 아이템 도출을 통한 정부 과제 수주를 위한 R&D 기획 지원(기업당 최대 16백만원 내외) || 2500.0만원/support_amount/subtract: 외 수요 기반 요구사항 해결과 조기 사업화를 위한 샘플 제작지원 및 고객(사) 니즈 반영 개발제품에 대한 고급화 지원(기업당 최대 25백만원 내외),total_project_cost:2000.0 | total_project_cost:400.0 | total_project_cost:2000.0,needs_review,large_amount_delta,https://www.bizinfo.go.kr/sii/siia/selectSIIA200Detail.do?pblancId=PBLN_000000000123300
PBLN_000000000123301,[전남광주] 2026년 뿌리산업 선도기업 육성사업 기업 맞춤형 디지털전환 수준진단 및 컨설팅 지원 수혜기업 공고,전남광주통합특별시,support_ratio_ready,1,1,0,,,support_ratio,ratio_cap,0.65,비율 확인,None만원/support_ratio/ratio_cap: [전남광주] 2026년 뿌리산업 선도기업 육성사업 기업 맞춤형 디지털전환 수준진단 및 컨설팅 지원 수혜기업 공고 전남광주통합특별시 기업마당>정책정보>지원사업 공고 기업마당 본문 바로가기 주메뉴 바로가기 기업마당 > 정책정보 > 지원사업 공고 메뉴열기 로그인 정책정보 정책정보 지원사업 공고 품목별 법정의무 인증제도 행사정보,,needs_review,selected_candidate_missing,https://www.bizinfo.go.kr/sii/siia/selectSIIA200Detail.do?pblancId=PBLN_000000000123301
PBLN_000000000123335,2026년 차세대 특화망 사전검증(PoC) 지원사업 수요기업 모집 공고,과학기술정보통신부,no_support_candidate,0,0,0,,,unknown,review,,후보 없음,,,needs_review,candidate_missing,https://www.bizinfo.go.kr/sii/siia/selectSIIA200Detail.do?pblancId=PBLN_000000000123335
PBLN_000000000123336,[서울] 2026년 2차 서울제로마켓 활성화 사업 참여자 모집 공고,서울특별시,amount_update_ready,3,1,2,120.0,120.0,subsidy,subtract,0.5,확정,None만원/support_ratio/ratio_cap: [서울] 2026년 2차 서울제로마켓 활성화 사업 참여자 모집 공고 서울특별시 기업마당>정책정보>지원사업 공고 기업마당 본문 바로가기 주메뉴 바로가기 기업마당 > 정책정보 > 지원사업 공고 메뉴열기 로그인 정책정보 정책정보 지원사업 공고 품목별 법정의무 인증제도 행사정보 정책뉴스 입법·행정예고/고시 월간 중기누리 활용정보,unknown:120.0 | unknown:120.0,needs_review,selected_candidate_missing,https://www.bizinfo.go.kr/sii/siia/selectSIIA200Detail.do?pblancId=PBLN_000000000123336
PBLN_000000000123338,2026년 IP투자연계 지식재산평가 지원사업 공고,지식재산처,amount_update_ready,11,9,2,1500.0,1500.0,support_amount,subtract,0.8,확정,"1500.0만원/support_amount/subtract: 4)□지원 한도ㅇ 기본 지원율(80%):지식재산평가 1건당 평가비용 이내에서 80%지원구 분 평가 비용국고지원액비 고특허가액형1,500만원(VAT 별도)평가비용의 80% 이내(지원한도 1 || 1200.0만원/support_amount/subtract: 500만원(VAT 별도)평가비용의 80% 이내(지원한도 1,200만원)평가비용은 평가기관에서발행한 견적서 기준등급형표준형1 || 1200.0만원/support_amount/subtract: 200만원)평가비용은 평가기관에서발행한 견적서 기준등급형표준형1,200만원(VAT 별도)평가비용의 80% 이내(지원한도 960만원) 평가비용은 평가기관에서발행한 견적서 기준집중형750만원(VAT 별도)평가비용의 80% || 960.0만원/support_amount/subtract: 200만원(VAT 별도)평가비용의 80% 이내(지원한도 960만원) 평가비용은 평가기관에서발행한 견적서 기준집중형750만원(VAT 별도)평가비용의 80% 이내(지원한도 600만원)평가비용은 평가기관에서발행한 || 750.0만원/support_amount/subtract: 200만원(VAT 별도)평가비용의 80% 이내(지원한도 960만원) 평가비용은 평가기관에서발행한 견적서 기준집중형750만원(VAT 별도)평가비용의 80% 이내(지원한도 600만원)평가비용은 평가기관에서발행한 견적서 기준 상표가액형1 || 600.0만원/support_amount/subtract: 200만원(VAT 별도)평가비용의 80% 이내(지원한도 960만원) 평가비용은 평가기관에서발행한 견적서 기준집중형750만원(VAT 별도)평가비용의 80% 이내(지원한도 600만원)평가비용은 평가기관에서발행한 견적서 기준 상표가액형1 || ... 후보 3개 추가",revenue_condition:30000000.0 | revenue_condition:30000000.0,safe,clear_selected_candidate,https://www.bizinfo.go.kr/sii/siia/selectSIIA200Detail.do?pblancId=PBLN_000000000123338
PBLN_000000000123346,[경북] 포항시 중소ㆍ벤처기업 기술지원(벤처지원단) 사업 참여기업 모집 공고,경상북도,no_support_candidate,0,0,0,,,unknown,review,,후보 없음,,,needs_review,candidate_missing,https://www.bizinfo.go.kr/sii/siia/selectSIIA200Detail.do?pblancId=PBLN_000000000123346
PBLN_000000000123351,2026년 창원시 AI기반 슬립테크 국제협력 실증 확산 지원사업 기업지원 공고(해외 인허가 기술문서 작성 지원),산업통상부,support_ratio_ready,1,1,0,,,support_ratio,ratio_cap,0.5,비율 확인,None만원/support_ratio/ratio_cap: 2026년 창원시 AI기반 슬립테크 국제협력 실증 확산 지원사업 기업지원 공고(해외 인허가 기술문서 작성 지원) 산업통상부 기업마당>정책정보>지원사업 공고 기업마당 본문 바로가기 주메뉴 바로가기 기업마당 > 정책정보 > 지원사업 공고 메뉴열기 로그인 정책정보 정책정보 지원사업 공고 품목별 법정의무 인증제도 행사정보 정책뉴,,needs_review,selected_candidate_missing,https://www.bizinfo.go.kr/sii/siia/selectSIIA200Detail.do?pblancId=PBLN_000000000123351
PBLN_000000000123354,[부산] 2026년 도시형소공인 맞춤형 패키지 지원사업 모집 공고,부산광역시,json_only_review,28,1,27,,,unknown,review,0.8,후보 검수 필요,"450.0만원/total_support_scale/review: 총 16일 ◦ 지원규모 : 최대 4,500,000원(市 80%",unknown:1200000.0 | unknown:1200000.0 | unknown:800000.0 | unknown:800000.0 | unknown:1200000.0 | unknown:1200000.0 | unknown:800000.0 | unknown:800000.0,needs_review,selected_candidate_missing,https://www.bizinfo.go.kr/sii/siia/selectSIIA200Detail.do?pblancId=PBLN_000000000123354
PBLN_000000000123358,[충북] 2026년 화장품산업 근로자 고용안정을 위한 복지 지원사업 참여기업 모집 공고(충청북도 고용유지 버팀이음 프로젝트 사업),충청북도,amount_update_ready,12,12,0,50.0,50.0,support_amount,subtract,0.7,확정,50.0만원/support_amount/subtract: ☞ 도내 소재 화장품 산업 중 고용보험법상 우선지원대상기업 ① 산업코드 : KSIC 2042 (확인방법 : 신청서 참조) ② 종업원수 : 공고일/신청일 기준 상시근로자 5인 이상 ③ (① 비해당) 화장품 관련 생산품 및 사업분야 : 참고자료 후첨 (증빙 필수) ☞ 재직근로자 1인당 복지포인트 최대 50만원 지원 사업신청 || 50.0만원/total_support_scale/review: 중동수출입 등 우선순위 반영  지원내용 : 재직근로자 1인당 복지포인트 최대 50만원 지원  지원규모 : 2 || 50.0만원/support_amount/subtract: 700명 재직근로자 漠杳 2 지원내용  지원내용 : 근로자 맞춤형 복지포인트 활용 지원  지원금액 : 근로자 1인당 최대 50만원(포인트)  지원대상 : 고용보험 사업장 자격취득자 명부(충북)에 등록된 근로자 || 50.0만원/support_amount/subtract: 사업종료기간(12월말)까지 수혜근로자 충북 외 타지역으로 이관 불가  지원방법 : 복지몰 근로자 계정으로 지급 (최대 50만원)  이용조건 : 포인트 지급 개시 후 2개월 내 소진 (퇴사 시 사용불가)  지원항목 : 자기계발 || 50.0만원/support_amount/subtract: 지원한도: 재직근로자 1인당 복지포인트 50만원 지원 || 50.0만원/support_amount/subtract: 근로자(개별 신청) 氠瑢 사업구분 ①플라스틱 제조업 복지지원 ② 화장품 제조업 복지지원 지원내용 복지포인트 지급 (지정복지몰 사용) 지원금액 근로자 1인당 50만원 지원기간 포인트 지급 후 2개월 이내 사용 가능 || ... 후보 6개 추가,,safe,clear_selected_candidate,https://www.bizinfo.go.kr/sii/siia/selectSIIA200Detail.do?pblancId=PBLN_000000000123358
PBLN_000000000123361,2026년 청정공정 확산사업 참여기업 모집 공고,산업통상부,no_support_candidate,0,0,0,,,unknown,review,,후보 없음,,,needs_review,candidate_missing,https://www.bizinfo.go.kr/sii/siia/selectSIIA200Detail.do?pblancId=PBLN_000000000123361
PBLN_000000000123371,[경남] 사천시ㆍ진주시 2026년 2차 우주ㆍ항공 제조기업 대상 DX 기반 품질ㆍ공정 개선 및 생산성 향상을 위한 무료 컨설팅 및 전문인력양성 지원사업 공고,산업통상부,json_only_review,9,8,1,,,unknown,review,1.0,후보 검수 필요,"1500.0만원/consulting_fee/recommend_only: 중견 제조기업 대상 제조 공정 전주기* 디지털 전환(DX) 컨설팅 지원 - 기업당 제조 공정 전주기 분야별 최대 2회 지원 가능(예산 소진 시 마감) - 최대 1,500만원 지원(컨설팅 자문료 및 재료비) 氠瑢 구분 컨설팅 지원 내용 컨설팅 지원 (최대 3개월) 지원 내용 (예시) 공정 병목 및 불량 원인 분석 검 || 300.0만원/consulting_fee/recommend_only: 학사 학위 이상 및 DX 관련 컨설팅 경력 보유자 지원 예산 전문가 자문료 최대 300만원 지원 || 50.0만원/non_cash/recommend_only: 자문 50만원/회 * 6회 (경력에 따른 차등 지급) || 500.0만원/support_amount/subtract: 한국전자기술연구원 보유 인력 활용 및 기술지원 가능 지원 예산 재료비 최대 500만원 지원 || 700.0만원/support_amount/subtract: 일부 우수 성과 도출 기업에 한해 재료비 최대 700만원 추가 지원 (예산 소진 시 조기 마감) || 300.0만원/education_fee/recommend_only: 8시간 이상 교육 수료 - 강사료 최대 300만원 지원(이 외 SW 임차비 || ... 후보 2개 추가",unknown:50.0,needs_review,large_amount_delta,https://www.bizinfo.go.kr/sii/siia/selectSIIA200Detail.do?pblancId=PBLN_000000000123371
PBLN_000000000123374,[전남] 첨단로봇ㆍAI 활용 중소기업 제조혁신 사업 기업지원(실증지원) 모집 공고,전라남도,json_only_review,3,2,1,,,unknown,review,1.0,후보 검수 필요,21000.0만원/total_support_scale/review: 로봇 대표공정모델 실증 및 보급 확산을 통한 도내 첨단로봇기업의 제조혁신 경쟁력 향상 도모 ㅇ (지원규모) 2.1억원 ㅇ (지원기간) 협약일로부터 ~ 2026 || None만원/support_ratio/ratio_cap: [전남] 첨단로봇ㆍAI 활용 중소기업 제조혁신 사업 기업지원(실증지원) 모집 공고 전라남도 기업마당>정책정보>지원사업 공고 기업마당 본문 바로가기 주메뉴 바로가기 기업마당 > 정책정보 > 지원사업 공고 메뉴열기 로그인 정책정보 정책정보 지원사업 공고 품목별 법정의무 인증제도 행사정보 정책뉴스 입법·행정예고/고시 월간 중기,unknown:7000.0,needs_review,selected_candidate_missing,https://www.bizinfo.go.kr/sii/siia/selectSIIA200Detail.do?pblancId=PBLN_000000000123374
PBLN_000000000123375,[전남] 첨단로봇ㆍAI 활용 중소기업 제조혁신 사업 기업지원(기술개발) 모집 공고,전라남도,amount_update_ready,12,3,9,7000.0,7000.0,support_amount,subtract,1.0,확정,7000.0만원/support_amount/subtract: 설계 등 로봇 및 시스템 개발 지원 - 기업당 최대 70백만원 지원 사업신청 방법 온라인 접수(전남테크노파크 데이터플랫폼) 사업신청 사이트 온라인신청 바로가기 문의처 (사업 담당) 전남테크노파크 ICT로봇 || 21000.0만원/total_support_scale/review: ྠ Ā ྠ Ā ྠ Ā 2026년 6월 17일 (재)전남테크노파크원장 灳瑣 지원개요 ㅇ (사업목적) 도내 로봇 전문기업 육성 및 경쟁력 강화를 위한 지역 특화 첨단 제조로봇 공정모델 기술개발 지원 ㅇ (지원규모) 2.1억원 ㅇ (지원기간) 협약일로부터 ~ 2026 || None만원/support_ratio/ratio_cap: [전남] 첨단로봇ㆍAI 활용 중소기업 제조혁신 사업 기업지원(기술개발) 모집 공고 전라남도 기업마당>정책정보>지원사업 공고 기업마당 본문 바로가기 주메뉴 바로가기 기업마당 > 정책정보 > 지원사업 공고 메뉴열기 로그인 정책정보 정책정보 지원사업 공고 품목별 법정의무 인증제도 행사정보 정책뉴스 입법·행정예고/고시 월간 중기,unknown:0.0 | unknown:0.0 | unknown:0.0 | unknown:1000.0 | unknown:0.0 | unknown:0.0 | unknown:0.0 | unknown:1000.0,safe,clear_selected_candidate,https://www.bizinfo.go.kr/sii/siia/selectSIIA200Detail.do?pblancId=PBLN_000000000123375
PBLN_000000000123377,[전남] 첨단로봇ㆍAI 활용 중소기업 제조혁신 사업 기업지원(기획 컨설팅) 모집 공고,전라남도,json_only_review,9,7,2,,,unknown,review,0.5,후보 검수 필요,"400.0만원/support_amount/subtract: 자료조사 및 분석비용 등 기획 비용 지원 (기업당 최대 4백만원) 사업신청 방법 온라인 접수(전남테크노파크 데이터플랫폼) 사업신청 사이트 온라인신청 바로가기 문의처 (사업 담당) 전남테크노파크 ICT로봇융합 || 0.0만원/subsidy/subtract: 예정 사업규모를 작성 총 00억원 (국비 00억원 || 0.0만원/subsidy/subtract: 예정 사업규모를 작성 총 00억원 (국비 00억원 || 0.0만원/consulting_fee/recommend_only: 민감부담 00억원) 컨설팅 명 수행기간 협약일로부터 ∼ 2026 || 400.0만원/support_amount/subtract: 사 업 비 원 (최대 4,000,000원) 추진배경 및 지원 필요성 || 400.0만원/consulting_fee/recommend_only: ྠ Ā ྠ Ā ྠ Ā 2026년 6월 17일 (재)전남테크노파크원장 灳瑣 지원개요 ㅇ (지원목적) 도내 첨단로봇 기업의 제조혁신 경쟁력 향상 도모를 위한 로봇 도입 및 확산사업 등 제조로봇 관련 사업 기획 컨설팅 지원 ㅇ (지원규모) 총 10개사 내외 (기업당 최대 4백만원) * 기업부담금 없음 ㅇ (지원기간) 협약일로부 || ... 후보 1개 추가",unknown:400.0 | unknown:400.0,safe,clear_selected_candidate,https://www.bizinfo.go.kr/sii/siia/selectSIIA200Detail.do?pblancId=PBLN_000000000123377
PBLN_000000000123379,[경북] 포항시 2026년 지역 기업 투자유치 활성화를 위한 Rising Star IR DAY 참가기업 모집 공고,경상북도,no_support_candidate,1,0,1,,,unknown,review,,후보 없음,,unknown:400.0,needs_review,selected_candidate_missing,https://www.bizinfo.go.kr/sii/siia/selectSIIA200Detail.do?pblancId=PBLN_000000000123379
PBLN_000000000123381,[강원] 2026년 2차 지역주력산업육성(지역특화 프로젝트 레전드 50+) 지원모집 공고(강원 2.0 퀀텀점프),중소벤처기업부,amount_update_ready,12,5,7,2000.0,2000.0,support_amount,subtract,,확정,"35000.0만원/total_support_scale/review: (재)강원테크노파크원장 지원개요◦(지원규모)총 350,000천원(국비)-1차 223 || 1000.0만원/non_cash/recommend_only: 웹/앱 등) 등5개월10,000천원인증(국내/국외) || 1000.0만원/consulting_fee/recommend_only: 제품 시장진입을 위한 시장조사 지원 등 5개월10,000천원컨설팅 || 500.0만원/consulting_fee/recommend_only: 경영 컨설팅 지원 등5개월5,000천원전시회(국내/국외) || 2000.0만원/support_amount/subtract: 기업은 2개 프로그램 내에서 신청 가능(지원한도: 총20,000천원 이내) - 2 - ◦(신청자격)강원지역 지역특화 프로젝트에 선정된 참여기업 * 지역특화 프로젝트 레전드 50+2",unknown:22300.0 | unknown:12700.0 | unknown:1000.0 | unknown:1000.0 | unknown:1000.0 | unknown:700.0 | unknown:1000.0,safe,clear_selected_candidate,https://www.bizinfo.go.kr/sii/siia/selectSIIA200Detail.do?pblancId=PBLN_000000000123381
PBLN_000000000123387,[경기] 안양시 2026년 우수기업 선정 공고,경기도,json_only_review,4,1,3,,,unknown,review,0.4,후보 검수 필요,None만원/support_ratio/ratio_cap: [경기] 안양시 2026년 우수기업 선정 공고 경기도 기업마당>정책정보>지원사업 공고 기업마당 본문 바로가기 주메뉴 바로가기 기업마당 > 정책정보 > 지원사업 공고 메뉴열기 로그인 정책정보 정책정보 지원사업 공고 품목별 법정의무 인증제도 행사정보 정책뉴스 입법·행정예고/고시 월간 중기누리 활용정보 활용정보 기업업무용 서식,revenue_condition:500000.0 | unknown:20000.0 | unknown:500.0,needs_review,selected_candidate_missing,https://www.bizinfo.go.kr/sii/siia/selectSIIA200Detail.do?pblancId=PBLN_000000000123387
PBLN_000000000123389,2026년 3차 광주 차세대 지능형 반도체 적용 온디바이스 AI 스케일업 밸리 육성 사업 성장스케일업 지원 수혜기업 추가모집 통합 공고(딥테크 스케일업 밸리 육성사업),과학기술정보통신부,json_only_review,5,5,0,,,unknown,review,,후보 검수 필요,"300.0만원/consulting_fee/recommend_only: 컨설팅 지원(최대 3,000천원/건) || 300.0만원/consulting_fee/recommend_only: 지원내용 구분지원프로그램지원규모(VAT제외)성장스케일업지원 프로그램 1) 국산 NPU 활용지원최대 3,000천원/건2) 지식재산권 확보지원3) 컨설팅 지원 || 300.0만원/total_support_scale/review: 수상 실적 등 - 6 - 【지원프로그램 상세 안내 1】 국산 NPU 활용 지원지원프로그램국산 NPU 활용 지원수행기간협약일 ~ ‘26년 11월 20일까지지원규모최대 3,000천원/건1 || 300.0만원/total_support_scale/review: 검증 계획을 포함하여 작성 - 7 - 【지원프로그램 상세 안내 2】 지식재산권 확보 지원지원프로그램지식재산권 확보 지원수행기간협약일 ~ ‘26년 11월 20일까지지원규모최대 3,000천원/건1 || 20.0만원/consulting_fee/recommend_only: 지원금 집행은 결과물 검토를 통해 전문가에게 직접 지원방식 - 결과물: 컨설팅 보고서 등 - 전문가 컨설팅 비용 : 20만원/2시간(1회)",,needs_review,selected_candidate_missing,https://www.bizinfo.go.kr/sii/siia/selectSIIA200Detail.do?pblancId=PBLN_000000000123389
PBLN_000000000123392,[부산] 2026년 2차 지산학 기술도입 지원사업 참여기업 모집 공고(지산학 연결중개 촉진 지원사업),부산광역시,amount_update_ready,4,2,2,1000.0,1000.0,support_amount,subtract,0.5,확정,"1000.0만원/total_support_scale/review: 전문가 기술 지도를 통해 도입 기술의 안정적인 현장 안착을 희망하는 기업¨지원규모¡지원 규모 : 26개사 내외 (기업별 과제당 최대 1,000만원 지원 || 1000.0만원/support_amount/subtract: 필수사항¡기술이전료 지원 : 도입 희망 기술의 이전 계약에 따른 비용의 50% 이내(최대 1,000만원) 지원-특허권의 양도(매매)",total_project_cost:1000.0 | self_funding:1000.0,safe,clear_selected_candidate,https://www.bizinfo.go.kr/sii/siia/selectSIIA200Detail.do?pblancId=PBLN_000000000123392
PBLN_000000000123397,[충북] 2026년 중소기업 산업보안 진단 컨설팅 모집 공고(산업기술단지 거점기능강화사업),중소벤처기업부,no_support_candidate,0,0,0,,,unknown,review,,후보 없음,,,needs_review,candidate_missing,https://www.bizinfo.go.kr/sii/siia/selectSIIA200Detail.do?pblancId=PBLN_000000000123397
PBLN_000000000123398,[경북] 2026년 4차산업혁명 핵심기술개발사업(혁신기술R&D) 지원사업 공고,경상북도,json_only_review,5,4,1,,,unknown,review,1.0,후보 검수 필요,50000.0만원/total_support_scale/review: □ 지원규모 및 연구개발비 구성 ◦ 연구개발비 지원규모 氠瑢 지원 규모 - 500백만원 지원 기업수 - 5개사(단년 3개사 || 10000.0만원/support_amount/subtract: 다년 2개사) * 접수결과에 따른 단년 또는 다년의 지원기업 수 변동 가능 단년도(12개월) - 기업당 연간 최대 100백만원 지원 예정 다년도(24개월) - 기업당 연간 최대 100백만원 지원 예정(2차년도 예산은 `27년 확정예정) || 10000.0만원/support_amount/subtract: 다년 2개사) * 접수결과에 따른 단년 또는 다년의 지원기업 수 변동 가능 단년도(12개월) - 기업당 연간 최대 100백만원 지원 예정 다년도(24개월) - 기업당 연간 최대 100백만원 지원 예정(2차년도 예산은 `27년 확정예정) || None만원/support_ratio/ratio_cap: [경북] 2026년 4차산업혁명 핵심기술개발사업(혁신기술R&D) 지원사업 공고 경상북도 기업마당>정책정보>지원사업 공고 기업마당 본문 바로가기 주메뉴 바로가기 기업마당 > 정책정보 > 지원사업 공고 메뉴열기 로그인 정책정보 정책정보 지원사업 공고 품목별 법정의무 인증제도 행사정보 정책뉴스 입법·행정예고/고시 월간 중기누리,unknown:1000.0,safe,clear_selected_candidate,https://www.bizinfo.go.kr/sii/siia/selectSIIA200Detail.do?pblancId=PBLN_000000000123398
PBLN_000000000123399,[경북] 2026년 소공인 클린제조환경조성 사업 모집 공고,경상북도,json_only_review,11,6,5,,,unknown,review,0.15,후보 검수 필요,"630.0만원/support_amount/subtract: 산업폐기물 처리 등 지원50개사내외630만원이내270만원 이상고위험업종*** 1 || 270.0만원/support_amount/subtract: 산업폐기물 처리 등 지원50개사내외630만원이내270만원 이상고위험업종*** 1 || 1050.0만원/support_amount/subtract: 산업폐기물 처리 등 지원50개사내외630만원이내270만원 이상고위험업종*** 1,050만원이내450만원이상에너지효율 || 490.0만원/support_amount/subtract: 공사 지원490만원이내210만원이상 * 본 사업과 무관한 단순 장비 교체 || 210.0만원/support_amount/subtract: 공사 지원490만원이내210만원이상 * 본 사업과 무관한 단순 장비 교체 || None만원/support_ratio/ratio_cap: [경북] 2026년 소공인 클린제조환경조성 사업 모집 공고 경상북도 기업마당>정책정보>지원사업 공고 기업마당 본문 바로가기 주메뉴 바로가기 기업마당 > 정책정보 > 지원사업 공고 메뉴열기 로그인 정책정보 정책정보 지원사업 공고 품목별 법정의무 인증제도 행사정보 정책뉴스 입법·행정예고/고시 월간 중기누리 활용정보 활용정보",unknown:1400000.0 | unknown:1200000.0 | unknown:800000.0 | unknown:150000.0 | unknown:450.0,needs_review,large_amount_delta,https://www.bizinfo.go.kr/sii/siia/selectSIIA200Detail.do?pblancId=PBLN_000000000123399
PBLN_000000000123406,반도체 소재ㆍ부품 시험평가센터 구축 사업 KIT 반도체 기업지원 사업 추가 모집 공고,산업통상부,support_ratio_ready,1,1,0,,,support_ratio,ratio_cap,1.0,비율 확인,None만원/support_ratio/ratio_cap: 반도체 소재ㆍ부품 시험평가센터 구축 사업 KIT 반도체 기업지원 사업 추가 모집 공고 산업통상부 기업마당>정책정보>지원사업 공고 기업마당 본문 바로가기 주메뉴 바로가기 기업마당 > 정책정보 > 지원사업 공고 메뉴열기 로그인 정책정보 정책정보 지원사업 공고 품목별 법정의무 인증제도 행사정보 정책뉴스 입법·행정예고/고시 월간,,needs_review,selected_candidate_missing,https://www.bizinfo.go.kr/sii/siia/selectSIIA200Detail.do?pblancId=PBLN_000000000123406
PBLN_000000000123412,[경남] 2026년 수산부산물 재활용 규제자유특구 책임보험 지원기업 모집 공고,경상남도,amount_update_ready,2,2,0,2000.0,2000.0,support_amount,subtract,0.8,확정,2000.0만원/support_amount/subtract: 법적 보장한도를 포함한 책임보험 가입비용 지원 - 기업당 가입보험료의 80%(최대 20백만원) 이내 지원 사업신청 방법 온라인 접수 (경남테크노파크) || 2000.0만원/support_amount/subtract: 특이사항 : 검토위원회 개최 후 지원금액 및 지원비율 공지기업당 가입보험료의 80%(최대 20백만원) 이내 (VAT제외)가입보험료의 20% 이상(VAT는 기업이 별도 부담) - 2 - 신청방법◦(접수방법)온라인접수 -경남테크노파크 홈페이지(,,safe,clear_selected_candidate,https://www.bizinfo.go.kr/sii/siia/selectSIIA200Detail.do?pblancId=PBLN_000000000123412
PBLN_000000000123413,[경북] 2026년 3차 디지털전환 지원모델 확산사업 지역특화산업지원 참여기업 모집 재공고,경상북도,amount_update_ready,8,2,6,5000.0,5000.0,support_amount,subtract,,확정,5000.0만원/support_amount/subtract: 제작하고자 하는 시제품의 도면 또는 이미지 첨부 氠瑢 작성요령 본 사업을 위한 소요경비를 지원금 50백만원 이내 || 5000.0만원/support_amount/subtract: 기업당 최대 5천만원 이내 차등지급 될 수 있음 - 2 - Ⅱ지원내용□ 지원기간 및 대상 ◦ 지원기간 : 협약일 ~ 2026년 11월 30일,self_funding:500.0 | self_funding:550.0 | self_funding:1050.0 | project_budget:5000.0 | unknown:5000.0 | unknown:5000.0,safe,clear_selected_candidate,https://www.bizinfo.go.kr/sii/siia/selectSIIA200Detail.do?pblancId=PBLN_000000000123413
PBLN_000000000123415,[경북] 2026년 소공인 스마트제조지원(스마트공방)사업 모집 공고,경상북도,json_only_review,10,1,9,,,unknown,review,0.7,후보 검수 필요,None만원/support_ratio/ratio_cap: [경북] 2026년 소공인 스마트제조지원(스마트공방)사업 모집 공고 경상북도 기업마당>정책정보>지원사업 공고 기업마당 본문 바로가기 주메뉴 바로가기 기업마당 > 정책정보 > 지원사업 공고 메뉴열기 로그인 정책정보 정책정보 지원사업 공고 품목별 법정의무 인증제도 행사정보 정책뉴스 입법·행정예고/고시 월간 중기누리 활용정보,unknown:1400000.0 | unknown:1200000.0 | unknown:800000.0 | unknown:150000.0 | total_project_cost:600.0 | self_funding:6000.0 | unknown:3600.0 | unknown:1200.0,needs_review,selected_candidate_missing,https://www.bizinfo.go.kr/sii/siia/selectSIIA200Detail.do?pblancId=PBLN_000000000123415
PBLN_000000000123416,[경북] 영천시 2026년 2차 중소기업 혁신기술개발 지원사업 공고,경상북도,json_only_review,11,4,7,,,unknown,review,0.2,후보 검수 필요,"5000.0만원/support_amount/subtract: R&D 사업 지원  Scale-up R&D 1) 지원 내용 : 아이디어 단계의 신제품개발 또는 제품고도화를 위한 연구개발 과제 2) 지원 대상 : 선정 후 협약 기업 단독 3) 지원금 : 최대 50,000천원(지원금의 20% 이상 현금 기업 부담) 4) 추진 절차 氠瑢 모집 공고 ⇨ 선정 평가 ⇨ 과제 협약 ⇨ 사업수행 || 3500.0만원/support_amount/subtract: 000천원(지원금의 20% 이상 현금 기업 부담) 4) 추진 절차 氠瑢 모집 공고 ⇨ 선정 평가 ⇨ 과제 협약 ⇨ 사업수행 ⇨ 결과 평가 (6~7월) (7월) (별도 공지) (8월~11월) (11월) 지원대상기업 현장실태조사 및 대면발표평가 협약 체결 사업수행 및 현장모니터링 (필수) 대면발표평가  상용화 R&D 1) || 2000.0만원/support_amount/subtract: 특허 등 지원 2) 지원 대상 : 선정 후 협약 기업 단독 3) 지원금 : 최대 20,000천원(지원금의 20% 이상 현금 기업 부담) 4) 추진절차 氠瑢 모집 공고 ⇨ 선정 평가 ⇨ 과제 협약 ⇨ 사업수행 ⇨ 결과 평가 ⇨ 사업비 지급 || 2500.0만원/non_cash/recommend_only: 기업 현황 氠瑢 기업 현황 기업현황 매출 고용 지원현황 구 분 매출(억) 고용(명) 본 사업 지원 현항 2025년 150 25 2024년 2023년 비R&D-25백만원 재무현황 (2025년) 부채비율 : (부채총계/자본총계×100%) 유동비율 : (유동자산/유동부채×100%) 기업인증 벤쳐기업( ) 이노비즈(",total_project_cost:18000.0 | self_funding:5000.0 | self_funding:1000.0 | unknown:311.1 | unknown:1000.0 | unknown:3.0 | unknown:1.0,needs_review,large_amount_delta,https://www.bizinfo.go.kr/sii/siia/selectSIIA200Detail.do?pblancId=PBLN_000000000123416
PBLN_000000000123417,[경북] 영천시 2026년 2차 중소기업 고부가가치 전환육성 지원사업 공고,경상북도,json_only_review,10,3,7,,,unknown,review,1.0,후보 검수 필요,"2500.0만원/non_cash/recommend_only: 기업 현황 氠瑢 기업 현황 기업현황 매출 고용 지원현황 구 분 매출(억) 고용(명) 본 사업 지원 현항 2025년 150 25 2024년 2023년 비R&D-25백만원 재무현황 (2025년) 부채비율 : (부채총계/자본총계×100%) 유동비율 : (유동자산/유동부채×100%) 기업인증 벤쳐기업( ) 이노비즈( || 10000.0만원/support_amount/subtract: R&D 사업 지원 □ 시제품 개발형 기술 개발 1) 지원 내용 : 영천시 중소기업의 연구개발을 통해 미래의 시장 진출을 준비하기 위한 고부가가치 사업화 기술 개발 지원 2) 지원 대상 : 선정 후 협약 기업 단독 3) 지원금 : 최대 100,000천원(지원금의 20% 이상 현금 기업 부담) 4) 추진 절차 氠瑢 모집 공고 || 4000.0만원/support_amount/subtract: 비R&D 사업 지원 □ 제품 고급화를 위한 시제품 제작 지원 1) 지원 내용 : 영천시 중소기업의 신규 시장 진출을 준비하기 위한 양산화 단계의 시제품 고급화 제작 지원비 지원 2) 지원 대상 : 선정 후 협약 기업 단독 3) 지원금 : 최대 40,000천원(지원금의 20% 이상 현금 기업 부담) 4) 추진절차 氠瑢 모집",self_funding:10000.0 | self_funding:2000.0 | unknown:311.1 | unknown:1000.0 | unknown:3.0 | unknown:1.0 | total_project_cost:27000.0,needs_review,large_amount_delta,https://www.bizinfo.go.kr/sii/siia/selectSIIA200Detail.do?pblancId=PBLN_000000000123417
PBLN_000000000123419,2026년 소공인 클린제조환경조성사업 추가 모집 공고,중소벤처기업부,json_only_review,16,11,5,,,unknown,review,0.15,후보 검수 필요,"630.0만원/support_amount/subtract: 산업폐기물 처리 등 지원 500개사 내외 630만원 이내 270만원 이상 고위험업종 *** 50개사 내외 1 || 270.0만원/support_amount/subtract: 산업폐기물 처리 등 지원 500개사 내외 630만원 이내 270만원 이상 고위험업종 *** 50개사 내외 1 || 1050.0만원/support_amount/subtract: 산업폐기물 처리 등 지원 500개사 내외 630만원 이내 270만원 이상 고위험업종 *** 50개사 내외 1,050만원 이내 450만원 이상 에너지효율 || 490.0만원/support_amount/subtract: 공사 지원 350개사 내외 490만원 이내 210만원 이상 * 본 사업과 무관한 단순 장비 교체 || 210.0만원/support_amount/subtract: 공사 지원 350개사 내외 490만원 이내 210만원 이상 * 본 사업과 무관한 단순 장비 교체 || 630.0만원/support_amount/subtract: 산업폐기물 처리 등 지원500개사내외630만원이내270만원 이상고위험업종*** 50개사내외1 || ... 후보 5개 추가",unknown:450.0 | unknown:450.0 | unknown:1400000.0 | unknown:1200000.0 | unknown:800000.0,needs_review,large_amount_delta,https://www.bizinfo.go.kr/sii/siia/selectSIIA200Detail.do?pblancId=PBLN_000000000123419
PBLN_000000000123421,"2026년 중소기업기술혁신개발사업 글로벌선도기술개발(함께달리기, 이어달리기) 시행계획 공고",중소벤처기업부,json_only_review,30,8,22,,,unknown,review,0.65,후보 검수 필요,50000.0만원/loan/exclude: 5억원) 일반 융자연계형 소부장 구조혁신 내역사업 내내역사업 글로벌선도 기술개발 수출지향형 (2년 || 166000.0만원/total_support_scale/review: `26년 지원내용 □ (사업목적) 중소기업의 글로벌 시장확대와 기술경쟁력 강화를 위해 전략 기술개발 및 글로벌 기술협력을 통한 R&D지원으로 중소기업의 혁신성장 촉진 □ (지원규모) 16.6 억원 내외 (10개 과제 내외) 내역사업 구분 지원규모 수출지향형 함께달리기 예산 8 || 83000.0만원/total_support_scale/review: 6 억원 내외 (10개 과제 내외) 내역사업 구분 지원규모 수출지향형 함께달리기 예산 8.3억원 이내 과제수 5개 과제 이어달리기 예산 8 || 50000.0만원/support_amount/subtract: 접수 결과에 따라 추가공고 가능 □ (지원조건) 연구개발비의 65%이내 (연차별 최대 5억원 이내) 내역 사업 개발기간 및 지원한도 정부지원 연구개발비 비중 * 지원방식 수출지향형 함께달리기 최대 2년 || 3000.0만원/support_amount/subtract: 시스템 입력사항 3) 연구시설ㆍ장비 구축ㆍ운영계획 (해당 시 작성합니다) (1) 연구시설ㆍ장비 구축계획(구축비용이 3천만원 이상인 경우에는 필수로 작성합니다) (단위: 천원) 연구개발기관명 연구시설ㆍ장비명 현금/현물 구분 구축방식 * 규격 수량 구축비용 구축기간 설 || 50000.0만원/support_amount/subtract: 청년인력 의무채용 □ 정부지원연구개발비 비례 청년인력 의무채용 ◦ 과제 당 정부지원연구개발비 중 기업 지원금액 합계가 5억원 이상인 경우 || ... 후보 2개 추가,unknown:200000.0 | unknown:360000.0 | unknown:100000.0 | unknown:250000.0 | unknown:1000000.0 | unknown:100000.0 | unknown:300000.0 | unknown:50000.0,needs_review,large_amount_delta,https://www.bizinfo.go.kr/sii/siia/selectSIIA200Detail.do?pblancId=PBLN_000000000123421
PBLN_000000000123423,[경북] 안동시 2026년 장애인기업육성지원사업 기업(사업화) 지원 모집 공고,경상북도,amount_update_ready,6,4,2,500.0,500.0,support_amount,subtract,1.0,확정,300.0만원/support_amount/subtract: 홍보비 등 (최대 300만원) ④홍보동영상 : 기업 및 제품 홍보영상 제작 (최대 400만원) ⑤시제품 : 시제품 초기 단계 기술개발 비용 지원 (최대 500만원) * 1 || 400.0만원/support_amount/subtract: 홍보비 등 (최대 300만원) ④홍보동영상 : 기업 및 제품 홍보영상 제작 (최대 400만원) ⑤시제품 : 시제품 초기 단계 기술개발 비용 지원 (최대 500만원) * 1개 분야 선택하여 지원 가능 || 500.0만원/support_amount/subtract: 홍보비 등 (최대 300만원) ④홍보동영상 : 기업 및 제품 홍보영상 제작 (최대 400만원) ⑤시제품 : 시제품 초기 단계 기술개발 비용 지원 (최대 500만원) * 1개 분야 선택하여 지원 가능 || None만원/support_ratio/ratio_cap: [경북] 안동시 2026년 장애인기업육성지원사업 기업(사업화) 지원 모집 공고 경상북도 기업마당>정책정보>지원사업 공고 기업마당 본문 바로가기 주메뉴 바로가기 기업마당 > 정책정보 > 지원사업 공고 메뉴열기 로그인 정책정보 정책정보 지원사업 공고 품목별 법정의무 인증제도 행사정보 정책뉴스 입법·행정예고/고시 월간 중기누리,self_funding:200.0 | unknown:300.0,safe,clear_selected_candidate,https://www.bizinfo.go.kr/sii/siia/selectSIIA200Detail.do?pblancId=PBLN_000000000123423
PBLN_000000000123427,[경기] 안산시 2026년 로봇직업교육센터 구축사업 제조기업 로봇공정 성능개선 지원사업 공고,경기도,json_only_review,4,2,2,,,unknown,review,1.0,후보 검수 필요,"4000.0만원/total_support_scale/review: (지원규모) - (제조기업) 로봇공정 성능개선 3개 과제 ☞ 기업당 최대 40,000천원 지원 || None만원/support_ratio/ratio_cap: [경기] 안산시 2026년 로봇직업교육센터 구축사업 제조기업 로봇공정 성능개선 지원사업 공고 경기도 기업마당>정책정보>지원사업 공고 기업마당 본문 바로가기 주메뉴 바로가기 기업마당 > 정책정보 > 지원사업 공고 메뉴열기 로그인 정책정보 정책정보 지원사업 공고 품목별 법정의무 인증제도 행사정보 정책뉴스 입법·행정예고/고시",total_project_cost:625.0 | unknown:210.0,needs_review,selected_candidate_missing,https://www.bizinfo.go.kr/sii/siia/selectSIIA200Detail.do?pblancId=PBLN_000000000123427
PBLN_000000000123433,2026년 K-바이오헬스 지역ㆍ전략센터 연계ㆍ협력 지원사업 참여기업 모집 공고,충청북도,json_only_review,3,3,0,,,unknown,review,0.9,후보 검수 필요,"500.0만원/equipment_usage_fee/recommend_only: 지원규모분야내용규모금액(기업당)비고공용장비활용지원-R&D 및 시제품 개발을 위한 타 권역 K-바이오헬스 지역센터* 공용장비 사용 수수료 지원2개사 최대 5,000천원장비사용확인서 || 1000.0만원/non_cash/recommend_only: 화학적 분석 등 인증‧인허가에 필요한 시험검사‧분석 지원4개사최대 10,000천원시험‧평가 성적서 등*대전테크노파크 || None만원/support_ratio/ratio_cap: 2026년 K-바이오헬스 지역ㆍ전략센터 연계ㆍ협력 지원사업 참여기업 모집 공고 충청북도 기업마당>정책정보>지원사업 공고 기업마당 본문 바로가기 주메뉴 바로가기 기업마당 > 정책정보 > 지원사업 공고 메뉴열기 로그인 정책정보 정책정보 지원사업 공고 품목별 법정의무 인증제도 행사정보 정책뉴스 입법·행정예고/고시 월간 중기누리",,safe,clear_selected_candidate,https://www.bizinfo.go.kr/sii/siia/selectSIIA200Detail.do?pblancId=PBLN_000000000123433
PBLN_000000000123434,[충북] 2026년 벤처 및 스타트업 기업 공동연구장비 활용 지원사업 참여기업 추가 공고,충청북도,amount_update_ready,6,5,1,1000.0,1000.0,support_amount,subtract,1.0,확정,"1000.0만원/equipment_usage_fee/recommend_only: 연구소 포함(사업자등록증 등 도내 주소지 확인이 가능한 서류 제출 必) ☞ 충북도내 바이오분야 기업의 공동연구장비 활용 수수료 지원 - 기업별 최대 10,000천원 지원 사업신청 방법 우편 또는 방문 접수(원본1부) 및 이메일 || 1000.0만원/equipment_usage_fee/recommend_only: hwp] 捤獥 汤捯 湰灧 氠瑢 서식1 참여신청서 氠瑢 접수번호 : 사업담당자 기재 기업명 기업 구분 □ 벤처(벤처인증) □ 스타트업(창업일 7년 이하) 사업자등록번호 법인등록번호 대표자 성명 연락처 E-mail FAX 소재지(주소) (우 ) 주요생산품 지 원 금  1,000만원  400만원 (해당하는 곳에  표시) || 1000.0만원/equipment_usage_fee/recommend_only: 000 충청북도 氠瑢 서식3 공동연구장비 활용 계획서 氠瑢 기 업 명 대 표 자 공동연구장비 활용 계획(안) 지 원 금  1,000만원  400만원 (해당하는 곳에  표시) 장비 사용 기관 사용 예정 장비 장비 이용 계획  4월 - ex || 8200.0만원/equipment_usage_fee/recommend_only: □ 지원규모 : 82,000천원 (도비 100%)□ 지원내용 : 충북도내 바이오분야 기업의 공동연구장비 활용 수수료 지원 2 || 1000.0만원/support_amount/subtract: 지원내용□ 지원금액 ❍ 지원금 : 기업별 최대 10,000천원 (부가가치세를 제외한 공급가액 지원) - 2개 기업 내외 선정 및 지원",unknown:400.0,safe,clear_selected_candidate,https://www.bizinfo.go.kr/sii/siia/selectSIIA200Detail.do?pblancId=PBLN_000000000123434
PBLN_000000000123437,[전북] 2026년 인공지능 신뢰성 향상지원 및 확보지원 참여기업 모집 공고,전북특별자치도,amount_update_ready,1,1,0,500.0,500.0,support_amount,subtract,1.0,확정,500.0만원/support_amount/subtract: AI 관련 제품이 없어서 AI 활용 아이디어를 보유한 지역 기업도 신청 가능 ❍ 지원기업 혜택 - 기업 부담금 없음 (무상 지원) - 장비 무상 지원 (선정기업 20개사 대상 기업당 슈퍼컴퓨터 1대 지원) - 클라우드 서비스 무상 지원 (선정기업 20개사 대상 기업당 500만원 예정)3추진일정 및 평가기준 ❍ 추진일정(안,,safe,clear_selected_candidate,https://www.bizinfo.go.kr/sii/siia/selectSIIA200Detail.do?pblancId=PBLN_000000000123437
PBLN_000000000123438,2026년 2차 경북 해양기업 혁신성장 R&BD 패키지 지원사업 참여기업 모집 공고,경상북도,support_ratio_ready,1,1,0,,,support_ratio,ratio_cap,0.5,비율 확인,None만원/support_ratio/ratio_cap: 2026년 2차 경북 해양기업 혁신성장 R&BD 패키지 지원사업 참여기업 모집 공고 경상북도 기업마당>정책정보>지원사업 공고 기업마당 본문 바로가기 주메뉴 바로가기 기업마당 > 정책정보 > 지원사업 공고 메뉴열기 로그인 정책정보 정책정보 지원사업 공고 품목별 법정의무 인증제도 행사정보 정책뉴스 입법·행정예고/고시 월간 중,,needs_review,selected_candidate_missing,https://www.bizinfo.go.kr/sii/siia/selectSIIA200Detail.do?pblancId=PBLN_000000000123438
PBLN_000000000123442,[인천] 2026년 콘텐츠 스케일업 플러스 지원사업 재공고,인천광역시,support_ratio_ready,1,1,0,,,support_ratio,ratio_cap,1.0,비율 확인,None만원/support_ratio/ratio_cap: [인천] 2026년 콘텐츠 스케일업 플러스 지원사업 재공고 인천광역시 기업마당>정책정보>지원사업 공고 기업마당 본문 바로가기 주메뉴 바로가기 기업마당 > 정책정보 > 지원사업 공고 메뉴열기 로그인 정책정보 정책정보 지원사업 공고 품목별 법정의무 인증제도 행사정보 정책뉴스 입법·행정예고/고시 월간 중기누리 활용정보 활용정보,,needs_review,selected_candidate_missing,https://www.bizinfo.go.kr/sii/siia/selectSIIA200Detail.do?pblancId=PBLN_000000000123442
PBLN_000000000123443,[충북] 2026년 2차 바이오 국제공동연구사업 지원과제 공고(양자간 국제공동연구사업),충청북도,amount_update_ready,4,3,1,6000.0,6000.0,support_amount,subtract,1.0,확정,6000.0만원/support_amount/subtract: 국내와 국외 상호간 1:1 매칭 사업 ☞ 연간 0.6억원 이내 (2개 과제) 지원 사업신청 방법 이메일 접수 (jspark@cbio || 6000.0만원/support_amount/subtract: 도비지원 : 연간 0.6억원 이내 (2개 과제) || None만원/support_ratio/ratio_cap: [충북] 2026년 2차 바이오 국제공동연구사업 지원과제 공고(양자간 국제공동연구사업) 충청북도 기업마당>정책정보>지원사업 공고 기업마당 본문 바로가기 주메뉴 바로가기 기업마당 > 정책정보 > 지원사업 공고 메뉴열기 로그인 정책정보 정책정보 지원사업 공고 품목별 법정의무 인증제도 행사정보 정책뉴스 입법·행정예고/고시 월간,unknown:5000.0,safe,clear_selected_candidate,https://www.bizinfo.go.kr/sii/siia/selectSIIA200Detail.do?pblancId=PBLN_000000000123443
PBLN_000000000123447,[전북] 2026년 특화역량 BI 지원사업 AI-R&D 부스팅 프로그램 참여기업 모집 공고,중소벤처기업부,json_only_review,4,4,0,,,unknown,review,0.1,후보 검수 필요,200.0만원/support_amount/subtract: 정부R&D과제기획지원3개사내외기업당최대200만원Adv-MVP제작지원제품기능 || 300.0만원/support_amount/subtract: 시제품고도화및사업화지원4개사내외기업당최대300만원 || 300.0만원/support_amount/subtract: Adv-MVP제작지원은공급가액기준최대300만원까지지원하며 || None만원/support_ratio/ratio_cap: [전북] 2026년 특화역량 BI 지원사업 AI-R&D 부스팅 프로그램 참여기업 모집 공고 중소벤처기업부 기업마당>정책정보>지원사업 공고 기업마당 본문 바로가기 주메뉴 바로가기 기업마당 > 정책정보 > 지원사업 공고 메뉴열기 로그인 정책정보 정책정보 지원사업 공고 품목별 법정의무 인증제도 행사정보 정책뉴스 입법·행정예고/,,safe,clear_selected_candidate,https://www.bizinfo.go.kr/sii/siia/selectSIIA200Detail.do?pblancId=PBLN_000000000123447
PBLN_000000000123448,해오름 이차전지 기업지원(비즈협력ㆍ스케일업) 수혜기업 모집 공고(해오름동맹 첨단이차전지 연대협력사업),경상북도,json_only_review,4,1,3,,,unknown,review,0.5,후보 검수 필요,None만원/support_ratio/ratio_cap: 해오름 이차전지 기업지원(비즈협력ㆍ스케일업) 수혜기업 모집 공고(해오름동맹 첨단이차전지 연대협력사업) 경상북도 기업마당>정책정보>지원사업 공고 기업마당 본문 바로가기 주메뉴 바로가기 기업마당 > 정책정보 > 지원사업 공고 메뉴열기 로그인 정책정보 정책정보 지원사업 공고 품목별 법정의무 인증제도 행사정보 정책뉴스 입법·행정,unknown:2500.0 | total_project_cost:2500.0 | total_project_cost:2500.0,needs_review,selected_candidate_missing,https://www.bizinfo.go.kr/sii/siia/selectSIIA200Detail.do?pblancId=PBLN_000000000123448
PBLN_000000000123451,바이오의약품 소재부품장비 기업지원 프로그램 모집 공고,산업통상부,json_only_review,2,2,0,,,unknown,review,,후보 검수 필요,"1000.0만원/consulting_fee/recommend_only: ① 컨설팅, 기술지도 수요기업이 컨설팅 공급 기업과 매칭 후 지원 1건, 건당 10백만원 내외 ② 시험·평가·인증 참고용 성적서 발행 공인성적서 효력 없음 ③ 시험분석 || 1000.0만원/consulting_fee/recommend_only: 센터① 컨설팅, 기술지도-수요기업이 컨설팅 공급 기업과 매칭 후 지원1건, 건당 10백만원 내외② 시험·평가·인증-참고용 성적서 발행공 인 성 적 서 효 력 없 음③ 시험",,needs_review,selected_candidate_missing,https://www.bizinfo.go.kr/sii/siia/selectSIIA200Detail.do?pblancId=PBLN_000000000123451
PBLN_000000000123456,[전남] 화순군 2026년 스타기업 모집 공고,전라남도,amount_update_ready,8,7,1,2000.0,2000.0,support_amount,subtract,0.1,확정,2000.0만원/support_amount/subtract: 2개 분야별 세부 프로그램(기업별 최대 20백만원 이내) 지원 - 기술지원 : 시제품제작지원 || 6000.0만원/total_support_scale/review: 본사나 사업장이 화순군에 소재하는 기업으로 창업 3년 이상인 기업 ㅇ (지원방법) 수혜기업 선정 후 (수행기관 → 수혜기업)의 방법으로 지원 ㅇ (지원규모) 60백만원(기업별 최대 20백만원 이내) ㅇ (사업기간) 협약일로부터 4개월 || 2000.0만원/total_support_scale/review: 본사나 사업장이 화순군에 소재하는 기업으로 창업 3년 이상인 기업 ㅇ (지원방법) 수혜기업 선정 후 (수행기관 → 수혜기업)의 방법으로 지원 ㅇ (지원규모) 60백만원(기업별 최대 20백만원 이내) ㅇ (사업기간) 협약일로부터 4개월 || 1000.0만원/non_cash/recommend_only: 시제품제작(재료비 및 가공비 등) 10백만원 이내 3건 지원금의 10% (현금) 인증지원 || 500.0만원/non_cash/recommend_only: KS 인증 등 5백만원 이내 2건 지식재산권 || 500.0만원/support_amount/subtract: 특허 등 5백만원 이내 1건 사업화 지원 디자인 || ... 후보 1개 추가,unknown:500.0,needs_review,large_amount_delta,https://www.bizinfo.go.kr/sii/siia/selectSIIA200Detail.do?pblancId=PBLN_000000000123456
PBLN_000000000123459,[경북] 2026년 4차 푸드테크 스마트 제조 기반 구축 사업 재공고,경상북도,json_only_review,13,3,10,,,unknown,review,0.025,후보 검수 필요,"80000.0만원/loan/exclude: 체 등 생산설비에 소요되는 자금 장기저리, 융자 지원 * 금리 2.5%(변동), 8억원(시설)/3년거치, 5년 균등분할 * 사업장 신축 및 부지매입비, 공장매입비, 사 || 400.0만원/non_cash/recommend_only: 수출 적합성 검토 인증비용 - 최대 4백만원 || None만원/support_ratio/ratio_cap: [경북] 2026년 4차 푸드테크 스마트 제조 기반 구축 사업 재공고 경상북도 기업마당>정책정보>지원사업 공고 기업마당 본문 바로가기 주메뉴 바로가기 기업마당 > 정책정보 > 지원사업 공고 메뉴열기 로그인 정책정보 정책정보 지원사업 공고 품목별 법정의무 인증제도 행사정보 정책뉴스 입법·행정예고/고시 월간 중기누리 활용정보",unknown:400.0 | revenue_condition:1200000.0 | revenue_condition:800000.0 | revenue_condition:500000.0 | revenue_condition:300000.0 | revenue_condition:100000.0 | revenue_condition:1200000.0 | unknown:4500.0,needs_review,large_amount_delta,https://www.bizinfo.go.kr/sii/siia/selectSIIA200Detail.do?pblancId=PBLN_000000000123459
PBLN_000000000123462,[경기] 고양시 2026년 28청춘창업소 제품화 지원 프로그램 참가자 모집 공고,경기도,amount_update_ready,3,1,2,270.0,270.0,support_amount,subtract,,확정,"270.0만원/consulting_fee/recommend_only: 제품화 재료비 지원 - 프로그램 선정기업당 약 2,700천원(부가세 포함) 내외의 제품화에 필요한 재료비 및 기업당 5회 내외 시제품 기획 컨설팅 운영사에서 지원",unknown:270.0 | self_funding:270.0,needs_review,selected_candidate_missing,https://www.bizinfo.go.kr/sii/siia/selectSIIA200Detail.do?pblancId=PBLN_000000000123462
PBLN_000000000123466,2026년 지능형 반도체 개발ㆍ실증지원 고신뢰 반도체 상용화를 위한 검증ㆍ확인 지원사업 기업 지원 프로그램 통합 공고,산업통상부,json_only_review,11,2,9,,,unknown,review,1.0,후보 검수 필요,"1500.0만원/equipment_usage_fee/recommend_only: 검증ㆍ확인 관련 시제품 제작15,000천원고신뢰 반도체 검증지원센터 장비 활용고신뢰 반도체 검증지원센터 장비 활용 || None만원/support_ratio/ratio_cap: 2026년 지능형 반도체 개발ㆍ실증지원 고신뢰 반도체 상용화를 위한 검증ㆍ확인 지원사업 기업 지원 프로그램 통합 공고 산업통상부 기업마당>정책정보>지원사업 공고 기업마당 본문 바로가기 주메뉴 바로가기 기업마당 > 정책정보 > 지원사업 공고 메뉴열기 로그인 정책정보 정책정보 지원사업 공고 품목별 법정의무 인증제도 행사정보",unknown:0.1 | unknown:0.2 | unknown:0.3 | unknown:0.4 | unknown:0.5 | unknown:4000.0 | unknown:2000.0 | unknown:1000.0,needs_review,selected_candidate_missing,https://www.bizinfo.go.kr/sii/siia/selectSIIA200Detail.do?pblancId=PBLN_000000000123466
PBLN_000000000123468,2026년 에너지신산업 개방형 혁신생태계 OpenLAB 조성사업 기업지원사업 수혜기업모집 공고,산업통상부,json_only_review,17,6,11,,,unknown,review,,후보 검수 필요,"21700.0만원/total_support_scale/review: 11월 ❍ 지원규모 및 지원대상 : 총 217,000천원 ① R&D 세부 1 || 3000.0만원/total_support_scale/review: 2026년 까 지 국 내 에 본 사/지 사 설 립 필 수)1건최대 30,000천원 ❍ 지원분야 및 내용 - (광주테크노파크) R&D 연계 파일럿 기술개발 및 기술지원구 분지원대상지원내용지원규모 R&D 연계 파일럿 기술개발 지 || 2000.0만원/support_amount/subtract: S/W 설계비 등 지원 최대20,000천원R&D장비 공동활용배터리 || 6500.0만원/non_cash/recommend_only: GS 인증65,000천 원 내외 지원w국내‧외(PCT || 2200.0만원/support_amount/subtract: 해당 국가 언어별) 제작최대22,000천 원 내외 지원해외기업 국내 정착 지원R&D 세부 1 || 3000.0만원/support_amount/subtract: / 최대 30,000천원 이내 지원",total_project_cost:0.0 | total_project_cost:0.0 | self_funding:0.0 | unknown:2000.0 | unknown:370000.0 | unknown:1160000.0 | unknown:10000.0 | unknown:8000.0,needs_review,large_amount_delta,https://www.bizinfo.go.kr/sii/siia/selectSIIA200Detail.do?pblancId=PBLN_000000000123468
PBLN_000000000123469,[충남] 2026년 2차 지역 거점 정보보호 클러스터 구축 사업 정보보호 기업 성장(사업화) 지원사업 모집 재공고,충청남도,amount_update_ready,5,5,0,1000.0,1000.0,support_amount,subtract,0.1,확정,"5000.0만원/total_support_scale/review: 서비스 사업화 활성화를 위한 수요 맞춤형 사업화 프로그램 패키지 지원 □ 지원기간 : (사 업 화) 협약일로부터 3개월 □ 지원대상 : 충남 소재 스마트 모빌리티 기반 정보보호 관련 분야 기업 □ 지원규모 : 총50,000천원지원분야지원내용전체지원 금액사업화지원*지역특화산업(스마트모빌리티)과 연계 가능하고 || 5000.0만원/consulting_fee/recommend_only: 사업화 컨설팅 비용 등) 50,000천원 || 1000.0만원/support_amount/subtract: 인포테인먼트 등 다양한 기능을 수행하게 하는 부품산업군 - 특화산업 사업화(비R&D) 지원 : 5개사(1개사/10,000천원)* *공급사에 지급될 지원금 대비 10%인 부가가치세는 수혜기업이 부담함 2지원분야 및 지원대상 □ (지원분야) 사업화 지원(5건)구분①사업화 || 5000.0만원/total_support_scale/review: 서비스의①사업화지원지원기간협약체결일로부터3개월지원예산50백만원(정부지원금)기업부담금부가가치세10%매칭지원규모5개과제지원자격-충남소재정보보호제품 || None만원/support_ratio/ratio_cap: [충남] 2026년 2차 지역 거점 정보보호 클러스터 구축 사업 정보보호 기업 성장(사업화) 지원사업 모집 재공고 충청남도 기업마당>정책정보>지원사업 공고 기업마당 본문 바로가기 주메뉴 바로가기 기업마당 > 정책정보 > 지원사업 공고 메뉴열기 로그인 정책정보 정책정보 지원사업 공고 품목별 법정의무 인증제도 행사정보 정책뉴",,safe,clear_selected_candidate,https://www.bizinfo.go.kr/sii/siia/selectSIIA200Detail.do?pblancId=PBLN_000000000123469
PBLN_000000000123470,[대구] 2026년 2차 AI솔루션 실증 참여기업 모집 공고(지역특화 제조데이터 활성화 사업),중소벤처기업부,json_only_review,4,1,3,,,unknown,review,0.3,후보 검수 필요,13000.0만원/consulting_fee/recommend_only: 31 1.3억원이내정 부 지 원 금 의 30% 현금 매칭□신청대상 ◦2025년 컨설팅(데이터진단)지원 수혜기업 신청,total_project_cost:16900.0 | self_funding:13000.0 | self_funding:3900.0,needs_review,selected_candidate_missing,https://www.bizinfo.go.kr/sii/siia/selectSIIA200Detail.do?pblancId=PBLN_000000000123470
PBLN_000000000123471,[충북] 2026년 예비수소전문기업 지원사업 수혜기업 추가 모집 공고,기후에너지환경부,amount_update_ready,16,3,13,5500.0,5500.0,support_amount,subtract,1.0,확정,"5500.0만원/total_support_scale/review: 지원규모 - 기업 당 최대 55,000천원 이내 - 선정평가위원회에서 지원기업의 프로그램 평가를 통해 지원금 차등 지급 || 5500.0만원/support_amount/subtract: 000 ~ 최대 55,000천원 지원 || 50.0만원/education_fee/recommend_only: 선정된 수혜기업의 경우 수소 관련 교육 필수 (지원 인당 최대 50만원)",total_project_cost:6875.0 | revenue_condition:1000000.0 | revenue_condition:400000.0 | unknown:70000.0 | total_project_cost:4000.0 | total_project_cost:1000.0 | total_project_cost:5000.0 | self_funding:4725.0,safe,clear_selected_candidate,https://www.bizinfo.go.kr/sii/siia/selectSIIA200Detail.do?pblancId=PBLN_000000000123471
PBLN_000000000123472,[세종] 2026년 정보보호 기업육성(사업화 & 창업ㆍ벤처 육성) 지원사업 모집 공고,세종특별자치시,amount_update_ready,11,4,7,1000.0,1000.0,support_amount,subtract,0.1,확정,"5500.0만원/total_support_scale/review: (지원규모)총 지원금 55,000천원 - 사업화 : 15 || 1000.0만원/support_amount/subtract: 15,000천원 - 창업·벤처육성 : 40,000천원(4개사) / 1개사 최대 10,000천원○(지원대상)세종 소재 ICT/SW기반 정보보호 제품·서비스 기술개발 및 사업화 || 1000.0만원/support_amount/subtract: 벤처육성 신청기업은 「정보보호 신규 비즈니스 모델 전략 수립」 지원 필수(기업부담 비용 없음) *추후 접수공고 예정(7월 中) 기업당 최대 10백만원 기타사항 - 세종 스마트시티 테스트베드 3회 이상 이용 필수-▪ 세부 지원항목의 서비스를 진행하는 공급기업(관)이 필수로 존재하여야 함▪ 여비 || None만원/support_ratio/ratio_cap: [세종] 2026년 정보보호 기업육성(사업화 & 창업ㆍ벤처 육성) 지원사업 모집 공고 세종특별자치시 기업마당>정책정보>지원사업 공고 기업마당 본문 바로가기 주메뉴 바로가기 기업마당 > 정책정보 > 지원사업 공고 메뉴열기 로그인 정책정보 정책정보 지원사업 공고 품목별 법정의무 인증제도 행사정보 정책뉴스 입법·행정예고/고시",total_project_cost:2000.0 | unknown:200.0 | self_funding:2200.0 | unknown:1500.0 | unknown:1500.0 | unknown:4000.0 | unknown:1500.0,needs_review,large_amount_delta,https://www.bizinfo.go.kr/sii/siia/selectSIIA200Detail.do?pblancId=PBLN_000000000123472
PBLN_000000000123477,[대구] 서대구산단 혁신지원센터 및 복합문화센터 운영 지원 입주기업 수요맞춤형 지원 참여기업 모집 공고,대구광역시,amount_update_ready,10,2,8,500.0,500.0,support_amount,subtract,0.1,확정,500.0만원/total_support_scale/review: 2026년6월22일(재)대구테크노파크원장1 지원 개요 □ 목적: 서대구산업단지내입주하고있는중소기업의여러가지애로사항에대한수요맞춤형지원을통해기업성장률을제고 □ 지원대상: 본사(지사) 소재지가서대구산업단지내입주하고있는중소기업 □ 지원규모: 총6개사내외(1개사당최대5백만원이내지원) □ 지원기간: 선정통보일~ 2026 || 500.0만원/support_amount/subtract: ) 내신청과제를종료했을경우지원금지급 ❍ 사후환급이가능한부가가치세는기업에서부담 ❍ 지원금(최대5백만원)을초과하는금액에대해서는기업에서부담 ❍ 기업별신청내용에따른지원분야및지원금규모는선정심사위원회결과에 따라조정가능 ❍ 인건비및간접성경비(비품구입비,unknown:50000.0 | total_project_cost:440.0 | total_project_cost:400.0 | total_project_cost:550.0 | total_project_cost:500.0 | total_project_cost:900.0 | total_project_cost:500.0 | self_funding:400.0,safe,clear_selected_candidate,https://www.bizinfo.go.kr/sii/siia/selectSIIA200Detail.do?pblancId=PBLN_000000000123477
PBLN_000000000123478,[부산] 2026년 2차 연구개발장비 공동활용 지원사업 공고(장비사용료 지원사업 안내),부산광역시,json_only_review,5,1,4,,,unknown,review,0.6,후보 검수 필요,600.0만원/equipment_usage_fee/recommend_only: 공장 또는 연구소 등 사업자등록증 상 소재지가 확인되는 기업 ☞ 부산테크노파크 연구개발장비 사용에 따른 장비사용료 지원 - 기업당 장비사용료의 60%(기업당 연 최대 6백만원 내 지원(최대 3회 분할 신청 가능) 지원 사업신청 방법 이메일 접수 ➀ 공동활용 연구장비 목록[첨부1] 확인 후,project_budget:600.0 | unknown:100.0 | project_budget:600.0 | project_budget:600.0,needs_review,selected_candidate_missing,https://www.bizinfo.go.kr/sii/siia/selectSIIA200Detail.do?pblancId=PBLN_000000000123478
PBLN_000000000123480,[부산] 2026년 2차 블록체인 허브 입주기업 맞춤형 지원 프로그램 모집 공고,부산광역시,amount_update_ready,9,7,2,1000.0,1000.0,support_amount,subtract,0.5,확정,"1000.0만원/support_amount/subtract: 부산 블록체인 허브 입주기업 혹은 입주 예정기업 ☞ 입주기업의 수요에 따라 세부프로그램 중 선택하여 프로그램(기업당 최대 1,000만원 이내) 지원 - 비즈니스 성장 || 3000.0만원/total_support_scale/review: 2026 블록체인 특화 클러스터 조성사업 內 블록체인 기업 사업화 지원사업 선정기업은 수혜대상에서 제외 - 2 - ◦ 지원규모 : 30백만원 (기업당 10백만원 내외) - 기업부담금(현금) 20% 이상 매칭 필수 q 지원내용 ◦ 입주기업의 수요에 따라 세부프로그램 중 선택하여 프로그 || 1000.0만원/total_support_scale/review: 2026 블록체인 특화 클러스터 조성사업 內 블록체인 기업 사업화 지원사업 선정기업은 수혜대상에서 제외 - 2 - ◦ 지원규모 : 30백만원 (기업당 10백만원 내외) - 기업부담금(현금) 20% 이상 매칭 필수 q 지원내용 ◦ 입주기업의 수요에 따라 세부프로그램 중 선택하여 프로그램 지원 - 기업 활 || 1000.0만원/support_amount/subtract: 1개 기업당 수혜 받을 수 있는 맞춤형 프로그램 지원 총액은 1,000만원으로 한정 연번세부프로그램명추진내용지원한도1비즈니스 성장지원ㆍ(목적) 비즈니스 아이디어 발굴 및 BM 개발을 위한 활동 지원ㆍ(내용) 시장조사 || 1000.0만원/support_amount/subtract: 지식재산권 출원ㆍ등록 등기업당 최대1,000만원이내* 선정평가 후 지원가능금액산정 후 안내 2기타 희망분야 지원ㆍ(목적) 기업 희망 프로그램(단 || 10.0만원/support_amount/subtract: 10만원(부가세) 지원 불가 ◦ 예산비목별 한도제한은 없으나 프로그램 목적에 부합하지 않거나 사업계획 대비 특정 비목이 과대 계상된 경우 || ... 후보 1개 추가",self_funding:100.0 | self_funding:90.0,needs_review,large_amount_delta,https://www.bizinfo.go.kr/sii/siia/selectSIIA200Detail.do?pblancId=PBLN_000000000123480
PBLN_000000000123482,[경기] 2026년 기후테크 경진대회 참여기업 모집 공고(2027년 경기도 실증화 지원사업 연계),경기도,amount_update_ready,3,3,0,20000.0,20000.0,support_amount,subtract,1.0,확정,20000.0만원/support_amount/subtract: ☞ 공고일 기준 경기도에 본사(또는 공장)가 소재한 중소ㆍ중견 기업으로서 기후테크 기술을 보유하고 있으며 실증 사례 추진이 필요한 기업 ☞ 실증비 지원 (기업당 최대 2억원) || 20000.0만원/support_amount/subtract: 지원내용 - (실증비 지원) 기업당 최대 2억 원 지원 || None만원/support_ratio/ratio_cap: [경기] 2026년 기후테크 경진대회 참여기업 모집 공고(2027년 경기도 실증화 지원사업 연계) 경기도 기업마당>정책정보>지원사업 공고 기업마당 본문 바로가기 주메뉴 바로가기 기업마당 > 정책정보 > 지원사업 공고 메뉴열기 로그인 정책정보 정책정보 지원사업 공고 품목별 법정의무 인증제도 행사정보 정책뉴스 입법·행정예고/,,safe,clear_selected_candidate,https://www.bizinfo.go.kr/sii/siia/selectSIIA200Detail.do?pblancId=PBLN_000000000123482
PBLN_000000000123483,[부산] 2026년 2차 소규모사업장 작업환경개선 지원사업 모집 공고,부산광역시,amount_update_ready,3,2,1,175.0,175.0,support_amount,subtract,0.1,확정,175.0만원/support_amount/subtract: 업체별 최대 175만원(부가세 포함) (지원금액 외 업체부담 없음 || None만원/support_ratio/ratio_cap: [부산] 2026년 2차 소규모사업장 작업환경개선 지원사업 모집 공고 부산광역시 기업마당>정책정보>지원사업 공고 기업마당 본문 바로가기 주메뉴 바로가기 기업마당 > 정책정보 > 지원사업 공고 메뉴열기 로그인 정책정보 정책정보 지원사업 공고 품목별 법정의무 인증제도 행사정보 정책뉴스 입법·행정예고/고시 월간 중기누리 활용정,unknown:175.0,safe,clear_selected_candidate,https://www.bizinfo.go.kr/sii/siia/selectSIIA200Detail.do?pblancId=PBLN_000000000123483
PBLN_000000000123488,[경북] 구미시 2026년 푸드테크 상용화모델 개발 및 실증사업 수혜기업 모집 공고,경상북도,amount_update_ready,2,2,0,7500.0,7500.0,support_amount,subtract,1.0,확정,7500.0만원/support_amount/subtract: / (참여기관) 구미 소재 외식 및 식품제조 업체 ☞ 컨소시엄 당 최대 75백만원 지원 - 외식 및 식품 제조기업 현장 애로사항을 해결할 수 있는 솔루션 기반 상용화 모델 개발 및 실증 - 푸드테크기업 기술선도형 또는 지역식 || None만원/support_ratio/ratio_cap: [경북] 구미시 2026년 푸드테크 상용화모델 개발 및 실증사업 수혜기업 모집 공고 경상북도 기업마당>정책정보>지원사업 공고 기업마당 본문 바로가기 주메뉴 바로가기 기업마당 > 정책정보 > 지원사업 공고 메뉴열기 로그인 정책정보 정책정보 지원사업 공고 품목별 법정의무 인증제도 행사정보 정책뉴스 입법·행정예고/고시 월간 중,,safe,clear_selected_candidate,https://www.bizinfo.go.kr/sii/siia/selectSIIA200Detail.do?pblancId=PBLN_000000000123488
PBLN_000000000123489,[경북] 포항시 2026년 푸드테크 상용화모델 개발 및 실증사업 수혜기업 모집 공고,경상북도,amount_update_ready,2,2,0,7500.0,7500.0,support_amount,subtract,1.0,확정,7500.0만원/support_amount/subtract: / (참여기관) 포항 소재 외식 및 식품제조 업체 ☞ 컨소시엄 당 최대 75백만원 지원 - 외식 및 식품 제조기업 현장 애로사항을 해결할 수 있는 솔루션 기반 상용화 모델 개발 및 실증 - 푸드테크기업 기술선도형 또는 지역식 || None만원/support_ratio/ratio_cap: [경북] 포항시 2026년 푸드테크 상용화모델 개발 및 실증사업 수혜기업 모집 공고 경상북도 기업마당>정책정보>지원사업 공고 기업마당 본문 바로가기 주메뉴 바로가기 기업마당 > 정책정보 > 지원사업 공고 메뉴열기 로그인 정책정보 정책정보 지원사업 공고 품목별 법정의무 인증제도 행사정보 정책뉴스 입법·행정예고/고시 월간 중,,safe,clear_selected_candidate,https://www.bizinfo.go.kr/sii/siia/selectSIIA200Detail.do?pblancId=PBLN_000000000123489
PBLN_000000000123495,2027년 신규 병역지정업체(산업기능요원) 선정 및 필요인원 신청ㆍ접수 공고,중소벤처기업부,support_ratio_ready,1,1,0,,,support_ratio,ratio_cap,0.3,비율 확인,None만원/support_ratio/ratio_cap: 2027년 신규 병역지정업체(산업기능요원) 선정 및 필요인원 신청ㆍ접수 공고 중소벤처기업부 기업마당>정책정보>지원사업 공고 기업마당 본문 바로가기 주메뉴 바로가기 기업마당 > 정책정보 > 지원사업 공고 메뉴열기 로그인 정책정보 정책정보 지원사업 공고 품목별 법정의무 인증제도 행사정보 정책뉴스 입법·행정예고/고시 월간 중기,,needs_review,selected_candidate_missing,https://www.bizinfo.go.kr/sii/siia/selectSIIA200Detail.do?pblancId=PBLN_000000000123495
PBLN_000000000123496,2026년 경북 뿌리산업 DX(디지털전환) 기술지원사업 수혜기업 모집 재공고(뿌리산업 제조공정혁신 지원을 위한 DX 기반구축),산업통상부,amount_update_ready,5,2,3,250.0,250.0,support_amount,subtract,,확정,"250.0만원/support_amount/subtract: 연구소) 또는 협약일 전까지 기업 이전 완료 기업으로써 전ㆍ후방 연관 제품(기술) 분야 신청 가능 ☞ 디지털전환 관련 결과물의 지식재산권 출원 지원(최대 2,500천원/건) 사업신청 방법 이메일 접수 (hjs0956@gbtp || 250.0만원/support_amount/subtract: 2026년 06월 22일(재)경북테크노파크원장 - 2 - 3지원 내용 ❍ 지원프로그램 및 세부 내용지 원 프 로 그 램 및 지 원 금지원건수상세 지원 내용지재권 출원⦁등록(최대 2,500천원/건)4건§디지털전환 관련 결과물의 지식재산권 출원 지원 – 특허⋅시장⋅경쟁사 분석을 통해 신기술⋅신사업(제품 또는 서비스) 개발을",self_funding:250.0 | self_funding:27.5 | unknown:277.5,safe,clear_selected_candidate,https://www.bizinfo.go.kr/sii/siia/selectSIIA200Detail.do?pblancId=PBLN_000000000123496
PBLN_000000000123504,[서남권] 2026년 2차 지역혁신클러스터육성(비R&D) 기업지원사업 모집 공고,전남광주통합특별시,json_only_review,27,20,7,,,unknown,review,0.5,후보 검수 필요,"0.0만원/fee/review: 최근 3년에 종료된 국가연구개발과제 수행현황 기재 漠杳 Ⅴ 소요예산 氠瑢 항목 세부내역 소요예산 연 구 활 동 비 외부 위탁 수수료 사업동향 분석 조사 예시) 00000 조사 * 2회 * 0000천원 회의비 회의비 및 다과비 예시) 회의비 30천원/인 * 0인 * 0회 전문가 자문료 자문위원회 개최 예시) 0명 * 0회 || 1.0만원/fee/review: 회의자료 등) 예시) 기획보고서 제본 00부 * 10천원 여비 예시) 0명 * 0회 * 0000천원 정산수수료 회계정산비(400 || 0.0만원/fee/review: 회의자료 등) 예시) 기획보고서 제본 00부 * 10천원 여비 예시) 0명 * 0회 * 0000천원 정산수수료 회계정산비(400 || 3000.0만원/total_support_scale/review: 프로그램 접수시 서남권 지역혁신융복합단지 확인 후 지원기관에 접수 □ 지원프로그램 및 유형 氠瑢 지원기관 지원유형 지원규모 전남 융복합단지 전남지역 산업진흥원 R&D 사전기획 30,000천원 이내 기술 || 1000.0만원/non_cash/recommend_only: 사업화 지원 기술지도 10,000천원 이내 인증지원 10 || 1000.0만원/non_cash/recommend_only: 000천원 이내 인증지원 10,000천원 이내 IP&D 전략지원 10 || ... 후보 14개 추가",unknown:0.0 | unknown:50.0 | total_project_cost:2200.0 | total_project_cost:2000.0 | unknown:200.0 | unknown:2200.0 | project_budget:1000.0,safe,clear_selected_candidate,https://www.bizinfo.go.kr/sii/siia/selectSIIA200Detail.do?pblancId=PBLN_000000000123504
PBLN_000000000123505,2026년 1차 바이오스타 2.0 사업 참여 초기창업기업 모집 공고,과학기술정보통신부,no_support_candidate,5,0,5,,,unknown,review,,후보 없음,,unknown:34000.0 | unknown:34000.0 | unknown:608000.0 | unknown:96000.0 | unknown:128000.0,needs_review,selected_candidate_missing,https://www.bizinfo.go.kr/sii/siia/selectSIIA200Detail.do?pblancId=PBLN_000000000123505
PBLN_000000000123506,[전남광주] 2026년 2차 전남 지역기업 성장사다리 지원사업 연장 공고,중소벤처기업부,amount_update_ready,27,7,20,5000.0,5000.0,support_amount,subtract,,확정,"3500.0만원/support_amount/subtract: 스타기업) 지원 - 성장단계형 지원 프로그램(기업당 최대 35백만원 이내) 지원 || 81400.0만원/total_support_scale/review: 전남테크노파크원장 1지원개요□(지원규모)총8.14억원(국비5 || 51600.0만원/total_support_scale/review: 기업부장관,전라남도지사,전남테크노파크원장 1지원개요□(지원규모)총8.14억원(국비5.16억원,지방비2.98억원)□(지원 프로그램) 총1개Track,5개지원대상별프로그램운영□ || 3500.0만원/support_amount/subtract: 의기업당최대 지원금은 35백만원 이내에서신청가능 || 100000.0만원/total_support_scale/review: 방향지원규모기업당 평균 지원금 잠재기업 초기• 업력: 창업 7년 내외• 매출: 10억원 미만• 비즈니스모델 및 사업전략 수립 등• R&D‧특허‧인증 사전기획 등• 시제 || 2000.0만원/support_amount/subtract: 기타 프로그램은 p14~16 참고3社내외20 백만원□(지원기간)협약일로부터최대’26년11월30일까지 || ... 후보 1개 추가",unknown:29800.0 | unknown:2000.0 | unknown:2000.0 | self_funding:1000.0 | self_funding:20.0 | unknown:1000.0 | unknown:25.0 | self_funding:2000.0,needs_review,large_amount_delta,https://www.bizinfo.go.kr/sii/siia/selectSIIA200Detail.do?pblancId=PBLN_000000000123506
PBLN_000000000123507,2026년 2차 전북 기업성장 환류형 상생일자리 지원사업 참여기업 모집 공고(BIONE 고용혁신 프로젝트),전북특별자치도,amount_update_ready,14,9,5,5000.0,5000.0,support_amount,subtract,0.5,확정,4000.0만원/support_amount/subtract: 고용이음 확장지원 - 고용이음 기반지원(유형 중 택1) : 기업당 최대 40백만원 ㆍ 기능이음형 : 기능이음을 통한 패키지 지원 || 1500.0만원/support_amount/subtract: 공동 브랜드/제품개발 등 - 고용이음 확장지원(기반지원 선정기업 중 조건충족 기업) : 단계별 최대 15백만원 지원 || 4000.0만원/support_amount/subtract: 기업당 최대 40백만원 10개사 내외 2개사 내외 지원내용 기능이음을 통한 패키지 지원 기술이전 || 1500.0만원/total_support_scale/review: 지원규모 : 단계별 최대 15백만원(기반지원을 포함하여 최대 5천만원 이내) || 5000.0만원/total_support_scale/review: 지원규모 : 단계별 최대 15백만원(기반지원을 포함하여 최대 5천만원 이내) || 5000.0만원/support_amount/subtract: 기업당 지원금은 기반지원 + 확장지원 인센티브를 포함하여 총 50백만원을 초과할 수 없으며 최종 지원금은 기업 선정 규모에 따라 예산 범위 내 조정될 수 있음 || ... 후보 3개 추가,unknown:200.0 | self_funding:3000.0 | unknown:4000.0 | self_funding:1500.0 | unknown:1500.0,safe,clear_selected_candidate,https://www.bizinfo.go.kr/sii/siia/selectSIIA200Detail.do?pblancId=PBLN_000000000123507
PBLN_000000000123512,[경북] 2026년 지역 연계 미드폼 제작지원 사업 공고(경북콘텐츠코리아랩 운영사업),경상북도,amount_update_ready,13,3,10,18800.0,18800.0,support_amount,subtract,1.0,확정,"18800.0만원/support_amount/subtract: 각 편의 주요 내용 및 전개가 포함되도록 작성 氠瑢 慤桥 지역 연계 미드폼 제작지원 지원금 활용계획서 [서식 3] 지원금 활용계획서 氠瑢 총 지원금 188,000,000원 氠瑢 비목 세목 세세목 비율 집 행 목 적 산 출 내 역 금액(원) 인건비 보수 보수 7 || 1000.0만원/support_amount/subtract: 지원금 총액이 10백만원 미만인 사업 4 || None만원/support_ratio/ratio_cap: [경북] 2026년 지역 연계 미드폼 제작지원 사업 공고(경북콘텐츠코리아랩 운영사업) 경상북도 기업마당>정책정보>지원사업 공고 기업마당 본문 바로가기 주메뉴 바로가기 기업마당 > 정책정보 > 지원사업 공고 메뉴열기 로그인 정책정보 정책정보 지원사업 공고 품목별 법정의무 인증제도 행사정보 정책뉴스 입법·행정예고/고시 월간",unknown:3000.0 | unknown:10000.0 | unknown:400.0 | unknown:300.0 | unknown:300.0 | unknown:300.0 | unknown:100.0 | unknown:100.0,needs_review,subtract_without_limit_context | large_amount_delta,https://www.bizinfo.go.kr/sii/siia/selectSIIA200Detail.do?pblancId=PBLN_000000000123512
PBLN_000000000123520,[제주] 2026년 2차 지역기업 성장사다리 지원사업 공고,중소벤처기업부,json_only_review,7,5,2,,,unknown,review,,후보 검수 필요,"12000.0만원/total_support_scale/review: 제주테크노파크원장 지원개요◦(지원규모)총 약 1.2억원◦(지원대상 및 프로그램) 총 2개 지원 프로그램 || 5000.0만원/support_amount/subtract: 기업당최대총50,000천원규모안에지원프로그램중복신청가능 || 1120.4만원/consulting_fee/recommend_only: 컨설팅*전 분야 AI활용 가능 1개사내외협약일~11.2040백만원붙임참조지역스타기업지원2개사내외 || 4000.0만원/support_amount/subtract: 지원금의 10% 이상 기업부담금 설정 ◦ (지원대상) 제주스타기업 9개사 또는 예비선도기업(신규)지원프로그램지원대상대상자격기업수기업당 지원금액지역스타기업지원제주지역스타기업제주스타기업 (`22년 지정기업 9개사)2개사 내외40백만원 이내예비선도기업지원예비선도기업전년도 매출액 60억 이상1개사 내외 || 600000.0만원/support_amount/subtract: 지원금의 10% 이상 기업부담금 설정 ◦ (지원대상) 제주스타기업 9개사 또는 예비선도기업(신규)지원프로그램지원대상대상자격기업수기업당 지원금액지역스타기업지원제주지역스타기업제주스타기업 (`22년 지정기업 9개사)2개사 내외40백만원 이내예비선도기업지원예비선도기업전년도 매출액 60억 이상1개사 내외",unknown:4000.0 | total_project_cost:4.0,needs_review,selected_context_has_risk_keyword | large_amount_delta,https://www.bizinfo.go.kr/sii/siia/selectSIIA200Detail.do?pblancId=PBLN_000000000123520
PBLN_000000000123524,[경북] 경산시 2026년 푸드테크 상용화모델 개발 및 실증사업 수혜기업 모집 공고,경상북도,amount_update_ready,2,2,0,7500.0,7500.0,support_amount,subtract,1.0,확정,7500.0만원/support_amount/subtract: / (참여기관) 경산 소재 외식 및 식품제조업체 ☞ 컨소시엄당 최대 75백만원 지원 - 외식 및 식품 제조기업 현장 애로사항을 해결할 수 있는 솔루션 기반 상용화 모델 개발 및 실증 지원 - 푸드테크기업 기술선도형 또는 || None만원/support_ratio/ratio_cap: [경북] 경산시 2026년 푸드테크 상용화모델 개발 및 실증사업 수혜기업 모집 공고 경상북도 기업마당>정책정보>지원사업 공고 기업마당 본문 바로가기 주메뉴 바로가기 기업마당 > 정책정보 > 지원사업 공고 메뉴열기 로그인 정책정보 정책정보 지원사업 공고 품목별 법정의무 인증제도 행사정보 정책뉴스 입법·행정예고/고시 월간 중,,safe,clear_selected_candidate,https://www.bizinfo.go.kr/sii/siia/selectSIIA200Detail.do?pblancId=PBLN_000000000123524
PBLN_000000000123525,[충남ㆍ충북ㆍ대전ㆍ세종] 2026년 2차 기업 지원 프로그램(비R&D) 지원대상 모집 공고(미래차 산업 혁신 지원사업),충청남도,amount_update_ready,20,16,4,2000.0,2000.0,support_amount,subtract,,확정,"1100.0만원/consulting_fee/recommend_only: 지원신청금액 기업부담금 미래차 전환 시제품제작 지원 (광역연계 공급망 지원) ○ 11,000천원 10,000천원 1,000천원 미래차전환 R&D 기획 컨설팅 ○ 3,000천원 || 1000.0만원/consulting_fee/recommend_only: 부담금 미래차 전환 시제품제작 지원 (광역연계 공급망 지원) ○ 11,000천원 10,000천원 1,000천원 미래차전환 R&D 기획 컨설팅 ○ 3,000천원 3,000천원 없 || 100.0만원/consulting_fee/recommend_only: 000천원 1,000천원 미래차전환 R&D 기획 컨설팅 || 300.0만원/consulting_fee/recommend_only: 11,000천원 10,000천원 1,000천원 미래차전환 R&D 기획 컨설팅 ○ 3,000천원 3,000천원 없음 미래차 전환 시험평가 ○ 5,500천원 5,000천원 500 || 300.0만원/non_cash/recommend_only: 000천원 3,000천원 없음 미래차 전환 시험평가 || 550.0만원/consulting_fee/recommend_only: &D 기획 컨설팅 ○ 3,000천원 3,000천원 없음 미래차 전환 시험평가 ○ 5,500천원 5,000천원 500천원 미래차 전환 특허지원 ○ 2,750천원 2,500천원 || ... 후보 10개 추가",unknown:500.0 | unknown:50.0 | unknown:250.0 | unknown:25.0,needs_review,large_amount_delta,https://www.bizinfo.go.kr/sii/siia/selectSIIA200Detail.do?pblancId=PBLN_000000000123525
PBLN_000000000123526,[충남] 2026년 산학연 협동프로그램 참여기업 지원사업 모집 재공고(테크노파크 생산장비 고도화),충청남도,json_only_review,7,2,5,,,unknown,review,0.1,후보 검수 필요,"200.0만원/total_support_scale/review: 선정기업은 지원로드맵 수립을 위한 PM제도 의무 참여 ❍ (지원규모) 20개사 ❍ (기업부담금) 현금 2,000천원 || None만원/support_ratio/ratio_cap: [충남] 2026년 산학연 협동프로그램 참여기업 지원사업 모집 재공고(테크노파크 생산장비 고도화) 충청남도 기업마당>정책정보>지원사업 공고 기업마당 본문 바로가기 주메뉴 바로가기 기업마당 > 정책정보 > 지원사업 공고 메뉴열기 로그인 정책정보 정책정보 지원사업 공고 품목별 법정의무 인증제도 행사정보 정책뉴스 입법·행정예고",unknown:600.0 | unknown:1500.0 | unknown:400.0 | self_funding:1500.0 | unknown:100.0,needs_review,selected_candidate_missing,https://www.bizinfo.go.kr/sii/siia/selectSIIA200Detail.do?pblancId=PBLN_000000000123526
PBLN_000000000123527,[경북] 안동시 2026년 푸드테크 상용화모델 개발 및 실증사업 수혜기업 모집 공고,경상북도,amount_update_ready,2,2,0,7500.0,7500.0,support_amount,subtract,1.0,확정,7500.0만원/support_amount/subtract: / (참여기관) 경산 소재 외식 및 식품제조업체 ☞ 컨소시엄당 최대 75백만원 지원 - 외식 및 식품 제조기업 현장 애로사항을 해결할 수 있는 솔루션 기반 상용화 모델 개발 및 실증 지원 - 푸드테크기업 기술선도형 또는 || None만원/support_ratio/ratio_cap: [경북] 안동시 2026년 푸드테크 상용화모델 개발 및 실증사업 수혜기업 모집 공고 경상북도 기업마당>정책정보>지원사업 공고 기업마당 본문 바로가기 주메뉴 바로가기 기업마당 > 정책정보 > 지원사업 공고 메뉴열기 로그인 정책정보 정책정보 지원사업 공고 품목별 법정의무 인증제도 행사정보 정책뉴스 입법·행정예고/고시 월간 중,,safe,clear_selected_candidate,https://www.bizinfo.go.kr/sii/siia/selectSIIA200Detail.do?pblancId=PBLN_000000000123527
PBLN_000000000123529,[부산] 2026년 리스크 대응 섬유패션 원부자재 공동 비축 시스템 구축사업 참여기업 모집공고,부산광역시,amount_update_ready,3,3,0,200.0,200.0,support_amount,subtract,,확정,"200.0만원/support_amount/subtract: 신발 등에 해당하는 기업 ☞ 업체당 최대 2,000천원 상당의 원부자재 지원 사업신청 방법 온라인 접수(리스크 대응 섬유패션 원부자재 공동 비축 시스템) 사업신청 사이트 온라인신청 바로가기 문의처 || 200.0만원/support_amount/subtract: 신발관련기업지원규모총72개사이내(업체당최대2,000천원상당의원부자재지원)2 지원내용❍ 수요조사및운영위원회를통해선정된원부자재를공동비축거점에확보하여공급구분 지원품목패션 || 200.0만원/support_amount/subtract: ❍ 업체당최대지원한도2,000천원은원부자재구매원가기준이며",,safe,clear_selected_candidate,https://www.bizinfo.go.kr/sii/siia/selectSIIA200Detail.do?pblancId=PBLN_000000000123529
PBLN_000000000123534,[전북] 2026년 기후테크 특화 오픈이노베이션 컨소시엄 추가모집 공고(기후테크 창업기업 성장지원사업),전북특별자치도,amount_update_ready,4,3,1,3000.0,3000.0,support_amount,subtract,,확정,3000.0만원/support_amount/subtract: ^3) ^4) (^5) (^6) ^7 양식 참가 신청서 『2026년 기후테크 창업기업 성장지원사업』 기후테크 특화 오픈이노베이션 컨소시엄 참가 신청서 과 제 명 지원분야 □ 클린테크 □ 카본테크 □ 에코테크 □ 푸드테크 □ 지오테크 앵커기업 기 업 명 대표자명 주 소 본사여부 □ 본사 □ 지사 □ 연구소 □ 공장 사업분야 || 3000.0만원/total_support_scale/review: 컨소시엄: 앵커기업 + 창업기업*(7년 이내) * 창업기업: 신산업 창업 분야 해당 시 창업 10년 이내까지 가능 □ 지원규모: 과제당 30백만원 이내 || 3000.0만원/support_amount/subtract: 기술 실증(PoC) 지원 - 과제당 30백만원 이내 실증 지원금 지원 - 창업기업-앵커기업 간 협업 기반 실증 지원,unknown:3000.0,safe,clear_selected_candidate,https://www.bizinfo.go.kr/sii/siia/selectSIIA200Detail.do?pblancId=PBLN_000000000123534
PBLN_000000000123542,[충남] 2026년 미래차전환 종합지원사업 기업지원(R&D) 프로그램 모집 공고,충청남도,json_only_review,11,4,7,,,unknown,review,,후보 검수 필요,10000.0만원/non_cash/recommend_only: 인증 등 사업화 단계 지원(R&D) - 기업별 총 연구개발비 1억원 이내 지원 사업신청 방법 이메일 및 방문 또는 우편 접수 - 접수처 : 충남테크노파크 그린산업본부 미래자동차센터 - 이메일 : yskwon@c || 10000.0만원/guarantee/exclude: 인증 등 사업화 단계 지원(R&D)ㅇ지원규모 :기업별 총 연구개발비 1억원 이내 지원 * R&D 자금 예산편성기준에 따라 작성 필수 * 선정 완료 후 R&D 자금 신청시 신청금액에 해당하는 보증보험제출 필수 ㅇ지원기간 || 10000.0만원/guarantee/exclude: 협약 후 사업추진 등 * 기업별 최대한도 1억원 지원(협약관련 서류로서 1억원 이행보증보험증권 발급 및 제출 필수) * 이행보증보험증권 발급은 기업 자부담으로 발급 필수 ㅇ지원과제구분프로그램 || 10000.0만원/guarantee/exclude: 협약 후 사업추진 등 * 기업별 최대한도 1억원 지원(협약관련 서류로서 1억원 이행보증보험증권 발급 및 제출 필수) * 이행보증보험증권 발급은 기업 자부담으로 발급 필수 ㅇ지원과제구분프로그램명 세부 항목 구성 연구개발 지,self_funding:3000.0 | unknown:3000.0 | unknown:2000.0 | unknown:2000.0 | unknown:2000.0 | unknown:2000.0 | unknown:165.0,safe,clear_selected_candidate,https://www.bizinfo.go.kr/sii/siia/selectSIIA200Detail.do?pblancId=PBLN_000000000123542
PBLN_000000000123543,[경북] 포항시 2026년 경북형(포항) 스마트공장(기초단계) 구축지원사업 추가모집 공고,경상북도,amount_update_ready,3,1,2,6000.0,6000.0,support_amount,subtract,0.6,확정,6000.0만원/support_amount/subtract: 자세한 신청자격 공고문 참조 ☞ 소요 비용의 60% 지원(최대 60백만원/1개사 기준) - 정보통신기술(ICT)로 제품의 기획-설계-제조-판매 과정을통합하여 제조 공정을 최적화하는 스마트공장 구축지원 사업신청 방법,unknown:50.0 | self_funding:800.0,safe,clear_selected_candidate,https://www.bizinfo.go.kr/sii/siia/selectSIIA200Detail.do?pblancId=PBLN_000000000123543
PBLN_000000000123549,[경기] 용인시 제2차 반도체기업 기술보호 지원사업 모집 공고,경기도,json_only_review,5,4,1,,,unknown,review,,후보 검수 필요,2000.0만원/support_amount/subtract: 2천만 원 이상 사업에 추가 지원 불가 (빨간색 표기) ex) A사업 선정(지원금 2천만원) → B사업(지원금 3천만원) 신청 불가 || 2000.0만원/support_amount/subtract: 2천만 원 이상 사업에 추가 지원 불가 (빨간색 표기) ex) A사업 선정(지원금 2천만원) → B사업(지원금 3천만원) 신청 불가 || 3000.0만원/support_amount/subtract: 2천만 원 이상 사업에 추가 지원 불가 (빨간색 표기) ex) A사업 선정(지원금 2천만원) → B사업(지원금 3천만원) 신청 불가 || 500.0만원/support_amount/subtract: C사업(지원금 5백만원) 신청 가능 - 당해연도 기준 동일 사업에 1회만 수혜 가능 ex) 상반기 A사업 선정 → 하반기 A사업 신청 불가,unknown:2000.0,needs_review,subtract_without_limit_context | large_amount_delta,https://www.bizinfo.go.kr/sii/siia/selectSIIA200Detail.do?pblancId=PBLN_000000000123549
PBLN_000000000123560,[경북] 안동시 2026년 중소기업 기술성장 디딤돌 사업 참여기업 추가모집 공고,경상북도,amount_update_ready,15,9,6,1000.0,1000.0,support_amount,subtract,1.0,확정,"1000.0만원/consulting_fee/recommend_only: ☞ 안동시 소재 제조 중소기업 또는 지식기반 중소기업 ☞ 기술기반 구축 컨설팅 및 공모과제 지원을 위한 연구개발 컨설팅 등 지원 - 기업 당 최대 10,000천원 지원 사업신청 방법 이메일 접수(gepa_north@naver || 1000.0만원/support_amount/subtract: 대상자별지원금액:기업 당 최대 10,000천원 지원 || 600.0만원/consulting_fee/recommend_only: 이달의중소기업수상및지정업체 - 4 - □(컨설팅 비용)지급 기준구분지급액산출내용비고컨설팅6,000,000원∙ 최소 5회 이상(1회 최소 4시간 기준)기업 자부담(600천원 별도)보고서 작성∙ 사업계획서 작성 || 400.0만원/consulting_fee/recommend_only: 완료평가 점수에 따른 차등 지원4,000천원*기업 및 컨설팅기관각 2 || 200.0만원/consulting_fee/recommend_only: 000천원*기업 및 컨설팅기관각 2,000천원 지급80점 이상2 || 200.0만원/consulting_fee/recommend_only: 000천원 지급80점 이상2,000천원*기업 및 컨설팅기관각 1 || ... 후보 3개 추가",self_funding:60.0 | revenue_condition:300000.0 | revenue_condition:300000.0 | revenue_condition:200000.0 | revenue_condition:50000.0 | revenue_condition:30000.0,safe,clear_selected_candidate,https://www.bizinfo.go.kr/sii/siia/selectSIIA200Detail.do?pblancId=PBLN_000000000123560
PBLN_000000000123569,[충북] 2026년 제조 AI 현장 적용 지원 사업 수혜기업 모집 연장 공고,중소벤처기업부,json_only_review,10,1,9,,,unknown,review,,후보 검수 필요,8000.0만원/total_support_scale/review: 제지q (지원규모) 기업당 최대 80백만원 이내,unknown:500.0 | total_project_cost:1000.0 | total_project_cost:8000.0 | total_project_cost:500.0 | total_project_cost:8500.0 | total_project_cost:8000.0 | total_project_cost:1000.0 | total_project_cost:9000.0,needs_review,selected_candidate_missing,https://www.bizinfo.go.kr/sii/siia/selectSIIA200Detail.do?pblancId=PBLN_000000000123569
PBLN_000000000123575,인천 공공 실증 오픈이노베이션 참여기업 모집 공고,인천광역시,amount_update_ready,2,2,0,2700.0,2700.0,support_amount,subtract,0.9990000000000001,확정,"2700.0만원/support_amount/subtract: (월) 까지□ 주요 지원사항구분 지원 세부사항사업화 지원금◦ 최종 선정된 기업 대상 지원(기업별 2,700만원 내외)◦ 운영기관 승인 후 기업 선지출 || None만원/support_ratio/ratio_cap: 인천 공공 실증 오픈이노베이션 참여기업 모집 공고 인천광역시 기업마당>정책정보>지원사업 공고 기업마당 본문 바로가기 주메뉴 바로가기 기업마당 > 정책정보 > 지원사업 공고 메뉴열기 로그인 정책정보 정책정보 지원사업 공고 품목별 법정의무 인증제도 행사정보 정책뉴스 입법·행정예고/고시 월간 중기누리 활용정보 활용정보 기업업무",,safe,clear_selected_candidate,https://www.bizinfo.go.kr/sii/siia/selectSIIA200Detail.do?pblancId=PBLN_000000000123575
PBLN_000000000123584,[경남] 2026년 지역기업 성장사다리 지원사업 패스트트랙(Track A) 모집 공고,중소벤처기업부,amount_update_ready,9,7,2,2000.0,2000.0,support_amount,subtract,,확정,"1000.0만원/consulting_fee/recommend_only: 기술이전 지원(기업당 최대 10,000천원 이내) - 잠재기업 : 기술지도ㆍ컨설팅 || 2000.0만원/support_amount/subtract: 마케팅 지원(기업당 20,000천원 이내) || 1000.0만원/support_amount/subtract: 기업당 최대 10,000천원 이내◦(지원대상)연 매출액 50억원 미만 중소기업◦(지원기간)협약일 ~’26 || 500000.0만원/support_amount/subtract: 000천원 이내◦(지원대상)연 매출액 50억원 미만 중소기업◦(지원기간)협약일 ~’26 || 2000.0만원/support_amount/subtract: 기업당 최대 20,000천원 이내◦(지원대상)연 매출액 50억원 이상 80억원 미만 중소기업◦(지원기간)협약일 ~’26 || 500000.0만원/support_amount/subtract: 000천원 이내◦(지원대상)연 매출액 50억원 이상 80억원 미만 중소기업◦(지원기간)협약일 ~’26 || ... 후보 1개 추가",revenue_condition:500000.0 | revenue_condition:1000.0,needs_review,large_amount_delta,https://www.bizinfo.go.kr/sii/siia/selectSIIA200Detail.do?pblancId=PBLN_000000000123584
PBLN_000000000123585,[경남] 밀양시 2026년 3차 미래차 산업전환 공정기술 고도화 수혜기업 모집 공고(미래차 산업 전환 공정기술 고도화 지원사업),경상남도,amount_update_ready,6,5,1,5000.0,5000.0,support_amount,subtract,0.5,확정,"5000.0만원/consulting_fee/recommend_only: ☞ 경상남도(밀양시)에 소재하는 미래차 부품 개발 및 양산 추진하고 있는 중소ㆍ중견업체 - 기존에 미래차 부품 개발이 진행 및 완료 기업이거나 미래차부품 양산화 계획이 있는 기업 ☞ 공정고도화 패키지(최대 50백만원/건) 지원 - 컨설팅+공정고도화 지원 사업신청 방법 온라인 접수 (경남테크노파크 홈페이지) 사업신청 사이트 || 5000.0만원/support_amount/subtract: 공정고도화 패키지 지원 1건(최대 50백만원/건) 다 || 500.0만원/support_amount/subtract: 지원한도: 전체 협약금액 내에서 최대 500만원 한도 || 5000.0만원/non_cash/recommend_only: 탄소중립 설비투자 지원(컨설팅+공정지원)￭ 기업당 최대 50,000천원/건 내외 (민간부담금: 지원금 10% || None만원/support_ratio/ratio_cap: [경남] 밀양시 2026년 3차 미래차 산업전환 공정기술 고도화 수혜기업 모집 공고(미래차 산업 전환 공정기술 고도화 지원사업) 경상남도 기업마당>정책정보>지원사업 공고 기업마당 본문 바로가기 주메뉴 바로가기 기업마당 > 정책정보 > 지원사업 공고 메뉴열기 로그인 정책정보 정책정보 지원사업 공고 품목별 법정의무 인증제도",unknown:5000.0,safe,clear_selected_candidate,https://www.bizinfo.go.kr/sii/siia/selectSIIA200Detail.do?pblancId=PBLN_000000000123585
PBLN_000000000123587,[부산ㆍ울산ㆍ경남] 2026년 동남 정보보호클러스터 보안 테스팅 지원사업 공고,경상남도,support_ratio_ready,1,1,0,,,support_ratio,ratio_cap,1.0,비율 확인,None만원/support_ratio/ratio_cap: [부산ㆍ울산ㆍ경남] 2026년 동남 정보보호클러스터 보안 테스팅 지원사업 공고 경상남도 기업마당>정책정보>지원사업 공고 기업마당 본문 바로가기 주메뉴 바로가기 기업마당 > 정책정보 > 지원사업 공고 메뉴열기 로그인 정책정보 정책정보 지원사업 공고 품목별 법정의무 인증제도 행사정보 정책뉴스 입법·행정예고/고시 월간 중기누리,,needs_review,selected_candidate_missing,https://www.bizinfo.go.kr/sii/siia/selectSIIA200Detail.do?pblancId=PBLN_000000000123587
PBLN_000000000123593,[비수도권] 2026년 3차 지능형 반도체 시험분석ㆍ성능검증 지원 지원기업 모집 공고,산업통상부,json_only_review,13,6,7,,,unknown,review,0.5,후보 검수 필요,"1000.0만원/equipment_usage_fee/recommend_only: 시험분석ㆍ성능검증 지원 (기업당 최대 1,000만원 지원) - (시험분석 서비스) 기술원이 보유한 시험분석 장비와 전문인력을 통한 시험분석 지원 - (시험분석ㆍ성능검증) 팹리스 기업이 개발한 지 || 1000.0만원/equipment_usage_fee/recommend_only: 000천원(100%)기업부담금0천원(0%)합 계10,000천원(100%)신청항목[필수]시험분석 서비스 지원■스마트 센서 검사 시스템 활용 시험분석□전파시험(EMC) 장비 활용 시험분석[선택]간접지원 (비용 || 1000.0만원/non_cash/recommend_only: )경북대학교시험분석(oo칩)성공10,000천원천원 다 || 45000.0만원/non_cash/recommend_only: 5억원3억원4.5억원신규고용1명2명3명 정보 이용 동의서 경북대학교 첨단정보통신융합산업기술원은 『2026년 지능형 반도체 시험분석 || 1000.0만원/non_cash/recommend_only: 제품의 시험분석 및 성능검증(인증) 지원간접지원(비용)최대10,000천원 4 || None만원/support_ratio/ratio_cap: [비수도권] 2026년 3차 지능형 반도체 시험분석ㆍ성능검증 지원 지원기업 모집 공고 산업통상부 기업마당>정책정보>지원사업 공고 기업마당 본문 바로가기 주메뉴 바로가기 기업마당 > 정책정보 > 지원사업 공고 메뉴열기 로그인 정책정보 정책정보 지원사업 공고 품목별 법정의무 인증제도 행사정보 정책뉴스 입법·행정예고/고시 월간",self_funding:1000.0 | self_funding:0.0 | unknown:500000.0 | unknown:1000000.0 | unknown:15000.0 | unknown:30000.0 | project_budget:1000.0,safe,clear_selected_candidate,https://www.bizinfo.go.kr/sii/siia/selectSIIA200Detail.do?pblancId=PBLN_000000000123593
PBLN_000000000123596,[서울ㆍ경기ㆍ인천ㆍ강원] 2026년 중소기업 AI활용 도입을 위한 AI훈련 참여기업 모집 공고,고용노동부,json_only_review,1,1,0,,,unknown,review,1.0,후보 검수 필요,"783.0만원/education_fee/recommend_only: 업 등의 경우에는 20인 미만도 가능) ☞ 컨설팅 비용 100% , 기업당 최대 783만원, 실무 중심 AI 프로젝트 교육 지원 ※ 자세한 지원내용 공고문 참조 사업신청",,needs_review,selected_candidate_missing,https://www.bizinfo.go.kr/sii/siia/selectSIIA200Detail.do?pblancId=PBLN_000000000123596
PBLN_000000000123603,[경북] 구미시 2026년 핵심부품ㆍ소재기술 개발사업 신규지원(단기상용화R&Dㆍ기술컨설팅) 대상과제 공고,경상북도,amount_update_ready,2,2,0,4000.0,4000.0,support_amount,subtract,,확정,4000.0만원/support_amount/subtract: 자세한 지원대상 공고문 참조 ☞ (단기상용화) 과제별 최대 40백만원 || 400.0만원/consulting_fee/recommend_only: (컨설팅) 과제별 최대 4백만원 지원 - 단기상용화 : AI 적용 및 활용한 구미시 중소기업의 부품ㆍ소재 기반 제품개발 지원 - 컨설팅 ㆍ 기술컨설팅 : AI 활용 및 로봇,,safe,clear_selected_candidate,https://www.bizinfo.go.kr/sii/siia/selectSIIA200Detail.do?pblancId=PBLN_000000000123603
PBLN_000000000123605,[경기] 2026년 AI기업 글로벌 공동연구ㆍ해외진출 지원 예비참여기업 공개모집 공고,경기도,amount_update_ready,8,7,1,1000.0,1000.0,voucher,subtract,,확정,"1000.0만원/voucher/subtract: 생태계 탐방 등 현지진출 프로그램 - 기업당 1,000만원限 환급형 바우처 || 1000.0만원/voucher/subtract: 바우처 사용계획 본 사업(국제공동연구 및 해외진출)에 소요되는 경비 일부(1,000만원 한도) 사용 계획을 작성하십시오 || 1000.0만원/non_cash/recommend_only: 전문가 멘토링 및 자료 첨삭 지원 예비참여기업 20개社 ➊ 글로벌AI선도기관 공동연구 파트너 매칭 ➋ 해외진출 프로그램(현지운영) ➌ 기업당 최대 1,000만원 환급형 바우처 지원 최종참여기업 12개社 8월 중 공개발표대회(Demo-Day) 형식 최종선정심사 최종선정심사 지원절차 대상지역 캐나다 퀘벡 || 1000.0만원/voucher/subtract: 생태계 탐방 등 현지진출 프로그램 ④ 기업당 1,000만원限 환급형 바우처 || 1000.0만원/non_cash/recommend_only: 11월 중) 싱가포르 동남아 시장 진입 투자ㆍ산학연 생태계 연계 현지 전문가ㆍ멘토 초청 기업별 맞춤형 자문 시장진입 및 투자 세미나 핵심 연구 인프라 탐방 및 네트워킹 프라이빗 싱가포르 데모데이 및 1:1 심층 비즈니스 밋업 1주 (10월초) 일본 (오사카) 대기업 오픈이노베이션 연계 연구협력 기반 일본 시장 진입 현지 || 1000.0만원/voucher/subtract: 000만원限 바우처(환급형*) - (지원대상) 최종참여기업 12개사 - (지원기간) 8~11월 중 - (지원내용) 국제공동연구 및 해외진출에 소요되는 경비 일부(기업당1,000만원한도) 지원 || ... 후보 1개 추가",self_funding:1000.0,safe,clear_selected_candidate,https://www.bizinfo.go.kr/sii/siia/selectSIIA200Detail.do?pblancId=PBLN_000000000123605
PBLN_000000000123606,[전남광주] 2026년 3차 융ㆍ복합 가전산업 기업 브랜드 강화 지원 참여기업 모집 공고(지역주도형 일자리 지원사업),전남광주통합특별시,amount_update_ready,5,4,1,1000.0,1000.0,support_amount,subtract,,확정,1000.0만원/support_amount/subtract: 상표) 출원 등 최대 10백만원 시장 지향형 제품 디자인 개발 지원 || 28700.0만원/total_support_scale/review: AI 활용 홍보 마케팅 등 실무 중심 코칭 50명 내외 氠瑢 2 지원개요 □ 지원개요 ◼ 지원규모 : 총 287백만원 ◼ 지원프로그램 및 내용 : 총 5개 지원프로그램 ◼ 기타사항 : 세부 지원 내용은 (재)광주디자인진흥원(수행기관)에서 제시한 가이드 및 예시 || 1000.0만원/consulting_fee/recommend_only: 자체 제품 디자인 고도화를 위한 전문가 컨설팅 및 자문 등 3) 브랜드 경쟁력 강화지원 ◼ 지원대상 : 00개사 내외 ◼ 지원규모 : 기업당 최대 10백만원 || 1500.0만원/total_support_scale/review: 에어가전 등 가전 및 가전 전환 제품 전반 ◼ 지원규모 : 기업당 최대 최대 15백만원,unknown:1500.0,safe,clear_selected_candidate,https://www.bizinfo.go.kr/sii/siia/selectSIIA200Detail.do?pblancId=PBLN_000000000123606
PBLN_000000000123607,[경북] 김천시 2026년 4차 중소기업 기술성장 디딤돌 사업 참가기업 추가모집 공고,경상북도,amount_update_ready,3,3,0,700.0,700.0,support_amount,subtract,0.1,확정,"700.0만원/consulting_fee/recommend_only: ☞ 김천시 소재 본사 또는 사업장이 있는 중소기업(제조업) ☞ 기술 기반 R&D 공모과제 기술개발 컨설팅(기업당 최대 7백만원) 지원 - 2026 || 700.0만원/support_amount/subtract: 지 원 금 액:기업당 최대 7,000천원 지원 || 700.0만원/total_support_scale/review: 000사업비의10%정량+정성① 정부공모 컨설팅 ◦ 기술 컨설팅 및 정부 R&D 공모과제 선정을 위한 컨설팅 지원 ◦ 지원규모: 2개사 ◦ 지원금액: 기업당 최대 7백만원(VAT",,safe,clear_selected_candidate,https://www.bizinfo.go.kr/sii/siia/selectSIIA200Detail.do?pblancId=PBLN_000000000123607
PBLN_000000000123610,[강원] 동해시 2026년 3차 수소 전문기업 육성지원 사업 공고,강원특별자치도,amount_update_ready,8,2,6,2000.0,2000.0,support_amount,subtract,0.1,확정,"2000.0만원/support_amount/subtract: 자세한 지원대상 공고문 참조 ☞ 시제품 제작(기업당 최대 20,000천원) 지원 사업신청 방법 이메일 접수 (wishp3@gwtp || 2000.0만원/support_amount/subtract: 종업원 수 기재 - 연구개발비: 해당연도별 기업 연구개발비 ㅇ 예상소요비용 - 지원금: 최대 20,000천원",self_funding:2000.0 | total_project_cost:200.0 | total_project_cost:2200.0 | self_funding:2000.0 | self_funding:200.0 | total_project_cost:2200.0,safe,clear_selected_candidate,https://www.bizinfo.go.kr/sii/siia/selectSIIA200Detail.do?pblancId=PBLN_000000000123610
PBLN_000000000123618,[울산] 2026년 동남권 수소산업 육성을 위한 수요 맞춤형 기술지원 사업 수요기업 모집 공고,산업통상부,amount_update_ready,6,4,2,6500.0,6500.0,support_amount,subtract,0.2,확정,"1000.0만원/support_amount/subtract: 중견 또는 대기업과 비즈니스 연계 증빙 가능할 경우 지원 가능 ☞ 공정개선 또는 시제품제작지원(기업 지원금 10,000천원 ~ 65 || 1000.0만원/total_support_scale/review: 중견 기업을 대상으로 애로기술에 대한 지원을 통해 수소 기업의 경쟁력 강화에 기여 氠瑢 2 지원규모 및 지원내용 ❍ 지원 프로그램 氠瑢 사업분류 지원내용 지원규모 동남권 수소산업 육성을 위한 수요 맞춤형 기술지원 사업 공정개선 또는 시제품제작지원 10,000천원 ~ 65 || 1000.0만원/support_amount/subtract: ❍ 지원기간 : (선정된 시점) ~ 2026년 11월 20일 ❍ 사업비 규모 : [기업 지원금] 10,000천원 ~ 65 || 6500.0만원/support_amount/subtract: 000천원 ~ 65,000천원 이내 : [기업체 분담금] 지원금액의 20%이상(현금) 매칭 우대 ❍ 사업비 지원형식 : 재료비",unknown:6500.0 | unknown:6500.0,safe,clear_selected_candidate,https://www.bizinfo.go.kr/sii/siia/selectSIIA200Detail.do?pblancId=PBLN_000000000123618
PBLN_000000000123622,[전북] 2026년 전주1인창조기업지원센터 선택형 지원사업 공고,전북특별자치도,json_only_review,17,9,8,,,unknown,review,0.5,후보 검수 필요,500.0만원/support_amount/subtract: 졸업기업은 [지식재산권획득] 분야만 신청 가능 ☞ 총 11개 과제 내외 사업화 지원금 입주기업 당 최대 5백만원 - 졸업기업 [지식재산권획득] 분야 최대 1백만원 || 100.0만원/support_amount/subtract: 졸업기업은 [지식재산권획득] 분야만 신청 가능 ☞ 총 11개 과제 내외 사업화 지원금 입주기업 당 최대 5백만원 - 졸업기업 [지식재산권획득] 분야 최대 1백만원 || 400.0만원/support_amount/subtract: 00 홈페이지 신청 내용 시제품제작(최대 4백만원) 牭景 신규 시제품 제작 牭景 기존 제품 고도화 제작 마케팅지원(최대 4백만원) 牭景 CI || 400.0만원/support_amount/subtract: 00 홈페이지 신청 내용 시제품제작(최대 4백만원) 牭景 신규 시제품 제작 牭景 기존 제품 고도화 제작 마케팅지원(최대 4백만원) 牭景 CI || 500.0만원/support_amount/subtract: 자진퇴거기업(2년 미만 입주 후 퇴실한 자)〇지 원 규 모:총 11개 과제(기업) 내외(신청 및 선정상황 따라 변동될 수 있음)〇지 원 금 액 :사업화 지원금 입주기업 당 최대 5백만원 (VAT제외)- 졸업기업 [지식재산권획득] 분야 최대 1백만원 (VAT제외) || 100.0만원/support_amount/subtract: 자진퇴거기업(2년 미만 입주 후 퇴실한 자)〇지 원 규 모:총 11개 과제(기업) 내외(신청 및 선정상황 따라 변동될 수 있음)〇지 원 금 액 :사업화 지원금 입주기업 당 최대 5백만원 (VAT제외)- 졸업기업 [지식재산권획득] 분야 최대 1백만원 (VAT제외) || ... 후보 3개 추가,unknown:100.0 | self_funding:500.0 | unknown:440.0 | unknown:100.0 | self_funding:550.0 | self_funding:650.5 | self_funding:400.0 | self_funding:150.0,needs_review,large_amount_delta,https://www.bizinfo.go.kr/sii/siia/selectSIIA200Detail.do?pblancId=PBLN_000000000123622
PBLN_000000000123638,[경남] 2026년 4차 기술경영 애로해결을 위한 Quick Solution Program(기술닥터 및 이노카페심층상담) 참여기업 모집 공고,경상남도,json_only_review,2,2,0,,,unknown,review,,후보 검수 필요,10.0만원/consulting_fee/recommend_only: 기업의 기술애로 해결을 위해 기술닥터가 기업 현장을 방문하여 컨설팅 수행(기업당 총10시간/시간당 10만원/1일 최대 3시간) - 기업이 희망하는 전문가(기술닥터)가 있는 경우 자격요건(참고 기술닥터 자격요건) 충족여부를 평가하여 적합시 우선 매칭하 || 10.0만원/consulting_fee/recommend_only: 기업의 경영애로 해결을 위해 이노카페 전문위원이 기업 현장을 방문하여 컨설팅 수행(기업당 총 5시간/시간당 10만원/1일 최대 3시간) - 기업이 희망하는 전문가가 있는 경우,,needs_review,selected_candidate_missing,https://www.bizinfo.go.kr/sii/siia/selectSIIA200Detail.do?pblancId=PBLN_000000000123638
PBLN_000000000123642,[전남광주] 2026년 2차 글로벌강소기업 1000+ 프로젝트 자율 프로그램 모집 공고,전남광주통합특별시,amount_update_ready,8,5,3,3500.0,3500.0,support_amount,subtract,,확정,"2000.0만원/support_amount/subtract: □ 지역자율프로그램 지원내용ㅇ신청금액 :기업당 20백만원 ~35백만원 내외ㅇ기업부담금 :자부담은 의무사항이 아니며 || 3500.0만원/support_amount/subtract: □ 지역자율프로그램 지원내용ㅇ신청금액 :기업당 20백만원 ~35백만원 내외ㅇ기업부담금 :자부담은 의무사항이 아니며 || 500.0만원/support_amount/subtract: 일정의 구체성ㅇ 지원금액의 적정성기대효과(30)ㅇ 지원제품의 사업화 가능성ㅇ 고용 및 매출 증대 ** 지원금 기준 5백만원 미만 신청과제는 서면평가□ 지원과제 확정 ㅇ선정평가 결과 70점 이상인 과제 중 고득점 순으로 선정 지원 ㅇ신청과제에 대한 기업의 사업수행능력 || 50.0만원/support_amount/subtract: 기타 홍보물 제작 등 - 왕복항공료 1인에 한하여 최대 50만원까지 지원 || 800.0만원/support_amount/subtract: 기타비용은 지원제외지원한도ㅇ 최대 8,000천원 이내(현지 시행사 비용 7",unknown:30.0 | project_budget:10650.0 | unknown:700.0,needs_review,large_amount_delta,https://www.bizinfo.go.kr/sii/siia/selectSIIA200Detail.do?pblancId=PBLN_000000000123642
PBLN_000000000123644,[전북] 2026년 3차 데이터 활용기업 맞춤형 지원사업 수요기업 모집 연장 공고,전북특별자치도,amount_update_ready,27,3,24,600.0,600.0,support_amount,subtract,,확정,"600.0만원/support_amount/subtract: 1인 창조기업 ☞ 데이터 활용이 필요한 도내 기업 대상 새로운 서비스ㆍ제품 개발을 위한 데이터 구매 비용 지원(기업당 6백만원 이내) || 1200.0만원/total_support_scale/review: 제품 개발을 위한 데이터 구매 비용 지원 총2개社 □ 지원규모 : 총12,000천원 □ 지원대상 : 데이터 구매 및 가공 지원을 통한 신규 비즈니스 모델 또는 서비스를 창출하고 기업 경쟁력 강화를 도모할 수 있는 도내 중소‧벤 || 10000.0만원/subsidy/subtract: 부정한 방법으로 보조금을 지원 받은 경우 10년 이하의 징역 또는 1억원 이하의 벌금이 부과될 수 있음 ❍ 부정사용금액을 포함하여 별도 제재부가금이 부과될 수 있으며",unknown:600.0 | unknown:5000.0 | unknown:3000.0 | unknown:500.0 | unknown:5000.0 | unknown:10000.0 | unknown:500.0 | unknown:5000.0,needs_review,subtract_without_limit_context | large_amount_delta,https://www.bizinfo.go.kr/sii/siia/selectSIIA200Detail.do?pblancId=PBLN_000000000123644
PBLN_000000000123651,[부산] 2026년 수리조선산업 맞춤형 지원사업 추가모집 공고(스마트수리조선지원센터 관리운영 사업),부산광역시,amount_update_ready,10,8,2,300.0,300.0,support_amount,subtract,0.9,확정,300.0만원/support_amount/subtract: 4(지원사업 기간 내) 신청금액 기업당 최대 3백만원 신청 가능 || 300.0만원/support_amount/subtract: 4(지원사업 기간 내) 신청금액 기업당 최대 3백만원 신청 가능 || 300.0만원/total_support_scale/review: 지원규모 한도(최대 3백만원) 내에 다중 지원 가능 || 300.0만원/support_amount/subtract: 예)NAS 구축 + 보안 솔루션 - 지원금액 : 기업당 최대 3백만원(비용의 90% 이내) || 300.0만원/total_support_scale/review: 지원규모 한도(최대 3백만원) 내에 다중 지원 가능 - 지원금액 : 기업당 최대 3백만원(비용의 80% 이내) || 300.0만원/total_support_scale/review: 지원규모 한도(최대 3백만원) 내에 다중 지원 가능 - 지원금액 : 기업당 최대 3백만원(비용의 80% 이내) || ... 후보 2개 추가,unknown:300.0 | unknown:300.0,safe,clear_selected_candidate,https://www.bizinfo.go.kr/sii/siia/selectSIIA200Detail.do?pblancId=PBLN_000000000123651
PBLN_000000000123656,[충남] 2026년 2차 지역혁신클러스터육성(비R&D)사업 사업화 지원 수혜기업 모집 공고,충청남도,amount_update_ready,13,9,4,6000.0,6000.0,support_amount,subtract,0.5,확정,"6000.0만원/support_amount/subtract: 자세한 지원대상 공고문 참조 ☞ 기업당 최대 6,000만원 이내 지원(프로그램 2개까지 지원 가능) - 특화산업(수소에너지) 분야 사업화 촉진 위한 시제품 제작 || 6000.0만원/total_support_scale/review: 지원기관)▢ 지원규모 : 기업당 최대 6,000만원 이내(프로그램 2개까지 지원 가능) || 4000.0만원/non_cash/recommend_only: 이상징후 탐지 등 안전관리 및 운영 최적화를 위한 기술 적용 지원최대 4,000만원/건시험분석⚬ 기술 신뢰성 확보를 위한 시험분석 및 성능평가 등최대 2 || 2000.0만원/non_cash/recommend_only: 000만원/건시험분석⚬ 기술 신뢰성 확보를 위한 시험분석 및 성능평가 등최대 2,000만원/건인증지원⚬ 제품 및 기술의 시장 진입을 위한 국내 || 2000.0만원/non_cash/recommend_only: 외 인증획득최대 2,000만원/건특허지원⚬ 기술 및 서비스에 대한 국내 || 2000.0만원/support_amount/subtract: 홈페이지 등 홍보매체 제작최대 2,000만원/건국내외전시회⚬ 전시회 참가지원(부스임차비 || ... 후보 3개 추가",unknown:4000.0 | unknown:4000.0 | unknown:2000.0 | unknown:2000.0,safe,clear_selected_candidate,https://www.bizinfo.go.kr/sii/siia/selectSIIA200Detail.do?pblancId=PBLN_000000000123656
PBLN_000000000123659,[경북] 2026년 3차 지역기업 성장사다리 지원사업 통합 추가 공고,중소벤처기업부,json_only_review,9,4,5,,,unknown,review,,후보 검수 필요,"1500.0만원/support_amount/subtract: R&D연계기업(최대 15,000천원) 지원 - 기술혁신 || 1500.0만원/support_amount/subtract: 추가로선택한프로그램의지원금합이1,500만원이내여야합니다 || 2000.0만원/consulting_fee/recommend_only: (2,000만원한도)ü(글로벌구조화형예시)해외마케팅(필수)+제품고급화+시장조사ü(글로벌고도화형예시)해외특허(필수)+시험분석+컨설팅ü(제조혁신 || 4500.0만원/consulting_fee/recommend_only: (4,500만원한도)ü(마케팅협력형예시)해외전시회(필수)+상품기획+판로컨설팅ü(제조협력형예시)시제품제작(필수)+브랜드개발+디자인ü(기술협력",unknown:1500.0 | self_funding:2000.0 | self_funding:200.0 | revenue_condition:600000.0 | revenue_condition:600000.0,needs_review,large_amount_delta,https://www.bizinfo.go.kr/sii/siia/selectSIIA200Detail.do?pblancId=PBLN_000000000123659
PBLN_000000000123661,2026년 중소사업장 유해화학물질 취급시설 안전관리 지원 사업 참여 사업장 모집 공고,기후에너지환경부,support_ratio_ready,1,1,0,,,support_ratio,ratio_cap,1.0,비율 확인,None만원/support_ratio/ratio_cap: 2026년 중소사업장 유해화학물질 취급시설 안전관리 지원 사업 참여 사업장 모집 공고 기후에너지환경부 기업마당>정책정보>지원사업 공고 기업마당 본문 바로가기 주메뉴 바로가기 기업마당 > 정책정보 > 지원사업 공고 메뉴열기 로그인 정책정보 정책정보 지원사업 공고 품목별 법정의무 인증제도 행사정보 정책뉴스 입법·행정예고/고시,,needs_review,selected_candidate_missing,https://www.bizinfo.go.kr/sii/siia/selectSIIA200Detail.do?pblancId=PBLN_000000000123661
PBLN_000000000123662,[전북] 2026년 게임기업 컨설팅 지원사업 신청 게임기업(예비창업자) 모집 공고,전북특별자치도,json_only_review,4,2,2,,,unknown,review,0.5,후보 검수 필요,60000.0만원/subsidy/subtract: 2년간 보조금(지원금)의 총 금액이 6억 원을 초과한 경우 가 || None만원/support_ratio/ratio_cap: [전북] 2026년 게임기업 컨설팅 지원사업 신청 게임기업(예비창업자) 모집 공고 전북특별자치도 기업마당>정책정보>지원사업 공고 기업마당 본문 바로가기 주메뉴 바로가기 기업마당 > 정책정보 > 지원사업 공고 메뉴열기 로그인 정책정보 정책정보 지원사업 공고 품목별 법정의무 인증제도 행사정보 정책뉴스 입법·행정예고/고시 월간,unknown:5000.0 | unknown:15000.0,needs_review,subtract_without_limit_context,https://www.bizinfo.go.kr/sii/siia/selectSIIA200Detail.do?pblancId=PBLN_000000000123662
PBLN_000000000123666,[경북] 2026년 3차 광역이음프로젝트 공동 R&Dㆍ일터 개선ㆍ재직자 훈련 참여기업 모집 통합 공고,경상북도,amount_update_ready,1,1,0,3000.0,3000.0,support_amount,subtract,,확정,"3000.0만원/support_amount/subtract: (전입 전) (전임 후) 사업 참여 신청 인원 명 [서식 8] ② 대경 이음 일터 개선 지원 제출서류 氠瑢 근 로 환 경 개 선 계 획 서 사 업 비 (단위 : 천원) 신청 프로그램명/세부 지원내용 신청 지원금 ex : 산업안전을 위한 노후 난간 개선 지원 ex : 30,000,000 원 수 행 기 간 202",,safe,clear_selected_candidate,https://www.bizinfo.go.kr/sii/siia/selectSIIA200Detail.do?pblancId=PBLN_000000000123666
PBLN_000000000123668,2026년 이차전지 소재부품 기업대상 기술개발 패키지 지원프로그램 참여기업 모집 공고,경상북도,no_support_candidate,0,0,0,,,unknown,review,,후보 없음,,,needs_review,candidate_missing,https://www.bizinfo.go.kr/sii/siia/selectSIIA200Detail.do?pblancId=PBLN_000000000123668
PBLN_000000000123669,[대구] 2026년 R&D 과제 발굴 및 기획 지원 공고,대구광역시,amount_update_ready,14,14,0,1000.0,1000.0,support_amount,subtract,0.8,확정,1000.0만원/support_amount/subtract: 전문가 등 연계 지원② IP전략 수립최대 10백만원 이내③ 기술․시장동향조사최대 10백만원 이내기획지원④ R&D 과제기획 지원최대 8백만원 이내최대 3 || 1000.0만원/support_amount/subtract: 전문가 등 연계 지원② IP전략 수립최대 10백만원 이내③ 기술․시장동향조사최대 10백만원 이내기획지원④ R&D 과제기획 지원최대 8백만원 이내최대 3 || 800.0만원/support_amount/subtract: 전문가 등 연계 지원② IP전략 수립최대 10백만원 이내③ 기술․시장동향조사최대 10백만원 이내기획지원④ R&D 과제기획 지원최대 8백만원 이내최대 3 || 350.0만원/support_amount/subtract: 전문가 등 연계 지원② IP전략 수립최대 10백만원 이내③ 기술․시장동향조사최대 10백만원 이내기획지원④ R&D 과제기획 지원최대 8백만원 이내최대 3.5백만원 이내⑤ 대면평가 기획 지원최대 2 || 250.0만원/support_amount/subtract: 5백만원 이내⑤ 대면평가 기획 지원최대 2.5백만원 이내최대 2백만원 이내⑥ R&D 기획위원회최대 1社당 5백만원 이내 지원 || 200.0만원/support_amount/subtract: 5백만원 이내최대 2백만원 이내⑥ R&D 기획위원회최대 1社당 5백만원 이내 지원 || ... 후보 8개 추가,,safe,clear_selected_candidate,https://www.bizinfo.go.kr/sii/siia/selectSIIA200Detail.do?pblancId=PBLN_000000000123669
PBLN_000000000123670,[부산] 영도구 2026년 3차 부산 커피산업 생태계 R&D 클러스트 구축사업 기업지원 프로그램 통합 모집 공고(시군구연고산업육성 협업프로젝트),중소벤처기업부,json_only_review,7,1,6,,,unknown,review,1.0,후보 검수 필요,None만원/support_ratio/ratio_cap: [부산] 영도구 2026년 3차 부산 커피산업 생태계 R&D 클러스트 구축사업 기업지원 프로그램 통합 모집 공고(시군구연고산업육성 협업프로젝트) 중소벤처기업부 기업마당>정책정보>지원사업 공고 기업마당 본문 바로가기 주메뉴 바로가기 기업마당 > 정책정보 > 지원사업 공고 메뉴열기 로그인 정책정보 정책정보 지원사업 공고 품목,revenue_condition:30000.0 | revenue_condition:100000.0 | self_funding:100000.0 | self_funding:3000.0 | self_funding:300.0 | self_funding:3300.0,needs_review,selected_candidate_missing,https://www.bizinfo.go.kr/sii/siia/selectSIIA200Detail.do?pblancId=PBLN_000000000123670
PBLN_000000000123671,[전북] 2026년 2차 혁신성장 R&D+(연구개발)사업 지원사업 모집 공고,전북특별자치도,amount_update_ready,55,18,37,95000.0,95000.0,support_amount,subtract,1.0,확정,11000.0만원/support_amount/subtract: 대학 및 기업 등 ☞ 혁신성장산업 분야 도내기업의 상용화 가능 기술개발 과제 집중 지원 - 투자유치 : 과제당 110백만원 이내 - 구매조건부 : 과제당 110백만원 이내 - 자유공모형 : 과제당 950백만원 이내 사업신청 방법 온라인 접수 (전북R&D종합정보시스템 || 11000.0만원/support_amount/subtract: 대학 및 기업 등 ☞ 혁신성장산업 분야 도내기업의 상용화 가능 기술개발 과제 집중 지원 - 투자유치 : 과제당 110백만원 이내 - 구매조건부 : 과제당 110백만원 이내 - 자유공모형 : 과제당 950백만원 이내 사업신청 방법 온라인 접수 (전북R&D종합정보시스템) 사업신청 사이트 온라인신청 바로가기 문의 || 95000.0만원/support_amount/subtract: 대학 및 기업 등 ☞ 혁신성장산업 분야 도내기업의 상용화 가능 기술개발 과제 집중 지원 - 투자유치 : 과제당 110백만원 이내 - 구매조건부 : 과제당 110백만원 이내 - 자유공모형 : 과제당 950백만원 이내 사업신청 방법 온라인 접수 (전북R&D종합정보시스템) 사업신청 사이트 온라인신청 바로가기 문의처 전북테크노파 || 100.0만원/non_cash/recommend_only: 000 000 3 일반 연구용 소모품 1백만원이내 시제품제작비 000 시험 분석 || 100.0만원/support_amount/subtract: 합계 ③ 연구활동비(도지원금의 10% 이내) 氠瑢 구분 내역 회수 (수량) 단가(원) 금액(원) 비고 연구 활동비 汫╣ 위탁정산수수료 汫ॣ 汫╣ 고정비 汫ॣ 전문가 활용비 국내여비 1백만원 이내 회의비 1백만원 이내 사무용품비 1백만원 이내 교육 || 100.0만원/support_amount/subtract: 합계 ③ 연구활동비(도지원금의 10% 이내) 氠瑢 구분 내역 회수 (수량) 단가(원) 금액(원) 비고 연구 활동비 汫╣ 위탁정산수수료 汫ॣ 汫╣ 고정비 汫ॣ 전문가 활용비 국내여비 1백만원 이내 회의비 1백만원 이내 사무용품비 1백만원 이내 교육 || ... 후보 12개 추가,unknown:2470.0 | unknown:150.0 | unknown:1000.0 | unknown:1000.0 | total_project_cost:10000.0 | self_funding:2500.0 | total_project_cost:12500.0 | self_funding:10000.0,needs_review,large_amount_delta,https://www.bizinfo.go.kr/sii/siia/selectSIIA200Detail.do?pblancId=PBLN_000000000123671
PBLN_000000000123673,[대전] 2026년 2차 방산혁신클러스터 국방ㆍ드론분야 기술사업화 민-군 브릿지 코디네이터 지원기업 모집 공고,방위사업청,amount_update_ready,5,5,0,600.0,600.0,support_amount,subtract,0.5,확정,600.0만원/support_amount/subtract: ☞ 대전지역 내에 소재한 국방드론(안티드론 포함) 전후방 분야 중소기업(신규진입 희망기업 포함) ☞ 민-군 브릿지 코디네이터(기업당 최대 6백만원 내외) 지원 - 드론 분야 기술(소프트웨어 || 600.0만원/total_support_scale/review: 지원 세부 내용 □ (지원규모) 4社 내외(1社당 최대 600만 원 컨설팅 비용 지급) * 지원금액에 대한 기업부담금 없음 □ (지원내용) 국방드론분야 기술 및 부품국산화 등 기술 관련 컨설팅 || 600.0만원/fee/review: 컨설팅 비용 지급 □ (비용 지급) 기업당 최대 600만 원까지 코디네이터 수당* 지급*대전테크노파크수수료지급기준에따라1일최대40만원(4시간이상)지급(단 || 40.0만원/fee/review: 컨설팅 비용 지급 □ (비용 지급) 기업당 최대 600만 원까지 코디네이터 수당* 지급*대전테크노파크수수료지급기준에따라1일최대40만원(4시간이상)지급(단 || None만원/support_ratio/ratio_cap: [대전] 2026년 2차 방산혁신클러스터 국방ㆍ드론분야 기술사업화 민-군 브릿지 코디네이터 지원기업 모집 공고 방위사업청 기업마당>정책정보>지원사업 공고 기업마당 본문 바로가기 주메뉴 바로가기 기업마당 > 정책정보 > 지원사업 공고 메뉴열기 로그인 정책정보 정책정보 지원사업 공고 품목별 법정의무 인증제도 행사정보 정책뉴스,,safe,clear_selected_candidate,https://www.bizinfo.go.kr/sii/siia/selectSIIA200Detail.do?pblancId=PBLN_000000000123673
PBLN_000000000123677,[제주] 건강기능식품 양산화 지원 사업 수혜기업 모집 공고(기능성식품공장운영 및 제품생산활성화사업),제주특별자치도,amount_update_ready,3,3,0,900.0,900.0,support_amount,subtract,,확정,"900.0만원/support_amount/subtract: ☞ 제주지역 내 사업장을 소재한 식품기업 ☞ 양산화(기업별 9,000천원 이내) 지원 사업신청 방법 온라인 접수 (제주산업정보서비스) 사업신청 사이트 온라인신청 바로가기 문의처 제주테크노파크 청정바이오사업본부 식품사 || 900.0만원/non_cash/recommend_only: HACCP 인증 등의 생산 인프라를 활용하여 건강기능식품 제조지원을 통한 저변확대 및 제주 바이오기업 지속 성장 동력 확보o (지원품목명)건강기능식품o (사 업 기 간)협약일 ~ 2026년 11월 30일o (지 원 대 상)제주지역 내 사업장을 소재한 식품기업 o (지 원 방 법)수혜기업 선정 후 지원기관과 수혜기업간의 협 || 900.0만원/non_cash/recommend_only: o 지원범위: 기업별 9,000천원 이내기관(기업) 역할바이오센터- 자문회의/전문가를 통한 애로기술 지원(수시)- 원료비 일부 지원(기업과 협의)- 부자재비 일부 지원(기업과 협",,safe,clear_selected_candidate,https://www.bizinfo.go.kr/sii/siia/selectSIIA200Detail.do?pblancId=PBLN_000000000123677
PBLN_000000000123679,[인천] 2026년 일하기 좋은 뿌리기업 선정 공고,인천광역시,amount_update_ready,5,5,0,100000.0,100000.0,support_amount,subtract,1.0,확정,100000.0만원/support_amount/subtract: 관내 유관기관 배포 채 용 ▪ (오프라인) 관내 취업/채용박람회 참가 기회 우선 제공 인센티브 ▪ 인천 일자리창출 우수기업 선정 가점(5) ▪ 경영안정자금(이자 차액 보전) 지원한도 10억원 || 100000.0만원/non_cash/recommend_only: □ 문의처: 인천테크노파크 뿌리산업일자리센터(032-260-0693) 氠瑢 붙임 1 인증기업 지원내용(인센티브) 氠瑢 연번 지원사업명 지 원 사 항 담당부서 1 인천 일자리창출 우수기업 선정 가점 5 경제정책과 2 경영안정자금 (이자차액보전) 지원한도/우대지원율: 10억원/0 || 100000.0만원/support_amount/subtract: 관내 유관기관 배포채 용▪ (오프라인) 관내 취업/채용박람회 참가 기회 우선 제공인센티브▪ 인천 일자리창출 우수기업 선정 가점(5)▪ 경영안정자금(이자 차액 보전) 지원한도 10억원 || 100000.0만원/non_cash/recommend_only: 제출서류 이외 필요시 추가 자료를 요청할 수 있음 - 5 - 붙임 1 인증기업 지원내용(인센티브)연번지원사업명지 원 사 항담당부서1 인천 일자리창출 우수기업 선정가점 5 경제정책과 2 경영안정자금 (이자차액보전) 지 원 한 도/우 대 지 원 율: 10억원/0 || None만원/support_ratio/ratio_cap: [인천] 2026년 일하기 좋은 뿌리기업 선정 공고 인천광역시 기업마당>정책정보>지원사업 공고 기업마당 본문 바로가기 주메뉴 바로가기 기업마당 > 정책정보 > 지원사업 공고 메뉴열기 로그인 정책정보 정책정보 지원사업 공고 품목별 법정의무 인증제도 행사정보 정책뉴스 입법·행정예고/고시 월간 중기누리 활용정보 활용정보 기업업,,safe,clear_selected_candidate,https://www.bizinfo.go.kr/sii/siia/selectSIIA200Detail.do?pblancId=PBLN_000000000123679
PBLN_000000000123680,2026년 중견기업-공공연 개방형 혁신 지원 사업 신규과제 모집 공고,산업통상부,json_only_review,2,2,0,,,unknown,review,0.5,후보 검수 필요,700.0만원/total_support_scale/review: 한국로봇융합연구원 ㅇ (지원규모) 과제당 700만원 내외 (별도 민간매칭 없음) ㅇ (지원기간) 4개월 내외 (협약일~2026 || None만원/support_ratio/ratio_cap: 2026년 중견기업-공공연 개방형 혁신 지원 사업 신규과제 모집 공고 산업통상부 기업마당>정책정보>지원사업 공고 기업마당 본문 바로가기 주메뉴 바로가기 기업마당 > 정책정보 > 지원사업 공고 메뉴열기 로그인 정책정보 정책정보 지원사업 공고 품목별 법정의무 인증제도 행사정보 정책뉴스 입법·행정예고/고시 월간 중기누리 활용정,,needs_review,selected_candidate_missing,https://www.bizinfo.go.kr/sii/siia/selectSIIA200Detail.do?pblancId=PBLN_000000000123680
PBLN_000000000123681,자동차부품기업 사이버보안 컨설팅 참여기업 모집 공고,산업통상부,json_only_review,2,2,0,,,unknown,review,1.0,후보 검수 필요,5000.0만원/consulting_fee/recommend_only: 신청기업과 컨설팅기업이 컨소시엄 구성하여 신청 ☞ 중소ㆍ중견기업 최대 50백만원 지원 - ISO/SAE 21434 기반 CSMS 인증 대응 컨설팅 - 조직 보안체계 구축 || None만원/support_ratio/ratio_cap: 자동차부품기업 사이버보안 컨설팅 참여기업 모집 공고 산업통상부 기업마당>정책정보>지원사업 공고 기업마당 본문 바로가기 주메뉴 바로가기 기업마당 > 정책정보 > 지원사업 공고 메뉴열기 로그인 정책정보 정책정보 지원사업 공고 품목별 법정의무 인증제도 행사정보 정책뉴스 입법·행정예고/고시 월간 중기누리 활용정보 활용정보 기업업,,needs_review,selected_candidate_missing,https://www.bizinfo.go.kr/sii/siia/selectSIIA200Detail.do?pblancId=PBLN_000000000123681
PBLN_000000000123682,2026년 ICT 중소기업 정보보호 지원 사업 수요기업 모집 공고,과학기술정보통신부,amount_update_ready,46,42,4,480.0,480.0,subsidy,subtract,1.0,확정,480.0만원/subsidy/subtract: 보안 패키지는 최대 정부지원금 한도 내 지원(IT 보안 패키지 480만원 || 330.0만원/consulting_fee/recommend_only: ④SECaaS 패키지) 추천(104개社) 氠瑢 구분 관리 진단 인프라점검 Web 결제 가격 (세금계산서) 비고 Unix(Linux) 서버 Windows 서버 보안 시스템 네트 워크 공유기 PC Light 필수 점검 가능 점검 가능 점검 가능 필수 (1개 이상) 필수 (1개 이상) 필수 (1개 이상) 330만원 전액지원 ( || 550.0만원/consulting_fee/recommend_only: ④SECaaS 패키지) 추천(104개社) 氠瑢 구분 관리 진단 인프라점검 Web 결제 가격 (세금계산서) 비고 Unix(Linux) 서버 Windows 서버 보안 시스템 네트 워크 공유기 PC Light 필수 점검 가능 점검 가능 점검 가능 필수 (1개 이상) 필수 (1개 이상) 필수 (1개 이상) 330만원 전액지원 ( || 770.0만원/consulting_fee/recommend_only: ④SECaaS 패키지) 추천(104개社) 氠瑢 구분 관리 진단 인프라점검 Web 결제 가격 (세금계산서) 비고 Unix(Linux) 서버 Windows 서버 보안 시스템 네트 워크 공유기 PC Light 필수 점검 가능 점검 가능 점검 가능 필수 (1개 이상) 필수 (1개 이상) 필수 (1개 이상) 330만원 전액지원 ( || 200.0만원/consulting_fee/recommend_only: ④SECaaS 패키지) 추천(104개社) 氠瑢 구분 관리 진단 인프라점검 Web 결제 가격 (세금계산서) 비고 Unix(Linux) 서버 Windows 서버 보안 시스템 네트 워크 공유기 PC Light 필수 점검 가능 점검 가능 점검 가능 필수 (1개 이상) 필수 (1개 이상) 필수 (1개 이상) 330만원 전액지원 ( || 480.0만원/non_cash/recommend_only: 웹 공격 방어) 등 ③ (IT 보안 패키지) 컨설팅 수혜기업 대상 IT 보안 패키지 이용(선택적 이용 가능) 지원 및 월간 리포트 제공(정부 최대 지원금 : 480만원 이하 || ... 후보 36개 추가,self_funding:360.0 | self_funding:360.0 | self_funding:360.0 | self_funding:360.0,safe,clear_selected_candidate,https://www.bizinfo.go.kr/sii/siia/selectSIIA200Detail.do?pblancId=PBLN_000000000123682
PBLN_000000000123689,지능형 헬스케어제품 기반 실증ㆍ사업화 지원사업 기업지원 기술지원 추가 공고,산업통상부,json_only_review,8,4,4,,,unknown,review,0.5,후보 검수 필요,1000.0만원/equipment_usage_fee/recommend_only: 10백만원) 氠瑢 구분 프로그램명 지원내용 건수 지원규모 수행기관 기술 지원 기술 지원 장비활용 지원 지원목적 3 - 한국건설생활환경시험 연구원 KCL || 1000.0만원/non_cash/recommend_only: 전자파 시험평가(디버깅 제외) 공동연구개발 과제발굴 지원 지원목적 1 건당 10백만원 산학연병 협의체를 구성하여 신규과제 기획 || 1000.0만원/total_support_scale/review: 까지 󰊲 지원규모 및 방식 氠瑢 지원번호 세부사업명 수행기관 지원내용 지원금액 (건당) 지원방식 기업 부담금 9 공동연구개발 과제발굴 KCL 신규사업(R&D) 기획 연구회 운영지원 1건 10백만원 직접지원 없음 || None만원/support_ratio/ratio_cap: 지능형 헬스케어제품 기반 실증ㆍ사업화 지원사업 기업지원 기술지원 추가 공고 산업통상부 기업마당>정책정보>지원사업 공고 기업마당 본문 바로가기 주메뉴 바로가기 기업마당 > 정책정보 > 지원사업 공고 메뉴열기 로그인 정책정보 정책정보 지원사업 공고 품목별 법정의무 인증제도 행사정보 정책뉴스 입법·행정예고/고시 월간 중기누리,total_project_cost:1000000.0 | unknown:1000000.0 | unknown:1000000.0 | unknown:1000.0,safe,clear_selected_candidate,https://www.bizinfo.go.kr/sii/siia/selectSIIA200Detail.do?pblancId=PBLN_000000000123689
PBLN_000000000123691,[제주] 2026년 지역소재 기반 미드폼 영상 콘텐츠 제작 지원 사업 모집 공고(제주콘텐츠코리아랩 운영사업),제주특별자치도,amount_update_ready,14,5,9,18000.0,18000.0,support_amount,subtract,0.5,확정,"5000.0만원/support_amount/subtract: ☞ 공고일 기준 주사업장이 제주특별자치도에 소재한 「문화산업 진흥 기본법」제2조에 따른 ‘문화산업’ 분야를 영위하는 사업자 ☞ 제주의 역사ㆍ설화ㆍ유배ㆍ민담 등을 소재로 활용한 극영화ㆍ드라마 형식의 미드폼(10~20분 분량) 영상 콘텐츠 지원 - 미드폼 1편당 5,000만원 이내 지원금 편성 가능 사업신청 방법 이메일 접수 || 2000.0만원/support_amount/subtract: 건당 계약금액 2,000만 원 이하 원칙 지원금의 50% 이내국내여비국내여비 || 18000.0만원/support_amount/subtract: 총 180,000천원 이내 차등 지원 - 미드폼 1편당 5 || 5000.0만원/support_amount/subtract: 000천원 이내 차등 지원 - 미드폼 1편당 5,000만원 이내 지원금 편성 가능 || None만원/support_ratio/ratio_cap: [제주] 2026년 지역소재 기반 미드폼 영상 콘텐츠 제작 지원 사업 모집 공고(제주콘텐츠코리아랩 운영사업) 제주특별자치도 기업마당>정책정보>지원사업 공고 기업마당 본문 바로가기 주메뉴 바로가기 기업마당 > 정책정보 > 지원사업 공고 메뉴열기 로그인 정책정보 정책정보 지원사업 공고 품목별 법정의무 인증제도 행사정보 정책뉴",unknown:250.0 | unknown:200.0 | unknown:10.0 | unknown:2000.0 | unknown:5000.0 | unknown:200.0 | unknown:500.0 | unknown:200.0,safe,clear_selected_candidate,https://www.bizinfo.go.kr/sii/siia/selectSIIA200Detail.do?pblancId=PBLN_000000000123691
PBLN_000000000123694,[대전] 2026년 팝:콘 고도화 제작 지원사업 참여기업 모집 수정 공고,대전광역시,amount_update_ready,13,6,7,5790.0,5790.0,support_amount,subtract,1.0,확정,"6000.0만원/fee/review: 각종 수수료 및 사용료 - 회계검사 및 정산 수수료 ㅇ사업비(총사업비 기준) 회계정산 수수료 필수산정 氠瑢 총사업비 수수료(VAT 제외) 6천만원이상 ~ 7천만원미만 600 || 7000.0만원/fee/review: 각종 수수료 및 사용료 - 회계검사 및 정산 수수료 ㅇ사업비(총사업비 기준) 회계정산 수수료 필수산정 氠瑢 총사업비 수수료(VAT 제외) 6천만원이상 ~ 7천만원미만 600 || 28950.0만원/total_support_scale/review: 산업 분야 전반 ※ 게임, 영화, 공연, 광고, 단순 홍보영상은 제외지원규모·총 289,500천원 / 5개사 지원(기업당 최대 57,900천원)구분세부분야지원기업수지원금액자유분야 || 5790.0만원/support_amount/subtract: / 5개사 지원(기업당 최대 57,900천원)구분세부분야지원기업수지원금액자유분야보유 콘텐츠 업그레이드 및 사업화 지원3개사 기업당(57 || 5790.0만원/support_amount/subtract: 900천원)구분세부분야지원기업수지원금액자유분야보유 콘텐츠 업그레이드 및 사업화 지원3개사 기업당(57,900천원)지정분야보유 콘텐츠 업그레이드 및 사업화 지원 +2027년 메가이벤트 연계 콘텐츠 출품 (예: 대전서구아트페스티벌 등) 2개사 지원세부조건 || None만원/support_ratio/ratio_cap: [대전] 2026년 팝:콘 고도화 제작 지원사업 참여기업 모집 수정 공고 대전광역시 기업마당>정책정보>지원사업 공고 기업마당 본문 바로가기 주메뉴 바로가기 기업마당 > 정책정보 > 지원사업 공고 메뉴열기 로그인 정책정보 정책정보 지원사업 공고 품목별 법정의무 인증제도 행사정보 정책뉴스 입법·행정예고/고시 월간 중기누리 활",revenue_condition:10000.0 | unknown:200.0 | unknown:800.0 | revenue_condition:10000.0 | revenue_condition:10000.0 | unknown:5790.0 | self_funding:579.0,needs_review,large_amount_delta,https://www.bizinfo.go.kr/sii/siia/selectSIIA200Detail.do?pblancId=PBLN_000000000123694
PBLN_000000000123698,[대구] 2026년 노사상생 우수기업 발굴 및 지원 공고,대구광역시,amount_update_ready,3,3,0,500.0,500.0,support_amount,subtract,,확정,500.0만원/support_amount/subtract: ☞ 대구시 소재 100인 미만 사업장(사업자등록증 기준) ☞ 기업 노사 화합 프로그램 비용 일부 지원 (기업 당 최대 500만원) 사업신청 방법 이메일 접수 (dglabors@dglabors || 500.0만원/support_amount/subtract: 19 지원대상 : 대구시 소재 100인 미만 사업장(사업자등록증 기준) 10개 사 주요내용 : 기업 노사 화합 프로그램 비용 일부 지원 (기업 당 최대 500만원) 2 세부 내용 지원내용 : 기업 노사 화합 프로그램 비용 일부 지원 (예시) 구분 내용 세미나 외부 전문가 초청 강연 || 500.0만원/support_amount/subtract: 19 지원대상 : 대구시 소재 100인 미만 사업장(사업자등록증 기준) 10개 사 주요내용 : 기업 노사 화합 프로그램 비용 일부 지원 (기업 당 최대 500만원) 지원내용 : 기업 노사 화합 프로그램 비용 일부 지원 (예시) ❍ 신청자격 제외 대상 ❍ 중복참여 불가 지원대상 제외항목,,safe,clear_selected_candidate,https://www.bizinfo.go.kr/sii/siia/selectSIIA200Detail.do?pblancId=PBLN_000000000123698
PBLN_000000000123700,[대구] 2026년 산업안전보건 원스톱 서비스 지원 공고,대구광역시,json_only_review,5,3,2,,,unknown,review,,후보 검수 필요,"1250.0만원/equipment_usage_fee/recommend_only: 노후 시설개선 지원(기업당 최대 12,500,000원 지원) - 컨설팅 : 안전보건 전문가가 현장 순회 점검 및 유해ㆍ위험요인 발굴개선 등 영세사업장이 안전보건 관리 체계를 구축할 수 있도록 방문 || 1250.0만원/total_support_scale/review: 노후 시설개선 지원 氠瑢 2 세부 내용 지원금액 : 기업당 최대 12,500,000원 氠瑢 지원규모 컨설팅 시설개선 비용 기업당 지원금액 1 || 150.0만원/total_support_scale/review: 000원 氠瑢 지원규모 컨설팅 시설개선 비용 기업당 지원금액 1,500,000원 11",unknown:1100.0 | unknown:1100.0,needs_review,selected_candidate_missing,https://www.bizinfo.go.kr/sii/siia/selectSIIA200Detail.do?pblancId=PBLN_000000000123700
PBLN_000000000123703,[부산] 2026년 3차 대외협력R&D기획지원사업 신규과제 공고,부산광역시,amount_update_ready,21,9,12,3000.0,3000.0,support_amount,subtract,0.4,확정,"500.0만원/support_amount/subtract: 기업지원형 1천5백만원 이내 지원 || 0.0만원/subsidy/subtract: 제안사업의 개요 사 업 명: OOOOO 연구개발사업 사업기간: 20XX년∼20XX년 (0년) 총 예 산: 총 0000억 원 (국비) 억 원 || 0.0만원/subsidy/subtract: 소요 예산 및 재원 조달 계획 소요 예산: 총 0000억 원 (단위: 억 원) 氠瑢 재원 국비 지방비 민자(기타) 국비 투자 기투자 '26년 '27년 '28년 '29년 '30년 '31년 00 00 00 || 3000.0만원/total_support_scale/review: 의료기관 등)가 신규 중․대형 R&D사업을 기획하여 지역 주도의 산업혁신을 도모 ㅇ 부산의 산․학․연․관․민 혁신주체의 협업을 기반으로 자발적이고 지속적인 참여를 촉진하여 유기적인 신규 R&D사업의 발굴-기획-유치 선순환 구조 마련 ㅇ R&D사업 기획과정에서 다양한 혁신주체간 자연스러운 공감대 형성 및 소통체계 강화로 지 || 500.0만원/support_amount/subtract: 기업지원형 1천5백만원 이내 구분 ①첨단전략수요형 ②기업지원형 기획범위 ∘경제성장전략 방향 중심* 중대형 R&D사업 분야 * AI대전환 || 3000.0만원/support_amount/subtract: 000천원~30,000천원 이내 - 목표사업 및 평가결과에 따라 차등 지원 * 기획보고서 작성에 필요한 수요조사 || ... 후보 3개 추가",unknown:3000.0 | unknown:600000.0 | unknown:300000.0 | unknown:100000.0 | total_project_cost:500000.0 | unknown:50000.0 | total_project_cost:500000.0 | total_project_cost:50000.0,safe,clear_selected_candidate,https://www.bizinfo.go.kr/sii/siia/selectSIIA200Detail.do?pblancId=PBLN_000000000123703
PBLN_000000000123708,[경기] 2026년 공공의료원 AI진단보조기기 실증지원사업 참여기업 모집 공고,경기도,json_only_review,6,6,0,,,unknown,review,0.25,후보 검수 필요,2000.0만원/consulting_fee/recommend_only: 연구소)가 경기도에 소재한 의료기기 업체 - 「중소기업기본법」 제2조에 따른 중소기업 - 식품의약품안전처의 인허가를 받은 AI진단보조기기를 생산한 기업 - 종합병원급 시장 진입이 가능한 국내 제품을 생산한 기업 ☞ 공공의료원에서 AI진단보조기기 사용자평가 레퍼런스를 제공하여 중소기업 제품 상용화 촉진(기업당 최대 20백만 || 8000.0만원/consulting_fee/recommend_only: 지원개요 □ 지원목적 : 공공의료원에서 AI진단보조기기 사용자평가 레퍼런스를 제공하여 중소기업 제품 상용화 촉진 □ 지원규모 : 총 80백만원 [4개사 지원 || 2000.0만원/total_support_scale/review: 기업당 최대 20백만원] ◦ 과제 규모에 따라 기업당 지원규모는 변경될 수 있음 ◦ 본 사업은 공공의료 인프라 구축 및 검증을 지원하는 사업으로 || 8000.0만원/consulting_fee/recommend_only: 2026년 6월 25일 경기도지사 경기도의료원장 <> □ 지원목적 : 공공의료원에서 AI진단보조기기 사용자평가 레퍼런스를 제공하여 중소기업 제품 상용화 촉진 □ 지원규모 : 총 80백만원 [4개사 지원 || 2000.0만원/total_support_scale/review: 기업당 최대 20백만원] ◦ 과제 규모에 따라 기업당 지원규모는 변경될 수 있음 ◦ 본 사업은 공공의료 인프라 구축 및 검증을 지원하는 사업으로 || None만원/support_ratio/ratio_cap: [경기] 2026년 공공의료원 AI진단보조기기 실증지원사업 참여기업 모집 공고 경기도 기업마당>정책정보>지원사업 공고 기업마당 본문 바로가기 주메뉴 바로가기 기업마당 > 정책정보 > 지원사업 공고 메뉴열기 로그인 정책정보 정책정보 지원사업 공고 품목별 법정의무 인증제도 행사정보 정책뉴스 입법·행정예고/고시 월간 중기누리,,needs_review,selected_candidate_missing,https://www.bizinfo.go.kr/sii/siia/selectSIIA200Detail.do?pblancId=PBLN_000000000123708
PBLN_000000000123712,[강원] 바이오ㆍ헬스케어 AI 대전환 실증기업 모집 공고(지역 주도형 AI 대전환 사업),강원특별자치도,support_ratio_ready,1,1,0,,,support_ratio,ratio_cap,1.0,비율 확인,None만원/support_ratio/ratio_cap: [강원] 바이오ㆍ헬스케어 AI 대전환 실증기업 모집 공고(지역 주도형 AI 대전환 사업) 강원특별자치도 기업마당>정책정보>지원사업 공고 기업마당 본문 바로가기 주메뉴 바로가기 기업마당 > 정책정보 > 지원사업 공고 메뉴열기 로그인 정책정보 정책정보 지원사업 공고 품목별 법정의무 인증제도 행사정보 정책뉴스 입법·행정예고/고,,needs_review,selected_candidate_missing,https://www.bizinfo.go.kr/sii/siia/selectSIIA200Detail.do?pblancId=PBLN_000000000123712
PBLN_000000000123713,[강원] 바이오ㆍ헬스케어 AI 대전환 수요기업 모집 공고(지역 주도형 AI 대전환 사업),강원특별자치도,support_ratio_ready,1,1,0,,,support_ratio,ratio_cap,1.0,비율 확인,None만원/support_ratio/ratio_cap: [강원] 바이오ㆍ헬스케어 AI 대전환 수요기업 모집 공고(지역 주도형 AI 대전환 사업) 강원특별자치도 기업마당>정책정보>지원사업 공고 기업마당 본문 바로가기 주메뉴 바로가기 기업마당 > 정책정보 > 지원사업 공고 메뉴열기 로그인 정책정보 정책정보 지원사업 공고 품목별 법정의무 인증제도 행사정보 정책뉴스 입법·행정예고/고,,needs_review,selected_candidate_missing,https://www.bizinfo.go.kr/sii/siia/selectSIIA200Detail.do?pblancId=PBLN_000000000123713
PBLN_000000000123715,순환경제 DNA 선도기업ㆍ산업단지 2차 모집 공고,기후에너지환경부,amount_update_ready,6,6,0,10000.0,10000.0,support_amount,subtract,0.4,확정,10000.0만원/support_amount/subtract: 자세한 지원대상 공고문 참조 ☞ 「순환경제 세부 경영전략(‘26~’30)」수립(‘26년 기업당 약 1억원 상당의 계획수립 용역지원) || 10000.0만원/support_amount/subtract: 대표기업 (컨소시엄 전형) 대상 업종 등 참고 ㅇ ( 지원내용 ) 「 순환경제 세부 경영전략 (‘26~’30) 」수립 (‘26년 기업당 약 1억원 상당의 계획수립 용역지원) → 기업별 행정적 || 10000.0만원/consulting_fee/recommend_only: ▲폐기물 감량 및 순환이용 ▴ 기업당 최대 1억원 상당 * 의 계획 수립비용 지원 * 사업계획의 규모에 따라 변동 가능 한국환경공단이 검토기관(순환경제 분야 컨설팅사 || 10000.0만원/support_amount/subtract: 대표기업(컨소시엄전형)대상업종등참고ㅇ(지원내용)「순환경제세부경영전략(‘26~’30)」수립(‘26년기업당약1억원상당의계획수립용역지원)→기업별행정적 || 10000.0만원/consulting_fee/recommend_only: ▲폐기물 감량 및 순환이용 ▴ 기업당 최대 1억원 상당*의 계획 수립비용 지원 * 사업계획의 규모에 따라 변동 가능 한국환경공단이 검토기관(순환경제 분야 컨설팅사 || None만원/support_ratio/ratio_cap: 순환경제 DNA 선도기업ㆍ산업단지 2차 모집 공고 기후에너지환경부 기업마당>정책정보>지원사업 공고 기업마당 본문 바로가기 주메뉴 바로가기 기업마당 > 정책정보 > 지원사업 공고 메뉴열기 로그인 정책정보 정책정보 지원사업 공고 품목별 법정의무 인증제도 행사정보 정책뉴스 입법·행정예고/고시 월간 중기누리 활용정보 활용정보 기,,safe,clear_selected_candidate,https://www.bizinfo.go.kr/sii/siia/selectSIIA200Detail.do?pblancId=PBLN_000000000123715
PBLN_000000000123718,[전남광주] 2026년 2차 중소기업 맞춤형 성장지원(컨설팅) 참여기업 모집 기간 연장 공고,전남광주통합특별시,json_only_review,6,4,2,,,unknown,review,,후보 검수 필요,350.0만원/consulting_fee/recommend_only: 사업 참여가 제한될 수 있음 ◦ 지원한도 : 기업당 최대 1건(개) 과제(3.5백만원/건) ◦ 지원절차 : 신청서 제출 및 선정평가 후 컨설팅 지원 氠瑢 신청서 제출 지원기업 선정 컨설팅 수행 결과보고 수당 지급 컨설팅 신청서 || 350.0만원/consulting_fee/recommend_only: 첫 번째 및 마지막 컨설팅은 대면 컨설팅으로 진행필요) 컨설팅 기간 - 지원결정일로부터 2026년 11월 30일까지 지급 한도액 - 과제별 3.5백만원(부가세 포함) || 350.0만원/consulting_fee/recommend_only: 사업 참여가 제한될 수 있음 ◦ 지원한도 : 기업당 최대 1건(개) 과제(3.5백만원/건) ◦ 지원절차 : 신청서 제출 및 선정평가 후 컨설팅 지원신청서 제출지원기업 선정컨설팅 수행결과보고수당 지급컨설팅 신청서 및 계획안 제출▶ || 350.0만원/consulting_fee/recommend_only: 첫 번째 및 마지막 컨설팅은 대면 컨설팅으로 진행필요) 컨설팅 기간 - 지원결정일로부터 2026년 11월 30일까지지급 한도액 - 과제별 3.5백만원(부가세 포함),unknown:0.0 | unknown:0.0,needs_review,selected_candidate_missing,https://www.bizinfo.go.kr/sii/siia/selectSIIA200Detail.do?pblancId=PBLN_000000000123718
PBLN_000000000123719,2026년 3차 품질보증조달물품 지정계획 공고,조달청,no_support_candidate,0,0,0,,,unknown,review,,후보 없음,,,needs_review,candidate_missing,https://www.bizinfo.go.kr/sii/siia/selectSIIA200Detail.do?pblancId=PBLN_000000000123719
PBLN_000000000123720,[부산] 2026년 콘텐츠코리아 랩 미드폼 영상콘텐츠 제작지원 사업 모집 공고,부산광역시,amount_update_ready,12,3,9,5000.0,5000.0,support_amount,subtract,1.0,확정,"0.0만원/subsidy/subtract: 진출 플랫폼 등 상세히 기재 신청사업비 00,000천원(국비100%) 본인은 부산정보산업진흥원에서 시행하는 ‘2026 부산 콘텐츠코리아랩 미드폼 영상콘텐츠 제작지원 사업 공고문’을 충분히 숙지하였으 || 5000.0만원/support_amount/subtract: 지원금 5,000만원 이하인 과제는 과제 수에서 제외 牭景 그렇다 牭景 아니다 2 ㅇ 신청일 현재 동일한 과제로(과제 목표와 산출물이 동일한 경우) 진흥원 및 타 || 4750.0만원/total_support_scale/review: 드폼 영상콘텐츠 제작을 통한 부가가치 창출 ○ 지원규모 : 총 4개사 / 기업당 47,500천원 ○ 사업기간 : 협약체결일 ~ 2026. 11. 30. 2. 지원내용 ○ 지원내",unknown:2000.0 | unknown:2200.0 | unknown:2000.0 | unknown:2200.0 | unknown:500.0 | unknown:400.0 | unknown:250.0 | unknown:220.0,needs_review,subtract_without_limit_context,https://www.bizinfo.go.kr/sii/siia/selectSIIA200Detail.do?pblancId=PBLN_000000000123720
PBLN_000000000123731,[대구] 2026년 수요맞춤형 AI솔루션 개발ㆍ실증 지원 사업 컨소시엄 모집 재공고(제조업 AI융합 기반 조성사업),대구광역시,json_only_review,16,15,1,,,unknown,review,1.0,후보 검수 필요,5000.0만원/fee/review: -11- 사업비 규모표준수수료⦁5천만원 미만⦁5천만원 이상 1억원 미만⦁1억원 이상 3억원 미만⦁3억원 이상 5억원 미만⦁5억원 이상 10억원 미만⦁10억원 이상 30억원 미만⦁30 || 5000.0만원/fee/review: -11- 사업비 규모표준수수료⦁5천만원 미만⦁5천만원 이상 1억원 미만⦁1억원 이상 3억원 미만⦁3억원 이상 5억원 미만⦁5억원 이상 10억원 미만⦁10억원 이상 30억원 미만⦁30억원 이상 60 || 10000.0만원/fee/review: -11- 사업비 규모표준수수료⦁5천만원 미만⦁5천만원 이상 1억원 미만⦁1억원 이상 3억원 미만⦁3억원 이상 5억원 미만⦁5억원 이상 10억원 미만⦁10억원 이상 30억원 미만⦁30억원 이상 600천원800천 || 10000.0만원/fee/review: -11- 사업비 규모표준수수료⦁5천만원 미만⦁5천만원 이상 1억원 미만⦁1억원 이상 3억원 미만⦁3억원 이상 5억원 미만⦁5억원 이상 10억원 미만⦁10억원 이상 30억원 미만⦁30억원 이상 600천원800천원1 || 30000.0만원/fee/review: -11- 사업비 규모표준수수료⦁5천만원 미만⦁5천만원 이상 1억원 미만⦁1억원 이상 3억원 미만⦁3억원 이상 5억원 미만⦁5억원 이상 10억원 미만⦁10억원 이상 30억원 미만⦁30억원 이상 600천원800천원1 || 30000.0만원/fee/review: -11- 사업비 규모표준수수료⦁5천만원 미만⦁5천만원 이상 1억원 미만⦁1억원 이상 3억원 미만⦁3억원 이상 5억원 미만⦁5억원 이상 10억원 미만⦁10억원 이상 30억원 미만⦁30억원 이상 600천원800천원1 || ... 후보 9개 추가,unknown:1000.0,needs_review,large_amount_delta,https://www.bizinfo.go.kr/sii/siia/selectSIIA200Detail.do?pblancId=PBLN_000000000123731
PBLN_000000000123732,[충북] 2026년 2차 시군 경쟁력강화산업 육성사업(R&D) 모집 수정 공고,충청북도,amount_update_ready,12,3,9,7500.0,7500.0,support_amount,subtract,0.15,확정,"300.0만원/support_amount/subtract: 외부전문가 참여 필수(최대 3,000천원 까지 계상 가능) 2) 간접비 (단위: 천원) 氠瑢 구분 단가 수량(건) 금액 용도 세목 세세목 성과활용지원비 지식재산권 출원 ‧ 등록비 합 || 7500.0만원/support_amount/subtract: 협약에 따라 조정될 수 있음 ㅇ 지원금액 : 과제별 최대 75백만원 || None만원/support_ratio/ratio_cap: [충북] 2026년 2차 시군 경쟁력강화산업 육성사업(R&D) 모집 수정 공고 충청북도 기업마당>정책정보>지원사업 공고 기업마당 본문 바로가기 주메뉴 바로가기 기업마당 > 정책정보 > 지원사업 공고 메뉴열기 로그인 정책정보 정책정보 지원사업 공고 품목별 법정의무 인증제도 행사정보 정책뉴스 입법·행정예고/고시 월간 중기누리",unknown:150.0 | unknown:20.0 | unknown:7500.0 | self_funding:7500.0 | self_funding:750.0 | self_funding:375.0 | self_funding:7500.0 | self_funding:1125.0,safe,clear_selected_candidate,https://www.bizinfo.go.kr/sii/siia/selectSIIA200Detail.do?pblancId=PBLN_000000000123732
PBLN_000000000123733,[경기] 화성시 2026년 하반기 그린안전리모델링 지원사업 참여기업 모집 공고,경기도,amount_update_ready,26,7,19,500.0,500.0,support_amount,subtract,,확정,"500.0만원/non_cash/recommend_only: ☞ 아래 요건 중 1개 이상 충족하는 제조업 사업주 - 화성시 관내 상시근로자 수 50인 미만 제조업 중소기업 - 중소기업기본법 시행령 제8조제1항 및 별표3(참고자료3)에 따른 주된 업종별 평균 매출액(직전 3개년) 등이 ‘소기업 규모 기준’ 이하인 제조업 중소기업 ☞ 친환경 도료(인증서 필수 첨부)를 활용한 내ㆍ외벽 || 200.0만원/non_cash/recommend_only: ☞ 아래 요건 중 1개 이상 충족하는 제조업 사업주 - 화성시 관내 상시근로자 수 50인 미만 제조업 중소기업 - 중소기업기본법 시행령 제8조제1항 및 별표3(참고자료3)에 따른 주된 업종별 평균 매출액(직전 3개년) 등이 ‘소기업 규모 기준’ 이하인 제조업 중소기업 ☞ 친환경 도료(인증서 필수 첨부)를 활용한 내ㆍ외벽 || 500.0만원/support_amount/subtract: 외벽 도색 작업 시 기업당 최대 500만원 이내 지원 - 예) 내 || 500.0만원/support_amount/subtract: 대 500만원 이내 지원 - 예) 내·외벽 도색 1,000만원 지출 시, 지원: 500만원, 자부담: 500만원 내·외벽 도색 500만원 지출 시, 지원: 500만원, 자 || 200.0만원/support_amount/subtract: 자부담: 0원 B 汤捯 안전선 - 일반도료를 활용한 안전선 설치 작업 시 기업당 최대 200만원 이내 지원 - 예) 안전선 설치 500만원 지출 시 || 500.0만원/support_amount/subtract: 자부담: 0원 B 汤捯 안전선 - 일반도료를 활용한 안전선 설치 작업 시 기업당 최대 200만원 이내 지원 - 예) 안전선 설치 500만원 지출 시 || ... 후보 1개 추가",revenue_condition:1400000.0 | revenue_condition:1200000.0 | revenue_condition:1000000.0 | revenue_condition:800000.0 | revenue_condition:600000.0 | revenue_condition:500000.0 | revenue_condition:400000.0 | revenue_condition:300000.0,safe,clear_selected_candidate,https://www.bizinfo.go.kr/sii/siia/selectSIIA200Detail.do?pblancId=PBLN_000000000123733
PBLN_000000000123739,2026년 4차 무기체계 부품국산화개발 지원사업 (상생협력부품국산화) 과제ㆍ연구개발기관 모집 공고,방위사업청,json_only_review,3,3,0,,,unknown,review,1.0,후보 검수 필요,86500.0만원/non_cash/recommend_only: 지원규모 및 기간 1) 지원규모 : ‘26년 신규예산 8.65억원 * ’ 정부지원연구개발비 + 체계적합성 시험평가비 ‘ 는 최대 100억원까지 지원 2) 지원기간 : 최대 60개월 이내 구분 기업규모별 연구개 || 1000000.0만원/non_cash/recommend_only: 65억원 * ’ 정부지원연구개발비 + 체계적합성 시험평가비 ‘ 는 최대 100억원까지 지원 2) 지원기간 : 최대 60개월 이내 구분 기업규모별 연구개발비 지원규모 (체계적합성 시험비 제외) 정부지원연구개발비 + 투자기업 출 || None만원/support_ratio/ratio_cap: 2026년 4차 무기체계 부품국산화개발 지원사업 (상생협력부품국산화) 과제ㆍ연구개발기관 모집 공고 방위사업청 기업마당>정책정보>지원사업 공고 기업마당 본문 바로가기 주메뉴 바로가기 기업마당 > 정책정보 > 지원사업 공고 메뉴열기 로그인 정책정보 정책정보 지원사업 공고 품목별 법정의무 인증제도 행사정보 정책뉴스 입법·행정예,,safe,clear_selected_candidate,https://www.bizinfo.go.kr/sii/siia/selectSIIA200Detail.do?pblancId=PBLN_000000000123739
PBLN_000000000123740,[대구] 2026년 대경이음 상생 R&D 지원 수혜기업 모집 공고(지역산업맞춤형 일자리지원사업 대경권 광역이음프로젝트),고용노동부,amount_update_ready,2,1,1,4500.0,4500.0,support_amount,subtract,0.1,확정,"4500.0만원/support_amount/subtract: 재직자교육이수필수 컨소시엄당45,000천원6개컨소시엄지원금액의10%",unknown:4500.0,safe,clear_selected_candidate,https://www.bizinfo.go.kr/sii/siia/selectSIIA200Detail.do?pblancId=PBLN_000000000123740
PBLN_000000000123745,2026년 4차 예술산업보증 7월 공고,문화체육관광부,json_only_review,5,3,2,,,unknown,review,0.3,후보 검수 필요,100000.0만원/guarantee/exclude: 예술 프로젝트 보증(기업당 최대 통합 한도는 10억 원 이내) 지원 || 20.0만원/guarantee/exclude: 보증기관의 보증심사를 받게 되면 ‘기술 평가료’(20만원)를 납부해야 하며 || None만원/support_ratio/ratio_cap: 2026년 4차 예술산업보증 7월 공고 문화체육관광부 기업마당>정책정보>지원사업 공고 기업마당 본문 바로가기 주메뉴 바로가기 기업마당 > 정책정보 > 지원사업 공고 메뉴열기 로그인 정책정보 정책정보 지원사업 공고 품목별 법정의무 인증제도 행사정보 정책뉴스 입법·행정예고/고시 월간 중기누리 활용정보 활용정보 기업업무용 서식,unknown:20000.0 | unknown:20000.0,safe,clear_selected_candidate,https://www.bizinfo.go.kr/sii/siia/selectSIIA200Detail.do?pblancId=PBLN_000000000123745
PBLN_000000000123747,2026년 디지털전환 혁신기업 기획지원 사업 (컨설팅 참여기업(관)) 모집,경상북도,json_only_review,2,2,0,,,unknown,review,0.5,후보 검수 필요,150.0만원/consulting_fee/recommend_only: 연 구 소 중 하 나 이 상 이 설 립 되 어 있 어 야 함 □ 지원내용 - 컨설팅 참여기업(관) : 총 2개사 내외 * 지원규모는 상황에 따라 변경될 수 있음 - 지원규모 : 150만원 내외 - 주관기업에서 제안한 AI(AX전환)기술 기반으로 한 기획과제와 관련하여 전문컨설팅 기업인 컨설팅 참여기업(관)*과의 컨소시엄 || None만원/support_ratio/ratio_cap: 2026년 디지털전환 혁신기업 기획지원 사업 (컨설팅 참여기업(관)) 모집 경상북도 기업마당>정책정보>지원사업 공고 기업마당 본문 바로가기 주메뉴 바로가기 기업마당 > 정책정보 > 지원사업 공고 메뉴열기 로그인 정책정보 정책정보 지원사업 공고 품목별 법정의무 인증제도 행사정보 정책뉴스 입법·행정예고/고시 월간 중기누리 활,,needs_review,selected_candidate_missing,https://www.bizinfo.go.kr/sii/siia/selectSIIA200Detail.do?pblancId=PBLN_000000000123747
PBLN_000000000123750,[경북] 경산시 2026년 산업 AX 미니프로젝트 지원 사업 참여기업 모집 공고(산업 인공지능(AI) 전환 및 확산기반조성),경상북도,amount_update_ready,5,2,3,2000.0,2000.0,support_amount,subtract,,확정,11000.0만원/total_support_scale/review: 지방세 완납 기업 (경산지역 과세납부 사업장)⭘지원규모 : 경산시비 110백만원 (기업부담금 10% 이상 현금매칭 필수 || 2000.0만원/support_amount/subtract: 실시간 데이터 분석 등을 지원하는 현장 중심의 AI Agent PoC를 중점 지원3개사 이내지원프로그램별최대 2천만원③ 제조설비 DX Retrofit PoCŸ제조설비의 신예화 및 지능화 기반 조성을 위해 기존 제조설비에 최신 DX 기술(센서,self_funding:5000.0 | self_funding:2000.0 | unknown:5000.0,safe,clear_selected_candidate,https://www.bizinfo.go.kr/sii/siia/selectSIIA200Detail.do?pblancId=PBLN_000000000123750
PBLN_000000000123764,AI융합 의료기기 신뢰성 강화 및 성능 평가ㆍ실증 사업 수혜기업 모집 공고,산업통상부,json_only_review,6,1,5,,,unknown,review,0.2,후보 검수 필요,"960.0만원/non_cash/recommend_only: 000천원정부지원금의 20%9,600천원협약일 ~10월 말 ③ 임상 설계 (1건) - 임상시험계획서 작성 컨설팅",total_project_cost:1000.0 | unknown:1200.0 | total_project_cost:800.0 | total_project_cost:1900.0 | unknown:2280.0,needs_review,large_amount_delta,https://www.bizinfo.go.kr/sii/siia/selectSIIA200Detail.do?pblancId=PBLN_000000000123764
PBLN_000000000123766,[충북] 2026년 스마트공장 구축 자부담금 지원사업 수혜기업 모집 공고,충청북도,json_only_review,5,4,1,,,unknown,review,,후보 검수 필요,4000.0만원/support_amount/subtract: 최대 40백만원 자부담금 지원 - 정부형 스마트공장 구축사업 - 지역특화형(레전드 50+ || 2000.0만원/support_amount/subtract: 최대 20백만원 자부담금 지원 - ① ~ ②에서 명시된 사업 외 ‘2026년 스마트 제조혁신 지원사업 통합공고’에 포함된 스마트공장 구축 사업 : 부처협업형 || 4000.0만원/support_amount/subtract: 최대 40백만원 자부담금 지원 - 정부형 스마트공장 구축사업 - 지역특화형(레전드 50+ || 2000.0만원/support_amount/subtract: 최대 20백만원 자부담금 지원 - ① ~ ②에서 명시된 사업 외 ‘2026년 스마트 제조혁신 지원사업 통합공고’에 포함된 스마트공장 구축 사업 : 부처협업형,total_project_cost:570.0,safe,clear_selected_candidate,https://www.bizinfo.go.kr/sii/siia/selectSIIA200Detail.do?pblancId=PBLN_000000000123766
PBLN_000000000123767,2026년 바이오소재(항원ㆍ항체) 개발지원사업 공고(중소형 CDMO육성 항원 항체소재 뱅크 구축 사업),산업통상부,json_only_review,2,2,0,,,unknown,review,,후보 검수 필요,5000.0만원/non_cash/recommend_only: 중소형 CDMO 기업 등 대상 항원ㆍ항체 소재 개발 및 시험ㆍ분석 지원 - 기업당 약 5천만원에서 1억 상당규모의 기술지원 || 10000.0만원/non_cash/recommend_only: 중소형 CDMO 기업 등 대상 항원ㆍ항체 소재 개발 및 시험ㆍ분석 지원 - 기업당 약 5천만원에서 1억 상당규모의 기술지원,,safe,clear_selected_candidate,https://www.bizinfo.go.kr/sii/siia/selectSIIA200Detail.do?pblancId=PBLN_000000000123767
PBLN_000000000123771,[강원] 2026년 3차 지식재산 긴급지원 모집 공고,강원특별자치도,json_only_review,1,1,0,,,unknown,review,,후보 검수 필요,"2000.0만원/consulting_fee/recommend_only: 양양군 ☞ 기업당 2,000만 원 이내 지원 - 지식재산 전문가의 IP현안 진단을 통해 컨설턴트 직접컨설팅을 제공하고",,needs_review,selected_candidate_missing,https://www.bizinfo.go.kr/sii/siia/selectSIIA200Detail.do?pblancId=PBLN_000000000123771
PBLN_000000000123782,[충남] 2026년 콘텐츠코리아랩 미드폼 영상콘텐츠 제작 지원사업 모집 공고,충청남도,json_only_review,19,7,12,,,unknown,review,1.0,후보 검수 필요,"4500.0만원/support_amount/subtract: 최종 선정팀은 협약 종료 시점까지 충청남도 내 사업장(본사)을 유지하여야 함 ② 국세 및 지방세 체납 사실이 없는 자 ③ 정부지원사업 참여제한 등의 제재조치를 받고 있지 않은 자 ☞ 공포 장르 과제당 4,500만원 || 4250.0만원/support_amount/subtract: 자유 장르 과제당 4,250만원 지원 || 2000.0만원/support_amount/subtract: 신청일 현재 당해연도 충남콘텐츠진흥원 지원사업에서 지원금을 직접 교부받아 완료하였거나 수행 중인 과제가 총 3개 이하이다(단 2,000만원 이하 과제는 제외) 또는 당해연도 지원받은 누적 금액과 금번 신규 신청금액의 합계가 5억 원 이하이다 || 50000.0만원/support_amount/subtract: 000만원 이하 과제는 제외) 또는 당해연도 지원받은 누적 금액과 금번 신규 신청금액의 합계가 5억 원 이하이다 || 17500.0만원/total_support_scale/review: 접수 결과에 따라 모집기간 연장 또는 재공고할 수 있음 ❍ 사업대상 : 충남 소재 영상 제작이 가능한 콘텐츠 기업 ❍ 지원내용 : 충남 지역소재*를 활용한 미드폼 영상콘텐츠 제작비 지원 * 지역소재 인정 범위는 공고문 내 2페이지‘지원조건’참고 ❍ 지원규모 : 총 4개 과제(총 지원금 175백만원) ❍ 사업(협약)기간 : || 4500.0만원/total_support_scale/review: 최종평가 및 정산Ⅲ지원내용 ❍ 지원 분야별 세부 내용 구분지원규모지원금최종 결과물① 공포장르2개 과제과제당 4,500만원 || ... 후보 1개 추가",unknown:10000.0 | total_project_cost:4950.0 | self_funding:4500.0 | self_funding:450.0 | unknown:1800.0 | unknown:300.0 | unknown:300.0 | unknown:400.0,needs_review,subtract_without_limit_context | large_amount_delta,https://www.bizinfo.go.kr/sii/siia/selectSIIA200Detail.do?pblancId=PBLN_000000000123782
PBLN_000000000123783,[전남광주] 첨단 스마트그린 AX실증산단 구축사업 제조경쟁력 강화를 위한 기업AX 실증지원 공고,전남광주통합특별시,json_only_review,9,6,3,,,unknown,review,1.0,후보 검수 필요,0.8만원/education_fee/recommend_only: 자체규정이 마련되지 않은 경우 1인 8천원을 한도로 함 - 교육 || 3.0만원/fee/review: 조정 또는 추진과정에 대한 자문이나 관리비용에 대한 종합사업관리비는 외부기관과의 계약단가를 적용하여 산정 ㅇ 연구활동비 사용 시 기준 및 범위는 수행기관 자체규정에 따라 실제 필요한 비용을 계상하되 자체 규정이 마련되지 않은 경우 아래 한도 적용 - 회의비 : 1인당 3만원 - 출장식대 : 1식당 1만원 - 야근(특근)식 || 1.0만원/fee/review: 조정 또는 추진과정에 대한 자문이나 관리비용에 대한 종합사업관리비는 외부기관과의 계약단가를 적용하여 산정 ㅇ 연구활동비 사용 시 기준 및 범위는 수행기관 자체규정에 따라 실제 필요한 비용을 계상하되 자체 규정이 마련되지 않은 경우 아래 한도 적용 - 회의비 : 1인당 3만원 - 출장식대 : 1식당 1만원 - 야근(특근)식 || 0.8만원/fee/review: 조정 또는 추진과정에 대한 자문이나 관리비용에 대한 종합사업관리비는 외부기관과의 계약단가를 적용하여 산정 ㅇ 연구활동비 사용 시 기준 및 범위는 수행기관 자체규정에 따라 실제 필요한 비용을 계상하되 자체 규정이 마련되지 않은 경우 아래 한도 적용 - 회의비 : 1인당 3만원 - 출장식대 : 1식당 1만원 - 야근(특근)식 || 0.0만원/consulting_fee/recommend_only: □ 당해년도 현금 출연 : 000백만원 2026년 7월 일 (기관명) (대표자명) 직인 (재)광주테크노파크 원장 귀하 【서식 5】 자체 보안관리 진단표 자체 보안관리 진단표 氠瑢 구 || None만원/support_ratio/ratio_cap: [전남광주] 첨단 스마트그린 AX실증산단 구축사업 제조경쟁력 강화를 위한 기업AX 실증지원 공고 전남광주통합특별시 기업마당>정책정보>지원사업 공고 기업마당 본문 바로가기 주메뉴 바로가기 기업마당 > 정책정보 > 지원사업 공고 메뉴열기 로그인 정책정보 정책정보 지원사업 공고 품목별 법정의무 인증제도 행사정보 정책뉴스 입법·,unknown:3000.0 | unknown:3.0 | unknown:1.0,needs_review,selected_candidate_missing,https://www.bizinfo.go.kr/sii/siia/selectSIIA200Detail.do?pblancId=PBLN_000000000123783
SMARTFACTORY:2025-N-0194:1,2026년 스마트제조혁신 지원사업 통합공고,스마트공장 사업관리시스템,amount_update_ready,108,77,31,50000.0,50000.0,subsidy,subtract,0.5,확정,20000.0만원/consulting_fee/recommend_only: 컨설팅등기업지원서비스를추가지원◦지원과제:150개내외◦지원조건지원유형지원 기간지원 한도지원 비율구축목표 수준고도화최대 9개월최대 2억원50% 이내중간1 이상목표설정필수고도화(동일수준) 최대 6개월최대 0 || 5000.0만원/consulting_fee/recommend_only: 컨설팅등기업지원서비스를추가지원◦지원과제:150개내외◦지원조건지원유형지원 기간지원 한도지원 비율구축목표 수준고도화최대 9개월최대 2억원50% 이내중간1 이상목표설정필수고도화(동일수준) 최대 6개월최대 0.5억원 * ‘동일수준’은 정부일반형과 동일 방식으로 운영□유의사항◦협업부처추천을통해중소벤처기업부에서사업운영기관선정후기관별 || 40000.0만원/total_support_scale/review: 마케팅등지역특화프로그램을기획하여도입기업대상으로연계지원◦지원규모:추후확정◦지원조건지원유형지원 기간과제당 총사업비지원 비율구축목표 수준고도화최대 9개월4억원(정부) 50% 이내(지자체) 30~0%중간1 이상목표설정필수기초최대 6개월1억원 내외지자체별 상이기초 이상 * 참여 지자체별로 고도화/기초 지 || 10000.0만원/total_support_scale/review: 마케팅등지역특화프로그램을기획하여도입기업대상으로연계지원◦지원규모:추후확정◦지원조건지원유형지원 기간과제당 총사업비지원 비율구축목표 수준고도화최대 9개월4억원(정부) 50% 이내(지자체) 30~0%중간1 이상목표설정필수기초최대 6개월1억원 내외지자체별 상이기초 이상 * 참여 지자체별로 고도화/기초 지원과제수 및 지원한도 || 50000.0만원/subsidy/subtract: 지역특화 프로젝트 참여기업으로 선정된 기업□지원내용및조건◦지원내용-정보통신기술(ICT)로제품의기획-설계-제조-판매과정을통합하여제조공정을최적화하는스마트공장구축지원-제품설계‧ 생산공정개선등을위한스마트공장솔루션구축및솔루션과연동되는자동화장비‧ 제어기‧ 센서등구축지원◦지원과제:50개내외◦지원조건:과제별수준향상정도에따라정부지원금차등 || 30000.0만원/subsidy/subtract: 지역특화 프로젝트 참여기업으로 선정된 기업□지원내용및조건◦지원내용-정보통신기술(ICT)로제품의기획-설계-제조-판매과정을통합하여제조공정을최적화하는스마트공장구축지원-제품설계‧ 생산공정개선등을위한스마트공장솔루션구축및솔루션과연동되는자동화장비‧ 제어기‧ 센서등구축지원◦지원과제:50개내외◦지원조건:과제별수준향상정도에따라정부지원금차등 || ... 후보 71개 추가,unknown:20000.0 | unknown:5000.0 | total_project_cost:30000.0 | total_project_cost:60000.0 | total_project_cost:100000.0 | unknown:20000.0 | unknown:80000.0 | unknown:238.0,safe,clear_selected_candidate,https://www.smart-factory.kr/usr/bg/ba/ma/bsnsPbancDtl?pbancId=2025-N-0194&pbancSn=1
SMARTFACTORY:2025-N-0197:1,2026년도 정부형 스마트공장 구축사업 공고(고도화),스마트공장 사업관리시스템,amount_update_ready,49,23,26,20000.0,20000.0,support_amount,subtract,0.5,확정,"20000.0만원/support_amount/subtract: (동일수준) 최대 6개월최대 9개월지원한도(고도화) 최대 2억원 || 20000.0만원/support_amount/subtract: 6개월최대 9개월지원한도(고도화) 최대 2억원, (동일수준) 최대 0.5억원최대 2억원 이내(단, 목표수준별 2회, 2.5억원 한도) ◦ 사업계획서 작성 도움 및 애로 || 25000.0만원/consulting_fee/recommend_only: 2.5억원 한도) ◦ 사업계획서 작성 도움 및 애로사항 해결 등이 필요한 기업은 ‘제조DX멘토단 활용 지원사업’을 통해 컨설팅을 받을 수 있음 ◦ 기업이 || 20000.0만원/support_amount/subtract: 건)목표수준별총2.5억원내에서2회(1회차고도화→2회차동일수준)까지지원하되,회당최대2억원한도,지원비율50%이내에서지원가능 * (예) 26년(목표수준 중간1, 고도화) 1 || 10000.0만원/support_amount/subtract: 동일수준) 1억 * 2회차 동일수준 지원은 1회차 고도화 사업 완료(성공 판정) 이후 지원 가능지원유형지원기간정부 지원한도지원 비율구축목표수준 || 5000.0만원/support_amount/subtract: 스마트공장구축사업을통해“고도화”지원받은기업이‘26년도“동일수준”신청시,기존처럼최대0.5억원,6개월이내지원가능(동일수준지원은목표수준별1회만지원가능) ◦ 과 거 정 부 지 원 || ... 후보 17개 추가",unknown:5000.0 | self_funding:21.0 | self_funding:25000.0 | unknown:15000.0 | unknown:20000.0 | unknown:25000.0 | self_funding:21.0 | unknown:5000.0,safe,clear_selected_candidate,https://www.smart-factory.kr/usr/bg/ba/ma/bsnsPbancDtl?pbancId=2025-N-0197&pbancSn=1
SMARTFACTORY:2025-N-0198:1,2026년도 정부형 스마트공장 구축사업 공고(동일수준),스마트공장 사업관리시스템,amount_update_ready,49,23,26,20000.0,20000.0,support_amount,subtract,0.5,확정,"20000.0만원/support_amount/subtract: (동일수준) 최대 6개월최대 9개월지원한도(고도화) 최대 2억원 || 20000.0만원/support_amount/subtract: 6개월최대 9개월지원한도(고도화) 최대 2억원, (동일수준) 최대 0.5억원최대 2억원 이내(단, 목표수준별 2회, 2.5억원 한도) ◦ 사업계획서 작성 도움 및 애로 || 25000.0만원/consulting_fee/recommend_only: 2.5억원 한도) ◦ 사업계획서 작성 도움 및 애로사항 해결 등이 필요한 기업은 ‘제조DX멘토단 활용 지원사업’을 통해 컨설팅을 받을 수 있음 ◦ 기업이 || 20000.0만원/support_amount/subtract: 건)목표수준별총2.5억원내에서2회(1회차고도화→2회차동일수준)까지지원하되,회당최대2억원한도,지원비율50%이내에서지원가능 * (예) 26년(목표수준 중간1, 고도화) 1 || 10000.0만원/support_amount/subtract: 동일수준) 1억 * 2회차 동일수준 지원은 1회차 고도화 사업 완료(성공 판정) 이후 지원 가능지원유형지원기간정부 지원한도지원 비율구축목표수준 || 5000.0만원/support_amount/subtract: 스마트공장구축사업을통해“고도화”지원받은기업이‘26년도“동일수준”신청시,기존처럼최대0.5억원,6개월이내지원가능(동일수준지원은목표수준별1회만지원가능) ◦ 과 거 정 부 지 원 || ... 후보 17개 추가",unknown:5000.0 | self_funding:21.0 | self_funding:25000.0 | unknown:15000.0 | unknown:20000.0 | unknown:25000.0 | self_funding:21.0 | unknown:5000.0,safe,clear_selected_candidate,https://www.smart-factory.kr/usr/bg/ba/ma/bsnsPbancDtl?pbancId=2025-N-0198&pbancSn=1
SMARTFACTORY:2025-N-0202:2,2026년 디지털협업공장 구축 지원사업 컨소시엄 모집공고,스마트공장 사업관리시스템,json_only_review,61,21,40,,,unknown,review,0.5,후보 검수 필요,"20000.0만원/support_amount/subtract: 접수기간선정평가협약’25년 12월 8일 ~ ’26년 1월 7일’26년 1~3월’26년 4월 ~ 구 분 사업공고 주요변경사항2025년도 2026년도지원한도(고도화) 최대 2억원 || 20000.0만원/support_amount/subtract: 년도 2026년도지원한도(고도화) 최대 2억원, (동일수준) 최대 0.5억원최대 2억원 이내(단, 목표수준별 2회, 2.5억원 한도) 1. 사업 개요□사업개요◦(사업목 || 25000.0만원/support_amount/subtract: 대 2억원, (동일수준) 최대 0.5억원최대 2억원 이내(단, 목표수준별 2회, 2.5억원 한도) 1. 사업 개요□사업개요◦(사업목적)개별공장의스마트화지원을넘어스마트공장간 || 20000.0만원/support_amount/subtract: 업)목표수준별총2.5억원내에서2회(1회차고도화→2회차동일수준)까지지원하되,회당최대2억원한도,지원비율50%이내에서지원 * 예시 : 26년(목표수준 중간1, 고도화) 1. || 5000.0만원/support_amount/subtract: 기존처럼최대0.5억원지원(동일수준지원은목표수준별1회만가능)구 분‘26년 지원한도지원기간지원비율구축목표수준개별 스마트공장 + 공동 || 100.0만원/education_fee/recommend_only: 182 * 정산대상 사업비(총사업비) : 정부출연금 + 민간부담금 ②교육비:스마트공장기술교육(사업관리교육및기술교육)수강비용(1백만원)필수편성 ③기술임치비:스마트공장구축결과물의기술임치비(45만원)필수편성 ◦ (임치제도) 사업 결과물의 핵심 정보를 보관하여 개발 결과 || ... 후보 15개 추가",unknown:5000.0 | total_project_cost:100000.0 | total_project_cost:25000.0 | unknown:15000.0 | unknown:10000.0 | unknown:20000.0 | unknown:5000.0 | unknown:60000.0,needs_review,large_amount_delta,https://www.smart-factory.kr/usr/bg/ba/ma/bsnsPbancDtl?pbancId=2025-N-0202&pbancSn=2
SMARTFACTORY:2025-N-0203:1,2026년도 자율형공장 구축 지원사업(컨소시엄신청),스마트공장 사업관리시스템,json_only_review,28,27,1,,,unknown,review,0.5,후보 검수 필요,5.0만원/fee/review: □사업비 편성 관련 필수계상 사업비 기타비용 항목에 필수 편성하며 미편성할 경우 총사업비와 별개로 도입기업 부담 정산 수수료 지정 회계법인의 사업비 상시모니터링 및 정산을 위한 수수료 필수 편성차년도 총사업비 규모 표준수수료 공급가액 기준( ) 비고 백만원 이하50 천원455 부가세 제외백만원 이하200 천원 637 백만 || 20.0만원/fee/review: □사업비 편성 관련 필수계상 사업비 기타비용 항목에 필수 편성하며 미편성할 경우 총사업비와 별개로 도입기업 부담 정산 수수료 지정 회계법인의 사업비 상시모니터링 및 정산을 위한 수수료 필수 편성차년도 총사업비 규모 표준수수료 공급가액 기준( ) 비고 백만원 이하50 천원455 부가세 제외백만원 이하200 천원 637 백만 || 63700.0만원/fee/review: □사업비 편성 관련 필수계상 사업비 기타비용 항목에 필수 편성하며 미편성할 경우 총사업비와 별개로 도입기업 부담 정산 수수료 지정 회계법인의 사업비 상시모니터링 및 정산을 위한 수수료 필수 편성차년도 총사업비 규모 표준수수료 공급가액 기준( ) 비고 백만원 이하50 천원455 부가세 제외백만원 이하200 천원 637 백만 || 40.0만원/fee/review: □사업비 편성 관련 필수계상 사업비 기타비용 항목에 필수 편성하며 미편성할 경우 총사업비와 별개로 도입기업 부담 정산 수수료 지정 회계법인의 사업비 상시모니터링 및 정산을 위한 수수료 필수 편성차년도 총사업비 규모 표준수수료 공급가액 기준( ) 비고 백만원 이하50 천원455 부가세 제외백만원 이하200 천원 637 백만 || 91000.0만원/fee/review: □사업비 편성 관련 필수계상 사업비 기타비용 항목에 필수 편성하며 미편성할 경우 총사업비와 별개로 도입기업 부담 정산 수수료 지정 회계법인의 사업비 상시모니터링 및 정산을 위한 수수료 필수 편성차년도 총사업비 규모 표준수수료 공급가액 기준( ) 비고 백만원 이하50 천원455 부가세 제외백만원 이하200 천원 637 백만 || 40.0만원/fee/review: □사업비 편성 관련 필수계상 사업비 기타비용 항목에 필수 편성하며 미편성할 경우 총사업비와 별개로 도입기업 부담 정산 수수료 지정 회계법인의 사업비 상시모니터링 및 정산을 위한 수수료 필수 편성차년도 총사업비 규모 표준수수료 공급가액 기준( ) 비고 백만원 이하50 천원455 부가세 제외백만원 이하200 천원 637 백만 || ... 후보 21개 추가,self_funding:6000.0,needs_review,large_amount_delta,https://www.smart-factory.kr/usr/bg/ba/ma/bsnsPbancDtl?pbancId=2025-N-0203&pbancSn=1
SMARTFACTORY:2025-N-0203:2,2026년도 자율형공장 구축 지원사업(단독신청),스마트공장 사업관리시스템,amount_update_ready,28,27,1,60000.0,60000.0,support_amount,subtract,0.5,확정,5.0만원/fee/review: □사업비 편성 관련 필수계상 사업비 기타비용 항목에 필수 편성하며 미편성할 경우 총사업비와 별개로 도입기업 부담 정산 수수료 지정 회계법인의 사업비 상시모니터링 및 정산을 위한 수수료 필수 편성차년도 총사업비 규모 표준수수료 공급가액 기준( ) 비고 백만원 이하50 천원455 부가세 제외백만원 이하200 천원 637 백만 || 20.0만원/fee/review: □사업비 편성 관련 필수계상 사업비 기타비용 항목에 필수 편성하며 미편성할 경우 총사업비와 별개로 도입기업 부담 정산 수수료 지정 회계법인의 사업비 상시모니터링 및 정산을 위한 수수료 필수 편성차년도 총사업비 규모 표준수수료 공급가액 기준( ) 비고 백만원 이하50 천원455 부가세 제외백만원 이하200 천원 637 백만 || 63700.0만원/fee/review: □사업비 편성 관련 필수계상 사업비 기타비용 항목에 필수 편성하며 미편성할 경우 총사업비와 별개로 도입기업 부담 정산 수수료 지정 회계법인의 사업비 상시모니터링 및 정산을 위한 수수료 필수 편성차년도 총사업비 규모 표준수수료 공급가액 기준( ) 비고 백만원 이하50 천원455 부가세 제외백만원 이하200 천원 637 백만 || 40.0만원/fee/review: □사업비 편성 관련 필수계상 사업비 기타비용 항목에 필수 편성하며 미편성할 경우 총사업비와 별개로 도입기업 부담 정산 수수료 지정 회계법인의 사업비 상시모니터링 및 정산을 위한 수수료 필수 편성차년도 총사업비 규모 표준수수료 공급가액 기준( ) 비고 백만원 이하50 천원455 부가세 제외백만원 이하200 천원 637 백만 || 91000.0만원/fee/review: □사업비 편성 관련 필수계상 사업비 기타비용 항목에 필수 편성하며 미편성할 경우 총사업비와 별개로 도입기업 부담 정산 수수료 지정 회계법인의 사업비 상시모니터링 및 정산을 위한 수수료 필수 편성차년도 총사업비 규모 표준수수료 공급가액 기준( ) 비고 백만원 이하50 천원455 부가세 제외백만원 이하200 천원 637 백만 || 40.0만원/fee/review: □사업비 편성 관련 필수계상 사업비 기타비용 항목에 필수 편성하며 미편성할 경우 총사업비와 별개로 도입기업 부담 정산 수수료 지정 회계법인의 사업비 상시모니터링 및 정산을 위한 수수료 필수 편성차년도 총사업비 규모 표준수수료 공급가액 기준( ) 비고 백만원 이하50 천원455 부가세 제외백만원 이하200 천원 637 백만 || ... 후보 21개 추가,self_funding:6000.0,needs_review,large_amount_delta,https://www.smart-factory.kr/usr/bg/ba/ma/bsnsPbancDtl?pbancId=2025-N-0203&pbancSn=2
SMARTFACTORY:2025-N-0205:1,2026년 한국로봇산업진흥원 로봇활용 제조혁신 지원사업,스마트공장 사업관리시스템,json_only_review,37,17,20,,,unknown,review,0.5,후보 검수 필요,"25000.0만원/total_support_scale/review: kr) – 알림/참여마당 - 공지사항’에서 “공급기업 Pool 등록 안내(1077번 게시글)” 참조□사업기간:협약일 ~2026년 11월□지원 규모 및 조건◦(지원규모)180개 내외◦(지원조건)과제당 총 사업비의 50%(최대 2.5억원)지원 2 || 100.0만원/fee/review: 정산비감리수수료필수 o현장감리업무수행을위한비용지급 과제유형감리수수료일반(노후로봇교체포함)1,000천원AI기술활용1 || 120.0만원/fee/review: 000천원AI기술활용1,200천원 정산수수료o사업비정산업무수행을위한비용지급-정산수수료는과제별사업비총사업비에따라구분하여적용총사업비정산수수료1억미만1 || 10000.0만원/fee/review: 200천원 정산수수료o사업비정산업무수행을위한비용지급-정산수수료는과제별사업비총사업비에따라구분하여적용총사업비정산수수료1억미만1 || 100.0만원/fee/review: 200천원 정산수수료o사업비정산업무수행을위한비용지급-정산수수료는과제별사업비총사업비에따라구분하여적용총사업비정산수수료1억미만1,000천원1억이상∼3억미만1 || 10000.0만원/fee/review: 정산수수료는과제별사업비총사업비에따라구분하여적용총사업비정산수수료1억미만1,000천원1억이상∼3억미만1,200천원3억이상∼5억미만1,400천원5억이상∼10억미만1,600 || ... 후보 11개 추가",unknown:120.0 | unknown:140.0 | unknown:50000.0 | unknown:100000.0 | unknown:160.0 | unknown:100000.0 | unknown:300000.0 | unknown:180.0,needs_review,selected_candidate_missing,https://www.smart-factory.kr/usr/bg/ba/ma/bsnsPbancDtl?pbancId=2025-N-0205&pbancSn=1
SMARTFACTORY:2025-N-0210:1,2026년도 지역특화 프로젝트「레전드50+」연계 스마트공장 구축 지원사업 공고,스마트공장 사업관리시스템,json_only_review,44,21,23,,,unknown,review,,후보 검수 필요,30000.0만원/support_amount/subtract: 구축목표 수준은 KS X 9001-1(스마트공장 기본개념과 구조) 표준 기준 현재수준목표수준최대 지원한도미적용è중간1 3억원중간2 5억원기초è중간1 2억원중간2 4억원중간1è중간2 2억원 * (예시) ① 현재 구축수준 ‘미적용‘ → 목표수준 ’중간2‘ : 최대 5억원 || 50000.0만원/support_amount/subtract: 구축목표 수준은 KS X 9001-1(스마트공장 기본개념과 구조) 표준 기준 현재수준목표수준최대 지원한도미적용è중간1 3억원중간2 5억원기초è중간1 2억원중간2 4억원중간1è중간2 2억원 * (예시) ① 현재 구축수준 ‘미적용‘ → 목표수준 ’중간2‘ : 최대 5억원 지원가능 ② || 20000.0만원/support_amount/subtract: 구축목표 수준은 KS X 9001-1(스마트공장 기본개념과 구조) 표준 기준 현재수준목표수준최대 지원한도미적용è중간1 3억원중간2 5억원기초è중간1 2억원중간2 4억원중간1è중간2 2억원 * (예시) ① 현재 구축수준 ‘미적용‘ → 목표수준 ’중간2‘ : 최대 5억원 지원가능 ② 현재 구축수준 ‘ || 40000.0만원/support_amount/subtract: 구축목표 수준은 KS X 9001-1(스마트공장 기본개념과 구조) 표준 기준 현재수준목표수준최대 지원한도미적용è중간1 3억원중간2 5억원기초è중간1 2억원중간2 4억원중간1è중간2 2억원 * (예시) ① 현재 구축수준 ‘미적용‘ → 목표수준 ’중간2‘ : 최대 5억원 지원가능 ② 현재 구축수준 ‘중간1‘ → || 20000.0만원/support_amount/subtract: 구축목표 수준은 KS X 9001-1(스마트공장 기본개념과 구조) 표준 기준 현재수준목표수준최대 지원한도미적용è중간1 3억원중간2 5억원기초è중간1 2억원중간2 4억원중간1è중간2 2억원 * (예시) ① 현재 구축수준 ‘미적용‘ → 목표수준 ’중간2‘ : 최대 5억원 지원가능 ② 현재 구축수준 ‘중간1‘ → 목표수준 ’중 || 50000.0만원/support_amount/subtract: 구축목표 수준은 KS X 9001-1(스마트공장 기본개념과 구조) 표준 기준 현재수준목표수준최대 지원한도미적용è중간1 3억원중간2 5억원기초è중간1 2억원중간2 4억원중간1è중간2 2억원 * (예시) ① 현재 구축수준 ‘미적용‘ → 목표수준 ’중간2‘ : 최대 5억원 지원가능 ② 현재 구축수준 ‘중간1‘ → 목표수준 ’중 || ... 후보 15개 추가,project_budget:1000000.0 | unknown:50000.0 | self_funding:21.0 | unknown:5000.0 | unknown:20000.0 | unknown:63740000.0 | unknown:91040000.0 | self_funding:4000.0,safe,clear_selected_candidate,https://www.smart-factory.kr/usr/bg/ba/ma/bsnsPbancDtl?pbancId=2025-N-0210&pbancSn=1
SMARTFACTORY:2025-N-0211:1,2026년 제조DX멘토단 활용지원사업 통합공고,스마트공장 사업관리시스템,json_only_review,13,7,6,,,unknown,review,0.85,후보 검수 필요,862000.0만원/total_support_scale/review: 구축 지도 및 운영 애로사항 해결지원 □ 지원규모 : 총 86.2억원 || 238.0만원/total_support_scale/review: 기술애로 해결 등 제조 노하우 전수 등 □ 지원 규모 및 조건 ◦ (지원규모) 500개사 내외 ◦ (지원조건) 총 사업비의 85% 지원 氠瑢 구 분 지원방법 지원기간 사업비(분담비율) 정부지원(85%) 민간부담(15%) 사전 기획 DX멘토단 1인 x 8회 최대 3개월 238만원 42만원 □ 신청기간 ◦ 2026년 2월 2 || 42.0만원/total_support_scale/review: 기술애로 해결 등 제조 노하우 전수 등 □ 지원 규모 및 조건 ◦ (지원규모) 500개사 내외 ◦ (지원조건) 총 사업비의 85% 지원 氠瑢 구 분 지원방법 지원기간 사업비(분담비율) 정부지원(85%) 민간부담(15%) 사전 기획 DX멘토단 1인 x 8회 최대 3개월 238만원 42만원 □ 신청기간 ◦ 2026년 2월 2 || 119.0만원/total_support_scale/review: 기술애로 해결 등 제조 노하우 전수 등 □ 지원 규모 및 조건 ◦ (지원규모) 400개사 내외 ◦ (지원조건) 총 사업비의 85% 지원 氠瑢 구 분 지원방법 지원기간 사업비(분담비율) 정부지원(85%) 민간부담(15%) 구축지도 DX멘토단 1인 x 4회 최대 3개월 119만원 21만원 □ 신청기간 ◦ 선도형 스마트공장 구 || 21.0만원/total_support_scale/review: 기술애로 해결 등 제조 노하우 전수 등 □ 지원 규모 및 조건 ◦ (지원규모) 400개사 내외 ◦ (지원조건) 총 사업비의 85% 지원 氠瑢 구 분 지원방법 지원기간 사업비(분담비율) 정부지원(85%) 민간부담(15%) 구축지도 DX멘토단 1인 x 4회 최대 3개월 119만원 21만원 □ 신청기간 ◦ 선도형 스마트공장 구 || 1900.0만원/total_support_scale/review: kr) 확인서발급 메뉴를 통해 신청 가능 □ 지원 규모 및 조건 ◦ (지원규모) 210개사 내외 ◦ (지원조건) 총 사업비의 50% 지원 氠瑢 구 분 지원방법 지원기간 사업비(분담비율) 정부지원(50%) 민간부담(50%) 사후관리 총 사업비의 50% 4개월* 최대 19백만원 19백만원 * 사업기간은 연장신청을 통해 최대 || ... 후보 1개 추가,unknown:238.0 | unknown:476.0 | unknown:119.0 | unknown:1900.0 | unknown:476.0 | unknown:84.0,needs_review,selected_candidate_missing,https://www.smart-factory.kr/usr/bg/ba/ma/bsnsPbancDtl?pbancId=2025-N-0211&pbancSn=1
SMARTFACTORY:2026-N-0005:1,2026년 스마트공장 수준확인 사업 공고,스마트공장 사업관리시스템,json_only_review,6,6,0,,,unknown,review,1.0,후보 검수 필요,"200000.0만원/consulting_fee/recommend_only: 중견 제조기업의 자발적인 스마트공장 구축 및 고도화를 촉진하기 위한 스마트화 수준진단을 지원◦(사업 규모)2,000백만 원(수준확인 2 || 1000000.0만원/loan/exclude: 스마트공장 등 ICT기반 생산 효율화를 위한 자동화 시설 도입기업ㅇ (대출한도)연간 100억 원 이내(운전자금은 연간 10억 원 이내)ㅇ (대출기간)①시설자금(10년 이내 || 100000.0만원/loan/exclude: 스마트공장 등 ICT기반 생산 효율화를 위한 자동화 시설 도입기업ㅇ (대출한도)연간 100억 원 이내(운전자금은 연간 10억 원 이내)ㅇ (대출기간)①시설자금(10년 이내 || 200000.0만원/consulting_fee/recommend_only: 중견 제조기업의 자발적인 스마트공장 구축 및 고도화를 촉진하기 위한 스마트화 수준진단을 지원 ◦ (사업 규모) 2,000백만 원 (수준확인 2 || 200000.0만원/consulting_fee/recommend_only: 중견 제조기업의 자발적인 스마트공장 구축 및 고도화를 촉진하기 위한 스마트화 수준진단을 지원 ◦ (사업 규모) 2,000백만 원(수준확인 2 || None만원/support_ratio/ratio_cap: 2026년 스마트공장 수준확인 사업 공고 스마트공장 사업관리시스템 중소벤처기업부 공고 제2026-45호 2026년 스마트공장 수준확인 사업 공고 중소기업 제조현장의 경쟁력 제고를 위하여 중소벤처기업부에서 추진하고 있는 「2026년 스마트공장 수준확인」 사업을 다음과 같이 공고합니다. 2026년 1월 30일 중소벤처기업부",,safe,clear_selected_candidate,https://www.smart-factory.kr/usr/bg/ba/ma/bsnsPbancDtl?pbancId=2026-N-0005&pbancSn=1
SMARTFACTORY:2026-N-0010:1,2026년도 제조DX멘토단 활용지원(AX기획) 도입기업 모집 공고,스마트공장 사업관리시스템,json_only_review,6,2,4,,,unknown,review,0.85,후보 검수 필요,238.0만원/total_support_scale/review: 기술애로 해결 등 제조 노하우 전수 등 □ 지원 규모 및 조건 ◦ (지원규모) 500개사 내외 ◦ (지원조건) 총 사업비의 85% 지원 氠瑢 구 분 지원방법 지원기간 사업비(분담비율) 정부지원(85%) 민간부담(15%) 사전기획 DX멘토단 1인 x 8회 최대 3개월 238만원 42만원 □ 신청기간 ◦ 2026년 2월 2일 || 42.0만원/total_support_scale/review: 기술애로 해결 등 제조 노하우 전수 등 □ 지원 규모 및 조건 ◦ (지원규모) 500개사 내외 ◦ (지원조건) 총 사업비의 85% 지원 氠瑢 구 분 지원방법 지원기간 사업비(분담비율) 정부지원(85%) 민간부담(15%) 사전기획 DX멘토단 1인 x 8회 최대 3개월 238만원 42만원 □ 신청기간 ◦ 2026년 2월 2일,unknown:238.0 | unknown:476.0 | unknown:476.0 | unknown:84.0,needs_review,selected_candidate_missing,https://www.smart-factory.kr/usr/bg/ba/ma/bsnsPbancDtl?pbancId=2026-N-0010&pbancSn=1
SMARTFACTORY:2026-N-0011:1,2026년도 제조DX멘토단 활용지원(사전기획) 도입기업 모집 공고,스마트공장 사업관리시스템,json_only_review,6,2,4,,,unknown,review,0.85,후보 검수 필요,238.0만원/total_support_scale/review: 기술애로 해결 등 제조 노하우 전수 등 □ 지원 규모 및 조건 ◦ (지원규모) 500개사 내외 ◦ (지원조건) 총 사업비의 85% 지원 氠瑢 구 분 지원방법 지원기간 사업비(분담비율) 정부지원(85%) 민간부담(15%) 사전기획 DX멘토단 1인 x 8회 최대 3개월 238만원 42만원 □ 신청기간 ◦ 2026년 2월 2일 || 42.0만원/total_support_scale/review: 기술애로 해결 등 제조 노하우 전수 등 □ 지원 규모 및 조건 ◦ (지원규모) 500개사 내외 ◦ (지원조건) 총 사업비의 85% 지원 氠瑢 구 분 지원방법 지원기간 사업비(분담비율) 정부지원(85%) 민간부담(15%) 사전기획 DX멘토단 1인 x 8회 최대 3개월 238만원 42만원 □ 신청기간 ◦ 2026년 2월 2일,unknown:238.0 | unknown:476.0 | unknown:476.0 | unknown:84.0,needs_review,selected_candidate_missing,https://www.smart-factory.kr/usr/bg/ba/ma/bsnsPbancDtl?pbancId=2026-N-0011&pbancSn=1
SMARTFACTORY:2026-N-0061:3,[2차]2026 대중소상생형(삼성) 스마트공장 구축(고도화),스마트공장 사업관리시스템,amount_update_ready,7,3,4,15000.0,15000.0,support_amount,subtract,0.6,확정,15000.0만원/total_support_scale/review: 연마 등 공정 개선을 통한 외관 품질 및 생산성 향상 지원- ICT연계 조건 - 4 - □ 지원조건【유형별 지원내용】구 분 지원 유형고도화동일수준 고도화 *기초수준 **지원대상스마트공장 구축 목표중간1 수준 이상스마트공장 구축 목표 중간1 수준 이상스마트공장 구축 목표 기초 수준 이상지원규모최대 1.5억원(총 사업비 60 || 15000.0만원/support_amount/subtract: 목표수준을 초과 달성했던 기업의 경우 1회 한해 목표수준에 맞는 지원금(최대 1.5억원) 지원 ** 기초단계 : 스마트공장 1회 이상 지원기업은 지원 불가 - 지원금 한도 초과분은 도입기업 부담 - 스마트공장 수준은 KS X 90 || 2000.0만원/support_amount/subtract: 기초 최대 20백만원) * 세부 지원 방안은 선정된 도입기업으로 개별 안내□ 신청자격 ◦ 도입기업 : 국내 중소⋅중견 제조기업 - ｢독점규제 및 공정거래에 관한 법,total_project_cost:6000.0 | total_project_cost:6000.0 | unknown:2000.0 | unknown:5000.0,safe,clear_selected_candidate,https://www.smart-factory.kr/usr/bg/ba/ma/bsnsPbancDtl?pbancId=2026-N-0061&pbancSn=3
SMARTFACTORY:2026-N-0061:4,"[2차]2026 대중소상생형(삼성) 스마트공장 구축(기초,동일수준)",스마트공장 사업관리시스템,amount_update_ready,7,3,4,15000.0,15000.0,support_amount,subtract,0.6,확정,15000.0만원/total_support_scale/review: 연마 등 공정 개선을 통한 외관 품질 및 생산성 향상 지원- ICT연계 조건 - 4 - □ 지원조건【유형별 지원내용】구 분 지원 유형고도화동일수준 고도화 *기초수준 **지원대상스마트공장 구축 목표중간1 수준 이상스마트공장 구축 목표 중간1 수준 이상스마트공장 구축 목표 기초 수준 이상지원규모최대 1.5억원(총 사업비 60 || 15000.0만원/support_amount/subtract: 목표수준을 초과 달성했던 기업의 경우 1회 한해 목표수준에 맞는 지원금(최대 1.5억원) 지원 ** 기초단계 : 스마트공장 1회 이상 지원기업은 지원 불가 - 지원금 한도 초과분은 도입기업 부담 - 스마트공장 수준은 KS X 90 || 2000.0만원/support_amount/subtract: 기초 최대 20백만원) * 세부 지원 방안은 선정된 도입기업으로 개별 안내□ 신청자격 ◦ 도입기업 : 국내 중소⋅중견 제조기업 - ｢독점규제 및 공정거래에 관한 법,total_project_cost:6000.0 | total_project_cost:6000.0 | unknown:2000.0 | unknown:5000.0,safe,clear_selected_candidate,https://www.smart-factory.kr/usr/bg/ba/ma/bsnsPbancDtl?pbancId=2026-N-0061&pbancSn=4
SMARTFACTORY:2026-N-0062:3,[2차] 2026 AI 트랙 (삼성) 스마트공장 구축,스마트공장 사업관리시스템,json_only_review,1,1,0,,,unknown,review,0.75,후보 검수 필요,30000.0만원/total_support_scale/review: 미디어 연계 글로벌 홍보 - 6 - □ 지원조건【지원내용】구 분 스마트공장(AI 트랙)지원대상스마트공장 고도화(중간1 이상)구축 목표지원규모최대 3억원(총 사업비의 75% 지원)지원비율정부 : 삼성 : 도입기업 2 : 1 : 1 매칭 * 스마트공장 지원 이력이 있거나,,needs_review,selected_candidate_missing,https://www.smart-factory.kr/usr/bg/ba/ma/bsnsPbancDtl?pbancId=2026-N-0062&pbancSn=3
SMARTFACTORY:2026-N-0067:3,[인천] 2026년 제조DX멘토단 활용지원사업 (구축지도) 도입기업 모집공고,스마트공장 사업관리시스템,amount_update_ready,6,6,0,119.0,119.0,support_amount,subtract,0.85,확정,119.0만원/total_support_scale/review: 구축 지도 및 운영 애로사항 해결지원 구분지원기간지원규모지원한도지원비중접수평가선정구축 지도3개월(4회)400개사 내외119만원85%최종 협약 후 2주 이내수시□신청 자격◦국내 제조기업 중「중소기업기본법」에 따른 중소기업 및 「중견기업성장촉진 및 경쟁력 강화에 관한 특별 || 119.0만원/total_support_scale/review: 기술애로 해결 등 제조 노하우 전수 등□지원 규모 및 조건◦(지원규모)400개사 내외◦(지원조건)총 사업비의 85%지원구 분지원방법지원기간사업비(분담비율)정부지원민간부담구축 지도DX멘토단 1인 x 4회최대 3개월119만원(85%)21만원(15%)* VAT미포함□ 신청기간◦선도형 스마트공장 구축지원사업 최종 선정 및 협약 || 21.0만원/total_support_scale/review: 기술애로 해결 등 제조 노하우 전수 등□지원 규모 및 조건◦(지원규모)400개사 내외◦(지원조건)총 사업비의 85%지원구 분지원방법지원기간사업비(분담비율)정부지원민간부담구축 지도DX멘토단 1인 x 4회최대 3개월119만원(85%)21만원(15%)* VAT미포함□ 신청기간◦선도형 스마트공장 구축지원사업 최종 선정 및 협약 || 119.0만원/total_support_scale/review: 구축 지도 및 운영 애로사항 해결지원 氠瑢 구분 지원기간 지원규모 지원한도 지원비중 접수 평가선정 구축 지도 3개월(4회) 400개사 내외 119만원 85% 최종 협약 후 2주 이내 수시 □ 신청 자격 ◦ 국내 제조기업 중「중소기업기본법」에 따른 중소기업 및 「중견기업 성장촉진 및 경쟁력 강 || 119.0만원/total_support_scale/review: 기술애로 해결 등 제조 노하우 전수 등 □ 지원 규모 및 조건 ◦ (지원규모) 400개사 내외 ◦ (지원조건) 총 사업비의 85% 지원 氠瑢 구 분 지원방법 지원기간 사업비(분담비율) 정부지원 민간부담 구축 지도 DX멘토단 1인 x 4회 최대 3개월 119만원(85%) 21만원(15%) * VAT미포함 □ 신청기간 ◦ 선 || 21.0만원/total_support_scale/review: 기술애로 해결 등 제조 노하우 전수 등 □ 지원 규모 및 조건 ◦ (지원규모) 400개사 내외 ◦ (지원조건) 총 사업비의 85% 지원 氠瑢 구 분 지원방법 지원기간 사업비(분담비율) 정부지원 민간부담 구축 지도 DX멘토단 1인 x 4회 최대 3개월 119만원(85%) 21만원(15%) * VAT미포함 □ 신청기간 ◦ 선,,needs_review,selected_candidate_missing,https://www.smart-factory.kr/usr/bg/ba/ma/bsnsPbancDtl?pbancId=2026-N-0067&pbancSn=3
SMARTFACTORY:2026-N-0068:1,[부산] 2026년 제조DX멘토단 활용지원사업(구축지도) 도입기업 모집 공고,스마트공장 사업관리시스템,amount_update_ready,3,3,0,119.0,119.0,support_amount,subtract,0.85,확정,119.0만원/total_support_scale/review: 구축 지도 및 운영 애로사항 해결지원 구분 지원기간 지원규모 지원한도 지원비중 접수 평가선정 구축 지도 3개월(4회) 400개사 내외 119만원 85% 최종 협약 후 2주 이내 수시 □ 신청 자격 ◦ 국내 제조기업 중「중소기업기본법」에 따른 중소기업 및 「중견기업 성장촉진 및 경쟁력 강 || 119.0만원/total_support_scale/review: 기술애로 해결 등 제조 노하우 전수 등 □ 지원 규모 및 조건 ◦ (지원규모) 400개사 내외 ◦ (지원조건) 총 사업비의 85% 지원 구 분 지원방법 지원기간 사업비(분담비율) 정부지원 민간부담 구축 지도 DX멘토단 1인 x 4회 최대 3개월 119만원(85%) 21만원(15%) * VAT미포함 □ 신청기간 ◦ 선도형 || 21.0만원/total_support_scale/review: 기술애로 해결 등 제조 노하우 전수 등 □ 지원 규모 및 조건 ◦ (지원규모) 400개사 내외 ◦ (지원조건) 총 사업비의 85% 지원 구 분 지원방법 지원기간 사업비(분담비율) 정부지원 민간부담 구축 지도 DX멘토단 1인 x 4회 최대 3개월 119만원(85%) 21만원(15%) * VAT미포함 □ 신청기간 ◦ 선도형,,needs_review,selected_candidate_missing,https://www.smart-factory.kr/usr/bg/ba/ma/bsnsPbancDtl?pbancId=2026-N-0068&pbancSn=1
SMARTFACTORY:2026-N-0069:1,[경기] 2026년 제조DX멘토단 활용지원사업(구축지도) 도입기업 모집 공고,스마트공장 사업관리시스템,amount_update_ready,3,3,0,119.0,119.0,support_amount,subtract,0.85,확정,119.0만원/total_support_scale/review: 구축 지도 및 운영 애로사항 해결지원 구분 지원기간 지원규모 지원한도 지원비중 접수 평가선정 구축 지도 3개월(4회) 400개사 내외 119만원 85% 최종 협약 후 2주 이내 수시 □ 신청 자격 ◦ 국내 제조기업 중「중소기업기본법」에 따른 중소기업 및 「중견기업 성장촉진 및 경쟁력 강 || 119.0만원/total_support_scale/review: 기술애로 해결 등 제조 노하우 전수 등 □ 지원 규모 및 조건 ◦ (지원규모) 400개사 내외 ◦ (지원조건) 총 사업비의 85% 지원 구 분 지원방법 지원기간 사업비(분담비율) 정부지원 민간부담 구축 지도 DX멘토단 1인 x 4회 최대 3개월 119만원(85%) 21만원(15%) * VAT미포함 □ 신청기간 ◦ 선도형 || 21.0만원/total_support_scale/review: 기술애로 해결 등 제조 노하우 전수 등 □ 지원 규모 및 조건 ◦ (지원규모) 400개사 내외 ◦ (지원조건) 총 사업비의 85% 지원 구 분 지원방법 지원기간 사업비(분담비율) 정부지원 민간부담 구축 지도 DX멘토단 1인 x 4회 최대 3개월 119만원(85%) 21만원(15%) * VAT미포함 □ 신청기간 ◦ 선도형,,needs_review,selected_candidate_missing,https://www.smart-factory.kr/usr/bg/ba/ma/bsnsPbancDtl?pbancId=2026-N-0069&pbancSn=1
SMARTFACTORY:2026-N-0070:1,[전북] 2026년 제조DX멘토단 활용지원(구축지도) 도입기업 모집 공고,스마트공장 사업관리시스템,amount_update_ready,3,3,0,119.0,119.0,support_amount,subtract,0.85,확정,119.0만원/total_support_scale/review: 구축 지도 및 운영 애로사항 해결지원 구분지원기간지원규모지원한도지원비중접수평가선정구축 지도3개월(4회)400개사 내외119만원85%최종 협약 후 2주 이내수시□신청 자격◦국내 제조기업 중「중소기업기본법」에 따른 중소기업 및 「중견기업성장촉진 및 경쟁력 강화에 관한 특별 || 119.0만원/total_support_scale/review: 기술애로 해결 등 제조 노하우 전수 등□지원 규모 및 조건◦(지원규모)400개사 내외◦(지원조건)총 사업비의 85%지원구 분지원방법지원기간사업비(분담비율)정부지원민간부담구축 지도DX멘토단 1인 x 4회최대 3개월119만원(85%)21만원(15%)* VAT미포함□ 신청기간◦선도형 스마트공장 구축지원사업 최종 선정 및 협약 || 21.0만원/total_support_scale/review: 기술애로 해결 등 제조 노하우 전수 등□지원 규모 및 조건◦(지원규모)400개사 내외◦(지원조건)총 사업비의 85%지원구 분지원방법지원기간사업비(분담비율)정부지원민간부담구축 지도DX멘토단 1인 x 4회최대 3개월119만원(85%)21만원(15%)* VAT미포함□ 신청기간◦선도형 스마트공장 구축지원사업 최종 선정 및 협약,,needs_review,selected_candidate_missing,https://www.smart-factory.kr/usr/bg/ba/ma/bsnsPbancDtl?pbancId=2026-N-0070&pbancSn=1
SMARTFACTORY:2026-N-0071:1,[경북] 2026년 제조DX멘토단 활용지원사업(구축지도) 도입기업 모집 공고,스마트공장 사업관리시스템,json_only_review,4,3,1,,,unknown,review,0.85,후보 검수 필요,119.0만원/total_support_scale/review: 구축 지도 및 운영 애로사항 해결지원 氠瑢 구분 지원기간 지원규모 지원한도 지원비중 접수 평가선정 구축 지도 3개월(4회) 400개사 내외 119만원 85% 최종 협약 후 2주 이내 수시 □ 신청 자격 ◦ 국내 제조기업 중「중소기업기본법」에 따른 중소기업 및 「중견기업 성장촉진 및 경쟁력 강 || 119.0만원/total_support_scale/review: 기술애로 해결 등 제조 노하우 전수 등 □ 지원 규모 및 조건 ◦ (지원규모) 400개사 내외 ◦ (지원조건) 총 사업비의 85% 지원 氠瑢 구 분 지원방법 지원기간 사업비(분담비율) 정부지원 민간부담 구축 지도 DX멘토단 1인 x 4회 최대 3개월 119만원(85%) 21만원(15%) * VAT미포함 □ 신청기간 ◦ 선 || 21.0만원/total_support_scale/review: 기술애로 해결 등 제조 노하우 전수 등 □ 지원 규모 및 조건 ◦ (지원규모) 400개사 내외 ◦ (지원조건) 총 사업비의 85% 지원 氠瑢 구 분 지원방법 지원기간 사업비(분담비율) 정부지원 민간부담 구축 지도 DX멘토단 1인 x 4회 최대 3개월 119만원(85%) 21만원(15%) * VAT미포함 □ 신청기간 ◦ 선,self_funding:119.0,needs_review,selected_candidate_missing,https://www.smart-factory.kr/usr/bg/ba/ma/bsnsPbancDtl?pbancId=2026-N-0071&pbancSn=1
SMARTFACTORY:2026-N-0072:1,[전남]2026년 제조DX멘토단 활용지원(구축지도) 도입기업 모집 공고,스마트공장 사업관리시스템,amount_update_ready,3,3,0,119.0,119.0,support_amount,subtract,0.85,확정,119.0만원/total_support_scale/review: 구축 지도 및 운영 애로사항 해결지원 氠瑢 구분 지원기간 지원규모 지원한도 지원비중 접수 평가선정 구축 지도 3개월(4회) 400개사 내외 119만원 85% 최종 협약 후 2주 이내 수시 □ 신청 자격 ◦ 국내 제조기업 중「중소기업기본법」에 따른 중소기업 및 「중견기업 성장촉진 및 경쟁력 강 || 119.0만원/total_support_scale/review: 기술애로 해결 등 제조 노하우 전수 등 □ 지원 규모 및 조건 ◦ (지원규모) 400개사 내외 ◦ (지원조건) 총 사업비의 85% 지원 氠瑢 구 분 지원방법 지원기간 사업비(분담비율) 정부지원 민간부담 구축 지도 DX멘토단 1인 x 4회 최대 3개월 119만원(85%) 21만원(15%) * VAT미포함 □ 신청기간 ◦ 선 || 21.0만원/total_support_scale/review: 기술애로 해결 등 제조 노하우 전수 등 □ 지원 규모 및 조건 ◦ (지원규모) 400개사 내외 ◦ (지원조건) 총 사업비의 85% 지원 氠瑢 구 분 지원방법 지원기간 사업비(분담비율) 정부지원 민간부담 구축 지도 DX멘토단 1인 x 4회 최대 3개월 119만원(85%) 21만원(15%) * VAT미포함 □ 신청기간 ◦ 선,,needs_review,selected_candidate_missing,https://www.smart-factory.kr/usr/bg/ba/ma/bsnsPbancDtl?pbancId=2026-N-0072&pbancSn=1
SMARTFACTORY:2026-N-0073:1,[충남] 2026년 제조DX멘토단 활용지원사업(구축지도) 도입기업 모집 공고,스마트공장 사업관리시스템,json_only_review,4,3,1,,,unknown,review,0.85,후보 검수 필요,119.0만원/total_support_scale/review: 구축 지도 및 운영 애로사항 해결지원 氠瑢 구분 지원기간 지원규모 지원한도 지원비중 접수 평가선정 구축 지도 3개월(4회) 400개사 내외 119만원 85% 최종 협약 후 2주 이내 수시 □ 신청 자격 ◦ 국내 제조기업 중「중소기업기본법」에 따른 중소기업 및 「중견기업 성장촉진 및 경쟁력 강 || 119.0만원/total_support_scale/review: 기술애로 해결 등 제조 노하우 전수 등 □ 지원 규모 및 조건 ◦ (지원규모) 400개사 내외 ◦ (지원조건) 총 사업비의 85% 지원 氠瑢 구 분 지원방법 지원기간 사업비(분담비율) 정부지원 민간부담 구축 지도 DX멘토단 1인 x 4회 최대 3개월 119만원(85%) 21만원(15%) * VAT미포함 □ 신청기간 ◦ 선 || 21.0만원/total_support_scale/review: 기술애로 해결 등 제조 노하우 전수 등 □ 지원 규모 및 조건 ◦ (지원규모) 400개사 내외 ◦ (지원조건) 총 사업비의 85% 지원 氠瑢 구 분 지원방법 지원기간 사업비(분담비율) 정부지원 민간부담 구축 지도 DX멘토단 1인 x 4회 최대 3개월 119만원(85%) 21만원(15%) * VAT미포함 □ 신청기간 ◦ 선,self_funding:119.0,needs_review,selected_candidate_missing,https://www.smart-factory.kr/usr/bg/ba/ma/bsnsPbancDtl?pbancId=2026-N-0073&pbancSn=1
SMARTFACTORY:2026-N-0074:1,[대구] 2026년 제조DX멘토단 활용지원사업(구축지도) 도입기업 모집 공고,스마트공장 사업관리시스템,json_only_review,4,3,1,,,unknown,review,0.85,후보 검수 필요,119.0만원/total_support_scale/review: 구축 지도 및 운영 애로사항 해결지원 구분 지원기간 지원규모 지원한도 지원비중 접수 평가선정 구축 지도 3개월(4회) 400개사 내외 119만원 85% 최종 협약 후 2주 이내 수시 □ 신청 자격 ◦ 국내 제조기업 중「중소기업기본법」에 따른 중소기업 및 「중견기업 성장촉진 및 경쟁력 강 || 119.0만원/total_support_scale/review: 기술애로 해결 등 제조 노하우 전수 등 □ 지원 규모 및 조건 ◦ (지원규모) 400개사 내외 ◦ (지원조건) 총 사업비의 85% 지원 구 분 지원방법 지원기간 사업비(분담비율) 정부지원 민간부담 구축 지도 DX멘토단 1인 x 4회 최대 3개월 119만원(85%) 21만원(15%) * VAT미포함 □ 신청기간 ◦ 선도형 || 21.0만원/total_support_scale/review: 기술애로 해결 등 제조 노하우 전수 등 □ 지원 규모 및 조건 ◦ (지원규모) 400개사 내외 ◦ (지원조건) 총 사업비의 85% 지원 구 분 지원방법 지원기간 사업비(분담비율) 정부지원 민간부담 구축 지도 DX멘토단 1인 x 4회 최대 3개월 119만원(85%) 21만원(15%) * VAT미포함 □ 신청기간 ◦ 선도형,self_funding:119.0,needs_review,selected_candidate_missing,https://www.smart-factory.kr/usr/bg/ba/ma/bsnsPbancDtl?pbancId=2026-N-0074&pbancSn=1
SMARTFACTORY:2026-N-0075:1,[경남]2026년 제조DX멘토단 활용지원(구축지도) 도입기업 모집 공고,스마트공장 사업관리시스템,json_only_review,4,3,1,,,unknown,review,0.85,후보 검수 필요,119.0만원/total_support_scale/review: 구축 지도 및 운영 애로사항 해결지원 구분 지원기간 지원규모 지원한도 지원비중 접수 평가선정 구축 지도 3개월(4회) 400개사 내외 119만원 85% 최종 협약 후 2주 이내 수시 □ 신청 자격 ◦ 국내 제조기업 중「중소기업기본법」에 따른 중소기업 및 「중견기업 성장촉진 및 경쟁력 강 || 119.0만원/total_support_scale/review: 기술애로 해결 등 제조 노하우 전수 등 □ 지원 규모 및 조건 ◦ (지원규모) 400개사 내외 ◦ (지원조건) 총 사업비의 85% 지원 구 분 지원방법 지원기간 사업비(분담비율) 정부지원 민간부담 구축 지도 DX멘토단 1인 x 4회 최대 3개월 119만원(85%) 21만원(15%) * VAT미포함 □ 신청기간 ◦ 선도형 || 21.0만원/total_support_scale/review: 기술애로 해결 등 제조 노하우 전수 등 □ 지원 규모 및 조건 ◦ (지원규모) 400개사 내외 ◦ (지원조건) 총 사업비의 85% 지원 구 분 지원방법 지원기간 사업비(분담비율) 정부지원 민간부담 구축 지도 DX멘토단 1인 x 4회 최대 3개월 119만원(85%) 21만원(15%) * VAT미포함 □ 신청기간 ◦ 선도형,self_funding:119.0,needs_review,selected_candidate_missing,https://www.smart-factory.kr/usr/bg/ba/ma/bsnsPbancDtl?pbancId=2026-N-0075&pbancSn=1
SMARTFACTORY:2026-N-0076:2,[충북] 2026년 제조DX멘토단 활용지원(구축지도) 도입기업 모집 공고,스마트공장 사업관리시스템,amount_update_ready,6,6,0,119.0,119.0,support_amount,subtract,0.85,확정,119.0만원/total_support_scale/review: 구축 지도 및 운영 애로사항 해결지원 구분지원기간지원규모지원한도지원비중접수평가선정구축 지도3개월(4회)400개사 내외119만원85%최종 협약 후 2주 이내수시□신청 자격◦국내 제조기업 중「중소기업기본법」에 따른 중소기업 및 「중견기업성장촉진 및 경쟁력 강화에 관한 특별 || 119.0만원/total_support_scale/review: 기술애로 해결 등 제조 노하우 전수 등□지원 규모 및 조건◦(지원규모)400개사 내외◦(지원조건)총 사업비의 85%지원구 분지원방법지원기간사업비(분담비율)정부지원민간부담구축 지도DX멘토단 1인 x 4회최대 3개월119만원(85%)21만원(15%)* VAT미포함□ 신청기간◦선도형 스마트공장 구축지원사업 최종 선정 및 협약 || 21.0만원/total_support_scale/review: 기술애로 해결 등 제조 노하우 전수 등□지원 규모 및 조건◦(지원규모)400개사 내외◦(지원조건)총 사업비의 85%지원구 분지원방법지원기간사업비(분담비율)정부지원민간부담구축 지도DX멘토단 1인 x 4회최대 3개월119만원(85%)21만원(15%)* VAT미포함□ 신청기간◦선도형 스마트공장 구축지원사업 최종 선정 및 협약 || 119.0만원/total_support_scale/review: 구축 지도 및 운영 애로사항 해결지원 구분 지원기간 지원규모 지원한도 지원비중 접수 평가선정 구축 지도 3개월(4회) 400개사 내외 119만원 85% 최종 협약 후 2주 이내 수시 □ 신청 자격 ◦ 국내 제조기업 중「중소기업기본법」에 따른 중소기업 및 「중견기업 성장촉진 및 경쟁력 강 || 119.0만원/total_support_scale/review: 기술애로 해결 등 제조 노하우 전수 등 □ 지원 규모 및 조건 ◦ (지원규모) 400개사 내외 ◦ (지원조건) 총 사업비의 85% 지원 구 분 지원방법 지원기간 사업비(분담비율) 정부지원 민간부담 구축 지도 DX멘토단 1인 x 4회 최대 3개월 119만원(85%) 21만원(15%) * VAT미포함 □ 신청기간 ◦ 선도형 || 21.0만원/total_support_scale/review: 기술애로 해결 등 제조 노하우 전수 등 □ 지원 규모 및 조건 ◦ (지원규모) 400개사 내외 ◦ (지원조건) 총 사업비의 85% 지원 구 분 지원방법 지원기간 사업비(분담비율) 정부지원 민간부담 구축 지도 DX멘토단 1인 x 4회 최대 3개월 119만원(85%) 21만원(15%) * VAT미포함 □ 신청기간 ◦ 선도형,,needs_review,selected_candidate_missing,https://www.smart-factory.kr/usr/bg/ba/ma/bsnsPbancDtl?pbancId=2026-N-0076&pbancSn=2
SMARTFACTORY:2026-N-0077:1,[대구] AI솔루션 실증 지원(단일 실증),스마트공장 사업관리시스템,no_support_candidate,0,0,0,,,unknown,review,,후보 없음,,,needs_review,candidate_missing,https://www.smart-factory.kr/usr/bg/ba/ma/bsnsPbancDtl?pbancId=2026-N-0077&pbancSn=1
SMARTFACTORY:2026-N-0082:1,[서울] 2026년 제조DX멘토단 활용지원사업(구축지도) 도입기업 모집 공고,스마트공장 사업관리시스템,amount_update_ready,6,6,0,119.0,119.0,support_amount,subtract,0.85,확정,119.0만원/total_support_scale/review: 구축 지도 및 운영 애로사항 해결지원 구분지원기간지원규모지원한도지원비중접수평가선정구축 지도3개월(4회)400개사 내외119만원85%최종 협약 후 2주 이내수시□신청 자격◦국내 제조기업 중「중소기업기본법」에 따른 중소기업 및 「중견기업성장촉진 및 경쟁력 강화에 관한 특별 || 119.0만원/total_support_scale/review: 기술애로 해결 등 제조 노하우 전수 등□지원 규모 및 조건◦(지원규모)400개사 내외◦(지원조건)총 사업비의 85%지원구 분지원방법지원기간사업비(분담비율)정부지원민간부담구축 지도DX멘토단 1인 x 4회최대 3개월119만원(85%)21만원(15%)* VAT미포함□ 신청기간◦선도형 스마트공장 구축지원사업 최종 선정 및 협약 || 21.0만원/total_support_scale/review: 기술애로 해결 등 제조 노하우 전수 등□지원 규모 및 조건◦(지원규모)400개사 내외◦(지원조건)총 사업비의 85%지원구 분지원방법지원기간사업비(분담비율)정부지원민간부담구축 지도DX멘토단 1인 x 4회최대 3개월119만원(85%)21만원(15%)* VAT미포함□ 신청기간◦선도형 스마트공장 구축지원사업 최종 선정 및 협약 || 119.0만원/total_support_scale/review: 구축 지도 및 운영 애로사항 해결지원 구분 지원기간 지원규모 지원한도 지원비중 접수 평가선정 구축 지도 3개월(4회) 400개사 내외 119만원 85% 최종 협약 후 2주 이내 수시 □ 신청 자격 ◦ 국내 제조기업 중「중소기업기본법」에 따른 중소기업 및 「중견기업 성장촉진 및 경쟁력 강 || 119.0만원/total_support_scale/review: 기술애로 해결 등 제조 노하우 전수 등 □ 지원 규모 및 조건 ◦ (지원규모) 400개사 내외 ◦ (지원조건) 총 사업비의 85% 지원 구 분 지원방법 지원기간 사업비(분담비율) 정부지원 민간부담 구축 지도 DX멘토단 1인 x 4회 최대 3개월 119만원(85%) 21만원(15%) * VAT미포함 □ 신청기간 ◦ 선도형 || 21.0만원/total_support_scale/review: 기술애로 해결 등 제조 노하우 전수 등 □ 지원 규모 및 조건 ◦ (지원규모) 400개사 내외 ◦ (지원조건) 총 사업비의 85% 지원 구 분 지원방법 지원기간 사업비(분담비율) 정부지원 민간부담 구축 지도 DX멘토단 1인 x 4회 최대 3개월 119만원(85%) 21만원(15%) * VAT미포함 □ 신청기간 ◦ 선도형,,needs_review,selected_candidate_missing,https://www.smart-factory.kr/usr/bg/ba/ma/bsnsPbancDtl?pbancId=2026-N-0082&pbancSn=1
SMARTFACTORY:2026-N-0085:1,[경기북부]2026년 제조DX멘토단 활용지원(구축지도) 도입기업 모집 공고,스마트공장 사업관리시스템,json_only_review,4,3,1,,,unknown,review,0.85,후보 검수 필요,119.0만원/total_support_scale/review: 구축 지도 및 운영 애로사항 해결지원 氠瑢 구분 지원기간 지원규모 지원한도 지원비중 접수 평가선정 구축 지도 3개월(4회) 400개사 내외 119만원 85% 최종 협약 후 2주 이내 수시 □ 신청 자격 ◦ 국내 제조기업 중「중소기업기본법」에 따른 중소기업 및 「중견기업 성장촉진 및 경쟁력 강 || 119.0만원/total_support_scale/review: 기술애로 해결 등 제조 노하우 전수 등 □ 지원 규모 및 조건 ◦ (지원규모) 400개사 내외 ◦ (지원조건) 총 사업비의 85% 지원 氠瑢 구 분 지원방법 지원기간 사업비(분담비율) 정부지원 민간부담 구축 지도 DX멘토단 1인 x 4회 최대 3개월 119만원(85%) 21만원(15%) * VAT미포함 □ 신청기간 ◦ 선 || 21.0만원/total_support_scale/review: 기술애로 해결 등 제조 노하우 전수 등 □ 지원 규모 및 조건 ◦ (지원규모) 400개사 내외 ◦ (지원조건) 총 사업비의 85% 지원 氠瑢 구 분 지원방법 지원기간 사업비(분담비율) 정부지원 민간부담 구축 지도 DX멘토단 1인 x 4회 최대 3개월 119만원(85%) 21만원(15%) * VAT미포함 □ 신청기간 ◦ 선,self_funding:119.0,needs_review,selected_candidate_missing,https://www.smart-factory.kr/usr/bg/ba/ma/bsnsPbancDtl?pbancId=2026-N-0085&pbancSn=1
SMARTFACTORY:2026-N-0087:1,[강원] 2026년 제조DX멘토단 활용지원사업(구축지도) 도입기업 모집 공고,스마트공장 사업관리시스템,amount_update_ready,3,3,0,119.0,119.0,support_amount,subtract,0.85,확정,119.0만원/total_support_scale/review: 구축 지도 및 운영 애로사항 해결지원 구분지원기간지원규모지원한도지원비중접수평가선정구축 지도3개월(4회)400개사 내외119만원85%최종 협약 후 2주 이내수시□신청 자격◦국내 제조기업 중「중소기업기본법」에 따른 중소기업 및 「중견기업성장촉진 및 경쟁력 강화에 관한 특별 || 119.0만원/total_support_scale/review: 기술애로 해결 등 제조 노하우 전수 등□지원 규모 및 조건◦(지원규모)400개사 내외◦(지원조건)총 사업비의 85%지원구 분지원방법지원기간사업비(분담비율)정부지원민간부담구축 지도DX멘토단 1인 x 4회최대 3개월119만원(85%)21만원(15%)* VAT미포함□ 신청기간◦선도형 스마트공장 구축지원사업 최종 선정 및 협약 || 21.0만원/total_support_scale/review: 기술애로 해결 등 제조 노하우 전수 등□지원 규모 및 조건◦(지원규모)400개사 내외◦(지원조건)총 사업비의 85%지원구 분지원방법지원기간사업비(분담비율)정부지원민간부담구축 지도DX멘토단 1인 x 4회최대 3개월119만원(85%)21만원(15%)* VAT미포함□ 신청기간◦선도형 스마트공장 구축지원사업 최종 선정 및 협약,,needs_review,selected_candidate_missing,https://www.smart-factory.kr/usr/bg/ba/ma/bsnsPbancDtl?pbancId=2026-N-0087&pbancSn=1
SMARTFACTORY:2026-N-0090:1,2026년 경북형 스마트공장(기초단계) 구축지원 사업 2차모집_(신규구축),스마트공장 사업관리시스템,json_only_review,13,7,6,,,unknown,review,0.6,후보 검수 필요,6000.0만원/total_support_scale/review: 지원규모 : 최대 6천만원(기초 || 6000.0만원/total_support_scale/review: 확산 사업 수요 및 추경예산에 따라 변동 가능 ◦ (지원규모) 소요 비용의 60% 지원 (최대 60백만원) 지원구분 지원금 한도 사업기간 접수형태 신규구축 최대 60백만원 (총 사업비의 60% 이내) 6개월 온라인 접수 || 6000.0만원/total_support_scale/review: 확산 사업 수요 및 추경예산에 따라 변동 가능 ◦ (지원규모) 소요 비용의 60% 지원 (최대 60백만원) 지원구분 지원금 한도 사업기간 접수형태 신규구축 최대 60백만원 (총 사업비의 60% 이내) 6개월 온라인 접수 || 6000.0만원/support_amount/subtract: 저장 인프라 구축 등 포함 □ 지원조건 지원유형 지원조건 지원금(최대) 사업기간 신규구축 - 스마트공장 신규 구축 0.6억원 6개월 동일수준 - 수준향상 없이 재신청하는 경우 (기초→기초) 0 || 6000.0만원/consulting_fee/recommend_only: 6억원 6개월 동일수준 - 수준향상 없이 재신청하는 경우 (기초→기초) 0.6억원 6개월 □ [참고] 스마트공장 수준 구분(추진단 확인) 수준구분 수준요약 상세내용 지원유형 Lv || 50.0만원/fee/review: “적정” 또는 “성공” 판정에 따라 지방보조금 지원 ◦ (최종점검 결과 “적정”) : 최종점검 후 지방보조금 전액 교부 ◦ (최종점검 결과 “보완”) : 최종점검 후 지방보조금 50% 교부 최종 재평가 후 지방보조금 잔액 교부 기업부담금 50% 납부 기업부담금 50% 납부 사업착수 중간점검 최종점검(감리) 회계정산 최종평 || ... 후보 1개 추가,total_project_cost:6000.0 | self_funding:800.0 | unknown:50.0 | self_funding:800.0 | unknown:50.0 | self_funding:800.0,safe,clear_selected_candidate,https://www.smart-factory.kr/usr/bg/ba/ma/bsnsPbancDtl?pbancId=2026-N-0090&pbancSn=1
SMARTFACTORY:2026-N-0090:3,2026년 경북형 스마트공장(기초단계) 구축지원 사업 2차모집_(동일수준),스마트공장 사업관리시스템,json_only_review,13,7,6,,,unknown,review,0.6,후보 검수 필요,6000.0만원/total_support_scale/review: 지원규모 : 최대 6천만원(기초 || 6000.0만원/total_support_scale/review: 확산 사업 수요 및 추경예산에 따라 변동 가능 ◦ (지원규모) 소요 비용의 60% 지원 (최대 60백만원) 지원구분 지원금 한도 사업기간 접수형태 신규구축 최대 60백만원 (총 사업비의 60% 이내) 6개월 온라인 접수 || 6000.0만원/total_support_scale/review: 확산 사업 수요 및 추경예산에 따라 변동 가능 ◦ (지원규모) 소요 비용의 60% 지원 (최대 60백만원) 지원구분 지원금 한도 사업기간 접수형태 신규구축 최대 60백만원 (총 사업비의 60% 이내) 6개월 온라인 접수 || 6000.0만원/support_amount/subtract: 저장 인프라 구축 등 포함 □ 지원조건 지원유형 지원조건 지원금(최대) 사업기간 신규구축 - 스마트공장 신규 구축 0.6억원 6개월 동일수준 - 수준향상 없이 재신청하는 경우 (기초→기초) 0 || 6000.0만원/consulting_fee/recommend_only: 6억원 6개월 동일수준 - 수준향상 없이 재신청하는 경우 (기초→기초) 0.6억원 6개월 □ [참고] 스마트공장 수준 구분(추진단 확인) 수준구분 수준요약 상세내용 지원유형 Lv || 50.0만원/fee/review: “적정” 또는 “성공” 판정에 따라 지방보조금 지원 ◦ (최종점검 결과 “적정”) : 최종점검 후 지방보조금 전액 교부 ◦ (최종점검 결과 “보완”) : 최종점검 후 지방보조금 50% 교부 최종 재평가 후 지방보조금 잔액 교부 기업부담금 50% 납부 기업부담금 50% 납부 사업착수 중간점검 최종점검(감리) 회계정산 최종평 || ... 후보 1개 추가,total_project_cost:6000.0 | self_funding:800.0 | unknown:50.0 | self_funding:800.0 | unknown:50.0 | self_funding:800.0,safe,clear_selected_candidate,https://www.smart-factory.kr/usr/bg/ba/ma/bsnsPbancDtl?pbancId=2026-N-0090&pbancSn=3
SMARTFACTORY:2026-N-0099:1,[포항] 2026년 제조DX멘토단 활용지원(구축지도) 도입기업 모집공고,스마트공장 사업관리시스템,amount_update_ready,3,3,0,119.0,119.0,support_amount,subtract,0.85,확정,119.0만원/total_support_scale/review: 구축 지도 및 운영 애로사항 해결지원 구분 지원기간 지원규모 지원한도 지원비중 접수 평가선정 구축 지도 3개월(4회) 전국 400개사 내외 119만원 85% 최종 협약 후 2주 이내 수시 □ 신청 자격 ◦ 국내 제조기업 중「중소기업기본법」에 따른 중소기업 및 「중견기업 성장촉진 및 경쟁력 강 || 119.0만원/total_support_scale/review: 기술애로 해결 등 제조 노하우 전수 등 □ 지원 규모 및 조건 ◦ (지원규모) 400개사 내외 ◦ (지원조건) 총 사업비의 85% 지원 구 분 지원방법 지원기간 사업비(분담비율) 정부지원 민간부담 구축 지도 DX멘토단 1인 x 4회 최대 3개월 119만원(85%) 21만원(15%) * VAT미포함 □ 신청기간 ◦ 선도형 || 21.0만원/total_support_scale/review: 기술애로 해결 등 제조 노하우 전수 등 □ 지원 규모 및 조건 ◦ (지원규모) 400개사 내외 ◦ (지원조건) 총 사업비의 85% 지원 구 분 지원방법 지원기간 사업비(분담비율) 정부지원 민간부담 구축 지도 DX멘토단 1인 x 4회 최대 3개월 119만원(85%) 21만원(15%) * VAT미포함 □ 신청기간 ◦ 선도형,,needs_review,selected_candidate_missing,https://www.smart-factory.kr/usr/bg/ba/ma/bsnsPbancDtl?pbancId=2026-N-0099&pbancSn=1
SMARTFACTORY:2026-N-0100:1,"2026년도 경북 지역특화형(고도화) 스마트공장 구축사업 공고(방산, 모빌리티)",스마트공장 사업관리시스템,amount_update_ready,32,12,20,20000.0,20000.0,support_amount,subtract,0.5,확정,"20000.0만원/support_amount/subtract: 회 ( 1 회차 고도화 → 2 회차 동일수준 ) 까지 지원 하되 , 회당 최대 2 억원 한도 , 지원비율 50% 이내에서 지원 가능 지원유형 지원기간 정부 지원한도 지 || 20000.0만원/support_amount/subtract: 총 2.5억원 내에서 2회(1회차고도화→2회차동일수준)까지 지원하되, 회당 최대 2억원 한도, 지원비율 50% 이내에서 지원가능 * (예) 26년(목표수준 중간1, 고 || 10000.0만원/support_amount/subtract: 동일수준) 1억 * 2회차 동일수준 지원은 1회차 고도화 사업 완료(성공 판정) 이후 지원 가능 氠瑢 지원유형 지원기간 정부 지원한도 지원 비율 구축목표수준 || 5000.0만원/support_amount/subtract: 통해 “고도화” 지원받은 기업이 ‘26년도 “동일수준” 신청시, 기존처럼 최대 0.5억원, 6개월 이내 지원 가능(동일수준 지원은 목표수준별 1회만 지원 가능) 氠瑢 ◦ || 100.0만원/education_fee/recommend_only: 182 * 정산대상 사업비(총사업비) : 정부출연금 + 민간부담금 ② 교육비 : 스마트공장 기술교육(사업관리교육 및 기술교육) 수강 비용(1백만원) 필수 편성 ③ 기술임치비 : 스마트공장 구축 결과물의 기술임치비(45만원) 필수 편성 氠瑢 ◦ (임치제도) 사업 결과물의 핵심 정보를 보관하 || 45.0만원/education_fee/recommend_only: 182 * 정산대상 사업비(총사업비) : 정부출연금 + 민간부담금 ② 교육비 : 스마트공장 기술교육(사업관리교육 및 기술교육) 수강 비용(1백만원) 필수 편성 ③ 기술임치비 : 스마트공장 구축 결과물의 기술임치비(45만원) 필수 편성 氠瑢 ◦ (임치제도) 사업 결과물의 핵심 정보를 보관하여 개발 결과 || ... 후보 6개 추가",unknown:25000.0 | unknown:20000.0 | unknown:25000.0 | self_funding:4000.0 | unknown:1000.0 | unknown:25000.0 | unknown:15000.0 | unknown:20000.0,safe,clear_selected_candidate,https://www.smart-factory.kr/usr/bg/ba/ma/bsnsPbancDtl?pbancId=2026-N-0100&pbancSn=1
SMARTFACTORY:2026-N-0102:1,2026년도 강원 지역특화형(바이오헬스·식품) 스마트공장 구축사업(고도화) 공고,스마트공장 사업관리시스템,amount_update_ready,15,6,9,20000.0,20000.0,support_amount,subtract,0.5,확정,"20000.0만원/support_amount/subtract: 원 내에서 2회( 1회차 고도화→ 2회차 동일수준) 까지 지원 하되, 회당 최대 2억원 한도, 지원비율 50% 이내에서 지원 가능 * 단, 공고일 전에 스마트공장 구축 || 5000.0만원/support_amount/subtract: 통해 “고도화” 지원받은 기업이 ‘26년도 “동일수준” 신청시, 기존처럼 최대 0.5억원, 6개월 이내 지원 가능(동일수준 지원은 목표수준별 1회만 지원 가능) - 기초 || 8000.0만원/support_amount/subtract: 6개월 이내 지원 가능(동일수준 지원은 목표수준별 1회만 지원 가능) - 기초: 신규 구축 및 동일 수준 0.8 억원 이내(지원 비율 80% 이내) 지원유형 지원기간 정부 지원한도 지원 비율 구축목표수준 || 100.0만원/education_fee/recommend_only: 000 ‘기타비용’에 필수 편성 ② 교육비( 고도화 ) : 스마트공장 기술교육 (사업관리교육 및 기술교육) 수강 비용 (1백만원) 필수 편성 ③ 기술임치비( 고도화 ) : 스마트공장 구축 결과물의 기술임치비 (45만원) 필수 편성 ◦ (임치제도) 사업 결과물의 핵심 정보 || 45.0만원/education_fee/recommend_only: 000 ‘기타비용’에 필수 편성 ② 교육비( 고도화 ) : 스마트공장 기술교육 (사업관리교육 및 기술교육) 수강 비용 (1백만원) 필수 편성 ③ 기술임치비( 고도화 ) : 스마트공장 구축 결과물의 기술임치비 (45만원) 필수 편성 ◦ (임치제도) 사업 결과물의 핵심 정보를 보관하여 개발 결과 || 100.0만원/education_fee/recommend_only: 완료보고서 제출 시 수료증 첨부 - 집합교육으로 비용 발생(사업계획서에 교육비 100만원 계상) * 교육 상세내용 및 일정은 협약 체결 후 추진기관‧운영기관‧교육기관에서 별도 안내 예정 □ 기타 사항 ◦ 동 사업에 최종 선정된 기업",unknown:25000.0 | unknown:20000.0 | unknown:25000.0 | unknown:8000.0 | unknown:5000.0 | unknown:20000.0 | unknown:40000.0 | unknown:40000.0,needs_review,large_amount_delta,https://www.smart-factory.kr/usr/bg/ba/ma/bsnsPbancDtl?pbancId=2026-N-0102&pbancSn=1
SMARTFACTORY:2026-N-0103:1,2026년도 강원 지역특화형(바이오헬스·식품) 스마트공장 구축사업(기초) 공고,스마트공장 사업관리시스템,amount_update_ready,15,6,9,20000.0,20000.0,support_amount,subtract,0.5,확정,"20000.0만원/support_amount/subtract: 원 내에서 2회( 1회차 고도화→ 2회차 동일수준) 까지 지원 하되, 회당 최대 2억원 한도, 지원비율 50% 이내에서 지원 가능 * 단, 공고일 전에 스마트공장 구축 || 5000.0만원/support_amount/subtract: 통해 “고도화” 지원받은 기업이 ‘26년도 “동일수준” 신청시, 기존처럼 최대 0.5억원, 6개월 이내 지원 가능(동일수준 지원은 목표수준별 1회만 지원 가능) - 기초 || 8000.0만원/support_amount/subtract: 6개월 이내 지원 가능(동일수준 지원은 목표수준별 1회만 지원 가능) - 기초: 신규 구축 및 동일 수준 0.8 억원 이내(지원 비율 80% 이내) 지원유형 지원기간 정부 지원한도 지원 비율 구축목표수준 || 100.0만원/education_fee/recommend_only: 000 ‘기타비용’에 필수 편성 ② 교육비( 고도화 ) : 스마트공장 기술교육 (사업관리교육 및 기술교육) 수강 비용 (1백만원) 필수 편성 ③ 기술임치비( 고도화 ) : 스마트공장 구축 결과물의 기술임치비 (45만원) 필수 편성 ◦ (임치제도) 사업 결과물의 핵심 정보 || 45.0만원/education_fee/recommend_only: 000 ‘기타비용’에 필수 편성 ② 교육비( 고도화 ) : 스마트공장 기술교육 (사업관리교육 및 기술교육) 수강 비용 (1백만원) 필수 편성 ③ 기술임치비( 고도화 ) : 스마트공장 구축 결과물의 기술임치비 (45만원) 필수 편성 ◦ (임치제도) 사업 결과물의 핵심 정보를 보관하여 개발 결과 || 100.0만원/education_fee/recommend_only: 완료보고서 제출 시 수료증 첨부 - 집합교육으로 비용 발생(사업계획서에 교육비 100만원 계상) * 교육 상세내용 및 일정은 협약 체결 후 추진기관‧운영기관‧교육기관에서 별도 안내 예정 □ 기타 사항 ◦ 동 사업에 최종 선정된 기업",unknown:25000.0 | unknown:20000.0 | unknown:25000.0 | unknown:8000.0 | unknown:5000.0 | unknown:20000.0 | unknown:40000.0 | unknown:40000.0,needs_review,large_amount_delta,https://www.smart-factory.kr/usr/bg/ba/ma/bsnsPbancDtl?pbancId=2026-N-0103&pbancSn=1
SMARTFACTORY:2026-N-0104:1,2026 제조DX멘토 활용지원 구축지도 도입기업 모집,스마트공장 사업관리시스템,json_only_review,4,3,1,,,unknown,review,,후보 검수 필요,862000.0만원/total_support_scale/review: 구축 지도 및 운영 애로사항 해결지원□지원규모 : 총 86.2억원 || 119.0만원/total_support_scale/review: 기술애로 해결 등 제조 노하우 전수 등□지원 규모 및 조건◦(지원규모)400개사 내외 (전국)◦(지원조건)총 사업비의 85%지원구 분지원방법지원기간사업비(분담비율)정부지원(85%)민간부담(15%)구축지도DX멘토단 1인 x 4회최대 3개월119만원21만원□ 신청기간◦대전 스마트공장 구축지원사업 최종 선정 및 협약 후 2주 || 21.0만원/total_support_scale/review: 기술애로 해결 등 제조 노하우 전수 등□지원 규모 및 조건◦(지원규모)400개사 내외 (전국)◦(지원조건)총 사업비의 85%지원구 분지원방법지원기간사업비(분담비율)정부지원(85%)민간부담(15%)구축지도DX멘토단 1인 x 4회최대 3개월119만원21만원□ 신청기간◦대전 스마트공장 구축지원사업 최종 선정 및 협약 후 2주,unknown:119.0,needs_review,selected_candidate_missing,https://www.smart-factory.kr/usr/bg/ba/ma/bsnsPbancDtl?pbancId=2026-N-0104&pbancSn=1
SMARTFACTORY:2026-N-0105:1,2026년도 강원 지역특화형(바이오헬스·식품) 스마트공장 구축사업(동일수준) 공고,스마트공장 사업관리시스템,json_only_review,15,6,9,,,unknown,review,0.5,후보 검수 필요,"20000.0만원/support_amount/subtract: 원 내에서 2회( 1회차 고도화→ 2회차 동일수준) 까지 지원 하되, 회당 최대 2억원 한도, 지원비율 50% 이내에서 지원 가능 * 단, 공고일 전에 스마트공장 구축 || 5000.0만원/support_amount/subtract: 통해 “고도화” 지원받은 기업이 ‘26년도 “동일수준” 신청시, 기존처럼 최대 0.5억원, 6개월 이내 지원 가능(동일수준 지원은 목표수준별 1회만 지원 가능) - 기초 || 8000.0만원/support_amount/subtract: 6개월 이내 지원 가능(동일수준 지원은 목표수준별 1회만 지원 가능) - 기초: 신규 구축 및 동일 수준 0.8 억원 이내(지원 비율 80% 이내) 지원유형 지원기간 정부 지원한도 지원 비율 구축목표수준 || 100.0만원/education_fee/recommend_only: 000 ‘기타비용’에 필수 편성 ② 교육비( 고도화 ) : 스마트공장 기술교육 (사업관리교육 및 기술교육) 수강 비용 (1백만원) 필수 편성 ③ 기술임치비( 고도화 ) : 스마트공장 구축 결과물의 기술임치비 (45만원) 필수 편성 ◦ (임치제도) 사업 결과물의 핵심 정보 || 45.0만원/education_fee/recommend_only: 000 ‘기타비용’에 필수 편성 ② 교육비( 고도화 ) : 스마트공장 기술교육 (사업관리교육 및 기술교육) 수강 비용 (1백만원) 필수 편성 ③ 기술임치비( 고도화 ) : 스마트공장 구축 결과물의 기술임치비 (45만원) 필수 편성 ◦ (임치제도) 사업 결과물의 핵심 정보를 보관하여 개발 결과 || 100.0만원/education_fee/recommend_only: 완료보고서 제출 시 수료증 첨부 - 집합교육으로 비용 발생(사업계획서에 교육비 100만원 계상) * 교육 상세내용 및 일정은 협약 체결 후 추진기관‧운영기관‧교육기관에서 별도 안내 예정 □ 기타 사항 ◦ 동 사업에 최종 선정된 기업",unknown:25000.0 | unknown:20000.0 | unknown:25000.0 | unknown:8000.0 | unknown:5000.0 | unknown:20000.0 | unknown:40000.0 | unknown:40000.0,needs_review,large_amount_delta,https://www.smart-factory.kr/usr/bg/ba/ma/bsnsPbancDtl?pbancId=2026-N-0105&pbancSn=1
SMARTFACTORY:2026-N-0106:1,(충북) 2026년 제조 AI 현장 적용 지원 사업,스마트공장 사업관리시스템,json_only_review,10,1,9,,,unknown,review,,후보 검수 필요,8000.0만원/total_support_scale/review: 제지q (지원규모) 기업당 최대 80백만원 이내,unknown:500.0 | total_project_cost:1000.0 | total_project_cost:8000.0 | total_project_cost:500.0 | total_project_cost:8500.0 | total_project_cost:8000.0 | total_project_cost:1000.0 | total_project_cost:9000.0,needs_review,selected_candidate_missing,https://www.smart-factory.kr/usr/bg/ba/ma/bsnsPbancDtl?pbancId=2026-N-0106&pbancSn=1
SMARTFACTORY:2026-N-0107:1,2026년 경남 산업안전AI 스마트공장 구축 지원사업 공고,스마트공장 사업관리시스템,amount_update_ready,14,5,9,28000.0,28000.0,support_amount,subtract,0.35,확정,"28000.0만원/support_amount/subtract: 양산(시군비 매칭이 된 지역만 가능) ◦ (지원 조건) - 지원기간 내 AI공장 구축이 가능한 기업은 도입 예정인 ’AI기능‘과 ’적용 공정‘을 선택하여(붙임1 참조) 최대 2.8억원 내에서 구축 지원 氠瑢 구축목표수준 || 28000.0만원/support_amount/subtract: 자부담 30% 지원금 최대 2.8억원 이내 (도비1 || 14000.0만원/support_amount/subtract: 도비 35%, 시군비 35%, 자부담 30% 지원금 최대 2.8억원 이내 (도비1.4억원, 시군비 1.4억원) 최대 9개월 이내 ※ 구축목표수준은 KS X 9001-1( || 100.0만원/education_fee/recommend_only: 완료보고서 제출 시 수료증 첨부 - 집합교육으로 비용 발생(사업계획서에 교육비 100만원 계상) * 교육 상세내용 및 일정은 협약 체결 후 추진기관‧운영기관에서 별도 안내 예정 □ 기타 사항 ◦ 본 사업의 공고 이외의 사항은 202 || None만원/support_ratio/ratio_cap: 2026년 경남 산업안전AI 스마트공장 구축 지원사업 공고 스마트공장 사업관리시스템 2026년 경남 산업안전AI 스마트공장 구축 지원사업 공고 [attachment_text 1: 첨부1. (공고문)2026년도 경남 산업안전AI 스마트공장 구축 지원사업 공고(수정)1.hwp] 捤獥 汤捯 湰灧 [(재)경남테크노파크 공고 제",unknown:40000.0 | unknown:14000.0 | unknown:5000.0 | unknown:20000.0 | unknown:40000.0 | unknown:40000.0 | self_funding:100.0 | self_funding:45.0,safe,clear_selected_candidate,https://www.smart-factory.kr/usr/bg/ba/ma/bsnsPbancDtl?pbancId=2026-N-0107&pbancSn=1
SMARTFACTORY:2026-N-0109:1,2026년 대구지역 스마트공장 구축(기초단계)지원 사업,스마트공장 사업관리시스템,amount_update_ready,5,2,3,4700.0,4700.0,support_amount,subtract,,확정,"4700.0만원/support_amount/subtract: RFID 등) 인프라 구축 지원 (지원대상) 대구광역시 소재 중소기업 중 스마트공장 미적용 기업 (지원과제) 11개사 내외 (지원 조건) 기업당 최대 47백만원 지원 || 940.0만원/non_cash/recommend_only: 기업부담금의 20% 이내 (최대 9,400천원)까지 편성 가능 - 스마트공장 구축 및 시스템 안정화 등을 위한 도입기업 인건비 편성 가능 * 인건비 지급 증빙자료(입금확인증 등) 및 수행일",total_project_cost:4700.0 | total_project_cost:5000.0 | total_project_cost:20000.0,safe,clear_selected_candidate,https://www.smart-factory.kr/usr/bg/ba/ma/bsnsPbancDtl?pbancId=2026-N-0109&pbancSn=1
SMARTFACTORY:2026-N-0110:2,[현대자동차그룹]2026 대중소상생형 스마트공장 구축(고도화 동일),스마트공장 사업관리시스템,no_support_candidate,15,0,15,,,unknown,review,,후보 없음,,total_project_cost:3000.0 | total_project_cost:6000.0 | total_project_cost:1000.0 | total_project_cost:3000.0 | total_project_cost:5000.0 | total_project_cost:2000.0 | total_project_cost:3000.0 | total_project_cost:5000.0,needs_review,selected_candidate_missing,https://www.smart-factory.kr/usr/bg/ba/ma/bsnsPbancDtl?pbancId=2026-N-0110&pbancSn=2
SMARTFACTORY:2026-N-0110:4,[현대자동차그룹]2026 대중소상생형 스마트공장 구축(고도화1),스마트공장 사업관리시스템,no_support_candidate,15,0,15,,,unknown,review,,후보 없음,,total_project_cost:3000.0 | total_project_cost:6000.0 | total_project_cost:1000.0 | total_project_cost:3000.0 | total_project_cost:5000.0 | total_project_cost:2000.0 | total_project_cost:3000.0 | total_project_cost:5000.0,needs_review,selected_candidate_missing,https://www.smart-factory.kr/usr/bg/ba/ma/bsnsPbancDtl?pbancId=2026-N-0110&pbancSn=4
SMARTFACTORY:2026-N-0110:5,[현대자동차그룹]2026 대중소상생형 스마트공장 구축(기초),스마트공장 사업관리시스템,no_support_candidate,15,0,15,,,unknown,review,,후보 없음,,total_project_cost:3000.0 | total_project_cost:6000.0 | total_project_cost:1000.0 | total_project_cost:3000.0 | total_project_cost:5000.0 | total_project_cost:2000.0 | total_project_cost:3000.0 | total_project_cost:5000.0,needs_review,selected_candidate_missing,https://www.smart-factory.kr/usr/bg/ba/ma/bsnsPbancDtl?pbancId=2026-N-0110&pbancSn=5
SMARTFACTORY:2026-N-0111:1,[제주] 2026년 제조DX멘토단 활용지원(구축지도) 도입기업 모집 공고,스마트공장 사업관리시스템,amount_update_ready,3,3,0,119.0,119.0,support_amount,subtract,0.85,확정,119.0만원/total_support_scale/review: 구축 지도 및 운영 애로사항 해결지원 구분지원기간지원규모지원한도지원비중접수평가선정구축 지도3개월(4회)400개사 내외119만원85%최종 협약 후 2주 이내수시□신청 자격◦국내 제조기업 중「중소기업기본법」에 따른 중소기업 및 「중견기업성장촉진 및 경쟁력 강화에 관한 특별 || 119.0만원/total_support_scale/review: 기술애로 해결 등 제조 노하우 전수 등□지원 규모 및 조건◦(지원규모)400개사 내외◦(지원조건)총 사업비의 85%지원구 분지원방법지원기간사업비(분담비율)정부지원민간부담구축 지도DX멘토단 1인 x 4회최대 3개월119만원(85%)21만원(15%)* VAT미포함□ 신청기간◦선도형 스마트공장 구축지원사업 최종 선정 및 협약 || 21.0만원/total_support_scale/review: 기술애로 해결 등 제조 노하우 전수 등□지원 규모 및 조건◦(지원규모)400개사 내외◦(지원조건)총 사업비의 85%지원구 분지원방법지원기간사업비(분담비율)정부지원민간부담구축 지도DX멘토단 1인 x 4회최대 3개월119만원(85%)21만원(15%)* VAT미포함□ 신청기간◦선도형 스마트공장 구축지원사업 최종 선정 및 협약,,needs_review,selected_candidate_missing,https://www.smart-factory.kr/usr/bg/ba/ma/bsnsPbancDtl?pbancId=2026-N-0111&pbancSn=1
SMARTFACTORY:2026-N-0112:1,2026년 전북형 스마트 제조혁신 프로젝트 추가모집 (JS1-일반과제),스마트공장 사업관리시스템,no_support_candidate,22,0,22,,,unknown,review,,후보 없음,,unknown:5000.0 | unknown:4000.0 | unknown:10000.0 | unknown:8000.0 | unknown:20000.0 | unknown:14000.0 | revenue_condition:500000.0 | total_project_cost:4000.0,needs_review,selected_candidate_missing,https://www.smart-factory.kr/usr/bg/ba/ma/bsnsPbancDtl?pbancId=2026-N-0112&pbancSn=1
SMARTFACTORY:2026-N-0112:2,2026년 전북형 스마트 제조혁신 프로젝트 추가모집 (JS1-간편자동화과제),스마트공장 사업관리시스템,no_support_candidate,22,0,22,,,unknown,review,,후보 없음,,unknown:5000.0 | unknown:4000.0 | unknown:10000.0 | unknown:8000.0 | unknown:20000.0 | unknown:14000.0 | revenue_condition:500000.0 | total_project_cost:4000.0,needs_review,selected_candidate_missing,https://www.smart-factory.kr/usr/bg/ba/ma/bsnsPbancDtl?pbancId=2026-N-0112&pbancSn=2
SMARTFACTORY:2026-N-0113:1,[포스코DX] 2026년도 상생형 인공지능 전환(AX) 선도모델 구축지원 사업 공고,스마트공장 사업관리시스템,json_only_review,17,14,3,,,unknown,review,0.98,후보 검수 필요,"150.0만원/education_fee/recommend_only: ②교육비 및 ③기술임치 비용을 사업비의 기타 비용에 필수 포함 ①원가계산비용 :과제 당 1,500,000원 필수 편성 ②교육비 :스마트공장 기술교육(사업관리교육 및 기술교육)수강 비용(1백만원)필수 편성 ③기술임치비 :스마트공장 구축 결과물의 기술임 || 100.0만원/education_fee/recommend_only: 000원 필수 편성 ②교육비 :스마트공장 기술교육(사업관리교육 및 기술교육)수강 비용(1백만원)필수 편성 ③기술임치비 :스마트공장 구축 결과물의 기술임치비(45만원)필수 편성 ◦ (임치제도) 사업 결과물의 핵심 정보를 보관하여 개발 결과 || 45.0만원/education_fee/recommend_only: 000원 필수 편성 ②교육비 :스마트공장 기술교육(사업관리교육 및 기술교육)수강 비용(1백만원)필수 편성 ③기술임치비 :스마트공장 구축 결과물의 기술임치비(45만원)필수 편성 ◦ (임치제도) 사업 결과물의 핵심 정보를 보관하여 개발 결과 || 5000.0만원/fee/review: kr) ④정산 수수료 :지정 회계법인의 사업비 상시모니터링 및 정산을 위한 수수료 필수 편성총사업비 규모표준수수료(공급가액 기준) 비고50백만원 이하455천원부가세 제외200백만원 이하637천원400백만원 이하910천원400백만원 초과1 || 45.5만원/fee/review: kr) ④정산 수수료 :지정 회계법인의 사업비 상시모니터링 및 정산을 위한 수수료 필수 편성총사업비 규모표준수수료(공급가액 기준) 비고50백만원 이하455천원부가세 제외200백만원 이하637천원400백만원 이하910천원400백만원 초과1 || 20000.0만원/fee/review: kr) ④정산 수수료 :지정 회계법인의 사업비 상시모니터링 및 정산을 위한 수수료 필수 편성총사업비 규모표준수수료(공급가액 기준) 비고50백만원 이하455천원부가세 제외200백만원 이하637천원400백만원 이하910천원400백만원 초과1 || ... 후보 8개 추가",total_project_cost:150000.0 | unknown:300000.0 | unknown:150000.0,needs_review,selected_candidate_missing,https://www.smart-factory.kr/usr/bg/ba/ma/bsnsPbancDtl?pbancId=2026-N-0113&pbancSn=1
SMARTFACTORY:2026-N-0114:1,[미라콤] 2026년도 상생형 인공지능 전환(AX) 선도모델 구축지원 사업 공고,스마트공장 사업관리시스템,json_only_review,17,14,3,,,unknown,review,0.98,후보 검수 필요,"150.0만원/education_fee/recommend_only: ②교육비 및 ③기술임치 비용을 사업비의 기타 비용에 필수 포함 ①원가계산비용 :과제 당 1,500,000원 필수 편성 ②교육비 :스마트공장 기술교육(사업관리교육 및 기술교육)수강 비용(1백만원)필수 편성 ③기술임치비 :스마트공장 구축 결과물의 기술임 || 100.0만원/education_fee/recommend_only: 000원 필수 편성 ②교육비 :스마트공장 기술교육(사업관리교육 및 기술교육)수강 비용(1백만원)필수 편성 ③기술임치비 :스마트공장 구축 결과물의 기술임치비(45만원)필수 편성 ◦ (임치제도) 사업 결과물의 핵심 정보를 보관하여 개발 결과 || 45.0만원/education_fee/recommend_only: 000원 필수 편성 ②교육비 :스마트공장 기술교육(사업관리교육 및 기술교육)수강 비용(1백만원)필수 편성 ③기술임치비 :스마트공장 구축 결과물의 기술임치비(45만원)필수 편성 ◦ (임치제도) 사업 결과물의 핵심 정보를 보관하여 개발 결과 || 5000.0만원/fee/review: kr) - 7 - ④정산 수수료 :지정 회계법인의 사업비 상시모니터링 및 정산을 위한 수수료 필수 편성총사업비 규모표준수수료(공급가액 기준) 비고50백만원 이하455천원부가세 제외200백만원 이하637천원400백만원 이하910천원400백만원 초과1 || 45.5만원/fee/review: kr) - 7 - ④정산 수수료 :지정 회계법인의 사업비 상시모니터링 및 정산을 위한 수수료 필수 편성총사업비 규모표준수수료(공급가액 기준) 비고50백만원 이하455천원부가세 제외200백만원 이하637천원400백만원 이하910천원400백만원 초과1 || 20000.0만원/fee/review: kr) - 7 - ④정산 수수료 :지정 회계법인의 사업비 상시모니터링 및 정산을 위한 수수료 필수 편성총사업비 규모표준수수료(공급가액 기준) 비고50백만원 이하455천원부가세 제외200백만원 이하637천원400백만원 이하910천원400백만원 초과1 || ... 후보 8개 추가",total_project_cost:150000.0 | unknown:300000.0 | unknown:150000.0,needs_review,selected_candidate_missing,https://www.smart-factory.kr/usr/bg/ba/ma/bsnsPbancDtl?pbancId=2026-N-0114&pbancSn=1
SMARTFACTORY:2026-N-0115:1,[LS일렉트릭] 2026년도 상생형 인공지능 전환(AX) 선도모델 구축지원 사업 공고,스마트공장 사업관리시스템,json_only_review,17,14,3,,,unknown,review,1.0,후보 검수 필요,"150.0만원/education_fee/recommend_only: ②교육비 및 ③기술임치 비용을 사업비의 기타 비용에 필수 포함 ①원가계산비용 :과제 당 1,500,000원 필수 편성 ②교육비 :스마트공장 기술교육(사업관리교육 및 기술교육)수강 비용(1백만원)필수 편성 ③기술임치비 :스마트공장 구축 결과물의 기술임 || 100.0만원/education_fee/recommend_only: 000원 필수 편성 ②교육비 :스마트공장 기술교육(사업관리교육 및 기술교육)수강 비용(1백만원)필수 편성 ③기술임치비 :스마트공장 구축 결과물의 기술임치비(45만원)필수 편성 ◦ (임치제도) 사업 결과물의 핵심 정보를 보관하여 개발 결과 || 45.0만원/education_fee/recommend_only: 000원 필수 편성 ②교육비 :스마트공장 기술교육(사업관리교육 및 기술교육)수강 비용(1백만원)필수 편성 ③기술임치비 :스마트공장 구축 결과물의 기술임치비(45만원)필수 편성 ◦ (임치제도) 사업 결과물의 핵심 정보를 보관하여 개발 결과 || 5000.0만원/fee/review: kr) - 7 - ④정산 수수료 :지정 회계법인의 사업비 상시모니터링 및 정산을 위한 수수료 필수 편성총사업비 규모표준수수료(공급가액 기준) 비고50백만원 이하455천원부가세 제외200백만원 이하637천원400백만원 이하910천원400백만원 초과1 || 45.5만원/fee/review: kr) - 7 - ④정산 수수료 :지정 회계법인의 사업비 상시모니터링 및 정산을 위한 수수료 필수 편성총사업비 규모표준수수료(공급가액 기준) 비고50백만원 이하455천원부가세 제외200백만원 이하637천원400백만원 이하910천원400백만원 초과1 || 20000.0만원/fee/review: kr) - 7 - ④정산 수수료 :지정 회계법인의 사업비 상시모니터링 및 정산을 위한 수수료 필수 편성총사업비 규모표준수수료(공급가액 기준) 비고50백만원 이하455천원부가세 제외200백만원 이하637천원400백만원 이하910천원400백만원 초과1 || ... 후보 8개 추가",total_project_cost:150000.0 | unknown:300000.0 | unknown:150000.0,needs_review,selected_candidate_missing,https://www.smart-factory.kr/usr/bg/ba/ma/bsnsPbancDtl?pbancId=2026-N-0115&pbancSn=1
SMARTFACTORY:2026-N-0118:1,[LG전자] 2026년도 상생형 인공지능 전환(AX) 선도모델 구축지원 사업 공고,스마트공장 사업관리시스템,json_only_review,17,14,3,,,unknown,review,0.5,후보 검수 필요,"150.0만원/education_fee/recommend_only: ②교육비 및 ③기술임치 비용을 사업비의 기타 비용에 필수 포함 ①원가계산비용 :과제 당 1,500,000원 필수 편성 ②교육비 :스마트공장 기술교육(사업관리교육 및 기술교육)수강 비용(1백만원)필수 편성 ③기술임치비 :스마트공장 구축 결과물의 기술임 || 100.0만원/education_fee/recommend_only: 000원 필수 편성 ②교육비 :스마트공장 기술교육(사업관리교육 및 기술교육)수강 비용(1백만원)필수 편성 ③기술임치비 :스마트공장 구축 결과물의 기술임치비(45만원)필수 편성 ◦ (임치제도) 사업 결과물의 핵심 정보를 보관하여 개발 결과 || 45.0만원/education_fee/recommend_only: 000원 필수 편성 ②교육비 :스마트공장 기술교육(사업관리교육 및 기술교육)수강 비용(1백만원)필수 편성 ③기술임치비 :스마트공장 구축 결과물의 기술임치비(45만원)필수 편성 ◦ (임치제도) 사업 결과물의 핵심 정보를 보관하여 개발 결과 || 5000.0만원/fee/review: kr) ④정산 수수료 :지정 회계법인이 사업비 상시모니터링 및 정산을 위한 수수료 필수 편성총사업비 규모표준수수료(공급가액 기준) 비고50백만원 이하455천원부가세 제외200백만원 이하637천원400백만원 이하910천원400백만원 초과1 || 45.5만원/fee/review: kr) ④정산 수수료 :지정 회계법인이 사업비 상시모니터링 및 정산을 위한 수수료 필수 편성총사업비 규모표준수수료(공급가액 기준) 비고50백만원 이하455천원부가세 제외200백만원 이하637천원400백만원 이하910천원400백만원 초과1 || 20000.0만원/fee/review: kr) ④정산 수수료 :지정 회계법인이 사업비 상시모니터링 및 정산을 위한 수수료 필수 편성총사업비 규모표준수수료(공급가액 기준) 비고50백만원 이하455천원부가세 제외200백만원 이하637천원400백만원 이하910천원400백만원 초과1 || ... 후보 8개 추가",total_project_cost:150000.0 | unknown:300000.0 | unknown:150000.0,needs_review,selected_candidate_missing,https://www.smart-factory.kr/usr/bg/ba/ma/bsnsPbancDtl?pbancId=2026-N-0118&pbancSn=1
SMARTFACTORY:2026-N-0119:1,[CJ올리브네트웍스] 2026년도 상생형 인공지능 전환(AX) 선도모델 구축지원 사업 공고,스마트공장 사업관리시스템,json_only_review,17,14,3,,,unknown,review,0.5,후보 검수 필요,"150.0만원/education_fee/recommend_only: ②교육비 및 ③기술임치 비용을 사업비의 기타 비용에 필수 포함 ①원가계산비용 :과제 당 1,500,000원 필수 편성 ②교육비 :스마트공장 기술교육(사업관리교육 및 기술교육)수강 비용(1백만원)필수 편성 ③기술임치비 :스마트공장 구축 결과물의 기술임 || 100.0만원/education_fee/recommend_only: 000원 필수 편성 ②교육비 :스마트공장 기술교육(사업관리교육 및 기술교육)수강 비용(1백만원)필수 편성 ③기술임치비 :스마트공장 구축 결과물의 기술임치비(45만원)필수 편성 - 8 - ◦ (임치제도) 사업 결과물의 핵심 정보를 보관하여 || 45.0만원/education_fee/recommend_only: 000원 필수 편성 ②교육비 :스마트공장 기술교육(사업관리교육 및 기술교육)수강 비용(1백만원)필수 편성 ③기술임치비 :스마트공장 구축 결과물의 기술임치비(45만원)필수 편성 - 8 - ◦ (임치제도) 사업 결과물의 핵심 정보를 보관하여 개발 결과 || 5000.0만원/fee/review: kr) ④정산 수수료 :지정 회계법인이 사업비 상시모니터링 및 정산을 위한 수수료 필수 편성총사업비 규모표준수수료(공급가액 기준) 비고50백만원 이하455천원부가세 제외200백만원 이하637천원400백만원 이하910천원400백만원 초과1 || 45.5만원/fee/review: kr) ④정산 수수료 :지정 회계법인이 사업비 상시모니터링 및 정산을 위한 수수료 필수 편성총사업비 규모표준수수료(공급가액 기준) 비고50백만원 이하455천원부가세 제외200백만원 이하637천원400백만원 이하910천원400백만원 초과1 || 20000.0만원/fee/review: kr) ④정산 수수료 :지정 회계법인이 사업비 상시모니터링 및 정산을 위한 수수료 필수 편성총사업비 규모표준수수료(공급가액 기준) 비고50백만원 이하455천원부가세 제외200백만원 이하637천원400백만원 이하910천원400백만원 초과1 || ... 후보 8개 추가",total_project_cost:150000.0 | unknown:300000.0 | unknown:150000.0,needs_review,selected_candidate_missing,https://www.smart-factory.kr/usr/bg/ba/ma/bsnsPbancDtl?pbancId=2026-N-0119&pbancSn=1
SMARTFACTORY:2026-N-0120:1,[한국네트웍스] 2026년도 상생형 인공지능 전환(AX) 선도모델 구축지원 사업 공고,스마트공장 사업관리시스템,json_only_review,17,14,3,,,unknown,review,0.98,후보 검수 필요,"150.0만원/education_fee/recommend_only: ②교육비 및 ③기술임치 비용을 사업비의 기타 비용에 필수 포함 ①원가계산비용 :과제 당 1,500,000원 필수 편성 ②교육비 :스마트공장 기술교육(사업관리교육 및 기술교육)수강 비용(1백만원)필수 편성 ③기술임치비 :스마트공장 구축 결과물의 기술임 || 100.0만원/education_fee/recommend_only: 000원 필수 편성 ②교육비 :스마트공장 기술교육(사업관리교육 및 기술교육)수강 비용(1백만원)필수 편성 ③기술임치비 :스마트공장 구축 결과물의 기술임치비(45만원)필수 편성 ◦ (임치제도) 사업 결과물의 핵심 정보를 보관하여 개발 결과 || 45.0만원/education_fee/recommend_only: 000원 필수 편성 ②교육비 :스마트공장 기술교육(사업관리교육 및 기술교육)수강 비용(1백만원)필수 편성 ③기술임치비 :스마트공장 구축 결과물의 기술임치비(45만원)필수 편성 ◦ (임치제도) 사업 결과물의 핵심 정보를 보관하여 개발 결과 || 5000.0만원/fee/review: kr) - 7 - ④정산 수수료 :지정 회계법인의 사업비 상시모니터링 및 정산을 위한 수수료 필수 편성총사업비 규모표준수수료(공급가액 기준) 비고50백만원 이하455천원부가세 제외200백만원 이하637천원400백만원 이하910천원400백만원 초과1 || 45.5만원/fee/review: kr) - 7 - ④정산 수수료 :지정 회계법인의 사업비 상시모니터링 및 정산을 위한 수수료 필수 편성총사업비 규모표준수수료(공급가액 기준) 비고50백만원 이하455천원부가세 제외200백만원 이하637천원400백만원 이하910천원400백만원 초과1 || 20000.0만원/fee/review: kr) - 7 - ④정산 수수료 :지정 회계법인의 사업비 상시모니터링 및 정산을 위한 수수료 필수 편성총사업비 규모표준수수료(공급가액 기준) 비고50백만원 이하455천원부가세 제외200백만원 이하637천원400백만원 이하910천원400백만원 초과1 || ... 후보 8개 추가",total_project_cost:150000.0 | unknown:300000.0 | unknown:150000.0,needs_review,selected_candidate_missing,https://www.smart-factory.kr/usr/bg/ba/ma/bsnsPbancDtl?pbancId=2026-N-0120&pbancSn=1
SMARTFACTORY:2026-N-0121:1,2026년「푸드테크 스마트 제조 기반 구축」사업 공고(기초)_4차 재공고,스마트공장 사업관리시스템,json_only_review,11,6,5,,,unknown,review,0.7,후보 검수 필요,"6000.0만원/support_amount/subtract: 기업 브랜드 강화로 기업 정책자금 단계별 맞춤 지원프로그램 연계지원 □ 지원조건 ◦ 스마트공장 구축 지원유형 지원기간 지원한도 지원비율 구축목표수준 1) 기초 2) 최대 6개월 최대 0.6억원 지자체 70% 이내 기초수준 스마트공장 구축 기초 (동일수준) 최대 6개월 최대 0 || 80000.0만원/loan/exclude: 체 등 생산설비에 소요되는 자금 장기저리, 융자 지원 * 금리 2.5%(변동), 8억원(시설)/3년거치, 5년 균등분할 * 사업장 신축 및 부지매입비, 공장매입비, 사 || 6000000.0만원/loan/exclude: 생산설비 구입 등에 소요되는 자금 총융자액 600억 규모로 운영 중 지원 예산 범위 내 일부 연계 지원 시제품 제작 지원 [시제품 제작 지원] K-푸드 수출향 제품 || 400.0만원/non_cash/recommend_only: 수출 적합성 검토 인증비용 - 최대 4백만원 || 80000.0만원/loan/exclude: 체 등 생산설비에 소요되는 자금 장기저리, 융자 지원 * 금리 2.5%(변동), 8억원(시설)/3년거치, 5년 균등분할 * 사업장 신축 및 부지매입비, 공장매입비, 사 || None만원/support_ratio/ratio_cap: 2026년「푸드테크 스마트 제조 기반 구축」사업 공고(기초)_4차 재공고 스마트공장 사업관리시스템 [ 구미전자정보기술원 공고 2026-172 호 ] 2026 년 「 푸드테크 스마트 제조 기반 구축 」 사업 공고 (4차 재공고) 식품 제조 · 가공업체 생산 제조현장의 첨단화로 안정적인 식자제 관리 , 스마트 식품생산 , 품",unknown:3000.0 | unknown:400.0 | unknown:4500.0 | self_funding:6000.0 | unknown:720.0,safe,clear_selected_candidate,https://www.smart-factory.kr/usr/bg/ba/ma/bsnsPbancDtl?pbancId=2026-N-0121&pbancSn=1
SMARTFACTORY:2026-N-0122:1,[코오롱베니트] 2026년도 상생형 인공지능 전환(AX) 선도모델 구축지원 사업 공고,스마트공장 사업관리시스템,json_only_review,17,14,3,,,unknown,review,0.5,후보 검수 필요,"150.0만원/education_fee/recommend_only: ②교육비 및 ③기술임치 비용을 사업비의 기타 비용에 필수 포함 ①원가계산비용 :과제 당 1,500,000원 필수 편성 ②교육비 :스마트공장 기술교육(사업관리교육 및 기술교육)수강 비용(1백만원)필수 편성 ③기술임치비 :스마트공장 구축 결과물의 기술임 || 100.0만원/education_fee/recommend_only: 000원 필수 편성 ②교육비 :스마트공장 기술교육(사업관리교육 및 기술교육)수강 비용(1백만원)필수 편성 ③기술임치비 :스마트공장 구축 결과물의 기술임치비(45만원)필수 편성 ◦ (임치제도) 사업 결과물의 핵심 정보를 보관하여 개발 결과 || 45.0만원/education_fee/recommend_only: 000원 필수 편성 ②교육비 :스마트공장 기술교육(사업관리교육 및 기술교육)수강 비용(1백만원)필수 편성 ③기술임치비 :스마트공장 구축 결과물의 기술임치비(45만원)필수 편성 ◦ (임치제도) 사업 결과물의 핵심 정보를 보관하여 개발 결과 || 5000.0만원/fee/review: kr) ④정산 수수료 :지정 회계법인이 사업비 상시모니터링 및 정산을 위한 수수료 필수 편성총사업비 규모표준수수료(공급가액 기준) 비고50백만원 이하455천원부가세 제외200백만원 이하637천원400백만원 이하910천원400백만원 초과1 || 45.5만원/fee/review: kr) ④정산 수수료 :지정 회계법인이 사업비 상시모니터링 및 정산을 위한 수수료 필수 편성총사업비 규모표준수수료(공급가액 기준) 비고50백만원 이하455천원부가세 제외200백만원 이하637천원400백만원 이하910천원400백만원 초과1 || 20000.0만원/fee/review: kr) ④정산 수수료 :지정 회계법인이 사업비 상시모니터링 및 정산을 위한 수수료 필수 편성총사업비 규모표준수수료(공급가액 기준) 비고50백만원 이하455천원부가세 제외200백만원 이하637천원400백만원 이하910천원400백만원 초과1 || ... 후보 8개 추가",total_project_cost:150000.0 | unknown:300000.0 | unknown:150000.0,needs_review,selected_candidate_missing,https://www.smart-factory.kr/usr/bg/ba/ma/bsnsPbancDtl?pbancId=2026-N-0122&pbancSn=1
SMARTFACTORY:2026-N-0123:1,[한솔PNS] 2026년도 상생형 인공지능 전환(AX) 선도모델 구축지원 사업 공고,스마트공장 사업관리시스템,json_only_review,17,14,3,,,unknown,review,0.5,후보 검수 필요,"150.0만원/education_fee/recommend_only: ②교육비 및 ③기술임치 비용을 사업비의 기타 비용에 필수 포함 ① 원가계산비용 : 과제 당 1,500,000원 필수 편성 ② 교육비 : 스마트공장 기술교육 (사업관리교육 및 기술교육) 수강 비용 (1백만원) 필수 편성 ③ 기술임치비 : 스마트공장 구축 || 100.0만원/education_fee/recommend_only: 000원 필수 편성 ② 교육비 : 스마트공장 기술교육 (사업관리교육 및 기술교육) 수강 비용 (1백만원) 필수 편성 ③ 기술임치비 : 스마트공장 구축 결과물의 기술임치비 (45만원) 필수 편성 ◦ (임치제도) 사업 결과물의 핵심 정보를 보관하여 || 45.0만원/education_fee/recommend_only: 000원 필수 편성 ② 교육비 : 스마트공장 기술교육 (사업관리교육 및 기술교육) 수강 비용 (1백만원) 필수 편성 ③ 기술임치비 : 스마트공장 구축 결과물의 기술임치비 (45만원) 필수 편성 ◦ (임치제도) 사업 결과물의 핵심 정보를 보관하여 개발 결과 || 5000.0만원/fee/review: kr ) ④ 정산 수수료 : 지정 회계법인이 사업비 상시모니터링 및 정산을 위한 수수료 필수 편성 총사업비 규모 표준수수료(공급가액 기준) 비고 50백만원 이하 455천원 부가세 제외 200백만원 이하 637천원 400백만원 이하 910천원 400백만원 초과 1 || 45.5만원/fee/review: kr ) ④ 정산 수수료 : 지정 회계법인이 사업비 상시모니터링 및 정산을 위한 수수료 필수 편성 총사업비 규모 표준수수료(공급가액 기준) 비고 50백만원 이하 455천원 부가세 제외 200백만원 이하 637천원 400백만원 이하 910천원 400백만원 초과 1 || 20000.0만원/fee/review: kr ) ④ 정산 수수료 : 지정 회계법인이 사업비 상시모니터링 및 정산을 위한 수수료 필수 편성 총사업비 규모 표준수수료(공급가액 기준) 비고 50백만원 이하 455천원 부가세 제외 200백만원 이하 637천원 400백만원 이하 910천원 400백만원 초과 1 || ... 후보 8개 추가",total_project_cost:150000.0 | unknown:300000.0 | unknown:150000.0,needs_review,selected_candidate_missing,https://www.smart-factory.kr/usr/bg/ba/ma/bsnsPbancDtl?pbancId=2026-N-0123&pbancSn=1
SMARTFACTORY:2026-N-0124:1,[현대자동차 그룹] 2026년도 상생형 인공지능 전환(AX) 선도모델 구축지원 사업 공고,스마트공장 사업관리시스템,json_only_review,9,5,4,,,unknown,review,0.5,후보 검수 필요,"150.0만원/education_fee/recommend_only: ②교육비 및 ③기술임치 비용을 사업비의 기타 비용에 필수 포함 ①원가계산비용 :과제 당 1,500,000원 필수 편성 ②교육비 :스마트공장 기술교육(사업관리교육 및 기술교육)수강 비용(1백만원)필수 편성 ③기술임치비 :스마트공장 구축 결과물의 기술임 || 100.0만원/education_fee/recommend_only: 000원 필수 편성 ②교육비 :스마트공장 기술교육(사업관리교육 및 기술교육)수강 비용(1백만원)필수 편성 ③기술임치비 :스마트공장 구축 결과물의 기술임치비(45만원)필수 편성 ◦ (임치제도) 사업 결과물의 핵심 정보를 보관하여 개발 결과 || 45.0만원/education_fee/recommend_only: 000원 필수 편성 ②교육비 :스마트공장 기술교육(사업관리교육 및 기술교육)수강 비용(1백만원)필수 편성 ③기술임치비 :스마트공장 구축 결과물의 기술임치비(45만원)필수 편성 ◦ (임치제도) 사업 결과물의 핵심 정보를 보관하여 개발 결과 || 100.0만원/education_fee/recommend_only: 완료보고서 제출 시 수료증 첨부- 집합교육으로 비용 발생(사업계획서에 교육비 100만원 계상) - 8 - 5 || None만원/support_ratio/ratio_cap: [현대자동차 그룹] 2026년도 상생형 인공지능 전환(AX) 선도모델 구축지원 사업 공고 스마트공장 사업관리시스템 ※ 예산소진으로 신청마감되었습니다. [attachment_text 1: 2026년 상생형 인공지능 전환(AX) 선도모델 구축지원 도입기업 모집 공고문.pdf] - 1 - [K-Mobility 브릿지 재단 공고",total_project_cost:50000.0 | unknown:100000.0 | unknown:50000.0 | self_funding:30000.0,needs_review,selected_candidate_missing,https://www.smart-factory.kr/usr/bg/ba/ma/bsnsPbancDtl?pbancId=2026-N-0124&pbancSn=1
TECHNOPARK:1316,아산시 CES 2027 기업지원 사업 참가기업 모집 재공고,충남테크노파크,json_only_review,3,3,0,,,unknown,review,1.0,후보 검수 필요,"2900.0만원/total_support_scale/review: 최대 29,000천원 이내(부가세 미지원) 氠瑢 구 분 지원항목 지원규모 전시 부스 및 혁신상 지원 (부스임차 및 설치비) 행사 참가를 위한 부스 임차 및 설치 비 || 2900.0만원/total_support_scale/review: 000천원 이내(부가세 미지원) 氠瑢 구 분 지원항목 지원규모 전시 부스 및 혁신상 지원 (부스임차 및 설치비) 행사 참가를 위한 부스 임차 및 설치 비용 전액 지원 (29,000천원 이내) (통역비) 전시회 활동을 위한 전문 통역사 활용 비용 (물류비) 전시회용 제품의 현지 이송을 위한 물류비 (참가기업 간담회) 현지 || 2900.0만원/consulting_fee/recommend_only: 영문(해당시) 재무 및 고용현황 매출(단위: 백만원) 수출액(단위: 천USD) 고용(단위: 명) 2024년 2025년 2024년 2025년 2024년 2025년 참가 신청 내용 기업지원 프로그램 신청여부 지원한도 전시부스 전시 부스 임차 및 설치 지원 필수 신청 최대 29,000천원 이내 통역 지원 물류비 지원 혁신상 지",,needs_review,selected_candidate_missing,https://www.ctp.or.kr/business/datadetail.do?seq=2709280
TECHNOPARK:1343,2026년 충남 디스플레이 특화단지 R&D 컨설팅 지원 수혜기업 모집,충남테크노파크,json_only_review,2,2,0,,,unknown,review,,후보 검수 필요,"100.0만원/support_amount/subtract: 발표자료 보완지원 *공모사업 신청서류 검토 및 보완지원 포함 기업당 1,000천원 이내 Special R&D 기획 || 300.0만원/support_amount/subtract: R&D 연계 지원 기업당 3,000천원 이내",,safe,clear_selected_candidate,https://www.ctp.or.kr/business/datadetail.do?seq=2709286
TECHNOPARK:1348,(2026-127호) 2026년 강원지역연구장비 서비스 활성화 지원사업 참여기관 모집 공고,강원테크노파크,json_only_review,4,2,2,,,unknown,review,0.8,후보 검수 필요,"1000.0만원/support_amount/subtract: (금)  지원내용:‘세부 추진내용’내 지원내용 참조  지원금액: 기관별 최대 10,000천원 이내 지원(천원 단위 절사) || 1000.0만원/support_amount/subtract: kr) 접속 후 상단 ’강원연구장비종합정보망을’ 클릭 후 접수 장비 검색  지원금액: 기관별 최대 10,000천원 이내(천원 단위 절사) - 발생비용의 최대 80% 이내 지원금 지급",unknown:500.0 | unknown:500.0,safe,clear_selected_candidate,https://www.gwtp.or.kr/gwtp/bbsNew_view.php?bbs_data=aWR4PTMxNTMmc3RhcnRQYWdlPSZsaXN0Tm89JnRhYmxlPWNzX2Jic19kYXRhX25ldyZjb2RlPXN1YjAxYiZzZWFyY2hfaXRlbT0mc2VhcmNoX29yZGVyPSZ1cmw9c3ViMDFiJmtleXZhbHVlPXN1YjAxJmJic19tYWxuYW1lPQ==||
TECHNOPARK:135,2026년 제조DX멘토단 활용지원(구축지도) 도입기업 모집 공고,전북테크노파크,amount_update_ready,3,3,0,119.0,119.0,support_amount,subtract,0.85,확정,119.0만원/total_support_scale/review: 구축 지도 및 운영 애로사항 해결지원 구분지원기간지원규모지원한도지원비중접수평가선정구축 지도3개월(4회)400개사 내외119만원85%최종 협약 후 2주 이내수시□신청 자격◦국내 제조기업 중「중소기업기본법」에 따른 중소기업 및 「중견기업성장촉진 및 경쟁력 강화에 관한 특별 || 119.0만원/total_support_scale/review: 기술애로 해결 등 제조 노하우 전수 등□지원 규모 및 조건◦(지원규모)400개사 내외◦(지원조건)총 사업비의 85%지원구 분지원방법지원기간사업비(분담비율)정부지원민간부담구축 지도DX멘토단 1인 x 4회최대 3개월119만원(85%)21만원(15%)* VAT미포함□ 신청기간◦선도형 스마트공장 구축지원사업 최종 선정 및 협약 || 21.0만원/total_support_scale/review: 기술애로 해결 등 제조 노하우 전수 등□지원 규모 및 조건◦(지원규모)400개사 내외◦(지원조건)총 사업비의 85%지원구 분지원방법지원기간사업비(분담비율)정부지원민간부담구축 지도DX멘토단 1인 x 4회최대 3개월119만원(85%)21만원(15%)* VAT미포함□ 신청기간◦선도형 스마트공장 구축지원사업 최종 선정 및 협약,,needs_review,selected_candidate_missing,https://www.jbtp.or.kr/board/view.jbtp?menuCd=DOM_000000102001000000&boardId=BBS_0000006&dataSid=19904
TECHNOPARK:1382,2026년 인천광역시 우수디자인 시제품개발지원사업 모집 공고[~7/7],인천테크노파크,amount_update_ready,2,1,1,2500.0,2500.0,support_amount,subtract,0.8,확정,"2500.0만원/support_amount/subtract: Perspective view) ■ 지원분야 및 금액 ( 양산금형 및 워킹목업 중 택 1) 개발분야 지원내용 지원금액 지원한도 양산금형 금형설계 및 금형제작 2,500 만원 지역 제작기업 매칭 : 최대 80% 타지역 제작기업 매칭 : 최대 70% 워킹목업 기구설계 및 구동 가능한 워킹목업 (Mock-up) 제작 8",unknown:800.0,safe,clear_selected_candidate,https://itp.or.kr/intro.asp?tmid=13&seq=10859
TECHNOPARK:1399,(2026-129호) 「수요맞춤형 전기구동 경형 PBV 개발 지원기반 구축사업」 2026년 기업지원 프로그램 기술자문(지도) 추가 모집 공고,강원테크노파크,json_only_review,1,1,0,,,unknown,review,,후보 검수 필요,"300.0만원/consulting_fee/recommend_only: 기업당 3,000천원단위 사업명세 부 내 용기술자문(지도)m 지원 내용 - 요청 분야 전문가 매칭(기업 요청 전문가가 있을시 우선 매칭) - 컨설팅 비용(전문가 활",,needs_review,selected_candidate_missing,https://www.gwtp.or.kr/gwtp/bbsNew_view.php?bbs_data=aWR4PTMxNjAmc3RhcnRQYWdlPSZsaXN0Tm89JnRhYmxlPWNzX2Jic19kYXRhX25ldyZjb2RlPXN1YjAxYiZzZWFyY2hfaXRlbT0mc2VhcmNoX29yZGVyPSZ1cmw9c3ViMDFiJmtleXZhbHVlPXN1YjAxJmJic19tYWxuYW1lPQ==||
TECHNOPARK:1439,「2026년 미래차전환 종합지원사업」 기업지원(R&D) 프로그램 모집 공고,충남테크노파크,json_only_review,10,3,7,,,unknown,review,,후보 검수 필요,10000.0만원/guarantee/exclude: 인증 등 사업화 단계 지원(R&D)ㅇ지원규모 :기업별 총 연구개발비 1억원 이내 지원 * R&D 자금 예산편성기준에 따라 작성 필수 * 선정 완료 후 R&D 자금 신청시 신청금액에 해당하는 보증보험제출 필수 ㅇ지원기간 || 10000.0만원/guarantee/exclude: 협약 후 사업추진 등 * 기업별 최대한도 1억원 지원(협약관련 서류로서 1억원 이행보증보험증권 발급 및 제출 필수) * 이행보증보험증권 발급은 기업 자부담으로 발급 필수 ㅇ지원과제구분프로그램 || 10000.0만원/guarantee/exclude: 협약 후 사업추진 등 * 기업별 최대한도 1억원 지원(협약관련 서류로서 1억원 이행보증보험증권 발급 및 제출 필수) * 이행보증보험증권 발급은 기업 자부담으로 발급 필수 ㅇ지원과제구분프로그램명 세부 항목 구성 연구개발 지,self_funding:3000.0 | unknown:3000.0 | unknown:2000.0 | unknown:2000.0 | unknown:2000.0 | unknown:2000.0 | unknown:165.0,safe,clear_selected_candidate,https://www.ctp.or.kr/business/datadetail.do?seq=2709289
TECHNOPARK:1500,"(2026-130호) 2026년도 지역주력산업육성(지역특화 프로젝트 레전드 50+) 지원모집 2차 공고 (강원 2.0, 퀀텀점프)",강원테크노파크,amount_update_ready,12,5,7,2000.0,2000.0,support_amount,subtract,,확정,"35000.0만원/total_support_scale/review: (재)강원테크노파크원장 灳瑣 지원개요 ◦ (지원규모) 총 350,000천원(국비) - 1차 223 || 1000.0만원/non_cash/recommend_only: 웹/앱 등) 등 5개월 10,000천원 인증 (국내/국외) || 1000.0만원/consulting_fee/recommend_only: 제품 시장진입을 위한 시장조사 지원 등 5개월 10,000천원 컨설팅 || 500.0만원/consulting_fee/recommend_only: 경영 컨설팅 지원 등 5개월 5,000천원 전시회 (국내/국외) || 2000.0만원/support_amount/subtract: 기업은 2개 프로그램 내에서 신청 가능(지원한도: 총20,000천원 이내) ◦ (신청자격) 강원지역 지역특화 프로젝트에 선정된 참여기업 * 지역특화 프로젝트 󰡔레전드 50+󰡕 2",unknown:22300.0 | unknown:12700.0 | unknown:1000.0 | unknown:1000.0 | unknown:1000.0 | unknown:700.0 | unknown:1000.0,needs_review,large_amount_delta,https://www.gwtp.or.kr/gwtp/bbsNew_view.php?bbs_data=aWR4PTMxNjgmc3RhcnRQYWdlPSZsaXN0Tm89JnRhYmxlPWNzX2Jic19kYXRhX25ldyZjb2RlPXN1YjAxYiZzZWFyY2hfaXRlbT0mc2VhcmNoX29yZGVyPSZ1cmw9c3ViMDFiJmtleXZhbHVlPXN1YjAxJmJic19tYWxuYW1lPQ==||
TECHNOPARK:1519,2026년 햇빛소득마을 컨설팅 지원사업 위탁기관 모집 공고,충남테크노파크,json_only_review,14,7,7,,,unknown,review,1.0,후보 검수 필요,"10000.0만원/fee/review: SW 등의 구입 불가 기 타 회계정산수수료(위탁정산 수수료) * [참고]위탁정산수수료 기준 참고 기타 사업추진에 필요한 비용 [참고] 위탁정산 수수료 기준 ◇ 위탁정산 수수료 氠瑢 사업비 규모 위탁정산 수수료 표준액 1억원 미만 987천원 1억원 이상 3억원 미만 1 || 98.7만원/fee/review: SW 등의 구입 불가 기 타 회계정산수수료(위탁정산 수수료) * [참고]위탁정산수수료 기준 참고 기타 사업추진에 필요한 비용 [참고] 위탁정산 수수료 기준 ◇ 위탁정산 수수료 氠瑢 사업비 규모 위탁정산 수수료 표준액 1억원 미만 987천원 1억원 이상 3억원 미만 1 || 10000.0만원/fee/review: SW 등의 구입 불가 기 타 회계정산수수료(위탁정산 수수료) * [참고]위탁정산수수료 기준 참고 기타 사업추진에 필요한 비용 [참고] 위탁정산 수수료 기준 ◇ 위탁정산 수수료 氠瑢 사업비 규모 위탁정산 수수료 표준액 1억원 미만 987천원 1억원 이상 3억원 미만 1 || 30000.0만원/fee/review: SW 등의 구입 불가 기 타 회계정산수수료(위탁정산 수수료) * [참고]위탁정산수수료 기준 참고 기타 사업추진에 필요한 비용 [참고] 위탁정산 수수료 기준 ◇ 위탁정산 수수료 氠瑢 사업비 규모 위탁정산 수수료 표준액 1억원 미만 987천원 1억원 이상 3억원 미만 1 || 118.5만원/fee/review: SW 등의 구입 불가 기 타 회계정산수수료(위탁정산 수수료) * [참고]위탁정산수수료 기준 참고 기타 사업추진에 필요한 비용 [참고] 위탁정산 수수료 기준 ◇ 위탁정산 수수료 氠瑢 사업비 규모 위탁정산 수수료 표준액 1억원 미만 987천원 1억원 이상 3억원 미만 1,185천원 3억원 이상 5억원 미만 1 || 204.3만원/fee/review: 845천원 30억원 이상 2,043천원 ◇ 참여기관의 수수료에 따른 위탁정산 수수료 가산금 氠瑢 참여기관 수 가산금 0개 가산금 없음 1개 수수료의 10% 2개 이상 1개 기관 추가 || ... 후보 1개 추가",unknown:4000.0 | unknown:3.0 | unknown:30000.0 | unknown:50000.0 | unknown:151.5 | unknown:50000.0 | unknown:100000.0,needs_review,selected_candidate_missing,https://www.ctp.or.kr/business/datadetail.do?seq=2709292
TECHNOPARK:1532,(재공고) 2026년 테크노파크 생산장비 고도화 지원사업 산학연 협동프로그램 참여 기업 모집 재공고,충남테크노파크,json_only_review,7,2,5,,,unknown,review,0.1,후보 검수 필요,"200.0만원/total_support_scale/review: 선정기업은 지원로드맵 수립을 위한 PM제도 의무 참여 ❍ (지원규모) 20개사 ❍ (기업부담금) 현금 2,000천원 || None만원/support_ratio/ratio_cap: (재공고) 2026년 테크노파크 생산장비 고도화 지원사업 산학연 협동프로그램 참여 기업 모집 재공고 충남테크노파크 충남테크노파크 --> --> 충남테크노파크 누리소통망(SNS) 알림마당 공지사항 채용공고 입찰공고 교육 CTP 소식 유관기관 소식 언론보도 재활용장터 지원사업 사업공고 주요 지원사업 기업지원사업 연간일정표 분",self_funding:1500.0 | unknown:100.0 | unknown:600.0 | unknown:1500.0 | unknown:400.0,needs_review,selected_candidate_missing,https://www.ctp.or.kr/business/datadetail.do?seq=2709293
TECHNOPARK:1558,2026 패패부산(부산국제신발섬유패션전시회) 참가기업 모집공고,부산테크노파크,no_support_candidate,0,0,0,,,unknown,review,,후보 없음,,,needs_review,candidate_missing,https://www.btp.or.kr/kor/CMS/Board/Board.do?mCode=MN013&mode=view&mgr_seq=16&board_seq=9582070
TECHNOPARK:1559,2026년 부산 연구개발장비 공동활용 지원사업 모집 공고(2차),부산테크노파크,no_support_candidate,0,0,0,,,unknown,review,,후보 없음,,,needs_review,candidate_missing,https://www.btp.or.kr/kor/CMS/Board/Board.do?mCode=MN013&mode=view&mgr_seq=16&board_seq=9582071
TECHNOPARK:1724,「2026년 예비수소전문기업지원사업」수소산업분야 기술사업화(비R&D) 수혜기업 모집공고,충남테크노파크,amount_update_ready,9,6,3,3500.0,3500.0,support_amount,subtract,,확정,"6700.0만원/total_support_scale/review: 연구소 등이 소재한 기업(단순 영업소 제외) m 지원규모 : 기업 당 최대 67,000천원 이내(부가가치세 제외) - 기업부담금 : 총사업비의 20% 이상 - 분야별(시제품제작 || 3500.0만원/support_amount/subtract: kr 2 지원내용 m 지원분야 - 지원 프로그램 및 내용 구 분분 야내 용 지원금액비 고기 술사업화시제품제작개발이 완료된 기술의 시제품제작35,000천원/건최대67 || 6700.0만원/non_cash/recommend_only: 000천원/건최대67,000천원 이내인증 및 특허국․내외 인증 획득에 필요한 인증 || 500.0만원/equipment_usage_fee/recommend_only: 출원 등록 등장비활용국가연구시설 및 지역 연구장비 등 이용5,000천원/건판로개척판로개척시장조사 || 500.0만원/consulting_fee/recommend_only: 전시회 등5,000천원/건컨설팅컨설팅기업의 기술지도 및 애로사항 해결 등2 || 200.0만원/consulting_fee/recommend_only: 000천원/건컨설팅컨설팅기업의 기술지도 및 애로사항 해결 등2,000천원/건",unknown:2000.0 | self_funding:3500.0 | revenue_condition:4375.0,needs_review,large_amount_delta,https://www.ctp.or.kr/business/datadetail.do?seq=2709304
TECHNOPARK:1725,「2026년 지역 거점 정보보호 클러스터 구축 사업」정보보호 비즈니스 모델 발굴 및 유망기업 지원 모집공고 재공고(2차),충남테크노파크,json_only_review,7,6,1,,,unknown,review,0.1,후보 검수 필요,"7700.0만원/consulting_fee/recommend_only: 신성장동력을 추가할 수 있도록 고도화 컨설팅 지원 □ 지원기간 : 협약일로부터 ~ 2026년 11월 30일 - 비즈니스모델 발굴 : 협약 후 ~ 2개월 - 유망기업 지원 : 비즈니스 모델 평가 통보 후 11월 30일까지 □ 지원방법 : 비즈니스 모델 발굴 컨설팅(1단계) 지원 후 컨설팅 결과 평가를 통해 유망기업 지원(2 || 5200.0만원/support_amount/subtract: 유망기업 지원 52,000천원) - 비즈니스 모델 발굴 지원 : 5개사(1개사/5 || 500.0만원/support_amount/subtract: 000천원) - 비즈니스 모델 발굴 지원 : 5개사(1개사/5,000천원 || 1500.0만원/support_amount/subtract: - 유망기업지원 : 4개사(1개사/15,000천원 || 1300.0만원/support_amount/subtract: 설팅사 직접 지원)※ - 유망기업지원 : 4개사(1개사/15,000천원, 2개사/13,000천원, 1개사/11,000천원)※ ※지원 사업 별 지원금 대비 부가가치세 10%에 대 || 1100.0만원/support_amount/subtract: 유망기업지원 : 4개사(1개사/15,000천원, 2개사/13,000천원, 1개사/11,000천원)※ ※지원 사업 별 지원금 대비 부가가치세 10%에 대해서는 수혜기업 자부담 2",unknown:2500.0,safe,clear_selected_candidate,https://www.ctp.or.kr/business/datadetail.do?seq=2709305
TECHNOPARK:1743,「2026년 충청권 미래차 전환 혁신지원사업」 기업지원 프로그램(비R&D) 모집공고(2차),충남테크노파크,amount_update_ready,20,16,4,2000.0,2000.0,support_amount,subtract,,확정,"2000.0만원/support_amount/subtract: 기업 당 최대 20,000천원까지 지원 (기업부담금 : 지원금액의 10% || 300.0만원/non_cash/recommend_only: 인증을 위한 실제품 제작 m 지원방법 ◦ 협약을 통한 직접지원 방식- 충남TP-컨소시엄 간 협약체결- 완료 후 검수결과 성공(이상없음) 판정된 프로젝트에 대하여 수혜기업으로 지원금 지급(지원금 지급을 위한 집행관련 증빙 확인) m 지원건수 : 3개 기업 m 지원금액 : 3,000천원 이내 (기업부담금 : 없음) || 20.0만원/support_amount/subtract: 수 : 3개 기업 m 지원금액 : 3,000천원 이내 (기업부담금 : 없음), (200천원/15회) ※사업비는추진상황에따라변경될수있음 m 지원방법 - 미래차 분야 전환을 || 500.0만원/support_amount/subtract: 시장 및 기술동향 분석 등으로 구성 m 지원건수 : 4개 기업 m 지원금액 : 5,000천원 이내(기업부담금 : 지원금액의 10% || 250.0만원/non_cash/recommend_only: 시험 결과 기반 개선사항 도출 등으로 구성 m 지원건수 : 3개 기업 m 지원금액 : 2,500천원 이내(기업부담금 : 지원금액의 10% || 250.0만원/support_amount/subtract: 지식재산권 확보 전략 수립 등으로 구성 m 지원건수 : 4개 기업 m 지원금액 : 2,500천원 이내(기업부담금 : 지원금액의 10% || ... 후보 10개 추가",unknown:500.0 | unknown:50.0 | unknown:250.0 | unknown:25.0,safe,clear_selected_candidate,https://www.ctp.or.kr/business/datadetail.do?seq=2709309
TECHNOPARK:1747,"충남지자체 지식재산창출지원사업 수혜기업모집 공고(상시, 마감시까지)",충남테크노파크,amount_update_ready,7,3,4,400.0,400.0,support_amount,subtract,0.1,확정,"400.0만원/support_amount/subtract: PCT 국제출원 汤捯 4,000천원 지원금의 10% 이상 디자인 제품혁신 제품 디자인개발 및 개선을 위한 목업 || 400.0만원/consulting_fee/recommend_only: 3D 모델링 등 汤捯 4,000천원 IP컨설팅 1 || 300.0만원/consulting_fee/recommend_only: 투자유치 연계 컨설팅 3,000천원",unknown:50.0 | unknown:150.0 | unknown:0.0 | unknown:0.0,needs_review,subtract_without_limit_context | large_amount_delta,https://www.ctp.or.kr/business/datadetail.do?seq=2709310
TECHNOPARK:1749,「2026년 지역특화 제조데이터 활성화 사업」AI솔루션 실증 참여기업 모집 2차 공고,대구테크노파크,no_support_candidate,0,0,0,,,unknown,review,,후보 없음,,,needs_review,source_fetch_failed | candidate_missing,https://dgtp.or.kr/bbs/BoardControllView.do?bbsId=BBSMSTR_000000000003&nttId=15579
TECHNOPARK:1752,[서천군] 2026년 시군구연고산업육성 협업프로젝트(서천군 해양바이오 인큐베이팅 사업) 3차 수혜기업 모집 공고 기간 연장 안내,충남테크노파크,amount_update_ready,16,13,3,7000.0,7000.0,support_amount,subtract,,확정,"7000.0만원/total_support_scale/review: 외국인 인력 채용프로그램 등 총 4개 프로그램 19건 ◦ (지원규모) 기업당 연 최대 70,000천원 지원 ◦ (모집기간) 06 || 7000.0만원/support_amount/subtract: kr/region/rms 氠瑢 ◎ 기업당 연 최대 7천만원 지원 ▹ 기업지원 프로그램 : 기업당 최대 5천만원 ▹ 외국인 인력채용 : 기업당 최대 1천만원 ▹ 생산성향상 : 기업당 최대 1천만원 ◎ 기 || 5000.0만원/support_amount/subtract: kr/region/rms 氠瑢 ◎ 기업당 연 최대 7천만원 지원 ▹ 기업지원 프로그램 : 기업당 최대 5천만원 ▹ 외국인 인력채용 : 기업당 최대 1천만원 ▹ 생산성향상 : 기업당 최대 1천만원 ◎ 기업 부담금 ▶ 기업지원 프로그램(사업화지원 || 1000.0만원/support_amount/subtract: kr/region/rms 氠瑢 ◎ 기업당 연 최대 7천만원 지원 ▹ 기업지원 프로그램 : 기업당 최대 5천만원 ▹ 외국인 인력채용 : 기업당 최대 1천만원 ▹ 생산성향상 : 기업당 최대 1천만원 ◎ 기업 부담금 ▶ 기업지원 프로그램(사업화지원 || 1000.0만원/support_amount/subtract: kr/region/rms 氠瑢 ◎ 기업당 연 최대 7천만원 지원 ▹ 기업지원 프로그램 : 기업당 최대 5천만원 ▹ 외국인 인력채용 : 기업당 최대 1천만원 ▹ 생산성향상 : 기업당 최대 1천만원 ◎ 기업 부담금 ▶ 기업지원 프로그램(사업화지원 || 600.0만원/non_cash/recommend_only: 부가가치세는 기업 부담 ◦ (지원프로그램 지원금액 및 지원건수) 氠瑢 지원유형 프로그램명 지원 건수 지원 금액 총지원금 지원기관 인식개선 기술 교육/애로사항 모니터링 2건 6백만원/건 12백만원 선문대학교 사업화 지원 기술지도 /컨설팅 시험분석/인증 13건 0 || ... 후보 7개 추가",revenue_condition:100000.0 | self_funding:100000.0 | unknown:650.0,needs_review,large_amount_delta,https://www.ctp.or.kr/business/datadetail.do?seq=2709311
TECHNOPARK:1769,[2026-056호] 2026년 정보보호 기업육성(사업화 / 창업·벤처 육성)) 지원사업 모집공고,세종테크노파크,json_only_review,11,3,8,,,unknown,review,1.0,후보 검수 필요,"5500.0만원/total_support_scale/review: (지원규모) 총 지원금 55,000천원 - 사업화 : 15 || 1000.0만원/support_amount/subtract: 벤처육성 신청기업은 「정보보호 신규 비즈니스 모델 전략 수립」 지원 필수(기업부담 비용 없음) *추후 접수공고 예정(7월 中) 기업당 최대 10백만원 기타사항 - 세종 스마트시티 테스트베드 3회 이상 이용 필수 - ▪ 세부 지원항목의 서비스를 진행하는 공급기업(관)이 필수로 존재하여야 함 ▪ || None만원/support_ratio/ratio_cap: [2026-056호] 2026년 정보보호 기업육성(사업화 / 창업·벤처 육성)) 지원사업 모집공고 세종테크노파크 [2026-056호] 2026년 정보보호 기업육성(사업화 / 창업·벤처 육성)) 지원사업 모집공고 > 사업공고 | 세종테크노파크 24시간동안 띄우지 않기 Do not show this (24 hours) -->",unknown:1500.0 | unknown:1500.0 | unknown:4000.0 | unknown:1000.0 | unknown:1500.0 | total_project_cost:2000.0 | unknown:200.0 | self_funding:2200.0,needs_review,large_amount_delta,https://www.sjtp.or.kr/bbs/board.php?bo_table=business01&wr_id=1981
TECHNOPARK:1770,[2026-037호] 2026년도 세종 규제자유특구 수요조사 재공고(3차),세종테크노파크,no_support_candidate,2,0,2,,,unknown,review,,후보 없음,,total_project_cost:400000.0 | unknown:100000.0,needs_review,selected_candidate_missing,https://www.sjtp.or.kr/bbs/board.php?bo_table=business01&wr_id=1982
TECHNOPARK:1792,2026년 수출디딤돌지원사업 「2026 중국 상하이 시장개척단」참가기업 모집 공고,충남테크노파크,no_support_candidate,1,0,1,,,unknown,review,,후보 없음,,revenue_condition:50000.0,needs_review,selected_candidate_missing,https://www.ctp.or.kr/business/datadetail.do?seq=2709312
TECHNOPARK:1794,2026년도 인천광역시 중소기업 디자인개발지원사업 (하반기 일반기업 지원분야) 과제 모집,인천테크노파크,amount_update_ready,2,1,1,1200.0,1200.0,support_amount,subtract,0.8,확정,None만원/support_ratio/ratio_cap: 2026년도 인천광역시 중소기업 디자인개발지원사업 (하반기 일반기업 지원분야) 과제 모집 인천테크노파크 인천테크노파크 메인메뉴 바로가기 본문내용 바로가기 지원사업소개 온라인 사업안내 모빌리티본부 바이오탄소제로본부 기업지원본부 일자리본부 디자인N콘텐츠본부 디지털벤처창업본부 발간자료 ITP 뉴스 지원사업 채용안내 기관공고 보,unknown:1200.0,needs_review,selected_candidate_missing,https://itp.or.kr/intro.asp?tmid=13&seq=10879
TECHNOPARK:1854,2026 동남 정보보호클러스터 보안 테스팅 지원,경남테크노파크,support_ratio_ready,1,1,0,,,support_ratio,ratio_cap,1.0,비율 확인,None만원/support_ratio/ratio_cap: 2026 동남 정보보호클러스터 보안 테스팅 지원 경남테크노파크 경남테크노파크-기술혁신 Global Networking Hub 메인 회원가입 로그인 텍스트크기 고객센터 공직비리익명신고(TP) 공직비리익명신고(경상남도) 소극행정신고센터 국가인적자원개발컨소시엄 재단소개 인사말 연 혁 비 전 조직도 재단현황 업무안내 CI소개 약,,needs_review,selected_candidate_missing,http://www.gntp.or.kr/biz/applyInfo/3790
TECHNOPARK:1857,미래차 산업전환 공정기술 고도화 수혜기업 모집 공고(3차),경남테크노파크,json_only_review,5,4,1,,,unknown,review,0.5,후보 검수 필요,"5000.0만원/support_amount/subtract: 공정고도화 패키지 지원 1건(최대 50백만원/건) 다 || 500.0만원/support_amount/subtract: 지원한도: 전체 협약금액 내에서 최대 500만원 한도 || 5000.0만원/non_cash/recommend_only: 탄소중립 설비투자 지원(컨설팅+공정지원)￭ 기업당 최대 50,000천원/건 내외 (민간부담금: 지원금 10% || None만원/support_ratio/ratio_cap: 미래차 산업전환 공정기술 고도화 수혜기업 모집 공고(3차) 경남테크노파크 경남테크노파크-기술혁신 Global Networking Hub 메인 회원가입 로그인 텍스트크기 고객센터 공직비리익명신고(TP) 공직비리익명신고(경상남도) 소극행정신고센터 국가인적자원개발컨소시엄 재단소개 인사말 연 혁 비 전 조직도 재단현황 업무안내",unknown:5000.0,safe,clear_selected_candidate,http://www.gntp.or.kr/biz/applyInfo/3791
TECHNOPARK:1868,『고성능 전기차용 전동화시스템 성능평가 기반구축』 2026년도 기업지원 통합 모집 공고,충남테크노파크,no_support_candidate,0,0,0,,,unknown,review,,후보 없음,,,needs_review,candidate_missing,https://www.ctp.or.kr/business/datadetail.do?seq=2709315
TECHNOPARK:1873,「충남 지역혁신클러스터육성(비R&D)사업」사업화 지원 수혜기업 모집 공고(2차),충남테크노파크,json_only_review,12,8,4,,,unknown,review,0.5,후보 검수 필요,"6000.0만원/total_support_scale/review: 지원기관)▢ 지원규모 : 기업당 최대 6,000만원 이내(프로그램 2개까지 지원 가능) || 4000.0만원/non_cash/recommend_only: 이상징후 탐지 등 안전관리 및 운영 최적화를 위한 기술 적용 지원최대 4,000만원/건시험분석⚬ 기술 신뢰성 확보를 위한 시험분석 및 성능평가 등최대 2 || 2000.0만원/non_cash/recommend_only: 000만원/건시험분석⚬ 기술 신뢰성 확보를 위한 시험분석 및 성능평가 등최대 2,000만원/건인증지원⚬ 제품 및 기술의 시장 진입을 위한 국내 || 2000.0만원/non_cash/recommend_only: 외 인증획득최대 2,000만원/건특허지원⚬ 기술 및 서비스에 대한 국내 || 2000.0만원/support_amount/subtract: 홈페이지 등 홍보매체 제작최대 2,000만원/건국내외전시회⚬ 전시회 참가지원(부스임차비 || 2000.0만원/support_amount/subtract: 확보 및 활성화 지원최대 2,000만원/건디자인⚬ 제품 및 기업 이미지 제고를 위한 디자인 개발(제품 || ... 후보 2개 추가",unknown:4000.0 | unknown:4000.0 | unknown:2000.0 | unknown:2000.0,safe,clear_selected_candidate,https://www.ctp.or.kr/business/datadetail.do?seq=2709316
TECHNOPARK:1921,"2026년도 지역주력산업육성(지역특화 프로젝트 레전드 50+) 지원모집 2차 공고(충남, 탄소저감 자동차부품, 디스플레이부품장비)",충남테크노파크,json_only_review,7,6,1,,,unknown,review,,후보 검수 필요,11180.0만원/total_support_scale/review: (재)충남테크노파크원장 지원개요◦(지원규모)총 111.8백만원(국비)◦(프로그램 및 내용)총 6개 지원프로그램프로그램지원내용지원기간지원단가시제품제작- 제품화 촉진 || 2000.0만원/equipment_usage_fee/recommend_only: 완성도 향상 등 시제품 제작 및 우수 샘플 제작 지원 등- 금형 및 목업비용 지원 등 4개월20백만원생산공정개선- 제조장비 및 제품의 파손원인 진단 및 해결 지원- 기존 장비 개선을 위한 보완설비 장비 구입 가능- 생산성 향상 || 250.0만원/non_cash/recommend_only: 공정의 기술 멘토링- 기업의 애로기술 해결을 위한 기술지도4개월2.5백만원특허- 국내외 특허 출원 등록 등- 선행기술 조사 등 4개월2백만원인증- 신뢰성 평가 || 200.0만원/non_cash/recommend_only: 5백만원특허- 국내외 특허 출원 등록 등- 선행기술 조사 등 4개월2백만원인증- 신뢰성 평가 || 200.0만원/non_cash/recommend_only: ESG 등 인증 지원4개월2백만원마케팅- 국내외 홍보용 카다로그 및 홍보 동영상 제작- 국내외 시장조사 및 전시회 참가지원- 수출상담회 등 4개월3 || 380.0만원/non_cash/recommend_only: ESG 등 인증 지원4개월2백만원마케팅- 국내외 홍보용 카다로그 및 홍보 동영상 제작- 국내외 시장조사 및 전시회 참가지원- 수출상담회 등 4개월3.8백만원◦(신청자격)충청남도 지역특화 프로젝트에 선정된 참여기업 * 지역특화 프로젝트 레전드 50+ 참여기업 선정확인서 보유기업 - 2 - ◦(지원,unknown:1000.0,needs_review,large_amount_delta,https://www.ctp.or.kr/business/datadetail.do?seq=2709320
TECHNOPARK:257,(2026-69호) 2026년 디지털트윈 플랫폼 활용 수요기업 모집 수정공고 (싱가포르 지원 삭제),강원테크노파크,support_ratio_ready,1,1,0,,,support_ratio,ratio_cap,0.5,비율 확인,None만원/support_ratio/ratio_cap: (2026-69호) 2026년 디지털트윈 플랫폼 활용 수요기업 모집 수정공고 (싱가포르 지원 삭제) 강원테크노파크 강원테크노파크 --> --> 검색 입주기업종합지원시스템 --> Toggle navigation --> 공고안내 공지사항 모집공고 계약공고 채용공고 타기관소식 사업안내 지역사업안내 부서별사업안내 장비지원 입주안,,needs_review,selected_candidate_missing,https://www.gwtp.or.kr/gwtp/bbsNew_view.php?bbs_data=aWR4PTI5MTkmc3RhcnRQYWdlPSZsaXN0Tm89JnRhYmxlPWNzX2Jic19kYXRhX25ldyZjb2RlPXN1YjAxYiZzZWFyY2hfaXRlbT0mc2VhcmNoX29yZGVyPSZ1cmw9c3ViMDFiJmtleXZhbHVlPXN1YjAxJmJic19tYWxuYW1lPQ==||
TECHNOPARK:268,「2026년 수소상용차 부품 성능 검증 기반 구축」사업 장비활용 지원 수혜기업 모집,충남테크노파크,amount_update_ready,3,3,0,1000.0,1000.0,support_amount,subtract,,확정,"1000.0만원/equipment_usage_fee/recommend_only: 평가 장비사용료 10,000천원(부가세 제외)까지 지원 - 지원 범위 이상 초과금액은 수혜기업에서 부담(장비사용료+부가세) ❍ 지원기간 : 2026 || 1000.0만원/support_amount/subtract: 10,000천원 이내 지원 10 || 1000.0만원/support_amount/subtract: 000천원 이내 지원 10,000천원/건",,safe,clear_selected_candidate,https://www.ctp.or.kr/business/datadetail.do?seq=2709128
TECHNOPARK:271,CES 2027 충남관 참가기업 모집 공고,충남테크노파크,amount_update_ready,3,3,0,2650.0,2650.0,support_amount,subtract,1.0,확정,"2650.0만원/support_amount/subtract: 최대 26,500천원 이내(부가세 미지원) || 2650.0만원/consulting_fee/recommend_only: 혁신상 컨설팅은 전시회 참가기업 중 일부 기업만 지원 가능구 분 지원항목지원규모전시 부스 및 혁신상 지원(부스임차 및 설치비) 행사 참가를 위한 부스 임차 및 설치 비용전액 지원(26,500천원 이내)(통역비) 전시회 활동을 위한 전문 통역사 활용 비용(물류비) 전시회용 제품의 현지 이송을 위한 물류비(참가기업 간담회) || 2650.0만원/consulting_fee/recommend_only: 영문(해당시) 재무 및 고용현황 매출(단위: 백만원) 수출액(단위: 천USD) 고용(단위: 명) 2024년 2025년 2024년 2025년 2024년 2025년 참가 신청 내용 기업지원 프로그램 신청여부 지원한도 전시부스 전시 부스 임차 및 설치 지원 필수 신청 최대 26,500천원 이내 통역 지원 물류비 지원 혁신상 지",,safe,clear_selected_candidate,https://www.ctp.or.kr/business/datadetail.do?seq=2709129
TECHNOPARK:304,(2026-70호) 「2026 강원후평스마트에너지플랫폼 구축사업」 공장에너지관리시스템(FEMS) 수요기업 모집 공고,강원테크노파크,json_only_review,2,2,0,,,unknown,review,1.0,후보 검수 필요,"7000.0만원/total_support_scale/review: 강원테크노파크 󰊱 지원개요 ◦ (사업목적) 중소‧중견기업 대상 스마트그린산업단지 구축을 위한 공장에너지 관리 시스템 진단 및 에너지 효율성 향상 ◦ (지원규모) 6개사 내외 - 기업별 인프라 구축사업비 7,000만원 한도 內(정부지원금 100% 지원) || 7000.0만원/consulting_fee/recommend_only: 공급내용: 기업별 인프라 구축사업비 7,000만원 한도 (총 사업비와 지원 범위는 진단 및 산단공 승인 후 확정) - Cloud FEMS(Factory Energy Management Syst",,needs_review,selected_candidate_missing,https://www.gwtp.or.kr/gwtp/bbsNew_view.php?bbs_data=aWR4PTI5MzEmc3RhcnRQYWdlPSZsaXN0Tm89JnRhYmxlPWNzX2Jic19kYXRhX25ldyZjb2RlPXN1YjAxYiZzZWFyY2hfaXRlbT0mc2VhcmNoX29yZGVyPSZ1cmw9c3ViMDFiJmtleXZhbHVlPXN1YjAxJmJic19tYWxuYW1lPQ==||
TECHNOPARK:391,(2026-75호) 2026년 제조DX멘토단 활용지원(구축지도) 도입기업 모집 공고,강원테크노파크,json_only_review,6,6,0,,,unknown,review,0.85,후보 검수 필요,140.0만원/consulting_fee/recommend_only: / 전자 협약(추진단/TP/기업/DX멘토) → DX멘토의 현장 방문 컨설팅(4회) → 사업비 교부 및 사용(E나라도움) 구분 지원기간 총 사업비 정부지원 기업부담 접수 구축 지도 3 개월 (4 회 ) 140만원 119 만원 (85%) 21만원 (15%) *VAT 미포함 최종 협약 후 2 주 이내 목록 ::: 강원특별자치도 || 119.0만원/consulting_fee/recommend_only: / 전자 협약(추진단/TP/기업/DX멘토) → DX멘토의 현장 방문 컨설팅(4회) → 사업비 교부 및 사용(E나라도움) 구분 지원기간 총 사업비 정부지원 기업부담 접수 구축 지도 3 개월 (4 회 ) 140만원 119 만원 (85%) 21만원 (15%) *VAT 미포함 최종 협약 후 2 주 이내 목록 ::: 강원특별자치도 || 21.0만원/consulting_fee/recommend_only: / 전자 협약(추진단/TP/기업/DX멘토) → DX멘토의 현장 방문 컨설팅(4회) → 사업비 교부 및 사용(E나라도움) 구분 지원기간 총 사업비 정부지원 기업부담 접수 구축 지도 3 개월 (4 회 ) 140만원 119 만원 (85%) 21만원 (15%) *VAT 미포함 최종 협약 후 2 주 이내 목록 ::: 강원특별자치도 || 119.0만원/total_support_scale/review: 구축 지도 및 운영 애로사항 해결지원 구분지원기간지원규모지원한도지원비중접수평가선정구축 지도3개월(4회)400개사 내외119만원85%최종 협약 후 2주 이내수시□신청 자격◦국내 제조기업 중「중소기업기본법」에 따른 중소기업 및 「중견기업성장촉진 및 경쟁력 강화에 관한 특별 || 119.0만원/total_support_scale/review: 기술애로 해결 등 제조 노하우 전수 등□지원 규모 및 조건◦(지원규모)400개사 내외◦(지원조건)총 사업비의 85%지원구 분지원방법지원기간사업비(분담비율)정부지원민간부담구축 지도DX멘토단 1인 x 4회최대 3개월119만원(85%)21만원(15%)* VAT미포함□ 신청기간◦선도형 스마트공장 구축지원사업 최종 선정 및 협약 || 21.0만원/total_support_scale/review: 기술애로 해결 등 제조 노하우 전수 등□지원 규모 및 조건◦(지원규모)400개사 내외◦(지원조건)총 사업비의 85%지원구 분지원방법지원기간사업비(분담비율)정부지원민간부담구축 지도DX멘토단 1인 x 4회최대 3개월119만원(85%)21만원(15%)* VAT미포함□ 신청기간◦선도형 스마트공장 구축지원사업 최종 선정 및 협약,,needs_review,selected_candidate_missing,https://www.gwtp.or.kr/gwtp/bbsNew_view.php?bbs_data=aWR4PTI5NTEmc3RhcnRQYWdlPSZsaXN0Tm89JnRhYmxlPWNzX2Jic19kYXRhX25ldyZjb2RlPXN1YjAxYiZzZWFyY2hfaXRlbT0mc2VhcmNoX29yZGVyPSZ1cmw9c3ViMDFiJmtleXZhbHVlPXN1YjAxJmJic19tYWxuYW1lPQ==||
TECHNOPARK:405,2026년 전북특별자치도 공공데이터·AI 활용 창업경진대회 공고,전북테크노파크,json_only_review,5,2,3,,,unknown,review,0.044000000000000004,후보 검수 필요,"1320.0만원/consulting_fee/recommend_only: (목)수상작 아이디어 발표 및 시상행안부 본선 사전컨설팅*기관운영상황에따라해당내용은변경될수있음 4시상 및 후속 지원□ 시상규모 공모분야상훈명시상수상금훈 격비고합 계10상금 1,320만원 || None만원/support_ratio/ratio_cap: 2026년 전북특별자치도 공공데이터·AI 활용 창업경진대회 공고 전북테크노파크 지원사업 > 사업공고 본문으로 바로가기 JBTP 전북테크노파크 JEONBUK TECHNOPARK"" 로그인 LANGUAGES English Chinese 검색 통합검색 항목 통합검색 전체메뉴 열기 전체메뉴 알림마당 전북산업 대전환과 기업 고도성장",unknown:3000.0 | unknown:100.0 | unknown:1400.0,needs_review,selected_candidate_missing,https://www.jbtp.or.kr/board/view.jbtp?menuCd=DOM_000000102001000000&boardId=BBS_0000006&dataSid=20084
TECHNOPARK:434,「해양수산자원 산업화 육성 지원(바이오)」수혜기업 모집(2차) 공고,충남테크노파크,json_only_review,4,4,0,,,unknown,review,1.0,후보 검수 필요,"7000.0만원/support_amount/subtract: 추후 선정 규모 및 지원금 변동 가능 지원 대상선정 규모지원금지원기간예비 창업자 또는 창업기업총 3개 기업7,000만원 내외협약체결일로부터2026 || 7000.0만원/support_amount/subtract: 해양바이오 전략소재 개발사업명해양바이오전략소재개발지원금70백만원내외기간2026 || 7000.0만원/support_amount/subtract: 해양바이오 상품화 공정개발사업명해양바이오상품화공정개발지원금70백만원이내기간2026 || None만원/support_ratio/ratio_cap: 「해양수산자원 산업화 육성 지원(바이오)」수혜기업 모집(2차) 공고 충남테크노파크 충남테크노파크 --> --> 충남테크노파크 누리소통망(SNS) 알림마당 공지사항 채용공고 입찰공고 교육 CTP 소식 유관기관 소식 언론보도 재활용장터 지원사업 사업공고 주요 지원사업 기업지원사업 연간일정표 분야별 지원 장비지원(CES) KO",,safe,clear_selected_candidate,https://www.ctp.or.kr/business/datadetail.do?seq=2709157
TECHNOPARK:525,「AI 솔루션 기술개발」참여기업 모집공고,충남테크노파크,json_only_review,2,2,0,,,unknown,review,0.1,후보 검수 필요,"5000.0만원/total_support_scale/review: 까지◦(지원규모)기업당 최대 50,000천원 || None만원/support_ratio/ratio_cap: 「AI 솔루션 기술개발」참여기업 모집공고 충남테크노파크 충남테크노파크 --> --> 충남테크노파크 누리소통망(SNS) 알림마당 공지사항 채용공고 입찰공고 교육 CTP 소식 유관기관 소식 언론보도 재활용장터 지원사업 사업공고 주요 지원사업 기업지원사업 연간일정표 분야별 지원 장비지원(CES) KOLAS 공인시험지원 충남제조",,needs_review,selected_candidate_missing,https://www.ctp.or.kr/business/datadetail.do?seq=2709173
TECHNOPARK:539,전북AX랩 활용 희망기업 모집 상시공고,전북테크노파크,no_support_candidate,0,0,0,,,unknown,review,,후보 없음,,,needs_review,candidate_missing,https://www.jbtp.or.kr/board/view.jbtp?menuCd=DOM_000000102001000000&boardId=BBS_0000006&dataSid=20151
TECHNOPARK:579,「플렉서블·스트레처블 산업 창출을 위한 부착형 디스플레이 기술 기반구축」 2026년도 기업지원 수혜기업 모집 재공고,충남테크노파크,amount_update_ready,2,2,0,2630.0,2630.0,support_amount,subtract,,확정,"2630.0만원/total_support_scale/review: 사업화 촉진으로 프리미엄 디스플레이 확산 등 새로운 패러다임 제시2 지원 내용❍ 지원규모 :최대 26,300천원 || 2630.0만원/support_amount/subtract: 최대지원금 규모는 26,300천원 이내임③ 지원방식 :직접지원*형태임 *수행기관이 필요자원(모듈",,safe,clear_selected_candidate,https://www.ctp.or.kr/business/datadetail.do?seq=2709184
TECHNOPARK:616,(2026-88호) 「홍천군 첨단바이오산업 활성화 지원사업」 지역(홍천군)선도기업 육성사업 수혜기업 모집,강원테크노파크,json_only_review,15,3,12,,,unknown,review,1.0,후보 검수 필요,40000.0만원/total_support_scale/review: (지원규모)구분지원기간분야예산(기업당)선정규모지원분야다년도2년(‘26년~’27년)연계형총4억원내외(1차년도:2억원이내)1개메디칼허브자원 || 20000.0만원/total_support_scale/review: (지원규모)구분지원기간분야예산(기업당)선정규모지원분야다년도2년(‘26년~’27년)연계형총4억원내외(1차년도:2억원이내)1개메디칼허브자원 || None만원/support_ratio/ratio_cap: (2026-88호) 「홍천군 첨단바이오산업 활성화 지원사업」 지역(홍천군)선도기업 육성사업 수혜기업 모집 강원테크노파크 강원테크노파크 --> --> 검색 입주기업종합지원시스템 --> Toggle navigation --> 공고안내 공지사항 모집공고 계약공고 채용공고 타기관소식 사업안내 지역사업안내 부서별사업안내 장비지원,unknown:30000.0 | unknown:15000.0 | unknown:3800.0 | unknown:3040.0 | unknown:3040.0 | unknown:3800.0 | unknown:2432.0 | unknown:608.0,needs_review,selected_candidate_missing,https://www.gwtp.or.kr/gwtp/bbsNew_view.php?bbs_data=aWR4PTMwMDkmc3RhcnRQYWdlPSZsaXN0Tm89JnRhYmxlPWNzX2Jic19kYXRhX25ldyZjb2RlPXN1YjAxYiZzZWFyY2hfaXRlbT0mc2VhcmNoX29yZGVyPSZ1cmw9c3ViMDFiJmtleXZhbHVlPXN1YjAxJmJic19tYWxuYW1lPQ==||
TECHNOPARK:654,아산시 CES 2027 기업지원 사업 참가기업 모집 공고,충남테크노파크,amount_update_ready,3,3,0,2700.0,2700.0,support_amount,subtract,1.0,확정,"2700.0만원/support_amount/subtract: 최대 27,000천원 이내(부가세 미지원) || 2700.0만원/consulting_fee/recommend_only: 혁신상 컨설팅 필수 신청 氠瑢 구 분 지원항목 지원규모 전시 부스 및 혁신상 지원 (부스임차 및 설치비) 행사 참가를 위한 부스 임차 및 설치 비용 전액 지원 (27,000천원 이내) (통역비) 전시회 활동을 위한 전문 통역사 활용 비용 (물류비) 전시회용 제품의 현지 이송을 위한 물류비 (참가기업 간담회) 현지 성과 || 2700.0만원/consulting_fee/recommend_only: 영문(해당시) 재무 및 고용현황 매출(단위: 백만원) 수출액(단위: 천USD) 고용(단위: 명) 2024년 2025년 2024년 2025년 2024년 2025년 참가 신청 내용 기업지원 프로그램 신청여부 지원한도 전시부스 전시 부스 임차 및 설치 지원 필수 신청 최대 27,000천원 이내 통역 지원 물류비 지원 혁신상 지",,safe,clear_selected_candidate,https://www.ctp.or.kr/business/datadetail.do?seq=2709199
TECHNOPARK:694,정보보호 기업 육성을 위한 지원사업 참여기업 추가모집(창업·벤처 기업),경남테크노파크,no_support_candidate,0,0,0,,,unknown,review,,후보 없음,,,needs_review,source_fetched_empty | candidate_missing,http://www.gntp.or.kr/biz/applyInfo/3744
TECHNOPARK:793,[강원테크노파크 공고 제 2026-101호] 2026년도 강원 지역특화형(바이오헬스·식품) 스마트공장 구축사업 공고,강원테크노파크,json_only_review,22,10,12,,,unknown,review,0.5,후보 검수 필요,"20000.0만원/support_amount/subtract: 총 2.5억원 내에서 2회(1회차고도화→2회차동일수준)까지 지원하되,회당 최대 2억원 한도,지원비율 50%이내에서 지원가능*단,공고일 전에 스마트공장 구축사업을 통해 || 5000.0만원/support_amount/subtract: 사업을 통해 “고도화”지원받은 기업이 ‘26년도 “동일수준”신청시,기존처럼 최대 0.5억원,6개월 이내 지원 가능(동일수준 지원은 목표수준별 1회만 지원 가능) - 2 - || 8000.0만원/support_amount/subtract: 6개월 이내 지원 가능(동일수준 지원은 목표수준별 1회만 지원 가능) - 2 - -기초:신규 구축 및 동일 수준 0.8억원 이내(지원 비율 80%이내)지원유형지원기간정부 지원한도지원 비율구축목표수준 || 100.0만원/education_fee/recommend_only: 000‘기타비용’에 필수 편성 - 6 - ②교육비(고도화):스마트공장 기술교육(사업관리교육 및 기술교육)수강 비용(1백만원)필수 편성 ③기술임치비(고도화):스마트공장 구축 결과물의 기술임치비(45만원)필수 편성 ◦ (임치제도) 사업 결과물의 핵심 정보를 보관하여 개 || 45.0만원/education_fee/recommend_only: 000‘기타비용’에 필수 편성 - 6 - ②교육비(고도화):스마트공장 기술교육(사업관리교육 및 기술교육)수강 비용(1백만원)필수 편성 ③기술임치비(고도화):스마트공장 구축 결과물의 기술임치비(45만원)필수 편성 ◦ (임치제도) 사업 결과물의 핵심 정보를 보관하여 개발 결과 || 100.0만원/education_fee/recommend_only: 완료보고서 제출 시 수료증 첨부- 집합교육으로 비용 발생(사업계획서에 교육비 100만원 계상) - 8 - 5 || ... 후보 4개 추가",unknown:20000.0 | unknown:25000.0 | unknown:8000.0 | unknown:25000.0 | unknown:20000.0 | unknown:25000.0 | unknown:8000.0 | unknown:5000.0,needs_review,large_amount_delta,https://www.gwtp.or.kr/gwtp/bbsNew_view.php?bbs_data=aWR4PTMwNjYmc3RhcnRQYWdlPSZsaXN0Tm89JnRhYmxlPWNzX2Jic19kYXRhX25ldyZjb2RlPXN1YjAxYiZzZWFyY2hfaXRlbT0mc2VhcmNoX29yZGVyPSZ1cmw9c3ViMDFiJmtleXZhbHVlPXN1YjAxJmJic19tYWxuYW1lPQ==||
TECHNOPARK:818,「2026년 지역 거점 정보보호 클러스터 구축 사업」정보보호 성장지원 과제 모집공고(재공고),충남테크노파크,amount_update_ready,5,5,0,1000.0,1000.0,support_amount,subtract,0.1,확정,"5000.0만원/total_support_scale/review: 서비스 사업화 활성화를 위한 수요 맞춤형 사업화 프로그램 패키지 지원 □ 지원기간 : (사 업 화) 협약일로부터 3개월 □ 지원대상 : 충남 소재 스마트 모빌리티 기반 정보보호 관련 분야 기업 □ 지원규모 : 총50,000천원지원분야지원내용전체지원 금액사업화지원*지역특화산업(스마트모빌리티)과 연계 가능하고 || 5000.0만원/consulting_fee/recommend_only: 사업화 컨설팅 비용 등) 50,000천원 || 1000.0만원/support_amount/subtract: 인포테인먼트 등 다양한 기능을 수행하게 하는 부품산업군 - 특화산업 사업화(비R&D) 지원 : 5개사(1개사/10,000천원)* *공급사에 지급될 지원금 대비 10%인 부가가치세는 수혜기업이 부담함 2지원분야 및 지원대상 □ (지원분야) 사업화 지원(5건)구분①사업화 || 5000.0만원/total_support_scale/review: 서비스의①사업화지원지원기간협약체결일로부터3개월지원예산50백만원(정부지원금)기업부담금부가가치세10%매칭지원규모5개과제지원자격-충남소재정보보호제품 || None만원/support_ratio/ratio_cap: 「2026년 지역 거점 정보보호 클러스터 구축 사업」정보보호 성장지원 과제 모집공고(재공고) 충남테크노파크 충남테크노파크 --> --> 충남테크노파크 누리소통망(SNS) 알림마당 공지사항 채용공고 입찰공고 교육 CTP 소식 유관기관 소식 언론보도 재활용장터 지원사업 사업공고 주요 지원사업 기업지원사업 연간일정표 분야별 지",,safe,clear_selected_candidate,https://www.ctp.or.kr/business/datadetail.do?seq=2709227
TECHNOPARK:872,2026년 충남 정보보호 우수사례 지원사업 수혜기업 모집,충남테크노파크,json_only_review,7,6,1,,,unknown,review,0.1,후보 검수 필요,"750.0만원/consulting_fee/recommend_only: (구축) 정보보호 컨설팅에 기반한 보안솔루션 및 SECaaS 활용 시스템 구축구분총 지원비구축기업 부담금(예시-컨설팅 7,500천원)현금 10%부가세 10%계컨설팅 || 225.0만원/consulting_fee/recommend_only: 0천원)현금 10%부가세 10%계컨설팅, 보안솔루션 및 SECaaS30,000천원2,250천원3,225천원5,475천원 * 실제 지원 내용은 상기 사업비 범위 내에서 사업 유 || 322.5만원/consulting_fee/recommend_only: 10%부가세 10%계컨설팅, 보안솔루션 및 SECaaS30,000천원2,250천원3,225천원5,475천원 * 실제 지원 내용은 상기 사업비 범위 내에서 사업 유형별로 조정 || 547.5만원/consulting_fee/recommend_only: 225천원5,475천원 * 실제 지원 내용은 상기 사업비 범위 내에서 사업 유형별로 조정 가능 * 현금 부담은 컨설팅 비용을 제외한 지원금의 10% 이상으로 함 - || 750.0만원/non_cash/recommend_only: 컨설팅 비용은 전체 지원금의 25% 이내(최대 7,500천원)로 제한 ž 현금 부담 : 컨설팅 비용을 제외한 전체 지원금의 10% 이상을 구축기업이 별도 부담 ž 부가가치세 : 컨설팅 || 0.0만원/support_amount/subtract: / 성 명 E-mail 전 화 팩 스 Mobile 사 업 비 총 000천원 (지원금 30",unknown:3000.0,needs_review,subtract_without_limit_context | large_amount_delta,https://www.ctp.or.kr/business/datadetail.do?seq=2709231
TECHNOPARK:946,「2026 제12회 한국 AI 신발디자인 공모전」후원사 모집,부산테크노파크,no_support_candidate,0,0,0,,,unknown,review,,후보 없음,,,needs_review,candidate_missing,https://www.btp.or.kr/kor/CMS/Board/Board.do?mCode=MN013&mode=view&mgr_seq=16&board_seq=9581974
TECHNOPARK:955,(예산) 2026 시군구연고산업육성사업 2차 공고 (수정공고),충남테크노파크,json_only_review,11,5,6,,,unknown,review,,후보 검수 필요,"15427.3만원/total_support_scale/review:  제출 서류의 미비 또는 제출서류가 사실과 다른 경우  본 사업에 적정하지 않다고 판단되는 경우  지원규모 : ´ 154,273 천원 지원규모 ( ) 총 약 억원 지원범위 ( ) 기업별 총 한도 천만원 이내에서 지원 - 2 - 지원범위 및 프로그램 ( ) 지원 유형 프로그램명 || 0.8만원/total_support_scale/review: 273 천원 지원규모 ( ) 총 약 억원 지원범위 ( ) 기업별 총 한도 천만원 이내에서 지원 - 2 - 지원범위 및 프로그램 ( ) 지원 유형 프로그램명 지원내용 지원 건수 최대지원금 지원기관 사업화 지원 기술지도 애로기술 해결 전문가 매칭 및 문제해결  전략수립 지원 8 천원 500 선문대학교 기술개발 관련 기술지도 || 0.3만원/total_support_scale/review: 273 천원 지원규모 ( ) 총 약 억원 지원범위 ( ) 기업별 총 한도 천만원 이내에서 지원 - 2 - 지원범위 및 프로그램 ( ) 지원 유형 프로그램명 지원내용 지원 건수 최대지원금 지원기관 사업화 지원 기술지도 애로기술 해결 전문가 매칭 및 문제해결  전략수립 지원 8 천원 500 선문대학교 기술개발 관련 기술지도 || 0.1만원/consulting_fee/recommend_only: ② 담회 해외바이어상담회참가지원 ③ 패키지 유망기업 패키지 지원 단일품목에 대한 종합지원  컨설팅 제품개발 사업화 마케팅 등 맞춤형 지원 ( ) → → → 1 천원 25 || 0.5만원/education_fee/recommend_only: 000 선문대학교 외국인 인력 채용 외국인 인력채용 지역특화형 비자신청 자문  전문인력의 지역거주 및 정착을 위한 컨설팅 비  자 발급 지원 외국인 근로자의 지역정착을 위한 언어와 문화  등 교육 언어 문제 등으로 인하여 외국인 인력의 안전사  고 방지를 위한 각족 지침 안내서 번역  외 국 인 유 학 생 면 접",unknown:0.3 | unknown:1.0 | unknown:0.2 | revenue_condition:1000.0 | self_funding:100.0 | unknown:110.0,needs_review,selected_candidate_missing,https://www.ctp.or.kr/business/datadetail.do?seq=2709247
TECHNOPARK:957,(2026-119호) 2026년 강원지역연구장비 활용 수수료 지원사업 참여기업(1차) 모집 공고,강원테크노파크,amount_update_ready,12,12,0,300.0,300.0,support_amount,subtract,0.9,확정,"300.0만원/non_cash/recommend_only: (금)  지원내용: 강원지역 공용장비 활용 수수료 지원  지원금액: 기업별 최대 3,000천원 이내 지원(천원 단위 절사) 氠瑢 漠杳 2 세부 추진내용  지원대상: (공고일 기준) 다음의 조건을 모두 충족하는 중소기업 가 || 300.0만원/support_amount/subtract: ‘강원연구장비종합정보망(G-EQNET)’에 등록된 공용장비 사용 후 관련 비용을 해당 관리기관에 지급한 기업 또는 등록된 공용장비를 사용 예정인 기업  지원금액: 기업별 최대 3,000천원 이내(천원 단위 절사) - 발생비용의 90% 지원금 지급 || 0.0만원/equipment_usage_fee/recommend_only: hwp] 捤獥 汤捯 氠瑢 2026년 강원지역연구장비 활용 수수료 지원사업 신청서 ■ 신청내용 氠瑢 기 업 명 대표자명 사업자등록번호 소 재 지 2025년 매출액 00백만원 주생산품 담 당 자 성 명 부서/직위 전 화 FAX 핸드폰 이메일 활용 장비 신청구분 □ 사용예정 (‘별첨1’작성 후 제출) □ 사용완료 (‘ || 100.0만원/equipment_usage_fee/recommend_only: 강원지역연구장비 활용 수수료 지원사업의 적정 지원 금액은 얼마라고 생각하십니까? 氠瑢 ① 100만원 미만 ② 100만원 이상~ 200만원 미만 ③ 200만원 이상~ 300만원 미만 ④ 300만원이상~400만원 미만 ⑤ 400만원 이상 10 || 100.0만원/equipment_usage_fee/recommend_only: 강원지역연구장비 활용 수수료 지원사업의 적정 지원 금액은 얼마라고 생각하십니까? 氠瑢 ① 100만원 미만 ② 100만원 이상~ 200만원 미만 ③ 200만원 이상~ 300만원 미만 ④ 300만원이상~400만원 미만 ⑤ 400만원 이상 10 || 200.0만원/equipment_usage_fee/recommend_only: 강원지역연구장비 활용 수수료 지원사업의 적정 지원 금액은 얼마라고 생각하십니까? 氠瑢 ① 100만원 미만 ② 100만원 이상~ 200만원 미만 ③ 200만원 이상~ 300만원 미만 ④ 300만원이상~400만원 미만 ⑤ 400만원 이상 10 || ... 후보 6개 추가",,safe,clear_selected_candidate,https://www.gwtp.or.kr/gwtp/bbsNew_view.php?bbs_data=aWR4PTMxMTQmc3RhcnRQYWdlPSZsaXN0Tm89JnRhYmxlPWNzX2Jic19kYXRhX25ldyZjb2RlPXN1YjAxYiZzZWFyY2hfaXRlbT0mc2VhcmNoX29yZGVyPSZ1cmw9c3ViMDFiJmtleXZhbHVlPXN1YjAxJmJic19tYWxuYW1lPQ==||
TECHNOPARK:964,[2026-047호] 2026년 디지털 콘텐츠 산업 규제개혁 어드바이저 참여기업 모집 공고,세종테크노파크,no_support_candidate,0,0,0,,,unknown,review,,후보 없음,,,needs_review,candidate_missing,https://www.sjtp.or.kr/bbs/board.php?bo_table=business01&wr_id=1972
TECHNOPARK:976,「플렉서블·스트레처블 산업 창출을 위한 부착형 디스플레이 기술 기반구축」 2026년도 기업지원 수혜기업 모집 재공고,충남테크노파크,amount_update_ready,2,2,0,200.0,200.0,support_amount,subtract,,확정,"200.0만원/total_support_scale/review: 사업화 촉진으로 프리미엄 디스플레이 확산 등 새로운 패러다임 제시2 지원 내용❍ 지원규모 :최대 2,000천원 || 200.0만원/support_amount/subtract: 최대지원금 규모는 2,000천원 이내임③ 지원방식 :직접지원*형태임 *수행기관이 필요자원(모듈",,safe,clear_selected_candidate,https://www.ctp.or.kr/business/datadetail.do?seq=2709265
TECHNOPARK:977,「AI 솔루션 기술개발」참여기업 추가 모집공고,충남테크노파크,json_only_review,2,2,0,,,unknown,review,0.1,후보 검수 필요,"5000.0만원/total_support_scale/review: 까지◦(지원규모)기업당 최대 50,000천원 || None만원/support_ratio/ratio_cap: 「AI 솔루션 기술개발」참여기업 추가 모집공고 충남테크노파크 충남테크노파크 --> --> 충남테크노파크 누리소통망(SNS) 알림마당 공지사항 채용공고 입찰공고 교육 CTP 소식 유관기관 소식 언론보도 재활용장터 지원사업 사업공고 주요 지원사업 기업지원사업 연간일정표 분야별 지원 장비지원(CES) KOLAS 공인시험지원 충",,needs_review,selected_candidate_missing,https://www.ctp.or.kr/business/datadetail.do?seq=2709266
TECHNOPARK:986,(2026-124호) 2026 강원 미래모빌리티 기업지원 프로그램 통합 공고,강원테크노파크,json_only_review,30,17,13,,,unknown,review,,후보 검수 필요,"500.0만원/consulting_fee/recommend_only: 지도 / 샘플제작 / 마케팅 결합형 지원 19 건 ( 1 건당 1000 만원 / 500 만원 , 총 1 억 4 천만원 ) ❍ 지원내용 - 기술지도 ( 전문가 컨설팅비용 ) || 10000.0만원/consulting_fee/recommend_only: 총 1 억 4 천만원 ) ❍ 지원내용 - 기술지도 ( 전문가 컨설팅비용 ) 지원 (100 만원 ) || 4000.0만원/consulting_fee/recommend_only: 총 1 억 4 천만원 ) ❍ 지원내용 - 기술지도 ( 전문가 컨설팅비용 ) 지원 (100 만원 ) || 100.0만원/consulting_fee/recommend_only: 총 1 억 4 천만원 ) ❍ 지원내용 - 기술지도 ( 전문가 컨설팅비용 ) 지원 (100 만원 ) || 20.0만원/consulting_fee/recommend_only: 기술지도 1 건당 20 만원 지원 ) - 샘플제작 ( 전문가 컨설팅 기반 제작 ) (900 만원 ) || 900.0만원/consulting_fee/recommend_only: 기술지도 1 건당 20 만원 지원 ) - 샘플제작 ( 전문가 컨설팅 기반 제작 ) (900 만원 ) || ... 후보 11개 추가",unknown:1000.0 | unknown:400.0 | unknown:1000.0 | unknown:500.0 | unknown:1000.0 | unknown:500.0 | unknown:400.0 | unknown:1000.0,needs_review,large_amount_delta,https://www.gwtp.or.kr/gwtp/bbsNew_view.php?bbs_data=aWR4PTMxMjYmc3RhcnRQYWdlPSZsaXN0Tm89JnRhYmxlPWNzX2Jic19kYXRhX25ldyZjb2RlPXN1YjAxYiZzZWFyY2hfaXRlbT0mc2VhcmNoX29yZGVyPSZ1cmw9c3ViMDFiJmtleXZhbHVlPXN1YjAxJmJic19tYWxuYW1lPQ==||
TECHNOPARK:988,2026년 충청권 에너지기술공유대학 산학공동 에너지프로젝트 지원사업 2차 공고,충남테크노파크,amount_update_ready,5,4,1,1500.0,1500.0,support_amount,subtract,,확정,1500.0만원/support_amount/subtract: 기업당 최대 15백만원 이내 지원 ◦ 사업기간 : 2026 || 1000.0만원/total_support_scale/review: 지원 프로그램 세부내용 ① 연구개발 지원 프로그램 - 지원대상 : 분산에너지 관련 연구개발 프로젝트 - 지원규모 : 과제당 10백만원 ＊연구재료비 || 500.0만원/total_support_scale/review: 지출 등 진행 ② 과제기획 지원 프로그램 - 지원대상 : 분산에너지 관련 과제 발굴 및 기획 ＊지역에너지 문제해결형 과제 우대 - 지원규모 : 과제당 5백만원 ＊연구용역비 || 0.0만원/support_amount/subtract: hwp] 捤獥 汤捯 [양식1] 지원사업 신청서 氠瑢 2026년도 충청권 에너지기술공유대학 「산학공동 에너지프로젝트 지원사업」 신청서 신 청 내 용 과 제 명 지원금액 000천원 지원내용 연구개발,unknown:0.0,safe,clear_selected_candidate,https://www.ctp.or.kr/business/datadetail.do?seq=2709267
