policy_id,title,organization,amount_manual_review_required,amount_manual_review_category,amount_manual_review_category_ko,amount_manual_review_reason,amount_manual_review_status,candidate_types,support_candidate_count,candidate_summary,manual_review_decision,manual_selected_amount_manwon,manual_selected_amount_type,manual_roi_apply_method,manual_evidence,manual_note,url
ENERGYAGENCY:24575,(수정)2026년도 산업진단 개선이행 지원사업 2차 공고,한국에너지공단,True,manual_representative_recoverable,대표금액 회수 가능 후보,현금성/바우처 후보가 있어 수기검수로 대표금액 회수 가능,pending,consulting_fee:1 | support_amount:1,2,69000.0만원/consulting_fee/recommend_only: - 다 음 - ㅇ 사업내용 : 산업진단 지원사업의 진단결과에 따른 개선이행 비용을 지원하여 에너지진단의 실효성 제고 및 에너지절약 투자 활성화 ㅇ 지원대상 : 산업진단 지원(보조) 사업 참여 이력이 있는 사업장 - '23년 ~ '26년 산업진단 지원사업 에너지진단 완료 사업장 ㅇ 지원규모 : 총 6.9억원 || 1.0만원/support_amount/subtract: / 약 69개 사업장 ㅇ 지원한도 : 사업장 당 최대 1.000만원(투자비용의 70% 또는 50%) - 타 유사사업과의 지원금 중복지원 불가능 ㅇ 신청방법 - (사업신청) 전자메일 신청(메일주소 : conan0,,,,,,,https://www.energy.or.kr/front/board/View2.do?boardMngNo=2&boardNo=24575
KPASS:P2950,2026년 산업기술국제협력사업 통합 시행계획 공고,한국산업기술진흥원,True,manual_representative_recoverable,대표금액 회수 가능 후보,현금성/바우처 후보가 있어 수기검수로 대표금액 회수 가능,pending,support_amount:1 | support_ratio:1 | total_support_scale:5,7,50000.0만원/total_support_scale/review: 기간 및 신청자격 대상국가 지원규모 지원기간 국내(한국측) 연구개발 컨소시움 구성 요건 주관연구개발기관 공동연구개발기관 독일 AiF 5억원 이내/년 3년 이내 제한없음 제한없음 (영리기업 참여 필수) 2+2 5억원 이내/년 3년 이내 제한없음 (기업+대학/연구기관 형태로 2개 이상 || 50000.0만원/total_support_scale/review: 기간 및 신청자격 대상국가 지원규모 지원기간 국내(한국측) 연구개발 컨소시움 구성 요건 주관연구개발기관 공동연구개발기관 독일 AiF 5억원 이내/년 3년 이내 제한없음 제한없음 (영리기업 참여 필수) 2+2 5억원 이내/년 3년 이내 제한없음 (기업+대학/연구기관 형태로 2개 이상의 기관으로 구성) 미국 6억원 이내/년 3년 이내 공공연구소 (전문생산기술 || 60000.0만원/total_support_scale/review: 기간 및 신청자격 대상국가 지원규모 지원기간 국내(한국측) 연구개발 컨소시움 구성 요건 주관연구개발기관 공동연구개발기관 독일 AiF 5억원 이내/년 3년 이내 제한없음 제한없음 (영리기업 참여 필수) 2+2 5억원 이내/년 3년 이내 제한없음 (기업+대학/연구기관 형태로 2개 이상의 기관으로 구성) 미국 6억원 이내/년 3년 이내 공공연구소 (전문생산기술연구소 || 300000.0만원/total_support_scale/review: 기간 및 신청자격 구분 지원규모 지원기간 국내 주관연구개발기관 자격 국내외 공동연구개발기관 자격 글로벌 산업기술 협력센터 협력센터 최대 30억 5년 KIAT (정책지정) (해외) 비영리기관 (국내) NCC(필요시) 공동R&D 20억원 내외/년 최대 5년 중소 || 200000.0만원/total_support_scale/review: 기간 및 신청자격 구분 지원규모 지원기간 국내 주관연구개발기관 자격 국내외 공동연구개발기관 자격 글로벌 산업기술 협력센터 협력센터 최대 30억 5년 KIAT (정책지정) (해외) 비영리기관 (국내) NCC(필요시) 공동R&D 20억원 내외/년 최대 5년 중소 || 50000.0만원/support_amount/subtract: 동일한 연구개발과제를 수행하는 참여기업들은 상호 협의를 통해 연구개발기간에 걸쳐 참여기업들의 정부지원연구개발비 합계액을 기준으로 5억원 당 1명 이상의 만 34세 이하(채용시점 기준 || None만원/support_ratio/ratio_cap: 2026년 산업기술국제협력사업 통합 시행계획 공고 한국산업기술진흥원 KIAT 과제관리시스템 이 누리집은 대한민국 공식 전자정부 누리집입니다. 본문 바로가기 홈 로그인 회원가입 전자정부 평가위원 평가장 비상대피로 사이트맵 이용매뉴얼 전체메뉴 통합 지역사업 --> 주요사업 전체사업구조 산업기술정책단 혁신기반단 기술사업화단 지역산업단 산업공급망지원단 중견기업단 규제혁신단 산학인재센터 국제협력센터,,,,,,,https://www.k-pass.kr/notice/ancView.do?ancId=P2950&gubun=NEW
PBLN_000000000116853,2026년 기업훈련 탄력운영제 참여기업 모집 공고,고용노동부,True,ratio_only,지원비율만 있음,지원비율만 있어 금액 대표값은 만들 수 없음,pending,support_ratio:1,1,None만원/support_ratio/ratio_cap: 2026년 기업훈련 탄력운영제 참여기업 모집 공고 고용노동부 기업마당>정책정보>지원사업 공고 기업마당 본문 바로가기 주메뉴 바로가기 기업마당 > 정책정보 > 지원사업 공고 메뉴열기 로그인 정책정보 정책정보 지원사업 공고 품목별 법정의무 인증제도 행사정보 정책뉴스 입법·행정예고/고시 월간 중기누리 활용정보 활용정보 기업업무용 서식 입주기업 모집공고 온라인화상회의실 정책정보 개방 속보성 대시보드,,,,,,,https://www.bizinfo.go.kr/sii/siia/selectSIIA200Detail.do?pblancId=PBLN_000000000116853
PBLN_000000000117056,[경기] 부천시 2026년 내일채움공제 지원 계획 공고,경기도,True,manual_representative_recoverable,대표금액 회수 가능 후보,현금성/바우처 후보가 있어 수기검수로 대표금액 회수 가능,pending,support_amount:2,2,7.0만원/support_amount/subtract: ☞ 부천시 소재 중소제조기업 ☞ 가입인원 1명당 월 기업부담금 7만원 지원 - 기업당 최대 3명까지 지원(기존ㆍ신규가입 포함) || 34.0만원/support_amount/subtract: 납부 시까지 지원금 지급 유보 〇 납입금액 : 월 34만원 이상 (핵심인력 : 중소기업 = 1 : 2 이상),,,,,,,https://www.bizinfo.go.kr/sii/siia/selectSIIA200Detail.do?pblancId=PBLN_000000000117056
PBLN_000000000117066,장애인고용개선장려금 사업 공고,고용노동부,True,ratio_only,지원비율만 있음,지원비율만 있어 금액 대표값은 만들 수 없음,pending,support_ratio:1,1,None만원/support_ratio/ratio_cap: 장애인고용개선장려금 사업 공고 고용노동부 기업마당>정책정보>지원사업 공고 기업마당 본문 바로가기 주메뉴 바로가기 기업마당 > 정책정보 > 지원사업 공고 메뉴열기 로그인 정책정보 정책정보 지원사업 공고 품목별 법정의무 인증제도 행사정보 정책뉴스 입법·행정예고/고시 월간 중기누리 활용정보 활용정보 기업업무용 서식 입주기업 모집공고 온라인화상회의실 정책정보 개방 속보성 대시보드 고객알림 고객알림,,,,,,,https://www.bizinfo.go.kr/sii/siia/selectSIIA200Detail.do?pblancId=PBLN_000000000117066
PBLN_000000000117291,2026년 한국식품산업클러스터진흥원 기업지원시설ㆍ장비 활용 지원사업 공고,농림축산식품부,True,mixed_manual_review,혼합 수기검수,지원 후보가 혼합되어 대표금액/적용방식 수기확인 필요,pending,equipment_usage_fee:1 | support_ratio:1 | total_support_scale:1,3,2000.0만원/total_support_scale/review: (수) ∼ 지원금 소진시까지 □ 사업비 지원규모: 기업별 최대 20백만원 □ 사업비 구성: 지원금 70~20% || 25000.0만원/equipment_usage_fee/recommend_only: 간접 지원 氠瑢 氠瑢 농림축산식품부 정책수립 및 예산 지원 한국식품산업클러스터진흥원 사업 기획 및 관리 지원유형❶ 지원유형❷ 신청기업 식품진흥원 신청기업 식품진흥원 기술/생산장비 공동활용 시험‧분석 의뢰 시험‧분석 결과 제공 氠瑢 2 공고 개요 □ 공고규모: 예산 2.5억원 이내 □ 공고기간: 2026 || None만원/support_ratio/ratio_cap: 2026년 한국식품산업클러스터진흥원 기업지원시설ㆍ장비 활용 지원사업 공고 농림축산식품부 기업마당>정책정보>지원사업 공고 기업마당 본문 바로가기 주메뉴 바로가기 기업마당 > 정책정보 > 지원사업 공고 메뉴열기 로그인 정책정보 정책정보 지원사업 공고 품목별 법정의무 인증제도 행사정보 정책뉴스 입법·행정예고/고시 월간 중기누리 활용정보 활용정보 기업업무용 서식 입주기업 모집공고 온라인화상회의실 정,,,,,,,https://www.bizinfo.go.kr/sii/siia/selectSIIA200Detail.do?pblancId=PBLN_000000000117291
PBLN_000000000117454,[강원] 2026년 글로벌 IP 스타기업 육성 해외OA비용 지원사업 공고,강원특별자치도,True,manual_representative_recoverable,대표금액 회수 가능 후보,현금성/바우처 후보가 있어 수기검수로 대표금액 회수 가능,pending,support_amount:2,2,"410.0만원/support_amount/subtract: 싱가폴 氠瑢 구분 세부사업명 지원한도 지원내용 전체 지원금 기업부담금 (현금) 해외 OA 비용 지원 미 국 4,100천원 2 || 200.0만원/support_amount/subtract: 지원 유 럽 3,500천원 2,100천원 이내 1,400천원 중국·일본·특수국 2,000천원 1,200천원 이내 800천원 기 타 1,300천원 780천원 이내 520천원",,,,,,,https://www.bizinfo.go.kr/sii/siia/selectSIIA200Detail.do?pblancId=PBLN_000000000117454
PBLN_000000000117463,[강원] 2026년 글로벌 IP 스타기업 육성 해외등록비용 지원사업 공고,강원특별자치도,True,total_scale_manual_review,지원규모 계열 검수,지원규모 계열만 있어 기업당/과제당 한도 여부 수기확인 필요,pending,total_support_scale:3,3,"360.0만원/total_support_scale/review: 지원규모 氠瑢 구분 세부사업명 지원한도 지원내용 전체 지원금 기업부담금 (현금) 해외 등록 비용 지원 미 국 3,600천원 2 || 120.0만원/total_support_scale/review: 000천원 1,200천원 이내 800천원 * 자부담금 : 현금 40% * 지원규모는 변경될 수 있으며 || 80.0만원/total_support_scale/review: 200천원 이내 800천원 * 자부담금 : 현금 40% * 지원규모는 변경될 수 있으며",,,,,,,https://www.bizinfo.go.kr/sii/siia/selectSIIA200Detail.do?pblancId=PBLN_000000000117463
PBLN_000000000117481,전북바이오융합교육센터 재직자 교육 훈련생ㆍ기업 모집 공고(국가인적자원개발컨소시엄),전북특별자치도,True,mixed_manual_review,혼합 수기검수,지원 후보가 혼합되어 대표금액/적용방식 수기확인 필요,pending,education_fee:1 | support_ratio:1,2,100.0만원/education_fee/recommend_only: 강사료는 교육센터 강사료 지급기준에 따라 차등 지급(1일 최대 1백만원) || None만원/support_ratio/ratio_cap: 전북바이오융합교육센터 재직자 교육 훈련생ㆍ기업 모집 공고(국가인적자원개발컨소시엄) 전북특별자치도 기업마당>정책정보>지원사업 공고 기업마당 본문 바로가기 주메뉴 바로가기 기업마당 > 정책정보 > 지원사업 공고 메뉴열기 로그인 정책정보 정책정보 지원사업 공고 품목별 법정의무 인증제도 행사정보 정책뉴스 입법·행정예고/고시 월간 중기누리 활용정보 활용정보 기업업무용 서식 입주기업 모집공고 온라인화상,,,,,,,https://www.bizinfo.go.kr/sii/siia/selectSIIA200Detail.do?pblancId=PBLN_000000000117481
PBLN_000000000117563,2026년 중소기업 매출채권팩토링 지원계획 공고,중소벤처기업부,True,manual_representative_recoverable,대표금액 회수 가능 후보,현금성/바우처 후보가 있어 수기검수로 대표금액 회수 가능,pending,support_amount:4,4,5900000.0만원/support_amount/subtract: 구매기업과 1년이상 거래 실적(최근 1년 내 3회이상)을 보유하고 있는 판매기업 - 대상채권 : 중소기업이 물품ㆍ용역을 제공하여 발생한 매출채권 ☞ 매출채권팩토링 지원 (예산규모 590억원) - 팩토링 한도 : 연간 한도 판매기업 10억원 || 100000.0만원/support_amount/subtract: 구매기업과 1년이상 거래 실적(최근 1년 내 3회이상)을 보유하고 있는 판매기업 - 대상채권 : 중소기업이 물품ㆍ용역을 제공하여 발생한 매출채권 ☞ 매출채권팩토링 지원 (예산규모 590억원) - 팩토링 한도 : 연간 한도 판매기업 10억원 || 1000.0만원/support_amount/subtract: 지원절차 ② 참고)ㅇ대상채권:중소기업이 물품･ 용역을 제공하여 발생한 매출채권* * 신청일로부터 62일 이내 작성되어 국세청에 전송된 10백만원 이상의 전자(세금)계산서 * 대표자가 동일한 기업 간 거래에서 발생한 매출채권 등은 지원대상에서 제외◦예산규모:590억원(’26년) 나 || 5900000.0만원/support_amount/subtract: 지원절차 ② 참고)ㅇ대상채권:중소기업이 물품･ 용역을 제공하여 발생한 매출채권* * 신청일로부터 62일 이내 작성되어 국세청에 전송된 10백만원 이상의 전자(세금)계산서 * 대표자가 동일한 기업 간 거래에서 발생한 매출채권 등은 지원대상에서 제외◦예산규모:590억원(’26년) 나,,,,,,,https://www.bizinfo.go.kr/sii/siia/selectSIIA200Detail.do?pblancId=PBLN_000000000117563
PBLN_000000000117671,[인천] 서구 2026년 제품인증획득 지원사업 신청 공고,인천광역시,True,recommend_only_payload,비현금/수수료/컨설팅성,비현금/수수료/컨설팅성 지원이라 ROI 직접 차감은 불가,pending,consulting_fee:4 | non_cash:3,7,500.0만원/consulting_fee/recommend_only: 시험비 및 컨설팅비 등 기업당 300 ~ 500만원 범위내 지원 사업신청 방법 온라인 접수 (비즈오케이 홈페이지) 사업신청 사이트 온라인신청 바로가기 문의처 인천광역시 서구청 기업지원과 032- || 100.0만원/consulting_fee/recommend_only: 한도가 남을 시 100만원 범위내에서 컨설팅비를 지원함 || 500.0만원/consulting_fee/recommend_only: 시험비 및 컨설팅비 등 기업당 300 ~ 500만원 범위내 지원(VAT는 기업부담) 氠瑢 인 증 구 분 지원범위 지 원 금 액 신기술인증(NET) || 500.0만원/consulting_fee/recommend_only: 컨설팅비 기업당 500만원 범위내 CE || 400.0만원/non_cash/recommend_only: FDA 등 해외 제품인증 기업당 400만원 범위내 KC || 300.0만원/non_cash/recommend_only: Q마크 등 국내 제품인증 기업당 300만원 범위내 󰏚 지원대상 및 신청 || 1000000.0만원/non_cash/recommend_only: 가좌동 ❍ 제외대상 - 인증획득한 제품이 수입품인 기업 - 최근 결산년도 매출액이 100억원 이상인 기업 - 신청일 기준 국세,,,,,,,https://www.bizinfo.go.kr/sii/siia/selectSIIA200Detail.do?pblancId=PBLN_000000000117671
PBLN_000000000117688,[인천] 서구(검단지역) 2026년 제품인증획득 지원사업 신청 공고,인천광역시,True,recommend_only_payload,비현금/수수료/컨설팅성,비현금/수수료/컨설팅성 지원이라 ROI 직접 차감은 불가,pending,consulting_fee:4 | non_cash:3,7,500.0만원/consulting_fee/recommend_only: 시험비 및 컨설팅비 등 기업당 300 ~ 500만원 범위내 지원 사업신청 방법 온라인 접수 (비즈오케이 홈페이지) 사업신청 사이트 온라인신청 바로가기 문의처 인천광역시 서구청 기업지원과 032- || 100.0만원/consulting_fee/recommend_only: 한도가 남을 시 100만원 범위내에서 컨설팅비를 지원함 || 500.0만원/consulting_fee/recommend_only: 시험비 및 컨설팅비 등 기업당 300 ~ 500만원 범위내 지원(VAT는 기업부담) 氠瑢 인 증 구 분 지원범위 지 원 금 액 신기술인증(NET) || 500.0만원/consulting_fee/recommend_only: 컨설팅비 기업당 500만원 범위내 CE || 400.0만원/non_cash/recommend_only: FDA 등 해외 제품인증 기업당 400만원 범위내 KC || 300.0만원/non_cash/recommend_only: Q마크 등 국내 제품인증 기업당 300만원 범위내 󰏚 지원대상 및 신청 || 1000000.0만원/non_cash/recommend_only: 백석동 ❍ 제외대상 - 인증획득한 제품이 수입품인 기업 - 최근 결산년도 매출액이 100억원 이상인 기업 - 신청일 기준 국세,,,,,,,https://www.bizinfo.go.kr/sii/siia/selectSIIA200Detail.do?pblancId=PBLN_000000000117688
PBLN_000000000117794,[경북] 2026년 중소기업 정부기술개발공모사업 선정지원 참여기업 모집 공고,경상북도,True,recommend_only_payload,비현금/수수료/컨설팅성,비현금/수수료/컨설팅성 지원이라 ROI 직접 차감은 불가,pending,consulting_fee:6,6,30.0만원/consulting_fee/recommend_only: / 5회 中 선택 牭景 기획 컨설팅(기업부담금 30만원) || 50.0만원/consulting_fee/recommend_only: 주관기관 운영프로그램 참여 시 지원 牭景 발표평가 컨설팅 牭景 모의발표평가 牭景 재도전 컨설팅 牭景 차년도 R&D 컨설팅(기업부담금 50만원) || 150.0만원/consulting_fee/recommend_only: 사업계획서 작성방법 컨설팅 등 결 과 물: 컨설팅 일지 150 만원 漠杳 신청서 접수  漠杳 기업 현장점검  漠杳 승인 통보  漠杳 전문가 매칭  漠杳 컨설팅 진행  漠杳 결과보고서 제출  漠杳 사업 || 90.0만원/consulting_fee/recommend_only: 발표스킬 제고를 위한 컨설팅 결 과 물: 컨설팅 일지 90 만원 (필독) R&D사업 1차 선정 된 기업만 신청 가능 모의발표 평가 지원대상: R&D사업 1차 선정기업 지원내용: 사전질의서 작성 결 과 물: || 30.0만원/consulting_fee/recommend_only: 사전질의서 30 만원 재도전 지원대상: R&D사업 탈락기업 지원내용: 탈락사유에 대한 보완 컨설팅 결 과 물: 컨설팅 일지 90 만원 차년도 R&D컨설팅 (15건 || 90.0만원/consulting_fee/recommend_only: 사전질의서 30 만원 재도전 지원대상: R&D사업 탈락기업 지원내용: 탈락사유에 대한 보완 컨설팅 결 과 물: 컨설팅 일지 90 만원 차년도 R&D컨설팅 (15건 내외) 지원대상: 차년도 R&D사업 신청예정 기업 지원내용: 공급기업을 통한 사업계획서 작성 지원 결 과 물: 컨,,,,,,,https://www.bizinfo.go.kr/sii/siia/selectSIIA200Detail.do?pblancId=PBLN_000000000117794
PBLN_000000000117942,[경남] 창원시 2026년 지식재산진흥 지원사업 기업 모집 공고,경상남도,True,manual_representative_recoverable,대표금액 회수 가능 후보,현금성/바우처 후보가 있어 수기검수로 대표금액 회수 가능,pending,fee:2 | subsidy:1 | support_ratio:1,4,"3000.0만원/subsidy/subtract: 경찰 등 수사기관에서 조사나 수사 중인 기업으로서 비위의 정도가 중대하고 이로 인하여 정상적인 과제수행을 기대하기 현저히 어려운 기업 □ 중복지원 제한 요건 ▸당해년도 창원산업진흥원 보조금 지원사업(지원금 3,000만원 이상) 2개 초과 수행 중 상기 내용이 사실임을 확인하며 || 100.0만원/fee/review: 선행기술조사 : 국내권리화 지원 시 함께 지원 가능 (선행기술조사 단독지원 불가) ▪지원규모구분지원분야지원내역지원한도(VAT 제외)접수1국내권리화발생수수료의80%이내 지원100만원상 시(사업비 소진시까지)2선행기술조사50만원 ▪지원기준 - 2026 || 50.0만원/fee/review: 선행기술조사 : 국내권리화 지원 시 함께 지원 가능 (선행기술조사 단독지원 불가) ▪지원규모구분지원분야지원내역지원한도(VAT 제외)접수1국내권리화발생수수료의80%이내 지원100만원상 시(사업비 소진시까지)2선행기술조사50만원 ▪지원기준 - 2026 || None만원/support_ratio/ratio_cap: [경남] 창원시 2026년 지식재산진흥 지원사업 기업 모집 공고 경상남도 기업마당>정책정보>지원사업 공고 기업마당 본문 바로가기 주메뉴 바로가기 기업마당 > 정책정보 > 지원사업 공고 메뉴열기 로그인 정책정보 정책정보 지원사업 공고 품목별 법정의무 인증제도 행사정보 정책뉴스 입법·행정예고/고시 월간 중기누리 활용정보 활용정보 기업업무용 서식 입주기업 모집공고 온라인화상회의실 정책정보 개방 속",,,,,,,https://www.bizinfo.go.kr/sii/siia/selectSIIA200Detail.do?pblancId=PBLN_000000000117942
PBLN_000000000117992,2026년 나눔장비 이전지원사업 모집 공고,과학기술정보통신부,True,manual_representative_recoverable,대표금액 회수 가능 후보,현금성/바우처 후보가 있어 수기검수로 대표금액 회수 가능,pending,equipment_usage_fee:1 | support_amount:1 | total_support_scale:1,3,6000.0만원/equipment_usage_fee/recommend_only: 연구개발 또는 국산 장비개발 관련 중소기업 등 ☞ 연구장비 이전ㆍ설치에 소요되는 비용 장비 당 취득금액의 20% 이내(최대 6천만원) 지원 사업신청 방법 온라인 접수 (ZEUS 장비활용종합포털 나눔터) || 6000.0만원/total_support_scale/review: 설치 시 발생하는 비용 - [장비수리비] 연구장비의 이전 후 사용에 필요한 수리 비용(소모품비 제외) ◌ 지원규모 : 장비 당 취득금액의 20% 이내(최대 6천만원) 지원 || 3000.0만원/support_amount/subtract: 여러 중소기업에 골고루 혜택을 제공하기 위해 1개 기업당 10개 이하 장비(취득금액 3천만원 이상)로 이전지원을 제한하는 ｢나눔장비 총량제｣ 실시 氠瑢 연구개발 또는 국산 장비개발 관련 중소기업 필수 서류 가,,,,,,,https://www.bizinfo.go.kr/sii/siia/selectSIIA200Detail.do?pblancId=PBLN_000000000117992
PBLN_000000000118006,2026년 스마트공장 수준확인 사업 공고,중소벤처기업부,True,mixed_manual_review,혼합 수기검수,지원 후보가 혼합되어 대표금액/적용방식 수기확인 필요,pending,consulting_fee:1 | support_ratio:1,2,"200000.0만원/consulting_fee/recommend_only: 중견 제조기업의 자발적인 스마트공장 구축 및 고도화를 촉진하기 위한 스마트화 수준진단을 지원◦(사업 규모)2,000백만 원(수준확인 2 || None만원/support_ratio/ratio_cap: 2026년 스마트공장 수준확인 사업 공고 중소벤처기업부 기업마당>정책정보>지원사업 공고 기업마당 본문 바로가기 주메뉴 바로가기 기업마당 > 정책정보 > 지원사업 공고 메뉴열기 로그인 정책정보 정책정보 지원사업 공고 품목별 법정의무 인증제도 행사정보 정책뉴스 입법·행정예고/고시 월간 중기누리 활용정보 활용정보 기업업무용 서식 입주기업 모집공고 온라인화상회의실 정책정보 개방 속보성 대시보드 고객",,,,,,,https://www.bizinfo.go.kr/sii/siia/selectSIIA200Detail.do?pblancId=PBLN_000000000118006
PBLN_000000000118027,2026년 KOLAS 공인 제품인증 서비스 바우처 지원사업 참가 희망기업 모집 공고,부산광역시,True,mixed_manual_review,혼합 수기검수,지원 후보가 혼합되어 대표금액/적용방식 수기확인 필요,pending,equipment_usage_fee:1 | non_cash:6 | support_ratio:1,8,80.0만원/equipment_usage_fee/recommend_only: / 기타) 2인 출장비 (재)부산테크노파크 여비 규정에 따름(관내 지역 시 제외) 2인 시험 수수료 위탁 시험기관 의뢰시험검사 업무규정에 따름 제품별 상이 인증마크 제작 수수료 신청제품의 수량 × 제작단가 협의 인증수수료(마크 사용료) 신청제품의 수량 × 신청제품의 개별단가 × 약정요율* 최소금액 80만원 인증서 발급 수수료 500 || 80.0만원/non_cash/recommend_only: 최소금액은 80만원으로 한다) 氠瑢 인증제품의 연간 매출액 3억 이하 15억 이하 30억 이하 50억 이하 50억 초과 약정요율 0 || 30000.0만원/non_cash/recommend_only: 최소금액은 80만원으로 한다) 氠瑢 인증제품의 연간 매출액 3억 이하 15억 이하 30억 이하 50억 이하 50억 초과 약정요율 0 || 150000.0만원/non_cash/recommend_only: 최소금액은 80만원으로 한다) 氠瑢 인증제품의 연간 매출액 3억 이하 15억 이하 30억 이하 50억 이하 50억 초과 약정요율 0 || 300000.0만원/non_cash/recommend_only: 최소금액은 80만원으로 한다) 氠瑢 인증제품의 연간 매출액 3억 이하 15억 이하 30억 이하 50억 이하 50억 초과 약정요율 0 || 500000.0만원/non_cash/recommend_only: 최소금액은 80만원으로 한다) 氠瑢 인증제품의 연간 매출액 3억 이하 15억 이하 30억 이하 50억 이하 50억 초과 약정요율 0 || 500000.0만원/non_cash/recommend_only: 최소금액은 80만원으로 한다) 氠瑢 인증제품의 연간 매출액 3억 이하 15억 이하 30억 이하 50억 이하 50억 초과 약정요율 0 || None만원/support_ratio/ratio_cap: 2026년 KOLAS 공인 제품인증 서비스 바우처 지원사업 참가 희망기업 모집 공고 부산광역시 기업마당>정책정보>지원사업 공고 기업마당 본문 바로가기 주메뉴 바로가기 기업마당 > 정책정보 > 지원사업 공고 메뉴열기 로그인 정책정보 정책정보 지원사업 공고 품목별 법정의무 인증제도 행사정보 정책뉴스 입법·행정예고/고시 월간 중기누리 활용정보 활용정보 기업업무용 서식 입주기업 모집공고 온라인화상회,,,,,,,https://www.bizinfo.go.kr/sii/siia/selectSIIA200Detail.do?pblancId=PBLN_000000000118027
PBLN_000000000118047,[충북] 청주시 2026년 도시근로자 지원사업 참여기업 모집 공고,충청북도,True,ratio_only,지원비율만 있음,지원비율만 있어 금액 대표값은 만들 수 없음,pending,support_ratio:1,1,None만원/support_ratio/ratio_cap: [충북] 청주시 2026년 도시근로자 지원사업 참여기업 모집 공고 충청북도 기업마당>정책정보>지원사업 공고 기업마당 본문 바로가기 주메뉴 바로가기 기업마당 > 정책정보 > 지원사업 공고 메뉴열기 로그인 정책정보 정책정보 지원사업 공고 품목별 법정의무 인증제도 행사정보 정책뉴스 입법·행정예고/고시 월간 중기누리 활용정보 활용정보 기업업무용 서식 입주기업 모집공고 온라인화상회의실 정책정보 개방,,,,,,,https://www.bizinfo.go.kr/sii/siia/selectSIIA200Detail.do?pblancId=PBLN_000000000118047
PBLN_000000000118133,[경북] 2026년 화장품산업 경쟁력 강화사업(성분 분석ㆍ검증 시험인증) 모집공고,경상북도,True,recommend_only_payload,비현금/수수료/컨설팅성,비현금/수수료/컨설팅성 지원이라 ROI 직접 차감은 불가,pending,non_cash:3,3,80.0만원/non_cash/recommend_only: 연구소 등 1개 이상 소재한 화장품 기업 ☞ 성분 분석/검증 시험인증 기업당 최대 80만원 이내 지원 사업신청 방법 이메일 접수 (cos@gitc || 80.0만원/non_cash/recommend_only: 연구소 등 1개 이상 소재한 기업 ☐ 지원내용 氠瑢 지원분야 성분 분석/검증 시험인증 지원 지원금액  기업당 최대 80만원 이내 - 전문기관 의뢰를 통한 수행기관 직접지원 선정규모 사업비 소진 시 종료 지원내용 화장품의 기능성 입증과 안전성 검증을 위한 성분 분석/ || 80.0만원/non_cash/recommend_only: 연구소 등 1개 이상 소재한 기업 ☐ 선정규모 : 사업비 소진 시 종료 ☐ 지원금액 : 기업당 최대 80만원 이내 ☐ 지원내용 - 제품의 기능성 입증 분석을 위한 성분분석시험 서비스 지원 (예: 천연 기능성 원료 또는 지표 물질의 함량 분석,,,,,,,https://www.bizinfo.go.kr/sii/siia/selectSIIA200Detail.do?pblancId=PBLN_000000000118133
PBLN_000000000118204,2026년 여성기업 육성사업 공고,중소벤처기업부,True,mixed_manual_review,혼합 수기검수,지원 후보가 혼합되어 대표금액/적용방식 수기확인 필요,pending,education_fee:1 | support_ratio:1,2,"2000.0만원/education_fee/recommend_only: 투자유치 등 - 교육․멘토링 : 사업계획서 작성법 등 비즈니스모델 고도화 지원 - 시상 : 약 40팀 (대상 : 중소벤처기업부장관상 및 상금 2,000만원) * 최종 시상규모는 후원여부에 따라 변경될 수 있음 - 후속지원 : 도전 K-스타트업 본선 진출 자격 부여 (창업 3년미만 26팀) || None만원/support_ratio/ratio_cap: 2026년 여성기업 육성사업 공고 중소벤처기업부 기업마당>정책정보>지원사업 공고 기업마당 본문 바로가기 주메뉴 바로가기 기업마당 > 정책정보 > 지원사업 공고 메뉴열기 로그인 정책정보 정책정보 지원사업 공고 품목별 법정의무 인증제도 행사정보 정책뉴스 입법·행정예고/고시 월간 중기누리 활용정보 활용정보 기업업무용 서식 입주기업 모집공고 온라인화상회의실 정책정보 개방 속보성 대시보드 고객알림 고",,,,,,,https://www.bizinfo.go.kr/sii/siia/selectSIIA200Detail.do?pblancId=PBLN_000000000118204
PBLN_000000000118209,2026년 중소기업 연구인력지원사업 공고,중소벤처기업부,True,manual_representative_recoverable,대표금액 회수 가능 후보,현금성/바우처 후보가 있어 수기검수로 대표금액 회수 가능,pending,subsidy:1,1,5000.0만원/subsidy/subtract: 레전드 50 +* : 10개) ◇ 지역특화 프로젝트 󰡔레전드 50+ * 󰡕 : 중소기업의 혁신성장 및 경쟁력 제고를 위하여 중소벤처기업부 및 17개 광역자치단체가 함께 추진하는 지역 특화 프로젝트이며 중소벤처 기업부가 핵심 정책수단을 3년간 패키지로 지원해 주는 정책 * 레전드 50+ 참여기업 선정확인서를 제출하는 경우 우선 할당(제한경쟁) ◦ (지원내용) 기업별 1명으로 최대 3년간 연봉의,,,,,,,https://www.bizinfo.go.kr/sii/siia/selectSIIA200Detail.do?pblancId=PBLN_000000000118209
PBLN_000000000118245,[경북] 2026년 중소벤처기업 지식재산권 및 해외인증 지원사업 참가기업 모집 공고,경상북도,True,recommend_only_payload,비현금/수수료/컨설팅성,비현금/수수료/컨설팅성 지원이라 ROI 직접 차감은 불가,pending,non_cash:4,4,"500.0만원/non_cash/recommend_only: ☞ 도내 중소ㆍ벤처기업 ☞ 지식재산권 출원 및 해외인증 획득 비용 지원(기업당 최대 500만원) || 600.0만원/non_cash/recommend_only: 시험기관 및 컨설팅 기관 출원/획득 일자 추진방법 □ 단독 □ 대행 지원금 청구 소요금액 원 신청금액 (공급가액의 80%) 최대 6,000,000원 송금계좌 _____은행 || 600.0만원/non_cash/recommend_only: : 획득 구분 세부내역 소요금액 (부가세 제외) 수행업체명 품목1 인증비 원 시험비 원 컨설팅비 원 소계 ① 浵╦ 0 浵ࡦ 원 품목2 인증비 원 시험비 원 컨설팅비 원 소계 ② 浵╦ 0 浵ࡦ 원 합계 ①+② 원 지원금 신청 금액(최대한도 기업당 600만원) 원 [서식2] 氠瑢 기업정보의 제공 || 3000.0만원/non_cash/recommend_only: 시험비용의 합이 3천만원 이상 소요되는 인증",,,,,,,https://www.bizinfo.go.kr/sii/siia/selectSIIA200Detail.do?pblancId=PBLN_000000000118245
PBLN_000000000118318,2026년 소스개발 및 생산지원 사업 공고,농림축산식품부,True,mixed_manual_review,혼합 수기검수,지원 후보가 혼합되어 대표금액/적용방식 수기확인 필요,pending,equipment_usage_fee:1 | fee:3 | total_support_scale:2,6,2000.0만원/equipment_usage_fee/recommend_only: 디지털식품정보플랫폼 가입기업 등) ☞ 장비사용 수수료 할인(기업별 누적 최대 20백만원) 지원 사업신청 방법 온라인 접수 (디지털식품정보플랫폼) 사업신청 사이트 온라인신청 바로가기 문의처 한국식품산업클러스터진흥원 [일반문의] 06 || 2000.0만원/total_support_scale/review: (수) ∼ 지원금 소진시까지 □ 지원방법: 장비사용 수수료 할인 □ 지원규모: 기업별 누적 최대 20백만원 □ 사업규모: 총 30백만원 이내 □ 지원대상: 식품 관련 기업(국가식품클러스터 입주(분양 || 3000.0만원/total_support_scale/review: (수) ∼ 지원금 소진시까지 □ 지원방법: 장비사용 수수료 할인 □ 지원규모: 기업별 누적 최대 20백만원 □ 사업규모: 총 30백만원 이내 □ 지원대상: 식품 관련 기업(국가식품클러스터 입주(분양 || 500.0만원/fee/review: (수) ∼ 지원금 소진시까지 □ 지원내용: 신청기업이 식품진흥원과 공동 또는 의뢰하여 수행하며 보조금 지원사업이 아님 氠瑢 氠瑢 3 지원내용 汤捯 구분 지원내용 소스개발 汤捯 레시피 개발  식품진흥원 전문인력 및 인프라를 활용한 소스 등의 레시피 위탁개발 지원 - 기업이 요구하는 수준에 부합하는 판매 목적의 산업용 레시피 개발 氠瑢 [유형별 난이도 기준] 항목 개발유형 상 중 하 난이도 기 || 300.0만원/fee/review: (수) ∼ 지원금 소진시까지 □ 지원내용: 신청기업이 식품진흥원과 공동 또는 의뢰하여 수행하며 보조금 지원사업이 아님 氠瑢 氠瑢 3 지원내용 汤捯 구분 지원내용 소스개발 汤捯 레시피 개발  식품진흥원 전문인력 및 인프라를 활용한 소스 등의 레시피 위탁개발 지원 - 기업이 요구하는 수준에 부합하는 판매 목적의 산업용 레시피 개발 氠瑢 [유형별 난이도 기준] 항목 개발유형 상 중 하 난이도 기 || 200.0만원/fee/review: (수) ∼ 지원금 소진시까지 □ 지원내용: 신청기업이 식품진흥원과 공동 또는 의뢰하여 수행하며 보조금 지원사업이 아님 氠瑢 氠瑢 3 지원내용 汤捯 구분 지원내용 소스개발 汤捯 레시피 개발  식품진흥원 전문인력 및 인프라를 활용한 소스 등의 레시피 위탁개발 지원 - 기업이 요구하는 수준에 부합하는 판매 목적의 산업용 레시피 개발 氠瑢 [유형별 난이도 기준] 항목 개발유형 상 중 하 난이도 기,,,,,,,https://www.bizinfo.go.kr/sii/siia/selectSIIA200Detail.do?pblancId=PBLN_000000000118318
PBLN_000000000118361,[경기] 부천시 2026년 유해물질 시험분석 수수료 지원 사업 참여 기업 모집 공고,경기도,True,recommend_only_payload,비현금/수수료/컨설팅성,비현금/수수료/컨설팅성 지원이라 ROI 직접 차감은 불가,pending,non_cash:2,2,100.0만원/non_cash/recommend_only: ☞ 본사 또는 공장이 부천시에 소재한 중소기업(제조업) ☞ 유해물질 시험분석 수수료 기업당 지원금 합계 100만원 이내(연간) 지원 사업신청 방법 온라인 접수(부천산업진흥원) 사업신청 사이트 온라인신청 바로가기 문의처 부천산업진흥원 기업육성팀 032-716 || 100.0만원/non_cash/recommend_only: 천원미만 절사 〇 지원한도 : 기업당 지원금 합계 100만원 이내(연간) 〇 지원기준 - 국내 시험분석 : 한국인정기구(KOLAS) 공인 시험‧분석기관에서 수행한 시험 - 해외 시험분석 : ISO/IEC,,,,,,,https://www.bizinfo.go.kr/sii/siia/selectSIIA200Detail.do?pblancId=PBLN_000000000118361
PBLN_000000000118750,[경남] 진주시 2026년 중소기업 국내외 인증수수료 지원사업 공고,경상남도,True,recommend_only_payload,비현금/수수료/컨설팅성,비현금/수수료/컨설팅성 지원이라 ROI 직접 차감은 불가,pending,fee:2 | non_cash:4,6,300.0만원/fee/review: ☞ 공고일 현재 진주시에 본사와 공장을 둔 중소기업 (중소기업기본법 제2조에 의한 기업으로 공장등록을 마친 기업) ☞ 당해년도 인증 신규 취득 및 갱신에 소요된 인증 수수료 지원 - 해외 규격인증 : 기업당 최대 300만원 || 100.0만원/non_cash/recommend_only: / 국내 인증 : 기업당 최대 100만원 사업신청 방법 이메일 접수 (itkang1@nate || 300.0만원/fee/review: 지원제외 : 다음 각 호 해당 기업 (1) 허위 ․ 부정한 방법으로 신청한 경우 (2) 세금을 체납(납부 및 체납처분 유예 포함)중인 기업 (3) 휴 ․ 폐업중 및 신청일 현재 매출액을 확인할 수 없는 기업 (4) 유사사업으로 타 기관에서 기 지원을 받은 업체 ❍ 지원사항: 당해년도 인증 신규 취득 및 갱신에 소요된 인증 수수료 - 해외 규격인증 : 기업당 최대 300만원 || 100.0만원/non_cash/recommend_only: / 국내 인증 : 기업당 최대 100만원 || 100.0만원/non_cash/recommend_only: 3 (리튬배터리운송안정성시험) USB-IF (USB임플리멘터스포럼) Visa PayWave (신용카드단말기인증) WHO (세계보건기구) Wi-Fi Certified (Wi-Fi상호운용성인증) WPS (선급용접절차승인) Z-Wave Product Certification (전자제품상호호환성인증) 【서식 1】 氠瑢 중소기업 국내외 인증 수수료 지원사업 신청서 업 체 현 황 회사명 대표자 전화번호 || 300.0만원/non_cash/recommend_only: 3 (리튬배터리운송안정성시험) USB-IF (USB임플리멘터스포럼) Visa PayWave (신용카드단말기인증) WHO (세계보건기구) Wi-Fi Certified (Wi-Fi상호운용성인증) WPS (선급용접절차승인) Z-Wave Product Certification (전자제품상호호환성인증) 【서식 1】 氠瑢 중소기업 국내외 인증 수수료 지원사업 신청서 업 체 현 황 회사명 대표자 전화번호,,,,,,,https://www.bizinfo.go.kr/sii/siia/selectSIIA200Detail.do?pblancId=PBLN_000000000118750
PBLN_000000000118927,[강원] 2026년 직장문화ㆍ환경개선지원사업 참여기업 모집 공고,강원특별자치도,True,recommend_only_payload,비현금/수수료/컨설팅성,비현금/수수료/컨설팅성 지원이라 ROI 직접 차감은 불가,pending,education_fee:1,1,"500.0만원/education_fee/recommend_only: 생활 균형을 실천하는 기업 ㅇ 지원규모 氠瑢 구분 지원규모 비고 컨설팅 ⦁35개사 내외 ⦁2회 이상 필수 기업 환경개선(컨설팅) ⦁3개사 ⦁5,000천원 내외 지원 ⦁컨설팅 필수 참여 교육",,,,,,,https://www.bizinfo.go.kr/sii/siia/selectSIIA200Detail.do?pblancId=PBLN_000000000118927
PBLN_000000000119010,[인천] 2026년 연구장비 공동활용 지원사업 모집 공고,인천광역시,True,manual_representative_recoverable,대표금액 회수 가능 후보,현금성/바우처 후보가 있어 수기검수로 대표금액 회수 가능,pending,support_amount:1 | total_support_scale:1,2,"4000.0만원/total_support_scale/review: php q 지원규모 : 총 40,000천원 || 300.0만원/support_amount/subtract: 13개社 이상 m 연구장비 사용료 기업당 300만원 이내 1회 지원",,,,,,,https://www.bizinfo.go.kr/sii/siia/selectSIIA200Detail.do?pblancId=PBLN_000000000119010
PBLN_000000000119093,[인천] 2026년 파브(PAV) 부품 시험ㆍ인증 지원사업 참여기업 모집 공고,인천광역시,True,ratio_only,지원비율만 있음,지원비율만 있어 금액 대표값은 만들 수 없음,pending,support_ratio:1,1,None만원/support_ratio/ratio_cap: [인천] 2026년 파브(PAV) 부품 시험ㆍ인증 지원사업 참여기업 모집 공고 인천광역시 기업마당>정책정보>지원사업 공고 기업마당 본문 바로가기 주메뉴 바로가기 기업마당 > 정책정보 > 지원사업 공고 메뉴열기 로그인 정책정보 정책정보 지원사업 공고 품목별 법정의무 인증제도 행사정보 정책뉴스 입법·행정예고/고시 월간 중기누리 활용정보 활용정보 기업업무용 서식 입주기업 모집공고 온라인화상회의실,,,,,,,https://www.bizinfo.go.kr/sii/siia/selectSIIA200Detail.do?pblancId=PBLN_000000000119093
PBLN_000000000119126,2026년 물리ㆍ화학적 시험평가인증 지원사업 공고(메카노바이오활성소재 혁신의료기기 실증 기반구축),전북특별자치도,True,recommend_only_payload,비현금/수수료/컨설팅성,비현금/수수료/컨설팅성 지원이라 ROI 직접 차감은 불가,pending,equipment_usage_fee:1 | non_cash:1,2,400.0만원/non_cash/recommend_only: ☞ 의료기기 전ㆍ후방 산업군에 해당하는 전국의 중소ㆍ중견기업 ☞ 물리ㆍ화학적 시험ㆍ평가ㆍ인증에 필요한 시험분석 검사비 등 지원 (기업당 최대 4백만 원) || 0.0만원/equipment_usage_fee/recommend_only: 화학) 지원사업 신청서 기 업 개 요 기 업 명 대 표 자 사업자등록번호 홈페이지 http:// 소 재 지 (주 소) (우편번호 : ) 업 종 한국표준산업분류코드 (대분류/중분류) 업 태 신 청 개 요 평가기관명 평가장비명 제 품 명 사용 목적 시험항목 시험방법(적용 규격) 요구사항 사용료 예상 일정 기재 요망 담 당 자 (과제 책임자) 소속부서 직위 성명 E-mail 연락처 휴대전화 기 업,,,,,,,https://www.bizinfo.go.kr/sii/siia/selectSIIA200Detail.do?pblancId=PBLN_000000000119126
PBLN_000000000119181,[충북] 2026년 소부장 지원 전문가 스테이션 운영사업 기술애로 지원 모집 공고,충청북도,True,mixed_manual_review,혼합 수기검수,지원 후보가 혼합되어 대표금액/적용방식 수기확인 필요,pending,non_cash:3 | total_support_scale:1,4,100.0만원/non_cash/recommend_only: 연구소 등 ☞ 기술애로신청서(붙임) 제출한 기업을 대상으로 충북 과기원 전문가 Pool 인력 또는 기업 추천 전문가가 신청기업에 현장 코칭 및 자문 지원(최대 1백만원) 사업신청 방법 온라인 접수 후 제출서류 메일 발송 - 온라인 : 충북과학기술혁신원 과제관리시스템 비즈온 - 이메일 : lkj247@cbist || 100.0만원/total_support_scale/review: (목) ~ (수시모집) * 선착순으로 모집 마감 ㅇ 지원규모: 최대 1백만원 || 30.0만원/non_cash/recommend_only: 1회당 자문료 최대 30만원 ㅇ 지원대상: 충북 내 소재한 소부장 분야 기업 본사 || 100.0만원/non_cash/recommend_only: 연구소 등 지원내용 ▪ 기술애로신청서(붙임) 제출한 기업을 대상으로 충북 과기원 전문가 Pool 인력 또는 기업 추천 전문가가 신청기업에 현장 코칭 및 자문 지원(최대 1백만원) 지원방식 ▪ 전문가 멘토링(코칭) 수당 지급(과기원→기술애로 자문위원 직접 지급) ㅇ 추진절차 氠瑢 공고 및 홍보 ⇨ 온라인 및 E-mail,,,,,,,https://www.bizinfo.go.kr/sii/siia/selectSIIA200Detail.do?pblancId=PBLN_000000000119181
PBLN_000000000119201,2026년 중소기업 연구인력 현장맞춤형 양성지원 사업 시행계획 공고,중소벤처기업부,True,manual_representative_recoverable,대표금액 회수 가능 후보,현금성/바우처 후보가 있어 수기검수로 대표금액 회수 가능,pending,subsidy:4 | support_amount:1,5,"1720.0만원/support_amount/subtract: 기업부설연구소 또는 연구개발전담부서를 보유한 중소기업 ☞ 중소기업 연구인력 현장맞춤형 양성지원 연구개발비 기업당 최대 1,720만원/년 지원 - (level 1) 중소기업-연구인력 매칭 연계 지원 - (level 2) 예비연구자 양성과정 : R&D 프로젝트 발굴 - (lev || 130.0만원/subsidy/subtract: (지원내용) 漠杳 ◦ (level 1) 중소기업-연구인력 매칭: 연구인력 혁신센터는 중소기업 및 연구인력을 모니터링 하고 중소기업과 연구인력간 매칭 프로그램 운영 ◦ (level 2) 예비연구자 양성과정: 예비연구자(학사/석사/박사 학위예정자)에 대한 R&D인턴 업무 수행 및 R&D 프로젝트 발굴 필수 氠瑢 구분 (학위취득자 및 예정자) 정부지원금 지원기간 비고 학사 월 130만원 2~4개월 || 1000.0만원/subsidy/subtract: Level2 의 경우 타 지원사업 참여 금지 ◦ (level 3) 신진연구자 양성과정: 인턴과정(level2)을 수료한 후 기업에 정규직으로 취업한 연구자의 R&D프로젝트 수행 지원을 통한 전문연구역량 향상 氠瑢 구분 정부지원금 지원기간 비고 자유공모 10백만원~12백만원 4~6개월 연구인력 정규직 채용 필수 평가에 따라 정부지원금 차등지원 || 1200.0만원/subsidy/subtract: Level2 의 경우 타 지원사업 참여 금지 ◦ (level 3) 신진연구자 양성과정: 인턴과정(level2)을 수료한 후 기업에 정규직으로 취업한 연구자의 R&D프로젝트 수행 지원을 통한 전문연구역량 향상 氠瑢 구분 정부지원금 지원기간 비고 자유공모 10백만원~12백만원 4~6개월 연구인력 정규직 채용 필수 평가에 따라 정부지원금 차등지원 || 1720.0만원/subsidy/subtract: 최대 3년간 기준 연봉의 50% 이내 지원 ◦ (지원조건) 2025년부터 적용 氠瑢 구분 정부지원 연구개발비 지원한도 정부출연금 비율 지원방식 중소기업 연구인력 현장맞춤형 양성지원 기업당 최대 1,720만원/년 100%이내 자유공모 라",,,,,,,https://www.bizinfo.go.kr/sii/siia/selectSIIA200Detail.do?pblancId=PBLN_000000000119201
PBLN_000000000119206,[충남] 아산시 2026년 해외마케팅 지원사업 참가기업 모집 공고,충청남도,True,manual_representative_recoverable,대표금액 회수 가능 후보,현금성/바우처 후보가 있어 수기검수로 대표금액 회수 가능,pending,subsidy:2 | support_amount:1,3,400.0만원/support_amount/subtract: 기업ㆍ제품 홍보영상 등 동영상 제작비 지원(기업당 400만원 한도) 사업신청 방법 이메일 접수 (lnk128@korea || 10000.0만원/subsidy/subtract: 부정한 방법으로 지방보조금을 교부받은 지방보조사업자 등에 대한 벌칙 ­ 거짓 신청이나 그 밖의 부정한 방법으로 지방보조금을 교부받은 자와 그 사실을 알면서 지방보조금을 교부한 자는 10년 이하의 징역 또는 1억원 이하 벌금 부과 (법 제37조) ­ 법령 || 5000.0만원/subsidy/subtract: 지방보조금 교부결정 내용 등에 위반하여 다른 용도 사용한 경우 5년 이하의 징역 또는 5천만원 이하의 벌금 부과,,,,,,,https://www.bizinfo.go.kr/sii/siia/selectSIIA200Detail.do?pblancId=PBLN_000000000119206
PBLN_000000000119212,[제주] 2026년 청정임산물 생산기반 지원사업 재공고,제주특별자치도,True,manual_representative_recoverable,대표금액 회수 가능 후보,현금성/바우처 후보가 있어 수기검수로 대표금액 회수 가능,pending,subsidy:3 | support_ratio:1 | total_support_scale:1,5,"1080.9만원/subsidy/subtract: ☞ 공고일 현재 제주특별자치도에 주소를 두고 있는「임업 및 산촌 진흥촉진에 관한 법률 시행규칙」 제7조제1항「별표2」“임산물소득원의 지원 대상품목”을 재배하고 있는 생산자(임업인) 또는 생산자단체와 임산물의 선별ㆍ가공ㆍ유통ㆍ상품화를 하고자 하는 생산자 또는 생산자단체 ☞ 임산물 재배ㆍ생산 기계ㆍ장비 지원(1인 1대 보조금 10,809천원 범위내) 사업신청 방법 방문 및 우편 접수 - 접수처 || 2161.8만원/total_support_scale/review: 보조금 지원개요 氠瑢 사 업 명 지원규모 보조율 사업기간 사업내용 청정 임산물 생산기반지원사업 21,618천원 범위내 50% ‘25 || 1080.9만원/subsidy/subtract: 장비 지원 (1인 1대 보조금 10,809천원 범위내) || 2000.0만원/subsidy/subtract: 지방보조금 교부결정 내용 등에 위반하여 다른 용도 사용한 경우 3년이하의 징역 또는 2천만원 이하의 벌금이 부과됩니다 || None만원/support_ratio/ratio_cap: [제주] 2026년 청정임산물 생산기반 지원사업 재공고 제주특별자치도 기업마당>정책정보>지원사업 공고 기업마당 본문 바로가기 주메뉴 바로가기 기업마당 > 정책정보 > 지원사업 공고 메뉴열기 로그인 정책정보 정책정보 지원사업 공고 품목별 법정의무 인증제도 행사정보 정책뉴스 입법·행정예고/고시 월간 중기누리 활용정보 활용정보 기업업무용 서식 입주기업 모집공고 온라인화상회의실 정책정보 개방 속보성",,,,,,,https://www.bizinfo.go.kr/sii/siia/selectSIIA200Detail.do?pblancId=PBLN_000000000119212
PBLN_000000000119454,[경기] 평택시 2026년 국내외 지식재산 권리화 지원사업 모집 공고,경기도,True,manual_representative_recoverable,대표금액 회수 가능 후보,현금성/바우처 후보가 있어 수기검수로 대표금액 회수 가능,pending,support_amount:1 | total_support_scale:2,3,"150.0만원/support_amount/subtract: PCT 소요 비용 지원 분야지원내용규모지원한도비율지원내용국내 출원국내 특허20개사150만원/건80%° 변리사 수임료(VAT 제외) (출원료 || 300.0만원/total_support_scale/review: 디자인 해외출원국내 특허3개사300만원/건실용신안합계23개사- - - - 2 - 02모집내용 및 지원조건 □ 추진시기 : 연중 수시 모집 (예산 소진 시까지) □ 지원규모 : 최대 || 0.0만원/total_support_scale/review: □ 추진시기 : 연중 수시 모집 (예산 소진 시까지) □ 지원규모 : 최대 39,0000천원 이내 / 총 23개사 ※지원금및지원건수는예산범위내변동될수있음 □ 지원절차① 모집",,,,,,,https://www.bizinfo.go.kr/sii/siia/selectSIIA200Detail.do?pblancId=PBLN_000000000119454
PBLN_000000000119457,[경기] 평택시 2026년 장비 활용 지원사업 기업 모집 공고,경기도,True,mixed_manual_review,혼합 수기검수,지원 후보가 혼합되어 대표금액/적용방식 수기확인 필요,pending,equipment_usage_fee:1 | total_support_scale:2,3,"400.0만원/equipment_usage_fee/recommend_only: 관내 지사만 소재한 경우는 지원 불가 - 「중소기업 기본법」 제2조(중소기업자의 범위)에 의한 중소기업 ☞ 기술개발 및 품질 향상을 위한 연구장비 활용 비용 지원 - 기업당 지원한도 4,000천원 이내 지원 사업신청 방법 온라인 접수 (기업지원사업신청) 사업신청 사이트 온라인신청 바로가기 문의처 평택산업진흥원 기업지원팀 031-8029- || 2000.0만원/total_support_scale/review: 진흥원 → 기업02지원규모 및 지원내용 □ 지원규모 : 총 5개사 내외 / 최대 20,000천원 이내(※ 기업부담금 별도) 구분지원분야지원한도(기업당)지원규모지원금(%)기업부담 || 400.0만원/total_support_scale/review: 기업부담금 별도) 구분지원분야지원한도(기업당)지원규모지원금(%)기업부담금(%)장비 활용장비 사용료4,000천원 이내5개사 내외80%20%",,,,,,,https://www.bizinfo.go.kr/sii/siia/selectSIIA200Detail.do?pblancId=PBLN_000000000119457
PBLN_000000000119518,[전북] 2026년 에너지산업융복합단지 공동연구장비 활용 및 컨설팅 지원 수혜기업 모집 공고,전북특별자치도,True,recommend_only_payload,비현금/수수료/컨설팅성,비현금/수수료/컨설팅성 지원이라 ROI 직접 차감은 불가,pending,consulting_fee:1 | equipment_usage_fee:4,5,"250.0만원/equipment_usage_fee/recommend_only: ☞ 새만금 에너지산업융복합단지 내 에너지 관련 기업 - 본사업을 통해 旣지원받은 횟수가 2회 미만인 기업(0~1회 旣지원 받은 기업 가능/2회 旣지원 받은 기업 불가능) ☞ 공동연구장비 활용(건당 250만원 이내) 및 애로기술 컨설팅(기업당 최대 200만원 이내) 지원 - 전북테크노파크 보유 장비 대상 공동연구장비 활용 지원 - 에너지 관련 기업 || 200.0만원/equipment_usage_fee/recommend_only: ☞ 새만금 에너지산업융복합단지 내 에너지 관련 기업 - 본사업을 통해 旣지원받은 횟수가 2회 미만인 기업(0~1회 旣지원 받은 기업 가능/2회 旣지원 받은 기업 불가능) ☞ 공동연구장비 활용(건당 250만원 이내) 및 애로기술 컨설팅(기업당 최대 200만원 이내) 지원 - 전북테크노파크 보유 장비 대상 공동연구장비 활용 지원 - 에너지 관련 기업 애로사항(기술 || 250.0만원/equipment_usage_fee/recommend_only: 예산 소진시 지원 조기마감 ◦ (지원규모) 氠瑢 지원항목 지원내용 비고 공동연구장비 활용 지원 전북TP 보유 장비사용에 대한 무상 지원 (장비사용에 대한 소모성 재료 필요시 건당 250만원 이내 지원/부가세 포함) 붙임2 || 200.0만원/equipment_usage_fee/recommend_only: 전북TP 지원 장비리스트 참고 애로기술 컨설팅 기업당 최대 200만원 이내 (전문가 컨설팅 최대 10회 || 20.0만원/consulting_fee/recommend_only: 애로기술 컨설팅 기업당 최대 200만원 이내 (전문가 컨설팅 최대 10회, 회당 20만원) *기술, 마케팅, 경영, 특허 등 에너지 연관 분야 애로사항에 대한 컨설팅 -",,,,,,,https://www.bizinfo.go.kr/sii/siia/selectSIIA200Detail.do?pblancId=PBLN_000000000119518
PBLN_000000000119727,[부산] 2026년 중소기업 빅데이터 분석 활용 지원사업 참가기업 모집 공고,부산광역시,True,recommend_only_payload,비현금/수수료/컨설팅성,비현금/수수료/컨설팅성 지원이라 ROI 직접 차감은 불가,pending,consulting_fee:1,1,500.0만원/consulting_fee/recommend_only: 최대 500만원) 지원 및 사전 컨설팅,,,,,,,https://www.bizinfo.go.kr/sii/siia/selectSIIA200Detail.do?pblancId=PBLN_000000000119727
PBLN_000000000119733,[울산] 울주군 2026년 강소기업 육성 기술 혁신 지원사업 시행 공고,울산광역시,True,manual_representative_recoverable,대표금액 회수 가능 후보,현금성/바우처 후보가 있어 수기검수로 대표금액 회수 가능,pending,consulting_fee:2 | non_cash:3 | support_amount:2,7,"200.0만원/non_cash/recommend_only: 2,000천원 한도 원 지식재산권(A) 원 국내인증(B) 원 || 200.0만원/non_cash/recommend_only: 국내 인증 획득 시험 및 등록비용* 2백만원 23 자부담 10% ② 혁신기술 사업화 기술가치평가 || 1000.0만원/support_amount/subtract: 기술평가 전문기관 연계 지원 10백만원 최대 5백만원 15 특허 선행기술조사 || 500.0만원/support_amount/subtract: 기술평가 전문기관 연계 지원 10백만원 최대 5백만원 15 특허 선행기술조사 || 1000.0만원/consulting_fee/recommend_only: 전시용 샘플 제작(양산품 제외) 최대 10백만원 ③혁신성장 컨설팅 || 500.0만원/consulting_fee/recommend_only: 대기업 협력사 인증 품질경영 컨설팅 비용 지원 5백만원 2 총 지원 건수 40 *제품 및 기술 인증 : KS || 200.0만원/non_cash/recommend_only: / 기업당 2백만원 한도 (자부담 10%이상) ❍ 지원대상 : 울주군 소재 제조업 영위 중소기업으로 기술개발 후 기술 또는 제품 지식재산권 확보나 국내 인증이 필",,,,,,,https://www.bizinfo.go.kr/sii/siia/selectSIIA200Detail.do?pblancId=PBLN_000000000119733
PBLN_000000000119764,2026년 중소기업 기술혁신 지원사업(KOSBIR) 통합 공고,중소벤처기업부,True,total_scale_manual_review,지원규모 계열 검수,지원규모 계열만 있어 기업당/과제당 한도 여부 수기확인 필요,pending,total_support_scale:14,14,1890000.0만원/total_support_scale/review: 운영 및 공동성과 창출 □ 지원규모(‘26년) : 189억원 (신규 22 || 225000.0만원/total_support_scale/review: 운영 및 공동성과 창출 □ 지원규모(‘26년) : 189억원 (신규 22.5억원 || 840000.0만원/total_support_scale/review: 지자체가 주도하여 재난안전 현안을 발굴하고 문제해결을 위한 맞춤형 연구개발 지원 □ 지원규모(‘26년) : 84억원 (신규 24억원 || 240000.0만원/total_support_scale/review: 지자체가 주도하여 재난안전 현안을 발굴하고 문제해결을 위한 맞춤형 연구개발 지원 □ 지원규모(‘26년) : 84억원 (신규 24억원 || 8320000.0만원/total_support_scale/review: 인문 사회 융합콘텐츠 등 콘텐츠 및 서비스 융합 기반의 연구개발 추진 □ 지원규모(‘26년) : 832억원 □ 지원대상 : 문화산업 분야의 기술개발이 가능한 기업․기관 등 (컨소시엄 가능) □ 지원분야 : 문화산업 의 기획 || 927500.0만원/total_support_scale/review: K-Culture 글로벌 스타트업 육성 기술 개발 □ 사업개요 ◦ 글로벌 진출을 목표로 하는 문화기술 (CT) 분야 스타트업 기업의 기술개발 (R&D) 지원을 통해 K-Culture 유니콘 기업 육성 지원 □ 지원규모(‘26년) : 92.75억원 □ 지원대상 : 민간 투자를 받았거나 투자 유치 예정인 문화콘텐츠 분야의 기술 개발이 가능한 기업․기관 등 (컨소시엄 가능) □ 지원분야 : || 1890000.0만원/total_support_scale/review: 운영및공동성과창출□지원규모(‘26년):189억원(신규22 || 225000.0만원/total_support_scale/review: 운영및공동성과창출□지원규모(‘26년):189억원(신규22.5억원 || ... 후보 6개 추가,,,,,,,https://www.bizinfo.go.kr/sii/siia/selectSIIA200Detail.do?pblancId=PBLN_000000000119764
PBLN_000000000119836,[전남광주] 2026년 상반기 구조고도화자금 지원 계획 공고,전남광주통합특별시,True,manual_representative_recoverable,대표금액 회수 가능 후보,현금성/바우처 후보가 있어 수기검수로 대표금액 회수 가능,pending,loan:1 | support_amount:4 | support_ratio:1,6,"100000.0만원/support_amount/subtract: , 경영안정사업) 지원 - 창업지원사업(3년 거치, 5년 균분상환 / 지원 한도 10억원 / 시설자금) - 경쟁력강화사업(3년 거치, 5년 균분상환 / 지원 한도 10억 || 100000.0만원/support_amount/subtract: 0억원 / 시설자금) - 경쟁력강화사업(3년 거치, 5년 균분상환 / 지원 한도 10억원 / 시설자금) - 경영안정화사업(1년 거치, 2년 균분상환 / 지원 한도 3억원 || 30000.0만원/loan/exclude: 0억원 / 시설자금) - 경영안정화사업(1년 거치, 2년 균분상환 / 지원 한도 3억원 / 운전자금) 사업신청 방법 온라인 접수 (기금융자관리시스템) 사업신청 사이트 || 1000000.0만원/support_amount/subtract: 하반기 100억원 예정 ❍ 지원 내용 사 업 명지원 용도지원 한도상환 조건비 고창업지원사업(업력: 7년 이내)공장부지 매입 || 1000000.0만원/support_amount/subtract: 지자체 정책자금 지원금액 100억원 초과 업체 - 운전자금(1년 거치 2년 균분상환)의 경우 || None만원/support_ratio/ratio_cap: [전남광주] 2026년 상반기 구조고도화자금 지원 계획 공고 전남광주통합특별시 기업마당>정책정보>지원사업 공고 기업마당 본문 바로가기 주메뉴 바로가기 기업마당 > 정책정보 > 지원사업 공고 메뉴열기 로그인 정책정보 정책정보 지원사업 공고 품목별 법정의무 인증제도 행사정보 정책뉴스 입법·행정예고/고시 월간 중기누리 활용정보 활용정보 기업업무용 서식 입주기업 모집공고 온라인화상회의실 정책정보 개",,,,,,,https://www.bizinfo.go.kr/sii/siia/selectSIIA200Detail.do?pblancId=PBLN_000000000119836
PBLN_000000000119851,[경북] 안동시 2026년 로케이션 제작지원 사업 공고,경상북도,True,mixed_manual_review,혼합 수기검수,지원 후보가 혼합되어 대표금액/적용방식 수기확인 필요,pending,support_ratio:1 | total_support_scale:1,2,"19370.0만원/total_support_scale/review: 극장 등)에 방영 예정인 작품 - 해외영상물경우 한국프로덕션 서비스업체 통해 신청 ❍ 지원규모 : 193,700천원 || None만원/support_ratio/ratio_cap: [경북] 안동시 2026년 로케이션 제작지원 사업 공고 경상북도 기업마당>정책정보>지원사업 공고 기업마당 본문 바로가기 주메뉴 바로가기 기업마당 > 정책정보 > 지원사업 공고 메뉴열기 로그인 정책정보 정책정보 지원사업 공고 품목별 법정의무 인증제도 행사정보 정책뉴스 입법·행정예고/고시 월간 중기누리 활용정보 활용정보 기업업무용 서식 입주기업 모집공고 온라인화상회의실 정책정보 개방 속보성 대시",,,,,,,https://www.bizinfo.go.kr/sii/siia/selectSIIA200Detail.do?pblancId=PBLN_000000000119851
PBLN_000000000119852,[경북] 2026년 로케이션 제작지원 사업 공고,경상북도,True,mixed_manual_review,혼합 수기검수,지원 후보가 혼합되어 대표금액/적용방식 수기확인 필요,pending,support_ratio:1 | total_support_scale:1,2,"9080.0만원/total_support_scale/review: 극장 등)에 방영 예정인 작품 - 해외영상물경우 한국프로덕션 서비스업체 통해 신청 ❍ 지원규모 : 90,800천원 || None만원/support_ratio/ratio_cap: [경북] 2026년 로케이션 제작지원 사업 공고 경상북도 기업마당>정책정보>지원사업 공고 기업마당 본문 바로가기 주메뉴 바로가기 기업마당 > 정책정보 > 지원사업 공고 메뉴열기 로그인 정책정보 정책정보 지원사업 공고 품목별 법정의무 인증제도 행사정보 정책뉴스 입법·행정예고/고시 월간 중기누리 활용정보 활용정보 기업업무용 서식 입주기업 모집공고 온라인화상회의실 정책정보 개방 속보성 대시보드 고",,,,,,,https://www.bizinfo.go.kr/sii/siia/selectSIIA200Detail.do?pblancId=PBLN_000000000119852
PBLN_000000000119881,[제주] 2026년 어업활동지원 사업 대상자 모집 공고,제주특별자치도,True,mixed_manual_review,혼합 수기검수,지원 후보가 혼합되어 대표금액/적용방식 수기확인 필요,pending,education_fee:1 | support_ratio:1,2,"1440.0만원/education_fee/recommend_only: 교육일에 한해 지원 2) 지원한도 (1) 사 업 비 : 14,400천원(국고 9 || None만원/support_ratio/ratio_cap: [제주] 2026년 어업활동지원 사업 대상자 모집 공고 제주특별자치도 기업마당>정책정보>지원사업 공고 기업마당 본문 바로가기 주메뉴 바로가기 기업마당 > 정책정보 > 지원사업 공고 메뉴열기 로그인 정책정보 정책정보 지원사업 공고 품목별 법정의무 인증제도 행사정보 정책뉴스 입법·행정예고/고시 월간 중기누리 활용정보 활용정보 기업업무용 서식 입주기업 모집공고 온라인화상회의실 정책정보 개방 속보성",,,,,,,https://www.bizinfo.go.kr/sii/siia/selectSIIA200Detail.do?pblancId=PBLN_000000000119881
PBLN_000000000119978,[경북] 2026년 OK FTA 컨설팅 지원사업 모집 공고(경북FTA통상진흥센터),경상북도,True,recommend_only_payload,비현금/수수료/컨설팅성,비현금/수수료/컨설팅성 지원이라 ROI 직접 차감은 불가,pending,consulting_fee:4,4,500000.0만원/consulting_fee/recommend_only: 신청기업 사항 ①기업명 ②대표자명 ③사업자등록번호 ④업종ㆍ업태 ⑤사업장 주소 본사 ( ) 컨설팅 희망장소 (택1) 공장 ( ) □ 본사 □ 공장 ⑥상호출자제한 기업집단 여부 (공정위 최근공고 확인) □ 해당 □ 해당 없음 ⑦전년도 매출액 원 ⑧상시 근로자수 명 ⑨컨설팅 비용부담 * 업체분담 비율 (2025년 매출액 기준) [업체분담비율: 택1] □ 0% □ 10% □ 20% □ 30% □ 4 || 1000000.0만원/consulting_fee/recommend_only: 신청기업 사항 ①기업명 ②대표자명 ③사업자등록번호 ④업종ㆍ업태 ⑤사업장 주소 본사 ( ) 컨설팅 희망장소 (택1) 공장 ( ) □ 본사 □ 공장 ⑥상호출자제한 기업집단 여부 (공정위 최근공고 확인) □ 해당 □ 해당 없음 ⑦전년도 매출액 원 ⑧상시 근로자수 명 ⑨컨설팅 비용부담 * 업체분담 비율 (2025년 매출액 기준) [업체분담비율: 택1] □ 0% □ 10% □ 20% □ 30% □ 4 || 5000000.0만원/consulting_fee/recommend_only: 신청기업 사항 ①기업명 ②대표자명 ③사업자등록번호 ④업종ㆍ업태 ⑤사업장 주소 본사 ( ) 컨설팅 희망장소 (택1) 공장 ( ) □ 본사 □ 공장 ⑥상호출자제한 기업집단 여부 (공정위 최근공고 확인) □ 해당 □ 해당 없음 ⑦전년도 매출액 원 ⑧상시 근로자수 명 ⑨컨설팅 비용부담 * 업체분담 비율 (2025년 매출액 기준) [업체분담비율: 택1] □ 0% □ 10% □ 20% □ 30% □ 4 || 10000000.0만원/consulting_fee/recommend_only: 신청기업 사항 ①기업명 ②대표자명 ③사업자등록번호 ④업종ㆍ업태 ⑤사업장 주소 본사 ( ) 컨설팅 희망장소 (택1) 공장 ( ) □ 본사 □ 공장 ⑥상호출자제한 기업집단 여부 (공정위 최근공고 확인) □ 해당 □ 해당 없음 ⑦전년도 매출액 원 ⑧상시 근로자수 명 ⑨컨설팅 비용부담 * 업체분담 비율 (2025년 매출액 기준) [업체분담비율: 택1] □ 0% □ 10% □ 20% □ 30% □ 4,,,,,,,https://www.bizinfo.go.kr/sii/siia/selectSIIA200Detail.do?pblancId=PBLN_000000000119978
PBLN_000000000120134,[전남광주] 2026년 평동산업단지 중소기업 보증료 지원사업 공고,전남광주통합특별시,True,finance_exclude_payload,융자/보증/이차보전,융자/보증/이차보전 계열이라 ROI 직접 차감은 불가,pending,guarantee:3,3,100.0만원/guarantee/exclude: 자세한 지원대상 공고문 참조 ☞ 보증료의 30% 지원 (최대 1백만원 한도 내 지원) 사업신청 방법 방문 접수 - 접수처 : 광주광역시 광산구 평동산단로 184-1 평동종합비즈니스센터 비즈니스지원실(3층) 문의처 || 100.0만원/guarantee/exclude: 사업개요 ❍ 사업목적 : 국제정세로 인해 어려움에 처한 평동산업단지 내 중소기업들에 보증료 일부를 지원하여 기업들의 경쟁력 제고 및 지역경제 활성화 도모 등 ❍ 지원기간 : 공고일로부터 예산 소진 시까지 ❍ 지원규모 : 20개사 내외 ❍ 지원내용 : 보증료의 30% 지원 (최대 1백만원 한도 내 지원) ( || 2000.0만원/guarantee/exclude: 보증료만 지원) ❍ 지원예산 : 20백만원 ❍ 지원대상 - 광주광역시 평동산업단지 내 입주 중소 제조기업으로 2026년에 보증료를 납부한 기업 (,,,,,,,https://www.bizinfo.go.kr/sii/siia/selectSIIA200Detail.do?pblancId=PBLN_000000000120134
PBLN_000000000120135,[전남광주] 2026년 하남산업단지 중소기업 보증료 지원사업 공고,전남광주통합특별시,True,finance_exclude_payload,융자/보증/이차보전,융자/보증/이차보전 계열이라 ROI 직접 차감은 불가,pending,guarantee:3,3,100.0만원/guarantee/exclude: 자세한 지원대상 공고문 참조 ☞ 보증료의 30% 지원 (최대 1백만원 한도 내 지원) 사업신청 방법 방문 접수 - 접수처 : 광주광역시 광산구 하남산단4번로 65(장덕동 977-10) 하남혁신지원센터 혁신지원실( || 100.0만원/guarantee/exclude: 사업개요 ❍ 사업목적 : 국제정세로 인해 어려움에 처한 하남산업단지 내 중소기업에 보증료 일부를 지원하여 기업들의 경쟁력 제고 및 지역경제 활성화 도모 등 ❍ 지원기간 : 공고일 ~ 예산 소진 시까지 ❍ 지원규모 : 15개사 내외 ❍ 지원내용 : 보증료의 30% 지원(1백만원 한도 내 지원) || 1500.0만원/guarantee/exclude: 보증료에 한하여 지원(관련 수수료 제외) ❍ 지원예산 : 15백만원 ❍ 지원대상 - 광주광역시 하남산단 내 입주 중소 제조기업으로 2026년도에 보증료를 납부한 기업 (,,,,,,,https://www.bizinfo.go.kr/sii/siia/selectSIIA200Detail.do?pblancId=PBLN_000000000120135
PBLN_000000000120170,2026년 중소기업 기술분쟁 소송보험 지원사업 공고,중소벤처기업부,True,ratio_only,지원비율만 있음,지원비율만 있어 금액 대표값은 만들 수 없음,pending,support_ratio:1,1,None만원/support_ratio/ratio_cap: 2026년 중소기업 기술분쟁 소송보험 지원사업 공고 중소벤처기업부 기업마당>정책정보>지원사업 공고 기업마당 본문 바로가기 주메뉴 바로가기 기업마당 > 정책정보 > 지원사업 공고 메뉴열기 로그인 정책정보 정책정보 지원사업 공고 품목별 법정의무 인증제도 행사정보 정책뉴스 입법·행정예고/고시 월간 중기누리 활용정보 활용정보 기업업무용 서식 입주기업 모집공고 온라인화상회의실 정책정보 개방 속보성 대,,,,,,,https://www.bizinfo.go.kr/sii/siia/selectSIIA200Detail.do?pblancId=PBLN_000000000120170
PBLN_000000000120342,2026년 기업승계 M&A 활성화를 위한 컨설팅 지원사업 시행계획 공고,중소벤처기업부,True,mixed_manual_review,혼합 수기검수,지원 후보가 혼합되어 대표금액/적용방식 수기확인 필요,pending,consulting_fee:14 | support_ratio:1,15,100.0만원/consulting_fee/recommend_only: 자산 등) 컨설팅 신청 항목 (해당항목 택1) 매도희망기업 □ 딜구조설계 □ 적정시기 발굴 □ 지분매각 방법 □ 기업소개자료(TM) 작성 □ 마케팅 지원 매수희망기업 □ 적정 인수대상 탐색 □ 자금조달 컨설팅 희망기업승계 중개기관 기업승계 중개기관 중 택3 계약예정금액 (1백만원 이상 || 100.0만원/consulting_fee/recommend_only: / 부 ② 기업승계 중개기관과 1백만원 이상(부가세 제외)의 컨설팅 계약*을 체결 예정이다 || 70.0만원/consulting_fee/recommend_only: 기초컨설팅 * 신청일 기준 M&A 교섭 대상이 없는 잠재수요기업 (총 100개사) 매도희망기업 ∙ 대표자 연령 : 만 55세 이상 ∙ 기업 업력 : 만 5년 이상 ∙ (평가방법) 기업승계를 위한 M&A 여부를 판단하여 “적합” 시 선정 - 평가기준 매도 : 기업승계 여부 등 매수 : 인수추진계획 등 ∙ 컨설팅 비용 지원 (기업당 70만원 한도) || 70.0만원/consulting_fee/recommend_only: 자부담 30% 별도 - 기업소개자료(TM)작성 - 딜구조설계 등 매수희망기업 (기업승계 희망자) ∙ 중소기업 인수 희망기업 (개인 또는 법인) ∙ 컨설팅 비용 지원 (기업당 70만원 한도) || 700.0만원/consulting_fee/recommend_only: M&A 후 시너지 등 평가 → 총점 60점 이상인 기업 중 상위득점순으로 선정 ∙ 컨설팅 비용 지원 (기업당 700만원 한도) || 700.0만원/consulting_fee/recommend_only: 자부담 30% 별도 - 기업가치평가 - 계약서 법률 검토 - 매각조건 및 가격협상 등 매수희망기업 (기업승계 희망자) ∙ 대표자 연령 : 만 55세 이상 ∙ 기업 업력 : 만 5년 이상 ∙ 컨설팅 비용 지원 (기업당 700만원 한도) || 7000.0만원/consulting_fee/recommend_only: 기초컨설팅 지원사업 氠瑢 1 사업 개요 □ (사업목적) ◦ M&A 방식의 기업승계를 활성화하기 위한 기초 컨설팅 지원 □ (지원규모) 총 100개社 (’26년 예산 : 70백만원) □ (지원범위) 기업승계 중개기관(동 공고문 참고1)과 총 1백만원 이상*(부가세제외)의 기초컨설팅 수행 시 컨설팅 비용의 일부를 지원 * || 100.0만원/consulting_fee/recommend_only: 기초컨설팅 지원사업 氠瑢 1 사업 개요 □ (사업목적) ◦ M&A 방식의 기업승계를 활성화하기 위한 기초 컨설팅 지원 □ (지원규모) 총 100개社 (’26년 예산 : 70백만원) □ (지원범위) 기업승계 중개기관(동 공고문 참고1)과 총 1백만원 이상*(부가세제외)의 기초컨설팅 수행 시 컨설팅 비용의 일부를 지원 * 최소 30만원 이상의 기업부담금 별도 氠瑢 (기업승계 중개기관) 공모절 || ... 후보 7개 추가,,,,,,,https://www.bizinfo.go.kr/sii/siia/selectSIIA200Detail.do?pblancId=PBLN_000000000120342
PBLN_000000000120468,[경기] 2026년 국내ㆍ외 우수 물기술 인ㆍ검증 지원사업 참여기업 모집 공고,경기도,True,mixed_manual_review,혼합 수기검수,지원 후보가 혼합되어 대표금액/적용방식 수기확인 필요,pending,non_cash:10 | support_ratio:1,11,400.0만원/non_cash/recommend_only: 법정대리인 선임비 등 - (국내인증) 기업 당 최대 4백만 원 || 600.0만원/non_cash/recommend_only: / (해외인증) 기업 당 최대 6백만 원 사업신청 방법 온라인 접수 (물산업지원센터 누리집) 사업신청 사이트 온라인신청 바로가기 문의처 경기환경에너지진흥원 사업담당자 031-985-0 || 400.0만원/non_cash/recommend_only: 지원금액 - (국내인증) 기업 당 최대 4백만 원 - (해외인증) 기업 당 최대 6백만 원 || 600.0만원/non_cash/recommend_only: 지원금액 - (국내인증) 기업 당 최대 4백만 원 - (해외인증) 기업 당 최대 6백만 원 || 400.0만원/non_cash/recommend_only: 50%(중소기업 외) 지원한도 400만원(국내인증) || 600.0만원/non_cash/recommend_only: 600만원(해외인증) 지원 신청금액 금 숫자작성 원 (금 글자작성 원) 입금계좌 (은행명) 상기 기재된 내용은 사실과 다름이 없으며 || 400.0만원/non_cash/recommend_only: 지원금액 - (국내인증) 기업 당 최대 4백만 원 - (해외인증) 기업 당 최대 6백만 원 || 600.0만원/non_cash/recommend_only: 지원금액 - (국내인증) 기업 당 최대 4백만 원 - (해외인증) 기업 당 최대 6백만 원 || ... 후보 3개 추가,,,,,,,https://www.bizinfo.go.kr/sii/siia/selectSIIA200Detail.do?pblancId=PBLN_000000000120468
PBLN_000000000120498,[경기] 화성시 2026년 GAP 안정성 분석 지원사업 신청 공고,경기도,True,manual_representative_recoverable,대표금액 회수 가능 후보,현금성/바우처 후보가 있어 수기검수로 대표금액 회수 가능,pending,support_amount:2 | support_ratio:1,3,24.4만원/support_amount/subtract: 토양용수 분석:지원한도액 244천원/점(토양117 || 24.4만원/support_amount/subtract: 지원한도액:244천원/점(토양117 || None만원/support_ratio/ratio_cap: [경기] 화성시 2026년 GAP 안정성 분석 지원사업 신청 공고 경기도 기업마당>정책정보>지원사업 공고 기업마당 본문 바로가기 주메뉴 바로가기 기업마당 > 정책정보 > 지원사업 공고 메뉴열기 로그인 정책정보 정책정보 지원사업 공고 품목별 법정의무 인증제도 행사정보 정책뉴스 입법·행정예고/고시 월간 중기누리 활용정보 활용정보 기업업무용 서식 입주기업 모집공고 온라인화상회의실 정책정보 개방 속,,,,,,,https://www.bizinfo.go.kr/sii/siia/selectSIIA200Detail.do?pblancId=PBLN_000000000120498
PBLN_000000000120845,2026년 하반기 중소기업기술혁신개발사업 유망기술개발(구조혁신R&D) 시행계획 공고,중소벤처기업부,True,manual_representative_recoverable,대표금액 회수 가능 후보,현금성/바우처 후보가 있어 수기검수로 대표금액 회수 가능,pending,loan:3 | support_amount:6 | total_support_scale:2,11,"50000.0만원/loan/exclude: 5억원) 일반 융자연계형 소부장 구조혁신 내역사업 내내역사업 글로벌선도 기술개발 수출지향형 (2년 || 200000.0만원/total_support_scale/review: `26년 지원내용 □ (사업목적) 사업전환 등 구조혁신 추진 중소기업 의 기술개발 역량 을 높여 경영환경 변화에 주도적으로 대응 하는 체계구축 □ (지원규모) 총 20 억원 내외 (20개 과제 내외) || 200000.0만원/support_amount/subtract: 20 20 억 □ (지원조건) 연구개발비의 75% 이내 내역 사업 개발기간 및 지원한도 * 정부지원 연구개발비 비중 ** 지원분야 중소기업유망기술개발 (구조 || 50000.0만원/support_amount/subtract: 연구개발비 비중 ** 지원분야 중소기업유망기술개발 (구조혁신R&D) 최대 2년, 5억 이내 (연차별 최대 2.5억 이내) 75% 이내 자유공모 * 평균단가 4.8억원 || 50000.0만원/loan/exclude: 5억원)일반융자연계형소부장구조혁신 내역사업내내역사업글로벌선도기술개발수출지향형 (2년 || 100000.0만원/loan/exclude: )일반융자연계형소부장구조혁신 내역사업내내역사업글로벌선도기술개발수출지향형 (2년, 10억원)글로벌협력형 (5년, 25억원)중소기업유 망 기 술 개 발국가전략기술도 메 인 || 200000.0만원/total_support_scale/review: `26년 지원내용□ (사업목적)사업전환등구조혁신추진중소기업의기술개발역량을높여경영환경변화에주도적으로대응하는체계구축□ (지원규모)총20억원내외(20개과제내외) || 120000.0만원/support_amount/subtract: 접수 결과에 따라 추가 공고 가능내역사업차수과제수예산중소기업유망기술개발(구조혁신R&D)1차10개12억원2차10개8억원합계20개20억 □ (지원조건)연구개발비의75%이내내역 사업개발기간 및 지원한도* 정부지원연구개발비 비중**지원분야중소기업유망기술 || ... 후보 3개 추가",,,,,,,https://www.bizinfo.go.kr/sii/siia/selectSIIA200Detail.do?pblancId=PBLN_000000000120845
PBLN_000000000120866,2026년 부산형 SiC 전력반도체 연구플랫폼 활성화 지원사업 기업지원 모집 공고,부산광역시,True,manual_representative_recoverable,대표금액 회수 가능 후보,현금성/바우처 후보가 있어 수기검수로 대표금액 회수 가능,pending,support_amount:4 | support_ratio:1,5,"2000.0만원/support_amount/subtract: (예시)지원금액이 20,000천원일 경우 - 기업지원금 : 총 22 || 2200.0만원/support_amount/subtract: 000천원일 경우 - 기업지원금 : 총 22,000천원(20 || 2000.0만원/support_amount/subtract: (예시)지원금액이 20,000천원일 경우 - 기업지원금 : 총 22 || 2200.0만원/support_amount/subtract: 000천원일 경우 - 기업지원금 : 총 22,000천원(20 || None만원/support_ratio/ratio_cap: 2026년 부산형 SiC 전력반도체 연구플랫폼 활성화 지원사업 기업지원 모집 공고 부산광역시 기업마당>정책정보>지원사업 공고 기업마당 본문 바로가기 주메뉴 바로가기 기업마당 > 정책정보 > 지원사업 공고 메뉴열기 로그인 정책정보 정책정보 지원사업 공고 품목별 법정의무 인증제도 행사정보 정책뉴스 입법·행정예고/고시 월간 중기누리 활용정보 활용정보 기업업무용 서식 입주기업 모집공고 온라인화상회의",,,,,,,https://www.bizinfo.go.kr/sii/siia/selectSIIA200Detail.do?pblancId=PBLN_000000000120866
PBLN_000000000121038,2026년 IoT 보안인증 인증시험 수수료 지원 공고,과학기술정보통신부,True,recommend_only_payload,비현금/수수료/컨설팅성,비현금/수수료/컨설팅성 지원이라 ROI 직접 차감은 불가,pending,fee:1,1,480.0만원/fee/review: ’26년 예산 소진시까지 신청기업당 1회에 한하나 예산 소모 추이에 따라 추가 지원 가능 - 시험수수료 80% 정부지원 (라이트 약 4.8백만원,,,,,,,https://www.bizinfo.go.kr/sii/siia/selectSIIA200Detail.do?pblancId=PBLN_000000000121038
PBLN_000000000121191,2026년 산업 분야 온실가스 국제감축사업 공고,산업통상부,True,manual_representative_recoverable,대표금액 회수 가능 후보,현금성/바우처 후보가 있어 수기검수로 대표금액 회수 가능,pending,support_amount:2 | support_ratio:1,3,1000000.0만원/support_amount/subtract: 100억원 이하) - (타당성조사지원) 설계 || 1000000.0만원/support_amount/subtract: 100억원 이하) 총 2건 내외 타당성조사지원 설계 || None만원/support_ratio/ratio_cap: 2026년 산업 분야 온실가스 국제감축사업 공고 산업통상부 기업마당>정책정보>지원사업 공고 기업마당 본문 바로가기 주메뉴 바로가기 기업마당 > 정책정보 > 지원사업 공고 메뉴열기 로그인 정책정보 정책정보 지원사업 공고 품목별 법정의무 인증제도 행사정보 정책뉴스 입법·행정예고/고시 월간 중기누리 활용정보 활용정보 기업업무용 서식 입주기업 모집공고 온라인화상회의실 정책정보 개방 속보성 대시보드,,,,,,,https://www.bizinfo.go.kr/sii/siia/selectSIIA200Detail.do?pblancId=PBLN_000000000121191
PBLN_000000000121194,[경남] 고성군 2026년 지역지식재산창출 지원사업 공고,경상남도,True,manual_representative_recoverable,대표금액 회수 가능 후보,현금성/바우처 후보가 있어 수기검수로 대표금액 회수 가능,pending,support_amount:2 | total_support_scale:3,5,"130.0만원/total_support_scale/review: 지원 대상 고성군 소재 중소기업 - : 지원 건수 기업당 건 이내 - : 3 지원 금액 대리인비용 부가세 제외 의 일부 지원 - : ( ) 지원사업 세부사업 최대지원금액 지원규모 국내권리화 특 허 실용신안 디 자 인 상 표 천원1,300 천원900 천원350 천원250 대리인비용 별도 의(VAT ) 이내90% 해외권리화 출원비용 지원 || 90.0만원/support_amount/subtract: 300 천원900 천원350 천원250 대리인비용 별도 의(VAT ) 이내90% 해외권리화 출원비용 지원 || 35.0만원/support_amount/subtract: 300 천원900 천원350 천원250 대리인비용 별도 의(VAT ) 이내90% 해외권리화 출원비용 지원 || 300.0만원/total_support_scale/review: 관납료 등 의 일부 지원) 지원사업 세부사업 최대지원금액 지원규모 해외권리화 특허 실용신안/ 디 자 인 상 표 천원3,000 천원2 || 280.0만원/total_support_scale/review: 지원금액 지원규모 해외권리화 특허 실용신안/ 디 자 인 상 표 천원3,000 천원2,800 천원2,500 국내대리인비용 별도(VAT ) 및 해외출원 비용의 이내90% 지원 신청",,,,,,,https://www.bizinfo.go.kr/sii/siia/selectSIIA200Detail.do?pblancId=PBLN_000000000121194
PBLN_000000000121197,[경남] 창녕군 2026년 지역지식재산 창출지원사업 공고,경상남도,True,manual_representative_recoverable,대표금액 회수 가능 후보,현금성/바우처 후보가 있어 수기검수로 대표금액 회수 가능,pending,support_amount:2 | total_support_scale:3,5,"130.0만원/total_support_scale/review: 지원 대상 창녕군 소재 중소기업 - : 지원 건수 기업당 건 이내 - : 3 지원 금액 대리인비용 부가세 제외 의 일부 지원 - : ( ) 지원사업 세부사업 최대지원금액 지원규모 국내권리화 특 허 실용신안 디 자 인 상 표 천원1,300 천원900 천원350 천원250 대리인비용 별도 의(VAT ) 이내90% 해외권리화 출원비용 지원 || 90.0만원/support_amount/subtract: 300 천원900 천원350 천원250 대리인비용 별도 의(VAT ) 이내90% 해외권리화 출원비용 지원 || 35.0만원/support_amount/subtract: 300 천원900 천원350 천원250 대리인비용 별도 의(VAT ) 이내90% 해외권리화 출원비용 지원 || 300.0만원/total_support_scale/review: 관납료 등 의 일부 지원) 지원사업 세부사업 최대지원금액 지원규모 해외권리화 특허 실용신안/ 디 자 인 상 표 천원3,000 천원2 || 280.0만원/total_support_scale/review: 지원금액 지원규모 해외권리화 특허 실용신안/ 디 자 인 상 표 천원3,000 천원2,800 천원2,500 국내대리인비용 별도(VAT ) 및 해외출원 비용의 이내90% 지원 신청",,,,,,,https://www.bizinfo.go.kr/sii/siia/selectSIIA200Detail.do?pblancId=PBLN_000000000121197
PBLN_000000000121239,[전북] 2026년 산업체 애로기술 해결을 위한 기술자문 참여기업 모집 공고(지역지능화혁신인재양성사업),전북특별자치도,True,recommend_only_payload,비현금/수수료/컨설팅성,비현금/수수료/컨설팅성 지원이라 ROI 직접 차감은 불가,pending,non_cash:1,1,20.0만원/non_cash/recommend_only: 회당 20만원 ◦ 지원비는 자문 결과서류 제출 확인 후 지급 대상자에게 전북TP에서 지급함 2 신청방법 □ 공고기간 : 2026,,,,,,,https://www.bizinfo.go.kr/sii/siia/selectSIIA200Detail.do?pblancId=PBLN_000000000121239
PBLN_000000000121348,2026년 한-체코ㆍ한-중국 에너지국제공동R&D 신규지원 대상과제 공고,기후에너지환경부,True,manual_representative_recoverable,대표금액 회수 가능 후보,현금성/바우처 후보가 있어 수기검수로 대표금액 회수 가능,pending,support_amount:2 | support_ratio:1 | total_support_scale:10,13,240000.0만원/total_support_scale/review: 연구개발비 지원규모 및 연구개발기간 등 □ 한-체코 국제공동연구 氠瑢 내역사업 공모형태 (개발형태) 개 요 기술분야 지원과제수 글로벌 시장개척 자유공모 (혁신제품형) ▪지원규모 : 총 24억원 내외(과제당 12억원 내외) (1차년도 7 || 120000.0만원/total_support_scale/review: 연구개발비 지원규모 및 연구개발기간 등 □ 한-체코 국제공동연구 氠瑢 내역사업 공모형태 (개발형태) 개 요 기술분야 지원과제수 글로벌 시장개척 자유공모 (혁신제품형) ▪지원규모 : 총 24억원 내외(과제당 12억원 내외) (1차년도 7 || 75000.0만원/total_support_scale/review: 연구개발비 지원규모 및 연구개발기간 등 □ 한-체코 국제공동연구 氠瑢 내역사업 공모형태 (개발형태) 개 요 기술분야 지원과제수 글로벌 시장개척 자유공모 (혁신제품형) ▪지원규모 : 총 24억원 내외(과제당 12억원 내외) (1차년도 7.5억원(과제당 3 || 37500.0만원/support_amount/subtract: 5억원(과제당 3.75억원 내외) *국내 컨소시엄 연구개발기관 지원금에 해당 ▪개발형태 : 혁신제품형 ▪기 술 료 : 징수 ▪연구개발기간 : 36개월 이내 ▪주관연구개발 || 150000.0만원/total_support_scale/review: ESS 1) □ 한-중국 국제공동연구 氠瑢 내역사업 공모형태 (개발형태) 개 요 기술분야 지원과제수 글로벌 시장개척 자유공모 (혁신제품형) ▪지원규모 : 15억원 내외(1차년도 2 || 25000.0만원/total_support_scale/review: ESS 1) □ 한-중국 국제공동연구 氠瑢 내역사업 공모형태 (개발형태) 개 요 기술분야 지원과제수 글로벌 시장개척 자유공모 (혁신제품형) ▪지원규모 : 15억원 내외(1차년도 2.5억원 내외) *국내 컨소시엄 연구개발기관 지원금에 해당 ▪개발형태 : 혁신제품형 ▪기 술 료 : 징수 ▪연구개발기간 : 36개월 이내 ▪주관연구개발 || 240000.0만원/total_support_scale/review: 연구개발비지원규모및연구개발기간등 □한-체코국제공동연구내역사업공모형태(개발형태) 개 요 기술분야지원과제수 글로벌 시장개척자유공모(혁신제품형)▪지원규모 : 총 24억원 내외(과제당 12억원 내외)(1차년도 7 || 120000.0만원/total_support_scale/review: 연구개발비지원규모및연구개발기간등 □한-체코국제공동연구내역사업공모형태(개발형태) 개 요 기술분야지원과제수 글로벌 시장개척자유공모(혁신제품형)▪지원규모 : 총 24억원 내외(과제당 12억원 내외)(1차년도 7 || ... 후보 5개 추가,,,,,,,https://www.bizinfo.go.kr/sii/siia/selectSIIA200Detail.do?pblancId=PBLN_000000000121348
PBLN_000000000121397,[강원] 2026년 바이오기업 애로해소 인허가 컨설팅 지원기업 상시모집 공고,강원특별자치도,True,mixed_manual_review,혼합 수기검수,지원 후보가 혼합되어 대표금액/적용방식 수기확인 필요,pending,support_ratio:1 | total_support_scale:1,2,"1000.0만원/total_support_scale/review: 지원내용□ 지원 분야: 인허가 컨설팅 및 임상시험지원프로그램명지원 내용지원규모인허가 컨설팅- 제품의 기술문서등 국내외 인허가 컨설팅 지원-지원기업 수 : 1개 기업-지원금액 : 10,000천원 이내 || None만원/support_ratio/ratio_cap: [강원] 2026년 바이오기업 애로해소 인허가 컨설팅 지원기업 상시모집 공고 강원특별자치도 기업마당>정책정보>지원사업 공고 기업마당 본문 바로가기 주메뉴 바로가기 기업마당 > 정책정보 > 지원사업 공고 메뉴열기 로그인 정책정보 정책정보 지원사업 공고 품목별 법정의무 인증제도 행사정보 정책뉴스 입법·행정예고/고시 월간 중기누리 활용정보 활용정보 기업업무용 서식 입주기업 모집공고 온라인화상회의실",,,,,,,https://www.bizinfo.go.kr/sii/siia/selectSIIA200Detail.do?pblancId=PBLN_000000000121397
PBLN_000000000121411,[울산] 울주군 2026년 강소기업 육성 기술 혁신 지원사업 추가모집 공고,울산광역시,True,manual_representative_recoverable,대표금액 회수 가능 후보,현금성/바우처 후보가 있어 수기검수로 대표금액 회수 가능,pending,consulting_fee:2 | non_cash:3 | support_amount:2,7,"200.0만원/non_cash/recommend_only: 2,000천원 한도 원 지식재산권(A) 원 국내인증(B) 원 || 200.0만원/non_cash/recommend_only: 국내 인증 획득 시험 및 등록비용* 2백만원 23 자부담 10% ② 혁신기술 사업화 기술가치평가 || 1000.0만원/support_amount/subtract: 기술평가 전문기관 연계 지원 10백만원 최대 5백만원 7 특허 선행기술조사 || 500.0만원/support_amount/subtract: 기술평가 전문기관 연계 지원 10백만원 최대 5백만원 7 특허 선행기술조사 || 1000.0만원/consulting_fee/recommend_only: 전시용 샘플 제작(양산품 제외) 최대 10백만원 ③혁신성장 컨설팅 || 500.0만원/consulting_fee/recommend_only: 대기업 협력사 인증 품질경영 컨설팅 비용 지원 5백만원 총 지원 건수 30 *제품 및 기술 인증 : KS || 200.0만원/non_cash/recommend_only: / 기업당 2백만원 한도 (자부담 10%이상) ❍ 지원대상 : 울주군 소재 제조업 영위 중소기업으로 기술개발 후 기술 또는 제품 지식재산권 확보나 국내 인증이 필",,,,,,,https://www.bizinfo.go.kr/sii/siia/selectSIIA200Detail.do?pblancId=PBLN_000000000121411
PBLN_000000000121415,[경남] 2026년 경남형 제조 AX 고도화 패스트트랙 지원사업 도입기업 모집 공고,경상남도,True,mixed_manual_review,혼합 수기검수,지원 후보가 혼합되어 대표금액/적용방식 수기확인 필요,pending,consulting_fee:1 | support_ratio:1 | total_support_scale:1,3,20000.0만원/total_support_scale/review: 기업부담금 40% (기업당 2억원)*) * 3번 사업비 편성 참고 ⚬ 지원규모 : 경남도 내 제조기업 3개社 ⚬ 신청대상 : 공고일 기준 경남도에 본사 || 4000.0만원/consulting_fee/recommend_only: 스마트공장 수준진단 기업부담금 중 20%이내(4천만원)에서 현물(인건비)로 계상 가능 4 || None만원/support_ratio/ratio_cap: [경남] 2026년 경남형 제조 AX 고도화 패스트트랙 지원사업 도입기업 모집 공고 경상남도 기업마당>정책정보>지원사업 공고 기업마당 본문 바로가기 주메뉴 바로가기 기업마당 > 정책정보 > 지원사업 공고 메뉴열기 로그인 정책정보 정책정보 지원사업 공고 품목별 법정의무 인증제도 행사정보 정책뉴스 입법·행정예고/고시 월간 중기누리 활용정보 활용정보 기업업무용 서식 입주기업 모집공고 온라인화상회의,,,,,,,https://www.bizinfo.go.kr/sii/siia/selectSIIA200Detail.do?pblancId=PBLN_000000000121415
PBLN_000000000121426,[대구] 2026년 BIT융합캠퍼스(의료ㆍ헬스ㆍ바이오) 지원사업 기업 모집 공고,대구광역시,True,manual_representative_recoverable,대표금액 회수 가능 후보,현금성/바우처 후보가 있어 수기검수로 대표금액 회수 가능,pending,non_cash:1 | support_amount:3 | support_ratio:1 | total_support_scale:2,7,7500.0만원/total_support_scale/review: 지원개요 ▢ 지원기간 : 공고일 ~ 2026년 12월 31일 ▢ 지원한도 : 과제당 최대 75백만원 - 총사업비 25% 이상 대응투자(현금) 필수(부가가치세 제외 후 25백만원 이상) ▢ 지원규모 : 5개 내외 과제 - 선정기업(과제) 수는 || 2500.0만원/total_support_scale/review: 지원개요 ▢ 지원기간 : 공고일 ~ 2026년 12월 31일 ▢ 지원한도 : 과제당 최대 75백만원 - 총사업비 25% 이상 대응투자(현금) 필수(부가가치세 제외 후 25백만원 이상) ▢ 지원규모 : 5개 내외 과제 - 선정기업(과제) 수는 총 지원예산 범위 내에서 과제별 지원 금액을 고려하여 결정 ▢ 지원방법 : 선 || 7500.0만원/support_amount/subtract: VAT 별도)100백만원75백만원25백만원 이상 RISE -2) 기업집적지 현장캠퍼스 운영 (BIT융합캠퍼스) 대구 RISE 3-2 BIT융합캠퍼스경북대학교 첨단정보통신융합산업기술원- 3 - ▢ 최대 지원 한도(75백만원) 내에서 세부항목 및 금액을 선택 || 3000.0만원/support_amount/subtract: 디자인 및 사용성 평가 등을 위한 위탁연구개발비 지원최대 30백만원연구활동비 || 2500.0만원/non_cash/recommend_only: 신뢰성 확보 및 분석/검사/국내외 인증 수수료 등 시험평가비 지원최대 25백만원학생지원금대학(선택) || 2000.0만원/support_amount/subtract: 프로젝트에 참여하는 대학 소속 학생 연구원 지원금(석ㆍ박사 과정 재학생 한정) 최대 20백만원 || None만원/support_ratio/ratio_cap: [대구] 2026년 BIT융합캠퍼스(의료ㆍ헬스ㆍ바이오) 지원사업 기업 모집 공고 대구광역시 기업마당>정책정보>지원사업 공고 기업마당 본문 바로가기 주메뉴 바로가기 기업마당 > 정책정보 > 지원사업 공고 메뉴열기 로그인 정책정보 정책정보 지원사업 공고 품목별 법정의무 인증제도 행사정보 정책뉴스 입법·행정예고/고시 월간 중기누리 활용정보 활용정보 기업업무용 서식 입주기업 모집공고 온라인화상회의실,,,,,,,https://www.bizinfo.go.kr/sii/siia/selectSIIA200Detail.do?pblancId=PBLN_000000000121426
PBLN_000000000121614,[전남광주] 2026년 스마트공장 지원계획 공고,중소벤처기업부,True,recommend_only_payload,비현금/수수료/컨설팅성,비현금/수수료/컨설팅성 지원이라 ROI 직접 차감은 불가,pending,consulting_fee:2,2,5000.0만원/consulting_fee/recommend_only: 가공 지원5억원(10개사)최대 5천만원(총사업비 70% 이내) 최대 6개월시 비 지 원 금 이 외기 업 자 부 담 처 리(20백만원 내외/총사업비 30% 내외)컨설팅 지원AI 도입계 || 2000.0만원/consulting_fee/recommend_only: 가공 지원5억원(10개사)최대 5천만원(총사업비 70% 이내) 최대 6개월시 비 지 원 금 이 외기 업 자 부 담 처 리(20백만원 내외/총사업비 30% 내외)컨설팅 지원AI 도입계획 수립 및 및 구축과정 중 현장애로 해결 지원,,,,,,,https://www.bizinfo.go.kr/sii/siia/selectSIIA200Detail.do?pblancId=PBLN_000000000121614
PBLN_000000000121777,[울산] 2026년 소상공인 산재보험료 지원사업 공고,울산광역시,True,ratio_only,지원비율만 있음,지원비율만 있어 금액 대표값은 만들 수 없음,pending,support_ratio:1,1,None만원/support_ratio/ratio_cap: [울산] 2026년 소상공인 산재보험료 지원사업 공고 울산광역시 기업마당>정책정보>지원사업 공고 기업마당 본문 바로가기 주메뉴 바로가기 기업마당 > 정책정보 > 지원사업 공고 메뉴열기 로그인 정책정보 정책정보 지원사업 공고 품목별 법정의무 인증제도 행사정보 정책뉴스 입법·행정예고/고시 월간 중기누리 활용정보 활용정보 기업업무용 서식 입주기업 모집공고 온라인화상회의실 정책정보 개방 속보성 대시,,,,,,,https://www.bizinfo.go.kr/sii/siia/selectSIIA200Detail.do?pblancId=PBLN_000000000121777
PBLN_000000000121784,[경기] 2026년 로봇직업교육센터 취업 연계 지원사업 참여기업 모집 공고,경기도,True,manual_representative_recoverable,대표금액 회수 가능 후보,현금성/바우처 후보가 있어 수기검수로 대표금액 회수 가능,pending,support_amount:3,3,"210.0만원/support_amount/subtract: 취업박람회 기업소개 및 면접 부스 지원 - 참여기업당 최대 3명 인건비 지원 - 1인당 인건비(인턴) 2,100천원/월 지원 사업신청 방법 온라인 접수 (경기테크노파크 사업관리시스템) 사업신청 사이트 온라인신청 바로가기 문의처 경기테크노파크 제조로봇팀 031 || 215.69만원/support_amount/subtract: 100천원/월 지원 * 최저임금: 2026년 주 40시간 근무 기준 시 월 2,156,880원 □ 지원금 지급요건 || 215.69만원/support_amount/subtract: 정규직 - 근로시간: 주 40시간 근로 원칙 氠瑢 ∙ 26년 채용에 따른 지급 ex) 26년 11월 채용자는 1개월 분 지급 ∙ 채용 수료생에게 최저임금* 이상 월 급여 지급 및 4대 보험 가입 필수 ∙ 채용 기간은 최소 3개월이며 중도 퇴사 시 지원금 환수(일할 정산) * 최저임금: 2026년 주 40시간 근무 기준 시 월 2,156,880원(시급 10",,,,,,,https://www.bizinfo.go.kr/sii/siia/selectSIIA200Detail.do?pblancId=PBLN_000000000121784
PBLN_000000000121785,[전남광주] 2026년 소규모 밀착 안전망 구축사업 참여기업 모집 공고(지역 중대재해 예방 사각지대 해소사업),전남광주통합특별시,True,manual_representative_recoverable,대표금액 회수 가능 후보,현금성/바우처 후보가 있어 수기검수로 대표금액 회수 가능,pending,consulting_fee:2 | equipment_usage_fee:1 | non_cash:1 | support_amount:1 | total_support_scale:1,6,10000.0만원/total_support_scale/review: □ (운영기관) (사)광주경영자총협회 - 2 - 2 지원대상 및 규모 □ (지원대상) 광주광역시 소재 소규모 제조 건설 현장 - (제조업) 상시근로자 5인 이상 ~ 20인 미만 고위험 공정 보유 기업 - (건설업) 공사금액 1억 원 미만의 초소규모 건설현장 □ (지원규모) 총 300개소 (제조업 200개소 || 150.0만원/consulting_fee/recommend_only: / 건설업 100개소) □ (지원제외) 다음 중 하나 이상에 해당하는 기업 또는 사업주 - 정부 또는 지차체 등의 유사한 지원사업에 참여 중인 기업 - 근로기준법 제43조의2에 따라 임금 등을 체불하여 명단이 공개 중인 사업주 - 중대재해 발생 등으로 명단이 공표된 사업장 - 제출서류의 미비 또는 제출서류가 사실과 다른 경우 - 기타 운영기관에서 사업참여가 부적합하다고 판단되는 경우3 지원내 || 10000.0만원/consulting_fee/recommend_only: 사업장별 현장 진단 결과 반영하여 지원 품목 변동 가능  (건설업) 1억 미만 건설 안전 기동대 운영 - 지원내용구분내용비고현장방호및필수물품지원 이동식가드레일 || 65.0만원/equipment_usage_fee/recommend_only: 방화담요등초기화재진압장비지급현장방문진단과동시에시설물및물품즉각전개 현장기술지도 추락 화재등핵심위험요인원포인트기술지도및신속조치 당일공정맞춤형TBM실습코칭및보호구실착용지도기동대불시/예약방문을통한당일공정맞춤형지도 - 4 - - 지원수준 : 1개소당 최대 65만 원지원분야주요지원품목예시(안) 비고현장방호및통제물품 (추락/접근차단)이동식가드레일(휀스) || 40.0만원/non_cash/recommend_only: 에어로졸/투척식간이소화기세트등 최대40만원안전보호구지급 (신체보호)KS인증안전모 || 25.0만원/support_amount/subtract: 방진마스크최대25만원4 추진절차  (제조업) 5~19인 제조 안전 길잡이 구축①공고및접수⇒②현장위험성평 가⇒③선정및지원품 목 확 정⇒④맞춤형지원및,,,,,,,https://www.bizinfo.go.kr/sii/siia/selectSIIA200Detail.do?pblancId=PBLN_000000000121785
PBLN_000000000121849,전기차 차체ㆍ섀시 충돌안전 기업지원 연장 공고(xEV 보호차체 충돌안전 기업지원사업),경상북도,True,mixed_manual_review,혼합 수기검수,지원 후보가 혼합되어 대표금액/적용방식 수기확인 필요,pending,support_ratio:1 | total_support_scale:2,3,"3000.0만원/total_support_scale/review: 湯湷 2026년 05월 08일 (재)경북테크노파크원장 지원내용 氠瑢 지원프로그램 지원내용 지원기관 전주기 지원 (패키지형 서비스 지원) ⚫ 지원규모 - 지원금 30,000천원 ⚫ 지원내용 - 설계해석→시제품제작→시험평가 패키지형 - 각 서비스별 세부 항목은 아래 참조 || 1500.0만원/total_support_scale/review: 본 사업을 통해 구축한 장비활용시 우대 GBTP1(1건) GITC2(1건) 시제품 제작 지원 ⚫ 지원규모 - 지원금 15,000천원 ⚫ 지원내용 - xEV 보호차체 분야의 사업화를 위한 시제품 제작 지원 || None만원/support_ratio/ratio_cap: 전기차 차체ㆍ섀시 충돌안전 기업지원 연장 공고(xEV 보호차체 충돌안전 기업지원사업) 경상북도 기업마당>정책정보>지원사업 공고 기업마당 본문 바로가기 주메뉴 바로가기 기업마당 > 정책정보 > 지원사업 공고 메뉴열기 로그인 정책정보 정책정보 지원사업 공고 품목별 법정의무 인증제도 행사정보 정책뉴스 입법·행정예고/고시 월간 중기누리 활용정보 활용정보 기업업무용 서식 입주기업 모집공고 온라인화상회",,,,,,,https://www.bizinfo.go.kr/sii/siia/selectSIIA200Detail.do?pblancId=PBLN_000000000121849
PBLN_000000000121853,2026년 업종별 임금체계 개선 지원 사업 참여기업 모집 공고,고용노동부,True,recommend_only_payload,비현금/수수료/컨설팅성,비현금/수수료/컨설팅성 지원이라 ROI 직접 차감은 불가,pending,consulting_fee:1,1,"8000.0만원/consulting_fee/recommend_only: 8,000 만 원 + 시중 컨설팅 가치 2026 년 IT 업종 임금체계 개선 컨설팅 참여기업 모집 고용노동부 지원 무료 지원 시장임금 및 직무급 Tool 제공",,,,,,,https://www.bizinfo.go.kr/sii/siia/selectSIIA200Detail.do?pblancId=PBLN_000000000121853
PBLN_000000000121945,2026년 자이언트캐스팅(다이캐스팅) 부품 시험ㆍ평가ㆍ인증 및 기술지도 지원 시행 공고(자이언트캐스팅 공용센터 기반구축 사업),과학기술정보통신부,True,manual_representative_recoverable,대표금액 회수 가능 후보,현금성/바우처 후보가 있어 수기검수로 대표금액 회수 가능,pending,equipment_usage_fee:1 | non_cash:1 | subsidy:2 | support_ratio:1,5,"1200.0만원/non_cash/recommend_only: 인증 지원 지원기관지원건수지원금액한국기계연구원2건최대 12,000천원 (VAT포함) - 한국기계연구원 기 구축 장비활용 자이언트캐스팅(다이캐스팅) 부품의 성능개발 및 시험 및 평가 지원 실시* 기 구축 장비 내역 || 1000.0만원/equipment_usage_fee/recommend_only: 000천원 (VAT포함) - 한국기계연구원 기 구축 장비활용 자이언트캐스팅(다이캐스팅) 부품의 성능개발 및 시험 및 평가 지원 실시* 기 구축 장비 내역은 부록 참조 - 시험 간 필요한 지그 부품류 및 기타 소모성 부품류 지원 신청 가능 * 지그 부품류 10,000천원 || 200.0만원/subsidy/subtract: 기타 소모성 부품류 2,000천원 한도 * 국비/지방비 지원 금액 변동에 따라 지원 금액 변동 가능성 있음 ② 기술지도 (*신청 필수) 지원기관지원건수지원금액한국기계연구원5건최 || 200.0만원/subsidy/subtract: 000천원 한도 * 국비/지방비 지원 금액 변동에 따라 지원 금액 변동 가능성 있음 ② 기술지도 (*신청 필수) 지원기관지원건수지원금액한국기계연구원5건최대 2,000천원 (VAT포함) - 산업현장 맞춤형 애로기술을 해소하기 위한 전문가 발굴 및 매칭으로 신규 다이캐스팅 부품(기업)의 기술 다각화를 위한 기술지도 || None만원/support_ratio/ratio_cap: 2026년 자이언트캐스팅(다이캐스팅) 부품 시험ㆍ평가ㆍ인증 및 기술지도 지원 시행 공고(자이언트캐스팅 공용센터 기반구축 사업) 과학기술정보통신부 기업마당>정책정보>지원사업 공고 기업마당 본문 바로가기 주메뉴 바로가기 기업마당 > 정책정보 > 지원사업 공고 메뉴열기 로그인 정책정보 정책정보 지원사업 공고 품목별 법정의무 인증제도 행사정보 정책뉴스 입법·행정예고/고시 월간 중기누리 활용정보 활용",,,,,,,https://www.bizinfo.go.kr/sii/siia/selectSIIA200Detail.do?pblancId=PBLN_000000000121945
PBLN_000000000121956,2026년 시흥시 (국비)금형 디지털전환 지원사업 기술지도 모집 공고,경기도,True,mixed_manual_review,혼합 수기검수,지원 후보가 혼합되어 대표금액/적용방식 수기확인 필요,pending,consulting_fee:1 | non_cash:1 | support_ratio:1,3,"200.0만원/consulting_fee/recommend_only: 스마트 공장 도입 및 고도화 컨설팅(기업당 최대 2,000천원 이내(기업당 5회 내외)) 지원 - 디지털 전환 관련 제조기업의 기술애로 컨설팅 모두 가능 사업신청 방법 이메일 접수 (yj42@sida || 200.0만원/non_cash/recommend_only: 세부내용 □ 지원금액 : 기업당 최대 2,000천원 이내(기업당 5회 내외) □ 지원방식 : 선정기업이 컨설팅을 제공받고 진흥원 지원금은 컨설턴트에게 직접 지급 (기업 부담금 없음) □ 지원항목 || None만원/support_ratio/ratio_cap: 2026년 시흥시 (국비)금형 디지털전환 지원사업 기술지도 모집 공고 경기도 기업마당>정책정보>지원사업 공고 기업마당 본문 바로가기 주메뉴 바로가기 기업마당 > 정책정보 > 지원사업 공고 메뉴열기 로그인 정책정보 정책정보 지원사업 공고 품목별 법정의무 인증제도 행사정보 정책뉴스 입법·행정예고/고시 월간 중기누리 활용정보 활용정보 기업업무용 서식 입주기업 모집공고 온라인화상회의실 정책정보 개방",,,,,,,https://www.bizinfo.go.kr/sii/siia/selectSIIA200Detail.do?pblancId=PBLN_000000000121956
PBLN_000000000122045,2026년 연구조직(기업부설연구소 등) 설립 및 기술ㆍ경영혁신 인증 지원사업 참여기업 모집 공고,대구광역시,True,recommend_only_payload,비현금/수수료/컨설팅성,비현금/수수료/컨설팅성 지원이라 ROI 직접 차감은 불가,pending,fee:1,1,40.0만원/fee/review: 컨설팅비용은자문단에게지급ㅇ(인증수수료)이노비즈/메인비즈/번처기업 신규 및 연장 인증수수료의 70%까지 지원(기업당 최대 40만원,,,,,,,https://www.bizinfo.go.kr/sii/siia/selectSIIA200Detail.do?pblancId=PBLN_000000000122045
PBLN_000000000122168,[경북] 경주시 2026년 소규모 사업장 방지시설 설치 지원사업 공고,경상북도,True,ratio_only,지원비율만 있음,지원비율만 있어 금액 대표값은 만들 수 없음,pending,support_ratio:1,1,None만원/support_ratio/ratio_cap: [경북] 경주시 2026년 소규모 사업장 방지시설 설치 지원사업 공고 경상북도 기업마당>정책정보>지원사업 공고 기업마당 본문 바로가기 주메뉴 바로가기 기업마당 > 정책정보 > 지원사업 공고 메뉴열기 로그인 정책정보 정책정보 지원사업 공고 품목별 법정의무 인증제도 행사정보 정책뉴스 입법·행정예고/고시 월간 중기누리 활용정보 활용정보 기업업무용 서식 입주기업 모집공고 온라인화상회의실 정책정보 개,,,,,,,https://www.bizinfo.go.kr/sii/siia/selectSIIA200Detail.do?pblancId=PBLN_000000000122168
PBLN_000000000122268,2026년 2차 메카노바이오활성소재 혁신의료기기 실증 기반구축 생물학적 시험평가인증 지원사업 공고(산업혁신기반구축사업),산업통상부,True,recommend_only_payload,비현금/수수료/컨설팅성,비현금/수수료/컨설팅성 지원이라 ROI 직접 차감은 불가,pending,equipment_usage_fee:2 | non_cash:2,4,800.0만원/non_cash/recommend_only: ☞ 의료기기 전ㆍ후방 산업군에 해당하는 전국의 중소ㆍ중견기업 ☞ 설치류 급성전신독성시험 지원(기업당 최대 800만 원 상당) 사업신청 방법 이메일 접수 (hyungsun || 0.0만원/equipment_usage_fee/recommend_only: hwp] 捤獥 汤捯 湰灧 【서식 1】 氠瑢 2026년 시험평가인증(생물학적) 지원사업 신청서 기 업 개 요 기 업 명 대 표 자 사업자등록번호 홈페이지 http:// 소 재 지 (주 소) (우편번호 : ) 업 종 한국표준산업분류코드 (대분류/중분류) 업 태 신 청 개 요 평가기관명 평가장비명 제 품 명 사용 목적 시험항목 시험방법(적용 규격) 요구사항 사용료 예상 일정 기재 요망 담 당 자 || 0.0만원/equipment_usage_fee/recommend_only: pdf] - 1 - 【서식 1】2026년 시험평가인증(생물학적) 지원사업 신청서기업개 요 기 업 명 대 표 자사업자등록번호홈페이지http://소 재 지(주 소)(우편번호 : )업 종한국표준산업분류코드(대분류/중분류) 업 태신청개요 평가기관명평가장비명제 품 명 사용 목적시험항목시험방법(적용 규격) 요구사항사용료예상 일정기재 요망담 당 자(과제 책임자)소속부서직위성명E-mail연락처휴대전화기업현 || 800.0만원/non_cash/recommend_only: 사업내용□ 지원규모산업분야지원분야지원한도지원규모의료기기 및 의료용품 산업설치류 급성전신독성시험1개 기업당 최대 800만 원 상당5개 社□ 지원내용 ◦ GLP(급성전신독성) 시험평가인증 보고서(국문) 발행 ◦ 현금 지원이 아닌 국가독성과학연구소 전북첨단바이오연구본부,,,,,,,https://www.bizinfo.go.kr/sii/siia/selectSIIA200Detail.do?pblancId=PBLN_000000000122268
PBLN_000000000122275,[대구] 2026년 2차 지역혁신 중심 대학지원체계(RISE) 사업 협업ㆍ지원대상 기업 모집 공고,교육부,True,total_scale_manual_review,지원규모 계열 검수,지원규모 계열만 있어 기업당/과제당 한도 여부 수기확인 필요,pending,total_support_scale:2,2,"4400.0만원/total_support_scale/review: (지원규모) 최대 4,400만원(부가세 포함) - 기업 대응 투자금 : 총 사업비의 25% 이상(현물불가*)* 대협약체결일 이후 || 5500.0만원/total_support_scale/review: (지원규모) 최대 5,500만원(부가세 포함) - 기업 대응 투자금 : 총 사업비의 25% 이상(현물불가*)* 협약체결일 이후",,,,,,,https://www.bizinfo.go.kr/sii/siia/selectSIIA200Detail.do?pblancId=PBLN_000000000122275
PBLN_000000000122359,[경북] 2026년 지역특화형(고도화) 스마트공장 구축사업 공고,중소벤처기업부,True,manual_representative_recoverable,대표금액 회수 가능 후보,현금성/바우처 후보가 있어 수기검수로 대표금액 회수 가능,pending,education_fee:3 | non_cash:1 | support_amount:7,11,"20000.0만원/support_amount/subtract: 총 2.5억원 내에서 2회(1회차고도화→2회차동일수준)까지 지원하되,회당 최대 2억원 한도,지원비율 50%이내에서 지원가능 * (예) 26년(목표수준 중간1, 고도화 || 10000.0만원/support_amount/subtract: 동일수준) 1억 * 2회차 동일수준 지원은 1회차 고도화 사업 완료(성공 판정) 이후 지원 가능지원유형지원기간정부 지원한도지원 비율구축목표수준 || 5000.0만원/support_amount/subtract: 구축사업을 통해 “고도화”지원받은기업이‘26년도 “동일수준”신청시,기존처럼 최대 0.5억원,6개월 이내 지원 가능(동일수준 지원은 목표수준별 1회만 지원 가능) ◦ 과 거 || 100.0만원/education_fee/recommend_only: 182 * 정산대상 사업비(총사업비) : 정부출연금 + 민간부담금 ②교육비 :스마트공장 기술교육(사업관리교육 및 기술교육)수강 비용(1백만원)필수 편성 ③기술임치비 :스마트공장 구축 결과물의 기술임치비(45만원)필수 편성 ◦ (임치제도) 사업 결과물의 핵심 정보를 보관하여 개발 결과 || 45.0만원/education_fee/recommend_only: 182 * 정산대상 사업비(총사업비) : 정부출연금 + 민간부담금 ②교육비 :스마트공장 기술교육(사업관리교육 및 기술교육)수강 비용(1백만원)필수 편성 ③기술임치비 :스마트공장 구축 결과물의 기술임치비(45만원)필수 편성 ◦ (임치제도) 사업 결과물의 핵심 정보를 보관하여 개발 결과 || 100.0만원/education_fee/recommend_only: 완료보고서 제출 시 수료증 첨부- 집합교육으로 비용 발생(사업계획서에 교육비 100만원 계상) - 8 - -기획지원*컨설팅 사업의 참여를 통해 스마트공장 구축전략 수립 및 사업계획서를 도출한 기업은 구축지도 수행 여부 선택 가능 || 5000.0만원/non_cash/recommend_only: 000+」 프로젝트 지정서5SaaS 솔루션 도입∙ SaaS 형태*의 솔루션을 도입하는 기업 * SaaS솔루션 : 클라우드 인프라 내 멀티테넌시 기반으로 서비스를 제공하는 소프트웨어∙ CSAP(SaaS유형) 인증서∙ 클 라 우 드 서 비 스 확 인 서 및 상 세 정 보 캡 쳐*(KACI) * 인증받은 솔루션이 SaaS임을 확인할 수 있는 서비스 정보 화면 - 15 - 참고1 26년도 사업 신청 || 20000.0만원/support_amount/subtract: 5억원중간1(동일수준)∘ 최초신청 기업 최대 9개월최대 2억원중간1 또는중간2(고도화)∘ 기초수준 구축기업최대 9개월최대 2억원중간1 또는중간2(고도화)∘ ‘25년 이전 중간1을 지원받아 목표달성한 기업이 || ... 후보 3개 추가",,,,,,,https://www.bizinfo.go.kr/sii/siia/selectSIIA200Detail.do?pblancId=PBLN_000000000122359
PBLN_000000000122384,2026년 글로벌산업기술협력센터 사업(M.AX 분야 공동연구) 시행계획 공고,산업통상부,True,manual_representative_recoverable,대표금액 회수 가능 후보,현금성/바우처 후보가 있어 수기검수로 대표금액 회수 가능,pending,support_amount:1 | support_ratio:1 | total_support_scale:5,7,200000.0만원/total_support_scale/review: 기간구분지원규모지원기간글로벌산업기술협력센터공동R&D20억원 내외/년최대 5년(41개월+최대 19개월) || 200000.0만원/support_amount/subtract: 중대형(연간 20억 이내)신규과제 9개 이내 * 지원기간에 따른 계획 및 예산을 사업계획서에 포함하여 제출 || 200000.0만원/total_support_scale/review: 접수 및 선정평가 결과 등에 따라 지원과제수 등 지원 규모는 변경 가능-회계연도 일치 관련 유의 사항구분 안내정부지원연구개발비1차년도(‘26년)는 연간 과제당 지원규모의 5/12(예: 연간 20억과제 기준 8억원 이내)까지 지원2차년도 이후 연간 지원규모(20억원 이내)로 총 정부지원연구개발비 최대 100억원 지원연구개발 기간1차년도 5 || 80000.0만원/total_support_scale/review: 접수 및 선정평가 결과 등에 따라 지원과제수 등 지원 규모는 변경 가능-회계연도 일치 관련 유의 사항구분 안내정부지원연구개발비1차년도(‘26년)는 연간 과제당 지원규모의 5/12(예: 연간 20억과제 기준 8억원 이내)까지 지원2차년도 이후 연간 지원규모(20억원 이내)로 총 정부지원연구개발비 최대 100억원 지원연구개발 기간1차년도 5개월(‘26 || 200000.0만원/total_support_scale/review: 접수 및 선정평가 결과 등에 따라 지원과제수 등 지원 규모는 변경 가능-회계연도 일치 관련 유의 사항구분 안내정부지원연구개발비1차년도(‘26년)는 연간 과제당 지원규모의 5/12(예: 연간 20억과제 기준 8억원 이내)까지 지원2차년도 이후 연간 지원규모(20억원 이내)로 총 정부지원연구개발비 최대 100억원 지원연구개발 기간1차년도 5개월(‘26 || 1000000.0만원/total_support_scale/review: 접수 및 선정평가 결과 등에 따라 지원과제수 등 지원 규모는 변경 가능-회계연도 일치 관련 유의 사항구분 안내정부지원연구개발비1차년도(‘26년)는 연간 과제당 지원규모의 5/12(예: 연간 20억과제 기준 8억원 이내)까지 지원2차년도 이후 연간 지원규모(20억원 이내)로 총 정부지원연구개발비 최대 100억원 지원연구개발 기간1차년도 5개월(‘26 || None만원/support_ratio/ratio_cap: 2026년 글로벌산업기술협력센터 사업(M.AX 분야 공동연구) 시행계획 공고 산업통상부 기업마당>정책정보>지원사업 공고 기업마당 본문 바로가기 주메뉴 바로가기 기업마당 > 정책정보 > 지원사업 공고 메뉴열기 로그인 정책정보 정책정보 지원사업 공고 품목별 법정의무 인증제도 행사정보 정책뉴스 입법·행정예고/고시 월간 중기누리 활용정보 활용정보 기업업무용 서식 입주기업 모집공고 온라인화상회의실 정,,,,,,,https://www.bizinfo.go.kr/sii/siia/selectSIIA200Detail.do?pblancId=PBLN_000000000122384
PBLN_000000000122442,[울산] 2026년 기술이전지원사업 기술코칭프로그램 참여기업 모집 공고,울산광역시,True,total_scale_manual_review,지원규모 계열 검수,지원규모 계열만 있어 기업당/과제당 한도 여부 수기확인 필요,pending,total_support_scale:1,1,20.0만원/total_support_scale/review: 지원규모 : 전문가활용비(200천원 × 2회 이내,,,,,,,https://www.bizinfo.go.kr/sii/siia/selectSIIA200Detail.do?pblancId=PBLN_000000000122442
PBLN_000000000122492,[충남] 2026년 IP디딤돌 프로그램 창업자 후속지원 대상자 모집 공고,충청남도,True,manual_representative_recoverable,대표금액 회수 가능 후보,현금성/바우처 후보가 있어 수기검수로 대표금액 회수 가능,pending,support_amount:1,1,"136.0만원/support_amount/subtract: VAT 포함) 지원건수자부담후속지원 특허망 구축(국내출원) 1,360,000원 이내1인 3건 이내20%(면제 불가)PCT 출원 (*VAT 제외) 2",,,,,,,https://www.bizinfo.go.kr/sii/siia/selectSIIA200Detail.do?pblancId=PBLN_000000000122492
PBLN_000000000122501,2026년 디지털기반 중소사업장 산재예방 기술개발 지원사업 시행계획 공고,중소벤처기업부,True,manual_representative_recoverable,대표금액 회수 가능 후보,현금성/바우처 후보가 있어 수기검수로 대표금액 회수 가능,pending,subsidy:1 | support_amount:7 | support_ratio:1 | total_support_scale:1,10,66000.0만원/support_amount/subtract: 6.6억원 이내 정부지원연구개발비 지원 || 3000.0만원/support_amount/subtract: 시스템 입력사항 3) 연구시설ㆍ장비 구축ㆍ운영계획(해당 시 작성합니다) (1) 연구시설ㆍ장비 구축계획(구축비용이 3천만원 이상인 경우에는 필수로 작성합니다)(단위: 천원)연구개발기관명연구시설ㆍ장비명현금/현물 구분구축방식*규격수량구축비용구축기간설치장소 * 개발 || 50000.0만원/support_amount/subtract: 청년인력 의무채용 □ 정부지원연구개발비비례청년인력의무채용◦과제당정부지원연구개발비중기업지원금액합계가5억원이상인경우 || 50000.0만원/support_amount/subtract: 군 복무 기간에 비례하여 최대 만 39세까지 인정)-(적용대상)정부지원연구개발비를5억원이상지원받는중소기업-1년이상고용을유지해야하며 || 220000.0만원/total_support_scale/review: 각종 안전 솔루션 등 ◦(실증)도입기업(5 0인미만또는소규모건설현장을보유한중소기업)을T e st-B e d로활용□ 지원규모 :‘26년22억원내외(20개과제내외) * 지원규모는 신청 과제 수 및 기업신청 금액 등에 따라 조정될 수 있음□ 지원유형 및 분야 : 품목지정 (품목 내 자유공 || 66000.0만원/support_amount/subtract: 6.6억원이내내역 사업개발기간 및 지원한도기관부담연구개발비 비중디지털기반 중소사업장 산재예방 기술개발최대 2년 || 50000.0만원/support_amount/subtract: 관리 사항 등은 국가연구개발혁신법 적용□ 정부지원연구개발비 비례 청년인력 의무채용◦과제당정부지원연구개발비중기업지원금액합계가5억원이상인경우 || 50000.0만원/subsidy/subtract: 1차년도에 의무채용을 시작하여 정부지원금 누계가 5억원을 초과하는 연도에 의무인력 채용 가능(다만 || ... 후보 2개 추가,,,,,,,https://www.bizinfo.go.kr/sii/siia/selectSIIA200Detail.do?pblancId=PBLN_000000000122501
PBLN_000000000122585,2026년 2차 미래차 전자제어부품 산업 고도화 기반구축 기업지원 수혜기업 모집 공고,산업통상부,True,manual_representative_recoverable,대표금액 회수 가능 후보,현금성/바우처 후보가 있어 수기검수로 대표금액 회수 가능,pending,consulting_fee:1 | equipment_usage_fee:2 | non_cash:4 | support_amount:2,9,"1500.0만원/support_amount/subtract: 기구부 개발 기술지원1건(건당 최대 1,500만원)~ 6 || 2000.0만원/non_cash/recommend_only: 9(화) 18:00까지협약일 ~ 9월시제품제작 지원전자제어부품 및 전장부품 관련 R&D 시작품 및 시제품 제작 지원1건(건당 최대 2,000만원)사업화지원국내외 인증 || 1000.0만원/equipment_usage_fee/recommend_only: 해외수출 지원3건 내외(건당 최대 1,000만원) 협약일 ~ 10월시험평가지원주관 및 참여기관 보유 장비 활용 시험 || 100.0만원/non_cash/recommend_only: 인증 지원15건(건당 최대 100만원)상시접수공고일 ~ 10월상시지원부품임대지원[벤츠 EQA 250 || 1500.0만원/support_amount/subtract: 이 외 기업 에서 필 요로 하 는 지원 사항 협 의가능최대 1,500만원이내/건1건영남대1) HW개발- ECU 회로 설계 및 해석 기술 지원- 방열 분석 및 최적화 개발 지원- 전기장 분석 및 EMI 시뮬레이션 지원 || 1000.0만원/consulting_fee/recommend_only: 컨설팅 비용 등 최대 1,000만원이내/건3건내외GITCGBTP 지재권 창출 지원- 국내외 특허 || 2000.0만원/equipment_usage_fee/recommend_only: 경량화 및 신제품 개발 관련 시제품 제작 지원최대 2,000만원이내/건1건GITC시험평가 지원- 상시접수- 주관 및 참여기관 보유 장비 활용 시험 || 100.0만원/non_cash/recommend_only: 인증 지원 최대 100만원이내/건(추가비용 발생 시 기업 부담)15건GITCGBTP 부품임대 지원- 상시접수- 전기자율차(벤츠 EQA 250 || ... 후보 1개 추가",,,,,,,https://www.bizinfo.go.kr/sii/siia/selectSIIA200Detail.do?pblancId=PBLN_000000000122585
PBLN_000000000122640,[경북] 2026년 경북산업기술단지 거점기능강화사업 기술닥터제 활성화 지원사업 공고,중소벤처기업부,True,mixed_manual_review,혼합 수기검수,지원 후보가 혼합되어 대표금액/적용방식 수기확인 필요,pending,consulting_fee:1 | support_ratio:1,2,"300000.0만원/consulting_fee/recommend_only: 2026년 월 일 氠瑢 위 확인인 소 속 : 주민등록번호 : 성 명 : (인) (재)경북테크노파크 원장 귀하 氠瑢 영 수 증 금 원정 (금 원정) 위 금액을 2026년 『2026년 기술닥터제 활성화 지원사업』의 현장애로기술 지원기업 (지원기업명) 컨설팅 및 자문료(1회 300,000만원 × 회)로 정히 영수 합니다 || None만원/support_ratio/ratio_cap: [경북] 2026년 경북산업기술단지 거점기능강화사업 기술닥터제 활성화 지원사업 공고 중소벤처기업부 기업마당>정책정보>지원사업 공고 기업마당 본문 바로가기 주메뉴 바로가기 기업마당 > 정책정보 > 지원사업 공고 메뉴열기 로그인 정책정보 정책정보 지원사업 공고 품목별 법정의무 인증제도 행사정보 정책뉴스 입법·행정예고/고시 월간 중기누리 활용정보 활용정보 기업업무용 서식 입주기업 모집공고 온라인화",,,,,,,https://www.bizinfo.go.kr/sii/siia/selectSIIA200Detail.do?pblancId=PBLN_000000000122640
PBLN_000000000122644,[경북] 2026년 2차 미래자동차 사업재편 혁신성장 지원사업 공고,경상북도,True,mixed_manual_review,혼합 수기검수,지원 후보가 혼합되어 대표금액/적용방식 수기확인 필요,pending,consulting_fee:1 | total_support_scale:1,2,"3200.0만원/total_support_scale/review: 중견기업의 미래자동차 사업재편 혁신성장 지원을 통해 미래자동차 부품분야로 전환 □ 신청자격 ❍ 중소기업: 중소기업기본법 제2조의 제1항 및 같은 법 시행령 제3조 (중소 기업 범위)에 따른 기업 ❍ 중견기업: 중견기업 성장촉진 및 경쟁력 강화에 관한 특별법 제2조 1호 의 기업 ❍ 법인사업자만 신청가능하며 개인사업자는 신청 불가 □ 지원대상 ❍ 경북 지역에 본사 또는 공장이 있는(자동차부품 || 400.0만원/consulting_fee/recommend_only: 아이템발굴 등 * 선정된 기업은 후년 사업에서 심화컨설팅 지원시 우대 예정 건당: 4,000천원 사업재편 승인기업 후속지원 (1건) ① 지식재산(IP) 획득 컨설팅 지원 ･ 사업재편 승인 기업이 이행 과정에서 필요한 지식재산권 획득을 지원",,,,,,,https://www.bizinfo.go.kr/sii/siia/selectSIIA200Detail.do?pblancId=PBLN_000000000122644
PBLN_000000000122726,[강원] 2026년 바이오기업 성장 촉진 및 고용 활성화 지원기업 상시 모집 공고(지역산업맞춤형 일자리창출 지원사업),강원특별자치도,True,manual_representative_recoverable,대표금액 회수 가능 후보,현금성/바우처 후보가 있어 수기검수로 대표금액 회수 가능,pending,consulting_fee:1 | non_cash:3 | support_amount:3,7,"700.0만원/support_amount/subtract: 시제품 공정개선 및 최적화 등 개발 비용 지원 7,000천원 6개사 3 온 || 700.0만원/non_cash/recommend_only: 기존 제품 홍보용 샘플(소용량 증정용 제품) 제작 비용 지원 7,000천원 6개사 5 국내외 규격인증 획득 지원 || 700.0만원/consulting_fee/recommend_only: 컨설팅 비용 지원 7,000천원 6개사 6 국외전시회 참가 지원 || 40.0만원/support_amount/subtract: 신규채용자 초기 정주여건 마련을 위한 주거비용 지원 - 신규채용자 월세 지원 - 1인당 400천원 x 6개월 || 40.0만원/support_amount/subtract: 기업당 최대 6명 400천원x6개월 30명 내외 ․ 공고일 현재 ‘강원도’에 소재하고 있는 사업자로 강원도에 4대 사회보험을 납부하고 있어야 함 ․ 지원기간 내 과업수행 || 700.0만원/non_cash/recommend_only: 기존 신청기업 선정결과에 따라 지원규모(기업 수) 변경 가능 지원기관지원사업지원내용지원규모(재)춘천바이오산업진흥원기업지원사업제품 고급화 지원7,000천원 x 4개사국내외 규격인증 획득 지원7 || 700.0만원/non_cash/recommend_only: 000천원 x 4개사국내외 규격인증 획득 지원7,000천원 x 6개사국외전시회 참가 지원10",,,,,,,https://www.bizinfo.go.kr/sii/siia/selectSIIA200Detail.do?pblancId=PBLN_000000000122726
PBLN_000000000122744,2026년 2차 GLP(세포독성) 시험평가인증 지원사업 공고(메카노바이오활성소재 혁신의료기기 실증 기반구축),산업통상부,True,recommend_only_payload,비현금/수수료/컨설팅성,비현금/수수료/컨설팅성 지원이라 ROI 직접 차감은 불가,pending,equipment_usage_fee:2,2,0.0만원/equipment_usage_fee/recommend_only: hwp] 捤獥 汤捯 湰灧 【서식 1】 氠瑢 2026년 GLP(세포독성) 시험평가인증 지원사업 신청서 기 업 개 요 기 업 명 대 표 자 사업자등록번호 홈페이지 http:// 소 재 지 (주 소) (우편번호 : ) 업 종 한국표준산업분류코드 (대분류/중분류) 업 태 신 청 개 요 평가기관명 평가장비명 제 품 명 사용 목적 시험항목 시험방법(적용 규격) 요구사항 사용료 예상 일정 기재 요망 담 || 0.0만원/equipment_usage_fee/recommend_only: pdf] - 1 - 【서식 1】2026년 GLP(세포독성) 시험평가인증 지원사업 신청서기업개 요 기 업 명 대 표 자사업자등록번호홈페이지http://소 재 지(주 소)(우편번호 : )업 종한국표준산업분류코드(대분류/중분류) 업 태신청개요 평가기관명평가장비명제 품 명 사용 목적시험항목시험방법(적용 규격) 요구사항사용료예상 일정기재 요망담 당 자(과제 책임자)소속부서직위성명E-mail연락처휴대전,,,,,,,https://www.bizinfo.go.kr/sii/siia/selectSIIA200Detail.do?pblancId=PBLN_000000000122744
PBLN_000000000122761,"2026년 2차 재생에너지R&D(태양광, 풍력) 신규지원대상 연구개발과제 공고",기후에너지환경부,True,ratio_only,지원비율만 있음,지원비율만 있어 금액 대표값은 만들 수 없음,pending,support_ratio:1,1,"None만원/support_ratio/ratio_cap: 2026년 2차 재생에너지R&D(태양광, 풍력) 신규지원대상 연구개발과제 공고 기후에너지환경부 기업마당>정책정보>지원사업 공고 기업마당 본문 바로가기 주메뉴 바로가기 기업마당 > 정책정보 > 지원사업 공고 메뉴열기 로그인 정책정보 정책정보 지원사업 공고 품목별 법정의무 인증제도 행사정보 정책뉴스 입법·행정예고/고시 월간 중기누리 활용정보 활용정보 기업업무용 서식 입주기업 모집공고 온라인화상회",,,,,,,https://www.bizinfo.go.kr/sii/siia/selectSIIA200Detail.do?pblancId=PBLN_000000000122761
PBLN_000000000122820,2026년 한국형 ARPA-H 프로젝트 신규지원 대상과제 통합 공고,보건복지부,True,mixed_manual_review,혼합 수기검수,지원 후보가 혼합되어 대표금액/적용방식 수기확인 필요,pending,consulting_fee:1 | support_ratio:1 | total_support_scale:1,3,"1800000.0만원/total_support_scale/review: 평가 결과 등에 따라 변동 가능 임무 RFP 번호 RFP명 지원규모 지원기간 * 선정예정 과제 수 ① 보건 안보 1 장기 면역 유도 백신 플랫폼 개발 총 18,000백만원 이내 연간 최대 4 || 1800000.0만원/consulting_fee/recommend_only: 5+2+1) 이내 3개 이내 5 양자센싱 기반 초고감도/조기진단 기술개발 총 18,000백만원 이내 연간 최대 4 || None만원/support_ratio/ratio_cap: 2026년 한국형 ARPA-H 프로젝트 신규지원 대상과제 통합 공고 보건복지부 기업마당>정책정보>지원사업 공고 기업마당 본문 바로가기 주메뉴 바로가기 기업마당 > 정책정보 > 지원사업 공고 메뉴열기 로그인 정책정보 정책정보 지원사업 공고 품목별 법정의무 인증제도 행사정보 정책뉴스 입법·행정예고/고시 월간 중기누리 활용정보 활용정보 기업업무용 서식 입주기업 모집공고 온라인화상회의실 정책정보 개",,,,,,,https://www.bizinfo.go.kr/sii/siia/selectSIIA200Detail.do?pblancId=PBLN_000000000122820
PBLN_000000000122891,2026년 2차 전력정보화 및 정책지원사업(신재생에너지 분야) 신규지원 대상과제 공고,기후에너지환경부,True,ratio_only,지원비율만 있음,지원비율만 있어 금액 대표값은 만들 수 없음,pending,support_ratio:1,1,None만원/support_ratio/ratio_cap: 2026년 2차 전력정보화 및 정책지원사업(신재생에너지 분야) 신규지원 대상과제 공고 기후에너지환경부 기업마당>정책정보>지원사업 공고 기업마당 본문 바로가기 주메뉴 바로가기 기업마당 > 정책정보 > 지원사업 공고 메뉴열기 로그인 정책정보 정책정보 지원사업 공고 품목별 법정의무 인증제도 행사정보 정책뉴스 입법·행정예고/고시 월간 중기누리 활용정보 활용정보 기업업무용 서식 입주기업 모집공고 온라,,,,,,,https://www.bizinfo.go.kr/sii/siia/selectSIIA200Detail.do?pblancId=PBLN_000000000122891
PBLN_000000000122942,[세종] 조달청 다수공급자계약(MAS) 활용 컨설팅 지원사업 공고,세종특별자치시,True,recommend_only_payload,비현금/수수료/컨설팅성,비현금/수수료/컨설팅성 지원이라 ROI 직접 차감은 불가,pending,consulting_fee:2,2,200.0만원/consulting_fee/recommend_only: 공장등록증 등 제조 및 생산을 증명 가능한 기업에 한함 ☞ 조달청 다수공급자계약 제도를 활용한 나라장터 종합 쇼핑몰 제품 등록 컨설팅 지원 - 지원대상 업체로 선정시200만원 상당의 MAS등록 컨설팅비 지원 - 기업당 1개품명 || 200.0만원/consulting_fee/recommend_only: 공장등록증등제조및생산을증명가능한기업에한함 ❍ 선정기업 : 3개 기업 *선착순접수순마감 ❍ 지원내용 : 조달청 다수공급자계약 제도를 활용한 나라장터 종합쇼핑몰 제품 등록 컨설팅*지원대상업체로선정시200만원상당의MAS등록컨설팅비지원*기업당1개품명,,,,,,,https://www.bizinfo.go.kr/sii/siia/selectSIIA200Detail.do?pblancId=PBLN_000000000122942
PBLN_000000000122968,2026년 2차 안전일터 조성지원 사업 수정 공고,고용노동부,True,manual_representative_recoverable,대표금액 회수 가능 후보,현금성/바우처 후보가 있어 수기검수로 대표금액 회수 가능,pending,non_cash:1 | subsidy:3 | support_amount:1 | support_ratio:1,6,"3000.0만원/subsidy/subtract: 감독 또는 공단 및 민간위탁기관의 기술지원 등에 따라 개선해야 할 사항 중 보조금 지급 등을 통해 시급히 지원할 필요가 있다고 인정되는 사업장을 대상으로 절차 및 제출서류 등을 간소화하여 신속히 지원하는 제도 ㅇ (지원한도) 동일 사업주 또는 법인 당 최대 3,000만원까지 - 기존 보조지원을 받은 경우 || 1000.0만원/subsidy/subtract: 기 지원 보조금을 차감하여 지급 - 아래에 해당하는 경우 각 1천만원까지 추가지원 가능 ①고용증가 사업장(1명당 200만원 범위 || 200.0만원/subsidy/subtract: 기 지원 보조금을 차감하여 지급 - 아래에 해당하는 경우 각 1천만원까지 추가지원 가능 ①고용증가 사업장(1명당 200만원 범위 || 100.0만원/non_cash/recommend_only: 판매)업체별 소요금액 100만원 이상시 제출 해당시(첨부12)⑨ 품목별 안전인증 || 100000.0만원/support_amount/subtract: 운영비 등 지원 제외 ㅇ (지원한도) 산업단지 또는 지식산업센터 당 최대 10억원 한도(공단 판단금액의 50% 지원) || None만원/support_ratio/ratio_cap: 2026년 2차 안전일터 조성지원 사업 수정 공고 고용노동부 기업마당>정책정보>지원사업 공고 기업마당 본문 바로가기 주메뉴 바로가기 기업마당 > 정책정보 > 지원사업 공고 메뉴열기 로그인 정책정보 정책정보 지원사업 공고 품목별 법정의무 인증제도 행사정보 정책뉴스 입법·행정예고/고시 월간 중기누리 활용정보 활용정보 기업업무용 서식 입주기업 모집공고 온라인화상회의실 정책정보 개방 속보성 대시보드",,,,,,,https://www.bizinfo.go.kr/sii/siia/selectSIIA200Detail.do?pblancId=PBLN_000000000122968
PBLN_000000000122997,[강원] 횡성군 2026년 2차 지식재산 첫걸음 지원사업 참여기업 모집 공고,강원특별자치도,True,manual_representative_recoverable,대표금액 회수 가능 후보,현금성/바우처 후보가 있어 수기검수로 대표금액 회수 가능,pending,consulting_fee:2 | non_cash:4 | support_amount:2 | total_support_scale:2,10,"1000.0만원/support_amount/subtract: 현물 15%적용 3) 지원내용 및 규모 구분세부지원내용지원단가 (지원금)지원한도특허특허맵(일반) 10,000 천원 이내기업당2건 이내특허기술 홍보영상 제작 9 || 700.0만원/consulting_fee/recommend_only: 000 천원 이내리뉴얼브랜드개발 7,000 천원 이내 4) 지원절차 공고및접수컨설팅기업선정협력사선정사업 추진 || 130.0만원/non_cash/recommend_only: 디자인) 권리화 지원 1) 지원대상: 횡성군 내 중소기업 2) 지원내용 및 규모 가) 기업당 연간 3건 이내 나) 총액의 90% [기업분담금(현금) : 10%] 구 분특허실용신안상표(브랜드)디자인지원금액(자부담 제외)130만원이내/건90만원이내/건25만원이내/건35만원이내/건 3) 지원 절차 신청서 접수→사전컨설팅→선정평가→지원대상선정및 통보→신청인 →센터담당컨설턴트 || 90.0만원/non_cash/recommend_only: 디자인) 권리화 지원 1) 지원대상: 횡성군 내 중소기업 2) 지원내용 및 규모 가) 기업당 연간 3건 이내 나) 총액의 90% [기업분담금(현금) : 10%] 구 분특허실용신안상표(브랜드)디자인지원금액(자부담 제외)130만원이내/건90만원이내/건25만원이내/건35만원이내/건 3) 지원 절차 신청서 접수→사전컨설팅→선정평가→지원대상선정및 통보→신청인 →센터담당컨설턴트센터센터→신청인 || 25.0만원/non_cash/recommend_only: 디자인) 권리화 지원 1) 지원대상: 횡성군 내 중소기업 2) 지원내용 및 규모 가) 기업당 연간 3건 이내 나) 총액의 90% [기업분담금(현금) : 10%] 구 분특허실용신안상표(브랜드)디자인지원금액(자부담 제외)130만원이내/건90만원이내/건25만원이내/건35만원이내/건 3) 지원 절차 신청서 접수→사전컨설팅→선정평가→지원대상선정및 통보→신청인 →센터담당컨설턴트센터센터→신청인대리인 지정 || 35.0만원/non_cash/recommend_only: 디자인) 권리화 지원 1) 지원대상: 횡성군 내 중소기업 2) 지원내용 및 규모 가) 기업당 연간 3건 이내 나) 총액의 90% [기업분담금(현금) : 10%] 구 분특허실용신안상표(브랜드)디자인지원금액(자부담 제외)130만원이내/건90만원이내/건25만원이내/건35만원이내/건 3) 지원 절차 신청서 접수→사전컨설팅→선정평가→지원대상선정및 통보→신청인 →센터담당컨설턴트센터센터→신청인대리인 지정 || 255.0만원/support_amount/subtract: 디자인) 권리화 지원 1) 지원대상: 횡성군 내 중소기업 2) 지원내용 및 규모 가) 기업당 연간 2건 이내 나) 총액의 70% [기업분담금(현금) : 30%] 구 분 세부사업명지원 규모해외출원지원특허(PCT)2,550천원 이내특허(개별국) 유 럽6 || 280.0만원/consulting_fee/recommend_only: 500천원 이내디자인 2,800천원 이내 3) 지원 절차신청서 접수→사전컨설팅→선정평가→지원대상선정및 통보→신청인 →센터담당컨설턴트센터센터→신청인대리인 지정→출원절차 수행 및 완 || ... 후보 2개 추가",,,,,,,https://www.bizinfo.go.kr/sii/siia/selectSIIA200Detail.do?pblancId=PBLN_000000000122997
PBLN_000000000122998,[강원] 영월군 2026년 2차 지식재산 첫걸음 지원사업 참여기업 모집 공고,강원특별자치도,True,manual_representative_recoverable,대표금액 회수 가능 후보,현금성/바우처 후보가 있어 수기검수로 대표금액 회수 가능,pending,consulting_fee:2 | non_cash:4 | support_amount:2 | total_support_scale:2,10,"1000.0만원/support_amount/subtract: 현물 15% 적용 3) 지원내용 및 규모 氠瑢 구분 세부지원내용 지원단가 (지원금) 지원한도 특허 특허맵(일반) 10,000 천원 이내 기업당 2건 이내 특허기술 홍보영상 제작 9 || 700.0만원/consulting_fee/recommend_only: 000 천원 이내 리뉴얼브랜드개발 7,000 천원 이내 4) 지원절차 氠瑢 공고 및 접수 컨설팅 기업 선정 협력사 선정 사업 추진 || 130.0만원/non_cash/recommend_only: 디자인) 권리화 지원 1) 지원대상: 영월군 내 중소기업 2) 지원내용 및 규모 가) 기업당 연간 3건 이내 나) 총액의 90% [기업분담금(현금) : 10%] 氠瑢 구 분 특허 실용신안 상표(브랜드) 디자인 지원금액 (자부담 제외) 130만원 이내/건 90만원 이내/건 25만원 이내/건 35만원 이내/건 3) 지원 절차 氠瑢 신청서 접수 → 사전컨설팅 → 선정평가 → 지원대상선정 및 || 90.0만원/non_cash/recommend_only: 디자인) 권리화 지원 1) 지원대상: 영월군 내 중소기업 2) 지원내용 및 규모 가) 기업당 연간 3건 이내 나) 총액의 90% [기업분담금(현금) : 10%] 氠瑢 구 분 특허 실용신안 상표(브랜드) 디자인 지원금액 (자부담 제외) 130만원 이내/건 90만원 이내/건 25만원 이내/건 35만원 이내/건 3) 지원 절차 氠瑢 신청서 접수 → 사전컨설팅 → 선정평가 → 지원대상선정 및 통보 || 25.0만원/non_cash/recommend_only: 디자인) 권리화 지원 1) 지원대상: 영월군 내 중소기업 2) 지원내용 및 규모 가) 기업당 연간 3건 이내 나) 총액의 90% [기업분담금(현금) : 10%] 氠瑢 구 분 특허 실용신안 상표(브랜드) 디자인 지원금액 (자부담 제외) 130만원 이내/건 90만원 이내/건 25만원 이내/건 35만원 이내/건 3) 지원 절차 氠瑢 신청서 접수 → 사전컨설팅 → 선정평가 → 지원대상선정 및 통보 || 35.0만원/non_cash/recommend_only: 디자인) 권리화 지원 1) 지원대상: 영월군 내 중소기업 2) 지원내용 및 규모 가) 기업당 연간 3건 이내 나) 총액의 90% [기업분담금(현금) : 10%] 氠瑢 구 분 특허 실용신안 상표(브랜드) 디자인 지원금액 (자부담 제외) 130만원 이내/건 90만원 이내/건 25만원 이내/건 35만원 이내/건 3) 지원 절차 氠瑢 신청서 접수 → 사전컨설팅 → 선정평가 → 지원대상선정 및 통보 || 255.0만원/support_amount/subtract: 디자인) 권리화 지원 1) 지원대상: 영월군 내 중소기업 2) 지원내용 및 규모 가) 기업당 연간 2건 이내 나) 총액의 70% [기업분담금(현금) : 30%] 氠瑢 구 분 세부사업명 지원 규모 해외출원 지원 특허(PCT) 2,550천원 이내 특허(개별국) 유 럽 6 || 280.0만원/consulting_fee/recommend_only: 500천원 이내 디자인 2,800천원 이내 3) 지원 절차 氠瑢 신청서 접수 → 사전컨설팅 → 선정평가 → 지원대상선정 및 통보 → 신청인 → 센터 담당컨설턴트 센터 센터→신청인 || ... 후보 2개 추가",,,,,,,https://www.bizinfo.go.kr/sii/siia/selectSIIA200Detail.do?pblancId=PBLN_000000000122998
PBLN_000000000123029,2026년 2차 차세대 재생에너지 표준화 및 인증고도화 혁신지원 사업 대상과제 공고,기후에너지환경부,True,mixed_manual_review,혼합 수기검수,지원 후보가 혼합되어 대표금액/적용방식 수기확인 필요,pending,non_cash:1 | support_ratio:1,2,30000.0만원/non_cash/recommend_only: 총 300백만원 이내(1차년도) 지원 (단위 : 백만원) 내역사업명 과 제 명 ’26년 사업비 총 사업비 총 사업기간 태양광 혁신기술 표준화 및 인증기반 구축 || None만원/support_ratio/ratio_cap: 2026년 2차 차세대 재생에너지 표준화 및 인증고도화 혁신지원 사업 대상과제 공고 기후에너지환경부 기업마당>정책정보>지원사업 공고 기업마당 본문 바로가기 주메뉴 바로가기 기업마당 > 정책정보 > 지원사업 공고 메뉴열기 로그인 정책정보 정책정보 지원사업 공고 품목별 법정의무 인증제도 행사정보 정책뉴스 입법·행정예고/고시 월간 중기누리 활용정보 활용정보 기업업무용 서식 입주기업 모집공고 온라인,,,,,,,https://www.bizinfo.go.kr/sii/siia/selectSIIA200Detail.do?pblancId=PBLN_000000000123029
PBLN_000000000123103,[전남광주] 로컬콘텐츠 기반 문화상품 개발 컨소시엄(공방&디자인기업) 모집 공고,전남광주통합특별시,True,manual_representative_recoverable,대표금액 회수 가능 후보,현금성/바우처 후보가 있어 수기검수로 대표금액 회수 가능,pending,support_amount:2,2,10.0만원/support_amount/subtract: 지역 고유 웰니스 자원 등을 활용한 소비자가 10만원 이하의 문화상품 개발 및 마케팅 지원 - 상품기획(디자인개발) || 800.0만원/support_amount/subtract: 지식재산권 출원 등 - (상품개발) 과제당 8000천원 - (마케팅) 제품촬영 및 상세페이지 제작 등 온라인 판로를 위한 마케팅 지원 사업신청 방법 이메일 접수(yujeong@gdc,,,,,,,https://www.bizinfo.go.kr/sii/siia/selectSIIA200Detail.do?pblancId=PBLN_000000000123103
PBLN_000000000123119,2026년 바이오프린팅 활용 첨단바이오 활성화 지원사업(시설ㆍ장비 활용) 수혜기업 모집 공고,경상북도,True,mixed_manual_review,혼합 수기검수,지원 후보가 혼합되어 대표금액/적용방식 수기확인 필요,pending,equipment_usage_fee:1 | support_ratio:1,2,1500.0만원/equipment_usage_fee/recommend_only: 개인 또는 법인사업자이며 주사업장(사업자등록증상)이 국내에 주소를 두어야 함 ☞ 바이오프린팅 인공장기 상용화지원센터 시설 및 장비 활용 지원(실비 지급) - 시설 : 바이오프린팅 인공장기 상용화지원센터 시설료(최대 15백만원/개소) - 장비 : 바이오프린팅 인공장기 상용화지원센터 장비 사용료(총사업비 내 || None만원/support_ratio/ratio_cap: 2026년 바이오프린팅 활용 첨단바이오 활성화 지원사업(시설ㆍ장비 활용) 수혜기업 모집 공고 경상북도 기업마당>정책정보>지원사업 공고 기업마당 본문 바로가기 주메뉴 바로가기 기업마당 > 정책정보 > 지원사업 공고 메뉴열기 로그인 정책정보 정책정보 지원사업 공고 품목별 법정의무 인증제도 행사정보 정책뉴스 입법·행정예고/고시 월간 중기누리 활용정보 활용정보 기업업무용 서식 입주기업 모집공고 온라,,,,,,,https://www.bizinfo.go.kr/sii/siia/selectSIIA200Detail.do?pblancId=PBLN_000000000123119
PBLN_000000000123130,2026년 K-온디바이스 AI반도체 기술개발사업 신규 지원대상 연구개발과제 공고,산업통상부,True,ratio_only,지원비율만 있음,지원비율만 있어 금액 대표값은 만들 수 없음,pending,support_ratio:1,1,None만원/support_ratio/ratio_cap: 2026년 K-온디바이스 AI반도체 기술개발사업 신규 지원대상 연구개발과제 공고 산업통상부 기업마당>정책정보>지원사업 공고 기업마당 본문 바로가기 주메뉴 바로가기 기업마당 > 정책정보 > 지원사업 공고 메뉴열기 로그인 정책정보 정책정보 지원사업 공고 품목별 법정의무 인증제도 행사정보 정책뉴스 입법·행정예고/고시 월간 중기누리 활용정보 활용정보 기업업무용 서식 입주기업 모집공고 온라인화상회의실,,,,,,,https://www.bizinfo.go.kr/sii/siia/selectSIIA200Detail.do?pblancId=PBLN_000000000123130
PBLN_000000000123147,2027년 식품소재 및 반가공산업 육성 사업자 선정계획 공고,농림축산식품부,True,ratio_only,지원비율만 있음,지원비율만 있어 금액 대표값은 만들 수 없음,pending,support_ratio:1,1,None만원/support_ratio/ratio_cap: 2027년 식품소재 및 반가공산업 육성 사업자 선정계획 공고 농림축산식품부 기업마당>정책정보>지원사업 공고 기업마당 본문 바로가기 주메뉴 바로가기 기업마당 > 정책정보 > 지원사업 공고 메뉴열기 로그인 정책정보 정책정보 지원사업 공고 품목별 법정의무 인증제도 행사정보 정책뉴스 입법·행정예고/고시 월간 중기누리 활용정보 활용정보 기업업무용 서식 입주기업 모집공고 온라인화상회의실 정책정보 개방,,,,,,,https://www.bizinfo.go.kr/sii/siia/selectSIIA200Detail.do?pblancId=PBLN_000000000123147
PBLN_000000000123148,2026년 2차 조선해양산업기술개발사업 신규지원 대상과제 공고,산업통상부,True,manual_representative_recoverable,대표금액 회수 가능 후보,현금성/바우처 후보가 있어 수기검수로 대표금액 회수 가능,pending,support_amount:12 | support_ratio:1 | total_support_scale:1,14,100000.0만원/support_amount/subtract: 2단계: 4~5차년도 개발기간 각 12개월) ㅇ 정부지원연구개발비 : ’26년 10억원 이내 (총 정부지원연구개발비 90억원 이내) ㅇ 주관연구개발기관 : 비영리기관 ㅇ 정부납부기술료 납부대상 여부 : 비징수 품목번호 2026-2 || 900000.0만원/support_amount/subtract: 2단계: 4~5차년도 개발기간 각 12개월) ㅇ 정부지원연구개발비 : ’26년 10억원 이내 (총 정부지원연구개발비 90억원 이내) ㅇ 주관연구개발기관 : 비영리기관 ㅇ 정부납부기술료 납부대상 여부 : 비징수 품목번호 2026-2차-조선해양산업핵심-02 산업기술분류 || 100000.0만원/support_amount/subtract: 2단계: 4~5차년도 개발기간 각 12개월) ㅇ 정부지원연구개발비 : ’26년 10억원 이내 (총 정부지원연구개발비 85억원 이내) ㅇ 주관연구개발기관 : 중소 || 850000.0만원/support_amount/subtract: 2단계: 4~5차년도 개발기간 각 12개월) ㅇ 정부지원연구개발비 : ’26년 10억원 이내 (총 정부지원연구개발비 85억원 이내) ㅇ 주관연구개발기관 : 중소 || 200000.0만원/support_amount/subtract: 2~4차년도 : 각 12개월) ㅇ 정부지원연구개발비 : ’26년 20억원 이내 (총 정부지원연구개발비 200억원 이내) ㅇ 주관연구개발기관 : 기업 (조선소 참여 필수) ㅇ 정부납부기술료 납부대상 여부 : 징수 품목 || 2000000.0만원/support_amount/subtract: 2~4차년도 : 각 12개월) ㅇ 정부지원연구개발비 : ’26년 20억원 이내 (총 정부지원연구개발비 200억원 이내) ㅇ 주관연구개발기관 : 기업 (조선소 참여 필수) ㅇ 정부납부기술료 납부대상 여부 : 징수 품목번호 2026-2차-조선해양산업핵심-04 || 200000.0만원/support_amount/subtract: 2~4차년도 : 각 12개월) ㅇ 정부지원연구개발비 : ’26년 20억원 이내 (총 정부지원연구개발비 200억원 이내) ㅇ 주관연구개발기관 : 기업 ㅇ 정부납부기술료 납부대상 여부 : 징수 품목번호 2026-2차-조 || 2000000.0만원/support_amount/subtract: 2~4차년도 : 각 12개월) ㅇ 정부지원연구개발비 : ’26년 20억원 이내 (총 정부지원연구개발비 200억원 이내) ㅇ 주관연구개발기관 : 기업 ㅇ 정부납부기술료 납부대상 여부 : 징수 품목번호 2026-2차-조선해양산업핵심-05 산업기술분류 중분류Ⅰ || ... 후보 6개 추가,,,,,,,https://www.bizinfo.go.kr/sii/siia/selectSIIA200Detail.do?pblancId=PBLN_000000000123148
PBLN_000000000123154,2026년 3차 조선해양산업기술개발사업 신규지원 대상과제 공고,산업통상부,True,manual_representative_recoverable,대표금액 회수 가능 후보,현금성/바우처 후보가 있어 수기검수로 대표금액 회수 가능,pending,support_amount:2 | support_ratio:1 | total_support_scale:1,4,297000.0만원/support_amount/subtract: 2단계: 5~7차년도 개발기간 각 12개월) ㅇ 정부지원연구개발비 : ’26년 29.7억원 이내 (총 정부지원연구개발비 421억원 이내) ㅇ 주관연구개발기관 : 비영리기관 ㅇ 정부납부기술료 납부대상 여부 : 징수 관리번호 2026-3 || 4210000.0만원/support_amount/subtract: 7억원 이내 (총 정부지원연구개발비 421억원 이내) ㅇ 주관연구개발기관 : 비영리기관 ㅇ 정부납부기술료 납부대상 여부 : 징수 관리번호 2026-3차-AI완전자율운항-02 산업기술분류 중 || 1585000.0만원/total_support_scale/review: 연구개발비 지원 규모 및 기간세부사업명(내역사업명) 조선해양산업기술개발(AI완전자율운항선박기술개발)공고예산158.5억원신규 지원 연구개발과제12개지원규모연구개발과제별 특성에 따라 달리함(지원대상 사업 및 과제(RFP || None만원/support_ratio/ratio_cap: 2026년 3차 조선해양산업기술개발사업 신규지원 대상과제 공고 산업통상부 기업마당>정책정보>지원사업 공고 기업마당 본문 바로가기 주메뉴 바로가기 기업마당 > 정책정보 > 지원사업 공고 메뉴열기 로그인 정책정보 정책정보 지원사업 공고 품목별 법정의무 인증제도 행사정보 정책뉴스 입법·행정예고/고시 월간 중기누리 활용정보 활용정보 기업업무용 서식 입주기업 모집공고 온라인화상회의실 정책정보 개방 속,,,,,,,https://www.bizinfo.go.kr/sii/siia/selectSIIA200Detail.do?pblancId=PBLN_000000000123154
PBLN_000000000123158,2026년 3차 친환경양식어업육성 사업대상자 모집 재공고(품종별산업화시설지원-친환경개체굴생산지원),해양수산부,True,manual_representative_recoverable,대표금액 회수 가능 후보,현금성/바우처 후보가 있어 수기검수로 대표금액 회수 가능,pending,subsidy:6,6,"100000.0만원/subsidy/subtract: ☞「양식산업발전법」 제10조에 의한 패류 양식업면허 또는「양식산업발전법」제43조에 의한 허가를 받아 경영 중인 어가 -「농어업경영체 육성 및 지원에 관한 법률」제4조에 따른 어업경영정보가 등록되어 있어야 함 ☞ 시설 당 국비기준 최대 1,000백만원 지원 - 폐기물 발생 및 부표 사용량을 저감할 수 있는 친환경 개체굴 공동생산 시설 지원 사업신청 방법 방문 또는 우편 접수 - 접수처 : ( || 100000.0만원/subsidy/subtract: 지원한도액 기준 및 범위 ㅇ 지원한도: 국비기준 개소당 1,000백만원 이내 - 지원한도액을 초과하는 경우에는 사업자의 자부담으로 하며 || 10000.0만원/subsidy/subtract: 검증보고서 (보조금 총액 1억원 이상/민간사업자에 한함) || 100000.0만원/subsidy/subtract: 회계감사 보고서 (보조금 총액 10억원 이상/민간사업자에 한함) * 검증보고서 및 회계감사보고서는 ｢주식회사 등의 외부감사에 관한 법률｣ 제2조 제7항 및 제9조에 따른 감사인으로부 || 350000.0만원/subsidy/subtract: 000백만원)*2차공모선정액을제외한국비잔여사업비3,500백만원한도내모집ㅇ지원한도:시설 당 국비기준 최대 1 || 100000.0만원/subsidy/subtract: 500백만원한도내모집ㅇ지원한도:시설 당 국비기준 최대 1,000백만원ㅇ지원조건-지자체 직접사업:국비 50%",,,,,,,https://www.bizinfo.go.kr/sii/siia/selectSIIA200Detail.do?pblancId=PBLN_000000000123158
PBLN_000000000123188,[경북] 북부 2026년 3차 지식재산 긴급지원 사업 모집 공고,경상북도,True,manual_representative_recoverable,대표금액 회수 가능 후보,현금성/바우처 후보가 있어 수기검수로 대표금액 회수 가능,pending,consulting_fee:1 | subsidy:1 | support_amount:6 | support_ratio:1 | total_support_scale:3,12,"2000.0만원/consulting_fee/recommend_only: 봉화군) 소재 중소기업 (중소기업 기본법 제2조 및 동법 시행령 제3조에 의거) ☞ 기업 당 2,000만원 이내 지원 - 지식재산 전문가의 IP현안 진단을 통해 컨설턴트 직접컨설팅을 제공하고 || 2000.0만원/total_support_scale/review: 천재지변의 경우 일부 절차는 비대면으로 진행될 수 있음 □ 지원규모 o 기업 당 2,000만원 이내(지원금 합산 기준 || 900.0만원/subsidy/subtract: 해외출원비용 등을 지원 氠瑢 구분 세부 사업명 정부지원금 규모 분담금 특 허 특허기술홍보영상제작 9,000천원 이내 40% (현금20%+현물20%) 단 || 600.0만원/support_amount/subtract: 000천원 이내 리뉴얼브랜드개발 6,000천원 이내 국내출원 지원 특허 1 || 180.0만원/support_amount/subtract: 000천원 이내 국내출원 지원 특허 1,800천원 이내 현금 40% 실용신안 1 || 102.0만원/support_amount/subtract: 800천원 이내 현금 40% 실용신안 1,020천원 이내 상표 420천원 이내 디자인 480천원 이내 해외출원 지원 특허(PCT) 2 || 42.0만원/support_amount/subtract: 020천원 이내 상표 420천원 이내 디자인 480천원 이내 해외출원 지원 특허(PCT) 2 || 48.0만원/support_amount/subtract: 020천원 이내 상표 420천원 이내 디자인 480천원 이내 해외출원 지원 특허(PCT) 2 || ... 후보 4개 추가",,,,,,,https://www.bizinfo.go.kr/sii/siia/selectSIIA200Detail.do?pblancId=PBLN_000000000123188
PBLN_000000000123189,[충북] 지능형첨단부품산업의 디지털전환 거점 구축 사업 AI 융합 제품ㆍ솔루션 고도화 지원 수혜기업 모집 공고,산업통상부,True,mixed_manual_review,혼합 수기검수,지원 후보가 혼합되어 대표금액/적용방식 수기확인 필요,pending,support_ratio:1 | total_support_scale:1,2,"4000.0만원/total_support_scale/review: 후 성능 비교 결과보고서q (지원규모) 기업당 최대 40,000천원 이내 * 기업부담금 지원금의 10% 이상 || None만원/support_ratio/ratio_cap: [충북] 지능형첨단부품산업의 디지털전환 거점 구축 사업 AI 융합 제품ㆍ솔루션 고도화 지원 수혜기업 모집 공고 산업통상부 기업마당>정책정보>지원사업 공고 기업마당 본문 바로가기 주메뉴 바로가기 기업마당 > 정책정보 > 지원사업 공고 메뉴열기 로그인 정책정보 정책정보 지원사업 공고 품목별 법정의무 인증제도 행사정보 정책뉴스 입법·행정예고/고시 월간 중기누리 활용정보 활용정보 기업업무용 서식 입",,,,,,,https://www.bizinfo.go.kr/sii/siia/selectSIIA200Detail.do?pblancId=PBLN_000000000123189
PBLN_000000000123192,[경북] 영주시 2026년 3차 지식재산 긴급지원 사업 모집 공고,경상북도,True,manual_representative_recoverable,대표금액 회수 가능 후보,현금성/바우처 후보가 있어 수기검수로 대표금액 회수 가능,pending,consulting_fee:1 | subsidy:1 | support_ratio:1 | total_support_scale:1,4,"2000.0만원/consulting_fee/recommend_only: ☞ 영주시 소재 중소기업 (중소기업 기본법 제2조 및 동법 시행령 제3조에 의거) ☞ 기업 당 2,000만원 이내 지원 - 지식재산 전문가의 IP현안 진단을 통해 컨설턴트 직접컨설팅을 제공하고 || 2000.0만원/total_support_scale/review: 천재지변의 경우 일부 절차는 비대면으로 진행될 수 있음 □ 지원규모 o 기업 당 2,000만원 이내(지원금 합산 기준 || 900.0만원/subsidy/subtract: 해외출원비용 등을 지원 氠瑢 구분 세부 사업명 정부지원금 규모 분담금 특 허 특허기술홍보영상제작 9,000천원 이내 40% (현금20%+현물20%) 단 || None만원/support_ratio/ratio_cap: [경북] 영주시 2026년 3차 지식재산 긴급지원 사업 모집 공고 경상북도 기업마당>정책정보>지원사업 공고 기업마당 본문 바로가기 주메뉴 바로가기 기업마당 > 정책정보 > 지원사업 공고 메뉴열기 로그인 정책정보 정책정보 지원사업 공고 품목별 법정의무 인증제도 행사정보 정책뉴스 입법·행정예고/고시 월간 중기누리 활용정보 활용정보 기업업무용 서식 입주기업 모집공고 온라인화상회의실 정책정보 개방",,,,,,,https://www.bizinfo.go.kr/sii/siia/selectSIIA200Detail.do?pblancId=PBLN_000000000123192
PBLN_000000000123205,[경기] 안양시 2026년 하반기 국내외 IP 출원 및 인증 지원사업 모집 공고,경기도,True,manual_representative_recoverable,대표금액 회수 가능 후보,현금성/바우처 후보가 있어 수기검수로 대표금액 회수 가능,pending,fee:1 | non_cash:5 | support_amount:1,7,2000000.0만원/support_amount/subtract: 아래 요건을 모두 충족하는 기업 ① 소재지 : 안양시 소재 (본사 또는 공장) 중소ㆍ벤처기업 (사업자등록 기준) ② 매출액 : 재무제표 최근 3년 평균 매출액 200억 이하 (상장사ㆍ중견기업 제외) ☞ 국내외 IP 출원 소요비용의 80% 지원 || 0.1만원/fee/review: 상표의 경우 이미지 첨부 경쟁력 및 시장성 상품화 추진계획 출원에 따른 기대효과 소요비용 (VAT 제외) 천원 미만 절사 관 납 료 천원 컨설팅 수수료 천원 기 타1 천원 합 계 천원 氠瑢 [서식 제3호] 지원사업 신청서 (인증) 氠瑢 2026년도 국내외 IP 출원 및 인증 지원사업 (인증) 氠瑢 기업명 사업자등 || 400.0만원/non_cash/recommend_only: 가능예시: 인증분야 내에서 ‘ISO 인증’1건만 지원 가능 ▶ 출원 완료 후 접수 (소요비용 기업 선납) 氠瑢 분 야 내 용 지원비율 지원한도(최대) 지원조건 IP (지식재산권) 해외특허 (개별국 및 PCT) 진흥원 80% 기업부담 20% 400만원/건 [선택1] 연간1건 국내특허 100만원/건 [선택2] 연간2건 실용신안 디자인 및 상표 진흥원 100% 30만원/건 (류 수 무관) ▶ 항 || 100.0만원/non_cash/recommend_only: 가능예시: 인증분야 내에서 ‘ISO 인증’1건만 지원 가능 ▶ 출원 완료 후 접수 (소요비용 기업 선납) 氠瑢 분 야 내 용 지원비율 지원한도(최대) 지원조건 IP (지식재산권) 해외특허 (개별국 및 PCT) 진흥원 80% 기업부담 20% 400만원/건 [선택1] 연간1건 국내특허 100만원/건 [선택2] 연간2건 실용신안 디자인 및 상표 진흥원 100% 30만원/건 (류 수 무관) ▶ 항목 || 30.0만원/non_cash/recommend_only: 가능예시: 인증분야 내에서 ‘ISO 인증’1건만 지원 가능 ▶ 출원 완료 후 접수 (소요비용 기업 선납) 氠瑢 분 야 내 용 지원비율 지원한도(최대) 지원조건 IP (지식재산권) 해외특허 (개별국 및 PCT) 진흥원 80% 기업부담 20% 400만원/건 [선택1] 연간1건 국내특허 100만원/건 [선택2] 연간2건 실용신안 디자인 및 상표 진흥원 100% 30만원/건 (류 수 무관) ▶ 항목 || 400.0만원/non_cash/recommend_only: 가능예시: 인증분야 내에서 ‘ISO 인증’1건만 지원 가능 ▶ 획득(인증) 완료 후 접수 (소요비용 기업 선납) 氠瑢 분 야 내 용 지원비율 지원한도(최대) 지원조건 인증 품질인증 국내 진흥원 80% 기업부담 20% 400만원/건 연간1건 해외 ISO인증 氠瑢 ★ 조건부 인정 제도 운영 - 신청 시점에 인증 미취득 기업은 추진 계획서 및 착수 증빙 (계약서 등) 제출 || 400.0만원/non_cash/recommend_only: 감점 기준에 따른 고득점 기업 순 ▶ 2순위 : 최근 2년간 진흥원 지원사업 수혜이력이 없는 기업 (신규 수혜 우대) ▶ 3순위 : 최근 2년간 지식재산권(특허 등) 등록증 및 인증 다수 보유 기업 ❍ 지급절차 ▶ 지원 대상 기업 개별 통보 (미지원 대상 기업 별도 안내 없음) ▶ 최종 선정 이후 지급 대상 기업에게 지급신청서 별도 메일 송부 예정 氠瑢 Ⅵ 주의사항 ❍ 2026년 회계연도 내,,,,,,,https://www.bizinfo.go.kr/sii/siia/selectSIIA200Detail.do?pblancId=PBLN_000000000123205
PBLN_000000000123210,2026년 2차 국가표준기술력향상사업 신규지원 대상과제 공고,산업통상부,True,manual_representative_recoverable,대표금액 회수 가능 후보,현금성/바우처 후보가 있어 수기검수로 대표금액 회수 가능,pending,support_amount:12 | total_support_scale:1,13,1000.0만원/support_amount/subtract: 2~4차년도:각12개월)ㅇ 정부지원연구개발비:’26년0.1억원이내(총정부지원연구개발비0 || 7000.0만원/support_amount/subtract: 1억원이내(총정부지원연구개발비0.7억원이내)ㅇ단계구분:1단계(1~2차년도) || 8550.0만원/support_amount/subtract: 2~4차년도:각12개월)ㅇ 정부지원연구개발비:’26년0.855억원이내(총정부지원연구개발비5 || 59850.0만원/support_amount/subtract: 855억원이내(총정부지원연구개발비5.985억원이내)ㅇ단계구분:1단계(1~2차년도) || 6000.0만원/support_amount/subtract: 2~5차년도:각12개월)ㅇ 정부지원연구개발비:’26년0.6억원이내(총정부지원연구개발비5 || 54000.0만원/support_amount/subtract: 6억원이내(총정부지원연구개발비5.4억원이내)ㅇ단계구분:1단계(1~2차년도) || 8350.0만원/support_amount/subtract: 2~4차년도:각12개월)ㅇ 정부지원연구개발비:’26년0.835억원이내(총정부지원연구개발비5 || 58450.0만원/support_amount/subtract: 835억원이내(총정부지원연구개발비5.845억원이내)ㅇ단계구분:1단계(1~2차년도) || ... 후보 5개 추가,,,,,,,https://www.bizinfo.go.kr/sii/siia/selectSIIA200Detail.do?pblancId=PBLN_000000000123210
PBLN_000000000123247,[경남] 고성군 2026년 3차 시군구연고산업육성사업 지원기업 모집 공고,중소벤처기업부,True,manual_representative_recoverable,대표금액 회수 가능 후보,현금성/바우처 후보가 있어 수기검수로 대표금액 회수 가능,pending,consulting_fee:1 | equipment_usage_fee:1 | non_cash:1 | support_amount:2,5,"500.0만원/consulting_fee/recommend_only: 스마트화를 위한 전문가 자문 및 컨설팅 비용 지원 생산성 향상 및 공정 혁신을 위한 전문가 자문 및 컨설팅 비용 지원 5백만원 10% 사업화 지원 시험 인증 지원 조선 기자재 각종 선급인증 || 1000.0만원/non_cash/recommend_only: 국제규격 취득 비용 지원 지원 조선업 기업 각종 인증 비용 지원 10백만원 10% 외국 인력 관련 지원 외국인 우수인력 채용 지원 외국인 기량 검증 및 인력(E7 비자) 채용을 위한 각종 경비 지원 및 현지 채용 면접 || 200.0만원/equipment_usage_fee/recommend_only: 국제규격 취득 비용 지원 지원 조선업 기업 각종 인증 비용 지원 10백만원 10% 외국 인력 관련 지원 외국인 우수인력 채용 지원 외국인 기량 검증 및 인력(E7 비자) 채용을 위한 각종 경비 지원 및 현지 채용 면접 참가 비용 지원 외국인(E7 비자) 채용 관련 기업체 인원 국외 출장비 및 체류비 지원 2백만원 10% 지침서 번역 지원 외국인 생산인력 신속 현장 적응 지원을 위한 지침서 || 2500.0만원/support_amount/subtract: 기업 자부담 비율은 부가세 제외 금액에 대한 자부담 비율임 □ 지원방법 : ㅇ (지원 금액) 기업별 신청서 및 사업계획서에 따라 프로그램별 최대 지원금액 내 지원 * 지원 프로그램에 따라 지원 금액의 10% 기업 자부담 매칭 필수 * 예시 : 지원금 25백만원 + 기업부담금(10%) 2 || 3000.0만원/support_amount/subtract: 사업 결과보고서 제출 - ④ 경남TP → 수혜기업 최종 결과 평가 후 지원금 지급 30,000천원 氠瑢 3 신청자격 □ 지원대상: 아래 가지 요건을 모두 충족하는 기업 ㅇ 사업장(본사",,,,,,,https://www.bizinfo.go.kr/sii/siia/selectSIIA200Detail.do?pblancId=PBLN_000000000123247
PBLN_000000000123261,[인천] 2026년 우수디자인 시제품개발지원사업 모집 공고,인천광역시,True,manual_representative_recoverable,대표금액 회수 가능 후보,현금성/바우처 후보가 있어 수기검수로 대표금액 회수 가능,pending,support_amount:2 | support_ratio:1,3,"2500.0만원/support_amount/subtract: 개발비용 : 부가세를 제외한 공급가액 최대 2,500만원 한도 워킹목업제작 최대 800만원 한도 2) 타지역 소재 제작기업 매칭 과제 氠瑢 개발분야 지원비율 지원금액 금형제작 개발비용의 70% || 800.0만원/support_amount/subtract: 500만원 한도 워킹목업제작 최대 800만원 한도 2) 타지역 소재 제작기업 매칭 과제 氠瑢 개발분야 지원비율 지원금액 금형제작 개발비용의 70% || None만원/support_ratio/ratio_cap: [인천] 2026년 우수디자인 시제품개발지원사업 모집 공고 인천광역시 기업마당>정책정보>지원사업 공고 기업마당 본문 바로가기 주메뉴 바로가기 기업마당 > 정책정보 > 지원사업 공고 메뉴열기 로그인 정책정보 정책정보 지원사업 공고 품목별 법정의무 인증제도 행사정보 정책뉴스 입법·행정예고/고시 월간 중기누리 활용정보 활용정보 기업업무용 서식 입주기업 모집공고 온라인화상회의실 정책정보 개방 속보성",,,,,,,https://www.bizinfo.go.kr/sii/siia/selectSIIA200Detail.do?pblancId=PBLN_000000000123261
PBLN_000000000123267,2026년 제5차 바이오ㆍ의료기술개발 사업 신규과제 공고,과학기술정보통신부,True,manual_representative_recoverable,대표금액 회수 가능 후보,현금성/바우처 후보가 있어 수기검수로 대표금액 회수 가능,pending,subsidy:1 | support_amount:4 | support_ratio:1,6,"44297600.0만원/subsidy/subtract: 줄기세포 등 국민 생명과 건강에 직결된 바이오 및 첨단의료 분야 핵심원천기술 확보 및 실용화 지원□사업기간/예산(정부출연금):’04년~계속 /’26년 4,429.76억원□사업 내용ㅇ신약 || 50000.0만원/support_amount/subtract: 연구 개발 결과의 활용 방안 및 기대 효과 까지 내용을 과제 규모에 따라 아래 분량에 맞춰 작성12개월 기준 정부지원연구개발비 규모(주관+공동 기준) 계획서 분량주관연구개발기관공동연구개발기관연 5억원 미만60쪽 이내15쪽 이내연 5억원 이상 20억원 미만100쪽 이내20쪽 이내연 20억원 이상제한 없음제한 없음 || 50000.0만원/support_amount/subtract: 연구 개발 결과의 활용 방안 및 기대 효과 까지 내용을 과제 규모에 따라 아래 분량에 맞춰 작성12개월 기준 정부지원연구개발비 규모(주관+공동 기준) 계획서 분량주관연구개발기관공동연구개발기관연 5억원 미만60쪽 이내15쪽 이내연 5억원 이상 20억원 미만100쪽 이내20쪽 이내연 20억원 이상제한 없음제한 없음 || 200000.0만원/support_amount/subtract: 연구 개발 결과의 활용 방안 및 기대 효과 까지 내용을 과제 규모에 따라 아래 분량에 맞춰 작성12개월 기준 정부지원연구개발비 규모(주관+공동 기준) 계획서 분량주관연구개발기관공동연구개발기관연 5억원 미만60쪽 이내15쪽 이내연 5억원 이상 20억원 미만100쪽 이내20쪽 이내연 20억원 이상제한 없음제한 없음 || 200000.0만원/support_amount/subtract: 연구 개발 결과의 활용 방안 및 기대 효과 까지 내용을 과제 규모에 따라 아래 분량에 맞춰 작성12개월 기준 정부지원연구개발비 규모(주관+공동 기준) 계획서 분량주관연구개발기관공동연구개발기관연 5억원 미만60쪽 이내15쪽 이내연 5억원 이상 20억원 미만100쪽 이내20쪽 이내연 20억원 이상제한 없음제한 없음 || None만원/support_ratio/ratio_cap: 2026년 제5차 바이오ㆍ의료기술개발 사업 신규과제 공고 과학기술정보통신부 기업마당>정책정보>지원사업 공고 기업마당 본문 바로가기 주메뉴 바로가기 기업마당 > 정책정보 > 지원사업 공고 메뉴열기 로그인 정책정보 정책정보 지원사업 공고 품목별 법정의무 인증제도 행사정보 정책뉴스 입법·행정예고/고시 월간 중기누리 활용정보 활용정보 기업업무용 서식 입주기업 모집공고 온라인화상회의실 정책정보 개방",,,,,,,https://www.bizinfo.go.kr/sii/siia/selectSIIA200Detail.do?pblancId=PBLN_000000000123267
PBLN_000000000123284,2026년 고용노동부(안전보건공단) 연계 스마트 안전장비지원 품목 등록 시행계획 공고,과학기술정보통신부,True,manual_representative_recoverable,대표금액 회수 가능 후보,현금성/바우처 후보가 있어 수기검수로 대표금액 회수 가능,pending,support_amount:1,1,"3000.0만원/support_amount/subtract: 중소기업기본법 상 소기업 규모 이하 사업장 노동시장 이중구조 개선을 위한 상생 협약을 체결한 협력업체로서 중소기업기본법 상 중소기업 규모 이하 사업장 사업개요1 지원대상2 지원품목5 지원금액 및 절차3 신청기간 및 방법4 지원금액 : 동일 사업주 또는 법인 당 최대 3,000만원까지(공단 판단금액의 최대 80%)",,,,,,,https://www.bizinfo.go.kr/sii/siia/selectSIIA200Detail.do?pblancId=PBLN_000000000123284
PBLN_000000000123299,2026년 수요맞춤형 전기구동 경형 PBV 개발 지원기반 구축사업 기업지원 프로그램(기술자문) 추가 모집 공고,강원특별자치도,True,recommend_only_payload,비현금/수수료/컨설팅성,비현금/수수료/컨설팅성 지원이라 ROI 직접 차감은 불가,pending,consulting_fee:1 | non_cash:1,2,"300.0만원/non_cash/recommend_only: ☞ 자동차 소재ㆍ부품 제조 및 전환 예정 또는 접목 가능 기업 ☞ 기술자문(지도) 기업당 3,000천원 지원 || 300.0만원/consulting_fee/recommend_only: 기업당 3,000천원단위 사업명세 부 내 용기술자문(지도)m 지원 내용 - 요청 분야 전문가 매칭(기업 요청 전문가가 있을시 우선 매칭) - 컨설팅 비용(전문가 활",,,,,,,https://www.bizinfo.go.kr/sii/siia/selectSIIA200Detail.do?pblancId=PBLN_000000000123299
PBLN_000000000123354,[부산] 2026년 도시형소공인 맞춤형 패키지 지원사업 모집 공고,부산광역시,True,total_scale_manual_review,지원규모 계열 검수,지원규모 계열만 있어 기업당/과제당 한도 여부 수기확인 필요,pending,total_support_scale:1,1,"450.0만원/total_support_scale/review: 총 16일 ◦ 지원규모 : 최대 4,500,000원(市 80%",,,,,,,https://www.bizinfo.go.kr/sii/siia/selectSIIA200Detail.do?pblancId=PBLN_000000000123354
PBLN_000000000123371,[경남] 사천시ㆍ진주시 2026년 2차 우주ㆍ항공 제조기업 대상 DX 기반 품질ㆍ공정 개선 및 생산성 향상을 위한 무료 컨설팅 및 전문인력양성 지원사업 공고,산업통상부,True,manual_representative_recoverable,대표금액 회수 가능 후보,현금성/바우처 후보가 있어 수기검수로 대표금액 회수 가능,pending,consulting_fee:2 | education_fee:1 | non_cash:1 | support_amount:3 | support_ratio:1,8,"1500.0만원/consulting_fee/recommend_only: 중견 제조기업 대상 제조 공정 전주기* 디지털 전환(DX) 컨설팅 지원 - 기업당 제조 공정 전주기 분야별 최대 2회 지원 가능(예산 소진 시 마감) - 최대 1,500만원 지원(컨설팅 자문료 및 재료비) 氠瑢 구분 컨설팅 지원 내용 컨설팅 지원 (최대 3개월) 지원 내용 (예시) 공정 병목 및 불량 원인 분석 검 || 300.0만원/consulting_fee/recommend_only: 학사 학위 이상 및 DX 관련 컨설팅 경력 보유자 지원 예산 전문가 자문료 최대 300만원 지원 || 50.0만원/non_cash/recommend_only: 자문 50만원/회 * 6회 (경력에 따른 차등 지급) || 500.0만원/support_amount/subtract: 한국전자기술연구원 보유 인력 활용 및 기술지원 가능 지원 예산 재료비 최대 500만원 지원 || 700.0만원/support_amount/subtract: 일부 우수 성과 도출 기업에 한해 재료비 최대 700만원 추가 지원 (예산 소진 시 조기 마감) || 300.0만원/education_fee/recommend_only: 8시간 이상 교육 수료 - 강사료 최대 300만원 지원(이 외 SW 임차비 || 300.0만원/support_amount/subtract: 교재비 등 일체 지원) 氠瑢 구분 지원 내용 지원 예산 강사료 최대 300만원 지원 (예시 || None만원/support_ratio/ratio_cap: [경남] 사천시ㆍ진주시 2026년 2차 우주ㆍ항공 제조기업 대상 DX 기반 품질ㆍ공정 개선 및 생산성 향상을 위한 무료 컨설팅 및 전문인력양성 지원사업 공고 산업통상부 기업마당>정책정보>지원사업 공고 기업마당 본문 바로가기 주메뉴 바로가기 기업마당 > 정책정보 > 지원사업 공고 메뉴열기 로그인 정책정보 정책정보 지원사업 공고 품목별 법정의무 인증제도 행사정보 정책뉴스 입법·행정예고/고시 월간",,,,,,,https://www.bizinfo.go.kr/sii/siia/selectSIIA200Detail.do?pblancId=PBLN_000000000123371
PBLN_000000000123374,[전남] 첨단로봇ㆍAI 활용 중소기업 제조혁신 사업 기업지원(실증지원) 모집 공고,전라남도,True,mixed_manual_review,혼합 수기검수,지원 후보가 혼합되어 대표금액/적용방식 수기확인 필요,pending,support_ratio:1 | total_support_scale:1,2,21000.0만원/total_support_scale/review: 로봇 대표공정모델 실증 및 보급 확산을 통한 도내 첨단로봇기업의 제조혁신 경쟁력 향상 도모 ㅇ (지원규모) 2.1억원 ㅇ (지원기간) 협약일로부터 ~ 2026 || None만원/support_ratio/ratio_cap: [전남] 첨단로봇ㆍAI 활용 중소기업 제조혁신 사업 기업지원(실증지원) 모집 공고 전라남도 기업마당>정책정보>지원사업 공고 기업마당 본문 바로가기 주메뉴 바로가기 기업마당 > 정책정보 > 지원사업 공고 메뉴열기 로그인 정책정보 정책정보 지원사업 공고 품목별 법정의무 인증제도 행사정보 정책뉴스 입법·행정예고/고시 월간 중기누리 활용정보 활용정보 기업업무용 서식 입주기업 모집공고 온라인화상회의실,,,,,,,https://www.bizinfo.go.kr/sii/siia/selectSIIA200Detail.do?pblancId=PBLN_000000000123374
PBLN_000000000123377,[전남] 첨단로봇ㆍAI 활용 중소기업 제조혁신 사업 기업지원(기획 컨설팅) 모집 공고,전라남도,True,manual_representative_recoverable,대표금액 회수 가능 후보,현금성/바우처 후보가 있어 수기검수로 대표금액 회수 가능,pending,consulting_fee:2 | subsidy:2 | support_amount:2 | support_ratio:1,7,"400.0만원/support_amount/subtract: 자료조사 및 분석비용 등 기획 비용 지원 (기업당 최대 4백만원) 사업신청 방법 온라인 접수(전남테크노파크 데이터플랫폼) 사업신청 사이트 온라인신청 바로가기 문의처 (사업 담당) 전남테크노파크 ICT로봇융합 || 0.0만원/subsidy/subtract: 예정 사업규모를 작성 총 00억원 (국비 00억원 || 0.0만원/subsidy/subtract: 예정 사업규모를 작성 총 00억원 (국비 00억원 || 0.0만원/consulting_fee/recommend_only: 민감부담 00억원) 컨설팅 명 수행기간 협약일로부터 ∼ 2026 || 400.0만원/support_amount/subtract: 사 업 비 원 (최대 4,000,000원) 추진배경 및 지원 필요성 || 400.0만원/consulting_fee/recommend_only: ྠ Ā ྠ Ā ྠ Ā 2026년 6월 17일 (재)전남테크노파크원장 灳瑣 지원개요 ㅇ (지원목적) 도내 첨단로봇 기업의 제조혁신 경쟁력 향상 도모를 위한 로봇 도입 및 확산사업 등 제조로봇 관련 사업 기획 컨설팅 지원 ㅇ (지원규모) 총 10개사 내외 (기업당 최대 4백만원) * 기업부담금 없음 ㅇ (지원기간) 협약일로부터 ~ 2026 || None만원/support_ratio/ratio_cap: [전남] 첨단로봇ㆍAI 활용 중소기업 제조혁신 사업 기업지원(기획 컨설팅) 모집 공고 전라남도 기업마당>정책정보>지원사업 공고 기업마당 본문 바로가기 주메뉴 바로가기 기업마당 > 정책정보 > 지원사업 공고 메뉴열기 로그인 정책정보 정책정보 지원사업 공고 품목별 법정의무 인증제도 행사정보 정책뉴스 입법·행정예고/고시 월간 중기누리 활용정보 활용정보 기업업무용 서식 입주기업 모집공고 온라인화상회",,,,,,,https://www.bizinfo.go.kr/sii/siia/selectSIIA200Detail.do?pblancId=PBLN_000000000123377
PBLN_000000000123381,[강원] 2026년 2차 지역주력산업육성(지역특화 프로젝트 레전드 50+) 지원모집 공고(강원 2.0 퀀텀점프),중소벤처기업부,True,manual_representative_recoverable,대표금액 회수 가능 후보,현금성/바우처 후보가 있어 수기검수로 대표금액 회수 가능,pending,consulting_fee:2 | non_cash:1 | support_amount:1 | total_support_scale:1,5,"35000.0만원/total_support_scale/review: (재)강원테크노파크원장 지원개요◦(지원규모)총 350,000천원(국비)-1차 223 || 1000.0만원/non_cash/recommend_only: 웹/앱 등) 등5개월10,000천원인증(국내/국외) || 1000.0만원/consulting_fee/recommend_only: 제품 시장진입을 위한 시장조사 지원 등 5개월10,000천원컨설팅 || 500.0만원/consulting_fee/recommend_only: 경영 컨설팅 지원 등5개월5,000천원전시회(국내/국외) || 2000.0만원/support_amount/subtract: 기업은 2개 프로그램 내에서 신청 가능(지원한도: 총20,000천원 이내) - 2 - ◦(신청자격)강원지역 지역특화 프로젝트에 선정된 참여기업 * 지역특화 프로젝트 레전드 50+2",,,,,,,https://www.bizinfo.go.kr/sii/siia/selectSIIA200Detail.do?pblancId=PBLN_000000000123381
PBLN_000000000123387,[경기] 안양시 2026년 우수기업 선정 공고,경기도,True,ratio_only,지원비율만 있음,지원비율만 있어 금액 대표값은 만들 수 없음,pending,support_ratio:1,1,None만원/support_ratio/ratio_cap: [경기] 안양시 2026년 우수기업 선정 공고 경기도 기업마당>정책정보>지원사업 공고 기업마당 본문 바로가기 주메뉴 바로가기 기업마당 > 정책정보 > 지원사업 공고 메뉴열기 로그인 정책정보 정책정보 지원사업 공고 품목별 법정의무 인증제도 행사정보 정책뉴스 입법·행정예고/고시 월간 중기누리 활용정보 활용정보 기업업무용 서식 입주기업 모집공고 온라인화상회의실 정책정보 개방 속보성 대시보드 고객알,,,,,,,https://www.bizinfo.go.kr/sii/siia/selectSIIA200Detail.do?pblancId=PBLN_000000000123387
PBLN_000000000123389,2026년 3차 광주 차세대 지능형 반도체 적용 온디바이스 AI 스케일업 밸리 육성 사업 성장스케일업 지원 수혜기업 추가모집 통합 공고(딥테크 스케일업 밸리 육성사업),과학기술정보통신부,True,mixed_manual_review,혼합 수기검수,지원 후보가 혼합되어 대표금액/적용방식 수기확인 필요,pending,consulting_fee:3 | total_support_scale:2,5,"300.0만원/consulting_fee/recommend_only: 컨설팅 지원(최대 3,000천원/건) || 300.0만원/consulting_fee/recommend_only: 지원내용 구분지원프로그램지원규모(VAT제외)성장스케일업지원 프로그램 1) 국산 NPU 활용지원최대 3,000천원/건2) 지식재산권 확보지원3) 컨설팅 지원 || 300.0만원/total_support_scale/review: 수상 실적 등 - 6 - 【지원프로그램 상세 안내 1】 국산 NPU 활용 지원지원프로그램국산 NPU 활용 지원수행기간협약일 ~ ‘26년 11월 20일까지지원규모최대 3,000천원/건1 || 300.0만원/total_support_scale/review: 검증 계획을 포함하여 작성 - 7 - 【지원프로그램 상세 안내 2】 지식재산권 확보 지원지원프로그램지식재산권 확보 지원수행기간협약일 ~ ‘26년 11월 20일까지지원규모최대 3,000천원/건1 || 20.0만원/consulting_fee/recommend_only: 지원금 집행은 결과물 검토를 통해 전문가에게 직접 지원방식 - 결과물: 컨설팅 보고서 등 - 전문가 컨설팅 비용 : 20만원/2시간(1회)",,,,,,,https://www.bizinfo.go.kr/sii/siia/selectSIIA200Detail.do?pblancId=PBLN_000000000123389
PBLN_000000000123398,[경북] 2026년 4차산업혁명 핵심기술개발사업(혁신기술R&D) 지원사업 공고,경상북도,True,manual_representative_recoverable,대표금액 회수 가능 후보,현금성/바우처 후보가 있어 수기검수로 대표금액 회수 가능,pending,support_amount:2 | support_ratio:1 | total_support_scale:1,4,50000.0만원/total_support_scale/review: □ 지원규모 및 연구개발비 구성 ◦ 연구개발비 지원규모 氠瑢 지원 규모 - 500백만원 지원 기업수 - 5개사(단년 3개사 || 10000.0만원/support_amount/subtract: 다년 2개사) * 접수결과에 따른 단년 또는 다년의 지원기업 수 변동 가능 단년도(12개월) - 기업당 연간 최대 100백만원 지원 예정 다년도(24개월) - 기업당 연간 최대 100백만원 지원 예정(2차년도 예산은 `27년 확정예정) || 10000.0만원/support_amount/subtract: 다년 2개사) * 접수결과에 따른 단년 또는 다년의 지원기업 수 변동 가능 단년도(12개월) - 기업당 연간 최대 100백만원 지원 예정 다년도(24개월) - 기업당 연간 최대 100백만원 지원 예정(2차년도 예산은 `27년 확정예정) || None만원/support_ratio/ratio_cap: [경북] 2026년 4차산업혁명 핵심기술개발사업(혁신기술R&D) 지원사업 공고 경상북도 기업마당>정책정보>지원사업 공고 기업마당 본문 바로가기 주메뉴 바로가기 기업마당 > 정책정보 > 지원사업 공고 메뉴열기 로그인 정책정보 정책정보 지원사업 공고 품목별 법정의무 인증제도 행사정보 정책뉴스 입법·행정예고/고시 월간 중기누리 활용정보 활용정보 기업업무용 서식 입주기업 모집공고 온라인화상회의실 정,,,,,,,https://www.bizinfo.go.kr/sii/siia/selectSIIA200Detail.do?pblancId=PBLN_000000000123398
PBLN_000000000123399,[경북] 2026년 소공인 클린제조환경조성 사업 모집 공고,경상북도,True,manual_representative_recoverable,대표금액 회수 가능 후보,현금성/바우처 후보가 있어 수기검수로 대표금액 회수 가능,pending,support_amount:5 | support_ratio:1,6,"630.0만원/support_amount/subtract: 산업폐기물 처리 등 지원50개사내외630만원이내270만원 이상고위험업종*** 1 || 270.0만원/support_amount/subtract: 산업폐기물 처리 등 지원50개사내외630만원이내270만원 이상고위험업종*** 1 || 1050.0만원/support_amount/subtract: 산업폐기물 처리 등 지원50개사내외630만원이내270만원 이상고위험업종*** 1,050만원이내450만원이상에너지효율 || 490.0만원/support_amount/subtract: 공사 지원490만원이내210만원이상 * 본 사업과 무관한 단순 장비 교체 || 210.0만원/support_amount/subtract: 공사 지원490만원이내210만원이상 * 본 사업과 무관한 단순 장비 교체 || None만원/support_ratio/ratio_cap: [경북] 2026년 소공인 클린제조환경조성 사업 모집 공고 경상북도 기업마당>정책정보>지원사업 공고 기업마당 본문 바로가기 주메뉴 바로가기 기업마당 > 정책정보 > 지원사업 공고 메뉴열기 로그인 정책정보 정책정보 지원사업 공고 품목별 법정의무 인증제도 행사정보 정책뉴스 입법·행정예고/고시 월간 중기누리 활용정보 활용정보 기업업무용 서식 입주기업 모집공고 온라인화상회의실 정책정보 개방 속보성",,,,,,,https://www.bizinfo.go.kr/sii/siia/selectSIIA200Detail.do?pblancId=PBLN_000000000123399
PBLN_000000000123415,[경북] 2026년 소공인 스마트제조지원(스마트공방)사업 모집 공고,경상북도,True,ratio_only,지원비율만 있음,지원비율만 있어 금액 대표값은 만들 수 없음,pending,support_ratio:1,1,None만원/support_ratio/ratio_cap: [경북] 2026년 소공인 스마트제조지원(스마트공방)사업 모집 공고 경상북도 기업마당>정책정보>지원사업 공고 기업마당 본문 바로가기 주메뉴 바로가기 기업마당 > 정책정보 > 지원사업 공고 메뉴열기 로그인 정책정보 정책정보 지원사업 공고 품목별 법정의무 인증제도 행사정보 정책뉴스 입법·행정예고/고시 월간 중기누리 활용정보 활용정보 기업업무용 서식 입주기업 모집공고 온라인화상회의실 정책정보 개방,,,,,,,https://www.bizinfo.go.kr/sii/siia/selectSIIA200Detail.do?pblancId=PBLN_000000000123415
PBLN_000000000123416,[경북] 영천시 2026년 2차 중소기업 혁신기술개발 지원사업 공고,경상북도,True,manual_representative_recoverable,대표금액 회수 가능 후보,현금성/바우처 후보가 있어 수기검수로 대표금액 회수 가능,pending,non_cash:1 | support_amount:3,4,"5000.0만원/support_amount/subtract: R&D 사업 지원  Scale-up R&D 1) 지원 내용 : 아이디어 단계의 신제품개발 또는 제품고도화를 위한 연구개발 과제 2) 지원 대상 : 선정 후 협약 기업 단독 3) 지원금 : 최대 50,000천원(지원금의 20% 이상 현금 기업 부담) 4) 추진 절차 氠瑢 모집 공고 ⇨ 선정 평가 ⇨ 과제 협약 ⇨ 사업수행 ⇨ 결과 평가 (6~7월) ( || 3500.0만원/support_amount/subtract: 000천원(지원금의 20% 이상 현금 기업 부담) 4) 추진 절차 氠瑢 모집 공고 ⇨ 선정 평가 ⇨ 과제 협약 ⇨ 사업수행 ⇨ 결과 평가 (6~7월) (7월) (별도 공지) (8월~11월) (11월) 지원대상기업 현장실태조사 및 대면발표평가 협약 체결 사업수행 및 현장모니터링 (필수) 대면발표평가  상용화 R&D 1) 지원 내용 : 보유중인 기술(제품)을 대상으로 상용화 목적의 기술개발 과 || 2000.0만원/support_amount/subtract: 특허 등 지원 2) 지원 대상 : 선정 후 협약 기업 단독 3) 지원금 : 최대 20,000천원(지원금의 20% 이상 현금 기업 부담) 4) 추진절차 氠瑢 모집 공고 ⇨ 선정 평가 ⇨ 과제 협약 ⇨ 사업수행 ⇨ 결과 평가 ⇨ 사업비 지급 || 2500.0만원/non_cash/recommend_only: 기업 현황 氠瑢 기업 현황 기업현황 매출 고용 지원현황 구 분 매출(억) 고용(명) 본 사업 지원 현항 2025년 150 25 2024년 2023년 비R&D-25백만원 재무현황 (2025년) 부채비율 : (부채총계/자본총계×100%) 유동비율 : (유동자산/유동부채×100%) 기업인증 벤쳐기업( ) 이노비즈(",,,,,,,https://www.bizinfo.go.kr/sii/siia/selectSIIA200Detail.do?pblancId=PBLN_000000000123416
PBLN_000000000123417,[경북] 영천시 2026년 2차 중소기업 고부가가치 전환육성 지원사업 공고,경상북도,True,manual_representative_recoverable,대표금액 회수 가능 후보,현금성/바우처 후보가 있어 수기검수로 대표금액 회수 가능,pending,non_cash:1 | support_amount:2,3,"2500.0만원/non_cash/recommend_only: 기업 현황 氠瑢 기업 현황 기업현황 매출 고용 지원현황 구 분 매출(억) 고용(명) 본 사업 지원 현항 2025년 150 25 2024년 2023년 비R&D-25백만원 재무현황 (2025년) 부채비율 : (부채총계/자본총계×100%) 유동비율 : (유동자산/유동부채×100%) 기업인증 벤쳐기업( ) 이노비즈( || 10000.0만원/support_amount/subtract: R&D 사업 지원 □ 시제품 개발형 기술 개발 1) 지원 내용 : 영천시 중소기업의 연구개발을 통해 미래의 시장 진출을 준비하기 위한 고부가가치 사업화 기술 개발 지원 2) 지원 대상 : 선정 후 협약 기업 단독 3) 지원금 : 최대 100,000천원(지원금의 20% 이상 현금 기업 부담) 4) 추진 절차 氠瑢 모집 공고 ⇨ 선정 평가 ⇨ 과제 협약 ⇨ 사업수행 ⇨ 결과 평가 (6~7월) ( || 4000.0만원/support_amount/subtract: 비R&D 사업 지원 □ 제품 고급화를 위한 시제품 제작 지원 1) 지원 내용 : 영천시 중소기업의 신규 시장 진출을 준비하기 위한 양산화 단계의 시제품 고급화 제작 지원비 지원 2) 지원 대상 : 선정 후 협약 기업 단독 3) 지원금 : 최대 40,000천원(지원금의 20% 이상 현금 기업 부담) 4) 추진절차 氠瑢 모집 공고 ⇨ 선정 평가 ⇨ 과제 협약 ⇨ 사업수행 ⇨ 결과 평가 ⇨ 사업비",,,,,,,https://www.bizinfo.go.kr/sii/siia/selectSIIA200Detail.do?pblancId=PBLN_000000000123417
PBLN_000000000123419,2026년 소공인 클린제조환경조성사업 추가 모집 공고,중소벤처기업부,True,manual_representative_recoverable,대표금액 회수 가능 후보,현금성/바우처 후보가 있어 수기검수로 대표금액 회수 가능,pending,support_amount:10 | support_ratio:1,11,"630.0만원/support_amount/subtract: 산업폐기물 처리 등 지원 500개사 내외 630만원 이내 270만원 이상 고위험업종 *** 50개사 내외 1 || 270.0만원/support_amount/subtract: 산업폐기물 처리 등 지원 500개사 내외 630만원 이내 270만원 이상 고위험업종 *** 50개사 내외 1 || 1050.0만원/support_amount/subtract: 산업폐기물 처리 등 지원 500개사 내외 630만원 이내 270만원 이상 고위험업종 *** 50개사 내외 1,050만원 이내 450만원 이상 에너지효율 || 490.0만원/support_amount/subtract: 공사 지원 350개사 내외 490만원 이내 210만원 이상 * 본 사업과 무관한 단순 장비 교체 || 210.0만원/support_amount/subtract: 공사 지원 350개사 내외 490만원 이내 210만원 이상 * 본 사업과 무관한 단순 장비 교체 || 630.0만원/support_amount/subtract: 산업폐기물 처리 등 지원500개사내외630만원이내270만원 이상고위험업종*** 50개사내외1 || 270.0만원/support_amount/subtract: 산업폐기물 처리 등 지원500개사내외630만원이내270만원 이상고위험업종*** 50개사내외1 || 1050.0만원/support_amount/subtract: 산업폐기물 처리 등 지원500개사내외630만원이내270만원 이상고위험업종*** 50개사내외1,050만원이내450만원이상에너지효율 || ... 후보 3개 추가",,,,,,,https://www.bizinfo.go.kr/sii/siia/selectSIIA200Detail.do?pblancId=PBLN_000000000123419
PBLN_000000000123421,"2026년 중소기업기술혁신개발사업 글로벌선도기술개발(함께달리기, 이어달리기) 시행계획 공고",중소벤처기업부,True,manual_representative_recoverable,대표금액 회수 가능 후보,현금성/바우처 후보가 있어 수기검수로 대표금액 회수 가능,pending,loan:1 | support_amount:4 | support_ratio:1 | total_support_scale:2,8,"50000.0만원/loan/exclude: 5억원) 일반 융자연계형 소부장 구조혁신 내역사업 내내역사업 글로벌선도 기술개발 수출지향형 (2년 || 166000.0만원/total_support_scale/review: `26년 지원내용 □ (사업목적) 중소기업의 글로벌 시장확대와 기술경쟁력 강화를 위해 전략 기술개발 및 글로벌 기술협력을 통한 R&D지원으로 중소기업의 혁신성장 촉진 □ (지원규모) 16.6 억원 내외 (10개 과제 내외) 내역사업 구분 지원규모 수출지향형 함께달리기 예산 8 || 83000.0만원/total_support_scale/review: 6 억원 내외 (10개 과제 내외) 내역사업 구분 지원규모 수출지향형 함께달리기 예산 8.3억원 이내 과제수 5개 과제 이어달리기 예산 8 || 50000.0만원/support_amount/subtract: 접수 결과에 따라 추가공고 가능 □ (지원조건) 연구개발비의 65%이내 (연차별 최대 5억원 이내) 내역 사업 개발기간 및 지원한도 정부지원 연구개발비 비중 * 지원방식 수출지향형 함께달리기 최대 2년 || 3000.0만원/support_amount/subtract: 시스템 입력사항 3) 연구시설ㆍ장비 구축ㆍ운영계획 (해당 시 작성합니다) (1) 연구시설ㆍ장비 구축계획(구축비용이 3천만원 이상인 경우에는 필수로 작성합니다) (단위: 천원) 연구개발기관명 연구시설ㆍ장비명 현금/현물 구분 구축방식 * 규격 수량 구축비용 구축기간 설 || 50000.0만원/support_amount/subtract: 청년인력 의무채용 □ 정부지원연구개발비 비례 청년인력 의무채용 ◦ 과제 당 정부지원연구개발비 중 기업 지원금액 합계가 5억원 이상인 경우 || 50000.0만원/support_amount/subtract: 군 복무 기간에 비례하여 최대 만 39세까지 인정) - (적용 대상) 정부지원연구개발비를 5억원 이상 지원받는 중소기업 - 1년 이상 고용을 유지해야하며 || None만원/support_ratio/ratio_cap: 2026년 중소기업기술혁신개발사업 글로벌선도기술개발(함께달리기, 이어달리기) 시행계획 공고 중소벤처기업부 기업마당>정책정보>지원사업 공고 기업마당 본문 바로가기 주메뉴 바로가기 기업마당 > 정책정보 > 지원사업 공고 메뉴열기 로그인 정책정보 정책정보 지원사업 공고 품목별 법정의무 인증제도 행사정보 정책뉴스 입법·행정예고/고시 월간 중기누리 활용정보 활용정보 기업업무용 서식 입주기업 모집공고",,,,,,,https://www.bizinfo.go.kr/sii/siia/selectSIIA200Detail.do?pblancId=PBLN_000000000123421
PBLN_000000000123427,[경기] 안산시 2026년 로봇직업교육센터 구축사업 제조기업 로봇공정 성능개선 지원사업 공고,경기도,True,mixed_manual_review,혼합 수기검수,지원 후보가 혼합되어 대표금액/적용방식 수기확인 필요,pending,support_ratio:1 | total_support_scale:1,2,"4000.0만원/total_support_scale/review: (지원규모) - (제조기업) 로봇공정 성능개선 3개 과제 ☞ 기업당 최대 40,000천원 지원 || None만원/support_ratio/ratio_cap: [경기] 안산시 2026년 로봇직업교육센터 구축사업 제조기업 로봇공정 성능개선 지원사업 공고 경기도 기업마당>정책정보>지원사업 공고 기업마당 본문 바로가기 주메뉴 바로가기 기업마당 > 정책정보 > 지원사업 공고 메뉴열기 로그인 정책정보 정책정보 지원사업 공고 품목별 법정의무 인증제도 행사정보 정책뉴스 입법·행정예고/고시 월간 중기누리 활용정보 활용정보 기업업무용 서식 입주기업 모집공고 온라인",,,,,,,https://www.bizinfo.go.kr/sii/siia/selectSIIA200Detail.do?pblancId=PBLN_000000000123427
PBLN_000000000123433,2026년 K-바이오헬스 지역ㆍ전략센터 연계ㆍ협력 지원사업 참여기업 모집 공고,충청북도,True,mixed_manual_review,혼합 수기검수,지원 후보가 혼합되어 대표금액/적용방식 수기확인 필요,pending,equipment_usage_fee:1 | non_cash:1 | support_ratio:1,3,"500.0만원/equipment_usage_fee/recommend_only: 지원규모분야내용규모금액(기업당)비고공용장비활용지원-R&D 및 시제품 개발을 위한 타 권역 K-바이오헬스 지역센터* 공용장비 사용 수수료 지원2개사 최대 5,000천원장비사용확인서 || 1000.0만원/non_cash/recommend_only: 화학적 분석 등 인증‧인허가에 필요한 시험검사‧분석 지원4개사최대 10,000천원시험‧평가 성적서 등*대전테크노파크 || None만원/support_ratio/ratio_cap: 2026년 K-바이오헬스 지역ㆍ전략센터 연계ㆍ협력 지원사업 참여기업 모집 공고 충청북도 기업마당>정책정보>지원사업 공고 기업마당 본문 바로가기 주메뉴 바로가기 기업마당 > 정책정보 > 지원사업 공고 메뉴열기 로그인 정책정보 정책정보 지원사업 공고 품목별 법정의무 인증제도 행사정보 정책뉴스 입법·행정예고/고시 월간 중기누리 활용정보 활용정보 기업업무용 서식 입주기업 모집공고 온라인화상회의실 정",,,,,,,https://www.bizinfo.go.kr/sii/siia/selectSIIA200Detail.do?pblancId=PBLN_000000000123433
PBLN_000000000123447,[전북] 2026년 특화역량 BI 지원사업 AI-R&D 부스팅 프로그램 참여기업 모집 공고,중소벤처기업부,True,manual_representative_recoverable,대표금액 회수 가능 후보,현금성/바우처 후보가 있어 수기검수로 대표금액 회수 가능,pending,support_amount:3 | support_ratio:1,4,200.0만원/support_amount/subtract: 정부R&D과제기획지원3개사내외기업당최대200만원Adv-MVP제작지원제품기능 || 300.0만원/support_amount/subtract: 시제품고도화및사업화지원4개사내외기업당최대300만원 || 300.0만원/support_amount/subtract: Adv-MVP제작지원은공급가액기준최대300만원까지지원하며 || None만원/support_ratio/ratio_cap: [전북] 2026년 특화역량 BI 지원사업 AI-R&D 부스팅 프로그램 참여기업 모집 공고 중소벤처기업부 기업마당>정책정보>지원사업 공고 기업마당 본문 바로가기 주메뉴 바로가기 기업마당 > 정책정보 > 지원사업 공고 메뉴열기 로그인 정책정보 정책정보 지원사업 공고 품목별 법정의무 인증제도 행사정보 정책뉴스 입법·행정예고/고시 월간 중기누리 활용정보 활용정보 기업업무용 서식 입주기업 모집공고,,,,,,,https://www.bizinfo.go.kr/sii/siia/selectSIIA200Detail.do?pblancId=PBLN_000000000123447
PBLN_000000000123448,해오름 이차전지 기업지원(비즈협력ㆍ스케일업) 수혜기업 모집 공고(해오름동맹 첨단이차전지 연대협력사업),경상북도,True,ratio_only,지원비율만 있음,지원비율만 있어 금액 대표값은 만들 수 없음,pending,support_ratio:1,1,None만원/support_ratio/ratio_cap: 해오름 이차전지 기업지원(비즈협력ㆍ스케일업) 수혜기업 모집 공고(해오름동맹 첨단이차전지 연대협력사업) 경상북도 기업마당>정책정보>지원사업 공고 기업마당 본문 바로가기 주메뉴 바로가기 기업마당 > 정책정보 > 지원사업 공고 메뉴열기 로그인 정책정보 정책정보 지원사업 공고 품목별 법정의무 인증제도 행사정보 정책뉴스 입법·행정예고/고시 월간 중기누리 활용정보 활용정보 기업업무용 서식 입주기업 모집,,,,,,,https://www.bizinfo.go.kr/sii/siia/selectSIIA200Detail.do?pblancId=PBLN_000000000123448
PBLN_000000000123451,바이오의약품 소재부품장비 기업지원 프로그램 모집 공고,산업통상부,True,recommend_only_payload,비현금/수수료/컨설팅성,비현금/수수료/컨설팅성 지원이라 ROI 직접 차감은 불가,pending,consulting_fee:2,2,"1000.0만원/consulting_fee/recommend_only: ① 컨설팅, 기술지도 수요기업이 컨설팅 공급 기업과 매칭 후 지원 1건, 건당 10백만원 내외 ② 시험·평가·인증 참고용 성적서 발행 공인성적서 효력 없음 ③ 시험분석 || 1000.0만원/consulting_fee/recommend_only: 센터① 컨설팅, 기술지도-수요기업이 컨설팅 공급 기업과 매칭 후 지원1건, 건당 10백만원 내외② 시험·평가·인증-참고용 성적서 발행공 인 성 적 서 효 력 없 음③ 시험",,,,,,,https://www.bizinfo.go.kr/sii/siia/selectSIIA200Detail.do?pblancId=PBLN_000000000123451
PBLN_000000000123459,[경북] 2026년 4차 푸드테크 스마트 제조 기반 구축 사업 재공고,경상북도,True,mixed_manual_review,혼합 수기검수,지원 후보가 혼합되어 대표금액/적용방식 수기확인 필요,pending,loan:1 | non_cash:1 | support_ratio:1,3,"80000.0만원/loan/exclude: 체 등 생산설비에 소요되는 자금 장기저리, 융자 지원 * 금리 2.5%(변동), 8억원(시설)/3년거치, 5년 균등분할 * 사업장 신축 및 부지매입비, 공장매입비, 사 || 400.0만원/non_cash/recommend_only: 수출 적합성 검토 인증비용 - 최대 4백만원 || None만원/support_ratio/ratio_cap: [경북] 2026년 4차 푸드테크 스마트 제조 기반 구축 사업 재공고 경상북도 기업마당>정책정보>지원사업 공고 기업마당 본문 바로가기 주메뉴 바로가기 기업마당 > 정책정보 > 지원사업 공고 메뉴열기 로그인 정책정보 정책정보 지원사업 공고 품목별 법정의무 인증제도 행사정보 정책뉴스 입법·행정예고/고시 월간 중기누리 활용정보 활용정보 기업업무용 서식 입주기업 모집공고 온라인화상회의실 정책정보 개",,,,,,,https://www.bizinfo.go.kr/sii/siia/selectSIIA200Detail.do?pblancId=PBLN_000000000123459
PBLN_000000000123466,2026년 지능형 반도체 개발ㆍ실증지원 고신뢰 반도체 상용화를 위한 검증ㆍ확인 지원사업 기업 지원 프로그램 통합 공고,산업통상부,True,mixed_manual_review,혼합 수기검수,지원 후보가 혼합되어 대표금액/적용방식 수기확인 필요,pending,equipment_usage_fee:1 | support_ratio:1,2,"1500.0만원/equipment_usage_fee/recommend_only: 검증ㆍ확인 관련 시제품 제작15,000천원고신뢰 반도체 검증지원센터 장비 활용고신뢰 반도체 검증지원센터 장비 활용 || None만원/support_ratio/ratio_cap: 2026년 지능형 반도체 개발ㆍ실증지원 고신뢰 반도체 상용화를 위한 검증ㆍ확인 지원사업 기업 지원 프로그램 통합 공고 산업통상부 기업마당>정책정보>지원사업 공고 기업마당 본문 바로가기 주메뉴 바로가기 기업마당 > 정책정보 > 지원사업 공고 메뉴열기 로그인 정책정보 정책정보 지원사업 공고 품목별 법정의무 인증제도 행사정보 정책뉴스 입법·행정예고/고시 월간 중기누리 활용정보 활용정보 기업업무용",,,,,,,https://www.bizinfo.go.kr/sii/siia/selectSIIA200Detail.do?pblancId=PBLN_000000000123466
PBLN_000000000123468,2026년 에너지신산업 개방형 혁신생태계 OpenLAB 조성사업 기업지원사업 수혜기업모집 공고,산업통상부,True,manual_representative_recoverable,대표금액 회수 가능 후보,현금성/바우처 후보가 있어 수기검수로 대표금액 회수 가능,pending,non_cash:1 | support_amount:3 | total_support_scale:2,6,"21700.0만원/total_support_scale/review: 11월 ❍ 지원규모 및 지원대상 : 총 217,000천원 ① R&D 세부 1 || 3000.0만원/total_support_scale/review: 2026년 까 지 국 내 에 본 사/지 사 설 립 필 수)1건최대 30,000천원 ❍ 지원분야 및 내용 - (광주테크노파크) R&D 연계 파일럿 기술개발 및 기술지원구 분지원대상지원내용지원규모 R&D 연계 파일럿 기술개발 지 || 2000.0만원/support_amount/subtract: S/W 설계비 등 지원 최대20,000천원R&D장비 공동활용배터리 || 6500.0만원/non_cash/recommend_only: GS 인증65,000천 원 내외 지원w국내‧외(PCT || 2200.0만원/support_amount/subtract: 해당 국가 언어별) 제작최대22,000천 원 내외 지원해외기업 국내 정착 지원R&D 세부 1 || 3000.0만원/support_amount/subtract: / 최대 30,000천원 이내 지원",,,,,,,https://www.bizinfo.go.kr/sii/siia/selectSIIA200Detail.do?pblancId=PBLN_000000000123468
PBLN_000000000123470,[대구] 2026년 2차 AI솔루션 실증 참여기업 모집 공고(지역특화 제조데이터 활성화 사업),중소벤처기업부,True,recommend_only_payload,비현금/수수료/컨설팅성,비현금/수수료/컨설팅성 지원이라 ROI 직접 차감은 불가,pending,consulting_fee:1,1,13000.0만원/consulting_fee/recommend_only: 31 1.3억원이내정 부 지 원 금 의 30% 현금 매칭□신청대상 ◦2025년 컨설팅(데이터진단)지원 수혜기업 신청,,,,,,,https://www.bizinfo.go.kr/sii/siia/selectSIIA200Detail.do?pblancId=PBLN_000000000123470
PBLN_000000000123478,[부산] 2026년 2차 연구개발장비 공동활용 지원사업 공고(장비사용료 지원사업 안내),부산광역시,True,recommend_only_payload,비현금/수수료/컨설팅성,비현금/수수료/컨설팅성 지원이라 ROI 직접 차감은 불가,pending,equipment_usage_fee:1,1,600.0만원/equipment_usage_fee/recommend_only: 공장 또는 연구소 등 사업자등록증 상 소재지가 확인되는 기업 ☞ 부산테크노파크 연구개발장비 사용에 따른 장비사용료 지원 - 기업당 장비사용료의 60%(기업당 연 최대 6백만원 내 지원(최대 3회 분할 신청 가능) 지원 사업신청 방법 이메일 접수 ➀ 공동활용 연구장비 목록[첨부1] 확인 후,,,,,,,https://www.bizinfo.go.kr/sii/siia/selectSIIA200Detail.do?pblancId=PBLN_000000000123478
PBLN_000000000123504,[서남권] 2026년 2차 지역혁신클러스터육성(비R&D) 기업지원사업 모집 공고,전남광주통합특별시,True,manual_representative_recoverable,대표금액 회수 가능 후보,현금성/바우처 후보가 있어 수기검수로 대표금액 회수 가능,pending,fee:3 | non_cash:3 | support_amount:8 | support_ratio:1 | total_support_scale:5,20,"0.0만원/fee/review: 최근 3년에 종료된 국가연구개발과제 수행현황 기재 漠杳 Ⅴ 소요예산 氠瑢 항목 세부내역 소요예산 연 구 활 동 비 외부 위탁 수수료 사업동향 분석 조사 예시) 00000 조사 * 2회 * 0000천원 회의비 회의비 및 다과비 예시) 회의비 30천원/인 * 0인 * 0회 전문가 자문료 자문위원회 개최 예시) 0명 * 0회 * 0000천원 기술세미나 개최비 회의장 사용료 || 1.0만원/fee/review: 회의자료 등) 예시) 기획보고서 제본 00부 * 10천원 여비 예시) 0명 * 0회 * 0000천원 정산수수료 회계정산비(400 || 0.0만원/fee/review: 회의자료 등) 예시) 기획보고서 제본 00부 * 10천원 여비 예시) 0명 * 0회 * 0000천원 정산수수료 회계정산비(400 || 3000.0만원/total_support_scale/review: 프로그램 접수시 서남권 지역혁신융복합단지 확인 후 지원기관에 접수 □ 지원프로그램 및 유형 氠瑢 지원기관 지원유형 지원규모 전남 융복합단지 전남지역 산업진흥원 R&D 사전기획 30,000천원 이내 기술 || 1000.0만원/non_cash/recommend_only: 사업화 지원 기술지도 10,000천원 이내 인증지원 10 || 1000.0만원/non_cash/recommend_only: 000천원 이내 인증지원 10,000천원 이내 IP&D 전략지원 10 || 1000.0만원/support_amount/subtract: 000천원 이내 IP&D 전략지원 10,000천원 이내 디지털지원 및 제품고급화 10 || 1000.0만원/support_amount/subtract: 000천원 이내 디지털지원 및 제품고급화 10,000천원 이내 R&D 연계지원 30 || ... 후보 12개 추가",,,,,,,https://www.bizinfo.go.kr/sii/siia/selectSIIA200Detail.do?pblancId=PBLN_000000000123504
PBLN_000000000123512,[경북] 2026년 지역 연계 미드폼 제작지원 사업 공고(경북콘텐츠코리아랩 운영사업),경상북도,True,manual_representative_recoverable,대표금액 회수 가능 후보,현금성/바우처 후보가 있어 수기검수로 대표금액 회수 가능,pending,support_amount:2 | support_ratio:1,3,"18800.0만원/support_amount/subtract: 각 편의 주요 내용 및 전개가 포함되도록 작성 氠瑢 慤桥 지역 연계 미드폼 제작지원 지원금 활용계획서 [서식 3] 지원금 활용계획서 氠瑢 총 지원금 188,000,000원 氠瑢 비목 세목 세세목 비율 집 행 목 적 산 출 내 역 금액(원) 인건비 보수 보수 7 || 1000.0만원/support_amount/subtract: 지원금 총액이 10백만원 미만인 사업 4 || None만원/support_ratio/ratio_cap: [경북] 2026년 지역 연계 미드폼 제작지원 사업 공고(경북콘텐츠코리아랩 운영사업) 경상북도 기업마당>정책정보>지원사업 공고 기업마당 본문 바로가기 주메뉴 바로가기 기업마당 > 정책정보 > 지원사업 공고 메뉴열기 로그인 정책정보 정책정보 지원사업 공고 품목별 법정의무 인증제도 행사정보 정책뉴스 입법·행정예고/고시 월간 중기누리 활용정보 활용정보 기업업무용 서식 입주기업 모집공고 온라인화상회",,,,,,,https://www.bizinfo.go.kr/sii/siia/selectSIIA200Detail.do?pblancId=PBLN_000000000123512
PBLN_000000000123520,[제주] 2026년 2차 지역기업 성장사다리 지원사업 공고,중소벤처기업부,True,manual_representative_recoverable,대표금액 회수 가능 후보,현금성/바우처 후보가 있어 수기검수로 대표금액 회수 가능,pending,consulting_fee:1 | support_amount:3 | total_support_scale:1,5,"12000.0만원/total_support_scale/review: 제주테크노파크원장 지원개요◦(지원규모)총 약 1.2억원◦(지원대상 및 프로그램) 총 2개 지원 프로그램 || 5000.0만원/support_amount/subtract: 기업당최대총50,000천원규모안에지원프로그램중복신청가능 || 1120.4만원/consulting_fee/recommend_only: 컨설팅*전 분야 AI활용 가능 1개사내외협약일~11.2040백만원붙임참조지역스타기업지원2개사내외 || 4000.0만원/support_amount/subtract: 지원금의 10% 이상 기업부담금 설정 ◦ (지원대상) 제주스타기업 9개사 또는 예비선도기업(신규)지원프로그램지원대상대상자격기업수기업당 지원금액지역스타기업지원제주지역스타기업제주스타기업 (`22년 지정기업 9개사)2개사 내외40백만원 이내예비선도기업지원예비선도기업전년도 매출액 60억 이상1개사 내외 || 600000.0만원/support_amount/subtract: 지원금의 10% 이상 기업부담금 설정 ◦ (지원대상) 제주스타기업 9개사 또는 예비선도기업(신규)지원프로그램지원대상대상자격기업수기업당 지원금액지역스타기업지원제주지역스타기업제주스타기업 (`22년 지정기업 9개사)2개사 내외40백만원 이내예비선도기업지원예비선도기업전년도 매출액 60억 이상1개사 내외",,,,,,,https://www.bizinfo.go.kr/sii/siia/selectSIIA200Detail.do?pblancId=PBLN_000000000123520
PBLN_000000000123526,[충남] 2026년 산학연 협동프로그램 참여기업 지원사업 모집 재공고(테크노파크 생산장비 고도화),충청남도,True,mixed_manual_review,혼합 수기검수,지원 후보가 혼합되어 대표금액/적용방식 수기확인 필요,pending,support_ratio:1 | total_support_scale:1,2,"200.0만원/total_support_scale/review: 선정기업은 지원로드맵 수립을 위한 PM제도 의무 참여 ❍ (지원규모) 20개사 ❍ (기업부담금) 현금 2,000천원 || None만원/support_ratio/ratio_cap: [충남] 2026년 산학연 협동프로그램 참여기업 지원사업 모집 재공고(테크노파크 생산장비 고도화) 충청남도 기업마당>정책정보>지원사업 공고 기업마당 본문 바로가기 주메뉴 바로가기 기업마당 > 정책정보 > 지원사업 공고 메뉴열기 로그인 정책정보 정책정보 지원사업 공고 품목별 법정의무 인증제도 행사정보 정책뉴스 입법·행정예고/고시 월간 중기누리 활용정보 활용정보 기업업무용 서식 입주기업 모집공고",,,,,,,https://www.bizinfo.go.kr/sii/siia/selectSIIA200Detail.do?pblancId=PBLN_000000000123526
PBLN_000000000123542,[충남] 2026년 미래차전환 종합지원사업 기업지원(R&D) 프로그램 모집 공고,충청남도,True,mixed_manual_review,혼합 수기검수,지원 후보가 혼합되어 대표금액/적용방식 수기확인 필요,pending,guarantee:3 | non_cash:1,4,10000.0만원/non_cash/recommend_only: 인증 등 사업화 단계 지원(R&D) - 기업별 총 연구개발비 1억원 이내 지원 사업신청 방법 이메일 및 방문 또는 우편 접수 - 접수처 : 충남테크노파크 그린산업본부 미래자동차센터 - 이메일 : yskwon@c || 10000.0만원/guarantee/exclude: 인증 등 사업화 단계 지원(R&D)ㅇ지원규모 :기업별 총 연구개발비 1억원 이내 지원 * R&D 자금 예산편성기준에 따라 작성 필수 * 선정 완료 후 R&D 자금 신청시 신청금액에 해당하는 보증보험제출 필수 ㅇ지원기간 || 10000.0만원/guarantee/exclude: 협약 후 사업추진 등 * 기업별 최대한도 1억원 지원(협약관련 서류로서 1억원 이행보증보험증권 발급 및 제출 필수) * 이행보증보험증권 발급은 기업 자부담으로 발급 필수 ㅇ지원과제구분프로그램 || 10000.0만원/guarantee/exclude: 협약 후 사업추진 등 * 기업별 최대한도 1억원 지원(협약관련 서류로서 1억원 이행보증보험증권 발급 및 제출 필수) * 이행보증보험증권 발급은 기업 자부담으로 발급 필수 ㅇ지원과제구분프로그램명 세부 항목 구성 연구개발 지,,,,,,,https://www.bizinfo.go.kr/sii/siia/selectSIIA200Detail.do?pblancId=PBLN_000000000123542
PBLN_000000000123549,[경기] 용인시 제2차 반도체기업 기술보호 지원사업 모집 공고,경기도,True,manual_representative_recoverable,대표금액 회수 가능 후보,현금성/바우처 후보가 있어 수기검수로 대표금액 회수 가능,pending,support_amount:4,4,2000.0만원/support_amount/subtract: 2천만 원 이상 사업에 추가 지원 불가 (빨간색 표기) ex) A사업 선정(지원금 2천만원) → B사업(지원금 3천만원) 신청 불가 || 2000.0만원/support_amount/subtract: 2천만 원 이상 사업에 추가 지원 불가 (빨간색 표기) ex) A사업 선정(지원금 2천만원) → B사업(지원금 3천만원) 신청 불가 || 3000.0만원/support_amount/subtract: 2천만 원 이상 사업에 추가 지원 불가 (빨간색 표기) ex) A사업 선정(지원금 2천만원) → B사업(지원금 3천만원) 신청 불가 || 500.0만원/support_amount/subtract: C사업(지원금 5백만원) 신청 가능 - 당해연도 기준 동일 사업에 1회만 수혜 가능 ex) 상반기 A사업 선정 → 하반기 A사업 신청 불가,,,,,,,https://www.bizinfo.go.kr/sii/siia/selectSIIA200Detail.do?pblancId=PBLN_000000000123549
PBLN_000000000123569,[충북] 2026년 제조 AI 현장 적용 지원 사업 수혜기업 모집 연장 공고,중소벤처기업부,True,total_scale_manual_review,지원규모 계열 검수,지원규모 계열만 있어 기업당/과제당 한도 여부 수기확인 필요,pending,total_support_scale:1,1,8000.0만원/total_support_scale/review: 제지q (지원규모) 기업당 최대 80백만원 이내,,,,,,,https://www.bizinfo.go.kr/sii/siia/selectSIIA200Detail.do?pblancId=PBLN_000000000123569
PBLN_000000000123593,[비수도권] 2026년 3차 지능형 반도체 시험분석ㆍ성능검증 지원 지원기업 모집 공고,산업통상부,True,mixed_manual_review,혼합 수기검수,지원 후보가 혼합되어 대표금액/적용방식 수기확인 필요,pending,equipment_usage_fee:2 | non_cash:3 | support_ratio:1,6,"1000.0만원/equipment_usage_fee/recommend_only: 시험분석ㆍ성능검증 지원 (기업당 최대 1,000만원 지원) - (시험분석 서비스) 기술원이 보유한 시험분석 장비와 전문인력을 통한 시험분석 지원 - (시험분석ㆍ성능검증) 팹리스 기업이 개발한 지 || 1000.0만원/equipment_usage_fee/recommend_only: 000천원(100%)기업부담금0천원(0%)합 계10,000천원(100%)신청항목[필수]시험분석 서비스 지원■스마트 센서 검사 시스템 활용 시험분석□전파시험(EMC) 장비 활용 시험분석[선택]간접지원 (비용 || 1000.0만원/non_cash/recommend_only: )경북대학교시험분석(oo칩)성공10,000천원천원 다 || 45000.0만원/non_cash/recommend_only: 5억원3억원4.5억원신규고용1명2명3명 정보 이용 동의서 경북대학교 첨단정보통신융합산업기술원은 『2026년 지능형 반도체 시험분석 || 1000.0만원/non_cash/recommend_only: 제품의 시험분석 및 성능검증(인증) 지원간접지원(비용)최대10,000천원 4 || None만원/support_ratio/ratio_cap: [비수도권] 2026년 3차 지능형 반도체 시험분석ㆍ성능검증 지원 지원기업 모집 공고 산업통상부 기업마당>정책정보>지원사업 공고 기업마당 본문 바로가기 주메뉴 바로가기 기업마당 > 정책정보 > 지원사업 공고 메뉴열기 로그인 정책정보 정책정보 지원사업 공고 품목별 법정의무 인증제도 행사정보 정책뉴스 입법·행정예고/고시 월간 중기누리 활용정보 활용정보 기업업무용 서식 입주기업 모집공고 온라인화상",,,,,,,https://www.bizinfo.go.kr/sii/siia/selectSIIA200Detail.do?pblancId=PBLN_000000000123593
PBLN_000000000123596,[서울ㆍ경기ㆍ인천ㆍ강원] 2026년 중소기업 AI활용 도입을 위한 AI훈련 참여기업 모집 공고,고용노동부,True,recommend_only_payload,비현금/수수료/컨설팅성,비현금/수수료/컨설팅성 지원이라 ROI 직접 차감은 불가,pending,education_fee:1,1,"783.0만원/education_fee/recommend_only: 업 등의 경우에는 20인 미만도 가능) ☞ 컨설팅 비용 100% , 기업당 최대 783만원, 실무 중심 AI 프로젝트 교육 지원 ※ 자세한 지원내용 공고문 참조 사업신청",,,,,,,https://www.bizinfo.go.kr/sii/siia/selectSIIA200Detail.do?pblancId=PBLN_000000000123596
PBLN_000000000123622,[전북] 2026년 전주1인창조기업지원센터 선택형 지원사업 공고,전북특별자치도,True,manual_representative_recoverable,대표금액 회수 가능 후보,현금성/바우처 후보가 있어 수기검수로 대표금액 회수 가능,pending,support_amount:8 | support_ratio:1,9,"500.0만원/support_amount/subtract: 졸업기업은 [지식재산권획득] 분야만 신청 가능 ☞ 총 11개 과제 내외 사업화 지원금 입주기업 당 최대 5백만원 - 졸업기업 [지식재산권획득] 분야 최대 1백만원 || 100.0만원/support_amount/subtract: 졸업기업은 [지식재산권획득] 분야만 신청 가능 ☞ 총 11개 과제 내외 사업화 지원금 입주기업 당 최대 5백만원 - 졸업기업 [지식재산권획득] 분야 최대 1백만원 || 400.0만원/support_amount/subtract: 00 홈페이지 신청 내용 시제품제작(최대 4백만원) 牭景 신규 시제품 제작 牭景 기존 제품 고도화 제작 마케팅지원(최대 4백만원) 牭景 CI || 400.0만원/support_amount/subtract: 00 홈페이지 신청 내용 시제품제작(최대 4백만원) 牭景 신규 시제품 제작 牭景 기존 제품 고도화 제작 마케팅지원(최대 4백만원) 牭景 CI || 500.0만원/support_amount/subtract: 자진퇴거기업(2년 미만 입주 후 퇴실한 자)〇지 원 규 모:총 11개 과제(기업) 내외(신청 및 선정상황 따라 변동될 수 있음)〇지 원 금 액 :사업화 지원금 입주기업 당 최대 5백만원 (VAT제외)- 졸업기업 [지식재산권획득] 분야 최대 1백만원 (VAT제외) || 100.0만원/support_amount/subtract: 자진퇴거기업(2년 미만 입주 후 퇴실한 자)〇지 원 규 모:총 11개 과제(기업) 내외(신청 및 선정상황 따라 변동될 수 있음)〇지 원 금 액 :사업화 지원금 입주기업 당 최대 5백만원 (VAT제외)- 졸업기업 [지식재산권획득] 분야 최대 1백만원 (VAT제외) || 500.0만원/support_amount/subtract: 지원총액 : 기업 당 최대 5백만원 이내 || 400.0만원/support_amount/subtract: 발표평가 결과 및 사업비 타당성 검토를 통해 지원금이 조정될 수 있음지원분야지원범위기업별 지원한도선정방법지원대상시제품제작-신규 시제품 제작 과제당 4,000천원 이내(VAT제외)서류+발표평가입주기업-기존 제품 고도화 제작마케팅지원-CI || ... 후보 1개 추가",,,,,,,https://www.bizinfo.go.kr/sii/siia/selectSIIA200Detail.do?pblancId=PBLN_000000000123622
PBLN_000000000123638,[경남] 2026년 4차 기술경영 애로해결을 위한 Quick Solution Program(기술닥터 및 이노카페심층상담) 참여기업 모집 공고,경상남도,True,recommend_only_payload,비현금/수수료/컨설팅성,비현금/수수료/컨설팅성 지원이라 ROI 직접 차감은 불가,pending,consulting_fee:2,2,10.0만원/consulting_fee/recommend_only: 기업의 기술애로 해결을 위해 기술닥터가 기업 현장을 방문하여 컨설팅 수행(기업당 총10시간/시간당 10만원/1일 최대 3시간) - 기업이 희망하는 전문가(기술닥터)가 있는 경우 자격요건(참고 기술닥터 자격요건) 충족여부를 평가하여 적합시 우선 매칭하 || 10.0만원/consulting_fee/recommend_only: 기업의 경영애로 해결을 위해 이노카페 전문위원이 기업 현장을 방문하여 컨설팅 수행(기업당 총 5시간/시간당 10만원/1일 최대 3시간) - 기업이 희망하는 전문가가 있는 경우,,,,,,,https://www.bizinfo.go.kr/sii/siia/selectSIIA200Detail.do?pblancId=PBLN_000000000123638
PBLN_000000000123644,[전북] 2026년 3차 데이터 활용기업 맞춤형 지원사업 수요기업 모집 연장 공고,전북특별자치도,True,manual_representative_recoverable,대표금액 회수 가능 후보,현금성/바우처 후보가 있어 수기검수로 대표금액 회수 가능,pending,subsidy:1 | support_amount:1 | total_support_scale:1,3,"600.0만원/support_amount/subtract: 1인 창조기업 ☞ 데이터 활용이 필요한 도내 기업 대상 새로운 서비스ㆍ제품 개발을 위한 데이터 구매 비용 지원(기업당 6백만원 이내) || 1200.0만원/total_support_scale/review: 제품 개발을 위한 데이터 구매 비용 지원 총2개社 □ 지원규모 : 총12,000천원 □ 지원대상 : 데이터 구매 및 가공 지원을 통한 신규 비즈니스 모델 또는 서비스를 창출하고 기업 경쟁력 강화를 도모할 수 있는 도내 중소‧벤 || 10000.0만원/subsidy/subtract: 부정한 방법으로 보조금을 지원 받은 경우 10년 이하의 징역 또는 1억원 이하의 벌금이 부과될 수 있음 ❍ 부정사용금액을 포함하여 별도 제재부가금이 부과될 수 있으며",,,,,,,https://www.bizinfo.go.kr/sii/siia/selectSIIA200Detail.do?pblancId=PBLN_000000000123644
PBLN_000000000123659,[경북] 2026년 3차 지역기업 성장사다리 지원사업 통합 추가 공고,중소벤처기업부,True,manual_representative_recoverable,대표금액 회수 가능 후보,현금성/바우처 후보가 있어 수기검수로 대표금액 회수 가능,pending,consulting_fee:2 | support_amount:2,4,"1500.0만원/support_amount/subtract: R&D연계기업(최대 15,000천원) 지원 - 기술혁신 || 1500.0만원/support_amount/subtract: 추가로선택한프로그램의지원금합이1,500만원이내여야합니다 || 2000.0만원/consulting_fee/recommend_only: (2,000만원한도)ü(글로벌구조화형예시)해외마케팅(필수)+제품고급화+시장조사ü(글로벌고도화형예시)해외특허(필수)+시험분석+컨설팅ü(제조혁신 || 4500.0만원/consulting_fee/recommend_only: (4,500만원한도)ü(마케팅협력형예시)해외전시회(필수)+상품기획+판로컨설팅ü(제조협력형예시)시제품제작(필수)+브랜드개발+디자인ü(기술협력",,,,,,,https://www.bizinfo.go.kr/sii/siia/selectSIIA200Detail.do?pblancId=PBLN_000000000123659
PBLN_000000000123662,[전북] 2026년 게임기업 컨설팅 지원사업 신청 게임기업(예비창업자) 모집 공고,전북특별자치도,True,manual_representative_recoverable,대표금액 회수 가능 후보,현금성/바우처 후보가 있어 수기검수로 대표금액 회수 가능,pending,subsidy:1 | support_ratio:1,2,60000.0만원/subsidy/subtract: 2년간 보조금(지원금)의 총 금액이 6억 원을 초과한 경우 가 || None만원/support_ratio/ratio_cap: [전북] 2026년 게임기업 컨설팅 지원사업 신청 게임기업(예비창업자) 모집 공고 전북특별자치도 기업마당>정책정보>지원사업 공고 기업마당 본문 바로가기 주메뉴 바로가기 기업마당 > 정책정보 > 지원사업 공고 메뉴열기 로그인 정책정보 정책정보 지원사업 공고 품목별 법정의무 인증제도 행사정보 정책뉴스 입법·행정예고/고시 월간 중기누리 활용정보 활용정보 기업업무용 서식 입주기업 모집공고 온라인화상,,,,,,,https://www.bizinfo.go.kr/sii/siia/selectSIIA200Detail.do?pblancId=PBLN_000000000123662
PBLN_000000000123670,[부산] 영도구 2026년 3차 부산 커피산업 생태계 R&D 클러스트 구축사업 기업지원 프로그램 통합 모집 공고(시군구연고산업육성 협업프로젝트),중소벤처기업부,True,ratio_only,지원비율만 있음,지원비율만 있어 금액 대표값은 만들 수 없음,pending,support_ratio:1,1,None만원/support_ratio/ratio_cap: [부산] 영도구 2026년 3차 부산 커피산업 생태계 R&D 클러스트 구축사업 기업지원 프로그램 통합 모집 공고(시군구연고산업육성 협업프로젝트) 중소벤처기업부 기업마당>정책정보>지원사업 공고 기업마당 본문 바로가기 주메뉴 바로가기 기업마당 > 정책정보 > 지원사업 공고 메뉴열기 로그인 정책정보 정책정보 지원사업 공고 품목별 법정의무 인증제도 행사정보 정책뉴스 입법·행정예고/고시 월간 중기누리,,,,,,,https://www.bizinfo.go.kr/sii/siia/selectSIIA200Detail.do?pblancId=PBLN_000000000123670
PBLN_000000000123680,2026년 중견기업-공공연 개방형 혁신 지원 사업 신규과제 모집 공고,산업통상부,True,mixed_manual_review,혼합 수기검수,지원 후보가 혼합되어 대표금액/적용방식 수기확인 필요,pending,support_ratio:1 | total_support_scale:1,2,700.0만원/total_support_scale/review: 한국로봇융합연구원 ㅇ (지원규모) 과제당 700만원 내외 (별도 민간매칭 없음) ㅇ (지원기간) 4개월 내외 (협약일~2026 || None만원/support_ratio/ratio_cap: 2026년 중견기업-공공연 개방형 혁신 지원 사업 신규과제 모집 공고 산업통상부 기업마당>정책정보>지원사업 공고 기업마당 본문 바로가기 주메뉴 바로가기 기업마당 > 정책정보 > 지원사업 공고 메뉴열기 로그인 정책정보 정책정보 지원사업 공고 품목별 법정의무 인증제도 행사정보 정책뉴스 입법·행정예고/고시 월간 중기누리 활용정보 활용정보 기업업무용 서식 입주기업 모집공고 온라인화상회의실 정책정보,,,,,,,https://www.bizinfo.go.kr/sii/siia/selectSIIA200Detail.do?pblancId=PBLN_000000000123680
PBLN_000000000123681,자동차부품기업 사이버보안 컨설팅 참여기업 모집 공고,산업통상부,True,mixed_manual_review,혼합 수기검수,지원 후보가 혼합되어 대표금액/적용방식 수기확인 필요,pending,consulting_fee:1 | support_ratio:1,2,5000.0만원/consulting_fee/recommend_only: 신청기업과 컨설팅기업이 컨소시엄 구성하여 신청 ☞ 중소ㆍ중견기업 최대 50백만원 지원 - ISO/SAE 21434 기반 CSMS 인증 대응 컨설팅 - 조직 보안체계 구축 || None만원/support_ratio/ratio_cap: 자동차부품기업 사이버보안 컨설팅 참여기업 모집 공고 산업통상부 기업마당>정책정보>지원사업 공고 기업마당 본문 바로가기 주메뉴 바로가기 기업마당 > 정책정보 > 지원사업 공고 메뉴열기 로그인 정책정보 정책정보 지원사업 공고 품목별 법정의무 인증제도 행사정보 정책뉴스 입법·행정예고/고시 월간 중기누리 활용정보 활용정보 기업업무용 서식 입주기업 모집공고 온라인화상회의실 정책정보 개방 속보성 대시보,,,,,,,https://www.bizinfo.go.kr/sii/siia/selectSIIA200Detail.do?pblancId=PBLN_000000000123681
PBLN_000000000123689,지능형 헬스케어제품 기반 실증ㆍ사업화 지원사업 기업지원 기술지원 추가 공고,산업통상부,True,mixed_manual_review,혼합 수기검수,지원 후보가 혼합되어 대표금액/적용방식 수기확인 필요,pending,equipment_usage_fee:1 | non_cash:1 | support_ratio:1 | total_support_scale:1,4,1000.0만원/equipment_usage_fee/recommend_only: 10백만원) 氠瑢 구분 프로그램명 지원내용 건수 지원규모 수행기관 기술 지원 기술 지원 장비활용 지원 지원목적 3 - 한국건설생활환경시험 연구원 KCL || 1000.0만원/non_cash/recommend_only: 전자파 시험평가(디버깅 제외) 공동연구개발 과제발굴 지원 지원목적 1 건당 10백만원 산학연병 협의체를 구성하여 신규과제 기획 || 1000.0만원/total_support_scale/review: 까지 󰊲 지원규모 및 방식 氠瑢 지원번호 세부사업명 수행기관 지원내용 지원금액 (건당) 지원방식 기업 부담금 9 공동연구개발 과제발굴 KCL 신규사업(R&D) 기획 연구회 운영지원 1건 10백만원 직접지원 없음 || None만원/support_ratio/ratio_cap: 지능형 헬스케어제품 기반 실증ㆍ사업화 지원사업 기업지원 기술지원 추가 공고 산업통상부 기업마당>정책정보>지원사업 공고 기업마당 본문 바로가기 주메뉴 바로가기 기업마당 > 정책정보 > 지원사업 공고 메뉴열기 로그인 정책정보 정책정보 지원사업 공고 품목별 법정의무 인증제도 행사정보 정책뉴스 입법·행정예고/고시 월간 중기누리 활용정보 활용정보 기업업무용 서식 입주기업 모집공고 온라인화상회의실 정책,,,,,,,https://www.bizinfo.go.kr/sii/siia/selectSIIA200Detail.do?pblancId=PBLN_000000000123689
PBLN_000000000123700,[대구] 2026년 산업안전보건 원스톱 서비스 지원 공고,대구광역시,True,mixed_manual_review,혼합 수기검수,지원 후보가 혼합되어 대표금액/적용방식 수기확인 필요,pending,equipment_usage_fee:1 | total_support_scale:2,3,"1250.0만원/equipment_usage_fee/recommend_only: 노후 시설개선 지원(기업당 최대 12,500,000원 지원) - 컨설팅 : 안전보건 전문가가 현장 순회 점검 및 유해ㆍ위험요인 발굴개선 등 영세사업장이 안전보건 관리 체계를 구축할 수 있도록 방문 || 1250.0만원/total_support_scale/review: 노후 시설개선 지원 氠瑢 2 세부 내용 지원금액 : 기업당 최대 12,500,000원 氠瑢 지원규모 컨설팅 시설개선 비용 기업당 지원금액 1 || 150.0만원/total_support_scale/review: 000원 氠瑢 지원규모 컨설팅 시설개선 비용 기업당 지원금액 1,500,000원 11",,,,,,,https://www.bizinfo.go.kr/sii/siia/selectSIIA200Detail.do?pblancId=PBLN_000000000123700
PBLN_000000000123708,[경기] 2026년 공공의료원 AI진단보조기기 실증지원사업 참여기업 모집 공고,경기도,True,mixed_manual_review,혼합 수기검수,지원 후보가 혼합되어 대표금액/적용방식 수기확인 필요,pending,consulting_fee:3 | support_ratio:1 | total_support_scale:2,6,2000.0만원/consulting_fee/recommend_only: 연구소)가 경기도에 소재한 의료기기 업체 - 「중소기업기본법」 제2조에 따른 중소기업 - 식품의약품안전처의 인허가를 받은 AI진단보조기기를 생산한 기업 - 종합병원급 시장 진입이 가능한 국내 제품을 생산한 기업 ☞ 공공의료원에서 AI진단보조기기 사용자평가 레퍼런스를 제공하여 중소기업 제품 상용화 촉진(기업당 최대 20백만원) 지원 - 지원분야 : AI를 활용한 진단보조기기 || 8000.0만원/consulting_fee/recommend_only: 지원개요 □ 지원목적 : 공공의료원에서 AI진단보조기기 사용자평가 레퍼런스를 제공하여 중소기업 제품 상용화 촉진 □ 지원규모 : 총 80백만원 [4개사 지원 || 2000.0만원/total_support_scale/review: 기업당 최대 20백만원] ◦ 과제 규모에 따라 기업당 지원규모는 변경될 수 있음 ◦ 본 사업은 공공의료 인프라 구축 및 검증을 지원하는 사업으로 || 8000.0만원/consulting_fee/recommend_only: 2026년 6월 25일 경기도지사 경기도의료원장 <> □ 지원목적 : 공공의료원에서 AI진단보조기기 사용자평가 레퍼런스를 제공하여 중소기업 제품 상용화 촉진 □ 지원규모 : 총 80백만원 [4개사 지원 || 2000.0만원/total_support_scale/review: 기업당 최대 20백만원] ◦ 과제 규모에 따라 기업당 지원규모는 변경될 수 있음 ◦ 본 사업은 공공의료 인프라 구축 및 검증을 지원하는 사업으로 || None만원/support_ratio/ratio_cap: [경기] 2026년 공공의료원 AI진단보조기기 실증지원사업 참여기업 모집 공고 경기도 기업마당>정책정보>지원사업 공고 기업마당 본문 바로가기 주메뉴 바로가기 기업마당 > 정책정보 > 지원사업 공고 메뉴열기 로그인 정책정보 정책정보 지원사업 공고 품목별 법정의무 인증제도 행사정보 정책뉴스 입법·행정예고/고시 월간 중기누리 활용정보 활용정보 기업업무용 서식 입주기업 모집공고 온라인화상회의실 정책,,,,,,,https://www.bizinfo.go.kr/sii/siia/selectSIIA200Detail.do?pblancId=PBLN_000000000123708
PBLN_000000000123718,[전남광주] 2026년 2차 중소기업 맞춤형 성장지원(컨설팅) 참여기업 모집 기간 연장 공고,전남광주통합특별시,True,recommend_only_payload,비현금/수수료/컨설팅성,비현금/수수료/컨설팅성 지원이라 ROI 직접 차감은 불가,pending,consulting_fee:4,4,350.0만원/consulting_fee/recommend_only: 사업 참여가 제한될 수 있음 ◦ 지원한도 : 기업당 최대 1건(개) 과제(3.5백만원/건) ◦ 지원절차 : 신청서 제출 및 선정평가 후 컨설팅 지원 氠瑢 신청서 제출 지원기업 선정 컨설팅 수행 결과보고 수당 지급 컨설팅 신청서 || 350.0만원/consulting_fee/recommend_only: 첫 번째 및 마지막 컨설팅은 대면 컨설팅으로 진행필요) 컨설팅 기간 - 지원결정일로부터 2026년 11월 30일까지 지급 한도액 - 과제별 3.5백만원(부가세 포함) || 350.0만원/consulting_fee/recommend_only: 사업 참여가 제한될 수 있음 ◦ 지원한도 : 기업당 최대 1건(개) 과제(3.5백만원/건) ◦ 지원절차 : 신청서 제출 및 선정평가 후 컨설팅 지원신청서 제출지원기업 선정컨설팅 수행결과보고수당 지급컨설팅 신청서 및 계획안 제출▶ || 350.0만원/consulting_fee/recommend_only: 첫 번째 및 마지막 컨설팅은 대면 컨설팅으로 진행필요) 컨설팅 기간 - 지원결정일로부터 2026년 11월 30일까지지급 한도액 - 과제별 3.5백만원(부가세 포함),,,,,,,https://www.bizinfo.go.kr/sii/siia/selectSIIA200Detail.do?pblancId=PBLN_000000000123718
PBLN_000000000123720,[부산] 2026년 콘텐츠코리아 랩 미드폼 영상콘텐츠 제작지원 사업 모집 공고,부산광역시,True,manual_representative_recoverable,대표금액 회수 가능 후보,현금성/바우처 후보가 있어 수기검수로 대표금액 회수 가능,pending,subsidy:1 | support_amount:1 | total_support_scale:1,3,"0.0만원/subsidy/subtract: 진출 플랫폼 등 상세히 기재 신청사업비 00,000천원(국비100%) 본인은 부산정보산업진흥원에서 시행하는 ‘2026 부산 콘텐츠코리아랩 미드폼 영상콘텐츠 제작지원 사업 공고문’을 충분히 숙지하였으 || 5000.0만원/support_amount/subtract: 지원금 5,000만원 이하인 과제는 과제 수에서 제외 牭景 그렇다 牭景 아니다 2 ㅇ 신청일 현재 동일한 과제로(과제 목표와 산출물이 동일한 경우) 진흥원 및 타 || 4750.0만원/total_support_scale/review: 드폼 영상콘텐츠 제작을 통한 부가가치 창출 ○ 지원규모 : 총 4개사 / 기업당 47,500천원 ○ 사업기간 : 협약체결일 ~ 2026. 11. 30. 2. 지원내용 ○ 지원내",,,,,,,https://www.bizinfo.go.kr/sii/siia/selectSIIA200Detail.do?pblancId=PBLN_000000000123720
PBLN_000000000123731,[대구] 2026년 수요맞춤형 AI솔루션 개발ㆍ실증 지원 사업 컨소시엄 모집 재공고(제조업 AI융합 기반 조성사업),대구광역시,True,mixed_manual_review,혼합 수기검수,지원 후보가 혼합되어 대표금액/적용방식 수기확인 필요,pending,equipment_usage_fee:1 | fee:12 | non_cash:1 | support_ratio:1,15,5000.0만원/fee/review: -11- 사업비 규모표준수수료⦁5천만원 미만⦁5천만원 이상 1억원 미만⦁1억원 이상 3억원 미만⦁3억원 이상 5억원 미만⦁5억원 이상 10억원 미만⦁10억원 이상 30억원 미만⦁30 || 5000.0만원/fee/review: -11- 사업비 규모표준수수료⦁5천만원 미만⦁5천만원 이상 1억원 미만⦁1억원 이상 3억원 미만⦁3억원 이상 5억원 미만⦁5억원 이상 10억원 미만⦁10억원 이상 30억원 미만⦁30억원 이상 60 || 10000.0만원/fee/review: -11- 사업비 규모표준수수료⦁5천만원 미만⦁5천만원 이상 1억원 미만⦁1억원 이상 3억원 미만⦁3억원 이상 5억원 미만⦁5억원 이상 10억원 미만⦁10억원 이상 30억원 미만⦁30억원 이상 600천원800천 || 10000.0만원/fee/review: -11- 사업비 규모표준수수료⦁5천만원 미만⦁5천만원 이상 1억원 미만⦁1억원 이상 3억원 미만⦁3억원 이상 5억원 미만⦁5억원 이상 10억원 미만⦁10억원 이상 30억원 미만⦁30억원 이상 600천원800천원1 || 30000.0만원/fee/review: -11- 사업비 규모표준수수료⦁5천만원 미만⦁5천만원 이상 1억원 미만⦁1억원 이상 3억원 미만⦁3억원 이상 5억원 미만⦁5억원 이상 10억원 미만⦁10억원 이상 30억원 미만⦁30억원 이상 600천원800천원1 || 30000.0만원/fee/review: -11- 사업비 규모표준수수료⦁5천만원 미만⦁5천만원 이상 1억원 미만⦁1억원 이상 3억원 미만⦁3억원 이상 5억원 미만⦁5억원 이상 10억원 미만⦁10억원 이상 30억원 미만⦁30억원 이상 600천원800천원1 || 50000.0만원/fee/review: -11- 사업비 규모표준수수료⦁5천만원 미만⦁5천만원 이상 1억원 미만⦁1억원 이상 3억원 미만⦁3억원 이상 5억원 미만⦁5억원 이상 10억원 미만⦁10억원 이상 30억원 미만⦁30억원 이상 600천원800천원1 || 50000.0만원/fee/review: -11- 사업비 규모표준수수료⦁5천만원 미만⦁5천만원 이상 1억원 미만⦁1억원 이상 3억원 미만⦁3억원 이상 5억원 미만⦁5억원 이상 10억원 미만⦁10억원 이상 30억원 미만⦁30억원 이상 600천원800천원1 || ... 후보 7개 추가,,,,,,,https://www.bizinfo.go.kr/sii/siia/selectSIIA200Detail.do?pblancId=PBLN_000000000123731
PBLN_000000000123739,2026년 4차 무기체계 부품국산화개발 지원사업 (상생협력부품국산화) 과제ㆍ연구개발기관 모집 공고,방위사업청,True,mixed_manual_review,혼합 수기검수,지원 후보가 혼합되어 대표금액/적용방식 수기확인 필요,pending,non_cash:2 | support_ratio:1,3,86500.0만원/non_cash/recommend_only: 지원규모 및 기간 1) 지원규모 : ‘26년 신규예산 8.65억원 * ’ 정부지원연구개발비 + 체계적합성 시험평가비 ‘ 는 최대 100억원까지 지원 2) 지원기간 : 최대 60개월 이내 구분 기업규모별 연구개 || 1000000.0만원/non_cash/recommend_only: 65억원 * ’ 정부지원연구개발비 + 체계적합성 시험평가비 ‘ 는 최대 100억원까지 지원 2) 지원기간 : 최대 60개월 이내 구분 기업규모별 연구개발비 지원규모 (체계적합성 시험비 제외) 정부지원연구개발비 + 투자기업 출 || None만원/support_ratio/ratio_cap: 2026년 4차 무기체계 부품국산화개발 지원사업 (상생협력부품국산화) 과제ㆍ연구개발기관 모집 공고 방위사업청 기업마당>정책정보>지원사업 공고 기업마당 본문 바로가기 주메뉴 바로가기 기업마당 > 정책정보 > 지원사업 공고 메뉴열기 로그인 정책정보 정책정보 지원사업 공고 품목별 법정의무 인증제도 행사정보 정책뉴스 입법·행정예고/고시 월간 중기누리 활용정보 활용정보 기업업무용 서식 입주기업 모집공,,,,,,,https://www.bizinfo.go.kr/sii/siia/selectSIIA200Detail.do?pblancId=PBLN_000000000123739
PBLN_000000000123745,2026년 4차 예술산업보증 7월 공고,문화체육관광부,True,mixed_manual_review,혼합 수기검수,지원 후보가 혼합되어 대표금액/적용방식 수기확인 필요,pending,guarantee:2 | support_ratio:1,3,100000.0만원/guarantee/exclude: 예술 프로젝트 보증(기업당 최대 통합 한도는 10억 원 이내) 지원 || 20.0만원/guarantee/exclude: 보증기관의 보증심사를 받게 되면 ‘기술 평가료’(20만원)를 납부해야 하며 || None만원/support_ratio/ratio_cap: 2026년 4차 예술산업보증 7월 공고 문화체육관광부 기업마당>정책정보>지원사업 공고 기업마당 본문 바로가기 주메뉴 바로가기 기업마당 > 정책정보 > 지원사업 공고 메뉴열기 로그인 정책정보 정책정보 지원사업 공고 품목별 법정의무 인증제도 행사정보 정책뉴스 입법·행정예고/고시 월간 중기누리 활용정보 활용정보 기업업무용 서식 입주기업 모집공고 온라인화상회의실 정책정보 개방 속보성 대시보드 고객알,,,,,,,https://www.bizinfo.go.kr/sii/siia/selectSIIA200Detail.do?pblancId=PBLN_000000000123745
PBLN_000000000123747,2026년 디지털전환 혁신기업 기획지원 사업 (컨설팅 참여기업(관)) 모집,경상북도,True,mixed_manual_review,혼합 수기검수,지원 후보가 혼합되어 대표금액/적용방식 수기확인 필요,pending,consulting_fee:1 | support_ratio:1,2,150.0만원/consulting_fee/recommend_only: 연 구 소 중 하 나 이 상 이 설 립 되 어 있 어 야 함 □ 지원내용 - 컨설팅 참여기업(관) : 총 2개사 내외 * 지원규모는 상황에 따라 변경될 수 있음 - 지원규모 : 150만원 내외 - 주관기업에서 제안한 AI(AX전환)기술 기반으로 한 기획과제와 관련하여 전문컨설팅 기업인 컨설팅 참여기업(관)*과의 컨소시엄 운영을 || None만원/support_ratio/ratio_cap: 2026년 디지털전환 혁신기업 기획지원 사업 (컨설팅 참여기업(관)) 모집 경상북도 기업마당>정책정보>지원사업 공고 기업마당 본문 바로가기 주메뉴 바로가기 기업마당 > 정책정보 > 지원사업 공고 메뉴열기 로그인 정책정보 정책정보 지원사업 공고 품목별 법정의무 인증제도 행사정보 정책뉴스 입법·행정예고/고시 월간 중기누리 활용정보 활용정보 기업업무용 서식 입주기업 모집공고 온라인화상회의실 정책정,,,,,,,https://www.bizinfo.go.kr/sii/siia/selectSIIA200Detail.do?pblancId=PBLN_000000000123747
PBLN_000000000123764,AI융합 의료기기 신뢰성 강화 및 성능 평가ㆍ실증 사업 수혜기업 모집 공고,산업통상부,True,recommend_only_payload,비현금/수수료/컨설팅성,비현금/수수료/컨설팅성 지원이라 ROI 직접 차감은 불가,pending,non_cash:1,1,"960.0만원/non_cash/recommend_only: 000천원정부지원금의 20%9,600천원협약일 ~10월 말 ③ 임상 설계 (1건) - 임상시험계획서 작성 컨설팅",,,,,,,https://www.bizinfo.go.kr/sii/siia/selectSIIA200Detail.do?pblancId=PBLN_000000000123764
PBLN_000000000123766,[충북] 2026년 스마트공장 구축 자부담금 지원사업 수혜기업 모집 공고,충청북도,True,manual_representative_recoverable,대표금액 회수 가능 후보,현금성/바우처 후보가 있어 수기검수로 대표금액 회수 가능,pending,support_amount:4,4,4000.0만원/support_amount/subtract: 최대 40백만원 자부담금 지원 - 정부형 스마트공장 구축사업 - 지역특화형(레전드 50+ || 2000.0만원/support_amount/subtract: 최대 20백만원 자부담금 지원 - ① ~ ②에서 명시된 사업 외 ‘2026년 스마트 제조혁신 지원사업 통합공고’에 포함된 스마트공장 구축 사업 : 부처협업형 || 4000.0만원/support_amount/subtract: 최대 40백만원 자부담금 지원 - 정부형 스마트공장 구축사업 - 지역특화형(레전드 50+ || 2000.0만원/support_amount/subtract: 최대 20백만원 자부담금 지원 - ① ~ ②에서 명시된 사업 외 ‘2026년 스마트 제조혁신 지원사업 통합공고’에 포함된 스마트공장 구축 사업 : 부처협업형,,,,,,,https://www.bizinfo.go.kr/sii/siia/selectSIIA200Detail.do?pblancId=PBLN_000000000123766
PBLN_000000000123767,2026년 바이오소재(항원ㆍ항체) 개발지원사업 공고(중소형 CDMO육성 항원 항체소재 뱅크 구축 사업),산업통상부,True,recommend_only_payload,비현금/수수료/컨설팅성,비현금/수수료/컨설팅성 지원이라 ROI 직접 차감은 불가,pending,non_cash:2,2,5000.0만원/non_cash/recommend_only: 중소형 CDMO 기업 등 대상 항원ㆍ항체 소재 개발 및 시험ㆍ분석 지원 - 기업당 약 5천만원에서 1억 상당규모의 기술지원 || 10000.0만원/non_cash/recommend_only: 중소형 CDMO 기업 등 대상 항원ㆍ항체 소재 개발 및 시험ㆍ분석 지원 - 기업당 약 5천만원에서 1억 상당규모의 기술지원,,,,,,,https://www.bizinfo.go.kr/sii/siia/selectSIIA200Detail.do?pblancId=PBLN_000000000123767
PBLN_000000000123771,[강원] 2026년 3차 지식재산 긴급지원 모집 공고,강원특별자치도,True,recommend_only_payload,비현금/수수료/컨설팅성,비현금/수수료/컨설팅성 지원이라 ROI 직접 차감은 불가,pending,consulting_fee:1,1,"2000.0만원/consulting_fee/recommend_only: 양양군 ☞ 기업당 2,000만 원 이내 지원 - 지식재산 전문가의 IP현안 진단을 통해 컨설턴트 직접컨설팅을 제공하고",,,,,,,https://www.bizinfo.go.kr/sii/siia/selectSIIA200Detail.do?pblancId=PBLN_000000000123771
PBLN_000000000123782,[충남] 2026년 콘텐츠코리아랩 미드폼 영상콘텐츠 제작 지원사업 모집 공고,충청남도,True,manual_representative_recoverable,대표금액 회수 가능 후보,현금성/바우처 후보가 있어 수기검수로 대표금액 회수 가능,pending,support_amount:4 | support_ratio:1 | total_support_scale:2,7,"4500.0만원/support_amount/subtract: 최종 선정팀은 협약 종료 시점까지 충청남도 내 사업장(본사)을 유지하여야 함 ② 국세 및 지방세 체납 사실이 없는 자 ③ 정부지원사업 참여제한 등의 제재조치를 받고 있지 않은 자 ☞ 공포 장르 과제당 4,500만원 || 4250.0만원/support_amount/subtract: 자유 장르 과제당 4,250만원 지원 || 2000.0만원/support_amount/subtract: 신청일 현재 당해연도 충남콘텐츠진흥원 지원사업에서 지원금을 직접 교부받아 완료하였거나 수행 중인 과제가 총 3개 이하이다(단 2,000만원 이하 과제는 제외) 또는 당해연도 지원받은 누적 금액과 금번 신규 신청금액의 합계가 5억 원 이하이다 || 50000.0만원/support_amount/subtract: 000만원 이하 과제는 제외) 또는 당해연도 지원받은 누적 금액과 금번 신규 신청금액의 합계가 5억 원 이하이다 || 17500.0만원/total_support_scale/review: 접수 결과에 따라 모집기간 연장 또는 재공고할 수 있음 ❍ 사업대상 : 충남 소재 영상 제작이 가능한 콘텐츠 기업 ❍ 지원내용 : 충남 지역소재*를 활용한 미드폼 영상콘텐츠 제작비 지원 * 지역소재 인정 범위는 공고문 내 2페이지‘지원조건’참고 ❍ 지원규모 : 총 4개 과제(총 지원금 175백만원) ❍ 사업(협약)기간 : 협약체결일 ~ 2026 || 4500.0만원/total_support_scale/review: 최종평가 및 정산Ⅲ지원내용 ❍ 지원 분야별 세부 내용 구분지원규모지원금최종 결과물① 공포장르2개 과제과제당 4,500만원 || None만원/support_ratio/ratio_cap: [충남] 2026년 콘텐츠코리아랩 미드폼 영상콘텐츠 제작 지원사업 모집 공고 충청남도 기업마당>정책정보>지원사업 공고 기업마당 본문 바로가기 주메뉴 바로가기 기업마당 > 정책정보 > 지원사업 공고 메뉴열기 로그인 정책정보 정책정보 지원사업 공고 품목별 법정의무 인증제도 행사정보 정책뉴스 입법·행정예고/고시 월간 중기누리 활용정보 활용정보 기업업무용 서식 입주기업 모집공고 온라인화상회의실 정책",,,,,,,https://www.bizinfo.go.kr/sii/siia/selectSIIA200Detail.do?pblancId=PBLN_000000000123782
PBLN_000000000123783,[전남광주] 첨단 스마트그린 AX실증산단 구축사업 제조경쟁력 강화를 위한 기업AX 실증지원 공고,전남광주통합특별시,True,mixed_manual_review,혼합 수기검수,지원 후보가 혼합되어 대표금액/적용방식 수기확인 필요,pending,consulting_fee:1 | education_fee:1 | fee:3 | support_ratio:1,6,0.8만원/education_fee/recommend_only: 자체규정이 마련되지 않은 경우 1인 8천원을 한도로 함 - 교육 || 3.0만원/fee/review: 조정 또는 추진과정에 대한 자문이나 관리비용에 대한 종합사업관리비는 외부기관과의 계약단가를 적용하여 산정 ㅇ 연구활동비 사용 시 기준 및 범위는 수행기관 자체규정에 따라 실제 필요한 비용을 계상하되 자체 규정이 마련되지 않은 경우 아래 한도 적용 - 회의비 : 1인당 3만원 - 출장식대 : 1식당 1만원 - 야근(특근)식대 : 1식당 8천원 ㅇ (그 밖의 비용) 과제와 직접 관련된 위탁정산 || 1.0만원/fee/review: 조정 또는 추진과정에 대한 자문이나 관리비용에 대한 종합사업관리비는 외부기관과의 계약단가를 적용하여 산정 ㅇ 연구활동비 사용 시 기준 및 범위는 수행기관 자체규정에 따라 실제 필요한 비용을 계상하되 자체 규정이 마련되지 않은 경우 아래 한도 적용 - 회의비 : 1인당 3만원 - 출장식대 : 1식당 1만원 - 야근(특근)식대 : 1식당 8천원 ㅇ (그 밖의 비용) 과제와 직접 관련된 위탁정산 || 0.8만원/fee/review: 조정 또는 추진과정에 대한 자문이나 관리비용에 대한 종합사업관리비는 외부기관과의 계약단가를 적용하여 산정 ㅇ 연구활동비 사용 시 기준 및 범위는 수행기관 자체규정에 따라 실제 필요한 비용을 계상하되 자체 규정이 마련되지 않은 경우 아래 한도 적용 - 회의비 : 1인당 3만원 - 출장식대 : 1식당 1만원 - 야근(특근)식대 : 1식당 8천원 ㅇ (그 밖의 비용) 과제와 직접 관련된 위탁정산 || 0.0만원/consulting_fee/recommend_only: □ 당해년도 현금 출연 : 000백만원 2026년 7월 일 (기관명) (대표자명) 직인 (재)광주테크노파크 원장 귀하 【서식 5】 자체 보안관리 진단표 자체 보안관리 진단표 氠瑢 구 || None만원/support_ratio/ratio_cap: [전남광주] 첨단 스마트그린 AX실증산단 구축사업 제조경쟁력 강화를 위한 기업AX 실증지원 공고 전남광주통합특별시 기업마당>정책정보>지원사업 공고 기업마당 본문 바로가기 주메뉴 바로가기 기업마당 > 정책정보 > 지원사업 공고 메뉴열기 로그인 정책정보 정책정보 지원사업 공고 품목별 법정의무 인증제도 행사정보 정책뉴스 입법·행정예고/고시 월간 중기누리 활용정보 활용정보 기업업무용 서식 입주기업,,,,,,,https://www.bizinfo.go.kr/sii/siia/selectSIIA200Detail.do?pblancId=PBLN_000000000123783
SMARTFACTORY:2025-N-0202:2,2026년 디지털협업공장 구축 지원사업 컨소시엄 모집공고,스마트공장 사업관리시스템,True,manual_representative_recoverable,대표금액 회수 가능 후보,현금성/바우처 후보가 있어 수기검수로 대표금액 회수 가능,pending,education_fee:6 | support_amount:14 | support_ratio:1,21,"20000.0만원/support_amount/subtract: 접수기간선정평가협약’25년 12월 8일 ~ ’26년 1월 7일’26년 1~3월’26년 4월 ~ 구 분 사업공고 주요변경사항2025년도 2026년도지원한도(고도화) 최대 2억원 || 20000.0만원/support_amount/subtract: 년도 2026년도지원한도(고도화) 최대 2억원, (동일수준) 최대 0.5억원최대 2억원 이내(단, 목표수준별 2회, 2.5억원 한도) 1. 사업 개요□사업개요◦(사업목 || 25000.0만원/support_amount/subtract: 대 2억원, (동일수준) 최대 0.5억원최대 2억원 이내(단, 목표수준별 2회, 2.5억원 한도) 1. 사업 개요□사업개요◦(사업목적)개별공장의스마트화지원을넘어스마트공장간 || 20000.0만원/support_amount/subtract: 업)목표수준별총2.5억원내에서2회(1회차고도화→2회차동일수준)까지지원하되,회당최대2억원한도,지원비율50%이내에서지원 * 예시 : 26년(목표수준 중간1, 고도화) 1. || 5000.0만원/support_amount/subtract: 기존처럼최대0.5억원지원(동일수준지원은목표수준별1회만가능)구 분‘26년 지원한도지원기간지원비율구축목표수준개별 스마트공장 + 공동 || 100.0만원/education_fee/recommend_only: 182 * 정산대상 사업비(총사업비) : 정부출연금 + 민간부담금 ②교육비:스마트공장기술교육(사업관리교육및기술교육)수강비용(1백만원)필수편성 ③기술임치비:스마트공장구축결과물의기술임치비(45만원)필수편성 ◦ (임치제도) 사업 결과물의 핵심 정보를 보관하여 개발 결과 || 45.0만원/education_fee/recommend_only: 182 * 정산대상 사업비(총사업비) : 정부출연금 + 민간부담금 ②교육비:스마트공장기술교육(사업관리교육및기술교육)수강비용(1백만원)필수편성 ③기술임치비:스마트공장구축결과물의기술임치비(45만원)필수편성 ◦ (임치제도) 사업 결과물의 핵심 정보를 보관하여 개발 결과 || 100.0만원/education_fee/recommend_only: 완료보고서 제출 시 수료증 첨부- 비용 : 집합교육으로 비용 발생 (사업계획서에 교육비 100만원 계상)- 교육기관 : 중소벤처기업진흥공단 연수 사업처(https://ssup || ... 후보 13개 추가",,,,,,,https://www.smart-factory.kr/usr/bg/ba/ma/bsnsPbancDtl?pbancId=2025-N-0202&pbancSn=2
SMARTFACTORY:2025-N-0203:1,2026년도 자율형공장 구축 지원사업(컨소시엄신청),스마트공장 사업관리시스템,True,manual_representative_recoverable,대표금액 회수 가능 후보,현금성/바우처 후보가 있어 수기검수로 대표금액 회수 가능,pending,education_fee:4 | fee:14 | support_amount:8 | total_support_scale:1,27,5.0만원/fee/review: □사업비 편성 관련 필수계상 사업비 기타비용 항목에 필수 편성하며 미편성할 경우 총사업비와 별개로 도입기업 부담 정산 수수료 지정 회계법인의 사업비 상시모니터링 및 정산을 위한 수수료 필수 편성차년도 총사업비 규모 표준수수료 공급가액 기준( ) 비고 백만원 이하50 천원455 부가세 제외백만원 이하200 천원 637 백만원 이하400 천원 910 백만원 초과400 천원 1 || 20.0만원/fee/review: □사업비 편성 관련 필수계상 사업비 기타비용 항목에 필수 편성하며 미편성할 경우 총사업비와 별개로 도입기업 부담 정산 수수료 지정 회계법인의 사업비 상시모니터링 및 정산을 위한 수수료 필수 편성차년도 총사업비 규모 표준수수료 공급가액 기준( ) 비고 백만원 이하50 천원455 부가세 제외백만원 이하200 천원 637 백만원 이하400 천원 910 백만원 초과400 천원 1 || 63700.0만원/fee/review: □사업비 편성 관련 필수계상 사업비 기타비용 항목에 필수 편성하며 미편성할 경우 총사업비와 별개로 도입기업 부담 정산 수수료 지정 회계법인의 사업비 상시모니터링 및 정산을 위한 수수료 필수 편성차년도 총사업비 규모 표준수수료 공급가액 기준( ) 비고 백만원 이하50 천원455 부가세 제외백만원 이하200 천원 637 백만원 이하400 천원 910 백만원 초과400 천원 1 || 40.0만원/fee/review: □사업비 편성 관련 필수계상 사업비 기타비용 항목에 필수 편성하며 미편성할 경우 총사업비와 별개로 도입기업 부담 정산 수수료 지정 회계법인의 사업비 상시모니터링 및 정산을 위한 수수료 필수 편성차년도 총사업비 규모 표준수수료 공급가액 기준( ) 비고 백만원 이하50 천원455 부가세 제외백만원 이하200 천원 637 백만원 이하400 천원 910 백만원 초과400 천원 1 || 91000.0만원/fee/review: □사업비 편성 관련 필수계상 사업비 기타비용 항목에 필수 편성하며 미편성할 경우 총사업비와 별개로 도입기업 부담 정산 수수료 지정 회계법인의 사업비 상시모니터링 및 정산을 위한 수수료 필수 편성차년도 총사업비 규모 표준수수료 공급가액 기준( ) 비고 백만원 이하50 천원455 부가세 제외백만원 이하200 천원 637 백만원 이하400 천원 910 백만원 초과400 천원 1 || 40.0만원/fee/review: □사업비 편성 관련 필수계상 사업비 기타비용 항목에 필수 편성하며 미편성할 경우 총사업비와 별개로 도입기업 부담 정산 수수료 지정 회계법인의 사업비 상시모니터링 및 정산을 위한 수수료 필수 편성차년도 총사업비 규모 표준수수료 공급가액 기준( ) 비고 백만원 이하50 천원455 부가세 제외백만원 이하200 천원 637 백만원 이하400 천원 910 백만원 초과400 천원 1 || 2000.0만원/support_amount/subtract: 운영 상근 인력 5명 이상 기획기관 선정 요건통과 기관에 대해 기획기관pool 구성 및 운영 요건검토 및 수행능력평가를 거쳐 기획기관 선정 및 기획기관 Pool 구성(지역TP 기본 지정) 기획지원 과제기획 후 현장평가 결과에 따라 과제당 최대 20백만원 차등 지급 기획지원 후 최종선정에 따른 협약체결 결과에 따라 과제당 최대 20백만원 차등 지급 성능지표 (공정혁신지표) 6개 중 2개 이상 || 2000.0만원/support_amount/subtract: 운영 상근 인력 5명 이상 기획기관 선정 요건통과 기관에 대해 기획기관pool 구성 및 운영 요건검토 및 수행능력평가를 거쳐 기획기관 선정 및 기획기관 Pool 구성(지역TP 기본 지정) 기획지원 과제기획 후 현장평가 결과에 따라 과제당 최대 20백만원 차등 지급 기획지원 후 최종선정에 따른 협약체결 결과에 따라 과제당 최대 20백만원 차등 지급 성능지표 (공정혁신지표) 6개 중 2개 이상 || ... 후보 19개 추가,,,,,,,https://www.smart-factory.kr/usr/bg/ba/ma/bsnsPbancDtl?pbancId=2025-N-0203&pbancSn=1
SMARTFACTORY:2025-N-0205:1,2026년 한국로봇산업진흥원 로봇활용 제조혁신 지원사업,스마트공장 사업관리시스템,True,mixed_manual_review,혼합 수기검수,지원 후보가 혼합되어 대표금액/적용방식 수기확인 필요,pending,fee:16 | total_support_scale:1,17,"25000.0만원/total_support_scale/review: kr) – 알림/참여마당 - 공지사항’에서 “공급기업 Pool 등록 안내(1077번 게시글)” 참조□사업기간:협약일 ~2026년 11월□지원 규모 및 조건◦(지원규모)180개 내외◦(지원조건)과제당 총 사업비의 50%(최대 2.5억원)지원 2 || 100.0만원/fee/review: 정산비감리수수료필수 o현장감리업무수행을위한비용지급 과제유형감리수수료일반(노후로봇교체포함)1,000천원AI기술활용1 || 120.0만원/fee/review: 000천원AI기술활용1,200천원 정산수수료o사업비정산업무수행을위한비용지급-정산수수료는과제별사업비총사업비에따라구분하여적용총사업비정산수수료1억미만1 || 10000.0만원/fee/review: 200천원 정산수수료o사업비정산업무수행을위한비용지급-정산수수료는과제별사업비총사업비에따라구분하여적용총사업비정산수수료1억미만1 || 100.0만원/fee/review: 200천원 정산수수료o사업비정산업무수행을위한비용지급-정산수수료는과제별사업비총사업비에따라구분하여적용총사업비정산수수료1억미만1,000천원1억이상∼3억미만1 || 10000.0만원/fee/review: 정산수수료는과제별사업비총사업비에따라구분하여적용총사업비정산수수료1억미만1,000천원1억이상∼3억미만1,200천원3억이상∼5억미만1,400천원5억이상∼10억미만1,600 || 30000.0만원/fee/review: 는과제별사업비총사업비에따라구분하여적용총사업비정산수수료1억미만1,000천원1억이상∼3억미만1,200천원3억이상∼5억미만1,400천원5억이상∼10억미만1,600천원10억 || 30000.0만원/fee/review: 에따라구분하여적용총사업비정산수수료1억미만1,000천원1억이상∼3억미만1,200천원3억이상∼5억미만1,400천원5억이상∼10억미만1,600천원10억이상∼30억미만1,8 || ... 후보 9개 추가",,,,,,,https://www.smart-factory.kr/usr/bg/ba/ma/bsnsPbancDtl?pbancId=2025-N-0205&pbancSn=1
SMARTFACTORY:2025-N-0210:1,2026년도 지역특화 프로젝트「레전드50+」연계 스마트공장 구축 지원사업 공고,스마트공장 사업관리시스템,True,manual_representative_recoverable,대표금액 회수 가능 후보,현금성/바우처 후보가 있어 수기검수로 대표금액 회수 가능,pending,education_fee:6 | subsidy:1 | support_amount:14,21,30000.0만원/support_amount/subtract: 구축목표 수준은 KS X 9001-1(스마트공장 기본개념과 구조) 표준 기준 현재수준목표수준최대 지원한도미적용è중간1 3억원중간2 5억원기초è중간1 2억원중간2 4억원중간1è중간2 2억원 * (예시) ① 현재 구축수준 ‘미적용‘ → 목표수준 ’중간2‘ : 최대 5억원 || 50000.0만원/support_amount/subtract: 구축목표 수준은 KS X 9001-1(스마트공장 기본개념과 구조) 표준 기준 현재수준목표수준최대 지원한도미적용è중간1 3억원중간2 5억원기초è중간1 2억원중간2 4억원중간1è중간2 2억원 * (예시) ① 현재 구축수준 ‘미적용‘ → 목표수준 ’중간2‘ : 최대 5억원 지원가능 ② || 20000.0만원/support_amount/subtract: 구축목표 수준은 KS X 9001-1(스마트공장 기본개념과 구조) 표준 기준 현재수준목표수준최대 지원한도미적용è중간1 3억원중간2 5억원기초è중간1 2억원중간2 4억원중간1è중간2 2억원 * (예시) ① 현재 구축수준 ‘미적용‘ → 목표수준 ’중간2‘ : 최대 5억원 지원가능 ② 현재 구축수준 ‘ || 40000.0만원/support_amount/subtract: 구축목표 수준은 KS X 9001-1(스마트공장 기본개념과 구조) 표준 기준 현재수준목표수준최대 지원한도미적용è중간1 3억원중간2 5억원기초è중간1 2억원중간2 4억원중간1è중간2 2억원 * (예시) ① 현재 구축수준 ‘미적용‘ → 목표수준 ’중간2‘ : 최대 5억원 지원가능 ② 현재 구축수준 ‘중간1‘ → || 20000.0만원/support_amount/subtract: 구축목표 수준은 KS X 9001-1(스마트공장 기본개념과 구조) 표준 기준 현재수준목표수준최대 지원한도미적용è중간1 3억원중간2 5억원기초è중간1 2억원중간2 4억원중간1è중간2 2억원 * (예시) ① 현재 구축수준 ‘미적용‘ → 목표수준 ’중간2‘ : 최대 5억원 지원가능 ② 현재 구축수준 ‘중간1‘ → 목표수준 ’중간2‘ || 50000.0만원/support_amount/subtract: 구축목표 수준은 KS X 9001-1(스마트공장 기본개념과 구조) 표준 기준 현재수준목표수준최대 지원한도미적용è중간1 3억원중간2 5억원기초è중간1 2억원중간2 4억원중간1è중간2 2억원 * (예시) ① 현재 구축수준 ‘미적용‘ → 목표수준 ’중간2‘ : 최대 5억원 지원가능 ② 현재 구축수준 ‘중간1‘ → 목표수준 ’중간2‘ : 최대 2억원 지원가능 ** ’26년 레 전 드50+스 마 || 20000.0만원/support_amount/subtract: 구축목표 수준은 KS X 9001-1(스마트공장 기본개념과 구조) 표준 기준 현재수준목표수준최대 지원한도미적용è중간1 3억원중간2 5억원기초è중간1 2억원중간2 4억원중간1è중간2 2억원 * (예시) ① 현재 구축수준 ‘미적용‘ → 목표수준 ’중간2‘ : 최대 5억원 지원가능 ② 현재 구축수준 ‘중간1‘ → 목표수준 ’중간2‘ : 최대 2억원 지원가능 ** ’26년 레 전 드50+스 마 || 100.0만원/education_fee/recommend_only: 182 * 정산대상 사업비(총사업비) : 정부출연금 + 민간부담금 ②교육비:스마트공장기술교육(사업관리교육및기술교육)수강비용(1백만원)필수편성 ③기술임치비:스마트공장구축결과물의기술임치비(45만원)필수편성 ◦ (임치제도) 사업 결과물의 핵심 정보를 보관하여 개발 결과 || ... 후보 13개 추가,,,,,,,https://www.smart-factory.kr/usr/bg/ba/ma/bsnsPbancDtl?pbancId=2025-N-0210&pbancSn=1
SMARTFACTORY:2025-N-0211:1,2026년 제조DX멘토단 활용지원사업 통합공고,스마트공장 사업관리시스템,True,total_scale_manual_review,지원규모 계열 검수,지원규모 계열만 있어 기업당/과제당 한도 여부 수기확인 필요,pending,total_support_scale:7,7,862000.0만원/total_support_scale/review: 구축 지도 및 운영 애로사항 해결지원 □ 지원규모 : 총 86.2억원 || 238.0만원/total_support_scale/review: 기술애로 해결 등 제조 노하우 전수 등 □ 지원 규모 및 조건 ◦ (지원규모) 500개사 내외 ◦ (지원조건) 총 사업비의 85% 지원 氠瑢 구 분 지원방법 지원기간 사업비(분담비율) 정부지원(85%) 민간부담(15%) 사전 기획 DX멘토단 1인 x 8회 최대 3개월 238만원 42만원 □ 신청기간 ◦ 2026년 2월 2일(월) ~ 예산 소진시 □ 신청방법 ◦ 스마트공장 사업관리시스템(sma || 42.0만원/total_support_scale/review: 기술애로 해결 등 제조 노하우 전수 등 □ 지원 규모 및 조건 ◦ (지원규모) 500개사 내외 ◦ (지원조건) 총 사업비의 85% 지원 氠瑢 구 분 지원방법 지원기간 사업비(분담비율) 정부지원(85%) 민간부담(15%) 사전 기획 DX멘토단 1인 x 8회 최대 3개월 238만원 42만원 □ 신청기간 ◦ 2026년 2월 2일(월) ~ 예산 소진시 □ 신청방법 ◦ 스마트공장 사업관리시스템(sma || 119.0만원/total_support_scale/review: 기술애로 해결 등 제조 노하우 전수 등 □ 지원 규모 및 조건 ◦ (지원규모) 400개사 내외 ◦ (지원조건) 총 사업비의 85% 지원 氠瑢 구 분 지원방법 지원기간 사업비(분담비율) 정부지원(85%) 민간부담(15%) 구축지도 DX멘토단 1인 x 4회 최대 3개월 119만원 21만원 □ 신청기간 ◦ 선도형 스마트공장 구축지원사업 최종 선정 및 협약 후 2주 이내 □ 신청방법 ◦ 스마트공장 || 21.0만원/total_support_scale/review: 기술애로 해결 등 제조 노하우 전수 등 □ 지원 규모 및 조건 ◦ (지원규모) 400개사 내외 ◦ (지원조건) 총 사업비의 85% 지원 氠瑢 구 분 지원방법 지원기간 사업비(분담비율) 정부지원(85%) 민간부담(15%) 구축지도 DX멘토단 1인 x 4회 최대 3개월 119만원 21만원 □ 신청기간 ◦ 선도형 스마트공장 구축지원사업 최종 선정 및 협약 후 2주 이내 □ 신청방법 ◦ 스마트공장 || 1900.0만원/total_support_scale/review: kr) 확인서발급 메뉴를 통해 신청 가능 □ 지원 규모 및 조건 ◦ (지원규모) 210개사 내외 ◦ (지원조건) 총 사업비의 50% 지원 氠瑢 구 분 지원방법 지원기간 사업비(분담비율) 정부지원(50%) 민간부담(50%) 사후관리 총 사업비의 50% 4개월* 최대 19백만원 19백만원 * 사업기간은 연장신청을 통해 최대 2개월까지 연장 가능 || 1900.0만원/total_support_scale/review: kr) 확인서발급 메뉴를 통해 신청 가능 □ 지원 규모 및 조건 ◦ (지원규모) 210개사 내외 ◦ (지원조건) 총 사업비의 50% 지원 氠瑢 구 분 지원방법 지원기간 사업비(분담비율) 정부지원(50%) 민간부담(50%) 사후관리 총 사업비의 50% 4개월* 최대 19백만원 19백만원 * 사업기간은 연장신청을 통해 최대 2개월까지 연장 가능,,,,,,,https://www.smart-factory.kr/usr/bg/ba/ma/bsnsPbancDtl?pbancId=2025-N-0211&pbancSn=1
SMARTFACTORY:2026-N-0005:1,2026년 스마트공장 수준확인 사업 공고,스마트공장 사업관리시스템,True,mixed_manual_review,혼합 수기검수,지원 후보가 혼합되어 대표금액/적용방식 수기확인 필요,pending,consulting_fee:3 | loan:2 | support_ratio:1,6,"200000.0만원/consulting_fee/recommend_only: 중견 제조기업의 자발적인 스마트공장 구축 및 고도화를 촉진하기 위한 스마트화 수준진단을 지원◦(사업 규모)2,000백만 원(수준확인 2 || 1000000.0만원/loan/exclude: 스마트공장 등 ICT기반 생산 효율화를 위한 자동화 시설 도입기업ㅇ (대출한도)연간 100억 원 이내(운전자금은 연간 10억 원 이내)ㅇ (대출기간)①시설자금(10년 이내 || 100000.0만원/loan/exclude: 스마트공장 등 ICT기반 생산 효율화를 위한 자동화 시설 도입기업ㅇ (대출한도)연간 100억 원 이내(운전자금은 연간 10억 원 이내)ㅇ (대출기간)①시설자금(10년 이내 || 200000.0만원/consulting_fee/recommend_only: 중견 제조기업의 자발적인 스마트공장 구축 및 고도화를 촉진하기 위한 스마트화 수준진단을 지원 ◦ (사업 규모) 2,000백만 원 (수준확인 2 || 200000.0만원/consulting_fee/recommend_only: 중견 제조기업의 자발적인 스마트공장 구축 및 고도화를 촉진하기 위한 스마트화 수준진단을 지원 ◦ (사업 규모) 2,000백만 원(수준확인 2 || None만원/support_ratio/ratio_cap: 2026년 스마트공장 수준확인 사업 공고 스마트공장 사업관리시스템 중소벤처기업부 공고 제2026-45호 2026년 스마트공장 수준확인 사업 공고 중소기업 제조현장의 경쟁력 제고를 위하여 중소벤처기업부에서 추진하고 있는 「2026년 스마트공장 수준확인」 사업을 다음과 같이 공고합니다. 2026년 1월 30일 중소벤처기업부 장관 □ 사업 개요 및 신청자격 ○ 첨부파일 참조 □ 신청기간 및 방법",,,,,,,https://www.smart-factory.kr/usr/bg/ba/ma/bsnsPbancDtl?pbancId=2026-N-0005&pbancSn=1
SMARTFACTORY:2026-N-0010:1,2026년도 제조DX멘토단 활용지원(AX기획) 도입기업 모집 공고,스마트공장 사업관리시스템,True,total_scale_manual_review,지원규모 계열 검수,지원규모 계열만 있어 기업당/과제당 한도 여부 수기확인 필요,pending,total_support_scale:2,2,238.0만원/total_support_scale/review: 기술애로 해결 등 제조 노하우 전수 등 □ 지원 규모 및 조건 ◦ (지원규모) 500개사 내외 ◦ (지원조건) 총 사업비의 85% 지원 氠瑢 구 분 지원방법 지원기간 사업비(분담비율) 정부지원(85%) 민간부담(15%) 사전기획 DX멘토단 1인 x 8회 최대 3개월 238만원 42만원 □ 신청기간 ◦ 2026년 2월 2일(월) ~ 예산 소진시 □ 신청방법 ◦ 스마트공장 사업관리시스템(smar || 42.0만원/total_support_scale/review: 기술애로 해결 등 제조 노하우 전수 등 □ 지원 규모 및 조건 ◦ (지원규모) 500개사 내외 ◦ (지원조건) 총 사업비의 85% 지원 氠瑢 구 분 지원방법 지원기간 사업비(분담비율) 정부지원(85%) 민간부담(15%) 사전기획 DX멘토단 1인 x 8회 최대 3개월 238만원 42만원 □ 신청기간 ◦ 2026년 2월 2일(월) ~ 예산 소진시 □ 신청방법 ◦ 스마트공장 사업관리시스템(smar,,,,,,,https://www.smart-factory.kr/usr/bg/ba/ma/bsnsPbancDtl?pbancId=2026-N-0010&pbancSn=1
SMARTFACTORY:2026-N-0011:1,2026년도 제조DX멘토단 활용지원(사전기획) 도입기업 모집 공고,스마트공장 사업관리시스템,True,total_scale_manual_review,지원규모 계열 검수,지원규모 계열만 있어 기업당/과제당 한도 여부 수기확인 필요,pending,total_support_scale:2,2,238.0만원/total_support_scale/review: 기술애로 해결 등 제조 노하우 전수 등 □ 지원 규모 및 조건 ◦ (지원규모) 500개사 내외 ◦ (지원조건) 총 사업비의 85% 지원 氠瑢 구 분 지원방법 지원기간 사업비(분담비율) 정부지원(85%) 민간부담(15%) 사전기획 DX멘토단 1인 x 8회 최대 3개월 238만원 42만원 □ 신청기간 ◦ 2026년 2월 2일(월) ~ 예산 소진시 □ 신청방법 ◦ 스마트공장 사업관리시스템(smar || 42.0만원/total_support_scale/review: 기술애로 해결 등 제조 노하우 전수 등 □ 지원 규모 및 조건 ◦ (지원규모) 500개사 내외 ◦ (지원조건) 총 사업비의 85% 지원 氠瑢 구 분 지원방법 지원기간 사업비(분담비율) 정부지원(85%) 민간부담(15%) 사전기획 DX멘토단 1인 x 8회 최대 3개월 238만원 42만원 □ 신청기간 ◦ 2026년 2월 2일(월) ~ 예산 소진시 □ 신청방법 ◦ 스마트공장 사업관리시스템(smar,,,,,,,https://www.smart-factory.kr/usr/bg/ba/ma/bsnsPbancDtl?pbancId=2026-N-0011&pbancSn=1
SMARTFACTORY:2026-N-0062:3,[2차] 2026 AI 트랙 (삼성) 스마트공장 구축,스마트공장 사업관리시스템,True,total_scale_manual_review,지원규모 계열 검수,지원규모 계열만 있어 기업당/과제당 한도 여부 수기확인 필요,pending,total_support_scale:1,1,30000.0만원/total_support_scale/review: 미디어 연계 글로벌 홍보 - 6 - □ 지원조건【지원내용】구 분 스마트공장(AI 트랙)지원대상스마트공장 고도화(중간1 이상)구축 목표지원규모최대 3억원(총 사업비의 75% 지원)지원비율정부 : 삼성 : 도입기업 2 : 1 : 1 매칭 * 스마트공장 지원 이력이 있거나,,,,,,,https://www.smart-factory.kr/usr/bg/ba/ma/bsnsPbancDtl?pbancId=2026-N-0062&pbancSn=3
SMARTFACTORY:2026-N-0071:1,[경북] 2026년 제조DX멘토단 활용지원사업(구축지도) 도입기업 모집 공고,스마트공장 사업관리시스템,True,total_scale_manual_review,지원규모 계열 검수,지원규모 계열만 있어 기업당/과제당 한도 여부 수기확인 필요,pending,total_support_scale:3,3,119.0만원/total_support_scale/review: 구축 지도 및 운영 애로사항 해결지원 氠瑢 구분 지원기간 지원규모 지원한도 지원비중 접수 평가선정 구축 지도 3개월(4회) 400개사 내외 119만원 85% 최종 협약 후 2주 이내 수시 □ 신청 자격 ◦ 국내 제조기업 중「중소기업기본법」에 따른 중소기업 및 「중견기업 성장촉진 및 경쟁력 강 || 119.0만원/total_support_scale/review: 기술애로 해결 등 제조 노하우 전수 등 □ 지원 규모 및 조건 ◦ (지원규모) 400개사 내외 ◦ (지원조건) 총 사업비의 85% 지원 氠瑢 구 분 지원방법 지원기간 사업비(분담비율) 정부지원 민간부담 구축 지도 DX멘토단 1인 x 4회 최대 3개월 119만원(85%) 21만원(15%) * VAT미포함 □ 신청기간 ◦ 선도형 스마트공장 구축지원사업 최종 선정 및 협약 후 2주 이내 □ 신청방 || 21.0만원/total_support_scale/review: 기술애로 해결 등 제조 노하우 전수 등 □ 지원 규모 및 조건 ◦ (지원규모) 400개사 내외 ◦ (지원조건) 총 사업비의 85% 지원 氠瑢 구 분 지원방법 지원기간 사업비(분담비율) 정부지원 민간부담 구축 지도 DX멘토단 1인 x 4회 최대 3개월 119만원(85%) 21만원(15%) * VAT미포함 □ 신청기간 ◦ 선도형 스마트공장 구축지원사업 최종 선정 및 협약 후 2주 이내 □ 신청방,,,,,,,https://www.smart-factory.kr/usr/bg/ba/ma/bsnsPbancDtl?pbancId=2026-N-0071&pbancSn=1
SMARTFACTORY:2026-N-0073:1,[충남] 2026년 제조DX멘토단 활용지원사업(구축지도) 도입기업 모집 공고,스마트공장 사업관리시스템,True,total_scale_manual_review,지원규모 계열 검수,지원규모 계열만 있어 기업당/과제당 한도 여부 수기확인 필요,pending,total_support_scale:3,3,119.0만원/total_support_scale/review: 구축 지도 및 운영 애로사항 해결지원 氠瑢 구분 지원기간 지원규모 지원한도 지원비중 접수 평가선정 구축 지도 3개월(4회) 400개사 내외 119만원 85% 최종 협약 후 2주 이내 수시 □ 신청 자격 ◦ 국내 제조기업 중「중소기업기본법」에 따른 중소기업 및 「중견기업 성장촉진 및 경쟁력 강 || 119.0만원/total_support_scale/review: 기술애로 해결 등 제조 노하우 전수 등 □ 지원 규모 및 조건 ◦ (지원규모) 400개사 내외 ◦ (지원조건) 총 사업비의 85% 지원 氠瑢 구 분 지원방법 지원기간 사업비(분담비율) 정부지원 민간부담 구축 지도 DX멘토단 1인 x 4회 최대 3개월 119만원(85%) 21만원(15%) * VAT미포함 □ 신청기간 ◦ 선도형 스마트공장 구축지원사업 최종 선정 및 협약 후 2주 이내 □ 신청방 || 21.0만원/total_support_scale/review: 기술애로 해결 등 제조 노하우 전수 등 □ 지원 규모 및 조건 ◦ (지원규모) 400개사 내외 ◦ (지원조건) 총 사업비의 85% 지원 氠瑢 구 분 지원방법 지원기간 사업비(분담비율) 정부지원 민간부담 구축 지도 DX멘토단 1인 x 4회 최대 3개월 119만원(85%) 21만원(15%) * VAT미포함 □ 신청기간 ◦ 선도형 스마트공장 구축지원사업 최종 선정 및 협약 후 2주 이내 □ 신청방,,,,,,,https://www.smart-factory.kr/usr/bg/ba/ma/bsnsPbancDtl?pbancId=2026-N-0073&pbancSn=1
SMARTFACTORY:2026-N-0074:1,[대구] 2026년 제조DX멘토단 활용지원사업(구축지도) 도입기업 모집 공고,스마트공장 사업관리시스템,True,total_scale_manual_review,지원규모 계열 검수,지원규모 계열만 있어 기업당/과제당 한도 여부 수기확인 필요,pending,total_support_scale:3,3,119.0만원/total_support_scale/review: 구축 지도 및 운영 애로사항 해결지원 구분 지원기간 지원규모 지원한도 지원비중 접수 평가선정 구축 지도 3개월(4회) 400개사 내외 119만원 85% 최종 협약 후 2주 이내 수시 □ 신청 자격 ◦ 국내 제조기업 중「중소기업기본법」에 따른 중소기업 및 「중견기업 성장촉진 및 경쟁력 강 || 119.0만원/total_support_scale/review: 기술애로 해결 등 제조 노하우 전수 등 □ 지원 규모 및 조건 ◦ (지원규모) 400개사 내외 ◦ (지원조건) 총 사업비의 85% 지원 구 분 지원방법 지원기간 사업비(분담비율) 정부지원 민간부담 구축 지도 DX멘토단 1인 x 4회 최대 3개월 119만원(85%) 21만원(15%) * VAT미포함 □ 신청기간 ◦ 선도형 스마트공장 구축지원사업 최종 선정 및 협약 후 2주 이내 □ 신청방법 ◦ || 21.0만원/total_support_scale/review: 기술애로 해결 등 제조 노하우 전수 등 □ 지원 규모 및 조건 ◦ (지원규모) 400개사 내외 ◦ (지원조건) 총 사업비의 85% 지원 구 분 지원방법 지원기간 사업비(분담비율) 정부지원 민간부담 구축 지도 DX멘토단 1인 x 4회 최대 3개월 119만원(85%) 21만원(15%) * VAT미포함 □ 신청기간 ◦ 선도형 스마트공장 구축지원사업 최종 선정 및 협약 후 2주 이내 □ 신청방법 ◦,,,,,,,https://www.smart-factory.kr/usr/bg/ba/ma/bsnsPbancDtl?pbancId=2026-N-0074&pbancSn=1
SMARTFACTORY:2026-N-0075:1,[경남]2026년 제조DX멘토단 활용지원(구축지도) 도입기업 모집 공고,스마트공장 사업관리시스템,True,total_scale_manual_review,지원규모 계열 검수,지원규모 계열만 있어 기업당/과제당 한도 여부 수기확인 필요,pending,total_support_scale:3,3,119.0만원/total_support_scale/review: 구축 지도 및 운영 애로사항 해결지원 구분 지원기간 지원규모 지원한도 지원비중 접수 평가선정 구축 지도 3개월(4회) 400개사 내외 119만원 85% 최종 협약 후 2주 이내 수시 □ 신청 자격 ◦ 국내 제조기업 중「중소기업기본법」에 따른 중소기업 및 「중견기업 성장촉진 및 경쟁력 강 || 119.0만원/total_support_scale/review: 기술애로 해결 등 제조 노하우 전수 등 □ 지원 규모 및 조건 ◦ (지원규모) 400개사 내외 ◦ (지원조건) 총 사업비의 85% 지원 구 분 지원방법 지원기간 사업비(분담비율) 정부지원 민간부담 구축 지도 DX멘토단 1인 x 4회 최대 3개월 119만원(85%) 21만원(15%) * VAT미포함 □ 신청기간 ◦ 선도형 스마트공장 구축지원사업 최종 선정 및 협약 후 2주 이내 □ 신청방법 ◦ || 21.0만원/total_support_scale/review: 기술애로 해결 등 제조 노하우 전수 등 □ 지원 규모 및 조건 ◦ (지원규모) 400개사 내외 ◦ (지원조건) 총 사업비의 85% 지원 구 분 지원방법 지원기간 사업비(분담비율) 정부지원 민간부담 구축 지도 DX멘토단 1인 x 4회 최대 3개월 119만원(85%) 21만원(15%) * VAT미포함 □ 신청기간 ◦ 선도형 스마트공장 구축지원사업 최종 선정 및 협약 후 2주 이내 □ 신청방법 ◦,,,,,,,https://www.smart-factory.kr/usr/bg/ba/ma/bsnsPbancDtl?pbancId=2026-N-0075&pbancSn=1
SMARTFACTORY:2026-N-0085:1,[경기북부]2026년 제조DX멘토단 활용지원(구축지도) 도입기업 모집 공고,스마트공장 사업관리시스템,True,total_scale_manual_review,지원규모 계열 검수,지원규모 계열만 있어 기업당/과제당 한도 여부 수기확인 필요,pending,total_support_scale:3,3,119.0만원/total_support_scale/review: 구축 지도 및 운영 애로사항 해결지원 氠瑢 구분 지원기간 지원규모 지원한도 지원비중 접수 평가선정 구축 지도 3개월(4회) 400개사 내외 119만원 85% 최종 협약 후 2주 이내 수시 □ 신청 자격 ◦ 국내 제조기업 중「중소기업기본법」에 따른 중소기업 및 「중견기업 성장촉진 및 경쟁력 강 || 119.0만원/total_support_scale/review: 기술애로 해결 등 제조 노하우 전수 등 □ 지원 규모 및 조건 ◦ (지원규모) 400개사 내외 ◦ (지원조건) 총 사업비의 85% 지원 氠瑢 구 분 지원방법 지원기간 사업비(분담비율) 정부지원 민간부담 구축 지도 DX멘토단 1인 x 4회 최대 3개월 119만원(85%) 21만원(15%) * VAT미포함 □ 신청기간 ◦ 선도형 스마트공장 구축지원사업 최종 선정 및 협약 후 2주 이내 □ 신청방 || 21.0만원/total_support_scale/review: 기술애로 해결 등 제조 노하우 전수 등 □ 지원 규모 및 조건 ◦ (지원규모) 400개사 내외 ◦ (지원조건) 총 사업비의 85% 지원 氠瑢 구 분 지원방법 지원기간 사업비(분담비율) 정부지원 민간부담 구축 지도 DX멘토단 1인 x 4회 최대 3개월 119만원(85%) 21만원(15%) * VAT미포함 □ 신청기간 ◦ 선도형 스마트공장 구축지원사업 최종 선정 및 협약 후 2주 이내 □ 신청방,,,,,,,https://www.smart-factory.kr/usr/bg/ba/ma/bsnsPbancDtl?pbancId=2026-N-0085&pbancSn=1
SMARTFACTORY:2026-N-0090:1,2026년 경북형 스마트공장(기초단계) 구축지원 사업 2차모집_(신규구축),스마트공장 사업관리시스템,True,manual_representative_recoverable,대표금액 회수 가능 후보,현금성/바우처 후보가 있어 수기검수로 대표금액 회수 가능,pending,consulting_fee:1 | fee:1 | support_amount:1 | total_support_scale:4,7,6000.0만원/total_support_scale/review: 지원규모 : 최대 6천만원(기초 || 6000.0만원/total_support_scale/review: 확산 사업 수요 및 추경예산에 따라 변동 가능 ◦ (지원규모) 소요 비용의 60% 지원 (최대 60백만원) 지원구분 지원금 한도 사업기간 접수형태 신규구축 최대 60백만원 (총 사업비의 60% 이내) 6개월 온라인 접수 || 6000.0만원/total_support_scale/review: 확산 사업 수요 및 추경예산에 따라 변동 가능 ◦ (지원규모) 소요 비용의 60% 지원 (최대 60백만원) 지원구분 지원금 한도 사업기간 접수형태 신규구축 최대 60백만원 (총 사업비의 60% 이내) 6개월 온라인 접수 || 6000.0만원/support_amount/subtract: 저장 인프라 구축 등 포함 □ 지원조건 지원유형 지원조건 지원금(최대) 사업기간 신규구축 - 스마트공장 신규 구축 0.6억원 6개월 동일수준 - 수준향상 없이 재신청하는 경우 (기초→기초) 0 || 6000.0만원/consulting_fee/recommend_only: 6억원 6개월 동일수준 - 수준향상 없이 재신청하는 경우 (기초→기초) 0.6억원 6개월 □ [참고] 스마트공장 수준 구분(추진단 확인) 수준구분 수준요약 상세내용 지원유형 Lv || 50.0만원/fee/review: “적정” 또는 “성공” 판정에 따라 지방보조금 지원 ◦ (최종점검 결과 “적정”) : 최종점검 후 지방보조금 전액 교부 ◦ (최종점검 결과 “보완”) : 최종점검 후 지방보조금 50% 교부 최종 재평가 후 지방보조금 잔액 교부 기업부담금 50% 납부 기업부담금 50% 납부 사업착수 중간점검 최종점검(감리) 회계정산 최종평가 “적정” 판정시 지방비지원금 100% 지급 □ 기타사항 ◦ (회계정산 || 6000.0만원/total_support_scale/review: 확산 사업 수요 및 추경예산에 따라 변동 가능 ◦ (지원규모) 소요 비용의 60% 지원(최대 60백만원),,,,,,,https://www.smart-factory.kr/usr/bg/ba/ma/bsnsPbancDtl?pbancId=2026-N-0090&pbancSn=1
SMARTFACTORY:2026-N-0090:3,2026년 경북형 스마트공장(기초단계) 구축지원 사업 2차모집_(동일수준),스마트공장 사업관리시스템,True,manual_representative_recoverable,대표금액 회수 가능 후보,현금성/바우처 후보가 있어 수기검수로 대표금액 회수 가능,pending,consulting_fee:1 | fee:1 | support_amount:1 | total_support_scale:4,7,6000.0만원/total_support_scale/review: 지원규모 : 최대 6천만원(기초 || 6000.0만원/total_support_scale/review: 확산 사업 수요 및 추경예산에 따라 변동 가능 ◦ (지원규모) 소요 비용의 60% 지원 (최대 60백만원) 지원구분 지원금 한도 사업기간 접수형태 신규구축 최대 60백만원 (총 사업비의 60% 이내) 6개월 온라인 접수 || 6000.0만원/total_support_scale/review: 확산 사업 수요 및 추경예산에 따라 변동 가능 ◦ (지원규모) 소요 비용의 60% 지원 (최대 60백만원) 지원구분 지원금 한도 사업기간 접수형태 신규구축 최대 60백만원 (총 사업비의 60% 이내) 6개월 온라인 접수 || 6000.0만원/support_amount/subtract: 저장 인프라 구축 등 포함 □ 지원조건 지원유형 지원조건 지원금(최대) 사업기간 신규구축 - 스마트공장 신규 구축 0.6억원 6개월 동일수준 - 수준향상 없이 재신청하는 경우 (기초→기초) 0 || 6000.0만원/consulting_fee/recommend_only: 6억원 6개월 동일수준 - 수준향상 없이 재신청하는 경우 (기초→기초) 0.6억원 6개월 □ [참고] 스마트공장 수준 구분(추진단 확인) 수준구분 수준요약 상세내용 지원유형 Lv || 50.0만원/fee/review: “적정” 또는 “성공” 판정에 따라 지방보조금 지원 ◦ (최종점검 결과 “적정”) : 최종점검 후 지방보조금 전액 교부 ◦ (최종점검 결과 “보완”) : 최종점검 후 지방보조금 50% 교부 최종 재평가 후 지방보조금 잔액 교부 기업부담금 50% 납부 기업부담금 50% 납부 사업착수 중간점검 최종점검(감리) 회계정산 최종평가 “적정” 판정시 지방비지원금 100% 지급 □ 기타사항 ◦ (회계정산 || 6000.0만원/total_support_scale/review: 확산 사업 수요 및 추경예산에 따라 변동 가능 ◦ (지원규모) 소요 비용의 60% 지원(최대 60백만원),,,,,,,https://www.smart-factory.kr/usr/bg/ba/ma/bsnsPbancDtl?pbancId=2026-N-0090&pbancSn=3
SMARTFACTORY:2026-N-0104:1,2026 제조DX멘토 활용지원 구축지도 도입기업 모집,스마트공장 사업관리시스템,True,total_scale_manual_review,지원규모 계열 검수,지원규모 계열만 있어 기업당/과제당 한도 여부 수기확인 필요,pending,total_support_scale:3,3,862000.0만원/total_support_scale/review: 구축 지도 및 운영 애로사항 해결지원□지원규모 : 총 86.2억원 || 119.0만원/total_support_scale/review: 기술애로 해결 등 제조 노하우 전수 등□지원 규모 및 조건◦(지원규모)400개사 내외 (전국)◦(지원조건)총 사업비의 85%지원구 분지원방법지원기간사업비(분담비율)정부지원(85%)민간부담(15%)구축지도DX멘토단 1인 x 4회최대 3개월119만원21만원□ 신청기간◦대전 스마트공장 구축지원사업 최종 선정 및 협약 후 2주 이내□ 신청방법◦스마트공장 사업관리시스템(smart-factory || 21.0만원/total_support_scale/review: 기술애로 해결 등 제조 노하우 전수 등□지원 규모 및 조건◦(지원규모)400개사 내외 (전국)◦(지원조건)총 사업비의 85%지원구 분지원방법지원기간사업비(분담비율)정부지원(85%)민간부담(15%)구축지도DX멘토단 1인 x 4회최대 3개월119만원21만원□ 신청기간◦대전 스마트공장 구축지원사업 최종 선정 및 협약 후 2주 이내□ 신청방법◦스마트공장 사업관리시스템(smart-factory,,,,,,,https://www.smart-factory.kr/usr/bg/ba/ma/bsnsPbancDtl?pbancId=2026-N-0104&pbancSn=1
SMARTFACTORY:2026-N-0105:1,2026년도 강원 지역특화형(바이오헬스·식품) 스마트공장 구축사업(동일수준) 공고,스마트공장 사업관리시스템,True,manual_representative_recoverable,대표금액 회수 가능 후보,현금성/바우처 후보가 있어 수기검수로 대표금액 회수 가능,pending,education_fee:3 | support_amount:3,6,"20000.0만원/support_amount/subtract: 원 내에서 2회( 1회차 고도화→ 2회차 동일수준) 까지 지원 하되, 회당 최대 2억원 한도, 지원비율 50% 이내에서 지원 가능 * 단, 공고일 전에 스마트공장 구축 || 5000.0만원/support_amount/subtract: 통해 “고도화” 지원받은 기업이 ‘26년도 “동일수준” 신청시, 기존처럼 최대 0.5억원, 6개월 이내 지원 가능(동일수준 지원은 목표수준별 1회만 지원 가능) - 기초 || 8000.0만원/support_amount/subtract: 6개월 이내 지원 가능(동일수준 지원은 목표수준별 1회만 지원 가능) - 기초: 신규 구축 및 동일 수준 0.8 억원 이내(지원 비율 80% 이내) 지원유형 지원기간 정부 지원한도 지원 비율 구축목표수준 || 100.0만원/education_fee/recommend_only: 000 ‘기타비용’에 필수 편성 ② 교육비( 고도화 ) : 스마트공장 기술교육 (사업관리교육 및 기술교육) 수강 비용 (1백만원) 필수 편성 ③ 기술임치비( 고도화 ) : 스마트공장 구축 결과물의 기술임치비 (45만원) 필수 편성 ◦ (임치제도) 사업 결과물의 핵심 정보 || 45.0만원/education_fee/recommend_only: 000 ‘기타비용’에 필수 편성 ② 교육비( 고도화 ) : 스마트공장 기술교육 (사업관리교육 및 기술교육) 수강 비용 (1백만원) 필수 편성 ③ 기술임치비( 고도화 ) : 스마트공장 구축 결과물의 기술임치비 (45만원) 필수 편성 ◦ (임치제도) 사업 결과물의 핵심 정보를 보관하여 개발 결과 || 100.0만원/education_fee/recommend_only: 완료보고서 제출 시 수료증 첨부 - 집합교육으로 비용 발생(사업계획서에 교육비 100만원 계상) * 교육 상세내용 및 일정은 협약 체결 후 추진기관‧운영기관‧교육기관에서 별도 안내 예정 □ 기타 사항 ◦ 동 사업에 최종 선정된 기업",,,,,,,https://www.smart-factory.kr/usr/bg/ba/ma/bsnsPbancDtl?pbancId=2026-N-0105&pbancSn=1
SMARTFACTORY:2026-N-0106:1,(충북) 2026년 제조 AI 현장 적용 지원 사업,스마트공장 사업관리시스템,True,total_scale_manual_review,지원규모 계열 검수,지원규모 계열만 있어 기업당/과제당 한도 여부 수기확인 필요,pending,total_support_scale:1,1,8000.0만원/total_support_scale/review: 제지q (지원규모) 기업당 최대 80백만원 이내,,,,,,,https://www.smart-factory.kr/usr/bg/ba/ma/bsnsPbancDtl?pbancId=2026-N-0106&pbancSn=1
SMARTFACTORY:2026-N-0113:1,[포스코DX] 2026년도 상생형 인공지능 전환(AX) 선도모델 구축지원 사업 공고,스마트공장 사업관리시스템,True,mixed_manual_review,혼합 수기검수,지원 후보가 혼합되어 대표금액/적용방식 수기확인 필요,pending,education_fee:5 | fee:8 | support_ratio:1,14,"150.0만원/education_fee/recommend_only: ②교육비 및 ③기술임치 비용을 사업비의 기타 비용에 필수 포함 ①원가계산비용 :과제 당 1,500,000원 필수 편성 ②교육비 :스마트공장 기술교육(사업관리교육 및 기술교육)수강 비용(1백만원)필수 편성 ③기술임치비 :스마트공장 구축 결과물의 기술임 || 100.0만원/education_fee/recommend_only: 000원 필수 편성 ②교육비 :스마트공장 기술교육(사업관리교육 및 기술교육)수강 비용(1백만원)필수 편성 ③기술임치비 :스마트공장 구축 결과물의 기술임치비(45만원)필수 편성 ◦ (임치제도) 사업 결과물의 핵심 정보를 보관하여 개발 결과 || 45.0만원/education_fee/recommend_only: 000원 필수 편성 ②교육비 :스마트공장 기술교육(사업관리교육 및 기술교육)수강 비용(1백만원)필수 편성 ③기술임치비 :스마트공장 구축 결과물의 기술임치비(45만원)필수 편성 ◦ (임치제도) 사업 결과물의 핵심 정보를 보관하여 개발 결과 || 5000.0만원/fee/review: kr) ④정산 수수료 :지정 회계법인의 사업비 상시모니터링 및 정산을 위한 수수료 필수 편성총사업비 규모표준수수료(공급가액 기준) 비고50백만원 이하455천원부가세 제외200백만원 이하637천원400백만원 이하910천원400백만원 초과1 || 45.5만원/fee/review: kr) ④정산 수수료 :지정 회계법인의 사업비 상시모니터링 및 정산을 위한 수수료 필수 편성총사업비 규모표준수수료(공급가액 기준) 비고50백만원 이하455천원부가세 제외200백만원 이하637천원400백만원 이하910천원400백만원 초과1 || 20000.0만원/fee/review: kr) ④정산 수수료 :지정 회계법인의 사업비 상시모니터링 및 정산을 위한 수수료 필수 편성총사업비 규모표준수수료(공급가액 기준) 비고50백만원 이하455천원부가세 제외200백만원 이하637천원400백만원 이하910천원400백만원 초과1 || 63.7만원/fee/review: kr) ④정산 수수료 :지정 회계법인의 사업비 상시모니터링 및 정산을 위한 수수료 필수 편성총사업비 규모표준수수료(공급가액 기준) 비고50백만원 이하455천원부가세 제외200백만원 이하637천원400백만원 이하910천원400백만원 초과1 || 40000.0만원/fee/review: kr) ④정산 수수료 :지정 회계법인의 사업비 상시모니터링 및 정산을 위한 수수료 필수 편성총사업비 규모표준수수료(공급가액 기준) 비고50백만원 이하455천원부가세 제외200백만원 이하637천원400백만원 이하910천원400백만원 초과1 || ... 후보 6개 추가",,,,,,,https://www.smart-factory.kr/usr/bg/ba/ma/bsnsPbancDtl?pbancId=2026-N-0113&pbancSn=1
SMARTFACTORY:2026-N-0114:1,[미라콤] 2026년도 상생형 인공지능 전환(AX) 선도모델 구축지원 사업 공고,스마트공장 사업관리시스템,True,mixed_manual_review,혼합 수기검수,지원 후보가 혼합되어 대표금액/적용방식 수기확인 필요,pending,education_fee:5 | fee:8 | support_ratio:1,14,"150.0만원/education_fee/recommend_only: ②교육비 및 ③기술임치 비용을 사업비의 기타 비용에 필수 포함 ①원가계산비용 :과제 당 1,500,000원 필수 편성 ②교육비 :스마트공장 기술교육(사업관리교육 및 기술교육)수강 비용(1백만원)필수 편성 ③기술임치비 :스마트공장 구축 결과물의 기술임 || 100.0만원/education_fee/recommend_only: 000원 필수 편성 ②교육비 :스마트공장 기술교육(사업관리교육 및 기술교육)수강 비용(1백만원)필수 편성 ③기술임치비 :스마트공장 구축 결과물의 기술임치비(45만원)필수 편성 ◦ (임치제도) 사업 결과물의 핵심 정보를 보관하여 개발 결과 || 45.0만원/education_fee/recommend_only: 000원 필수 편성 ②교육비 :스마트공장 기술교육(사업관리교육 및 기술교육)수강 비용(1백만원)필수 편성 ③기술임치비 :스마트공장 구축 결과물의 기술임치비(45만원)필수 편성 ◦ (임치제도) 사업 결과물의 핵심 정보를 보관하여 개발 결과 || 5000.0만원/fee/review: kr) - 7 - ④정산 수수료 :지정 회계법인의 사업비 상시모니터링 및 정산을 위한 수수료 필수 편성총사업비 규모표준수수료(공급가액 기준) 비고50백만원 이하455천원부가세 제외200백만원 이하637천원400백만원 이하910천원400백만원 초과1 || 45.5만원/fee/review: kr) - 7 - ④정산 수수료 :지정 회계법인의 사업비 상시모니터링 및 정산을 위한 수수료 필수 편성총사업비 규모표준수수료(공급가액 기준) 비고50백만원 이하455천원부가세 제외200백만원 이하637천원400백만원 이하910천원400백만원 초과1 || 20000.0만원/fee/review: kr) - 7 - ④정산 수수료 :지정 회계법인의 사업비 상시모니터링 및 정산을 위한 수수료 필수 편성총사업비 규모표준수수료(공급가액 기준) 비고50백만원 이하455천원부가세 제외200백만원 이하637천원400백만원 이하910천원400백만원 초과1 || 63.7만원/fee/review: kr) - 7 - ④정산 수수료 :지정 회계법인의 사업비 상시모니터링 및 정산을 위한 수수료 필수 편성총사업비 규모표준수수료(공급가액 기준) 비고50백만원 이하455천원부가세 제외200백만원 이하637천원400백만원 이하910천원400백만원 초과1 || 40000.0만원/fee/review: kr) - 7 - ④정산 수수료 :지정 회계법인의 사업비 상시모니터링 및 정산을 위한 수수료 필수 편성총사업비 규모표준수수료(공급가액 기준) 비고50백만원 이하455천원부가세 제외200백만원 이하637천원400백만원 이하910천원400백만원 초과1 || ... 후보 6개 추가",,,,,,,https://www.smart-factory.kr/usr/bg/ba/ma/bsnsPbancDtl?pbancId=2026-N-0114&pbancSn=1
SMARTFACTORY:2026-N-0115:1,[LS일렉트릭] 2026년도 상생형 인공지능 전환(AX) 선도모델 구축지원 사업 공고,스마트공장 사업관리시스템,True,mixed_manual_review,혼합 수기검수,지원 후보가 혼합되어 대표금액/적용방식 수기확인 필요,pending,education_fee:5 | fee:8 | support_ratio:1,14,"150.0만원/education_fee/recommend_only: ②교육비 및 ③기술임치 비용을 사업비의 기타 비용에 필수 포함 ①원가계산비용 :과제 당 1,500,000원 필수 편성 ②교육비 :스마트공장 기술교육(사업관리교육 및 기술교육)수강 비용(1백만원)필수 편성 ③기술임치비 :스마트공장 구축 결과물의 기술임 || 100.0만원/education_fee/recommend_only: 000원 필수 편성 ②교육비 :스마트공장 기술교육(사업관리교육 및 기술교육)수강 비용(1백만원)필수 편성 ③기술임치비 :스마트공장 구축 결과물의 기술임치비(45만원)필수 편성 ◦ (임치제도) 사업 결과물의 핵심 정보를 보관하여 개발 결과 || 45.0만원/education_fee/recommend_only: 000원 필수 편성 ②교육비 :스마트공장 기술교육(사업관리교육 및 기술교육)수강 비용(1백만원)필수 편성 ③기술임치비 :스마트공장 구축 결과물의 기술임치비(45만원)필수 편성 ◦ (임치제도) 사업 결과물의 핵심 정보를 보관하여 개발 결과 || 5000.0만원/fee/review: kr) - 7 - ④정산 수수료 :지정 회계법인의 사업비 상시모니터링 및 정산을 위한 수수료 필수 편성총사업비 규모표준수수료(공급가액 기준) 비고50백만원 이하455천원부가세 제외200백만원 이하637천원400백만원 이하910천원400백만원 초과1 || 45.5만원/fee/review: kr) - 7 - ④정산 수수료 :지정 회계법인의 사업비 상시모니터링 및 정산을 위한 수수료 필수 편성총사업비 규모표준수수료(공급가액 기준) 비고50백만원 이하455천원부가세 제외200백만원 이하637천원400백만원 이하910천원400백만원 초과1 || 20000.0만원/fee/review: kr) - 7 - ④정산 수수료 :지정 회계법인의 사업비 상시모니터링 및 정산을 위한 수수료 필수 편성총사업비 규모표준수수료(공급가액 기준) 비고50백만원 이하455천원부가세 제외200백만원 이하637천원400백만원 이하910천원400백만원 초과1 || 63.7만원/fee/review: kr) - 7 - ④정산 수수료 :지정 회계법인의 사업비 상시모니터링 및 정산을 위한 수수료 필수 편성총사업비 규모표준수수료(공급가액 기준) 비고50백만원 이하455천원부가세 제외200백만원 이하637천원400백만원 이하910천원400백만원 초과1 || 40000.0만원/fee/review: kr) - 7 - ④정산 수수료 :지정 회계법인의 사업비 상시모니터링 및 정산을 위한 수수료 필수 편성총사업비 규모표준수수료(공급가액 기준) 비고50백만원 이하455천원부가세 제외200백만원 이하637천원400백만원 이하910천원400백만원 초과1 || ... 후보 6개 추가",,,,,,,https://www.smart-factory.kr/usr/bg/ba/ma/bsnsPbancDtl?pbancId=2026-N-0115&pbancSn=1
SMARTFACTORY:2026-N-0118:1,[LG전자] 2026년도 상생형 인공지능 전환(AX) 선도모델 구축지원 사업 공고,스마트공장 사업관리시스템,True,mixed_manual_review,혼합 수기검수,지원 후보가 혼합되어 대표금액/적용방식 수기확인 필요,pending,education_fee:5 | fee:8 | support_ratio:1,14,"150.0만원/education_fee/recommend_only: ②교육비 및 ③기술임치 비용을 사업비의 기타 비용에 필수 포함 ①원가계산비용 :과제 당 1,500,000원 필수 편성 ②교육비 :스마트공장 기술교육(사업관리교육 및 기술교육)수강 비용(1백만원)필수 편성 ③기술임치비 :스마트공장 구축 결과물의 기술임 || 100.0만원/education_fee/recommend_only: 000원 필수 편성 ②교육비 :스마트공장 기술교육(사업관리교육 및 기술교육)수강 비용(1백만원)필수 편성 ③기술임치비 :스마트공장 구축 결과물의 기술임치비(45만원)필수 편성 ◦ (임치제도) 사업 결과물의 핵심 정보를 보관하여 개발 결과 || 45.0만원/education_fee/recommend_only: 000원 필수 편성 ②교육비 :스마트공장 기술교육(사업관리교육 및 기술교육)수강 비용(1백만원)필수 편성 ③기술임치비 :스마트공장 구축 결과물의 기술임치비(45만원)필수 편성 ◦ (임치제도) 사업 결과물의 핵심 정보를 보관하여 개발 결과 || 5000.0만원/fee/review: kr) ④정산 수수료 :지정 회계법인이 사업비 상시모니터링 및 정산을 위한 수수료 필수 편성총사업비 규모표준수수료(공급가액 기준) 비고50백만원 이하455천원부가세 제외200백만원 이하637천원400백만원 이하910천원400백만원 초과1 || 45.5만원/fee/review: kr) ④정산 수수료 :지정 회계법인이 사업비 상시모니터링 및 정산을 위한 수수료 필수 편성총사업비 규모표준수수료(공급가액 기준) 비고50백만원 이하455천원부가세 제외200백만원 이하637천원400백만원 이하910천원400백만원 초과1 || 20000.0만원/fee/review: kr) ④정산 수수료 :지정 회계법인이 사업비 상시모니터링 및 정산을 위한 수수료 필수 편성총사업비 규모표준수수료(공급가액 기준) 비고50백만원 이하455천원부가세 제외200백만원 이하637천원400백만원 이하910천원400백만원 초과1 || 63.7만원/fee/review: kr) ④정산 수수료 :지정 회계법인이 사업비 상시모니터링 및 정산을 위한 수수료 필수 편성총사업비 규모표준수수료(공급가액 기준) 비고50백만원 이하455천원부가세 제외200백만원 이하637천원400백만원 이하910천원400백만원 초과1 || 40000.0만원/fee/review: kr) ④정산 수수료 :지정 회계법인이 사업비 상시모니터링 및 정산을 위한 수수료 필수 편성총사업비 규모표준수수료(공급가액 기준) 비고50백만원 이하455천원부가세 제외200백만원 이하637천원400백만원 이하910천원400백만원 초과1 || ... 후보 6개 추가",,,,,,,https://www.smart-factory.kr/usr/bg/ba/ma/bsnsPbancDtl?pbancId=2026-N-0118&pbancSn=1
SMARTFACTORY:2026-N-0119:1,[CJ올리브네트웍스] 2026년도 상생형 인공지능 전환(AX) 선도모델 구축지원 사업 공고,스마트공장 사업관리시스템,True,mixed_manual_review,혼합 수기검수,지원 후보가 혼합되어 대표금액/적용방식 수기확인 필요,pending,education_fee:5 | fee:8 | support_ratio:1,14,"150.0만원/education_fee/recommend_only: ②교육비 및 ③기술임치 비용을 사업비의 기타 비용에 필수 포함 ①원가계산비용 :과제 당 1,500,000원 필수 편성 ②교육비 :스마트공장 기술교육(사업관리교육 및 기술교육)수강 비용(1백만원)필수 편성 ③기술임치비 :스마트공장 구축 결과물의 기술임 || 100.0만원/education_fee/recommend_only: 000원 필수 편성 ②교육비 :스마트공장 기술교육(사업관리교육 및 기술교육)수강 비용(1백만원)필수 편성 ③기술임치비 :스마트공장 구축 결과물의 기술임치비(45만원)필수 편성 - 8 - ◦ (임치제도) 사업 결과물의 핵심 정보를 보관하여 || 45.0만원/education_fee/recommend_only: 000원 필수 편성 ②교육비 :스마트공장 기술교육(사업관리교육 및 기술교육)수강 비용(1백만원)필수 편성 ③기술임치비 :스마트공장 구축 결과물의 기술임치비(45만원)필수 편성 - 8 - ◦ (임치제도) 사업 결과물의 핵심 정보를 보관하여 개발 결과 || 5000.0만원/fee/review: kr) ④정산 수수료 :지정 회계법인이 사업비 상시모니터링 및 정산을 위한 수수료 필수 편성총사업비 규모표준수수료(공급가액 기준) 비고50백만원 이하455천원부가세 제외200백만원 이하637천원400백만원 이하910천원400백만원 초과1 || 45.5만원/fee/review: kr) ④정산 수수료 :지정 회계법인이 사업비 상시모니터링 및 정산을 위한 수수료 필수 편성총사업비 규모표준수수료(공급가액 기준) 비고50백만원 이하455천원부가세 제외200백만원 이하637천원400백만원 이하910천원400백만원 초과1 || 20000.0만원/fee/review: kr) ④정산 수수료 :지정 회계법인이 사업비 상시모니터링 및 정산을 위한 수수료 필수 편성총사업비 규모표준수수료(공급가액 기준) 비고50백만원 이하455천원부가세 제외200백만원 이하637천원400백만원 이하910천원400백만원 초과1 || 63.7만원/fee/review: kr) ④정산 수수료 :지정 회계법인이 사업비 상시모니터링 및 정산을 위한 수수료 필수 편성총사업비 규모표준수수료(공급가액 기준) 비고50백만원 이하455천원부가세 제외200백만원 이하637천원400백만원 이하910천원400백만원 초과1 || 40000.0만원/fee/review: kr) ④정산 수수료 :지정 회계법인이 사업비 상시모니터링 및 정산을 위한 수수료 필수 편성총사업비 규모표준수수료(공급가액 기준) 비고50백만원 이하455천원부가세 제외200백만원 이하637천원400백만원 이하910천원400백만원 초과1 || ... 후보 6개 추가",,,,,,,https://www.smart-factory.kr/usr/bg/ba/ma/bsnsPbancDtl?pbancId=2026-N-0119&pbancSn=1
SMARTFACTORY:2026-N-0120:1,[한국네트웍스] 2026년도 상생형 인공지능 전환(AX) 선도모델 구축지원 사업 공고,스마트공장 사업관리시스템,True,mixed_manual_review,혼합 수기검수,지원 후보가 혼합되어 대표금액/적용방식 수기확인 필요,pending,education_fee:5 | fee:8 | support_ratio:1,14,"150.0만원/education_fee/recommend_only: ②교육비 및 ③기술임치 비용을 사업비의 기타 비용에 필수 포함 ①원가계산비용 :과제 당 1,500,000원 필수 편성 ②교육비 :스마트공장 기술교육(사업관리교육 및 기술교육)수강 비용(1백만원)필수 편성 ③기술임치비 :스마트공장 구축 결과물의 기술임 || 100.0만원/education_fee/recommend_only: 000원 필수 편성 ②교육비 :스마트공장 기술교육(사업관리교육 및 기술교육)수강 비용(1백만원)필수 편성 ③기술임치비 :스마트공장 구축 결과물의 기술임치비(45만원)필수 편성 ◦ (임치제도) 사업 결과물의 핵심 정보를 보관하여 개발 결과 || 45.0만원/education_fee/recommend_only: 000원 필수 편성 ②교육비 :스마트공장 기술교육(사업관리교육 및 기술교육)수강 비용(1백만원)필수 편성 ③기술임치비 :스마트공장 구축 결과물의 기술임치비(45만원)필수 편성 ◦ (임치제도) 사업 결과물의 핵심 정보를 보관하여 개발 결과 || 5000.0만원/fee/review: kr) - 7 - ④정산 수수료 :지정 회계법인의 사업비 상시모니터링 및 정산을 위한 수수료 필수 편성총사업비 규모표준수수료(공급가액 기준) 비고50백만원 이하455천원부가세 제외200백만원 이하637천원400백만원 이하910천원400백만원 초과1 || 45.5만원/fee/review: kr) - 7 - ④정산 수수료 :지정 회계법인의 사업비 상시모니터링 및 정산을 위한 수수료 필수 편성총사업비 규모표준수수료(공급가액 기준) 비고50백만원 이하455천원부가세 제외200백만원 이하637천원400백만원 이하910천원400백만원 초과1 || 20000.0만원/fee/review: kr) - 7 - ④정산 수수료 :지정 회계법인의 사업비 상시모니터링 및 정산을 위한 수수료 필수 편성총사업비 규모표준수수료(공급가액 기준) 비고50백만원 이하455천원부가세 제외200백만원 이하637천원400백만원 이하910천원400백만원 초과1 || 63.7만원/fee/review: kr) - 7 - ④정산 수수료 :지정 회계법인의 사업비 상시모니터링 및 정산을 위한 수수료 필수 편성총사업비 규모표준수수료(공급가액 기준) 비고50백만원 이하455천원부가세 제외200백만원 이하637천원400백만원 이하910천원400백만원 초과1 || 40000.0만원/fee/review: kr) - 7 - ④정산 수수료 :지정 회계법인의 사업비 상시모니터링 및 정산을 위한 수수료 필수 편성총사업비 규모표준수수료(공급가액 기준) 비고50백만원 이하455천원부가세 제외200백만원 이하637천원400백만원 이하910천원400백만원 초과1 || ... 후보 6개 추가",,,,,,,https://www.smart-factory.kr/usr/bg/ba/ma/bsnsPbancDtl?pbancId=2026-N-0120&pbancSn=1
SMARTFACTORY:2026-N-0121:1,2026년「푸드테크 스마트 제조 기반 구축」사업 공고(기초)_4차 재공고,스마트공장 사업관리시스템,True,manual_representative_recoverable,대표금액 회수 가능 후보,현금성/바우처 후보가 있어 수기검수로 대표금액 회수 가능,pending,loan:3 | non_cash:1 | support_amount:1 | support_ratio:1,6,"6000.0만원/support_amount/subtract: 기업 브랜드 강화로 기업 정책자금 단계별 맞춤 지원프로그램 연계지원 □ 지원조건 ◦ 스마트공장 구축 지원유형 지원기간 지원한도 지원비율 구축목표수준 1) 기초 2) 최대 6개월 최대 0.6억원 지자체 70% 이내 기초수준 스마트공장 구축 기초 (동일수준) 최대 6개월 최대 0 || 80000.0만원/loan/exclude: 체 등 생산설비에 소요되는 자금 장기저리, 융자 지원 * 금리 2.5%(변동), 8억원(시설)/3년거치, 5년 균등분할 * 사업장 신축 및 부지매입비, 공장매입비, 사 || 6000000.0만원/loan/exclude: 생산설비 구입 등에 소요되는 자금 총융자액 600억 규모로 운영 중 지원 예산 범위 내 일부 연계 지원 시제품 제작 지원 [시제품 제작 지원] K-푸드 수출향 제품 || 400.0만원/non_cash/recommend_only: 수출 적합성 검토 인증비용 - 최대 4백만원 || 80000.0만원/loan/exclude: 체 등 생산설비에 소요되는 자금 장기저리, 융자 지원 * 금리 2.5%(변동), 8억원(시설)/3년거치, 5년 균등분할 * 사업장 신축 및 부지매입비, 공장매입비, 사 || None만원/support_ratio/ratio_cap: 2026년「푸드테크 스마트 제조 기반 구축」사업 공고(기초)_4차 재공고 스마트공장 사업관리시스템 [ 구미전자정보기술원 공고 2026-172 호 ] 2026 년 「 푸드테크 스마트 제조 기반 구축 」 사업 공고 (4차 재공고) 식품 제조 · 가공업체 생산 제조현장의 첨단화로 안정적인 식자제 관리 , 스마트 식품생산 , 품질관리 기반 구축과 글로벌 경쟁력을 제고하고 , 식품산업 분야 스마트 제",,,,,,,https://www.smart-factory.kr/usr/bg/ba/ma/bsnsPbancDtl?pbancId=2026-N-0121&pbancSn=1
SMARTFACTORY:2026-N-0122:1,[코오롱베니트] 2026년도 상생형 인공지능 전환(AX) 선도모델 구축지원 사업 공고,스마트공장 사업관리시스템,True,mixed_manual_review,혼합 수기검수,지원 후보가 혼합되어 대표금액/적용방식 수기확인 필요,pending,education_fee:5 | fee:8 | support_ratio:1,14,"150.0만원/education_fee/recommend_only: ②교육비 및 ③기술임치 비용을 사업비의 기타 비용에 필수 포함 ①원가계산비용 :과제 당 1,500,000원 필수 편성 ②교육비 :스마트공장 기술교육(사업관리교육 및 기술교육)수강 비용(1백만원)필수 편성 ③기술임치비 :스마트공장 구축 결과물의 기술임 || 100.0만원/education_fee/recommend_only: 000원 필수 편성 ②교육비 :스마트공장 기술교육(사업관리교육 및 기술교육)수강 비용(1백만원)필수 편성 ③기술임치비 :스마트공장 구축 결과물의 기술임치비(45만원)필수 편성 ◦ (임치제도) 사업 결과물의 핵심 정보를 보관하여 개발 결과 || 45.0만원/education_fee/recommend_only: 000원 필수 편성 ②교육비 :스마트공장 기술교육(사업관리교육 및 기술교육)수강 비용(1백만원)필수 편성 ③기술임치비 :스마트공장 구축 결과물의 기술임치비(45만원)필수 편성 ◦ (임치제도) 사업 결과물의 핵심 정보를 보관하여 개발 결과 || 5000.0만원/fee/review: kr) ④정산 수수료 :지정 회계법인이 사업비 상시모니터링 및 정산을 위한 수수료 필수 편성총사업비 규모표준수수료(공급가액 기준) 비고50백만원 이하455천원부가세 제외200백만원 이하637천원400백만원 이하910천원400백만원 초과1 || 45.5만원/fee/review: kr) ④정산 수수료 :지정 회계법인이 사업비 상시모니터링 및 정산을 위한 수수료 필수 편성총사업비 규모표준수수료(공급가액 기준) 비고50백만원 이하455천원부가세 제외200백만원 이하637천원400백만원 이하910천원400백만원 초과1 || 20000.0만원/fee/review: kr) ④정산 수수료 :지정 회계법인이 사업비 상시모니터링 및 정산을 위한 수수료 필수 편성총사업비 규모표준수수료(공급가액 기준) 비고50백만원 이하455천원부가세 제외200백만원 이하637천원400백만원 이하910천원400백만원 초과1 || 63.7만원/fee/review: kr) ④정산 수수료 :지정 회계법인이 사업비 상시모니터링 및 정산을 위한 수수료 필수 편성총사업비 규모표준수수료(공급가액 기준) 비고50백만원 이하455천원부가세 제외200백만원 이하637천원400백만원 이하910천원400백만원 초과1 || 40000.0만원/fee/review: kr) ④정산 수수료 :지정 회계법인이 사업비 상시모니터링 및 정산을 위한 수수료 필수 편성총사업비 규모표준수수료(공급가액 기준) 비고50백만원 이하455천원부가세 제외200백만원 이하637천원400백만원 이하910천원400백만원 초과1 || ... 후보 6개 추가",,,,,,,https://www.smart-factory.kr/usr/bg/ba/ma/bsnsPbancDtl?pbancId=2026-N-0122&pbancSn=1
SMARTFACTORY:2026-N-0123:1,[한솔PNS] 2026년도 상생형 인공지능 전환(AX) 선도모델 구축지원 사업 공고,스마트공장 사업관리시스템,True,mixed_manual_review,혼합 수기검수,지원 후보가 혼합되어 대표금액/적용방식 수기확인 필요,pending,education_fee:5 | fee:8 | support_ratio:1,14,"150.0만원/education_fee/recommend_only: ②교육비 및 ③기술임치 비용을 사업비의 기타 비용에 필수 포함 ① 원가계산비용 : 과제 당 1,500,000원 필수 편성 ② 교육비 : 스마트공장 기술교육 (사업관리교육 및 기술교육) 수강 비용 (1백만원) 필수 편성 ③ 기술임치비 : 스마트공장 구축 || 100.0만원/education_fee/recommend_only: 000원 필수 편성 ② 교육비 : 스마트공장 기술교육 (사업관리교육 및 기술교육) 수강 비용 (1백만원) 필수 편성 ③ 기술임치비 : 스마트공장 구축 결과물의 기술임치비 (45만원) 필수 편성 ◦ (임치제도) 사업 결과물의 핵심 정보를 보관하여 || 45.0만원/education_fee/recommend_only: 000원 필수 편성 ② 교육비 : 스마트공장 기술교육 (사업관리교육 및 기술교육) 수강 비용 (1백만원) 필수 편성 ③ 기술임치비 : 스마트공장 구축 결과물의 기술임치비 (45만원) 필수 편성 ◦ (임치제도) 사업 결과물의 핵심 정보를 보관하여 개발 결과 || 5000.0만원/fee/review: kr ) ④ 정산 수수료 : 지정 회계법인이 사업비 상시모니터링 및 정산을 위한 수수료 필수 편성 총사업비 규모 표준수수료(공급가액 기준) 비고 50백만원 이하 455천원 부가세 제외 200백만원 이하 637천원 400백만원 이하 910천원 400백만원 초과 1 || 45.5만원/fee/review: kr ) ④ 정산 수수료 : 지정 회계법인이 사업비 상시모니터링 및 정산을 위한 수수료 필수 편성 총사업비 규모 표준수수료(공급가액 기준) 비고 50백만원 이하 455천원 부가세 제외 200백만원 이하 637천원 400백만원 이하 910천원 400백만원 초과 1 || 20000.0만원/fee/review: kr ) ④ 정산 수수료 : 지정 회계법인이 사업비 상시모니터링 및 정산을 위한 수수료 필수 편성 총사업비 규모 표준수수료(공급가액 기준) 비고 50백만원 이하 455천원 부가세 제외 200백만원 이하 637천원 400백만원 이하 910천원 400백만원 초과 1 || 63.7만원/fee/review: kr ) ④ 정산 수수료 : 지정 회계법인이 사업비 상시모니터링 및 정산을 위한 수수료 필수 편성 총사업비 규모 표준수수료(공급가액 기준) 비고 50백만원 이하 455천원 부가세 제외 200백만원 이하 637천원 400백만원 이하 910천원 400백만원 초과 1 || 40000.0만원/fee/review: kr ) ④ 정산 수수료 : 지정 회계법인이 사업비 상시모니터링 및 정산을 위한 수수료 필수 편성 총사업비 규모 표준수수료(공급가액 기준) 비고 50백만원 이하 455천원 부가세 제외 200백만원 이하 637천원 400백만원 이하 910천원 400백만원 초과 1 || ... 후보 6개 추가",,,,,,,https://www.smart-factory.kr/usr/bg/ba/ma/bsnsPbancDtl?pbancId=2026-N-0123&pbancSn=1
SMARTFACTORY:2026-N-0124:1,[현대자동차 그룹] 2026년도 상생형 인공지능 전환(AX) 선도모델 구축지원 사업 공고,스마트공장 사업관리시스템,True,mixed_manual_review,혼합 수기검수,지원 후보가 혼합되어 대표금액/적용방식 수기확인 필요,pending,education_fee:4 | support_ratio:1,5,"150.0만원/education_fee/recommend_only: ②교육비 및 ③기술임치 비용을 사업비의 기타 비용에 필수 포함 ①원가계산비용 :과제 당 1,500,000원 필수 편성 ②교육비 :스마트공장 기술교육(사업관리교육 및 기술교육)수강 비용(1백만원)필수 편성 ③기술임치비 :스마트공장 구축 결과물의 기술임 || 100.0만원/education_fee/recommend_only: 000원 필수 편성 ②교육비 :스마트공장 기술교육(사업관리교육 및 기술교육)수강 비용(1백만원)필수 편성 ③기술임치비 :스마트공장 구축 결과물의 기술임치비(45만원)필수 편성 ◦ (임치제도) 사업 결과물의 핵심 정보를 보관하여 개발 결과 || 45.0만원/education_fee/recommend_only: 000원 필수 편성 ②교육비 :스마트공장 기술교육(사업관리교육 및 기술교육)수강 비용(1백만원)필수 편성 ③기술임치비 :스마트공장 구축 결과물의 기술임치비(45만원)필수 편성 ◦ (임치제도) 사업 결과물의 핵심 정보를 보관하여 개발 결과 || 100.0만원/education_fee/recommend_only: 완료보고서 제출 시 수료증 첨부- 집합교육으로 비용 발생(사업계획서에 교육비 100만원 계상) - 8 - 5 || None만원/support_ratio/ratio_cap: [현대자동차 그룹] 2026년도 상생형 인공지능 전환(AX) 선도모델 구축지원 사업 공고 스마트공장 사업관리시스템 ※ 예산소진으로 신청마감되었습니다. [attachment_text 1: 2026년 상생형 인공지능 전환(AX) 선도모델 구축지원 도입기업 모집 공고문.pdf] - 1 - [K-Mobility 브릿지 재단 공고번호 제2026-001호]2026년도 상생형 인공지능 전환(AX) 선도모",,,,,,,https://www.smart-factory.kr/usr/bg/ba/ma/bsnsPbancDtl?pbancId=2026-N-0124&pbancSn=1
TECHNOPARK:1316,아산시 CES 2027 기업지원 사업 참가기업 모집 재공고,충남테크노파크,True,mixed_manual_review,혼합 수기검수,지원 후보가 혼합되어 대표금액/적용방식 수기확인 필요,pending,consulting_fee:1 | total_support_scale:2,3,"2900.0만원/total_support_scale/review: 최대 29,000천원 이내(부가세 미지원) 氠瑢 구 분 지원항목 지원규모 전시 부스 및 혁신상 지원 (부스임차 및 설치비) 행사 참가를 위한 부스 임차 및 설치 비 || 2900.0만원/total_support_scale/review: 000천원 이내(부가세 미지원) 氠瑢 구 분 지원항목 지원규모 전시 부스 및 혁신상 지원 (부스임차 및 설치비) 행사 참가를 위한 부스 임차 및 설치 비용 전액 지원 (29,000천원 이내) (통역비) 전시회 활동을 위한 전문 통역사 활용 비용 (물류비) 전시회용 제품의 현지 이송을 위한 물류비 (참가기업 간담회) 현지 성과 || 2900.0만원/consulting_fee/recommend_only: 영문(해당시) 재무 및 고용현황 매출(단위: 백만원) 수출액(단위: 천USD) 고용(단위: 명) 2024년 2025년 2024년 2025년 2024년 2025년 참가 신청 내용 기업지원 프로그램 신청여부 지원한도 전시부스 전시 부스 임차 및 설치 지원 필수 신청 최대 29,000천원 이내 통역 지원 물류비 지원 혁신상 지원 혁신상 컨설팅 및 신청비 지원 홍보비 홍보물 제작비 지원 체재비 항공",,,,,,,https://www.ctp.or.kr/business/datadetail.do?seq=2709280
TECHNOPARK:1343,2026년 충남 디스플레이 특화단지 R&D 컨설팅 지원 수혜기업 모집,충남테크노파크,True,manual_representative_recoverable,대표금액 회수 가능 후보,현금성/바우처 후보가 있어 수기검수로 대표금액 회수 가능,pending,support_amount:2,2,"100.0만원/support_amount/subtract: 발표자료 보완지원 *공모사업 신청서류 검토 및 보완지원 포함 기업당 1,000천원 이내 Special R&D 기획 || 300.0만원/support_amount/subtract: R&D 연계 지원 기업당 3,000천원 이내",,,,,,,https://www.ctp.or.kr/business/datadetail.do?seq=2709286
TECHNOPARK:1348,(2026-127호) 2026년 강원지역연구장비 서비스 활성화 지원사업 참여기관 모집 공고,강원테크노파크,True,manual_representative_recoverable,대표금액 회수 가능 후보,현금성/바우처 후보가 있어 수기검수로 대표금액 회수 가능,pending,support_amount:2,2,"1000.0만원/support_amount/subtract: (금)  지원내용:‘세부 추진내용’내 지원내용 참조  지원금액: 기관별 최대 10,000천원 이내 지원(천원 단위 절사) || 1000.0만원/support_amount/subtract: kr) 접속 후 상단 ’강원연구장비종합정보망을’ 클릭 후 접수 장비 검색  지원금액: 기관별 최대 10,000천원 이내(천원 단위 절사) - 발생비용의 최대 80% 이내 지원금 지급",,,,,,,https://www.gwtp.or.kr/gwtp/bbsNew_view.php?bbs_data=aWR4PTMxNTMmc3RhcnRQYWdlPSZsaXN0Tm89JnRhYmxlPWNzX2Jic19kYXRhX25ldyZjb2RlPXN1YjAxYiZzZWFyY2hfaXRlbT0mc2VhcmNoX29yZGVyPSZ1cmw9c3ViMDFiJmtleXZhbHVlPXN1YjAxJmJic19tYWxuYW1lPQ==||
TECHNOPARK:1399,(2026-129호) 「수요맞춤형 전기구동 경형 PBV 개발 지원기반 구축사업」 2026년 기업지원 프로그램 기술자문(지도) 추가 모집 공고,강원테크노파크,True,recommend_only_payload,비현금/수수료/컨설팅성,비현금/수수료/컨설팅성 지원이라 ROI 직접 차감은 불가,pending,consulting_fee:1,1,"300.0만원/consulting_fee/recommend_only: 기업당 3,000천원단위 사업명세 부 내 용기술자문(지도)m 지원 내용 - 요청 분야 전문가 매칭(기업 요청 전문가가 있을시 우선 매칭) - 컨설팅 비용(전문가 활",,,,,,,https://www.gwtp.or.kr/gwtp/bbsNew_view.php?bbs_data=aWR4PTMxNjAmc3RhcnRQYWdlPSZsaXN0Tm89JnRhYmxlPWNzX2Jic19kYXRhX25ldyZjb2RlPXN1YjAxYiZzZWFyY2hfaXRlbT0mc2VhcmNoX29yZGVyPSZ1cmw9c3ViMDFiJmtleXZhbHVlPXN1YjAxJmJic19tYWxuYW1lPQ==||
TECHNOPARK:1439,「2026년 미래차전환 종합지원사업」 기업지원(R&D) 프로그램 모집 공고,충남테크노파크,True,finance_exclude_payload,융자/보증/이차보전,융자/보증/이차보전 계열이라 ROI 직접 차감은 불가,pending,guarantee:3,3,10000.0만원/guarantee/exclude: 인증 등 사업화 단계 지원(R&D)ㅇ지원규모 :기업별 총 연구개발비 1억원 이내 지원 * R&D 자금 예산편성기준에 따라 작성 필수 * 선정 완료 후 R&D 자금 신청시 신청금액에 해당하는 보증보험제출 필수 ㅇ지원기간 || 10000.0만원/guarantee/exclude: 협약 후 사업추진 등 * 기업별 최대한도 1억원 지원(협약관련 서류로서 1억원 이행보증보험증권 발급 및 제출 필수) * 이행보증보험증권 발급은 기업 자부담으로 발급 필수 ㅇ지원과제구분프로그램 || 10000.0만원/guarantee/exclude: 협약 후 사업추진 등 * 기업별 최대한도 1억원 지원(협약관련 서류로서 1억원 이행보증보험증권 발급 및 제출 필수) * 이행보증보험증권 발급은 기업 자부담으로 발급 필수 ㅇ지원과제구분프로그램명 세부 항목 구성 연구개발 지,,,,,,,https://www.ctp.or.kr/business/datadetail.do?seq=2709289
TECHNOPARK:1500,"(2026-130호) 2026년도 지역주력산업육성(지역특화 프로젝트 레전드 50+) 지원모집 2차 공고 (강원 2.0, 퀀텀점프)",강원테크노파크,True,manual_representative_recoverable,대표금액 회수 가능 후보,현금성/바우처 후보가 있어 수기검수로 대표금액 회수 가능,pending,consulting_fee:2 | non_cash:1 | support_amount:1 | total_support_scale:1,5,"35000.0만원/total_support_scale/review: (재)강원테크노파크원장 灳瑣 지원개요 ◦ (지원규모) 총 350,000천원(국비) - 1차 223 || 1000.0만원/non_cash/recommend_only: 웹/앱 등) 등 5개월 10,000천원 인증 (국내/국외) || 1000.0만원/consulting_fee/recommend_only: 제품 시장진입을 위한 시장조사 지원 등 5개월 10,000천원 컨설팅 || 500.0만원/consulting_fee/recommend_only: 경영 컨설팅 지원 등 5개월 5,000천원 전시회 (국내/국외) || 2000.0만원/support_amount/subtract: 기업은 2개 프로그램 내에서 신청 가능(지원한도: 총20,000천원 이내) ◦ (신청자격) 강원지역 지역특화 프로젝트에 선정된 참여기업 * 지역특화 프로젝트 󰡔레전드 50+󰡕 2",,,,,,,https://www.gwtp.or.kr/gwtp/bbsNew_view.php?bbs_data=aWR4PTMxNjgmc3RhcnRQYWdlPSZsaXN0Tm89JnRhYmxlPWNzX2Jic19kYXRhX25ldyZjb2RlPXN1YjAxYiZzZWFyY2hfaXRlbT0mc2VhcmNoX29yZGVyPSZ1cmw9c3ViMDFiJmtleXZhbHVlPXN1YjAxJmJic19tYWxuYW1lPQ==||
TECHNOPARK:1519,2026년 햇빛소득마을 컨설팅 지원사업 위탁기관 모집 공고,충남테크노파크,True,mixed_manual_review,혼합 수기검수,지원 후보가 혼합되어 대표금액/적용방식 수기확인 필요,pending,fee:6 | support_ratio:1,7,"10000.0만원/fee/review: SW 등의 구입 불가 기 타 회계정산수수료(위탁정산 수수료) * [참고]위탁정산수수료 기준 참고 기타 사업추진에 필요한 비용 [참고] 위탁정산 수수료 기준 ◇ 위탁정산 수수료 氠瑢 사업비 규모 위탁정산 수수료 표준액 1억원 미만 987천원 1억원 이상 3억원 미만 1 || 98.7만원/fee/review: SW 등의 구입 불가 기 타 회계정산수수료(위탁정산 수수료) * [참고]위탁정산수수료 기준 참고 기타 사업추진에 필요한 비용 [참고] 위탁정산 수수료 기준 ◇ 위탁정산 수수료 氠瑢 사업비 규모 위탁정산 수수료 표준액 1억원 미만 987천원 1억원 이상 3억원 미만 1 || 10000.0만원/fee/review: SW 등의 구입 불가 기 타 회계정산수수료(위탁정산 수수료) * [참고]위탁정산수수료 기준 참고 기타 사업추진에 필요한 비용 [참고] 위탁정산 수수료 기준 ◇ 위탁정산 수수료 氠瑢 사업비 규모 위탁정산 수수료 표준액 1억원 미만 987천원 1억원 이상 3억원 미만 1 || 30000.0만원/fee/review: SW 등의 구입 불가 기 타 회계정산수수료(위탁정산 수수료) * [참고]위탁정산수수료 기준 참고 기타 사업추진에 필요한 비용 [참고] 위탁정산 수수료 기준 ◇ 위탁정산 수수료 氠瑢 사업비 규모 위탁정산 수수료 표준액 1억원 미만 987천원 1억원 이상 3억원 미만 1 || 118.5만원/fee/review: SW 등의 구입 불가 기 타 회계정산수수료(위탁정산 수수료) * [참고]위탁정산수수료 기준 참고 기타 사업추진에 필요한 비용 [참고] 위탁정산 수수료 기준 ◇ 위탁정산 수수료 氠瑢 사업비 규모 위탁정산 수수료 표준액 1억원 미만 987천원 1억원 이상 3억원 미만 1,185천원 3억원 이상 5억원 미만 1 || 204.3만원/fee/review: 845천원 30억원 이상 2,043천원 ◇ 참여기관의 수수료에 따른 위탁정산 수수료 가산금 氠瑢 참여기관 수 가산금 0개 가산금 없음 1개 수수료의 10% 2개 이상 1개 기관 추가 || None만원/support_ratio/ratio_cap: 2026년 햇빛소득마을 컨설팅 지원사업 위탁기관 모집 공고 충남테크노파크 충남테크노파크 --> --> 충남테크노파크 누리소통망(SNS) 알림마당 공지사항 채용공고 입찰공고 교육 CTP 소식 유관기관 소식 언론보도 재활용장터 지원사업 사업공고 주요 지원사업 기업지원사업 연간일정표 분야별 지원 장비지원(CES) KOLAS 공인시험지원 충남제조AI혁신센터 입주지원 단지현황 입주안내 입주기업 정보공",,,,,,,https://www.ctp.or.kr/business/datadetail.do?seq=2709292
TECHNOPARK:1532,(재공고) 2026년 테크노파크 생산장비 고도화 지원사업 산학연 협동프로그램 참여 기업 모집 재공고,충남테크노파크,True,mixed_manual_review,혼합 수기검수,지원 후보가 혼합되어 대표금액/적용방식 수기확인 필요,pending,support_ratio:1 | total_support_scale:1,2,"200.0만원/total_support_scale/review: 선정기업은 지원로드맵 수립을 위한 PM제도 의무 참여 ❍ (지원규모) 20개사 ❍ (기업부담금) 현금 2,000천원 || None만원/support_ratio/ratio_cap: (재공고) 2026년 테크노파크 생산장비 고도화 지원사업 산학연 협동프로그램 참여 기업 모집 재공고 충남테크노파크 충남테크노파크 --> --> 충남테크노파크 누리소통망(SNS) 알림마당 공지사항 채용공고 입찰공고 교육 CTP 소식 유관기관 소식 언론보도 재활용장터 지원사업 사업공고 주요 지원사업 기업지원사업 연간일정표 분야별 지원 장비지원(CES) KOLAS 공인시험지원 충남제조AI혁신센터",,,,,,,https://www.ctp.or.kr/business/datadetail.do?seq=2709293
TECHNOPARK:1724,「2026년 예비수소전문기업지원사업」수소산업분야 기술사업화(비R&D) 수혜기업 모집공고,충남테크노파크,True,manual_representative_recoverable,대표금액 회수 가능 후보,현금성/바우처 후보가 있어 수기검수로 대표금액 회수 가능,pending,consulting_fee:2 | equipment_usage_fee:1 | non_cash:1 | support_amount:1 | total_support_scale:1,6,"6700.0만원/total_support_scale/review: 연구소 등이 소재한 기업(단순 영업소 제외) m 지원규모 : 기업 당 최대 67,000천원 이내(부가가치세 제외) - 기업부담금 : 총사업비의 20% 이상 - 분야별(시제품제작 || 3500.0만원/support_amount/subtract: kr 2 지원내용 m 지원분야 - 지원 프로그램 및 내용 구 분분 야내 용 지원금액비 고기 술사업화시제품제작개발이 완료된 기술의 시제품제작35,000천원/건최대67 || 6700.0만원/non_cash/recommend_only: 000천원/건최대67,000천원 이내인증 및 특허국․내외 인증 획득에 필요한 인증 || 500.0만원/equipment_usage_fee/recommend_only: 출원 등록 등장비활용국가연구시설 및 지역 연구장비 등 이용5,000천원/건판로개척판로개척시장조사 || 500.0만원/consulting_fee/recommend_only: 전시회 등5,000천원/건컨설팅컨설팅기업의 기술지도 및 애로사항 해결 등2 || 200.0만원/consulting_fee/recommend_only: 000천원/건컨설팅컨설팅기업의 기술지도 및 애로사항 해결 등2,000천원/건",,,,,,,https://www.ctp.or.kr/business/datadetail.do?seq=2709304
TECHNOPARK:1725,「2026년 지역 거점 정보보호 클러스터 구축 사업」정보보호 비즈니스 모델 발굴 및 유망기업 지원 모집공고 재공고(2차),충남테크노파크,True,manual_representative_recoverable,대표금액 회수 가능 후보,현금성/바우처 후보가 있어 수기검수로 대표금액 회수 가능,pending,consulting_fee:1 | support_amount:5,6,"7700.0만원/consulting_fee/recommend_only: 신성장동력을 추가할 수 있도록 고도화 컨설팅 지원 □ 지원기간 : 협약일로부터 ~ 2026년 11월 30일 - 비즈니스모델 발굴 : 협약 후 ~ 2개월 - 유망기업 지원 : 비즈니스 모델 평가 통보 후 11월 30일까지 □ 지원방법 : 비즈니스 모델 발굴 컨설팅(1단계) 지원 후 컨설팅 결과 평가를 통해 유망기업 지원(2단계) *비즈니스 모델 발굴 결과 평가에 따라 유망기업지원비 차등 지원 || 5200.0만원/support_amount/subtract: 유망기업 지원 52,000천원) - 비즈니스 모델 발굴 지원 : 5개사(1개사/5 || 500.0만원/support_amount/subtract: 000천원) - 비즈니스 모델 발굴 지원 : 5개사(1개사/5,000천원 || 1500.0만원/support_amount/subtract: - 유망기업지원 : 4개사(1개사/15,000천원 || 1300.0만원/support_amount/subtract: 설팅사 직접 지원)※ - 유망기업지원 : 4개사(1개사/15,000천원, 2개사/13,000천원, 1개사/11,000천원)※ ※지원 사업 별 지원금 대비 부가가치세 10%에 대 || 1100.0만원/support_amount/subtract: 유망기업지원 : 4개사(1개사/15,000천원, 2개사/13,000천원, 1개사/11,000천원)※ ※지원 사업 별 지원금 대비 부가가치세 10%에 대해서는 수혜기업 자부담 2",,,,,,,https://www.ctp.or.kr/business/datadetail.do?seq=2709305
TECHNOPARK:1747,"충남지자체 지식재산창출지원사업 수혜기업모집 공고(상시, 마감시까지)",충남테크노파크,True,manual_representative_recoverable,대표금액 회수 가능 후보,현금성/바우처 후보가 있어 수기검수로 대표금액 회수 가능,pending,consulting_fee:2 | support_amount:1,3,"400.0만원/support_amount/subtract: PCT 국제출원 汤捯 4,000천원 지원금의 10% 이상 디자인 제품혁신 제품 디자인개발 및 개선을 위한 목업 || 400.0만원/consulting_fee/recommend_only: 3D 모델링 등 汤捯 4,000천원 IP컨설팅 1 || 300.0만원/consulting_fee/recommend_only: 투자유치 연계 컨설팅 3,000천원",,,,,,,https://www.ctp.or.kr/business/datadetail.do?seq=2709310
TECHNOPARK:1769,[2026-056호] 2026년 정보보호 기업육성(사업화 / 창업·벤처 육성)) 지원사업 모집공고,세종테크노파크,True,manual_representative_recoverable,대표금액 회수 가능 후보,현금성/바우처 후보가 있어 수기검수로 대표금액 회수 가능,pending,support_amount:1 | support_ratio:1 | total_support_scale:1,3,"5500.0만원/total_support_scale/review: (지원규모) 총 지원금 55,000천원 - 사업화 : 15 || 1000.0만원/support_amount/subtract: 벤처육성 신청기업은 「정보보호 신규 비즈니스 모델 전략 수립」 지원 필수(기업부담 비용 없음) *추후 접수공고 예정(7월 中) 기업당 최대 10백만원 기타사항 - 세종 스마트시티 테스트베드 3회 이상 이용 필수 - ▪ 세부 지원항목의 서비스를 진행하는 공급기업(관)이 필수로 존재하여야 함 ▪ || None만원/support_ratio/ratio_cap: [2026-056호] 2026년 정보보호 기업육성(사업화 / 창업·벤처 육성)) 지원사업 모집공고 세종테크노파크 [2026-056호] 2026년 정보보호 기업육성(사업화 / 창업·벤처 육성)) 지원사업 모집공고 > 사업공고 | 세종테크노파크 24시간동안 띄우지 않기 Do not show this (24 hours) --> 닫기 [2026-056호] 2026년 정보보호 기업육성(사업화 / 창업",,,,,,,https://www.sjtp.or.kr/bbs/board.php?bo_table=business01&wr_id=1981
TECHNOPARK:1857,미래차 산업전환 공정기술 고도화 수혜기업 모집 공고(3차),경남테크노파크,True,manual_representative_recoverable,대표금액 회수 가능 후보,현금성/바우처 후보가 있어 수기검수로 대표금액 회수 가능,pending,non_cash:1 | support_amount:2 | support_ratio:1,4,"5000.0만원/support_amount/subtract: 공정고도화 패키지 지원 1건(최대 50백만원/건) 다 || 500.0만원/support_amount/subtract: 지원한도: 전체 협약금액 내에서 최대 500만원 한도 || 5000.0만원/non_cash/recommend_only: 탄소중립 설비투자 지원(컨설팅+공정지원)￭ 기업당 최대 50,000천원/건 내외 (민간부담금: 지원금 10% || None만원/support_ratio/ratio_cap: 미래차 산업전환 공정기술 고도화 수혜기업 모집 공고(3차) 경남테크노파크 경남테크노파크-기술혁신 Global Networking Hub 메인 회원가입 로그인 텍스트크기 고객센터 공직비리익명신고(TP) 공직비리익명신고(경상남도) 소극행정신고센터 국가인적자원개발컨소시엄 재단소개 인사말 연 혁 비 전 조직도 재단현황 업무안내 CI소개 약 도 부서안내 정책기획단 기업지원단 미래자동차본부 지능기계본부",,,,,,,http://www.gntp.or.kr/biz/applyInfo/3791
TECHNOPARK:1873,「충남 지역혁신클러스터육성(비R&D)사업」사업화 지원 수혜기업 모집 공고(2차),충남테크노파크,True,manual_representative_recoverable,대표금액 회수 가능 후보,현금성/바우처 후보가 있어 수기검수로 대표금액 회수 가능,pending,consulting_fee:1 | non_cash:3 | support_amount:2 | support_ratio:1 | total_support_scale:1,8,"6000.0만원/total_support_scale/review: 지원기관)▢ 지원규모 : 기업당 최대 6,000만원 이내(프로그램 2개까지 지원 가능) || 4000.0만원/non_cash/recommend_only: 이상징후 탐지 등 안전관리 및 운영 최적화를 위한 기술 적용 지원최대 4,000만원/건시험분석⚬ 기술 신뢰성 확보를 위한 시험분석 및 성능평가 등최대 2 || 2000.0만원/non_cash/recommend_only: 000만원/건시험분석⚬ 기술 신뢰성 확보를 위한 시험분석 및 성능평가 등최대 2,000만원/건인증지원⚬ 제품 및 기술의 시장 진입을 위한 국내 || 2000.0만원/non_cash/recommend_only: 외 인증획득최대 2,000만원/건특허지원⚬ 기술 및 서비스에 대한 국내 || 2000.0만원/support_amount/subtract: 홈페이지 등 홍보매체 제작최대 2,000만원/건국내외전시회⚬ 전시회 참가지원(부스임차비 || 2000.0만원/support_amount/subtract: 확보 및 활성화 지원최대 2,000만원/건디자인⚬ 제품 및 기업 이미지 제고를 위한 디자인 개발(제품 || 2000.0만원/consulting_fee/recommend_only: 포장 등) 최대 2,000만원/건컨설팅⚬ 기업 역량 진단 및 사업화 전략 수립을 위한 맞춤형 컨설팅 (시장분석 || None만원/support_ratio/ratio_cap: 「충남 지역혁신클러스터육성(비R&D)사업」사업화 지원 수혜기업 모집 공고(2차) 충남테크노파크 충남테크노파크 --> --> 충남테크노파크 누리소통망(SNS) 알림마당 공지사항 채용공고 입찰공고 교육 CTP 소식 유관기관 소식 언론보도 재활용장터 지원사업 사업공고 주요 지원사업 기업지원사업 연간일정표 분야별 지원 장비지원(CES) KOLAS 공인시험지원 충남제조AI혁신센터 입주지원 단지현황 입",,,,,,,https://www.ctp.or.kr/business/datadetail.do?seq=2709316
TECHNOPARK:1921,"2026년도 지역주력산업육성(지역특화 프로젝트 레전드 50+) 지원모집 2차 공고(충남, 탄소저감 자동차부품, 디스플레이부품장비)",충남테크노파크,True,mixed_manual_review,혼합 수기검수,지원 후보가 혼합되어 대표금액/적용방식 수기확인 필요,pending,equipment_usage_fee:1 | non_cash:4 | total_support_scale:1,6,11180.0만원/total_support_scale/review: (재)충남테크노파크원장 지원개요◦(지원규모)총 111.8백만원(국비)◦(프로그램 및 내용)총 6개 지원프로그램프로그램지원내용지원기간지원단가시제품제작- 제품화 촉진 || 2000.0만원/equipment_usage_fee/recommend_only: 완성도 향상 등 시제품 제작 및 우수 샘플 제작 지원 등- 금형 및 목업비용 지원 등 4개월20백만원생산공정개선- 제조장비 및 제품의 파손원인 진단 및 해결 지원- 기존 장비 개선을 위한 보완설비 장비 구입 가능- 생산성 향상 || 250.0만원/non_cash/recommend_only: 공정의 기술 멘토링- 기업의 애로기술 해결을 위한 기술지도4개월2.5백만원특허- 국내외 특허 출원 등록 등- 선행기술 조사 등 4개월2백만원인증- 신뢰성 평가 || 200.0만원/non_cash/recommend_only: 5백만원특허- 국내외 특허 출원 등록 등- 선행기술 조사 등 4개월2백만원인증- 신뢰성 평가 || 200.0만원/non_cash/recommend_only: ESG 등 인증 지원4개월2백만원마케팅- 국내외 홍보용 카다로그 및 홍보 동영상 제작- 국내외 시장조사 및 전시회 참가지원- 수출상담회 등 4개월3 || 380.0만원/non_cash/recommend_only: ESG 등 인증 지원4개월2백만원마케팅- 국내외 홍보용 카다로그 및 홍보 동영상 제작- 국내외 시장조사 및 전시회 참가지원- 수출상담회 등 4개월3.8백만원◦(신청자격)충청남도 지역특화 프로젝트에 선정된 참여기업 * 지역특화 프로젝트 레전드 50+ 참여기업 선정확인서 보유기업 - 2 - ◦(지원,,,,,,,https://www.ctp.or.kr/business/datadetail.do?seq=2709320
TECHNOPARK:304,(2026-70호) 「2026 강원후평스마트에너지플랫폼 구축사업」 공장에너지관리시스템(FEMS) 수요기업 모집 공고,강원테크노파크,True,mixed_manual_review,혼합 수기검수,지원 후보가 혼합되어 대표금액/적용방식 수기확인 필요,pending,consulting_fee:1 | total_support_scale:1,2,"7000.0만원/total_support_scale/review: 강원테크노파크 󰊱 지원개요 ◦ (사업목적) 중소‧중견기업 대상 스마트그린산업단지 구축을 위한 공장에너지 관리 시스템 진단 및 에너지 효율성 향상 ◦ (지원규모) 6개사 내외 - 기업별 인프라 구축사업비 7,000만원 한도 內(정부지원금 100% 지원) || 7000.0만원/consulting_fee/recommend_only: 공급내용: 기업별 인프라 구축사업비 7,000만원 한도 (총 사업비와 지원 범위는 진단 및 산단공 승인 후 확정) - Cloud FEMS(Factory Energy Management Syst",,,,,,,https://www.gwtp.or.kr/gwtp/bbsNew_view.php?bbs_data=aWR4PTI5MzEmc3RhcnRQYWdlPSZsaXN0Tm89JnRhYmxlPWNzX2Jic19kYXRhX25ldyZjb2RlPXN1YjAxYiZzZWFyY2hfaXRlbT0mc2VhcmNoX29yZGVyPSZ1cmw9c3ViMDFiJmtleXZhbHVlPXN1YjAxJmJic19tYWxuYW1lPQ==||
TECHNOPARK:391,(2026-75호) 2026년 제조DX멘토단 활용지원(구축지도) 도입기업 모집 공고,강원테크노파크,True,mixed_manual_review,혼합 수기검수,지원 후보가 혼합되어 대표금액/적용방식 수기확인 필요,pending,consulting_fee:3 | total_support_scale:3,6,140.0만원/consulting_fee/recommend_only: / 전자 협약(추진단/TP/기업/DX멘토) → DX멘토의 현장 방문 컨설팅(4회) → 사업비 교부 및 사용(E나라도움) 구분 지원기간 총 사업비 정부지원 기업부담 접수 구축 지도 3 개월 (4 회 ) 140만원 119 만원 (85%) 21만원 (15%) *VAT 미포함 최종 협약 후 2 주 이내 목록 ::: 강원특별자치도 시/군 ::: 강원특별자치도 || 119.0만원/consulting_fee/recommend_only: / 전자 협약(추진단/TP/기업/DX멘토) → DX멘토의 현장 방문 컨설팅(4회) → 사업비 교부 및 사용(E나라도움) 구분 지원기간 총 사업비 정부지원 기업부담 접수 구축 지도 3 개월 (4 회 ) 140만원 119 만원 (85%) 21만원 (15%) *VAT 미포함 최종 협약 후 2 주 이내 목록 ::: 강원특별자치도 시/군 ::: 강원특별자치도 강릉시 고성군 || 21.0만원/consulting_fee/recommend_only: / 전자 협약(추진단/TP/기업/DX멘토) → DX멘토의 현장 방문 컨설팅(4회) → 사업비 교부 및 사용(E나라도움) 구분 지원기간 총 사업비 정부지원 기업부담 접수 구축 지도 3 개월 (4 회 ) 140만원 119 만원 (85%) 21만원 (15%) *VAT 미포함 최종 협약 후 2 주 이내 목록 ::: 강원특별자치도 시/군 ::: 강원특별자치도 강릉시 고성군 동해시 삼척시 속초 || 119.0만원/total_support_scale/review: 구축 지도 및 운영 애로사항 해결지원 구분지원기간지원규모지원한도지원비중접수평가선정구축 지도3개월(4회)400개사 내외119만원85%최종 협약 후 2주 이내수시□신청 자격◦국내 제조기업 중「중소기업기본법」에 따른 중소기업 및 「중견기업성장촉진 및 경쟁력 강화에 관한 특별 || 119.0만원/total_support_scale/review: 기술애로 해결 등 제조 노하우 전수 등□지원 규모 및 조건◦(지원규모)400개사 내외◦(지원조건)총 사업비의 85%지원구 분지원방법지원기간사업비(분담비율)정부지원민간부담구축 지도DX멘토단 1인 x 4회최대 3개월119만원(85%)21만원(15%)* VAT미포함□ 신청기간◦선도형 스마트공장 구축지원사업 최종 선정 및 협약 후 2주 이내□ 신청방법◦스마트공장 사업관 || 21.0만원/total_support_scale/review: 기술애로 해결 등 제조 노하우 전수 등□지원 규모 및 조건◦(지원규모)400개사 내외◦(지원조건)총 사업비의 85%지원구 분지원방법지원기간사업비(분담비율)정부지원민간부담구축 지도DX멘토단 1인 x 4회최대 3개월119만원(85%)21만원(15%)* VAT미포함□ 신청기간◦선도형 스마트공장 구축지원사업 최종 선정 및 협약 후 2주 이내□ 신청방법◦스마트공장 사업관리시스템(smar,,,,,,,https://www.gwtp.or.kr/gwtp/bbsNew_view.php?bbs_data=aWR4PTI5NTEmc3RhcnRQYWdlPSZsaXN0Tm89JnRhYmxlPWNzX2Jic19kYXRhX25ldyZjb2RlPXN1YjAxYiZzZWFyY2hfaXRlbT0mc2VhcmNoX29yZGVyPSZ1cmw9c3ViMDFiJmtleXZhbHVlPXN1YjAxJmJic19tYWxuYW1lPQ==||
TECHNOPARK:405,2026년 전북특별자치도 공공데이터·AI 활용 창업경진대회 공고,전북테크노파크,True,mixed_manual_review,혼합 수기검수,지원 후보가 혼합되어 대표금액/적용방식 수기확인 필요,pending,consulting_fee:1 | support_ratio:1,2,"1320.0만원/consulting_fee/recommend_only: (목)수상작 아이디어 발표 및 시상행안부 본선 사전컨설팅*기관운영상황에따라해당내용은변경될수있음 4시상 및 후속 지원□ 시상규모 공모분야상훈명시상수상금훈 격비고합 계10상금 1,320만원 || None만원/support_ratio/ratio_cap: 2026년 전북특별자치도 공공데이터·AI 활용 창업경진대회 공고 전북테크노파크 지원사업 > 사업공고 본문으로 바로가기 JBTP 전북테크노파크 JEONBUK TECHNOPARK"" 로그인 LANGUAGES English Chinese 검색 통합검색 항목 통합검색 전체메뉴 열기 전체메뉴 알림마당 전북산업 대전환과 기업 고도성장을 선도하는 Next 전북, Best TP 알림마당 채용공고 공지사항 교",,,,,,,https://www.jbtp.or.kr/board/view.jbtp?menuCd=DOM_000000102001000000&boardId=BBS_0000006&dataSid=20084
TECHNOPARK:434,「해양수산자원 산업화 육성 지원(바이오)」수혜기업 모집(2차) 공고,충남테크노파크,True,manual_representative_recoverable,대표금액 회수 가능 후보,현금성/바우처 후보가 있어 수기검수로 대표금액 회수 가능,pending,support_amount:3 | support_ratio:1,4,"7000.0만원/support_amount/subtract: 추후 선정 규모 및 지원금 변동 가능 지원 대상선정 규모지원금지원기간예비 창업자 또는 창업기업총 3개 기업7,000만원 내외협약체결일로부터2026 || 7000.0만원/support_amount/subtract: 해양바이오 전략소재 개발사업명해양바이오전략소재개발지원금70백만원내외기간2026 || 7000.0만원/support_amount/subtract: 해양바이오 상품화 공정개발사업명해양바이오상품화공정개발지원금70백만원이내기간2026 || None만원/support_ratio/ratio_cap: 「해양수산자원 산업화 육성 지원(바이오)」수혜기업 모집(2차) 공고 충남테크노파크 충남테크노파크 --> --> 충남테크노파크 누리소통망(SNS) 알림마당 공지사항 채용공고 입찰공고 교육 CTP 소식 유관기관 소식 언론보도 재활용장터 지원사업 사업공고 주요 지원사업 기업지원사업 연간일정표 분야별 지원 장비지원(CES) KOLAS 공인시험지원 충남제조AI혁신센터 입주지원 단지현황 입주안내 입주기",,,,,,,https://www.ctp.or.kr/business/datadetail.do?seq=2709157
TECHNOPARK:525,「AI 솔루션 기술개발」참여기업 모집공고,충남테크노파크,True,mixed_manual_review,혼합 수기검수,지원 후보가 혼합되어 대표금액/적용방식 수기확인 필요,pending,support_ratio:1 | total_support_scale:1,2,"5000.0만원/total_support_scale/review: 까지◦(지원규모)기업당 최대 50,000천원 || None만원/support_ratio/ratio_cap: 「AI 솔루션 기술개발」참여기업 모집공고 충남테크노파크 충남테크노파크 --> --> 충남테크노파크 누리소통망(SNS) 알림마당 공지사항 채용공고 입찰공고 교육 CTP 소식 유관기관 소식 언론보도 재활용장터 지원사업 사업공고 주요 지원사업 기업지원사업 연간일정표 분야별 지원 장비지원(CES) KOLAS 공인시험지원 충남제조AI혁신센터 입주지원 단지현황 입주안내 입주기업 정보공개 제도안내 정보공",,,,,,,https://www.ctp.or.kr/business/datadetail.do?seq=2709173
TECHNOPARK:616,(2026-88호) 「홍천군 첨단바이오산업 활성화 지원사업」 지역(홍천군)선도기업 육성사업 수혜기업 모집,강원테크노파크,True,mixed_manual_review,혼합 수기검수,지원 후보가 혼합되어 대표금액/적용방식 수기확인 필요,pending,support_ratio:1 | total_support_scale:2,3,40000.0만원/total_support_scale/review: (지원규모)구분지원기간분야예산(기업당)선정규모지원분야다년도2년(‘26년~’27년)연계형총4억원내외(1차년도:2억원이내)1개메디칼허브자원 || 20000.0만원/total_support_scale/review: (지원규모)구분지원기간분야예산(기업당)선정규모지원분야다년도2년(‘26년~’27년)연계형총4억원내외(1차년도:2억원이내)1개메디칼허브자원 || None만원/support_ratio/ratio_cap: (2026-88호) 「홍천군 첨단바이오산업 활성화 지원사업」 지역(홍천군)선도기업 육성사업 수혜기업 모집 강원테크노파크 강원테크노파크 --> --> 검색 입주기업종합지원시스템 --> Toggle navigation --> 공고안내 공지사항 모집공고 계약공고 채용공고 타기관소식 사업안내 지역사업안내 부서별사업안내 장비지원 입주안내 입주안내 입주기업소개 시설현황 경영공시 운영계획 및 결과 재무정,,,,,,,https://www.gwtp.or.kr/gwtp/bbsNew_view.php?bbs_data=aWR4PTMwMDkmc3RhcnRQYWdlPSZsaXN0Tm89JnRhYmxlPWNzX2Jic19kYXRhX25ldyZjb2RlPXN1YjAxYiZzZWFyY2hfaXRlbT0mc2VhcmNoX29yZGVyPSZ1cmw9c3ViMDFiJmtleXZhbHVlPXN1YjAxJmJic19tYWxuYW1lPQ==||
TECHNOPARK:793,[강원테크노파크 공고 제 2026-101호] 2026년도 강원 지역특화형(바이오헬스·식품) 스마트공장 구축사업 공고,강원테크노파크,True,manual_representative_recoverable,대표금액 회수 가능 후보,현금성/바우처 후보가 있어 수기검수로 대표금액 회수 가능,pending,education_fee:3 | support_amount:7,10,"20000.0만원/support_amount/subtract: 총 2.5억원 내에서 2회(1회차고도화→2회차동일수준)까지 지원하되,회당 최대 2억원 한도,지원비율 50%이내에서 지원가능*단,공고일 전에 스마트공장 구축사업을 통해 || 5000.0만원/support_amount/subtract: 사업을 통해 “고도화”지원받은 기업이 ‘26년도 “동일수준”신청시,기존처럼 최대 0.5억원,6개월 이내 지원 가능(동일수준 지원은 목표수준별 1회만 지원 가능) - 2 - || 8000.0만원/support_amount/subtract: 6개월 이내 지원 가능(동일수준 지원은 목표수준별 1회만 지원 가능) - 2 - -기초:신규 구축 및 동일 수준 0.8억원 이내(지원 비율 80%이내)지원유형지원기간정부 지원한도지원 비율구축목표수준 || 100.0만원/education_fee/recommend_only: 000‘기타비용’에 필수 편성 - 6 - ②교육비(고도화):스마트공장 기술교육(사업관리교육 및 기술교육)수강 비용(1백만원)필수 편성 ③기술임치비(고도화):스마트공장 구축 결과물의 기술임치비(45만원)필수 편성 ◦ (임치제도) 사업 결과물의 핵심 정보를 보관하여 개 || 45.0만원/education_fee/recommend_only: 000‘기타비용’에 필수 편성 - 6 - ②교육비(고도화):스마트공장 기술교육(사업관리교육 및 기술교육)수강 비용(1백만원)필수 편성 ③기술임치비(고도화):스마트공장 구축 결과물의 기술임치비(45만원)필수 편성 ◦ (임치제도) 사업 결과물의 핵심 정보를 보관하여 개발 결과 || 100.0만원/education_fee/recommend_only: 완료보고서 제출 시 수료증 첨부- 집합교육으로 비용 발생(사업계획서에 교육비 100만원 계상) - 8 - 5 || 5000.0만원/support_amount/subtract: 설비 등 일치 여부적/부∘ 기 보유설비 이상유무(정상가동 등) 적/부가점여부∘ 신청가점 사실여부 확인 및 반영- - 17 - 참고 1 `26년도 사업 신청 예시별 지원 조건신청 예시사업기간지원한도목표수준∘ ‘25년 이전 고도화 목표(중간1) 달성한 기업이 중간1 동일수준 목표로 지원할 경우최대 6개월최대 0.5억원중간1(동일수준)∘ 최초신청 기업 최대 9개월최대 2억원중간1 또는중간2(고도화 || 20000.0만원/support_amount/subtract: 5억원중간1(동일수준)∘ 최초신청 기업 최대 9개월최대 2억원중간1 또는중간2(고도화)∘ 기초수준 구축기업최대 9개월최대 2억원중간1 또는중간2(고도화)∘ ‘25년 이전 중간1을 지원받아 목표달성한 기업이 || ... 후보 2개 추가",,,,,,,https://www.gwtp.or.kr/gwtp/bbsNew_view.php?bbs_data=aWR4PTMwNjYmc3RhcnRQYWdlPSZsaXN0Tm89JnRhYmxlPWNzX2Jic19kYXRhX25ldyZjb2RlPXN1YjAxYiZzZWFyY2hfaXRlbT0mc2VhcmNoX29yZGVyPSZ1cmw9c3ViMDFiJmtleXZhbHVlPXN1YjAxJmJic19tYWxuYW1lPQ==||
TECHNOPARK:872,2026년 충남 정보보호 우수사례 지원사업 수혜기업 모집,충남테크노파크,True,manual_representative_recoverable,대표금액 회수 가능 후보,현금성/바우처 후보가 있어 수기검수로 대표금액 회수 가능,pending,consulting_fee:4 | non_cash:1 | support_amount:1,6,"750.0만원/consulting_fee/recommend_only: (구축) 정보보호 컨설팅에 기반한 보안솔루션 및 SECaaS 활용 시스템 구축구분총 지원비구축기업 부담금(예시-컨설팅 7,500천원)현금 10%부가세 10%계컨설팅 || 225.0만원/consulting_fee/recommend_only: 0천원)현금 10%부가세 10%계컨설팅, 보안솔루션 및 SECaaS30,000천원2,250천원3,225천원5,475천원 * 실제 지원 내용은 상기 사업비 범위 내에서 사업 유 || 322.5만원/consulting_fee/recommend_only: 10%부가세 10%계컨설팅, 보안솔루션 및 SECaaS30,000천원2,250천원3,225천원5,475천원 * 실제 지원 내용은 상기 사업비 범위 내에서 사업 유형별로 조정 || 547.5만원/consulting_fee/recommend_only: 225천원5,475천원 * 실제 지원 내용은 상기 사업비 범위 내에서 사업 유형별로 조정 가능 * 현금 부담은 컨설팅 비용을 제외한 지원금의 10% 이상으로 함 - || 750.0만원/non_cash/recommend_only: 컨설팅 비용은 전체 지원금의 25% 이내(최대 7,500천원)로 제한 ž 현금 부담 : 컨설팅 비용을 제외한 전체 지원금의 10% 이상을 구축기업이 별도 부담 ž 부가가치세 : 컨설팅 || 0.0만원/support_amount/subtract: / 성 명 E-mail 전 화 팩 스 Mobile 사 업 비 총 000천원 (지원금 30",,,,,,,https://www.ctp.or.kr/business/datadetail.do?seq=2709231
TECHNOPARK:955,(예산) 2026 시군구연고산업육성사업 2차 공고 (수정공고),충남테크노파크,True,mixed_manual_review,혼합 수기검수,지원 후보가 혼합되어 대표금액/적용방식 수기확인 필요,pending,consulting_fee:1 | education_fee:1 | total_support_scale:3,5,"15427.3만원/total_support_scale/review:  제출 서류의 미비 또는 제출서류가 사실과 다른 경우  본 사업에 적정하지 않다고 판단되는 경우  지원규모 : ´ 154,273 천원 지원규모 ( ) 총 약 억원 지원범위 ( ) 기업별 총 한도 천만원 이내에서 지원 - 2 - 지원범위 및 프로그램 ( ) 지원 유형 프로그램명 || 0.8만원/total_support_scale/review: 273 천원 지원규모 ( ) 총 약 억원 지원범위 ( ) 기업별 총 한도 천만원 이내에서 지원 - 2 - 지원범위 및 프로그램 ( ) 지원 유형 프로그램명 지원내용 지원 건수 최대지원금 지원기관 사업화 지원 기술지도 애로기술 해결 전문가 매칭 및 문제해결  전략수립 지원 8 천원 500 선문대학교 기술개발 관련 기술지도 ① 공정개선 관련 기술지도 ② 디자인개선 디자인개선 및 제품고급화 지원 || 0.3만원/total_support_scale/review: 273 천원 지원규모 ( ) 총 약 억원 지원범위 ( ) 기업별 총 한도 천만원 이내에서 지원 - 2 - 지원범위 및 프로그램 ( ) 지원 유형 프로그램명 지원내용 지원 건수 최대지원금 지원기관 사업화 지원 기술지도 애로기술 해결 전문가 매칭 및 문제해결  전략수립 지원 8 천원 500 선문대학교 기술개발 관련 기술지도 ① 공정개선 관련 기술지도 ② 디자인개선 디자인개선 및 제품고급화 지원 || 0.1만원/consulting_fee/recommend_only: ② 담회 해외바이어상담회참가지원 ③ 패키지 유망기업 패키지 지원 단일품목에 대한 종합지원  컨설팅 제품개발 사업화 마케팅 등 맞춤형 지원 ( ) → → → 1 천원 25 || 0.5만원/education_fee/recommend_only: 000 선문대학교 외국인 인력 채용 외국인 인력채용 지역특화형 비자신청 자문  전문인력의 지역거주 및 정착을 위한 컨설팅 비  자 발급 지원 외국인 근로자의 지역정착을 위한 언어와 문화  등 교육 언어 문제 등으로 인하여 외국인 인력의 안전사  고 방지를 위한 각족 지침 안내서 번역  외 국 인 유 학 생 면 접채 용 에 따 른 비 자 신 청 지 원  5 천원 5",,,,,,,https://www.ctp.or.kr/business/datadetail.do?seq=2709247
TECHNOPARK:957,(2026-119호) 2026년 강원지역연구장비 활용 수수료 지원사업 참여기업(1차) 모집 공고,강원테크노파크,True,manual_representative_recoverable,대표금액 회수 가능 후보,현금성/바우처 후보가 있어 수기검수로 대표금액 회수 가능,pending,equipment_usage_fee:9 | non_cash:1 | support_amount:1 | support_ratio:1,12,"300.0만원/non_cash/recommend_only: (금)  지원내용: 강원지역 공용장비 활용 수수료 지원  지원금액: 기업별 최대 3,000천원 이내 지원(천원 단위 절사) 氠瑢 漠杳 2 세부 추진내용  지원대상: (공고일 기준) 다음의 조건을 모두 충족하는 중소기업 가 || 300.0만원/support_amount/subtract: ‘강원연구장비종합정보망(G-EQNET)’에 등록된 공용장비 사용 후 관련 비용을 해당 관리기관에 지급한 기업 또는 등록된 공용장비를 사용 예정인 기업  지원금액: 기업별 최대 3,000천원 이내(천원 단위 절사) - 발생비용의 90% 지원금 지급 || 0.0만원/equipment_usage_fee/recommend_only: hwp] 捤獥 汤捯 氠瑢 2026년 강원지역연구장비 활용 수수료 지원사업 신청서 ■ 신청내용 氠瑢 기 업 명 대표자명 사업자등록번호 소 재 지 2025년 매출액 00백만원 주생산품 담 당 자 성 명 부서/직위 전 화 FAX 핸드폰 이메일 활용 장비 신청구분 □ 사용예정 (‘별첨1’작성 후 제출) □ 사용완료 (‘ || 100.0만원/equipment_usage_fee/recommend_only: 강원지역연구장비 활용 수수료 지원사업의 적정 지원 금액은 얼마라고 생각하십니까? 氠瑢 ① 100만원 미만 ② 100만원 이상~ 200만원 미만 ③ 200만원 이상~ 300만원 미만 ④ 300만원이상~400만원 미만 ⑤ 400만원 이상 10 || 100.0만원/equipment_usage_fee/recommend_only: 강원지역연구장비 활용 수수료 지원사업의 적정 지원 금액은 얼마라고 생각하십니까? 氠瑢 ① 100만원 미만 ② 100만원 이상~ 200만원 미만 ③ 200만원 이상~ 300만원 미만 ④ 300만원이상~400만원 미만 ⑤ 400만원 이상 10 || 200.0만원/equipment_usage_fee/recommend_only: 강원지역연구장비 활용 수수료 지원사업의 적정 지원 금액은 얼마라고 생각하십니까? 氠瑢 ① 100만원 미만 ② 100만원 이상~ 200만원 미만 ③ 200만원 이상~ 300만원 미만 ④ 300만원이상~400만원 미만 ⑤ 400만원 이상 10 || 200.0만원/equipment_usage_fee/recommend_only: 강원지역연구장비 활용 수수료 지원사업의 적정 지원 금액은 얼마라고 생각하십니까? 氠瑢 ① 100만원 미만 ② 100만원 이상~ 200만원 미만 ③ 200만원 이상~ 300만원 미만 ④ 300만원이상~400만원 미만 ⑤ 400만원 이상 10 || 300.0만원/equipment_usage_fee/recommend_only: 강원지역연구장비 활용 수수료 지원사업의 적정 지원 금액은 얼마라고 생각하십니까? 氠瑢 ① 100만원 미만 ② 100만원 이상~ 200만원 미만 ③ 200만원 이상~ 300만원 미만 ④ 300만원이상~400만원 미만 ⑤ 400만원 이상 10 || ... 후보 4개 추가",,,,,,,https://www.gwtp.or.kr/gwtp/bbsNew_view.php?bbs_data=aWR4PTMxMTQmc3RhcnRQYWdlPSZsaXN0Tm89JnRhYmxlPWNzX2Jic19kYXRhX25ldyZjb2RlPXN1YjAxYiZzZWFyY2hfaXRlbT0mc2VhcmNoX29yZGVyPSZ1cmw9c3ViMDFiJmtleXZhbHVlPXN1YjAxJmJic19tYWxuYW1lPQ==||
TECHNOPARK:977,「AI 솔루션 기술개발」참여기업 추가 모집공고,충남테크노파크,True,mixed_manual_review,혼합 수기검수,지원 후보가 혼합되어 대표금액/적용방식 수기확인 필요,pending,support_ratio:1 | total_support_scale:1,2,"5000.0만원/total_support_scale/review: 까지◦(지원규모)기업당 최대 50,000천원 || None만원/support_ratio/ratio_cap: 「AI 솔루션 기술개발」참여기업 추가 모집공고 충남테크노파크 충남테크노파크 --> --> 충남테크노파크 누리소통망(SNS) 알림마당 공지사항 채용공고 입찰공고 교육 CTP 소식 유관기관 소식 언론보도 재활용장터 지원사업 사업공고 주요 지원사업 기업지원사업 연간일정표 분야별 지원 장비지원(CES) KOLAS 공인시험지원 충남제조AI혁신센터 입주지원 단지현황 입주안내 입주기업 정보공개 제도안내",,,,,,,https://www.ctp.or.kr/business/datadetail.do?seq=2709266
TECHNOPARK:986,(2026-124호) 2026 강원 미래모빌리티 기업지원 프로그램 통합 공고,강원테크노파크,True,manual_representative_recoverable,대표금액 회수 가능 후보,현금성/바우처 후보가 있어 수기검수로 대표금액 회수 가능,pending,consulting_fee:11 | support_amount:4 | total_support_scale:2,17,"500.0만원/consulting_fee/recommend_only: 지도 / 샘플제작 / 마케팅 결합형 지원 19 건 ( 1 건당 1000 만원 / 500 만원 , 총 1 억 4 천만원 ) ❍ 지원내용 - 기술지도 ( 전문가 컨설팅비용 ) || 10000.0만원/consulting_fee/recommend_only: 총 1 억 4 천만원 ) ❍ 지원내용 - 기술지도 ( 전문가 컨설팅비용 ) 지원 (100 만원 ) || 4000.0만원/consulting_fee/recommend_only: 총 1 억 4 천만원 ) ❍ 지원내용 - 기술지도 ( 전문가 컨설팅비용 ) 지원 (100 만원 ) || 100.0만원/consulting_fee/recommend_only: 총 1 억 4 천만원 ) ❍ 지원내용 - 기술지도 ( 전문가 컨설팅비용 ) 지원 (100 만원 ) || 20.0만원/consulting_fee/recommend_only: 기술지도 1 건당 20 만원 지원 ) - 샘플제작 ( 전문가 컨설팅 기반 제작 ) (900 만원 ) || 900.0만원/consulting_fee/recommend_only: 기술지도 1 건당 20 만원 지원 ) - 샘플제작 ( 전문가 컨설팅 기반 제작 ) (900 만원 ) || 500.0만원/support_amount/subtract: / 마케팅 중 택 1 예 ) 기술지도 + 마케팅 ( 500 만원 지원 ) 예 ) 기술지도 + 샘플제작 ( 1000 만원 지원 ) 단위사업명 지원분야 ( 세부내용 ) 지원금액 바이오트윈 기반 미래치 부품 고도 || 1000.0만원/support_amount/subtract: / 마케팅 중 택 1 예 ) 기술지도 + 마케팅 ( 500 만원 지원 ) 예 ) 기술지도 + 샘플제작 ( 1000 만원 지원 ) 단위사업명 지원분야 ( 세부내용 ) 지원금액 바이오트윈 기반 미래치 부품 고도화 기반구축 사업 1 || ... 후보 9개 추가",,,,,,,https://www.gwtp.or.kr/gwtp/bbsNew_view.php?bbs_data=aWR4PTMxMjYmc3RhcnRQYWdlPSZsaXN0Tm89JnRhYmxlPWNzX2Jic19kYXRhX25ldyZjb2RlPXN1YjAxYiZzZWFyY2hfaXRlbT0mc2VhcmNoX29yZGVyPSZ1cmw9c3ViMDFiJmtleXZhbHVlPXN1YjAxJmJic19tYWxuYW1lPQ==||
