policy_id,title,organization,support_ratio,ratio_audit_class,ratio_audit_reasons,roi_apply_method,manual_status,manual_required,manual_category,has_selected,has_numeric,ratio_candidate_count,amount_candidate_count,url
PBLN_000000000118033,[충북] 2026년 사회적기업 육성자금 이차보전금 지원계획 공고,충청북도,0.025,blocked_context,금융/융자/보증/이차보전 문맥; 수수료/인증/교육/컨설팅/비현금 문맥,exclude,not_required,False,,False,False,1,1,https://www.bizinfo.go.kr/sii/siia/selectSIIA200Detail.do?pblancId=PBLN_000000000118033
PBLN_000000000123480,[부산] 2026년 2차 블록체인 허브 입주기업 맞춤형 지원 프로그램 모집 공고,부산광역시,0.5,already_confirmed_amount,확정 대표금액 차감 우선,subtract,not_required,False,,True,True,0,5,https://www.bizinfo.go.kr/sii/siia/selectSIIA200Detail.do?pblancId=PBLN_000000000123480
TECHNOPARK:793,[강원테크노파크 공고 제 2026-101호] 2026년도 강원 지역특화형(바이오헬스·식품) 스마트공장 구축사업 공고,강원테크노파크,0.5,estimated_ratio_ok,지원비율 직접 적용 가능 문맥,subtract,reviewed,False,keep_old_amount,False,True,2,10,https://www.gwtp.or.kr/gwtp/bbsNew_view.php?bbs_data=aWR4PTMwNjYmc3RhcnRQYWdlPSZsaXN0Tm89JnRhYmxlPWNzX2Jic19kYXRhX25ldyZjb2RlPXN1YjAxYiZzZWFyY2hfaXRlbT0mc2VhcmNoX29yZGVyPSZ1cmw9c3ViMDFiJmtleXZhbHVlPXN1YjAxJmJic19tYWxuYW1lPQ==||
PBLN_000000000123338,2026년 IP투자연계 지식재산평가 지원사업 공고,지식재산처,0.8,already_confirmed_amount,확정 대표금액 차감 우선,subtract,not_required,False,,True,True,4,4,https://www.bizinfo.go.kr/sii/siia/selectSIIA200Detail.do?pblancId=PBLN_000000000123338
PBLN_000000000121025,2026년 해양플랜트 서비스산업 엔지니어링 기술 지원 공고(해양플랜트 서비스산업 장비 공동활용 및 인력양성 사업),해양수산부,,no_support_ratio,support_ratio 없음,ratio_cap,not_required,False,,False,False,0,0,https://www.bizinfo.go.kr/sii/siia/selectSIIA200Detail.do?pblancId=PBLN_000000000121025
PBLN_000000000119836,[전남광주] 2026년 상반기 구조고도화자금 지원 계획 공고,전남광주통합특별시,0.1,blocked_context,수수료/인증/교육/컨설팅/비현금 문맥,subtract,reviewed,False,keep_old_amount,False,True,1,6,https://www.bizinfo.go.kr/sii/siia/selectSIIA200Detail.do?pblancId=PBLN_000000000119836
PBLN_000000000118879,[인천] 2026년 청년 창업가 육성 및 지원을 위한 청년창업 특례보증 지원사업 공고,인천광역시,0.015,blocked_context,금융/융자/보증/이차보전 문맥,exclude,not_required,False,,False,False,2,3,https://www.bizinfo.go.kr/sii/siia/selectSIIA200Detail.do?pblancId=PBLN_000000000118879
TECHNOPARK:1792,2026년 수출디딤돌지원사업 「2026 중국 상하이 시장개척단」참가기업 모집 공고,충남테크노파크,,no_support_ratio,support_ratio 없음,recommend_only,not_required,False,,False,False,0,0,https://www.ctp.or.kr/business/datadetail.do?seq=2709312
PBLN_000000000123549,[경기] 용인시 제2차 반도체기업 기술보호 지원사업 모집 공고,경기도,,no_support_ratio,support_ratio 없음,recommend_only,reviewed,False,keep_old_amount,False,True,0,3,https://www.bizinfo.go.kr/sii/siia/selectSIIA200Detail.do?pblancId=PBLN_000000000123549
PBLN_000000000118881,[인천] 2026년 소공인 경영안정 및 성장지원을 위한 소공인 지원 특례보증 지원사업 공고,인천광역시,0.015,blocked_context,금융/융자/보증/이차보전 문맥,exclude,not_required,False,,False,False,2,3,https://www.bizinfo.go.kr/sii/siia/selectSIIA200Detail.do?pblancId=PBLN_000000000118881
SMARTFACTORY:2026-N-0061:3,[2차]2026 대중소상생형(삼성) 스마트공장 구축(고도화),스마트공장 사업관리시스템,0.6,already_confirmed_amount,확정 대표금액 차감 우선,subtract,not_required,False,,True,True,1,3,https://www.smart-factory.kr/usr/bg/ba/ma/bsnsPbancDtl?pbancId=2026-N-0061&pbancSn=3
PBLN_000000000123506,[전남광주] 2026년 2차 전남 지역기업 성장사다리 지원사업 연장 공고,중소벤처기업부,,no_support_ratio,support_ratio 없음,subtract,not_required,False,,True,True,0,1,https://www.bizinfo.go.kr/sii/siia/selectSIIA200Detail.do?pblancId=PBLN_000000000123506
PBLN_000000000119013,2026년 투ㆍ융자 연계 기술개발사업 지원계획 공고(스케일업 팁스ㆍ글로벌 팁스ㆍ딥테크 챌린지 프로젝트),중소벤처기업부,0.75,blocked_context,금융/융자/보증/이차보전 문맥,subtract,not_required,False,,True,False,3,3,https://www.bizinfo.go.kr/sii/siia/selectSIIA200Detail.do?pblancId=PBLN_000000000119013
SMARTFACTORY:2026-N-0122:1,[코오롱베니트] 2026년도 상생형 인공지능 전환(AX) 선도모델 구축지원 사업 공고,스마트공장 사업관리시스템,0.5,estimated_ratio_pending_review,"pending/review 필요, 단 직접지원 문맥 있음",subtract,pending,True,mixed_manual_review,False,True,1,14,https://www.smart-factory.kr/usr/bg/ba/ma/bsnsPbancDtl?pbancId=2026-N-0122&pbancSn=1
TECHNOPARK:1500,"(2026-130호) 2026년도 지역주력산업육성(지역특화 프로젝트 레전드 50+) 지원모집 2차 공고 (강원 2.0, 퀀텀점프)",강원테크노파크,,no_support_ratio,support_ratio 없음,subtract,reviewed,False,keep_old_amount,True,True,0,5,https://www.gwtp.or.kr/gwtp/bbsNew_view.php?bbs_data=aWR4PTMxNjgmc3RhcnRQYWdlPSZsaXN0Tm89JnRhYmxlPWNzX2Jic19kYXRhX25ldyZjb2RlPXN1YjAxYiZzZWFyY2hfaXRlbT0mc2VhcmNoX29yZGVyPSZ1cmw9c3ViMDFiJmtleXZhbHVlPXN1YjAxJmJic19tYWxuYW1lPQ==||
TECHNOPARK:872,2026년 충남 정보보호 우수사례 지원사업 수혜기업 모집,충남테크노파크,0.1,blocked_context,수수료/인증/교육/컨설팅/비현금 문맥,subtract,reviewed,False,keep_old_amount,False,True,4,6,https://www.ctp.or.kr/business/datadetail.do?seq=2709231
PBLN_000000000119420,[대전] 2026년 수출보증보험료 지원사업 참가기업 모집 공고,대전광역시,1.0,blocked_context,금융/융자/보증/이차보전 문맥,exclude,not_required,False,,False,False,1,1,https://www.bizinfo.go.kr/sii/siia/selectSIIA200Detail.do?pblancId=PBLN_000000000119420
PBLN_000000000123792,2026년 충북청주 강소특구 X SK텔레콤 AI 기반 제조혁신 오픈이노베이션 지원사업 모집 공고,충청북도,,no_support_ratio,support_ratio 없음,recommend_only,not_required,False,,False,False,0,3,https://www.bizinfo.go.kr/sii/siia/selectSIIA200Detail.do?pblancId=PBLN_000000000123792
PBLN_000000000116487,[경남] 창원시 2025년 중소기업육성자금 긴급 융자 지원사업 재공고,경상남도,0.032,blocked_context,금융/융자/보증/이차보전 문맥,exclude,not_required,False,,False,False,1,2,https://www.bizinfo.go.kr/sii/siia/selectSIIA200Detail.do?pblancId=PBLN_000000000116487
PBLN_000000000119919,2026년 IP담보대출연계 지식재산평가지원사업 공고,지식재산처,0.5,blocked_context,금융/융자/보증/이차보전 문맥; 수수료/인증/교육/컨설팅/비현금 문맥,exclude,not_required,False,,False,False,5,5,https://www.bizinfo.go.kr/sii/siia/selectSIIA200Detail.do?pblancId=PBLN_000000000119919
SMARTFACTORY:2026-N-0124:1,[현대자동차 그룹] 2026년도 상생형 인공지능 전환(AX) 선도모델 구축지원 사업 공고,스마트공장 사업관리시스템,0.5,estimated_ratio_pending_review,"pending/review 필요, 단 직접지원 문맥 있음",subtract,pending,True,mixed_manual_review,False,True,1,5,https://www.smart-factory.kr/usr/bg/ba/ma/bsnsPbancDtl?pbancId=2026-N-0124&pbancSn=1
PBLN_000000000120234,[전남광주] 2026년 청년창업특례보증 지원계획 공고,전남광주통합특별시,1.0,blocked_context,금융/융자/보증/이차보전 문맥; 수수료/인증/교육/컨설팅/비현금 문맥,exclude,not_required,False,,False,False,1,2,https://www.bizinfo.go.kr/sii/siia/selectSIIA200Detail.do?pblancId=PBLN_000000000120234
PBLN_000000000123526,[충남] 2026년 산학연 협동프로그램 참여기업 지원사업 모집 재공고(테크노파크 생산장비 고도화),충청남도,0.1,blocked_context,수수료/인증/교육/컨설팅/비현금 문맥,subtract,pending,True,mixed_manual_review,False,True,1,2,https://www.bizinfo.go.kr/sii/siia/selectSIIA200Detail.do?pblancId=PBLN_000000000123526
PBLN_000000000123496,2026년 경북 뿌리산업 DX(디지털전환) 기술지원사업 수혜기업 모집 재공고(뿌리산업 제조공정혁신 지원을 위한 DX 기반구축),산업통상부,,no_support_ratio,support_ratio 없음,subtract,not_required,False,,True,True,0,1,https://www.bizinfo.go.kr/sii/siia/selectSIIA200Detail.do?pblancId=PBLN_000000000123496
PBLN_000000000121038,2026년 IoT 보안인증 인증시험 수수료 지원 공고,과학기술정보통신부,0.8,blocked_context,수수료/인증/교육/컨설팅/비현금 문맥,ratio_cap,pending,True,recommend_only_payload,True,False,1,1,https://www.bizinfo.go.kr/sii/siia/selectSIIA200Detail.do?pblancId=PBLN_000000000121038
PBLN_000000000121145,[경북] 영천시 2026년 중소기업 기숙사 임차비 지원사업 참여기업 모집 공고,경상북도,0.9,estimated_ratio_needs_light_review,위험 문맥은 없지만 직접지원 문맥 약함,subtract,not_required,False,,True,False,1,1,https://www.bizinfo.go.kr/sii/siia/selectSIIA200Detail.do?pblancId=PBLN_000000000121145
PBLN_000000000116832,2026년 미래내일 일경험 사업 참여기업 모집 공고(인턴형ㆍ기업탐방형),고용노동부,,no_support_ratio,support_ratio 없음,subtract,not_required,False,,True,False,0,4,https://www.bizinfo.go.kr/sii/siia/selectSIIA200Detail.do?pblancId=PBLN_000000000116832
PBLN_000000000121291,2026년 비즈니스지원단(현장클리닉) 사업 운영계획 공고,중소벤처기업부,0.8,already_confirmed_amount,확정 대표금액 차감 우선,subtract,not_required,False,,True,True,1,2,https://www.bizinfo.go.kr/sii/siia/selectSIIA200Detail.do?pblancId=PBLN_000000000121291
PBLN_000000000116998,[경북] 2026년 소상공인육성자금(경북버팀금융) 이차보전 지원 계획 공고,경상북도,,no_support_ratio,support_ratio 없음,exclude,not_required,False,,False,False,0,1,https://www.bizinfo.go.kr/sii/siia/selectSIIA200Detail.do?pblancId=PBLN_000000000116998
PBLN_000000000122255,[강원] 원주시 2026년 중소기업 지식재산 국내 분쟁 지원 사업 수시 모집 공고,강원특별자치도,0.3,already_confirmed_amount,확정 대표금액 차감 우선,subtract,not_required,False,,True,True,1,3,https://www.bizinfo.go.kr/sii/siia/selectSIIA200Detail.do?pblancId=PBLN_000000000122255
PBLN_000000000123504,[서남권] 2026년 2차 지역혁신클러스터육성(비R&D) 기업지원사업 모집 공고,전남광주통합특별시,0.5,blocked_context,수수료/인증/교육/컨설팅/비현금 문맥,recommend_only,pending,True,manual_representative_recoverable,False,False,0,5,https://www.bizinfo.go.kr/sii/siia/selectSIIA200Detail.do?pblancId=PBLN_000000000123504
PBLN_000000000117038,[충북] 2026년 소상공인 육성자금 지원계획 공고,충청북도,,no_support_ratio,support_ratio 없음,exclude,not_required,False,,False,False,0,3,https://www.bizinfo.go.kr/sii/siia/selectSIIA200Detail.do?pblancId=PBLN_000000000117038
SMARTFACTORY:2026-N-0069:1,[경기] 2026년 제조DX멘토단 활용지원사업(구축지도) 도입기업 모집 공고,스마트공장 사업관리시스템,0.85,blocked_context,수수료/인증/교육/컨설팅/비현금 문맥; 자부담/총사업비/총규모/매출 문맥,recommend_only,not_required,False,,True,True,4,4,https://www.smart-factory.kr/usr/bg/ba/ma/bsnsPbancDtl?pbancId=2026-N-0069&pbancSn=1
PBLN_000000000122346,[인천] 2026년 원도심ㆍ지역상권 활성화를 위한 상권 활성화 특례보증 지원사업 공고,인천광역시,0.015,blocked_context,금융/융자/보증/이차보전 문맥,exclude,not_required,False,,False,False,1,3,https://www.bizinfo.go.kr/sii/siia/selectSIIA200Detail.do?pblancId=PBLN_000000000122346
PBLN_000000000123659,[경북] 2026년 3차 지역기업 성장사다리 지원사업 통합 추가 공고,중소벤처기업부,,no_support_ratio,support_ratio 없음,subtract,reviewed,False,keep_old_amount,False,True,0,4,https://www.bizinfo.go.kr/sii/siia/selectSIIA200Detail.do?pblancId=PBLN_000000000123659
PBLN_000000000117067,[세종] 2026년 사회적경제 조직 금융(이차보전) 지원계획 공고,세종특별자치시,,no_support_ratio,support_ratio 없음,exclude,not_required,False,,False,False,0,2,https://www.bizinfo.go.kr/sii/siia/selectSIIA200Detail.do?pblancId=PBLN_000000000117067
PBLN_000000000117071,[부산] 사상구 2026년 소상공인 보증료 지원사업 대상자 모집 공고,부산광역시,,no_support_ratio,support_ratio 없음,exclude,not_required,False,,False,False,0,1,https://www.bizinfo.go.kr/sii/siia/selectSIIA200Detail.do?pblancId=PBLN_000000000117071
PBLN_000000000123156,2026년 2차 관세피해업종 이차보전지원 사업 공고,산업통상부,0.02,blocked_context,금융/융자/보증/이차보전 문맥,review,not_required,False,,False,False,2,6,https://www.bizinfo.go.kr/sii/siia/selectSIIA200Detail.do?pblancId=PBLN_000000000123156
PBLN_000000000122589,2026년 제조산업 공정작업용 로봇 엔드이펙터 실증 기반 구축 사업 지원 기업 모집 공고,산업통상부,,no_support_ratio,support_ratio 없음,ratio_cap,not_required,False,,False,False,0,0,https://www.bizinfo.go.kr/sii/siia/selectSIIA200Detail.do?pblancId=PBLN_000000000122589
PBLN_000000000117074,[경기] 부천시 2026년 중소기업특례보증 지원 계획 공고,경기도,,no_support_ratio,support_ratio 없음,exclude,not_required,False,,False,False,0,1,https://www.bizinfo.go.kr/sii/siia/selectSIIA200Detail.do?pblancId=PBLN_000000000117074
PBLN_000000000119272,2026년 유니버설디자인리빙랩 제품 사용성조사 장비 공동활용 지원안내 공고 ,인천광역시,,no_support_ratio,support_ratio 없음,recommend_only,not_required,False,,False,False,0,0,https://www.bizinfo.go.kr/sii/siia/selectSIIA200Detail.do?pblancId=PBLN_000000000119272
PBLN_000000000123417,[경북] 영천시 2026년 2차 중소기업 고부가가치 전환육성 지원사업 공고,경상북도,1.0,blocked_context,수수료/인증/교육/컨설팅/비현금 문맥; 자부담/총사업비/총규모/매출 문맥,subtract,pending,True,manual_representative_recoverable,False,True,3,3,https://www.bizinfo.go.kr/sii/siia/selectSIIA200Detail.do?pblancId=PBLN_000000000123417
PBLN_000000000117094,[충남] 2026년 소상공인자금 융자 지원계획 공고,충청남도,0.015,blocked_context,금융/융자/보증/이차보전 문맥,exclude,not_required,False,,False,False,1,2,https://www.bizinfo.go.kr/sii/siia/selectSIIA200Detail.do?pblancId=PBLN_000000000117094
PBLN_000000000117075,[경기] 부천시 2026년 특례보증 지원 계획 공고,경기도,,no_support_ratio,support_ratio 없음,exclude,not_required,False,,False,False,0,1,https://www.bizinfo.go.kr/sii/siia/selectSIIA200Detail.do?pblancId=PBLN_000000000117075
PBLN_000000000117085,2026년 시니어인턴십 사업 참여 기업 모집 공고,보건복지부,,no_support_ratio,support_ratio 없음,subtract,not_required,False,,False,False,0,2,https://www.bizinfo.go.kr/sii/siia/selectSIIA200Detail.do?pblancId=PBLN_000000000117085
PBLN_000000000117096,[대전] 서구 2026년 소상공인 경영안정자금 지원사업 공고,대전광역시,0.03,blocked_context,금융/융자/보증/이차보전 문맥,exclude,not_required,False,,False,False,1,3,https://www.bizinfo.go.kr/sii/siia/selectSIIA200Detail.do?pblancId=PBLN_000000000117096
PBLN_000000000117095,[충남] 2026년 사회적경제기금 융자지원 계획 공고,충청남도,,no_support_ratio,support_ratio 없음,exclude,not_required,False,,False,False,0,1,https://www.bizinfo.go.kr/sii/siia/selectSIIA200Detail.do?pblancId=PBLN_000000000117095
PBLN_000000000123466,2026년 지능형 반도체 개발ㆍ실증지원 고신뢰 반도체 상용화를 위한 검증ㆍ확인 지원사업 기업 지원 프로그램 통합 공고,산업통상부,1.0,blocked_context,수수료/인증/교육/컨설팅/비현금 문맥,recommend_only,pending,True,mixed_manual_review,False,True,0,4,https://www.bizinfo.go.kr/sii/siia/selectSIIA200Detail.do?pblancId=PBLN_000000000123466
TECHNOPARK:1752,[서천군] 2026년 시군구연고산업육성 협업프로젝트(서천군 해양바이오 인큐베이팅 사업) 3차 수혜기업 모집 공고 기간 연장 안내,충남테크노파크,,no_support_ratio,support_ratio 없음,recommend_only,not_required,False,,True,True,0,13,https://www.ctp.or.kr/business/datadetail.do?seq=2709311
PBLN_000000000117103,[대전] 유성구 2026년 소상공인 특례보증 지원사업 공고,대전광역시,,no_support_ratio,support_ratio 없음,exclude,not_required,False,,False,False,0,2,https://www.bizinfo.go.kr/sii/siia/selectSIIA200Detail.do?pblancId=PBLN_000000000117103
PBLN_000000000117056,[경기] 부천시 2026년 내일채움공제 지원 계획 공고,경기도,,no_support_ratio,support_ratio 없음,subtract,pending,True,manual_representative_recoverable,False,True,0,2,https://www.bizinfo.go.kr/sii/siia/selectSIIA200Detail.do?pblancId=PBLN_000000000117056
PBLN_000000000117109,[경기] 2026년 사회적경제조직 특별융자 사업 공고,경기도,,no_support_ratio,support_ratio 없음,exclude,not_required,False,,False,False,0,3,https://www.bizinfo.go.kr/sii/siia/selectSIIA200Detail.do?pblancId=PBLN_000000000117109
SMARTFACTORY:2026-N-0107:1,2026년 경남 산업안전AI 스마트공장 구축 지원사업 공고,스마트공장 사업관리시스템,0.35,already_confirmed_amount,확정 대표금액 차감 우선,subtract,not_required,False,,True,True,1,5,https://www.smart-factory.kr/usr/bg/ba/ma/bsnsPbancDtl?pbancId=2026-N-0107&pbancSn=1
PBLN_000000000117111,[서울] 2026년 중소기업육성자금 융자지원 계획 공고,서울특별시,,no_support_ratio,support_ratio 없음,subtract,not_required,False,,False,False,0,11,https://www.bizinfo.go.kr/sii/siia/selectSIIA200Detail.do?pblancId=PBLN_000000000117111
PBLN_000000000117127,2026년 관광진흥개발기금 신용보증부 운영자금 특별융자 지원 지침 공고,문화체육관광부,,no_support_ratio,support_ratio 없음,exclude,not_required,False,,False,False,0,1,https://www.bizinfo.go.kr/sii/siia/selectSIIA200Detail.do?pblancId=PBLN_000000000117127
PBLN_000000000123745,2026년 4차 예술산업보증 7월 공고,문화체육관광부,0.3,blocked_context,금융/융자/보증/이차보전 문맥; 수수료/인증/교육/컨설팅/비현금 문맥,exclude,pending,True,mixed_manual_review,False,True,0,2,https://www.bizinfo.go.kr/sii/siia/selectSIIA200Detail.do?pblancId=PBLN_000000000123745
SMARTFACTORY:2026-N-0005:1,2026년 스마트공장 수준확인 사업 공고,스마트공장 사업관리시스템,1.0,estimated_ratio_pending_review,"pending/review 필요, 단 직접지원 문맥 있음",recommend_only,pending,True,mixed_manual_review,False,False,1,6,https://www.smart-factory.kr/usr/bg/ba/ma/bsnsPbancDtl?pbancId=2026-N-0005&pbancSn=1
PBLN_000000000117130,2026년 상반기 관광진흥개발기금 이차보전 지원 지침 공고,문화체육관광부,0.5,blocked_context,금융/융자/보증/이차보전 문맥; 수수료/인증/교육/컨설팅/비현금 문맥,exclude,not_required,False,,False,False,2,2,https://www.bizinfo.go.kr/sii/siia/selectSIIA200Detail.do?pblancId=PBLN_000000000117130
PBLN_000000000122893,2026년 세종테크밸리 첨단기업 유치 임차료 지원사업 희망기업(임차기업) 모집 수정 공고,세종특별자치시,0.7,already_confirmed_amount,확정 대표금액 차감 우선,subtract,not_required,False,,True,True,1,7,https://www.bizinfo.go.kr/sii/siia/selectSIIA200Detail.do?pblancId=PBLN_000000000122893
PBLN_000000000120134,[전남광주] 2026년 평동산업단지 중소기업 보증료 지원사업 공고,전남광주통합특별시,0.3,blocked_context,금융/융자/보증/이차보전 문맥; 수수료/인증/교육/컨설팅/비현금 문맥,subtract,pending,True,finance_exclude_payload,False,True,2,3,https://www.bizinfo.go.kr/sii/siia/selectSIIA200Detail.do?pblancId=PBLN_000000000120134
PBLN_000000000119064,2026년 자동차용 반도체 기능안전ㆍ신뢰성 산업혁신기반구축사업 기업지원 모집 공고,산업통상부,,no_support_ratio,support_ratio 없음,recommend_only,not_required,False,,False,False,0,0,https://www.bizinfo.go.kr/sii/siia/selectSIIA200Detail.do?pblancId=PBLN_000000000119064
PBLN_000000000120591,조선ㆍ해양 배관 및 시운전 장비 공동활용 지원 사업 모집 공고(선박해양플랜트연구소 해양플랜트산업지원센터 구축 장비 공동 활용 사업),해양수산부,,no_support_ratio,support_ratio 없음,recommend_only,not_required,False,,False,False,0,0,https://www.bizinfo.go.kr/sii/siia/selectSIIA200Detail.do?pblancId=PBLN_000000000120591
SMARTFACTORY:2026-N-0102:1,2026년도 강원 지역특화형(바이오헬스·식품) 스마트공장 구축사업(고도화) 공고,스마트공장 사업관리시스템,0.5,already_confirmed_amount,확정 대표금액 차감 우선,subtract,not_required,False,,True,True,2,6,https://www.smart-factory.kr/usr/bg/ba/ma/bsnsPbancDtl?pbancId=2026-N-0102&pbancSn=1
PBLN_000000000123527,[경북] 안동시 2026년 푸드테크 상용화모델 개발 및 실증사업 수혜기업 모집 공고,경상북도,1.0,already_confirmed_amount,확정 대표금액 차감 우선,subtract,not_required,False,,True,True,0,1,https://www.bizinfo.go.kr/sii/siia/selectSIIA200Detail.do?pblancId=PBLN_000000000123527
SMARTFACTORY:2026-N-0100:1,"2026년도 경북 지역특화형(고도화) 스마트공장 구축사업 공고(방산, 모빌리티)",스마트공장 사업관리시스템,0.5,already_confirmed_amount,확정 대표금액 차감 우선,subtract,not_required,False,,True,True,2,12,https://www.smart-factory.kr/usr/bg/ba/ma/bsnsPbancDtl?pbancId=2026-N-0100&pbancSn=1
PBLN_000000000117145,[전남광주] 2026년 중소기업 육성자금(중소유통업 구조개선자금) 지원계획 공고,전남광주통합특별시,,no_support_ratio,support_ratio 없음,exclude,not_required,False,,False,False,0,2,https://www.bizinfo.go.kr/sii/siia/selectSIIA200Detail.do?pblancId=PBLN_000000000117145
TECHNOPARK:988,2026년 충청권 에너지기술공유대학 산학공동 에너지프로젝트 지원사업 2차 공고,충남테크노파크,,no_support_ratio,support_ratio 없음,subtract,not_required,False,,True,True,0,4,https://www.ctp.or.kr/business/datadetail.do?seq=2709267
PBLN_000000000122357,[충북] 2026년 중소기업 경영애로 전문가 컨설팅서비스 참여기업 모집 공고,충청북도,,no_support_ratio,support_ratio 없음,recommend_only,not_required,False,,False,False,0,1,https://www.bizinfo.go.kr/sii/siia/selectSIIA200Detail.do?pblancId=PBLN_000000000122357
PBLN_000000000117146,[전남광주] 2026년 중소기업 육성자금(중소기업 경영안정자금) 지원계획 공고,전남광주통합특별시,,no_support_ratio,support_ratio 없음,exclude,not_required,False,,False,False,0,4,https://www.bizinfo.go.kr/sii/siia/selectSIIA200Detail.do?pblancId=PBLN_000000000117146
PBLN_000000000117147,[전남광주] 2026년 중소기업 육성자금(건설업 (특별)경영안정자금) 지원계획 공고,전남광주통합특별시,,no_support_ratio,support_ratio 없음,exclude,not_required,False,,False,False,0,1,https://www.bizinfo.go.kr/sii/siia/selectSIIA200Detail.do?pblancId=PBLN_000000000117147
PBLN_000000000123639,[전남광주] 2026년 3차 창업기업 우수인력 인건비 지원사업 수혜기업 모집 공고,전남광주통합특별시,0.7,estimated_ratio_ok,지원비율 직접 적용 가능 문맥,subtract,not_required,False,,True,False,1,2,https://www.bizinfo.go.kr/sii/siia/selectSIIA200Detail.do?pblancId=PBLN_000000000123639
PBLN_000000000123719,2026년 3차 품질보증조달물품 지정계획 공고,조달청,,no_support_ratio,support_ratio 없음,recommend_only,not_required,False,,False,False,0,0,https://www.bizinfo.go.kr/sii/siia/selectSIIA200Detail.do?pblancId=PBLN_000000000123719
PBLN_000000000121191,2026년 산업 분야 온실가스 국제감축사업 공고,산업통상부,0.5,estimated_ratio_pending_weak,"pending/review 필요, 직접지원 문맥 약함",subtract,pending,True,manual_representative_recoverable,True,True,2,2,https://www.bizinfo.go.kr/sii/siia/selectSIIA200Detail.do?pblancId=PBLN_000000000121191
PBLN_000000000123651,[부산] 2026년 수리조선산업 맞춤형 지원사업 추가모집 공고(스마트수리조선지원센터 관리운영 사업),부산광역시,0.9,already_confirmed_amount,확정 대표금액 차감 우선,subtract,not_required,False,,True,True,2,3,https://www.bizinfo.go.kr/sii/siia/selectSIIA200Detail.do?pblancId=PBLN_000000000123651
PBLN_000000000117149,[전남광주] 2026년 중소기업 육성자금(사회적경제 (특별)경영안정자금) 지원계획 공고,전남광주통합특별시,,no_support_ratio,support_ratio 없음,exclude,not_required,False,,False,False,0,3,https://www.bizinfo.go.kr/sii/siia/selectSIIA200Detail.do?pblancId=PBLN_000000000117149
PBLN_000000000123023,[경남] 2026년 사이버 위기대응 모의훈련 및 보안점검 수요기업 모집 공고(지역 정보보호 지원센터),경상남도,1.0,already_confirmed_amount,확정 대표금액 차감 우선,subtract,not_required,False,,True,True,0,5,https://www.bizinfo.go.kr/sii/siia/selectSIIA200Detail.do?pblancId=PBLN_000000000123023
PBLN_000000000117150,[인천] 서구 2026년 청년기업 인증 신청 공고,인천광역시,,no_support_ratio,support_ratio 없음,recommend_only,not_required,False,,False,False,0,6,https://www.bizinfo.go.kr/sii/siia/selectSIIA200Detail.do?pblancId=PBLN_000000000117150
SMARTFACTORY:2025-N-0203:2,2026년도 자율형공장 구축 지원사업(단독신청),스마트공장 사업관리시스템,0.5,already_confirmed_ratio,기존 ratio_cap 확정,ratio_cap,not_required,False,,True,True,4,27,https://www.smart-factory.kr/usr/bg/ba/ma/bsnsPbancDtl?pbancId=2025-N-0203&pbancSn=2
PBLN_000000000117154,[경북] 2026년 산불피해기업 재해시설자금 이차보전 지원 계획 공고,경상북도,0.03,blocked_context,금융/융자/보증/이차보전 문맥,recommend_only,not_required,False,,False,False,1,1,https://www.bizinfo.go.kr/sii/siia/selectSIIA200Detail.do?pblancId=PBLN_000000000117154
PBLN_000000000123392,[부산] 2026년 2차 지산학 기술도입 지원사업 참여기업 모집 공고(지산학 연결중개 촉진 지원사업),부산광역시,0.5,already_confirmed_amount,확정 대표금액 차감 우선,subtract,not_required,False,,True,True,1,2,https://www.bizinfo.go.kr/sii/siia/selectSIIA200Detail.do?pblancId=PBLN_000000000123392
TECHNOPARK:1794,2026년도 인천광역시 중소기업 디자인개발지원사업 (하반기 일반기업 지원분야) 과제 모집,인천테크노파크,0.8,already_confirmed_amount,확정 대표금액 차감 우선,subtract,not_required,False,,True,True,1,2,https://itp.or.kr/intro.asp?tmid=13&seq=10879
SMARTFACTORY:2026-N-0099:1,[포항] 2026년 제조DX멘토단 활용지원(구축지도) 도입기업 모집공고,스마트공장 사업관리시스템,0.85,blocked_context,수수료/인증/교육/컨설팅/비현금 문맥; 자부담/총사업비/총규모/매출 문맥,recommend_only,not_required,False,,True,True,4,4,https://www.smart-factory.kr/usr/bg/ba/ma/bsnsPbancDtl?pbancId=2026-N-0099&pbancSn=1
PBLN_000000000120113,중소기업 전파 공동엔지니어링랩 운영지원 사업 공고,과학기술정보통신부,,no_support_ratio,support_ratio 없음,ratio_cap,not_required,False,,False,False,0,0,https://www.bizinfo.go.kr/sii/siia/selectSIIA200Detail.do?pblancId=PBLN_000000000120113
PBLN_000000000117158,[경북] 2026년 벤처기업 육성자금 운용계획 공고,경상북도,,no_support_ratio,support_ratio 없음,recommend_only,not_required,False,,False,False,0,3,https://www.bizinfo.go.kr/sii/siia/selectSIIA200Detail.do?pblancId=PBLN_000000000117158
PBLN_000000000123682,2026년 ICT 중소기업 정보보호 지원 사업 수요기업 모집 공고,과학기술정보통신부,0.8,already_confirmed_amount,확정 대표금액 차감 우선,subtract,not_required,False,,True,True,2,3,https://www.bizinfo.go.kr/sii/siia/selectSIIA200Detail.do?pblancId=PBLN_000000000123682
SMARTFACTORY:2026-N-0109:1,2026년 대구지역 스마트공장 구축(기초단계)지원 사업,스마트공장 사업관리시스템,,no_support_ratio,support_ratio 없음,subtract,not_required,False,,True,True,0,2,https://www.smart-factory.kr/usr/bg/ba/ma/bsnsPbancDtl?pbancId=2026-N-0109&pbancSn=1
PBLN_000000000117168,[대구] 2025년 4차 소상공인 맞춤형 출산ㆍ양육지원 사업 모집 공고,대구광역시,,no_support_ratio,support_ratio 없음,subtract,not_required,False,,False,False,0,1,https://www.bizinfo.go.kr/sii/siia/selectSIIA200Detail.do?pblancId=PBLN_000000000117168
SMARTFACTORY:2025-N-0211:1,2026년 제조DX멘토단 활용지원사업 통합공고,스마트공장 사업관리시스템,0.85,blocked_context,자부담/총사업비/총규모/매출 문맥,recommend_only,pending,True,total_scale_manual_review,False,False,6,7,https://www.smart-factory.kr/usr/bg/ba/ma/bsnsPbancDtl?pbancId=2025-N-0211&pbancSn=1
PBLN_000000000117177,[경기] 성남시 2026년 중소기업 특례보증 지원계획 공고,경기도,,no_support_ratio,support_ratio 없음,exclude,not_required,False,,False,False,0,1,https://www.bizinfo.go.kr/sii/siia/selectSIIA200Detail.do?pblancId=PBLN_000000000117177
PBLN_000000000123668,2026년 이차전지 소재부품 기업대상 기술개발 패키지 지원프로그램 참여기업 모집 공고,경상북도,,no_support_ratio,support_ratio 없음,recommend_only,not_required,False,,False,False,0,0,https://www.bizinfo.go.kr/sii/siia/selectSIIA200Detail.do?pblancId=PBLN_000000000123668
SMARTFACTORY:2026-N-0067:3,[인천] 2026년 제조DX멘토단 활용지원사업 (구축지도) 도입기업 모집공고,스마트공장 사업관리시스템,0.85,blocked_context,수수료/인증/교육/컨설팅/비현금 문맥; 자부담/총사업비/총규모/매출 문맥,recommend_only,not_required,False,,True,True,7,7,https://www.smart-factory.kr/usr/bg/ba/ma/bsnsPbancDtl?pbancId=2026-N-0067&pbancSn=3
PBLN_000000000117221,[대전] 소상공인 경영위기극복 특례보증 지원 공고,대전광역시,,no_support_ratio,support_ratio 없음,exclude,not_required,False,,False,False,0,2,https://www.bizinfo.go.kr/sii/siia/selectSIIA200Detail.do?pblancId=PBLN_000000000117221
PBLN_000000000123771,[강원] 2026년 3차 지식재산 긴급지원 모집 공고,강원특별자치도,,no_support_ratio,support_ratio 없음,recommend_only,pending,True,recommend_only_payload,False,True,0,5,https://www.bizinfo.go.kr/sii/siia/selectSIIA200Detail.do?pblancId=PBLN_000000000123771
SMARTFACTORY:2025-N-0197:1,2026년도 정부형 스마트공장 구축사업 공고(고도화),스마트공장 사업관리시스템,0.5,already_confirmed_amount,확정 대표금액 차감 우선,subtract,not_required,False,,True,True,2,23,https://www.smart-factory.kr/usr/bg/ba/ma/bsnsPbancDtl?pbancId=2025-N-0197&pbancSn=1
PBLN_000000000117223,[대전] 2026년 1차 소상공인 초저금리 특별자금 지원 계획 공고,대전광역시,,no_support_ratio,support_ratio 없음,exclude,not_required,False,,False,False,0,1,https://www.bizinfo.go.kr/sii/siia/selectSIIA200Detail.do?pblancId=PBLN_000000000117223
PBLN_000000000117232,[충남] 2026년 식품진흥기금 시설개선자금 융자계획 공고,충청남도,,no_support_ratio,support_ratio 없음,exclude,not_required,False,,False,False,0,1,https://www.bizinfo.go.kr/sii/siia/selectSIIA200Detail.do?pblancId=PBLN_000000000117232
SMARTFACTORY:2026-N-0076:2,[충북] 2026년 제조DX멘토단 활용지원(구축지도) 도입기업 모집 공고,스마트공장 사업관리시스템,0.85,already_confirmed_amount,확정 대표금액 차감 우선,subtract,not_required,False,,True,True,7,7,https://www.smart-factory.kr/usr/bg/ba/ma/bsnsPbancDtl?pbancId=2026-N-0076&pbancSn=2
PBLN_000000000117254,[경남] 창원시 2026년 중소기업 육성자금 융자지원 계획 공고,경상남도,,no_support_ratio,support_ratio 없음,recommend_only,not_required,False,,False,False,0,3,https://www.bizinfo.go.kr/sii/siia/selectSIIA200Detail.do?pblancId=PBLN_000000000117254
SMARTFACTORY:2025-N-0203:1,2026년도 자율형공장 구축 지원사업(컨소시엄신청),스마트공장 사업관리시스템,0.5,already_confirmed_ratio,기존 ratio_cap 확정,ratio_cap,reviewed,False,keep_old_amount,False,False,4,27,https://www.smart-factory.kr/usr/bg/ba/ma/bsnsPbancDtl?pbancId=2025-N-0203&pbancSn=1
PBLN_000000000117668,[인천] 2026년 기술거래촉진네트워크사업(인천기술전환플랫폼) 기술이전 및 기술수요조사서 신청 공고,인천광역시,,no_support_ratio,support_ratio 없음,recommend_only,not_required,False,,False,False,0,0,https://www.bizinfo.go.kr/sii/siia/selectSIIA200Detail.do?pblancId=PBLN_000000000117668
PBLN_000000000123677,[제주] 건강기능식품 양산화 지원 사업 수혜기업 모집 공고(기능성식품공장운영 및 제품생산활성화사업),제주특별자치도,,no_support_ratio,support_ratio 없음,recommend_only,not_required,False,,True,True,0,5,https://www.bizinfo.go.kr/sii/siia/selectSIIA200Detail.do?pblancId=PBLN_000000000123677
SMARTFACTORY:2026-N-0010:1,2026년도 제조DX멘토단 활용지원(AX기획) 도입기업 모집 공고,스마트공장 사업관리시스템,0.85,blocked_context,자부담/총사업비/총규모/매출 문맥,subtract,pending,True,total_scale_manual_review,False,False,2,2,https://www.smart-factory.kr/usr/bg/ba/ma/bsnsPbancDtl?pbancId=2026-N-0010&pbancSn=1
PBLN_000000000117258,[경남] 김해시 2026년 상반기 중소기업육성자금 지원 계획 공고,경상남도,0.025,blocked_context,금융/융자/보증/이차보전 문맥,recommend_only,not_required,False,,False,False,3,3,https://www.bizinfo.go.kr/sii/siia/selectSIIA200Detail.do?pblancId=PBLN_000000000117258
TECHNOPARK:1770,[2026-037호] 2026년도 세종 규제자유특구 수요조사 재공고(3차),세종테크노파크,,no_support_ratio,support_ratio 없음,recommend_only,not_required,False,,False,False,0,0,https://www.sjtp.or.kr/bbs/board.php?bo_table=business01&wr_id=1982
PBLN_000000000122968,2026년 2차 안전일터 조성지원 사업 수정 공고,고용노동부,0.5,blocked_context,수수료/인증/교육/컨설팅/비현금 문맥,subtract,reviewed,False,keep_old_amount,False,True,2,6,https://www.bizinfo.go.kr/sii/siia/selectSIIA200Detail.do?pblancId=PBLN_000000000122968
PBLN_000000000117278,[경남] 산청군 인구감소지역 소재 중소기업 특례보증 금융지원 신청 공고,경상남도,0.02,blocked_context,금융/융자/보증/이차보전 문맥,exclude,not_required,False,,False,False,1,2,https://www.bizinfo.go.kr/sii/siia/selectSIIA200Detail.do?pblancId=PBLN_000000000117278
PBLN_000000000117276,[경남] 김해시 2026년 사회적경제기업 금융지원 사업 계획 공고,경상남도,,no_support_ratio,support_ratio 없음,exclude,not_required,False,,False,False,0,1,https://www.bizinfo.go.kr/sii/siia/selectSIIA200Detail.do?pblancId=PBLN_000000000117276
PBLN_000000000120170,2026년 중소기업 기술분쟁 소송보험 지원사업 공고,중소벤처기업부,0.8,blocked_context,수수료/인증/교육/컨설팅/비현금 문맥,subtract,pending,True,ratio_only,False,True,1,1,https://www.bizinfo.go.kr/sii/siia/selectSIIA200Detail.do?pblancId=PBLN_000000000120170
TECHNOPARK:694,정보보호 기업 육성을 위한 지원사업 참여기업 추가모집(창업·벤처 기업),경남테크노파크,,no_support_ratio,support_ratio 없음,subtract,not_required,False,,False,True,0,0,http://www.gntp.or.kr/biz/applyInfo/3744
PBLN_000000000117283,[경남] 거제시 2026년 저신용 소상공인 이차보전 지원사업 계획 공고,경상남도,,no_support_ratio,support_ratio 없음,recommend_only,not_required,False,,False,False,0,1,https://www.bizinfo.go.kr/sii/siia/selectSIIA200Detail.do?pblancId=PBLN_000000000117283
PBLN_000000000117294,[경남] 창녕군 2026년 중소기업 전시(박람)회 참가 지원 계획 공고,경상남도,,no_support_ratio,support_ratio 없음,subtract,not_required,False,,False,False,0,1,https://www.bizinfo.go.kr/sii/siia/selectSIIA200Detail.do?pblancId=PBLN_000000000117294
PBLN_000000000117298,[경남] 창녕군 2026년 상반기 중소기업 육성자금 융자지원 계획 공고,경상남도,,no_support_ratio,support_ratio 없음,review,not_required,False,,False,False,0,3,https://www.bizinfo.go.kr/sii/siia/selectSIIA200Detail.do?pblancId=PBLN_000000000117298
PBLN_000000000123740,[대구] 2026년 대경이음 상생 R&D 지원 수혜기업 모집 공고(지역산업맞춤형 일자리지원사업 대경권 광역이음프로젝트),고용노동부,0.1,already_confirmed_amount,확정 대표금액 차감 우선,subtract,not_required,False,,True,True,0,1,https://www.bizinfo.go.kr/sii/siia/selectSIIA200Detail.do?pblancId=PBLN_000000000123740
PBLN_000000000123759,2026년 농식품 데이터 활용 컨설팅 및 구매 지원사업 공고,농림축산식품부,0.8,already_confirmed_amount,확정 대표금액 차감 우선,subtract,not_required,False,,True,True,1,2,https://www.bizinfo.go.kr/sii/siia/selectSIIA200Detail.do?pblancId=PBLN_000000000123759
PBLN_000000000117306,[경남] 양산시 2026년 신중년고용지원금 지원사업 참여 기업 모집 공고,경상남도,,no_support_ratio,support_ratio 없음,subtract,not_required,False,,True,False,0,1,https://www.bizinfo.go.kr/sii/siia/selectSIIA200Detail.do?pblancId=PBLN_000000000117306
PBLN_000000000117303,[경남] 거제시 2026년 조선협력사 중소기업 육성자금 연장 지원 계획 공고,경상남도,0.03,blocked_context,금융/융자/보증/이차보전 문맥,recommend_only,not_required,False,,False,False,1,2,https://www.bizinfo.go.kr/sii/siia/selectSIIA200Detail.do?pblancId=PBLN_000000000117303
PBLN_000000000117307,[인천] 2026년 가상융합산업 콘텐츠 제작 장비 임차지원 공고(인천 가상융합산업 혁신센터),인천광역시,1.0,blocked_context,수수료/인증/교육/컨설팅/비현금 문맥,recommend_only,not_required,False,,False,False,0,1,https://www.bizinfo.go.kr/sii/siia/selectSIIA200Detail.do?pblancId=PBLN_000000000117307
PBLN_000000000117316,[경북] 의성군 2026년 중소기업 운전자금 지원 공고,경상북도,0.04,blocked_context,금융/융자/보증/이차보전 문맥,review,not_required,False,,False,False,1,2,https://www.bizinfo.go.kr/sii/siia/selectSIIA200Detail.do?pblancId=PBLN_000000000117316
PBLN_000000000118752,2026년 한국농수산식품유통공사(aT) 안전성 검사비 지원사업 공고,농림축산식품부,0.9,already_confirmed_amount,확정 대표금액 차감 우선,subtract,not_required,False,,True,True,1,3,https://www.bizinfo.go.kr/sii/siia/selectSIIA200Detail.do?pblancId=PBLN_000000000118752
PBLN_000000000122585,2026년 2차 미래차 전자제어부품 산업 고도화 기반구축 기업지원 수혜기업 모집 공고,산업통상부,,no_support_ratio,support_ratio 없음,subtract,pending,True,manual_representative_recoverable,False,False,0,9,https://www.bizinfo.go.kr/sii/siia/selectSIIA200Detail.do?pblancId=PBLN_000000000122585
PBLN_000000000123800,2026년 중소기업 정보보호 지원사업 수요기업 모집 공고,과학기술정보통신부,0.8,blocked_context,수수료/인증/교육/컨설팅/비현금 문맥,subtract,not_required,False,,True,False,2,3,https://www.bizinfo.go.kr/sii/siia/selectSIIA200Detail.do?pblancId=PBLN_000000000123800
PBLN_000000000120123,2026년 금융 테스트베드 참여기업 테스트비용 지원 공고,금융위원회,1.0,already_confirmed_amount,확정 대표금액 차감 우선,subtract,not_required,False,,True,True,0,1,https://www.bizinfo.go.kr/sii/siia/selectSIIA200Detail.do?pblancId=PBLN_000000000120123
PBLN_000000000117319,[경북] 의성군 2026년 중소기업 고용보조금 지원사업 공고,경상북도,,no_support_ratio,support_ratio 없음,subtract,not_required,False,,True,False,0,1,https://www.bizinfo.go.kr/sii/siia/selectSIIA200Detail.do?pblancId=PBLN_000000000117319
PBLN_000000000117324,[경북] 문경시 2026년 중소기업 운전자금 지원 계획 공고,경상북도,0.03,blocked_context,금융/융자/보증/이차보전 문맥,review,not_required,False,,False,False,1,2,https://www.bizinfo.go.kr/sii/siia/selectSIIA200Detail.do?pblancId=PBLN_000000000117324
PBLN_000000000117331,[경북] 청송군 2026년 지역인재채용 인센티브 지원사업 참여기업 모집 공고,경상북도,0.5,estimated_ratio_ok,지원비율 직접 적용 가능 문맥,subtract,not_required,False,,True,False,1,1,https://www.bizinfo.go.kr/sii/siia/selectSIIA200Detail.do?pblancId=PBLN_000000000117331
SMARTFACTORY:2026-N-0062:3,[2차] 2026 AI 트랙 (삼성) 스마트공장 구축,스마트공장 사업관리시스템,0.75,blocked_context,자부담/총사업비/총규모/매출 문맥,recommend_only,pending,True,total_scale_manual_review,False,False,1,1,https://www.smart-factory.kr/usr/bg/ba/ma/bsnsPbancDtl?pbancId=2026-N-0062&pbancSn=3
PBLN_000000000117337,[전남광주] 여수시 2026년 중소기업발전자금 지원계획 공고,전남광주통합특별시,0.5,blocked_context,금융/융자/보증/이차보전 문맥; 수수료/인증/교육/컨설팅/비현금 문맥; 자부담/총사업비/총규모/매출 문맥,exclude,not_required,False,,False,False,4,4,https://www.bizinfo.go.kr/sii/siia/selectSIIA200Detail.do?pblancId=PBLN_000000000117337
PBLN_000000000123642,[전남광주] 2026년 2차 글로벌강소기업 1000+ 프로젝트 자율 프로그램 모집 공고,전남광주통합특별시,,no_support_ratio,support_ratio 없음,subtract,not_required,False,,True,True,0,5,https://www.bizinfo.go.kr/sii/siia/selectSIIA200Detail.do?pblancId=PBLN_000000000123642
SMARTFACTORY:2026-N-0071:1,[경북] 2026년 제조DX멘토단 활용지원사업(구축지도) 도입기업 모집 공고,스마트공장 사업관리시스템,0.85,blocked_context,수수료/인증/교육/컨설팅/비현금 문맥; 자부담/총사업비/총규모/매출 문맥,subtract,pending,True,total_scale_manual_review,False,False,3,3,https://www.smart-factory.kr/usr/bg/ba/ma/bsnsPbancDtl?pbancId=2026-N-0071&pbancSn=1
PBLN_000000000117343,2026년 울진군 단체관광객 유치여행사 인센티브 지원계획 공고,경상북도,,no_support_ratio,support_ratio 없음,recommend_only,not_required,False,,False,False,0,2,https://www.bizinfo.go.kr/sii/siia/selectSIIA200Detail.do?pblancId=PBLN_000000000117343
PBLN_000000000123829,[충북] 2026년 충북산학융합지구 산학융합촉진지원사업 산학공동 R&D 지원 모집 추가 공고,충청북도,1.0,estimated_ratio_ok,지원비율 직접 적용 가능 문맥,subtract,not_required,False,,True,False,1,1,https://www.bizinfo.go.kr/sii/siia/selectSIIA200Detail.do?pblancId=PBLN_000000000123829
PBLN_000000000117356,[전북] 2026년 중소기업육성자금 융자 지원계획 공고,전북특별자치도,,no_support_ratio,support_ratio 없음,exclude,not_required,False,,False,False,0,1,https://www.bizinfo.go.kr/sii/siia/selectSIIA200Detail.do?pblancId=PBLN_000000000117356
PBLN_000000000122454,[경기] 포천시 2026년 현장기술돌봄이 지원사업 모집 공고,경기도,,no_support_ratio,support_ratio 없음,subtract,not_required,False,,True,True,0,14,https://www.bizinfo.go.kr/sii/siia/selectSIIA200Detail.do?pblancId=PBLN_000000000122454
PBLN_000000000116008,제조 DX멘토단 활용지원(2026년 스마트 제조혁신 지원사업 통합 공고),중소벤처기업부,0.85,already_confirmed_amount,확정 대표금액 차감 우선,subtract,not_required,False,,True,True,4,4,https://www.bizinfo.go.kr/sii/siia/selectSIIA200Detail.do?pblancId=PBLN_000000000116008
SMARTFACTORY:2026-N-0074:1,[대구] 2026년 제조DX멘토단 활용지원사업(구축지도) 도입기업 모집 공고,스마트공장 사업관리시스템,0.85,blocked_context,수수료/인증/교육/컨설팅/비현금 문맥; 자부담/총사업비/총규모/매출 문맥,subtract,pending,True,total_scale_manual_review,False,False,3,3,https://www.smart-factory.kr/usr/bg/ba/ma/bsnsPbancDtl?pbancId=2026-N-0074&pbancSn=1
PBLN_000000000123834,[경기] 부천시 2026년 7월 유해물질 시험분석 수수료 지원 사업 공고,경기도,0.5,blocked_context,수수료/인증/교육/컨설팅/비현금 문맥,subtract,not_required,False,,True,False,1,1,https://www.bizinfo.go.kr/sii/siia/selectSIIA200Detail.do?pblancId=PBLN_000000000123834
PBLN_000000000120588,해양플랜트산업지원센터 보유 시험장비ㆍ교육시설 활용 지원사업 공고,해양수산부,,no_support_ratio,support_ratio 없음,recommend_only,not_required,False,,False,False,0,2,https://www.bizinfo.go.kr/sii/siia/selectSIIA200Detail.do?pblancId=PBLN_000000000120588
SMARTFACTORY:2026-N-0090:1,2026년 경북형 스마트공장(기초단계) 구축지원 사업 2차모집_(신규구축),스마트공장 사업관리시스템,0.6,blocked_context,수수료/인증/교육/컨설팅/비현금 문맥; 자부담/총사업비/총규모/매출 문맥,subtract,pending,True,manual_representative_recoverable,False,False,4,7,https://www.smart-factory.kr/usr/bg/ba/ma/bsnsPbancDtl?pbancId=2026-N-0090&pbancSn=1
PBLN_000000000117371,[전남광주] 인공지능 유치기업 보조금 지원사업 모집 공고,전남광주통합특별시,,no_support_ratio,support_ratio 없음,subtract,not_required,False,,False,False,0,1,https://www.bizinfo.go.kr/sii/siia/selectSIIA200Detail.do?pblancId=PBLN_000000000117371
SMARTFACTORY:2026-N-0090:3,2026년 경북형 스마트공장(기초단계) 구축지원 사업 2차모집_(동일수준),스마트공장 사업관리시스템,0.6,blocked_context,수수료/인증/교육/컨설팅/비현금 문맥; 자부담/총사업비/총규모/매출 문맥,subtract,pending,True,manual_representative_recoverable,False,False,4,7,https://www.smart-factory.kr/usr/bg/ba/ma/bsnsPbancDtl?pbancId=2026-N-0090&pbancSn=3
PBLN_000000000123867,2026년 해양수산 기술인증기업 제품화 지원 모집 공고,해양수산부,0.8,already_confirmed_amount,확정 대표금액 차감 우선,subtract,not_required,False,,True,True,1,7,https://www.bizinfo.go.kr/sii/siia/selectSIIA200Detail.do?pblancId=PBLN_000000000123867
PBLN_000000000123150,2026년 소공인 스마트제조지원(스마트공방)사업 추가 모집 공고,중소벤처기업부,0.6,already_confirmed_amount,확정 대표금액 차감 우선,subtract,not_required,False,,True,True,1,2,https://www.bizinfo.go.kr/sii/siia/selectSIIA200Detail.do?pblancId=PBLN_000000000123150
PBLN_000000000123673,[대전] 2026년 2차 방산혁신클러스터 국방ㆍ드론분야 기술사업화 민-군 브릿지 코디네이터 지원기업 모집 공고,방위사업청,0.5,already_confirmed_amount,확정 대표금액 차감 우선,subtract,not_required,False,,True,True,0,1,https://www.bizinfo.go.kr/sii/siia/selectSIIA200Detail.do?pblancId=PBLN_000000000123673
SMARTFACTORY:2026-N-0104:1,2026 제조DX멘토 활용지원 구축지도 도입기업 모집,스마트공장 사업관리시스템,,no_support_ratio,support_ratio 없음,review,pending,True,total_scale_manual_review,False,False,0,3,https://www.smart-factory.kr/usr/bg/ba/ma/bsnsPbancDtl?pbancId=2026-N-0104&pbancSn=1
PBLN_000000000123907,[경남] 진주시 2026년 하반기 중소기업육성기금 지원계획 공고,경상남도,0.025,blocked_context,금융/융자/보증/이차보전 문맥,exclude,not_required,False,,False,False,3,4,https://www.bizinfo.go.kr/sii/siia/selectSIIA200Detail.do?pblancId=PBLN_000000000123907
PBLN_000000000120495,[강원] 2026년 수요기술 발굴 및 기술멘토링 지원사업 참여기업 모집 공고(전기차 충돌 후 배터리 핵심부품 안전성 확보 지원사업),강원특별자치도,,no_support_ratio,support_ratio 없음,subtract,not_required,False,,False,True,0,0,https://www.bizinfo.go.kr/sii/siia/selectSIIA200Detail.do?pblancId=PBLN_000000000120495
PBLN_000000000117428,[경북] 2026년 미래내일일경험 참여기업 모집 공고,고용노동부,,no_support_ratio,support_ratio 없음,recommend_only,not_required,False,,False,False,0,1,https://www.bizinfo.go.kr/sii/siia/selectSIIA200Detail.do?pblancId=PBLN_000000000117428
SMARTFACTORY:2026-N-0118:1,[LG전자] 2026년도 상생형 인공지능 전환(AX) 선도모델 구축지원 사업 공고,스마트공장 사업관리시스템,0.5,estimated_ratio_pending_review,"pending/review 필요, 단 직접지원 문맥 있음",subtract,pending,True,mixed_manual_review,False,True,1,14,https://www.smart-factory.kr/usr/bg/ba/ma/bsnsPbancDtl?pbancId=2026-N-0118&pbancSn=1
PBLN_000000000117557,[충북] 충주시 2026년 기술평가 인증 수수료 지원사업 공고,충청북도,,no_support_ratio,support_ratio 없음,ratio_cap,not_required,False,,False,False,0,0,https://www.bizinfo.go.kr/sii/siia/selectSIIA200Detail.do?pblancId=PBLN_000000000117557
SMARTFACTORY:2026-N-0114:1,[미라콤] 2026년도 상생형 인공지능 전환(AX) 선도모델 구축지원 사업 공고,스마트공장 사업관리시스템,0.98,estimated_ratio_pending_review,"pending/review 필요, 단 직접지원 문맥 있음",subtract,pending,True,mixed_manual_review,False,True,1,14,https://www.smart-factory.kr/usr/bg/ba/ma/bsnsPbancDtl?pbancId=2026-N-0114&pbancSn=1
SMARTFACTORY:2026-N-0120:1,[한국네트웍스] 2026년도 상생형 인공지능 전환(AX) 선도모델 구축지원 사업 공고,스마트공장 사업관리시스템,0.98,estimated_ratio_pending_review,"pending/review 필요, 단 직접지원 문맥 있음",subtract,pending,True,mixed_manual_review,False,True,1,14,https://www.smart-factory.kr/usr/bg/ba/ma/bsnsPbancDtl?pbancId=2026-N-0120&pbancSn=1
SMARTFACTORY:2026-N-0121:1,2026년「푸드테크 스마트 제조 기반 구축」사업 공고(기초)_4차 재공고,스마트공장 사업관리시스템,0.7,blocked_context,금융/융자/보증/이차보전 문맥,recommend_only,pending,True,manual_representative_recoverable,False,False,4,6,https://www.smart-factory.kr/usr/bg/ba/ma/bsnsPbancDtl?pbancId=2026-N-0121&pbancSn=1
SMARTFACTORY:2026-N-0119:1,[CJ올리브네트웍스] 2026년도 상생형 인공지능 전환(AX) 선도모델 구축지원 사업 공고,스마트공장 사업관리시스템,0.5,estimated_ratio_pending_review,"pending/review 필요, 단 직접지원 문맥 있음",subtract,pending,True,mixed_manual_review,False,True,1,14,https://www.smart-factory.kr/usr/bg/ba/ma/bsnsPbancDtl?pbancId=2026-N-0119&pbancSn=1
PBLN_000000000122238,[강원] 춘천시 2026년 지식재산 국내분쟁 비용지원 사업 모집 연장 공고,강원특별자치도,0.3,already_confirmed_amount,확정 대표금액 차감 우선,subtract,not_required,False,,True,True,0,4,https://www.bizinfo.go.kr/sii/siia/selectSIIA200Detail.do?pblancId=PBLN_000000000122238
PBLN_000000000122906,[부산ㆍ울산ㆍ경남] 2026년 부ㆍ울ㆍ경 3T(Together Towards Tomorrow) 협력 파트너십 참여기업 모집 공고,고용노동부,0.4,already_confirmed_amount,확정 대표금액 차감 우선,subtract,not_required,False,,True,True,1,12,https://www.bizinfo.go.kr/sii/siia/selectSIIA200Detail.do?pblancId=PBLN_000000000122906
SMARTFACTORY:2026-N-0123:1,[한솔PNS] 2026년도 상생형 인공지능 전환(AX) 선도모델 구축지원 사업 공고,스마트공장 사업관리시스템,0.5,estimated_ratio_pending_review,"pending/review 필요, 단 직접지원 문맥 있음",subtract,pending,True,mixed_manual_review,False,True,1,14,https://www.smart-factory.kr/usr/bg/ba/ma/bsnsPbancDtl?pbancId=2026-N-0123&pbancSn=1
PBLN_000000000122990,[경남] 서부 2026년 2차 글로벌IP스타기업육성사업 특허기술 홍보영상제작 지원기업 모집 공고,경상남도,,no_support_ratio,support_ratio 없음,subtract,not_required,False,,True,True,0,2,https://www.bizinfo.go.kr/sii/siia/selectSIIA200Detail.do?pblancId=PBLN_000000000122990
PBLN_000000000119881,[제주] 2026년 어업활동지원 사업 대상자 모집 공고,제주특별자치도,0.2,blocked_context,수수료/인증/교육/컨설팅/비현금 문맥,subtract,pending,True,mixed_manual_review,False,True,1,2,https://www.bizinfo.go.kr/sii/siia/selectSIIA200Detail.do?pblancId=PBLN_000000000119881
PBLN_000000000123942,[경북] 2027년 방산 중소기업 생산성 향상 지원사업 참여기업 모집 공고,경상북도,0.5,already_confirmed_amount,확정 대표금액 차감 우선,subtract,not_required,False,,True,True,2,2,https://www.bizinfo.go.kr/sii/siia/selectSIIA200Detail.do?pblancId=PBLN_000000000123942
TECHNOPARK:539,전북AX랩 활용 희망기업 모집 상시공고,전북테크노파크,,no_support_ratio,support_ratio 없음,recommend_only,not_required,False,,False,False,0,0,https://www.jbtp.or.kr/board/view.jbtp?menuCd=DOM_000000102001000000&boardId=BBS_0000006&dataSid=20151
PBLN_000000000123488,[경북] 구미시 2026년 푸드테크 상용화모델 개발 및 실증사업 수혜기업 모집 공고,경상북도,1.0,already_confirmed_amount,확정 대표금액 차감 우선,subtract,not_required,False,,True,True,1,2,https://www.bizinfo.go.kr/sii/siia/selectSIIA200Detail.do?pblancId=PBLN_000000000123488
PBLN_000000000117490,[전북] 남원시 2026년 중소기업육성기금 지원계획 공고,전북특별자치도,,no_support_ratio,support_ratio 없음,exclude,not_required,False,,False,False,0,2,https://www.bizinfo.go.kr/sii/siia/selectSIIA200Detail.do?pblancId=PBLN_000000000117490
PBLN_000000000123346,[경북] 포항시 중소ㆍ벤처기업 기술지원(벤처지원단) 사업 참여기업 모집 공고,경상북도,,no_support_ratio,support_ratio 없음,ratio_cap,not_required,False,,False,False,0,0,https://www.bizinfo.go.kr/sii/siia/selectSIIA200Detail.do?pblancId=PBLN_000000000123346
PBLN_000000000117495,[전북] 무주군 2026년 소상공인 특례보증 및 이차보전금 지원 사업 공고,전북특별자치도,0.05,blocked_context,금융/융자/보증/이차보전 문맥,exclude,not_required,False,,False,False,1,2,https://www.bizinfo.go.kr/sii/siia/selectSIIA200Detail.do?pblancId=PBLN_000000000117495
PBLN_000000000117498,[충남] 공주시 2026년 소상공인 특례보증 지원계획 공고,충청남도,1.0,blocked_context,금융/융자/보증/이차보전 문맥; 수수료/인증/교육/컨설팅/비현금 문맥,exclude,not_required,False,,False,False,1,1,https://www.bizinfo.go.kr/sii/siia/selectSIIA200Detail.do?pblancId=PBLN_000000000117498
PBLN_000000000123284,2026년 고용노동부(안전보건공단) 연계 스마트 안전장비지원 품목 등록 시행계획 공고,과학기술정보통신부,0.8,already_confirmed_amount,확정 대표금액 차감 우선,subtract,reviewed,False,auto_representative_adopted,True,True,1,1,https://www.bizinfo.go.kr/sii/siia/selectSIIA200Detail.do?pblancId=PBLN_000000000123284
PBLN_000000000117510,[전북] 진안군 2026년 상공업 육성자금 대출 지원사업 공고,전북특별자치도,,no_support_ratio,support_ratio 없음,exclude,not_required,False,,False,False,0,1,https://www.bizinfo.go.kr/sii/siia/selectSIIA200Detail.do?pblancId=PBLN_000000000117510
PBLN_000000000117511,[전북] 진안군 2026년 소상공인 지원사업(환경개선) 공고,전북특별자치도,,no_support_ratio,support_ratio 없음,subtract,not_required,False,,False,False,0,1,https://www.bizinfo.go.kr/sii/siia/selectSIIA200Detail.do?pblancId=PBLN_000000000117511
ENERGYAGENCY:21849,2019년 에너지경영시스템 인프라 구축 지원사업 공고 안내,한국에너지공단,0.4,already_confirmed_amount,확정 대표금액 차감 우선,subtract,not_required,False,,True,True,1,2,https://www.energy.or.kr/front/board/View2.do?boardMngNo=2&boardNo=21849
PBLN_000000000119234,2026년 안전관리 우수연구실 인증제 시행 공고,과학기술정보통신부,,no_support_ratio,support_ratio 없음,recommend_only,not_required,False,,False,False,0,0,https://www.bizinfo.go.kr/sii/siia/selectSIIA200Detail.do?pblancId=PBLN_000000000119234
ENERGYAGENCY:24575,(수정)2026년도 산업진단 개선이행 지원사업 2차 공고,한국에너지공단,0.7,already_confirmed_amount,확정 대표금액 차감 우선,subtract,reviewed,False,keep_old_amount,True,True,1,2,https://www.energy.or.kr/front/board/View2.do?boardMngNo=2&boardNo=24575
PBLN_000000000117526,[경남] 2026년 소상공인 정책자금 운용계획 공고,경상남도,,no_support_ratio,support_ratio 없음,exclude,not_required,False,,False,False,0,5,https://www.bizinfo.go.kr/sii/siia/selectSIIA200Detail.do?pblancId=PBLN_000000000117526
PBLN_000000000117528,[서울] 2026년 중소기업육성기금 사회적경제계정 사회적경제기업 융자지원 계획 공고,서울특별시,,no_support_ratio,support_ratio 없음,exclude,not_required,False,,False,False,0,1,https://www.bizinfo.go.kr/sii/siia/selectSIIA200Detail.do?pblancId=PBLN_000000000117528
TECHNOPARK:1519,2026년 햇빛소득마을 컨설팅 지원사업 위탁기관 모집 공고,충남테크노파크,1.0,blocked_context,수수료/인증/교육/컨설팅/비현금 문맥,recommend_only,pending,True,mixed_manual_review,False,False,1,7,https://www.ctp.or.kr/business/datadetail.do?seq=2709292
TECHNOPARK:1532,(재공고) 2026년 테크노파크 생산장비 고도화 지원사업 산학연 협동프로그램 참여 기업 모집 재공고,충남테크노파크,0.1,blocked_context,수수료/인증/교육/컨설팅/비현금 문맥,recommend_only,pending,True,mixed_manual_review,False,False,1,2,https://www.ctp.or.kr/business/datadetail.do?seq=2709293
PBLN_000000000121617,2026년 조달청 우수제품 지정계획 변경 공고,조달청,,no_support_ratio,support_ratio 없음,recommend_only,not_required,False,,False,False,0,0,https://www.bizinfo.go.kr/sii/siia/selectSIIA200Detail.do?pblancId=PBLN_000000000121617
PBLN_000000000117066,장애인고용개선장려금 사업 공고,고용노동부,0.6,blocked_context,수수료/인증/교육/컨설팅/비현금 문맥,subtract,pending,True,ratio_only,False,True,1,1,https://www.bizinfo.go.kr/sii/siia/selectSIIA200Detail.do?pblancId=PBLN_000000000117066
TECHNOPARK:257,(2026-69호) 2026년 디지털트윈 플랫폼 활용 수요기업 모집 수정공고 (싱가포르 지원 삭제),강원테크노파크,0.5,blocked_context,수수료/인증/교육/컨설팅/비현금 문맥,recommend_only,not_required,False,,False,False,1,1,https://www.gwtp.or.kr/gwtp/bbsNew_view.php?bbs_data=aWR4PTI5MTkmc3RhcnRQYWdlPSZsaXN0Tm89JnRhYmxlPWNzX2Jic19kYXRhX25ldyZjb2RlPXN1YjAxYiZzZWFyY2hfaXRlbT0mc2VhcmNoX29yZGVyPSZ1cmw9c3ViMDFiJmtleXZhbHVlPXN1YjAxJmJic19tYWxuYW1lPQ==||
PBLN_000000000117535,[충북] 청주시 2026년 중소기업육성자금 융자(이차보전) 지원계획 공고,충청북도,0.03,blocked_context,금융/융자/보증/이차보전 문맥,review,not_required,False,,False,False,3,6,https://www.bizinfo.go.kr/sii/siia/selectSIIA200Detail.do?pblancId=PBLN_000000000117535
PBLN_000000000117454,[강원] 2026년 글로벌 IP 스타기업 육성 해외OA비용 지원사업 공고,강원특별자치도,,no_support_ratio,support_ratio 없음,subtract,pending,True,manual_representative_recoverable,False,True,0,2,https://www.bizinfo.go.kr/sii/siia/selectSIIA200Detail.do?pblancId=PBLN_000000000117454
PBLN_000000000117534,[충남] 태안군 2026년 소상공인 특례보증 신청 공고,충청남도,,no_support_ratio,support_ratio 없음,exclude,not_required,False,,False,False,0,1,https://www.bizinfo.go.kr/sii/siia/selectSIIA200Detail.do?pblancId=PBLN_000000000117534
PBLN_000000000117549,2026년 중소기업 동반성장 네트워크론 지원계획 공고,중소벤처기업부,0.8,blocked_context,금융/융자/보증/이차보전 문맥,subtract,not_required,False,,False,False,1,2,https://www.bizinfo.go.kr/sii/siia/selectSIIA200Detail.do?pblancId=PBLN_000000000117549
PBLN_000000000117554,[충북] 괴산군 2026년 중소기업육성자금 이차보전금 지원 선정계획 공고,충청북도,,no_support_ratio,support_ratio 없음,review,not_required,False,,False,False,0,1,https://www.bizinfo.go.kr/sii/siia/selectSIIA200Detail.do?pblancId=PBLN_000000000117554
PBLN_000000000117463,[강원] 2026년 글로벌 IP 스타기업 육성 해외등록비용 지원사업 공고,강원특별자치도,,no_support_ratio,support_ratio 없음,subtract,pending,True,total_scale_manual_review,False,True,0,3,https://www.bizinfo.go.kr/sii/siia/selectSIIA200Detail.do?pblancId=PBLN_000000000117463
PBLN_000000000123179,[경기] 2026년 2차 제조로봇 도입ㆍ실증 및 고도화지원 사업 공고(제조로봇 도입지원),경기도,0.6,already_confirmed_amount,확정 대표금액 차감 우선,subtract,not_required,False,,True,True,2,2,https://www.bizinfo.go.kr/sii/siia/selectSIIA200Detail.do?pblancId=PBLN_000000000123179
PBLN_000000000117559,2026년 단양군 단체관광객 유치 인센티브 지원계획 공고,충청북도,,no_support_ratio,support_ratio 없음,subtract,not_required,False,,True,True,0,1,https://www.bizinfo.go.kr/sii/siia/selectSIIA200Detail.do?pblancId=PBLN_000000000117559
PBLN_000000000117481,전북바이오융합교육센터 재직자 교육 훈련생ㆍ기업 모집 공고(국가인적자원개발컨소시엄),전북특별자치도,1.0,blocked_context,수수료/인증/교육/컨설팅/비현금 문맥,recommend_only,pending,True,mixed_manual_review,False,True,0,1,https://www.bizinfo.go.kr/sii/siia/selectSIIA200Detail.do?pblancId=PBLN_000000000117481
PBLN_000000000117576,[충북] 괴산군 2026년 저신용 소상공인 대출이자 지원사업 공고,충청북도,,no_support_ratio,support_ratio 없음,review,not_required,False,,False,False,0,1,https://www.bizinfo.go.kr/sii/siia/selectSIIA200Detail.do?pblancId=PBLN_000000000117576
PBLN_000000000118003,[경기] 용인시 2026년 다통해 서포터즈(시민 통번역 서포터즈) 지원사업 공고,경기도,,no_support_ratio,support_ratio 없음,subtract,not_required,False,,True,True,0,1,https://www.bizinfo.go.kr/sii/siia/selectSIIA200Detail.do?pblancId=PBLN_000000000118003
PBLN_000000000117579,[충북] 단양군 2026년 소상공인 융자금 이차보전 지원사업 공고,충청북도,,no_support_ratio,support_ratio 없음,exclude,not_required,False,,False,False,0,2,https://www.bizinfo.go.kr/sii/siia/selectSIIA200Detail.do?pblancId=PBLN_000000000117579
PBLN_000000000118027,2026년 KOLAS 공인 제품인증 서비스 바우처 지원사업 참가 희망기업 모집 공고,부산광역시,0.008,blocked_context,수수료/인증/교육/컨설팅/비현금 문맥,subtract,reviewed,False,keep_old_amount,False,False,1,8,https://www.bizinfo.go.kr/sii/siia/selectSIIA200Detail.do?pblancId=PBLN_000000000118027
PBLN_000000000117582,[강원] 춘천시 2026년 중소기업 신용보증수수료 지원 사업 공고,강원특별자치도,,no_support_ratio,support_ratio 없음,exclude,not_required,False,,False,False,0,1,https://www.bizinfo.go.kr/sii/siia/selectSIIA200Detail.do?pblancId=PBLN_000000000117582
PBLN_000000000123423,[경북] 안동시 2026년 장애인기업육성지원사업 기업(사업화) 지원 모집 공고,경상북도,1.0,already_confirmed_amount,확정 대표금액 차감 우선,subtract,not_required,False,,True,True,1,4,https://www.bizinfo.go.kr/sii/siia/selectSIIA200Detail.do?pblancId=PBLN_000000000123423
PBLN_000000000117583,[강원] 춘천시 2026년 창업지원자금(중소기업동행지원) 지원계획 공고,강원특별자치도,0.012,blocked_context,금융/융자/보증/이차보전 문맥,exclude,not_required,False,,False,False,1,2,https://www.bizinfo.go.kr/sii/siia/selectSIIA200Detail.do?pblancId=PBLN_000000000117583
PBLN_000000000118467,[부산] 2026년 중소기업 ISO 인증 지원사업 모집 공고,부산광역시,1.0,already_confirmed_ratio,기존 ratio_cap 확정,ratio_cap,not_required,False,,False,False,1,1,https://www.bizinfo.go.kr/sii/siia/selectSIIA200Detail.do?pblancId=PBLN_000000000118467
SMARTFACTORY:2026-N-0111:1,[제주] 2026년 제조DX멘토단 활용지원(구축지도) 도입기업 모집 공고,스마트공장 사업관리시스템,0.85,already_confirmed_amount,확정 대표금액 차감 우선,subtract,not_required,False,,True,True,4,4,https://www.smart-factory.kr/usr/bg/ba/ma/bsnsPbancDtl?pbancId=2026-N-0111&pbancSn=1
PBLN_000000000118679,[인천] 2026년 채용연계형 뿌리기업 근로환경 혁신 지원사업(환경개선) 모집 공고(지역산업맞춤형 일자리지원 사업),인천광역시,0.5,blocked_context,수수료/인증/교육/컨설팅/비현금 문맥,recommend_only,not_required,False,,True,True,0,1,https://www.bizinfo.go.kr/sii/siia/selectSIIA200Detail.do?pblancId=PBLN_000000000118679
TECHNOPARK:1747,"충남지자체 지식재산창출지원사업 수혜기업모집 공고(상시, 마감시까지)",충남테크노파크,0.1,blocked_context,수수료/인증/교육/컨설팅/비현금 문맥,subtract,pending,True,manual_representative_recoverable,True,True,1,3,https://www.ctp.or.kr/business/datadetail.do?seq=2709310
TECHNOPARK:391,(2026-75호) 2026년 제조DX멘토단 활용지원(구축지도) 도입기업 모집 공고,강원테크노파크,0.85,blocked_context,수수료/인증/교육/컨설팅/비현금 문맥; 자부담/총사업비/총규모/매출 문맥,subtract,pending,True,mixed_manual_review,False,True,6,6,https://www.gwtp.or.kr/gwtp/bbsNew_view.php?bbs_data=aWR4PTI5NTEmc3RhcnRQYWdlPSZsaXN0Tm89JnRhYmxlPWNzX2Jic19kYXRhX25ldyZjb2RlPXN1YjAxYiZzZWFyY2hfaXRlbT0mc2VhcmNoX29yZGVyPSZ1cmw9c3ViMDFiJmtleXZhbHVlPXN1YjAxJmJic19tYWxuYW1lPQ==||
PBLN_000000000119083,[충북] 2026년 소상공인 IP출원(상표출원) 지원 사업 소상공인 수혜자 모집 공고,충청북도,0.2,already_confirmed_ratio,기존 ratio_cap 확정,ratio_cap,not_required,False,,False,False,1,1,https://www.bizinfo.go.kr/sii/siia/selectSIIA200Detail.do?pblancId=PBLN_000000000119083
PBLN_000000000118049,2026년 중소벤처기업부 외국전문인력(E-7-1) 고용추천 공고,중소벤처기업부,,no_support_ratio,support_ratio 없음,subtract,not_required,False,,False,True,0,0,https://www.bizinfo.go.kr/sii/siia/selectSIIA200Detail.do?pblancId=PBLN_000000000118049
PBLN_000000000119093,[인천] 2026년 파브(PAV) 부품 시험ㆍ인증 지원사업 참여기업 모집 공고,인천광역시,1.0,blocked_context,수수료/인증/교육/컨설팅/비현금 문맥,subtract,pending,True,ratio_only,False,True,1,1,https://www.bizinfo.go.kr/sii/siia/selectSIIA200Detail.do?pblancId=PBLN_000000000119093
PBLN_000000000117588,[강원] 춘천시 2026년 중소기업 특례보증 지원계획 공고,강원특별자치도,,no_support_ratio,support_ratio 없음,exclude,not_required,False,,False,False,0,2,https://www.bizinfo.go.kr/sii/siia/selectSIIA200Detail.do?pblancId=PBLN_000000000117588
PBLN_000000000119126,2026년 물리ㆍ화학적 시험평가인증 지원사업 공고(메카노바이오활성소재 혁신의료기기 실증 기반구축),전북특별자치도,,no_support_ratio,support_ratio 없음,subtract,pending,True,recommend_only_payload,False,False,0,2,https://www.bizinfo.go.kr/sii/siia/selectSIIA200Detail.do?pblancId=PBLN_000000000119126
PBLN_000000000119181,[충북] 2026년 소부장 지원 전문가 스테이션 운영사업 기술애로 지원 모집 공고,충청북도,,no_support_ratio,support_ratio 없음,subtract,pending,True,mixed_manual_review,False,True,0,4,https://www.bizinfo.go.kr/sii/siia/selectSIIA200Detail.do?pblancId=PBLN_000000000119181
PBLN_000000000119124,2026년 의료기기 분야 기술지도 지원사업 공고(메카노바이오활성소재 혁신의료기기 실증 기반구축),전북특별자치도,,no_support_ratio,support_ratio 없음,subtract,not_required,False,,False,False,0,0,https://www.bizinfo.go.kr/sii/siia/selectSIIA200Detail.do?pblancId=PBLN_000000000119124
PBLN_000000000117597,[강원] 태백시 2026년 소상공인 특례보증ㆍ이차보전 지원 계획 공고,강원특별자치도,0.035,blocked_context,금융/융자/보증/이차보전 문맥,exclude,not_required,False,,False,False,1,2,https://www.bizinfo.go.kr/sii/siia/selectSIIA200Detail.do?pblancId=PBLN_000000000117597
PBLN_000000000123596,[서울ㆍ경기ㆍ인천ㆍ강원] 2026년 중소기업 AI활용 도입을 위한 AI훈련 참여기업 모집 공고,고용노동부,1.0,blocked_context,수수료/인증/교육/컨설팅/비현금 문맥,subtract,pending,True,recommend_only_payload,True,True,1,2,https://www.bizinfo.go.kr/sii/siia/selectSIIA200Detail.do?pblancId=PBLN_000000000123596
PBLN_000000000119201,2026년 중소기업 연구인력 현장맞춤형 양성지원 사업 시행계획 공고,중소벤처기업부,1.0,blocked_context,수수료/인증/교육/컨설팅/비현금 문맥,subtract,pending,True,manual_representative_recoverable,True,True,0,1,https://www.bizinfo.go.kr/sii/siia/selectSIIA200Detail.do?pblancId=PBLN_000000000119201
PBLN_000000000119764,2026년 중소기업 기술혁신 지원사업(KOSBIR) 통합 공고,중소벤처기업부,,no_support_ratio,support_ratio 없음,subtract,pending,True,total_scale_manual_review,False,True,0,14,https://www.bizinfo.go.kr/sii/siia/selectSIIA200Detail.do?pblancId=PBLN_000000000119764
PBLN_000000000119978,[경북] 2026년 OK FTA 컨설팅 지원사업 모집 공고(경북FTA통상진흥센터),경상북도,,no_support_ratio,support_ratio 없음,subtract,pending,True,recommend_only_payload,False,True,0,4,https://www.bizinfo.go.kr/sii/siia/selectSIIA200Detail.do?pblancId=PBLN_000000000119978
PBLN_000000000123477,[대구] 서대구산단 혁신지원센터 및 복합문화센터 운영 지원 입주기업 수요맞춤형 지원 참여기업 모집 공고,대구광역시,0.1,already_confirmed_amount,확정 대표금액 차감 우선,subtract,not_required,False,,True,True,0,2,https://www.bizinfo.go.kr/sii/siia/selectSIIA200Detail.do?pblancId=PBLN_000000000123477
PBLN_000000000117600,[강원] 태백시 2026년 중소기업육성자금 지원 사업 공고,강원특별자치도,,no_support_ratio,support_ratio 없음,exclude,not_required,False,,False,False,0,2,https://www.bizinfo.go.kr/sii/siia/selectSIIA200Detail.do?pblancId=PBLN_000000000117600
PBLN_000000000120012,[경기] 2026년 공동활용 연구장비 사용료 지원 기업 모집 공고,경기도,0.2,already_confirmed_amount,확정 대표금액 차감 우선,subtract,not_required,False,,True,True,0,1,https://www.bizinfo.go.kr/sii/siia/selectSIIA200Detail.do?pblancId=PBLN_000000000120012
PBLN_000000000123534,[전북] 2026년 기후테크 특화 오픈이노베이션 컨소시엄 추가모집 공고(기후테크 창업기업 성장지원사업),전북특별자치도,,no_support_ratio,support_ratio 없음,subtract,not_required,False,,True,True,0,2,https://www.bizinfo.go.kr/sii/siia/selectSIIA200Detail.do?pblancId=PBLN_000000000123534
PBLN_000000000117603,[강원] 원주시 2026년 창업기업자금 동행지원 계획 공고,강원특별자치도,,no_support_ratio,support_ratio 없음,exclude,not_required,False,,False,False,0,3,https://www.bizinfo.go.kr/sii/siia/selectSIIA200Detail.do?pblancId=PBLN_000000000117603
PBLN_000000000120312,2026년 국가배터리순환클러스터실증화시설 사용자 모집 공고,기후에너지환경부,0.5,already_confirmed_ratio,기존 ratio_cap 확정,ratio_cap,not_required,False,,False,False,1,1,https://www.bizinfo.go.kr/sii/siia/selectSIIA200Detail.do?pblancId=PBLN_000000000120312
TECHNOPARK:525,「AI 솔루션 기술개발」참여기업 모집공고,충남테크노파크,0.1,blocked_context,수수료/인증/교육/컨설팅/비현금 문맥,subtract,pending,True,mixed_manual_review,False,True,1,2,https://www.ctp.or.kr/business/datadetail.do?seq=2709173
PBLN_000000000117606,2026년 강릉시 단체관광객 유치 인센티브 지원계획 공고,강원특별자치도,,no_support_ratio,support_ratio 없음,subtract,not_required,False,,True,False,0,1,https://www.bizinfo.go.kr/sii/siia/selectSIIA200Detail.do?pblancId=PBLN_000000000117606
PBLN_000000000117611,[인천] 지역 중소기업 금융지원 강화를 위한 금융기관(NH농협은행) 협업 특별 경영안정자금 추가 지원 공고,인천광역시,,no_support_ratio,support_ratio 없음,review,not_required,False,,False,False,0,1,https://www.bizinfo.go.kr/sii/siia/selectSIIA200Detail.do?pblancId=PBLN_000000000117611
PBLN_000000000119852,[경북] 2026년 로케이션 제작지원 사업 공고,경상북도,0.7,blocked_context,수수료/인증/교육/컨설팅/비현금 문맥,subtract,pending,True,mixed_manual_review,False,True,1,2,https://www.bizinfo.go.kr/sii/siia/selectSIIA200Detail.do?pblancId=PBLN_000000000119852
PBLN_000000000117621,[강원] 속초시 2026년 소상공인 특례보증 수수료 지원 사업 공고,강원특별자치도,0.8,blocked_context,금융/융자/보증/이차보전 문맥; 수수료/인증/교육/컨설팅/비현금 문맥,exclude,not_required,False,,False,False,1,1,https://www.bizinfo.go.kr/sii/siia/selectSIIA200Detail.do?pblancId=PBLN_000000000117621
PBLN_000000000121098,2026년 전동화 전력반도체 일괄공정 테스트베드 구축 기업지원 모집 공고,부산광역시,,no_support_ratio,support_ratio 없음,ratio_cap,not_required,False,,False,False,0,0,https://www.bizinfo.go.kr/sii/siia/selectSIIA200Detail.do?pblancId=PBLN_000000000121098
PBLN_000000000117624,[강원] 속초시 2026년 소상공인 특례보증 지원 계획 공고,강원특별자치도,,no_support_ratio,support_ratio 없음,exclude,not_required,False,,False,False,0,1,https://www.bizinfo.go.kr/sii/siia/selectSIIA200Detail.do?pblancId=PBLN_000000000117624
PBLN_000000000120342,2026년 기업승계 M&A 활성화를 위한 컨설팅 지원사업 시행계획 공고,중소벤처기업부,0.4,blocked_context,수수료/인증/교육/컨설팅/비현금 문맥,subtract,pending,True,mixed_manual_review,False,True,1,15,https://www.bizinfo.go.kr/sii/siia/selectSIIA200Detail.do?pblancId=PBLN_000000000120342
TECHNOPARK:616,(2026-88호) 「홍천군 첨단바이오산업 활성화 지원사업」 지역(홍천군)선도기업 육성사업 수혜기업 모집,강원테크노파크,1.0,blocked_context,수수료/인증/교육/컨설팅/비현금 문맥,subtract,pending,True,mixed_manual_review,False,True,1,3,https://www.gwtp.or.kr/gwtp/bbsNew_view.php?bbs_data=aWR4PTMwMDkmc3RhcnRQYWdlPSZsaXN0Tm89JnRhYmxlPWNzX2Jic19kYXRhX25ldyZjb2RlPXN1YjAxYiZzZWFyY2hfaXRlbT0mc2VhcmNoX29yZGVyPSZ1cmw9c3ViMDFiJmtleXZhbHVlPXN1YjAxJmJic19tYWxuYW1lPQ==||
PBLN_000000000118204,2026년 여성기업 육성사업 공고,중소벤처기업부,1.0,blocked_context,수수료/인증/교육/컨설팅/비현금 문맥,subtract,pending,True,mixed_manual_review,False,True,1,2,https://www.bizinfo.go.kr/sii/siia/selectSIIA200Detail.do?pblancId=PBLN_000000000118204
PBLN_000000000117626,[강원] 속초시 2026년 중소기업육성자금 이차보전금 지원 계획 공고,강원특별자치도,,no_support_ratio,support_ratio 없음,review,not_required,False,,False,False,0,3,https://www.bizinfo.go.kr/sii/siia/selectSIIA200Detail.do?pblancId=PBLN_000000000117626
PBLN_000000000120549,[경남] 2026년 항노화기업 천연물 소재화 지원사업 참여기업 모집 공고,경상남도,1.0,blocked_context,수수료/인증/교육/컨설팅/비현금 문맥,recommend_only,not_required,False,,False,False,0,1,https://www.bizinfo.go.kr/sii/siia/selectSIIA200Detail.do?pblancId=PBLN_000000000120549
PBLN_000000000117630,[강원] 횡성군 2026년 인구감소지역 중소기업 특례보증 기업지원 공고,강원특별자치도,,no_support_ratio,support_ratio 없음,exclude,not_required,False,,False,False,0,1,https://www.bizinfo.go.kr/sii/siia/selectSIIA200Detail.do?pblancId=PBLN_000000000117630
PBLN_000000000122744,2026년 2차 GLP(세포독성) 시험평가인증 지원사업 공고(메카노바이오활성소재 혁신의료기기 실증 기반구축),산업통상부,,no_support_ratio,support_ratio 없음,recommend_only,pending,True,recommend_only_payload,False,False,0,2,https://www.bizinfo.go.kr/sii/siia/selectSIIA200Detail.do?pblancId=PBLN_000000000122744
PBLN_000000000117643,2026년 예산군 로케이션 인센티브 제작지원 사업 공고,충청남도,0.5,already_confirmed_amount,확정 대표금액 차감 우선,subtract,not_required,False,,True,True,0,1,https://www.bizinfo.go.kr/sii/siia/selectSIIA200Detail.do?pblancId=PBLN_000000000117643
PBLN_000000000123715,순환경제 DNA 선도기업ㆍ산업단지 2차 모집 공고,기후에너지환경부,0.4,already_confirmed_amount,확정 대표금액 차감 우선,subtract,not_required,False,,True,True,0,4,https://www.bizinfo.go.kr/sii/siia/selectSIIA200Detail.do?pblancId=PBLN_000000000123715
TECHNOPARK:977,「AI 솔루션 기술개발」참여기업 추가 모집공고,충남테크노파크,0.1,blocked_context,수수료/인증/교육/컨설팅/비현금 문맥,subtract,pending,True,mixed_manual_review,False,True,1,2,https://www.ctp.or.kr/business/datadetail.do?seq=2709266
PBLN_000000000122359,[경북] 2026년 지역특화형(고도화) 스마트공장 구축사업 공고,중소벤처기업부,0.5,already_confirmed_amount,확정 대표금액 차감 우선,subtract,reviewed,False,keep_old_amount,True,True,1,1,https://www.bizinfo.go.kr/sii/siia/selectSIIA200Detail.do?pblancId=PBLN_000000000122359
PBLN_000000000117634,[강원] 횡성군 2026년 중소기업육성자금 이차보전 지원 공고,강원특별자치도,,no_support_ratio,support_ratio 없음,recommend_only,not_required,False,,False,False,0,1,https://www.bizinfo.go.kr/sii/siia/selectSIIA200Detail.do?pblancId=PBLN_000000000117634
ENERGYAGENCY:21809,2019년 에너지경영시스템 인프라 구축 지원사업 공고 안내,한국에너지공단,0.4,already_confirmed_amount,확정 대표금액 차감 우선,subtract,not_required,False,,True,True,1,2,https://www.energy.or.kr/front/board/View2.do?boardMngNo=2&boardNo=21809
PBLN_000000000120600,[경북] 김천시 2026년 기술주치의119지원사업 공고,경상북도,1.0,blocked_context,수수료/인증/교육/컨설팅/비현금 문맥,recommend_only,not_required,False,,True,True,0,2,https://www.bizinfo.go.kr/sii/siia/selectSIIA200Detail.do?pblancId=PBLN_000000000120600
TECHNOPARK:986,(2026-124호) 2026 강원 미래모빌리티 기업지원 프로그램 통합 공고,강원테크노파크,,no_support_ratio,support_ratio 없음,subtract,pending,True,manual_representative_recoverable,False,False,0,17,https://www.gwtp.or.kr/gwtp/bbsNew_view.php?bbs_data=aWR4PTMxMjYmc3RhcnRQYWdlPSZsaXN0Tm89JnRhYmxlPWNzX2Jic19kYXRhX25ldyZjb2RlPXN1YjAxYiZzZWFyY2hfaXRlbT0mc2VhcmNoX29yZGVyPSZ1cmw9c3ViMDFiJmtleXZhbHVlPXN1YjAxJmJic19tYWxuYW1lPQ==||
PBLN_000000000117644,[강원] 화천군 2026년 중소기업 및 소상공인 육성자금 융자추천 및 이차보전 지원계획 공고,강원특별자치도,,no_support_ratio,support_ratio 없음,exclude,not_required,False,,False,False,0,2,https://www.bizinfo.go.kr/sii/siia/selectSIIA200Detail.do?pblancId=PBLN_000000000117644
PBLN_000000000117646,[강원] 철원군 2026년 중소기업육성융자금 이차보전금 지원계획 공고,강원특별자치도,0.03,blocked_context,금융/융자/보증/이차보전 문맥; 수수료/인증/교육/컨설팅/비현금 문맥,exclude,not_required,False,,False,False,1,1,https://www.bizinfo.go.kr/sii/siia/selectSIIA200Detail.do?pblancId=PBLN_000000000117646
PBLN_000000000123782,[충남] 2026년 콘텐츠코리아랩 미드폼 영상콘텐츠 제작 지원사업 모집 공고,충청남도,1.0,blocked_context,수수료/인증/교육/컨설팅/비현금 문맥,subtract,reviewed,False,keep_old_amount,False,True,0,2,https://www.bizinfo.go.kr/sii/siia/selectSIIA200Detail.do?pblancId=PBLN_000000000123782
PBLN_000000000120673,2026년 다공성 탄소소재 기반 환경소재 및 부품개발 기반구축 사업 수혜기업 지원(시제품 제작 및 기술지도) 사업 공고,산업통상부,,no_support_ratio,support_ratio 없음,subtract,not_required,False,,True,True,0,2,https://www.bizinfo.go.kr/sii/siia/selectSIIA200Detail.do?pblancId=PBLN_000000000120673
PBLN_000000000117666,[인천] 2026년 새일여성인턴 참여 기업 모집 공고,성평등가족부,,no_support_ratio,support_ratio 없음,subtract,not_required,False,,True,False,0,4,https://www.bizinfo.go.kr/sii/siia/selectSIIA200Detail.do?pblancId=PBLN_000000000117666
PBLN_000000000117671,[인천] 서구 2026년 제품인증획득 지원사업 신청 공고,인천광역시,,no_support_ratio,support_ratio 없음,subtract,pending,True,recommend_only_payload,True,False,0,1,https://www.bizinfo.go.kr/sii/siia/selectSIIA200Detail.do?pblancId=PBLN_000000000117671
PBLN_000000000117673,2026년 희망리턴패키지 특화취업지원 소상공인 모집 수정 공고,중소벤처기업부,,no_support_ratio,support_ratio 없음,subtract,not_required,False,,False,False,0,4,https://www.bizinfo.go.kr/sii/siia/selectSIIA200Detail.do?pblancId=PBLN_000000000117673
PBLN_000000000117711,[경기] 포천시 2026년 중소기업 육성자금 융자지원 (이자차액 보전) 계획 공고,경기도,,no_support_ratio,support_ratio 없음,review,not_required,False,,False,False,0,3,https://www.bizinfo.go.kr/sii/siia/selectSIIA200Detail.do?pblancId=PBLN_000000000117711
PBLN_000000000117728,[경기] 화성시 2026년 중소기업 특례보증 지원계획 공고,경기도,,no_support_ratio,support_ratio 없음,exclude,not_required,False,,False,False,0,1,https://www.bizinfo.go.kr/sii/siia/selectSIIA200Detail.do?pblancId=PBLN_000000000117728
PBLN_000000000120845,2026년 하반기 중소기업기술혁신개발사업 유망기술개발(구조혁신R&D) 시행계획 공고,중소벤처기업부,0.75,estimated_ratio_pending_review,"pending/review 필요, 단 직접지원 문맥 있음",subtract,pending,True,manual_representative_recoverable,False,False,6,11,https://www.bizinfo.go.kr/sii/siia/selectSIIA200Detail.do?pblancId=PBLN_000000000120845
PBLN_000000000117654,[강원] 2026년 중소ㆍ벤처기업 투자이음 강화 프로그램 참여기업 연중 상시접수 공고(강원 벤처투자 생태계 조성사업),강원특별자치도,,no_support_ratio,support_ratio 없음,subtract,not_required,False,,False,True,0,0,https://www.bizinfo.go.kr/sii/siia/selectSIIA200Detail.do?pblancId=PBLN_000000000117654
PBLN_000000000120933,[경기] 시흥시 2026년 대야기계장비 소공인특화지원센터 자율사업 통합 모집 공고,경기도,,no_support_ratio,support_ratio 없음,subtract,not_required,False,,True,True,0,6,https://www.bizinfo.go.kr/sii/siia/selectSIIA200Detail.do?pblancId=PBLN_000000000120933
PBLN_000000000121028,[울산] 2026년 상반기 산업안전보건 국제표준 인증기업 지원사업 시행 공고,울산광역시,0.5,already_confirmed_amount,확정 대표금액 차감 우선,subtract,not_required,False,,True,True,1,9,https://www.bizinfo.go.kr/sii/siia/selectSIIA200Detail.do?pblancId=PBLN_000000000121028
PBLN_000000000117737,[대전] 2026년 소상공인 인건비 지원사업 공고,대전광역시,,no_support_ratio,support_ratio 없음,recommend_only,not_required,False,,False,False,0,1,https://www.bizinfo.go.kr/sii/siia/selectSIIA200Detail.do?pblancId=PBLN_000000000117737
PBLN_000000000118927,[강원] 2026년 직장문화ㆍ환경개선지원사업 참여기업 모집 공고,강원특별자치도,,no_support_ratio,support_ratio 없음,subtract,pending,True,recommend_only_payload,False,True,0,1,https://www.bizinfo.go.kr/sii/siia/selectSIIA200Detail.do?pblancId=PBLN_000000000118927
PBLN_000000000117768,[울산] 2026년 식품진흥기금 융자사업 시행 공고,울산광역시,,no_support_ratio,support_ratio 없음,exclude,not_required,False,,False,False,0,1,https://www.bizinfo.go.kr/sii/siia/selectSIIA200Detail.do?pblancId=PBLN_000000000117768
PBLN_000000000117791,[인천] 2026년 희망인천 특례보증 1단계 공고,인천광역시,,no_support_ratio,support_ratio 없음,exclude,not_required,False,,False,False,0,2,https://www.bizinfo.go.kr/sii/siia/selectSIIA200Detail.do?pblancId=PBLN_000000000117791
PBLN_000000000117794,[경북] 2026년 중소기업 정부기술개발공모사업 선정지원 참여기업 모집 공고,경상북도,,no_support_ratio,support_ratio 없음,recommend_only,pending,True,recommend_only_payload,False,True,0,1,https://www.bizinfo.go.kr/sii/siia/selectSIIA200Detail.do?pblancId=PBLN_000000000117794
PBLN_000000000119727,[부산] 2026년 중소기업 빅데이터 분석 활용 지원사업 참가기업 모집 공고,부산광역시,,no_support_ratio,support_ratio 없음,subtract,pending,True,recommend_only_payload,False,True,0,1,https://www.bizinfo.go.kr/sii/siia/selectSIIA200Detail.do?pblancId=PBLN_000000000119727
PBLN_000000000117805,[제주] 제주시 2026년 1인 소상공인 출산급여 지원 사업 공고,제주특별자치도,,no_support_ratio,support_ratio 없음,recommend_only,not_required,False,,False,False,0,1,https://www.bizinfo.go.kr/sii/siia/selectSIIA200Detail.do?pblancId=PBLN_000000000117805
PBLN_000000000123397,[충북] 2026년 중소기업 산업보안 진단 컨설팅 모집 공고(산업기술단지 거점기능강화사업),중소벤처기업부,,no_support_ratio,support_ratio 없음,recommend_only,not_required,False,,False,False,0,0,https://www.bizinfo.go.kr/sii/siia/selectSIIA200Detail.do?pblancId=PBLN_000000000123397
PBLN_000000000117891,[충북] 2026년 청년일자리도약장려금 사업 참여기업 모집 공고,고용노동부,0.5,estimated_ratio_needs_light_review,위험 문맥은 없지만 직접지원 문맥 약함,subtract,not_required,False,,True,False,1,1,https://www.bizinfo.go.kr/sii/siia/selectSIIA200Detail.do?pblancId=PBLN_000000000117891
PBLN_000000000117893,대구광역시 내국인 단체 관광객 유치 인센티브 지원 공고,대구광역시,,no_support_ratio,support_ratio 없음,subtract,not_required,False,,False,False,0,1,https://www.bizinfo.go.kr/sii/siia/selectSIIA200Detail.do?pblancId=PBLN_000000000117893
PBLN_000000000121193,[경남] 2026년 소상공인 IP출원(상표출원) 지원사업 소상공인 수혜자 모집 공고,지식재산처,0.2,blocked_context,수수료/인증/교육/컨설팅/비현금 문맥,recommend_only,not_required,False,,False,False,0,2,https://www.bizinfo.go.kr/sii/siia/selectSIIA200Detail.do?pblancId=PBLN_000000000121193
PBLN_000000000117902,2026년 현장실습 훈련 지원사업(시니어 인턴십) 기업모집 공고,보건복지부,0.5,estimated_ratio_ok,지원비율 직접 적용 가능 문맥,subtract,not_required,False,,True,False,2,4,https://www.bizinfo.go.kr/sii/siia/selectSIIA200Detail.do?pblancId=PBLN_000000000117902
PBLN_000000000117906,[경남] 중소기업 밀집지역 금융지원 신청 공고,중소벤처기업부,0.5,blocked_context,금융/융자/보증/이차보전 문맥; 수수료/인증/교육/컨설팅/비현금 문맥,exclude,not_required,False,,False,False,1,2,https://www.bizinfo.go.kr/sii/siia/selectSIIA200Detail.do?pblancId=PBLN_000000000117906
PBLN_000000000117918,[경기] 안양시 2026년 소상공인 이자차액 보전금 지원계획 공고,경기도,,no_support_ratio,support_ratio 없음,exclude,not_required,False,,False,False,0,1,https://www.bizinfo.go.kr/sii/siia/selectSIIA200Detail.do?pblancId=PBLN_000000000117918
PBLN_000000000121348,2026년 한-체코ㆍ한-중국 에너지국제공동R&D 신규지원 대상과제 공고,기후에너지환경부,1.0,blocked_context,수수료/인증/교육/컨설팅/비현금 문맥,subtract,pending,True,manual_representative_recoverable,False,False,1,13,https://www.bizinfo.go.kr/sii/siia/selectSIIA200Detail.do?pblancId=PBLN_000000000121348
PBLN_000000000117920,[경기] 안양시 2026년 소상공인 육성 특례보증 지원계획 공고,경기도,,no_support_ratio,support_ratio 없음,exclude,not_required,False,,False,False,0,1,https://www.bizinfo.go.kr/sii/siia/selectSIIA200Detail.do?pblancId=PBLN_000000000117920
PBLN_000000000117935,[제주] 2026년 식품진흥기금 융자지원 계획 공고,제주특별자치도,,no_support_ratio,support_ratio 없음,recommend_only,not_required,False,,False,False,0,2,https://www.bizinfo.go.kr/sii/siia/selectSIIA200Detail.do?pblancId=PBLN_000000000117935
PBLN_000000000117943,[경남] 창원시 2026년 창원기업지원단 현장애로컨설팅 지원사업 공고(단기컨설팅),경상남도,,no_support_ratio,support_ratio 없음,subtract,not_required,False,,False,False,0,4,https://www.bizinfo.go.kr/sii/siia/selectSIIA200Detail.do?pblancId=PBLN_000000000117943
PBLN_000000000121194,[경남] 고성군 2026년 지역지식재산창출 지원사업 공고,경상남도,0.9,already_confirmed_amount,확정 대표금액 차감 우선,subtract,reviewed,False,keep_old_amount,True,True,7,7,https://www.bizinfo.go.kr/sii/siia/selectSIIA200Detail.do?pblancId=PBLN_000000000121194
PBLN_000000000120375,2026년 중소기업 연구인력 현장맞춤형 양성지원사업 연구인력(R&D) 양성프로그램 참여기업 모집 공고,경기도,0.5,already_confirmed_amount,확정 대표금액 차감 우선,subtract,not_required,False,,True,True,1,2,https://www.bizinfo.go.kr/sii/siia/selectSIIA200Detail.do?pblancId=PBLN_000000000120375
PBLN_000000000117945,[경기] 수원시 2026년 중소기업 특례보증 지원계획 공고,경기도,,no_support_ratio,support_ratio 없음,exclude,not_required,False,,False,False,0,1,https://www.bizinfo.go.kr/sii/siia/selectSIIA200Detail.do?pblancId=PBLN_000000000117945
PBLN_000000000117950,[인천] 중구 2026년 소상공인 (특례)협약보증 지원 사업 공고,인천광역시,0.025,blocked_context,금융/융자/보증/이차보전 문맥,exclude,not_required,False,,False,False,1,2,https://www.bizinfo.go.kr/sii/siia/selectSIIA200Detail.do?pblancId=PBLN_000000000117950
PBLN_000000000121411,[울산] 울주군 2026년 강소기업 육성 기술 혁신 지원사업 추가모집 공고,울산광역시,,no_support_ratio,support_ratio 없음,subtract,pending,True,manual_representative_recoverable,False,True,0,7,https://www.bizinfo.go.kr/sii/siia/selectSIIA200Detail.do?pblancId=PBLN_000000000121411
PBLN_000000000123585,[경남] 밀양시 2026년 3차 미래차 산업전환 공정기술 고도화 수혜기업 모집 공고(미래차 산업 전환 공정기술 고도화 지원사업),경상남도,0.5,already_confirmed_amount,확정 대표금액 차감 우선,subtract,not_required,False,,True,True,1,5,https://www.bizinfo.go.kr/sii/siia/selectSIIA200Detail.do?pblancId=PBLN_000000000123585
PBLN_000000000117967,[경기] 수원시 2026년 중소기업육성자금 융자지원 계획 공고,경기도,,no_support_ratio,support_ratio 없음,exclude,not_required,False,,False,False,0,2,https://www.bizinfo.go.kr/sii/siia/selectSIIA200Detail.do?pblancId=PBLN_000000000117967
PBLN_000000000121415,[경남] 2026년 경남형 제조 AX 고도화 패스트트랙 지원사업 도입기업 모집 공고,경상남도,0.2,blocked_context,수수료/인증/교육/컨설팅/비현금 문맥,subtract,pending,True,mixed_manual_review,False,True,1,3,https://www.bizinfo.go.kr/sii/siia/selectSIIA200Detail.do?pblancId=PBLN_000000000121415
PBLN_000000000117956,2026년 미래내일 일경험 참여기업 모집 공고,고용노동부,,no_support_ratio,support_ratio 없음,subtract,not_required,False,,True,True,0,1,https://www.bizinfo.go.kr/sii/siia/selectSIIA200Detail.do?pblancId=PBLN_000000000117956
PBLN_000000000117992,2026년 나눔장비 이전지원사업 모집 공고,과학기술정보통신부,0.2,blocked_context,수수료/인증/교육/컨설팅/비현금 문맥,subtract,pending,True,manual_representative_recoverable,True,True,0,1,https://www.bizinfo.go.kr/sii/siia/selectSIIA200Detail.do?pblancId=PBLN_000000000117992
PBLN_000000000117972,[대전] 중구 2026년 소상공인 특례보증 지원사업 공고,대전광역시,,no_support_ratio,support_ratio 없음,exclude,not_required,False,,False,False,0,1,https://www.bizinfo.go.kr/sii/siia/selectSIIA200Detail.do?pblancId=PBLN_000000000117972
PBLN_000000000117979,[인천] 중구 2026년 소상공인 특례보증 지원 사업 공고,인천광역시,,no_support_ratio,support_ratio 없음,exclude,not_required,False,,False,False,0,2,https://www.bizinfo.go.kr/sii/siia/selectSIIA200Detail.do?pblancId=PBLN_000000000117979
PBLN_000000000117995,[경기] 용인시 2026년 중소기업 특례보증 지원계획 공고,경기도,,no_support_ratio,support_ratio 없음,exclude,not_required,False,,False,False,0,1,https://www.bizinfo.go.kr/sii/siia/selectSIIA200Detail.do?pblancId=PBLN_000000000117995
PBLN_000000000123529,[부산] 2026년 리스크 대응 섬유패션 원부자재 공동 비축 시스템 구축사업 참여기업 모집공고,부산광역시,,no_support_ratio,support_ratio 없음,subtract,not_required,False,,True,True,0,3,https://www.bizinfo.go.kr/sii/siia/selectSIIA200Detail.do?pblancId=PBLN_000000000123529
SMARTFACTORY:2026-N-0077:1,[대구] AI솔루션 실증 지원(단일 실증),스마트공장 사업관리시스템,,no_support_ratio,support_ratio 없음,recommend_only,not_required,False,,False,False,0,0,https://www.smart-factory.kr/usr/bg/ba/ma/bsnsPbancDtl?pbancId=2026-N-0077&pbancSn=1
PBLN_000000000118014,[경남] 2026년 농어촌진흥기금 농산물 가격안정자금 융자시행계획 공고,경상남도,,no_support_ratio,support_ratio 없음,exclude,not_required,False,,False,False,0,1,https://www.bizinfo.go.kr/sii/siia/selectSIIA200Detail.do?pblancId=PBLN_000000000118014
PBLN_000000000118006,2026년 스마트공장 수준확인 사업 공고,중소벤처기업부,1.0,blocked_context,수수료/인증/교육/컨설팅/비현금 문맥,recommend_only,pending,True,mixed_manual_review,False,True,0,2,https://www.bizinfo.go.kr/sii/siia/selectSIIA200Detail.do?pblancId=PBLN_000000000118006
PBLN_000000000123512,[경북] 2026년 지역 연계 미드폼 제작지원 사업 공고(경북콘텐츠코리아랩 운영사업),경상북도,1.0,already_confirmed_amount,확정 대표금액 차감 우선,subtract,reviewed,False,keep_old_amount,True,True,1,3,https://www.bizinfo.go.kr/sii/siia/selectSIIA200Detail.do?pblancId=PBLN_000000000123512
PBLN_000000000122820,2026년 한국형 ARPA-H 프로젝트 신규지원 대상과제 통합 공고,보건복지부,1.0,blocked_context,수수료/인증/교육/컨설팅/비현금 문맥,subtract,pending,True,mixed_manual_review,False,True,1,3,https://www.bizinfo.go.kr/sii/siia/selectSIIA200Detail.do?pblancId=PBLN_000000000122820
PBLN_000000000118017,[인천] 2026년 중소기업육성자금 지원계획 공고,인천광역시,,no_support_ratio,support_ratio 없음,exclude,not_required,False,,False,False,0,6,https://www.bizinfo.go.kr/sii/siia/selectSIIA200Detail.do?pblancId=PBLN_000000000118017
PBLN_000000000121239,[전북] 2026년 산업체 애로기술 해결을 위한 기술자문 참여기업 모집 공고(지역지능화혁신인재양성사업),전북특별자치도,,no_support_ratio,support_ratio 없음,subtract,pending,True,recommend_only_payload,False,True,0,1,https://www.bizinfo.go.kr/sii/siia/selectSIIA200Detail.do?pblancId=PBLN_000000000121239
PBLN_000000000118064,[대구] 달성군 2026년 소상공인 경영안정자금 지원사업 공고,대구광역시,0.02,blocked_context,금융/융자/보증/이차보전 문맥,exclude,not_required,False,,False,False,1,2,https://www.bizinfo.go.kr/sii/siia/selectSIIA200Detail.do?pblancId=PBLN_000000000118064
PBLN_000000000118067,[대구] 2026년 동구 소상공인 경영안정자금 지원사업 공고,대구광역시,0.02,blocked_context,금융/융자/보증/이차보전 문맥,exclude,not_required,False,,False,False,1,2,https://www.bizinfo.go.kr/sii/siia/selectSIIA200Detail.do?pblancId=PBLN_000000000118067
PBLN_000000000118047,[충북] 청주시 2026년 도시근로자 지원사업 참여기업 모집 공고,충청북도,0.4,blocked_context,수수료/인증/교육/컨설팅/비현금 문맥,recommend_only,pending,True,ratio_only,False,True,0,1,https://www.bizinfo.go.kr/sii/siia/selectSIIA200Detail.do?pblancId=PBLN_000000000118047
PBLN_000000000118093,[서울] 서초구 2026년 시중은행 협력자금 대출이자 지원 계획 공고,서울특별시,,no_support_ratio,support_ratio 없음,exclude,not_required,False,,False,False,0,2,https://www.bizinfo.go.kr/sii/siia/selectSIIA200Detail.do?pblancId=PBLN_000000000118093
PBLN_000000000118094,[서울] 관악구 2026년 상반기 중소기업육성기금 융자지원 계획 공고,서울특별시,,no_support_ratio,support_ratio 없음,exclude,not_required,False,,False,False,0,2,https://www.bizinfo.go.kr/sii/siia/selectSIIA200Detail.do?pblancId=PBLN_000000000118094
PBLN_000000000118098,[서울] 서초구 2026년 중소기업육성기금 융자지원 계획 공고,서울특별시,,no_support_ratio,support_ratio 없음,exclude,not_required,False,,False,False,0,3,https://www.bizinfo.go.kr/sii/siia/selectSIIA200Detail.do?pblancId=PBLN_000000000118098
PBLN_000000000121426,[대구] 2026년 BIT융합캠퍼스(의료ㆍ헬스ㆍ바이오) 지원사업 기업 모집 공고,대구광역시,0.25,blocked_context,수수료/인증/교육/컨설팅/비현금 문맥,subtract,pending,True,manual_representative_recoverable,True,True,0,3,https://www.bizinfo.go.kr/sii/siia/selectSIIA200Detail.do?pblancId=PBLN_000000000121426
PBLN_000000000118131,[전남광주] 2026년 상반기 일반경영안정자금 지원 공고,전남광주통합특별시,,no_support_ratio,support_ratio 없음,subtract,not_required,False,,False,False,0,3,https://www.bizinfo.go.kr/sii/siia/selectSIIA200Detail.do?pblancId=PBLN_000000000118131
PBLN_000000000118108,[서울] 은평구 2026년 소규모 자영업자 LED간판 설치 지원사업 공고,서울특별시,,no_support_ratio,support_ratio 없음,subtract,not_required,False,,True,True,0,1,https://www.bizinfo.go.kr/sii/siia/selectSIIA200Detail.do?pblancId=PBLN_000000000118108
PBLN_000000000118182,[경기] 2026년 사회적경제조직 특례보증 및 이차보전 지원 사업 공고,경기도,1.0,blocked_context,금융/융자/보증/이차보전 문맥; 수수료/인증/교육/컨설팅/비현금 문맥,exclude,not_required,False,,False,False,2,3,https://www.bizinfo.go.kr/sii/siia/selectSIIA200Detail.do?pblancId=PBLN_000000000118182
PBLN_000000000116853,2026년 기업훈련 탄력운영제 참여기업 모집 공고,고용노동부,0.5,blocked_context,수수료/인증/교육/컨설팅/비현금 문맥,subtract,pending,True,ratio_only,False,True,1,1,https://www.bizinfo.go.kr/sii/siia/selectSIIA200Detail.do?pblancId=PBLN_000000000116853
PBLN_000000000118134,[전남광주] 2026년 중소유통업구조개선자금 지원계획 공고,전남광주통합특별시,,no_support_ratio,support_ratio 없음,exclude,not_required,False,,False,False,0,2,https://www.bizinfo.go.kr/sii/siia/selectSIIA200Detail.do?pblancId=PBLN_000000000118134
PBLN_000000000121614,[전남광주] 2026년 스마트공장 지원계획 공고,중소벤처기업부,0.7,blocked_context,수수료/인증/교육/컨설팅/비현금 문맥,subtract,pending,True,recommend_only_payload,False,True,0,4,https://www.bizinfo.go.kr/sii/siia/selectSIIA200Detail.do?pblancId=PBLN_000000000121614
PBLN_000000000118191,[인천] 2026년 식품진흥기금 융자사업 공고,인천광역시,,no_support_ratio,support_ratio 없음,subtract,not_required,False,,False,False,0,2,https://www.bizinfo.go.kr/sii/siia/selectSIIA200Detail.do?pblancId=PBLN_000000000118191
PBLN_000000000118203,[전남광주] 2026년 식품진흥기금 융자지원계획 공고,전남광주통합특별시,,no_support_ratio,support_ratio 없음,exclude,not_required,False,,False,False,0,2,https://www.bizinfo.go.kr/sii/siia/selectSIIA200Detail.do?pblancId=PBLN_000000000118203
PBLN_000000000118207,[인천] 2026년 농어촌진흥기금 융자지원 사업계획 공고,인천광역시,,no_support_ratio,support_ratio 없음,exclude,not_required,False,,False,False,0,1,https://www.bizinfo.go.kr/sii/siia/selectSIIA200Detail.do?pblancId=PBLN_000000000118207
PBLN_000000000121664,2026년 IP투자연계 지식재산평가 지원사업 공고,지식재산처,0.8,already_confirmed_amount,확정 대표금액 차감 우선,subtract,not_required,False,,True,True,17,17,https://www.bizinfo.go.kr/sii/siia/selectSIIA200Detail.do?pblancId=PBLN_000000000121664
PBLN_000000000118210,2026년 리스크안전망 구축 지원업체 모집 공고,해양수산부,,no_support_ratio,support_ratio 없음,exclude,not_required,False,,False,False,0,1,https://www.bizinfo.go.kr/sii/siia/selectSIIA200Detail.do?pblancId=PBLN_000000000118210
PBLN_000000000118237,[서울] 2026년 중장년 경력 인재 지원(채용형) 참여기업 모집 공고,서울특별시,,no_support_ratio,support_ratio 없음,subtract,not_required,False,,False,False,0,6,https://www.bizinfo.go.kr/sii/siia/selectSIIA200Detail.do?pblancId=PBLN_000000000118237
PBLN_000000000118301,2026년 환경기업 해외 진출 전문 컨설팅 지원사업 상시 모집 공고,기후에너지환경부,,no_support_ratio,support_ratio 없음,recommend_only,not_required,False,,False,False,0,1,https://www.bizinfo.go.kr/sii/siia/selectSIIA200Detail.do?pblancId=PBLN_000000000118301
PBLN_000000000118336,[경기] 광명시 2026년 중소기업 육성자금(제조업ㆍ지식산업ㆍ정보통신산업) 지원계획 공고,경기도,,no_support_ratio,support_ratio 없음,exclude,not_required,False,,False,False,0,1,https://www.bizinfo.go.kr/sii/siia/selectSIIA200Detail.do?pblancId=PBLN_000000000118336
PBLN_000000000120679,[인천] 2026년 시제품제작 장비 (3D 프린팅) 공동활용 지원 공고,인천광역시,,no_support_ratio,support_ratio 없음,recommend_only,not_required,False,,False,False,0,0,https://www.bizinfo.go.kr/sii/siia/selectSIIA200Detail.do?pblancId=PBLN_000000000120679
KOSMES:6107069,2026년 숙련기능인력 E-7-4 전환추천 모집공고(제2026-52호),중소벤처기업진흥공단,,no_support_ratio,support_ratio 없음,recommend_only,not_required,False,,False,False,0,0,https://www.kosmes.or.kr/nsh/SH/NTS/SHNTS001F0.do?seqNo=6107069&tabPage=01
PBLN_000000000121677,[충남] 2026년 대전상공회의소 ESG 경영 컨설팅 지원사업 참여기업 모집 공고,충청남도,1.0,already_confirmed_amount,확정 대표금액 차감 우선,subtract,not_required,False,,True,True,1,1,https://www.bizinfo.go.kr/sii/siia/selectSIIA200Detail.do?pblancId=PBLN_000000000121677
PBLN_000000000118341,[경기] 광명시 2026년 중소기업 특례보증 지원계획 공고,경기도,,no_support_ratio,support_ratio 없음,exclude,not_required,False,,False,False,0,1,https://www.bizinfo.go.kr/sii/siia/selectSIIA200Detail.do?pblancId=PBLN_000000000118341
PBLN_000000000118345,[경기] 광명시 2026년 소규모 유통업 육성자금 지원 공고,경기도,,no_support_ratio,support_ratio 없음,exclude,not_required,False,,False,False,0,1,https://www.bizinfo.go.kr/sii/siia/selectSIIA200Detail.do?pblancId=PBLN_000000000118345
PBLN_000000000118386,[서울ㆍ인천ㆍ경기] 2026년 중장년 경력 인재 지원(직무체험형) 참여기업 모집 공고,서울특별시,,no_support_ratio,support_ratio 없음,recommend_only,not_required,False,,False,False,0,2,https://www.bizinfo.go.kr/sii/siia/selectSIIA200Detail.do?pblancId=PBLN_000000000118386
KPASS:P2950,2026년 산업기술국제협력사업 통합 시행계획 공고,한국산업기술진흥원,1.0,blocked_context,수수료/인증/교육/컨설팅/비현금 문맥,subtract,reviewed,False,keep_old_amount,False,True,1,7,https://www.k-pass.kr/notice/ancView.do?ancId=P2950&gubun=NEW
TECHNOPARK:818,「2026년 지역 거점 정보보호 클러스터 구축 사업」정보보호 성장지원 과제 모집공고(재공고),충남테크노파크,0.1,already_confirmed_amount,확정 대표금액 차감 우선,subtract,not_required,False,,True,True,2,5,https://www.ctp.or.kr/business/datadetail.do?seq=2709227
PBLN_000000000118393,[울산] 2026년 청년일자리도약장려금 기업 모집 공고,울산광역시,,no_support_ratio,support_ratio 없음,subtract,not_required,False,,False,False,0,1,https://www.bizinfo.go.kr/sii/siia/selectSIIA200Detail.do?pblancId=PBLN_000000000118393
PBLN_000000000118395,[경기] 2026년 기술닥터사업 공고,경기도,0.8,already_confirmed_amount,확정 대표금액 차감 우선,subtract,not_required,False,,True,True,0,2,https://www.bizinfo.go.kr/sii/siia/selectSIIA200Detail.do?pblancId=PBLN_000000000118395
PBLN_000000000123377,[전남광주] 첨단로봇ㆍAI 활용 중소기업 제조혁신 사업 기업지원(기획 컨설팅) 모집 공고,전남광주통합특별시,0.5,blocked_context,수수료/인증/교육/컨설팅/비현금 문맥,recommend_only,pending,True,manual_representative_recoverable,False,True,0,1,https://www.bizinfo.go.kr/sii/siia/selectSIIA200Detail.do?pblancId=PBLN_000000000123377
PBLN_000000000118318,2026년 소스개발 및 생산지원 사업 공고,농림축산식품부,,no_support_ratio,support_ratio 없음,recommend_only,pending,True,mixed_manual_review,False,True,0,1,https://www.bizinfo.go.kr/sii/siia/selectSIIA200Detail.do?pblancId=PBLN_000000000118318
PBLN_000000000118586,[경남] 2026년 식품진흥기금 융자금 지원계획 공고,경상남도,0.8,blocked_context,금융/융자/보증/이차보전 문맥,recommend_only,not_required,False,,False,False,1,1,https://www.bizinfo.go.kr/sii/siia/selectSIIA200Detail.do?pblancId=PBLN_000000000118586
PBLN_000000000118445,[경남] 2026년 창업기업 신규고용인력 보조금 지원계획 공고,경상남도,,no_support_ratio,support_ratio 없음,subtract,not_required,False,,False,False,0,1,https://www.bizinfo.go.kr/sii/siia/selectSIIA200Detail.do?pblancId=PBLN_000000000118445
PBLN_000000000121702,[강원] 2026년 수출단체보험 가입 희망기업 모집 공고(강원특별자치도청 전액 보험료지원),강원특별자치도,0.95,already_confirmed_ratio,기존 ratio_cap 확정,ratio_cap,not_required,False,,False,False,1,1,https://www.bizinfo.go.kr/sii/siia/selectSIIA200Detail.do?pblancId=PBLN_000000000121702
PBLN_000000000118617,[충북] 지능형첨단부품산업의 디지털전환 거점 구축 사업 오픈랩 AI 개발플랫폼 활용 지원 수혜기업 모집 공고,충청북도,1.0,blocked_context,수수료/인증/교육/컨설팅/비현금 문맥,recommend_only,not_required,False,,False,False,0,2,https://www.bizinfo.go.kr/sii/siia/selectSIIA200Detail.do?pblancId=PBLN_000000000118617
PBLN_000000000118674,[경기] 2026년 규제샌드박스 지원사업 맞춤형 컨설팅 참여기업 모집 공고,경기도,,no_support_ratio,support_ratio 없음,recommend_only,not_required,False,,False,False,0,5,https://www.bizinfo.go.kr/sii/siia/selectSIIA200Detail.do?pblancId=PBLN_000000000118674
PBLN_000000000121785,[전남광주] 2026년 소규모 밀착 안전망 구축사업 참여기업 모집 공고(지역 중대재해 예방 사각지대 해소사업),전남광주통합특별시,,no_support_ratio,support_ratio 없음,subtract,reviewed,False,keep_old_amount,True,True,0,6,https://www.bizinfo.go.kr/sii/siia/selectSIIA200Detail.do?pblancId=PBLN_000000000121785
PBLN_000000000122371,[경기] 제조데이터 기반 디지털전환 실증 참여기업 모집 공고,산업통상부,,no_support_ratio,support_ratio 없음,recommend_only,not_required,False,,False,False,0,0,https://www.bizinfo.go.kr/sii/siia/selectSIIA200Detail.do?pblancId=PBLN_000000000122371
PBLN_000000000118744,[제주] 관광사업체 대상 국내 현지 방문 판촉 영업 활동 지원 사업 공고,제주특별자치도,,no_support_ratio,support_ratio 없음,subtract,not_required,False,,False,False,0,1,https://www.bizinfo.go.kr/sii/siia/selectSIIA200Detail.do?pblancId=PBLN_000000000118744
PBLN_000000000118750,[경남] 진주시 2026년 중소기업 국내외 인증수수료 지원사업 공고,경상남도,,no_support_ratio,support_ratio 없음,subtract,pending,True,recommend_only_payload,True,True,0,2,https://www.bizinfo.go.kr/sii/siia/selectSIIA200Detail.do?pblancId=PBLN_000000000118750
PBLN_000000000118806,[경남] 사천시ㆍ진주시 2026년 디지털전환(DX) 컨설팅 및 인력양성 지원 사업 수요기업 모집 공고,경상남도,,no_support_ratio,support_ratio 없음,recommend_only,not_required,False,,True,True,0,2,https://www.bizinfo.go.kr/sii/siia/selectSIIA200Detail.do?pblancId=PBLN_000000000118806
PBLN_000000000121849,전기차 차체ㆍ섀시 충돌안전 기업지원 연장 공고(xEV 보호차체 충돌안전 기업지원사업),경상북도,0.5,blocked_context,수수료/인증/교육/컨설팅/비현금 문맥,recommend_only,pending,True,mixed_manual_review,False,True,0,5,https://www.bizinfo.go.kr/sii/siia/selectSIIA200Detail.do?pblancId=PBLN_000000000121849
PBLN_000000000118778,2026년 충주시 단체관광객 유치여행사 인센티브제 운영 수정 공고,충청북도,,no_support_ratio,support_ratio 없음,recommend_only,not_required,False,,False,False,0,1,https://www.bizinfo.go.kr/sii/siia/selectSIIA200Detail.do?pblancId=PBLN_000000000118778
PBLN_000000000118786,2026년 중소기업 K-뷰티론 정책자금 지원계획 공고,중소벤처기업부,,no_support_ratio,support_ratio 없음,subtract,not_required,False,,False,False,0,2,https://www.bizinfo.go.kr/sii/siia/selectSIIA200Detail.do?pblancId=PBLN_000000000118786
PBLN_000000000115994,2026년 스마트 제조혁신 지원사업 통합 공고,중소벤처기업부,0.5,already_confirmed_amount,확정 대표금액 차감 우선,subtract,not_required,False,,True,True,0,10,https://www.bizinfo.go.kr/sii/siia/selectSIIA200Detail.do?pblancId=PBLN_000000000115994
PBLN_000000000122275,[대구] 2026년 2차 지역혁신 중심 대학지원체계(RISE) 사업 협업ㆍ지원대상 기업 모집 공고,교육부,0.25,blocked_context,자부담/총사업비/총규모/매출 문맥,subtract,pending,True,total_scale_manual_review,False,False,2,2,https://www.bizinfo.go.kr/sii/siia/selectSIIA200Detail.do?pblancId=PBLN_000000000122275
TECHNOPARK:268,「2026년 수소상용차 부품 성능 검증 기반 구축」사업 장비활용 지원 수혜기업 모집,충남테크노파크,,no_support_ratio,support_ratio 없음,subtract,not_required,False,,True,True,0,3,https://www.ctp.or.kr/business/datadetail.do?seq=2709128
PBLN_000000000118876,2026년 현장실습 훈련(시니어인턴십) 지원사업 공고(지에스씨넷),고용노동부,,no_support_ratio,support_ratio 없음,subtract,not_required,False,,False,False,0,1,https://www.bizinfo.go.kr/sii/siia/selectSIIA200Detail.do?pblancId=PBLN_000000000118876
PBLN_000000000118880,[인천] 2026년 지역 내 소상공인 고용창출 확대를 위한 일자리 창출 특례보증 지원사업 공고,인천광역시,,no_support_ratio,support_ratio 없음,review,not_required,False,,False,False,0,3,https://www.bizinfo.go.kr/sii/siia/selectSIIA200Detail.do?pblancId=PBLN_000000000118880
PBLN_000000000122718,[충북] 2026년 유망기업 IP투자연계 지식재산평가 지원사업 모집 재공고,충청북도,0.8,already_confirmed_amount,확정 대표금액 차감 우선,subtract,not_required,False,,True,True,10,11,https://www.bizinfo.go.kr/sii/siia/selectSIIA200Detail.do?pblancId=PBLN_000000000122718
PBLN_000000000118891,[경기] 2026년 식품진흥기금 식품위생업소 융자사업 수정 공고,경기도,,no_support_ratio,support_ratio 없음,exclude,not_required,False,,False,False,0,5,https://www.bizinfo.go.kr/sii/siia/selectSIIA200Detail.do?pblancId=PBLN_000000000118891
PBLN_000000000118917,[경남] 진주시 2026년 창업기업 신용보증수수료 지원사업 공고,경상남도,0.5,blocked_context,금융/융자/보증/이차보전 문맥; 수수료/인증/교육/컨설팅/비현금 문맥,exclude,not_required,False,,False,False,1,1,https://www.bizinfo.go.kr/sii/siia/selectSIIA200Detail.do?pblancId=PBLN_000000000118917
PBLN_000000000123448,해오름 이차전지 기업지원(비즈협력ㆍ스케일업) 수혜기업 모집 공고(해오름동맹 첨단이차전지 연대협력사업),경상북도,0.5,blocked_context,수수료/인증/교육/컨설팅/비현금 문맥,subtract,pending,True,ratio_only,False,True,1,1,https://www.bizinfo.go.kr/sii/siia/selectSIIA200Detail.do?pblancId=PBLN_000000000123448
PBLN_000000000119050,[경남] 진주시 우주항공청 이주직원 가족 소상공인 창업 지원사업 공고,경상남도,,no_support_ratio,support_ratio 없음,subtract,not_required,False,,False,False,0,2,https://www.bizinfo.go.kr/sii/siia/selectSIIA200Detail.do?pblancId=PBLN_000000000119050
PBLN_000000000119052,[인천] 2026년 중소기업 환경개선자금 이자지원 계획 공고,인천광역시,,no_support_ratio,support_ratio 없음,review,not_required,False,,False,False,0,1,https://www.bizinfo.go.kr/sii/siia/selectSIIA200Detail.do?pblancId=PBLN_000000000119052
PBLN_000000000122640,[경북] 2026년 경북산업기술단지 거점기능강화사업 기술닥터제 활성화 지원사업 공고,중소벤처기업부,1.0,blocked_context,수수료/인증/교육/컨설팅/비현금 문맥,subtract,pending,True,mixed_manual_review,False,True,1,2,https://www.bizinfo.go.kr/sii/siia/selectSIIA200Detail.do?pblancId=PBLN_000000000122640
PBLN_000000000122394,[제주] 2026년 전기차 사용 후 배터리 실증 지원사업(KC인증) 상시모집 공고,제주특별자치도,,no_support_ratio,support_ratio 없음,recommend_only,not_required,False,,True,True,0,1,https://www.bizinfo.go.kr/sii/siia/selectSIIA200Detail.do?pblancId=PBLN_000000000122394
PBLN_000000000121777,[울산] 2026년 소상공인 산재보험료 지원사업 공고,울산광역시,0.8,blocked_context,수수료/인증/교육/컨설팅/비현금 문맥,ratio_cap,pending,True,ratio_only,False,False,1,1,https://www.bizinfo.go.kr/sii/siia/selectSIIA200Detail.do?pblancId=PBLN_000000000121777
PBLN_000000000119095,[충남] 2026년 보증기업 위기극복 패키지 지원사업 모집 공고,충청남도,,no_support_ratio,support_ratio 없음,exclude,not_required,False,,False,False,0,3,https://www.bizinfo.go.kr/sii/siia/selectSIIA200Detail.do?pblancId=PBLN_000000000119095
PBLN_000000000119137,2026년 청년일자리 도약장려금 참여기업 모집 공고,고용노동부,,no_support_ratio,support_ratio 없음,subtract,not_required,False,,True,False,0,1,https://www.bizinfo.go.kr/sii/siia/selectSIIA200Detail.do?pblancId=PBLN_000000000119137
PBLN_000000000119155,[전북] 2026년 폐업 소상공인 사업정리 지원사업 공고,전북특별자치도,,no_support_ratio,support_ratio 없음,subtract,not_required,False,,False,False,0,1,https://www.bizinfo.go.kr/sii/siia/selectSIIA200Detail.do?pblancId=PBLN_000000000119155
PBLN_000000000119158,[전북] 2026년 초등학부모 10시 출근제 도입 중소기업 지원 사업 참여기업 모집 공고,전북특별자치도,,no_support_ratio,support_ratio 없음,subtract,not_required,False,,True,True,0,1,https://www.bizinfo.go.kr/sii/siia/selectSIIA200Detail.do?pblancId=PBLN_000000000119158
TECHNOPARK:579,「플렉서블·스트레처블 산업 창출을 위한 부착형 디스플레이 기술 기반구축」 2026년도 기업지원 수혜기업 모집 재공고,충남테크노파크,,no_support_ratio,support_ratio 없음,subtract,not_required,False,,True,True,0,2,https://www.ctp.or.kr/business/datadetail.do?seq=2709184
PBLN_000000000119206,[충남] 아산시 2026년 해외마케팅 지원사업 참가기업 모집 공고,충청남도,0.8,already_confirmed_amount,확정 대표금액 차감 우선,subtract,reviewed,False,keep_old_amount,True,True,1,1,https://www.bizinfo.go.kr/sii/siia/selectSIIA200Detail.do?pblancId=PBLN_000000000119206
PBLN_000000000119218,[제주] 2026년 중소기업육성자금 융자지원계획 변경 공고,제주특별자치도,,no_support_ratio,support_ratio 없음,recommend_only,not_required,False,,False,False,0,3,https://www.bizinfo.go.kr/sii/siia/selectSIIA200Detail.do?pblancId=PBLN_000000000119218
PBLN_000000000119240,[울산] 2026년 고용노동부 청년일자리도약장려금사업 참여기업 모집 공고,울산광역시,,no_support_ratio,support_ratio 없음,subtract,not_required,False,,False,False,0,2,https://www.bizinfo.go.kr/sii/siia/selectSIIA200Detail.do?pblancId=PBLN_000000000119240
PBLN_000000000122433,[대구] 2026년 (Pre)스타기업 육성사업 개별지원 유형별 특성화지원 통합 공고,대구광역시,0.1,already_confirmed_amount,확정 대표금액 차감 우선,subtract,not_required,False,,True,True,1,29,https://www.bizinfo.go.kr/sii/siia/selectSIIA200Detail.do?pblancId=PBLN_000000000122433
PBLN_000000000119253,[전북] 2026년 육아휴직 대체인력 근로자 지원사업 모집 공고,전북특별자치도,,no_support_ratio,support_ratio 없음,subtract,not_required,False,,True,True,0,1,https://www.bizinfo.go.kr/sii/siia/selectSIIA200Detail.do?pblancId=PBLN_000000000119253
PBLN_000000000119255,[전남광주] 2026년 소상공인 디지털 전환 지원사업 신청ㆍ접수 공고,전남광주통합특별시,,no_support_ratio,support_ratio 없음,subtract,not_required,False,,False,False,0,1,https://www.bizinfo.go.kr/sii/siia/selectSIIA200Detail.do?pblancId=PBLN_000000000119255
SMARTFACTORY:2026-N-0103:1,2026년도 강원 지역특화형(바이오헬스·식품) 스마트공장 구축사업(기초) 공고,스마트공장 사업관리시스템,0.5,already_confirmed_amount,확정 대표금액 차감 우선,subtract,not_required,False,,True,True,2,6,https://www.smart-factory.kr/usr/bg/ba/ma/bsnsPbancDtl?pbancId=2026-N-0103&pbancSn=1
PBLN_000000000119321,[세종] 2026년 수출보증보험료 지원 사업 참가기업 모집 공고,세종특별자치시,1.0,already_confirmed_amount,확정 대표금액 차감 우선,subtract,not_required,False,,True,True,2,2,https://www.bizinfo.go.kr/sii/siia/selectSIIA200Detail.do?pblancId=PBLN_000000000119321
PBLN_000000000122442,[울산] 2026년 기술이전지원사업 기술코칭프로그램 참여기업 모집 공고,울산광역시,,no_support_ratio,support_ratio 없음,subtract,pending,True,total_scale_manual_review,False,True,0,1,https://www.bizinfo.go.kr/sii/siia/selectSIIA200Detail.do?pblancId=PBLN_000000000122442
PBLN_000000000119316,2026년 일터혁신 상생컨설팅 지원사업 모집 공고,고용노동부,,no_support_ratio,support_ratio 없음,recommend_only,not_required,False,,False,False,0,2,https://www.bizinfo.go.kr/sii/siia/selectSIIA200Detail.do?pblancId=PBLN_000000000119316
PBLN_000000000119010,[인천] 2026년 연구장비 공동활용 지원사업 모집 공고,인천광역시,0.6,blocked_context,수수료/인증/교육/컨설팅/비현금 문맥,subtract,pending,True,manual_representative_recoverable,True,True,1,1,https://www.bizinfo.go.kr/sii/siia/selectSIIA200Detail.do?pblancId=PBLN_000000000119010
PBLN_000000000119324,2026년 농산업 수출활성화사업 맞춤형 컨설팅 참가기업 모집 공고,농림축산식품부,,no_support_ratio,support_ratio 없음,recommend_only,not_required,False,,False,False,0,1,https://www.bizinfo.go.kr/sii/siia/selectSIIA200Detail.do?pblancId=PBLN_000000000119324
PBLN_000000000119356,[서울] 2026년 아이 키우기 좋은 기업 지원사업 육아휴직ㆍ출산휴가 기업지원금 및 출산휴가급여 근로자지원금 신청 공고,서울특별시,,no_support_ratio,support_ratio 없음,subtract,not_required,False,,True,False,0,3,https://www.bizinfo.go.kr/sii/siia/selectSIIA200Detail.do?pblancId=PBLN_000000000119356
PBLN_000000000122473,2026년 해양수산 연구장비 렌탈지원사업 공고,해양수산부,0.06,already_confirmed_ratio,기존 ratio_cap 확정,ratio_cap,not_required,False,,False,False,1,1,https://www.bizinfo.go.kr/sii/siia/selectSIIA200Detail.do?pblancId=PBLN_000000000122473
PBLN_000000000122492,[충남] 2026년 IP디딤돌 프로그램 창업자 후속지원 대상자 모집 공고,충청남도,0.2,blocked_context,수수료/인증/교육/컨설팅/비현금 문맥,subtract,reviewed,False,keep_old_amount,False,True,0,7,https://www.bizinfo.go.kr/sii/siia/selectSIIA200Detail.do?pblancId=PBLN_000000000122492
PBLN_000000000117563,2026년 중소기업 매출채권팩토링 지원계획 공고,중소벤처기업부,,no_support_ratio,support_ratio 없음,subtract,pending,True,manual_representative_recoverable,False,True,0,1,https://www.bizinfo.go.kr/sii/siia/selectSIIA200Detail.do?pblancId=PBLN_000000000117563
PBLN_000000000119373,[인천] 2026년 신개념 세대융합 청년창업 지원 멘티 상시모집 공고,인천광역시,,no_support_ratio,support_ratio 없음,subtract,not_required,False,,False,False,0,2,https://www.bizinfo.go.kr/sii/siia/selectSIIA200Detail.do?pblancId=PBLN_000000000119373
PBLN_000000000119375,[전남광주] 2026년 소상공인 IP출원(상표출원) 지원사업 소상공인 수혜자 모집 공고,전남광주통합특별시,,no_support_ratio,support_ratio 없음,recommend_only,not_required,False,,False,False,0,2,https://www.bizinfo.go.kr/sii/siia/selectSIIA200Detail.do?pblancId=PBLN_000000000119375
PBLN_000000000119409,[경남] 2026 중소기업 통ㆍ번역 지원사업 참가업체 모집 공고,경상남도,,no_support_ratio,support_ratio 없음,subtract,not_required,False,,False,False,0,1,https://www.bizinfo.go.kr/sii/siia/selectSIIA200Detail.do?pblancId=PBLN_000000000119409
SMARTFACTORY:2026-N-0110:2,[현대자동차그룹]2026 대중소상생형 스마트공장 구축(고도화 동일),스마트공장 사업관리시스템,,no_support_ratio,support_ratio 없음,recommend_only,not_required,False,,False,False,0,0,https://www.smart-factory.kr/usr/bg/ba/ma/bsnsPbancDtl?pbancId=2026-N-0110&pbancSn=2
PBLN_000000000119481,[경남] 진주시 2026년 중소기업 개별 수출보험료 지원사업 공고,경상남도,,no_support_ratio,support_ratio 없음,subtract,not_required,False,,True,True,0,1,https://www.bizinfo.go.kr/sii/siia/selectSIIA200Detail.do?pblancId=PBLN_000000000119481
PBLN_000000000119434,2026년 (예비)사회적기업 이차보전 지원계획 공고,고용노동부,,no_support_ratio,support_ratio 없음,recommend_only,not_required,False,,False,False,0,1,https://www.bizinfo.go.kr/sii/siia/selectSIIA200Detail.do?pblancId=PBLN_000000000119434
PBLN_000000000119489,2026년 미래내일일경험사업(인턴형) 참여기업 모집 공고,고용노동부,,no_support_ratio,support_ratio 없음,subtract,not_required,False,,False,False,0,1,https://www.bizinfo.go.kr/sii/siia/selectSIIA200Detail.do?pblancId=PBLN_000000000119489
PBLN_000000000122623,[전북] 2026년 2차 자동차 대체부품 분야 기업지원 사업 공고,전북특별자치도,0.15,blocked_context,수수료/인증/교육/컨설팅/비현금 문맥; 자부담/총사업비/총규모/매출 문맥,review,not_required,False,,True,True,2,7,https://www.bizinfo.go.kr/sii/siia/selectSIIA200Detail.do?pblancId=PBLN_000000000122623
PBLN_000000000119490,2026년 청년일자리도약장려금 참여기업 모집 공고,고용노동부,,no_support_ratio,support_ratio 없음,subtract,not_required,False,,True,False,0,1,https://www.bizinfo.go.kr/sii/siia/selectSIIA200Detail.do?pblancId=PBLN_000000000119490
PBLN_000000000119491,2026년 인재채움뱅크 대체인력 채용지원 참여 기업 모집 공고,고용노동부,,no_support_ratio,support_ratio 없음,subtract,not_required,False,,True,False,0,3,https://www.bizinfo.go.kr/sii/siia/selectSIIA200Detail.do?pblancId=PBLN_000000000119491
PBLN_000000000119499,2026년 방사선 기술 IP보증연계 지식재산평가 지원사업 공고,과학기술정보통신부,,no_support_ratio,support_ratio 없음,exclude,not_required,False,,False,False,0,1,https://www.bizinfo.go.kr/sii/siia/selectSIIA200Detail.do?pblancId=PBLN_000000000119499
PBLN_000000000119515,2026년 M&A 활성화 지원사업 공고,중소벤처기업부,0.5,already_confirmed_amount,확정 대표금액 차감 우선,subtract,not_required,False,,True,True,3,4,https://www.bizinfo.go.kr/sii/siia/selectSIIA200Detail.do?pblancId=PBLN_000000000119515
PBLN_000000000119555,2026년 현장실습훈련(시니어인턴십) 참여기업 모집 공고,보건복지부,,no_support_ratio,support_ratio 없음,recommend_only,not_required,False,,False,False,0,3,https://www.bizinfo.go.kr/sii/siia/selectSIIA200Detail.do?pblancId=PBLN_000000000119555
PBLN_000000000119518,[전북] 2026년 에너지산업융복합단지 공동연구장비 활용 및 컨설팅 지원 수혜기업 모집 공고,전북특별자치도,1.0,blocked_context,수수료/인증/교육/컨설팅/비현금 문맥,recommend_only,pending,True,recommend_only_payload,False,True,0,2,https://www.bizinfo.go.kr/sii/siia/selectSIIA200Detail.do?pblancId=PBLN_000000000119518
PBLN_000000000122644,[경북] 2026년 2차 미래자동차 사업재편 혁신성장 지원사업 공고,경상북도,,no_support_ratio,support_ratio 없음,subtract,pending,True,mixed_manual_review,False,True,0,2,https://www.bizinfo.go.kr/sii/siia/selectSIIA200Detail.do?pblancId=PBLN_000000000122644
PBLN_000000000119693,[경기] 2026년 중소기업 R&D 기획ㆍ컨설팅 사업 모집 공고,경기도,,no_support_ratio,support_ratio 없음,subtract,not_required,False,,True,True,0,1,https://www.bizinfo.go.kr/sii/siia/selectSIIA200Detail.do?pblancId=PBLN_000000000119693
PBLN_000000000119571,2026년 미래내일 일경험 지원사업(인턴형) 참여기업 모집 공고,고용노동부,,no_support_ratio,support_ratio 없음,subtract,not_required,False,,True,False,0,4,https://www.bizinfo.go.kr/sii/siia/selectSIIA200Detail.do?pblancId=PBLN_000000000119571
PBLN_000000000119686,[경기] 2026년 베이비부머 라이트잡 모집 공고,경기도,,no_support_ratio,support_ratio 없음,subtract,not_required,False,,True,True,0,1,https://www.bizinfo.go.kr/sii/siia/selectSIIA200Detail.do?pblancId=PBLN_000000000119686
PBLN_000000000122826,2026년 제3회 신기술(NET)지정 신규신청(100대 전략품목 포함) 및 유효기간 연장신청 접수 공고,산업통상부,0.15,blocked_context,수수료/인증/교육/컨설팅/비현금 문맥,recommend_only,not_required,False,,False,False,1,1,https://www.bizinfo.go.kr/sii/siia/selectSIIA200Detail.do?pblancId=PBLN_000000000122826
PBLN_000000000119698,[서울] 2026년 시니어 인턴십(인건비 지원형ㆍ경상비 지원형) 기업 모집 공고,서울특별시,,no_support_ratio,support_ratio 없음,subtract,not_required,False,,True,False,0,2,https://www.bizinfo.go.kr/sii/siia/selectSIIA200Detail.do?pblancId=PBLN_000000000119698
PBLN_000000000119706,2026년 환경산업 분야 퇴직전문가 중소기업 기술지원 사업 참여기업 모집 공고,기후에너지환경부,,no_support_ratio,support_ratio 없음,subtract,not_required,False,,True,False,0,2,https://www.bizinfo.go.kr/sii/siia/selectSIIA200Detail.do?pblancId=PBLN_000000000119706
PBLN_000000000119719,[충북] 2026년 소상공인 출산 지원사업 참여자 모집 공고,충청북도,,no_support_ratio,support_ratio 없음,subtract,not_required,False,,False,False,0,1,https://www.bizinfo.go.kr/sii/siia/selectSIIA200Detail.do?pblancId=PBLN_000000000119719
PBLN_000000000119737,[경기] 2026년 지식재산 보호강화 사업 통합 공고,경기도,0.7,already_confirmed_amount,확정 대표금액 차감 우선,subtract,not_required,False,,True,True,1,6,https://www.bizinfo.go.kr/sii/siia/selectSIIA200Detail.do?pblancId=PBLN_000000000119737
PBLN_000000000119733,[울산] 울주군 2026년 강소기업 육성 기술 혁신 지원사업 시행 공고,울산광역시,,no_support_ratio,support_ratio 없음,recommend_only,pending,True,manual_representative_recoverable,False,True,0,4,https://www.bizinfo.go.kr/sii/siia/selectSIIA200Detail.do?pblancId=PBLN_000000000119733
PBLN_000000000122976,2026년 2차 첨단제조로봇 실증사업 참여기업 모집 공고,산업통상부,0.15,already_confirmed_amount,확정 대표금액 차감 우선,subtract,not_required,False,,True,True,4,8,https://www.bizinfo.go.kr/sii/siia/selectSIIA200Detail.do?pblancId=PBLN_000000000122976
PBLN_000000000119801,2026년 소상공인(개인사업자) 비즈플러스카드 지원사업 시행 공고,중소벤처기업부,0.9,blocked_context,금융/융자/보증/이차보전 문맥; 수수료/인증/교육/컨설팅/비현금 문맥,subtract,not_required,False,,True,False,1,3,https://www.bizinfo.go.kr/sii/siia/selectSIIA200Detail.do?pblancId=PBLN_000000000119801
PBLN_000000000117291,2026년 한국식품산업클러스터진흥원 기업지원시설ㆍ장비 활용 지원사업 공고,농림축산식품부,0.2,blocked_context,수수료/인증/교육/컨설팅/비현금 문맥,recommend_only,pending,True,mixed_manual_review,False,True,0,2,https://www.bizinfo.go.kr/sii/siia/selectSIIA200Detail.do?pblancId=PBLN_000000000117291
PBLN_000000000119738,[경기] 용인시 2026년 IP지원센터 운영 IP 컨설팅 통합 공고,경기도,,no_support_ratio,support_ratio 없음,recommend_only,not_required,False,,False,False,0,2,https://www.bizinfo.go.kr/sii/siia/selectSIIA200Detail.do?pblancId=PBLN_000000000119738
PBLN_000000000122992,[경남] 서부 2026년 2차 글로벌IP스타기업육성사업 포장디자인개발 지원기업 모집 공고,경상남도,,no_support_ratio,support_ratio 없음,subtract,not_required,False,,True,True,0,2,https://www.bizinfo.go.kr/sii/siia/selectSIIA200Detail.do?pblancId=PBLN_000000000122992
PBLN_000000000119802,2026년 소상공인(법인사업자) 비즈플러스카드 지원사업 시행 공고,중소벤처기업부,0.9,blocked_context,수수료/인증/교육/컨설팅/비현금 문맥,subtract,not_required,False,,False,False,1,1,https://www.bizinfo.go.kr/sii/siia/selectSIIA200Detail.do?pblancId=PBLN_000000000119802
PBLN_000000000119834,[전남광주] 2026년 벤처기업육성자금 지원계획 공고,전남광주통합특별시,0.023,blocked_context,금융/융자/보증/이차보전 문맥,exclude,not_required,False,,False,False,1,4,https://www.bizinfo.go.kr/sii/siia/selectSIIA200Detail.do?pblancId=PBLN_000000000119834
PBLN_000000000119822,[경북] 구미시 2026년 시제품제작센터 수혜기업 모집 공고,경상북도,0.7,already_confirmed_amount,확정 대표금액 차감 우선,subtract,not_required,False,,True,True,0,5,https://www.bizinfo.go.kr/sii/siia/selectSIIA200Detail.do?pblancId=PBLN_000000000119822
PBLN_000000000122996,[경남] 서부 2026년 2차 글로벌IP스타기업육성사업 리뉴얼브랜드개발 지원기업 모집 공고,경상남도,,no_support_ratio,support_ratio 없음,subtract,not_required,False,,True,True,0,2,https://www.bizinfo.go.kr/sii/siia/selectSIIA200Detail.do?pblancId=PBLN_000000000122996
PBLN_000000000119851,[경북] 안동시 2026년 로케이션 제작지원 사업 공고,경상북도,0.6,blocked_context,수수료/인증/교육/컨설팅/비현금 문맥,recommend_only,pending,True,mixed_manual_review,False,True,0,1,https://www.bizinfo.go.kr/sii/siia/selectSIIA200Detail.do?pblancId=PBLN_000000000119851
PBLN_000000000123043,2026년 1인 중증장애인기업 업무지원인 서비스 지원사업 의사소통형ㆍ경영지도형 지원대상자 모집 공고,중소벤처기업부,0.95,already_confirmed_amount,확정 대표금액 차감 우선,subtract,not_required,False,,True,True,0,1,https://www.bizinfo.go.kr/sii/siia/selectSIIA200Detail.do?pblancId=PBLN_000000000123043
PBLN_000000000119850,[서울] 중구ㆍ종로구ㆍ동대문구 2026년 청년일자리도약장려금 사업 참여기업 모집 공고,고용노동부,,no_support_ratio,support_ratio 없음,subtract,not_required,False,,False,False,0,1,https://www.bizinfo.go.kr/sii/siia/selectSIIA200Detail.do?pblancId=PBLN_000000000119850
PBLN_000000000119918,2026년 IP보증연계 지식재산평가 지원사업 공고,지식재산처,,no_support_ratio,support_ratio 없음,exclude,not_required,False,,False,False,0,2,https://www.bizinfo.go.kr/sii/siia/selectSIIA200Detail.do?pblancId=PBLN_000000000119918
PBLN_000000000122627,[서울] 2026년 2차 서울형 R&D 지원사업 테스트베드서울 통합 공고,서울특별시,,no_support_ratio,support_ratio 없음,recommend_only,not_required,False,,False,False,0,0,https://www.bizinfo.go.kr/sii/siia/selectSIIA200Detail.do?pblancId=PBLN_000000000122627
PBLN_000000000119938,2026년 농식품 기술평가 지원사업 참여업체 모집 공고,농림축산식품부,,no_support_ratio,support_ratio 없음,subtract,not_required,False,,False,False,0,1,https://www.bizinfo.go.kr/sii/siia/selectSIIA200Detail.do?pblancId=PBLN_000000000119938
PBLN_000000000119951,[부산] 관광ㆍ마이스 그로우업(Grow-up) 지원사업 참여 기업 모집 공고,부산광역시,,no_support_ratio,support_ratio 없음,recommend_only,not_required,False,,False,False,0,1,https://www.bizinfo.go.kr/sii/siia/selectSIIA200Detail.do?pblancId=PBLN_000000000119951
PBLN_000000000119957,[부산] 기계ㆍ부품ㆍ철강산업 숙련기술자 고용안정 지원사업 참여 기업 및 참여자 모집 공고,부산광역시,,no_support_ratio,support_ratio 없음,recommend_only,not_required,False,,True,True,0,3,https://www.bizinfo.go.kr/sii/siia/selectSIIA200Detail.do?pblancId=PBLN_000000000119957
PBLN_000000000119967,[전북] 2026년 게임인재 맞춤형 인턴십 지원사업 공고(전북 글로벌게임센터),전북특별자치도,,no_support_ratio,support_ratio 없음,subtract,not_required,False,,False,False,0,1,https://www.bizinfo.go.kr/sii/siia/selectSIIA200Detail.do?pblancId=PBLN_000000000119967
PBLN_000000000123053,2026년 2차 경북 영천시 금호 이웃사촌마을 조성사업 청년창업 및 이전기업 지원사업 참여기업(이전기업) 모집 공고,경상북도,0.2,already_confirmed_amount,확정 대표금액 차감 우선,subtract,not_required,False,,True,True,0,8,https://www.bizinfo.go.kr/sii/siia/selectSIIA200Detail.do?pblancId=PBLN_000000000123053
PBLN_000000000119981,[전북] 2026년 새출발 재기지원 (휴ㆍ폐업 사업주형) 재기 지원(사업정리비 및 교육비) 모집 공고,전북특별자치도,,no_support_ratio,support_ratio 없음,subtract,not_required,False,,False,False,0,2,https://www.bizinfo.go.kr/sii/siia/selectSIIA200Detail.do?pblancId=PBLN_000000000119981
PBLN_000000000119976,2026년 해양 연구 시설ㆍ장비 사용료 지원사업 모집 공고,해양수산부,1.0,blocked_context,수수료/인증/교육/컨설팅/비현금 문맥,recommend_only,not_required,False,,False,False,2,3,https://www.bizinfo.go.kr/sii/siia/selectSIIA200Detail.do?pblancId=PBLN_000000000119976
PBLN_000000000123109,[전남광주] 장성군 2026년 2차 스마트기계전자산업 활성화 지원사업 참여기업 모집 공고(시군구연고산업육성사업),중소벤처기업부,1.0,already_confirmed_amount,확정 대표금액 차감 우선,subtract,not_required,False,,True,True,1,7,https://www.bizinfo.go.kr/sii/siia/selectSIIA200Detail.do?pblancId=PBLN_000000000123109
TECHNOPARK:955,(예산) 2026 시군구연고산업육성사업 2차 공고 (수정공고),충남테크노파크,,no_support_ratio,support_ratio 없음,recommend_only,pending,True,mixed_manual_review,False,False,0,5,https://www.ctp.or.kr/business/datadetail.do?seq=2709247
PBLN_000000000120006,[서울] 2026년 노동환경개선컨설팅 사업 대상 모집 공고,서울특별시,,no_support_ratio,support_ratio 없음,recommend_only,not_required,False,,False,True,0,1,https://www.bizinfo.go.kr/sii/siia/selectSIIA200Detail.do?pblancId=PBLN_000000000120006
SMARTFACTORY:2025-N-0205:1,2026년 한국로봇산업진흥원 로봇활용 제조혁신 지원사업,스마트공장 사업관리시스템,0.5,blocked_context,자부담/총사업비/총규모/매출 문맥,recommend_only,pending,True,mixed_manual_review,False,False,1,17,https://www.smart-factory.kr/usr/bg/ba/ma/bsnsPbancDtl?pbancId=2025-N-0205&pbancSn=1
PBLN_000000000122168,[경북] 경주시 2026년 소규모 사업장 방지시설 설치 지원사업 공고,경상북도,0.8,blocked_context,수수료/인증/교육/컨설팅/비현금 문맥,ratio_cap,pending,True,ratio_only,False,False,1,1,https://www.bizinfo.go.kr/sii/siia/selectSIIA200Detail.do?pblancId=PBLN_000000000122168
PBLN_000000000120023,[경남] 2026년 소상공인 정책자금 운용계획 변경 공고,경상남도,,no_support_ratio,support_ratio 없음,exclude,not_required,False,,False,False,0,1,https://www.bizinfo.go.kr/sii/siia/selectSIIA200Detail.do?pblancId=PBLN_000000000120023
PBLN_000000000120062,[충북] 2026년 긴급 운전자금 융자(이차보전) 지원계획 공고,충청북도,,no_support_ratio,support_ratio 없음,review,not_required,False,,False,False,0,1,https://www.bizinfo.go.kr/sii/siia/selectSIIA200Detail.do?pblancId=PBLN_000000000120062
PBLN_000000000120097,2026년 데이터 품질인증 지원사업 공고,과학기술정보통신부,0.5,already_confirmed_amount,확정 대표금액 차감 우선,subtract,not_required,False,,True,True,0,2,https://www.bizinfo.go.kr/sii/siia/selectSIIA200Detail.do?pblancId=PBLN_000000000120097
PBLN_000000000123112,[전남광주] 화순군 2026년 2차 바이오산업 활성화 지원사업 참여기업 모집 공고(시군구연고산업육성사업),전남광주통합특별시,1.0,already_confirmed_amount,확정 대표금액 차감 우선,subtract,not_required,False,,True,True,1,13,https://www.bizinfo.go.kr/sii/siia/selectSIIA200Detail.do?pblancId=PBLN_000000000123112
PBLN_000000000117688,[인천] 서구(검단지역) 2026년 제품인증획득 지원사업 신청 공고,인천광역시,,no_support_ratio,support_ratio 없음,subtract,pending,True,recommend_only_payload,True,False,0,1,https://www.bizinfo.go.kr/sii/siia/selectSIIA200Detail.do?pblancId=PBLN_000000000117688
PBLN_000000000120083,2026년 데이터 가치평가 지원사업 공고,과학기술정보통신부,,no_support_ratio,support_ratio 없음,recommend_only,not_required,False,,False,False,0,1,https://www.bizinfo.go.kr/sii/siia/selectSIIA200Detail.do?pblancId=PBLN_000000000120083
PBLN_000000000120102,[전북] 2026년 중동분쟁 대응 수출입기업 긴급 경영안정자금 지원계획 변경 공고,전북특별자치도,0.02,blocked_context,금융/융자/보증/이차보전 문맥,subtract,not_required,False,,False,False,1,2,https://www.bizinfo.go.kr/sii/siia/selectSIIA200Detail.do?pblancId=PBLN_000000000120102
PBLN_000000000120117,2026년 소상공인 투자연계 지원사업 립스(LIPS) 프로그램 소상공인 모집 공고,중소벤처기업부,,no_support_ratio,support_ratio 없음,exclude,not_required,False,,False,False,0,2,https://www.bizinfo.go.kr/sii/siia/selectSIIA200Detail.do?pblancId=PBLN_000000000120117
PBLN_000000000123147,2027년 식품소재 및 반가공산업 육성 사업자 선정계획 공고,농림축산식품부,0.8,blocked_context,수수료/인증/교육/컨설팅/비현금 문맥; 자부담/총사업비/총규모/매출 문맥,subtract,pending,True,ratio_only,False,True,0,1,https://www.bizinfo.go.kr/sii/siia/selectSIIA200Detail.do?pblancId=PBLN_000000000123147
PBLN_000000000120135,[전남광주] 2026년 하남산업단지 중소기업 보증료 지원사업 공고,전남광주통합특별시,0.3,blocked_context,금융/융자/보증/이차보전 문맥; 수수료/인증/교육/컨설팅/비현금 문맥,exclude,pending,True,finance_exclude_payload,False,True,1,1,https://www.bizinfo.go.kr/sii/siia/selectSIIA200Detail.do?pblancId=PBLN_000000000120135
PBLN_000000000120138,[인천] 중동 수출 중소기업 긴급 경영안정자금 지원 공고,인천광역시,,no_support_ratio,support_ratio 없음,review,not_required,False,,False,False,0,2,https://www.bizinfo.go.kr/sii/siia/selectSIIA200Detail.do?pblancId=PBLN_000000000120138
PBLN_000000000120136,[대구] 북구 2026년 상반기 소상공인 경영안정자금 지원사업 공고,대구광역시,0.02,blocked_context,금융/융자/보증/이차보전 문맥,review,not_required,False,,False,False,1,2,https://www.bizinfo.go.kr/sii/siia/selectSIIA200Detail.do?pblancId=PBLN_000000000120136
PBLN_000000000123165,[울산] 데이터 파이프라인 구축 사업 수혜기업 추가 모집 공고(지역주도형 AI 대전환),중소벤처기업부,0.125,already_confirmed_amount,확정 대표금액 차감 우선,subtract,not_required,False,,True,True,1,7,https://www.bizinfo.go.kr/sii/siia/selectSIIA200Detail.do?pblancId=PBLN_000000000123165
PBLN_000000000123191,[경북] 안동시 2026년 3차 지식재산 긴급지원 사업 모집 공고,경상북도,0.4,blocked_context,수수료/인증/교육/컨설팅/비현금 문맥,recommend_only,not_required,False,,True,True,0,4,https://www.bizinfo.go.kr/sii/siia/selectSIIA200Detail.do?pblancId=PBLN_000000000123191
PBLN_000000000118037,2026년 기업인력애로센터 활용 취업지원 사업 구인기업 및 구직자 모집 공고,중소벤처기업부,,no_support_ratio,support_ratio 없음,recommend_only,not_required,False,,False,False,0,7,https://www.bizinfo.go.kr/sii/siia/selectSIIA200Detail.do?pblancId=PBLN_000000000118037
PBLN_000000000120158,[경기] 양주시 2026년 중소기업 및 소상공인 운전자금 이차보전 지원 공고,경기도,,no_support_ratio,support_ratio 없음,recommend_only,not_required,False,,False,False,0,1,https://www.bizinfo.go.kr/sii/siia/selectSIIA200Detail.do?pblancId=PBLN_000000000120158
PBLN_000000000123542,[충남] 2026년 미래차전환 종합지원사업 기업지원(R&D) 프로그램 모집 공고,충청남도,,no_support_ratio,support_ratio 없음,subtract,pending,True,mixed_manual_review,False,True,0,4,https://www.bizinfo.go.kr/sii/siia/selectSIIA200Detail.do?pblancId=PBLN_000000000123542
PBLN_000000000120166,[제주] 2026년 소상공인 건강검진 지원사업 신청자 모집 공고,제주특별자치도,,no_support_ratio,support_ratio 없음,subtract,not_required,False,,False,False,0,1,https://www.bizinfo.go.kr/sii/siia/selectSIIA200Detail.do?pblancId=PBLN_000000000120166
PBLN_000000000120174,2026년 우리동네 크라우드펀딩 지원사업 크라우드펀딩 참여 소상공인 모집 공고,중소벤처기업부,,no_support_ratio,support_ratio 없음,subtract,not_required,False,,False,False,0,10,https://www.bizinfo.go.kr/sii/siia/selectSIIA200Detail.do?pblancId=PBLN_000000000120174
PBLN_000000000122495,[경기] 2026년 GH 민간협력기술개발사업 과제 공모 공고,경기도,0.7,already_confirmed_amount,확정 대표금액 차감 우선,subtract,not_required,False,,True,True,3,3,https://www.bizinfo.go.kr/sii/siia/selectSIIA200Detail.do?pblancId=PBLN_000000000122495
PBLN_000000000118361,[경기] 부천시 2026년 유해물질 시험분석 수수료 지원 사업 참여 기업 모집 공고,경기도,0.5,blocked_context,수수료/인증/교육/컨설팅/비현금 문맥,subtract,pending,True,recommend_only_payload,True,True,1,1,https://www.bizinfo.go.kr/sii/siia/selectSIIA200Detail.do?pblancId=PBLN_000000000118361
PBLN_000000000120177,[경기] 2026년 중소기업육성자금 융자지원계획 변경 공고(경기도-IBK기업은행 협약),경기도,1.0,blocked_context,금융/융자/보증/이차보전 문맥,subtract,not_required,False,,False,False,3,5,https://www.bizinfo.go.kr/sii/siia/selectSIIA200Detail.do?pblancId=PBLN_000000000120177
PBLN_000000000118530,2026년 중소ㆍ중견 에너지효율 혁신 선도 프로젝트 선도기업 모집 공고,기후에너지환경부,0.05,already_confirmed_ratio,기존 ratio_cap 확정,ratio_cap,not_required,False,,False,False,1,1,https://www.bizinfo.go.kr/sii/siia/selectSIIA200Detail.do?pblancId=PBLN_000000000118530
PBLN_000000000123257,[부산] 2027년 방산 중소기업 생산성향상 지원사업 공고,부산광역시,0.75,already_confirmed_amount,확정 대표금액 차감 우선,subtract,not_required,False,,True,True,2,5,https://www.bizinfo.go.kr/sii/siia/selectSIIA200Detail.do?pblancId=PBLN_000000000123257
PBLN_000000000120233,[전남광주] 2026년 중소기업 수출보험료 지원사업 신청 안내 변경 공고,전남광주통합특별시,,no_support_ratio,support_ratio 없음,exclude,not_required,False,,False,False,0,3,https://www.bizinfo.go.kr/sii/siia/selectSIIA200Detail.do?pblancId=PBLN_000000000120233
PBLN_000000000119762,2026년 일터혁신 상생컨설팅 지원사업 기업 모집 공고,고용노동부,,no_support_ratio,support_ratio 없음,recommend_only,not_required,False,,False,False,0,0,https://www.bizinfo.go.kr/sii/siia/selectSIIA200Detail.do?pblancId=PBLN_000000000119762
PBLN_000000000120252,[경기] 2026년 1차 중소기업육성자금 융자지원계획 변경 공고,경기도,,no_support_ratio,support_ratio 없음,exclude,not_required,False,,False,False,0,2,https://www.bizinfo.go.kr/sii/siia/selectSIIA200Detail.do?pblancId=PBLN_000000000120252
PBLN_000000000120268,[강원] 원주시 2026년 소상공인 경영안정자금 지원 사업 변경 공고,강원특별자치도,,no_support_ratio,support_ratio 없음,exclude,not_required,False,,False,False,0,2,https://www.bizinfo.go.kr/sii/siia/selectSIIA200Detail.do?pblancId=PBLN_000000000120268
PBLN_000000000122724,[충북] 청주시 2026년 2차 공정혁신시뮬레이션센터 구축 및 운영사업 기술지원 수혜기업 모집 연장 공고,산업통상부,,no_support_ratio,support_ratio 없음,subtract,not_required,False,,True,True,0,4,https://www.bizinfo.go.kr/sii/siia/selectSIIA200Detail.do?pblancId=PBLN_000000000122724
PBLN_000000000123698,[대구] 2026년 노사상생 우수기업 발굴 및 지원 공고,대구광역시,,no_support_ratio,support_ratio 없음,subtract,not_required,False,,True,True,0,1,https://www.bizinfo.go.kr/sii/siia/selectSIIA200Detail.do?pblancId=PBLN_000000000123698
PBLN_000000000120385,[울산] 2026년 자동차 부품업종 근로자 지역정착 지원사업 참여기업 모집 공고(지역ㆍ산업맞춤형 일자리지원 사업(자율계정)),울산광역시,,no_support_ratio,support_ratio 없음,subtract,not_required,False,,True,True,0,2,https://www.bizinfo.go.kr/sii/siia/selectSIIA200Detail.do?pblancId=PBLN_000000000120385
PBLN_000000000120334,2026년 퍼스널케어 융합 얼라이언스 육성사업 상품경쟁력 강화 지원 사업 통합 공고,산업통상부,,no_support_ratio,support_ratio 없음,subtract,not_required,False,,True,False,0,5,https://www.bizinfo.go.kr/sii/siia/selectSIIA200Detail.do?pblancId=PBLN_000000000120334
PBLN_000000000120388,[울산] 2026년 자동차 부품업종 안전관리 인력 고용지원사업 참여기업 모집 공고(지역ㆍ산업맞춤형 일자리지원 사업(자율계정)),울산광역시,,no_support_ratio,support_ratio 없음,subtract,not_required,False,,True,False,0,1,https://www.bizinfo.go.kr/sii/siia/selectSIIA200Detail.do?pblancId=PBLN_000000000120388
PBLN_000000000123267,2026년 제5차 바이오ㆍ의료기술개발 사업 신규과제 공고,과학기술정보통신부,1.0,blocked_context,수수료/인증/교육/컨설팅/비현금 문맥,subtract,pending,True,manual_representative_recoverable,True,True,0,1,https://www.bizinfo.go.kr/sii/siia/selectSIIA200Detail.do?pblancId=PBLN_000000000123267
PBLN_000000000120423,2026년 로봇 재제조산업 기업지원사업(기술 자문) 공고,산업통상부,1.0,already_confirmed_amount,확정 대표금액 차감 우선,subtract,not_required,False,,True,True,0,1,https://www.bizinfo.go.kr/sii/siia/selectSIIA200Detail.do?pblancId=PBLN_000000000120423
PBLN_000000000120411,2026년 현장실습 훈련(시니어인턴십) 참여기업 모집 수정 공고,보건복지부,,no_support_ratio,support_ratio 없음,subtract,not_required,False,,True,False,0,3,https://www.bizinfo.go.kr/sii/siia/selectSIIA200Detail.do?pblancId=PBLN_000000000120411
PBLN_000000000120459,[경남] 사천시ㆍ진주시 2026년 스마트제조 고급인력양성 사업 수요기업 모집 공고,산업통상부,1.0,blocked_context,수수료/인증/교육/컨설팅/비현금 문맥,recommend_only,not_required,False,,False,False,0,2,https://www.bizinfo.go.kr/sii/siia/selectSIIA200Detail.do?pblancId=PBLN_000000000120459
PBLN_000000000123300,[광주] 2026년 자동차 부품업체 지속 가능 전환기업 육성지원사업 지원기업 모집 공고,광주광역시,,no_support_ratio,support_ratio 없음,subtract,not_required,False,,True,True,0,3,https://www.bizinfo.go.kr/sii/siia/selectSIIA200Detail.do?pblancId=PBLN_000000000123300
PBLN_000000000120468,[경기] 2026년 국내ㆍ외 우수 물기술 인ㆍ검증 지원사업 참여기업 모집 공고,경기도,0.5,blocked_context,수수료/인증/교육/컨설팅/비현금 문맥,subtract,pending,True,mixed_manual_review,True,True,2,3,https://www.bizinfo.go.kr/sii/siia/selectSIIA200Detail.do?pblancId=PBLN_000000000120468
PBLN_000000000121444,[경기] 군포시 2026년 품질경쟁력 강화 지원사업 참여기업 모집 공고,경기도,0.8,already_confirmed_amount,확정 대표금액 차감 우선,subtract,not_required,False,,True,True,11,13,https://www.bizinfo.go.kr/sii/siia/selectSIIA200Detail.do?pblancId=PBLN_000000000121444
PBLN_000000000123336,[서울] 2026년 2차 서울제로마켓 활성화 사업 참여자 모집 공고,서울특별시,0.5,already_confirmed_amount,확정 대표금액 차감 우선,subtract,not_required,False,,True,True,1,2,https://www.bizinfo.go.kr/sii/siia/selectSIIA200Detail.do?pblancId=PBLN_000000000123336
PBLN_000000000123354,[부산] 2026년 도시형소공인 맞춤형 패키지 지원사업 모집 공고,부산광역시,0.8,blocked_context,자부담/총사업비/총규모/매출 문맥,subtract,pending,True,total_scale_manual_review,False,True,1,1,https://www.bizinfo.go.kr/sii/siia/selectSIIA200Detail.do?pblancId=PBLN_000000000123354
PBLN_000000000123381,[강원] 2026년 2차 지역주력산업육성(지역특화 프로젝트 레전드 50+) 지원모집 공고(강원 2.0 퀀텀점프),중소벤처기업부,,no_support_ratio,support_ratio 없음,recommend_only,pending,True,manual_representative_recoverable,True,True,0,5,https://www.bizinfo.go.kr/sii/siia/selectSIIA200Detail.do?pblancId=PBLN_000000000123381
PBLN_000000000120481,[경기] 김포시 2026년 중소기업 육성자금 지원계획 공고,경기도,,no_support_ratio,support_ratio 없음,recommend_only,not_required,False,,False,False,0,1,https://www.bizinfo.go.kr/sii/siia/selectSIIA200Detail.do?pblancId=PBLN_000000000120481
PBLN_000000000120506,[대전] 소상공인ㆍ자영업자 재기지원사업(컨설팅ㆍ경영개선) 참여자 모집 공고(새출발기금 협업),대전광역시,,no_support_ratio,support_ratio 없음,subtract,not_required,False,,False,False,0,2,https://www.bizinfo.go.kr/sii/siia/selectSIIA200Detail.do?pblancId=PBLN_000000000120506
PBLN_000000000120512,[울산] 2026년 1차 통상변화 대응 중소기업 육성자금 지원계획 변경 공고,울산광역시,,no_support_ratio,support_ratio 없음,exclude,not_required,False,,False,False,0,3,https://www.bizinfo.go.kr/sii/siia/selectSIIA200Detail.do?pblancId=PBLN_000000000120512
PBLN_000000000120516,[부산] 2026년 지산학 브랜치 기업 현장솔루션 랩(lab) 참여 기업 모집 공고,부산광역시,,no_support_ratio,support_ratio 없음,recommend_only,not_required,False,,False,False,0,1,https://www.bizinfo.go.kr/sii/siia/selectSIIA200Detail.do?pblancId=PBLN_000000000120516
PBLN_000000000122325,2026년 대전 도심 공실 활용 스마트팜 조성사업 운영사 모집 공고,대전광역시,0.7,already_confirmed_amount,확정 대표금액 차감 우선,subtract,not_required,False,,True,True,0,3,https://www.bizinfo.go.kr/sii/siia/selectSIIA200Detail.do?pblancId=PBLN_000000000122325
PBLN_000000000123398,[경북] 2026년 4차산업혁명 핵심기술개발사업(혁신기술R&D) 지원사업 공고,경상북도,1.0,blocked_context,수수료/인증/교육/컨설팅/비현금 문맥,recommend_only,pending,True,manual_representative_recoverable,False,False,1,4,https://www.bizinfo.go.kr/sii/siia/selectSIIA200Detail.do?pblancId=PBLN_000000000123398
PBLN_000000000120527,2026년 스마트 전자약 종합지원센터 인허가 지원 기업 상시 모집 공고,보건복지부,,no_support_ratio,support_ratio 없음,recommend_only,not_required,False,,False,False,0,5,https://www.bizinfo.go.kr/sii/siia/selectSIIA200Detail.do?pblancId=PBLN_000000000120527
PBLN_000000000122930,[경남] 서부 2026년 3차 지식재산 긴급지원 사업 모집 공고,경상남도,0.4,already_confirmed_amount,확정 대표금액 차감 우선,subtract,not_required,False,,True,True,3,7,https://www.bizinfo.go.kr/sii/siia/selectSIIA200Detail.do?pblancId=PBLN_000000000122930
PBLN_000000000123029,2026년 2차 차세대 재생에너지 표준화 및 인증고도화 혁신지원 사업 대상과제 공고,기후에너지환경부,1.0,blocked_context,수수료/인증/교육/컨설팅/비현금 문맥,subtract,pending,True,mixed_manual_review,False,True,1,2,https://www.bizinfo.go.kr/sii/siia/selectSIIA200Detail.do?pblancId=PBLN_000000000123029
PBLN_000000000120603,2026년 에너지이용합리화자금 융자사업 공고,기후에너지환경부,,no_support_ratio,support_ratio 없음,subtract,not_required,False,,False,False,0,5,https://www.bizinfo.go.kr/sii/siia/selectSIIA200Detail.do?pblancId=PBLN_000000000120603
PBLN_000000000120620,2026년 소프트웨어 지식재산권(IP) 평가보증 지원사업 공고,과학기술정보통신부,,no_support_ratio,support_ratio 없음,exclude,not_required,False,,False,False,0,1,https://www.bizinfo.go.kr/sii/siia/selectSIIA200Detail.do?pblancId=PBLN_000000000120620
PBLN_000000000120639,2026년 소상공인 불공정거래 피해구제 지원 시행 공고,중소벤처기업부,,no_support_ratio,support_ratio 없음,exclude,not_required,False,,False,False,0,1,https://www.bizinfo.go.kr/sii/siia/selectSIIA200Detail.do?pblancId=PBLN_000000000120639
PBLN_000000000123406,반도체 소재ㆍ부품 시험평가센터 구축 사업 KIT 반도체 기업지원 사업 추가 모집 공고,산업통상부,1.0,blocked_context,수수료/인증/교육/컨설팅/비현금 문맥,recommend_only,not_required,False,,False,False,0,6,https://www.bizinfo.go.kr/sii/siia/selectSIIA200Detail.do?pblancId=PBLN_000000000123406
PBLN_000000000120684,[세종] 2026년 식품진흥기금 융자사업 시행 공고,세종특별자치시,,no_support_ratio,support_ratio 없음,exclude,not_required,False,,False,False,0,4,https://www.bizinfo.go.kr/sii/siia/selectSIIA200Detail.do?pblancId=PBLN_000000000120684
PBLN_000000000120715,[전남광주] 2026년 중동사태 대응을 위한 소상공인 특례보증 지원사업 공고,전남광주통합특별시,,no_support_ratio,support_ratio 없음,exclude,not_required,False,,False,False,0,2,https://www.bizinfo.go.kr/sii/siia/selectSIIA200Detail.do?pblancId=PBLN_000000000120715
PBLN_000000000117942,[경남] 창원시 2026년 지식재산진흥 지원사업 기업 모집 공고,경상남도,0.8,blocked_context,수수료/인증/교육/컨설팅/비현금 문맥,recommend_only,pending,True,manual_representative_recoverable,True,True,0,1,https://www.bizinfo.go.kr/sii/siia/selectSIIA200Detail.do?pblancId=PBLN_000000000117942
PBLN_000000000123189,[충북] 지능형첨단부품산업의 디지털전환 거점 구축 사업 AI 융합 제품ㆍ솔루션 고도화 지원 수혜기업 모집 공고,산업통상부,1.0,blocked_context,수수료/인증/교육/컨설팅/비현금 문맥,ratio_cap,pending,True,mixed_manual_review,False,False,1,2,https://www.bizinfo.go.kr/sii/siia/selectSIIA200Detail.do?pblancId=PBLN_000000000123189
PBLN_000000000120783,[전북] ICT이노베이션스퀘어 확산사업 기업협력프로젝트 참여기업 모집 공고,전북특별자치도,,no_support_ratio,support_ratio 없음,recommend_only,not_required,False,,False,False,0,1,https://www.bizinfo.go.kr/sii/siia/selectSIIA200Detail.do?pblancId=PBLN_000000000120783
PBLN_000000000119457,[경기] 평택시 2026년 장비 활용 지원사업 기업 모집 공고,경기도,0.8,blocked_context,수수료/인증/교육/컨설팅/비현금 문맥,subtract,pending,True,mixed_manual_review,True,True,1,1,https://www.bizinfo.go.kr/sii/siia/selectSIIA200Detail.do?pblancId=PBLN_000000000119457
PBLN_000000000123247,[경남] 고성군 2026년 3차 시군구연고산업육성사업 지원기업 모집 공고,중소벤처기업부,0.1,blocked_context,수수료/인증/교육/컨설팅/비현금 문맥,recommend_only,reviewed,False,keep_old_amount,False,True,0,6,https://www.bizinfo.go.kr/sii/siia/selectSIIA200Detail.do?pblancId=PBLN_000000000123247
PBLN_000000000117781,[경북] 국방기술 민간이전 사업 참여기업 모집 공고(경북ㆍ구미 방산혁신클러스터),경상북도,,no_support_ratio,support_ratio 없음,subtract,not_required,False,,True,True,0,1,https://www.bizinfo.go.kr/sii/siia/selectSIIA200Detail.do?pblancId=PBLN_000000000117781
PBLN_000000000120828,[울산] 2026년 2차 소상공인 경영안정자금 긴급 융자 지원계획 공고,울산광역시,,no_support_ratio,support_ratio 없음,exclude,not_required,False,,False,False,0,2,https://www.bizinfo.go.kr/sii/siia/selectSIIA200Detail.do?pblancId=PBLN_000000000120828
PBLN_000000000120822,[경북] 영천시 2026년 영천기업 연구시설장비 바우처 지원사업 수혜기업 모집 공고,경상북도,0.1,already_confirmed_amount,확정 대표금액 차감 우선,subtract,not_required,False,,True,True,0,1,https://www.bizinfo.go.kr/sii/siia/selectSIIA200Detail.do?pblancId=PBLN_000000000120822
PBLN_000000000123427,[경기] 안산시 2026년 로봇직업교육센터 구축사업 제조기업 로봇공정 성능개선 지원사업 공고,경기도,1.0,blocked_context,수수료/인증/교육/컨설팅/비현금 문맥,subtract,pending,True,mixed_manual_review,True,True,0,4,https://www.bizinfo.go.kr/sii/siia/selectSIIA200Detail.do?pblancId=PBLN_000000000123427
PBLN_000000000120829,[울산] 2026년 소상공인 재기지원자금 긴급 융자 지원계획 공고,울산광역시,,no_support_ratio,support_ratio 없음,exclude,not_required,False,,False,False,0,2,https://www.bizinfo.go.kr/sii/siia/selectSIIA200Detail.do?pblancId=PBLN_000000000120829
PBLN_000000000123433,2026년 K-바이오헬스 지역ㆍ전략센터 연계ㆍ협력 지원사업 참여기업 모집 공고,충청북도,0.9,blocked_context,수수료/인증/교육/컨설팅/비현금 문맥,recommend_only,pending,True,mixed_manual_review,False,False,1,3,https://www.bizinfo.go.kr/sii/siia/selectSIIA200Detail.do?pblancId=PBLN_000000000123433
PBLN_000000000120838,[강원] 춘천시 2026년 사회보험료(10인 미만) 지원 공고,강원특별자치도,,no_support_ratio,support_ratio 없음,subtract,not_required,False,,False,False,0,1,https://www.bizinfo.go.kr/sii/siia/selectSIIA200Detail.do?pblancId=PBLN_000000000120838
PBLN_000000000120865,2026년 한ㆍ이스라엘 국제공동기술개발사업 신규 과제 통합 공고,산업통상부,0.3,already_confirmed_amount,확정 대표금액 차감 우선,subtract,not_required,False,,True,True,0,4,https://www.bizinfo.go.kr/sii/siia/selectSIIA200Detail.do?pblancId=PBLN_000000000120865
PBLN_000000000120843,2026년 아산시 단체관광객 유치 인센티브 지원계획 공고,충청남도,,no_support_ratio,support_ratio 없음,recommend_only,not_required,False,,False,False,0,1,https://www.bizinfo.go.kr/sii/siia/selectSIIA200Detail.do?pblancId=PBLN_000000000120843
PBLN_000000000123434,[충북] 2026년 벤처 및 스타트업 기업 공동연구장비 활용 지원사업 참여기업 추가 공고,충청북도,1.0,already_confirmed_amount,확정 대표금액 차감 우선,subtract,not_required,False,,True,True,1,5,https://www.bizinfo.go.kr/sii/siia/selectSIIA200Detail.do?pblancId=PBLN_000000000123434
PBLN_000000000120866,2026년 부산형 SiC 전력반도체 연구플랫폼 활성화 지원사업 기업지원 모집 공고,부산광역시,0.2,blocked_context,수수료/인증/교육/컨설팅/비현금 문맥,subtract,pending,True,manual_representative_recoverable,False,True,0,6,https://www.bizinfo.go.kr/sii/siia/selectSIIA200Detail.do?pblancId=PBLN_000000000120866
PBLN_000000000123442,[인천] 2026년 콘텐츠 스케일업 플러스 지원사업 재공고,인천광역시,1.0,already_confirmed_ratio,기존 ratio_cap 확정,ratio_cap,not_required,False,,False,False,1,1,https://www.bizinfo.go.kr/sii/siia/selectSIIA200Detail.do?pblancId=PBLN_000000000123442
PBLN_000000000120889,[전남광주] 목포시 2026년 소상공인 융자금 이차보전 지원 정정 공고,전남광주통합특별시,,no_support_ratio,support_ratio 없음,exclude,not_required,False,,False,False,0,1,https://www.bizinfo.go.kr/sii/siia/selectSIIA200Detail.do?pblancId=PBLN_000000000120889
PBLN_000000000120905,[경남] 2026년 중소기업 녹색인증 컨설팅 지원사업 참여기업 모집 공고,경상남도,,no_support_ratio,support_ratio 없음,subtract,not_required,False,,True,False,0,4,https://www.bizinfo.go.kr/sii/siia/selectSIIA200Detail.do?pblancId=PBLN_000000000120905
PBLN_000000000120919,[대구] 2026년 지역 플러스 고용활력 프로젝트 사업 공고,대구광역시,,no_support_ratio,support_ratio 없음,subtract,not_required,False,,False,False,0,2,https://www.bizinfo.go.kr/sii/siia/selectSIIA200Detail.do?pblancId=PBLN_000000000120919
PBLN_000000000123606,[전남광주] 2026년 3차 융ㆍ복합 가전산업 기업 브랜드 강화 지원 참여기업 모집 공고(지역주도형 일자리 지원사업),전남광주통합특별시,,no_support_ratio,support_ratio 없음,subtract,not_required,False,,True,True,0,4,https://www.bizinfo.go.kr/sii/siia/selectSIIA200Detail.do?pblancId=PBLN_000000000123606
PBLN_000000000119235,[부산] 2026년 AI실증지원센터 고성능 컴퓨터(HPC) 이용 지원사업 모집 공고,부산광역시,,no_support_ratio,support_ratio 없음,ratio_cap,not_required,False,,False,False,0,0,https://www.bizinfo.go.kr/sii/siia/selectSIIA200Detail.do?pblancId=PBLN_000000000119235
PBLN_000000000121001,[울산] 소상공인 포장재 구입비 긴급 지원 사업 공고(온라인 판로ㆍ마케팅 지원),울산광역시,,no_support_ratio,support_ratio 없음,subtract,not_required,False,,False,False,0,1,https://www.bizinfo.go.kr/sii/siia/selectSIIA200Detail.do?pblancId=PBLN_000000000121001
PBLN_000000000121002,[경남] 2026년 방위산업 상생형 격차 완화 지원사업 참여자 모집 공고,경상남도,,no_support_ratio,support_ratio 없음,subtract,not_required,False,,True,False,0,5,https://www.bizinfo.go.kr/sii/siia/selectSIIA200Detail.do?pblancId=PBLN_000000000121002
PBLN_000000000121060,2026년 중소기업 정책자금 융자계획 변경 공고,중소벤처기업부,,no_support_ratio,support_ratio 없음,recommend_only,not_required,False,,False,False,0,3,https://www.bizinfo.go.kr/sii/siia/selectSIIA200Detail.do?pblancId=PBLN_000000000121060
PBLN_000000000121063,[경기] 2026년 소상공인 사업정리 지원사업 모집 공고,경기도,,no_support_ratio,support_ratio 없음,subtract,not_required,False,,True,False,0,2,https://www.bizinfo.go.kr/sii/siia/selectSIIA200Detail.do?pblancId=PBLN_000000000121063
PBLN_000000000123103,[전남광주] 로컬콘텐츠 기반 문화상품 개발 컨소시엄(공방&디자인기업) 모집 공고,전남광주통합특별시,,no_support_ratio,support_ratio 없음,subtract,reviewed,False,keep_old_amount,True,True,0,2,https://www.bizinfo.go.kr/sii/siia/selectSIIA200Detail.do?pblancId=PBLN_000000000123103
PBLN_000000000122501,2026년 디지털기반 중소사업장 산재예방 기술개발 지원사업 시행계획 공고,중소벤처기업부,1.0,blocked_context,수수료/인증/교육/컨설팅/비현금 문맥,subtract,reviewed,False,keep_old_amount,False,True,1,10,https://www.bizinfo.go.kr/sii/siia/selectSIIA200Detail.do?pblancId=PBLN_000000000122501
SMARTFACTORY:2026-N-0110:4,[현대자동차그룹]2026 대중소상생형 스마트공장 구축(고도화1),스마트공장 사업관리시스템,,no_support_ratio,support_ratio 없음,recommend_only,not_required,False,,False,False,0,0,https://www.smart-factory.kr/usr/bg/ba/ma/bsnsPbancDtl?pbancId=2026-N-0110&pbancSn=4
PBLN_000000000121068,2026년 대전 유성구 단체관광객 유치 여행사 인센티브 지원계획 공고,대전광역시,,no_support_ratio,support_ratio 없음,subtract,not_required,False,,True,True,0,5,https://www.bizinfo.go.kr/sii/siia/selectSIIA200Detail.do?pblancId=PBLN_000000000121068
PBLN_000000000121099,[경남ㆍ부산ㆍ울산ㆍ전남] 2026년 중소조선 함정MRO 글로벌 경쟁력 강화지원사업 함정MRO 전문인력양성 참여기업 모집 공고,산업통상부,,no_support_ratio,support_ratio 없음,subtract,not_required,False,,False,False,0,3,https://www.bizinfo.go.kr/sii/siia/selectSIIA200Detail.do?pblancId=PBLN_000000000121099
PBLN_000000000121131,[경기] 2026년 일터동행 기업 파트너십 참여기업 모집 공고(무료 교육ㆍ컨설팅 지원),경기도,,no_support_ratio,support_ratio 없음,recommend_only,not_required,False,,False,False,0,2,https://www.bizinfo.go.kr/sii/siia/selectSIIA200Detail.do?pblancId=PBLN_000000000121131
TECHNOPARK:654,아산시 CES 2027 기업지원 사업 참가기업 모집 공고,충남테크노파크,1.0,already_confirmed_amount,확정 대표금액 차감 우선,subtract,not_required,False,,True,True,1,3,https://www.ctp.or.kr/business/datadetail.do?seq=2709199
PBLN_000000000121197,[경남] 창녕군 2026년 지역지식재산 창출지원사업 공고,경상남도,0.9,blocked_context,수수료/인증/교육/컨설팅/비현금 문맥,subtract,reviewed,False,keep_old_amount,False,True,0,2,https://www.bizinfo.go.kr/sii/siia/selectSIIA200Detail.do?pblancId=PBLN_000000000121197
PBLN_000000000121182,2026년 희망리턴패키지 재기사업화(경영개선) 위기 소상공인 진단ㆍ멘토링 지원 모집 공고,중소벤처기업부,,no_support_ratio,support_ratio 없음,subtract,not_required,False,,False,False,0,3,https://www.bizinfo.go.kr/sii/siia/selectSIIA200Detail.do?pblancId=PBLN_000000000121182
PBLN_000000000121195,[충북] 2026년 청년일자리도약장려금 사업 참여기업 모집 공고,고용노동부,,no_support_ratio,support_ratio 없음,subtract,not_required,False,,True,False,0,1,https://www.bizinfo.go.kr/sii/siia/selectSIIA200Detail.do?pblancId=PBLN_000000000121195
PBLN_000000000123447,[전북] 2026년 특화역량 BI 지원사업 AI-R&D 부스팅 프로그램 참여기업 모집 공고,중소벤처기업부,0.1,blocked_context,수수료/인증/교육/컨설팅/비현금 문맥,recommend_only,pending,True,manual_representative_recoverable,False,False,1,4,https://www.bizinfo.go.kr/sii/siia/selectSIIA200Detail.do?pblancId=PBLN_000000000123447
PBLN_000000000120215,2026년 산업ㆍ일자리전환 컨설팅 참여기업 모집 공고,고용노동부,,no_support_ratio,support_ratio 없음,recommend_only,not_required,False,,False,False,0,0,https://www.bizinfo.go.kr/sii/siia/selectSIIA200Detail.do?pblancId=PBLN_000000000120215
PBLN_000000000121214,[광주ㆍ전북ㆍ전남] 2026년 광주ㆍ호남권 거점기업 육성 금융지원 공고,전남광주통합특별시,,no_support_ratio,support_ratio 없음,exclude,not_required,False,,False,False,0,3,https://www.bizinfo.go.kr/sii/siia/selectSIIA200Detail.do?pblancId=PBLN_000000000121214
PBLN_000000000121226,2026년 상생형 AX선도모델 주관기관(대기업 등) 모집 공고,중소벤처기업부,,no_support_ratio,support_ratio 없음,subtract,not_required,False,,False,False,0,13,https://www.bizinfo.go.kr/sii/siia/selectSIIA200Detail.do?pblancId=PBLN_000000000121226
PBLN_000000000123459,[경북] 2026년 4차 푸드테크 스마트 제조 기반 구축 사업 재공고,경상북도,0.025,blocked_context,수수료/인증/교육/컨설팅/비현금 문맥,recommend_only,reviewed,False,keep_old_amount,False,True,0,5,https://www.bizinfo.go.kr/sii/siia/selectSIIA200Detail.do?pblancId=PBLN_000000000123459
PBLN_000000000122852,2026년 하반기 우수 상용품 시범사용 제안제품 접수 공고,국방부,,no_support_ratio,support_ratio 없음,subtract,not_required,False,,False,True,0,0,https://www.bizinfo.go.kr/sii/siia/selectSIIA200Detail.do?pblancId=PBLN_000000000122852
PBLN_000000000121243,[울산] 2026년 중소기업 AI인프라 육성자금 지원계획 변경 공고,울산광역시,,no_support_ratio,support_ratio 없음,review,not_required,False,,False,False,0,3,https://www.bizinfo.go.kr/sii/siia/selectSIIA200Detail.do?pblancId=PBLN_000000000121243
PBLN_000000000121268,[인천] 2026년 인천형 특별 경영안정자금 지원 공고(금융비용 확대 지원을 위한 하나은행 출연 및 협업),인천광역시,,no_support_ratio,support_ratio 없음,review,not_required,False,,False,False,0,1,https://www.bizinfo.go.kr/sii/siia/selectSIIA200Detail.do?pblancId=PBLN_000000000121268
PBLN_000000000121285,2026년 미래내일 일경험(인턴형) 참여기업 지원사업 공고,고용노동부,,no_support_ratio,support_ratio 없음,subtract,not_required,False,,True,False,0,2,https://www.bizinfo.go.kr/sii/siia/selectSIIA200Detail.do?pblancId=PBLN_000000000121285
PBLN_000000000120780,2026년 통상변화대응지원사업 참여기업 모집 공고,산업통상부,0.02,already_confirmed_amount,확정 대표금액 차감 우선,subtract,not_required,False,,True,True,0,2,https://www.bizinfo.go.kr/sii/siia/selectSIIA200Detail.do?pblancId=PBLN_000000000120780
PBLN_000000000123462,[경기] 고양시 2026년 28청춘창업소 제품화 지원 프로그램 참가자 모집 공고,경기도,,no_support_ratio,support_ratio 없음,recommend_only,not_required,False,,True,True,0,2,https://www.bizinfo.go.kr/sii/siia/selectSIIA200Detail.do?pblancId=PBLN_000000000123462
PBLN_000000000118133,[경북] 2026년 화장품산업 경쟁력 강화사업(성분 분석ㆍ검증 시험인증) 모집공고,경상북도,,no_support_ratio,support_ratio 없음,subtract,pending,True,recommend_only_payload,True,True,0,1,https://www.bizinfo.go.kr/sii/siia/selectSIIA200Detail.do?pblancId=PBLN_000000000118133
PBLN_000000000121314,[경북] 포항시 2026년 일자리 공감페이(Pay) 참여기업 모집 공고,경상북도,,no_support_ratio,support_ratio 없음,subtract,not_required,False,,True,False,0,2,https://www.bizinfo.go.kr/sii/siia/selectSIIA200Detail.do?pblancId=PBLN_000000000121314
PBLN_000000000121325,[경북] 경산시 2026년 소상공인 카드수수료 지원사업 참여점포 모집 공고,경상북도,,no_support_ratio,support_ratio 없음,subtract,not_required,False,,False,False,0,1,https://www.bizinfo.go.kr/sii/siia/selectSIIA200Detail.do?pblancId=PBLN_000000000121325
PBLN_000000000121311,[전남광주] 2026년 융ㆍ복합 가전산업 고용 안착 활성화 지원 사업 참여기업(참여자) 모집 공고,전남광주통합특별시,0.3,already_confirmed_amount,확정 대표금액 차감 우선,subtract,not_required,False,,True,True,0,5,https://www.bizinfo.go.kr/sii/siia/selectSIIA200Detail.do?pblancId=PBLN_000000000121311
PBLN_000000000121326,[경북] 고령군 2026년 소상공인 카드수수료 지원사업 참여점포 모집 공고,경상북도,,no_support_ratio,support_ratio 없음,subtract,not_required,False,,False,False,0,1,https://www.bizinfo.go.kr/sii/siia/selectSIIA200Detail.do?pblancId=PBLN_000000000121326
PBLN_000000000121327,[경북] 상주시 2026년 일자리 공감페이 지원사업 참여기업 모집 공고,경상북도,,no_support_ratio,support_ratio 없음,subtract,not_required,False,,True,True,0,1,https://www.bizinfo.go.kr/sii/siia/selectSIIA200Detail.do?pblancId=PBLN_000000000121327
PBLN_000000000121328,[경북] 김천시 2026년 소상공인 카드수수료 지원사업 참여점포 모집 공고,경상북도,,no_support_ratio,support_ratio 없음,subtract,not_required,False,,False,False,0,1,https://www.bizinfo.go.kr/sii/siia/selectSIIA200Detail.do?pblancId=PBLN_000000000121328
PBLN_000000000121330,[경북] 성주군 2026년 소상공인 카드수수료 지원사업 참여점포 모집 공고,경상북도,,no_support_ratio,support_ratio 없음,subtract,not_required,False,,False,False,0,1,https://www.bizinfo.go.kr/sii/siia/selectSIIA200Detail.do?pblancId=PBLN_000000000121330
PBLN_000000000118681,[경남] 진주시 2026년 산업재산권 권리화 지원 사업 공고,경상남도,,no_support_ratio,support_ratio 없음,subtract,not_required,False,,True,True,0,4,https://www.bizinfo.go.kr/sii/siia/selectSIIA200Detail.do?pblancId=PBLN_000000000118681
PBLN_000000000119454,[경기] 평택시 2026년 국내외 지식재산 권리화 지원사업 모집 공고,경기도,0.8,already_confirmed_amount,확정 대표금액 차감 우선,subtract,reviewed,False,keep_old_amount,True,True,0,2,https://www.bizinfo.go.kr/sii/siia/selectSIIA200Detail.do?pblancId=PBLN_000000000119454
PBLN_000000000123470,[대구] 2026년 2차 AI솔루션 실증 참여기업 모집 공고(지역특화 제조데이터 활성화 사업),중소벤처기업부,0.3,blocked_context,수수료/인증/교육/컨설팅/비현금 문맥; 자부담/총사업비/총규모/매출 문맥,subtract,pending,True,recommend_only_payload,False,True,1,1,https://www.bizinfo.go.kr/sii/siia/selectSIIA200Detail.do?pblancId=PBLN_000000000123470
PBLN_000000000123472,[세종] 2026년 정보보호 기업육성(사업화 & 창업ㆍ벤처 육성) 지원사업 모집 공고,세종특별자치시,0.1,already_confirmed_amount,확정 대표금액 차감 우선,subtract,not_required,False,,True,True,0,6,https://www.bizinfo.go.kr/sii/siia/selectSIIA200Detail.do?pblancId=PBLN_000000000123472
PBLN_000000000121336,[경북] 칠곡군 2026년 소상공인 카드수수료 지원사업 참여점포 모집 공고,경상북도,,no_support_ratio,support_ratio 없음,subtract,not_required,False,,False,False,0,1,https://www.bizinfo.go.kr/sii/siia/selectSIIA200Detail.do?pblancId=PBLN_000000000121336
PBLN_000000000121338,[경북] 상주시 2026년 소상공인 카드수수료 지원사업 참여점포 모집 공고,경상북도,,no_support_ratio,support_ratio 없음,subtract,not_required,False,,False,False,0,1,https://www.bizinfo.go.kr/sii/siia/selectSIIA200Detail.do?pblancId=PBLN_000000000121338
PBLN_000000000121366,[제주] 소상공인ㆍ자영업자 재기지원사업 희망업체 모집 공고,제주특별자치도,,no_support_ratio,support_ratio 없음,subtract,not_required,False,,False,False,0,3,https://www.bizinfo.go.kr/sii/siia/selectSIIA200Detail.do?pblancId=PBLN_000000000121366
PBLN_000000000116004,스마트 공장 수준 확인(2026년 스마트 제조혁신 지원사업 통합 공고),중소벤처기업부,0.8,already_confirmed_amount,확정 대표금액 차감 우선,subtract,not_required,False,,True,True,6,13,https://www.bizinfo.go.kr/sii/siia/selectSIIA200Detail.do?pblancId=PBLN_000000000116004
PBLN_000000000121392,[충북] 2026년 2차 식품근로자 및 기업 고용안정 지원사업 모집 공고(지역상생형 일터혁신 프로젝트),충청북도,,no_support_ratio,support_ratio 없음,subtract,not_required,False,,False,False,0,3,https://www.bizinfo.go.kr/sii/siia/selectSIIA200Detail.do?pblancId=PBLN_000000000121392
PBLN_000000000121397,[강원] 2026년 바이오기업 애로해소 인허가 컨설팅 지원기업 상시모집 공고,강원특별자치도,0.1,blocked_context,수수료/인증/교육/컨설팅/비현금 문맥; 자부담/총사업비/총규모/매출 문맥,subtract,pending,True,mixed_manual_review,False,True,0,1,https://www.bizinfo.go.kr/sii/siia/selectSIIA200Detail.do?pblancId=PBLN_000000000121397
PBLN_000000000123478,[부산] 2026년 2차 연구개발장비 공동활용 지원사업 공고(장비사용료 지원사업 안내),부산광역시,0.6,blocked_context,수수료/인증/교육/컨설팅/비현금 문맥,subtract,pending,True,recommend_only_payload,False,True,1,1,https://www.bizinfo.go.kr/sii/siia/selectSIIA200Detail.do?pblancId=PBLN_000000000123478
PBLN_000000000121425,[경북] 구미시 2026년 소상공인 카드수수료 지원사업 참여 점포 모집 공고,경상북도,,no_support_ratio,support_ratio 없음,subtract,not_required,False,,False,False,0,1,https://www.bizinfo.go.kr/sii/siia/selectSIIA200Detail.do?pblancId=PBLN_000000000121425
PBLN_000000000121424,[경북] 고령군 2026년 지역발전 우수기업 환경개선 사업 참가기업 모집 공고,경상북도,0.7,already_confirmed_amount,확정 대표금액 차감 우선,subtract,not_required,False,,True,True,0,2,https://www.bizinfo.go.kr/sii/siia/selectSIIA200Detail.do?pblancId=PBLN_000000000121424
PBLN_000000000121417,[대구] 2026년 디지털전환 현장캠퍼스 지원대상 기업 모집 공고,대구광역시,1.0,already_confirmed_amount,확정 대표금액 차감 우선,subtract,not_required,False,,True,True,0,2,https://www.bizinfo.go.kr/sii/siia/selectSIIA200Detail.do?pblancId=PBLN_000000000121417
PBLN_000000000123482,[경기] 2026년 기후테크 경진대회 참여기업 모집 공고(2027년 경기도 실증화 지원사업 연계),경기도,1.0,already_confirmed_amount,확정 대표금액 차감 우선,subtract,not_required,False,,True,True,0,2,https://www.bizinfo.go.kr/sii/siia/selectSIIA200Detail.do?pblancId=PBLN_000000000123482
PBLN_000000000123507,2026년 2차 전북 기업성장 환류형 상생일자리 지원사업 참여기업 모집 공고(BIONE 고용혁신 프로젝트),전북특별자치도,0.5,already_confirmed_amount,확정 대표금액 차감 우선,subtract,not_required,False,,True,True,0,2,https://www.bizinfo.go.kr/sii/siia/selectSIIA200Detail.do?pblancId=PBLN_000000000123507
PBLN_000000000119584,2026년 광주테크노파크 공동활용 연구시설ㆍ장비 사용 안내 공고,전남광주통합특별시,,no_support_ratio,support_ratio 없음,recommend_only,not_required,False,,False,False,0,5,https://www.bizinfo.go.kr/sii/siia/selectSIIA200Detail.do?pblancId=PBLN_000000000119584
PBLN_000000000121442,[인천] 2026년 소규모 제조업 중대재해 예방 안전조치 지원사업 참여기업 모집 공고,인천광역시,,no_support_ratio,support_ratio 없음,subtract,not_required,False,,True,True,0,6,https://www.bizinfo.go.kr/sii/siia/selectSIIA200Detail.do?pblancId=PBLN_000000000121442
PBLN_000000000121466,[경북] 경산시 2026년 중소기업 기숙사 임차비 지원사업 참가기업 모집 공고,경상북도,,no_support_ratio,support_ratio 없음,subtract,not_required,False,,False,False,0,2,https://www.bizinfo.go.kr/sii/siia/selectSIIA200Detail.do?pblancId=PBLN_000000000121466
PBLN_000000000121467,[경북] 포항시 2026년 소상공인 카드수수료 지원사업 참여업체 모집 공고,경상북도,,no_support_ratio,support_ratio 없음,subtract,not_required,False,,False,False,0,1,https://www.bizinfo.go.kr/sii/siia/selectSIIA200Detail.do?pblancId=PBLN_000000000121467
PBLN_000000000121501,2026년 퍼스널케어 융합 얼라이언스 육성사업 비즈니스 경쟁력 강화지원 사업 추가모집 공고,경상북도,,no_support_ratio,support_ratio 없음,recommend_only,not_required,False,,False,False,0,2,https://www.bizinfo.go.kr/sii/siia/selectSIIA200Detail.do?pblancId=PBLN_000000000121501
PBLN_000000000121520,[경북] 경주시 2026년 소상공인 카드수수료 지원사업 참여 점포 모집 공고,경상북도,,no_support_ratio,support_ratio 없음,subtract,not_required,False,,False,False,0,1,https://www.bizinfo.go.kr/sii/siia/selectSIIA200Detail.do?pblancId=PBLN_000000000121520
PBLN_000000000121563,[경북] 영주시 2026년 소상공인 카드수수료 지원사업 참여점포 모집 공고,경상북도,,no_support_ratio,support_ratio 없음,recommend_only,not_required,False,,False,False,0,1,https://www.bizinfo.go.kr/sii/siia/selectSIIA200Detail.do?pblancId=PBLN_000000000121563
PBLN_000000000121565,[경북] 문경시 2026년 소상공인 카드수수료 지원사업 참여점포 모집 공고,경상북도,,no_support_ratio,support_ratio 없음,recommend_only,not_required,False,,False,False,0,1,https://www.bizinfo.go.kr/sii/siia/selectSIIA200Detail.do?pblancId=PBLN_000000000121565
PBLN_000000000121567,[경북] 영양군 2026년 소상공인 카드수수료 지원사업 참여점포 모집 공고,경상북도,,no_support_ratio,support_ratio 없음,recommend_only,not_required,False,,False,False,0,1,https://www.bizinfo.go.kr/sii/siia/selectSIIA200Detail.do?pblancId=PBLN_000000000121567
PBLN_000000000121568,[경북] 봉화군 2026년 소상공인 카드수수료 지원사업 참여점포 모집 공고,경상북도,,no_support_ratio,support_ratio 없음,recommend_only,not_required,False,,False,False,0,1,https://www.bizinfo.go.kr/sii/siia/selectSIIA200Detail.do?pblancId=PBLN_000000000121568
PBLN_000000000121646,[경북] 안동시 2026년 소상공인 카드수수료 지원사업 참여점포 모집 공고,경상북도,,no_support_ratio,support_ratio 없음,subtract,not_required,False,,False,False,0,1,https://www.bizinfo.go.kr/sii/siia/selectSIIA200Detail.do?pblancId=PBLN_000000000121646
PBLN_000000000123520,[제주] 2026년 2차 지역기업 성장사다리 지원사업 공고,중소벤처기업부,,no_support_ratio,support_ratio 없음,subtract,reviewed,False,keep_old_amount,False,True,0,5,https://www.bizinfo.go.kr/sii/siia/selectSIIA200Detail.do?pblancId=PBLN_000000000123520
PBLN_000000000120201,[경기] 포천시 2026년 신소재개발 프로그램 지원사업 모집 공고,경기도,,no_support_ratio,support_ratio 없음,recommend_only,not_required,False,,False,True,0,4,https://www.bizinfo.go.kr/sii/siia/selectSIIA200Detail.do?pblancId=PBLN_000000000120201
PBLN_000000000121671,[충남] 2026년 소상공인 IP출원(상표) 지원 사업 모집 공고,충청남도,,no_support_ratio,support_ratio 없음,subtract,not_required,False,,True,False,0,2,https://www.bizinfo.go.kr/sii/siia/selectSIIA200Detail.do?pblancId=PBLN_000000000121671
PBLN_000000000121678,[경북] 예천군 2026년 소상공인 카드수수료 지원사업 참여점포 모집 공고,경상북도,,no_support_ratio,support_ratio 없음,recommend_only,not_required,False,,False,False,0,1,https://www.bizinfo.go.kr/sii/siia/selectSIIA200Detail.do?pblancId=PBLN_000000000121678
PBLN_000000000121718,2026년 디지털트윈 플랫폼 활용 수요기업 모집 수정 공고(디지털트윈 융합 의료혁신 선도사업),과학기술정보통신부,,no_support_ratio,support_ratio 없음,recommend_only,not_required,False,,False,False,0,3,https://www.bizinfo.go.kr/sii/siia/selectSIIA200Detail.do?pblancId=PBLN_000000000121718
PBLN_000000000121736,2026년 경남 관광객 유치 인센티브 지원계획 변경 공고,경상남도,,no_support_ratio,support_ratio 없음,subtract,not_required,False,,False,False,0,2,https://www.bizinfo.go.kr/sii/siia/selectSIIA200Detail.do?pblancId=PBLN_000000000121736
PBLN_000000000121784,[경기] 2026년 로봇직업교육센터 취업 연계 지원사업 참여기업 모집 공고,경기도,,no_support_ratio,support_ratio 없음,subtract,pending,True,manual_representative_recoverable,True,True,0,2,https://www.bizinfo.go.kr/sii/siia/selectSIIA200Detail.do?pblancId=PBLN_000000000121784
PBLN_000000000121787,[경기] 2026년 사회적가치지표(SVI) 측정교육ㆍ컨설팅 참여기업 모집 공고,고용노동부,,no_support_ratio,support_ratio 없음,recommend_only,not_required,False,,False,False,0,1,https://www.bizinfo.go.kr/sii/siia/selectSIIA200Detail.do?pblancId=PBLN_000000000121787
PBLN_000000000121794,2026년 미래내일 일경험 사업 인턴형 참여기업 모집 공고,고용노동부,,no_support_ratio,support_ratio 없음,subtract,not_required,False,,True,False,0,1,https://www.bizinfo.go.kr/sii/siia/selectSIIA200Detail.do?pblancId=PBLN_000000000121794
PBLN_000000000120509,[충남] 2026년 혁신기업 기술창업 활성화 지원사업 모집 공고,충청남도,0.5,already_confirmed_amount,확정 대표금액 차감 우선,subtract,not_required,False,,True,True,0,2,https://www.bizinfo.go.kr/sii/siia/selectSIIA200Detail.do?pblancId=PBLN_000000000120509
PBLN_000000000121852,[인천] 2026년 지역상품 공공 조달정보 지원사업 인천지역기업 신용평가 지원사업 참여기업 모집 공고,인천광역시,,no_support_ratio,support_ratio 없음,recommend_only,not_required,False,,False,False,0,1,https://www.bizinfo.go.kr/sii/siia/selectSIIA200Detail.do?pblancId=PBLN_000000000121852
PBLN_000000000121853,2026년 업종별 임금체계 개선 지원 사업 참여기업 모집 공고,고용노동부,,no_support_ratio,support_ratio 없음,recommend_only,pending,True,recommend_only_payload,False,True,0,7,https://www.bizinfo.go.kr/sii/siia/selectSIIA200Detail.do?pblancId=PBLN_000000000121853
PBLN_000000000123524,[경북] 경산시 2026년 푸드테크 상용화모델 개발 및 실증사업 수혜기업 모집 공고,경상북도,1.0,already_confirmed_amount,확정 대표금액 차감 우선,subtract,not_required,False,,True,True,0,1,https://www.bizinfo.go.kr/sii/siia/selectSIIA200Detail.do?pblancId=PBLN_000000000123524
PBLN_000000000121888,[전남광주] 2026년 중소기업 육성자금 지원계획 2차 변경 공고,전남광주통합특별시,,no_support_ratio,support_ratio 없음,review,not_required,False,,False,False,0,9,https://www.bizinfo.go.kr/sii/siia/selectSIIA200Detail.do?pblancId=PBLN_000000000121888
PBLN_000000000121956,2026년 시흥시 (국비)금형 디지털전환 지원사업 기술지도 모집 공고,경기도,1.0,blocked_context,수수료/인증/교육/컨설팅/비현금 문맥,recommend_only,pending,True,mixed_manual_review,False,True,0,1,https://www.bizinfo.go.kr/sii/siia/selectSIIA200Detail.do?pblancId=PBLN_000000000121956
PBLN_000000000121889,[충남] 2026년 대전상공회의소-충청남도 제조물 책임(PL)보험료 지원사업 참여기업 모집 공고,충청남도,0.3,already_confirmed_amount,확정 대표금액 차감 우선,subtract,not_required,False,,True,True,1,1,https://www.bizinfo.go.kr/sii/siia/selectSIIA200Detail.do?pblancId=PBLN_000000000121889
PBLN_000000000121976,[경기] 포천시 2026년 지역소공인육성사업 소공인특화지원센터 지원사업 공고,중소벤처기업부,,no_support_ratio,support_ratio 없음,recommend_only,not_required,False,,False,False,0,1,https://www.bizinfo.go.kr/sii/siia/selectSIIA200Detail.do?pblancId=PBLN_000000000121976
PBLN_000000000121980,[강원] 강릉시 2026년 중소기업 지식재산 국내 분쟁 지원 사업 모집 연장 공고,강원특별자치도,,no_support_ratio,support_ratio 없음,subtract,not_required,False,,False,False,0,3,https://www.bizinfo.go.kr/sii/siia/selectSIIA200Detail.do?pblancId=PBLN_000000000121980
PBLN_000000000122024,[경기] 하남시 2026년 중소기업 특례보증 지원 확대 계획 공고,경기도,1.0,blocked_context,금융/융자/보증/이차보전 문맥,exclude,not_required,False,,False,False,1,2,https://www.bizinfo.go.kr/sii/siia/selectSIIA200Detail.do?pblancId=PBLN_000000000122024
PBLN_000000000122026,[경기] 하남시 2026년 소상공인 특례보증 지원 확대 계획 공고,경기도,1.0,blocked_context,금융/융자/보증/이차보전 문맥,exclude,not_required,False,,False,False,1,2,https://www.bizinfo.go.kr/sii/siia/selectSIIA200Detail.do?pblancId=PBLN_000000000122026
PBLN_000000000123543,[경북] 포항시 2026년 경북형(포항) 스마트공장(기초단계) 구축지원사업 추가모집 공고,경상북도,0.6,already_confirmed_amount,확정 대표금액 차감 우선,subtract,not_required,False,,True,True,0,1,https://www.bizinfo.go.kr/sii/siia/selectSIIA200Detail.do?pblancId=PBLN_000000000123543
PBLN_000000000122038,[경기] 시흥시 2026년 AIㆍDX 기반 기업 역량 강화 지원 참여 기업 모집 추가 공고,경기도,,no_support_ratio,support_ratio 없음,recommend_only,not_required,False,,False,False,0,1,https://www.bizinfo.go.kr/sii/siia/selectSIIA200Detail.do?pblancId=PBLN_000000000122038
PBLN_000000000122057,[경기] 김포시 중소기업 육성자금 긴급 경영자금(중동위기 피해 관련) 지원계획 공고,경기도,,no_support_ratio,support_ratio 없음,review,not_required,False,,False,False,0,1,https://www.bizinfo.go.kr/sii/siia/selectSIIA200Detail.do?pblancId=PBLN_000000000122057
PBLN_000000000122103,2026년 기술임치기업 보증용 기술가치평가 지원사업 참여기업 모집 공고,중소벤처기업부,0.5,blocked_context,금융/융자/보증/이차보전 문맥; 수수료/인증/교육/컨설팅/비현금 문맥,exclude,not_required,False,,False,False,1,1,https://www.bizinfo.go.kr/sii/siia/selectSIIA200Detail.do?pblancId=PBLN_000000000122103
PBLN_000000000123560,[경북] 안동시 2026년 중소기업 기술성장 디딤돌 사업 참여기업 추가모집 공고,경상북도,1.0,already_confirmed_amount,확정 대표금액 차감 우선,subtract,not_required,False,,True,True,0,12,https://www.bizinfo.go.kr/sii/siia/selectSIIA200Detail.do?pblancId=PBLN_000000000123560
PBLN_000000000122650,[충북] 2026년 연구개발장비 공동활용 기업애로상담 프로그램 수요기업 모집 공고,충청북도,,no_support_ratio,support_ratio 없음,ratio_cap,not_required,False,,False,False,0,0,https://www.bizinfo.go.kr/sii/siia/selectSIIA200Detail.do?pblancId=PBLN_000000000122650
PBLN_000000000118209,2026년 중소기업 연구인력지원사업 공고,중소벤처기업부,0.5,estimated_ratio_ok,지원비율 직접 적용 가능 문맥,subtract,reviewed,False,keep_old_amount,False,True,1,1,https://www.bizinfo.go.kr/sii/siia/selectSIIA200Detail.do?pblancId=PBLN_000000000118209
PBLN_000000000122114,[울산] 2026년 국가산단 소규모 영세사업장 안전컨설팅 지원사업 참여기업 모집 공고,울산광역시,,no_support_ratio,support_ratio 없음,subtract,not_required,False,,False,False,0,2,https://www.bizinfo.go.kr/sii/siia/selectSIIA200Detail.do?pblancId=PBLN_000000000122114
PBLN_000000000122128,[경북] 울진군 2026년 소상공인 카드수수료 지원사업 참여업체 모집 공고,경상북도,,no_support_ratio,support_ratio 없음,subtract,not_required,False,,False,False,0,1,https://www.bizinfo.go.kr/sii/siia/selectSIIA200Detail.do?pblancId=PBLN_000000000122128
PBLN_000000000122145,2026년 미래내일 일경험 사업 참여기업 모집 공고(인턴형),고용노동부,,no_support_ratio,support_ratio 없음,subtract,not_required,False,,True,False,0,2,https://www.bizinfo.go.kr/sii/siia/selectSIIA200Detail.do?pblancId=PBLN_000000000122145
PBLN_000000000122153,[서울] 외식업 경영혁신 컨설팅 지원사업 컨설팅 참여업소 모집 공고,서울특별시,,no_support_ratio,support_ratio 없음,subtract,not_required,False,,True,True,0,3,https://www.bizinfo.go.kr/sii/siia/selectSIIA200Detail.do?pblancId=PBLN_000000000122153
PBLN_000000000122268,2026년 2차 메카노바이오활성소재 혁신의료기기 실증 기반구축 생물학적 시험평가인증 지원사업 공고(산업혁신기반구축사업),산업통상부,,no_support_ratio,support_ratio 없음,recommend_only,pending,True,recommend_only_payload,False,False,0,1,https://www.bizinfo.go.kr/sii/siia/selectSIIA200Detail.do?pblancId=PBLN_000000000122268
PBLN_000000000122273,2026년 찾아가는 1:1 디지털 교육 소상공인 모집 공고,중소벤처기업부,,no_support_ratio,support_ratio 없음,recommend_only,not_required,False,,False,False,0,2,https://www.bizinfo.go.kr/sii/siia/selectSIIA200Detail.do?pblancId=PBLN_000000000122273
PBLN_000000000122174,2026년 인천 블록체인 바우처 지원사업 수요기업 모집 공고,인천광역시,,no_support_ratio,support_ratio 없음,subtract,not_required,False,,True,True,0,1,https://www.bizinfo.go.kr/sii/siia/selectSIIA200Detail.do?pblancId=PBLN_000000000122174
PBLN_000000000119212,[제주] 2026년 청정임산물 생산기반 지원사업 재공고,제주특별자치도,0.5,blocked_context,수수료/인증/교육/컨설팅/비현금 문맥,subtract,pending,True,manual_representative_recoverable,False,True,0,1,https://www.bizinfo.go.kr/sii/siia/selectSIIA200Detail.do?pblancId=PBLN_000000000119212
PBLN_000000000123610,[강원] 동해시 2026년 3차 수소 전문기업 육성지원 사업 공고,강원특별자치도,0.1,already_confirmed_amount,확정 대표금액 차감 우선,subtract,not_required,False,,True,True,0,2,https://www.bizinfo.go.kr/sii/siia/selectSIIA200Detail.do?pblancId=PBLN_000000000123610
PBLN_000000000122297,[서울] 2026년 직장 내 성희롱ㆍ성폭력 예방 컨설팅 참여기업 모집 공고,서울특별시,,no_support_ratio,support_ratio 없음,recommend_only,not_required,False,,False,False,0,3,https://www.bizinfo.go.kr/sii/siia/selectSIIA200Detail.do?pblancId=PBLN_000000000122297
PBLN_000000000122305,[경기] 양주시 2026년 음식점 미세먼지ㆍ악취 방지시설 설치 지원사업 공고,경기도,,no_support_ratio,support_ratio 없음,subtract,not_required,False,,False,False,0,1,https://www.bizinfo.go.kr/sii/siia/selectSIIA200Detail.do?pblancId=PBLN_000000000122305
PBLN_000000000122368,[전남광주] 2026년 농업발전기금 융자사업 공고,전남광주통합특별시,,no_support_ratio,support_ratio 없음,exclude,not_required,False,,False,False,0,1,https://www.bizinfo.go.kr/sii/siia/selectSIIA200Detail.do?pblancId=PBLN_000000000122368
PBLN_000000000122373,2026년 과천시 중소기업 및 소상공인 육성자금 이자차액보전 지원계획 변경 공고,경기도,,no_support_ratio,support_ratio 없음,exclude,not_required,False,,False,False,0,1,https://www.bizinfo.go.kr/sii/siia/selectSIIA200Detail.do?pblancId=PBLN_000000000122373
PBLN_000000000122333,2026년 SDV 전장부품 보안 평가센터 기업지원사업 수혜기업 모집 공고,산업통상부,0.1,blocked_context,수수료/인증/교육/컨설팅/비현금 문맥,subtract,not_required,False,,True,False,0,3,https://www.bizinfo.go.kr/sii/siia/selectSIIA200Detail.do?pblancId=PBLN_000000000122333
PBLN_000000000122384,2026년 글로벌산업기술협력센터 사업(M.AX 분야 공동연구) 시행계획 공고,산업통상부,1.0,blocked_context,수수료/인증/교육/컨설팅/비현금 문맥,subtract,reviewed,False,keep_old_amount,False,True,0,1,https://www.bizinfo.go.kr/sii/siia/selectSIIA200Detail.do?pblancId=PBLN_000000000122384
PBLN_000000000121868,2026년 생활화학제품 안전관리 컨설팅 지원사업 참여기업 모집 공고,기후에너지환경부,,no_support_ratio,support_ratio 없음,recommend_only,not_required,False,,False,False,0,2,https://www.bizinfo.go.kr/sii/siia/selectSIIA200Detail.do?pblancId=PBLN_000000000121868
PBLN_000000000123387,[경기] 안양시 2026년 우수기업 선정 공고,경기도,0.5,blocked_context,금융/융자/보증/이차보전 문맥,recommend_only,pending,True,ratio_only,False,True,1,6,https://www.bizinfo.go.kr/sii/siia/selectSIIA200Detail.do?pblancId=PBLN_000000000123387
PBLN_000000000121591,[충남] 2026년 수소상용차 부품 성능 검증 기반 구축 사업 장비활용 지원 수혜기업 상시 모집 공고,충청남도,,no_support_ratio,support_ratio 없음,subtract,not_required,False,,True,True,0,1,https://www.bizinfo.go.kr/sii/siia/selectSIIA200Detail.do?pblancId=PBLN_000000000121591
PBLN_000000000123618,[울산] 2026년 동남권 수소산업 육성을 위한 수요 맞춤형 기술지원 사업 수요기업 모집 공고,산업통상부,0.2,already_confirmed_amount,확정 대표금액 차감 우선,subtract,not_required,False,,True,True,1,4,https://www.bizinfo.go.kr/sii/siia/selectSIIA200Detail.do?pblancId=PBLN_000000000123618
PBLN_000000000123622,[전북] 2026년 전주1인창조기업지원센터 선택형 지원사업 공고,전북특별자치도,0.5,blocked_context,수수료/인증/교육/컨설팅/비현금 문맥,subtract,reviewed,False,keep_old_amount,False,True,1,9,https://www.bizinfo.go.kr/sii/siia/selectSIIA200Detail.do?pblancId=PBLN_000000000123622
PBLN_000000000118245,[경북] 2026년 중소벤처기업 지식재산권 및 해외인증 지원사업 참가기업 모집 공고,경상북도,0.8,blocked_context,수수료/인증/교육/컨설팅/비현금 문맥,subtract,pending,True,recommend_only_payload,True,True,0,1,https://www.bizinfo.go.kr/sii/siia/selectSIIA200Detail.do?pblancId=PBLN_000000000118245
PBLN_000000000122409,[경북] 포항시 2026년 신산업플러스 일자리창출 우수기업 지원사업 참여기업 추가모집 공고,경상북도,,no_support_ratio,support_ratio 없음,subtract,not_required,False,,False,False,0,1,https://www.bizinfo.go.kr/sii/siia/selectSIIA200Detail.do?pblancId=PBLN_000000000122409
PBLN_000000000121945,2026년 자이언트캐스팅(다이캐스팅) 부품 시험ㆍ평가ㆍ인증 및 기술지도 지원 시행 공고(자이언트캐스팅 공용센터 기반구축 사업),과학기술정보통신부,0.5,already_confirmed_amount,확정 대표금액 차감 우선,subtract,reviewed,False,keep_old_amount,True,True,0,4,https://www.bizinfo.go.kr/sii/siia/selectSIIA200Detail.do?pblancId=PBLN_000000000121945
PBLN_000000000120340,[경기] 2026년 섬유분야 유해물질 시험분석 및 인증지원 공고,경기도,,no_support_ratio,support_ratio 없음,subtract,not_required,False,,True,True,0,2,https://www.bizinfo.go.kr/sii/siia/selectSIIA200Detail.do?pblancId=PBLN_000000000120340
PBLN_000000000120694,[충북] 2026년 수출기업 해외규격인증 취득 지원사업 참여기업 모집 공고,충청북도,,no_support_ratio,support_ratio 없음,recommend_only,not_required,False,,False,False,0,2,https://www.bizinfo.go.kr/sii/siia/selectSIIA200Detail.do?pblancId=PBLN_000000000120694
PBLN_000000000123662,[전북] 2026년 게임기업 컨설팅 지원사업 신청 게임기업(예비창업자) 모집 공고,전북특별자치도,0.5,blocked_context,수수료/인증/교육/컨설팅/비현금 문맥,subtract,pending,True,manual_representative_recoverable,False,True,0,1,https://www.bizinfo.go.kr/sii/siia/selectSIIA200Detail.do?pblancId=PBLN_000000000123662
PBLN_000000000123670,[부산] 영도구 2026년 3차 부산 커피산업 생태계 R&D 클러스트 구축사업 기업지원 프로그램 통합 모집 공고(시군구연고산업육성 협업프로젝트),중소벤처기업부,1.0,blocked_context,수수료/인증/교육/컨설팅/비현금 문맥,subtract,pending,True,ratio_only,False,True,1,1,https://www.bizinfo.go.kr/sii/siia/selectSIIA200Detail.do?pblancId=PBLN_000000000123670
PBLN_000000000122526,[경북] 2026년 중대재해 예방 사각지대 해소 지원사업 참여기업 모집 변경 공고,경상북도,,no_support_ratio,support_ratio 없음,recommend_only,not_required,False,,False,False,0,5,https://www.bizinfo.go.kr/sii/siia/selectSIIA200Detail.do?pblancId=PBLN_000000000122526
PBLN_000000000122564,[충남] 천안시 2026년 기업 스마트 혁신지원단 운영사업 참여기업 모집 공고,충청남도,,no_support_ratio,support_ratio 없음,recommend_only,not_required,False,,False,False,0,1,https://www.bizinfo.go.kr/sii/siia/selectSIIA200Detail.do?pblancId=PBLN_000000000122564
PBLN_000000000122563,[충남] 천안시 2026년 기술이전ㆍ가치평가 지원사업 참여기업 모집 공고,충청남도,0.9,already_confirmed_amount,확정 대표금액 차감 우선,subtract,not_required,False,,True,True,0,3,https://www.bizinfo.go.kr/sii/siia/selectSIIA200Detail.do?pblancId=PBLN_000000000122563
PBLN_000000000120498,[경기] 화성시 2026년 GAP 안정성 분석 지원사업 신청 공고,경기도,1.0,blocked_context,수수료/인증/교육/컨설팅/비현금 문맥,subtract,pending,True,manual_representative_recoverable,True,True,0,2,https://www.bizinfo.go.kr/sii/siia/selectSIIA200Detail.do?pblancId=PBLN_000000000120498
PBLN_000000000123679,[인천] 2026년 일하기 좋은 뿌리기업 선정 공고,인천광역시,1.0,already_confirmed_amount,확정 대표금액 차감 우선,subtract,not_required,False,,True,True,1,5,https://www.bizinfo.go.kr/sii/siia/selectSIIA200Detail.do?pblancId=PBLN_000000000123679
PBLN_000000000122580,[경북] 청도군 2026년 소상공인 카드수수료 지원사업 참여 점포 모집 공고,경상북도,,no_support_ratio,support_ratio 없음,subtract,not_required,False,,False,False,0,1,https://www.bizinfo.go.kr/sii/siia/selectSIIA200Detail.do?pblancId=PBLN_000000000122580
PBLN_000000000122587,[대전] 2026년 소상공인 육아휴직자 대체인력 인건비 지원사업 모집 변경 공고,대전광역시,,no_support_ratio,support_ratio 없음,subtract,not_required,False,,False,False,0,1,https://www.bizinfo.go.kr/sii/siia/selectSIIA200Detail.do?pblancId=PBLN_000000000122587
PBLN_000000000120964,[경북] 경주시 2026년 중소기업 화재보험료 지원사업 참여기업 모집 공고,경상북도,0.9,already_confirmed_amount,확정 대표금액 차감 우선,subtract,not_required,False,,True,True,0,1,https://www.bizinfo.go.kr/sii/siia/selectSIIA200Detail.do?pblancId=PBLN_000000000120964
PBLN_000000000123681,자동차부품기업 사이버보안 컨설팅 참여기업 모집 공고,산업통상부,1.0,blocked_context,수수료/인증/교육/컨설팅/비현금 문맥,recommend_only,pending,True,mixed_manual_review,False,True,0,3,https://www.bizinfo.go.kr/sii/siia/selectSIIA200Detail.do?pblancId=PBLN_000000000123681
PBLN_000000000122863,[경북] 2026년 제조업AI융합기반조성사업 경북AX랩 활용기업 모집 공고,경상북도,,no_support_ratio,support_ratio 없음,recommend_only,not_required,False,,False,False,0,5,https://www.bizinfo.go.kr/sii/siia/selectSIIA200Detail.do?pblancId=PBLN_000000000122863
PBLN_000000000122971,[경북] 2026년 경북중소기업기술혁신협의회 경북형 R&D플랫폼 참여기업 모집 공고,경상북도,,no_support_ratio,support_ratio 없음,recommend_only,not_required,False,,False,False,0,0,https://www.bizinfo.go.kr/sii/siia/selectSIIA200Detail.do?pblancId=PBLN_000000000122971
PBLN_000000000122625,2026년 무탄소에너지보증사업(해상풍력 맞춤형 보증지원) 공고,기후에너지환경부,1.0,blocked_context,금융/융자/보증/이차보전 문맥,exclude,not_required,False,,False,False,1,1,https://www.bizinfo.go.kr/sii/siia/selectSIIA200Detail.do?pblancId=PBLN_000000000122625
PBLN_000000000122656,2026년 전남 영화ㆍ드라마 제작 인센티브 지원사업 공고,전남광주통합특별시,,no_support_ratio,support_ratio 없음,subtract,not_required,False,,False,False,0,2,https://www.bizinfo.go.kr/sii/siia/selectSIIA200Detail.do?pblancId=PBLN_000000000122656
PBLN_000000000123689,지능형 헬스케어제품 기반 실증ㆍ사업화 지원사업 기업지원 기술지원 추가 공고,산업통상부,0.5,blocked_context,수수료/인증/교육/컨설팅/비현금 문맥,subtract,pending,True,mixed_manual_review,False,True,1,4,https://www.bizinfo.go.kr/sii/siia/selectSIIA200Detail.do?pblancId=PBLN_000000000123689
PBLN_000000000121697,[경북] 2026년 중대재해 예방 사각지대 해소 지원사업 참여기업 모집 공고,경상북도,,no_support_ratio,support_ratio 없음,recommend_only,not_required,False,,False,False,0,5,https://www.bizinfo.go.kr/sii/siia/selectSIIA200Detail.do?pblancId=PBLN_000000000121697
PBLN_000000000122659,[부산] 사상구 2026년 2차 제조업체 근로환경 개선사업 모집 공고,부산광역시,,no_support_ratio,support_ratio 없음,subtract,not_required,False,,False,False,0,1,https://www.bizinfo.go.kr/sii/siia/selectSIIA200Detail.do?pblancId=PBLN_000000000122659
PBLN_000000000123438,2026년 2차 경북 해양기업 혁신성장 R&BD 패키지 지원사업 참여기업 모집 공고,경상북도,0.5,already_confirmed_amount,확정 대표금액 차감 우선,subtract,not_required,False,,True,True,0,6,https://www.bizinfo.go.kr/sii/siia/selectSIIA200Detail.do?pblancId=PBLN_000000000123438
PBLN_000000000122609,2026년 경북AI데이터센터 테스트베드 실증지원 공고(데이터센터 테스트베드 조성 지원),경상북도,0.999,blocked_context,수수료/인증/교육/컨설팅/비현금 문맥,recommend_only,not_required,False,,False,False,0,1,https://www.bizinfo.go.kr/sii/siia/selectSIIA200Detail.do?pblancId=PBLN_000000000122609
PBLN_000000000122726,[강원] 2026년 바이오기업 성장 촉진 및 고용 활성화 지원기업 상시 모집 공고(지역산업맞춤형 일자리창출 지원사업),강원특별자치도,,no_support_ratio,support_ratio 없음,subtract,pending,True,manual_representative_recoverable,True,True,0,9,https://www.bizinfo.go.kr/sii/siia/selectSIIA200Detail.do?pblancId=PBLN_000000000122726
PBLN_000000000122708,[경북] 포항시 지역 SW아웃소싱 개발기업 지원사업 참여기업 모집 공고,경상북도,,no_support_ratio,support_ratio 없음,subtract,not_required,False,,True,True,0,1,https://www.bizinfo.go.kr/sii/siia/selectSIIA200Detail.do?pblancId=PBLN_000000000122708
PBLN_000000000122739,[대전] 소상공인ㆍ자영업자 재기지원 (폐업정리) 참여자 모집 공고,대전광역시,,no_support_ratio,support_ratio 없음,subtract,not_required,False,,False,False,0,1,https://www.bizinfo.go.kr/sii/siia/selectSIIA200Detail.do?pblancId=PBLN_000000000122739
PBLN_000000000122793,2026년 연구개발특구 딥테크 스타트업 챌린지 기업모집 공고,과학기술정보통신부,,no_support_ratio,support_ratio 없음,subtract,not_required,False,,True,True,0,6,https://www.bizinfo.go.kr/sii/siia/selectSIIA200Detail.do?pblancId=PBLN_000000000122793
PBLN_000000000123483,[부산] 2026년 2차 소규모사업장 작업환경개선 지원사업 모집 공고,부산광역시,0.1,already_confirmed_amount,확정 대표금액 차감 우선,subtract,not_required,False,,True,True,1,2,https://www.bizinfo.go.kr/sii/siia/selectSIIA200Detail.do?pblancId=PBLN_000000000123483
PBLN_000000000122886,[전남광주] 2026년 1차 뿌리산업 선도기업 육성사업 신규지원 통합 공고,전남광주통합특별시,0.75,already_confirmed_amount,확정 대표금액 차감 우선,subtract,not_required,False,,True,True,2,3,https://www.bizinfo.go.kr/sii/siia/selectSIIA200Detail.do?pblancId=PBLN_000000000122886
PBLN_000000000122800,[전남광주] 목포시 2026년 여성친화기업 지원 사업 기업환경 개선 참여기업 모집 공고,전남광주통합특별시,,no_support_ratio,support_ratio 없음,subtract,not_required,False,,True,True,0,3,https://www.bizinfo.go.kr/sii/siia/selectSIIA200Detail.do?pblancId=PBLN_000000000122800
PBLN_000000000123691,[제주] 2026년 지역소재 기반 미드폼 영상 콘텐츠 제작 지원 사업 모집 공고(제주콘텐츠코리아랩 운영사업),제주특별자치도,0.5,already_confirmed_amount,확정 대표금액 차감 우선,subtract,not_required,False,,True,True,0,1,https://www.bizinfo.go.kr/sii/siia/selectSIIA200Detail.do?pblancId=PBLN_000000000123691
PBLN_000000000123718,[전남광주] 2026년 2차 중소기업 맞춤형 성장지원(컨설팅) 참여기업 모집 기간 연장 공고,전남광주통합특별시,,no_support_ratio,support_ratio 없음,subtract,pending,True,recommend_only_payload,False,True,0,4,https://www.bizinfo.go.kr/sii/siia/selectSIIA200Detail.do?pblancId=PBLN_000000000123718
PBLN_000000000122914,[경북] 2026년 거점기관 개방형혁신사업 장비 및 인프라 활용 모집 공고,산업통상부,,no_support_ratio,support_ratio 없음,recommend_only,not_required,False,,False,False,0,1,https://www.bizinfo.go.kr/sii/siia/selectSIIA200Detail.do?pblancId=PBLN_000000000122914
PBLN_000000000122936,2026년 3차 과학기술분야 R&D 대체인력 활용 지원사업 모집 공고,과학기술정보통신부,,no_support_ratio,support_ratio 없음,subtract,not_required,False,,False,False,0,3,https://www.bizinfo.go.kr/sii/siia/selectSIIA200Detail.do?pblancId=PBLN_000000000122936
PBLN_000000000122942,[세종] 조달청 다수공급자계약(MAS) 활용 컨설팅 지원사업 공고,세종특별자치시,,no_support_ratio,support_ratio 없음,recommend_only,pending,True,recommend_only_payload,False,True,0,1,https://www.bizinfo.go.kr/sii/siia/selectSIIA200Detail.do?pblancId=PBLN_000000000122942
PBLN_000000000122951,[전남광주] 2026년 제조AI 학습용 데이터 취득 지원사업 공고,전남광주통합특별시,,no_support_ratio,support_ratio 없음,subtract,not_required,False,,False,False,0,4,https://www.bizinfo.go.kr/sii/siia/selectSIIA200Detail.do?pblancId=PBLN_000000000122951
PBLN_000000000122952,2026년 영세 소상공인 중소금융권 금융비용 지원사업 재공고,전남광주통합특별시,,no_support_ratio,support_ratio 없음,subtract,not_required,False,,False,False,0,1,https://www.bizinfo.go.kr/sii/siia/selectSIIA200Detail.do?pblancId=PBLN_000000000122952
PBLN_000000000123019,[인천] 2026년 7차 중소기업육성자금 지원 공고(기술전환지원 융자자금 신설),인천광역시,,no_support_ratio,support_ratio 없음,subtract,not_required,False,,False,False,0,9,https://www.bizinfo.go.kr/sii/siia/selectSIIA200Detail.do?pblancId=PBLN_000000000123019
PBLN_000000000123022,[경남] 2026년 제조기업 정보보호 컨설팅 지원사업 수요기업 모집 공고(지역 거점 정보보호 클러스터 구축사업),경상남도,,no_support_ratio,support_ratio 없음,recommend_only,not_required,False,,False,False,0,3,https://www.bizinfo.go.kr/sii/siia/selectSIIA200Detail.do?pblancId=PBLN_000000000123022
PBLN_000000000123056,[경기] 2026년 2차 음식점 미세먼지ㆍ악취 방지시설 설치 지원사업 공고,경기도,,no_support_ratio,support_ratio 없음,subtract,not_required,False,,False,False,0,1,https://www.bizinfo.go.kr/sii/siia/selectSIIA200Detail.do?pblancId=PBLN_000000000123056
PBLN_000000000123063,2026년 3차 배출권거래제 할당대상업체 탄소중립 컨설팅 사업 공고,기후에너지환경부,,no_support_ratio,support_ratio 없음,recommend_only,not_required,False,,False,False,0,1,https://www.bizinfo.go.kr/sii/siia/selectSIIA200Detail.do?pblancId=PBLN_000000000123063
PBLN_000000000122891,2026년 2차 전력정보화 및 정책지원사업(신재생에너지 분야) 신규지원 대상과제 공고,기후에너지환경부,1.0,blocked_context,수수료/인증/교육/컨설팅/비현금 문맥,subtract,pending,True,ratio_only,False,True,1,1,https://www.bizinfo.go.kr/sii/siia/selectSIIA200Detail.do?pblancId=PBLN_000000000122891
PBLN_000000000123074,[경남] 2026년 산업안전 AI 스마트공장 구축 지원사업 공고,경상남도,0.35,blocked_context,수수료/인증/교육/컨설팅/비현금 문맥,recommend_only,not_required,False,,True,True,0,2,https://www.bizinfo.go.kr/sii/siia/selectSIIA200Detail.do?pblancId=PBLN_000000000123074
PBLN_000000000123087,2026년 하반기 한국영화 기획개발지원사업 제작사부문(초기기획) 사업 공고,문화체육관광부,,no_support_ratio,support_ratio 없음,recommend_only,not_required,False,,False,False,0,2,https://www.bizinfo.go.kr/sii/siia/selectSIIA200Detail.do?pblancId=PBLN_000000000123087
PBLN_000000000123098,[전북] 2026년 중소기업 디자인개발 지원사업 디자인 공모전 출품 지원사업 과제 모집 공고,전북특별자치도,,no_support_ratio,support_ratio 없음,subtract,not_required,False,,True,False,0,1,https://www.bizinfo.go.kr/sii/siia/selectSIIA200Detail.do?pblancId=PBLN_000000000123098
PBLN_000000000123126,[경북] 영덕군 2026년 소상공인 카드수수료 지원사업 참여 점포 모집 공고,경상북도,,no_support_ratio,support_ratio 없음,subtract,not_required,False,,False,False,0,1,https://www.bizinfo.go.kr/sii/siia/selectSIIA200Detail.do?pblancId=PBLN_000000000123126
PBLN_000000000123140,[제주] 2026년 해양수산 국내전시회(2026 부산 국제수산 EXPO) 참가 및 바이어 초청 통합지원 참가기업 모집 재공고,해양수산부,,no_support_ratio,support_ratio 없음,recommend_only,not_required,False,,False,False,0,3,https://www.bizinfo.go.kr/sii/siia/selectSIIA200Detail.do?pblancId=PBLN_000000000123140
PBLN_000000000123038,2026년 대구 미래신산업 유망벤처ㆍ고성장기업 육성사업 글로벌 비상(飛上) 프로젝트 참여기업 모집 공고,대구광역시,,no_support_ratio,support_ratio 없음,recommend_only,not_required,False,,False,False,0,0,https://www.bizinfo.go.kr/sii/siia/selectSIIA200Detail.do?pblancId=PBLN_000000000123038
PBLN_000000000123158,2026년 3차 친환경양식어업육성 사업대상자 모집 재공고(품종별산업화시설지원-친환경개체굴생산지원),해양수산부,0.5,already_confirmed_amount,확정 대표금액 차감 우선,subtract,reviewed,False,keep_old_amount,True,True,1,1,https://www.bizinfo.go.kr/sii/siia/selectSIIA200Detail.do?pblancId=PBLN_000000000123158
PBLN_000000000123148,2026년 2차 조선해양산업기술개발사업 신규지원 대상과제 공고,산업통상부,1.0,blocked_context,수수료/인증/교육/컨설팅/비현금 문맥,subtract,pending,True,manual_representative_recoverable,False,True,0,1,https://www.bizinfo.go.kr/sii/siia/selectSIIA200Detail.do?pblancId=PBLN_000000000123148
PBLN_000000000123160,[부산] 2026년 9차 중소기업 자금지원계획 변경 공고,부산광역시,0.02,blocked_context,금융/융자/보증/이차보전 문맥,review,not_required,False,,False,False,7,18,https://www.bizinfo.go.kr/sii/siia/selectSIIA200Detail.do?pblancId=PBLN_000000000123160
PBLN_000000000122997,[강원] 횡성군 2026년 2차 지식재산 첫걸음 지원사업 참여기업 모집 공고,강원특별자치도,0.15,blocked_context,수수료/인증/교육/컨설팅/비현금 문맥,subtract,reviewed,False,keep_old_amount,False,True,0,3,https://www.bizinfo.go.kr/sii/siia/selectSIIA200Detail.do?pblancId=PBLN_000000000122997
PBLN_000000000122998,[강원] 영월군 2026년 2차 지식재산 첫걸음 지원사업 참여기업 모집 공고,강원특별자치도,0.15,blocked_context,수수료/인증/교육/컨설팅/비현금 문맥; 자부담/총사업비/총규모/매출 문맥,subtract,reviewed,False,keep_old_amount,False,True,6,10,https://www.bizinfo.go.kr/sii/siia/selectSIIA200Detail.do?pblancId=PBLN_000000000122998
PBLN_000000000123133,2026년 선도형 양자공정 오픈팹 인프라 구축 사업 지원기업 모집 공고,대전광역시,0.1,already_confirmed_amount,확정 대표금액 차감 우선,subtract,not_required,False,,True,True,0,7,https://www.bizinfo.go.kr/sii/siia/selectSIIA200Detail.do?pblancId=PBLN_000000000123133
PBLN_000000000123170,[경북] 2026년 게임 기업 맞춤형 지원사업(컨설팅 분야) 모집 공고,경상북도,,no_support_ratio,support_ratio 없음,subtract,not_required,False,,False,False,0,1,https://www.bizinfo.go.kr/sii/siia/selectSIIA200Detail.do?pblancId=PBLN_000000000123170
PBLN_000000000123172,[인천] AI 영상분석 기반 작업장 안전감지 사각지대 해소 지원 사업 참가 중소기업 모집 공고,인천광역시,,no_support_ratio,support_ratio 없음,recommend_only,not_required,False,,False,False,0,2,https://www.bizinfo.go.kr/sii/siia/selectSIIA200Detail.do?pblancId=PBLN_000000000123172
PBLN_000000000123130,2026년 K-온디바이스 AI반도체 기술개발사업 신규 지원대상 연구개발과제 공고,산업통상부,1.0,blocked_context,수수료/인증/교육/컨설팅/비현금 문맥,recommend_only,pending,True,ratio_only,False,True,0,1,https://www.bizinfo.go.kr/sii/siia/selectSIIA200Detail.do?pblancId=PBLN_000000000123130
PBLN_000000000123173,[전남광주] 여수시 2026년 2차 지역산업위기대응 맞춤형 지원사업 공고,전남광주통합특별시,,no_support_ratio,support_ratio 없음,subtract,not_required,False,,True,True,0,12,https://www.bizinfo.go.kr/sii/siia/selectSIIA200Detail.do?pblancId=PBLN_000000000123173
TECHNOPARK:1348,(2026-127호) 2026년 강원지역연구장비 서비스 활성화 지원사업 참여기관 모집 공고,강원테크노파크,0.8,blocked_context,수수료/인증/교육/컨설팅/비현금 문맥,subtract,pending,True,manual_representative_recoverable,False,False,1,2,https://www.gwtp.or.kr/gwtp/bbsNew_view.php?bbs_data=aWR4PTMxNTMmc3RhcnRQYWdlPSZsaXN0Tm89JnRhYmxlPWNzX2Jic19kYXRhX25ldyZjb2RlPXN1YjAxYiZzZWFyY2hfaXRlbT0mc2VhcmNoX29yZGVyPSZ1cmw9c3ViMDFiJmtleXZhbHVlPXN1YjAxJmJic19tYWxuYW1lPQ==||
PBLN_000000000123176,[경기] 안산시 2026년 기술사업화 지원사업 공고(국가기술거래플랫폼 서비스),경기도,,no_support_ratio,support_ratio 없음,subtract,not_required,False,,False,False,0,5,https://www.bizinfo.go.kr/sii/siia/selectSIIA200Detail.do?pblancId=PBLN_000000000123176
PBLN_000000000123202,[울산] 남구 2026년 소상공인 온라인 플랫폼 지원사업 모집 공고,울산광역시,,no_support_ratio,support_ratio 없음,subtract,not_required,False,,False,False,0,1,https://www.bizinfo.go.kr/sii/siia/selectSIIA200Detail.do?pblancId=PBLN_000000000123202
TECHNOPARK:1743,「2026년 충청권 미래차 전환 혁신지원사업」 기업지원 프로그램(비R&D) 모집공고(2차),충남테크노파크,,no_support_ratio,support_ratio 없음,subtract,not_required,False,,True,True,0,16,https://www.ctp.or.kr/business/datadetail.do?seq=2709309
PBLN_000000000123195,[경북] 의성군 2026년 3차 지식재산 긴급지원 사업 모집 공고,경상북도,0.4,blocked_context,수수료/인증/교육/컨설팅/비현금 문맥,recommend_only,not_required,False,,True,True,0,5,https://www.bizinfo.go.kr/sii/siia/selectSIIA200Detail.do?pblancId=PBLN_000000000123195
PBLN_000000000123242,2026년 강원 석탄산업전환지역 연계 체류형 관광상품 개발 공모 공고,강원특별자치도,,no_support_ratio,support_ratio 없음,subtract,not_required,False,,False,False,0,1,https://www.bizinfo.go.kr/sii/siia/selectSIIA200Detail.do?pblancId=PBLN_000000000123242
PBLN_000000000123231,[충북] 2026년 산업 AI 도입·실증 지원사업 참여기업 모집 공고(산업 인공지능 전환 및 확산 기반조성 사업),산업통상부,1.0,already_confirmed_amount,확정 대표금액 차감 우선,subtract,not_required,False,,True,True,0,1,https://www.bizinfo.go.kr/sii/siia/selectSIIA200Detail.do?pblancId=PBLN_000000000123231
PBLN_000000000123260,2026년 1차 지역산업위기대응 이차보전 지원사업 변경 공고,산업통상부,0.03,blocked_context,금융/융자/보증/이차보전 문맥,review,not_required,False,,False,False,3,5,https://www.bizinfo.go.kr/sii/siia/selectSIIA200Detail.do?pblancId=PBLN_000000000123260
PBLN_000000000118213,[경기] 2026년 가구디자인창작공간운영사업 경기가구창작스튜디오 공동장비 활용 지원 참여기업 모집 공고,경기도,,no_support_ratio,support_ratio 없음,ratio_cap,not_required,False,,False,False,0,0,https://www.bizinfo.go.kr/sii/siia/selectSIIA200Detail.do?pblancId=PBLN_000000000118213
PBLN_000000000123210,2026년 2차 국가표준기술력향상사업 신규지원 대상과제 공고,산업통상부,,no_support_ratio,support_ratio 없음,subtract,reviewed,False,keep_old_amount,False,True,0,13,https://www.bizinfo.go.kr/sii/siia/selectSIIA200Detail.do?pblancId=PBLN_000000000123210
PBLN_000000000119953,[부산] 제조산업 산업전환을 통한 혁신성장 지원 사업 참여 기업 모집 공고,부산광역시,,no_support_ratio,support_ratio 없음,subtract,not_required,False,,True,True,0,1,https://www.bizinfo.go.kr/sii/siia/selectSIIA200Detail.do?pblancId=PBLN_000000000119953
PBLN_000000000117019,2026년 제조DX멘토단 활용지원사업 통합 공고,중소벤처기업부,0.85,already_confirmed_amount,확정 대표금액 차감 우선,subtract,not_required,False,,True,True,3,4,https://www.bizinfo.go.kr/sii/siia/selectSIIA200Detail.do?pblancId=PBLN_000000000117019
PBLN_000000000123720,[부산] 2026년 콘텐츠코리아 랩 미드폼 영상콘텐츠 제작지원 사업 모집 공고,부산광역시,1.0,estimated_ratio_pending_review,"pending/review 필요, 단 직접지원 문맥 있음",subtract,pending,True,manual_representative_recoverable,True,True,1,3,https://www.bizinfo.go.kr/sii/siia/selectSIIA200Detail.do?pblancId=PBLN_000000000123720
PBLN_000000000123279,[경남] 진주시 2026년 청년 일경험(인턴) 지원사업 참여기업 추가 모집 공고,경상남도,,no_support_ratio,support_ratio 없음,recommend_only,not_required,False,,False,False,0,2,https://www.bizinfo.go.kr/sii/siia/selectSIIA200Detail.do?pblancId=PBLN_000000000123279
PBLN_000000000123280,[세종] 2027년 산림소득분야 지원사업 공고,세종특별자치시,,no_support_ratio,support_ratio 없음,subtract,not_required,False,,False,False,0,5,https://www.bizinfo.go.kr/sii/siia/selectSIIA200Detail.do?pblancId=PBLN_000000000123280
PBLN_000000000123222,2026년 2차 섬유산업 지능형 마이크로팩토리 제조 플랫폼 실증기반 구축사업 I-Tube 기술지원 서비스 참여기업 모집 공고,산업통상부,,no_support_ratio,support_ratio 없음,recommend_only,not_required,False,,False,False,0,0,https://www.bizinfo.go.kr/sii/siia/selectSIIA200Detail.do?pblancId=PBLN_000000000123222
PBLN_000000000117774,[서울] 가죽ㆍ패션산업 소공인 장비 임대지원사업 공고,서울특별시,,no_support_ratio,support_ratio 없음,recommend_only,not_required,False,,False,False,0,0,https://www.bizinfo.go.kr/sii/siia/selectSIIA200Detail.do?pblancId=PBLN_000000000117774
PBLN_000000000123299,2026년 수요맞춤형 전기구동 경형 PBV 개발 지원기반 구축사업 기업지원 프로그램(기술자문) 추가 모집 공고,강원특별자치도,,no_support_ratio,support_ratio 없음,subtract,pending,True,recommend_only_payload,False,True,0,1,https://www.bizinfo.go.kr/sii/siia/selectSIIA200Detail.do?pblancId=PBLN_000000000123299
PBLN_000000000123298,2026년 산업데이터 표준 기반 AI 솔루션 실증지원 사업수요기업 추가모집 공고(산업데이터 표준확산 기반구축 사업),경기도,1.0,already_confirmed_amount,확정 대표금액 차감 우선,subtract,not_required,False,,True,True,0,1,https://www.bizinfo.go.kr/sii/siia/selectSIIA200Detail.do?pblancId=PBLN_000000000123298
PBLN_000000000123307,[경기] 화성시 2026년 하반기 여성 농업인 특수건강검진 지원사업 신청 공고,경기도,0.9,estimated_ratio_needs_light_review,위험 문맥은 없지만 직접지원 문맥 약함,subtract,not_required,False,,True,False,1,1,https://www.bizinfo.go.kr/sii/siia/selectSIIA200Detail.do?pblancId=PBLN_000000000123307
PBLN_000000000123324,[경남] 양산시 2026년 노동자 휴게시설 지원사업 추가 공고,경상남도,0.8,blocked_context,자부담/총사업비/총규모/매출 문맥,subtract,not_required,False,,True,False,1,1,https://www.bizinfo.go.kr/sii/siia/selectSIIA200Detail.do?pblancId=PBLN_000000000123324
PBLN_000000000123302,[전북] 2026년 전북권 산업단지 기업 인공지능 기술 도입을 위한 인공지능 전환 도입 컨설팅 지원사업 재공고,전북특별자치도,,no_support_ratio,support_ratio 없음,recommend_only,not_required,False,,False,False,0,1,https://www.bizinfo.go.kr/sii/siia/selectSIIA200Detail.do?pblancId=PBLN_000000000123302
PBLN_000000000123731,[대구] 2026년 수요맞춤형 AI솔루션 개발ㆍ실증 지원 사업 컨소시엄 모집 재공고(제조업 AI융합 기반 조성사업),대구광역시,1.0,blocked_context,수수료/인증/교육/컨설팅/비현금 문맥,recommend_only,pending,True,mixed_manual_review,False,True,0,1,https://www.bizinfo.go.kr/sii/siia/selectSIIA200Detail.do?pblancId=PBLN_000000000123731
PBLN_000000000123371,[경남] 사천시ㆍ진주시 2026년 2차 우주ㆍ항공 제조기업 대상 DX 기반 품질ㆍ공정 개선 및 생산성 향상을 위한 무료 컨설팅 및 전문인력양성 지원사업 공고,산업통상부,1.0,blocked_context,수수료/인증/교육/컨설팅/비현금 문맥,recommend_only,reviewed,False,keep_old_amount,False,True,0,2,https://www.bizinfo.go.kr/sii/siia/selectSIIA200Detail.do?pblancId=PBLN_000000000123371
PBLN_000000000123327,[제주] 2026년 로컬기업 크라우드펀딩 (대출형) 참여기업 모집 공고,제주특별자치도,,no_support_ratio,support_ratio 없음,subtract,not_required,False,,False,False,0,2,https://www.bizinfo.go.kr/sii/siia/selectSIIA200Detail.do?pblancId=PBLN_000000000123327
PBLN_000000000123348,[충북] 2026년 버팀이음프로젝트 플라스틱 제조업 근로자 유출 방지를 위한 복지 지원사업 모집 공고,고용노동부,,no_support_ratio,support_ratio 없음,subtract,not_required,False,,False,False,0,1,https://www.bizinfo.go.kr/sii/siia/selectSIIA200Detail.do?pblancId=PBLN_000000000123348
PBLN_000000000123277,[대전ㆍ충청] 2026년 중소기업 AI훈련확산 지원사업 참여기업 모집 공고,고용노동부,1.0,already_confirmed_amount,확정 대표금액 차감 우선,subtract,not_required,False,,True,True,1,2,https://www.bizinfo.go.kr/sii/siia/selectSIIA200Detail.do?pblancId=PBLN_000000000123277
PBLN_000000000123351,2026년 창원시 AI기반 슬립테크 국제협력 실증 확산 지원사업 기업지원 공고(해외 인허가 기술문서 작성 지원),산업통상부,0.5,blocked_context,수수료/인증/교육/컨설팅/비현금 문맥,recommend_only,not_required,False,,False,False,0,1,https://www.bizinfo.go.kr/sii/siia/selectSIIA200Detail.do?pblancId=PBLN_000000000123351
PBLN_000000000123358,[충북] 2026년 화장품산업 근로자 고용안정을 위한 복지 지원사업 참여기업 모집 공고(충청북도 고용유지 버팀이음 프로젝트 사업),충청북도,0.7,already_confirmed_amount,확정 대표금액 차감 우선,subtract,not_required,False,,True,True,0,1,https://www.bizinfo.go.kr/sii/siia/selectSIIA200Detail.do?pblancId=PBLN_000000000123358
PBLN_000000000123361,2026년 청정공정 확산사업 참여기업 모집 공고,산업통상부,,no_support_ratio,support_ratio 없음,recommend_only,not_required,False,,False,False,0,2,https://www.bizinfo.go.kr/sii/siia/selectSIIA200Detail.do?pblancId=PBLN_000000000123361
PBLN_000000000123296,2026년 2차 기후에너지환경부 혁신제품 지정기간 연장(2차 연장) 공고,기후에너지환경부,,no_support_ratio,support_ratio 없음,recommend_only,not_required,False,,False,False,0,0,https://www.bizinfo.go.kr/sii/siia/selectSIIA200Detail.do?pblancId=PBLN_000000000123296
PBLN_000000000123373,[경기] 안산시 2026년 관내 BI 입주기업 브랜드 강화사업 참여기업 모집 공고,경기도,,no_support_ratio,support_ratio 없음,recommend_only,not_required,False,,False,False,0,2,https://www.bizinfo.go.kr/sii/siia/selectSIIA200Detail.do?pblancId=PBLN_000000000123373
PBLN_000000000117839,2026년 고령친화식품 사용성평가 참여기업 모집 공고,식품의약품안전처,1.0,already_confirmed_ratio,기존 ratio_cap 확정,ratio_cap,not_required,False,,False,False,1,1,https://www.bizinfo.go.kr/sii/siia/selectSIIA200Detail.do?pblancId=PBLN_000000000117839
PBLN_000000000123379,[경북] 포항시 2026년 지역 기업 투자유치 활성화를 위한 Rising Star IR DAY 참가기업 모집 공고,경상북도,,no_support_ratio,support_ratio 없음,recommend_only,not_required,False,,False,True,0,4,https://www.bizinfo.go.kr/sii/siia/selectSIIA200Detail.do?pblancId=PBLN_000000000123379
PBLN_000000000123205,[경기] 안양시 2026년 하반기 국내외 IP 출원 및 인증 지원사업 모집 공고,경기도,0.8,already_confirmed_amount,확정 대표금액 차감 우선,subtract,reviewed,False,keep_old_amount,True,True,5,7,https://www.bizinfo.go.kr/sii/siia/selectSIIA200Detail.do?pblancId=PBLN_000000000123205
PBLN_000000000123402,스마트농업 광역연계형 규제자유특구 사업 참여희망 특구사업자 추가 모집 공고,중소벤처기업부,,no_support_ratio,support_ratio 없음,recommend_only,not_required,False,,False,False,0,4,https://www.bizinfo.go.kr/sii/siia/selectSIIA200Detail.do?pblancId=PBLN_000000000123402
PBLN_000000000123415,[경북] 2026년 소공인 스마트제조지원(스마트공방)사업 모집 공고,경상북도,0.7,blocked_context,수수료/인증/교육/컨설팅/비현금 문맥,subtract,pending,True,ratio_only,False,True,0,3,https://www.bizinfo.go.kr/sii/siia/selectSIIA200Detail.do?pblancId=PBLN_000000000123415
PBLN_000000000123416,[경북] 영천시 2026년 2차 중소기업 혁신기술개발 지원사업 공고,경상북도,0.2,blocked_context,수수료/인증/교육/컨설팅/비현금 문맥,recommend_only,pending,True,manual_representative_recoverable,False,True,0,3,https://www.bizinfo.go.kr/sii/siia/selectSIIA200Detail.do?pblancId=PBLN_000000000123416
PBLN_000000000123419,2026년 소공인 클린제조환경조성사업 추가 모집 공고,중소벤처기업부,0.15,blocked_context,수수료/인증/교육/컨설팅/비현금 문맥,subtract,pending,True,manual_representative_recoverable,False,True,0,3,https://www.bizinfo.go.kr/sii/siia/selectSIIA200Detail.do?pblancId=PBLN_000000000123419
PBLN_000000000118122,[울산] 2026년 이전ㆍ창업기업(기술강소기업) 특별보조금 지원사업 공고,울산광역시,0.15,already_confirmed_amount,확정 대표금액 차감 우선,subtract,not_required,False,,True,True,0,5,https://www.bizinfo.go.kr/sii/siia/selectSIIA200Detail.do?pblancId=PBLN_000000000118122
PBLN_000000000123374,[전남] 첨단로봇ㆍAI 활용 중소기업 제조혁신 사업 기업지원(실증지원) 모집 공고,전라남도,1.0,blocked_context,수수료/인증/교육/컨설팅/비현금 문맥,subtract,pending,True,mixed_manual_review,False,True,1,2,https://www.bizinfo.go.kr/sii/siia/selectSIIA200Detail.do?pblancId=PBLN_000000000123374
PBLN_000000000123431,2026년 4차 소규모사업장 통합허가 컨설팅 지원사업 모집 공고,기후에너지환경부,0.9,already_confirmed_amount,확정 대표금액 차감 우선,subtract,not_required,False,,True,True,1,2,https://www.bizinfo.go.kr/sii/siia/selectSIIA200Detail.do?pblancId=PBLN_000000000123431
PBLN_000000000118224,2026년 미래 치과이식형 디지털의료제품 개발 기반구축 사업 기술서비스 지원사업 통합 공고,산업통상부,0.25,blocked_context,수수료/인증/교육/컨설팅/비현금 문맥,recommend_only,not_required,False,,False,False,0,10,https://www.bizinfo.go.kr/sii/siia/selectSIIA200Detail.do?pblancId=PBLN_000000000118224
PBLN_000000000123389,2026년 3차 광주 차세대 지능형 반도체 적용 온디바이스 AI 스케일업 밸리 육성 사업 성장스케일업 지원 수혜기업 추가모집 통합 공고(딥테크 스케일업 밸리 육성사업),과학기술정보통신부,,no_support_ratio,support_ratio 없음,subtract,pending,True,mixed_manual_review,False,True,0,5,https://www.bizinfo.go.kr/sii/siia/selectSIIA200Detail.do?pblancId=PBLN_000000000123389
PBLN_000000000123452,[부산] 2026년 2차 콘텐츠기업 AI 활성화 지원 모집 공고,부산광역시,,no_support_ratio,support_ratio 없음,recommend_only,not_required,False,,False,False,0,1,https://www.bizinfo.go.kr/sii/siia/selectSIIA200Detail.do?pblancId=PBLN_000000000123452
PBLN_000000000123225,[전북] 2026년 5차 ILP 서비스 기술연결 수요기업 모집 공고,전북특별자치도,,no_support_ratio,support_ratio 없음,ratio_cap,not_required,False,,False,False,0,0,https://www.bizinfo.go.kr/sii/siia/selectSIIA200Detail.do?pblancId=PBLN_000000000123225
PBLN_000000000119904,[충북] 2026년 산업체 방사광가속기 활용 역량강화사업 산업체 방사광가속기 활용 프로그램 참여기업 모집 공고,충청북도,1.0,blocked_context,수수료/인증/교육/컨설팅/비현금 문맥,recommend_only,not_required,False,,False,False,0,3,https://www.bizinfo.go.kr/sii/siia/selectSIIA200Detail.do?pblancId=PBLN_000000000119904
PBLN_000000000123413,[경북] 2026년 3차 디지털전환 지원모델 확산사업 지역특화산업지원 참여기업 모집 재공고,경상북도,,no_support_ratio,support_ratio 없음,subtract,not_required,False,,True,True,0,2,https://www.bizinfo.go.kr/sii/siia/selectSIIA200Detail.do?pblancId=PBLN_000000000123413
PBLN_000000000123421,"2026년 중소기업기술혁신개발사업 글로벌선도기술개발(함께달리기, 이어달리기) 시행계획 공고",중소벤처기업부,0.65,already_confirmed_amount,확정 대표금액 차감 우선,subtract,reviewed,False,keep_old_amount,True,True,1,1,https://www.bizinfo.go.kr/sii/siia/selectSIIA200Detail.do?pblancId=PBLN_000000000123421
PBLN_000000000123468,2026년 에너지신산업 개방형 혁신생태계 OpenLAB 조성사업 기업지원사업 수혜기업모집 공고,산업통상부,,no_support_ratio,support_ratio 없음,subtract,reviewed,False,keep_old_amount,True,True,0,8,https://www.bizinfo.go.kr/sii/siia/selectSIIA200Detail.do?pblancId=PBLN_000000000123468
PBLN_000000000119910,2026년 정보보호제품 신속확인 신규 제품 수수료 지원 사업 안내 공고,과학기술정보통신부,,no_support_ratio,support_ratio 없음,recommend_only,not_required,False,,True,True,0,1,https://www.bizinfo.go.kr/sii/siia/selectSIIA200Detail.do?pblancId=PBLN_000000000119910
PBLN_000000000123739,2026년 4차 무기체계 부품국산화개발 지원사업 (상생협력부품국산화) 과제ㆍ연구개발기관 모집 공고,방위사업청,1.0,blocked_context,수수료/인증/교육/컨설팅/비현금 문맥,subtract,pending,True,mixed_manual_review,False,True,1,3,https://www.bizinfo.go.kr/sii/siia/selectSIIA200Detail.do?pblancId=PBLN_000000000123739
PBLN_000000000120219,2026년 투자연계형 기술확보지원사업(기술검증지원) 참여기업 모집 공고,산업통상부,0.8,already_confirmed_amount,확정 대표금액 차감 우선,subtract,not_required,False,,True,True,0,2,https://www.bizinfo.go.kr/sii/siia/selectSIIA200Detail.do?pblancId=PBLN_000000000120219
PBLN_000000000123469,[충남] 2026년 2차 지역 거점 정보보호 클러스터 구축 사업 정보보호 기업 성장(사업화) 지원사업 모집 재공고,충청남도,0.1,already_confirmed_amount,확정 대표금액 차감 우선,subtract,not_required,False,,True,True,0,1,https://www.bizinfo.go.kr/sii/siia/selectSIIA200Detail.do?pblancId=PBLN_000000000123469
PBLN_000000000123471,[충북] 2026년 예비수소전문기업 지원사업 수혜기업 추가 모집 공고,기후에너지환경부,1.0,already_confirmed_amount,확정 대표금액 차감 우선,subtract,not_required,False,,True,True,0,7,https://www.bizinfo.go.kr/sii/siia/selectSIIA200Detail.do?pblancId=PBLN_000000000123471
PBLN_000000000123437,[전북] 2026년 인공지능 신뢰성 향상지원 및 확보지원 참여기업 모집 공고,전북특별자치도,1.0,already_confirmed_amount,확정 대표금액 차감 우선,subtract,not_required,False,,True,True,0,4,https://www.bizinfo.go.kr/sii/siia/selectSIIA200Detail.do?pblancId=PBLN_000000000123437
PBLN_000000000123481,[울산] 2026년 전문경력인사기술지원사업 기술컨설팅 지원기업 모집 공고,울산광역시,,no_support_ratio,support_ratio 없음,recommend_only,not_required,False,,False,False,0,1,https://www.bizinfo.go.kr/sii/siia/selectSIIA200Detail.do?pblancId=PBLN_000000000123481
PBLN_000000000123489,[경북] 포항시 2026년 푸드테크 상용화모델 개발 및 실증사업 수혜기업 모집 공고,경상북도,1.0,already_confirmed_amount,확정 대표금액 차감 우선,subtract,not_required,False,,True,True,0,1,https://www.bizinfo.go.kr/sii/siia/selectSIIA200Detail.do?pblancId=PBLN_000000000123489
PBLN_000000000123495,2027년 신규 병역지정업체(산업기능요원) 선정 및 필요인원 신청ㆍ접수 공고,중소벤처기업부,0.3,blocked_context,수수료/인증/교육/컨설팅/비현금 문맥,recommend_only,not_required,False,,False,False,0,1,https://www.bizinfo.go.kr/sii/siia/selectSIIA200Detail.do?pblancId=PBLN_000000000123495
PBLN_000000000123499,[강원] 2026년 미드폼 영상제작 지원사업 모집 공고(지역기반형 콘텐츠코리아랩(추경)사업),문화체육관광부,,no_support_ratio,support_ratio 없음,subtract,not_required,False,,False,False,0,1,https://www.bizinfo.go.kr/sii/siia/selectSIIA200Detail.do?pblancId=PBLN_000000000123499
PBLN_000000000123505,2026년 1차 바이오스타 2.0 사업 참여 초기창업기업 모집 공고,과학기술정보통신부,,no_support_ratio,support_ratio 없음,recommend_only,not_required,False,,False,True,0,7,https://www.bizinfo.go.kr/sii/siia/selectSIIA200Detail.do?pblancId=PBLN_000000000123505
PBLN_000000000123514,2026년 방송영상콘텐츠 제작지원(드라마 장편 부문) 사업 추가 공고,문화체육관광부,,no_support_ratio,support_ratio 없음,recommend_only,not_required,False,,False,False,0,1,https://www.bizinfo.go.kr/sii/siia/selectSIIA200Detail.do?pblancId=PBLN_000000000123514
PBLN_000000000123456,[전남광주] 화순군 2026년 스타기업 모집 공고,전남광주통합특별시,0.1,already_confirmed_amount,확정 대표금액 차감 우선,subtract,not_required,False,,True,True,0,6,https://www.bizinfo.go.kr/sii/siia/selectSIIA200Detail.do?pblancId=PBLN_000000000123456
PBLN_000000000123509,[전남광주] 2026년 기술혁신인증 획득지원사업 참가업체 모집 공고,전남광주통합특별시,0.8,already_confirmed_amount,확정 대표금액 차감 우선,subtract,not_required,False,,True,True,2,3,https://www.bizinfo.go.kr/sii/siia/selectSIIA200Detail.do?pblancId=PBLN_000000000123509
PBLN_000000000120871,[경북] 2026년 초거대 AI 기술 컨설팅 신규 대상기업 모집 공고(초거대 AI 클라우드 팜 실증 및 확산 환경 조성사업),경상북도,,no_support_ratio,support_ratio 없음,recommend_only,not_required,False,,False,False,0,3,https://www.bizinfo.go.kr/sii/siia/selectSIIA200Detail.do?pblancId=PBLN_000000000120871
PBLN_000000000123764,AI융합 의료기기 신뢰성 강화 및 성능 평가ㆍ실증 사업 수혜기업 모집 공고,산업통상부,0.2,already_confirmed_amount,확정 대표금액 차감 우선,subtract,reviewed,False,keep_old_amount,True,True,0,6,https://www.bizinfo.go.kr/sii/siia/selectSIIA200Detail.do?pblancId=PBLN_000000000123764
PBLN_000000000123515,2026년 7월 문화산업 완성보증 공고,문화체육관광부,,no_support_ratio,support_ratio 없음,exclude,not_required,False,,False,False,0,1,https://www.bizinfo.go.kr/sii/siia/selectSIIA200Detail.do?pblancId=PBLN_000000000123515
PBLN_000000000123516,2026년 7월 콘텐츠IP보증 공고,문화체육관광부,,no_support_ratio,support_ratio 없음,exclude,not_required,False,,False,False,0,1,https://www.bizinfo.go.kr/sii/siia/selectSIIA200Detail.do?pblancId=PBLN_000000000123516
PBLN_000000000123517,2026년 7월 문화콘텐츠기업보증 공고,문화체육관광부,,no_support_ratio,support_ratio 없음,exclude,not_required,False,,False,False,0,4,https://www.bizinfo.go.kr/sii/siia/selectSIIA200Detail.do?pblancId=PBLN_000000000123517
TECHNOPARK:976,「플렉서블·스트레처블 산업 창출을 위한 부착형 디스플레이 기술 기반구축」 2026년도 기업지원 수혜기업 모집 재공고,충남테크노파크,,no_support_ratio,support_ratio 없음,subtract,not_required,False,,True,True,0,2,https://www.ctp.or.kr/business/datadetail.do?seq=2709265
PBLN_000000000123525,[충남ㆍ충북ㆍ대전ㆍ세종] 2026년 2차 기업 지원 프로그램(비R&D) 지원대상 모집 공고(미래차 산업 혁신 지원사업),충청남도,,no_support_ratio,support_ratio 없음,subtract,not_required,False,,True,True,0,5,https://www.bizinfo.go.kr/sii/siia/selectSIIA200Detail.do?pblancId=PBLN_000000000123525
PBLN_000000000123533,2026년 오픈데이터포럼(ODF) 공공데이터ㆍAI 활용 리빙랩 프로젝트 모집 공고,행정안전부,,no_support_ratio,support_ratio 없음,subtract,not_required,False,,False,False,0,4,https://www.bizinfo.go.kr/sii/siia/selectSIIA200Detail.do?pblancId=PBLN_000000000123533
TECHNOPARK:271,CES 2027 충남관 참가기업 모집 공고,충남테크노파크,1.0,already_confirmed_amount,확정 대표금액 차감 우선,subtract,not_required,False,,True,True,1,3,https://www.ctp.or.kr/business/datadetail.do?seq=2709129
PBLN_000000000122309,2026년 바이오 의료기기 해외 진출 지원 제로트러스트 기반구축사업 참여기업 상시 지원 모집 공고,산업통상부,,no_support_ratio,support_ratio 없음,recommend_only,not_required,False,,False,False,0,0,https://www.bizinfo.go.kr/sii/siia/selectSIIA200Detail.do?pblancId=PBLN_000000000122309
PBLN_000000000123547,[충남] 서천군 2026년 3차 해양바이오 인큐베이팅사업 수혜기업 모집기간 연장 공고(시군구연고산업육성 협업프로젝트),중소벤처기업부,,no_support_ratio,support_ratio 없음,subtract,not_required,False,,True,True,0,2,https://www.bizinfo.go.kr/sii/siia/selectSIIA200Detail.do?pblancId=PBLN_000000000123547
PBLN_000000000123551,[전남광주] 2026년 소상공인 브랜드ㆍ디자인 융합개발 지원기업 추가 모집 공고,전남광주통합특별시,,no_support_ratio,support_ratio 없음,subtract,not_required,False,,True,True,0,2,https://www.bizinfo.go.kr/sii/siia/selectSIIA200Detail.do?pblancId=PBLN_000000000123551
PBLN_000000000122761,"2026년 2차 재생에너지R&D(태양광, 풍력) 신규지원대상 연구개발과제 공고",기후에너지환경부,1.0,blocked_context,수수료/인증/교육/컨설팅/비현금 문맥,subtract,pending,True,ratio_only,False,True,1,1,https://www.bizinfo.go.kr/sii/siia/selectSIIA200Detail.do?pblancId=PBLN_000000000122761
PBLN_000000000123555,[전북] 2026년 3차 벤처기업 혁신제품 시장진출 지원사업 모집 공고,전북특별자치도,,no_support_ratio,support_ratio 없음,subtract,not_required,False,,True,True,0,1,https://www.bizinfo.go.kr/sii/siia/selectSIIA200Detail.do?pblancId=PBLN_000000000123555
PBLN_000000000123557,[전북] 익산시 2026년 주얼리기업 성과형 장비 활용 지원 사업 참여기업 모집 공고(귀금속장비운영사업),전북특별자치도,,no_support_ratio,support_ratio 없음,recommend_only,not_required,False,,False,False,0,5,https://www.bizinfo.go.kr/sii/siia/selectSIIA200Detail.do?pblancId=PBLN_000000000123557
PBLN_000000000122670,2026년 산업통상부-공공기관 기술나눔 공고,산업통상부,,no_support_ratio,support_ratio 없음,recommend_only,not_required,False,,False,False,0,0,https://www.bizinfo.go.kr/sii/siia/selectSIIA200Detail.do?pblancId=PBLN_000000000122670
PBLN_000000000123562,[경기] 2026년 글로벌 오픈이노베이션 프로그램 참가기업 모집 공고,경기도,,no_support_ratio,support_ratio 없음,subtract,not_required,False,,False,False,0,5,https://www.bizinfo.go.kr/sii/siia/selectSIIA200Detail.do?pblancId=PBLN_000000000123562
SMARTFACTORY:2026-N-0085:1,[경기북부]2026년 제조DX멘토단 활용지원(구축지도) 도입기업 모집 공고,스마트공장 사업관리시스템,0.85,blocked_context,수수료/인증/교육/컨설팅/비현금 문맥; 자부담/총사업비/총규모/매출 문맥,subtract,pending,True,total_scale_manual_review,False,False,3,3,https://www.smart-factory.kr/usr/bg/ba/ma/bsnsPbancDtl?pbancId=2026-N-0085&pbancSn=1
PBLN_000000000122825,2026년 제3회 신제품(NEP)지정 신규신청(100대 전략품목 포함) 및 유효기간 연장신청 접수 공고,산업통상부,0.15,blocked_context,수수료/인증/교육/컨설팅/비현금 문맥,recommend_only,not_required,False,,False,False,1,1,https://www.bizinfo.go.kr/sii/siia/selectSIIA200Detail.do?pblancId=PBLN_000000000122825
PBLN_000000000123154,2026년 3차 조선해양산업기술개발사업 신규지원 대상과제 공고,산업통상부,1.0,blocked_context,수수료/인증/교육/컨설팅/비현금 문맥,subtract,reviewed,False,keep_old_amount,False,True,0,13,https://www.bizinfo.go.kr/sii/siia/selectSIIA200Detail.do?pblancId=PBLN_000000000123154
PBLN_000000000123569,[충북] 2026년 제조 AI 현장 적용 지원 사업 수혜기업 모집 연장 공고,중소벤처기업부,,no_support_ratio,support_ratio 없음,subtract,pending,True,total_scale_manual_review,True,True,0,4,https://www.bizinfo.go.kr/sii/siia/selectSIIA200Detail.do?pblancId=PBLN_000000000123569
PBLN_000000000123584,[경남] 2026년 지역기업 성장사다리 지원사업 패스트트랙(Track A) 모집 공고,중소벤처기업부,,no_support_ratio,support_ratio 없음,subtract,not_required,False,,True,True,0,11,https://www.bizinfo.go.kr/sii/siia/selectSIIA200Detail.do?pblancId=PBLN_000000000123584
PBLN_000000000123575,인천 공공 실증 오픈이노베이션 참여기업 모집 공고,인천광역시,0.999,already_confirmed_amount,확정 대표금액 차감 우선,subtract,not_required,False,,True,True,0,4,https://www.bizinfo.go.kr/sii/siia/selectSIIA200Detail.do?pblancId=PBLN_000000000123575
SMARTFACTORY:2026-N-0112:1,2026년 전북형 스마트 제조혁신 프로젝트 추가모집 (JS1-일반과제),스마트공장 사업관리시스템,,no_support_ratio,support_ratio 없음,recommend_only,not_required,False,,False,False,0,0,https://www.smart-factory.kr/usr/bg/ba/ma/bsnsPbancDtl?pbancId=2026-N-0112&pbancSn=1
PBLN_000000000123587,[부산ㆍ울산ㆍ경남] 2026년 동남 정보보호클러스터 보안 테스팅 지원사업 공고,경상남도,1.0,blocked_context,수수료/인증/교육/컨설팅/비현금 문맥,recommend_only,not_required,False,,False,False,0,4,https://www.bizinfo.go.kr/sii/siia/selectSIIA200Detail.do?pblancId=PBLN_000000000123587
PBLN_000000000123591,[충남] 2026년 2차 경영위기 소상공인 재기 지원사업 추가모집 공고,충청남도,,no_support_ratio,support_ratio 없음,subtract,not_required,False,,True,True,0,7,https://www.bizinfo.go.kr/sii/siia/selectSIIA200Detail.do?pblancId=PBLN_000000000123591
PBLN_000000000123119,2026년 바이오프린팅 활용 첨단바이오 활성화 지원사업(시설ㆍ장비 활용) 수혜기업 모집 공고,경상북도,0.1,blocked_context,수수료/인증/교육/컨설팅/비현금 문맥,subtract,pending,True,mixed_manual_review,False,True,0,2,https://www.bizinfo.go.kr/sii/siia/selectSIIA200Detail.do?pblancId=PBLN_000000000123119
PBLN_000000000123593,[비수도권] 2026년 3차 지능형 반도체 시험분석ㆍ성능검증 지원 지원기업 모집 공고,산업통상부,0.5,blocked_context,수수료/인증/교육/컨설팅/비현금 문맥,subtract,pending,True,mixed_manual_review,True,True,0,2,https://www.bizinfo.go.kr/sii/siia/selectSIIA200Detail.do?pblancId=PBLN_000000000123593
SMARTFACTORY:2026-N-0110:5,[현대자동차그룹]2026 대중소상생형 스마트공장 구축(기초),스마트공장 사업관리시스템,,no_support_ratio,support_ratio 없음,recommend_only,not_required,False,,False,False,0,0,https://www.smart-factory.kr/usr/bg/ba/ma/bsnsPbancDtl?pbancId=2026-N-0110&pbancSn=5
PBLN_000000000123595,[부산] 2026년 국제아동도서전 연계 콘텐츠 제작 지원 공고,부산광역시,,no_support_ratio,support_ratio 없음,subtract,not_required,False,,True,True,0,1,https://www.bizinfo.go.kr/sii/siia/selectSIIA200Detail.do?pblancId=PBLN_000000000123595
TECHNOPARK:1343,2026년 충남 디스플레이 특화단지 R&D 컨설팅 지원 수혜기업 모집,충남테크노파크,,no_support_ratio,support_ratio 없음,recommend_only,pending,True,manual_representative_recoverable,False,False,0,2,https://www.ctp.or.kr/business/datadetail.do?seq=2709286
PBLN_000000000123598,[부산] 2026년 해양수도 부산 콘텐츠 제작 지원 공고(부울경 협력형 해양수도권 육성 연계),부산광역시,,no_support_ratio,support_ratio 없음,subtract,not_required,False,,True,True,0,1,https://www.bizinfo.go.kr/sii/siia/selectSIIA200Detail.do?pblancId=PBLN_000000000123598
PBLN_000000000123174,[경기] 포천시 2026년 현장기술 돌봄이 지원사업 모집 수정 공고,경기도,,no_support_ratio,support_ratio 없음,subtract,not_required,False,,True,True,0,1,https://www.bizinfo.go.kr/sii/siia/selectSIIA200Detail.do?pblancId=PBLN_000000000123174
PBLN_000000000123192,[경북] 영주시 2026년 3차 지식재산 긴급지원 사업 모집 공고,경상북도,0.4,blocked_context,수수료/인증/교육/컨설팅/비현금 문맥,recommend_only,pending,True,manual_representative_recoverable,True,True,0,5,https://www.bizinfo.go.kr/sii/siia/selectSIIA200Detail.do?pblancId=PBLN_000000000123192
TECHNOPARK:957,(2026-119호) 2026년 강원지역연구장비 활용 수수료 지원사업 참여기업(1차) 모집 공고,강원테크노파크,0.9,blocked_context,수수료/인증/교육/컨설팅/비현금 문맥; 자부담/총사업비/총규모/매출 문맥,recommend_only,pending,True,manual_representative_recoverable,True,True,2,12,https://www.gwtp.or.kr/gwtp/bbsNew_view.php?bbs_data=aWR4PTMxMTQmc3RhcnRQYWdlPSZsaXN0Tm89JnRhYmxlPWNzX2Jic19kYXRhX25ldyZjb2RlPXN1YjAxYiZzZWFyY2hfaXRlbT0mc2VhcmNoX29yZGVyPSZ1cmw9c3ViMDFiJmtleXZhbHVlPXN1YjAxJmJic19tYWxuYW1lPQ==||
PBLN_000000000123188,[경북] 북부 2026년 3차 지식재산 긴급지원 사업 모집 공고,경상북도,0.4,blocked_context,수수료/인증/교육/컨설팅/비현금 문맥,recommend_only,reviewed,False,keep_old_amount,False,True,0,5,https://www.bizinfo.go.kr/sii/siia/selectSIIA200Detail.do?pblancId=PBLN_000000000123188
PBLN_000000000123603,[경북] 구미시 2026년 핵심부품ㆍ소재기술 개발사업 신규지원(단기상용화R&Dㆍ기술컨설팅) 대상과제 공고,경상북도,,no_support_ratio,support_ratio 없음,recommend_only,not_required,False,,True,True,0,3,https://www.bizinfo.go.kr/sii/siia/selectSIIA200Detail.do?pblancId=PBLN_000000000123603
PBLN_000000000123599,[울산] 2026년 지역 중소기업 가치 성장 ESG 정밀진단 및 컨설팅 참여 기업 모집 공고,울산광역시,,no_support_ratio,support_ratio 없음,recommend_only,not_required,False,,False,False,0,1,https://www.bizinfo.go.kr/sii/siia/selectSIIA200Detail.do?pblancId=PBLN_000000000123599
PBLN_000000000123203,AI기반 Age-Tech 산업 중심의 디지털의료제품 지원 바이오데이터 및 알고리즘 실증 기술서비스 모집 상시 공고(산업혁신기반구축ㆍ2차년도),산업통상부,,no_support_ratio,support_ratio 없음,recommend_only,not_required,False,,False,False,0,0,https://www.bizinfo.go.kr/sii/siia/selectSIIA200Detail.do?pblancId=PBLN_000000000123203
PBLN_000000000123261,[인천] 2026년 우수디자인 시제품개발지원사업 모집 공고,인천광역시,0.7,blocked_context,수수료/인증/교육/컨설팅/비현금 문맥,subtract,reviewed,False,keep_old_amount,False,True,3,3,https://www.bizinfo.go.kr/sii/siia/selectSIIA200Detail.do?pblancId=PBLN_000000000123261
PBLN_000000000123605,[경기] 2026년 AI기업 글로벌 공동연구ㆍ해외진출 지원 예비참여기업 공개모집 공고,경기도,,no_support_ratio,support_ratio 없음,subtract,not_required,False,,True,True,0,1,https://www.bizinfo.go.kr/sii/siia/selectSIIA200Detail.do?pblancId=PBLN_000000000123605
SMARTFACTORY:2026-N-0073:1,[충남] 2026년 제조DX멘토단 활용지원사업(구축지도) 도입기업 모집 공고,스마트공장 사업관리시스템,0.85,blocked_context,수수료/인증/교육/컨설팅/비현금 문맥; 자부담/총사업비/총규모/매출 문맥,recommend_only,pending,True,total_scale_manual_review,False,False,3,3,https://www.smart-factory.kr/usr/bg/ba/ma/bsnsPbancDtl?pbancId=2026-N-0073&pbancSn=1
PBLN_000000000123607,[경북] 김천시 2026년 4차 중소기업 기술성장 디딤돌 사업 참가기업 추가모집 공고,경상북도,0.1,already_confirmed_amount,확정 대표금액 차감 우선,subtract,not_required,False,,True,True,0,1,https://www.bizinfo.go.kr/sii/siia/selectSIIA200Detail.do?pblancId=PBLN_000000000123607
PBLN_000000000123615,2026년 독서경영 우수직장 인증 신청 공고,문화체육관광부,,no_support_ratio,support_ratio 없음,recommend_only,not_required,False,,False,False,0,11,https://www.bizinfo.go.kr/sii/siia/selectSIIA200Detail.do?pblancId=PBLN_000000000123615
PBLN_000000000123621,[경남] 2026년 하반기 농어촌진흥기금 융자계획 공고,경상남도,,no_support_ratio,support_ratio 없음,exclude,not_required,False,,False,False,0,2,https://www.bizinfo.go.kr/sii/siia/selectSIIA200Detail.do?pblancId=PBLN_000000000123621
PBLN_000000000123766,[충북] 2026년 스마트공장 구축 자부담금 지원사업 수혜기업 모집 공고,충청북도,,no_support_ratio,support_ratio 없음,subtract,pending,True,manual_representative_recoverable,False,False,0,4,https://www.bizinfo.go.kr/sii/siia/selectSIIA200Detail.do?pblancId=PBLN_000000000123766
PBLN_000000000123451,바이오의약품 소재부품장비 기업지원 프로그램 모집 공고,산업통상부,,no_support_ratio,support_ratio 없음,recommend_only,pending,True,recommend_only_payload,False,True,0,3,https://www.bizinfo.go.kr/sii/siia/selectSIIA200Detail.do?pblancId=PBLN_000000000123451
PBLN_000000000123625,[대구] 2026년 마을기업 로컬 업 협업 지원사업 참여기업 추가 모집 공고,대구광역시,,no_support_ratio,support_ratio 없음,subtract,not_required,False,,False,False,0,1,https://www.bizinfo.go.kr/sii/siia/selectSIIA200Detail.do?pblancId=PBLN_000000000123625
PBLN_000000000123628,2026년 2차 소상공인 가업승계(충남이어家) 지원사업 모집 공고,충청남도,,no_support_ratio,support_ratio 없음,subtract,not_required,False,,True,False,0,6,https://www.bizinfo.go.kr/sii/siia/selectSIIA200Detail.do?pblancId=PBLN_000000000123628
TECHNOPARK:1868,『고성능 전기차용 전동화시스템 성능평가 기반구축』 2026년도 기업지원 통합 모집 공고,충남테크노파크,,no_support_ratio,support_ratio 없음,subtract,not_required,False,,False,False,0,0,https://www.ctp.or.kr/business/datadetail.do?seq=2709315
PBLN_000000000123630,[전북] 2026년 게임인재 맞춤형 인턴십 지원사업 모집 공고,전북특별자치도,,no_support_ratio,support_ratio 없음,subtract,not_required,False,,False,False,0,1,https://www.bizinfo.go.kr/sii/siia/selectSIIA200Detail.do?pblancId=PBLN_000000000123630
PBLN_000000000123636,[울산] 2026년 산학융합 혁신기반 활용사업 시제품 제작 지원 사업 참여기업 모집 공고,울산광역시,,no_support_ratio,support_ratio 없음,subtract,not_required,False,,True,False,0,1,https://www.bizinfo.go.kr/sii/siia/selectSIIA200Detail.do?pblancId=PBLN_000000000123636
PBLN_000000000123638,[경남] 2026년 4차 기술경영 애로해결을 위한 Quick Solution Program(기술닥터 및 이노카페심층상담) 참여기업 모집 공고,경상남도,,no_support_ratio,support_ratio 없음,recommend_only,pending,True,recommend_only_payload,False,True,0,1,https://www.bizinfo.go.kr/sii/siia/selectSIIA200Detail.do?pblancId=PBLN_000000000123638
PBLN_000000000123644,[전북] 2026년 3차 데이터 활용기업 맞춤형 지원사업 수요기업 모집 연장 공고,전북특별자치도,,no_support_ratio,support_ratio 없음,recommend_only,reviewed,False,keep_old_amount,True,True,0,1,https://www.bizinfo.go.kr/sii/siia/selectSIIA200Detail.do?pblancId=PBLN_000000000123644
TECHNOPARK:1873,「충남 지역혁신클러스터육성(비R&D)사업」사업화 지원 수혜기업 모집 공고(2차),충남테크노파크,0.5,blocked_context,수수료/인증/교육/컨설팅/비현금 문맥,recommend_only,pending,True,manual_representative_recoverable,False,False,1,8,https://www.ctp.or.kr/business/datadetail.do?seq=2709316
TECHNOPARK:946,「2026 제12회 한국 AI 신발디자인 공모전」후원사 모집,부산테크노파크,,no_support_ratio,support_ratio 없음,recommend_only,not_required,False,,False,False,0,0,https://www.btp.or.kr/kor/CMS/Board/Board.do?mCode=MN013&mode=view&mgr_seq=16&board_seq=9581974
PBLN_000000000123656,[충남] 2026년 2차 지역혁신클러스터육성(비R&D)사업 사업화 지원 수혜기업 모집 공고,충청남도,0.5,already_confirmed_amount,확정 대표금액 차감 우선,subtract,not_required,False,,True,True,0,10,https://www.bizinfo.go.kr/sii/siia/selectSIIA200Detail.do?pblancId=PBLN_000000000123656
TECHNOPARK:1559,2026년 부산 연구개발장비 공동활용 지원사업 모집 공고(2차),부산테크노파크,,no_support_ratio,support_ratio 없음,recommend_only,not_required,False,,False,False,0,0,https://www.btp.or.kr/kor/CMS/Board/Board.do?mCode=MN013&mode=view&mgr_seq=16&board_seq=9582071
PBLN_000000000123657,2026년 전북 시네마틱 미드폼 콘텐츠 제작지원 모집 공고,전북특별자치도,,no_support_ratio,support_ratio 없음,recommend_only,not_required,False,,False,False,0,1,https://www.bizinfo.go.kr/sii/siia/selectSIIA200Detail.do?pblancId=PBLN_000000000123657
TECHNOPARK:964,[2026-047호] 2026년 디지털 콘텐츠 산업 규제개혁 어드바이저 참여기업 모집 공고,세종테크노파크,,no_support_ratio,support_ratio 없음,recommend_only,not_required,False,,False,False,0,0,https://www.sjtp.or.kr/bbs/board.php?bo_table=business01&wr_id=1972
SMARTFACTORY:2026-N-0061:4,"[2차]2026 대중소상생형(삼성) 스마트공장 구축(기초,동일수준)",스마트공장 사업관리시스템,0.6,already_confirmed_amount,확정 대표금액 차감 우선,subtract,not_required,False,,True,True,1,3,https://www.smart-factory.kr/usr/bg/ba/ma/bsnsPbancDtl?pbancId=2026-N-0061&pbancSn=4
PBLN_000000000123264,[경북] 2026년 모빌리티 산업 디지털 전환 고도화 지원사업 수혜기업 모집 공고,경상북도,,no_support_ratio,support_ratio 없음,subtract,not_required,False,,True,True,0,4,https://www.bizinfo.go.kr/sii/siia/selectSIIA200Detail.do?pblancId=PBLN_000000000123264
PBLN_000000000123661,2026년 중소사업장 유해화학물질 취급시설 안전관리 지원 사업 참여 사업장 모집 공고,기후에너지환경부,1.0,blocked_context,수수료/인증/교육/컨설팅/비현금 문맥,recommend_only,not_required,False,,False,False,0,8,https://www.bizinfo.go.kr/sii/siia/selectSIIA200Detail.do?pblancId=PBLN_000000000123661
SMARTFACTORY:2025-N-0198:1,2026년도 정부형 스마트공장 구축사업 공고(동일수준),스마트공장 사업관리시스템,0.5,already_confirmed_amount,확정 대표금액 차감 우선,subtract,not_required,False,,True,True,2,23,https://www.smart-factory.kr/usr/bg/ba/ma/bsnsPbancDtl?pbancId=2025-N-0198&pbancSn=1
PBLN_000000000123663,2026년 3차 예술산업 금융지원 시범사업(융자) 공고,문화체육관광부,,no_support_ratio,support_ratio 없음,exclude,not_required,False,,False,False,0,4,https://www.bizinfo.go.kr/sii/siia/selectSIIA200Detail.do?pblancId=PBLN_000000000123663
PBLN_000000000123291,[전북] 군산시 2026년 2차 AX얼라이언스 산ㆍ학ㆍ연 종합프로그램 지원 수혜기업 모집 공고(군산국가산업단지 스마트그린 AX실증산단 구축사업),산업통상부,1.0,already_confirmed_amount,확정 대표금액 차감 우선,subtract,not_required,False,,True,True,0,2,https://www.bizinfo.go.kr/sii/siia/selectSIIA200Detail.do?pblancId=PBLN_000000000123291
SMARTFACTORY:2026-N-0087:1,[강원] 2026년 제조DX멘토단 활용지원사업(구축지도) 도입기업 모집 공고,스마트공장 사업관리시스템,0.85,already_confirmed_amount,확정 대표금액 차감 우선,subtract,not_required,False,,True,True,4,4,https://www.smart-factory.kr/usr/bg/ba/ma/bsnsPbancDtl?pbancId=2026-N-0087&pbancSn=1
PBLN_000000000123301,[전남광주] 2026년 뿌리산업 선도기업 육성사업 기업 맞춤형 디지털전환 수준진단 및 컨설팅 지원 수혜기업 공고,전남광주통합특별시,0.65,blocked_context,수수료/인증/교육/컨설팅/비현금 문맥,recommend_only,not_required,False,,False,False,0,1,https://www.bizinfo.go.kr/sii/siia/selectSIIA200Detail.do?pblancId=PBLN_000000000123301
SMARTFACTORY:2026-N-0112:2,2026년 전북형 스마트 제조혁신 프로젝트 추가모집 (JS1-간편자동화과제),스마트공장 사업관리시스템,,no_support_ratio,support_ratio 없음,recommend_only,not_required,False,,False,False,0,0,https://www.smart-factory.kr/usr/bg/ba/ma/bsnsPbancDtl?pbancId=2026-N-0112&pbancSn=2
PBLN_000000000123335,2026년 차세대 특화망 사전검증(PoC) 지원사업 수요기업 모집 공고,과학기술정보통신부,,no_support_ratio,support_ratio 없음,recommend_only,not_required,False,,False,False,0,0,https://www.bizinfo.go.kr/sii/siia/selectSIIA200Detail.do?pblancId=PBLN_000000000123335
PBLN_000000000123375,[전남] 첨단로봇ㆍAI 활용 중소기업 제조혁신 사업 기업지원(기술개발) 모집 공고,전라남도,1.0,already_confirmed_amount,확정 대표금액 차감 우선,subtract,not_required,False,,True,True,1,3,https://www.bizinfo.go.kr/sii/siia/selectSIIA200Detail.do?pblancId=PBLN_000000000123375
TECHNOPARK:1749,「2026년 지역특화 제조데이터 활성화 사업」AI솔루션 실증 참여기업 모집 2차 공고,대구테크노파크,,no_support_ratio,support_ratio 없음,recommend_only,not_required,False,,False,False,0,0,https://dgtp.or.kr/bbs/BoardControllView.do?bbsId=BBSMSTR_000000000003&nttId=15579
PBLN_000000000123666,[경북] 2026년 3차 광역이음프로젝트 공동 R&Dㆍ일터 개선ㆍ재직자 훈련 참여기업 모집 통합 공고,경상북도,,no_support_ratio,support_ratio 없음,recommend_only,not_required,False,,True,True,0,3,https://www.bizinfo.go.kr/sii/siia/selectSIIA200Detail.do?pblancId=PBLN_000000000123666
PBLN_000000000123412,[경남] 2026년 수산부산물 재활용 규제자유특구 책임보험 지원기업 모집 공고,경상남도,0.8,already_confirmed_amount,확정 대표금액 차감 우선,subtract,not_required,False,,True,True,0,1,https://www.bizinfo.go.kr/sii/siia/selectSIIA200Detail.do?pblancId=PBLN_000000000123412
PBLN_000000000123669,[대구] 2026년 R&D 과제 발굴 및 기획 지원 공고,대구광역시,0.8,already_confirmed_amount,확정 대표금액 차감 우선,subtract,not_required,False,,True,True,0,6,https://www.bizinfo.go.kr/sii/siia/selectSIIA200Detail.do?pblancId=PBLN_000000000123669
PBLN_000000000123671,[전북] 2026년 2차 혁신성장 R&D+(연구개발)사업 지원사업 모집 공고,전북특별자치도,1.0,already_confirmed_amount,확정 대표금액 차감 우선,subtract,not_required,False,,True,True,0,3,https://www.bizinfo.go.kr/sii/siia/selectSIIA200Detail.do?pblancId=PBLN_000000000123671
PBLN_000000000123680,2026년 중견기업-공공연 개방형 혁신 지원 사업 신규과제 모집 공고,산업통상부,0.5,blocked_context,수수료/인증/교육/컨설팅/비현금 문맥,subtract,pending,True,mixed_manual_review,False,True,0,1,https://www.bizinfo.go.kr/sii/siia/selectSIIA200Detail.do?pblancId=PBLN_000000000123680
PBLN_000000000123672,[대전] 2026년 반도체대전(SEDEX) 대전공동관 참가기업 모집 공고(시스템반도체 기술 지원사업),대전광역시,,no_support_ratio,support_ratio 없음,recommend_only,not_required,False,,False,False,0,1,https://www.bizinfo.go.kr/sii/siia/selectSIIA200Detail.do?pblancId=PBLN_000000000123672
SMARTFACTORY:2026-N-0082:1,[서울] 2026년 제조DX멘토단 활용지원사업(구축지도) 도입기업 모집 공고,스마트공장 사업관리시스템,0.85,already_confirmed_amount,확정 대표금액 차감 우선,subtract,not_required,False,,True,True,7,7,https://www.smart-factory.kr/usr/bg/ba/ma/bsnsPbancDtl?pbancId=2026-N-0082&pbancSn=1
PBLN_000000000123684,2026년 전남 콘텐츠 IP 패키지 지원 참가기업 모집 공고,전남광주통합특별시,,no_support_ratio,support_ratio 없음,subtract,not_required,False,,False,False,0,4,https://www.bizinfo.go.kr/sii/siia/selectSIIA200Detail.do?pblancId=PBLN_000000000123684
PBLN_000000000123268,[충남] 천안시ㆍ아산시 2026년 디스플레이 특화단지 R&D 컨설팅 지원 수혜기업 모집 공고,충청남도,,no_support_ratio,support_ratio 없음,subtract,not_required,False,,True,True,0,2,https://www.bizinfo.go.kr/sii/siia/selectSIIA200Detail.do?pblancId=PBLN_000000000123268
PBLN_000000000123443,[충북] 2026년 2차 바이오 국제공동연구사업 지원과제 공고(양자간 국제공동연구사업),충청북도,1.0,already_confirmed_amount,확정 대표금액 차감 우선,subtract,not_required,False,,True,True,1,3,https://www.bizinfo.go.kr/sii/siia/selectSIIA200Detail.do?pblancId=PBLN_000000000123443
PBLN_000000000123685,[전남광주] 2026년 생성형 AI SW 활용 지원사업 공고(가상융합산업 혁신센터 운영사업),전남광주통합특별시,,no_support_ratio,support_ratio 없음,subtract,not_required,False,,True,True,0,1,https://www.bizinfo.go.kr/sii/siia/selectSIIA200Detail.do?pblancId=PBLN_000000000123685
PBLN_000000000123694,[대전] 2026년 팝:콘 고도화 제작 지원사업 참여기업 모집 수정 공고,대전광역시,1.0,already_confirmed_amount,확정 대표금액 차감 우선,subtract,not_required,False,,True,True,0,3,https://www.bizinfo.go.kr/sii/siia/selectSIIA200Detail.do?pblancId=PBLN_000000000123694
SMARTFACTORY:2025-N-0202:2,2026년 디지털협업공장 구축 지원사업 컨소시엄 모집공고,스마트공장 사업관리시스템,0.5,blocked_context,자부담/총사업비/총규모/매출 문맥,subtract,pending,True,manual_representative_recoverable,False,False,3,21,https://www.smart-factory.kr/usr/bg/ba/ma/bsnsPbancDtl?pbancId=2025-N-0202&pbancSn=2
PBLN_000000000123703,[부산] 2026년 3차 대외협력R&D기획지원사업 신규과제 공고,부산광역시,0.4,already_confirmed_amount,확정 대표금액 차감 우선,subtract,not_required,False,,True,True,0,3,https://www.bizinfo.go.kr/sii/siia/selectSIIA200Detail.do?pblancId=PBLN_000000000123703
PBLN_000000000123399,[경북] 2026년 소공인 클린제조환경조성 사업 모집 공고,경상북도,0.15,blocked_context,수수료/인증/교육/컨설팅/비현금 문맥,subtract,pending,True,manual_representative_recoverable,False,True,1,6,https://www.bizinfo.go.kr/sii/siia/selectSIIA200Detail.do?pblancId=PBLN_000000000123399
PBLN_000000000123700,[대구] 2026년 산업안전보건 원스톱 서비스 지원 공고,대구광역시,,no_support_ratio,support_ratio 없음,subtract,pending,True,mixed_manual_review,True,True,0,3,https://www.bizinfo.go.kr/sii/siia/selectSIIA200Detail.do?pblancId=PBLN_000000000123700
PBLN_000000000123709,[강원] 2026년 2차 소상공인 경영안정자금 지원사업 공고,강원특별자치도,,no_support_ratio,support_ratio 없음,exclude,not_required,False,,False,False,0,5,https://www.bizinfo.go.kr/sii/siia/selectSIIA200Detail.do?pblancId=PBLN_000000000123709
PBLN_000000000123711,[전남광주] 2026년 소상공인 육성자금 지원계획 변경 공고,전남광주통합특별시,0.035,blocked_context,금융/융자/보증/이차보전 문맥,exclude,not_required,False,,False,False,1,2,https://www.bizinfo.go.kr/sii/siia/selectSIIA200Detail.do?pblancId=PBLN_000000000123711
PBLN_000000000123708,[경기] 2026년 공공의료원 AI진단보조기기 실증지원사업 참여기업 모집 공고,경기도,0.25,blocked_context,수수료/인증/교육/컨설팅/비현금 문맥,subtract,pending,True,mixed_manual_review,True,True,0,1,https://www.bizinfo.go.kr/sii/siia/selectSIIA200Detail.do?pblancId=PBLN_000000000123708
PBLN_000000000123712,[강원] 바이오ㆍ헬스케어 AI 대전환 실증기업 모집 공고(지역 주도형 AI 대전환 사업),강원특별자치도,1.0,blocked_context,수수료/인증/교육/컨설팅/비현금 문맥,recommend_only,not_required,False,,False,False,0,2,https://www.bizinfo.go.kr/sii/siia/selectSIIA200Detail.do?pblancId=PBLN_000000000123712
PBLN_000000000123713,[강원] 바이오ㆍ헬스케어 AI 대전환 수요기업 모집 공고(지역 주도형 AI 대전환 사업),강원특별자치도,1.0,blocked_context,수수료/인증/교육/컨설팅/비현금 문맥,recommend_only,not_required,False,,False,False,0,1,https://www.bizinfo.go.kr/sii/siia/selectSIIA200Detail.do?pblancId=PBLN_000000000123713
SMARTFACTORY:2026-N-0075:1,[경남]2026년 제조DX멘토단 활용지원(구축지도) 도입기업 모집 공고,스마트공장 사업관리시스템,0.85,blocked_context,수수료/인증/교육/컨설팅/비현금 문맥; 자부담/총사업비/총규모/매출 문맥,subtract,pending,True,total_scale_manual_review,False,False,3,3,https://www.smart-factory.kr/usr/bg/ba/ma/bsnsPbancDtl?pbancId=2026-N-0075&pbancSn=1
PBLN_000000000123721,[부산] 2026년 하반기 청년 일경험지원사업(인턴형) 인턴십 프로그램 참여기업 모집 공고,부산광역시,,no_support_ratio,support_ratio 없음,subtract,not_required,False,,True,False,0,2,https://www.bizinfo.go.kr/sii/siia/selectSIIA200Detail.do?pblancId=PBLN_000000000123721
PBLN_000000000123725,[경북] 청송군 2026년 소상공인 카드수수료 지원사업 참여점포 모집 공고,경상북도,,no_support_ratio,support_ratio 없음,subtract,not_required,False,,False,False,0,1,https://www.bizinfo.go.kr/sii/siia/selectSIIA200Detail.do?pblancId=PBLN_000000000123725
SMARTFACTORY:2025-N-0210:1,2026년도 지역특화 프로젝트「레전드50+」연계 스마트공장 구축 지원사업 공고,스마트공장 사업관리시스템,,no_support_ratio,support_ratio 없음,subtract,pending,True,manual_representative_recoverable,False,False,0,21,https://www.smart-factory.kr/usr/bg/ba/ma/bsnsPbancDtl?pbancId=2025-N-0210&pbancSn=1
PBLN_000000000123733,[경기] 화성시 2026년 하반기 그린안전리모델링 지원사업 참여기업 모집 공고,경기도,,no_support_ratio,support_ratio 없음,subtract,not_required,False,,True,True,0,2,https://www.bizinfo.go.kr/sii/siia/selectSIIA200Detail.do?pblancId=PBLN_000000000123733
PBLN_000000000123732,[충북] 2026년 2차 시군 경쟁력강화산업 육성사업(R&D) 모집 수정 공고,충청북도,0.15,already_confirmed_amount,확정 대표금액 차감 우선,subtract,not_required,False,,True,True,0,1,https://www.bizinfo.go.kr/sii/siia/selectSIIA200Detail.do?pblancId=PBLN_000000000123732
SMARTFACTORY:2026-N-0011:1,2026년도 제조DX멘토단 활용지원(사전기획) 도입기업 모집 공고,스마트공장 사업관리시스템,0.85,blocked_context,자부담/총사업비/총규모/매출 문맥,recommend_only,pending,True,total_scale_manual_review,False,False,2,2,https://www.smart-factory.kr/usr/bg/ba/ma/bsnsPbancDtl?pbancId=2026-N-0011&pbancSn=1
PBLN_000000000123750,[경북] 경산시 2026년 산업 AX 미니프로젝트 지원 사업 참여기업 모집 공고(산업 인공지능(AI) 전환 및 확산기반조성),경상북도,,no_support_ratio,support_ratio 없음,subtract,not_required,False,,True,True,0,4,https://www.bizinfo.go.kr/sii/siia/selectSIIA200Detail.do?pblancId=PBLN_000000000123750
PBLN_000000000123747,2026년 디지털전환 혁신기업 기획지원 사업 (컨설팅 참여기업(관)) 모집,경상북도,0.5,blocked_context,수수료/인증/교육/컨설팅/비현금 문맥,recommend_only,pending,True,mixed_manual_review,False,True,0,1,https://www.bizinfo.go.kr/sii/siia/selectSIIA200Detail.do?pblancId=PBLN_000000000123747
SMARTFACTORY:2026-N-0106:1,(충북) 2026년 제조 AI 현장 적용 지원 사업,스마트공장 사업관리시스템,,no_support_ratio,support_ratio 없음,recommend_only,pending,True,total_scale_manual_review,False,False,0,1,https://www.smart-factory.kr/usr/bg/ba/ma/bsnsPbancDtl?pbancId=2026-N-0106&pbancSn=1
PBLN_000000000123751,2026년 하반기 특허 조사ㆍ분석 역량강화 교육과정 참여 모집 공고,지식재산처,,no_support_ratio,support_ratio 없음,recommend_only,not_required,False,,False,False,0,1,https://www.bizinfo.go.kr/sii/siia/selectSIIA200Detail.do?pblancId=PBLN_000000000123751
PBLN_000000000123765,[인천] 2026년 지역기업 맞춤형 상품개발 및 홍보 지원사업 참여기업 모집 공고,인천광역시,,no_support_ratio,support_ratio 없음,subtract,not_required,False,,False,False,0,3,https://www.bizinfo.go.kr/sii/siia/selectSIIA200Detail.do?pblancId=PBLN_000000000123765
PBLN_000000000123761,2026년 글로벌 실증 파트너십 지원 추가모집 공고,인천광역시,,no_support_ratio,support_ratio 없음,subtract,not_required,False,,True,True,0,1,https://www.bizinfo.go.kr/sii/siia/selectSIIA200Detail.do?pblancId=PBLN_000000000123761
TECHNOPARK:135,2026년 제조DX멘토단 활용지원(구축지도) 도입기업 모집 공고,전북테크노파크,0.85,blocked_context,수수료/인증/교육/컨설팅/비현금 문맥; 자부담/총사업비/총규모/매출 문맥,recommend_only,not_required,False,,True,True,4,4,https://www.jbtp.or.kr/board/view.jbtp?menuCd=DOM_000000102001000000&boardId=BBS_0000006&dataSid=19904
PBLN_000000000123767,2026년 바이오소재(항원ㆍ항체) 개발지원사업 공고(중소형 CDMO육성 항원 항체소재 뱅크 구축 사업),산업통상부,,no_support_ratio,support_ratio 없음,subtract,pending,True,recommend_only_payload,False,True,0,1,https://www.bizinfo.go.kr/sii/siia/selectSIIA200Detail.do?pblancId=PBLN_000000000123767
TECHNOPARK:1382,2026년 인천광역시 우수디자인 시제품개발지원사업 모집 공고[~7/7],인천테크노파크,0.8,already_confirmed_amount,확정 대표금액 차감 우선,subtract,not_required,False,,True,True,1,1,https://itp.or.kr/intro.asp?tmid=13&seq=10859
PBLN_000000000123770,2026년 한국형 녹색채권 발행 이차보전 지원사업 추가 모집 공고,기후에너지환경부,,no_support_ratio,support_ratio 없음,exclude,not_required,False,,False,False,0,1,https://www.bizinfo.go.kr/sii/siia/selectSIIA200Detail.do?pblancId=PBLN_000000000123770
TECHNOPARK:1558,2026 패패부산(부산국제신발섬유패션전시회) 참가기업 모집공고,부산테크노파크,,no_support_ratio,support_ratio 없음,recommend_only,not_required,False,,False,False,0,0,https://www.btp.or.kr/kor/CMS/Board/Board.do?mCode=MN013&mode=view&mgr_seq=16&board_seq=9582070
PBLN_000000000123773,2026년 출판콘텐츠 기술개발 지원 사업(후속과제) 신청 공고,문화체육관광부,,no_support_ratio,support_ratio 없음,subtract,not_required,False,,True,False,0,1,https://www.bizinfo.go.kr/sii/siia/selectSIIA200Detail.do?pblancId=PBLN_000000000123773
TECHNOPARK:1854,2026 동남 정보보호클러스터 보안 테스팅 지원,경남테크노파크,1.0,blocked_context,수수료/인증/교육/컨설팅/비현금 문맥,recommend_only,not_required,False,,False,False,1,1,http://www.gntp.or.kr/biz/applyInfo/3790
PBLN_000000000123775,[충북] 영동군 2026년 3차 지방소멸 대응을 위한 와인산업 활성화 지원사업 수혜기업 모집 공고(시군구연고산업육성사업 지원모집 공고),중소벤처기업부,,no_support_ratio,support_ratio 없음,recommend_only,not_required,False,,False,False,0,1,https://www.bizinfo.go.kr/sii/siia/selectSIIA200Detail.do?pblancId=PBLN_000000000123775
PBLN_000000000123777,[대구] CES 혁신상 수상지원 프로그램 참가기업 모집 공고(국제전자제품박람회(CES 2027) 대구 통합공동관 조성운영 사업),대구광역시,,no_support_ratio,support_ratio 없음,subtract,not_required,False,,False,False,0,2,https://www.bizinfo.go.kr/sii/siia/selectSIIA200Detail.do?pblancId=PBLN_000000000123777
PBLN_000000000123779,[충남] 2026년 지역 공공캐릭터 IP 사업화 및 고도화 지원 공고(충남콘텐츠기업지원센터),충청남도,,no_support_ratio,support_ratio 없음,subtract,not_required,False,,True,False,0,1,https://www.bizinfo.go.kr/sii/siia/selectSIIA200Detail.do?pblancId=PBLN_000000000123779
PBLN_000000000123790,2026년 현장실습훈련지원사업(시니어인턴십) 세대통합형 참여기업 모집 공고,보건복지부,,no_support_ratio,support_ratio 없음,subtract,not_required,False,,True,False,0,2,https://www.bizinfo.go.kr/sii/siia/selectSIIA200Detail.do?pblancId=PBLN_000000000123790
TECHNOPARK:405,2026년 전북특별자치도 공공데이터·AI 활용 창업경진대회 공고,전북테크노파크,0.044,blocked_context,수수료/인증/교육/컨설팅/비현금 문맥,recommend_only,pending,True,mixed_manual_review,False,False,1,2,https://www.jbtp.or.kr/board/view.jbtp?menuCd=DOM_000000102001000000&boardId=BBS_0000006&dataSid=20084
PBLN_000000000123801,2026년 장수군 3차 레드푸드 전ㆍ후방기업 경쟁력 강화 및 스마트 농업 활성화 지원 사업 지원기업 모집 연장 공고(시군구연고산업육성 협업프로젝트),중소벤처기업부,,no_support_ratio,support_ratio 없음,subtract,not_required,False,,False,False,0,7,https://www.bizinfo.go.kr/sii/siia/selectSIIA200Detail.do?pblancId=PBLN_000000000123801
PBLN_000000000123798,[전남광주] 2026년 2차 뿌리산업 선도기업 육성사업 신규지원 통합 공고,전남광주통합특별시,,no_support_ratio,support_ratio 없음,subtract,not_required,False,,True,True,0,11,https://www.bizinfo.go.kr/sii/siia/selectSIIA200Detail.do?pblancId=PBLN_000000000123798
PBLN_000000000123807,"[충남] 2026년 2차 지역주력산업육성(지역특화 프로젝트 레전드 50+) 지원모집 공고(충남, 탄소저감 자동차부품, 디스플레이부품장비)",중소벤처기업부,,no_support_ratio,support_ratio 없음,recommend_only,not_required,False,,False,False,0,6,https://www.bizinfo.go.kr/sii/siia/selectSIIA200Detail.do?pblancId=PBLN_000000000123807
PBLN_000000000123817,[경기] 2026년 글로벌 로케이션 인센티브 추가모집 공고,경기도,,no_support_ratio,support_ratio 없음,subtract,not_required,False,,False,False,0,1,https://www.bizinfo.go.kr/sii/siia/selectSIIA200Detail.do?pblancId=PBLN_000000000123817
PBLN_000000000123824,2026년 대전 인간친화형 로봇 스케일업 밸리 혁신 생태계 기반 구축사업 지원기업 2차 추가 모집 공고,대전광역시,,no_support_ratio,support_ratio 없음,exclude,not_required,False,,False,False,0,1,https://www.bizinfo.go.kr/sii/siia/selectSIIA200Detail.do?pblancId=PBLN_000000000123824
PBLN_000000000123826,[충남] 서부 2026년 3차 지식재산 긴급지원 모집 공고,충청남도,,no_support_ratio,support_ratio 없음,recommend_only,not_required,False,,False,False,0,5,https://www.bizinfo.go.kr/sii/siia/selectSIIA200Detail.do?pblancId=PBLN_000000000123826
PBLN_000000000123828,[충남] 2026년 3차 지식재산 긴급지원 모집 공고,충청남도,,no_support_ratio,support_ratio 없음,recommend_only,not_required,False,,False,False,0,5,https://www.bizinfo.go.kr/sii/siia/selectSIIA200Detail.do?pblancId=PBLN_000000000123828
PBLN_000000000123830,[전북] 2026년 3차 지식재산 긴급지원 모집 공고,전북특별자치도,,no_support_ratio,support_ratio 없음,subtract,not_required,False,,False,False,0,13,https://www.bizinfo.go.kr/sii/siia/selectSIIA200Detail.do?pblancId=PBLN_000000000123830
PBLN_000000000123833,[충북] 2026년 3차 지식재산 긴급지원 모집 공고,충청북도,,no_support_ratio,support_ratio 없음,recommend_only,not_required,False,,False,False,0,4,https://www.bizinfo.go.kr/sii/siia/selectSIIA200Detail.do?pblancId=PBLN_000000000123833
PBLN_000000000123835,[부산] 2026년 정보보호기업 성장지원 사업화(비R&D) 지원 사업 추가 모집 공고,부산광역시,,no_support_ratio,support_ratio 없음,subtract,not_required,False,,True,True,0,5,https://www.bizinfo.go.kr/sii/siia/selectSIIA200Detail.do?pblancId=PBLN_000000000123835
PBLN_000000000123836,[경기] 부천시 2026년 7월 중소기업 지식재산 지원 사업 공고,경기도,,no_support_ratio,support_ratio 없음,subtract,not_required,False,,False,False,0,2,https://www.bizinfo.go.kr/sii/siia/selectSIIA200Detail.do?pblancId=PBLN_000000000123836
PBLN_000000000123840,[전남광주] 서구 2026년 3차 지식재산 긴급지원(지식재산권리화 지원) 사업 공고,전남광주통합특별시,,no_support_ratio,support_ratio 없음,recommend_only,not_required,False,,False,False,0,2,https://www.bizinfo.go.kr/sii/siia/selectSIIA200Detail.do?pblancId=PBLN_000000000123840
PBLN_000000000123839,[서울] 2026년 3차 지식재산 긴급지원 모집 공고,서울특별시,,no_support_ratio,support_ratio 없음,subtract,not_required,False,,True,True,0,3,https://www.bizinfo.go.kr/sii/siia/selectSIIA200Detail.do?pblancId=PBLN_000000000123839
PBLN_000000000123849,[충남] 천안시 AIㆍ전략산업 실현기술(Enable Tech)개발 지원사업 참여 컨소시엄 모집 공고,충청남도,,no_support_ratio,support_ratio 없음,recommend_only,not_required,False,,False,False,0,7,https://www.bizinfo.go.kr/sii/siia/selectSIIA200Detail.do?pblancId=PBLN_000000000123849
PBLN_000000000123850,[서울] 2026년 DDP 쇼룸 패션기업 PoC 지원 모집 공고,서울특별시,,no_support_ratio,support_ratio 없음,subtract,not_required,False,,True,True,0,2,https://www.bizinfo.go.kr/sii/siia/selectSIIA200Detail.do?pblancId=PBLN_000000000123850
PBLN_000000000123858,2026년 바이오ㆍ메디컬 패키지지원 프로그램 참여기업 모집 공고(특화역량 BI 지원사업),중소벤처기업부,,no_support_ratio,support_ratio 없음,subtract,not_required,False,,True,True,0,1,https://www.bizinfo.go.kr/sii/siia/selectSIIA200Detail.do?pblancId=PBLN_000000000123858
PBLN_000000000123862,[경기] 2026년 4차 자동차산업 신규입직자 고용ㆍ성장 지원사업 참여기업 및 참여자 모집 공고,고용노동부,,no_support_ratio,support_ratio 없음,subtract,not_required,False,,True,False,0,4,https://www.bizinfo.go.kr/sii/siia/selectSIIA200Detail.do?pblancId=PBLN_000000000123862
PBLN_000000000123866,2026년 강소특구 글로벌 현지 실증(PoC) 및 해외규격인허가 획득 컨설팅 참여기업 모집 공고,과학기술정보통신부,,no_support_ratio,support_ratio 없음,recommend_only,not_required,False,,False,False,0,6,https://www.bizinfo.go.kr/sii/siia/selectSIIA200Detail.do?pblancId=PBLN_000000000123866
PBLN_000000000123877,2026년 여수엑스포항 국제크루즈 관광객 유치 인센티브 지원 변경 공고,전남광주통합특별시,,no_support_ratio,support_ratio 없음,subtract,not_required,False,,False,False,0,2,https://www.bizinfo.go.kr/sii/siia/selectSIIA200Detail.do?pblancId=PBLN_000000000123877
PBLN_000000000123879,2026년 2차 KICET 기술이전조건부사업화지원사업 수혜기업 모집 공고,산업통상부,,no_support_ratio,support_ratio 없음,subtract,not_required,False,,False,False,0,12,https://www.bizinfo.go.kr/sii/siia/selectSIIA200Detail.do?pblancId=PBLN_000000000123879
PBLN_000000000123881,2026년 4차 제조공정 로봇도입 엔지니어링 컨설팅 모집 공고,산업통상부,,no_support_ratio,support_ratio 없음,subtract,not_required,False,,False,False,0,1,https://www.bizinfo.go.kr/sii/siia/selectSIIA200Detail.do?pblancId=PBLN_000000000123881
PBLN_000000000123885,[충북] 2026년 1차 첨단로봇ㆍ제조 공동연구센터 시제품제작지원 사업 공고(지역혁신중심 대학지원체계(RISE)),충청북도,,no_support_ratio,support_ratio 없음,recommend_only,not_required,False,,False,False,0,5,https://www.bizinfo.go.kr/sii/siia/selectSIIA200Detail.do?pblancId=PBLN_000000000123885
PBLN_000000000123892,2026년 7차 콘크리트 2차 제품 제조 기업 및 레미콘 기업지원 수혜기업 모집 공고,기후에너지환경부,,no_support_ratio,support_ratio 없음,recommend_only,not_required,False,,False,False,0,1,https://www.bizinfo.go.kr/sii/siia/selectSIIA200Detail.do?pblancId=PBLN_000000000123892
PBLN_000000000123904,[울산] 2026년 하반기 산업안전보건 국제표준 인증기업 지원사업 시행 공고,울산광역시,,no_support_ratio,support_ratio 없음,recommend_only,not_required,False,,False,False,0,1,https://www.bizinfo.go.kr/sii/siia/selectSIIA200Detail.do?pblancId=PBLN_000000000123904
PBLN_000000000123906,[경북] 2026년 농식품유통취약농가 판로확대 지원사업 대상자 추가모집 공고,경상북도,,no_support_ratio,support_ratio 없음,subtract,not_required,False,,False,False,0,5,https://www.bizinfo.go.kr/sii/siia/selectSIIA200Detail.do?pblancId=PBLN_000000000123906
PBLN_000000000123902,[충북] 청주시ㆍ충주시ㆍ옥천군 2026년 AI 파일럿 프로젝트 실증 지원 사업 수혜기업 통합 모집 공고(AI 자율제조 선도프로젝트),충청북도,,no_support_ratio,support_ratio 없음,subtract,not_required,False,,True,True,0,3,https://www.bizinfo.go.kr/sii/siia/selectSIIA200Detail.do?pblancId=PBLN_000000000123902
PBLN_000000000123908,[경남] 김해시ㆍ하동군 2026년 10차 청년여성 일경험 지원사업 참여기업 모집 공고,경상남도,,no_support_ratio,support_ratio 없음,subtract,not_required,False,,False,False,0,1,https://www.bizinfo.go.kr/sii/siia/selectSIIA200Detail.do?pblancId=PBLN_000000000123908
PBLN_000000000123912,[강원] 2026년 3차 AI헬스케어 기업육성 지원사업 시행 공고,중소벤처기업부,,no_support_ratio,support_ratio 없음,subtract,not_required,False,,False,False,0,3,https://www.bizinfo.go.kr/sii/siia/selectSIIA200Detail.do?pblancId=PBLN_000000000123912
PBLN_000000000123918,[경기] 시흥시 2026년 소공인 간판 개선 지원사업 모집 공고,경기도,,no_support_ratio,support_ratio 없음,subtract,not_required,False,,True,True,0,1,https://www.bizinfo.go.kr/sii/siia/selectSIIA200Detail.do?pblancId=PBLN_000000000123918
PBLN_000000000123919,[부산] 2026년 고위험산업 사각지대 집중관리사업(재정지원) 참여기업 3차 추가모집 공고,부산광역시,,no_support_ratio,support_ratio 없음,subtract,not_required,False,,False,False,0,5,https://www.bizinfo.go.kr/sii/siia/selectSIIA200Detail.do?pblancId=PBLN_000000000123919
PBLN_000000000123934,[경북] 김천시ㆍ구미시 2026년 중소기업 ESG 경영지원 구축 사업 참여기업 모집 2차 연장 공고,경상북도,,no_support_ratio,support_ratio 없음,subtract,not_required,False,,False,False,0,3,https://www.bizinfo.go.kr/sii/siia/selectSIIA200Detail.do?pblancId=PBLN_000000000123934
PBLN_000000000123936,[경기] 2026년 스타트업 아카데미 글로벌 유니콘 캠퍼스 과정 참여기업 추가모집 공고,경기도,,no_support_ratio,support_ratio 없음,recommend_only,not_required,False,,False,False,0,1,https://www.bizinfo.go.kr/sii/siia/selectSIIA200Detail.do?pblancId=PBLN_000000000123936
PBLN_000000000123946,[인천] 2026년 수요기업 대응형 기술전환 지원 컨설팅 수요기업 추가모집 공고(고강도 고방열 경량금속소재 부품화 실증 기반구축사업),인천광역시,,no_support_ratio,support_ratio 없음,recommend_only,not_required,False,,False,False,0,3,https://www.bizinfo.go.kr/sii/siia/selectSIIA200Detail.do?pblancId=PBLN_000000000123946
PBLN_000000000123949,2026년 미디어아트 콘텐츠 공모전 참가모집 공고(NEXT:ON 2026),인천광역시,,no_support_ratio,support_ratio 없음,recommend_only,not_required,False,,False,False,0,5,https://www.bizinfo.go.kr/sii/siia/selectSIIA200Detail.do?pblancId=PBLN_000000000123949
PBLN_000000000123956,2026년 2차 범부처 첨단 의료기기 연구개발사업 신규지원 대상과제 재공고,과학기술정보통신부,,no_support_ratio,support_ratio 없음,subtract,not_required,False,,True,True,0,7,https://www.bizinfo.go.kr/sii/siia/selectSIIA200Detail.do?pblancId=PBLN_000000000123956
PBLN_000000000123783,[전남광주] 첨단 스마트그린 AX실증산단 구축사업 제조경쟁력 강화를 위한 기업AX 실증지원 공고,전남광주통합특별시,1.0,blocked_context,수수료/인증/교육/컨설팅/비현금 문맥,recommend_only,pending,True,mixed_manual_review,False,True,0,4,https://www.bizinfo.go.kr/sii/siia/selectSIIA200Detail.do?pblancId=PBLN_000000000123783
SMARTFACTORY:2025-N-0194:1,2026년 스마트제조혁신 지원사업 통합공고,스마트공장 사업관리시스템,0.5,already_confirmed_amount,확정 대표금액 차감 우선,subtract,not_required,False,,True,True,77,77,https://www.smart-factory.kr/usr/bg/ba/ma/bsnsPbancDtl?pbancId=2025-N-0194&pbancSn=1
SMARTFACTORY:2026-N-0068:1,[부산] 2026년 제조DX멘토단 활용지원사업(구축지도) 도입기업 모집 공고,스마트공장 사업관리시스템,0.85,blocked_context,수수료/인증/교육/컨설팅/비현금 문맥; 자부담/총사업비/총규모/매출 문맥,recommend_only,not_required,False,,True,True,4,4,https://www.smart-factory.kr/usr/bg/ba/ma/bsnsPbancDtl?pbancId=2026-N-0068&pbancSn=1
SMARTFACTORY:2026-N-0070:1,[전북] 2026년 제조DX멘토단 활용지원(구축지도) 도입기업 모집 공고,스마트공장 사업관리시스템,0.85,blocked_context,수수료/인증/교육/컨설팅/비현금 문맥; 자부담/총사업비/총규모/매출 문맥,recommend_only,not_required,False,,True,True,4,4,https://www.smart-factory.kr/usr/bg/ba/ma/bsnsPbancDtl?pbancId=2026-N-0070&pbancSn=1
SMARTFACTORY:2026-N-0072:1,[전남]2026년 제조DX멘토단 활용지원(구축지도) 도입기업 모집 공고,스마트공장 사업관리시스템,0.85,blocked_context,수수료/인증/교육/컨설팅/비현금 문맥; 자부담/총사업비/총규모/매출 문맥,recommend_only,not_required,False,,True,True,4,4,https://www.smart-factory.kr/usr/bg/ba/ma/bsnsPbancDtl?pbancId=2026-N-0072&pbancSn=1
SMARTFACTORY:2026-N-0105:1,2026년도 강원 지역특화형(바이오헬스·식품) 스마트공장 구축사업(동일수준) 공고,스마트공장 사업관리시스템,0.5,estimated_ratio_ok,지원비율 직접 적용 가능 문맥,subtract,reviewed,False,keep_old_amount,False,True,2,6,https://www.smart-factory.kr/usr/bg/ba/ma/bsnsPbancDtl?pbancId=2026-N-0105&pbancSn=1
SMARTFACTORY:2026-N-0113:1,[포스코DX] 2026년도 상생형 인공지능 전환(AX) 선도모델 구축지원 사업 공고,스마트공장 사업관리시스템,0.98,estimated_ratio_pending_review,"pending/review 필요, 단 직접지원 문맥 있음",subtract,pending,True,mixed_manual_review,False,True,1,14,https://www.smart-factory.kr/usr/bg/ba/ma/bsnsPbancDtl?pbancId=2026-N-0113&pbancSn=1
SMARTFACTORY:2026-N-0115:1,[LS일렉트릭] 2026년도 상생형 인공지능 전환(AX) 선도모델 구축지원 사업 공고,스마트공장 사업관리시스템,1.0,estimated_ratio_pending_review,"pending/review 필요, 단 직접지원 문맥 있음",subtract,pending,True,mixed_manual_review,False,True,1,14,https://www.smart-factory.kr/usr/bg/ba/ma/bsnsPbancDtl?pbancId=2026-N-0115&pbancSn=1
TECHNOPARK:1316,아산시 CES 2027 기업지원 사업 참가기업 모집 재공고,충남테크노파크,1.0,blocked_context,수수료/인증/교육/컨설팅/비현금 문맥; 자부담/총사업비/총규모/매출 문맥,subtract,pending,True,mixed_manual_review,False,False,2,3,https://www.ctp.or.kr/business/datadetail.do?seq=2709280
TECHNOPARK:1399,(2026-129호) 「수요맞춤형 전기구동 경형 PBV 개발 지원기반 구축사업」 2026년 기업지원 프로그램 기술자문(지도) 추가 모집 공고,강원테크노파크,,no_support_ratio,support_ratio 없음,recommend_only,pending,True,recommend_only_payload,False,False,0,1,https://www.gwtp.or.kr/gwtp/bbsNew_view.php?bbs_data=aWR4PTMxNjAmc3RhcnRQYWdlPSZsaXN0Tm89JnRhYmxlPWNzX2Jic19kYXRhX25ldyZjb2RlPXN1YjAxYiZzZWFyY2hfaXRlbT0mc2VhcmNoX29yZGVyPSZ1cmw9c3ViMDFiJmtleXZhbHVlPXN1YjAxJmJic19tYWxuYW1lPQ==||
TECHNOPARK:1439,「2026년 미래차전환 종합지원사업」 기업지원(R&D) 프로그램 모집 공고,충남테크노파크,,no_support_ratio,support_ratio 없음,recommend_only,pending,True,finance_exclude_payload,False,False,0,3,https://www.ctp.or.kr/business/datadetail.do?seq=2709289
TECHNOPARK:1724,「2026년 예비수소전문기업지원사업」수소산업분야 기술사업화(비R&D) 수혜기업 모집공고,충남테크노파크,,no_support_ratio,support_ratio 없음,subtract,pending,True,manual_representative_recoverable,True,True,0,6,https://www.ctp.or.kr/business/datadetail.do?seq=2709304
TECHNOPARK:1725,「2026년 지역 거점 정보보호 클러스터 구축 사업」정보보호 비즈니스 모델 발굴 및 유망기업 지원 모집공고 재공고(2차),충남테크노파크,0.1,blocked_context,수수료/인증/교육/컨설팅/비현금 문맥; 자부담/총사업비/총규모/매출 문맥,recommend_only,pending,True,manual_representative_recoverable,False,False,1,6,https://www.ctp.or.kr/business/datadetail.do?seq=2709305
TECHNOPARK:1769,[2026-056호] 2026년 정보보호 기업육성(사업화 / 창업·벤처 육성)) 지원사업 모집공고,세종테크노파크,1.0,blocked_context,수수료/인증/교육/컨설팅/비현금 문맥,subtract,pending,True,manual_representative_recoverable,False,False,1,3,https://www.sjtp.or.kr/bbs/board.php?bo_table=business01&wr_id=1981
TECHNOPARK:1857,미래차 산업전환 공정기술 고도화 수혜기업 모집 공고(3차),경남테크노파크,0.5,blocked_context,수수료/인증/교육/컨설팅/비현금 문맥,recommend_only,pending,True,manual_representative_recoverable,False,False,1,4,http://www.gntp.or.kr/biz/applyInfo/3791
TECHNOPARK:1921,"2026년도 지역주력산업육성(지역특화 프로젝트 레전드 50+) 지원모집 2차 공고(충남, 탄소저감 자동차부품, 디스플레이부품장비)",충남테크노파크,,no_support_ratio,support_ratio 없음,subtract,pending,True,mixed_manual_review,False,False,0,6,https://www.ctp.or.kr/business/datadetail.do?seq=2709320
TECHNOPARK:304,(2026-70호) 「2026 강원후평스마트에너지플랫폼 구축사업」 공장에너지관리시스템(FEMS) 수요기업 모집 공고,강원테크노파크,1.0,blocked_context,자부담/총사업비/총규모/매출 문맥,subtract,pending,True,mixed_manual_review,False,True,1,2,https://www.gwtp.or.kr/gwtp/bbsNew_view.php?bbs_data=aWR4PTI5MzEmc3RhcnRQYWdlPSZsaXN0Tm89JnRhYmxlPWNzX2Jic19kYXRhX25ldyZjb2RlPXN1YjAxYiZzZWFyY2hfaXRlbT0mc2VhcmNoX29yZGVyPSZ1cmw9c3ViMDFiJmtleXZhbHVlPXN1YjAxJmJic19tYWxuYW1lPQ==||
TECHNOPARK:434,「해양수산자원 산업화 육성 지원(바이오)」수혜기업 모집(2차) 공고,충남테크노파크,1.0,blocked_context,수수료/인증/교육/컨설팅/비현금 문맥,recommend_only,pending,True,manual_representative_recoverable,False,False,1,4,https://www.ctp.or.kr/business/datadetail.do?seq=2709157
PBLN_000000000119364,[서울] 2026년 중소기업 워라밸 포인트제 참여기업 모집 공고,서울특별시,0.025,already_confirmed_amount,확정 대표금액 차감 우선,subtract,not_required,False,,True,True,1,6,https://www.bizinfo.go.kr/sii/siia/selectSIIA200Detail.do?pblancId=PBLN_000000000119364
PBLN_000000000120635,[대구] 2026년 마을기업 수요 맞춤형 성장 지원사업 모집 공고,대구광역시,,no_support_ratio,support_ratio 없음,subtract,not_required,False,,True,True,0,1,https://www.bizinfo.go.kr/sii/siia/selectSIIA200Detail.do?pblancId=PBLN_000000000120635
PBLN_000000000120698,2026년 현장실습 훈련(시니어인턴십) 지원사업 공고(아이피시),보건복지부,,no_support_ratio,support_ratio 없음,subtract,not_required,False,,True,True,0,3,https://www.bizinfo.go.kr/sii/siia/selectSIIA200Detail.do?pblancId=PBLN_000000000120698
PBLN_000000000120863,[충북] 2026년 청년 일경험 지원사업 인턴형 참여기업 모집 공고,충청북도,,no_support_ratio,support_ratio 없음,subtract,not_required,False,,True,True,0,2,https://www.bizinfo.go.kr/sii/siia/selectSIIA200Detail.do?pblancId=PBLN_000000000120863
PBLN_000000000121771,2026년 3차 특허분쟁 대응전략 지원사업 공고,지식재산처,,no_support_ratio,support_ratio 없음,subtract,not_required,False,,True,True,0,16,https://www.bizinfo.go.kr/sii/siia/selectSIIA200Detail.do?pblancId=PBLN_000000000121771
PBLN_000000000122045,2026년 연구조직(기업부설연구소 등) 설립 및 기술ㆍ경영혁신 인증 지원사업 참여기업 모집 공고,대구광역시,0.7,blocked_context,수수료/인증/교육/컨설팅/비현금 문맥,subtract,pending,True,recommend_only_payload,True,True,1,5,https://www.bizinfo.go.kr/sii/siia/selectSIIA200Detail.do?pblancId=PBLN_000000000122045
PBLN_000000000122613,[경기] 평택시 2026년 수출ㆍ환변동 보험료 지원사업 모집 공고,경기도,,no_support_ratio,support_ratio 없음,subtract,not_required,False,,True,True,0,1,https://www.bizinfo.go.kr/sii/siia/selectSIIA200Detail.do?pblancId=PBLN_000000000122613
PBLN_000000000122866,[대구] 2026년 연구조직(기업부설연구소 등) 설립 및 기술ㆍ경영혁신 인증 지원사업 참여기업 모집공고,대구광역시,0.7,already_confirmed_amount,확정 대표금액 차감 우선,subtract,not_required,False,,True,True,1,5,https://www.bizinfo.go.kr/sii/siia/selectSIIA200Detail.do?pblancId=PBLN_000000000122866
PBLN_000000000123820,[충남] 2026년 사용후 배터리 재사용 산업활성화 지원사업 수혜기업 상시 모집 공고,충청남도,,no_support_ratio,support_ratio 없음,subtract,not_required,False,,True,True,0,2,https://www.bizinfo.go.kr/sii/siia/selectSIIA200Detail.do?pblancId=PBLN_000000000123820
PBLN_000000000123838,[충남] 2026년 소재ㆍ부품ㆍ장비 산업 지원체계 구축사업 맞춤형 통합(사업화)지원 참여기업 모집 공고,충청남도,,no_support_ratio,support_ratio 없음,subtract,not_required,False,,True,True,0,3,https://www.bizinfo.go.kr/sii/siia/selectSIIA200Detail.do?pblancId=PBLN_000000000123838
PBLN_000000000123802,[전남광주] 해남군 제조환경 개선 청년친화형 일자리 증대사업 모집 공고,전남광주통합특별시,,no_support_ratio,support_ratio 없음,subtract,not_required,False,,True,True,0,4,https://www.bizinfo.go.kr/sii/siia/selectSIIA200Detail.do?pblancId=PBLN_000000000123802
PBLN_000000000123846,2026년 민ㆍ군규격표준화사업 연구개발과제 주관연구개발기관 공고,방위사업청,,no_support_ratio,support_ratio 없음,subtract,not_required,False,,True,True,0,3,https://www.bizinfo.go.kr/sii/siia/selectSIIA200Detail.do?pblancId=PBLN_000000000123846
PBLN_000000000123899,[경북] 포항시 2026년 2차 벤처기업육성촉진지구 활성화사업 참여기업 모집 공고,경상북도,,no_support_ratio,support_ratio 없음,subtract,not_required,False,,True,True,0,16,https://www.bizinfo.go.kr/sii/siia/selectSIIA200Detail.do?pblancId=PBLN_000000000123899
PBLN_000000000123932,[전남광주] 미래 라이프스타일 제품 상품화 지원 사업 공고,전남광주통합특별시,,no_support_ratio,support_ratio 없음,subtract,not_required,False,,True,True,0,4,https://www.bizinfo.go.kr/sii/siia/selectSIIA200Detail.do?pblancId=PBLN_000000000123932
PBLN_000000000123822,[충북] 괴산군 2026년 3차 친환경 로컬식품의 고부가가치화를 위한 푸드테크산업 육성사업 모집 공고(시군구연고산업 육성사업),중소벤처기업부,,no_support_ratio,support_ratio 없음,subtract,not_required,False,,True,True,0,5,https://www.bizinfo.go.kr/sii/siia/selectSIIA200Detail.do?pblancId=PBLN_000000000123822
