policy_id,title,organization,stage2_category,confidence,reason,candidate_count,direct_cash_candidate_count,candidate_types,estimated_amount_manwon,estimated_type,estimated_context,direct_candidate_summary,manual_status,manual_category,url
PBLN_000000000118033,[충북] 2026년 사회적기업 육성자금 이차보전금 지원계획 공고,충청북도,exclude_non_cash_finance_total,none,직접지원 후보 없이 제외/총규모/금융/비현금 유형만 있음,1,0,non_cash,,,,,not_required,,https://www.bizinfo.go.kr/sii/siia/selectSIIA200Detail.do?pblancId=PBLN_000000000118033
TECHNOPARK:793,[강원테크노파크 공고 제 2026-101호] 2026년도 강원 지역특화형(바이오헬스·식품) 스마트공장 구축사업 공고,강원테크노파크,hold_unit_or_total_context,none,월/명/건/기간/총규모/자부담 등 위험 문맥 포함,10,7,"education_fee, support_amount",,,,"20000.0만원/support_amount/조건◦(지원 과제)14개사(고도화 4,기초 10)◦(지원 조건)-고도화:목표수준별 총 2.5억원 내에서 2회(1회차고도화→2회차동일수준)까지 지원하되,회당 최대 2억원 한도,지원비율 50%이내에서 지원가능*단,공고일 전에 스마트공장 구축사업을 통해 “고도화”지원받은 기업이 ‘26년도 “동일수준”신청시,기존처럼 최대 0.5 || 20000.0만원/support_amount/‘25년 이전 고도화 목표(중간1) 달성한 기업이 중간1 동일수준 목표로 지원할 경우최대 6개월최대 0.5억원중간1(동일수준)∘ 최초신청 기업 최대 9개월최대 2억원중간1 또는중간2(고도화)∘ 기초수준 구축기업최대 9개월최대 2억원중간1 또는중간2(고도화)∘ ‘25년 이전 중간1을 지원받아 목표달성한 기업이 중간2를 목표 || 20000.0만원/support_amount/목표로 지원할 경우최대 6개월최대 0.5억원중간1(동일수준)∘ 최초신청 기업 최대 9개월최대 2억원중간1 또는중간2(고도화)∘ 기초수준 구축기업최대 9개월최대 2억원중간1 또는중간2(고도화)∘ ‘25년 이전 중간1을 지원받아 목표달성한 기업이 중간2를 목표로 하는 경우 최대 9개월최대 2억원중간2(고... || 20000.0만원/support_amount/기초수준 구축기업최대 9개월최대 2억원중간1 또는중간2(고도화)∘ ‘25년 이전 중간1을 지원받아 목표달성한 기업이 중간2를 목표로 하는 경우 최대 9개월최대 2억원중간2(고... || 8000.0만원/support_amount/년도 “동일수준”신청시,기존처럼 최대 0.5억원,6개월 이내 지원 가능(동일수준 지원은 목표수준별 1회만 지원 가능) - 2 - -기초:신규 구축 및 동일 수준 0.8억원 이내(지원 비율 80%이내)지원유형지원기간정부 지원한도지원 비율구축목표수준※고도화최대 9개월최대 2.0억원 이내(단, 수준별 2.5억원 한도)50% 이 || 5000.0만원/support_amount/최대 2억원 한도,지원비율 50%이내에서 지원가능*단,공고일 전에 스마트공장 구축사업을 통해 “고도화”지원받은 기업이 ‘26년도 “동일수준”신청시,기존처럼 최대 0.5억원,6개월 이내 지원 가능(동일수준 지원은 목표수준별 1회만 지원 가능) - 2 - -기초:신규 구축 및 동일 수준 0.8억원 이내(지원 비율 80%이내)",reviewed,keep_old_amount,https://www.gwtp.or.kr/gwtp/bbsNew_view.php?bbs_data=aWR4PTMwNjYmc3RhcnRQYWdlPSZsaXN0Tm89JnRhYmxlPWNzX2Jic19kYXRhX25ldyZjb2RlPXN1YjAxYiZzZWFyY2hfaXRlbT0mc2VhcmNoX29yZGVyPSZ1cmw9c3ViMDFiJmtleXZhbHVlPXN1YjAxJmJic19tYWxuYW1lPQ==||
PBLN_000000000119836,[전남광주] 2026년 상반기 구조고도화자금 지원 계획 공고,전남광주통합특별시,hold_unit_or_total_context,none,월/명/건/기간/총규모/자부담 등 위험 문맥 포함,6,4,"loan, support_amount, support_ratio",,,,"1000000.0만원/support_amount/026년도 상반기 구조고도화자금 지원 계획을 다음과 같이 공고합니다.2026년 3월 4일광 주 광 역 시 장1 지원 개요 ❍ 지원 규모 : 300억원 ※ 하반기 100억원 예정 ❍ 지원 내용 사 업 명지원 용도지원 한도상환 조건비 고창업지원사업(업력: 7년 이내)공장부지 매입, 제조기계설비 구입,공장건물 매입·건축·임차  || 1000000.0만원/support_amount/) - 오락기 및 도박기계 임대업체 - 단순보관 유통·도·소매업체(사업자등록증상 제조업체로 명기되어 있어도 제외) - 최근 5년간 정부·지자체 정책자금 지원금액 100억원 초과 업체 - 운전자금(1년 거치 2년 균분상환)의 경우, 만기 상환 이후 신청 가능 - 전년도 구조고도화자금 승인서를 발급받고 대출취급기한 내 미사용 || 100000.0만원/support_amount/제조업체, 제조업 관련 서비스업체 ☞ 구조고도화자금(창업지원사업, 경쟁력강화사업, 경영안정사업) 지원 - 창업지원사업(3년 거치, 5년 균분상환 / 지원 한도 10억원 / 시설자금) - 경쟁력강화사업(3년 거치, 5년 균분상환 / 지원 한도 10억원 / 시설자금) - 경영안정화사업(1년 거치, 2년 균분상환 / 지원 한도 || 100000.0만원/support_amount/경영안정사업) 지원 - 창업지원사업(3년 거치, 5년 균분상환 / 지원 한도 10억원 / 시설자금) - 경쟁력강화사업(3년 거치, 5년 균분상환 / 지원 한도 10억원 / 시설자금) - 경영안정화사업(1년 거치, 2년 균분상환 / 지원 한도 3억원 / 운전자금) 사업신청 방법 온라인 접수 (기금융자관리시스템) 사업신청 사",reviewed,keep_old_amount,https://www.bizinfo.go.kr/sii/siia/selectSIIA200Detail.do?pblancId=PBLN_000000000119836
PBLN_000000000118879,[인천] 2026년 청년 창업가 육성 및 지원을 위한 청년창업 특례보증 지원사업 공고,인천광역시,exclude_non_cash_finance_total,none,직접지원 후보 없이 제외/총규모/금융/비현금 유형만 있음,3,0,"non_cash, support_ratio",,,,,not_required,,https://www.bizinfo.go.kr/sii/siia/selectSIIA200Detail.do?pblancId=PBLN_000000000118879
PBLN_000000000123549,[경기] 용인시 제2차 반도체기업 기술보호 지원사업 모집 공고,경기도,exclude_non_cash_finance_total,none,직접지원 후보 없이 제외/총규모/금융/비현금 유형만 있음,3,0,non_cash,,,,,reviewed,keep_old_amount,https://www.bizinfo.go.kr/sii/siia/selectSIIA200Detail.do?pblancId=PBLN_000000000123549
PBLN_000000000118881,[인천] 2026년 소공인 경영안정 및 성장지원을 위한 소공인 지원 특례보증 지원사업 공고,인천광역시,exclude_non_cash_finance_total,none,직접지원 후보 없이 제외/총규모/금융/비현금 유형만 있음,3,0,"non_cash, support_ratio",,,,,not_required,,https://www.bizinfo.go.kr/sii/siia/selectSIIA200Detail.do?pblancId=PBLN_000000000118881
SMARTFACTORY:2026-N-0122:1,[코오롱베니트] 2026년도 상생형 인공지능 전환(AX) 선도모델 구축지원 사업 공고,스마트공장 사업관리시스템,exclude_non_cash_finance_total,none,직접지원 후보 없이 제외/총규모/금융/비현금 유형만 있음,14,0,"education_fee, fee, support_ratio",,,,,pending,mixed_manual_review,https://www.smart-factory.kr/usr/bg/ba/ma/bsnsPbancDtl?pbancId=2026-N-0122&pbancSn=1
TECHNOPARK:872,2026년 충남 정보보호 우수사례 지원사업 수혜기업 모집,충남테크노파크,exclude_non_cash_finance_total,none,직접지원 후보 없이 제외/총규모/금융/비현금 유형만 있음,6,0,"consulting_fee, non_cash, support_amount",,,,,reviewed,keep_old_amount,https://www.ctp.or.kr/business/datadetail.do?seq=2709231
PBLN_000000000119420,[대전] 2026년 수출보증보험료 지원사업 참가기업 모집 공고,대전광역시,ratio_only,none,금액 후보 없이 지원비율만 있음,1,0,support_ratio,,,,,not_required,,https://www.bizinfo.go.kr/sii/siia/selectSIIA200Detail.do?pblancId=PBLN_000000000119420
PBLN_000000000123792,2026년 충북청주 강소특구 X SK텔레콤 AI 기반 제조혁신 오픈이노베이션 지원사업 모집 공고,충청북도,exclude_non_cash_finance_total,none,직접지원 후보 없이 제외/총규모/금융/비현금 유형만 있음,3,0,non_cash,,,,,not_required,,https://www.bizinfo.go.kr/sii/siia/selectSIIA200Detail.do?pblancId=PBLN_000000000123792
PBLN_000000000116487,[경남] 창원시 2025년 중소기업육성자금 긴급 융자 지원사업 재공고,경상남도,exclude_non_cash_finance_total,none,직접지원 후보 없이 제외/총규모/금융/비현금 유형만 있음,2,0,"non_cash, support_ratio",,,,,not_required,,https://www.bizinfo.go.kr/sii/siia/selectSIIA200Detail.do?pblancId=PBLN_000000000116487
PBLN_000000000119919,2026년 IP담보대출연계 지식재산평가지원사업 공고,지식재산처,ratio_only,none,금액 후보 없이 지원비율만 있음,5,0,support_ratio,,,,,not_required,,https://www.bizinfo.go.kr/sii/siia/selectSIIA200Detail.do?pblancId=PBLN_000000000119919
SMARTFACTORY:2026-N-0124:1,[현대자동차 그룹] 2026년도 상생형 인공지능 전환(AX) 선도모델 구축지원 사업 공고,스마트공장 사업관리시스템,exclude_non_cash_finance_total,none,직접지원 후보 없이 제외/총규모/금융/비현금 유형만 있음,5,0,"education_fee, support_ratio",,,,,pending,mixed_manual_review,https://www.smart-factory.kr/usr/bg/ba/ma/bsnsPbancDtl?pbancId=2026-N-0124&pbancSn=1
PBLN_000000000120234,[전남광주] 2026년 청년창업특례보증 지원계획 공고,전남광주통합특별시,exclude_non_cash_finance_total,none,직접지원 후보 없이 제외/총규모/금융/비현금 유형만 있음,2,0,non_cash,,,,,not_required,,https://www.bizinfo.go.kr/sii/siia/selectSIIA200Detail.do?pblancId=PBLN_000000000120234
PBLN_000000000123526,[충남] 2026년 산학연 협동프로그램 참여기업 지원사업 모집 재공고(테크노파크 생산장비 고도화),충청남도,exclude_non_cash_finance_total,none,직접지원 후보 없이 제외/총규모/금융/비현금 유형만 있음,2,0,"support_ratio, total_support_scale",,,,,pending,mixed_manual_review,https://www.bizinfo.go.kr/sii/siia/selectSIIA200Detail.do?pblancId=PBLN_000000000123526
PBLN_000000000116998,[경북] 2026년 소상공인육성자금(경북버팀금융) 이차보전 지원 계획 공고,경상북도,exclude_non_cash_finance_total,none,직접지원 후보 없이 제외/총규모/금융/비현금 유형만 있음,1,0,non_cash,,,,,not_required,,https://www.bizinfo.go.kr/sii/siia/selectSIIA200Detail.do?pblancId=PBLN_000000000116998
PBLN_000000000123504,[서남권] 2026년 2차 지역혁신클러스터육성(비R&D) 기업지원사업 모집 공고,전남광주통합특별시,exclude_non_cash_finance_total,none,직접지원 후보 없이 제외/총규모/금융/비현금 유형만 있음,5,0,non_cash,,,,,pending,manual_representative_recoverable,https://www.bizinfo.go.kr/sii/siia/selectSIIA200Detail.do?pblancId=PBLN_000000000123504
PBLN_000000000117038,[충북] 2026년 소상공인 육성자금 지원계획 공고,충청북도,exclude_non_cash_finance_total,none,직접지원 후보 없이 제외/총규모/금융/비현금 유형만 있음,3,0,non_cash,,,,,not_required,,https://www.bizinfo.go.kr/sii/siia/selectSIIA200Detail.do?pblancId=PBLN_000000000117038
PBLN_000000000122346,[인천] 2026년 원도심ㆍ지역상권 활성화를 위한 상권 활성화 특례보증 지원사업 공고,인천광역시,exclude_non_cash_finance_total,none,직접지원 후보 없이 제외/총규모/금융/비현금 유형만 있음,3,0,"non_cash, support_ratio",,,,,not_required,,https://www.bizinfo.go.kr/sii/siia/selectSIIA200Detail.do?pblancId=PBLN_000000000122346
PBLN_000000000123659,[경북] 2026년 3차 지역기업 성장사다리 지원사업 통합 추가 공고,중소벤처기업부,roi_estimate_high_same_amount,high,복수 직접지원 후보이나 금액이 같고 한도 문맥 명확,4,2,"consulting_fee, support_amount",1500.0,support_amount,"본사가 해당 지역 내 소재하며, 경북지역 주력산업 분야(KSIC코드 첨부 必)를 영위하는 중소기업 ☞ 초기ㆍ잠재기업(최대 15,000천원), R&D연계기업(최대 15,000천원) 지원 - 기술혁신, 기술이전, 기술지도, 시험분석, 인증, 특허, 시제품제작, 제품고급화, 디자인, 시장조사, 홍보, 전시회, 컨설팅 ※ 자세한 지원내용 공고문 참조 사업신청 방법 온라인 접수(기업지원사업 관리시","1500.0만원/support_amount/본사가 해당 지역 내 소재하며, 경북지역 주력산업 분야(KSIC코드 첨부 必)를 영위하는 중소기업 ☞ 초기ㆍ잠재기업(최대 15,000천원), R&D연계기업(최대 15,000천원) 지원 - 기술혁신, 기술이전, 기술지도, 시험분석, 인증, 특허, 시제품제작, 제품고급화, 디자인, 시장조사, 홍보, 전시회, 컨설팅 ※ 자세한 || 1500.0만원/support_amount/2개유형(①시장도약형,②기술확장형)이며,각유형별로필수선택1개+자율프로그램(최대2개)선택가능합니다.추가로선택한프로그램의지원금합이1,500만원이내여야합니다.ü(시장도약형예시)시장조사(필수)+브랜드개발+전시회ü(기술확장형예시)기술이전(필수)+시험분석+시제품제작ü필수프로그램1가지만선택하여신청도가능합니다.6.R&D연계전용Q6-1R",reviewed,keep_old_amount,https://www.bizinfo.go.kr/sii/siia/selectSIIA200Detail.do?pblancId=PBLN_000000000123659
PBLN_000000000117067,[세종] 2026년 사회적경제 조직 금융(이차보전) 지원계획 공고,세종특별자치시,exclude_non_cash_finance_total,none,직접지원 후보 없이 제외/총규모/금융/비현금 유형만 있음,2,0,non_cash,,,,,not_required,,https://www.bizinfo.go.kr/sii/siia/selectSIIA200Detail.do?pblancId=PBLN_000000000117067
PBLN_000000000117071,[부산] 사상구 2026년 소상공인 보증료 지원사업 대상자 모집 공고,부산광역시,exclude_non_cash_finance_total,none,직접지원 후보 없이 제외/총규모/금융/비현금 유형만 있음,1,0,non_cash,,,,,not_required,,https://www.bizinfo.go.kr/sii/siia/selectSIIA200Detail.do?pblancId=PBLN_000000000117071
PBLN_000000000123156,2026년 2차 관세피해업종 이차보전지원 사업 공고,산업통상부,exclude_non_cash_finance_total,none,직접지원 후보 없이 제외/총규모/금융/비현금 유형만 있음,6,0,"non_cash, support_ratio",,,,,not_required,,https://www.bizinfo.go.kr/sii/siia/selectSIIA200Detail.do?pblancId=PBLN_000000000123156
PBLN_000000000117074,[경기] 부천시 2026년 중소기업특례보증 지원 계획 공고,경기도,exclude_non_cash_finance_total,none,직접지원 후보 없이 제외/총규모/금융/비현금 유형만 있음,1,0,non_cash,,,,,not_required,,https://www.bizinfo.go.kr/sii/siia/selectSIIA200Detail.do?pblancId=PBLN_000000000117074
PBLN_000000000123417,[경북] 영천시 2026년 2차 중소기업 고부가가치 전환육성 지원사업 공고,경상북도,hold_unit_or_total_context,none,월/명/건/기간/총규모/자부담 등 위험 문맥 포함,3,2,"non_cash, support_amount",,,,"10000.0만원/support_amount/중소기업의 연구개발을 통해 미래의 시장 진출을 준비하기 위한 고부가가치 사업화 기술 개발 지원 2) 지원 대상 : 선정 후 협약 기업 단독 3) 지원금 : 최대 100,000천원(지원금의 20% 이상 현금 기업 부담) 4) 추진 절차 氠瑢 모집 공고 ⇨ 선정 평가 ⇨ 과제 협약 ⇨ 사업수행 ⇨ 결과 평가 (6~7월) (7 || 4000.0만원/support_amount/천시 중소기업의 신규 시장 진출을 준비하기 위한 양산화 단계의 시제품 고급화 제작 지원비 지원 2) 지원 대상 : 선정 후 협약 기업 단독 3) 지원금 : 최대 40,000천원(지원금의 20% 이상 현금 기업 부담) 4) 추진절차 氠瑢 모집 공고 ⇨ 선정 평가 ⇨ 과제 협약 ⇨ 사업수행 ⇨ 결과 평가 ⇨ 사업비 지급 (6",pending,manual_representative_recoverable,https://www.bizinfo.go.kr/sii/siia/selectSIIA200Detail.do?pblancId=PBLN_000000000123417
PBLN_000000000117094,[충남] 2026년 소상공인자금 융자 지원계획 공고,충청남도,exclude_non_cash_finance_total,none,직접지원 후보 없이 제외/총규모/금융/비현금 유형만 있음,2,0,"non_cash, support_ratio",,,,,not_required,,https://www.bizinfo.go.kr/sii/siia/selectSIIA200Detail.do?pblancId=PBLN_000000000117094
PBLN_000000000117075,[경기] 부천시 2026년 특례보증 지원 계획 공고,경기도,exclude_non_cash_finance_total,none,직접지원 후보 없이 제외/총규모/금융/비현금 유형만 있음,1,0,non_cash,,,,,not_required,,https://www.bizinfo.go.kr/sii/siia/selectSIIA200Detail.do?pblancId=PBLN_000000000117075
PBLN_000000000117085,2026년 시니어인턴십 사업 참여 기업 모집 공고,보건복지부,hold_no_direct_cash,none,후보는 있으나 현금성 직접지원 금액 후보 없음,2,0,support_amount,,,,,not_required,,https://www.bizinfo.go.kr/sii/siia/selectSIIA200Detail.do?pblancId=PBLN_000000000117085
PBLN_000000000117096,[대전] 서구 2026년 소상공인 경영안정자금 지원사업 공고,대전광역시,exclude_non_cash_finance_total,none,직접지원 후보 없이 제외/총규모/금융/비현금 유형만 있음,3,0,"non_cash, support_amount, support_ratio",,,,,not_required,,https://www.bizinfo.go.kr/sii/siia/selectSIIA200Detail.do?pblancId=PBLN_000000000117096
PBLN_000000000117095,[충남] 2026년 사회적경제기금 융자지원 계획 공고,충청남도,exclude_non_cash_finance_total,none,직접지원 후보 없이 제외/총규모/금융/비현금 유형만 있음,1,0,non_cash,,,,,not_required,,https://www.bizinfo.go.kr/sii/siia/selectSIIA200Detail.do?pblancId=PBLN_000000000117095
PBLN_000000000123466,2026년 지능형 반도체 개발ㆍ실증지원 고신뢰 반도체 상용화를 위한 검증ㆍ확인 지원사업 기업 지원 프로그램 통합 공고,산업통상부,exclude_non_cash_finance_total,none,직접지원 후보 없이 제외/총규모/금융/비현금 유형만 있음,4,0,"non_cash, support_amount",,,,,pending,mixed_manual_review,https://www.bizinfo.go.kr/sii/siia/selectSIIA200Detail.do?pblancId=PBLN_000000000123466
PBLN_000000000117103,[대전] 유성구 2026년 소상공인 특례보증 지원사업 공고,대전광역시,exclude_non_cash_finance_total,none,직접지원 후보 없이 제외/총규모/금융/비현금 유형만 있음,2,0,non_cash,,,,,not_required,,https://www.bizinfo.go.kr/sii/siia/selectSIIA200Detail.do?pblancId=PBLN_000000000117103
PBLN_000000000117056,[경기] 부천시 2026년 내일채움공제 지원 계획 공고,경기도,hold_unit_or_total_context,none,월/명/건/기간/총규모/자부담 등 위험 문맥 포함,2,2,support_amount,,,,"34.0만원/support_amount/대해 부천시 지원금을 반기별로 정산하여 지급 ※ 기업과 핵심인력이 ‘공제 청약서’에 명시된 공제부금 미납 시, 납부 시까지 지원금 지급 유보 〇 납입금액 : 월 34만원 이상 (핵심인력 : 중소기업 = 1 : 2 이상) ※ (예시) 핵심인력 10만원, 기업 24만원 이상(기업 17만원 이상, 부천시 7만원) 〇 만기금액  || 7.0만원/support_amount/경쟁력 강화 도모를 위해 2026년 부천시 「내일채움공제」 지원 계획을 다음과 같이 공고합니다. ☞ 부천시 소재 중소제조기업 ☞ 가입인원 1명당 월 기업부담금 7만원 지원 - 기업당 최대 3명까지 지원(기존ㆍ신규가입 포함) ※ 자세한 지원내용 공고문 참조 사업신청 방법 온라인 또는 방문 접수 - 온라인 : 내일채움공제 홈",pending,manual_representative_recoverable,https://www.bizinfo.go.kr/sii/siia/selectSIIA200Detail.do?pblancId=PBLN_000000000117056
PBLN_000000000117109,[경기] 2026년 사회적경제조직 특별융자 사업 공고,경기도,exclude_non_cash_finance_total,none,직접지원 후보 없이 제외/총규모/금융/비현금 유형만 있음,3,0,non_cash,,,,,not_required,,https://www.bizinfo.go.kr/sii/siia/selectSIIA200Detail.do?pblancId=PBLN_000000000117109
PBLN_000000000117111,[서울] 2026년 중소기업육성자금 융자지원 계획 공고,서울특별시,exclude_non_cash_finance_total,none,직접지원 후보 없이 제외/총규모/금융/비현금 유형만 있음,11,0,non_cash,,,,,not_required,,https://www.bizinfo.go.kr/sii/siia/selectSIIA200Detail.do?pblancId=PBLN_000000000117111
PBLN_000000000117127,2026년 관광진흥개발기금 신용보증부 운영자금 특별융자 지원 지침 공고,문화체육관광부,exclude_non_cash_finance_total,none,직접지원 후보 없이 제외/총규모/금융/비현금 유형만 있음,1,0,non_cash,,,,,not_required,,https://www.bizinfo.go.kr/sii/siia/selectSIIA200Detail.do?pblancId=PBLN_000000000117127
PBLN_000000000123745,2026년 4차 예술산업보증 7월 공고,문화체육관광부,exclude_non_cash_finance_total,none,직접지원 후보 없이 제외/총규모/금융/비현금 유형만 있음,2,0,non_cash,,,,,pending,mixed_manual_review,https://www.bizinfo.go.kr/sii/siia/selectSIIA200Detail.do?pblancId=PBLN_000000000123745
SMARTFACTORY:2026-N-0005:1,2026년 스마트공장 수준확인 사업 공고,스마트공장 사업관리시스템,exclude_non_cash_finance_total,none,직접지원 후보 없이 제외/총규모/금융/비현금 유형만 있음,6,0,"consulting_fee, loan, support_ratio",,,,,pending,mixed_manual_review,https://www.smart-factory.kr/usr/bg/ba/ma/bsnsPbancDtl?pbancId=2026-N-0005&pbancSn=1
PBLN_000000000117130,2026년 상반기 관광진흥개발기금 이차보전 지원 지침 공고,문화체육관광부,exclude_non_cash_finance_total,none,직접지원 후보 없이 제외/총규모/금융/비현금 유형만 있음,2,0,non_cash,,,,,not_required,,https://www.bizinfo.go.kr/sii/siia/selectSIIA200Detail.do?pblancId=PBLN_000000000117130
PBLN_000000000120134,[전남광주] 2026년 평동산업단지 중소기업 보증료 지원사업 공고,전남광주통합특별시,exclude_non_cash_finance_total,none,직접지원 후보 없이 제외/총규모/금융/비현금 유형만 있음,3,0,guarantee,,,,,pending,finance_exclude_payload,https://www.bizinfo.go.kr/sii/siia/selectSIIA200Detail.do?pblancId=PBLN_000000000120134
PBLN_000000000117145,[전남광주] 2026년 중소기업 육성자금(중소유통업 구조개선자금) 지원계획 공고,전남광주통합특별시,exclude_non_cash_finance_total,none,직접지원 후보 없이 제외/총규모/금융/비현금 유형만 있음,2,0,non_cash,,,,,not_required,,https://www.bizinfo.go.kr/sii/siia/selectSIIA200Detail.do?pblancId=PBLN_000000000117145
PBLN_000000000122357,[충북] 2026년 중소기업 경영애로 전문가 컨설팅서비스 참여기업 모집 공고,충청북도,exclude_non_cash_finance_total,none,직접지원 후보 없이 제외/총규모/금융/비현금 유형만 있음,1,0,non_cash,,,,,not_required,,https://www.bizinfo.go.kr/sii/siia/selectSIIA200Detail.do?pblancId=PBLN_000000000122357
PBLN_000000000117146,[전남광주] 2026년 중소기업 육성자금(중소기업 경영안정자금) 지원계획 공고,전남광주통합특별시,exclude_non_cash_finance_total,none,직접지원 후보 없이 제외/총규모/금융/비현금 유형만 있음,4,0,non_cash,,,,,not_required,,https://www.bizinfo.go.kr/sii/siia/selectSIIA200Detail.do?pblancId=PBLN_000000000117146
PBLN_000000000117147,[전남광주] 2026년 중소기업 육성자금(건설업 (특별)경영안정자금) 지원계획 공고,전남광주통합특별시,exclude_non_cash_finance_total,none,직접지원 후보 없이 제외/총규모/금융/비현금 유형만 있음,1,0,non_cash,,,,,not_required,,https://www.bizinfo.go.kr/sii/siia/selectSIIA200Detail.do?pblancId=PBLN_000000000117147
PBLN_000000000117149,[전남광주] 2026년 중소기업 육성자금(사회적경제 (특별)경영안정자금) 지원계획 공고,전남광주통합특별시,exclude_non_cash_finance_total,none,직접지원 후보 없이 제외/총규모/금융/비현금 유형만 있음,3,0,non_cash,,,,,not_required,,https://www.bizinfo.go.kr/sii/siia/selectSIIA200Detail.do?pblancId=PBLN_000000000117149
PBLN_000000000117150,[인천] 서구 2026년 청년기업 인증 신청 공고,인천광역시,exclude_non_cash_finance_total,none,직접지원 후보 없이 제외/총규모/금융/비현금 유형만 있음,6,0,non_cash,,,,,not_required,,https://www.bizinfo.go.kr/sii/siia/selectSIIA200Detail.do?pblancId=PBLN_000000000117150
PBLN_000000000117154,[경북] 2026년 산불피해기업 재해시설자금 이차보전 지원 계획 공고,경상북도,ratio_only,none,금액 후보 없이 지원비율만 있음,1,0,support_ratio,,,,,not_required,,https://www.bizinfo.go.kr/sii/siia/selectSIIA200Detail.do?pblancId=PBLN_000000000117154
PBLN_000000000117158,[경북] 2026년 벤처기업 육성자금 운용계획 공고,경상북도,exclude_non_cash_finance_total,none,직접지원 후보 없이 제외/총규모/금융/비현금 유형만 있음,3,0,non_cash,,,,,not_required,,https://www.bizinfo.go.kr/sii/siia/selectSIIA200Detail.do?pblancId=PBLN_000000000117158
PBLN_000000000117168,[대구] 2025년 4차 소상공인 맞춤형 출산ㆍ양육지원 사업 모집 공고,대구광역시,hold_no_direct_cash,none,후보는 있으나 현금성 직접지원 금액 후보 없음,1,0,support_amount,,,,,not_required,,https://www.bizinfo.go.kr/sii/siia/selectSIIA200Detail.do?pblancId=PBLN_000000000117168
SMARTFACTORY:2025-N-0211:1,2026년 제조DX멘토단 활용지원사업 통합공고,스마트공장 사업관리시스템,exclude_non_cash_finance_total,none,직접지원 후보 없이 제외/총규모/금융/비현금 유형만 있음,7,0,total_support_scale,,,,,pending,total_scale_manual_review,https://www.smart-factory.kr/usr/bg/ba/ma/bsnsPbancDtl?pbancId=2025-N-0211&pbancSn=1
PBLN_000000000117177,[경기] 성남시 2026년 중소기업 특례보증 지원계획 공고,경기도,exclude_non_cash_finance_total,none,직접지원 후보 없이 제외/총규모/금융/비현금 유형만 있음,1,0,non_cash,,,,,not_required,,https://www.bizinfo.go.kr/sii/siia/selectSIIA200Detail.do?pblancId=PBLN_000000000117177
PBLN_000000000117221,[대전] 소상공인 경영위기극복 특례보증 지원 공고,대전광역시,exclude_non_cash_finance_total,none,직접지원 후보 없이 제외/총규모/금융/비현금 유형만 있음,2,0,non_cash,,,,,not_required,,https://www.bizinfo.go.kr/sii/siia/selectSIIA200Detail.do?pblancId=PBLN_000000000117221
PBLN_000000000123771,[강원] 2026년 3차 지식재산 긴급지원 모집 공고,강원특별자치도,exclude_non_cash_finance_total,none,직접지원 후보 없이 제외/총규모/금융/비현금 유형만 있음,5,0,"non_cash, support_amount",,,,,pending,recommend_only_payload,https://www.bizinfo.go.kr/sii/siia/selectSIIA200Detail.do?pblancId=PBLN_000000000123771
PBLN_000000000117223,[대전] 2026년 1차 소상공인 초저금리 특별자금 지원 계획 공고,대전광역시,exclude_non_cash_finance_total,none,직접지원 후보 없이 제외/총규모/금융/비현금 유형만 있음,1,0,non_cash,,,,,not_required,,https://www.bizinfo.go.kr/sii/siia/selectSIIA200Detail.do?pblancId=PBLN_000000000117223
PBLN_000000000117232,[충남] 2026년 식품진흥기금 시설개선자금 융자계획 공고,충청남도,exclude_non_cash_finance_total,none,직접지원 후보 없이 제외/총규모/금융/비현금 유형만 있음,1,0,non_cash,,,,,not_required,,https://www.bizinfo.go.kr/sii/siia/selectSIIA200Detail.do?pblancId=PBLN_000000000117232
PBLN_000000000117254,[경남] 창원시 2026년 중소기업 육성자금 융자지원 계획 공고,경상남도,exclude_non_cash_finance_total,none,직접지원 후보 없이 제외/총규모/금융/비현금 유형만 있음,3,0,non_cash,,,,,not_required,,https://www.bizinfo.go.kr/sii/siia/selectSIIA200Detail.do?pblancId=PBLN_000000000117254
SMARTFACTORY:2025-N-0203:1,2026년도 자율형공장 구축 지원사업(컨소시엄신청),스마트공장 사업관리시스템,hold_unit_or_total_context,none,월/명/건/기간/총규모/자부담 등 위험 문맥 포함,27,8,"education_fee, fee, support_amount, total_support_scale",,,,"60000.0만원/support_amount/원조건) 총 사업비의 50% (6억원) 이내 (최대 2년, 연 3억원 이내) 지원유형 지원기간 지원한도 지원비율 구축목표수준 * 고도화 최대 2년 연 3억(2년 6억) 50% 이내 중간1 이상 * 구축목표 수준은 KS X 9001-1(스마트공장 기본개념과 구조) 표준 기준 ** AI(인공지능), DT(디지털트윈), AAS || 30000.0만원/support_amount/크”는 기획기관으로 기본 지정 □ 지원 규모 및 조건 ◦ (지원규모) 30개 내외 (신규) ◦ (지원조건) 총 사업비의 50% (6억원) 이내 (최대 2년, 연 3억원 이내) 지원유형 지원기간 지원한도 지원비율 구축목표수준 * 고도화 최대 2년 연 3억(2년 6억) 50% 이내 중간1 이상 * 구축목표 수준은 KS X 9 || 30000.0만원/support_amount/) ◦ (지원조건) 총 사업비의 50% (6억원) 이내 (최대 2년, 연 3억원 이내) 지원유형 지원기간 지원한도 지원비율 구축목표수준 * 고도화 최대 2년 연 3억(2년 6억) 50% 이내 중간1 이상 * 구축목표 수준은 KS X 9001-1(스마트공장 기본개념과 구조) 표준 기준 ** AI(인공지능), DT(디지털트윈 || 2000.0만원/support_amount/및 운영 요건검토 및 수행능력평가를 거쳐 기획기관 선정 및 기획기관 Pool 구성(지역TP 기본 지정) 기획지원 과제기획 후 현장평가 결과에 따라 과제당 최대 20백만원 차등 지급 기획지원 후 최종선정에 따른 협약체결 결과에 따라 과제당 최대 20백만원 차등 지급 성능지표 (공정혁신지표) 6개 중 2개 이상 (자율형지표) || 2000.0만원/support_amount/지역TP 기본 지정) 기획지원 과제기획 후 현장평가 결과에 따라 과제당 최대 20백만원 차등 지급 기획지원 후 최종선정에 따른 협약체결 결과에 따라 과제당 최대 20백만원 차등 지급 성능지표 (공정혁신지표) 6개 중 2개 이상 (자율형지표) AI·DT 반영 1개 이상 (공정혁신지표) 8개 중 2개 이상 (자율형지표) AI || 1000.0만원/support_amount/기업 매칭 및 기획지원) 기업 요구사항에 적합한 공급기업 매칭 및 공정설계 및 전략 수립 등 과제기획 지원 * 기획지원 후 사업계획서 제출 시 기획기관에 과제당 10백만원 지급 최종선정 후 지원과제 협약체결 완료 시 과제당 10백만원 추가 지급 도입기업의 자율화 공정구축을 위한 설비·공정 분석 공정현장의 요구사항 분석·도",reviewed,keep_old_amount,https://www.smart-factory.kr/usr/bg/ba/ma/bsnsPbancDtl?pbancId=2025-N-0203&pbancSn=1
SMARTFACTORY:2026-N-0010:1,2026년도 제조DX멘토단 활용지원(AX기획) 도입기업 모집 공고,스마트공장 사업관리시스템,exclude_non_cash_finance_total,none,직접지원 후보 없이 제외/총규모/금융/비현금 유형만 있음,2,0,total_support_scale,,,,,pending,total_scale_manual_review,https://www.smart-factory.kr/usr/bg/ba/ma/bsnsPbancDtl?pbancId=2026-N-0010&pbancSn=1
PBLN_000000000117258,[경남] 김해시 2026년 상반기 중소기업육성자금 지원 계획 공고,경상남도,ratio_only,none,금액 후보 없이 지원비율만 있음,3,0,support_ratio,,,,,not_required,,https://www.bizinfo.go.kr/sii/siia/selectSIIA200Detail.do?pblancId=PBLN_000000000117258
PBLN_000000000122968,2026년 2차 안전일터 조성지원 사업 수정 공고,고용노동부,hold_unit_or_total_context,none,월/명/건/기간/총규모/자부담 등 위험 문맥 포함,6,4,"non_cash, subsidy, support_amount, support_ratio",,,,"100000.0만원/support_amount/고열·폭염·한랭 작업으로 인한 건강장해 예방을 위한 휴게시설 ※ 건물 건축비, 관리비, 운영비 등 지원 제외 ㅇ (지원한도) 산업단지 또는 지식산업센터 당 최대 10억원 한도(공단 판단금액의 50% 지원) ※ 신 청 산 업 단 지 또 는 지 식 산 업 센 터 에 서 기 보 조 금 을 지 급 받 은 경 우, 지 급 금 액  || 3000.0만원/subsidy/시급히 지원할 필요가 있다고 인정되는 사업장을 대상으로 절차 및 제출서류 등을 간소화하여 신속히 지원하는 제도 ㅇ (지원한도) 동일 사업주 또는 법인 당 최대 3,000만원까지 - 기존 보조지원을 받은 경우, 기 지원 보조금을 차감하여 지급 - 아래에 해당하는 경우 각 1천만원까지 추가지원 가능 ①고용증가 사업장(1명당  || 1000.0만원/subsidy/ㅇ (지원한도) 동일 사업주 또는 법인 당 최대 3,000만원까지 - 기존 보조지원을 받은 경우, 기 지원 보조금을 차감하여 지급 - 아래에 해당하는 경우 각 1천만원까지 추가지원 가능 ①고용증가 사업장(1명당 200만원 범위, 제조·서비스업 등 고위험 개선에 한함), ②고용노동부 강소기업 지정 사업장, ③위험성평가 인정 || 200.0만원/subsidy/,000만원까지 - 기존 보조지원을 받은 경우, 기 지원 보조금을 차감하여 지급 - 아래에 해당하는 경우 각 1천만원까지 추가지원 가능 ①고용증가 사업장(1명당 200만원 범위, 제조·서비스업 등 고위험 개선에 한함), ②고용노동부 강소기업 지정 사업장, ③위험성평가 인정사업장, ④고위험업종(6개 업종)* * 50인 미만",reviewed,keep_old_amount,https://www.bizinfo.go.kr/sii/siia/selectSIIA200Detail.do?pblancId=PBLN_000000000122968
PBLN_000000000117278,[경남] 산청군 인구감소지역 소재 중소기업 특례보증 금융지원 신청 공고,경상남도,exclude_non_cash_finance_total,none,직접지원 후보 없이 제외/총규모/금융/비현금 유형만 있음,2,0,"non_cash, support_ratio",,,,,not_required,,https://www.bizinfo.go.kr/sii/siia/selectSIIA200Detail.do?pblancId=PBLN_000000000117278
PBLN_000000000117276,[경남] 김해시 2026년 사회적경제기업 금융지원 사업 계획 공고,경상남도,exclude_non_cash_finance_total,none,직접지원 후보 없이 제외/총규모/금융/비현금 유형만 있음,1,0,non_cash,,,,,not_required,,https://www.bizinfo.go.kr/sii/siia/selectSIIA200Detail.do?pblancId=PBLN_000000000117276
PBLN_000000000120170,2026년 중소기업 기술분쟁 소송보험 지원사업 공고,중소벤처기업부,ratio_only,none,금액 후보 없이 지원비율만 있음,1,0,support_ratio,,,,,pending,ratio_only,https://www.bizinfo.go.kr/sii/siia/selectSIIA200Detail.do?pblancId=PBLN_000000000120170
PBLN_000000000117283,[경남] 거제시 2026년 저신용 소상공인 이차보전 지원사업 계획 공고,경상남도,exclude_non_cash_finance_total,none,직접지원 후보 없이 제외/총규모/금융/비현금 유형만 있음,1,0,non_cash,,,,,not_required,,https://www.bizinfo.go.kr/sii/siia/selectSIIA200Detail.do?pblancId=PBLN_000000000117283
PBLN_000000000117294,[경남] 창녕군 2026년 중소기업 전시(박람)회 참가 지원 계획 공고,경상남도,hold_no_direct_cash,none,후보는 있으나 현금성 직접지원 금액 후보 없음,1,0,support_amount,,,,,not_required,,https://www.bizinfo.go.kr/sii/siia/selectSIIA200Detail.do?pblancId=PBLN_000000000117294
PBLN_000000000117298,[경남] 창녕군 2026년 상반기 중소기업 육성자금 융자지원 계획 공고,경상남도,exclude_non_cash_finance_total,none,직접지원 후보 없이 제외/총규모/금융/비현금 유형만 있음,3,0,non_cash,,,,,not_required,,https://www.bizinfo.go.kr/sii/siia/selectSIIA200Detail.do?pblancId=PBLN_000000000117298
PBLN_000000000117303,[경남] 거제시 2026년 조선협력사 중소기업 육성자금 연장 지원 계획 공고,경상남도,exclude_non_cash_finance_total,none,직접지원 후보 없이 제외/총규모/금융/비현금 유형만 있음,2,0,"non_cash, support_ratio",,,,,not_required,,https://www.bizinfo.go.kr/sii/siia/selectSIIA200Detail.do?pblancId=PBLN_000000000117303
PBLN_000000000117307,[인천] 2026년 가상융합산업 콘텐츠 제작 장비 임차지원 공고(인천 가상융합산업 혁신센터),인천광역시,exclude_non_cash_finance_total,none,직접지원 후보 없이 제외/총규모/금융/비현금 유형만 있음,1,0,non_cash,,,,,not_required,,https://www.bizinfo.go.kr/sii/siia/selectSIIA200Detail.do?pblancId=PBLN_000000000117307
PBLN_000000000117316,[경북] 의성군 2026년 중소기업 운전자금 지원 공고,경상북도,exclude_non_cash_finance_total,none,직접지원 후보 없이 제외/총규모/금융/비현금 유형만 있음,2,0,"non_cash, support_ratio",,,,,not_required,,https://www.bizinfo.go.kr/sii/siia/selectSIIA200Detail.do?pblancId=PBLN_000000000117316
PBLN_000000000122585,2026년 2차 미래차 전자제어부품 산업 고도화 기반구축 기업지원 수혜기업 모집 공고,산업통상부,hold_unit_or_total_context,none,월/명/건/기간/총규모/자부담 등 위험 문맥 포함,9,2,"consulting_fee, equipment_usage_fee, non_cash, support_amount",,,,"1500.0만원/support_amount/상시 지원) 지원내용 및 규모지원 분야지원 내용지원규모접수기간지원기간기술 지원전자제어부품 HW 설계/해석, 표준 SW 개발, 기구부 개발 기술지원1건(건당 최대 1,500만원)~ 6. 9(화) 18:00까지협약일 ~ 9월시제품제작 지원전자제어부품 및 전장부품 관련 R&D 시작품 및 시제품 제작 지원1건(건당 최대 2,00 || 1500.0만원/support_amount/W 설계 및 개발지원- 표준 SW 기반 어플리케이션 개발 지원- SW 설계 사양 검증 및 평가 지원※ 이 외 기업 에서 필 요로 하 는 지원 사항 협 의가능최대 1,500만원이내/건1건영남대1) HW개발- ECU 회로 설계 및 해석 기술 지원- 방열 분석 및 최적화 개발 지원- 전기장 분석 및 EMI 시뮬레이션 지원※ 이",pending,manual_representative_recoverable,https://www.bizinfo.go.kr/sii/siia/selectSIIA200Detail.do?pblancId=PBLN_000000000122585
PBLN_000000000117324,[경북] 문경시 2026년 중소기업 운전자금 지원 계획 공고,경상북도,exclude_non_cash_finance_total,none,직접지원 후보 없이 제외/총규모/금융/비현금 유형만 있음,2,0,"non_cash, support_ratio",,,,,not_required,,https://www.bizinfo.go.kr/sii/siia/selectSIIA200Detail.do?pblancId=PBLN_000000000117324
SMARTFACTORY:2026-N-0062:3,[2차] 2026 AI 트랙 (삼성) 스마트공장 구축,스마트공장 사업관리시스템,exclude_non_cash_finance_total,none,직접지원 후보 없이 제외/총규모/금융/비현금 유형만 있음,1,0,total_support_scale,,,,,pending,total_scale_manual_review,https://www.smart-factory.kr/usr/bg/ba/ma/bsnsPbancDtl?pbancId=2026-N-0062&pbancSn=3
PBLN_000000000117337,[전남광주] 여수시 2026년 중소기업발전자금 지원계획 공고,전남광주통합특별시,exclude_non_cash_finance_total,none,직접지원 후보 없이 제외/총규모/금융/비현금 유형만 있음,4,0,"non_cash, support_ratio",,,,,not_required,,https://www.bizinfo.go.kr/sii/siia/selectSIIA200Detail.do?pblancId=PBLN_000000000117337
SMARTFACTORY:2026-N-0071:1,[경북] 2026년 제조DX멘토단 활용지원사업(구축지도) 도입기업 모집 공고,스마트공장 사업관리시스템,exclude_non_cash_finance_total,none,직접지원 후보 없이 제외/총규모/금융/비현금 유형만 있음,3,0,total_support_scale,,,,,pending,total_scale_manual_review,https://www.smart-factory.kr/usr/bg/ba/ma/bsnsPbancDtl?pbancId=2026-N-0071&pbancSn=1
PBLN_000000000117343,2026년 울진군 단체관광객 유치여행사 인센티브 지원계획 공고,경상북도,exclude_non_cash_finance_total,none,직접지원 후보 없이 제외/총규모/금융/비현금 유형만 있음,2,0,non_cash,,,,,not_required,,https://www.bizinfo.go.kr/sii/siia/selectSIIA200Detail.do?pblancId=PBLN_000000000117343
PBLN_000000000117356,[전북] 2026년 중소기업육성자금 융자 지원계획 공고,전북특별자치도,exclude_non_cash_finance_total,none,직접지원 후보 없이 제외/총규모/금융/비현금 유형만 있음,1,0,non_cash,,,,,not_required,,https://www.bizinfo.go.kr/sii/siia/selectSIIA200Detail.do?pblancId=PBLN_000000000117356
SMARTFACTORY:2026-N-0074:1,[대구] 2026년 제조DX멘토단 활용지원사업(구축지도) 도입기업 모집 공고,스마트공장 사업관리시스템,exclude_non_cash_finance_total,none,직접지원 후보 없이 제외/총규모/금융/비현금 유형만 있음,3,0,total_support_scale,,,,,pending,total_scale_manual_review,https://www.smart-factory.kr/usr/bg/ba/ma/bsnsPbancDtl?pbancId=2026-N-0074&pbancSn=1
PBLN_000000000120588,해양플랜트산업지원센터 보유 시험장비ㆍ교육시설 활용 지원사업 공고,해양수산부,exclude_non_cash_finance_total,none,직접지원 후보 없이 제외/총규모/금융/비현금 유형만 있음,2,0,non_cash,,,,,not_required,,https://www.bizinfo.go.kr/sii/siia/selectSIIA200Detail.do?pblancId=PBLN_000000000120588
SMARTFACTORY:2026-N-0090:1,2026년 경북형 스마트공장(기초단계) 구축지원 사업 2차모집_(신규구축),스마트공장 사업관리시스템,hold_unit_or_total_context,none,월/명/건/기간/총규모/자부담 등 위험 문맥 포함,7,1,"consulting_fee, fee, support_amount, total_support_scale",,,,6000.0만원/support_amount/장비·제어기·센서 등 지원 *제조 데이터 수집·저장 인프라 구축 등 포함 □ 지원조건 지원유형 지원조건 지원금(최대) 사업기간 신규구축 - 스마트공장 신규 구축 0.6억원 6개월 동일수준 - 수준향상 없이 재신청하는 경우 (기초→기초) 0.6억원 6개월 □ [참고] 스마트공장 수준 구분(추진단 확인) 수준구분 수준요약 상,pending,manual_representative_recoverable,https://www.smart-factory.kr/usr/bg/ba/ma/bsnsPbancDtl?pbancId=2026-N-0090&pbancSn=1
PBLN_000000000117371,[전남광주] 인공지능 유치기업 보조금 지원사업 모집 공고,전남광주통합특별시,hold_no_direct_cash,none,후보는 있으나 현금성 직접지원 금액 후보 없음,1,0,support_amount,,,,,not_required,,https://www.bizinfo.go.kr/sii/siia/selectSIIA200Detail.do?pblancId=PBLN_000000000117371
SMARTFACTORY:2026-N-0090:3,2026년 경북형 스마트공장(기초단계) 구축지원 사업 2차모집_(동일수준),스마트공장 사업관리시스템,hold_unit_or_total_context,none,월/명/건/기간/총규모/자부담 등 위험 문맥 포함,7,1,"consulting_fee, fee, support_amount, total_support_scale",,,,6000.0만원/support_amount/장비·제어기·센서 등 지원 *제조 데이터 수집·저장 인프라 구축 등 포함 □ 지원조건 지원유형 지원조건 지원금(최대) 사업기간 신규구축 - 스마트공장 신규 구축 0.6억원 6개월 동일수준 - 수준향상 없이 재신청하는 경우 (기초→기초) 0.6억원 6개월 □ [참고] 스마트공장 수준 구분(추진단 확인) 수준구분 수준요약 상,pending,manual_representative_recoverable,https://www.smart-factory.kr/usr/bg/ba/ma/bsnsPbancDtl?pbancId=2026-N-0090&pbancSn=3
SMARTFACTORY:2026-N-0104:1,2026 제조DX멘토 활용지원 구축지도 도입기업 모집,스마트공장 사업관리시스템,exclude_non_cash_finance_total,none,직접지원 후보 없이 제외/총규모/금융/비현금 유형만 있음,3,0,total_support_scale,,,,,pending,total_scale_manual_review,https://www.smart-factory.kr/usr/bg/ba/ma/bsnsPbancDtl?pbancId=2026-N-0104&pbancSn=1
PBLN_000000000123907,[경남] 진주시 2026년 하반기 중소기업육성기금 지원계획 공고,경상남도,exclude_non_cash_finance_total,none,직접지원 후보 없이 제외/총규모/금융/비현금 유형만 있음,4,0,"non_cash, support_ratio",,,,,not_required,,https://www.bizinfo.go.kr/sii/siia/selectSIIA200Detail.do?pblancId=PBLN_000000000123907
PBLN_000000000117428,[경북] 2026년 미래내일일경험 참여기업 모집 공고,고용노동부,hold_no_direct_cash,none,후보는 있으나 현금성 직접지원 금액 후보 없음,1,0,support_amount,,,,,not_required,,https://www.bizinfo.go.kr/sii/siia/selectSIIA200Detail.do?pblancId=PBLN_000000000117428
SMARTFACTORY:2026-N-0118:1,[LG전자] 2026년도 상생형 인공지능 전환(AX) 선도모델 구축지원 사업 공고,스마트공장 사업관리시스템,exclude_non_cash_finance_total,none,직접지원 후보 없이 제외/총규모/금융/비현금 유형만 있음,14,0,"education_fee, fee, support_ratio",,,,,pending,mixed_manual_review,https://www.smart-factory.kr/usr/bg/ba/ma/bsnsPbancDtl?pbancId=2026-N-0118&pbancSn=1
SMARTFACTORY:2026-N-0114:1,[미라콤] 2026년도 상생형 인공지능 전환(AX) 선도모델 구축지원 사업 공고,스마트공장 사업관리시스템,exclude_non_cash_finance_total,none,직접지원 후보 없이 제외/총규모/금융/비현금 유형만 있음,14,0,"education_fee, fee, support_ratio",,,,,pending,mixed_manual_review,https://www.smart-factory.kr/usr/bg/ba/ma/bsnsPbancDtl?pbancId=2026-N-0114&pbancSn=1
SMARTFACTORY:2026-N-0120:1,[한국네트웍스] 2026년도 상생형 인공지능 전환(AX) 선도모델 구축지원 사업 공고,스마트공장 사업관리시스템,exclude_non_cash_finance_total,none,직접지원 후보 없이 제외/총규모/금융/비현금 유형만 있음,14,0,"education_fee, fee, support_ratio",,,,,pending,mixed_manual_review,https://www.smart-factory.kr/usr/bg/ba/ma/bsnsPbancDtl?pbancId=2026-N-0120&pbancSn=1
SMARTFACTORY:2026-N-0121:1,2026년「푸드테크 스마트 제조 기반 구축」사업 공고(기초)_4차 재공고,스마트공장 사업관리시스템,hold_unit_or_total_context,none,월/명/건/기간/총규모/자부담 등 위험 문맥 포함,6,1,"loan, non_cash, support_amount, support_ratio",,,,6000.0만원/support_amount/업 정책자금 단계별 맞춤 지원프로그램 연계지원 □ 지원조건 ◦ 스마트공장 구축 지원유형 지원기간 지원한도 지원비율 구축목표수준 1) 기초 2) 최대 6개월 최대 0.6억원 지자체 70% 이내 기초수준 스마트공장 구축 기초 (동일수준) 최대 6개월 최대 0.3억원 지자체 70% 이내 기초(동일수준) 1) 구축목표 수준은 K,pending,manual_representative_recoverable,https://www.smart-factory.kr/usr/bg/ba/ma/bsnsPbancDtl?pbancId=2026-N-0121&pbancSn=1
SMARTFACTORY:2026-N-0119:1,[CJ올리브네트웍스] 2026년도 상생형 인공지능 전환(AX) 선도모델 구축지원 사업 공고,스마트공장 사업관리시스템,exclude_non_cash_finance_total,none,직접지원 후보 없이 제외/총규모/금융/비현금 유형만 있음,14,0,"education_fee, fee, support_ratio",,,,,pending,mixed_manual_review,https://www.smart-factory.kr/usr/bg/ba/ma/bsnsPbancDtl?pbancId=2026-N-0119&pbancSn=1
SMARTFACTORY:2026-N-0123:1,[한솔PNS] 2026년도 상생형 인공지능 전환(AX) 선도모델 구축지원 사업 공고,스마트공장 사업관리시스템,exclude_non_cash_finance_total,none,직접지원 후보 없이 제외/총규모/금융/비현금 유형만 있음,14,0,"education_fee, fee, support_ratio",,,,,pending,mixed_manual_review,https://www.smart-factory.kr/usr/bg/ba/ma/bsnsPbancDtl?pbancId=2026-N-0123&pbancSn=1
PBLN_000000000119881,[제주] 2026년 어업활동지원 사업 대상자 모집 공고,제주특별자치도,exclude_non_cash_finance_total,none,직접지원 후보 없이 제외/총규모/금융/비현금 유형만 있음,2,0,"education_fee, support_ratio",,,,,pending,mixed_manual_review,https://www.bizinfo.go.kr/sii/siia/selectSIIA200Detail.do?pblancId=PBLN_000000000119881
PBLN_000000000117490,[전북] 남원시 2026년 중소기업육성기금 지원계획 공고,전북특별자치도,exclude_non_cash_finance_total,none,직접지원 후보 없이 제외/총규모/금융/비현금 유형만 있음,2,0,non_cash,,,,,not_required,,https://www.bizinfo.go.kr/sii/siia/selectSIIA200Detail.do?pblancId=PBLN_000000000117490
PBLN_000000000117495,[전북] 무주군 2026년 소상공인 특례보증 및 이차보전금 지원 사업 공고,전북특별자치도,exclude_non_cash_finance_total,none,직접지원 후보 없이 제외/총규모/금융/비현금 유형만 있음,2,0,"non_cash, support_ratio",,,,,not_required,,https://www.bizinfo.go.kr/sii/siia/selectSIIA200Detail.do?pblancId=PBLN_000000000117495
PBLN_000000000117498,[충남] 공주시 2026년 소상공인 특례보증 지원계획 공고,충청남도,exclude_non_cash_finance_total,none,직접지원 후보 없이 제외/총규모/금융/비현금 유형만 있음,1,0,non_cash,,,,,not_required,,https://www.bizinfo.go.kr/sii/siia/selectSIIA200Detail.do?pblancId=PBLN_000000000117498
PBLN_000000000117510,[전북] 진안군 2026년 상공업 육성자금 대출 지원사업 공고,전북특별자치도,exclude_non_cash_finance_total,none,직접지원 후보 없이 제외/총규모/금융/비현금 유형만 있음,1,0,non_cash,,,,,not_required,,https://www.bizinfo.go.kr/sii/siia/selectSIIA200Detail.do?pblancId=PBLN_000000000117510
PBLN_000000000117511,[전북] 진안군 2026년 소상공인 지원사업(환경개선) 공고,전북특별자치도,hold_no_direct_cash,none,후보는 있으나 현금성 직접지원 금액 후보 없음,1,0,support_amount,,,,,not_required,,https://www.bizinfo.go.kr/sii/siia/selectSIIA200Detail.do?pblancId=PBLN_000000000117511
PBLN_000000000117526,[경남] 2026년 소상공인 정책자금 운용계획 공고,경상남도,exclude_non_cash_finance_total,none,직접지원 후보 없이 제외/총규모/금융/비현금 유형만 있음,5,0,non_cash,,,,,not_required,,https://www.bizinfo.go.kr/sii/siia/selectSIIA200Detail.do?pblancId=PBLN_000000000117526
PBLN_000000000117528,[서울] 2026년 중소기업육성기금 사회적경제계정 사회적경제기업 융자지원 계획 공고,서울특별시,exclude_non_cash_finance_total,none,직접지원 후보 없이 제외/총규모/금융/비현금 유형만 있음,1,0,non_cash,,,,,not_required,,https://www.bizinfo.go.kr/sii/siia/selectSIIA200Detail.do?pblancId=PBLN_000000000117528
TECHNOPARK:1519,2026년 햇빛소득마을 컨설팅 지원사업 위탁기관 모집 공고,충남테크노파크,exclude_non_cash_finance_total,none,직접지원 후보 없이 제외/총규모/금융/비현금 유형만 있음,7,0,"fee, support_ratio",,,,,pending,mixed_manual_review,https://www.ctp.or.kr/business/datadetail.do?seq=2709292
TECHNOPARK:1532,(재공고) 2026년 테크노파크 생산장비 고도화 지원사업 산학연 협동프로그램 참여 기업 모집 재공고,충남테크노파크,exclude_non_cash_finance_total,none,직접지원 후보 없이 제외/총규모/금융/비현금 유형만 있음,2,0,"support_ratio, total_support_scale",,,,,pending,mixed_manual_review,https://www.ctp.or.kr/business/datadetail.do?seq=2709293
PBLN_000000000117066,장애인고용개선장려금 사업 공고,고용노동부,ratio_only,none,금액 후보 없이 지원비율만 있음,1,0,support_ratio,,,,,pending,ratio_only,https://www.bizinfo.go.kr/sii/siia/selectSIIA200Detail.do?pblancId=PBLN_000000000117066
TECHNOPARK:257,(2026-69호) 2026년 디지털트윈 플랫폼 활용 수요기업 모집 수정공고 (싱가포르 지원 삭제),강원테크노파크,ratio_only,none,금액 후보 없이 지원비율만 있음,1,0,support_ratio,,,,,not_required,,https://www.gwtp.or.kr/gwtp/bbsNew_view.php?bbs_data=aWR4PTI5MTkmc3RhcnRQYWdlPSZsaXN0Tm89JnRhYmxlPWNzX2Jic19kYXRhX25ldyZjb2RlPXN1YjAxYiZzZWFyY2hfaXRlbT0mc2VhcmNoX29yZGVyPSZ1cmw9c3ViMDFiJmtleXZhbHVlPXN1YjAxJmJic19tYWxuYW1lPQ==||
PBLN_000000000117535,[충북] 청주시 2026년 중소기업육성자금 융자(이차보전) 지원계획 공고,충청북도,exclude_non_cash_finance_total,none,직접지원 후보 없이 제외/총규모/금융/비현금 유형만 있음,6,0,"non_cash, support_ratio",,,,,not_required,,https://www.bizinfo.go.kr/sii/siia/selectSIIA200Detail.do?pblancId=PBLN_000000000117535
PBLN_000000000117454,[강원] 2026년 글로벌 IP 스타기업 육성 해외OA비용 지원사업 공고,강원특별자치도,hold_unit_or_total_context,none,월/명/건/기간/총규모/자부담 등 위험 문맥 포함,2,2,support_amount,,,,"410.0만원/support_amount/지원규모 *특수국: 중동,캐나다,브라질,러시아,호주,싱가폴 氠瑢 구분 세부사업명 지원한도 지원내용 전체 지원금 기업부담금 (현금) 해외 OA 비용 지원 미 국 4,100천원 2,460천원 이내 1,640천원 해외 특허·상표·디자인 출원의 중간대응(OA비용)에 필요한 비용 지원 유 럽 3,500천원 2,100천원 이내 1, || 200.0만원/support_amount/내 1,640천원 해외 특허·상표·디자인 출원의 중간대응(OA비용)에 필요한 비용 지원 유 럽 3,500천원 2,100천원 이내 1,400천원 중국·일본·특수국 2,000천원 1,200천원 이내 800천원 기 타 1,300천원 780천원 이내 520천원 * 자부담금 : 현금 40% * 상표, 디자인의 OA 지원 기준 : ",pending,manual_representative_recoverable,https://www.bizinfo.go.kr/sii/siia/selectSIIA200Detail.do?pblancId=PBLN_000000000117454
PBLN_000000000117534,[충남] 태안군 2026년 소상공인 특례보증 신청 공고,충청남도,exclude_non_cash_finance_total,none,직접지원 후보 없이 제외/총규모/금융/비현금 유형만 있음,1,0,non_cash,,,,,not_required,,https://www.bizinfo.go.kr/sii/siia/selectSIIA200Detail.do?pblancId=PBLN_000000000117534
PBLN_000000000117549,2026년 중소기업 동반성장 네트워크론 지원계획 공고,중소벤처기업부,exclude_non_cash_finance_total,none,직접지원 후보 없이 제외/총규모/금융/비현금 유형만 있음,2,0,"non_cash, support_ratio",,,,,not_required,,https://www.bizinfo.go.kr/sii/siia/selectSIIA200Detail.do?pblancId=PBLN_000000000117549
PBLN_000000000117554,[충북] 괴산군 2026년 중소기업육성자금 이차보전금 지원 선정계획 공고,충청북도,exclude_non_cash_finance_total,none,직접지원 후보 없이 제외/총규모/금융/비현금 유형만 있음,1,0,non_cash,,,,,not_required,,https://www.bizinfo.go.kr/sii/siia/selectSIIA200Detail.do?pblancId=PBLN_000000000117554
PBLN_000000000117463,[강원] 2026년 글로벌 IP 스타기업 육성 해외등록비용 지원사업 공고,강원특별자치도,exclude_non_cash_finance_total,none,직접지원 후보 없이 제외/총규모/금융/비현금 유형만 있음,3,0,total_support_scale,,,,,pending,total_scale_manual_review,https://www.bizinfo.go.kr/sii/siia/selectSIIA200Detail.do?pblancId=PBLN_000000000117463
PBLN_000000000117481,전북바이오융합교육센터 재직자 교육 훈련생ㆍ기업 모집 공고(국가인적자원개발컨소시엄),전북특별자치도,exclude_non_cash_finance_total,none,직접지원 후보 없이 제외/총규모/금융/비현금 유형만 있음,1,0,non_cash,,,,,pending,mixed_manual_review,https://www.bizinfo.go.kr/sii/siia/selectSIIA200Detail.do?pblancId=PBLN_000000000117481
PBLN_000000000117576,[충북] 괴산군 2026년 저신용 소상공인 대출이자 지원사업 공고,충청북도,exclude_non_cash_finance_total,none,직접지원 후보 없이 제외/총규모/금융/비현금 유형만 있음,1,0,non_cash,,,,,not_required,,https://www.bizinfo.go.kr/sii/siia/selectSIIA200Detail.do?pblancId=PBLN_000000000117576
PBLN_000000000117579,[충북] 단양군 2026년 소상공인 융자금 이차보전 지원사업 공고,충청북도,exclude_non_cash_finance_total,none,직접지원 후보 없이 제외/총규모/금융/비현금 유형만 있음,2,0,non_cash,,,,,not_required,,https://www.bizinfo.go.kr/sii/siia/selectSIIA200Detail.do?pblancId=PBLN_000000000117579
PBLN_000000000118027,2026년 KOLAS 공인 제품인증 서비스 바우처 지원사업 참가 희망기업 모집 공고,부산광역시,exclude_non_cash_finance_total,none,직접지원 후보 없이 제외/총규모/금융/비현금 유형만 있음,8,0,"equipment_usage_fee, non_cash, support_ratio",,,,,reviewed,keep_old_amount,https://www.bizinfo.go.kr/sii/siia/selectSIIA200Detail.do?pblancId=PBLN_000000000118027
PBLN_000000000117582,[강원] 춘천시 2026년 중소기업 신용보증수수료 지원 사업 공고,강원특별자치도,exclude_non_cash_finance_total,none,직접지원 후보 없이 제외/총규모/금융/비현금 유형만 있음,1,0,non_cash,,,,,not_required,,https://www.bizinfo.go.kr/sii/siia/selectSIIA200Detail.do?pblancId=PBLN_000000000117582
PBLN_000000000117583,[강원] 춘천시 2026년 창업지원자금(중소기업동행지원) 지원계획 공고,강원특별자치도,exclude_non_cash_finance_total,none,직접지원 후보 없이 제외/총규모/금융/비현금 유형만 있음,2,0,"non_cash, support_ratio",,,,,not_required,,https://www.bizinfo.go.kr/sii/siia/selectSIIA200Detail.do?pblancId=PBLN_000000000117583
PBLN_000000000118467,[부산] 2026년 중소기업 ISO 인증 지원사업 모집 공고,부산광역시,ratio_only,none,금액 후보 없이 지원비율만 있음,1,0,support_ratio,,,,,not_required,,https://www.bizinfo.go.kr/sii/siia/selectSIIA200Detail.do?pblancId=PBLN_000000000118467
TECHNOPARK:391,(2026-75호) 2026년 제조DX멘토단 활용지원(구축지도) 도입기업 모집 공고,강원테크노파크,exclude_non_cash_finance_total,none,직접지원 후보 없이 제외/총규모/금융/비현금 유형만 있음,6,0,"consulting_fee, total_support_scale",,,,,pending,mixed_manual_review,https://www.gwtp.or.kr/gwtp/bbsNew_view.php?bbs_data=aWR4PTI5NTEmc3RhcnRQYWdlPSZsaXN0Tm89JnRhYmxlPWNzX2Jic19kYXRhX25ldyZjb2RlPXN1YjAxYiZzZWFyY2hfaXRlbT0mc2VhcmNoX29yZGVyPSZ1cmw9c3ViMDFiJmtleXZhbHVlPXN1YjAxJmJic19tYWxuYW1lPQ==||
PBLN_000000000119083,[충북] 2026년 소상공인 IP출원(상표출원) 지원 사업 소상공인 수혜자 모집 공고,충청북도,ratio_only,none,금액 후보 없이 지원비율만 있음,1,0,support_ratio,,,,,not_required,,https://www.bizinfo.go.kr/sii/siia/selectSIIA200Detail.do?pblancId=PBLN_000000000119083
PBLN_000000000119093,[인천] 2026년 파브(PAV) 부품 시험ㆍ인증 지원사업 참여기업 모집 공고,인천광역시,ratio_only,none,금액 후보 없이 지원비율만 있음,1,0,support_ratio,,,,,pending,ratio_only,https://www.bizinfo.go.kr/sii/siia/selectSIIA200Detail.do?pblancId=PBLN_000000000119093
PBLN_000000000117588,[강원] 춘천시 2026년 중소기업 특례보증 지원계획 공고,강원특별자치도,exclude_non_cash_finance_total,none,직접지원 후보 없이 제외/총규모/금융/비현금 유형만 있음,2,0,non_cash,,,,,not_required,,https://www.bizinfo.go.kr/sii/siia/selectSIIA200Detail.do?pblancId=PBLN_000000000117588
PBLN_000000000119126,2026년 물리ㆍ화학적 시험평가인증 지원사업 공고(메카노바이오활성소재 혁신의료기기 실증 기반구축),전북특별자치도,exclude_non_cash_finance_total,none,직접지원 후보 없이 제외/총규모/금융/비현금 유형만 있음,2,0,"equipment_usage_fee, non_cash",,,,,pending,recommend_only_payload,https://www.bizinfo.go.kr/sii/siia/selectSIIA200Detail.do?pblancId=PBLN_000000000119126
PBLN_000000000119181,[충북] 2026년 소부장 지원 전문가 스테이션 운영사업 기술애로 지원 모집 공고,충청북도,exclude_non_cash_finance_total,none,직접지원 후보 없이 제외/총규모/금융/비현금 유형만 있음,4,0,"non_cash, total_support_scale",,,,,pending,mixed_manual_review,https://www.bizinfo.go.kr/sii/siia/selectSIIA200Detail.do?pblancId=PBLN_000000000119181
PBLN_000000000117597,[강원] 태백시 2026년 소상공인 특례보증ㆍ이차보전 지원 계획 공고,강원특별자치도,exclude_non_cash_finance_total,none,직접지원 후보 없이 제외/총규모/금융/비현금 유형만 있음,2,0,"non_cash, support_ratio",,,,,not_required,,https://www.bizinfo.go.kr/sii/siia/selectSIIA200Detail.do?pblancId=PBLN_000000000117597
PBLN_000000000119764,2026년 중소기업 기술혁신 지원사업(KOSBIR) 통합 공고,중소벤처기업부,exclude_non_cash_finance_total,none,직접지원 후보 없이 제외/총규모/금융/비현금 유형만 있음,14,0,total_support_scale,,,,,pending,total_scale_manual_review,https://www.bizinfo.go.kr/sii/siia/selectSIIA200Detail.do?pblancId=PBLN_000000000119764
PBLN_000000000119978,[경북] 2026년 OK FTA 컨설팅 지원사업 모집 공고(경북FTA통상진흥센터),경상북도,exclude_non_cash_finance_total,none,직접지원 후보 없이 제외/총규모/금융/비현금 유형만 있음,4,0,consulting_fee,,,,,pending,recommend_only_payload,https://www.bizinfo.go.kr/sii/siia/selectSIIA200Detail.do?pblancId=PBLN_000000000119978
PBLN_000000000117600,[강원] 태백시 2026년 중소기업육성자금 지원 사업 공고,강원특별자치도,exclude_non_cash_finance_total,none,직접지원 후보 없이 제외/총규모/금융/비현금 유형만 있음,2,0,non_cash,,,,,not_required,,https://www.bizinfo.go.kr/sii/siia/selectSIIA200Detail.do?pblancId=PBLN_000000000117600
PBLN_000000000117603,[강원] 원주시 2026년 창업기업자금 동행지원 계획 공고,강원특별자치도,exclude_non_cash_finance_total,none,직접지원 후보 없이 제외/총규모/금융/비현금 유형만 있음,3,0,non_cash,,,,,not_required,,https://www.bizinfo.go.kr/sii/siia/selectSIIA200Detail.do?pblancId=PBLN_000000000117603
PBLN_000000000120312,2026년 국가배터리순환클러스터실증화시설 사용자 모집 공고,기후에너지환경부,ratio_only,none,금액 후보 없이 지원비율만 있음,1,0,support_ratio,,,,,not_required,,https://www.bizinfo.go.kr/sii/siia/selectSIIA200Detail.do?pblancId=PBLN_000000000120312
TECHNOPARK:525,「AI 솔루션 기술개발」참여기업 모집공고,충남테크노파크,exclude_non_cash_finance_total,none,직접지원 후보 없이 제외/총규모/금융/비현금 유형만 있음,2,0,"support_ratio, total_support_scale",,,,,pending,mixed_manual_review,https://www.ctp.or.kr/business/datadetail.do?seq=2709173
PBLN_000000000117611,[인천] 지역 중소기업 금융지원 강화를 위한 금융기관(NH농협은행) 협업 특별 경영안정자금 추가 지원 공고,인천광역시,exclude_non_cash_finance_total,none,직접지원 후보 없이 제외/총규모/금융/비현금 유형만 있음,1,0,non_cash,,,,,not_required,,https://www.bizinfo.go.kr/sii/siia/selectSIIA200Detail.do?pblancId=PBLN_000000000117611
PBLN_000000000119852,[경북] 2026년 로케이션 제작지원 사업 공고,경상북도,exclude_non_cash_finance_total,none,직접지원 후보 없이 제외/총규모/금융/비현금 유형만 있음,2,0,"support_ratio, total_support_scale",,,,,pending,mixed_manual_review,https://www.bizinfo.go.kr/sii/siia/selectSIIA200Detail.do?pblancId=PBLN_000000000119852
PBLN_000000000117621,[강원] 속초시 2026년 소상공인 특례보증 수수료 지원 사업 공고,강원특별자치도,ratio_only,none,금액 후보 없이 지원비율만 있음,1,0,support_ratio,,,,,not_required,,https://www.bizinfo.go.kr/sii/siia/selectSIIA200Detail.do?pblancId=PBLN_000000000117621
PBLN_000000000117624,[강원] 속초시 2026년 소상공인 특례보증 지원 계획 공고,강원특별자치도,exclude_non_cash_finance_total,none,직접지원 후보 없이 제외/총규모/금융/비현금 유형만 있음,1,0,non_cash,,,,,not_required,,https://www.bizinfo.go.kr/sii/siia/selectSIIA200Detail.do?pblancId=PBLN_000000000117624
PBLN_000000000120342,2026년 기업승계 M&A 활성화를 위한 컨설팅 지원사업 시행계획 공고,중소벤처기업부,exclude_non_cash_finance_total,none,직접지원 후보 없이 제외/총규모/금융/비현금 유형만 있음,15,0,"consulting_fee, support_ratio",,,,,pending,mixed_manual_review,https://www.bizinfo.go.kr/sii/siia/selectSIIA200Detail.do?pblancId=PBLN_000000000120342
TECHNOPARK:616,(2026-88호) 「홍천군 첨단바이오산업 활성화 지원사업」 지역(홍천군)선도기업 육성사업 수혜기업 모집,강원테크노파크,exclude_non_cash_finance_total,none,직접지원 후보 없이 제외/총규모/금융/비현금 유형만 있음,3,0,"support_ratio, total_support_scale",,,,,pending,mixed_manual_review,https://www.gwtp.or.kr/gwtp/bbsNew_view.php?bbs_data=aWR4PTMwMDkmc3RhcnRQYWdlPSZsaXN0Tm89JnRhYmxlPWNzX2Jic19kYXRhX25ldyZjb2RlPXN1YjAxYiZzZWFyY2hfaXRlbT0mc2VhcmNoX29yZGVyPSZ1cmw9c3ViMDFiJmtleXZhbHVlPXN1YjAxJmJic19tYWxuYW1lPQ==||
PBLN_000000000118204,2026년 여성기업 육성사업 공고,중소벤처기업부,exclude_non_cash_finance_total,none,직접지원 후보 없이 제외/총규모/금융/비현금 유형만 있음,2,0,"education_fee, support_ratio",,,,,pending,mixed_manual_review,https://www.bizinfo.go.kr/sii/siia/selectSIIA200Detail.do?pblancId=PBLN_000000000118204
PBLN_000000000117626,[강원] 속초시 2026년 중소기업육성자금 이차보전금 지원 계획 공고,강원특별자치도,exclude_non_cash_finance_total,none,직접지원 후보 없이 제외/총규모/금융/비현금 유형만 있음,3,0,non_cash,,,,,not_required,,https://www.bizinfo.go.kr/sii/siia/selectSIIA200Detail.do?pblancId=PBLN_000000000117626
PBLN_000000000120549,[경남] 2026년 항노화기업 천연물 소재화 지원사업 참여기업 모집 공고,경상남도,exclude_non_cash_finance_total,none,직접지원 후보 없이 제외/총규모/금융/비현금 유형만 있음,1,0,non_cash,,,,,not_required,,https://www.bizinfo.go.kr/sii/siia/selectSIIA200Detail.do?pblancId=PBLN_000000000120549
PBLN_000000000117630,[강원] 횡성군 2026년 인구감소지역 중소기업 특례보증 기업지원 공고,강원특별자치도,exclude_non_cash_finance_total,none,직접지원 후보 없이 제외/총규모/금융/비현금 유형만 있음,1,0,non_cash,,,,,not_required,,https://www.bizinfo.go.kr/sii/siia/selectSIIA200Detail.do?pblancId=PBLN_000000000117630
PBLN_000000000122744,2026년 2차 GLP(세포독성) 시험평가인증 지원사업 공고(메카노바이오활성소재 혁신의료기기 실증 기반구축),산업통상부,exclude_non_cash_finance_total,none,직접지원 후보 없이 제외/총규모/금융/비현금 유형만 있음,2,0,equipment_usage_fee,,,,,pending,recommend_only_payload,https://www.bizinfo.go.kr/sii/siia/selectSIIA200Detail.do?pblancId=PBLN_000000000122744
TECHNOPARK:977,「AI 솔루션 기술개발」참여기업 추가 모집공고,충남테크노파크,exclude_non_cash_finance_total,none,직접지원 후보 없이 제외/총규모/금융/비현금 유형만 있음,2,0,"support_ratio, total_support_scale",,,,,pending,mixed_manual_review,https://www.ctp.or.kr/business/datadetail.do?seq=2709266
PBLN_000000000117634,[강원] 횡성군 2026년 중소기업육성자금 이차보전 지원 공고,강원특별자치도,exclude_non_cash_finance_total,none,직접지원 후보 없이 제외/총규모/금융/비현금 유형만 있음,1,0,non_cash,,,,,not_required,,https://www.bizinfo.go.kr/sii/siia/selectSIIA200Detail.do?pblancId=PBLN_000000000117634
TECHNOPARK:986,(2026-124호) 2026 강원 미래모빌리티 기업지원 프로그램 통합 공고,강원테크노파크,hold_unit_or_total_context,none,월/명/건/기간/총규모/자부담 등 위험 문맥 포함,17,4,"consulting_fee, support_amount, total_support_scale",,,,"1000.0만원/support_amount/샘플제작 / 마케팅 중 기술지도 필수 포함 , 샘플제작 / 마케팅 중 택 1 예 ) 기술지도 + 마케팅 ( 500 만원 지원 ) 예 ) 기술지도 + 샘플제작 ( 1000 만원 지원 ) 단위사업명 지원분야 ( 세부내용 ) 지원금액 바이오트윈 기반 미래치 부품 고도화 기반구축 사업 1. 스마트 스티어링 휠 (ECG/EDA 센 || 1000.0만원/support_amount/氠瑢 汤捯 ※ 기술지도/ 샘플제작/ 마케팅 중 기술지도 필수 포함, 샘플제작/마케팅 중 택1 예) 기술지도+마케팅 (500만원 지원) 예) 기술지도+샘플제작 (1000만원 지원) 氠瑢 단위사업명 지원분야(세부내용) 지원금액 바이오트윈 기반 미래치 부품 고도화 기반구축 사업 1. 스마트 스티어링 휠 (ECG/EDA 센서 내 || 500.0만원/support_amount/결과물 , 관련 비용 증빙 필수 제출 ※ 기술지도 / 샘플제작 / 마케팅 중 기술지도 필수 포함 , 샘플제작 / 마케팅 중 택 1 예 ) 기술지도 + 마케팅 ( 500 만원 지원 ) 예 ) 기술지도 + 샘플제작 ( 1000 만원 지원 ) 단위사업명 지원분야 ( 세부내용 ) 지원금액 바이오트윈 기반 미래치 부품 고도화 기반 || 500.0만원/support_amount/마케팅 결과물, 관련 비용 증빙 필수 제출 氠瑢 汤捯 ※ 기술지도/ 샘플제작/ 마케팅 중 기술지도 필수 포함, 샘플제작/마케팅 중 택1 예) 기술지도+마케팅 (500만원 지원) 예) 기술지도+샘플제작 (1000만원 지원) 氠瑢 단위사업명 지원분야(세부내용) 지원금액 바이오트윈 기반 미래치 부품 고도화 기반구축 사업 1. ",pending,manual_representative_recoverable,https://www.gwtp.or.kr/gwtp/bbsNew_view.php?bbs_data=aWR4PTMxMjYmc3RhcnRQYWdlPSZsaXN0Tm89JnRhYmxlPWNzX2Jic19kYXRhX25ldyZjb2RlPXN1YjAxYiZzZWFyY2hfaXRlbT0mc2VhcmNoX29yZGVyPSZ1cmw9c3ViMDFiJmtleXZhbHVlPXN1YjAxJmJic19tYWxuYW1lPQ==||
PBLN_000000000117644,[강원] 화천군 2026년 중소기업 및 소상공인 육성자금 융자추천 및 이차보전 지원계획 공고,강원특별자치도,exclude_non_cash_finance_total,none,직접지원 후보 없이 제외/총규모/금융/비현금 유형만 있음,2,0,non_cash,,,,,not_required,,https://www.bizinfo.go.kr/sii/siia/selectSIIA200Detail.do?pblancId=PBLN_000000000117644
PBLN_000000000117646,[강원] 철원군 2026년 중소기업육성융자금 이차보전금 지원계획 공고,강원특별자치도,exclude_non_cash_finance_total,none,직접지원 후보 없이 제외/총규모/금융/비현금 유형만 있음,1,0,non_cash,,,,,not_required,,https://www.bizinfo.go.kr/sii/siia/selectSIIA200Detail.do?pblancId=PBLN_000000000117646
PBLN_000000000123782,[충남] 2026년 콘텐츠코리아랩 미드폼 영상콘텐츠 제작 지원사업 모집 공고,충청남도,ratio_only,none,금액 후보 없이 지원비율만 있음,2,0,support_amount,,,,,reviewed,keep_old_amount,https://www.bizinfo.go.kr/sii/siia/selectSIIA200Detail.do?pblancId=PBLN_000000000123782
PBLN_000000000117673,2026년 희망리턴패키지 특화취업지원 소상공인 모집 수정 공고,중소벤처기업부,exclude_non_cash_finance_total,none,직접지원 후보 없이 제외/총규모/금융/비현금 유형만 있음,4,0,"non_cash, support_amount",,,,,not_required,,https://www.bizinfo.go.kr/sii/siia/selectSIIA200Detail.do?pblancId=PBLN_000000000117673
PBLN_000000000117711,[경기] 포천시 2026년 중소기업 육성자금 융자지원 (이자차액 보전) 계획 공고,경기도,exclude_non_cash_finance_total,none,직접지원 후보 없이 제외/총규모/금융/비현금 유형만 있음,3,0,non_cash,,,,,not_required,,https://www.bizinfo.go.kr/sii/siia/selectSIIA200Detail.do?pblancId=PBLN_000000000117711
PBLN_000000000117728,[경기] 화성시 2026년 중소기업 특례보증 지원계획 공고,경기도,exclude_non_cash_finance_total,none,직접지원 후보 없이 제외/총규모/금융/비현금 유형만 있음,1,0,non_cash,,,,,not_required,,https://www.bizinfo.go.kr/sii/siia/selectSIIA200Detail.do?pblancId=PBLN_000000000117728
PBLN_000000000120845,2026년 하반기 중소기업기술혁신개발사업 유망기술개발(구조혁신R&D) 시행계획 공고,중소벤처기업부,roi_estimate_medium_max_cash,medium,복수 직접지원 후보 중 최대 현금성 금액을 추정 후보로 선택,11,6,"loan, support_amount, total_support_scale",200000.0,support_amount,"계 8 =SUM(?2:?3)??%g,;;20 =SUM(?2:?3) %g, 20 20개 8 =SUM(?2:?3)??%g,;;20 =SUM(?2:?3) %g, 20 20 억 □ (지원조건) 연구개발비의 75% 이내 내역 사업 개발기간 및 지원한도 * 정부지원 연구개발비 비중 ** 지원분야 중소기업유망기술개발 (구조혁신R&D) 최대 2년, 5억 이내 (연차별 최대 2.5억 이내) 75%","200000.0만원/support_amount/계 8 =SUM(?2:?3)??%g,;;20 =SUM(?2:?3) %g, 20 20개 8 =SUM(?2:?3)??%g,;;20 =SUM(?2:?3) %g, 20 20 억 □ (지원조건) 연구개발비의 75% 이내 내역 사업 개발기간 및 지원한도 * 정부지원 연구개발비 비중 ** 지원분야 중소기업유망기술개발 (구조혁신R&D) || 200000.0만원/support_amount/등에 따라 변동될 수 있으며, 신청·접수 결과에 따라 추가 공고 가능내역사업차수과제수예산중소기업유망기술개발(구조혁신R&D)1차10개12억원2차10개8억원합계20개20억 □ (지원조건)연구개발비의75%이내내역 사업개발기간 및 지원한도* 정부지원연구개발비 비중**지원분야중소기업유망기술개발(구조혁신R&D)최대 2년, 5억 이내 || 120000.0만원/support_amount/청 과제 수 및 기업신청 금액 등에 따라 변동될 수 있으며, 신청·접수 결과에 따라 추가 공고 가능내역사업차수과제수예산중소기업유망기술개발(구조혁신R&D)1차10개12억원2차10개8억원합계20개20억 □ (지원조건)연구개발비의75%이내내역 사업개발기간 및 지원한도* 정부지원연구개발비 비중**지원분야중소기업유망기술개발(구조혁 || 80000.0만원/support_amount/기업신청 금액 등에 따라 변동될 수 있으며, 신청·접수 결과에 따라 추가 공고 가능내역사업차수과제수예산중소기업유망기술개발(구조혁신R&D)1차10개12억원2차10개8억원합계20개20억 □ (지원조건)연구개발비의75%이내내역 사업개발기간 및 지원한도* 정부지원연구개발비 비중**지원분야중소기업유망기술개발(구조혁신R&D)최대 2 || 50000.0만원/support_amount/지원조건) 연구개발비의 75% 이내 내역 사업 개발기간 및 지원한도 * 정부지원 연구개발비 비중 ** 지원분야 중소기업유망기술개발 (구조혁신R&D) 최대 2년, 5억 이내 (연차별 최대 2.5억 이내) 75% 이내 자유공모 * 평균단가 4.8억원 이내(연 2.4억원 이내) ** 기관부담연구개발비 : 총 연구개발비의 25% || 50000.0만원/support_amount/합계20개20억 □ (지원조건)연구개발비의75%이내내역 사업개발기간 및 지원한도* 정부지원연구개발비 비중**지원분야중소기업유망기술개발(구조혁신R&D)최대 2년, 5억 이내(연차별 최대 2.5억 이내) 75% 이내자유공모 * 평균단가 4.8억원 이내(연 2.4억원 이내) ** 기관부담연구개발비 : 총 연구개발비의 25% 이",pending,manual_representative_recoverable,https://www.bizinfo.go.kr/sii/siia/selectSIIA200Detail.do?pblancId=PBLN_000000000120845
PBLN_000000000117737,[대전] 2026년 소상공인 인건비 지원사업 공고,대전광역시,hold_no_direct_cash,none,후보는 있으나 현금성 직접지원 금액 후보 없음,1,0,support_amount,,,,,not_required,,https://www.bizinfo.go.kr/sii/siia/selectSIIA200Detail.do?pblancId=PBLN_000000000117737
PBLN_000000000118927,[강원] 2026년 직장문화ㆍ환경개선지원사업 참여기업 모집 공고,강원특별자치도,exclude_non_cash_finance_total,none,직접지원 후보 없이 제외/총규모/금융/비현금 유형만 있음,1,0,education_fee,,,,,pending,recommend_only_payload,https://www.bizinfo.go.kr/sii/siia/selectSIIA200Detail.do?pblancId=PBLN_000000000118927
PBLN_000000000117768,[울산] 2026년 식품진흥기금 융자사업 시행 공고,울산광역시,exclude_non_cash_finance_total,none,직접지원 후보 없이 제외/총규모/금융/비현금 유형만 있음,1,0,non_cash,,,,,not_required,,https://www.bizinfo.go.kr/sii/siia/selectSIIA200Detail.do?pblancId=PBLN_000000000117768
PBLN_000000000117791,[인천] 2026년 희망인천 특례보증 1단계 공고,인천광역시,exclude_non_cash_finance_total,none,직접지원 후보 없이 제외/총규모/금융/비현금 유형만 있음,2,0,non_cash,,,,,not_required,,https://www.bizinfo.go.kr/sii/siia/selectSIIA200Detail.do?pblancId=PBLN_000000000117791
PBLN_000000000117794,[경북] 2026년 중소기업 정부기술개발공모사업 선정지원 참여기업 모집 공고,경상북도,exclude_non_cash_finance_total,none,직접지원 후보 없이 제외/총규모/금융/비현금 유형만 있음,1,0,non_cash,,,,,pending,recommend_only_payload,https://www.bizinfo.go.kr/sii/siia/selectSIIA200Detail.do?pblancId=PBLN_000000000117794
PBLN_000000000119727,[부산] 2026년 중소기업 빅데이터 분석 활용 지원사업 참가기업 모집 공고,부산광역시,exclude_non_cash_finance_total,none,직접지원 후보 없이 제외/총규모/금융/비현금 유형만 있음,1,0,consulting_fee,,,,,pending,recommend_only_payload,https://www.bizinfo.go.kr/sii/siia/selectSIIA200Detail.do?pblancId=PBLN_000000000119727
PBLN_000000000117805,[제주] 제주시 2026년 1인 소상공인 출산급여 지원 사업 공고,제주특별자치도,hold_no_direct_cash,none,후보는 있으나 현금성 직접지원 금액 후보 없음,1,0,support_amount,,,,,not_required,,https://www.bizinfo.go.kr/sii/siia/selectSIIA200Detail.do?pblancId=PBLN_000000000117805
PBLN_000000000117893,대구광역시 내국인 단체 관광객 유치 인센티브 지원 공고,대구광역시,hold_no_direct_cash,none,후보는 있으나 현금성 직접지원 금액 후보 없음,1,0,support_amount,,,,,not_required,,https://www.bizinfo.go.kr/sii/siia/selectSIIA200Detail.do?pblancId=PBLN_000000000117893
PBLN_000000000121193,[경남] 2026년 소상공인 IP출원(상표출원) 지원사업 소상공인 수혜자 모집 공고,지식재산처,exclude_non_cash_finance_total,none,직접지원 후보 없이 제외/총규모/금융/비현금 유형만 있음,2,0,"non_cash, support_amount",,,,,not_required,,https://www.bizinfo.go.kr/sii/siia/selectSIIA200Detail.do?pblancId=PBLN_000000000121193
PBLN_000000000117906,[경남] 중소기업 밀집지역 금융지원 신청 공고,중소벤처기업부,exclude_non_cash_finance_total,none,직접지원 후보 없이 제외/총규모/금융/비현금 유형만 있음,2,0,non_cash,,,,,not_required,,https://www.bizinfo.go.kr/sii/siia/selectSIIA200Detail.do?pblancId=PBLN_000000000117906
PBLN_000000000117918,[경기] 안양시 2026년 소상공인 이자차액 보전금 지원계획 공고,경기도,exclude_non_cash_finance_total,none,직접지원 후보 없이 제외/총규모/금융/비현금 유형만 있음,1,0,non_cash,,,,,not_required,,https://www.bizinfo.go.kr/sii/siia/selectSIIA200Detail.do?pblancId=PBLN_000000000117918
PBLN_000000000121348,2026년 한-체코ㆍ한-중국 에너지국제공동R&D 신규지원 대상과제 공고,기후에너지환경부,hold_unit_or_total_context,none,월/명/건/기간/총규모/자부담 등 위험 문맥 포함,13,2,"support_amount, support_ratio, total_support_scale",,,,37500.0만원/support_amount/개발형태) 개 요 기술분야 지원과제수 글로벌 시장개척 자유공모 (혁신제품형) ▪지원규모 : 총 24억원 내외(과제당 12억원 내외) (1차년도 7.5억원(과제당 3.75억원 내외) *국내 컨소시엄 연구개발기관 지원금에 해당 ▪개발형태 : 혁신제품형 ▪기 술 료 : 징수 ▪연구개발기간 : 36개월 이내 ▪주관연구개발기관 : || 37500.0만원/support_amount/공모형태(개발형태) 개 요 기술분야지원과제수 글로벌 시장개척자유공모(혁신제품형)▪지원규모 : 총 24억원 내외(과제당 12억원 내외)(1차년도 7.5억원(과제당 3.75억원 내외) *국내 컨소시엄 연구개발기관 지원금에 해당▪개발형태 : 혁신제품형▪기 술 료 : 징수▪연구개발기간 : 36개월 이내▪주관연구개발기관 : 기업(,pending,manual_representative_recoverable,https://www.bizinfo.go.kr/sii/siia/selectSIIA200Detail.do?pblancId=PBLN_000000000121348
PBLN_000000000117920,[경기] 안양시 2026년 소상공인 육성 특례보증 지원계획 공고,경기도,exclude_non_cash_finance_total,none,직접지원 후보 없이 제외/총규모/금융/비현금 유형만 있음,1,0,non_cash,,,,,not_required,,https://www.bizinfo.go.kr/sii/siia/selectSIIA200Detail.do?pblancId=PBLN_000000000117920
PBLN_000000000117935,[제주] 2026년 식품진흥기금 융자지원 계획 공고,제주특별자치도,exclude_non_cash_finance_total,none,직접지원 후보 없이 제외/총규모/금융/비현금 유형만 있음,2,0,non_cash,,,,,not_required,,https://www.bizinfo.go.kr/sii/siia/selectSIIA200Detail.do?pblancId=PBLN_000000000117935
PBLN_000000000117943,[경남] 창원시 2026년 창원기업지원단 현장애로컨설팅 지원사업 공고(단기컨설팅),경상남도,exclude_non_cash_finance_total,none,직접지원 후보 없이 제외/총규모/금융/비현금 유형만 있음,4,0,non_cash,,,,,not_required,,https://www.bizinfo.go.kr/sii/siia/selectSIIA200Detail.do?pblancId=PBLN_000000000117943
PBLN_000000000117945,[경기] 수원시 2026년 중소기업 특례보증 지원계획 공고,경기도,exclude_non_cash_finance_total,none,직접지원 후보 없이 제외/총규모/금융/비현금 유형만 있음,1,0,non_cash,,,,,not_required,,https://www.bizinfo.go.kr/sii/siia/selectSIIA200Detail.do?pblancId=PBLN_000000000117945
PBLN_000000000117950,[인천] 중구 2026년 소상공인 (특례)협약보증 지원 사업 공고,인천광역시,exclude_non_cash_finance_total,none,직접지원 후보 없이 제외/총규모/금융/비현금 유형만 있음,2,0,"non_cash, support_ratio",,,,,not_required,,https://www.bizinfo.go.kr/sii/siia/selectSIIA200Detail.do?pblancId=PBLN_000000000117950
PBLN_000000000121411,[울산] 울주군 2026년 강소기업 육성 기술 혁신 지원사업 추가모집 공고,울산광역시,hold_unit_or_total_context,none,월/명/건/기간/총규모/자부담 등 위험 문맥 포함,7,2,"consulting_fee, non_cash, support_amount",,,,"1000.0만원/support_amount/증 획득 시험 및 등록비용* 2백만원 23 자부담 10% ② 혁신기술 사업화 기술가치평가 ·개발예정 신기술에 대한 가치평가비 지원 ·기술평가 전문기관 연계 지원 10백만원 최대 5백만원 7 특허 선행기술조사 ·국내외 유사 특허 출원/등록 여부 조사 ·유사 특허에 대한 회피전략 제공 최대 3백만원 시제품제작 ·양산 전 제품 || 500.0만원/support_amount/등록비용* 2백만원 23 자부담 10% ② 혁신기술 사업화 기술가치평가 ·개발예정 신기술에 대한 가치평가비 지원 ·기술평가 전문기관 연계 지원 10백만원 최대 5백만원 7 특허 선행기술조사 ·국내외 유사 특허 출원/등록 여부 조사 ·유사 특허에 대한 회피전략 제공 최대 3백만원 시제품제작 ·양산 전 제품의 금형, 목업, ",pending,manual_representative_recoverable,https://www.bizinfo.go.kr/sii/siia/selectSIIA200Detail.do?pblancId=PBLN_000000000121411
PBLN_000000000117967,[경기] 수원시 2026년 중소기업육성자금 융자지원 계획 공고,경기도,exclude_non_cash_finance_total,none,직접지원 후보 없이 제외/총규모/금융/비현금 유형만 있음,2,0,non_cash,,,,,not_required,,https://www.bizinfo.go.kr/sii/siia/selectSIIA200Detail.do?pblancId=PBLN_000000000117967
PBLN_000000000121415,[경남] 2026년 경남형 제조 AX 고도화 패스트트랙 지원사업 도입기업 모집 공고,경상남도,exclude_non_cash_finance_total,none,직접지원 후보 없이 제외/총규모/금융/비현금 유형만 있음,3,0,"consulting_fee, support_ratio, total_support_scale",,,,,pending,mixed_manual_review,https://www.bizinfo.go.kr/sii/siia/selectSIIA200Detail.do?pblancId=PBLN_000000000121415
PBLN_000000000117972,[대전] 중구 2026년 소상공인 특례보증 지원사업 공고,대전광역시,exclude_non_cash_finance_total,none,직접지원 후보 없이 제외/총규모/금융/비현금 유형만 있음,1,0,non_cash,,,,,not_required,,https://www.bizinfo.go.kr/sii/siia/selectSIIA200Detail.do?pblancId=PBLN_000000000117972
PBLN_000000000117979,[인천] 중구 2026년 소상공인 특례보증 지원 사업 공고,인천광역시,exclude_non_cash_finance_total,none,직접지원 후보 없이 제외/총규모/금융/비현금 유형만 있음,2,0,non_cash,,,,,not_required,,https://www.bizinfo.go.kr/sii/siia/selectSIIA200Detail.do?pblancId=PBLN_000000000117979
PBLN_000000000117995,[경기] 용인시 2026년 중소기업 특례보증 지원계획 공고,경기도,exclude_non_cash_finance_total,none,직접지원 후보 없이 제외/총규모/금융/비현금 유형만 있음,1,0,non_cash,,,,,not_required,,https://www.bizinfo.go.kr/sii/siia/selectSIIA200Detail.do?pblancId=PBLN_000000000117995
PBLN_000000000118014,[경남] 2026년 농어촌진흥기금 농산물 가격안정자금 융자시행계획 공고,경상남도,exclude_non_cash_finance_total,none,직접지원 후보 없이 제외/총규모/금융/비현금 유형만 있음,1,0,non_cash,,,,,not_required,,https://www.bizinfo.go.kr/sii/siia/selectSIIA200Detail.do?pblancId=PBLN_000000000118014
PBLN_000000000118006,2026년 스마트공장 수준확인 사업 공고,중소벤처기업부,exclude_non_cash_finance_total,none,직접지원 후보 없이 제외/총규모/금융/비현금 유형만 있음,2,0,non_cash,,,,,pending,mixed_manual_review,https://www.bizinfo.go.kr/sii/siia/selectSIIA200Detail.do?pblancId=PBLN_000000000118006
PBLN_000000000122820,2026년 한국형 ARPA-H 프로젝트 신규지원 대상과제 통합 공고,보건복지부,exclude_non_cash_finance_total,none,직접지원 후보 없이 제외/총규모/금융/비현금 유형만 있음,3,0,"consulting_fee, support_ratio, total_support_scale",,,,,pending,mixed_manual_review,https://www.bizinfo.go.kr/sii/siia/selectSIIA200Detail.do?pblancId=PBLN_000000000122820
PBLN_000000000118017,[인천] 2026년 중소기업육성자금 지원계획 공고,인천광역시,exclude_non_cash_finance_total,none,직접지원 후보 없이 제외/총규모/금융/비현금 유형만 있음,6,0,non_cash,,,,,not_required,,https://www.bizinfo.go.kr/sii/siia/selectSIIA200Detail.do?pblancId=PBLN_000000000118017
PBLN_000000000121239,[전북] 2026년 산업체 애로기술 해결을 위한 기술자문 참여기업 모집 공고(지역지능화혁신인재양성사업),전북특별자치도,exclude_non_cash_finance_total,none,직접지원 후보 없이 제외/총규모/금융/비현금 유형만 있음,1,0,non_cash,,,,,pending,recommend_only_payload,https://www.bizinfo.go.kr/sii/siia/selectSIIA200Detail.do?pblancId=PBLN_000000000121239
PBLN_000000000118064,[대구] 달성군 2026년 소상공인 경영안정자금 지원사업 공고,대구광역시,exclude_non_cash_finance_total,none,직접지원 후보 없이 제외/총규모/금융/비현금 유형만 있음,2,0,"non_cash, support_ratio",,,,,not_required,,https://www.bizinfo.go.kr/sii/siia/selectSIIA200Detail.do?pblancId=PBLN_000000000118064
PBLN_000000000118067,[대구] 2026년 동구 소상공인 경영안정자금 지원사업 공고,대구광역시,exclude_non_cash_finance_total,none,직접지원 후보 없이 제외/총규모/금융/비현금 유형만 있음,2,0,"non_cash, support_ratio",,,,,not_required,,https://www.bizinfo.go.kr/sii/siia/selectSIIA200Detail.do?pblancId=PBLN_000000000118067
PBLN_000000000118047,[충북] 청주시 2026년 도시근로자 지원사업 참여기업 모집 공고,충청북도,ratio_only,none,금액 후보 없이 지원비율만 있음,1,0,support_amount,,,,,pending,ratio_only,https://www.bizinfo.go.kr/sii/siia/selectSIIA200Detail.do?pblancId=PBLN_000000000118047
PBLN_000000000118093,[서울] 서초구 2026년 시중은행 협력자금 대출이자 지원 계획 공고,서울특별시,exclude_non_cash_finance_total,none,직접지원 후보 없이 제외/총규모/금융/비현금 유형만 있음,2,0,non_cash,,,,,not_required,,https://www.bizinfo.go.kr/sii/siia/selectSIIA200Detail.do?pblancId=PBLN_000000000118093
PBLN_000000000118094,[서울] 관악구 2026년 상반기 중소기업육성기금 융자지원 계획 공고,서울특별시,exclude_non_cash_finance_total,none,직접지원 후보 없이 제외/총규모/금융/비현금 유형만 있음,2,0,non_cash,,,,,not_required,,https://www.bizinfo.go.kr/sii/siia/selectSIIA200Detail.do?pblancId=PBLN_000000000118094
PBLN_000000000118098,[서울] 서초구 2026년 중소기업육성기금 융자지원 계획 공고,서울특별시,exclude_non_cash_finance_total,none,직접지원 후보 없이 제외/총규모/금융/비현금 유형만 있음,3,0,non_cash,,,,,not_required,,https://www.bizinfo.go.kr/sii/siia/selectSIIA200Detail.do?pblancId=PBLN_000000000118098
PBLN_000000000118131,[전남광주] 2026년 상반기 일반경영안정자금 지원 공고,전남광주통합특별시,exclude_non_cash_finance_total,none,직접지원 후보 없이 제외/총규모/금융/비현금 유형만 있음,3,0,non_cash,,,,,not_required,,https://www.bizinfo.go.kr/sii/siia/selectSIIA200Detail.do?pblancId=PBLN_000000000118131
PBLN_000000000118182,[경기] 2026년 사회적경제조직 특례보증 및 이차보전 지원 사업 공고,경기도,exclude_non_cash_finance_total,none,직접지원 후보 없이 제외/총규모/금융/비현금 유형만 있음,3,0,"non_cash, support_ratio",,,,,not_required,,https://www.bizinfo.go.kr/sii/siia/selectSIIA200Detail.do?pblancId=PBLN_000000000118182
PBLN_000000000116853,2026년 기업훈련 탄력운영제 참여기업 모집 공고,고용노동부,ratio_only,none,금액 후보 없이 지원비율만 있음,1,0,support_ratio,,,,,pending,ratio_only,https://www.bizinfo.go.kr/sii/siia/selectSIIA200Detail.do?pblancId=PBLN_000000000116853
PBLN_000000000118134,[전남광주] 2026년 중소유통업구조개선자금 지원계획 공고,전남광주통합특별시,exclude_non_cash_finance_total,none,직접지원 후보 없이 제외/총규모/금융/비현금 유형만 있음,2,0,non_cash,,,,,not_required,,https://www.bizinfo.go.kr/sii/siia/selectSIIA200Detail.do?pblancId=PBLN_000000000118134
PBLN_000000000121614,[전남광주] 2026년 스마트공장 지원계획 공고,중소벤처기업부,exclude_non_cash_finance_total,none,직접지원 후보 없이 제외/총규모/금융/비현금 유형만 있음,4,0,"non_cash, support_amount",,,,,pending,recommend_only_payload,https://www.bizinfo.go.kr/sii/siia/selectSIIA200Detail.do?pblancId=PBLN_000000000121614
PBLN_000000000118191,[인천] 2026년 식품진흥기금 융자사업 공고,인천광역시,exclude_non_cash_finance_total,none,직접지원 후보 없이 제외/총규모/금융/비현금 유형만 있음,2,0,non_cash,,,,,not_required,,https://www.bizinfo.go.kr/sii/siia/selectSIIA200Detail.do?pblancId=PBLN_000000000118191
PBLN_000000000118203,[전남광주] 2026년 식품진흥기금 융자지원계획 공고,전남광주통합특별시,exclude_non_cash_finance_total,none,직접지원 후보 없이 제외/총규모/금융/비현금 유형만 있음,2,0,non_cash,,,,,not_required,,https://www.bizinfo.go.kr/sii/siia/selectSIIA200Detail.do?pblancId=PBLN_000000000118203
PBLN_000000000118207,[인천] 2026년 농어촌진흥기금 융자지원 사업계획 공고,인천광역시,exclude_non_cash_finance_total,none,직접지원 후보 없이 제외/총규모/금융/비현금 유형만 있음,1,0,non_cash,,,,,not_required,,https://www.bizinfo.go.kr/sii/siia/selectSIIA200Detail.do?pblancId=PBLN_000000000118207
PBLN_000000000118210,2026년 리스크안전망 구축 지원업체 모집 공고,해양수산부,hold_no_direct_cash,none,후보는 있으나 현금성 직접지원 금액 후보 없음,1,0,support_amount,,,,,not_required,,https://www.bizinfo.go.kr/sii/siia/selectSIIA200Detail.do?pblancId=PBLN_000000000118210
PBLN_000000000118237,[서울] 2026년 중장년 경력 인재 지원(채용형) 참여기업 모집 공고,서울특별시,hold_no_direct_cash,none,후보는 있으나 현금성 직접지원 금액 후보 없음,6,0,support_amount,,,,,not_required,,https://www.bizinfo.go.kr/sii/siia/selectSIIA200Detail.do?pblancId=PBLN_000000000118237
PBLN_000000000118301,2026년 환경기업 해외 진출 전문 컨설팅 지원사업 상시 모집 공고,기후에너지환경부,exclude_non_cash_finance_total,none,직접지원 후보 없이 제외/총규모/금융/비현금 유형만 있음,1,0,non_cash,,,,,not_required,,https://www.bizinfo.go.kr/sii/siia/selectSIIA200Detail.do?pblancId=PBLN_000000000118301
PBLN_000000000118336,[경기] 광명시 2026년 중소기업 육성자금(제조업ㆍ지식산업ㆍ정보통신산업) 지원계획 공고,경기도,exclude_non_cash_finance_total,none,직접지원 후보 없이 제외/총규모/금융/비현금 유형만 있음,1,0,non_cash,,,,,not_required,,https://www.bizinfo.go.kr/sii/siia/selectSIIA200Detail.do?pblancId=PBLN_000000000118336
PBLN_000000000118341,[경기] 광명시 2026년 중소기업 특례보증 지원계획 공고,경기도,exclude_non_cash_finance_total,none,직접지원 후보 없이 제외/총규모/금융/비현금 유형만 있음,1,0,non_cash,,,,,not_required,,https://www.bizinfo.go.kr/sii/siia/selectSIIA200Detail.do?pblancId=PBLN_000000000118341
PBLN_000000000118345,[경기] 광명시 2026년 소규모 유통업 육성자금 지원 공고,경기도,exclude_non_cash_finance_total,none,직접지원 후보 없이 제외/총규모/금융/비현금 유형만 있음,1,0,non_cash,,,,,not_required,,https://www.bizinfo.go.kr/sii/siia/selectSIIA200Detail.do?pblancId=PBLN_000000000118345
PBLN_000000000118386,[서울ㆍ인천ㆍ경기] 2026년 중장년 경력 인재 지원(직무체험형) 참여기업 모집 공고,서울특별시,exclude_non_cash_finance_total,none,직접지원 후보 없이 제외/총규모/금융/비현금 유형만 있음,2,0,"non_cash, support_amount",,,,,not_required,,https://www.bizinfo.go.kr/sii/siia/selectSIIA200Detail.do?pblancId=PBLN_000000000118386
KPASS:P2950,2026년 산업기술국제협력사업 통합 시행계획 공고,한국산업기술진흥원,hold_unit_or_total_context,none,월/명/건/기간/총규모/자부담 등 위험 문맥 포함,7,1,"support_amount, support_ratio, total_support_scale",,,,"50000.0만원/support_amount/구개발기관 중 기업만 해당) ○ 동일한 연구개발과제를 수행하는 참여기업들은 상호 협의를 통해 연구개발기간에 걸쳐 참여기업들의 정부지원연구개발비 합계액을 기준으로 5억원 당 1명 이상의 만 34세 이하(채용시점 기준, 군 복무 기간만큼 월 단위로 계산(1개월 미만은 올림)하여 추가로 인정하되 최대 만 39세까지 한정) 참여",reviewed,keep_old_amount,https://www.k-pass.kr/notice/ancView.do?ancId=P2950&gubun=NEW
PBLN_000000000118393,[울산] 2026년 청년일자리도약장려금 기업 모집 공고,울산광역시,hold_no_direct_cash,none,후보는 있으나 현금성 직접지원 금액 후보 없음,1,0,support_amount,,,,,not_required,,https://www.bizinfo.go.kr/sii/siia/selectSIIA200Detail.do?pblancId=PBLN_000000000118393
PBLN_000000000123377,[전남광주] 첨단로봇ㆍAI 활용 중소기업 제조혁신 사업 기업지원(기획 컨설팅) 모집 공고,전남광주통합특별시,exclude_non_cash_finance_total,none,직접지원 후보 없이 제외/총규모/금융/비현금 유형만 있음,1,0,non_cash,,,,,pending,manual_representative_recoverable,https://www.bizinfo.go.kr/sii/siia/selectSIIA200Detail.do?pblancId=PBLN_000000000123377
PBLN_000000000118318,2026년 소스개발 및 생산지원 사업 공고,농림축산식품부,exclude_non_cash_finance_total,none,직접지원 후보 없이 제외/총규모/금융/비현금 유형만 있음,1,0,non_cash,,,,,pending,mixed_manual_review,https://www.bizinfo.go.kr/sii/siia/selectSIIA200Detail.do?pblancId=PBLN_000000000118318
PBLN_000000000118586,[경남] 2026년 식품진흥기금 융자금 지원계획 공고,경상남도,ratio_only,none,금액 후보 없이 지원비율만 있음,1,0,support_ratio,,,,,not_required,,https://www.bizinfo.go.kr/sii/siia/selectSIIA200Detail.do?pblancId=PBLN_000000000118586
PBLN_000000000118445,[경남] 2026년 창업기업 신규고용인력 보조금 지원계획 공고,경상남도,hold_no_direct_cash,none,후보는 있으나 현금성 직접지원 금액 후보 없음,1,0,support_amount,,,,,not_required,,https://www.bizinfo.go.kr/sii/siia/selectSIIA200Detail.do?pblancId=PBLN_000000000118445
PBLN_000000000121702,[강원] 2026년 수출단체보험 가입 희망기업 모집 공고(강원특별자치도청 전액 보험료지원),강원특별자치도,ratio_only,none,금액 후보 없이 지원비율만 있음,1,0,support_ratio,,,,,not_required,,https://www.bizinfo.go.kr/sii/siia/selectSIIA200Detail.do?pblancId=PBLN_000000000121702
PBLN_000000000118617,[충북] 지능형첨단부품산업의 디지털전환 거점 구축 사업 오픈랩 AI 개발플랫폼 활용 지원 수혜기업 모집 공고,충청북도,exclude_non_cash_finance_total,none,직접지원 후보 없이 제외/총규모/금융/비현금 유형만 있음,2,0,non_cash,,,,,not_required,,https://www.bizinfo.go.kr/sii/siia/selectSIIA200Detail.do?pblancId=PBLN_000000000118617
PBLN_000000000118674,[경기] 2026년 규제샌드박스 지원사업 맞춤형 컨설팅 참여기업 모집 공고,경기도,exclude_non_cash_finance_total,none,직접지원 후보 없이 제외/총규모/금융/비현금 유형만 있음,5,0,non_cash,,,,,not_required,,https://www.bizinfo.go.kr/sii/siia/selectSIIA200Detail.do?pblancId=PBLN_000000000118674
PBLN_000000000118744,[제주] 관광사업체 대상 국내 현지 방문 판촉 영업 활동 지원 사업 공고,제주특별자치도,hold_no_direct_cash,none,후보는 있으나 현금성 직접지원 금액 후보 없음,1,0,support_amount,,,,,not_required,,https://www.bizinfo.go.kr/sii/siia/selectSIIA200Detail.do?pblancId=PBLN_000000000118744
PBLN_000000000121849,전기차 차체ㆍ섀시 충돌안전 기업지원 연장 공고(xEV 보호차체 충돌안전 기업지원사업),경상북도,exclude_non_cash_finance_total,none,직접지원 후보 없이 제외/총규모/금융/비현금 유형만 있음,5,0,non_cash,,,,,pending,mixed_manual_review,https://www.bizinfo.go.kr/sii/siia/selectSIIA200Detail.do?pblancId=PBLN_000000000121849
PBLN_000000000118778,2026년 충주시 단체관광객 유치여행사 인센티브제 운영 수정 공고,충청북도,exclude_non_cash_finance_total,none,직접지원 후보 없이 제외/총규모/금융/비현금 유형만 있음,1,0,non_cash,,,,,not_required,,https://www.bizinfo.go.kr/sii/siia/selectSIIA200Detail.do?pblancId=PBLN_000000000118778
PBLN_000000000118786,2026년 중소기업 K-뷰티론 정책자금 지원계획 공고,중소벤처기업부,exclude_non_cash_finance_total,none,직접지원 후보 없이 제외/총규모/금융/비현금 유형만 있음,2,0,non_cash,,,,,not_required,,https://www.bizinfo.go.kr/sii/siia/selectSIIA200Detail.do?pblancId=PBLN_000000000118786
PBLN_000000000122275,[대구] 2026년 2차 지역혁신 중심 대학지원체계(RISE) 사업 협업ㆍ지원대상 기업 모집 공고,교육부,exclude_non_cash_finance_total,none,직접지원 후보 없이 제외/총규모/금융/비현금 유형만 있음,2,0,total_support_scale,,,,,pending,total_scale_manual_review,https://www.bizinfo.go.kr/sii/siia/selectSIIA200Detail.do?pblancId=PBLN_000000000122275
PBLN_000000000118876,2026년 현장실습 훈련(시니어인턴십) 지원사업 공고(지에스씨넷),고용노동부,hold_no_direct_cash,none,후보는 있으나 현금성 직접지원 금액 후보 없음,1,0,support_amount,,,,,not_required,,https://www.bizinfo.go.kr/sii/siia/selectSIIA200Detail.do?pblancId=PBLN_000000000118876
PBLN_000000000118880,[인천] 2026년 지역 내 소상공인 고용창출 확대를 위한 일자리 창출 특례보증 지원사업 공고,인천광역시,exclude_non_cash_finance_total,none,직접지원 후보 없이 제외/총규모/금융/비현금 유형만 있음,3,0,non_cash,,,,,not_required,,https://www.bizinfo.go.kr/sii/siia/selectSIIA200Detail.do?pblancId=PBLN_000000000118880
PBLN_000000000118891,[경기] 2026년 식품진흥기금 식품위생업소 융자사업 수정 공고,경기도,exclude_non_cash_finance_total,none,직접지원 후보 없이 제외/총규모/금융/비현금 유형만 있음,5,0,non_cash,,,,,not_required,,https://www.bizinfo.go.kr/sii/siia/selectSIIA200Detail.do?pblancId=PBLN_000000000118891
PBLN_000000000118917,[경남] 진주시 2026년 창업기업 신용보증수수료 지원사업 공고,경상남도,exclude_non_cash_finance_total,none,직접지원 후보 없이 제외/총규모/금융/비현금 유형만 있음,1,0,non_cash,,,,,not_required,,https://www.bizinfo.go.kr/sii/siia/selectSIIA200Detail.do?pblancId=PBLN_000000000118917
PBLN_000000000123448,해오름 이차전지 기업지원(비즈협력ㆍ스케일업) 수혜기업 모집 공고(해오름동맹 첨단이차전지 연대협력사업),경상북도,ratio_only,none,금액 후보 없이 지원비율만 있음,1,0,support_ratio,,,,,pending,ratio_only,https://www.bizinfo.go.kr/sii/siia/selectSIIA200Detail.do?pblancId=PBLN_000000000123448
PBLN_000000000119050,[경남] 진주시 우주항공청 이주직원 가족 소상공인 창업 지원사업 공고,경상남도,hold_no_direct_cash,none,후보는 있으나 현금성 직접지원 금액 후보 없음,2,0,support_amount,,,,,not_required,,https://www.bizinfo.go.kr/sii/siia/selectSIIA200Detail.do?pblancId=PBLN_000000000119050
PBLN_000000000119052,[인천] 2026년 중소기업 환경개선자금 이자지원 계획 공고,인천광역시,exclude_non_cash_finance_total,none,직접지원 후보 없이 제외/총규모/금융/비현금 유형만 있음,1,0,non_cash,,,,,not_required,,https://www.bizinfo.go.kr/sii/siia/selectSIIA200Detail.do?pblancId=PBLN_000000000119052
PBLN_000000000122640,[경북] 2026년 경북산업기술단지 거점기능강화사업 기술닥터제 활성화 지원사업 공고,중소벤처기업부,exclude_non_cash_finance_total,none,직접지원 후보 없이 제외/총규모/금융/비현금 유형만 있음,2,0,"consulting_fee, support_ratio",,,,,pending,mixed_manual_review,https://www.bizinfo.go.kr/sii/siia/selectSIIA200Detail.do?pblancId=PBLN_000000000122640
PBLN_000000000121777,[울산] 2026년 소상공인 산재보험료 지원사업 공고,울산광역시,ratio_only,none,금액 후보 없이 지원비율만 있음,1,0,support_ratio,,,,,pending,ratio_only,https://www.bizinfo.go.kr/sii/siia/selectSIIA200Detail.do?pblancId=PBLN_000000000121777
PBLN_000000000119095,[충남] 2026년 보증기업 위기극복 패키지 지원사업 모집 공고,충청남도,exclude_non_cash_finance_total,none,직접지원 후보 없이 제외/총규모/금융/비현금 유형만 있음,3,0,non_cash,,,,,not_required,,https://www.bizinfo.go.kr/sii/siia/selectSIIA200Detail.do?pblancId=PBLN_000000000119095
PBLN_000000000119155,[전북] 2026년 폐업 소상공인 사업정리 지원사업 공고,전북특별자치도,hold_no_direct_cash,none,후보는 있으나 현금성 직접지원 금액 후보 없음,1,0,support_amount,,,,,not_required,,https://www.bizinfo.go.kr/sii/siia/selectSIIA200Detail.do?pblancId=PBLN_000000000119155
PBLN_000000000119218,[제주] 2026년 중소기업육성자금 융자지원계획 변경 공고,제주특별자치도,exclude_non_cash_finance_total,none,직접지원 후보 없이 제외/총규모/금융/비현금 유형만 있음,3,0,non_cash,,,,,not_required,,https://www.bizinfo.go.kr/sii/siia/selectSIIA200Detail.do?pblancId=PBLN_000000000119218
PBLN_000000000119240,[울산] 2026년 고용노동부 청년일자리도약장려금사업 참여기업 모집 공고,울산광역시,hold_no_direct_cash,none,후보는 있으나 현금성 직접지원 금액 후보 없음,2,0,support_amount,,,,,not_required,,https://www.bizinfo.go.kr/sii/siia/selectSIIA200Detail.do?pblancId=PBLN_000000000119240
PBLN_000000000119255,[전남광주] 2026년 소상공인 디지털 전환 지원사업 신청ㆍ접수 공고,전남광주통합특별시,hold_no_direct_cash,none,후보는 있으나 현금성 직접지원 금액 후보 없음,1,0,support_amount,,,,,not_required,,https://www.bizinfo.go.kr/sii/siia/selectSIIA200Detail.do?pblancId=PBLN_000000000119255
PBLN_000000000122442,[울산] 2026년 기술이전지원사업 기술코칭프로그램 참여기업 모집 공고,울산광역시,exclude_non_cash_finance_total,none,직접지원 후보 없이 제외/총규모/금융/비현금 유형만 있음,1,0,total_support_scale,,,,,pending,total_scale_manual_review,https://www.bizinfo.go.kr/sii/siia/selectSIIA200Detail.do?pblancId=PBLN_000000000122442
PBLN_000000000119316,2026년 일터혁신 상생컨설팅 지원사업 모집 공고,고용노동부,exclude_non_cash_finance_total,none,직접지원 후보 없이 제외/총규모/금융/비현금 유형만 있음,2,0,"non_cash, support_amount",,,,,not_required,,https://www.bizinfo.go.kr/sii/siia/selectSIIA200Detail.do?pblancId=PBLN_000000000119316
PBLN_000000000119324,2026년 농산업 수출활성화사업 맞춤형 컨설팅 참가기업 모집 공고,농림축산식품부,exclude_non_cash_finance_total,none,직접지원 후보 없이 제외/총규모/금융/비현금 유형만 있음,1,0,non_cash,,,,,not_required,,https://www.bizinfo.go.kr/sii/siia/selectSIIA200Detail.do?pblancId=PBLN_000000000119324
PBLN_000000000122473,2026년 해양수산 연구장비 렌탈지원사업 공고,해양수산부,ratio_only,none,금액 후보 없이 지원비율만 있음,1,0,support_ratio,,,,,not_required,,https://www.bizinfo.go.kr/sii/siia/selectSIIA200Detail.do?pblancId=PBLN_000000000122473
PBLN_000000000122492,[충남] 2026년 IP디딤돌 프로그램 창업자 후속지원 대상자 모집 공고,충청남도,ratio_only,none,금액 후보 없이 지원비율만 있음,7,0,support_amount,,,,,reviewed,keep_old_amount,https://www.bizinfo.go.kr/sii/siia/selectSIIA200Detail.do?pblancId=PBLN_000000000122492
PBLN_000000000117563,2026년 중소기업 매출채권팩토링 지원계획 공고,중소벤처기업부,exclude_non_cash_finance_total,none,직접지원 후보 없이 제외/총규모/금융/비현금 유형만 있음,1,0,non_cash,,,,,pending,manual_representative_recoverable,https://www.bizinfo.go.kr/sii/siia/selectSIIA200Detail.do?pblancId=PBLN_000000000117563
PBLN_000000000119373,[인천] 2026년 신개념 세대융합 청년창업 지원 멘티 상시모집 공고,인천광역시,exclude_non_cash_finance_total,none,직접지원 후보 없이 제외/총규모/금융/비현금 유형만 있음,2,0,"non_cash, support_amount",,,,,not_required,,https://www.bizinfo.go.kr/sii/siia/selectSIIA200Detail.do?pblancId=PBLN_000000000119373
PBLN_000000000119375,[전남광주] 2026년 소상공인 IP출원(상표출원) 지원사업 소상공인 수혜자 모집 공고,전남광주통합특별시,exclude_non_cash_finance_total,none,직접지원 후보 없이 제외/총규모/금융/비현금 유형만 있음,2,0,non_cash,,,,,not_required,,https://www.bizinfo.go.kr/sii/siia/selectSIIA200Detail.do?pblancId=PBLN_000000000119375
PBLN_000000000119409,[경남] 2026 중소기업 통ㆍ번역 지원사업 참가업체 모집 공고,경상남도,exclude_non_cash_finance_total,none,직접지원 후보 없이 제외/총규모/금융/비현금 유형만 있음,1,0,non_cash,,,,,not_required,,https://www.bizinfo.go.kr/sii/siia/selectSIIA200Detail.do?pblancId=PBLN_000000000119409
PBLN_000000000119434,2026년 (예비)사회적기업 이차보전 지원계획 공고,고용노동부,exclude_non_cash_finance_total,none,직접지원 후보 없이 제외/총규모/금융/비현금 유형만 있음,1,0,non_cash,,,,,not_required,,https://www.bizinfo.go.kr/sii/siia/selectSIIA200Detail.do?pblancId=PBLN_000000000119434
PBLN_000000000119489,2026년 미래내일일경험사업(인턴형) 참여기업 모집 공고,고용노동부,hold_no_direct_cash,none,후보는 있으나 현금성 직접지원 금액 후보 없음,1,0,support_amount,,,,,not_required,,https://www.bizinfo.go.kr/sii/siia/selectSIIA200Detail.do?pblancId=PBLN_000000000119489
PBLN_000000000119499,2026년 방사선 기술 IP보증연계 지식재산평가 지원사업 공고,과학기술정보통신부,exclude_non_cash_finance_total,none,직접지원 후보 없이 제외/총규모/금융/비현금 유형만 있음,1,0,non_cash,,,,,not_required,,https://www.bizinfo.go.kr/sii/siia/selectSIIA200Detail.do?pblancId=PBLN_000000000119499
PBLN_000000000119555,2026년 현장실습훈련(시니어인턴십) 참여기업 모집 공고,보건복지부,hold_no_direct_cash,none,후보는 있으나 현금성 직접지원 금액 후보 없음,3,0,support_amount,,,,,not_required,,https://www.bizinfo.go.kr/sii/siia/selectSIIA200Detail.do?pblancId=PBLN_000000000119555
PBLN_000000000119518,[전북] 2026년 에너지산업융복합단지 공동연구장비 활용 및 컨설팅 지원 수혜기업 모집 공고,전북특별자치도,exclude_non_cash_finance_total,none,직접지원 후보 없이 제외/총규모/금융/비현금 유형만 있음,2,0,non_cash,,,,,pending,recommend_only_payload,https://www.bizinfo.go.kr/sii/siia/selectSIIA200Detail.do?pblancId=PBLN_000000000119518
PBLN_000000000122644,[경북] 2026년 2차 미래자동차 사업재편 혁신성장 지원사업 공고,경상북도,exclude_non_cash_finance_total,none,직접지원 후보 없이 제외/총규모/금융/비현금 유형만 있음,2,0,"consulting_fee, total_support_scale",,,,,pending,mixed_manual_review,https://www.bizinfo.go.kr/sii/siia/selectSIIA200Detail.do?pblancId=PBLN_000000000122644
PBLN_000000000122826,2026년 제3회 신기술(NET)지정 신규신청(100대 전략품목 포함) 및 유효기간 연장신청 접수 공고,산업통상부,ratio_only,none,금액 후보 없이 지원비율만 있음,1,0,support_ratio,,,,,not_required,,https://www.bizinfo.go.kr/sii/siia/selectSIIA200Detail.do?pblancId=PBLN_000000000122826
PBLN_000000000119719,[충북] 2026년 소상공인 출산 지원사업 참여자 모집 공고,충청북도,hold_no_direct_cash,none,후보는 있으나 현금성 직접지원 금액 후보 없음,1,0,support_amount,,,,,not_required,,https://www.bizinfo.go.kr/sii/siia/selectSIIA200Detail.do?pblancId=PBLN_000000000119719
PBLN_000000000119733,[울산] 울주군 2026년 강소기업 육성 기술 혁신 지원사업 시행 공고,울산광역시,exclude_non_cash_finance_total,none,직접지원 후보 없이 제외/총규모/금융/비현금 유형만 있음,4,0,non_cash,,,,,pending,manual_representative_recoverable,https://www.bizinfo.go.kr/sii/siia/selectSIIA200Detail.do?pblancId=PBLN_000000000119733
PBLN_000000000117291,2026년 한국식품산업클러스터진흥원 기업지원시설ㆍ장비 활용 지원사업 공고,농림축산식품부,exclude_non_cash_finance_total,none,직접지원 후보 없이 제외/총규모/금융/비현금 유형만 있음,2,0,non_cash,,,,,pending,mixed_manual_review,https://www.bizinfo.go.kr/sii/siia/selectSIIA200Detail.do?pblancId=PBLN_000000000117291
PBLN_000000000119738,[경기] 용인시 2026년 IP지원센터 운영 IP 컨설팅 통합 공고,경기도,exclude_non_cash_finance_total,none,직접지원 후보 없이 제외/총규모/금융/비현금 유형만 있음,2,0,non_cash,,,,,not_required,,https://www.bizinfo.go.kr/sii/siia/selectSIIA200Detail.do?pblancId=PBLN_000000000119738
PBLN_000000000119802,2026년 소상공인(법인사업자) 비즈플러스카드 지원사업 시행 공고,중소벤처기업부,exclude_non_cash_finance_total,none,직접지원 후보 없이 제외/총규모/금융/비현금 유형만 있음,1,0,non_cash,,,,,not_required,,https://www.bizinfo.go.kr/sii/siia/selectSIIA200Detail.do?pblancId=PBLN_000000000119802
PBLN_000000000119834,[전남광주] 2026년 벤처기업육성자금 지원계획 공고,전남광주통합특별시,exclude_non_cash_finance_total,none,직접지원 후보 없이 제외/총규모/금융/비현금 유형만 있음,4,0,"non_cash, support_ratio",,,,,not_required,,https://www.bizinfo.go.kr/sii/siia/selectSIIA200Detail.do?pblancId=PBLN_000000000119834
PBLN_000000000119851,[경북] 안동시 2026년 로케이션 제작지원 사업 공고,경상북도,ratio_only,none,금액 후보 없이 지원비율만 있음,1,0,support_amount,,,,,pending,mixed_manual_review,https://www.bizinfo.go.kr/sii/siia/selectSIIA200Detail.do?pblancId=PBLN_000000000119851
PBLN_000000000119850,[서울] 중구ㆍ종로구ㆍ동대문구 2026년 청년일자리도약장려금 사업 참여기업 모집 공고,고용노동부,hold_no_direct_cash,none,후보는 있으나 현금성 직접지원 금액 후보 없음,1,0,support_amount,,,,,not_required,,https://www.bizinfo.go.kr/sii/siia/selectSIIA200Detail.do?pblancId=PBLN_000000000119850
PBLN_000000000119918,2026년 IP보증연계 지식재산평가 지원사업 공고,지식재산처,exclude_non_cash_finance_total,none,직접지원 후보 없이 제외/총규모/금융/비현금 유형만 있음,2,0,"non_cash, support_amount",,,,,not_required,,https://www.bizinfo.go.kr/sii/siia/selectSIIA200Detail.do?pblancId=PBLN_000000000119918
PBLN_000000000119938,2026년 농식품 기술평가 지원사업 참여업체 모집 공고,농림축산식품부,hold_no_direct_cash,none,후보는 있으나 현금성 직접지원 금액 후보 없음,1,0,support_amount,,,,,not_required,,https://www.bizinfo.go.kr/sii/siia/selectSIIA200Detail.do?pblancId=PBLN_000000000119938
PBLN_000000000119951,[부산] 관광ㆍ마이스 그로우업(Grow-up) 지원사업 참여 기업 모집 공고,부산광역시,hold_no_direct_cash,none,후보는 있으나 현금성 직접지원 금액 후보 없음,1,0,support_amount,,,,,not_required,,https://www.bizinfo.go.kr/sii/siia/selectSIIA200Detail.do?pblancId=PBLN_000000000119951
PBLN_000000000119967,[전북] 2026년 게임인재 맞춤형 인턴십 지원사업 공고(전북 글로벌게임센터),전북특별자치도,hold_no_direct_cash,none,후보는 있으나 현금성 직접지원 금액 후보 없음,1,0,support_amount,,,,,not_required,,https://www.bizinfo.go.kr/sii/siia/selectSIIA200Detail.do?pblancId=PBLN_000000000119967
PBLN_000000000119981,[전북] 2026년 새출발 재기지원 (휴ㆍ폐업 사업주형) 재기 지원(사업정리비 및 교육비) 모집 공고,전북특별자치도,hold_no_direct_cash,none,후보는 있으나 현금성 직접지원 금액 후보 없음,2,0,support_amount,,,,,not_required,,https://www.bizinfo.go.kr/sii/siia/selectSIIA200Detail.do?pblancId=PBLN_000000000119981
PBLN_000000000119976,2026년 해양 연구 시설ㆍ장비 사용료 지원사업 모집 공고,해양수산부,exclude_non_cash_finance_total,none,직접지원 후보 없이 제외/총규모/금융/비현금 유형만 있음,3,0,"non_cash, support_ratio",,,,,not_required,,https://www.bizinfo.go.kr/sii/siia/selectSIIA200Detail.do?pblancId=PBLN_000000000119976
TECHNOPARK:955,(예산) 2026 시군구연고산업육성사업 2차 공고 (수정공고),충남테크노파크,exclude_non_cash_finance_total,none,직접지원 후보 없이 제외/총규모/금융/비현금 유형만 있음,5,0,"consulting_fee, education_fee, total_support_scale",,,,,pending,mixed_manual_review,https://www.ctp.or.kr/business/datadetail.do?seq=2709247
PBLN_000000000120006,[서울] 2026년 노동환경개선컨설팅 사업 대상 모집 공고,서울특별시,exclude_non_cash_finance_total,none,직접지원 후보 없이 제외/총규모/금융/비현금 유형만 있음,1,0,non_cash,,,,,not_required,,https://www.bizinfo.go.kr/sii/siia/selectSIIA200Detail.do?pblancId=PBLN_000000000120006
SMARTFACTORY:2025-N-0205:1,2026년 한국로봇산업진흥원 로봇활용 제조혁신 지원사업,스마트공장 사업관리시스템,exclude_non_cash_finance_total,none,직접지원 후보 없이 제외/총규모/금융/비현금 유형만 있음,17,0,"fee, total_support_scale",,,,,pending,mixed_manual_review,https://www.smart-factory.kr/usr/bg/ba/ma/bsnsPbancDtl?pbancId=2025-N-0205&pbancSn=1
PBLN_000000000122168,[경북] 경주시 2026년 소규모 사업장 방지시설 설치 지원사업 공고,경상북도,ratio_only,none,금액 후보 없이 지원비율만 있음,1,0,support_ratio,,,,,pending,ratio_only,https://www.bizinfo.go.kr/sii/siia/selectSIIA200Detail.do?pblancId=PBLN_000000000122168
PBLN_000000000120023,[경남] 2026년 소상공인 정책자금 운용계획 변경 공고,경상남도,exclude_non_cash_finance_total,none,직접지원 후보 없이 제외/총규모/금융/비현금 유형만 있음,1,0,non_cash,,,,,not_required,,https://www.bizinfo.go.kr/sii/siia/selectSIIA200Detail.do?pblancId=PBLN_000000000120023
PBLN_000000000120062,[충북] 2026년 긴급 운전자금 융자(이차보전) 지원계획 공고,충청북도,exclude_non_cash_finance_total,none,직접지원 후보 없이 제외/총규모/금융/비현금 유형만 있음,1,0,non_cash,,,,,not_required,,https://www.bizinfo.go.kr/sii/siia/selectSIIA200Detail.do?pblancId=PBLN_000000000120062
PBLN_000000000120083,2026년 데이터 가치평가 지원사업 공고,과학기술정보통신부,hold_no_direct_cash,none,후보는 있으나 현금성 직접지원 금액 후보 없음,1,0,support_amount,,,,,not_required,,https://www.bizinfo.go.kr/sii/siia/selectSIIA200Detail.do?pblancId=PBLN_000000000120083
PBLN_000000000120102,[전북] 2026년 중동분쟁 대응 수출입기업 긴급 경영안정자금 지원계획 변경 공고,전북특별자치도,exclude_non_cash_finance_total,none,직접지원 후보 없이 제외/총규모/금융/비현금 유형만 있음,2,0,"non_cash, support_ratio",,,,,not_required,,https://www.bizinfo.go.kr/sii/siia/selectSIIA200Detail.do?pblancId=PBLN_000000000120102
PBLN_000000000120117,2026년 소상공인 투자연계 지원사업 립스(LIPS) 프로그램 소상공인 모집 공고,중소벤처기업부,exclude_non_cash_finance_total,none,직접지원 후보 없이 제외/총규모/금융/비현금 유형만 있음,2,0,non_cash,,,,,not_required,,https://www.bizinfo.go.kr/sii/siia/selectSIIA200Detail.do?pblancId=PBLN_000000000120117
PBLN_000000000123147,2027년 식품소재 및 반가공산업 육성 사업자 선정계획 공고,농림축산식품부,ratio_only,none,금액 후보 없이 지원비율만 있음,1,0,support_amount,,,,,pending,ratio_only,https://www.bizinfo.go.kr/sii/siia/selectSIIA200Detail.do?pblancId=PBLN_000000000123147
PBLN_000000000120135,[전남광주] 2026년 하남산업단지 중소기업 보증료 지원사업 공고,전남광주통합특별시,exclude_non_cash_finance_total,none,직접지원 후보 없이 제외/총규모/금융/비현금 유형만 있음,1,0,non_cash,,,,,pending,finance_exclude_payload,https://www.bizinfo.go.kr/sii/siia/selectSIIA200Detail.do?pblancId=PBLN_000000000120135
PBLN_000000000120138,[인천] 중동 수출 중소기업 긴급 경영안정자금 지원 공고,인천광역시,exclude_non_cash_finance_total,none,직접지원 후보 없이 제외/총규모/금융/비현금 유형만 있음,2,0,non_cash,,,,,not_required,,https://www.bizinfo.go.kr/sii/siia/selectSIIA200Detail.do?pblancId=PBLN_000000000120138
PBLN_000000000120136,[대구] 북구 2026년 상반기 소상공인 경영안정자금 지원사업 공고,대구광역시,exclude_non_cash_finance_total,none,직접지원 후보 없이 제외/총규모/금융/비현금 유형만 있음,2,0,"non_cash, support_ratio",,,,,not_required,,https://www.bizinfo.go.kr/sii/siia/selectSIIA200Detail.do?pblancId=PBLN_000000000120136
PBLN_000000000118037,2026년 기업인력애로센터 활용 취업지원 사업 구인기업 및 구직자 모집 공고,중소벤처기업부,exclude_non_cash_finance_total,none,직접지원 후보 없이 제외/총규모/금융/비현금 유형만 있음,7,0,non_cash,,,,,not_required,,https://www.bizinfo.go.kr/sii/siia/selectSIIA200Detail.do?pblancId=PBLN_000000000118037
PBLN_000000000120158,[경기] 양주시 2026년 중소기업 및 소상공인 운전자금 이차보전 지원 공고,경기도,exclude_non_cash_finance_total,none,직접지원 후보 없이 제외/총규모/금융/비현금 유형만 있음,1,0,non_cash,,,,,not_required,,https://www.bizinfo.go.kr/sii/siia/selectSIIA200Detail.do?pblancId=PBLN_000000000120158
PBLN_000000000123542,[충남] 2026년 미래차전환 종합지원사업 기업지원(R&D) 프로그램 모집 공고,충청남도,hold_no_direct_cash,none,후보는 있으나 현금성 직접지원 금액 후보 없음,4,0,support_amount,,,,,pending,mixed_manual_review,https://www.bizinfo.go.kr/sii/siia/selectSIIA200Detail.do?pblancId=PBLN_000000000123542
PBLN_000000000120166,[제주] 2026년 소상공인 건강검진 지원사업 신청자 모집 공고,제주특별자치도,exclude_non_cash_finance_total,none,직접지원 후보 없이 제외/총규모/금융/비현금 유형만 있음,1,0,non_cash,,,,,not_required,,https://www.bizinfo.go.kr/sii/siia/selectSIIA200Detail.do?pblancId=PBLN_000000000120166
PBLN_000000000120174,2026년 우리동네 크라우드펀딩 지원사업 크라우드펀딩 참여 소상공인 모집 공고,중소벤처기업부,exclude_non_cash_finance_total,none,직접지원 후보 없이 제외/총규모/금융/비현금 유형만 있음,10,0,"non_cash, support_amount",,,,,not_required,,https://www.bizinfo.go.kr/sii/siia/selectSIIA200Detail.do?pblancId=PBLN_000000000120174
PBLN_000000000120177,[경기] 2026년 중소기업육성자금 융자지원계획 변경 공고(경기도-IBK기업은행 협약),경기도,exclude_non_cash_finance_total,none,직접지원 후보 없이 제외/총규모/금융/비현금 유형만 있음,5,0,"non_cash, support_ratio",,,,,not_required,,https://www.bizinfo.go.kr/sii/siia/selectSIIA200Detail.do?pblancId=PBLN_000000000120177
PBLN_000000000118530,2026년 중소ㆍ중견 에너지효율 혁신 선도 프로젝트 선도기업 모집 공고,기후에너지환경부,ratio_only,none,금액 후보 없이 지원비율만 있음,1,0,support_ratio,,,,,not_required,,https://www.bizinfo.go.kr/sii/siia/selectSIIA200Detail.do?pblancId=PBLN_000000000118530
PBLN_000000000120233,[전남광주] 2026년 중소기업 수출보험료 지원사업 신청 안내 변경 공고,전남광주통합특별시,exclude_non_cash_finance_total,none,직접지원 후보 없이 제외/총규모/금융/비현금 유형만 있음,3,0,non_cash,,,,,not_required,,https://www.bizinfo.go.kr/sii/siia/selectSIIA200Detail.do?pblancId=PBLN_000000000120233
PBLN_000000000120252,[경기] 2026년 1차 중소기업육성자금 융자지원계획 변경 공고,경기도,exclude_non_cash_finance_total,none,직접지원 후보 없이 제외/총규모/금융/비현금 유형만 있음,2,0,non_cash,,,,,not_required,,https://www.bizinfo.go.kr/sii/siia/selectSIIA200Detail.do?pblancId=PBLN_000000000120252
PBLN_000000000120268,[강원] 원주시 2026년 소상공인 경영안정자금 지원 사업 변경 공고,강원특별자치도,exclude_non_cash_finance_total,none,직접지원 후보 없이 제외/총규모/금융/비현금 유형만 있음,2,0,non_cash,,,,,not_required,,https://www.bizinfo.go.kr/sii/siia/selectSIIA200Detail.do?pblancId=PBLN_000000000120268
PBLN_000000000120459,[경남] 사천시ㆍ진주시 2026년 스마트제조 고급인력양성 사업 수요기업 모집 공고,산업통상부,exclude_non_cash_finance_total,none,직접지원 후보 없이 제외/총규모/금융/비현금 유형만 있음,2,0,non_cash,,,,,not_required,,https://www.bizinfo.go.kr/sii/siia/selectSIIA200Detail.do?pblancId=PBLN_000000000120459
PBLN_000000000123354,[부산] 2026년 도시형소공인 맞춤형 패키지 지원사업 모집 공고,부산광역시,exclude_non_cash_finance_total,none,직접지원 후보 없이 제외/총규모/금융/비현금 유형만 있음,1,0,total_support_scale,,,,,pending,total_scale_manual_review,https://www.bizinfo.go.kr/sii/siia/selectSIIA200Detail.do?pblancId=PBLN_000000000123354
PBLN_000000000120481,[경기] 김포시 2026년 중소기업 육성자금 지원계획 공고,경기도,exclude_non_cash_finance_total,none,직접지원 후보 없이 제외/총규모/금융/비현금 유형만 있음,1,0,non_cash,,,,,not_required,,https://www.bizinfo.go.kr/sii/siia/selectSIIA200Detail.do?pblancId=PBLN_000000000120481
PBLN_000000000120506,[대전] 소상공인ㆍ자영업자 재기지원사업(컨설팅ㆍ경영개선) 참여자 모집 공고(새출발기금 협업),대전광역시,exclude_non_cash_finance_total,none,직접지원 후보 없이 제외/총규모/금융/비현금 유형만 있음,2,0,"non_cash, support_amount",,,,,not_required,,https://www.bizinfo.go.kr/sii/siia/selectSIIA200Detail.do?pblancId=PBLN_000000000120506
PBLN_000000000120512,[울산] 2026년 1차 통상변화 대응 중소기업 육성자금 지원계획 변경 공고,울산광역시,exclude_non_cash_finance_total,none,직접지원 후보 없이 제외/총규모/금융/비현금 유형만 있음,3,0,non_cash,,,,,not_required,,https://www.bizinfo.go.kr/sii/siia/selectSIIA200Detail.do?pblancId=PBLN_000000000120512
PBLN_000000000120516,[부산] 2026년 지산학 브랜치 기업 현장솔루션 랩(lab) 참여 기업 모집 공고,부산광역시,exclude_non_cash_finance_total,none,직접지원 후보 없이 제외/총규모/금융/비현금 유형만 있음,1,0,non_cash,,,,,not_required,,https://www.bizinfo.go.kr/sii/siia/selectSIIA200Detail.do?pblancId=PBLN_000000000120516
PBLN_000000000123398,[경북] 2026년 4차산업혁명 핵심기술개발사업(혁신기술R&D) 지원사업 공고,경상북도,hold_unit_or_total_context,none,월/명/건/기간/총규모/자부담 등 위험 문맥 포함,4,2,"support_amount, support_ratio, total_support_scale",,,,"10000.0만원/support_amount/0백만원 지원 기업수 - 5개사(단년 3개사, 다년 2개사) * 접수결과에 따른 단년 또는 다년의 지원기업 수 변동 가능 단년도(12개월) - 기업당 연간 최대 100백만원 지원 예정 다년도(24개월) - 기업당 연간 최대 100백만원 지원 예정(2차년도 예산은 `27년 확정예정) ※ 사업계획서 내 1~2차년도 예산 필수 || 10000.0만원/support_amount/접수결과에 따른 단년 또는 다년의 지원기업 수 변동 가능 단년도(12개월) - 기업당 연간 최대 100백만원 지원 예정 다년도(24개월) - 기업당 연간 최대 100백만원 지원 예정(2차년도 예산은 `27년 확정예정) ※ 사업계획서 내 1~2차년도 예산 필수 작성 ◦ 연구개발비 구성 - 도비 : 지원과제당 총 사업비의 최",pending,manual_representative_recoverable,https://www.bizinfo.go.kr/sii/siia/selectSIIA200Detail.do?pblancId=PBLN_000000000123398
PBLN_000000000120527,2026년 스마트 전자약 종합지원센터 인허가 지원 기업 상시 모집 공고,보건복지부,exclude_non_cash_finance_total,none,직접지원 후보 없이 제외/총규모/금융/비현금 유형만 있음,5,0,non_cash,,,,,not_required,,https://www.bizinfo.go.kr/sii/siia/selectSIIA200Detail.do?pblancId=PBLN_000000000120527
PBLN_000000000123029,2026년 2차 차세대 재생에너지 표준화 및 인증고도화 혁신지원 사업 대상과제 공고,기후에너지환경부,exclude_non_cash_finance_total,none,직접지원 후보 없이 제외/총규모/금융/비현금 유형만 있음,2,0,"non_cash, support_ratio",,,,,pending,mixed_manual_review,https://www.bizinfo.go.kr/sii/siia/selectSIIA200Detail.do?pblancId=PBLN_000000000123029
PBLN_000000000120603,2026년 에너지이용합리화자금 융자사업 공고,기후에너지환경부,exclude_non_cash_finance_total,none,직접지원 후보 없이 제외/총규모/금융/비현금 유형만 있음,5,0,non_cash,,,,,not_required,,https://www.bizinfo.go.kr/sii/siia/selectSIIA200Detail.do?pblancId=PBLN_000000000120603
PBLN_000000000120620,2026년 소프트웨어 지식재산권(IP) 평가보증 지원사업 공고,과학기술정보통신부,exclude_non_cash_finance_total,none,직접지원 후보 없이 제외/총규모/금융/비현금 유형만 있음,1,0,non_cash,,,,,not_required,,https://www.bizinfo.go.kr/sii/siia/selectSIIA200Detail.do?pblancId=PBLN_000000000120620
PBLN_000000000120639,2026년 소상공인 불공정거래 피해구제 지원 시행 공고,중소벤처기업부,hold_no_direct_cash,none,후보는 있으나 현금성 직접지원 금액 후보 없음,1,0,support_amount,,,,,not_required,,https://www.bizinfo.go.kr/sii/siia/selectSIIA200Detail.do?pblancId=PBLN_000000000120639
PBLN_000000000123406,반도체 소재ㆍ부품 시험평가센터 구축 사업 KIT 반도체 기업지원 사업 추가 모집 공고,산업통상부,exclude_non_cash_finance_total,none,직접지원 후보 없이 제외/총규모/금융/비현금 유형만 있음,6,0,non_cash,,,,,not_required,,https://www.bizinfo.go.kr/sii/siia/selectSIIA200Detail.do?pblancId=PBLN_000000000123406
PBLN_000000000120684,[세종] 2026년 식품진흥기금 융자사업 시행 공고,세종특별자치시,exclude_non_cash_finance_total,none,직접지원 후보 없이 제외/총규모/금융/비현금 유형만 있음,4,0,non_cash,,,,,not_required,,https://www.bizinfo.go.kr/sii/siia/selectSIIA200Detail.do?pblancId=PBLN_000000000120684
PBLN_000000000120715,[전남광주] 2026년 중동사태 대응을 위한 소상공인 특례보증 지원사업 공고,전남광주통합특별시,exclude_non_cash_finance_total,none,직접지원 후보 없이 제외/총규모/금융/비현금 유형만 있음,2,0,non_cash,,,,,not_required,,https://www.bizinfo.go.kr/sii/siia/selectSIIA200Detail.do?pblancId=PBLN_000000000120715
PBLN_000000000123189,[충북] 지능형첨단부품산업의 디지털전환 거점 구축 사업 AI 융합 제품ㆍ솔루션 고도화 지원 수혜기업 모집 공고,산업통상부,exclude_non_cash_finance_total,none,직접지원 후보 없이 제외/총규모/금융/비현금 유형만 있음,2,0,"support_ratio, total_support_scale",,,,,pending,mixed_manual_review,https://www.bizinfo.go.kr/sii/siia/selectSIIA200Detail.do?pblancId=PBLN_000000000123189
PBLN_000000000120783,[전북] ICT이노베이션스퀘어 확산사업 기업협력프로젝트 참여기업 모집 공고,전북특별자치도,hold_no_direct_cash,none,후보는 있으나 현금성 직접지원 금액 후보 없음,1,0,support_amount,,,,,not_required,,https://www.bizinfo.go.kr/sii/siia/selectSIIA200Detail.do?pblancId=PBLN_000000000120783
PBLN_000000000123247,[경남] 고성군 2026년 3차 시군구연고산업육성사업 지원기업 모집 공고,중소벤처기업부,exclude_non_cash_finance_total,none,직접지원 후보 없이 제외/총규모/금융/비현금 유형만 있음,6,0,non_cash,,,,,reviewed,keep_old_amount,https://www.bizinfo.go.kr/sii/siia/selectSIIA200Detail.do?pblancId=PBLN_000000000123247
PBLN_000000000120828,[울산] 2026년 2차 소상공인 경영안정자금 긴급 융자 지원계획 공고,울산광역시,exclude_non_cash_finance_total,none,직접지원 후보 없이 제외/총규모/금융/비현금 유형만 있음,2,0,non_cash,,,,,not_required,,https://www.bizinfo.go.kr/sii/siia/selectSIIA200Detail.do?pblancId=PBLN_000000000120828
PBLN_000000000120829,[울산] 2026년 소상공인 재기지원자금 긴급 융자 지원계획 공고,울산광역시,exclude_non_cash_finance_total,none,직접지원 후보 없이 제외/총규모/금융/비현금 유형만 있음,2,0,non_cash,,,,,not_required,,https://www.bizinfo.go.kr/sii/siia/selectSIIA200Detail.do?pblancId=PBLN_000000000120829
PBLN_000000000123433,2026년 K-바이오헬스 지역ㆍ전략센터 연계ㆍ협력 지원사업 참여기업 모집 공고,충청북도,exclude_non_cash_finance_total,none,직접지원 후보 없이 제외/총규모/금융/비현금 유형만 있음,3,0,"equipment_usage_fee, non_cash, support_ratio",,,,,pending,mixed_manual_review,https://www.bizinfo.go.kr/sii/siia/selectSIIA200Detail.do?pblancId=PBLN_000000000123433
PBLN_000000000120838,[강원] 춘천시 2026년 사회보험료(10인 미만) 지원 공고,강원특별자치도,hold_no_direct_cash,none,후보는 있으나 현금성 직접지원 금액 후보 없음,1,0,support_amount,,,,,not_required,,https://www.bizinfo.go.kr/sii/siia/selectSIIA200Detail.do?pblancId=PBLN_000000000120838
PBLN_000000000120843,2026년 아산시 단체관광객 유치 인센티브 지원계획 공고,충청남도,hold_no_direct_cash,none,후보는 있으나 현금성 직접지원 금액 후보 없음,1,0,support_amount,,,,,not_required,,https://www.bizinfo.go.kr/sii/siia/selectSIIA200Detail.do?pblancId=PBLN_000000000120843
PBLN_000000000120866,2026년 부산형 SiC 전력반도체 연구플랫폼 활성화 지원사업 기업지원 모집 공고,부산광역시,exclude_non_cash_finance_total,none,직접지원 후보 없이 제외/총규모/금융/비현금 유형만 있음,6,0,"non_cash, support_amount",,,,,pending,manual_representative_recoverable,https://www.bizinfo.go.kr/sii/siia/selectSIIA200Detail.do?pblancId=PBLN_000000000120866
PBLN_000000000123442,[인천] 2026년 콘텐츠 스케일업 플러스 지원사업 재공고,인천광역시,ratio_only,none,금액 후보 없이 지원비율만 있음,1,0,support_ratio,,,,,not_required,,https://www.bizinfo.go.kr/sii/siia/selectSIIA200Detail.do?pblancId=PBLN_000000000123442
PBLN_000000000120889,[전남광주] 목포시 2026년 소상공인 융자금 이차보전 지원 정정 공고,전남광주통합특별시,exclude_non_cash_finance_total,none,직접지원 후보 없이 제외/총규모/금융/비현금 유형만 있음,1,0,non_cash,,,,,not_required,,https://www.bizinfo.go.kr/sii/siia/selectSIIA200Detail.do?pblancId=PBLN_000000000120889
PBLN_000000000120919,[대구] 2026년 지역 플러스 고용활력 프로젝트 사업 공고,대구광역시,hold_no_direct_cash,none,후보는 있으나 현금성 직접지원 금액 후보 없음,2,0,support_amount,,,,,not_required,,https://www.bizinfo.go.kr/sii/siia/selectSIIA200Detail.do?pblancId=PBLN_000000000120919
PBLN_000000000121001,[울산] 소상공인 포장재 구입비 긴급 지원 사업 공고(온라인 판로ㆍ마케팅 지원),울산광역시,hold_no_direct_cash,none,후보는 있으나 현금성 직접지원 금액 후보 없음,1,0,support_amount,,,,,not_required,,https://www.bizinfo.go.kr/sii/siia/selectSIIA200Detail.do?pblancId=PBLN_000000000121001
PBLN_000000000121060,2026년 중소기업 정책자금 융자계획 변경 공고,중소벤처기업부,exclude_non_cash_finance_total,none,직접지원 후보 없이 제외/총규모/금융/비현금 유형만 있음,3,0,non_cash,,,,,not_required,,https://www.bizinfo.go.kr/sii/siia/selectSIIA200Detail.do?pblancId=PBLN_000000000121060
PBLN_000000000122501,2026년 디지털기반 중소사업장 산재예방 기술개발 지원사업 시행계획 공고,중소벤처기업부,hold_unit_or_total_context,none,월/명/건/기간/총규모/자부담 등 위험 문맥 포함,10,8,"subsidy, support_amount, support_ratio, total_support_scale",,,,"66000.0만원/support_amount/선택) ② 건설특화품목컨소시엄 : 공급기업(주관) +도입기업(공동, 1개사이상필수참여) +대학‧연구기관등(선택) ※ 자세한 지원대상 공고문 참조 ☞ 최대 2년, 6.6억원 이내 정부지원연구개발비 지원 ※ 자세한 지원내용 공고문 참조 사업신청 방법 온라인 접수(범부처통합연구지원시스템) 사업신청 사이트 온라인신청 바로가기 문 || 66000.0만원/support_amount/탁연구개발기관은 주관연구개발기관(공급기업)의 기술개발과제의 일부를 위탁을 받은 경우 컨소시엄 참여가능(컨소시엄 확약서 필수 제출)□ 지원기간 및 한도 :최대2년,6.6억원이내내역 사업개발기간 및 지원한도기관부담연구개발비 비중디지털기반 중소사업장 산재예방 기술개발최대 2년, 6.6억원 이내25% 이상□ 연구개발비◦국가연구개 || 50000.0만원/support_amount/, 임상의료 등의 용도로 사용되는 기계장치 및 시설을 말함 3. 청년인력 의무채용 □ 정부지원연구개발비비례청년인력의무채용◦과제당정부지원연구개발비중기업지원금액합계가5억원이상인경우,정부지원연구개발비5억원당청년인력1인을신규로의무채용해야함 * 예시) 1. 영리기관과 비영리기관으로 구성된 연구개발과제의 경우, 영리기관에 지원되는  || 50000.0만원/support_amount/의연구직 * 만 15세 이상 만 34세 이하 참여연구원(신규채용 시점 기준이며, 군 복무 기간에 비례하여 최대 만 39세까지 인정)-(적용대상)정부지원연구개발비를5억원이상지원받는중소기업-1년이상고용을유지해야하며,중도퇴사시2개월이내에대체인력을채용하는것이원칙 * 자발적 퇴사 후 대체인력 채용 전 기간의 미지급 인건비에 대해서 || 50000.0만원/support_amount/%이내로계상가능 * 간접비 고시 비율, 관리 사항 등은 국가연구개발혁신법 적용□ 정부지원연구개발비 비례 청년인력 의무채용◦과제당정부지원연구개발비중기업지원금액합계가5억원이상인경우,정부지원연구개발비5억원당청년인력1인이상을신규로의무채용해야함 * 예시) 1. 영리기관과 비영리기관으로 구성된 연구개발과제의 경우, 영리기관에 지원되 || 50000.0만원/subsidy/까지 고용실적(1년 이상 고용 유지) 완료) - 6 - ** 연구 개시 시점 일괄 채용하는 것을 기본으로 하되, 1차년도에 의무채용을 시작하여 정부지원금 누계가 5억원을 초과하는 연도에 의무인력 채용 가능(다만, 과제 종료 전까지 고용실적(1년 이상 고용 유지) 완료) -(채용조건)만15~34세의연구직(정규직) * 만 1",reviewed,keep_old_amount,https://www.bizinfo.go.kr/sii/siia/selectSIIA200Detail.do?pblancId=PBLN_000000000122501
PBLN_000000000121099,[경남ㆍ부산ㆍ울산ㆍ전남] 2026년 중소조선 함정MRO 글로벌 경쟁력 강화지원사업 함정MRO 전문인력양성 참여기업 모집 공고,산업통상부,exclude_non_cash_finance_total,none,직접지원 후보 없이 제외/총규모/금융/비현금 유형만 있음,3,0,"non_cash, support_amount",,,,,not_required,,https://www.bizinfo.go.kr/sii/siia/selectSIIA200Detail.do?pblancId=PBLN_000000000121099
PBLN_000000000121131,[경기] 2026년 일터동행 기업 파트너십 참여기업 모집 공고(무료 교육ㆍ컨설팅 지원),경기도,exclude_non_cash_finance_total,none,직접지원 후보 없이 제외/총규모/금융/비현금 유형만 있음,2,0,non_cash,,,,,not_required,,https://www.bizinfo.go.kr/sii/siia/selectSIIA200Detail.do?pblancId=PBLN_000000000121131
PBLN_000000000121197,[경남] 창녕군 2026년 지역지식재산 창출지원사업 공고,경상남도,ratio_only,none,금액 후보 없이 지원비율만 있음,2,0,support_amount,,,,,reviewed,keep_old_amount,https://www.bizinfo.go.kr/sii/siia/selectSIIA200Detail.do?pblancId=PBLN_000000000121197
PBLN_000000000121182,2026년 희망리턴패키지 재기사업화(경영개선) 위기 소상공인 진단ㆍ멘토링 지원 모집 공고,중소벤처기업부,exclude_non_cash_finance_total,none,직접지원 후보 없이 제외/총규모/금융/비현금 유형만 있음,3,0,non_cash,,,,,not_required,,https://www.bizinfo.go.kr/sii/siia/selectSIIA200Detail.do?pblancId=PBLN_000000000121182
PBLN_000000000123447,[전북] 2026년 특화역량 BI 지원사업 AI-R&D 부스팅 프로그램 참여기업 모집 공고,중소벤처기업부,hold_unit_or_total_context,none,월/명/건/기간/총규모/자부담 등 위험 문맥 포함,4,3,"support_amount, support_ratio",,,,"300.0만원/support_amount/,정부R&D과제기획지원3개사내외기업당최대200만원Adv-MVP제작지원제품기능·성능개선,시제품고도화및사업화지원4개사내외기업당최대300만원※기술로드맵수립컨설팅은운영기관이전문가를매칭하여지원하는방식으로별도자부담이없음※Adv-MVP제작지원은공급가액기준최대300만원까지지원하며,기업은공급가액의10%이상및부가가치세를 || 300.0만원/support_amount/당최대300만원※기술로드맵수립컨설팅은운영기관이전문가를매칭하여지원하는방식으로별도자부담이없음※Adv-MVP제작지원은공급가액기준최대300만원까지지원하며,기업은공급가액의10%이상및부가가치세를부담하여야함※기술로드맵수립컨설팅및Adv-MVP제작지원은중복신청가능 □ 추진일정구분추진일정모집공고및신청·접수2026.6.19~7 || 200.0만원/support_amount/정부R&D사업기획실무등20개사내외해당없음기술로드맵수립컨설팅기업맞춤형기술진단,기술로드맵수립,정부R&D과제기획지원3개사내외기업당최대200만원Adv-MVP제작지원제품기능·성능개선,시제품고도화및사업화지원4개사내외기업당최대300만원※기술로드맵수립컨설팅은운영기관이전문가를매칭하여지원하는방식으로별도자부담이없음※Adv-MV",pending,manual_representative_recoverable,https://www.bizinfo.go.kr/sii/siia/selectSIIA200Detail.do?pblancId=PBLN_000000000123447
PBLN_000000000121214,[광주ㆍ전북ㆍ전남] 2026년 광주ㆍ호남권 거점기업 육성 금융지원 공고,전남광주통합특별시,exclude_non_cash_finance_total,none,직접지원 후보 없이 제외/총규모/금융/비현금 유형만 있음,3,0,non_cash,,,,,not_required,,https://www.bizinfo.go.kr/sii/siia/selectSIIA200Detail.do?pblancId=PBLN_000000000121214
PBLN_000000000121226,2026년 상생형 AX선도모델 주관기관(대기업 등) 모집 공고,중소벤처기업부,exclude_non_cash_finance_total,none,직접지원 후보 없이 제외/총규모/금융/비현금 유형만 있음,13,0,"non_cash, support_amount",,,,,not_required,,https://www.bizinfo.go.kr/sii/siia/selectSIIA200Detail.do?pblancId=PBLN_000000000121226
PBLN_000000000123459,[경북] 2026년 4차 푸드테크 스마트 제조 기반 구축 사업 재공고,경상북도,exclude_non_cash_finance_total,none,직접지원 후보 없이 제외/총규모/금융/비현금 유형만 있음,5,0,non_cash,,,,,reviewed,keep_old_amount,https://www.bizinfo.go.kr/sii/siia/selectSIIA200Detail.do?pblancId=PBLN_000000000123459
PBLN_000000000121243,[울산] 2026년 중소기업 AI인프라 육성자금 지원계획 변경 공고,울산광역시,exclude_non_cash_finance_total,none,직접지원 후보 없이 제외/총규모/금융/비현금 유형만 있음,3,0,non_cash,,,,,not_required,,https://www.bizinfo.go.kr/sii/siia/selectSIIA200Detail.do?pblancId=PBLN_000000000121243
PBLN_000000000121268,[인천] 2026년 인천형 특별 경영안정자금 지원 공고(금융비용 확대 지원을 위한 하나은행 출연 및 협업),인천광역시,exclude_non_cash_finance_total,none,직접지원 후보 없이 제외/총규모/금융/비현금 유형만 있음,1,0,non_cash,,,,,not_required,,https://www.bizinfo.go.kr/sii/siia/selectSIIA200Detail.do?pblancId=PBLN_000000000121268
PBLN_000000000121325,[경북] 경산시 2026년 소상공인 카드수수료 지원사업 참여점포 모집 공고,경상북도,hold_no_direct_cash,none,후보는 있으나 현금성 직접지원 금액 후보 없음,1,0,support_amount,,,,,not_required,,https://www.bizinfo.go.kr/sii/siia/selectSIIA200Detail.do?pblancId=PBLN_000000000121325
PBLN_000000000121326,[경북] 고령군 2026년 소상공인 카드수수료 지원사업 참여점포 모집 공고,경상북도,hold_no_direct_cash,none,후보는 있으나 현금성 직접지원 금액 후보 없음,1,0,support_amount,,,,,not_required,,https://www.bizinfo.go.kr/sii/siia/selectSIIA200Detail.do?pblancId=PBLN_000000000121326
PBLN_000000000121328,[경북] 김천시 2026년 소상공인 카드수수료 지원사업 참여점포 모집 공고,경상북도,hold_no_direct_cash,none,후보는 있으나 현금성 직접지원 금액 후보 없음,1,0,support_amount,,,,,not_required,,https://www.bizinfo.go.kr/sii/siia/selectSIIA200Detail.do?pblancId=PBLN_000000000121328
PBLN_000000000121330,[경북] 성주군 2026년 소상공인 카드수수료 지원사업 참여점포 모집 공고,경상북도,hold_no_direct_cash,none,후보는 있으나 현금성 직접지원 금액 후보 없음,1,0,support_amount,,,,,not_required,,https://www.bizinfo.go.kr/sii/siia/selectSIIA200Detail.do?pblancId=PBLN_000000000121330
PBLN_000000000123470,[대구] 2026년 2차 AI솔루션 실증 참여기업 모집 공고(지역특화 제조데이터 활성화 사업),중소벤처기업부,exclude_non_cash_finance_total,none,직접지원 후보 없이 제외/총규모/금융/비현금 유형만 있음,1,0,consulting_fee,,,,,pending,recommend_only_payload,https://www.bizinfo.go.kr/sii/siia/selectSIIA200Detail.do?pblancId=PBLN_000000000123470
PBLN_000000000121336,[경북] 칠곡군 2026년 소상공인 카드수수료 지원사업 참여점포 모집 공고,경상북도,hold_no_direct_cash,none,후보는 있으나 현금성 직접지원 금액 후보 없음,1,0,support_amount,,,,,not_required,,https://www.bizinfo.go.kr/sii/siia/selectSIIA200Detail.do?pblancId=PBLN_000000000121336
PBLN_000000000121338,[경북] 상주시 2026년 소상공인 카드수수료 지원사업 참여점포 모집 공고,경상북도,hold_no_direct_cash,none,후보는 있으나 현금성 직접지원 금액 후보 없음,1,0,support_amount,,,,,not_required,,https://www.bizinfo.go.kr/sii/siia/selectSIIA200Detail.do?pblancId=PBLN_000000000121338
PBLN_000000000121366,[제주] 소상공인ㆍ자영업자 재기지원사업 희망업체 모집 공고,제주특별자치도,exclude_non_cash_finance_total,none,직접지원 후보 없이 제외/총규모/금융/비현금 유형만 있음,3,0,"non_cash, support_amount",,,,,not_required,,https://www.bizinfo.go.kr/sii/siia/selectSIIA200Detail.do?pblancId=PBLN_000000000121366
PBLN_000000000121392,[충북] 2026년 2차 식품근로자 및 기업 고용안정 지원사업 모집 공고(지역상생형 일터혁신 프로젝트),충청북도,hold_no_direct_cash,none,후보는 있으나 현금성 직접지원 금액 후보 없음,3,0,support_amount,,,,,not_required,,https://www.bizinfo.go.kr/sii/siia/selectSIIA200Detail.do?pblancId=PBLN_000000000121392
PBLN_000000000121397,[강원] 2026년 바이오기업 애로해소 인허가 컨설팅 지원기업 상시모집 공고,강원특별자치도,exclude_non_cash_finance_total,none,직접지원 후보 없이 제외/총규모/금융/비현금 유형만 있음,1,0,non_cash,,,,,pending,mixed_manual_review,https://www.bizinfo.go.kr/sii/siia/selectSIIA200Detail.do?pblancId=PBLN_000000000121397
PBLN_000000000123478,[부산] 2026년 2차 연구개발장비 공동활용 지원사업 공고(장비사용료 지원사업 안내),부산광역시,exclude_non_cash_finance_total,none,직접지원 후보 없이 제외/총규모/금융/비현금 유형만 있음,1,0,equipment_usage_fee,,,,,pending,recommend_only_payload,https://www.bizinfo.go.kr/sii/siia/selectSIIA200Detail.do?pblancId=PBLN_000000000123478
PBLN_000000000121425,[경북] 구미시 2026년 소상공인 카드수수료 지원사업 참여 점포 모집 공고,경상북도,hold_no_direct_cash,none,후보는 있으나 현금성 직접지원 금액 후보 없음,1,0,support_amount,,,,,not_required,,https://www.bizinfo.go.kr/sii/siia/selectSIIA200Detail.do?pblancId=PBLN_000000000121425
PBLN_000000000119584,2026년 광주테크노파크 공동활용 연구시설ㆍ장비 사용 안내 공고,전남광주통합특별시,exclude_non_cash_finance_total,none,직접지원 후보 없이 제외/총규모/금융/비현금 유형만 있음,5,0,non_cash,,,,,not_required,,https://www.bizinfo.go.kr/sii/siia/selectSIIA200Detail.do?pblancId=PBLN_000000000119584
PBLN_000000000121466,[경북] 경산시 2026년 중소기업 기숙사 임차비 지원사업 참가기업 모집 공고,경상북도,hold_no_direct_cash,none,후보는 있으나 현금성 직접지원 금액 후보 없음,2,0,support_amount,,,,,not_required,,https://www.bizinfo.go.kr/sii/siia/selectSIIA200Detail.do?pblancId=PBLN_000000000121466
PBLN_000000000121467,[경북] 포항시 2026년 소상공인 카드수수료 지원사업 참여업체 모집 공고,경상북도,hold_no_direct_cash,none,후보는 있으나 현금성 직접지원 금액 후보 없음,1,0,support_amount,,,,,not_required,,https://www.bizinfo.go.kr/sii/siia/selectSIIA200Detail.do?pblancId=PBLN_000000000121467
PBLN_000000000121501,2026년 퍼스널케어 융합 얼라이언스 육성사업 비즈니스 경쟁력 강화지원 사업 추가모집 공고,경상북도,exclude_non_cash_finance_total,none,직접지원 후보 없이 제외/총규모/금융/비현금 유형만 있음,2,0,"non_cash, support_amount",,,,,not_required,,https://www.bizinfo.go.kr/sii/siia/selectSIIA200Detail.do?pblancId=PBLN_000000000121501
PBLN_000000000121520,[경북] 경주시 2026년 소상공인 카드수수료 지원사업 참여 점포 모집 공고,경상북도,hold_no_direct_cash,none,후보는 있으나 현금성 직접지원 금액 후보 없음,1,0,support_amount,,,,,not_required,,https://www.bizinfo.go.kr/sii/siia/selectSIIA200Detail.do?pblancId=PBLN_000000000121520
PBLN_000000000121563,[경북] 영주시 2026년 소상공인 카드수수료 지원사업 참여점포 모집 공고,경상북도,hold_no_direct_cash,none,후보는 있으나 현금성 직접지원 금액 후보 없음,1,0,support_amount,,,,,not_required,,https://www.bizinfo.go.kr/sii/siia/selectSIIA200Detail.do?pblancId=PBLN_000000000121563
PBLN_000000000121565,[경북] 문경시 2026년 소상공인 카드수수료 지원사업 참여점포 모집 공고,경상북도,hold_no_direct_cash,none,후보는 있으나 현금성 직접지원 금액 후보 없음,1,0,support_amount,,,,,not_required,,https://www.bizinfo.go.kr/sii/siia/selectSIIA200Detail.do?pblancId=PBLN_000000000121565
PBLN_000000000121567,[경북] 영양군 2026년 소상공인 카드수수료 지원사업 참여점포 모집 공고,경상북도,hold_no_direct_cash,none,후보는 있으나 현금성 직접지원 금액 후보 없음,1,0,support_amount,,,,,not_required,,https://www.bizinfo.go.kr/sii/siia/selectSIIA200Detail.do?pblancId=PBLN_000000000121567
PBLN_000000000121568,[경북] 봉화군 2026년 소상공인 카드수수료 지원사업 참여점포 모집 공고,경상북도,hold_no_direct_cash,none,후보는 있으나 현금성 직접지원 금액 후보 없음,1,0,support_amount,,,,,not_required,,https://www.bizinfo.go.kr/sii/siia/selectSIIA200Detail.do?pblancId=PBLN_000000000121568
PBLN_000000000121646,[경북] 안동시 2026년 소상공인 카드수수료 지원사업 참여점포 모집 공고,경상북도,hold_no_direct_cash,none,후보는 있으나 현금성 직접지원 금액 후보 없음,1,0,support_amount,,,,,not_required,,https://www.bizinfo.go.kr/sii/siia/selectSIIA200Detail.do?pblancId=PBLN_000000000121646
PBLN_000000000123520,[제주] 2026년 2차 지역기업 성장사다리 지원사업 공고,중소벤처기업부,hold_unit_or_total_context,none,월/명/건/기간/총규모/자부담 등 위험 문맥 포함,5,3,"consulting_fee, support_amount, total_support_scale",,,,"600000.0만원/support_amount/상대상자격기업수기업당 지원금액지역스타기업지원제주지역스타기업제주스타기업 (`22년 지정기업 9개사)2개사 내외40백만원 이내예비선도기업지원예비선도기업전년도 매출액 60억 이상1개사 내외※ 지원금의 10% 이상 기업부담금 설정 (총사업비(110%) = 지원금(100%) + 기업부담금(10%))※ 지역스타기업(예비선도기업)의  || 5000.0만원/support_amount/19일 중소벤처기업부장관,제주특별자치도지사,제주테크노파크원장 지원개요◦(지원규모)총 약 1.2억원◦(지원대상 및 프로그램) 총 2개 지원 프로그램 ※기업당최대총50,000천원규모안에지원프로그램중복신청가능,지원단가는지원프로그램별평가를통해조정될수있음(통합모집공고선정기업은,협약지원금액을차감한잔여금액범위내지원가능)지원대상프로그 || 4000.0만원/support_amount/타기업 9개사 또는 예비선도기업(신규)지원프로그램지원대상대상자격기업수기업당 지원금액지역스타기업지원제주지역스타기업제주스타기업 (`22년 지정기업 9개사)2개사 내외40백만원 이내예비선도기업지원예비선도기업전년도 매출액 60억 이상1개사 내외※ 지원금의 10% 이상 기업부담금 설정 (총사업비(110%) = 지원금(100%) +",reviewed,keep_old_amount,https://www.bizinfo.go.kr/sii/siia/selectSIIA200Detail.do?pblancId=PBLN_000000000123520
PBLN_000000000120201,[경기] 포천시 2026년 신소재개발 프로그램 지원사업 모집 공고,경기도,exclude_non_cash_finance_total,none,직접지원 후보 없이 제외/총규모/금융/비현금 유형만 있음,4,0,non_cash,,,,,not_required,,https://www.bizinfo.go.kr/sii/siia/selectSIIA200Detail.do?pblancId=PBLN_000000000120201
PBLN_000000000121678,[경북] 예천군 2026년 소상공인 카드수수료 지원사업 참여점포 모집 공고,경상북도,hold_no_direct_cash,none,후보는 있으나 현금성 직접지원 금액 후보 없음,1,0,support_amount,,,,,not_required,,https://www.bizinfo.go.kr/sii/siia/selectSIIA200Detail.do?pblancId=PBLN_000000000121678
PBLN_000000000121718,2026년 디지털트윈 플랫폼 활용 수요기업 모집 수정 공고(디지털트윈 융합 의료혁신 선도사업),과학기술정보통신부,exclude_non_cash_finance_total,none,직접지원 후보 없이 제외/총규모/금융/비현금 유형만 있음,3,0,non_cash,,,,,not_required,,https://www.bizinfo.go.kr/sii/siia/selectSIIA200Detail.do?pblancId=PBLN_000000000121718
PBLN_000000000121736,2026년 경남 관광객 유치 인센티브 지원계획 변경 공고,경상남도,exclude_non_cash_finance_total,none,직접지원 후보 없이 제외/총규모/금융/비현금 유형만 있음,2,0,non_cash,,,,,not_required,,https://www.bizinfo.go.kr/sii/siia/selectSIIA200Detail.do?pblancId=PBLN_000000000121736
PBLN_000000000121787,[경기] 2026년 사회적가치지표(SVI) 측정교육ㆍ컨설팅 참여기업 모집 공고,고용노동부,exclude_non_cash_finance_total,none,직접지원 후보 없이 제외/총규모/금융/비현금 유형만 있음,1,0,non_cash,,,,,not_required,,https://www.bizinfo.go.kr/sii/siia/selectSIIA200Detail.do?pblancId=PBLN_000000000121787
PBLN_000000000121852,[인천] 2026년 지역상품 공공 조달정보 지원사업 인천지역기업 신용평가 지원사업 참여기업 모집 공고,인천광역시,hold_no_direct_cash,none,후보는 있으나 현금성 직접지원 금액 후보 없음,1,0,support_amount,,,,,not_required,,https://www.bizinfo.go.kr/sii/siia/selectSIIA200Detail.do?pblancId=PBLN_000000000121852
PBLN_000000000121853,2026년 업종별 임금체계 개선 지원 사업 참여기업 모집 공고,고용노동부,exclude_non_cash_finance_total,none,직접지원 후보 없이 제외/총규모/금융/비현금 유형만 있음,7,0,non_cash,,,,,pending,recommend_only_payload,https://www.bizinfo.go.kr/sii/siia/selectSIIA200Detail.do?pblancId=PBLN_000000000121853
PBLN_000000000121888,[전남광주] 2026년 중소기업 육성자금 지원계획 2차 변경 공고,전남광주통합특별시,exclude_non_cash_finance_total,none,직접지원 후보 없이 제외/총규모/금융/비현금 유형만 있음,9,0,non_cash,,,,,not_required,,https://www.bizinfo.go.kr/sii/siia/selectSIIA200Detail.do?pblancId=PBLN_000000000121888
PBLN_000000000121956,2026년 시흥시 (국비)금형 디지털전환 지원사업 기술지도 모집 공고,경기도,exclude_non_cash_finance_total,none,직접지원 후보 없이 제외/총규모/금융/비현금 유형만 있음,1,0,non_cash,,,,,pending,mixed_manual_review,https://www.bizinfo.go.kr/sii/siia/selectSIIA200Detail.do?pblancId=PBLN_000000000121956
PBLN_000000000121976,[경기] 포천시 2026년 지역소공인육성사업 소공인특화지원센터 지원사업 공고,중소벤처기업부,exclude_non_cash_finance_total,none,직접지원 후보 없이 제외/총규모/금융/비현금 유형만 있음,1,0,non_cash,,,,,not_required,,https://www.bizinfo.go.kr/sii/siia/selectSIIA200Detail.do?pblancId=PBLN_000000000121976
PBLN_000000000121980,[강원] 강릉시 2026년 중소기업 지식재산 국내 분쟁 지원 사업 모집 연장 공고,강원특별자치도,hold_no_direct_cash,none,후보는 있으나 현금성 직접지원 금액 후보 없음,3,0,support_amount,,,,,not_required,,https://www.bizinfo.go.kr/sii/siia/selectSIIA200Detail.do?pblancId=PBLN_000000000121980
PBLN_000000000122024,[경기] 하남시 2026년 중소기업 특례보증 지원 확대 계획 공고,경기도,exclude_non_cash_finance_total,none,직접지원 후보 없이 제외/총규모/금융/비현금 유형만 있음,2,0,"non_cash, support_ratio",,,,,not_required,,https://www.bizinfo.go.kr/sii/siia/selectSIIA200Detail.do?pblancId=PBLN_000000000122024
PBLN_000000000122026,[경기] 하남시 2026년 소상공인 특례보증 지원 확대 계획 공고,경기도,exclude_non_cash_finance_total,none,직접지원 후보 없이 제외/총규모/금융/비현금 유형만 있음,2,0,"non_cash, support_ratio",,,,,not_required,,https://www.bizinfo.go.kr/sii/siia/selectSIIA200Detail.do?pblancId=PBLN_000000000122026
PBLN_000000000122038,[경기] 시흥시 2026년 AIㆍDX 기반 기업 역량 강화 지원 참여 기업 모집 추가 공고,경기도,exclude_non_cash_finance_total,none,직접지원 후보 없이 제외/총규모/금융/비현금 유형만 있음,1,0,non_cash,,,,,not_required,,https://www.bizinfo.go.kr/sii/siia/selectSIIA200Detail.do?pblancId=PBLN_000000000122038
PBLN_000000000122057,[경기] 김포시 중소기업 육성자금 긴급 경영자금(중동위기 피해 관련) 지원계획 공고,경기도,exclude_non_cash_finance_total,none,직접지원 후보 없이 제외/총규모/금융/비현금 유형만 있음,1,0,non_cash,,,,,not_required,,https://www.bizinfo.go.kr/sii/siia/selectSIIA200Detail.do?pblancId=PBLN_000000000122057
PBLN_000000000122103,2026년 기술임치기업 보증용 기술가치평가 지원사업 참여기업 모집 공고,중소벤처기업부,exclude_non_cash_finance_total,none,직접지원 후보 없이 제외/총규모/금융/비현금 유형만 있음,1,0,non_cash,,,,,not_required,,https://www.bizinfo.go.kr/sii/siia/selectSIIA200Detail.do?pblancId=PBLN_000000000122103
PBLN_000000000118209,2026년 중소기업 연구인력지원사업 공고,중소벤처기업부,hold_unit_or_total_context,none,월/명/건/기간/총규모/자부담 등 위험 문맥 포함,1,1,subsidy,,,,"5000.0만원/subsidy/한경쟁) ◦ (지원내용) 기업별 1명으로 최대 3년간 연봉의 50% 지원 구분 연봉 정부지원연구개발비(정부지원금) 지원기준 제한 없음 연봉의 50% (연간 최대 5,000만원까지 지원) * 연봉(세전금액) : (기본급 + 월정액수당(퇴직금 제외)) × 12개월 ◦ 지원대상 - (지원기업) 「중소기업기본법」제2조에 따른 중",reviewed,keep_old_amount,https://www.bizinfo.go.kr/sii/siia/selectSIIA200Detail.do?pblancId=PBLN_000000000118209
PBLN_000000000122114,[울산] 2026년 국가산단 소규모 영세사업장 안전컨설팅 지원사업 참여기업 모집 공고,울산광역시,exclude_non_cash_finance_total,none,직접지원 후보 없이 제외/총규모/금융/비현금 유형만 있음,2,0,non_cash,,,,,not_required,,https://www.bizinfo.go.kr/sii/siia/selectSIIA200Detail.do?pblancId=PBLN_000000000122114
PBLN_000000000122128,[경북] 울진군 2026년 소상공인 카드수수료 지원사업 참여업체 모집 공고,경상북도,hold_no_direct_cash,none,후보는 있으나 현금성 직접지원 금액 후보 없음,1,0,support_amount,,,,,not_required,,https://www.bizinfo.go.kr/sii/siia/selectSIIA200Detail.do?pblancId=PBLN_000000000122128
PBLN_000000000122268,2026년 2차 메카노바이오활성소재 혁신의료기기 실증 기반구축 생물학적 시험평가인증 지원사업 공고(산업혁신기반구축사업),산업통상부,exclude_non_cash_finance_total,none,직접지원 후보 없이 제외/총규모/금융/비현금 유형만 있음,1,0,non_cash,,,,,pending,recommend_only_payload,https://www.bizinfo.go.kr/sii/siia/selectSIIA200Detail.do?pblancId=PBLN_000000000122268
PBLN_000000000122273,2026년 찾아가는 1:1 디지털 교육 소상공인 모집 공고,중소벤처기업부,exclude_non_cash_finance_total,none,직접지원 후보 없이 제외/총규모/금융/비현금 유형만 있음,2,0,non_cash,,,,,not_required,,https://www.bizinfo.go.kr/sii/siia/selectSIIA200Detail.do?pblancId=PBLN_000000000122273
PBLN_000000000119212,[제주] 2026년 청정임산물 생산기반 지원사업 재공고,제주특별자치도,ratio_only,none,금액 후보 없이 지원비율만 있음,1,0,support_amount,,,,,pending,manual_representative_recoverable,https://www.bizinfo.go.kr/sii/siia/selectSIIA200Detail.do?pblancId=PBLN_000000000119212
PBLN_000000000122297,[서울] 2026년 직장 내 성희롱ㆍ성폭력 예방 컨설팅 참여기업 모집 공고,서울특별시,exclude_non_cash_finance_total,none,직접지원 후보 없이 제외/총규모/금융/비현금 유형만 있음,3,0,non_cash,,,,,not_required,,https://www.bizinfo.go.kr/sii/siia/selectSIIA200Detail.do?pblancId=PBLN_000000000122297
PBLN_000000000122305,[경기] 양주시 2026년 음식점 미세먼지ㆍ악취 방지시설 설치 지원사업 공고,경기도,hold_no_direct_cash,none,후보는 있으나 현금성 직접지원 금액 후보 없음,1,0,support_amount,,,,,not_required,,https://www.bizinfo.go.kr/sii/siia/selectSIIA200Detail.do?pblancId=PBLN_000000000122305
PBLN_000000000122368,[전남광주] 2026년 농업발전기금 융자사업 공고,전남광주통합특별시,exclude_non_cash_finance_total,none,직접지원 후보 없이 제외/총규모/금융/비현금 유형만 있음,1,0,non_cash,,,,,not_required,,https://www.bizinfo.go.kr/sii/siia/selectSIIA200Detail.do?pblancId=PBLN_000000000122368
PBLN_000000000122373,2026년 과천시 중소기업 및 소상공인 육성자금 이자차액보전 지원계획 변경 공고,경기도,exclude_non_cash_finance_total,none,직접지원 후보 없이 제외/총규모/금융/비현금 유형만 있음,1,0,non_cash,,,,,not_required,,https://www.bizinfo.go.kr/sii/siia/selectSIIA200Detail.do?pblancId=PBLN_000000000122373
PBLN_000000000122384,2026년 글로벌산업기술협력센터 사업(M.AX 분야 공동연구) 시행계획 공고,산업통상부,exclude_non_cash_finance_total,none,직접지원 후보 없이 제외/총규모/금융/비현금 유형만 있음,1,0,non_cash,,,,,reviewed,keep_old_amount,https://www.bizinfo.go.kr/sii/siia/selectSIIA200Detail.do?pblancId=PBLN_000000000122384
PBLN_000000000121868,2026년 생활화학제품 안전관리 컨설팅 지원사업 참여기업 모집 공고,기후에너지환경부,exclude_non_cash_finance_total,none,직접지원 후보 없이 제외/총규모/금융/비현금 유형만 있음,2,0,non_cash,,,,,not_required,,https://www.bizinfo.go.kr/sii/siia/selectSIIA200Detail.do?pblancId=PBLN_000000000121868
PBLN_000000000123387,[경기] 안양시 2026년 우수기업 선정 공고,경기도,exclude_non_cash_finance_total,none,직접지원 후보 없이 제외/총규모/금융/비현금 유형만 있음,6,0,"non_cash, support_ratio",,,,,pending,ratio_only,https://www.bizinfo.go.kr/sii/siia/selectSIIA200Detail.do?pblancId=PBLN_000000000123387
PBLN_000000000123622,[전북] 2026년 전주1인창조기업지원센터 선택형 지원사업 공고,전북특별자치도,hold_unit_or_total_context,none,월/명/건/기간/총규모/자부담 등 위험 문맥 포함,9,8,"support_amount, support_ratio",,,,"500.0만원/support_amount/중복지원 가능 [시제품+지재권 또는 마케팅+지재권] ※ 졸업기업은 [지식재산권획득] 분야만 신청 가능 ☞ 총 11개 과제 내외 사업화 지원금 입주기업 당 최대 5백만원 - 졸업기업 [지식재산권획득] 분야 최대 1백만원 ※ 자세한 지원내용 공고문 참조 사업신청 방법 이메일 접수 (auddms88@jica.or.kr) 문의처 || 500.0만원/support_amount/미만 입주 후 퇴실한 자)〇지 원 규 모:총 11개 과제(기업) 내외(신청 및 선정상황 따라 변동될 수 있음)〇지 원 금 액 :사업화 지원금 입주기업 당 최대 5백만원 (VAT제외)- 졸업기업 [지식재산권획득] 분야 최대 1백만원 (VAT제외)※ 평가심사를 통해 차등 지급 가능〇선 정 방 식:평가(서류 + 발표)를 통해  || 500.0만원/support_amount/제작 및 마케팅 지원 불가) ○ 지원제외대상 : 휴·폐업자, 자진퇴거기업(2년 미만 입주 후 퇴실한 자)2.지원내용 및 지원한도 ○ 지원총액 : 기업 당 최대 5백만원 이내 ○ 신청방법 : 입주기업에 한해 분야별 개별 또는 중복 신청 가능 - 중복신청 예시 : [시제품+지재권] 또는 [마케팅+지재권] ○ 신청 금액 그대로 || 400.0만원/support_amount/시) 설립일자 주 업 종 입주구분 牭景 입주기업 牭景 졸업기업 주생산품 입주/졸업기간 0000.00.00~0000.00.00 홈페이지 신청 내용 시제품제작(최대 4백만원) 牭景 신규 시제품 제작 牭景 기존 제품 고도화 제작 마케팅지원(최대 4백만원) 牭景 CI, BI제작, 포장디자인, 제품디자인 개발 등 牭景 E-카달로그 || 400.0만원/support_amount/업기간 0000.00.00~0000.00.00 홈페이지 신청 내용 시제품제작(최대 4백만원) 牭景 신규 시제품 제작 牭景 기존 제품 고도화 제작 마케팅지원(최대 4백만원) 牭景 CI, BI제작, 포장디자인, 제품디자인 개발 등 牭景 E-카달로그, 홍보동영상, 홍보인쇄물, 홈페이지 제작 등 지식재산권획득(최대 1백만원) 牭 || 400.0만원/support_amount/것은 아니며, 발표평가 결과 및 사업비 타당성 검토를 통해 지원금이 조정될 수 있음지원분야지원범위기업별 지원한도선정방법지원대상시제품제작-신규 시제품 제작 과제당 4,000천원 이내(VAT제외)서류+발표평가입주기업-기존 제품 고도화 제작마케팅지원-CI, BI제작, 포장디자인, 제품디자인 개발 등-e-카달로그, 홍보동영상, ",reviewed,keep_old_amount,https://www.bizinfo.go.kr/sii/siia/selectSIIA200Detail.do?pblancId=PBLN_000000000123622
PBLN_000000000122409,[경북] 포항시 2026년 신산업플러스 일자리창출 우수기업 지원사업 참여기업 추가모집 공고,경상북도,hold_no_direct_cash,none,후보는 있으나 현금성 직접지원 금액 후보 없음,1,0,support_amount,,,,,not_required,,https://www.bizinfo.go.kr/sii/siia/selectSIIA200Detail.do?pblancId=PBLN_000000000122409
PBLN_000000000120694,[충북] 2026년 수출기업 해외규격인증 취득 지원사업 참여기업 모집 공고,충청북도,exclude_non_cash_finance_total,none,직접지원 후보 없이 제외/총규모/금융/비현금 유형만 있음,2,0,non_cash,,,,,not_required,,https://www.bizinfo.go.kr/sii/siia/selectSIIA200Detail.do?pblancId=PBLN_000000000120694
PBLN_000000000123662,[전북] 2026년 게임기업 컨설팅 지원사업 신청 게임기업(예비창업자) 모집 공고,전북특별자치도,exclude_non_cash_finance_total,none,직접지원 후보 없이 제외/총규모/금융/비현금 유형만 있음,1,0,non_cash,,,,,pending,manual_representative_recoverable,https://www.bizinfo.go.kr/sii/siia/selectSIIA200Detail.do?pblancId=PBLN_000000000123662
PBLN_000000000123670,[부산] 영도구 2026년 3차 부산 커피산업 생태계 R&D 클러스트 구축사업 기업지원 프로그램 통합 모집 공고(시군구연고산업육성 협업프로젝트),중소벤처기업부,ratio_only,none,금액 후보 없이 지원비율만 있음,1,0,support_ratio,,,,,pending,ratio_only,https://www.bizinfo.go.kr/sii/siia/selectSIIA200Detail.do?pblancId=PBLN_000000000123670
PBLN_000000000122526,[경북] 2026년 중대재해 예방 사각지대 해소 지원사업 참여기업 모집 변경 공고,경상북도,exclude_non_cash_finance_total,none,직접지원 후보 없이 제외/총규모/금융/비현금 유형만 있음,5,0,non_cash,,,,,not_required,,https://www.bizinfo.go.kr/sii/siia/selectSIIA200Detail.do?pblancId=PBLN_000000000122526
PBLN_000000000122564,[충남] 천안시 2026년 기업 스마트 혁신지원단 운영사업 참여기업 모집 공고,충청남도,exclude_non_cash_finance_total,none,직접지원 후보 없이 제외/총규모/금융/비현금 유형만 있음,1,0,non_cash,,,,,not_required,,https://www.bizinfo.go.kr/sii/siia/selectSIIA200Detail.do?pblancId=PBLN_000000000122564
PBLN_000000000122580,[경북] 청도군 2026년 소상공인 카드수수료 지원사업 참여 점포 모집 공고,경상북도,hold_no_direct_cash,none,후보는 있으나 현금성 직접지원 금액 후보 없음,1,0,support_amount,,,,,not_required,,https://www.bizinfo.go.kr/sii/siia/selectSIIA200Detail.do?pblancId=PBLN_000000000122580
PBLN_000000000122587,[대전] 2026년 소상공인 육아휴직자 대체인력 인건비 지원사업 모집 변경 공고,대전광역시,hold_no_direct_cash,none,후보는 있으나 현금성 직접지원 금액 후보 없음,1,0,support_amount,,,,,not_required,,https://www.bizinfo.go.kr/sii/siia/selectSIIA200Detail.do?pblancId=PBLN_000000000122587
PBLN_000000000123681,자동차부품기업 사이버보안 컨설팅 참여기업 모집 공고,산업통상부,exclude_non_cash_finance_total,none,직접지원 후보 없이 제외/총규모/금융/비현금 유형만 있음,3,0,non_cash,,,,,pending,mixed_manual_review,https://www.bizinfo.go.kr/sii/siia/selectSIIA200Detail.do?pblancId=PBLN_000000000123681
PBLN_000000000122863,[경북] 2026년 제조업AI융합기반조성사업 경북AX랩 활용기업 모집 공고,경상북도,exclude_non_cash_finance_total,none,직접지원 후보 없이 제외/총규모/금융/비현금 유형만 있음,5,0,non_cash,,,,,not_required,,https://www.bizinfo.go.kr/sii/siia/selectSIIA200Detail.do?pblancId=PBLN_000000000122863
PBLN_000000000122625,2026년 무탄소에너지보증사업(해상풍력 맞춤형 보증지원) 공고,기후에너지환경부,ratio_only,none,금액 후보 없이 지원비율만 있음,1,0,support_ratio,,,,,not_required,,https://www.bizinfo.go.kr/sii/siia/selectSIIA200Detail.do?pblancId=PBLN_000000000122625
PBLN_000000000122656,2026년 전남 영화ㆍ드라마 제작 인센티브 지원사업 공고,전남광주통합특별시,hold_no_direct_cash,none,후보는 있으나 현금성 직접지원 금액 후보 없음,2,0,support_amount,,,,,not_required,,https://www.bizinfo.go.kr/sii/siia/selectSIIA200Detail.do?pblancId=PBLN_000000000122656
PBLN_000000000123689,지능형 헬스케어제품 기반 실증ㆍ사업화 지원사업 기업지원 기술지원 추가 공고,산업통상부,exclude_non_cash_finance_total,none,직접지원 후보 없이 제외/총규모/금융/비현금 유형만 있음,4,0,"equipment_usage_fee, non_cash, support_ratio, total_support_scale",,,,,pending,mixed_manual_review,https://www.bizinfo.go.kr/sii/siia/selectSIIA200Detail.do?pblancId=PBLN_000000000123689
PBLN_000000000121697,[경북] 2026년 중대재해 예방 사각지대 해소 지원사업 참여기업 모집 공고,경상북도,exclude_non_cash_finance_total,none,직접지원 후보 없이 제외/총규모/금융/비현금 유형만 있음,5,0,non_cash,,,,,not_required,,https://www.bizinfo.go.kr/sii/siia/selectSIIA200Detail.do?pblancId=PBLN_000000000121697
PBLN_000000000122659,[부산] 사상구 2026년 2차 제조업체 근로환경 개선사업 모집 공고,부산광역시,hold_no_direct_cash,none,후보는 있으나 현금성 직접지원 금액 후보 없음,1,0,support_amount,,,,,not_required,,https://www.bizinfo.go.kr/sii/siia/selectSIIA200Detail.do?pblancId=PBLN_000000000122659
PBLN_000000000122609,2026년 경북AI데이터센터 테스트베드 실증지원 공고(데이터센터 테스트베드 조성 지원),경상북도,exclude_non_cash_finance_total,none,직접지원 후보 없이 제외/총규모/금융/비현금 유형만 있음,1,0,non_cash,,,,,not_required,,https://www.bizinfo.go.kr/sii/siia/selectSIIA200Detail.do?pblancId=PBLN_000000000122609
PBLN_000000000122739,[대전] 소상공인ㆍ자영업자 재기지원 (폐업정리) 참여자 모집 공고,대전광역시,hold_no_direct_cash,none,후보는 있으나 현금성 직접지원 금액 후보 없음,1,0,support_amount,,,,,not_required,,https://www.bizinfo.go.kr/sii/siia/selectSIIA200Detail.do?pblancId=PBLN_000000000122739
PBLN_000000000123718,[전남광주] 2026년 2차 중소기업 맞춤형 성장지원(컨설팅) 참여기업 모집 기간 연장 공고,전남광주통합특별시,exclude_non_cash_finance_total,none,직접지원 후보 없이 제외/총규모/금융/비현금 유형만 있음,4,0,consulting_fee,,,,,pending,recommend_only_payload,https://www.bizinfo.go.kr/sii/siia/selectSIIA200Detail.do?pblancId=PBLN_000000000123718
PBLN_000000000122914,[경북] 2026년 거점기관 개방형혁신사업 장비 및 인프라 활용 모집 공고,산업통상부,exclude_non_cash_finance_total,none,직접지원 후보 없이 제외/총규모/금융/비현금 유형만 있음,1,0,non_cash,,,,,not_required,,https://www.bizinfo.go.kr/sii/siia/selectSIIA200Detail.do?pblancId=PBLN_000000000122914
PBLN_000000000122936,2026년 3차 과학기술분야 R&D 대체인력 활용 지원사업 모집 공고,과학기술정보통신부,hold_no_direct_cash,none,후보는 있으나 현금성 직접지원 금액 후보 없음,3,0,support_amount,,,,,not_required,,https://www.bizinfo.go.kr/sii/siia/selectSIIA200Detail.do?pblancId=PBLN_000000000122936
PBLN_000000000122942,[세종] 조달청 다수공급자계약(MAS) 활용 컨설팅 지원사업 공고,세종특별자치시,exclude_non_cash_finance_total,none,직접지원 후보 없이 제외/총규모/금융/비현금 유형만 있음,1,0,non_cash,,,,,pending,recommend_only_payload,https://www.bizinfo.go.kr/sii/siia/selectSIIA200Detail.do?pblancId=PBLN_000000000122942
PBLN_000000000122951,[전남광주] 2026년 제조AI 학습용 데이터 취득 지원사업 공고,전남광주통합특별시,exclude_non_cash_finance_total,none,직접지원 후보 없이 제외/총규모/금융/비현금 유형만 있음,4,0,"non_cash, support_amount",,,,,not_required,,https://www.bizinfo.go.kr/sii/siia/selectSIIA200Detail.do?pblancId=PBLN_000000000122951
PBLN_000000000122952,2026년 영세 소상공인 중소금융권 금융비용 지원사업 재공고,전남광주통합특별시,exclude_non_cash_finance_total,none,직접지원 후보 없이 제외/총규모/금융/비현금 유형만 있음,1,0,non_cash,,,,,not_required,,https://www.bizinfo.go.kr/sii/siia/selectSIIA200Detail.do?pblancId=PBLN_000000000122952
PBLN_000000000123019,[인천] 2026년 7차 중소기업육성자금 지원 공고(기술전환지원 융자자금 신설),인천광역시,exclude_non_cash_finance_total,none,직접지원 후보 없이 제외/총규모/금융/비현금 유형만 있음,9,0,non_cash,,,,,not_required,,https://www.bizinfo.go.kr/sii/siia/selectSIIA200Detail.do?pblancId=PBLN_000000000123019
PBLN_000000000123022,[경남] 2026년 제조기업 정보보호 컨설팅 지원사업 수요기업 모집 공고(지역 거점 정보보호 클러스터 구축사업),경상남도,exclude_non_cash_finance_total,none,직접지원 후보 없이 제외/총규모/금융/비현금 유형만 있음,3,0,non_cash,,,,,not_required,,https://www.bizinfo.go.kr/sii/siia/selectSIIA200Detail.do?pblancId=PBLN_000000000123022
PBLN_000000000123056,[경기] 2026년 2차 음식점 미세먼지ㆍ악취 방지시설 설치 지원사업 공고,경기도,hold_no_direct_cash,none,후보는 있으나 현금성 직접지원 금액 후보 없음,1,0,support_amount,,,,,not_required,,https://www.bizinfo.go.kr/sii/siia/selectSIIA200Detail.do?pblancId=PBLN_000000000123056
PBLN_000000000123063,2026년 3차 배출권거래제 할당대상업체 탄소중립 컨설팅 사업 공고,기후에너지환경부,exclude_non_cash_finance_total,none,직접지원 후보 없이 제외/총규모/금융/비현금 유형만 있음,1,0,non_cash,,,,,not_required,,https://www.bizinfo.go.kr/sii/siia/selectSIIA200Detail.do?pblancId=PBLN_000000000123063
PBLN_000000000122891,2026년 2차 전력정보화 및 정책지원사업(신재생에너지 분야) 신규지원 대상과제 공고,기후에너지환경부,ratio_only,none,금액 후보 없이 지원비율만 있음,1,0,support_ratio,,,,,pending,ratio_only,https://www.bizinfo.go.kr/sii/siia/selectSIIA200Detail.do?pblancId=PBLN_000000000122891
PBLN_000000000123087,2026년 하반기 한국영화 기획개발지원사업 제작사부문(초기기획) 사업 공고,문화체육관광부,hold_no_direct_cash,none,후보는 있으나 현금성 직접지원 금액 후보 없음,2,0,support_amount,,,,,not_required,,https://www.bizinfo.go.kr/sii/siia/selectSIIA200Detail.do?pblancId=PBLN_000000000123087
PBLN_000000000123126,[경북] 영덕군 2026년 소상공인 카드수수료 지원사업 참여 점포 모집 공고,경상북도,hold_no_direct_cash,none,후보는 있으나 현금성 직접지원 금액 후보 없음,1,0,support_amount,,,,,not_required,,https://www.bizinfo.go.kr/sii/siia/selectSIIA200Detail.do?pblancId=PBLN_000000000123126
PBLN_000000000123140,[제주] 2026년 해양수산 국내전시회(2026 부산 국제수산 EXPO) 참가 및 바이어 초청 통합지원 참가기업 모집 재공고,해양수산부,hold_no_direct_cash,none,후보는 있으나 현금성 직접지원 금액 후보 없음,3,0,support_amount,,,,,not_required,,https://www.bizinfo.go.kr/sii/siia/selectSIIA200Detail.do?pblancId=PBLN_000000000123140
PBLN_000000000123148,2026년 2차 조선해양산업기술개발사업 신규지원 대상과제 공고,산업통상부,ratio_only,none,금액 후보 없이 지원비율만 있음,1,0,support_amount,,,,,pending,manual_representative_recoverable,https://www.bizinfo.go.kr/sii/siia/selectSIIA200Detail.do?pblancId=PBLN_000000000123148
PBLN_000000000123160,[부산] 2026년 9차 중소기업 자금지원계획 변경 공고,부산광역시,exclude_non_cash_finance_total,none,직접지원 후보 없이 제외/총규모/금융/비현금 유형만 있음,18,0,"non_cash, support_ratio",,,,,not_required,,https://www.bizinfo.go.kr/sii/siia/selectSIIA200Detail.do?pblancId=PBLN_000000000123160
PBLN_000000000122997,[강원] 횡성군 2026년 2차 지식재산 첫걸음 지원사업 참여기업 모집 공고,강원특별자치도,exclude_non_cash_finance_total,none,직접지원 후보 없이 제외/총규모/금융/비현금 유형만 있음,3,0,"non_cash, support_amount",,,,,reviewed,keep_old_amount,https://www.bizinfo.go.kr/sii/siia/selectSIIA200Detail.do?pblancId=PBLN_000000000122997
PBLN_000000000122998,[강원] 영월군 2026년 2차 지식재산 첫걸음 지원사업 참여기업 모집 공고,강원특별자치도,hold_unit_or_total_context,none,월/명/건/기간/총규모/자부담 등 위험 문맥 포함,10,2,"consulting_fee, non_cash, support_amount, total_support_scale",,,,"1000.0만원/support_amount/전통시장, 사회적 기업, 여성기업은 현금 5%, 현물 15% 적용 3) 지원내용 및 규모 氠瑢 구분 세부지원내용 지원단가 (지원금) 지원한도 특허 특허맵(일반) 10,000 천원 이내 기업당 2건 이내 특허기술 홍보영상 제작 9,000 천원 이내 디자인 제품디자인개발 18,000 천원 이내 포장디자인개발 10,000 천원 || 255.0만원/support_amount/지원내용 및 규모 가) 기업당 연간 2건 이내 나) 총액의 70% [기업분담금(현금) : 30%] 氠瑢 구 분 세부사업명 지원 규모 해외출원 지원 특허(PCT) 2,550천원 이내 특허(개별국) 유 럽 6,700천원 이내 일 본 4,650천원 이내 미 국 4,600천원 이내 중 국 4,100천원 이내 동남아/기타 3,30",reviewed,keep_old_amount,https://www.bizinfo.go.kr/sii/siia/selectSIIA200Detail.do?pblancId=PBLN_000000000122998
PBLN_000000000123170,[경북] 2026년 게임 기업 맞춤형 지원사업(컨설팅 분야) 모집 공고,경상북도,exclude_non_cash_finance_total,none,직접지원 후보 없이 제외/총규모/금융/비현금 유형만 있음,1,0,non_cash,,,,,not_required,,https://www.bizinfo.go.kr/sii/siia/selectSIIA200Detail.do?pblancId=PBLN_000000000123170
PBLN_000000000123172,[인천] AI 영상분석 기반 작업장 안전감지 사각지대 해소 지원 사업 참가 중소기업 모집 공고,인천광역시,exclude_non_cash_finance_total,none,직접지원 후보 없이 제외/총규모/금융/비현금 유형만 있음,2,0,non_cash,,,,,not_required,,https://www.bizinfo.go.kr/sii/siia/selectSIIA200Detail.do?pblancId=PBLN_000000000123172
PBLN_000000000123130,2026년 K-온디바이스 AI반도체 기술개발사업 신규 지원대상 연구개발과제 공고,산업통상부,ratio_only,none,금액 후보 없이 지원비율만 있음,1,0,support_amount,,,,,pending,ratio_only,https://www.bizinfo.go.kr/sii/siia/selectSIIA200Detail.do?pblancId=PBLN_000000000123130
TECHNOPARK:1348,(2026-127호) 2026년 강원지역연구장비 서비스 활성화 지원사업 참여기관 모집 공고,강원테크노파크,hold_unit_or_total_context,none,월/명/건/기간/총규모/자부담 등 위험 문맥 포함,2,2,support_amount,,,,"1000.0만원/support_amount/10. 31. - 지원금 신청 가능 기한: 선정 시 ~ 2026. 11. 20. (금)  지원내용:‘세부 추진내용’내 지원내용 참조  지원금액: 기관별 최대 10,000천원 이내 지원(천원 단위 절사), 부가세 제외 氠瑢 漠杳 2 세부 추진내용  지원대상: (공고일 기준) 다음의 조건을 모두 충족하는 연구장비 보유기 || 1000.0만원/support_amount/하여 장비 검색 강원테크노파크 홈페이지(www.gwtp.or.kr) 접속 후 상단 ’강원연구장비종합정보망을’ 클릭 후 접수 장비 검색  지원금액: 기관별 최대 10,000천원 이내(천원 단위 절사) - 발생비용의 최대 80% 이내 지원금 지급, 최소 20% 이상 기관부담금 발생 ※ 부가세 제외 - 신청금액 5,000천원",pending,manual_representative_recoverable,https://www.gwtp.or.kr/gwtp/bbsNew_view.php?bbs_data=aWR4PTMxNTMmc3RhcnRQYWdlPSZsaXN0Tm89JnRhYmxlPWNzX2Jic19kYXRhX25ldyZjb2RlPXN1YjAxYiZzZWFyY2hfaXRlbT0mc2VhcmNoX29yZGVyPSZ1cmw9c3ViMDFiJmtleXZhbHVlPXN1YjAxJmJic19tYWxuYW1lPQ==||
PBLN_000000000123176,[경기] 안산시 2026년 기술사업화 지원사업 공고(국가기술거래플랫폼 서비스),경기도,exclude_non_cash_finance_total,none,직접지원 후보 없이 제외/총규모/금융/비현금 유형만 있음,5,0,non_cash,,,,,not_required,,https://www.bizinfo.go.kr/sii/siia/selectSIIA200Detail.do?pblancId=PBLN_000000000123176
PBLN_000000000123202,[울산] 남구 2026년 소상공인 온라인 플랫폼 지원사업 모집 공고,울산광역시,hold_no_direct_cash,none,후보는 있으나 현금성 직접지원 금액 후보 없음,1,0,support_amount,,,,,not_required,,https://www.bizinfo.go.kr/sii/siia/selectSIIA200Detail.do?pblancId=PBLN_000000000123202
PBLN_000000000123242,2026년 강원 석탄산업전환지역 연계 체류형 관광상품 개발 공모 공고,강원특별자치도,hold_no_direct_cash,none,후보는 있으나 현금성 직접지원 금액 후보 없음,1,0,support_amount,,,,,not_required,,https://www.bizinfo.go.kr/sii/siia/selectSIIA200Detail.do?pblancId=PBLN_000000000123242
PBLN_000000000123260,2026년 1차 지역산업위기대응 이차보전 지원사업 변경 공고,산업통상부,exclude_non_cash_finance_total,none,직접지원 후보 없이 제외/총규모/금융/비현금 유형만 있음,5,0,"non_cash, support_ratio",,,,,not_required,,https://www.bizinfo.go.kr/sii/siia/selectSIIA200Detail.do?pblancId=PBLN_000000000123260
PBLN_000000000123210,2026년 2차 국가표준기술력향상사업 신규지원 대상과제 공고,산업통상부,hold_unit_or_total_context,none,월/명/건/기간/총규모/자부담 등 위험 문맥 포함,13,12,"support_amount, total_support_scale",,,,"59850.0만원/support_amount/지원기간/예산/추진체계ㅇ 연구개발기간:42개월이내(1차년도개발기간:6개월,2~4차년도:각12개월)ㅇ 정부지원연구개발비:’26년0.855억원이내(총정부지원연구개발비5.985억원이내)ㅇ단계구분:1단계(1~2차년도),2단계(3~4차년도)ㅇ 주관연구개발기관:비영리기관ㅇ 기술료징수여부:비징수ㅇ기타:총괄주관동시수행(총괄과제동시지원필 || 58450.0만원/support_amount/지원기간/예산/추진체계ㅇ 연구개발기간:42개월이내(1차년도개발기간:6개월,2~4차년도:각12개월)ㅇ 정부지원연구개발비:’26년0.835억원이내(총정부지원연구개발비5.845억원이내)ㅇ단계구분:1단계(1~2차년도),2단계(3~4차년도)ㅇ 주관연구개발기관:비영리ㅇ 기술료징수여부:비징수 - 9 - 품목번호2026-표기력-품목-기 || 58450.0만원/support_amount/지원기간/예산/추진체계ㅇ 연구개발기간:42개월이내(1차년도개발기간:6개월,2~4차년도:각12개월)ㅇ 정부지원연구개발비:’26년0.835억원이내(총정부지원연구개발비5.845억원이내)ㅇ단계구분:1단계(1~2차년도),2단계(3~4차년도)ㅇ 주관연구개발기관:비영리ㅇ 기술료징수여부:비징수 - 11 - 품목번호2026-표기력-품목- || 58450.0만원/support_amount/지원기간/예산/추진체계ㅇ 연구개발기간:42개월이내(1차년도개발기간:6개월,2~4차년도:각12개월)ㅇ 정부지원연구개발비:’26년0.835억원이내(총정부지원연구개발비5.845억원이내)ㅇ단계구분:1단계(1~2차년도),2단계(3~4차년도)ㅇ 주관연구개발기관:비영리ㅇ 기술료징수여부:비징수 - 13 - 품목번호2026-표기력-품목- || 54000.0만원/support_amount/. 지원기간/예산/추진체계ㅇ 연구개발기간:54개월이내(1차년도개발기간:6개월,2~5차년도:각12개월)ㅇ 정부지원연구개발비:’26년0.6억원이내(총정부지원연구개발비5.4억원이내)ㅇ단계구분:1단계(1~2차년도),2단계(3~5차년도)ㅇ 주관연구개발기관:제한없음ㅇ 기술료징수여부:비징수 - 7 - 품목번호2026-표기력-품목-기반 || 8550.0만원/support_amount/역산업특성에맞는AX과제발굴에활용4. 지원기간/예산/추진체계ㅇ 연구개발기간:42개월이내(1차년도개발기간:6개월,2~4차년도:각12개월)ㅇ 정부지원연구개발비:’26년0.855억원이내(총정부지원연구개발비5.985억원이내)ㅇ단계구분:1단계(1~2차년도),2단계(3~4차년도)ㅇ 주관연구개발기관:비영리기관ㅇ 기술료징수여부:비징수ㅇ기",reviewed,keep_old_amount,https://www.bizinfo.go.kr/sii/siia/selectSIIA200Detail.do?pblancId=PBLN_000000000123210
PBLN_000000000123279,[경남] 진주시 2026년 청년 일경험(인턴) 지원사업 참여기업 추가 모집 공고,경상남도,hold_no_direct_cash,none,후보는 있으나 현금성 직접지원 금액 후보 없음,2,0,support_amount,,,,,not_required,,https://www.bizinfo.go.kr/sii/siia/selectSIIA200Detail.do?pblancId=PBLN_000000000123279
PBLN_000000000123280,[세종] 2027년 산림소득분야 지원사업 공고,세종특별자치시,hold_no_direct_cash,none,후보는 있으나 현금성 직접지원 금액 후보 없음,5,0,support_amount,,,,,not_required,,https://www.bizinfo.go.kr/sii/siia/selectSIIA200Detail.do?pblancId=PBLN_000000000123280
PBLN_000000000123299,2026년 수요맞춤형 전기구동 경형 PBV 개발 지원기반 구축사업 기업지원 프로그램(기술자문) 추가 모집 공고,강원특별자치도,exclude_non_cash_finance_total,none,직접지원 후보 없이 제외/총규모/금융/비현금 유형만 있음,1,0,non_cash,,,,,pending,recommend_only_payload,https://www.bizinfo.go.kr/sii/siia/selectSIIA200Detail.do?pblancId=PBLN_000000000123299
PBLN_000000000123302,[전북] 2026년 전북권 산업단지 기업 인공지능 기술 도입을 위한 인공지능 전환 도입 컨설팅 지원사업 재공고,전북특별자치도,exclude_non_cash_finance_total,none,직접지원 후보 없이 제외/총규모/금융/비현금 유형만 있음,1,0,non_cash,,,,,not_required,,https://www.bizinfo.go.kr/sii/siia/selectSIIA200Detail.do?pblancId=PBLN_000000000123302
PBLN_000000000123731,[대구] 2026년 수요맞춤형 AI솔루션 개발ㆍ실증 지원 사업 컨소시엄 모집 재공고(제조업 AI융합 기반 조성사업),대구광역시,ratio_only,none,금액 후보 없이 지원비율만 있음,1,0,support_amount,,,,,pending,mixed_manual_review,https://www.bizinfo.go.kr/sii/siia/selectSIIA200Detail.do?pblancId=PBLN_000000000123731
PBLN_000000000123371,[경남] 사천시ㆍ진주시 2026년 2차 우주ㆍ항공 제조기업 대상 DX 기반 품질ㆍ공정 개선 및 생산성 향상을 위한 무료 컨설팅 및 전문인력양성 지원사업 공고,산업통상부,exclude_non_cash_finance_total,none,직접지원 후보 없이 제외/총규모/금융/비현금 유형만 있음,2,0,non_cash,,,,,reviewed,keep_old_amount,https://www.bizinfo.go.kr/sii/siia/selectSIIA200Detail.do?pblancId=PBLN_000000000123371
PBLN_000000000123327,[제주] 2026년 로컬기업 크라우드펀딩 (대출형) 참여기업 모집 공고,제주특별자치도,exclude_non_cash_finance_total,none,직접지원 후보 없이 제외/총규모/금융/비현금 유형만 있음,2,0,non_cash,,,,,not_required,,https://www.bizinfo.go.kr/sii/siia/selectSIIA200Detail.do?pblancId=PBLN_000000000123327
PBLN_000000000123348,[충북] 2026년 버팀이음프로젝트 플라스틱 제조업 근로자 유출 방지를 위한 복지 지원사업 모집 공고,고용노동부,hold_no_direct_cash,none,후보는 있으나 현금성 직접지원 금액 후보 없음,1,0,support_amount,,,,,not_required,,https://www.bizinfo.go.kr/sii/siia/selectSIIA200Detail.do?pblancId=PBLN_000000000123348
PBLN_000000000123351,2026년 창원시 AI기반 슬립테크 국제협력 실증 확산 지원사업 기업지원 공고(해외 인허가 기술문서 작성 지원),산업통상부,exclude_non_cash_finance_total,none,직접지원 후보 없이 제외/총규모/금융/비현금 유형만 있음,1,0,non_cash,,,,,not_required,,https://www.bizinfo.go.kr/sii/siia/selectSIIA200Detail.do?pblancId=PBLN_000000000123351
PBLN_000000000123361,2026년 청정공정 확산사업 참여기업 모집 공고,산업통상부,exclude_non_cash_finance_total,none,직접지원 후보 없이 제외/총규모/금융/비현금 유형만 있음,2,0,"non_cash, support_amount",,,,,not_required,,https://www.bizinfo.go.kr/sii/siia/selectSIIA200Detail.do?pblancId=PBLN_000000000123361
PBLN_000000000123373,[경기] 안산시 2026년 관내 BI 입주기업 브랜드 강화사업 참여기업 모집 공고,경기도,hold_no_direct_cash,none,후보는 있으나 현금성 직접지원 금액 후보 없음,2,0,support_amount,,,,,not_required,,https://www.bizinfo.go.kr/sii/siia/selectSIIA200Detail.do?pblancId=PBLN_000000000123373
PBLN_000000000117839,2026년 고령친화식품 사용성평가 참여기업 모집 공고,식품의약품안전처,ratio_only,none,금액 후보 없이 지원비율만 있음,1,0,support_ratio,,,,,not_required,,https://www.bizinfo.go.kr/sii/siia/selectSIIA200Detail.do?pblancId=PBLN_000000000117839
PBLN_000000000123379,[경북] 포항시 2026년 지역 기업 투자유치 활성화를 위한 Rising Star IR DAY 참가기업 모집 공고,경상북도,exclude_non_cash_finance_total,none,직접지원 후보 없이 제외/총규모/금융/비현금 유형만 있음,4,0,non_cash,,,,,not_required,,https://www.bizinfo.go.kr/sii/siia/selectSIIA200Detail.do?pblancId=PBLN_000000000123379
PBLN_000000000123402,스마트농업 광역연계형 규제자유특구 사업 참여희망 특구사업자 추가 모집 공고,중소벤처기업부,exclude_non_cash_finance_total,none,직접지원 후보 없이 제외/총규모/금융/비현금 유형만 있음,4,0,non_cash,,,,,not_required,,https://www.bizinfo.go.kr/sii/siia/selectSIIA200Detail.do?pblancId=PBLN_000000000123402
PBLN_000000000123415,[경북] 2026년 소공인 스마트제조지원(스마트공방)사업 모집 공고,경상북도,exclude_non_cash_finance_total,none,직접지원 후보 없이 제외/총규모/금융/비현금 유형만 있음,3,0,"non_cash, support_amount",,,,,pending,ratio_only,https://www.bizinfo.go.kr/sii/siia/selectSIIA200Detail.do?pblancId=PBLN_000000000123415
PBLN_000000000123416,[경북] 영천시 2026년 2차 중소기업 혁신기술개발 지원사업 공고,경상북도,exclude_non_cash_finance_total,none,직접지원 후보 없이 제외/총규모/금융/비현금 유형만 있음,3,0,non_cash,,,,,pending,manual_representative_recoverable,https://www.bizinfo.go.kr/sii/siia/selectSIIA200Detail.do?pblancId=PBLN_000000000123416
PBLN_000000000123419,2026년 소공인 클린제조환경조성사업 추가 모집 공고,중소벤처기업부,ratio_only,none,금액 후보 없이 지원비율만 있음,3,0,support_amount,,,,,pending,manual_representative_recoverable,https://www.bizinfo.go.kr/sii/siia/selectSIIA200Detail.do?pblancId=PBLN_000000000123419
PBLN_000000000123374,[전남] 첨단로봇ㆍAI 활용 중소기업 제조혁신 사업 기업지원(실증지원) 모집 공고,전라남도,exclude_non_cash_finance_total,none,직접지원 후보 없이 제외/총규모/금융/비현금 유형만 있음,2,0,"support_ratio, total_support_scale",,,,,pending,mixed_manual_review,https://www.bizinfo.go.kr/sii/siia/selectSIIA200Detail.do?pblancId=PBLN_000000000123374
PBLN_000000000118224,2026년 미래 치과이식형 디지털의료제품 개발 기반구축 사업 기술서비스 지원사업 통합 공고,산업통상부,exclude_non_cash_finance_total,none,직접지원 후보 없이 제외/총규모/금융/비현금 유형만 있음,10,0,non_cash,,,,,not_required,,https://www.bizinfo.go.kr/sii/siia/selectSIIA200Detail.do?pblancId=PBLN_000000000118224
PBLN_000000000123389,2026년 3차 광주 차세대 지능형 반도체 적용 온디바이스 AI 스케일업 밸리 육성 사업 성장스케일업 지원 수혜기업 추가모집 통합 공고(딥테크 스케일업 밸리 육성사업),과학기술정보통신부,exclude_non_cash_finance_total,none,직접지원 후보 없이 제외/총규모/금융/비현금 유형만 있음,5,0,"consulting_fee, total_support_scale",,,,,pending,mixed_manual_review,https://www.bizinfo.go.kr/sii/siia/selectSIIA200Detail.do?pblancId=PBLN_000000000123389
PBLN_000000000123452,[부산] 2026년 2차 콘텐츠기업 AI 활성화 지원 모집 공고,부산광역시,exclude_non_cash_finance_total,none,직접지원 후보 없이 제외/총규모/금융/비현금 유형만 있음,1,0,non_cash,,,,,not_required,,https://www.bizinfo.go.kr/sii/siia/selectSIIA200Detail.do?pblancId=PBLN_000000000123452
PBLN_000000000119904,[충북] 2026년 산업체 방사광가속기 활용 역량강화사업 산업체 방사광가속기 활용 프로그램 참여기업 모집 공고,충청북도,exclude_non_cash_finance_total,none,직접지원 후보 없이 제외/총규모/금융/비현금 유형만 있음,3,0,non_cash,,,,,not_required,,https://www.bizinfo.go.kr/sii/siia/selectSIIA200Detail.do?pblancId=PBLN_000000000119904
PBLN_000000000123739,2026년 4차 무기체계 부품국산화개발 지원사업 (상생협력부품국산화) 과제ㆍ연구개발기관 모집 공고,방위사업청,exclude_non_cash_finance_total,none,직접지원 후보 없이 제외/총규모/금융/비현금 유형만 있음,3,0,"non_cash, support_ratio",,,,,pending,mixed_manual_review,https://www.bizinfo.go.kr/sii/siia/selectSIIA200Detail.do?pblancId=PBLN_000000000123739
PBLN_000000000123481,[울산] 2026년 전문경력인사기술지원사업 기술컨설팅 지원기업 모집 공고,울산광역시,exclude_non_cash_finance_total,none,직접지원 후보 없이 제외/총규모/금융/비현금 유형만 있음,1,0,non_cash,,,,,not_required,,https://www.bizinfo.go.kr/sii/siia/selectSIIA200Detail.do?pblancId=PBLN_000000000123481
PBLN_000000000123495,2027년 신규 병역지정업체(산업기능요원) 선정 및 필요인원 신청ㆍ접수 공고,중소벤처기업부,exclude_non_cash_finance_total,none,직접지원 후보 없이 제외/총규모/금융/비현금 유형만 있음,1,0,non_cash,,,,,not_required,,https://www.bizinfo.go.kr/sii/siia/selectSIIA200Detail.do?pblancId=PBLN_000000000123495
PBLN_000000000123499,[강원] 2026년 미드폼 영상제작 지원사업 모집 공고(지역기반형 콘텐츠코리아랩(추경)사업),문화체육관광부,hold_no_direct_cash,none,후보는 있으나 현금성 직접지원 금액 후보 없음,1,0,support_amount,,,,,not_required,,https://www.bizinfo.go.kr/sii/siia/selectSIIA200Detail.do?pblancId=PBLN_000000000123499
PBLN_000000000123505,2026년 1차 바이오스타 2.0 사업 참여 초기창업기업 모집 공고,과학기술정보통신부,exclude_non_cash_finance_total,none,직접지원 후보 없이 제외/총규모/금융/비현금 유형만 있음,7,0,non_cash,,,,,not_required,,https://www.bizinfo.go.kr/sii/siia/selectSIIA200Detail.do?pblancId=PBLN_000000000123505
PBLN_000000000123514,2026년 방송영상콘텐츠 제작지원(드라마 장편 부문) 사업 추가 공고,문화체육관광부,hold_no_direct_cash,none,후보는 있으나 현금성 직접지원 금액 후보 없음,1,0,support_amount,,,,,not_required,,https://www.bizinfo.go.kr/sii/siia/selectSIIA200Detail.do?pblancId=PBLN_000000000123514
PBLN_000000000120871,[경북] 2026년 초거대 AI 기술 컨설팅 신규 대상기업 모집 공고(초거대 AI 클라우드 팜 실증 및 확산 환경 조성사업),경상북도,exclude_non_cash_finance_total,none,직접지원 후보 없이 제외/총규모/금융/비현금 유형만 있음,3,0,non_cash,,,,,not_required,,https://www.bizinfo.go.kr/sii/siia/selectSIIA200Detail.do?pblancId=PBLN_000000000120871
PBLN_000000000123515,2026년 7월 문화산업 완성보증 공고,문화체육관광부,exclude_non_cash_finance_total,none,직접지원 후보 없이 제외/총규모/금융/비현금 유형만 있음,1,0,non_cash,,,,,not_required,,https://www.bizinfo.go.kr/sii/siia/selectSIIA200Detail.do?pblancId=PBLN_000000000123515
PBLN_000000000123516,2026년 7월 콘텐츠IP보증 공고,문화체육관광부,exclude_non_cash_finance_total,none,직접지원 후보 없이 제외/총규모/금융/비현금 유형만 있음,1,0,non_cash,,,,,not_required,,https://www.bizinfo.go.kr/sii/siia/selectSIIA200Detail.do?pblancId=PBLN_000000000123516
PBLN_000000000123517,2026년 7월 문화콘텐츠기업보증 공고,문화체육관광부,exclude_non_cash_finance_total,none,직접지원 후보 없이 제외/총규모/금융/비현금 유형만 있음,4,0,non_cash,,,,,not_required,,https://www.bizinfo.go.kr/sii/siia/selectSIIA200Detail.do?pblancId=PBLN_000000000123517
PBLN_000000000123533,2026년 오픈데이터포럼(ODF) 공공데이터ㆍAI 활용 리빙랩 프로젝트 모집 공고,행정안전부,exclude_non_cash_finance_total,none,직접지원 후보 없이 제외/총규모/금융/비현금 유형만 있음,4,0,"non_cash, support_amount",,,,,not_required,,https://www.bizinfo.go.kr/sii/siia/selectSIIA200Detail.do?pblancId=PBLN_000000000123533
PBLN_000000000122761,"2026년 2차 재생에너지R&D(태양광, 풍력) 신규지원대상 연구개발과제 공고",기후에너지환경부,ratio_only,none,금액 후보 없이 지원비율만 있음,1,0,support_ratio,,,,,pending,ratio_only,https://www.bizinfo.go.kr/sii/siia/selectSIIA200Detail.do?pblancId=PBLN_000000000122761
PBLN_000000000123557,[전북] 익산시 2026년 주얼리기업 성과형 장비 활용 지원 사업 참여기업 모집 공고(귀금속장비운영사업),전북특별자치도,exclude_non_cash_finance_total,none,직접지원 후보 없이 제외/총규모/금융/비현금 유형만 있음,5,0,non_cash,,,,,not_required,,https://www.bizinfo.go.kr/sii/siia/selectSIIA200Detail.do?pblancId=PBLN_000000000123557
PBLN_000000000123562,[경기] 2026년 글로벌 오픈이노베이션 프로그램 참가기업 모집 공고,경기도,exclude_non_cash_finance_total,none,직접지원 후보 없이 제외/총규모/금융/비현금 유형만 있음,5,0,"non_cash, support_amount",,,,,not_required,,https://www.bizinfo.go.kr/sii/siia/selectSIIA200Detail.do?pblancId=PBLN_000000000123562
SMARTFACTORY:2026-N-0085:1,[경기북부]2026년 제조DX멘토단 활용지원(구축지도) 도입기업 모집 공고,스마트공장 사업관리시스템,exclude_non_cash_finance_total,none,직접지원 후보 없이 제외/총규모/금융/비현금 유형만 있음,3,0,total_support_scale,,,,,pending,total_scale_manual_review,https://www.smart-factory.kr/usr/bg/ba/ma/bsnsPbancDtl?pbancId=2026-N-0085&pbancSn=1
PBLN_000000000122825,2026년 제3회 신제품(NEP)지정 신규신청(100대 전략품목 포함) 및 유효기간 연장신청 접수 공고,산업통상부,ratio_only,none,금액 후보 없이 지원비율만 있음,1,0,support_ratio,,,,,not_required,,https://www.bizinfo.go.kr/sii/siia/selectSIIA200Detail.do?pblancId=PBLN_000000000122825
PBLN_000000000123154,2026년 3차 조선해양산업기술개발사업 신규지원 대상과제 공고,산업통상부,ratio_only,none,금액 후보 없이 지원비율만 있음,13,0,support_amount,,,,,reviewed,keep_old_amount,https://www.bizinfo.go.kr/sii/siia/selectSIIA200Detail.do?pblancId=PBLN_000000000123154
PBLN_000000000123587,[부산ㆍ울산ㆍ경남] 2026년 동남 정보보호클러스터 보안 테스팅 지원사업 공고,경상남도,exclude_non_cash_finance_total,none,직접지원 후보 없이 제외/총규모/금융/비현금 유형만 있음,4,0,non_cash,,,,,not_required,,https://www.bizinfo.go.kr/sii/siia/selectSIIA200Detail.do?pblancId=PBLN_000000000123587
PBLN_000000000123119,2026년 바이오프린팅 활용 첨단바이오 활성화 지원사업(시설ㆍ장비 활용) 수혜기업 모집 공고,경상북도,exclude_non_cash_finance_total,none,직접지원 후보 없이 제외/총규모/금융/비현금 유형만 있음,2,0,non_cash,,,,,pending,mixed_manual_review,https://www.bizinfo.go.kr/sii/siia/selectSIIA200Detail.do?pblancId=PBLN_000000000123119
TECHNOPARK:1343,2026년 충남 디스플레이 특화단지 R&D 컨설팅 지원 수혜기업 모집,충남테크노파크,roi_estimate_medium_max_cash,medium,복수 직접지원 후보 중 최대 현금성 금액을 추정 후보로 선택,2,2,support_amount,300.0,support_amount,"사업 신청서류 검토 및 보완지원 포함 기업당 1,000천원 이내 Special R&D 기획·연계지원 2-1. R&D 기획 지원 2-2. R&D 연계 지원 기업당 3,000천원 이내 ※ 지원신청 시, 지원 트랙을 선택하여 신청(※ 복수로 트랙 선택 가능) 2. 세부 지원 내용 󰊱 [Basic 트랙] 사업계획 기초자문·신청 컨설팅 ○ (공모사업 정보제공) 정부(중기부, 산업부, 과기부 등)","300.0만원/support_amount/사업 신청서류 검토 및 보완지원 포함 기업당 1,000천원 이내 Special R&D 기획·연계지원 2-1. R&D 기획 지원 2-2. R&D 연계 지원 기업당 3,000천원 이내 ※ 지원신청 시, 지원 트랙을 선택하여 신청(※ 복수로 트랙 선택 가능) 2. 세부 지원 내용 󰊱 [Basic 트랙] 사업계획 기초자문·신청  || 100.0만원/support_amount/sic 사업계획 기초자문 ·신청 컨설팅 1-1. 공모사업 정보제공 지원 1-2. 사업계획서, 발표자료 보완지원 *공모사업 신청서류 검토 및 보완지원 포함 기업당 1,000천원 이내 Special R&D 기획·연계지원 2-1. R&D 기획 지원 2-2. R&D 연계 지원 기업당 3,000천원 이내 ※ 지원신청 시, 지원 트",pending,manual_representative_recoverable,https://www.ctp.or.kr/business/datadetail.do?seq=2709286
PBLN_000000000123188,[경북] 북부 2026년 3차 지식재산 긴급지원 사업 모집 공고,경상북도,exclude_non_cash_finance_total,none,직접지원 후보 없이 제외/총규모/금융/비현금 유형만 있음,5,0,"non_cash, support_amount",,,,,reviewed,keep_old_amount,https://www.bizinfo.go.kr/sii/siia/selectSIIA200Detail.do?pblancId=PBLN_000000000123188
PBLN_000000000123599,[울산] 2026년 지역 중소기업 가치 성장 ESG 정밀진단 및 컨설팅 참여 기업 모집 공고,울산광역시,exclude_non_cash_finance_total,none,직접지원 후보 없이 제외/총규모/금융/비현금 유형만 있음,1,0,non_cash,,,,,not_required,,https://www.bizinfo.go.kr/sii/siia/selectSIIA200Detail.do?pblancId=PBLN_000000000123599
PBLN_000000000123261,[인천] 2026년 우수디자인 시제품개발지원사업 모집 공고,인천광역시,roi_estimate_medium_max_cash,medium,복수 직접지원 후보 중 최대 현금성 금액을 추정 후보로 선택,3,2,"support_amount, support_ratio",2500.0,support_amount,"음의 각 호와 같다. 1) 인천소재 제작기업 매칭 과제 氠瑢 개발분야 지원비율 지원금액 금형제작 개발비용의 80% ※ 개발비용 : 부가세를 제외한 공급가액 최대 2,500만원 한도 워킹목업제작 최대 800만원 한도 2) 타지역 소재 제작기업 매칭 과제 氠瑢 개발분야 지원비율 지원금액 금형제작 개발비용의 70% ※ 개발비용 : 부가세를 제외한 공급가액 최대 2,500만원 한도 워킹목업제작","2500.0만원/support_amount/음의 각 호와 같다. 1) 인천소재 제작기업 매칭 과제 氠瑢 개발분야 지원비율 지원금액 금형제작 개발비용의 80% ※ 개발비용 : 부가세를 제외한 공급가액 최대 2,500만원 한도 워킹목업제작 최대 800만원 한도 2) 타지역 소재 제작기업 매칭 과제 氠瑢 개발분야 지원비율 지원금액 금형제작 개발비용의 70% ※ 개발비용 || 800.0만원/support_amount/작기업 매칭 과제 氠瑢 개발분야 지원비율 지원금액 금형제작 개발비용의 80% ※ 개발비용 : 부가세를 제외한 공급가액 최대 2,500만원 한도 워킹목업제작 최대 800만원 한도 2) 타지역 소재 제작기업 매칭 과제 氠瑢 개발분야 지원비율 지원금액 금형제작 개발비용의 70% ※ 개발비용 : 부가세를 제외한 공급가액 최대 2",reviewed,keep_old_amount,https://www.bizinfo.go.kr/sii/siia/selectSIIA200Detail.do?pblancId=PBLN_000000000123261
SMARTFACTORY:2026-N-0073:1,[충남] 2026년 제조DX멘토단 활용지원사업(구축지도) 도입기업 모집 공고,스마트공장 사업관리시스템,exclude_non_cash_finance_total,none,직접지원 후보 없이 제외/총규모/금융/비현금 유형만 있음,3,0,total_support_scale,,,,,pending,total_scale_manual_review,https://www.smart-factory.kr/usr/bg/ba/ma/bsnsPbancDtl?pbancId=2026-N-0073&pbancSn=1
PBLN_000000000123615,2026년 독서경영 우수직장 인증 신청 공고,문화체육관광부,exclude_non_cash_finance_total,none,직접지원 후보 없이 제외/총규모/금융/비현금 유형만 있음,11,0,non_cash,,,,,not_required,,https://www.bizinfo.go.kr/sii/siia/selectSIIA200Detail.do?pblancId=PBLN_000000000123615
PBLN_000000000123621,[경남] 2026년 하반기 농어촌진흥기금 융자계획 공고,경상남도,exclude_non_cash_finance_total,none,직접지원 후보 없이 제외/총규모/금융/비현금 유형만 있음,2,0,non_cash,,,,,not_required,,https://www.bizinfo.go.kr/sii/siia/selectSIIA200Detail.do?pblancId=PBLN_000000000123621
PBLN_000000000123766,[충북] 2026년 스마트공장 구축 자부담금 지원사업 수혜기업 모집 공고,충청북도,hold_unit_or_total_context,none,월/명/건/기간/총규모/자부담 등 위험 문맥 포함,4,4,support_amount,,,,"4000.0만원/support_amount/제조혁신 지원사업’협약 완료 후 자부담금 전액 납부한 도내 도입기업 ☞ 사업 유형별 아래의 총사업비 범위 내에서 지원 ① 아래 사업은 총사업비의 10%, 최대 40백만원 자부담금 지원 - 정부형 스마트공장 구축사업 - 지역특화형(레전드 50+, 도약(Jump-Up)) 스마트공장 구축사업 - 제조AI특화 스마트공장 구축사업 || 4000.0만원/support_amount/신 지원사업’협약 완료 후 자부담금 전액 납부한 도입기업 m (지원내용) 사업 유형별 아래의 총사업비 범위 내에서 지원 ① 아래 사업은 총사업비의 10%, 최대 40백만원 자부담금 지원 - 정부형 스마트공장 구축사업 - 지역특화형(레전드 50+, 도약(Jump-Up)) 스마트공장 구축사업 - 제조AI특화 스마트공장 구축사 || 2000.0만원/support_amount/② 아래 사업은 총사업비의 15%, 최대 5.7백만원 자부담금 지원 - 2026년 제조DX멘토단 활용지원사업(사후관리) ③ 아래 사업은 총사업비의 5%, 최대 20백만원 자부담금 지원 - ① ~ ②에서 명시된 사업 외 ‘2026년 스마트 제조혁신 지원사업 통합공고’에 포함된 스마트공장 구축 사업 : 부처협업형, 자율형공장 || 2000.0만원/support_amount/② 아래 사업은 총사업비의 15%, 최대 5.7백만원 자부담금 지원 - 2026년 제조DX멘토단 활용지원사업(사후관리) ③ 아래 사업은 총사업비의 5%, 최대 20백만원 자부담금 지원 - ① ~ ②에서 명시된 사업 외 ‘2026년 스마트 제조혁신 지원사업 통합공고’에 포함된 스마트공장 구축 사업 : 부처협업형, 자율형공장",pending,manual_representative_recoverable,https://www.bizinfo.go.kr/sii/siia/selectSIIA200Detail.do?pblancId=PBLN_000000000123766
PBLN_000000000123451,바이오의약품 소재부품장비 기업지원 프로그램 모집 공고,산업통상부,exclude_non_cash_finance_total,none,직접지원 후보 없이 제외/총규모/금융/비현금 유형만 있음,3,0,non_cash,,,,,pending,recommend_only_payload,https://www.bizinfo.go.kr/sii/siia/selectSIIA200Detail.do?pblancId=PBLN_000000000123451
PBLN_000000000123625,[대구] 2026년 마을기업 로컬 업 협업 지원사업 참여기업 추가 모집 공고,대구광역시,hold_no_direct_cash,none,후보는 있으나 현금성 직접지원 금액 후보 없음,1,0,support_amount,,,,,not_required,,https://www.bizinfo.go.kr/sii/siia/selectSIIA200Detail.do?pblancId=PBLN_000000000123625
PBLN_000000000123630,[전북] 2026년 게임인재 맞춤형 인턴십 지원사업 모집 공고,전북특별자치도,hold_no_direct_cash,none,후보는 있으나 현금성 직접지원 금액 후보 없음,1,0,support_amount,,,,,not_required,,https://www.bizinfo.go.kr/sii/siia/selectSIIA200Detail.do?pblancId=PBLN_000000000123630
PBLN_000000000123638,[경남] 2026년 4차 기술경영 애로해결을 위한 Quick Solution Program(기술닥터 및 이노카페심층상담) 참여기업 모집 공고,경상남도,exclude_non_cash_finance_total,none,직접지원 후보 없이 제외/총규모/금융/비현금 유형만 있음,1,0,non_cash,,,,,pending,recommend_only_payload,https://www.bizinfo.go.kr/sii/siia/selectSIIA200Detail.do?pblancId=PBLN_000000000123638
TECHNOPARK:1873,「충남 지역혁신클러스터육성(비R&D)사업」사업화 지원 수혜기업 모집 공고(2차),충남테크노파크,hold_unit_or_total_context,none,월/명/건/기간/총규모/자부담 등 위험 문맥 포함,8,2,"consulting_fee, non_cash, support_amount, support_ratio, total_support_scale",,,,"2000.0만원/support_amount/허지원⚬ 기술 및 서비스에 대한 국내·외 특허, 조사·분석, 출원 및 등록 최대 2,000만원/건마케팅⚬ 기업 카탈로그, 동영상, 홈페이지 등 홍보매체 제작최대 2,000만원/건국내외전시회⚬ 전시회 참가지원(부스임차비, 기자재 대여 비용 등)을 통한 시장 창출, 확보 및 활성화 지원최대 2,000만원/건디자인⚬ 제품 및  || 2000.0만원/support_amount/, 홈페이지 등 홍보매체 제작최대 2,000만원/건국내외전시회⚬ 전시회 참가지원(부스임차비, 기자재 대여 비용 등)을 통한 시장 창출, 확보 및 활성화 지원최대 2,000만원/건디자인⚬ 제품 및 기업 이미지 제고를 위한 디자인 개발(제품, CI·BI, 포장 등) 최대 2,000만원/건컨설팅⚬ 기업 역량 진단 및 사업화 전",pending,manual_representative_recoverable,https://www.ctp.or.kr/business/datadetail.do?seq=2709316
PBLN_000000000123657,2026년 전북 시네마틱 미드폼 콘텐츠 제작지원 모집 공고,전북특별자치도,hold_no_direct_cash,none,후보는 있으나 현금성 직접지원 금액 후보 없음,1,0,support_amount,,,,,not_required,,https://www.bizinfo.go.kr/sii/siia/selectSIIA200Detail.do?pblancId=PBLN_000000000123657
PBLN_000000000123661,2026년 중소사업장 유해화학물질 취급시설 안전관리 지원 사업 참여 사업장 모집 공고,기후에너지환경부,exclude_non_cash_finance_total,none,직접지원 후보 없이 제외/총규모/금융/비현금 유형만 있음,8,0,non_cash,,,,,not_required,,https://www.bizinfo.go.kr/sii/siia/selectSIIA200Detail.do?pblancId=PBLN_000000000123661
PBLN_000000000123663,2026년 3차 예술산업 금융지원 시범사업(융자) 공고,문화체육관광부,exclude_non_cash_finance_total,none,직접지원 후보 없이 제외/총규모/금융/비현금 유형만 있음,4,0,non_cash,,,,,not_required,,https://www.bizinfo.go.kr/sii/siia/selectSIIA200Detail.do?pblancId=PBLN_000000000123663
PBLN_000000000123301,[전남광주] 2026년 뿌리산업 선도기업 육성사업 기업 맞춤형 디지털전환 수준진단 및 컨설팅 지원 수혜기업 공고,전남광주통합특별시,exclude_non_cash_finance_total,none,직접지원 후보 없이 제외/총규모/금융/비현금 유형만 있음,1,0,non_cash,,,,,not_required,,https://www.bizinfo.go.kr/sii/siia/selectSIIA200Detail.do?pblancId=PBLN_000000000123301
PBLN_000000000123680,2026년 중견기업-공공연 개방형 혁신 지원 사업 신규과제 모집 공고,산업통상부,ratio_only,none,금액 후보 없이 지원비율만 있음,1,0,support_amount,,,,,pending,mixed_manual_review,https://www.bizinfo.go.kr/sii/siia/selectSIIA200Detail.do?pblancId=PBLN_000000000123680
PBLN_000000000123672,[대전] 2026년 반도체대전(SEDEX) 대전공동관 참가기업 모집 공고(시스템반도체 기술 지원사업),대전광역시,exclude_non_cash_finance_total,none,직접지원 후보 없이 제외/총규모/금융/비현금 유형만 있음,1,0,non_cash,,,,,not_required,,https://www.bizinfo.go.kr/sii/siia/selectSIIA200Detail.do?pblancId=PBLN_000000000123672
PBLN_000000000123684,2026년 전남 콘텐츠 IP 패키지 지원 참가기업 모집 공고,전남광주통합특별시,exclude_non_cash_finance_total,none,직접지원 후보 없이 제외/총규모/금융/비현금 유형만 있음,4,0,non_cash,,,,,not_required,,https://www.bizinfo.go.kr/sii/siia/selectSIIA200Detail.do?pblancId=PBLN_000000000123684
SMARTFACTORY:2025-N-0202:2,2026년 디지털협업공장 구축 지원사업 컨소시엄 모집공고,스마트공장 사업관리시스템,hold_unit_or_total_context,none,월/명/건/기간/총규모/자부담 등 위험 문맥 포함,21,14,"education_fee, support_amount, support_ratio",,,,"25000.0만원/support_amount/4월 ~ 구 분 사업공고 주요변경사항2025년도 2026년도지원한도(고도화) 최대 2억원, (동일수준) 최대 0.5억원최대 2억원 이내(단, 목표수준별 2회, 2.5억원 한도) 1. 사업 개요□사업개요◦(사업목적)개별공장의스마트화지원을넘어스마트공장간데이터기반의상호연결을통해시너지창출및기업간연계성강화◦(지원대상)국내중소⸱중견 || 20000.0만원/support_amount/선정평가협약’25년 12월 8일 ~ ’26년 1월 7일’26년 1~3월’26년 4월 ~ 구 분 사업공고 주요변경사항2025년도 2026년도지원한도(고도화) 최대 2억원, (동일수준) 최대 0.5억원최대 2억원 이내(단, 목표수준별 2회, 2.5억원 한도) 1. 사업 개요□사업개요◦(사업목적)개별공장의스마트화지원을넘어스마트 || 20000.0만원/support_amount/년 1월 7일’26년 1~3월’26년 4월 ~ 구 분 사업공고 주요변경사항2025년도 2026년도지원한도(고도화) 최대 2억원, (동일수준) 최대 0.5억원최대 2억원 이내(단, 목표수준별 2회, 2.5억원 한도) 1. 사업 개요□사업개요◦(사업목적)개별공장의스마트화지원을넘어스마트공장간데이터기반의상호연결을통해시너지창출및기 || 20000.0만원/support_amount/개컨소시엄내외◦(지원조건)컨소시엄당정부지원금최대10억(총사업비50%이내)-(개별기업)목표수준별총2.5억원내에서2회(1회차고도화→2회차동일수준)까지지원하되,회당최대2억원한도,지원비율50%이내에서지원 * 예시 : 26년(목표수준 중간1, 고도화) 1.5억 → ‘27년 이후(목표수준 중간1, 동일수준) 1억-단,공고일전에스마트 || 20000.0만원/support_amount/26년 사업목표수준∘ ‘25년 이전 고도화 목표(중간1) 달성한 기업이 중간1 동일수준 목표로 지원할 경우 최대 0.5억원중간1(동일수준)∘ 최초신청 기업 최대 2억원중간1 또는중간2(고도화)∘ 기초수준 구축기업최대 2억원중간1 또는중간2(고도화)∘ ‘25년 이전 중간1을 지원받아 목표달성한 기업이 중간2를 목표로 하는  || 20000.0만원/support_amount/달성한 기업이 중간1 동일수준 목표로 지원할 경우 최대 0.5억원중간1(동일수준)∘ 최초신청 기업 최대 2억원중간1 또는중간2(고도화)∘ 기초수준 구축기업최대 2억원중간1 또는중간2(고도화)∘ ‘25년 이전 중간1을 지원받아 목표달성한 기업이 중간2를 목표로 하는 경우 최대 2억원중간2(고도화)∘ 과거 정부지원사업 구축 ",pending,manual_representative_recoverable,https://www.smart-factory.kr/usr/bg/ba/ma/bsnsPbancDtl?pbancId=2025-N-0202&pbancSn=2
PBLN_000000000123399,[경북] 2026년 소공인 클린제조환경조성 사업 모집 공고,경상북도,hold_unit_or_total_context,none,월/명/건/기간/총규모/자부담 등 위험 문맥 포함,6,5,"support_amount, support_ratio",,,,"1050.0만원/support_amount/담(30%)안전·환경 일반· 산업안전 예방위한 장치교체·개보수, (스마트)안전장비, 산업폐기물 처리 등 지원50개사내외630만원이내270만원 이상고위험업종*** 1,050만원이내450만원이상에너지효율· 작업공정별 에너지절감을 위한 고효율장비, 온실가스 감축 설비 등 교체·개보수·공사 지원490만원이내210만원이상 * 본  || 630.0만원/support_amount/세부지원내용지원규모지원한도국비 (70%)자부담(30%)안전·환경 일반· 산업안전 예방위한 장치교체·개보수, (스마트)안전장비, 산업폐기물 처리 등 지원50개사내외630만원이내270만원 이상고위험업종*** 1,050만원이내450만원이상에너지효율· 작업공정별 에너지절감을 위한 고효율장비, 온실가스 감축 설비 등 교체·개보수· || 490.0만원/support_amount/이내270만원 이상고위험업종*** 1,050만원이내450만원이상에너지효율· 작업공정별 에너지절감을 위한 고효율장비, 온실가스 감축 설비 등 교체·개보수·공사 지원490만원이내210만원이상 * 본 사업과 무관한 단순 장비 교체·구매 혹은 자산성 품목 구입 불가 ** 유해 위험요인 사전차단을 위해 산업안전보건법에서 정하는 범 || 270.0만원/support_amount/원규모지원한도국비 (70%)자부담(30%)안전·환경 일반· 산업안전 예방위한 장치교체·개보수, (스마트)안전장비, 산업폐기물 처리 등 지원50개사내외630만원이내270만원 이상고위험업종*** 1,050만원이내450만원이상에너지효율· 작업공정별 에너지절감을 위한 고효율장비, 온실가스 감축 설비 등 교체·개보수·공사 지원49 || 210.0만원/support_amount/이상고위험업종*** 1,050만원이내450만원이상에너지효율· 작업공정별 에너지절감을 위한 고효율장비, 온실가스 감축 설비 등 교체·개보수·공사 지원490만원이내210만원이상 * 본 사업과 무관한 단순 장비 교체·구매 혹은 자산성 품목 구입 불가 ** 유해 위험요인 사전차단을 위해 산업안전보건법에서 정하는 범위 내 안전장비",pending,manual_representative_recoverable,https://www.bizinfo.go.kr/sii/siia/selectSIIA200Detail.do?pblancId=PBLN_000000000123399
PBLN_000000000123709,[강원] 2026년 2차 소상공인 경영안정자금 지원사업 공고,강원특별자치도,exclude_non_cash_finance_total,none,직접지원 후보 없이 제외/총규모/금융/비현금 유형만 있음,5,0,non_cash,,,,,not_required,,https://www.bizinfo.go.kr/sii/siia/selectSIIA200Detail.do?pblancId=PBLN_000000000123709
PBLN_000000000123711,[전남광주] 2026년 소상공인 육성자금 지원계획 변경 공고,전남광주통합특별시,exclude_non_cash_finance_total,none,직접지원 후보 없이 제외/총규모/금융/비현금 유형만 있음,2,0,"non_cash, support_ratio",,,,,not_required,,https://www.bizinfo.go.kr/sii/siia/selectSIIA200Detail.do?pblancId=PBLN_000000000123711
PBLN_000000000123712,[강원] 바이오ㆍ헬스케어 AI 대전환 실증기업 모집 공고(지역 주도형 AI 대전환 사업),강원특별자치도,ratio_only,none,금액 후보 없이 지원비율만 있음,2,0,support_amount,,,,,not_required,,https://www.bizinfo.go.kr/sii/siia/selectSIIA200Detail.do?pblancId=PBLN_000000000123712
PBLN_000000000123713,[강원] 바이오ㆍ헬스케어 AI 대전환 수요기업 모집 공고(지역 주도형 AI 대전환 사업),강원특별자치도,ratio_only,none,금액 후보 없이 지원비율만 있음,1,0,support_amount,,,,,not_required,,https://www.bizinfo.go.kr/sii/siia/selectSIIA200Detail.do?pblancId=PBLN_000000000123713
SMARTFACTORY:2026-N-0075:1,[경남]2026년 제조DX멘토단 활용지원(구축지도) 도입기업 모집 공고,스마트공장 사업관리시스템,exclude_non_cash_finance_total,none,직접지원 후보 없이 제외/총규모/금융/비현금 유형만 있음,3,0,total_support_scale,,,,,pending,total_scale_manual_review,https://www.smart-factory.kr/usr/bg/ba/ma/bsnsPbancDtl?pbancId=2026-N-0075&pbancSn=1
PBLN_000000000123725,[경북] 청송군 2026년 소상공인 카드수수료 지원사업 참여점포 모집 공고,경상북도,hold_no_direct_cash,none,후보는 있으나 현금성 직접지원 금액 후보 없음,1,0,support_amount,,,,,not_required,,https://www.bizinfo.go.kr/sii/siia/selectSIIA200Detail.do?pblancId=PBLN_000000000123725
SMARTFACTORY:2025-N-0210:1,2026년도 지역특화 프로젝트「레전드50+」연계 스마트공장 구축 지원사업 공고,스마트공장 사업관리시스템,hold_unit_or_total_context,none,월/명/건/기간/총규모/자부담 등 위험 문맥 포함,21,15,"education_fee, subsidy, support_amount",,,,"1000000.0만원/subsidy/장비‧제어기‧센서 등 구축 지원 * SaaS형 솔루션 도입시 우대(가점 부여, 서비스사용료는 기업부담금으로 계상 가능) □ 지원 과제 및 조건 ◦ (지원 예산) 100억원 * 사업 운영상황에 따라 변동 가능 ◦ (지원 조건) 과제별 수준향상 정도에 따라 정부지원금 차등지급 지원유형 지원기간 지원한도 지원비율 구축목표수준  || 50000.0만원/support_amount/내중간1 이상목표 설정 필수※ 구축목표 수준은 KS X 9001-1(스마트공장 기본개념과 구조) 표준 기준 현재수준목표수준최대 지원한도미적용è중간1 3억원중간2 5억원기초è중간1 2억원중간2 4억원중간1è중간2 2억원 * (예시) ① 현재 구축수준 ‘미적용‘ → 목표수준 ’중간2‘ : 최대 5억원 지원가능 ② 현재 구축수 || 50000.0만원/support_amount/한도미적용è중간1 3억원중간2 5억원기초è중간1 2억원중간2 4억원중간1è중간2 2억원 * (예시) ① 현재 구축수준 ‘미적용‘ → 목표수준 ’중간2‘ : 최대 5억원 지원가능 ② 현재 구축수준 ‘중간1‘ → 목표수준 ’중간2‘ : 최대 2억원 지원가능 ** ’26년 레 전 드50+스 마 트 공 장 구 축 후, 선 도 || 50000.0만원/support_amount/목표 설정 필수 ※ 구축목표 수준은 KS X 9001-1(스마트공장 기본개념과 구조) 표준 기준 현재수준 목표수준 최대 지원한도 미적용  중간1 3억원 중간2 5억원 기초  중간1 2억원 중간2 4억원 중간1  중간2 2억원 * (예시) ① 현재 구축수준 ‘미적용‘ → 목표수준 ’중간2‘ : 최대 5억원 지원가능 ② || 50000.0만원/support_amount/1 3억원 중간2 5억원 기초  중간1 2억원 중간2 4억원 중간1  중간2 2억원 * (예시) ① 현재 구축수준 ‘미적용‘ → 목표수준 ’중간2‘ : 최대 5억원 지원가능 ② 현재 구축수준 ‘중간1‘ → 목표수준 ’중간2‘ : 최대 2억원 지원가능 ** ’26년 󰡔레전드50 + 󰡕스마트공장 구축 후, 선도형제조혁신사 || 40000.0만원/support_amount/구축목표 수준은 KS X 9001-1(스마트공장 기본개념과 구조) 표준 기준 현재수준목표수준최대 지원한도미적용è중간1 3억원중간2 5억원기초è중간1 2억원중간2 4억원중간1è중간2 2억원 * (예시) ① 현재 구축수준 ‘미적용‘ → 목표수준 ’중간2‘ : 최대 5억원 지원가능 ② 현재 구축수준 ‘중간1‘ → 목표수준 ’중",pending,manual_representative_recoverable,https://www.smart-factory.kr/usr/bg/ba/ma/bsnsPbancDtl?pbancId=2025-N-0210&pbancSn=1
SMARTFACTORY:2026-N-0011:1,2026년도 제조DX멘토단 활용지원(사전기획) 도입기업 모집 공고,스마트공장 사업관리시스템,exclude_non_cash_finance_total,none,직접지원 후보 없이 제외/총규모/금융/비현금 유형만 있음,2,0,total_support_scale,,,,,pending,total_scale_manual_review,https://www.smart-factory.kr/usr/bg/ba/ma/bsnsPbancDtl?pbancId=2026-N-0011&pbancSn=1
PBLN_000000000123747,2026년 디지털전환 혁신기업 기획지원 사업 (컨설팅 참여기업(관)) 모집,경상북도,exclude_non_cash_finance_total,none,직접지원 후보 없이 제외/총규모/금융/비현금 유형만 있음,1,0,non_cash,,,,,pending,mixed_manual_review,https://www.bizinfo.go.kr/sii/siia/selectSIIA200Detail.do?pblancId=PBLN_000000000123747
SMARTFACTORY:2026-N-0106:1,(충북) 2026년 제조 AI 현장 적용 지원 사업,스마트공장 사업관리시스템,exclude_non_cash_finance_total,none,직접지원 후보 없이 제외/총규모/금융/비현금 유형만 있음,1,0,total_support_scale,,,,,pending,total_scale_manual_review,https://www.smart-factory.kr/usr/bg/ba/ma/bsnsPbancDtl?pbancId=2026-N-0106&pbancSn=1
PBLN_000000000123751,2026년 하반기 특허 조사ㆍ분석 역량강화 교육과정 참여 모집 공고,지식재산처,exclude_non_cash_finance_total,none,직접지원 후보 없이 제외/총규모/금융/비현금 유형만 있음,1,0,non_cash,,,,,not_required,,https://www.bizinfo.go.kr/sii/siia/selectSIIA200Detail.do?pblancId=PBLN_000000000123751
PBLN_000000000123765,[인천] 2026년 지역기업 맞춤형 상품개발 및 홍보 지원사업 참여기업 모집 공고,인천광역시,exclude_non_cash_finance_total,none,직접지원 후보 없이 제외/총규모/금융/비현금 유형만 있음,3,0,"non_cash, support_amount",,,,,not_required,,https://www.bizinfo.go.kr/sii/siia/selectSIIA200Detail.do?pblancId=PBLN_000000000123765
PBLN_000000000123767,2026년 바이오소재(항원ㆍ항체) 개발지원사업 공고(중소형 CDMO육성 항원 항체소재 뱅크 구축 사업),산업통상부,exclude_non_cash_finance_total,none,직접지원 후보 없이 제외/총규모/금융/비현금 유형만 있음,1,0,non_cash,,,,,pending,recommend_only_payload,https://www.bizinfo.go.kr/sii/siia/selectSIIA200Detail.do?pblancId=PBLN_000000000123767
PBLN_000000000123770,2026년 한국형 녹색채권 발행 이차보전 지원사업 추가 모집 공고,기후에너지환경부,exclude_non_cash_finance_total,none,직접지원 후보 없이 제외/총규모/금융/비현금 유형만 있음,1,0,non_cash,,,,,not_required,,https://www.bizinfo.go.kr/sii/siia/selectSIIA200Detail.do?pblancId=PBLN_000000000123770
TECHNOPARK:1854,2026 동남 정보보호클러스터 보안 테스팅 지원,경남테크노파크,ratio_only,none,금액 후보 없이 지원비율만 있음,1,0,support_ratio,,,,,not_required,,http://www.gntp.or.kr/biz/applyInfo/3790
PBLN_000000000123775,[충북] 영동군 2026년 3차 지방소멸 대응을 위한 와인산업 활성화 지원사업 수혜기업 모집 공고(시군구연고산업육성사업 지원모집 공고),중소벤처기업부,exclude_non_cash_finance_total,none,직접지원 후보 없이 제외/총규모/금융/비현금 유형만 있음,1,0,non_cash,,,,,not_required,,https://www.bizinfo.go.kr/sii/siia/selectSIIA200Detail.do?pblancId=PBLN_000000000123775
PBLN_000000000123777,[대구] CES 혁신상 수상지원 프로그램 참가기업 모집 공고(국제전자제품박람회(CES 2027) 대구 통합공동관 조성운영 사업),대구광역시,exclude_non_cash_finance_total,none,직접지원 후보 없이 제외/총규모/금융/비현금 유형만 있음,2,0,"non_cash, support_amount",,,,,not_required,,https://www.bizinfo.go.kr/sii/siia/selectSIIA200Detail.do?pblancId=PBLN_000000000123777
TECHNOPARK:405,2026년 전북특별자치도 공공데이터·AI 활용 창업경진대회 공고,전북테크노파크,exclude_non_cash_finance_total,none,직접지원 후보 없이 제외/총규모/금융/비현금 유형만 있음,2,0,"consulting_fee, support_ratio",,,,,pending,mixed_manual_review,https://www.jbtp.or.kr/board/view.jbtp?menuCd=DOM_000000102001000000&boardId=BBS_0000006&dataSid=20084
PBLN_000000000123801,2026년 장수군 3차 레드푸드 전ㆍ후방기업 경쟁력 강화 및 스마트 농업 활성화 지원 사업 지원기업 모집 연장 공고(시군구연고산업육성 협업프로젝트),중소벤처기업부,exclude_non_cash_finance_total,none,직접지원 후보 없이 제외/총규모/금융/비현금 유형만 있음,7,0,"non_cash, support_amount",,,,,not_required,,https://www.bizinfo.go.kr/sii/siia/selectSIIA200Detail.do?pblancId=PBLN_000000000123801
PBLN_000000000123807,"[충남] 2026년 2차 지역주력산업육성(지역특화 프로젝트 레전드 50+) 지원모집 공고(충남, 탄소저감 자동차부품, 디스플레이부품장비)",중소벤처기업부,exclude_non_cash_finance_total,none,직접지원 후보 없이 제외/총규모/금융/비현금 유형만 있음,6,0,"non_cash, support_amount",,,,,not_required,,https://www.bizinfo.go.kr/sii/siia/selectSIIA200Detail.do?pblancId=PBLN_000000000123807
PBLN_000000000123817,[경기] 2026년 글로벌 로케이션 인센티브 추가모집 공고,경기도,hold_no_direct_cash,none,후보는 있으나 현금성 직접지원 금액 후보 없음,1,0,support_amount,,,,,not_required,,https://www.bizinfo.go.kr/sii/siia/selectSIIA200Detail.do?pblancId=PBLN_000000000123817
PBLN_000000000123824,2026년 대전 인간친화형 로봇 스케일업 밸리 혁신 생태계 기반 구축사업 지원기업 2차 추가 모집 공고,대전광역시,hold_no_direct_cash,none,후보는 있으나 현금성 직접지원 금액 후보 없음,1,0,support_amount,,,,,not_required,,https://www.bizinfo.go.kr/sii/siia/selectSIIA200Detail.do?pblancId=PBLN_000000000123824
PBLN_000000000123826,[충남] 서부 2026년 3차 지식재산 긴급지원 모집 공고,충청남도,exclude_non_cash_finance_total,none,직접지원 후보 없이 제외/총규모/금융/비현금 유형만 있음,5,0,"non_cash, support_amount",,,,,not_required,,https://www.bizinfo.go.kr/sii/siia/selectSIIA200Detail.do?pblancId=PBLN_000000000123826
PBLN_000000000123828,[충남] 2026년 3차 지식재산 긴급지원 모집 공고,충청남도,exclude_non_cash_finance_total,none,직접지원 후보 없이 제외/총규모/금융/비현금 유형만 있음,5,0,"non_cash, support_amount",,,,,not_required,,https://www.bizinfo.go.kr/sii/siia/selectSIIA200Detail.do?pblancId=PBLN_000000000123828
PBLN_000000000123830,[전북] 2026년 3차 지식재산 긴급지원 모집 공고,전북특별자치도,exclude_non_cash_finance_total,none,직접지원 후보 없이 제외/총규모/금융/비현금 유형만 있음,13,0,"non_cash, support_amount",,,,,not_required,,https://www.bizinfo.go.kr/sii/siia/selectSIIA200Detail.do?pblancId=PBLN_000000000123830
PBLN_000000000123833,[충북] 2026년 3차 지식재산 긴급지원 모집 공고,충청북도,exclude_non_cash_finance_total,none,직접지원 후보 없이 제외/총규모/금융/비현금 유형만 있음,4,0,"non_cash, support_amount",,,,,not_required,,https://www.bizinfo.go.kr/sii/siia/selectSIIA200Detail.do?pblancId=PBLN_000000000123833
PBLN_000000000123836,[경기] 부천시 2026년 7월 중소기업 지식재산 지원 사업 공고,경기도,hold_no_direct_cash,none,후보는 있으나 현금성 직접지원 금액 후보 없음,2,0,support_amount,,,,,not_required,,https://www.bizinfo.go.kr/sii/siia/selectSIIA200Detail.do?pblancId=PBLN_000000000123836
PBLN_000000000123840,[전남광주] 서구 2026년 3차 지식재산 긴급지원(지식재산권리화 지원) 사업 공고,전남광주통합특별시,exclude_non_cash_finance_total,none,직접지원 후보 없이 제외/총규모/금융/비현금 유형만 있음,2,0,"non_cash, support_amount",,,,,not_required,,https://www.bizinfo.go.kr/sii/siia/selectSIIA200Detail.do?pblancId=PBLN_000000000123840
PBLN_000000000123849,[충남] 천안시 AIㆍ전략산업 실현기술(Enable Tech)개발 지원사업 참여 컨소시엄 모집 공고,충청남도,exclude_non_cash_finance_total,none,직접지원 후보 없이 제외/총규모/금융/비현금 유형만 있음,7,0,"non_cash, support_amount",,,,,not_required,,https://www.bizinfo.go.kr/sii/siia/selectSIIA200Detail.do?pblancId=PBLN_000000000123849
PBLN_000000000123866,2026년 강소특구 글로벌 현지 실증(PoC) 및 해외규격인허가 획득 컨설팅 참여기업 모집 공고,과학기술정보통신부,exclude_non_cash_finance_total,none,직접지원 후보 없이 제외/총규모/금융/비현금 유형만 있음,6,0,non_cash,,,,,not_required,,https://www.bizinfo.go.kr/sii/siia/selectSIIA200Detail.do?pblancId=PBLN_000000000123866
PBLN_000000000123877,2026년 여수엑스포항 국제크루즈 관광객 유치 인센티브 지원 변경 공고,전남광주통합특별시,hold_no_direct_cash,none,후보는 있으나 현금성 직접지원 금액 후보 없음,2,0,support_amount,,,,,not_required,,https://www.bizinfo.go.kr/sii/siia/selectSIIA200Detail.do?pblancId=PBLN_000000000123877
PBLN_000000000123879,2026년 2차 KICET 기술이전조건부사업화지원사업 수혜기업 모집 공고,산업통상부,exclude_non_cash_finance_total,none,직접지원 후보 없이 제외/총규모/금융/비현금 유형만 있음,12,0,"non_cash, support_amount",,,,,not_required,,https://www.bizinfo.go.kr/sii/siia/selectSIIA200Detail.do?pblancId=PBLN_000000000123879
PBLN_000000000123881,2026년 4차 제조공정 로봇도입 엔지니어링 컨설팅 모집 공고,산업통상부,exclude_non_cash_finance_total,none,직접지원 후보 없이 제외/총규모/금융/비현금 유형만 있음,1,0,non_cash,,,,,not_required,,https://www.bizinfo.go.kr/sii/siia/selectSIIA200Detail.do?pblancId=PBLN_000000000123881
PBLN_000000000123885,[충북] 2026년 1차 첨단로봇ㆍ제조 공동연구센터 시제품제작지원 사업 공고(지역혁신중심 대학지원체계(RISE)),충청북도,exclude_non_cash_finance_total,none,직접지원 후보 없이 제외/총규모/금융/비현금 유형만 있음,5,0,non_cash,,,,,not_required,,https://www.bizinfo.go.kr/sii/siia/selectSIIA200Detail.do?pblancId=PBLN_000000000123885
PBLN_000000000123892,2026년 7차 콘크리트 2차 제품 제조 기업 및 레미콘 기업지원 수혜기업 모집 공고,기후에너지환경부,exclude_non_cash_finance_total,none,직접지원 후보 없이 제외/총규모/금융/비현금 유형만 있음,1,0,non_cash,,,,,not_required,,https://www.bizinfo.go.kr/sii/siia/selectSIIA200Detail.do?pblancId=PBLN_000000000123892
PBLN_000000000123904,[울산] 2026년 하반기 산업안전보건 국제표준 인증기업 지원사업 시행 공고,울산광역시,hold_no_direct_cash,none,후보는 있으나 현금성 직접지원 금액 후보 없음,1,0,support_amount,,,,,not_required,,https://www.bizinfo.go.kr/sii/siia/selectSIIA200Detail.do?pblancId=PBLN_000000000123904
PBLN_000000000123906,[경북] 2026년 농식품유통취약농가 판로확대 지원사업 대상자 추가모집 공고,경상북도,exclude_non_cash_finance_total,none,직접지원 후보 없이 제외/총규모/금융/비현금 유형만 있음,5,0,non_cash,,,,,not_required,,https://www.bizinfo.go.kr/sii/siia/selectSIIA200Detail.do?pblancId=PBLN_000000000123906
PBLN_000000000123908,[경남] 김해시ㆍ하동군 2026년 10차 청년여성 일경험 지원사업 참여기업 모집 공고,경상남도,hold_no_direct_cash,none,후보는 있으나 현금성 직접지원 금액 후보 없음,1,0,support_amount,,,,,not_required,,https://www.bizinfo.go.kr/sii/siia/selectSIIA200Detail.do?pblancId=PBLN_000000000123908
PBLN_000000000123912,[강원] 2026년 3차 AI헬스케어 기업육성 지원사업 시행 공고,중소벤처기업부,exclude_non_cash_finance_total,none,직접지원 후보 없이 제외/총규모/금융/비현금 유형만 있음,3,0,"non_cash, support_amount",,,,,not_required,,https://www.bizinfo.go.kr/sii/siia/selectSIIA200Detail.do?pblancId=PBLN_000000000123912
PBLN_000000000123919,[부산] 2026년 고위험산업 사각지대 집중관리사업(재정지원) 참여기업 3차 추가모집 공고,부산광역시,hold_no_direct_cash,none,후보는 있으나 현금성 직접지원 금액 후보 없음,5,0,support_amount,,,,,not_required,,https://www.bizinfo.go.kr/sii/siia/selectSIIA200Detail.do?pblancId=PBLN_000000000123919
PBLN_000000000123934,[경북] 김천시ㆍ구미시 2026년 중소기업 ESG 경영지원 구축 사업 참여기업 모집 2차 연장 공고,경상북도,exclude_non_cash_finance_total,none,직접지원 후보 없이 제외/총규모/금융/비현금 유형만 있음,3,0,non_cash,,,,,not_required,,https://www.bizinfo.go.kr/sii/siia/selectSIIA200Detail.do?pblancId=PBLN_000000000123934
PBLN_000000000123936,[경기] 2026년 스타트업 아카데미 글로벌 유니콘 캠퍼스 과정 참여기업 추가모집 공고,경기도,exclude_non_cash_finance_total,none,직접지원 후보 없이 제외/총규모/금융/비현금 유형만 있음,1,0,non_cash,,,,,not_required,,https://www.bizinfo.go.kr/sii/siia/selectSIIA200Detail.do?pblancId=PBLN_000000000123936
PBLN_000000000123946,[인천] 2026년 수요기업 대응형 기술전환 지원 컨설팅 수요기업 추가모집 공고(고강도 고방열 경량금속소재 부품화 실증 기반구축사업),인천광역시,exclude_non_cash_finance_total,none,직접지원 후보 없이 제외/총규모/금융/비현금 유형만 있음,3,0,non_cash,,,,,not_required,,https://www.bizinfo.go.kr/sii/siia/selectSIIA200Detail.do?pblancId=PBLN_000000000123946
PBLN_000000000123949,2026년 미디어아트 콘텐츠 공모전 참가모집 공고(NEXT:ON 2026),인천광역시,exclude_non_cash_finance_total,none,직접지원 후보 없이 제외/총규모/금융/비현금 유형만 있음,5,0,"non_cash, support_amount",,,,,not_required,,https://www.bizinfo.go.kr/sii/siia/selectSIIA200Detail.do?pblancId=PBLN_000000000123949
PBLN_000000000123783,[전남광주] 첨단 스마트그린 AX실증산단 구축사업 제조경쟁력 강화를 위한 기업AX 실증지원 공고,전남광주통합특별시,exclude_non_cash_finance_total,none,직접지원 후보 없이 제외/총규모/금융/비현금 유형만 있음,4,0,non_cash,,,,,pending,mixed_manual_review,https://www.bizinfo.go.kr/sii/siia/selectSIIA200Detail.do?pblancId=PBLN_000000000123783
SMARTFACTORY:2026-N-0105:1,2026년도 강원 지역특화형(바이오헬스·식품) 스마트공장 구축사업(동일수준) 공고,스마트공장 사업관리시스템,hold_unit_or_total_context,none,월/명/건/기간/총규모/자부담 등 위험 문맥 포함,6,3,"education_fee, support_amount",,,,"20000.0만원/support_amount/사(고도화 4, 기초 10) ◦ (지원 조건) - 고도화: 목표수준별 총 2.5억원 내에서 2회( 1회차 고도화→ 2회차 동일수준) 까지 지원 하되, 회당 최대 2억원 한도, 지원비율 50% 이내에서 지원 가능 * 단, 공고일 전에 스마트공장 구축사업을 통해 “고도화” 지원받은 기업이 ‘26년도 “동일수준” 신청시, 기존 || 8000.0만원/support_amount/6년도 “동일수준” 신청시, 기존처럼 최대 0.5억원, 6개월 이내 지원 가능(동일수준 지원은 목표수준별 1회만 지원 가능) - 기초: 신규 구축 및 동일 수준 0.8 억원 이내(지원 비율 80% 이내) 지원유형 지원기간 정부 지원한도 지원 비율 구축목표수준 ※ 고도화 최대 9개월 최대 2.0억원 이내 (단, 수준별 2. || 5000.0만원/support_amount/, 지원비율 50% 이내에서 지원 가능 * 단, 공고일 전에 스마트공장 구축사업을 통해 “고도화” 지원받은 기업이 ‘26년도 “동일수준” 신청시, 기존처럼 최대 0.5억원, 6개월 이내 지원 가능(동일수준 지원은 목표수준별 1회만 지원 가능) - 기초: 신규 구축 및 동일 수준 0.8 억원 이내(지원 비율 80% 이내) ",reviewed,keep_old_amount,https://www.smart-factory.kr/usr/bg/ba/ma/bsnsPbancDtl?pbancId=2026-N-0105&pbancSn=1
SMARTFACTORY:2026-N-0113:1,[포스코DX] 2026년도 상생형 인공지능 전환(AX) 선도모델 구축지원 사업 공고,스마트공장 사업관리시스템,exclude_non_cash_finance_total,none,직접지원 후보 없이 제외/총규모/금융/비현금 유형만 있음,14,0,"education_fee, fee, support_ratio",,,,,pending,mixed_manual_review,https://www.smart-factory.kr/usr/bg/ba/ma/bsnsPbancDtl?pbancId=2026-N-0113&pbancSn=1
SMARTFACTORY:2026-N-0115:1,[LS일렉트릭] 2026년도 상생형 인공지능 전환(AX) 선도모델 구축지원 사업 공고,스마트공장 사업관리시스템,exclude_non_cash_finance_total,none,직접지원 후보 없이 제외/총규모/금융/비현금 유형만 있음,14,0,"education_fee, fee, support_ratio",,,,,pending,mixed_manual_review,https://www.smart-factory.kr/usr/bg/ba/ma/bsnsPbancDtl?pbancId=2026-N-0115&pbancSn=1
TECHNOPARK:1316,아산시 CES 2027 기업지원 사업 참가기업 모집 재공고,충남테크노파크,exclude_non_cash_finance_total,none,직접지원 후보 없이 제외/총규모/금융/비현금 유형만 있음,3,0,"consulting_fee, total_support_scale",,,,,pending,mixed_manual_review,https://www.ctp.or.kr/business/datadetail.do?seq=2709280
TECHNOPARK:1399,(2026-129호) 「수요맞춤형 전기구동 경형 PBV 개발 지원기반 구축사업」 2026년 기업지원 프로그램 기술자문(지도) 추가 모집 공고,강원테크노파크,exclude_non_cash_finance_total,none,직접지원 후보 없이 제외/총규모/금융/비현금 유형만 있음,1,0,consulting_fee,,,,,pending,recommend_only_payload,https://www.gwtp.or.kr/gwtp/bbsNew_view.php?bbs_data=aWR4PTMxNjAmc3RhcnRQYWdlPSZsaXN0Tm89JnRhYmxlPWNzX2Jic19kYXRhX25ldyZjb2RlPXN1YjAxYiZzZWFyY2hfaXRlbT0mc2VhcmNoX29yZGVyPSZ1cmw9c3ViMDFiJmtleXZhbHVlPXN1YjAxJmJic19tYWxuYW1lPQ==||
TECHNOPARK:1439,「2026년 미래차전환 종합지원사업」 기업지원(R&D) 프로그램 모집 공고,충남테크노파크,exclude_non_cash_finance_total,none,직접지원 후보 없이 제외/총규모/금융/비현금 유형만 있음,3,0,guarantee,,,,,pending,finance_exclude_payload,https://www.ctp.or.kr/business/datadetail.do?seq=2709289
TECHNOPARK:1725,「2026년 지역 거점 정보보호 클러스터 구축 사업」정보보호 비즈니스 모델 발굴 및 유망기업 지원 모집공고 재공고(2차),충남테크노파크,hold_unit_or_total_context,none,월/명/건/기간/총규모/자부담 등 위험 문맥 포함,6,5,"consulting_fee, support_amount",,,,"5200.0만원/support_amount/불가 *유망기업 지원은 BM 결과에 의거하여 필요한 분야 지원 예정 □ 지원규모 : 총77,000천원(비즈니스 모델 발굴 지원 25,000천원, 유망기업 지원 52,000천원) - 비즈니스 모델 발굴 지원 : 5개사(1개사/5,000천원, 컨설팅사 직접 지원)※ - 유망기업지원 : 4개사(1개사/15,000천원, 2개사/ || 1500.0만원/support_amount/0천원, 유망기업 지원 52,000천원) - 비즈니스 모델 발굴 지원 : 5개사(1개사/5,000천원, 컨설팅사 직접 지원)※ - 유망기업지원 : 4개사(1개사/15,000천원, 2개사/13,000천원, 1개사/11,000천원)※ ※지원 사업 별 지원금 대비 부가가치세 10%에 대해서는 수혜기업 자부담 2신청자격 □ 충남 || 1300.0만원/support_amount/2,000천원) - 비즈니스 모델 발굴 지원 : 5개사(1개사/5,000천원, 컨설팅사 직접 지원)※ - 유망기업지원 : 4개사(1개사/15,000천원, 2개사/13,000천원, 1개사/11,000천원)※ ※지원 사업 별 지원금 대비 부가가치세 10%에 대해서는 수혜기업 자부담 2신청자격 □ 충남 소재 창업·벤처기업 중  || 1100.0만원/support_amount/스 모델 발굴 지원 : 5개사(1개사/5,000천원, 컨설팅사 직접 지원)※ - 유망기업지원 : 4개사(1개사/15,000천원, 2개사/13,000천원, 1개사/11,000천원)※ ※지원 사업 별 지원금 대비 부가가치세 10%에 대해서는 수혜기업 자부담 2신청자격 □ 충남 소재 창업·벤처기업 중 아래에 해당하는 기업 -  || 500.0만원/support_amount/예정 □ 지원규모 : 총77,000천원(비즈니스 모델 발굴 지원 25,000천원, 유망기업 지원 52,000천원) - 비즈니스 모델 발굴 지원 : 5개사(1개사/5,000천원, 컨설팅사 직접 지원)※ - 유망기업지원 : 4개사(1개사/15,000천원, 2개사/13,000천원, 1개사/11,000천원)※ ※지원 사업 별 지",pending,manual_representative_recoverable,https://www.ctp.or.kr/business/datadetail.do?seq=2709305
TECHNOPARK:1769,[2026-056호] 2026년 정보보호 기업육성(사업화 / 창업·벤처 육성)) 지원사업 모집공고,세종테크노파크,hold_unit_or_total_context,none,월/명/건/기간/총규모/자부담 등 위험 문맥 포함,3,1,"support_amount, support_ratio, total_support_scale",,,,"1000.0만원/support_amount/한 비용 등 * 창업·벤처육성 신청기업은 「정보보호 신규 비즈니스 모델 전략 수립」 지원 필수(기업부담 비용 없음) *추후 접수공고 예정(7월 中) 기업당 최대 10백만원 기타사항 - 세종 스마트시티 테스트베드 3회 이상 이용 필수 - ▪ 세부 지원항목의 서비스를 진행하는 공급기업(관)이 필수로 존재하여야 함 ▪ 여비, ",pending,manual_representative_recoverable,https://www.sjtp.or.kr/bbs/board.php?bo_table=business01&wr_id=1981
TECHNOPARK:1857,미래차 산업전환 공정기술 고도화 수혜기업 모집 공고(3차),경남테크노파크,hold_unit_or_total_context,none,월/명/건/기간/총규모/자부담 등 위험 문맥 포함,4,2,"non_cash, support_amount, support_ratio",,,,"5000.0만원/support_amount/대응하여, 제품 성능 및 품질 향상을 위한 공정개선, 자동화, 디지털화, 설비 고도화를 통합 지원 나. 지원유형 및 규모 ○ 공정고도화 패키지 지원 1건(최대 50백만원/건) 다. 지원기관 : (재)경남테크노파크 - 2 - 2 지원 내용 가. 지원자격 ○ 경상남도(밀양시)에 소재하는 미래차 부품 개발 및 양산 추진하고 있 || 500.0만원/support_amount/도출 등) 컨설팅 및 공정연구지원 ·컨설팅 기관은 공정 전문 컨설팅 기관 및 기계설비 기업 등 사업자 등록되어 있어야함. ·지원한도: 전체 협약금액 내에서 최대 500만원 한도. ② 공정고도화 지원 범위 ·미래차부품생산 신규부품 대상 공정 도입 및 기존공정 전환 지원 (신규부품 제조공정, 조립공정 등) ·미래차부품 공정 ",pending,manual_representative_recoverable,http://www.gntp.or.kr/biz/applyInfo/3791
TECHNOPARK:1921,"2026년도 지역주력산업육성(지역특화 프로젝트 레전드 50+) 지원모집 2차 공고(충남, 탄소저감 자동차부품, 디스플레이부품장비)",충남테크노파크,exclude_non_cash_finance_total,none,직접지원 후보 없이 제외/총규모/금융/비현금 유형만 있음,6,0,"equipment_usage_fee, non_cash, total_support_scale",,,,,pending,mixed_manual_review,https://www.ctp.or.kr/business/datadetail.do?seq=2709320
TECHNOPARK:304,(2026-70호) 「2026 강원후평스마트에너지플랫폼 구축사업」 공장에너지관리시스템(FEMS) 수요기업 모집 공고,강원테크노파크,exclude_non_cash_finance_total,none,직접지원 후보 없이 제외/총규모/금융/비현금 유형만 있음,2,0,"consulting_fee, total_support_scale",,,,,pending,mixed_manual_review,https://www.gwtp.or.kr/gwtp/bbsNew_view.php?bbs_data=aWR4PTI5MzEmc3RhcnRQYWdlPSZsaXN0Tm89JnRhYmxlPWNzX2Jic19kYXRhX25ldyZjb2RlPXN1YjAxYiZzZWFyY2hfaXRlbT0mc2VhcmNoX29yZGVyPSZ1cmw9c3ViMDFiJmtleXZhbHVlPXN1YjAxJmJic19tYWxuYW1lPQ==||
TECHNOPARK:434,「해양수산자원 산업화 육성 지원(바이오)」수혜기업 모집(2차) 공고,충남테크노파크,hold_unit_or_total_context,none,월/명/건/기간/총규모/자부담 등 위험 문맥 포함,4,3,"support_amount, support_ratio",,,,"7000.0만원/support_amount/진입 가속화 및 판로 개척 지원 m 세부 지원 내용 ※ 추후 선정 규모 및 지원금 변동 가능 지원 대상선정 규모지원금지원기간예비 창업자 또는 창업기업총 3개 기업7,000만원 내외협약체결일로부터2026. 11. 30. 까지 ※ 과제당 지 원 금 은 `26년 예 산 범 위 내 에 서 운 영 위 원 회 또 는 선 정 평 가  || 7000.0만원/support_amount/wintersea@ctp.or.kr - 11 - 붙임 1 해양수산자원 산업화 육성 지원(바이오) RFP1. 해양바이오 전략소재 개발사업명해양바이오전략소재개발지원금70백만원내외기간2026.06.~ 2026.11주관연구기관중소기업사업목표○해양생물자원(식물･ 동물･ 미생물･ 수자원등)을대상으로제품개발에활용이가능한핵심성능(규명및 || 7000.0만원/support_amount/시및대량확보가능성제시지원분야○기능성식품,기능성화장품,의료기기(적용소재)활용대상기타 - - 12 - 2. 해양바이오 상품화 공정개발사업명해양바이오상품화공정개발지원금70백만원이내기간2026.06.~ 2026.11주관연구기관중소기업사업목표○해양생물자원(식물･ 동물･ 미생물･ 수자원등)소재가활용된제품의상품화공정개발을통한시장출시등",pending,manual_representative_recoverable,https://www.ctp.or.kr/business/datadetail.do?seq=2709157
