policy_id,title,organization,risk_count,risk_reasons,auto_update_candidate,decision_reason,old_amount_manwon,old_amount_type,old_roi_apply_method,candidate_count,new_selected_amount_manwon,new_selected_type,new_roi_apply_method,new_support_ratio,old_actual,old_basis
PBLN_000000000120780,2026년 통상변화대응지원사업 참여기업 모집 공고,산업통상부,6,subtract 금액이 10억원 이상 | subtract 근거에 전체예산/총사업비/조건성 키워드 포함 | 근거는 미확인성인데 actual에는 숫자 금액 존재 | 억 단위 금액이나 기업당/과제당 근거 부족 | 후보는 있으나 대표 후보 없음 | 기존 금액은 있으나 새 대표 금액 없음,False,risk_reasons_present,1000000.0,support_amount,subtract,24,,,,1.0,최대 100억원,"금액 판단: 금액 미기재 / 지원 방식: 현금지원, 컨설팅멘토링, 시험인증, 판로수출"
PBLN_000000000123354,[부산] 2026년 도시형소공인 맞춤형 패키지 지원사업 모집 공고,부산광역시,6,subtract 금액이 10억원 이상 | subtract 근거에 전체예산/총사업비/조건성 키워드 포함 | 근거는 미확인성인데 actual에는 숫자 금액 존재 | 억 단위 금액이나 기업당/과제당 근거 부족 | 후보는 있으나 대표 후보 없음 | 기존 금액은 있으나 새 대표 금액 없음,False,risk_reasons_present,1200000.0,support_amount,subtract,11,,,,0.8,최대 120억원,"금액 판단: 금액 미기재 / 지원 방식: 기술개발, 시험인증, 판로수출"
PBLN_000000000120006,[서울] 2026년 노동환경개선컨설팅 사업 대상 모집 공고,서울특별시,6,subtract 금액이 10억원 이상 | subtract 근거에 전체예산/총사업비/조건성 키워드 포함 | 근거는 미확인성인데 actual에는 숫자 금액 존재 | 억 단위 금액이나 기업당/과제당 근거 부족 | 후보는 있으나 대표 후보 없음 | 기존 금액은 있으나 새 대표 금액 없음,False,risk_reasons_present,100000.0,support_amount,subtract,3,,,,,최대 10억원,"금액 판단: 금액 미기재 / 지원 방식: 컨설팅멘토링, 시험인증, 교육"
PBLN_000000000122640,[경북] 2026년 경북산업기술단지 거점기능강화사업 기술닥터제 활성화 지원사업 공고,중소벤처기업부,6,subtract 금액이 10억원 이상 | subtract 근거에 전체예산/총사업비/조건성 키워드 포함 | 근거는 미확인성인데 actual에는 숫자 금액 존재 | 억 단위 금액이나 기업당/과제당 근거 부족 | 후보는 있으나 대표 후보 없음 | 기존 금액은 있으나 새 대표 금액 없음,False,risk_reasons_present,300000.0,support_amount,subtract,2,,,,,최대 30억원,"금액 판단: 금액 미기재 / 지원 방식: 기술개발, 시험인증, 판로수출"
PBLN_000000000122359,[경북] 2026년 지역특화형(고도화) 스마트공장 구축사업 공고,중소벤처기업부,5,"subtract 금액이 10억원 이상 | subtract 근거에 전체예산/총사업비/조건성 키워드 포함 | 근거는 미확인성인데 actual에는 숫자 금액 존재 | 억 단위 금액이나 기업당/과제당 근거 부족 | 대표 금액 20% 이상 차이: 기존 6.374e+07만원, 새 20000만원",False,risk_reasons_present,63740000.0,support_amount,subtract,37,20000.0,support_amount,subtract,0.5,최대 6374억원,"금액 판단: 금액 미기재 / 지원 방식: 기술개발, 시험인증, 판로수출, 스마트공장"
PBLN_000000000119693,[경기] 2026년 중소기업 R&D 기획ㆍ컨설팅 사업 모집 공고,경기도,5,subtract 근거에 전체예산/총사업비/조건성 키워드 포함 | 근거는 미확인성인데 actual에는 숫자 금액 존재 | 억 단위 금액이나 기업당/과제당 근거 부족 | 후보는 있으나 대표 후보 없음 | 기존 금액은 있으나 새 대표 금액 없음,False,risk_reasons_present,10000.0,support_amount,subtract,32,,,,,최대 1억원,"금액 판단: 금액 미기재 / 지원 방식: 현금지원, 컨설팅멘토링, 기술개발, 시험인증, 교육, 스마트공장"
PBLN_000000000123148,2026년 2차 조선해양산업기술개발사업 신규지원 대상과제 공고,산업통상부,5,"subtract 금액이 10억원 이상 | 근거는 미확인성인데 actual에는 숫자 금액 존재 | 억 단위 금액이나 기업당/과제당 근거 부족 | 기존 타입 subsidy -> 새 타입 support_amount | 대표 금액 20% 이상 차이: 기존 100000만원, 새 2e+06만원",False,risk_reasons_present,100000.0,subsidy,subtract,29,2000000.0,support_amount,subtract,0.5,최대 10억원,"금액 판단: 금액 미기재 / 지원 방식: 기술개발, 시험인증, 교육, 판로수출, 에너지효율"
PBLN_000000000121614,[전남광주] 2026년 스마트공장 지원계획 공고,중소벤처기업부,5,subtract 근거에 전체예산/총사업비/조건성 키워드 포함 | 근거는 미확인성인데 actual에는 숫자 금액 존재 | 억 단위 금액이나 기업당/과제당 근거 부족 | 후보는 있으나 대표 후보 없음 | 기존 금액은 있으나 새 대표 금액 없음,False,risk_reasons_present,80000.0,subsidy,subtract,17,,,,0.2,최대 8억원,"금액 판단: 금액 미기재 / 지원 방식: 현금지원, 컨설팅멘토링, 기술개발, 시험인증, 교육, 판로수출, 스마트공장"
KPASS:P2950,2026년 산업기술국제협력사업 통합 시행계획 공고,한국산업기술진흥원,5,subtract 금액이 10억원 이상 | subtract 근거에 전체예산/총사업비/조건성 키워드 포함 | 억 단위 금액이나 기업당/과제당 근거 부족 | 후보는 있으나 대표 후보 없음 | 기존 금액은 있으나 새 대표 금액 없음,False,risk_reasons_present,250000.0,support_amount,subtract,11,,,,,최대 25억원,"금액 판단: 지원금 250,000만원 / 금액 표현: 최대 25억원 / 지원 방식: 기술개발"
PBLN_000000000119978,[경북] 2026년 OK FTA 컨설팅 지원사업 모집 공고(경북FTA통상진흥센터),경상북도,5,subtract 금액이 10억원 이상 | subtract 근거에 전체예산/총사업비/조건성 키워드 포함 | 근거는 미확인성인데 actual에는 숫자 금액 존재 | 억 단위 금액이나 기업당/과제당 근거 부족 | 기존 타입 support_amount -> 새 타입 non_cash,False,risk_reasons_present,15000000.0,support_amount,subtract,10,15000000.0,non_cash,recommend_only,0.4,최대 1500억원,"금액 판단: 금액 미기재 / 지원 방식: 컨설팅멘토링, 시험인증"
PBLN_000000000117654,[강원] 2026년 중소ㆍ벤처기업 투자이음 강화 프로그램 참여기업 연중 상시접수 공고(강원 벤처투자 생태계 조성사업),강원특별자치도,5,subtract 금액이 10억원 이상 | 근거는 미확인성인데 actual에는 숫자 금액 존재 | 억 단위 금액이나 기업당/과제당 근거 부족 | 후보는 있으나 대표 후보 없음 | 기존 금액은 있으나 새 대표 금액 없음,False,risk_reasons_present,650000.0,support_amount,subtract,9,,,,,최대 65억원,"금액 판단: 금액 미기재 / 지원 방식: 기술개발, 시험인증, 교육"
PBLN_000000000119851,[경북] 안동시 2026년 로케이션 제작지원 사업 공고,경상북도,5,subtract 금액이 10억원 이상 | subtract 근거에 전체예산/총사업비/조건성 키워드 포함 | 근거는 미확인성인데 actual에는 숫자 금액 존재 | 억 단위 금액이나 기업당/과제당 근거 부족 | 기존 타입 support_amount -> 새 타입 non_cash,False,risk_reasons_present,100000.0,support_amount,subtract,8,100000.0,non_cash,recommend_only,0.6,최대 10억원,"금액 판단: 금액 미기재 / 지원 방식: 현금지원, 컨설팅멘토링, 기술개발, 시험인증"
PBLN_000000000119852,[경북] 2026년 로케이션 제작지원 사업 공고,경상북도,5,subtract 금액이 10억원 이상 | subtract 근거에 전체예산/총사업비/조건성 키워드 포함 | 근거는 미확인성인데 actual에는 숫자 금액 존재 | 억 단위 금액이나 기업당/과제당 근거 부족 | 기존 타입 support_amount -> 새 타입 non_cash,False,risk_reasons_present,100000.0,support_amount,subtract,8,100000.0,non_cash,recommend_only,0.7,최대 10억원,"금액 판단: 금액 미기재 / 지원 방식: 현금지원, 컨설팅멘토링, 기술개발, 시험인증"
SMARTFACTORY:2026-N-0114:1,[미라콤] 2026년도 상생형 인공지능 전환(AX) 선도모델 구축지원 사업 공고,스마트공장 사업관리시스템,5,"subtract 금액이 10억원 이상 | subtract 근거에 전체예산/총사업비/조건성 키워드 포함 | 억 단위 금액이나 기업당/과제당 근거 부족 | 기존 타입 subsidy -> 새 타입 support_amount | 대표 금액 20% 이상 차이: 기존 300000만원, 새 150000만원",False,risk_reasons_present,300000.0,subsidy,subtract,8,150000.0,support_amount,subtract,,최대 30억원,"금액 판단: 보조금 300,000만원 / 금액 표현: 최대 30억원 / 지원 방식: 컨설팅멘토링, 시험인증, 교육, 판로수출, 스마트공장"
PBLN_000000000123739,2026년 4차 무기체계 부품국산화개발 지원사업 (상생협력부품국산화) 과제ㆍ연구개발기관 모집 공고,방위사업청,5,subtract 금액이 10억원 이상 | subtract 근거에 전체예산/총사업비/조건성 키워드 포함 | 근거는 미확인성인데 actual에는 숫자 금액 존재 | 억 단위 금액이나 기업당/과제당 근거 부족 | 기존 타입 subsidy -> 새 타입 non_cash,False,risk_reasons_present,1000000.0,subsidy,subtract,7,1000000.0,non_cash,recommend_only,1.0,최대 100억원,"금액 판단: 금액 미기재 / 지원 방식: 기술개발, 시험인증, 판로수출"
PBLN_000000000123470,[대구] 2026년 2차 AI솔루션 실증 참여기업 모집 공고(지역특화 제조데이터 활성화 사업),중소벤처기업부,5,subtract 근거에 전체예산/총사업비/조건성 키워드 포함 | 근거는 미확인성인데 actual에는 숫자 금액 존재 | 억 단위 금액이나 기업당/과제당 근거 부족 | 후보는 있으나 대표 후보 없음 | 기존 금액은 있으나 새 대표 금액 없음,False,risk_reasons_present,13000.0,subsidy,subtract,6,,,,0.3,최대 1.3억원,"금액 판단: 금액 미기재 / 지원 방식: 현금지원, 컨설팅멘토링, 기술개발, 시험인증, 판로수출, 스마트공장"
PBLN_000000000123154,2026년 3차 조선해양산업기술개발사업 신규지원 대상과제 공고,산업통상부,5,"subtract 금액이 10억원 이상 | 근거는 미확인성인데 actual에는 숫자 금액 존재 | 억 단위 금액이나 기업당/과제당 근거 부족 | 기존 타입 subsidy -> 새 타입 support_amount | 대표 금액 20% 이상 차이: 기존 297000만원, 새 4.21e+06만원",False,risk_reasons_present,297000.0,subsidy,subtract,4,4210000.0,support_amount,subtract,,최대 29.7억원,"금액 판단: 금액 미기재 / 지원 방식: 기술개발, 시험인증"
PBLN_000000000116853,2026년 기업훈련 탄력운영제 참여기업 모집 공고,고용노동부,5,subtract 금액이 10억원 이상 | 근거는 미확인성인데 actual에는 숫자 금액 존재 | 억 단위 금액이나 기업당/과제당 근거 부족 | 후보는 있으나 대표 후보 없음 | 기존 금액은 있으나 새 대표 금액 없음,False,risk_reasons_present,1820000.0,support_amount,subtract,3,,,,,최대 182억원,"금액 판단: 금액 미기재 / 지원 방식: 시험인증, 교육"
PBLN_000000000118006,2026년 스마트공장 수준확인 사업 공고,중소벤처기업부,5,subtract 금액이 10억원 이상 | subtract 근거에 전체예산/총사업비/조건성 키워드 포함 | 근거는 미확인성인데 actual에는 숫자 금액 존재 | 후보는 있으나 대표 후보 없음 | 기존 금액은 있으나 새 대표 금액 없음,False,risk_reasons_present,200000.0,support_amount,subtract,3,,,,1.0,최대 20억원,"금액 판단: 금액 미기재 / 지원 방식: 컨설팅멘토링, 시험인증, 교육, 스마트공장"
PBLN_000000000122761,"2026년 2차 재생에너지R&D(태양광, 풍력) 신규지원대상 연구개발과제 공고",기후에너지환경부,5,subtract 금액이 10억원 이상 | 근거는 미확인성인데 actual에는 숫자 금액 존재 | 억 단위 금액이나 기업당/과제당 근거 부족 | 후보는 있으나 대표 후보 없음 | 기존 금액은 있으나 새 대표 금액 없음,False,risk_reasons_present,2050000.0,subsidy,subtract,2,,,,,최대 205억원,"금액 판단: 금액 미기재 / 지원 방식: 기술개발, 시험인증, 교육, 에너지효율"
SMARTFACTORY:2025-N-0210:1,2026년도 지역특화 프로젝트「레전드50+」연계 스마트공장 구축 지원사업 공고,스마트공장 사업관리시스템,4,"subtract 금액이 10억원 이상 | subtract 근거에 전체예산/총사업비/조건성 키워드 포함 | 억 단위 금액이나 기업당/과제당 근거 부족 | 대표 금액 20% 이상 차이: 기존 1e+06만원, 새 50000만원",False,risk_reasons_present,1000000.0,support_amount,subtract,50,50000.0,support_amount,subtract,0.5,최대 100억원,"금액 판단: 지원금 1,000,000만원 / 금액 표현: 최대 100억원 / 지원 방식: 현금지원, 컨설팅멘토링, 교육, 판로수출, 스마트공장"
PBLN_000000000121028,[울산] 2026년 상반기 산업안전보건 국제표준 인증기업 지원사업 시행 공고,울산광역시,4,"subtract 근거에 전체예산/총사업비/조건성 키워드 포함 | 근거는 미확인성인데 actual에는 숫자 금액 존재 | 기존 타입 support_amount -> 새 타입 non_cash | 대표 금액 20% 이상 차이: 기존 200만원, 새 300만원",False,risk_reasons_present,200.0,support_amount,subtract,36,300.0,non_cash,recommend_only,0.5,최대 200만원,"금액 판단: 금액 미기재 / 지원 방식: 현금지원, 컨설팅멘토링, 시험인증, 판로수출"
PBLN_000000000123644,[전북] 2026년 3차 데이터 활용기업 맞춤형 지원사업 수요기업 모집 연장 공고,전북특별자치도,4,"subtract 근거에 전체예산/총사업비/조건성 키워드 포함 | 근거는 미확인성인데 actual에는 숫자 금액 존재 | 기존 타입 support_amount -> 새 타입 subsidy | 대표 금액 20% 이상 차이: 기존 600만원, 새 10000만원",False,risk_reasons_present,600.0,support_amount,subtract,31,10000.0,subsidy,subtract,1.0,최대 600만원,"금액 판단: 금액 미기재 / 지원 방식: 컨설팅멘토링, 기술개발, 시험인증, 판로수출"
PBLN_000000000123419,2026년 소공인 클린제조환경조성사업 추가 모집 공고,중소벤처기업부,4,"subtract 근거에 전체예산/총사업비/조건성 키워드 포함 | 근거는 미확인성인데 actual에는 숫자 금액 존재 | 기존 타입 subsidy -> 새 타입 support_amount | 대표 금액 20% 이상 차이: 기존 630만원, 새 1050만원",False,risk_reasons_present,630.0,subsidy,subtract,24,1050.0,support_amount,subtract,0.15,최대 630만원,"금액 판단: 금액 미기재 / 지원 방식: 현금지원, 컨설팅멘토링, 시험인증, 에너지효율"
PBLN_000000000123569,[충북] 2026년 제조 AI 현장 적용 지원 사업 수혜기업 모집 연장 공고,중소벤처기업부,4,subtract 근거에 전체예산/총사업비/조건성 키워드 포함 | 근거는 미확인성인데 actual에는 숫자 금액 존재 | 후보는 있으나 대표 후보 없음 | 기존 금액은 있으나 새 대표 금액 없음,False,risk_reasons_present,8000.0,support_amount,subtract,24,,,,,"최대 8,000만원","금액 판단: 금액 미기재 / 지원 방식: 현금지원, 컨설팅멘토링, 기술개발, 시험인증, 판로수출, 스마트공장"
PBLN_000000000117019,2026년 제조DX멘토단 활용지원사업 통합 공고,중소벤처기업부,4,subtract 근거에 전체예산/총사업비/조건성 키워드 포함 | 근거는 미확인성인데 actual에는 숫자 금액 존재 | 후보는 있으나 대표 후보 없음 | 기존 금액은 있으나 새 대표 금액 없음,False,risk_reasons_present,238.0,subsidy,subtract,22,,,,0.5,최대 238만원,"금액 판단: 금액 미기재 / 지원 방식: 기술개발, 시험인증, 판로수출, 스마트공장"
PBLN_000000000123731,[대구] 2026년 수요맞춤형 AI솔루션 개발ㆍ실증 지원 사업 컨소시엄 모집 재공고(제조업 AI융합 기반 조성사업),대구광역시,4,subtract 근거에 전체예산/총사업비/조건성 키워드 포함 | 근거는 미확인성인데 actual에는 숫자 금액 존재 | 후보는 있으나 대표 후보 없음 | 기존 금액은 있으나 새 대표 금액 없음,False,risk_reasons_present,210.0,support_amount,subtract,22,,,,,최대 210만원,"금액 판단: 금액 미기재 / 지원 방식: 현금지원, 컨설팅멘토링, 기술개발, 시험인증, 교육, 판로수출"
PBLN_000000000120865,2026년 한ㆍ이스라엘 국제공동기술개발사업 신규 과제 통합 공고,산업통상부,4,"subtract 금액이 10억원 이상 | subtract 근거에 전체예산/총사업비/조건성 키워드 포함 | 근거는 미확인성인데 actual에는 숫자 금액 존재 | 대표 금액 20% 이상 차이: 기존 168000만원, 새 84000만원",False,risk_reasons_present,168000.0,support_amount,subtract,21,84000.0,support_amount,subtract,0.3,최대 16.8억원,"금액 판단: 금액 미기재 / 지원 방식: 기술개발, 시험인증"
PBLN_000000000123150,2026년 소공인 스마트제조지원(스마트공방)사업 추가 모집 공고,중소벤처기업부,4,"subtract 근거에 전체예산/총사업비/조건성 키워드 포함 | 근거는 미확인성인데 actual에는 숫자 금액 존재 | 기존 타입 subsidy -> 새 타입 support_amount | 대표 금액 20% 이상 차이: 기존 600만원, 새 3600만원",False,risk_reasons_present,600.0,subsidy,subtract,20,3600.0,support_amount,subtract,0.1,최대 600만원,"금액 판단: 금액 미기재 / 지원 방식: 현금지원, 기술개발, 시험인증, 판로수출, 스마트공장"
PBLN_000000000123188,[경북] 북부 2026년 3차 지식재산 긴급지원 사업 모집 공고,경상북도,4,subtract 근거에 전체예산/총사업비/조건성 키워드 포함 | 근거는 미확인성인데 actual에는 숫자 금액 존재 | 후보는 있으나 대표 후보 없음 | 기존 금액은 있으나 새 대표 금액 없음,False,risk_reasons_present,420.0,subsidy,subtract,19,,,,,최대 420만원,"금액 판단: 금액 미기재 / 지원 방식: 컨설팅멘토링, 기술개발, 시험인증, 판로수출, 스마트공장"
PBLN_000000000119836,[전남광주] 2026년 상반기 구조고도화자금 지원 계획 공고,전남광주통합특별시,4,"subtract 금액이 10억원 이상 | 근거는 미확인성인데 actual에는 숫자 금액 존재 | 억 단위 금액이나 기업당/과제당 근거 부족 | 대표 금액 20% 이상 차이: 기존 3e+06만원, 새 1e+06만원",False,risk_reasons_present,3000000.0,support_amount,subtract,18,1000000.0,support_amount,subtract,0.1,최대 300억원,"금액 판단: 금액 미기재 / 지원 방식: 현금지원, 시험인증"
PBLN_000000000123399,[경북] 2026년 소공인 클린제조환경조성 사업 모집 공고,경상북도,4,"subtract 근거에 전체예산/총사업비/조건성 키워드 포함 | 근거는 미확인성인데 actual에는 숫자 금액 존재 | 기존 타입 subsidy -> 새 타입 support_amount | 대표 금액 20% 이상 차이: 기존 630만원, 새 1050만원",False,risk_reasons_present,630.0,subsidy,subtract,18,1050.0,support_amount,subtract,,최대 630만원,"금액 판단: 금액 미기재 / 지원 방식: 현금지원, 시험인증, 판로수출, 에너지효율"
PBLN_000000000123525,[충남ㆍ충북ㆍ대전ㆍ세종] 2026년 2차 기업 지원 프로그램(비R&D) 지원대상 모집 공고(미래차 산업 혁신 지원사업),충청남도,4,"subtract 근거에 전체예산/총사업비/조건성 키워드 포함 | 근거는 미확인성인데 actual에는 숫자 금액 존재 | 기존 타입 support_amount -> 새 타입 non_cash | 대표 금액 20% 이상 차이: 기존 1100만원, 새 300만원",False,risk_reasons_present,1100.0,support_amount,subtract,18,300.0,non_cash,recommend_only,,"최대 1,100만원","금액 판단: 금액 미기재 / 지원 방식: 현금지원, 공동장비, 컨설팅멘토링, 기술개발, 시험인증"
PBLN_000000000121785,[전남광주] 2026년 소규모 밀착 안전망 구축사업 참여기업 모집 공고(지역 중대재해 예방 사각지대 해소사업),전남광주통합특별시,4,"subtract 근거에 전체예산/총사업비/조건성 키워드 포함 | 근거는 미확인성인데 actual에는 숫자 금액 존재 | 억 단위 금액이나 기업당/과제당 근거 부족 | 대표 금액 20% 이상 차이: 기존 10000만원, 새 25만원",False,risk_reasons_present,10000.0,support_amount,subtract,16,25.0,support_amount,subtract,,최대 1억원,"금액 판단: 금액 미기재 / 지원 방식: 컨설팅멘토링, 시험인증, 교육"
PBLN_000000000123147,2027년 식품소재 및 반가공산업 육성 사업자 선정계획 공고,농림축산식품부,4,subtract 금액이 10억원 이상 | subtract 근거에 전체예산/총사업비/조건성 키워드 포함 | 근거는 미확인성인데 actual에는 숫자 금액 존재 | 억 단위 금액이나 기업당/과제당 근거 부족,False,risk_reasons_present,153600.0,subsidy,subtract,12,153600.0,subsidy,subtract,0.3,최대 15.4억원,"금액 판단: 금액 미기재 / 지원 방식: 현금지원, 시험인증"
PBLN_000000000123192,[경북] 영주시 2026년 3차 지식재산 긴급지원 사업 모집 공고,경상북도,4,subtract 근거에 전체예산/총사업비/조건성 키워드 포함 | 근거는 미확인성인데 actual에는 숫자 금액 존재 | 후보는 있으나 대표 후보 없음 | 기존 금액은 있으나 새 대표 금액 없음,False,risk_reasons_present,1400.0,subsidy,subtract,11,,,,,"최대 1,400만원","금액 판단: 금액 미기재 / 지원 방식: 컨설팅멘토링, 기술개발, 시험인증, 판로수출, 스마트공장"
PBLN_000000000123477,[대구] 서대구산단 혁신지원센터 및 복합문화센터 운영 지원 입주기업 수요맞춤형 지원 참여기업 모집 공고,대구광역시,4,subtract 근거에 전체예산/총사업비/조건성 키워드 포함 | 근거는 미확인성인데 actual에는 숫자 금액 존재 | 후보는 있으나 대표 후보 없음 | 기존 금액은 있으나 새 대표 금액 없음,False,risk_reasons_present,440.0,support_amount,subtract,11,,,,0.1,최대 440만원,"금액 판단: 금액 미기재 / 지원 방식: 현금지원, 컨설팅멘토링, 기술개발, 시험인증"
PBLN_000000000123708,[경기] 2026년 공공의료원 AI진단보조기기 실증지원사업 참여기업 모집 공고,경기도,4,subtract 근거에 전체예산/총사업비/조건성 키워드 포함 | 근거는 미확인성인데 actual에는 숫자 금액 존재 | 후보는 있으나 대표 후보 없음 | 기존 금액은 있으나 새 대표 금액 없음,False,risk_reasons_present,8000.0,support_amount,subtract,11,,,,0.25,"최대 8,000만원","금액 판단: 금액 미기재 / 지원 방식: 현금지원, 공동장비, 기술개발, 시험인증, 판로수출, 스마트공장"
PBLN_000000000122384,2026년 글로벌산업기술협력센터 사업(M.AX 분야 공동연구) 시행계획 공고,산업통상부,4,subtract 금액이 10억원 이상 | subtract 근거에 전체예산/총사업비/조건성 키워드 포함 | 근거는 미확인성인데 actual에는 숫자 금액 존재 | 기존 타입 subsidy -> 새 타입 non_cash,False,risk_reasons_present,1000000.0,subsidy,subtract,10,1000000.0,non_cash,recommend_only,,최대 100억원,"금액 판단: 금액 미기재 / 지원 방식: 기술개발, 시험인증"
PBLN_000000000123421,"2026년 중소기업기술혁신개발사업 글로벌선도기술개발(함께달리기, 이어달리기) 시행계획 공고",중소벤처기업부,4,subtract 금액이 10억원 이상 | 근거는 미확인성인데 actual에는 숫자 금액 존재 | 억 단위 금액이나 기업당/과제당 근거 부족 | 기존 타입 subsidy -> 새 타입 support_amount,False,risk_reasons_present,100000.0,subsidy,subtract,10,100000.0,support_amount,subtract,0.65,최대 10억원,"금액 판단: 금액 미기재 / 지원 방식: 기술개발, 시험인증, 판로수출, 에너지효율"
SMARTFACTORY:2026-N-0115:1,[LS일렉트릭] 2026년도 상생형 인공지능 전환(AX) 선도모델 구축지원 사업 공고,스마트공장 사업관리시스템,4,"subtract 금액이 10억원 이상 | subtract 근거에 전체예산/총사업비/조건성 키워드 포함 | 억 단위 금액이나 기업당/과제당 근거 부족 | 대표 금액 20% 이상 차이: 기존 150000만원, 새 300000만원",False,risk_reasons_present,150000.0,subsidy,subtract,10,300000.0,subsidy,subtract,0.5,최대 15억원,"금액 판단: 보조금 150,000만원 / 금액 표현: 최대 15억원 / 지원 방식: 컨설팅멘토링, 시험인증, 교육, 판로수출, 스마트공장"
SMARTFACTORY:2026-N-0118:1,[LG전자] 2026년도 상생형 인공지능 전환(AX) 선도모델 구축지원 사업 공고,스마트공장 사업관리시스템,4,"subtract 금액이 10억원 이상 | subtract 근거에 전체예산/총사업비/조건성 키워드 포함 | 억 단위 금액이나 기업당/과제당 근거 부족 | 대표 금액 20% 이상 차이: 기존 150000만원, 새 300000만원",False,risk_reasons_present,150000.0,subsidy,subtract,10,300000.0,subsidy,subtract,0.5,최대 15억원,"금액 판단: 보조금 150,000만원 / 금액 표현: 최대 15억원 / 지원 방식: 컨설팅멘토링, 시험인증, 교육, 판로수출, 스마트공장"
SMARTFACTORY:2026-N-0119:1,[CJ올리브네트웍스] 2026년도 상생형 인공지능 전환(AX) 선도모델 구축지원 사업 공고,스마트공장 사업관리시스템,4,"subtract 금액이 10억원 이상 | subtract 근거에 전체예산/총사업비/조건성 키워드 포함 | 억 단위 금액이나 기업당/과제당 근거 부족 | 대표 금액 20% 이상 차이: 기존 150000만원, 새 300000만원",False,risk_reasons_present,150000.0,subsidy,subtract,10,300000.0,subsidy,subtract,0.5,최대 15억원,"금액 판단: 보조금 150,000만원 / 금액 표현: 최대 15억원 / 지원 방식: 컨설팅멘토링, 시험인증, 교육, 판로수출, 스마트공장"
SMARTFACTORY:2026-N-0120:1,[한국네트웍스] 2026년도 상생형 인공지능 전환(AX) 선도모델 구축지원 사업 공고,스마트공장 사업관리시스템,4,"subtract 금액이 10억원 이상 | subtract 근거에 전체예산/총사업비/조건성 키워드 포함 | 억 단위 금액이나 기업당/과제당 근거 부족 | 대표 금액 20% 이상 차이: 기존 150000만원, 새 300000만원",False,risk_reasons_present,150000.0,subsidy,subtract,10,300000.0,subsidy,subtract,0.5,최대 15억원,"금액 판단: 보조금 150,000만원 / 금액 표현: 최대 15억원 / 지원 방식: 컨설팅멘토링, 시험인증, 교육, 판로수출, 스마트공장"
PBLN_000000000119457,[경기] 평택시 2026년 장비 활용 지원사업 기업 모집 공고,경기도,4,subtract 근거에 전체예산/총사업비/조건성 키워드 포함 | 근거는 미확인성인데 actual에는 숫자 금액 존재 | 후보는 있으나 대표 후보 없음 | 기존 금액은 있으나 새 대표 금액 없음,False,risk_reasons_present,80.0,support_amount,subtract,9,,,,0.2,최대 80만원,"금액 판단: 금액 미기재 / 지원 방식: 현금지원, 공동장비, 기술개발, 시험인증, 판로수출, 스마트공장"
PBLN_000000000119518,[전북] 2026년 에너지산업융복합단지 공동연구장비 활용 및 컨설팅 지원 수혜기업 모집 공고,전북특별자치도,4,subtract 근거에 전체예산/총사업비/조건성 키워드 포함 | 근거는 미확인성인데 actual에는 숫자 금액 존재 | 후보는 있으나 대표 후보 없음 | 기존 금액은 있으나 새 대표 금액 없음,False,risk_reasons_present,250.0,support_amount,subtract,9,,,,1.0,최대 250만원,"금액 판단: 금액 미기재 / 지원 방식: 공동장비, 컨설팅멘토링, 기술개발, 시험인증"
PBLN_000000000120498,[경기] 화성시 2026년 GAP 안정성 분석 지원사업 신청 공고,경기도,4,"subtract 근거에 전체예산/총사업비/조건성 키워드 포함 | 근거는 미확인성인데 actual에는 숫자 금액 존재 | 기존 타입 subsidy -> 새 타입 support_amount | 대표 금액 20% 이상 차이: 기존 19만원, 새 24.4만원",False,risk_reasons_present,19.0,subsidy,subtract,9,24.4,support_amount,subtract,0.5,최대 19만원,"금액 판단: 금액 미기재 / 지원 방식: 현금지원, 공동장비, 기술개발, 시험인증, 판로수출, 스마트공장"
PBLN_000000000121191,2026년 산업 분야 온실가스 국제감축사업 공고,산업통상부,4,subtract 금액이 10억원 이상 | subtract 근거에 전체예산/총사업비/조건성 키워드 포함 | 근거는 미확인성인데 actual에는 숫자 금액 존재 | 억 단위 금액이나 기업당/과제당 근거 부족,False,risk_reasons_present,1000000.0,support_amount,subtract,9,1000000.0,support_amount,subtract,0.5,최대 100억원,"금액 판단: 금액 미기재 / 지원 방식: 컨설팅멘토링, 기술개발, 시험인증, 판로수출, 에너지효율"
PBLN_000000000122820,2026년 한국형 ARPA-H 프로젝트 신규지원 대상과제 통합 공고,보건복지부,4,"subtract 금액이 10억원 이상 | 근거는 미확인성인데 actual에는 숫자 금액 존재 | 기존 타입 subsidy -> 새 타입 support_amount | 대표 금액 20% 이상 차이: 기존 1.93e+06만원, 새 450000만원",False,risk_reasons_present,1930000.0,subsidy,subtract,9,450000.0,support_amount,subtract,1.0,최대 193억원,"금액 판단: 금액 미기재 / 지원 방식: 기술개발, 시험인증, 교육"
PBLN_000000000122997,[강원] 횡성군 2026년 2차 지식재산 첫걸음 지원사업 참여기업 모집 공고,강원특별자치도,4,subtract 근거에 전체예산/총사업비/조건성 키워드 포함 | 근거는 미확인성인데 actual에는 숫자 금액 존재 | 후보는 있으나 대표 후보 없음 | 기존 금액은 있으나 새 대표 금액 없음,False,risk_reasons_present,130.0,subsidy,subtract,9,,,,,최대 130만원,"금액 판단: 금액 미기재 / 지원 방식: 현금지원, 컨설팅멘토링, 기술개발, 시험인증, 판로수출"
PBLN_000000000123415,[경북] 2026년 소공인 스마트제조지원(스마트공방)사업 모집 공고,경상북도,4,subtract 근거에 전체예산/총사업비/조건성 키워드 포함 | 근거는 미확인성인데 actual에는 숫자 금액 존재 | 후보는 있으나 대표 후보 없음 | 기존 금액은 있으나 새 대표 금액 없음,False,risk_reasons_present,600.0,subsidy,subtract,9,,,,0.1,최대 600만원,"금액 판단: 금액 미기재 / 지원 방식: 현금지원, 기술개발, 시험인증, 스마트공장"
PBLN_000000000123448,해오름 이차전지 기업지원(비즈협력ㆍ스케일업) 수혜기업 모집 공고(해오름동맹 첨단이차전지 연대협력사업),경상북도,4,subtract 근거에 전체예산/총사업비/조건성 키워드 포함 | 근거는 미확인성인데 actual에는 숫자 금액 존재 | 후보는 있으나 대표 후보 없음 | 기존 금액은 있으나 새 대표 금액 없음,False,risk_reasons_present,2500.0,support_amount,subtract,9,,,,,"최대 2,500만원","금액 판단: 금액 미기재 / 지원 방식: 현금지원, 컨설팅멘토링, 기술개발, 시험인증, 스마트공장"
PBLN_000000000123764,AI융합 의료기기 신뢰성 강화 및 성능 평가ㆍ실증 사업 수혜기업 모집 공고,산업통상부,4,subtract 근거에 전체예산/총사업비/조건성 키워드 포함 | 근거는 미확인성인데 actual에는 숫자 금액 존재 | 후보는 있으나 대표 후보 없음 | 기존 금액은 있으나 새 대표 금액 없음,False,risk_reasons_present,2280.0,subsidy,subtract,9,,,,0.2,"최대 2,280만원","금액 판단: 금액 미기재 / 지원 방식: 현금지원, 컨설팅멘토링, 기술개발, 시험인증"
SMARTFACTORY:2026-N-0104:1,2026 제조DX멘토 활용지원 구축지도 도입기업 모집,스마트공장 사업관리시스템,4,max_amount_type=unknown | 근거는 미확인성인데 actual에는 숫자 금액 존재 | 후보는 있으나 대표 후보 없음 | 기존 금액은 있으나 새 대표 금액 없음,False,risk_reasons_present,21.0,unknown,review,9,,,,0.85,최대 21만원,금액 판단: 금액 성격 미확인 / 금액 표현: 최대 21만원 / 지원 방식: 스마트공장
SMARTFACTORY:2026-N-0113:1,[포스코DX] 2026년도 상생형 인공지능 전환(AX) 선도모델 구축지원 사업 공고,스마트공장 사업관리시스템,4,"subtract 금액이 10억원 이상 | subtract 근거에 전체예산/총사업비/조건성 키워드 포함 | 억 단위 금액이나 기업당/과제당 근거 부족 | 대표 금액 20% 이상 차이: 기존 150000만원, 새 300000만원",False,risk_reasons_present,150000.0,subsidy,subtract,9,300000.0,subsidy,subtract,0.5,최대 15억원,"금액 판단: 보조금 150,000만원 / 금액 표현: 최대 15억원 / 지원 방식: 시험인증, 판로수출, 스마트공장"
SMARTFACTORY:2026-N-0122:1,[코오롱베니트] 2026년도 상생형 인공지능 전환(AX) 선도모델 구축지원 사업 공고,스마트공장 사업관리시스템,4,"subtract 금액이 10억원 이상 | subtract 근거에 전체예산/총사업비/조건성 키워드 포함 | 억 단위 금액이나 기업당/과제당 근거 부족 | 대표 금액 20% 이상 차이: 기존 150000만원, 새 300000만원",False,risk_reasons_present,150000.0,subsidy,subtract,9,300000.0,subsidy,subtract,0.5,최대 15억원,"금액 판단: 보조금 150,000만원 / 금액 표현: 최대 15억원 / 지원 방식: 컨설팅멘토링, 시험인증, 교육, 판로수출, 스마트공장"
PBLN_000000000117563,2026년 중소기업 매출채권팩토링 지원계획 공고,중소벤처기업부,4,"subtract 금액이 10억원 이상 | subtract 근거에 전체예산/총사업비/조건성 키워드 포함 | 근거는 미확인성인데 actual에는 숫자 금액 존재 | 대표 금액 20% 이상 차이: 기존 100000만원, 새 300000만원",False,risk_reasons_present,100000.0,support_amount,subtract,8,300000.0,support_amount,subtract,,최대 10억원,"금액 판단: 금액 미기재 / 지원 방식: 현금지원, 컨설팅멘토링, 시험인증"
PBLN_000000000121415,[경남] 2026년 경남형 제조 AX 고도화 패스트트랙 지원사업 도입기업 모집 공고,경상남도,4,subtract 근거에 전체예산/총사업비/조건성 키워드 포함 | 근거는 미확인성인데 actual에는 숫자 금액 존재 | 후보는 있으나 대표 후보 없음 | 기존 금액은 있으나 새 대표 금액 없음,False,risk_reasons_present,30000.0,support_amount,subtract,8,,,,,최대 3억원,"금액 판단: 금액 미기재 / 지원 방식: 기술개발, 시험인증, 에너지효율, 스마트공장"
PBLN_000000000122492,[충남] 2026년 IP디딤돌 프로그램 창업자 후속지원 대상자 모집 공고,충청남도,4,subtract 근거에 전체예산/총사업비/조건성 키워드 포함 | 근거는 미확인성인데 actual에는 숫자 금액 존재 | 후보는 있으나 대표 후보 없음 | 기존 금액은 있으나 새 대표 금액 없음,False,risk_reasons_present,900.0,support_amount,subtract,8,,,,,최대 900만원,"금액 판단: 금액 미기재 / 지원 방식: 현금지원, 컨설팅멘토링, 기술개발, 시험인증, 교육, 판로수출"
PBLN_000000000118318,2026년 소스개발 및 생산지원 사업 공고,농림축산식품부,4,subtract 근거에 전체예산/총사업비/조건성 키워드 포함 | 근거는 미확인성인데 actual에는 숫자 금액 존재 | 후보는 있으나 대표 후보 없음 | 기존 금액은 있으나 새 대표 금액 없음,False,risk_reasons_present,3000.0,support_amount,subtract,7,,,,,"최대 3,000만원","금액 판단: 금액 미기재 / 지원 방식: 공동장비, 기술개발, 시험인증"
PBLN_000000000118927,[강원] 2026년 직장문화ㆍ환경개선지원사업 참여기업 모집 공고,강원특별자치도,4,subtract 근거에 전체예산/총사업비/조건성 키워드 포함 | 근거는 미확인성인데 actual에는 숫자 금액 존재 | 후보는 있으나 대표 후보 없음 | 기존 금액은 있으나 새 대표 금액 없음,False,risk_reasons_present,500.0,support_amount,subtract,7,,,,,최대 500만원,"금액 판단: 금액 미기재 / 지원 방식: 컨설팅멘토링, 기술개발, 시험인증, 교육"
PBLN_000000000119733,[울산] 울주군 2026년 강소기업 육성 기술 혁신 지원사업 시행 공고,울산광역시,4,subtract 근거에 전체예산/총사업비/조건성 키워드 포함 | 근거는 미확인성인데 actual에는 숫자 금액 존재 | 후보는 있으나 대표 후보 없음 | 기존 금액은 있으나 새 대표 금액 없음,False,risk_reasons_present,1000.0,subsidy,subtract,6,,,,,"최대 1,000만원","금액 판단: 금액 미기재 / 지원 방식: 컨설팅멘토링, 기술개발, 시험인증, 판로수출"
PBLN_000000000121194,[경남] 고성군 2026년 지역지식재산창출 지원사업 공고,경상남도,4,"subtract 근거에 전체예산/총사업비/조건성 키워드 포함 | 근거는 미확인성인데 actual에는 숫자 금액 존재 | 기존 타입 subsidy -> 새 타입 support_amount | 대표 금액 20% 이상 차이: 기존 130만원, 새 90만원",False,risk_reasons_present,130.0,subsidy,subtract,6,90.0,support_amount,subtract,0.9,최대 130만원,"금액 판단: 금액 미기재 / 지원 방식: 현금지원, 기술개발, 시험인증"
PBLN_000000000121197,[경남] 창녕군 2026년 지역지식재산 창출지원사업 공고,경상남도,4,"subtract 근거에 전체예산/총사업비/조건성 키워드 포함 | 근거는 미확인성인데 actual에는 숫자 금액 존재 | 기존 타입 subsidy -> 새 타입 support_amount | 대표 금액 20% 이상 차이: 기존 130만원, 새 90만원",False,risk_reasons_present,130.0,subsidy,subtract,6,90.0,support_amount,subtract,0.9,최대 130만원,"금액 판단: 금액 미기재 / 지원 방식: 현금지원, 기술개발, 시험인증"
PBLN_000000000121411,[울산] 울주군 2026년 강소기업 육성 기술 혁신 지원사업 추가모집 공고,울산광역시,4,subtract 근거에 전체예산/총사업비/조건성 키워드 포함 | 근거는 미확인성인데 actual에는 숫자 금액 존재 | 후보는 있으나 대표 후보 없음 | 기존 금액은 있으나 새 대표 금액 없음,False,risk_reasons_present,1000.0,subsidy,subtract,6,,,,,"최대 1,000만원","금액 판단: 금액 미기재 / 지원 방식: 컨설팅멘토링, 기술개발, 시험인증, 판로수출"
PBLN_000000000123542,[충남] 2026년 미래차전환 종합지원사업 기업지원(R&D) 프로그램 모집 공고,충청남도,4,subtract 근거에 전체예산/총사업비/조건성 키워드 포함 | 근거는 미확인성인데 actual에는 숫자 금액 존재 | 억 단위 금액이나 기업당/과제당 근거 부족 | 기존 타입 support_amount -> 새 타입 guarantee,False,risk_reasons_present,10000.0,support_amount,subtract,6,10000.0,guarantee,exclude,,최대 1억원,"금액 판단: 금액 미기재 / 지원 방식: 기술개발, 시험인증"
PBLN_000000000119181,[충북] 2026년 소부장 지원 전문가 스테이션 운영사업 기술애로 지원 모집 공고,충청북도,4,"subtract 근거에 전체예산/총사업비/조건성 키워드 포함 | 근거는 미확인성인데 actual에는 숫자 금액 존재 | 기존 타입 support_amount -> 새 타입 non_cash | 대표 금액 20% 이상 차이: 기존 100만원, 새 30만원",False,risk_reasons_present,100.0,support_amount,subtract,5,30.0,non_cash,recommend_only,,최대 100만원,"금액 판단: 금액 미기재 / 지원 방식: 컨설팅멘토링, 기술개발, 시험인증"
PBLN_000000000120866,2026년 부산형 SiC 전력반도체 연구플랫폼 활성화 지원사업 기업지원 모집 공고,부산광역시,4,subtract 근거에 전체예산/총사업비/조건성 키워드 포함 | 근거는 미확인성인데 actual에는 숫자 금액 존재 | 후보는 있으나 대표 후보 없음 | 기존 금액은 있으나 새 대표 금액 없음,False,risk_reasons_present,100.0,support_amount,subtract,5,,,,,최대 100만원,"금액 판단: 금액 미기재 / 지원 방식: 현금지원, 컨설팅멘토링, 기술개발, 시험인증, 판로수출"
PBLN_000000000123029,2026년 2차 차세대 재생에너지 표준화 및 인증고도화 혁신지원 사업 대상과제 공고,기후에너지환경부,4,subtract 근거에 전체예산/총사업비/조건성 키워드 포함 | 근거는 미확인성인데 actual에는 숫자 금액 존재 | 억 단위 금액이나 기업당/과제당 근거 부족 | 기존 타입 support_amount -> 새 타입 non_cash,False,risk_reasons_present,30000.0,support_amount,subtract,5,30000.0,non_cash,recommend_only,1.0,최대 3억원,"금액 판단: 금액 미기재 / 지원 방식: 기술개발, 시험인증"
PBLN_000000000117481,전북바이오융합교육센터 재직자 교육 훈련생ㆍ기업 모집 공고(국가인적자원개발컨소시엄),전북특별자치도,4,subtract 근거에 전체예산/총사업비/조건성 키워드 포함 | 근거는 미확인성인데 actual에는 숫자 금액 존재 | 후보는 있으나 대표 후보 없음 | 기존 금액은 있으나 새 대표 금액 없음,False,risk_reasons_present,100.0,support_amount,subtract,4,,,,1.0,최대 100만원,"금액 판단: 금액 미기재 / 지원 방식: 컨설팅멘토링, 기술개발, 시험인증, 교육, 판로수출"
PBLN_000000000123074,[경남] 2026년 산업안전 AI 스마트공장 구축 지원사업 공고,경상남도,4,"subtract 근거에 전체예산/총사업비/조건성 키워드 포함 | 근거는 미확인성인데 actual에는 숫자 금액 존재 | 억 단위 금액이나 기업당/과제당 근거 부족 | 대표 금액 20% 이상 차이: 기존 20000만원, 새 40000만원",False,risk_reasons_present,20000.0,support_amount,subtract,4,40000.0,support_amount,subtract,,최대 2억원,"금액 판단: 금액 미기재 / 지원 방식: 시험인증, 스마트공장"
PBLN_000000000123392,[부산] 2026년 2차 지산학 기술도입 지원사업 참여기업 모집 공고(지산학 연결중개 촉진 지원사업),부산광역시,4,subtract 근거에 전체예산/총사업비/조건성 키워드 포함 | 근거는 미확인성인데 actual에는 숫자 금액 존재 | 후보는 있으나 대표 후보 없음 | 기존 금액은 있으나 새 대표 금액 없음,False,risk_reasons_present,1000.0,support_amount,subtract,4,,,,,"최대 1,000만원","금액 판단: 금액 미기재 / 지원 방식: 현금지원, 컨설팅멘토링, 기술개발, 시험인증, 판로수출"
PBLN_000000000117291,2026년 한국식품산업클러스터진흥원 기업지원시설ㆍ장비 활용 지원사업 공고,농림축산식품부,4,근거는 미확인성인데 actual에는 숫자 금액 존재 | 억 단위 금액이나 기업당/과제당 근거 부족 | 후보는 있으나 대표 후보 없음 | 기존 금액은 있으나 새 대표 금액 없음,False,risk_reasons_present,25000.0,support_amount,subtract,3,,,,,최대 2.5억원,"금액 판단: 금액 미기재 / 지원 방식: 현금지원, 공동장비, 기술개발, 시험인증"
PBLN_000000000118204,2026년 여성기업 육성사업 공고,중소벤처기업부,4,subtract 금액이 10억원 이상 | subtract 근거에 전체예산/총사업비/조건성 키워드 포함 | 근거는 미확인성인데 actual에는 숫자 금액 존재 | 억 단위 금액이나 기업당/과제당 근거 부족,False,risk_reasons_present,300000.0,support_amount,subtract,3,300000.0,support_amount,subtract,,최대 30억원,"금액 판단: 금액 미기재 / 지원 방식: 컨설팅멘토링, 기술개발, 시험인증, 교육, 판로수출"
PBLN_000000000119206,[충남] 아산시 2026년 해외마케팅 지원사업 참가기업 모집 공고,충청남도,4,subtract 근거에 전체예산/총사업비/조건성 키워드 포함 | 근거는 미확인성인데 actual에는 숫자 금액 존재 | 후보는 있으나 대표 후보 없음 | 기존 금액은 있으나 새 대표 금액 없음,False,risk_reasons_present,400.0,subsidy,subtract,3,,,,0.8,최대 400만원,"금액 판단: 금액 미기재 / 지원 방식: 현금지원, 컨설팅멘토링, 기술개발, 시험인증, 판로수출"
PBLN_000000000120170,2026년 중소기업 기술분쟁 소송보험 지원사업 공고,중소벤처기업부,4,subtract 근거에 전체예산/총사업비/조건성 키워드 포함 | 근거는 미확인성인데 actual에는 숫자 금액 존재 | 후보는 있으나 대표 후보 없음 | 기존 금액은 있으나 새 대표 금액 없음,False,risk_reasons_present,5000.0,support_amount,subtract,3,,,,,"최대 5,000만원","금액 판단: 금액 미기재 / 지원 방식: 현금지원, 컨설팅멘토링, 시험인증, 판로수출"
PBLN_000000000122442,[울산] 2026년 기술이전지원사업 기술코칭프로그램 참여기업 모집 공고,울산광역시,4,subtract 근거에 전체예산/총사업비/조건성 키워드 포함 | 근거는 미확인성인데 actual에는 숫자 금액 존재 | 후보는 있으나 대표 후보 없음 | 기존 금액은 있으나 새 대표 금액 없음,False,risk_reasons_present,20.0,support_amount,subtract,3,,,,,최대 20만원,"금액 판단: 금액 미기재 / 지원 방식: 컨설팅멘토링, 기술개발, 시험인증, 판로수출"
PBLN_000000000123103,[전남광주] 로컬콘텐츠 기반 문화상품 개발 컨소시엄(공방&디자인기업) 모집 공고,전남광주통합특별시,4,subtract 근거에 전체예산/총사업비/조건성 키워드 포함 | 근거는 미확인성인데 actual에는 숫자 금액 존재 | 후보는 있으나 대표 후보 없음 | 기존 금액은 있으나 새 대표 금액 없음,False,risk_reasons_present,1000.0,support_amount,subtract,3,,,,0.1,"최대 1,000만원","금액 판단: 금액 미기재 / 지원 방식: 현금지원, 기술개발, 시험인증, 교육, 판로수출"
PBLN_000000000123267,2026년 제5차 바이오ㆍ의료기술개발 사업 신규과제 공고,과학기술정보통신부,4,subtract 금액이 10억원 이상 | 근거는 미확인성인데 actual에는 숫자 금액 존재 | 억 단위 금액이나 기업당/과제당 근거 부족 | 기존 타입 subsidy -> 새 타입 non_cash,False,risk_reasons_present,1370000.0,subsidy,subtract,3,1370000.0,non_cash,recommend_only,,최대 137억원,"금액 판단: 금액 미기재 / 지원 방식: 현금지원, 기술개발, 시험인증"
PBLN_000000000123374,[전남] 첨단로봇ㆍAI 활용 중소기업 제조혁신 사업 기업지원(실증지원) 모집 공고,전라남도,4,subtract 근거에 전체예산/총사업비/조건성 키워드 포함 | 근거는 미확인성인데 actual에는 숫자 금액 존재 | 억 단위 금액이나 기업당/과제당 근거 부족 | 기존 타입 support_amount -> 새 타입 non_cash,False,risk_reasons_present,21000.0,support_amount,subtract,3,21000.0,non_cash,recommend_only,,최대 2.1억원,"금액 판단: 금액 미기재 / 지원 방식: 기술개발, 시험인증"
PBLN_000000000123379,[경북] 포항시 2026년 지역 기업 투자유치 활성화를 위한 Rising Star IR DAY 참가기업 모집 공고,경상북도,4,subtract 근거에 전체예산/총사업비/조건성 키워드 포함 | 근거는 미확인성인데 actual에는 숫자 금액 존재 | 후보는 있으나 대표 후보 없음 | 기존 금액은 있으나 새 대표 금액 없음,False,risk_reasons_present,400.0,support_amount,subtract,3,,,,,최대 400만원,"금액 판단: 금액 미기재 / 지원 방식: 컨설팅멘토링, 기술개발, 시험인증"
PBLN_000000000123387,[경기] 안양시 2026년 우수기업 선정 공고,경기도,4,subtract 근거에 전체예산/총사업비/조건성 키워드 포함 | 근거는 미확인성인데 actual에는 숫자 금액 존재 | 후보는 있으나 대표 후보 없음 | 기존 금액은 있으나 새 대표 금액 없음,False,risk_reasons_present,500.0,support_amount,subtract,3,,,,,최대 500만원,"금액 판단: 금액 미기재 / 지원 방식: 컨설팅멘토링, 기술개발, 시험인증, 교육, 판로수출"
PBLN_000000000123478,[부산] 2026년 2차 연구개발장비 공동활용 지원사업 공고(장비사용료 지원사업 안내),부산광역시,4,subtract 근거에 전체예산/총사업비/조건성 키워드 포함 | 근거는 미확인성인데 actual에는 숫자 금액 존재 | 후보는 있으나 대표 후보 없음 | 기존 금액은 있으나 새 대표 금액 없음,False,risk_reasons_present,600.0,support_amount,subtract,3,,,,0.6,최대 600만원,"금액 판단: 금액 미기재 / 지원 방식: 공동장비, 기술개발, 시험인증, 판로수출"
PBLN_000000000123534,[전북] 2026년 기후테크 특화 오픈이노베이션 컨소시엄 추가모집 공고(기후테크 창업기업 성장지원사업),전북특별자치도,4,subtract 근거에 전체예산/총사업비/조건성 키워드 포함 | 근거는 미확인성인데 actual에는 숫자 금액 존재 | 후보는 있으나 대표 후보 없음 | 기존 금액은 있으나 새 대표 금액 없음,False,risk_reasons_present,3000.0,support_amount,subtract,3,,,,,"최대 3,000만원","금액 판단: 금액 미기재 / 지원 방식: 기술개발, 시험인증, 교육"
PBLN_000000000123596,[서울ㆍ경기ㆍ인천ㆍ강원] 2026년 중소기업 AI활용 도입을 위한 AI훈련 참여기업 모집 공고,고용노동부,4,subtract 근거에 전체예산/총사업비/조건성 키워드 포함 | 근거는 미확인성인데 actual에는 숫자 금액 존재 | 후보는 있으나 대표 후보 없음 | 기존 금액은 있으나 새 대표 금액 없음,False,risk_reasons_present,783.0,support_amount,subtract,3,,,,,최대 783만원,"금액 판단: 금액 미기재 / 지원 방식: 컨설팅멘토링, 시험인증, 교육"
PBLN_000000000123679,[인천] 2026년 일하기 좋은 뿌리기업 선정 공고,인천광역시,4,subtract 금액이 10억원 이상 | 근거는 미확인성인데 actual에는 숫자 금액 존재 | 억 단위 금액이나 기업당/과제당 근거 부족 | 기존 타입 support_amount -> 새 타입 non_cash,False,risk_reasons_present,100000.0,support_amount,subtract,3,100000.0,non_cash,recommend_only,0.005,최대 10억원,"금액 판단: 금액 미기재 / 지원 방식: 현금지원, 시험인증"
PBLN_000000000117643,2026년 예산군 로케이션 인센티브 제작지원 사업 공고,충청남도,4,subtract 근거에 전체예산/총사업비/조건성 키워드 포함 | 근거는 미확인성인데 actual에는 숫자 금액 존재 | 후보는 있으나 대표 후보 없음 | 기존 금액은 있으나 새 대표 금액 없음,False,risk_reasons_present,6000.0,support_amount,subtract,2,,,,0.5,"최대 6,000만원","금액 판단: 금액 미기재 / 지원 방식: 현금지원, 컨설팅멘토링, 기술개발, 시험인증"
PBLN_000000000119881,[제주] 2026년 어업활동지원 사업 대상자 모집 공고,제주특별자치도,4,subtract 근거에 전체예산/총사업비/조건성 키워드 포함 | 근거는 미확인성인데 actual에는 숫자 금액 존재 | 후보는 있으나 대표 후보 없음 | 기존 금액은 있으나 새 대표 금액 없음,False,risk_reasons_present,1440.0,support_amount,subtract,2,,,,,"최대 1,440만원","금액 판단: 금액 미기재 / 지원 방식: 시험인증, 교육"
PBLN_000000000120495,[강원] 2026년 수요기술 발굴 및 기술멘토링 지원사업 참여기업 모집 공고(전기차 충돌 후 배터리 핵심부품 안전성 확보 지원사업),강원특별자치도,4,subtract 근거에 전체예산/총사업비/조건성 키워드 포함 | 근거는 미확인성인데 actual에는 숫자 금액 존재 | 후보는 있으나 대표 후보 없음 | 기존 금액은 있으나 새 대표 금액 없음,False,risk_reasons_present,0.0,support_amount,subtract,2,,,,,최대 0만원,"금액 판단: 금액 미기재 / 지원 방식: 컨설팅멘토링, 기술개발, 시험인증, 판로수출"
PBLN_000000000120600,[경북] 김천시 2026년 기술주치의119지원사업 공고,경상북도,4,subtract 금액이 10억원 이상 | subtract 근거에 전체예산/총사업비/조건성 키워드 포함 | 근거는 미확인성인데 actual에는 숫자 금액 존재 | 억 단위 금액이나 기업당/과제당 근거 부족,False,risk_reasons_present,200000.0,support_amount,subtract,2,200000.0,support_amount,subtract,,최대 20억원,"금액 판단: 금액 미기재 / 지원 방식: 기술개발, 시험인증, 스마트공장"
PBLN_000000000121853,2026년 업종별 임금체계 개선 지원 사업 참여기업 모집 공고,고용노동부,4,subtract 근거에 전체예산/총사업비/조건성 키워드 포함 | 근거는 미확인성인데 actual에는 숫자 금액 존재 | 후보는 있으나 대표 후보 없음 | 기존 금액은 있으나 새 대표 금액 없음,False,risk_reasons_present,8000.0,support_amount,subtract,2,,,,,"최대 8,000만원","금액 판단: 금액 미기재 / 지원 방식: 컨설팅멘토링, 시험인증, 교육"
PBLN_000000000122942,[세종] 조달청 다수공급자계약(MAS) 활용 컨설팅 지원사업 공고,세종특별자치시,4,subtract 근거에 전체예산/총사업비/조건성 키워드 포함 | 근거는 미확인성인데 actual에는 숫자 금액 존재 | 후보는 있으나 대표 후보 없음 | 기존 금액은 있으나 새 대표 금액 없음,False,risk_reasons_present,200.0,support_amount,subtract,2,,,,,최대 200만원,"금액 판단: 금액 미기재 / 지원 방식: 현금지원, 컨설팅멘토링, 시험인증, 판로수출"
PBLN_000000000123158,2026년 3차 친환경양식어업육성 사업대상자 모집 재공고(품종별산업화시설지원-친환경개체굴생산지원),해양수산부,4,subtract 금액이 10억원 이상 | 근거는 미확인성인데 actual에는 숫자 금액 존재 | 억 단위 금액이나 기업당/과제당 근거 부족 | 기존 타입 subsidy -> 새 타입 non_cash,False,risk_reasons_present,100000.0,subsidy,subtract,2,100000.0,non_cash,recommend_only,,최대 10억원,"금액 판단: 금액 미기재 / 지원 방식: 현금지원, 시험인증"
PBLN_000000000123371,[경남] 사천시ㆍ진주시 2026년 2차 우주ㆍ항공 제조기업 대상 DX 기반 품질ㆍ공정 개선 및 생산성 향상을 위한 무료 컨설팅 및 전문인력양성 지원사업 공고,산업통상부,4,subtract 근거에 전체예산/총사업비/조건성 키워드 포함 | 근거는 미확인성인데 actual에는 숫자 금액 존재 | 후보는 있으나 대표 후보 없음 | 기존 금액은 있으나 새 대표 금액 없음,False,risk_reasons_present,1500.0,support_amount,subtract,2,,,,,"최대 1,500만원","금액 판단: 금액 미기재 / 지원 방식: 컨설팅멘토링, 시험인증, 교육, 판로수출, 스마트공장"
PBLN_000000000123437,[전북] 2026년 인공지능 신뢰성 향상지원 및 확보지원 참여기업 모집 공고,전북특별자치도,4,subtract 근거에 전체예산/총사업비/조건성 키워드 포함 | 근거는 미확인성인데 actual에는 숫자 금액 존재 | 후보는 있으나 대표 후보 없음 | 기존 금액은 있으나 새 대표 금액 없음,False,risk_reasons_present,500.0,support_amount,subtract,2,,,,1.0,최대 500만원,"금액 판단: 금액 미기재 / 지원 방식: 컨설팅멘토링, 기술개발, 시험인증, 교육"
PBLN_000000000123451,바이오의약품 소재부품장비 기업지원 프로그램 모집 공고,산업통상부,4,subtract 근거에 전체예산/총사업비/조건성 키워드 포함 | 근거는 미확인성인데 actual에는 숫자 금액 존재 | 후보는 있으나 대표 후보 없음 | 기존 금액은 있으나 새 대표 금액 없음,False,risk_reasons_present,1000.0,support_amount,subtract,2,,,,,"최대 1,000만원","금액 판단: 금액 미기재 / 지원 방식: 현금지원, 컨설팅멘토링, 기술개발, 시험인증"
PBLN_000000000123459,[경북] 2026년 4차 푸드테크 스마트 제조 기반 구축 사업 재공고,경상북도,4,subtract 근거에 전체예산/총사업비/조건성 키워드 포함 | 근거는 미확인성인데 actual에는 숫자 금액 존재 | 후보는 있으나 대표 후보 없음 | 기존 금액은 있으나 새 대표 금액 없음,False,risk_reasons_present,4500.0,support_amount,subtract,2,,,,,"최대 4,500만원","금액 판단: 금액 미기재 / 지원 방식: 컨설팅멘토링, 기술개발, 시험인증, 판로수출, 스마트공장"
PBLN_000000000123505,2026년 1차 바이오스타 2.0 사업 참여 초기창업기업 모집 공고,과학기술정보통신부,4,subtract 근거에 전체예산/총사업비/조건성 키워드 포함 | 근거는 미확인성인데 actual에는 숫자 금액 존재 | 억 단위 금액이나 기업당/과제당 근거 부족 | 기존 타입 support_amount -> 새 타입 non_cash,False,risk_reasons_present,34000.0,support_amount,subtract,2,34000.0,non_cash,recommend_only,,최대 3.4억원,"금액 판단: 금액 미기재 / 지원 방식: 컨설팅멘토링, 기술개발, 시험인증"
PBLN_000000000123610,[강원] 동해시 2026년 3차 수소 전문기업 육성지원 사업 공고,강원특별자치도,4,subtract 근거에 전체예산/총사업비/조건성 키워드 포함 | 근거는 미확인성인데 actual에는 숫자 금액 존재 | 후보는 있으나 대표 후보 없음 | 기존 금액은 있으나 새 대표 금액 없음,False,risk_reasons_present,2200.0,support_amount,subtract,2,,,,,"최대 2,200만원","금액 판단: 금액 미기재 / 지원 방식: 기술개발, 시험인증, 판로수출"
PBLN_000000000123681,자동차부품기업 사이버보안 컨설팅 참여기업 모집 공고,산업통상부,4,subtract 근거에 전체예산/총사업비/조건성 키워드 포함 | 근거는 미확인성인데 actual에는 숫자 금액 존재 | 후보는 있으나 대표 후보 없음 | 기존 금액은 있으나 새 대표 금액 없음,False,risk_reasons_present,5000.0,support_amount,subtract,2,,,,,"최대 5,000만원","금액 판단: 금액 미기재 / 지원 방식: 컨설팅멘토링, 기술개발, 시험인증, 판로수출"
PBLN_000000000123718,[전남광주] 2026년 2차 중소기업 맞춤형 성장지원(컨설팅) 참여기업 모집 기간 연장 공고,전남광주통합특별시,4,subtract 근거에 전체예산/총사업비/조건성 키워드 포함 | 근거는 미확인성인데 actual에는 숫자 금액 존재 | 후보는 있으나 대표 후보 없음 | 기존 금액은 있으나 새 대표 금액 없음,False,risk_reasons_present,350.0,support_amount,subtract,2,,,,,최대 350만원,"금액 판단: 금액 미기재 / 지원 방식: 현금지원, 컨설팅멘토링, 기술개발, 시험인증, 판로수출"
PBLN_000000000123771,[강원] 2026년 3차 지식재산 긴급지원 모집 공고,강원특별자치도,4,subtract 근거에 전체예산/총사업비/조건성 키워드 포함 | 근거는 미확인성인데 actual에는 숫자 금액 존재 | 후보는 있으나 대표 후보 없음 | 기존 금액은 있으나 새 대표 금액 없음,False,risk_reasons_present,2000.0,support_amount,subtract,2,,,,,"최대 2,000만원","금액 판단: 금액 미기재 / 지원 방식: 현금지원, 컨설팅멘토링, 기술개발, 시험인증, 판로수출"
PBLN_000000000123782,[충남] 2026년 콘텐츠코리아랩 미드폼 영상콘텐츠 제작 지원사업 모집 공고,충청남도,4,subtract 근거에 전체예산/총사업비/조건성 키워드 포함 | 근거는 미확인성인데 actual에는 숫자 금액 존재 | 억 단위 금액이나 기업당/과제당 근거 부족 | 기존 타입 support_amount -> 새 타입 non_cash,False,risk_reasons_present,17500.0,support_amount,subtract,2,18000.0,non_cash,recommend_only,,최대 1.8억원,"금액 판단: 금액 미기재 / 지원 방식: 현금지원, 컨설팅멘토링, 기술개발, 시험인증"
PBLN_000000000117839,2026년 고령친화식품 사용성평가 참여기업 모집 공고,식품의약품안전처,4,max_amount_type=support_ratio | 근거는 미확인성인데 actual에는 숫자 금액 존재 | 후보는 있으나 대표 후보 없음 | 기존 금액은 있으나 새 대표 금액 없음,False,risk_reasons_present,176.0,support_ratio,ratio_cap,1,,,,1.0,최대 100% 지원,금액 판단: 금액 미기재 / 지원 방식: 시험인증
PBLN_000000000118224,2026년 미래 치과이식형 디지털의료제품 개발 기반구축 사업 기술서비스 지원사업 통합 공고,산업통상부,4,max_amount_type=support_ratio | 근거는 미확인성인데 actual에는 숫자 금액 존재 | 후보는 있으나 대표 후보 없음 | 기존 금액은 있으나 새 대표 금액 없음,False,risk_reasons_present,500.0,support_ratio,ratio_cap,1,,,,0.25,최대 25% 지원,"금액 판단: 금액 미기재 / 지원 방식: 컨설팅멘토링, 기술개발, 시험인증"
PBLN_000000000119083,[충북] 2026년 소상공인 IP출원(상표출원) 지원 사업 소상공인 수혜자 모집 공고,충청북도,4,max_amount_type=support_ratio | 근거는 미확인성인데 actual에는 숫자 금액 존재 | 후보는 있으나 대표 후보 없음 | 기존 금액은 있으나 새 대표 금액 없음,False,risk_reasons_present,13.0,support_ratio,ratio_cap,1,,,,0.2,최대 20% 지원,금액 판단: 금액 미기재 / 지원 방식: 시험인증
PBLN_000000000119976,2026년 해양 연구 시설ㆍ장비 사용료 지원사업 모집 공고,해양수산부,4,max_amount_type=support_ratio | 근거는 미확인성인데 actual에는 숫자 금액 존재 | 후보는 있으나 대표 후보 없음 | 기존 금액은 있으나 새 대표 금액 없음,False,risk_reasons_present,1000.0,support_ratio,ratio_cap,1,,,,1.0,최대 100% 지원,"금액 판단: 금액 미기재 / 지원 방식: 현금지원, 공동장비, 기술개발, 시험인증, 판로수출"
PBLN_000000000121193,[경남] 2026년 소상공인 IP출원(상표출원) 지원사업 소상공인 수혜자 모집 공고,지식재산처,4,max_amount_type=support_ratio | 근거는 미확인성인데 actual에는 숫자 금액 존재 | 후보는 있으나 대표 후보 없음 | 기존 금액은 있으나 새 대표 금액 없음,False,risk_reasons_present,13.0,support_ratio,ratio_cap,1,,,,0.2,최대 20% 지원,"금액 판단: 금액 미기재 / 지원 방식: 기술개발, 시험인증, 교육"
PBLN_000000000121426,[대구] 2026년 BIT융합캠퍼스(의료ㆍ헬스ㆍ바이오) 지원사업 기업 모집 공고,대구광역시,4,max_amount_type=support_ratio | 근거는 미확인성인데 actual에는 숫자 금액 존재 | 후보는 있으나 대표 후보 없음 | 기존 금액은 있으나 새 대표 금액 없음,False,risk_reasons_present,7500.0,support_ratio,ratio_cap,1,,,,1.0,최대 100% 지원,"금액 판단: 금액 미기재 / 지원 방식: 현금지원, 컨설팅멘토링, 기술개발, 시험인증, 판로수출"
PBLN_000000000122333,2026년 SDV 전장부품 보안 평가센터 기업지원사업 수혜기업 모집 공고,산업통상부,4,max_amount_type=support_ratio | 근거는 미확인성인데 actual에는 숫자 금액 존재 | 후보는 있으나 대표 후보 없음 | 기존 금액은 있으나 새 대표 금액 없음,False,risk_reasons_present,2000.0,support_ratio,ratio_cap,1,,,,0.1,최대 10% 지원,"금액 판단: 금액 미기재 / 지원 방식: 현금지원, 컨설팅멘토링, 기술개발, 시험인증, 판로수출"
PBLN_000000000122473,2026년 해양수산 연구장비 렌탈지원사업 공고,해양수산부,4,max_amount_type=support_ratio | 근거는 미확인성인데 actual에는 숫자 금액 존재 | 후보는 있으나 대표 후보 없음 | 기존 금액은 있으나 새 대표 금액 없음,False,risk_reasons_present,14.0,support_ratio,ratio_cap,1,,,,0.06,최대 6% 지원,"금액 판단: 금액 미기재 / 지원 방식: 기술개발, 시험인증, 판로수출"
PBLN_000000000122589,2026년 제조산업 공정작업용 로봇 엔드이펙터 실증 기반 구축 사업 지원 기업 모집 공고,산업통상부,4,max_amount_type=support_ratio | 근거는 미확인성인데 actual에는 숫자 금액 존재 | 후보는 있으나 대표 후보 없음 | 기존 금액은 있으나 새 대표 금액 없음,False,risk_reasons_present,1148.0,support_ratio,ratio_cap,1,,,,0.3,최대 30% 지원,"금액 판단: 금액 미기재 / 지원 방식: 컨설팅멘토링, 기술개발, 시험인증"
SMARTFACTORY:2025-N-0202:2,2026년 디지털협업공장 구축 지원사업 컨소시엄 모집공고,스마트공장 사업관리시스템,3,"subtract 근거에 전체예산/총사업비/조건성 키워드 포함 | 억 단위 금액이나 기업당/과제당 근거 부족 | 대표 금액 20% 이상 차이: 기존 5000만원, 새 25000만원",False,risk_reasons_present,5000.0,support_amount,subtract,67,25000.0,support_amount,subtract,0.5,최대 0.5억원,"금액 판단: 지원금 5,000만원 / 금액 표현: 최대 0.5억원 / 지원 방식: 현금지원, 공동장비, 컨설팅멘토링, 스마트공장"
TECHNOPARK:986,(2026-124호) 2026 강원 미래모빌리티 기업지원 프로그램 통합 공고,강원테크노파크,3,"subtract 근거에 전체예산/총사업비/조건성 키워드 포함 | 억 단위 금액이나 기업당/과제당 근거 부족 | 대표 금액 20% 이상 차이: 기존 10000만원, 새 1000만원",False,risk_reasons_present,10000.0,support_amount,subtract,45,1000.0,support_amount,subtract,,최대 1억원,"금액 판단: 지원금 10,000만원 / 금액 표현: 최대 1억원 / 지원 방식: 현금지원, 컨설팅멘토링, 기술개발, 시험인증, 판로수출"
SMARTFACTORY:2025-N-0203:2,2026년도 자율형공장 구축 지원사업(단독신청),스마트공장 사업관리시스템,3,"max_amount_type=support_ratio | 기존 타입 support_ratio -> 새 타입 support_amount | 대표 금액 20% 이상 차이: 기존 30000만원, 새 60000만원",False,risk_reasons_present,30000.0,support_ratio,ratio_cap,32,60000.0,support_amount,subtract,0.5,최대 50% 지원,"금액 판단: 지원비율 30,000만원 / 금액 표현: 최대 50% 지원 / 지원 방식: 컨설팅멘토링, 교육, 스마트공장"
SMARTFACTORY:2025-N-0203:1,2026년도 자율형공장 구축 지원사업(컨소시엄신청),스마트공장 사업관리시스템,3,"max_amount_type=support_ratio | 기존 타입 support_ratio -> 새 타입 support_amount | 대표 금액 20% 이상 차이: 기존 2000만원, 새 60000만원",False,risk_reasons_present,2000.0,support_ratio,ratio_cap,31,60000.0,support_amount,subtract,0.5,최대 50% 지원,"금액 판단: 지원비율 2,000만원 / 금액 표현: 최대 50% 지원 / 지원 방식: 컨설팅멘토링, 교육, 스마트공장"
PBLN_000000000120933,[경기] 시흥시 2026년 대야기계장비 소공인특화지원센터 자율사업 통합 모집 공고,경기도,3,"subtract 근거에 전체예산/총사업비/조건성 키워드 포함 | 근거는 미확인성인데 actual에는 숫자 금액 존재 | 대표 금액 20% 이상 차이: 기존 300만원, 새 700만원",False,risk_reasons_present,300.0,support_amount,subtract,18,700.0,support_amount,subtract,,최대 300만원,"금액 판단: 금액 미기재 / 지원 방식: 현금지원, 컨설팅멘토링, 기술개발, 시험인증, 교육, 판로수출, 스마트공장"
PBLN_000000000123468,2026년 에너지신산업 개방형 혁신생태계 OpenLAB 조성사업 기업지원사업 수혜기업모집 공고,산업통상부,3,"subtract 근거에 전체예산/총사업비/조건성 키워드 포함 | 근거는 미확인성인데 actual에는 숫자 금액 존재 | 대표 금액 20% 이상 차이: 기존 8700만원, 새 3000만원",False,risk_reasons_present,8700.0,support_amount,subtract,17,3000.0,support_amount,subtract,,"최대 8,700만원","금액 판단: 금액 미기재 / 지원 방식: 컨설팅멘토링, 기술개발, 시험인증, 교육, 판로수출, 에너지효율"
PBLN_000000000122726,[강원] 2026년 바이오기업 성장 촉진 및 고용 활성화 지원기업 상시 모집 공고(지역산업맞춤형 일자리창출 지원사업),강원특별자치도,3,subtract 근거에 전체예산/총사업비/조건성 키워드 포함 | 근거는 미확인성인데 actual에는 숫자 금액 존재 | 기존 타입 support_amount -> 새 타입 non_cash,False,risk_reasons_present,700.0,support_amount,subtract,16,700.0,non_cash,recommend_only,,최대 700만원,"금액 판단: 금액 미기재 / 지원 방식: 현금지원, 컨설팅멘토링, 기술개발, 시험인증"
PBLN_000000000122968,2026년 2차 안전일터 조성지원 사업 수정 공고,고용노동부,3,"근거는 미확인성인데 actual에는 숫자 금액 존재 | 기존 타입 subsidy -> 새 타입 support_amount | 대표 금액 20% 이상 차이: 기존 3000만원, 새 100000만원",False,risk_reasons_present,3000.0,subsidy,subtract,16,100000.0,support_amount,subtract,0.5,"최대 3,000만원","금액 판단: 금액 미기재 / 지원 방식: 현금지원, 시험인증"
PBLN_000000000120012,[경기] 2026년 공동활용 연구장비 사용료 지원 기업 모집 공고,경기도,3,"subtract 근거에 전체예산/총사업비/조건성 키워드 포함 | 근거는 미확인성인데 actual에는 숫자 금액 존재 | 대표 금액 20% 이상 차이: 기존 10000만원, 새 500만원",False,risk_reasons_present,10000.0,support_amount,subtract,15,500.0,support_amount,subtract,0.2,최대 1억원,"금액 판단: 금액 미기재 / 지원 방식: 현금지원, 공동장비, 기술개발, 시험인증, 교육, 판로수출, 스마트공장"
TECHNOPARK:955,(예산) 2026 시군구연고산업육성사업 2차 공고 (수정공고),충남테크노파크,3,억 단위 금액이나 기업당/과제당 근거 부족 | 후보는 있으나 대표 후보 없음 | 기존 금액은 있으나 새 대표 금액 없음,False,risk_reasons_present,15427.0,non_cash,recommend_only,14,,,,,최대 1.5억원,"금액 판단: 비현금지원 / 금액 표현: 최대 1.5억원 / 지원 방식: 현금지원, 공동장비, 컨설팅멘토링, 기술개발, 시험인증, 교육, 판로수출"
TECHNOPARK:1921,"2026년도 지역주력산업육성(지역특화 프로젝트 레전드 50+) 지원모집 2차 공고(충남, 탄소저감 자동차부품, 디스플레이부품장비)",충남테크노파크,3,subtract 근거에 전체예산/총사업비/조건성 키워드 포함 | 억 단위 금액이나 기업당/과제당 근거 부족 | 기존 타입 subsidy -> 새 타입 support_amount,False,risk_reasons_present,11180.0,subsidy,subtract,13,11000.0,support_amount,subtract,,최대 1.1억원,"금액 판단: 보조금 11,180만원 / 금액 표현: 최대 1.1억원 / 지원 방식: 현금지원, 컨설팅멘토링, 기술개발, 시험인증, 교육, 판로수출"
SMARTFACTORY:2026-N-0076:2,[충북] 2026년 제조DX멘토단 활용지원(구축지도) 도입기업 모집 공고,스마트공장 사업관리시스템,3,subtract 근거에 전체예산/총사업비/조건성 키워드 포함 | 후보는 있으나 대표 후보 없음 | 기존 금액은 있으나 새 대표 금액 없음,False,risk_reasons_present,21.0,subsidy,subtract,12,,,,0.15,최대 21만원,금액 판단: 보조금 21만원 / 금액 표현: 최대 21만원 / 지원 방식: 스마트공장
PBLN_000000000123189,[충북] 지능형첨단부품산업의 디지털전환 거점 구축 사업 AI 융합 제품ㆍ솔루션 고도화 지원 수혜기업 모집 공고,산업통상부,3,max_amount_type=support_ratio | 근거는 미확인성인데 actual에는 숫자 금액 존재 | 후보는 있으나 대표 후보 없음,False,risk_reasons_present,,support_ratio,ratio_cap,11,,,,0.1,최대 10% 지원,"금액 판단: 금액 미기재 / 지원 방식: 현금지원, 공동장비, 기술개발, 시험인증, 스마트공장"
SMARTFACTORY:2026-N-0071:1,[경북] 2026년 제조DX멘토단 활용지원사업(구축지도) 도입기업 모집 공고,스마트공장 사업관리시스템,3,subtract 근거에 전체예산/총사업비/조건성 키워드 포함 | 후보는 있으나 대표 후보 없음 | 기존 금액은 있으나 새 대표 금액 없음,False,risk_reasons_present,21.0,support_amount,subtract,11,,,,0.85,최대 21만원,"금액 판단: 지원금 21만원 / 금액 표현: 최대 21만원 / 지원 방식: 현금지원, 컨설팅멘토링, 스마트공장"
SMARTFACTORY:2026-N-0082:1,[서울] 2026년 제조DX멘토단 활용지원사업(구축지도) 도입기업 모집 공고,스마트공장 사업관리시스템,3,subtract 근거에 전체예산/총사업비/조건성 키워드 포함 | 후보는 있으나 대표 후보 없음 | 기존 금액은 있으나 새 대표 금액 없음,False,risk_reasons_present,21.0,subsidy,subtract,11,,,,0.15,최대 21만원,금액 판단: 보조금 21만원 / 금액 표현: 최대 21만원 / 지원 방식: 스마트공장
PBLN_000000000122501,2026년 디지털기반 중소사업장 산재예방 기술개발 지원사업 시행계획 공고,중소벤처기업부,3,"근거는 미확인성인데 actual에는 숫자 금액 존재 | 기존 타입 subsidy -> 새 타입 support_amount | 대표 금액 20% 이상 차이: 기존 50000만원, 새 66000만원",False,risk_reasons_present,50000.0,subsidy,subtract,10,66000.0,support_amount,subtract,,최대 5억원,"금액 판단: 금액 미기재 / 지원 방식: 기술개발, 시험인증, 판로수출"
PBLN_000000000123549,[경기] 용인시 제2차 반도체기업 기술보호 지원사업 모집 공고,경기도,3,"subtract 근거에 전체예산/총사업비/조건성 키워드 포함 | 근거는 미확인성인데 actual에는 숫자 금액 존재 | 대표 금액 20% 이상 차이: 기존 2000만원, 새 3000만원",False,risk_reasons_present,2000.0,support_amount,subtract,10,3000.0,support_amount,subtract,,"최대 2,000만원","금액 판단: 금액 미기재 / 지원 방식: 공동장비, 컨설팅멘토링, 기술개발, 시험인증, 판로수출, 스마트공장"
SMARTFACTORY:2026-N-0085:1,[경기북부]2026년 제조DX멘토단 활용지원(구축지도) 도입기업 모집 공고,스마트공장 사업관리시스템,3,subtract 근거에 전체예산/총사업비/조건성 키워드 포함 | 후보는 있으나 대표 후보 없음 | 기존 금액은 있으나 새 대표 금액 없음,False,risk_reasons_present,21.0,subsidy,subtract,10,,,,0.85,최대 21만원,"금액 판단: 보조금 21만원 / 금액 표현: 최대 21만원 / 지원 방식: 현금지원, 컨설팅멘토링, 교육, 스마트공장"
SMARTFACTORY:2026-N-0124:1,[현대자동차 그룹] 2026년도 상생형 인공지능 전환(AX) 선도모델 구축지원 사업 공고,스마트공장 사업관리시스템,3,"subtract 근거에 전체예산/총사업비/조건성 키워드 포함 | 억 단위 금액이나 기업당/과제당 근거 부족 | 대표 금액 20% 이상 차이: 기존 50000만원, 새 100000만원",False,risk_reasons_present,50000.0,subsidy,subtract,10,100000.0,subsidy,subtract,0.5,최대 5억원,"금액 판단: 보조금 50,000만원 / 금액 표현: 최대 5억원 / 지원 방식: 시험인증, 교육, 판로수출, 스마트공장"
PBLN_000000000122793,2026년 연구개발특구 딥테크 스타트업 챌린지 기업모집 공고,과학기술정보통신부,3,subtract 금액이 10억원 이상 | subtract 근거에 전체예산/총사업비/조건성 키워드 포함 | 근거는 미확인성인데 actual에는 숫자 금액 존재,False,risk_reasons_present,300000.0,support_amount,subtract,9,300000.0,support_amount,subtract,,최대 30억원,"금액 판단: 금액 미기재 / 지원 방식: 컨설팅멘토링, 기술개발, 시험인증, 교육"
SMARTFACTORY:2026-N-0074:1,[대구] 2026년 제조DX멘토단 활용지원사업(구축지도) 도입기업 모집 공고,스마트공장 사업관리시스템,3,subtract 근거에 전체예산/총사업비/조건성 키워드 포함 | 후보는 있으나 대표 후보 없음 | 기존 금액은 있으나 새 대표 금액 없음,False,risk_reasons_present,21.0,subsidy,subtract,9,,,,0.85,최대 21만원,"금액 판단: 보조금 21만원 / 금액 표현: 최대 21만원 / 지원 방식: 현금지원, 컨설팅멘토링, 스마트공장"
SMARTFACTORY:2026-N-0075:1,[경남]2026년 제조DX멘토단 활용지원(구축지도) 도입기업 모집 공고,스마트공장 사업관리시스템,3,subtract 근거에 전체예산/총사업비/조건성 키워드 포함 | 후보는 있으나 대표 후보 없음 | 기존 금액은 있으나 새 대표 금액 없음,False,risk_reasons_present,21.0,subsidy,subtract,9,,,,0.85,최대 21만원,"금액 판단: 보조금 21만원 / 금액 표현: 최대 21만원 / 지원 방식: 현금지원, 컨설팅멘토링, 스마트공장"
SMARTFACTORY:2026-N-0087:1,[강원] 2026년 제조DX멘토단 활용지원사업(구축지도) 도입기업 모집 공고,스마트공장 사업관리시스템,3,subtract 근거에 전체예산/총사업비/조건성 키워드 포함 | 후보는 있으나 대표 후보 없음 | 기존 금액은 있으나 새 대표 금액 없음,False,risk_reasons_present,21.0,subsidy,subtract,9,,,,0.15,최대 21만원,금액 판단: 보조금 21만원 / 금액 표현: 최대 21만원 / 지원 방식: 스마트공장
PBLN_000000000122998,[강원] 영월군 2026년 2차 지식재산 첫걸음 지원사업 참여기업 모집 공고,강원특별자치도,3,subtract 근거에 전체예산/총사업비/조건성 키워드 포함 | 근거는 미확인성인데 actual에는 숫자 금액 존재 | 기존 타입 subsidy -> 새 타입 non_cash,False,risk_reasons_present,130.0,subsidy,subtract,8,130.0,non_cash,recommend_only,,최대 130만원,"금액 판단: 금액 미기재 / 지원 방식: 컨설팅멘토링, 기술개발, 시험인증, 판로수출"
PBLN_000000000123480,[부산] 2026년 2차 블록체인 허브 입주기업 맞춤형 지원 프로그램 모집 공고,부산광역시,3,"subtract 근거에 전체예산/총사업비/조건성 키워드 포함 | 근거는 미확인성인데 actual에는 숫자 금액 존재 | 대표 금액 20% 이상 차이: 기존 100만원, 새 1000만원",False,risk_reasons_present,100.0,support_amount,subtract,8,1000.0,support_amount,subtract,0.2,최대 100만원,"금액 판단: 금액 미기재 / 지원 방식: 컨설팅멘토링, 기술개발, 시험인증, 판로수출"
PBLN_000000000123377,[전남] 첨단로봇ㆍAI 활용 중소기업 제조혁신 사업 기업지원(기획 컨설팅) 모집 공고,전라남도,3,subtract 근거에 전체예산/총사업비/조건성 키워드 포함 | 근거는 미확인성인데 actual에는 숫자 금액 존재 | 기존 타입 subsidy -> 새 타입 support_amount,False,risk_reasons_present,400.0,subsidy,subtract,7,400.0,support_amount,subtract,,최대 400만원,"금액 판단: 금액 미기재 / 지원 방식: 컨설팅멘토링, 기술개발, 시험인증"
PBLN_000000000123766,[충북] 2026년 스마트공장 구축 자부담금 지원사업 수혜기업 모집 공고,충청북도,3,max_amount_type=support_ratio | 근거는 미확인성인데 actual에는 숫자 금액 존재 | 후보는 있으나 대표 후보 없음,False,risk_reasons_present,,support_ratio,ratio_cap,7,,,,0.05,최대 15% 지원,"금액 판단: 금액 미기재 / 지원 방식: 현금지원, 컨설팅멘토링, 시험인증, 스마트공장"
ENERGYAGENCY:24575,(수정)2026년도 산업진단 개선이행 지원사업 2차 공고,한국에너지공단,3,subtract 근거에 전체예산/총사업비/조건성 키워드 포함 | 후보는 있으나 대표 후보 없음 | 기존 금액은 있으나 새 대표 금액 없음,False,risk_reasons_present,69000.0,support_amount,subtract,6,,,,0.7,최대 6.9억원,"금액 판단: 지원금 69,000만원 / 금액 표현: 최대 6.9억원 / 지원 방식: 현금지원, 에너지효율"
PBLN_000000000118750,[경남] 진주시 2026년 중소기업 국내외 인증수수료 지원사업 공고,경상남도,3,subtract 근거에 전체예산/총사업비/조건성 키워드 포함 | 근거는 미확인성인데 actual에는 숫자 금액 존재 | 기존 타입 support_amount -> 새 타입 non_cash,False,risk_reasons_present,100.0,support_amount,subtract,6,100.0,non_cash,recommend_only,,최대 100만원,"금액 판단: 금액 미기재 / 지원 방식: 시험인증, 판로수출"
PBLN_000000000119454,[경기] 평택시 2026년 국내외 지식재산 권리화 지원사업 모집 공고,경기도,3,"subtract 근거에 전체예산/총사업비/조건성 키워드 포함 | 근거는 미확인성인데 actual에는 숫자 금액 존재 | 대표 금액 20% 이상 차이: 기존 0만원, 새 150만원",False,risk_reasons_present,0.0,support_amount,subtract,6,150.0,support_amount,subtract,0.8,최대 0만원,"금액 판단: 금액 미기재 / 지원 방식: 현금지원, 공동장비, 기술개발, 시험인증, 판로수출, 스마트공장"
PBLN_000000000121945,2026년 자이언트캐스팅(다이캐스팅) 부품 시험ㆍ평가ㆍ인증 및 기술지도 지원 시행 공고(자이언트캐스팅 공용센터 기반구축 사업),과학기술정보통신부,3,"subtract 근거에 전체예산/총사업비/조건성 키워드 포함 | 근거는 미확인성인데 actual에는 숫자 금액 존재 | 대표 금액 20% 이상 차이: 기존 1000만원, 새 200만원",False,risk_reasons_present,1000.0,subsidy,subtract,6,200.0,subsidy,subtract,,"최대 1,000만원","금액 판단: 금액 미기재 / 지원 방식: 현금지원, 컨설팅멘토링, 기술개발, 시험인증, 교육"
PBLN_000000000122394,[제주] 2026년 전기차 사용 후 배터리 실증 지원사업(KC인증) 상시모집 공고,제주특별자치도,3,"subtract 근거에 전체예산/총사업비/조건성 키워드 포함 | 근거는 미확인성인데 actual에는 숫자 금액 존재 | 대표 금액 20% 이상 차이: 기존 5000만원, 새 2500만원",False,risk_reasons_present,5000.0,support_amount,subtract,6,2500.0,support_amount,subtract,,"최대 5,000만원","금액 판단: 금액 미기재 / 지원 방식: 현금지원, 컨설팅멘토링, 기술개발, 시험인증, 판로수출"
PBLN_000000000123662,[전북] 2026년 게임기업 컨설팅 지원사업 신청 게임기업(예비창업자) 모집 공고,전북특별자치도,3,subtract 근거에 전체예산/총사업비/조건성 키워드 포함 | 근거는 미확인성인데 actual에는 숫자 금액 존재 | 억 단위 금액이나 기업당/과제당 근거 부족,False,risk_reasons_present,60000.0,subsidy,subtract,6,60000.0,subsidy,subtract,,최대 6억원,"금액 판단: 금액 미기재 / 지원 방식: 컨설팅멘토링, 기술개발, 시험인증, 판로수출"
PBLN_000000000123694,[대전] 2026년 팝:콘 고도화 제작 지원사업 참여기업 모집 수정 공고,대전광역시,3,"subtract 근거에 전체예산/총사업비/조건성 키워드 포함 | 근거는 미확인성인데 actual에는 숫자 금액 존재 | 대표 금액 20% 이상 차이: 기존 28950만원, 새 5790만원",False,risk_reasons_present,28950.0,support_amount,subtract,6,5790.0,support_amount,subtract,,최대 2.9억원,"금액 판단: 금액 미기재 / 지원 방식: 현금지원, 기술개발, 시험인증, 교육, 판로수출"
SMARTFACTORY:2026-N-0123:1,[한솔PNS] 2026년도 상생형 인공지능 전환(AX) 선도모델 구축지원 사업 공고,스마트공장 사업관리시스템,3,subtract 금액이 10억원 이상 | subtract 근거에 전체예산/총사업비/조건성 키워드 포함 | 억 단위 금액이나 기업당/과제당 근거 부족,False,risk_reasons_present,150000.0,subsidy,subtract,6,150000.0,subsidy,subtract,0.5,최대 15억원,"금액 판단: 보조금 150,000만원 / 금액 표현: 최대 15억원 / 지원 방식: 컨설팅멘토링, 시험인증, 교육, 판로수출, 스마트공장"
PBLN_000000000117671,[인천] 서구 2026년 제품인증획득 지원사업 신청 공고,인천광역시,3,subtract 근거에 전체예산/총사업비/조건성 키워드 포함 | 후보는 있으나 대표 후보 없음 | 기존 금액은 있으나 새 대표 금액 없음,False,risk_reasons_present,500.0,support_amount,subtract,5,,,,,,금액 판단: 지원금 500만원
PBLN_000000000117688,[인천] 서구(검단지역) 2026년 제품인증획득 지원사업 신청 공고,인천광역시,3,subtract 근거에 전체예산/총사업비/조건성 키워드 포함 | 후보는 있으나 대표 후보 없음 | 기존 금액은 있으나 새 대표 금액 없음,False,risk_reasons_present,500.0,support_amount,subtract,5,,,,,,금액 판단: 지원금 500만원
PBLN_000000000121348,2026년 한-체코ㆍ한-중국 에너지국제공동R&D 신규지원 대상과제 공고,기후에너지환경부,3,subtract 근거에 전체예산/총사업비/조건성 키워드 포함 | 후보는 있으나 대표 후보 없음 | 기존 금액은 있으나 새 대표 금액 없음,False,risk_reasons_present,75000.0,support_amount,subtract,5,,,,,,"금액 판단: 지원금 75,000만원"
PBLN_000000000123247,[경남] 고성군 2026년 3차 시군구연고산업육성사업 지원기업 모집 공고,중소벤처기업부,3,subtract 근거에 전체예산/총사업비/조건성 키워드 포함 | 근거는 미확인성인데 actual에는 숫자 금액 존재 | 기존 타입 support_amount -> 새 타입 non_cash,False,risk_reasons_present,3630.0,support_amount,subtract,5,3630.0,non_cash,recommend_only,,"최대 3,630만원","금액 판단: 금액 미기재 / 지원 방식: 컨설팅멘토링, 기술개발, 시험인증"
PBLN_000000000123427,[경기] 안산시 2026년 로봇직업교육센터 구축사업 제조기업 로봇공정 성능개선 지원사업 공고,경기도,3,근거는 미확인성인데 actual에는 숫자 금액 존재 | 후보는 있으나 대표 후보 없음 | 기존 금액은 있으나 새 대표 금액 없음,False,risk_reasons_present,210.0,support_amount,subtract,5,,,,1.0,최대 210만원,"금액 판단: 금액 미기재 / 지원 방식: 공동장비, 기술개발, 시험인증, 교육, 판로수출, 스마트공장"
PBLN_000000000123456,[전남] 화순군 2026년 스타기업 모집 공고,전라남도,3,"subtract 근거에 전체예산/총사업비/조건성 키워드 포함 | 근거는 미확인성인데 actual에는 숫자 금액 존재 | 대표 금액 20% 이상 차이: 기존 6000만원, 새 2000만원",False,risk_reasons_present,6000.0,support_amount,subtract,5,2000.0,support_amount,subtract,,"최대 6,000만원","금액 판단: 금액 미기재 / 지원 방식: 기술개발, 시험인증"
PBLN_000000000119093,[인천] 2026년 파브(PAV) 부품 시험ㆍ인증 지원사업 참여기업 모집 공고,인천광역시,3,근거는 미확인성인데 actual에는 숫자 금액 존재 | 후보는 있으나 대표 후보 없음 | 기존 금액은 있으나 새 대표 금액 없음,False,risk_reasons_present,8000.0,support_amount,subtract,4,,,,0.8,"최대 8,000만원","금액 판단: 금액 미기재 / 지원 방식: 현금지원, 시험인증, 판로수출"
PBLN_000000000119212,[제주] 2026년 청정임산물 생산기반 지원사업 재공고,제주특별자치도,3,"subtract 근거에 전체예산/총사업비/조건성 키워드 포함 | 근거는 미확인성인데 actual에는 숫자 금액 존재 | 대표 금액 20% 이상 차이: 기존 2161만원, 새 1080.9만원",False,risk_reasons_present,2161.0,subsidy,subtract,4,1080.9,subsidy,subtract,0.5,"최대 2,161.8만원","금액 판단: 금액 미기재 / 지원 방식: 현금지원, 시험인증, 판로수출"
PBLN_000000000119957,[부산] 기계ㆍ부품ㆍ철강산업 숙련기술자 고용안정 지원사업 참여 기업 및 참여자 모집 공고,부산광역시,3,subtract 근거에 전체예산/총사업비/조건성 키워드 포함 | 근거는 미확인성인데 actual에는 숫자 금액 존재 | 기존 타입 support_amount -> 새 타입 non_cash,False,risk_reasons_present,750.0,support_amount,subtract,4,750.0,non_cash,recommend_only,,최대 750만원,"금액 판단: 금액 미기재 / 지원 방식: 컨설팅멘토링, 기술개발, 시험인증"
PBLN_000000000121784,[경기] 2026년 로봇직업교육센터 취업 연계 지원사업 참여기업 모집 공고,경기도,3,subtract 근거에 전체예산/총사업비/조건성 키워드 포함 | 근거는 미확인성인데 actual에는 숫자 금액 존재 | 기존 타입 subsidy -> 새 타입 support_amount,False,risk_reasons_present,210.0,subsidy,subtract,4,215.69,support_amount,subtract,,최대 210만원,"금액 판단: 금액 미기재 / 지원 방식: 시험인증, 교육"
PBLN_000000000122168,[경북] 경주시 2026년 소규모 사업장 방지시설 설치 지원사업 공고,경상북도,3,max_amount_type=support_ratio | 근거는 미확인성인데 actual에는 숫자 금액 존재 | 후보는 있으나 대표 후보 없음,False,risk_reasons_present,,support_ratio,ratio_cap,4,,,,0.8,최대 80% 지원,"금액 판단: 금액 미기재 / 지원 방식: 현금지원, 컨설팅멘토링, 시험인증"
PBLN_000000000123130,2026년 K-온디바이스 AI반도체 기술개발사업 신규 지원대상 연구개발과제 공고,산업통상부,3,근거는 미확인성인데 actual에는 숫자 금액 존재 | 억 단위 금액이나 기업당/과제당 근거 부족 | 기존 타입 subsidy -> 새 타입 non_cash,False,risk_reasons_present,50000.0,subsidy,subtract,4,50000.0,non_cash,recommend_only,,최대 5억원,"금액 판단: 금액 미기재 / 지원 방식: 기술개발, 시험인증"
PBLN_000000000123584,[경남] 2026년 지역기업 성장사다리 지원사업 패스트트랙(Track A) 모집 공고,중소벤처기업부,3,"subtract 근거에 전체예산/총사업비/조건성 키워드 포함 | 근거는 미확인성인데 actual에는 숫자 금액 존재 | 대표 금액 20% 이상 차이: 기존 1000만원, 새 2000만원",False,risk_reasons_present,1000.0,support_amount,subtract,4,2000.0,support_amount,subtract,,"최대 1,000만원","금액 판단: 금액 미기재 / 지원 방식: 컨설팅멘토링, 기술개발, 시험인증, 판로수출"
PBLN_000000000123691,[제주] 2026년 지역소재 기반 미드폼 영상 콘텐츠 제작 지원 사업 모집 공고(제주콘텐츠코리아랩 운영사업),제주특별자치도,3,subtract 근거에 전체예산/총사업비/조건성 키워드 포함 | 근거는 미확인성인데 actual에는 숫자 금액 존재 | 억 단위 금액이나 기업당/과제당 근거 부족,False,risk_reasons_present,18000.0,support_amount,subtract,4,18000.0,support_amount,subtract,,최대 1.8억원,"금액 판단: 금액 미기재 / 지원 방식: 현금지원, 기술개발, 시험인증, 판로수출"
PBLN_000000000119124,2026년 의료기기 분야 기술지도 지원사업 공고(메카노바이오활성소재 혁신의료기기 실증 기반구축),전북특별자치도,3,subtract 근거에 전체예산/총사업비/조건성 키워드 포함 | 후보는 있으나 대표 후보 없음 | 기존 금액은 있으나 새 대표 금액 없음,False,risk_reasons_present,500.0,support_amount,subtract,3,,,,,,금액 판단: 지원금 500만원
PBLN_000000000120123,2026년 금융 테스트베드 참여기업 테스트비용 지원 공고,금융위원회,3,근거는 미확인성인데 actual에는 숫자 금액 존재 | 억 단위 금액이나 기업당/과제당 근거 부족 | 기존 타입 support_amount -> 새 타입 non_cash,False,risk_reasons_present,15000.0,support_amount,subtract,3,15000.0,non_cash,recommend_only,,최대 1.5억원,"금액 판단: 금액 미기재 / 지원 방식: 현금지원, 시험인증"
PBLN_000000000121239,[전북] 2026년 산업체 애로기술 해결을 위한 기술자문 참여기업 모집 공고(지역지능화혁신인재양성사업),전북특별자치도,3,subtract 근거에 전체예산/총사업비/조건성 키워드 포함 | 근거는 미확인성인데 actual에는 숫자 금액 존재 | 기존 타입 support_amount -> 새 타입 non_cash,False,risk_reasons_present,20.0,support_amount,subtract,3,20.0,non_cash,recommend_only,0.97,최대 20만원,"금액 판단: 금액 미기재 / 지원 방식: 현금지원, 컨설팅멘토링, 시험인증, 판로수출"
PBLN_000000000122153,[서울] 외식업 경영혁신 컨설팅 지원사업 컨설팅 참여업소 모집 공고,서울특별시,3,subtract 근거에 전체예산/총사업비/조건성 키워드 포함 | 근거는 미확인성인데 actual에는 숫자 금액 존재 | 기존 타입 support_amount -> 새 타입 non_cash,False,risk_reasons_present,60.0,support_amount,subtract,3,60.0,non_cash,recommend_only,,최대 60만원,"금액 판단: 금액 미기재 / 지원 방식: 현금지원, 컨설팅멘토링, 시험인증"
PBLN_000000000122644,[경북] 2026년 2차 미래자동차 사업재편 혁신성장 지원사업 공고,경상북도,3,subtract 근거에 전체예산/총사업비/조건성 키워드 포함 | 근거는 미확인성인데 actual에는 숫자 금액 존재 | 기존 타입 support_amount -> 새 타입 non_cash,False,risk_reasons_present,3200.0,support_amount,subtract,3,3200.0,non_cash,recommend_only,,"최대 3,200만원","금액 판단: 금액 미기재 / 지원 방식: 컨설팅멘토링, 기술개발, 시험인증"
PBLN_000000000122992,[경남] 서부 2026년 2차 글로벌IP스타기업육성사업 포장디자인개발 지원기업 모집 공고,경상남도,3,subtract 근거에 전체예산/총사업비/조건성 키워드 포함 | 근거는 미확인성인데 actual에는 숫자 금액 존재 | 기존 타입 support_amount -> 새 타입 non_cash,False,risk_reasons_present,1500.0,support_amount,subtract,3,1500.0,non_cash,recommend_only,,"최대 1,500만원","금액 판단: 금액 미기재 / 지원 방식: 기술개발, 시험인증"
PBLN_000000000122996,[경남] 서부 2026년 2차 글로벌IP스타기업육성사업 리뉴얼브랜드개발 지원기업 모집 공고,경상남도,3,subtract 근거에 전체예산/총사업비/조건성 키워드 포함 | 근거는 미확인성인데 actual에는 숫자 금액 존재 | 기존 타입 support_amount -> 새 타입 non_cash,False,risk_reasons_present,1000.0,support_amount,subtract,3,1000.0,non_cash,recommend_only,,"최대 1,000만원","금액 판단: 금액 미기재 / 지원 방식: 기술개발, 시험인증"
PBLN_000000000123299,2026년 수요맞춤형 전기구동 경형 PBV 개발 지원기반 구축사업 기업지원 프로그램(기술자문) 추가 모집 공고,강원특별자치도,3,subtract 근거에 전체예산/총사업비/조건성 키워드 포함 | 근거는 미확인성인데 actual에는 숫자 금액 존재 | 기존 타입 support_amount -> 새 타입 non_cash,False,risk_reasons_present,300.0,support_amount,subtract,3,300.0,non_cash,recommend_only,,최대 300만원,"금액 판단: 금액 미기재 / 지원 방식: 컨설팅멘토링, 기술개발, 시험인증, 판로수출"
PBLN_000000000123389,2026년 3차 광주 차세대 지능형 반도체 적용 온디바이스 AI 스케일업 밸리 육성 사업 성장스케일업 지원 수혜기업 추가모집 통합 공고(딥테크 스케일업 밸리 육성사업),과학기술정보통신부,3,subtract 근거에 전체예산/총사업비/조건성 키워드 포함 | 근거는 미확인성인데 actual에는 숫자 금액 존재 | 기존 타입 support_amount -> 새 타입 non_cash,False,risk_reasons_present,300.0,support_amount,subtract,3,300.0,non_cash,recommend_only,,최대 300만원,"금액 판단: 금액 미기재 / 지원 방식: 컨설팅멘토링, 기술개발, 시험인증"
PBLN_000000000123680,2026년 중견기업-공공연 개방형 혁신 지원 사업 신규과제 모집 공고,산업통상부,3,subtract 근거에 전체예산/총사업비/조건성 키워드 포함 | 근거는 미확인성인데 actual에는 숫자 금액 존재 | 기존 타입 support_amount -> 새 타입 non_cash,False,risk_reasons_present,700.0,support_amount,subtract,3,700.0,non_cash,recommend_only,,최대 700만원,"금액 판단: 금액 미기재 / 지원 방식: 기술개발, 시험인증"
PBLN_000000000123745,2026년 4차 예술산업보증 7월 공고,문화체육관광부,3,subtract 금액이 10억원 이상 | 근거는 미확인성인데 actual에는 숫자 금액 존재 | 기존 타입 support_amount -> 새 타입 guarantee,False,risk_reasons_present,100000.0,support_amount,subtract,3,100000.0,guarantee,exclude,,최대 10억원,"금액 판단: 금액 미기재 / 지원 방식: 현금지원, 시험인증"
PBLN_000000000119727,[부산] 2026년 중소기업 빅데이터 분석 활용 지원사업 참가기업 모집 공고,부산광역시,3,subtract 근거에 전체예산/총사업비/조건성 키워드 포함 | 근거는 미확인성인데 actual에는 숫자 금액 존재 | 기존 타입 support_amount -> 새 타입 non_cash,False,risk_reasons_present,500.0,support_amount,subtract,2,500.0,non_cash,recommend_only,,최대 500만원,"금액 판단: 금액 미기재 / 지원 방식: 컨설팅멘토링, 시험인증"
PBLN_000000000120342,2026년 기업승계 M&A 활성화를 위한 컨설팅 지원사업 시행계획 공고,중소벤처기업부,3,subtract 근거에 전체예산/총사업비/조건성 키워드 포함 | 근거는 미확인성인데 actual에는 숫자 금액 존재 | 기존 타입 support_amount -> 새 타입 non_cash,False,risk_reasons_present,700.0,support_amount,subtract,2,700.0,non_cash,recommend_only,,최대 700만원,"금액 판단: 금액 미기재 / 지원 방식: 컨설팅멘토링, 시험인증"
PBLN_000000000121677,[충남] 2026년 대전상공회의소 ESG 경영 컨설팅 지원사업 참여기업 모집 공고,충청남도,3,subtract 근거에 전체예산/총사업비/조건성 키워드 포함 | 근거는 미확인성인데 actual에는 숫자 금액 존재 | 기존 타입 support_amount -> 새 타입 non_cash,False,risk_reasons_present,300.0,support_amount,subtract,2,300.0,non_cash,recommend_only,0.97,최대 300만원,"금액 판단: 금액 미기재 / 지원 방식: 컨설팅멘토링, 시험인증"
PBLN_000000000122976,2026년 2차 첨단제조로봇 실증사업 참여기업 모집 공고,산업통상부,3,subtract 근거에 전체예산/총사업비/조건성 키워드 포함 | 근거는 미확인성인데 actual에는 숫자 금액 존재 | 억 단위 금액이나 기업당/과제당 근거 부족,False,risk_reasons_present,50000.0,subsidy,subtract,2,50000.0,subsidy,subtract,,최대 5억원,"금액 판단: 금액 미기재 / 지원 방식: 컨설팅멘토링, 기술개발, 시험인증"
PBLN_000000000123398,[경북] 2026년 4차산업혁명 핵심기술개발사업(혁신기술R&D) 지원사업 공고,경상북도,3,max_amount_type=support_ratio | 근거는 미확인성인데 actual에는 숫자 금액 존재 | 후보는 있으나 대표 후보 없음,False,risk_reasons_present,,support_ratio,ratio_cap,2,,,,0.75,최대 10% 지원,"금액 판단: 금액 미기재 / 지원 방식: 현금지원, 기술개발, 시험인증, 교육, 스마트공장"
PBLN_000000000123416,[경북] 영천시 2026년 2차 중소기업 혁신기술개발 지원사업 공고,경상북도,3,근거는 미확인성인데 actual에는 숫자 금액 존재 | 후보는 있으나 대표 후보 없음 | 기존 금액은 있으나 새 대표 금액 없음,False,risk_reasons_present,311.0,support_amount,subtract,2,,,,,최대 311.1만원,"금액 판단: 금액 미기재 / 지원 방식: 기술개발, 시험인증, 스마트공장"
PBLN_000000000123417,[경북] 영천시 2026년 2차 중소기업 고부가가치 전환육성 지원사업 공고,경상북도,3,subtract 근거에 전체예산/총사업비/조건성 키워드 포함 | 근거는 미확인성인데 actual에는 숫자 금액 존재 | 기존 타입 support_amount -> 새 타입 non_cash,False,risk_reasons_present,311.0,support_amount,subtract,2,311.1,non_cash,recommend_only,,최대 311.1만원,"금액 판단: 금액 미기재 / 지원 방식: 컨설팅멘토링, 기술개발, 시험인증"
PBLN_000000000123526,[충남] 2026년 산학연 협동프로그램 참여기업 지원사업 모집 재공고(테크노파크 생산장비 고도화),충청남도,3,subtract 근거에 전체예산/총사업비/조건성 키워드 포함 | 근거는 미확인성인데 actual에는 숫자 금액 존재 | 기존 타입 support_amount -> 새 타입 non_cash,False,risk_reasons_present,100.0,support_amount,subtract,2,100.0,non_cash,recommend_only,0.1,최대 100만원,"금액 판단: 금액 미기재 / 지원 방식: 공동장비, 컨설팅멘토링, 기술개발, 시험인증"
PBLN_000000000123638,[경남] 2026년 4차 기술경영 애로해결을 위한 Quick Solution Program(기술닥터 및 이노카페심층상담) 참여기업 모집 공고,경상남도,3,subtract 근거에 전체예산/총사업비/조건성 키워드 포함 | 근거는 미확인성인데 actual에는 숫자 금액 존재 | 기존 타입 support_amount -> 새 타입 non_cash,False,risk_reasons_present,10.0,support_amount,subtract,2,10.0,non_cash,recommend_only,,최대 10만원,"금액 판단: 금액 미기재 / 지원 방식: 컨설팅멘토링, 기술개발, 시험인증, 판로수출, 스마트공장"
PBLN_000000000123659,[경북] 2026년 3차 지역기업 성장사다리 지원사업 통합 추가 공고,중소벤처기업부,3,subtract 근거에 전체예산/총사업비/조건성 키워드 포함 | 근거는 미확인성인데 actual에는 숫자 금액 존재 | 기존 타입 support_amount -> 새 타입 non_cash,False,risk_reasons_present,4500.0,support_amount,subtract,2,4500.0,non_cash,recommend_only,,"최대 4,500만원","금액 판단: 금액 미기재 / 지원 방식: 컨설팅멘토링, 기술개발, 시험인증"
PBLN_000000000123670,[부산] 영도구 2026년 3차 부산 커피산업 생태계 R&D 클러스트 구축사업 기업지원 프로그램 통합 모집 공고(시군구연고산업육성 협업프로젝트),중소벤처기업부,3,subtract 근거에 전체예산/총사업비/조건성 키워드 포함 | 근거는 미확인성인데 actual에는 숫자 금액 존재 | 기존 타입 support_amount -> 새 타입 non_cash,False,risk_reasons_present,3300.0,support_amount,subtract,2,3300.0,non_cash,recommend_only,,"최대 3,300만원","금액 판단: 금액 미기재 / 지원 방식: 컨설팅멘토링, 기술개발, 시험인증"
PBLN_000000000123689,지능형 헬스케어제품 기반 실증ㆍ사업화 지원사업 기업지원 기술지원 추가 공고,산업통상부,3,근거는 미확인성인데 actual에는 숫자 금액 존재 | 후보는 있으나 대표 후보 없음 | 기존 금액은 있으나 새 대표 금액 없음,False,risk_reasons_present,1000.0,support_amount,subtract,2,,,,,"최대 1,000만원","금액 판단: 금액 미기재 / 지원 방식: 기술개발, 시험인증"
PBLN_000000000123747,2026년 디지털전환 혁신기업 기획지원 사업 (컨설팅 참여기업(관)) 모집,경상북도,3,subtract 근거에 전체예산/총사업비/조건성 키워드 포함 | 근거는 미확인성인데 actual에는 숫자 금액 존재 | 기존 타입 support_amount -> 새 타입 non_cash,False,risk_reasons_present,150.0,support_amount,subtract,2,150.0,non_cash,recommend_only,,최대 150만원,"금액 판단: 금액 미기재 / 지원 방식: 현금지원, 컨설팅멘토링, 기술개발, 시험인증"
PBLN_000000000117557,[충북] 충주시 2026년 기술평가 인증 수수료 지원사업 공고,충청북도,3,max_amount_type=support_ratio | 근거는 미확인성인데 actual에는 숫자 금액 존재 | 후보는 있으나 대표 후보 없음,False,risk_reasons_present,,support_ratio,ratio_cap,1,,,,0.98,최대 98% 지원,금액 판단: 금액 미기재 / 지원 방식: 시험인증
PBLN_000000000118213,[경기] 2026년 가구디자인창작공간운영사업 경기가구창작스튜디오 공동장비 활용 지원 참여기업 모집 공고,경기도,3,max_amount_type=support_ratio | 근거는 미확인성인데 actual에는 숫자 금액 존재 | 후보는 있으나 대표 후보 없음,False,risk_reasons_present,,support_ratio,ratio_cap,1,,,,0.84,최대 84% 지원,"금액 판단: 금액 미기재 / 지원 방식: 공동장비, 기술개발, 시험인증, 판로수출, 스마트공장"
PBLN_000000000118467,[부산] 2026년 중소기업 ISO 인증 지원사업 모집 공고,부산광역시,3,max_amount_type=support_ratio | 근거는 미확인성인데 actual에는 숫자 금액 존재 | 후보는 있으나 대표 후보 없음,False,risk_reasons_present,,support_ratio,ratio_cap,1,,,,0.4,최대 40% 지원,"금액 판단: 금액 미기재 / 지원 방식: 기술개발, 시험인증, 교육, 판로수출"
PBLN_000000000118530,2026년 중소ㆍ중견 에너지효율 혁신 선도 프로젝트 선도기업 모집 공고,기후에너지환경부,3,max_amount_type=support_ratio | 근거는 미확인성인데 actual에는 숫자 금액 존재 | 후보는 있으나 대표 후보 없음,False,risk_reasons_present,,support_ratio,ratio_cap,1,,,,0.05,최대 5% 지원,"금액 판단: 금액 미기재 / 지원 방식: 컨설팅멘토링, 기술개발, 시험인증, 교육, 에너지효율"
PBLN_000000000119235,[부산] 2026년 AI실증지원센터 고성능 컴퓨터(HPC) 이용 지원사업 모집 공고,부산광역시,3,max_amount_type=support_ratio | 근거는 미확인성인데 actual에는 숫자 금액 존재 | 후보는 있으나 대표 후보 없음,False,risk_reasons_present,,support_ratio,ratio_cap,1,,,,0.97,최대 97% 지원,"금액 판단: 금액 미기재 / 지원 방식: 기술개발, 시험인증, 판로수출"
PBLN_000000000120113,중소기업 전파 공동엔지니어링랩 운영지원 사업 공고,과학기술정보통신부,3,max_amount_type=support_ratio | 근거는 미확인성인데 actual에는 숫자 금액 존재 | 후보는 있으나 대표 후보 없음,False,risk_reasons_present,,support_ratio,ratio_cap,1,,,,0.99,최대 98% 지원,"금액 판단: 금액 미기재 / 지원 방식: 기술개발, 시험인증"
PBLN_000000000120312,2026년 국가배터리순환클러스터실증화시설 사용자 모집 공고,기후에너지환경부,3,max_amount_type=support_ratio | 근거는 미확인성인데 actual에는 숫자 금액 존재 | 후보는 있으나 대표 후보 없음,False,risk_reasons_present,,support_ratio,ratio_cap,1,,,,0.5,최대 50% 지원,"금액 판단: 금액 미기재 / 지원 방식: 기술개발, 시험인증"
PBLN_000000000121025,2026년 해양플랜트 서비스산업 엔지니어링 기술 지원 공고(해양플랜트 서비스산업 장비 공동활용 및 인력양성 사업),해양수산부,3,max_amount_type=support_ratio | 근거는 미확인성인데 actual에는 숫자 금액 존재 | 후보는 있으나 대표 후보 없음,False,risk_reasons_present,,support_ratio,ratio_cap,1,,,,0.97,최대 97% 지원,"금액 판단: 금액 미기재 / 지원 방식: 공동장비, 기술개발, 시험인증, 판로수출"
PBLN_000000000121098,2026년 전동화 전력반도체 일괄공정 테스트베드 구축 기업지원 모집 공고,부산광역시,3,max_amount_type=support_ratio | 근거는 미확인성인데 actual에는 숫자 금액 존재 | 후보는 있으나 대표 후보 없음,False,risk_reasons_present,,support_ratio,ratio_cap,1,,,,0.97,최대 97% 지원,"금액 판단: 금액 미기재 / 지원 방식: 기술개발, 시험인증, 판로수출"
PBLN_000000000121702,[강원] 2026년 수출단체보험 가입 희망기업 모집 공고(강원특별자치도청 전액 보험료지원),강원특별자치도,3,max_amount_type=support_ratio | 근거는 미확인성인데 actual에는 숫자 금액 존재 | 후보는 있으나 대표 후보 없음,False,risk_reasons_present,,support_ratio,ratio_cap,1,,,,1.0,최대 95% 지원,"금액 판단: 금액 미기재 / 지원 방식: 현금지원, 시험인증, 판로수출"
PBLN_000000000121777,[울산] 2026년 소상공인 산재보험료 지원사업 공고,울산광역시,3,max_amount_type=support_ratio | 근거는 미확인성인데 actual에는 숫자 금액 존재 | 후보는 있으나 대표 후보 없음,False,risk_reasons_present,,support_ratio,ratio_cap,1,,,,0.8,최대 80% 지원,"금액 판단: 금액 미기재 / 지원 방식: 현금지원, 시험인증, 판로수출"
PBLN_000000000122609,2026년 경북AI데이터센터 테스트베드 실증지원 공고(데이터센터 테스트베드 조성 지원),경상북도,3,max_amount_type=support_ratio | 근거는 미확인성인데 actual에는 숫자 금액 존재 | 후보는 있으나 대표 후보 없음,False,risk_reasons_present,,support_ratio,ratio_cap,1,,,,0.9990000000000001,최대 99% 지원,"금액 판단: 금액 미기재 / 지원 방식: 기술개발, 시험인증, 스마트공장"
PBLN_000000000122650,[충북] 2026년 연구개발장비 공동활용 기업애로상담 프로그램 수요기업 모집 공고,충청북도,3,max_amount_type=support_ratio | 근거는 미확인성인데 actual에는 숫자 금액 존재 | 후보는 있으나 대표 후보 없음,False,risk_reasons_present,,support_ratio,ratio_cap,1,,,,0.98,최대 98% 지원,"금액 판단: 금액 미기재 / 지원 방식: 공동장비, 시험인증, 교육"
PBLN_000000000123133,2026년 선도형 양자공정 오픈팹 인프라 구축 사업 지원기업 모집 공고,대전광역시,3,max_amount_type=support_ratio | 근거는 미확인성인데 actual에는 숫자 금액 존재 | 후보는 있으나 대표 후보 없음,False,risk_reasons_present,,support_ratio,ratio_cap,1,,,,0.1,최대 10% 지원,"금액 판단: 금액 미기재 / 지원 방식: 현금지원, 컨설팅멘토링, 기술개발, 시험인증, 판로수출"
PBLN_000000000123225,[전북] 2026년 5차 ILP 서비스 기술연결 수요기업 모집 공고,전북특별자치도,3,max_amount_type=support_ratio | 근거는 미확인성인데 actual에는 숫자 금액 존재 | 후보는 있으나 대표 후보 없음,False,risk_reasons_present,,support_ratio,ratio_cap,1,,,,0.98,최대 91% 지원,"금액 판단: 금액 미기재 / 지원 방식: 현금지원, 컨설팅멘토링, 기술개발, 시험인증"
PBLN_000000000123301,[전남광주] 2026년 뿌리산업 선도기업 육성사업 기업 맞춤형 디지털전환 수준진단 및 컨설팅 지원 수혜기업 공고,전남광주통합특별시,3,max_amount_type=support_ratio | 근거는 미확인성인데 actual에는 숫자 금액 존재 | 후보는 있으나 대표 후보 없음,False,risk_reasons_present,,support_ratio,ratio_cap,1,,,,0.65,최대 65% 지원,"금액 판단: 금액 미기재 / 지원 방식: 컨설팅멘토링, 시험인증"
PBLN_000000000123346,[경북] 포항시 중소ㆍ벤처기업 기술지원(벤처지원단) 사업 참여기업 모집 공고,경상북도,3,max_amount_type=support_ratio | 근거는 미확인성인데 actual에는 숫자 금액 존재 | 후보는 있으나 대표 후보 없음,False,risk_reasons_present,,support_ratio,ratio_cap,1,,,,0.98,최대 88% 지원,"금액 판단: 금액 미기재 / 지원 방식: 컨설팅멘토링, 기술개발, 시험인증, 판로수출"
PBLN_000000000123351,2026년 창원시 AI기반 슬립테크 국제협력 실증 확산 지원사업 기업지원 공고(해외 인허가 기술문서 작성 지원),산업통상부,3,max_amount_type=support_ratio | 근거는 미확인성인데 actual에는 숫자 금액 존재 | 후보는 있으나 대표 후보 없음,False,risk_reasons_present,,support_ratio,ratio_cap,1,,,,0.5,최대 50% 지원,"금액 판단: 금액 미기재 / 지원 방식: 컨설팅멘토링, 기술개발, 시험인증, 교육"
PBLN_000000000123406,반도체 소재ㆍ부품 시험평가센터 구축 사업 KIT 반도체 기업지원 사업 추가 모집 공고,산업통상부,3,max_amount_type=support_ratio | 근거는 미확인성인데 actual에는 숫자 금액 존재 | 후보는 있으나 대표 후보 없음,False,risk_reasons_present,,support_ratio,ratio_cap,1,,,,1.0,최대 97% 지원,"금액 판단: 금액 미기재 / 지원 방식: 컨설팅멘토링, 기술개발, 시험인증, 교육, 판로수출"
PBLN_000000000123438,2026년 2차 경북 해양기업 혁신성장 R&BD 패키지 지원사업 참여기업 모집 공고,경상북도,3,max_amount_type=support_ratio | 근거는 미확인성인데 actual에는 숫자 금액 존재 | 후보는 있으나 대표 후보 없음,False,risk_reasons_present,,support_ratio,ratio_cap,1,,,,0.5,최대 50% 지원,"금액 판단: 금액 미기재 / 지원 방식: 현금지원, 컨설팅멘토링, 기술개발, 시험인증, 에너지효율, 스마트공장"
PBLN_000000000123442,[인천] 2026년 콘텐츠 스케일업 플러스 지원사업 재공고,인천광역시,3,max_amount_type=support_ratio | 근거는 미확인성인데 actual에는 숫자 금액 존재 | 후보는 있으나 대표 후보 없음,False,risk_reasons_present,,support_ratio,ratio_cap,1,,,,1.0,최대 100% 지원,"금액 판단: 금액 미기재 / 지원 방식: 현금지원, 기술개발, 시험인증, 판로수출"
PBLN_000000000123495,2027년 신규 병역지정업체(산업기능요원) 선정 및 필요인원 신청ㆍ접수 공고,중소벤처기업부,3,max_amount_type=support_ratio | 근거는 미확인성인데 actual에는 숫자 금액 존재 | 후보는 있으나 대표 후보 없음,False,risk_reasons_present,,support_ratio,ratio_cap,1,,,,0.3,최대 30% 지원,"금액 판단: 금액 미기재 / 지원 방식: 기술개발, 시험인증, 교육, 판로수출, 스마트공장"
PBLN_000000000123587,[부산ㆍ울산ㆍ경남] 2026년 동남 정보보호클러스터 보안 테스팅 지원사업 공고,경상남도,3,max_amount_type=support_ratio | 근거는 미확인성인데 actual에는 숫자 금액 존재 | 후보는 있으나 대표 후보 없음,False,risk_reasons_present,,support_ratio,ratio_cap,1,,,,1.0,최대 97% 지원,"금액 판단: 금액 미기재 / 지원 방식: 컨설팅멘토링, 시험인증, 교육, 스마트공장"
PBLN_000000000123661,2026년 중소사업장 유해화학물질 취급시설 안전관리 지원 사업 참여 사업장 모집 공고,기후에너지환경부,3,max_amount_type=support_ratio | 근거는 미확인성인데 actual에는 숫자 금액 존재 | 후보는 있으나 대표 후보 없음,False,risk_reasons_present,,support_ratio,ratio_cap,1,,,,1.0,최대 97% 지원,"금액 판단: 금액 미기재 / 지원 방식: 시험인증, 교육"
PBLN_000000000123668,2026년 이차전지 소재부품 기업대상 기술개발 패키지 지원프로그램 참여기업 모집 공고,경상북도,3,max_amount_type=support_ratio | 근거는 미확인성인데 actual에는 숫자 금액 존재 | 후보는 있으나 대표 후보 없음,False,risk_reasons_present,,support_ratio,ratio_cap,1,,,,0.97,최대 97% 지원,"금액 판단: 금액 미기재 / 지원 방식: 기술개발, 시험인증, 스마트공장"
PBLN_000000000123713,[강원] 바이오ㆍ헬스케어 AI 대전환 수요기업 모집 공고(지역 주도형 AI 대전환 사업),강원특별자치도,3,max_amount_type=support_ratio | 근거는 미확인성인데 actual에는 숫자 금액 존재 | 후보는 있으나 대표 후보 없음,False,risk_reasons_present,,support_ratio,ratio_cap,1,,,,1.0,최대 70% 지원,"금액 판단: 금액 미기재 / 지원 방식: 현금지원, 컨설팅멘토링, 기술개발, 시험인증, 교육, 판로수출"
PBLN_000000000123783,[전남광주] 첨단 스마트그린 AX실증산단 구축사업 제조경쟁력 강화를 위한 기업AX 실증지원 공고,전남광주통합특별시,3,근거는 미확인성인데 actual에는 숫자 금액 존재 | 후보는 있으나 대표 후보 없음 | 기존 금액은 있으나 새 대표 금액 없음,False,risk_reasons_present,0.0,support_amount,subtract,1,,,,,최대 0만원,"금액 판단: 금액 미기재 / 지원 방식: 기술개발, 시험인증, 스마트공장"
PBLN_000000000121038,2026년 IoT 보안인증 인증시험 수수료 지원 공고,과학기술정보통신부,3,max_amount_type=support_ratio | 근거는 미확인성인데 actual에는 숫자 금액 존재 | 기존 금액은 있으나 새 대표 금액 없음,False,risk_reasons_present,1600.0,support_ratio,ratio_cap,0,,,,,최대 80% 지원,"금액 판단: 금액 미기재 / 지원 방식: 현금지원, 컨설팅멘토링, 기술개발, 시험인증"
SMARTFACTORY:2025-N-0197:1,2026년도 정부형 스마트공장 구축사업 공고(고도화),스마트공장 사업관리시스템,2,subtract 근거에 전체예산/총사업비/조건성 키워드 포함 | 억 단위 금액이나 기업당/과제당 근거 부족,False,risk_reasons_present,20000.0,support_amount,subtract,55,20000.0,support_amount,subtract,0.5,회당 최대 2억원,"금액 판단: 지원금 20,000만원 / 금액 표현: 회당 최대 2억원 / 지원 방식: 컨설팅멘토링, 판로수출, 스마트공장"
SMARTFACTORY:2025-N-0198:1,2026년도 정부형 스마트공장 구축사업 공고(동일수준),스마트공장 사업관리시스템,2,subtract 근거에 전체예산/총사업비/조건성 키워드 포함 | 억 단위 금액이나 기업당/과제당 근거 부족,False,risk_reasons_present,20000.0,support_amount,subtract,55,20000.0,support_amount,subtract,0.5,회당 최대 2억원 이내,"금액 판단: 지원금 20,000만원 / 금액 표현: 회당 최대 2억원 이내 / 지원 방식: 컨설팅멘토링, 판로수출, 스마트공장"
PBLN_000000000122433,[대구] 2026년 (Pre)스타기업 육성사업 개별지원 유형별 특성화지원 통합 공고,대구광역시,2,subtract 근거에 전체예산/총사업비/조건성 키워드 포함 | 근거는 미확인성인데 actual에는 숫자 금액 존재,False,risk_reasons_present,3000.0,support_amount,subtract,54,3000.0,support_amount,subtract,0.1,"최대 3,000만원","금액 판단: 금액 미기재 / 지원 방식: 현금지원, 컨설팅멘토링, 기술개발, 시험인증, 교육, 에너지효율"
PBLN_000000000115994,2026년 스마트 제조혁신 지원사업 통합 공고,중소벤처기업부,2,근거는 미확인성인데 actual에는 숫자 금액 존재 | 억 단위 금액이나 기업당/과제당 근거 부족,False,risk_reasons_present,50000.0,subsidy,subtract,53,50000.0,subsidy,subtract,0.5,최대 5억원,"금액 판단: 금액 미기재 / 지원 방식: 기술개발, 시험인증, 판로수출, 스마트공장"
PBLN_000000000116004,스마트 공장 수준 확인(2026년 스마트 제조혁신 지원사업 통합 공고),중소벤처기업부,2,근거는 미확인성인데 actual에는 숫자 금액 존재 | 억 단위 금액이나 기업당/과제당 근거 부족,False,risk_reasons_present,50000.0,subsidy,subtract,53,50000.0,subsidy,subtract,0.5,최대 5억원,"금액 판단: 금액 미기재 / 지원 방식: 기술개발, 시험인증, 판로수출, 스마트공장"
PBLN_000000000116008,제조 DX멘토단 활용지원(2026년 스마트 제조혁신 지원사업 통합 공고),중소벤처기업부,2,근거는 미확인성인데 actual에는 숫자 금액 존재 | 억 단위 금액이나 기업당/과제당 근거 부족,False,risk_reasons_present,50000.0,subsidy,subtract,53,50000.0,subsidy,subtract,0.5,최대 5억원,"금액 판단: 금액 미기재 / 지원 방식: 기술개발, 시험인증, 판로수출, 스마트공장"
PBLN_000000000123179,[경기] 2026년 2차 제조로봇 도입ㆍ실증 및 고도화지원 사업 공고(제조로봇 도입지원),경기도,2,subtract 근거에 전체예산/총사업비/조건성 키워드 포함 | 근거는 미확인성인데 actual에는 숫자 금액 존재,False,risk_reasons_present,12000.0,support_amount,subtract,33,12000.0,support_amount,subtract,0.6,최대 1.2억원,"금액 판단: 금액 미기재 / 지원 방식: 현금지원, 공동장비, 컨설팅멘토링, 기술개발, 시험인증, 판로수출, 스마트공장"
PBLN_000000000121444,[경기] 군포시 2026년 품질경쟁력 강화 지원사업 참여기업 모집 공고,경기도,2,subtract 근거에 전체예산/총사업비/조건성 키워드 포함 | 근거는 미확인성인데 actual에는 숫자 금액 존재,False,risk_reasons_present,300.0,support_amount,subtract,31,300.0,support_amount,subtract,0.8,최대 300만원,"금액 판단: 금액 미기재 / 지원 방식: 현금지원, 공동장비, 컨설팅멘토링, 기술개발, 시험인증, 판로수출, 스마트공장"
PBLN_000000000123112,[전남광주] 화순군 2026년 2차 바이오산업 활성화 지원사업 참여기업 모집 공고(시군구연고산업육성사업),전남광주통합특별시,2,subtract 근거에 전체예산/총사업비/조건성 키워드 포함 | 근거는 미확인성인데 actual에는 숫자 금액 존재,False,risk_reasons_present,5000.0,support_amount,subtract,28,5000.0,support_amount,subtract,1.0,"최대 5,000만원","금액 판단: 금액 미기재 / 지원 방식: 현금지원, 컨설팅멘토링, 기술개발, 시험인증, 교육, 판로수출"
TECHNOPARK:1752,[서천군] 2026년 시군구연고산업육성 협업프로젝트(서천군 해양바이오 인큐베이팅 사업) 3차 수혜기업 모집 공고 기간 연장 안내,충남테크노파크,2,"기존 타입 non_cash -> 새 타입 support_amount | 대표 금액 20% 이상 차이: 기존 5000만원, 새 7000만원",False,risk_reasons_present,5000.0,non_cash,recommend_only,24,7000.0,support_amount,subtract,,조건별 기업당 최대 5천만원,"금액 판단: 비현금지원 / 금액 표현: 조건별 기업당 최대 5천만원 / 지원 방식: 기술개발, 시험인증"
PBLN_000000000120964,[경북] 경주시 2026년 중소기업 화재보험료 지원사업 참여기업 모집 공고,경상북도,2,subtract 근거에 전체예산/총사업비/조건성 키워드 포함 | 근거는 미확인성인데 actual에는 숫자 금액 존재,False,risk_reasons_present,1000.0,support_amount,subtract,21,1000.0,support_amount,subtract,0.9,"최대 1,000만원","금액 판단: 금액 미기재 / 지원 방식: 현금지원, 컨설팅멘토링, 시험인증, 판로수출"
PBLN_000000000117454,[강원] 2026년 글로벌 IP 스타기업 육성 해외OA비용 지원사업 공고,강원특별자치도,2,"근거는 미확인성인데 actual에는 숫자 금액 존재 | 대표 금액 20% 이상 차이: 기존 164만원, 새 200만원",False,risk_reasons_present,164.0,support_amount,subtract,20,200.0,support_amount,subtract,,최대 164만원,"금액 판단: 금액 미기재 / 지원 방식: 기술개발, 시험인증, 판로수출"
PBLN_000000000120468,[경기] 2026년 국내ㆍ외 우수 물기술 인ㆍ검증 지원사업 참여기업 모집 공고,경기도,2,근거는 미확인성인데 actual에는 숫자 금액 존재 | 기존 타입 support_amount -> 새 타입 non_cash,False,risk_reasons_present,600.0,support_amount,subtract,20,600.0,non_cash,recommend_only,0.5,최대 600만원,"금액 판단: 금액 미기재 / 지원 방식: 현금지원, 공동장비, 기술개발, 시험인증, 교육, 판로수출, 스마트공장"
PBLN_000000000123109,[전남광주] 장성군 2026년 2차 스마트기계전자산업 활성화 지원사업 참여기업 모집 공고(시군구연고산업육성사업),중소벤처기업부,2,subtract 근거에 전체예산/총사업비/조건성 키워드 포함 | 근거는 미확인성인데 actual에는 숫자 금액 존재,False,risk_reasons_present,4000.0,support_amount,subtract,20,4000.0,support_amount,subtract,1.0,"최대 4,000만원","금액 판단: 금액 미기재 / 지원 방식: 현금지원, 컨설팅멘토링, 기술개발, 시험인증, 판로수출"
PBLN_000000000123560,[경북] 안동시 2026년 중소기업 기술성장 디딤돌 사업 참여기업 추가모집 공고,경상북도,2,subtract 근거에 전체예산/총사업비/조건성 키워드 포함 | 근거는 미확인성인데 actual에는 숫자 금액 존재,False,risk_reasons_present,1000.0,support_amount,subtract,19,1000.0,support_amount,subtract,1.0,"최대 1,000만원","금액 판단: 금액 미기재 / 지원 방식: 현금지원, 컨설팅멘토링, 기술개발, 시험인증, 스마트공장"
PBLN_000000000117463,[강원] 2026년 글로벌 IP 스타기업 육성 해외등록비용 지원사업 공고,강원특별자치도,2,subtract 근거에 전체예산/총사업비/조건성 키워드 포함 | 근거는 미확인성인데 actual에는 숫자 금액 존재,False,risk_reasons_present,144.0,support_amount,subtract,18,144.0,support_amount,subtract,,최대 144만원,"금액 판단: 금액 미기재 / 지원 방식: 기술개발, 시험인증, 판로수출"
PBLN_000000000123656,[충남] 2026년 2차 지역혁신클러스터육성(비R&D)사업 사업화 지원 수혜기업 모집 공고,충청남도,2,subtract 근거에 전체예산/총사업비/조건성 키워드 포함 | 근거는 미확인성인데 actual에는 숫자 금액 존재,False,risk_reasons_present,6000.0,support_amount,subtract,17,6000.0,support_amount,subtract,0.5,"최대 6,000만원","금액 판단: 금액 미기재 / 지원 방식: 현금지원, 컨설팅멘토링, 기술개발, 시험인증"
SMARTFACTORY:2026-N-0090:1,2026년 경북형 스마트공장(기초단계) 구축지원 사업 2차모집_(신규구축),스마트공장 사업관리시스템,2,subtract 근거에 전체예산/총사업비/조건성 키워드 포함 | 기존 타입 subsidy -> 새 타입 support_amount,False,risk_reasons_present,6000.0,subsidy,subtract,16,6000.0,support_amount,subtract,0.6,"최대 6,000만원","금액 판단: 보조금 6,000만원 / 금액 표현: 최대 6,000만원 / 지원 방식: 현금지원, 스마트공장"
SMARTFACTORY:2026-N-0090:3,2026년 경북형 스마트공장(기초단계) 구축지원 사업 2차모집_(동일수준),스마트공장 사업관리시스템,2,subtract 근거에 전체예산/총사업비/조건성 키워드 포함 | 기존 타입 subsidy -> 새 타입 support_amount,False,risk_reasons_present,6000.0,subsidy,subtract,16,6000.0,support_amount,subtract,0.6,"최대 6,000만원","금액 판단: 보조금 6,000만원 / 금액 표현: 최대 6,000만원 / 지원 방식: 현금지원, 스마트공장"
PBLN_000000000123669,[대구] 2026년 R&D 과제 발굴 및 기획 지원 공고,대구광역시,2,subtract 근거에 전체예산/총사업비/조건성 키워드 포함 | 근거는 미확인성인데 actual에는 숫자 금액 존재,False,risk_reasons_present,1000.0,support_amount,subtract,15,1000.0,support_amount,subtract,,"최대 1,000만원","금액 판단: 금액 미기재 / 지원 방식: 현금지원, 컨설팅멘토링, 기술개발, 시험인증, 교육, 판로수출"
SMARTFACTORY:2025-N-0194:1,2026년 스마트제조혁신 지원사업 통합공고,스마트공장 사업관리시스템,2,subtract 근거에 전체예산/총사업비/조건성 키워드 포함 | 억 단위 금액이나 기업당/과제당 근거 부족,False,risk_reasons_present,50000.0,subsidy,subtract,15,50000.0,subsidy,subtract,0.5,최대 5억원,"금액 판단: 보조금 50,000만원 / 금액 표현: 최대 5억원 / 지원 방식: 현금지원, 컨설팅멘토링, 기술개발, 시험인증, 판로수출, 스마트공장"
PBLN_000000000123651,[부산] 2026년 수리조선산업 맞춤형 지원사업 추가모집 공고(스마트수리조선지원센터 관리운영 사업),부산광역시,2,subtract 근거에 전체예산/총사업비/조건성 키워드 포함 | 근거는 미확인성인데 actual에는 숫자 금액 존재,False,risk_reasons_present,300.0,support_amount,subtract,14,300.0,support_amount,subtract,0.9,최대 300만원,"금액 판단: 금액 미기재 / 지원 방식: 현금지원, 컨설팅멘토링, 기술개발, 시험인증"
SMARTFACTORY:2026-N-0010:1,2026년도 제조DX멘토단 활용지원(AX기획) 도입기업 모집 공고,스마트공장 사업관리시스템,2,subtract 근거에 전체예산/총사업비/조건성 키워드 포함 | 기존 타입 support_amount -> 새 타입 non_cash,False,risk_reasons_present,238.0,support_amount,subtract,14,238.0,non_cash,recommend_only,0.85,최대 238만원,"금액 판단: 지원금 238만원 / 금액 표현: 최대 238만원 / 지원 방식: 현금지원, 컨설팅멘토링, 시험인증, 판로수출, 스마트공장"
PBLN_000000000118122,[울산] 2026년 이전ㆍ창업기업(기술강소기업) 특별보조금 지원사업 공고,울산광역시,2,subtract 근거에 전체예산/총사업비/조건성 키워드 포함 | 근거는 미확인성인데 actual에는 숫자 금액 존재,False,risk_reasons_present,20000.0,subsidy,subtract,13,20000.0,subsidy,subtract,0.15,최대 2억원,"금액 판단: 금액 미기재 / 지원 방식: 현금지원, 컨설팅멘토링, 시험인증"
PBLN_000000000118681,[경남] 진주시 2026년 산업재산권 권리화 지원 사업 공고,경상남도,2,subtract 근거에 전체예산/총사업비/조건성 키워드 포함 | 근거는 미확인성인데 actual에는 숫자 금액 존재,False,risk_reasons_present,100.0,support_amount,subtract,13,100.0,support_amount,subtract,,최대 100만원,금액 판단: 금액 미기재 / 지원 방식: 시험인증
PBLN_000000000123174,[경기] 포천시 2026년 현장기술 돌봄이 지원사업 모집 수정 공고,경기도,2,subtract 근거에 전체예산/총사업비/조건성 키워드 포함 | 근거는 미확인성인데 actual에는 숫자 금액 존재,False,risk_reasons_present,90.0,support_amount,subtract,13,90.0,support_amount,subtract,,최대 90만원,"금액 판단: 금액 미기재 / 지원 방식: 현금지원, 공동장비, 기술개발, 시험인증, 판로수출, 스마트공장"
PBLN_000000000123413,[경북] 2026년 3차 디지털전환 지원모델 확산사업 지역특화산업지원 참여기업 모집 재공고,경상북도,2,subtract 근거에 전체예산/총사업비/조건성 키워드 포함 | 근거는 미확인성인데 actual에는 숫자 금액 존재,False,risk_reasons_present,5000.0,support_amount,subtract,13,5000.0,support_amount,subtract,,"최대 5,000만원","금액 판단: 금액 미기재 / 지원 방식: 현금지원, 컨설팅멘토링, 기술개발, 시험인증, 판로수출, 스마트공장"
PBLN_000000000117056,[경기] 부천시 2026년 내일채움공제 지원 계획 공고,경기도,2,"근거는 미확인성인데 actual에는 숫자 금액 존재 | 대표 금액 20% 이상 차이: 기존 24만원, 새 34만원",False,risk_reasons_present,24.0,support_amount,subtract,12,34.0,support_amount,subtract,,최대 24만원,"금액 판단: 금액 미기재 / 지원 방식: 시험인증, 교육"
PBLN_000000000123119,2026년 바이오프린팅 활용 첨단바이오 활성화 지원사업(시설ㆍ장비 활용) 수혜기업 모집 공고,경상북도,2,subtract 근거에 전체예산/총사업비/조건성 키워드 포함 | 근거는 미확인성인데 actual에는 숫자 금액 존재,False,risk_reasons_present,3000.0,support_amount,subtract,12,3000.0,support_amount,subtract,0.1,"최대 3,000만원","금액 판단: 금액 미기재 / 지원 방식: 현금지원, 공동장비, 기술개발, 시험인증, 스마트공장"
PBLN_000000000123466,2026년 지능형 반도체 개발ㆍ실증지원 고신뢰 반도체 상용화를 위한 검증ㆍ확인 지원사업 기업 지원 프로그램 통합 공고,산업통상부,2,근거는 미확인성인데 actual에는 숫자 금액 존재 | 기존 타입 subsidy -> 새 타입 non_cash,False,risk_reasons_present,0.0,subsidy,subtract,11,0.5,non_cash,recommend_only,,최대 0.5만원,"금액 판단: 금액 미기재 / 지원 방식: 공동장비, 기술개발, 시험인증"
PBLN_000000000123472,[세종] 2026년 정보보호 기업육성(사업화 & 창업ㆍ벤처 육성) 지원사업 모집 공고,세종특별자치시,2,subtract 근거에 전체예산/총사업비/조건성 키워드 포함 | 근거는 미확인성인데 actual에는 숫자 금액 존재,False,risk_reasons_present,4000.0,support_amount,subtract,11,4000.0,support_amount,subtract,,"최대 4,000만원","금액 판단: 금액 미기재 / 지원 방식: 현금지원, 컨설팅멘토링, 기술개발, 시험인증, 교육, 판로수출"
PBLN_000000000123642,[전남광주] 2026년 2차 글로벌강소기업 1000+ 프로젝트 자율 프로그램 모집 공고,전남광주통합특별시,2,subtract 근거에 전체예산/총사업비/조건성 키워드 포함 | 근거는 미확인성인데 actual에는 숫자 금액 존재,False,risk_reasons_present,800.0,support_amount,subtract,11,800.0,support_amount,subtract,,최대 800만원,"금액 판단: 금액 미기재 / 지원 방식: 현금지원, 컨설팅멘토링, 기술개발, 시험인증, 판로수출, 스마트공장"
PBLN_000000000123750,[경북] 경산시 2026년 산업 AX 미니프로젝트 지원 사업 참여기업 모집 공고(산업 인공지능(AI) 전환 및 확산기반조성),경상북도,2,subtract 근거에 전체예산/총사업비/조건성 키워드 포함 | 근거는 미확인성인데 actual에는 숫자 금액 존재,False,risk_reasons_present,2000.0,support_amount,subtract,11,2000.0,support_amount,subtract,,"최대 2,000만원","금액 판단: 금액 미기재 / 지원 방식: 현금지원, 컨설팅멘토링, 기술개발, 시험인증, 스마트공장"
TECHNOPARK:1747,"충남지자체 지식재산창출지원사업 수혜기업모집 공고(상시, 마감시까지)",충남테크노파크,2,"subtract 근거에 전체예산/총사업비/조건성 키워드 포함 | 대표 금액 20% 이상 차이: 기존 150만원, 새 400만원",False,risk_reasons_present,150.0,support_amount,subtract,11,400.0,support_amount,subtract,0.1,최대 150만원,"금액 판단: 지원금 150만원 / 금액 표현: 최대 150만원 / 지원 방식: 현금지원, 공동장비, 컨설팅멘토링, 기술개발, 시험인증, 교육, 판로수출"
PBLN_000000000118003,[경기] 용인시 2026년 다통해 서포터즈(시민 통번역 서포터즈) 지원사업 공고,경기도,2,subtract 근거에 전체예산/총사업비/조건성 키워드 포함 | 근거는 미확인성인데 actual에는 숫자 금액 존재,False,risk_reasons_present,50.0,support_amount,subtract,10,50.0,support_amount,subtract,,최대 50만원,"금액 판단: 금액 미기재 / 지원 방식: 컨설팅멘토링, 시험인증, 교육, 판로수출"
PBLN_000000000122724,[충북] 청주시 2026년 2차 공정혁신시뮬레이션센터 구축 및 운영사업 기술지원 수혜기업 모집 연장 공고,산업통상부,2,subtract 근거에 전체예산/총사업비/조건성 키워드 포함 | 근거는 미확인성인데 actual에는 숫자 금액 존재,False,risk_reasons_present,1600.0,support_amount,subtract,10,1600.0,support_amount,subtract,,"최대 1,600만원","금액 판단: 금액 미기재 / 지원 방식: 현금지원, 공동장비, 컨설팅멘토링, 기술개발, 시험인증, 판로수출, 스마트공장"
PBLN_000000000120219,2026년 투자연계형 기술확보지원사업(기술검증지원) 참여기업 모집 공고,산업통상부,2,subtract 근거에 전체예산/총사업비/조건성 키워드 포함 | 근거는 미확인성인데 actual에는 숫자 금액 존재,False,risk_reasons_present,6000.0,subsidy,subtract,9,6000.0,subsidy,subtract,1.0,"최대 6,000만원","금액 판단: 금액 미기재 / 지원 방식: 현금지원, 컨설팅멘토링, 기술개발, 시험인증"
PBLN_000000000121664,2026년 IP투자연계 지식재산평가 지원사업 공고,지식재산처,2,subtract 근거에 전체예산/총사업비/조건성 키워드 포함 | 근거는 미확인성인데 actual에는 숫자 금액 존재,False,risk_reasons_present,1500.0,support_amount,subtract,9,1500.0,support_amount,subtract,0.8,"최대 1,500만원","금액 판단: 금액 미기재 / 지원 방식: 현금지원, 컨설팅멘토링, 기술개발, 시험인증, 판로수출"
PBLN_000000000122238,[강원] 춘천시 2026년 지식재산 국내분쟁 비용지원 사업 모집 연장 공고,강원특별자치도,2,subtract 근거에 전체예산/총사업비/조건성 키워드 포함 | 근거는 미확인성인데 actual에는 숫자 금액 존재,False,risk_reasons_present,300.0,support_amount,subtract,9,300.0,support_amount,subtract,0.3,최대 300만원,"금액 판단: 금액 미기재 / 지원 방식: 현금지원, 컨설팅멘토링, 기술개발, 시험인증, 판로수출"
PBLN_000000000122495,[경기] 2026년 GH 민간협력기술개발사업 과제 공모 공고,경기도,2,subtract 근거에 전체예산/총사업비/조건성 키워드 포함 | 근거는 미확인성인데 actual에는 숫자 금액 존재,False,risk_reasons_present,7000.0,support_amount,subtract,9,7000.0,support_amount,subtract,0.7,"최대 7,000만원","금액 판단: 금액 미기재 / 지원 방식: 현금지원, 공동장비, 기술개발, 시험인증, 판로수출, 스마트공장"
PBLN_000000000123277,[대전ㆍ충청] 2026년 중소기업 AI훈련확산 지원사업 참여기업 모집 공고,고용노동부,2,subtract 근거에 전체예산/총사업비/조건성 키워드 포함 | 근거는 미확인성인데 actual에는 숫자 금액 존재,False,risk_reasons_present,280.0,support_amount,subtract,9,280.0,support_amount,subtract,1.0,최대 280만원,"금액 판단: 금액 미기재 / 지원 방식: 현금지원, 컨설팅멘토링, 기술개발, 시험인증, 교육"
PBLN_000000000123338,2026년 IP투자연계 지식재산평가 지원사업 공고,지식재산처,2,subtract 근거에 전체예산/총사업비/조건성 키워드 포함 | 근거는 미확인성인데 actual에는 숫자 금액 존재,False,risk_reasons_present,1500.0,support_amount,subtract,9,1500.0,support_amount,subtract,0.8,"최대 1,500만원","금액 판단: 금액 미기재 / 지원 방식: 현금지원, 컨설팅멘토링, 기술개발, 시험인증, 판로수출"
SMARTFACTORY:2026-N-0111:1,[제주] 2026년 제조DX멘토단 활용지원(구축지도) 도입기업 모집 공고,스마트공장 사업관리시스템,2,subtract 근거에 전체예산/총사업비/조건성 키워드 포함 | 기존 타입 support_amount -> 새 타입 non_cash,False,risk_reasons_present,21.0,support_amount,subtract,9,21.0,non_cash,recommend_only,0.15,최대 21만원,"금액 판단: 지원금 21만원 / 금액 표현: 최대 21만원 / 지원 방식: 현금지원, 컨설팅멘토링, 스마트공장"
PBLN_000000000122930,[경남] 서부 2026년 3차 지식재산 긴급지원 사업 모집 공고,경상남도,2,subtract 근거에 전체예산/총사업비/조건성 키워드 포함 | 근거는 미확인성인데 actual에는 숫자 금액 존재,False,risk_reasons_present,900.0,subsidy,subtract,8,900.0,subsidy,subtract,0.4,최대 900만원,"금액 판단: 금액 미기재 / 지원 방식: 컨설팅멘토링, 기술개발, 시험인증, 판로수출, 에너지효율"
PBLN_000000000123700,[대구] 2026년 산업안전보건 원스톱 서비스 지원 공고,대구광역시,2,subtract 근거에 전체예산/총사업비/조건성 키워드 포함 | 근거는 미확인성인데 actual에는 숫자 금액 존재,False,risk_reasons_present,1250.0,support_amount,subtract,8,1250.0,support_amount,subtract,,"최대 1,250만원","금액 판단: 금액 미기재 / 지원 방식: 컨설팅멘토링, 시험인증, 교육, 판로수출"
PBLN_000000000123703,[부산] 2026년 3차 대외협력R&D기획지원사업 신규과제 공고,부산광역시,2,subtract 근거에 전체예산/총사업비/조건성 키워드 포함 | 근거는 미확인성인데 actual에는 숫자 금액 존재,False,risk_reasons_present,2700.0,support_amount,subtract,8,3000.0,support_amount,subtract,1.0,"최대 2,700만원","금액 판단: 금액 미기재 / 지원 방식: 현금지원, 컨설팅멘토링, 기술개발, 시험인증, 교육, 판로수출"
SMARTFACTORY:2026-N-0099:1,[포항] 2026년 제조DX멘토단 활용지원(구축지도) 도입기업 모집공고,스마트공장 사업관리시스템,2,후보는 있으나 대표 후보 없음 | 기존 금액은 있으나 새 대표 금액 없음,False,risk_reasons_present,21.0,non_cash,recommend_only,8,,,,0.85,최대 21만원,금액 판단: 비현금지원 / 금액 표현: 최대 21만원 / 지원 방식: 스마트공장
PBLN_000000000120340,[경기] 2026년 섬유분야 유해물질 시험분석 및 인증지원 공고,경기도,2,subtract 근거에 전체예산/총사업비/조건성 키워드 포함 | 근거는 미확인성인데 actual에는 숫자 금액 존재,False,risk_reasons_present,300.0,support_amount,subtract,7,300.0,support_amount,subtract,,최대 300만원,"금액 판단: 금액 미기재 / 지원 방식: 공동장비, 기술개발, 시험인증, 판로수출, 스마트공장"
PBLN_000000000123191,[경북] 안동시 2026년 3차 지식재산 긴급지원 사업 모집 공고,경상북도,2,subtract 근거에 전체예산/총사업비/조건성 키워드 포함 | 근거는 미확인성인데 actual에는 숫자 금액 존재,False,risk_reasons_present,900.0,subsidy,subtract,7,900.0,subsidy,subtract,0.4,최대 900만원,"금액 판단: 금액 미기재 / 지원 방식: 컨설팅멘토링, 기술개발, 시험인증, 판로수출, 스마트공장"
PBLN_000000000123195,[경북] 의성군 2026년 3차 지식재산 긴급지원 사업 모집 공고,경상북도,2,subtract 근거에 전체예산/총사업비/조건성 키워드 포함 | 근거는 미확인성인데 actual에는 숫자 금액 존재,False,risk_reasons_present,900.0,subsidy,subtract,7,900.0,subsidy,subtract,0.4,최대 900만원,"금액 판단: 금액 미기재 / 지원 방식: 컨설팅멘토링, 기술개발, 시험인증, 판로수출, 스마트공장"
PBLN_000000000123585,[경남] 밀양시 2026년 3차 미래차 산업전환 공정기술 고도화 수혜기업 모집 공고(미래차 산업 전환 공정기술 고도화 지원사업),경상남도,2,subtract 근거에 전체예산/총사업비/조건성 키워드 포함 | 근거는 미확인성인데 actual에는 숫자 금액 존재,False,risk_reasons_present,5000.0,support_amount,subtract,7,5000.0,support_amount,subtract,,"최대 5,000만원","금액 판단: 금액 미기재 / 지원 방식: 컨설팅멘토링, 기술개발, 시험인증"
PBLN_000000000123603,[경북] 구미시 2026년 핵심부품ㆍ소재기술 개발사업 신규지원(단기상용화R&Dㆍ기술컨설팅) 대상과제 공고,경상북도,2,subtract 근거에 전체예산/총사업비/조건성 키워드 포함 | 근거는 미확인성인데 actual에는 숫자 금액 존재,False,risk_reasons_present,4000.0,support_amount,subtract,7,4000.0,support_amount,subtract,,"최대 4,000만원","금액 판단: 금액 미기재 / 지원 방식: 컨설팅멘토링, 기술개발, 시험인증, 스마트공장"
TECHNOPARK:391,(2026-75호) 2026년 제조DX멘토단 활용지원(구축지도) 도입기업 모집 공고,강원테크노파크,2,subtract 근거에 전체예산/총사업비/조건성 키워드 포함 | 기존 타입 subsidy -> 새 타입 non_cash,False,risk_reasons_present,21.0,subsidy,subtract,7,21.0,non_cash,recommend_only,0.15,최대 21만원,"금액 판단: 보조금 21만원 / 금액 표현: 최대 21만원 / 지원 방식: 컨설팅멘토링, 판로수출, 스마트공장"
ENERGYAGENCY:21809,2019년 에너지경영시스템 인프라 구축 지원사업 공고 안내,한국에너지공단,2,subtract 근거에 전체예산/총사업비/조건성 키워드 포함 | 기존 타입 subsidy -> 새 타입 support_amount,False,risk_reasons_present,15000.0,subsidy,subtract,6,15000.0,support_amount,subtract,1.0,최대 1.5억원,"금액 판단: 보조금 15,000만원 / 금액 표현: 최대 1.5억원 / 지원 방식: 현금지원, 컨설팅멘토링, 시험인증, 교육, 에너지효율"
ENERGYAGENCY:21849,2019년 에너지경영시스템 인프라 구축 지원사업 공고 안내,한국에너지공단,2,subtract 근거에 전체예산/총사업비/조건성 키워드 포함 | 기존 타입 subsidy -> 새 타입 support_amount,False,risk_reasons_present,15000.0,subsidy,subtract,6,15000.0,support_amount,subtract,1.0,최대 1.5억원,"금액 판단: 보조금 15,000만원 / 금액 표현: 최대 1.5억원 / 지원 방식: 현금지원, 컨설팅멘토링, 시험인증, 에너지효율"
PBLN_000000000119321,[세종] 2026년 수출보증보험료 지원 사업 참가기업 모집 공고,세종특별자치시,2,subtract 근거에 전체예산/총사업비/조건성 키워드 포함 | 근거는 미확인성인데 actual에는 숫자 금액 존재,False,risk_reasons_present,200.0,support_amount,subtract,6,200.0,support_amount,subtract,1.0,최대 200만원,"금액 판단: 금액 미기재 / 지원 방식: 현금지원, 시험인증, 판로수출, 스마트공장"
PBLN_000000000122891,2026년 2차 전력정보화 및 정책지원사업(신재생에너지 분야) 신규지원 대상과제 공고,기후에너지환경부,2,근거는 미확인성인데 actual에는 숫자 금액 존재 | 기존 타입 subsidy -> 새 타입 non_cash,False,risk_reasons_present,5000.0,subsidy,subtract,6,5000.0,non_cash,recommend_only,1.0,"최대 5,000만원","금액 판단: 금액 미기재 / 지원 방식: 기술개발, 시험인증"
PBLN_000000000123023,[경남] 2026년 사이버 위기대응 모의훈련 및 보안점검 수요기업 모집 공고(지역 정보보호 지원센터),경상남도,2,subtract 근거에 전체예산/총사업비/조건성 키워드 포함 | 근거는 미확인성인데 actual에는 숫자 금액 존재,False,risk_reasons_present,1300.0,support_amount,subtract,6,1300.0,support_amount,subtract,1.0,"최대 1,300만원","금액 판단: 금액 미기재 / 지원 방식: 컨설팅멘토링, 기술개발, 시험인증, 교육, 스마트공장"
PBLN_000000000123300,[광주] 2026년 자동차 부품업체 지속 가능 전환기업 육성지원사업 지원기업 모집 공고,광주광역시,2,subtract 근거에 전체예산/총사업비/조건성 키워드 포함 | 근거는 미확인성인데 actual에는 숫자 금액 존재,False,risk_reasons_present,1600.0,support_amount,subtract,6,1600.0,support_amount,subtract,,"최대 1,600만원","금액 판단: 금액 미기재 / 지원 방식: 기술개발, 시험인증"
PBLN_000000000123423,[경북] 안동시 2026년 장애인기업육성지원사업 기업(사업화) 지원 모집 공고,경상북도,2,subtract 근거에 전체예산/총사업비/조건성 키워드 포함 | 근거는 미확인성인데 actual에는 숫자 금액 존재,False,risk_reasons_present,500.0,support_amount,subtract,6,500.0,support_amount,subtract,,최대 500만원,"금액 판단: 금액 미기재 / 지원 방식: 컨설팅멘토링, 기술개발, 시험인증"
PBLN_000000000123507,2026년 2차 전북 기업성장 환류형 상생일자리 지원사업 참여기업 모집 공고(BIONE 고용혁신 프로젝트),전북특별자치도,2,subtract 근거에 전체예산/총사업비/조건성 키워드 포함 | 근거는 미확인성인데 actual에는 숫자 금액 존재,False,risk_reasons_present,5000.0,support_amount,subtract,6,5000.0,support_amount,subtract,,"최대 5,000만원","금액 판단: 금액 미기재 / 지원 방식: 기술개발, 시험인증, 교육"
PBLN_000000000123607,[경북] 김천시 2026년 4차 중소기업 기술성장 디딤돌 사업 참가기업 추가모집 공고,경상북도,2,subtract 근거에 전체예산/총사업비/조건성 키워드 포함 | 근거는 미확인성인데 actual에는 숫자 금액 존재,False,risk_reasons_present,700.0,support_amount,subtract,6,700.0,support_amount,subtract,0.1,최대 700만원,"금액 판단: 금액 미기재 / 지원 방식: 현금지원, 컨설팅멘토링, 기술개발, 시험인증, 스마트공장"
TECHNOPARK:304,(2026-70호) 「2026 강원후평스마트에너지플랫폼 구축사업」 공장에너지관리시스템(FEMS) 수요기업 모집 공고,강원테크노파크,2,subtract 근거에 전체예산/총사업비/조건성 키워드 포함 | 기존 타입 subsidy -> 새 타입 support_amount,False,risk_reasons_present,7000.0,subsidy,subtract,6,7000.0,support_amount,subtract,1.0,"최대 7,000만원","금액 판단: 보조금 7,000만원 / 금액 표현: 최대 7,000만원 / 지원 방식: 판로수출"
TECHNOPARK:872,2026년 충남 정보보호 우수사례 지원사업 수혜기업 모집,충남테크노파크,2,subtract 근거에 전체예산/총사업비/조건성 키워드 포함 | 기존 타입 subsidy -> 새 타입 support_amount,False,risk_reasons_present,750.0,subsidy,subtract,6,750.0,support_amount,subtract,0.25,최대 750만원,"금액 판단: 보조금 750만원 / 금액 표현: 최대 750만원 / 지원 방식: 현금지원, 컨설팅멘토링, 시험인증, 교육, 에너지효율"
PBLN_000000000117066,장애인고용개선장려금 사업 공고,고용노동부,2,근거는 미확인성인데 actual에는 숫자 금액 존재 | 기존 타입 support_amount -> 새 타입 non_cash,False,risk_reasons_present,45.0,support_amount,subtract,5,45.0,non_cash,recommend_only,0.6,최대 45만원,금액 판단: 금액 미기재 / 지원 방식: 시험인증
PBLN_000000000118245,[경북] 2026년 중소벤처기업 지식재산권 및 해외인증 지원사업 참가기업 모집 공고,경상북도,2,근거는 미확인성인데 actual에는 숫자 금액 존재 | 기존 타입 support_amount -> 새 타입 non_cash,False,risk_reasons_present,500.0,support_amount,subtract,5,500.0,non_cash,recommend_only,,최대 500만원,"금액 판단: 금액 미기재 / 지원 방식: 기술개발, 시험인증, 판로수출, 스마트공장"
PBLN_000000000120673,2026년 다공성 탄소소재 기반 환경소재 및 부품개발 기반구축 사업 수혜기업 지원(시제품 제작 및 기술지도) 사업 공고,산업통상부,2,subtract 근거에 전체예산/총사업비/조건성 키워드 포함 | 근거는 미확인성인데 actual에는 숫자 금액 존재,False,risk_reasons_present,50.0,support_amount,subtract,5,50.0,support_amount,subtract,,최대 50만원,"금액 판단: 금액 미기재 / 지원 방식: 기술개발, 시험인증"
PBLN_000000000121956,2026년 시흥시 (국비)금형 디지털전환 지원사업 기술지도 모집 공고,경기도,2,subtract 근거에 전체예산/총사업비/조건성 키워드 포함 | 근거는 미확인성인데 actual에는 숫자 금액 존재,False,risk_reasons_present,200.0,support_amount,subtract,5,200.0,support_amount,subtract,,최대 200만원,"금액 판단: 금액 미기재 / 지원 방식: 공동장비, 컨설팅멘토링, 기술개발, 시험인증, 판로수출, 스마트공장"
PBLN_000000000122174,2026년 인천 블록체인 바우처 지원사업 수요기업 모집 공고,인천광역시,2,subtract 근거에 전체예산/총사업비/조건성 키워드 포함 | 근거는 미확인성인데 actual에는 숫자 금액 존재,False,risk_reasons_present,500.0,support_amount,subtract,5,500.0,support_amount,subtract,,최대 500만원,"금액 판단: 금액 미기재 / 지원 방식: 현금지원, 컨설팅멘토링, 기술개발, 시험인증, 교육"
PBLN_000000000123165,[울산] 데이터 파이프라인 구축 사업 수혜기업 추가 모집 공고(지역주도형 AI 대전환),중소벤처기업부,2,subtract 근거에 전체예산/총사업비/조건성 키워드 포함 | 근거는 미확인성인데 actual에는 숫자 금액 존재,False,risk_reasons_present,5000.0,support_amount,subtract,5,5000.0,support_amount,subtract,,"최대 5,000만원","금액 판단: 금액 미기재 / 지원 방식: 컨설팅멘토링, 기술개발, 시험인증"
PBLN_000000000123210,2026년 2차 국가표준기술력향상사업 신규지원 대상과제 공고,산업통상부,2,근거는 미확인성인데 actual에는 숫자 금액 존재 | 기존 타입 subsidy -> 새 타입 support_amount,False,risk_reasons_present,7000.0,subsidy,subtract,5,7000.0,support_amount,subtract,1.0,"최대 7,000만원","금액 판단: 금액 미기재 / 지원 방식: 기술개발, 시험인증, 교육, 에너지효율"
PBLN_000000000123261,[인천] 2026년 우수디자인 시제품개발지원사업 모집 공고,인천광역시,2,근거는 미확인성인데 actual에는 숫자 금액 존재 | 기존 타입 support_amount -> 새 타입 non_cash,False,risk_reasons_present,290.0,support_amount,subtract,5,290.0,non_cash,recommend_only,0.5,최대 290만원,"금액 판단: 금액 미기재 / 지원 방식: 현금지원, 기술개발, 시험인증"
PBLN_000000000123284,2026년 고용노동부(안전보건공단) 연계 스마트 안전장비지원 품목 등록 시행계획 공고,과학기술정보통신부,2,근거는 미확인성인데 actual에는 숫자 금액 존재 | 기존 타입 subsidy -> 새 타입 support_amount,False,risk_reasons_present,3000.0,subsidy,subtract,5,3000.0,support_amount,subtract,0.8,"최대 3,000만원","금액 판단: 금액 미기재 / 지원 방식: 현금지원, 기술개발, 시험인증, 판로수출"
PBLN_000000000123462,[경기] 고양시 2026년 28청춘창업소 제품화 지원 프로그램 참가자 모집 공고,경기도,2,subtract 근거에 전체예산/총사업비/조건성 키워드 포함 | 근거는 미확인성인데 actual에는 숫자 금액 존재,False,risk_reasons_present,270.0,support_amount,subtract,5,270.0,support_amount,subtract,,최대 270만원,"금액 판단: 금액 미기재 / 지원 방식: 공동장비, 컨설팅멘토링, 기술개발, 시험인증, 판로수출, 스마트공장"
PBLN_000000000123482,[경기] 2026년 기후테크 경진대회 참여기업 모집 공고(2027년 경기도 실증화 지원사업 연계),경기도,2,subtract 근거에 전체예산/총사업비/조건성 키워드 포함 | 근거는 미확인성인데 actual에는 숫자 금액 존재,False,risk_reasons_present,20000.0,support_amount,subtract,5,20000.0,support_amount,subtract,1.0,최대 2억원,"금액 판단: 금액 미기재 / 지원 방식: 공동장비, 기술개발, 시험인증, 교육, 판로수출, 에너지효율, 스마트공장"
PBLN_000000000123520,[제주] 2026년 2차 지역기업 성장사다리 지원사업 공고,중소벤처기업부,2,subtract 근거에 전체예산/총사업비/조건성 키워드 포함 | 근거는 미확인성인데 actual에는 숫자 금액 존재,False,risk_reasons_present,5000.0,support_amount,subtract,5,5000.0,support_amount,subtract,,"최대 5,000만원","금액 판단: 금액 미기재 / 지원 방식: 현금지원, 컨설팅멘토링, 기술개발, 시험인증, 판로수출"
PBLN_000000000123682,2026년 ICT 중소기업 정보보호 지원 사업 수요기업 모집 공고,과학기술정보통신부,2,subtract 근거에 전체예산/총사업비/조건성 키워드 포함 | 근거는 미확인성인데 actual에는 숫자 금액 존재,False,risk_reasons_present,480.0,subsidy,subtract,5,480.0,subsidy,subtract,0.8,최대 480만원,"금액 판단: 금액 미기재 / 지원 방식: 현금지원, 컨설팅멘토링, 기술개발, 시험인증"
PBLN_000000000123733,[경기] 화성시 2026년 하반기 그린안전리모델링 지원사업 참여기업 모집 공고,경기도,2,subtract 근거에 전체예산/총사업비/조건성 키워드 포함 | 근거는 미확인성인데 actual에는 숫자 금액 존재,False,risk_reasons_present,500.0,support_amount,subtract,5,500.0,support_amount,subtract,,최대 500만원,"금액 판단: 금액 미기재 / 지원 방식: 컨설팅멘토링, 시험인증, 교육"
PBLN_000000000117992,2026년 나눔장비 이전지원사업 모집 공고,과학기술정보통신부,2,subtract 근거에 전체예산/총사업비/조건성 키워드 포함 | 근거는 미확인성인데 actual에는 숫자 금액 존재,False,risk_reasons_present,6000.0,support_amount,subtract,4,6000.0,support_amount,subtract,0.2,"최대 6,000만원","금액 판단: 금액 미기재 / 지원 방식: 기술개발, 시험인증, 교육"
PBLN_000000000118049,2026년 중소벤처기업부 외국전문인력(E-7-1) 고용추천 공고,중소벤처기업부,2,근거는 미확인성인데 actual에는 숫자 금액 존재 | 기존 타입 support_amount -> 새 타입 non_cash,False,risk_reasons_present,2897.0,support_amount,subtract,4,2897.0,non_cash,recommend_only,,"최대 2,897만원","금액 판단: 금액 미기재 / 지원 방식: 기술개발, 시험인증"
PBLN_000000000118361,[경기] 부천시 2026년 유해물질 시험분석 수수료 지원 사업 참여 기업 모집 공고,경기도,2,subtract 근거에 전체예산/총사업비/조건성 키워드 포함 | 근거는 미확인성인데 actual에는 숫자 금액 존재,False,risk_reasons_present,100.0,support_amount,subtract,4,100.0,support_amount,subtract,0.5,최대 100만원,"금액 판단: 금액 미기재 / 지원 방식: 현금지원, 공동장비, 컨설팅멘토링, 기술개발, 시험인증, 판로수출, 스마트공장"
PBLN_000000000119515,2026년 M&A 활성화 지원사업 공고,중소벤처기업부,2,subtract 근거에 전체예산/총사업비/조건성 키워드 포함 | 근거는 미확인성인데 actual에는 숫자 금액 존재,False,risk_reasons_present,3000.0,support_amount,subtract,4,3000.0,support_amount,subtract,0.5,"최대 3,000만원","금액 판단: 금액 미기재 / 지원 방식: 컨설팅멘토링, 시험인증, 교육"
PBLN_000000000119910,2026년 정보보호제품 신속확인 신규 제품 수수료  지원 사업 안내 공고,과학기술정보통신부,2,subtract 근거에 전체예산/총사업비/조건성 키워드 포함 | 근거는 미확인성인데 actual에는 숫자 금액 존재,False,risk_reasons_present,1000.0,support_amount,subtract,4,1000.0,support_amount,subtract,0.75,"최대 1,000만원","금액 판단: 금액 미기재 / 지원 방식: 현금지원, 컨설팅멘토링, 기술개발, 시험인증, 판로수출"
PBLN_000000000121397,[강원] 2026년 바이오기업 애로해소 인허가 컨설팅 지원기업 상시모집 공고,강원특별자치도,2,subtract 근거에 전체예산/총사업비/조건성 키워드 포함 | 근거는 미확인성인데 actual에는 숫자 금액 존재,False,risk_reasons_present,1000.0,support_amount,subtract,4,1000.0,support_amount,subtract,0.1,"최대 1,000만원","금액 판단: 금액 미기재 / 지원 방식: 현금지원, 컨설팅멘토링, 기술개발, 시험인증, 판로수출"
PBLN_000000000123173,[전남광주] 여수시 2026년 2차 지역산업위기대응 맞춤형 지원사업 공고,전남광주통합특별시,2,근거는 미확인성인데 actual에는 숫자 금액 존재 | 억 단위 금액이나 기업당/과제당 근거 부족,False,risk_reasons_present,20000.0,support_amount,subtract,4,20000.0,support_amount,subtract,,최대 2억원,"금액 판단: 금액 미기재 / 지원 방식: 기술개발, 시험인증"
PBLN_000000000123268,[충남] 천안시ㆍ아산시 2026년 디스플레이 특화단지 R&D 컨설팅 지원 수혜기업 모집 공고,충청남도,2,subtract 근거에 전체예산/총사업비/조건성 키워드 포함 | 근거는 미확인성인데 actual에는 숫자 금액 존재,False,risk_reasons_present,300.0,support_amount,subtract,4,300.0,support_amount,subtract,,최대 300만원,"금액 판단: 금액 미기재 / 지원 방식: 컨설팅멘토링, 기술개발, 시험인증"
PBLN_000000000123336,[서울] 2026년 2차 서울제로마켓 활성화 사업 참여자 모집 공고,서울특별시,2,subtract 근거에 전체예산/총사업비/조건성 키워드 포함 | 근거는 미확인성인데 actual에는 숫자 금액 존재,False,risk_reasons_present,120.0,subsidy,subtract,4,120.0,subsidy,subtract,0.5,최대 120만원,"금액 판단: 금액 미기재 / 지원 방식: 현금지원, 시험인증, 교육"
PBLN_000000000123471,[충북] 2026년 예비수소전문기업 지원사업 수혜기업 추가 모집 공고,기후에너지환경부,2,subtract 근거에 전체예산/총사업비/조건성 키워드 포함 | 근거는 미확인성인데 actual에는 숫자 금액 존재,False,risk_reasons_present,5500.0,support_amount,subtract,4,5500.0,support_amount,subtract,,"최대 5,500만원","금액 판단: 금액 미기재 / 지원 방식: 현금지원, 공동장비, 컨설팅멘토링, 기술개발, 시험인증, 교육, 판로수출"
PBLN_000000000123506,[전남광주] 2026년 2차 전남 지역기업 성장사다리 지원사업 연장 공고,중소벤처기업부,2,subtract 근거에 전체예산/총사업비/조건성 키워드 포함 | 근거는 미확인성인데 actual에는 숫자 금액 존재,False,risk_reasons_present,3500.0,support_amount,subtract,4,3500.0,support_amount,subtract,,"최대 3,500만원","금액 판단: 금액 미기재 / 지원 방식: 기술개발, 시험인증, 판로수출"
PBLN_000000000123543,[경북] 포항시 2026년 경북형(포항) 스마트공장(기초단계) 구축지원사업 추가모집 공고,경상북도,2,subtract 근거에 전체예산/총사업비/조건성 키워드 포함 | 근거는 미확인성인데 actual에는 숫자 금액 존재,False,risk_reasons_present,6000.0,support_amount,subtract,4,6000.0,support_amount,subtract,0.6,"최대 6,000만원","금액 판단: 금액 미기재 / 지원 방식: 컨설팅멘토링, 기술개발, 시험인증, 스마트공장"
PBLN_000000000123606,[전남광주] 2026년 3차 융ㆍ복합 가전산업 기업 브랜드 강화 지원 참여기업 모집 공고(지역주도형 일자리 지원사업),전남광주통합특별시,2,subtract 근거에 전체예산/총사업비/조건성 키워드 포함 | 근거는 미확인성인데 actual에는 숫자 금액 존재,False,risk_reasons_present,1000.0,support_amount,subtract,4,1000.0,support_amount,subtract,,"최대 1,000만원","금액 판단: 금액 미기재 / 지원 방식: 컨설팅멘토링, 기술개발, 시험인증"
PBLN_000000000123767,2026년 바이오소재(항원ㆍ항체) 개발지원사업 공고(중소형 CDMO육성 항원 항체소재 뱅크 구축 사업),산업통상부,2,근거는 미확인성인데 actual에는 숫자 금액 존재 | 기존 타입 support_amount -> 새 타입 non_cash,False,risk_reasons_present,10000.0,support_amount,subtract,4,10000.0,non_cash,recommend_only,,최대 1억원,"금액 판단: 금액 미기재 / 지원 방식: 기술개발, 시험인증"
PBLN_000000000119158,[전북] 2026년 초등학부모 10시 출근제 도입 중소기업 지원 사업 참여기업 모집 공고,전북특별자치도,2,근거는 미확인성인데 actual에는 숫자 금액 존재 | 기존 타입 support_amount -> 새 타입 non_cash,False,risk_reasons_present,120.0,support_amount,subtract,3,120.0,non_cash,recommend_only,,최대 120만원,"금액 판단: 금액 미기재 / 지원 방식: 현금지원, 시험인증"
PBLN_000000000119201,2026년 중소기업 연구인력 현장맞춤형 양성지원 사업 시행계획 공고,중소벤처기업부,2,subtract 근거에 전체예산/총사업비/조건성 키워드 포함 | 근거는 미확인성인데 actual에는 숫자 금액 존재,False,risk_reasons_present,1720.0,subsidy,subtract,3,1720.0,subsidy,subtract,1.0,"최대 1,720만원","금액 판단: 금액 미기재 / 지원 방식: 컨설팅멘토링, 기술개발, 시험인증"
PBLN_000000000119822,[경북] 구미시 2026년 시제품제작센터 수혜기업 모집 공고,경상북도,2,subtract 근거에 전체예산/총사업비/조건성 키워드 포함 | 근거는 미확인성인데 actual에는 숫자 금액 존재,False,risk_reasons_present,600.0,support_amount,subtract,3,600.0,support_amount,subtract,0.7,최대 600만원,"금액 판단: 금액 미기재 / 지원 방식: 컨설팅멘토링, 기술개발, 시험인증"
PBLN_000000000121442,[인천] 2026년 소규모 제조업 중대재해 예방 안전조치 지원사업 참여기업 모집 공고,인천광역시,2,근거는 미확인성인데 actual에는 숫자 금액 존재 | 기존 타입 support_amount -> 새 타입 non_cash,False,risk_reasons_present,250.0,support_amount,subtract,3,250.0,non_cash,recommend_only,,최대 250만원,금액 판단: 금액 미기재 / 지원 방식: 시험인증
PBLN_000000000121849,전기차 차체ㆍ섀시 충돌안전 기업지원 연장 공고(xEV 보호차체 충돌안전 기업지원사업),경상북도,2,subtract 근거에 전체예산/총사업비/조건성 키워드 포함 | 근거는 미확인성인데 actual에는 숫자 금액 존재,False,risk_reasons_present,3000.0,support_amount,subtract,3,3000.0,support_amount,subtract,,"최대 3,000만원","금액 판단: 금액 미기재 / 지원 방식: 기술개발, 시험인증, 스마트공장"
PBLN_000000000123231,[충북] 2026년 산업 AI 도입·실증 지원사업 참여기업 모집 공고(산업 인공지능 전환 및 확산 기반조성 사업),산업통상부,2,subtract 근거에 전체예산/총사업비/조건성 키워드 포함 | 근거는 미확인성인데 actual에는 숫자 금액 존재,False,risk_reasons_present,5500.0,support_amount,subtract,3,5500.0,support_amount,subtract,,"최대 5,500만원","금액 판단: 금액 미기재 / 지원 방식: 기술개발, 시험인증"
PBLN_000000000123434,[충북] 2026년 벤처 및 스타트업 기업 공동연구장비 활용 지원사업 참여기업 추가 공고,충청북도,2,subtract 근거에 전체예산/총사업비/조건성 키워드 포함 | 근거는 미확인성인데 actual에는 숫자 금액 존재,False,risk_reasons_present,1000.0,support_amount,subtract,3,1000.0,support_amount,subtract,,"최대 1,000만원","금액 판단: 금액 미기재 / 지원 방식: 현금지원, 공동장비, 시험인증"
PBLN_000000000123593,[비수도권] 2026년 3차 지능형 반도체 시험분석ㆍ성능검증 지원 지원기업 모집 공고,산업통상부,2,근거는 미확인성인데 actual에는 숫자 금액 존재 | 기존 타입 support_amount -> 새 타입 non_cash,False,risk_reasons_present,1000.0,support_amount,subtract,3,1000.0,non_cash,recommend_only,,"최대 1,000만원","금액 판단: 금액 미기재 / 지원 방식: 현금지원, 공동장비, 기술개발, 시험인증"
PBLN_000000000123720,[부산] 2026년 콘텐츠코리아 랩 미드폼 영상콘텐츠 제작지원 사업 모집 공고,부산광역시,2,근거는 미확인성인데 actual에는 숫자 금액 존재 | 기존 타입 support_amount -> 새 타입 non_cash,False,risk_reasons_present,5000.0,support_amount,subtract,3,5000.0,non_cash,recommend_only,,"최대 5,000만원","금액 판단: 금액 미기재 / 지원 방식: 기술개발, 시험인증"
PBLN_000000000123732,[충북] 2026년 2차 시군 경쟁력강화산업 육성사업(R&D) 모집 수정 공고,충청북도,2,subtract 근거에 전체예산/총사업비/조건성 키워드 포함 | 근거는 미확인성인데 actual에는 숫자 금액 존재,False,risk_reasons_present,7500.0,support_amount,subtract,3,7500.0,support_amount,subtract,0.2,"최대 7,500만원","금액 판단: 금액 미기재 / 지원 방식: 현금지원, 기술개발, 시험인증, 교육"
PBLN_000000000117794,[경북] 2026년 중소기업 정부기술개발공모사업 선정지원 참여기업 모집 공고,경상북도,2,subtract 근거에 전체예산/총사업비/조건성 키워드 포함 | 근거는 미확인성인데 actual에는 숫자 금액 존재,False,risk_reasons_present,150.0,support_amount,subtract,2,150.0,support_amount,subtract,,최대 150만원,"금액 판단: 금액 미기재 / 지원 방식: 컨설팅멘토링, 기술개발, 시험인증, 스마트공장"
PBLN_000000000118047,[충북] 청주시 2026년 도시근로자 지원사업 참여기업 모집 공고,충청북도,2,근거는 미확인성인데 actual에는 숫자 금액 존재 | 기존 타입 support_amount -> 새 타입 non_cash,False,risk_reasons_present,20.0,support_amount,subtract,2,20.0,non_cash,recommend_only,0.4,최대 20만원,금액 판단: 금액 미기재 / 지원 방식: 시험인증
PBLN_000000000118806,[경남] 사천시ㆍ진주시 2026년 디지털전환(DX) 컨설팅 및 인력양성 지원 사업 수요기업 모집 공고,경상남도,2,subtract 근거에 전체예산/총사업비/조건성 키워드 포함 | 근거는 미확인성인데 actual에는 숫자 금액 존재,False,risk_reasons_present,500.0,support_amount,subtract,2,500.0,support_amount,subtract,,최대 500만원,"금액 판단: 금액 미기재 / 지원 방식: 컨설팅멘토링, 시험인증, 교육, 스마트공장"
PBLN_000000000119764,2026년 중소기업 기술혁신 지원사업(KOSBIR) 통합 공고,중소벤처기업부,2,근거는 미확인성인데 actual에는 숫자 금액 존재 | 기존 타입 support_amount -> 새 타입 subsidy,False,risk_reasons_present,90000.0,support_amount,subtract,2,90000.0,subsidy,subtract,1.0,최대 9억원,"금액 판단: 금액 미기재 / 지원 방식: 기술개발, 시험인증, 판로수출, 에너지효율"
PBLN_000000000120385,[울산] 2026년 자동차 부품업종 근로자 지역정착 지원사업 참여기업 모집 공고(지역ㆍ산업맞춤형 일자리지원 사업(자율계정)),울산광역시,2,근거는 미확인성인데 actual에는 숫자 금액 존재 | 억 단위 금액이나 기업당/과제당 근거 부족,False,risk_reasons_present,10000.0,subsidy,subtract,2,10000.0,subsidy,subtract,,최대 1억원,"금액 판단: 금액 미기재 / 지원 방식: 현금지원, 기술개발, 시험인증"
PBLN_000000000120423,2026년 로봇 재제조산업 기업지원사업(기술 자문) 공고,산업통상부,2,subtract 근거에 전체예산/총사업비/조건성 키워드 포함 | 근거는 미확인성인데 actual에는 숫자 금액 존재,False,risk_reasons_present,300.0,support_amount,subtract,2,300.0,support_amount,subtract,,최대 300만원,"금액 판단: 금액 미기재 / 지원 방식: 현금지원, 컨설팅멘토링, 기술개발, 시험인증"
PBLN_000000000120509,[충남] 2026년 혁신기업 기술창업 활성화 지원사업 모집 공고,충청남도,2,subtract 근거에 전체예산/총사업비/조건성 키워드 포함 | 근거는 미확인성인데 actual에는 숫자 금액 존재,False,risk_reasons_present,1020.0,support_amount,subtract,2,1020.0,support_amount,subtract,,"최대 1,020만원","금액 판단: 금액 미기재 / 지원 방식: 현금지원, 컨설팅멘토링, 기술개발, 시험인증"
PBLN_000000000121291,2026년 비즈니스지원단(현장클리닉) 사업 운영계획 공고,중소벤처기업부,2,subtract 근거에 전체예산/총사업비/조건성 키워드 포함 | 근거는 미확인성인데 actual에는 숫자 금액 존재,False,risk_reasons_present,35.0,subsidy,subtract,2,35.0,subsidy,subtract,0.8,최대 35만원,"금액 판단: 금액 미기재 / 지원 방식: 현금지원, 컨설팅멘토링, 시험인증"
PBLN_000000000122852,2026년 하반기 우수 상용품 시범사용 제안제품 접수 공고,국방부,2,근거는 미확인성인데 actual에는 숫자 금액 존재 | 기존 타입 support_amount -> 새 타입 non_cash,False,risk_reasons_present,2000.0,support_amount,subtract,2,2000.0,non_cash,recommend_only,,"최대 2,000만원","금액 판단: 금액 미기재 / 지원 방식: 기술개발, 시험인증"
PBLN_000000000122971,[경북] 2026년 경북중소기업기술혁신협의회 경북형 R&D플랫폼 참여기업 모집 공고,경상북도,2,max_amount_type=unknown | 후보는 있으나 대표 후보 없음,False,risk_reasons_present,,unknown,recommend_only,2,,,,,지원금 확인 필요,"금액 판단: 금액 미기재 / 지원 방식: 컨설팅멘토링, 기술개발, 시험인증, 교육, 스마트공장"
PBLN_000000000123043,2026년 1인 중증장애인기업 업무지원인 서비스 지원사업 의사소통형ㆍ경영지도형 지원대상자 모집 공고,중소벤처기업부,2,subtract 근거에 전체예산/총사업비/조건성 키워드 포함 | 근거는 미확인성인데 actual에는 숫자 금액 존재,False,risk_reasons_present,300.0,support_amount,subtract,2,300.0,support_amount,subtract,0.95,최대 300만원,"금액 판단: 금액 미기재 / 지원 방식: 현금지원, 컨설팅멘토링, 기술개발, 시험인증"
PBLN_000000000123053,2026년 2차 경북 영천시 금호 이웃사촌마을 조성사업 청년창업 및 이전기업 지원사업 참여기업(이전기업) 모집 공고,경상북도,2,subtract 근거에 전체예산/총사업비/조건성 키워드 포함 | 근거는 미확인성인데 actual에는 숫자 금액 존재,False,risk_reasons_present,5000.0,support_amount,subtract,2,5000.0,support_amount,subtract,,"최대 5,000만원","금액 판단: 금액 미기재 / 지원 방식: 현금지원, 컨설팅멘토링, 기술개발, 시험인증, 교육"
PBLN_000000000123469,[충남] 2026년 2차 지역 거점 정보보호 클러스터 구축 사업 정보보호 기업 성장(사업화) 지원사업 모집 재공고,충청남도,2,subtract 근거에 전체예산/총사업비/조건성 키워드 포함 | 근거는 미확인성인데 actual에는 숫자 금액 존재,False,risk_reasons_present,1000.0,support_amount,subtract,2,1000.0,support_amount,subtract,0.1,"최대 1,000만원","금액 판단: 금액 미기재 / 지원 방식: 현금지원, 컨설팅멘토링, 기술개발, 시험인증, 교육"
PBLN_000000000123512,[경북] 2026년 지역 연계 미드폼 제작지원 사업 공고(경북콘텐츠코리아랩 운영사업),경상북도,2,subtract 근거에 전체예산/총사업비/조건성 키워드 포함 | 근거는 미확인성인데 actual에는 숫자 금액 존재,False,risk_reasons_present,1000.0,support_amount,subtract,2,1000.0,support_amount,subtract,,"최대 1,000만원","금액 판단: 금액 미기재 / 지원 방식: 현금지원, 컨설팅멘토링, 기술개발, 시험인증"
PBLN_000000000123575,인천 공공 실증 오픈이노베이션 참여기업 모집 공고,인천광역시,2,subtract 근거에 전체예산/총사업비/조건성 키워드 포함 | 근거는 미확인성인데 actual에는 숫자 금액 존재,False,risk_reasons_present,2700.0,support_amount,subtract,2,2700.0,support_amount,subtract,,"최대 2,700만원","금액 판단: 금액 미기재 / 지원 방식: 현금지원, 컨설팅멘토링, 기술개발, 시험인증"
PBLN_000000000123671,[전북] 2026년 2차 혁신성장 R&D+(연구개발)사업 지원사업 모집 공고,전북특별자치도,2,근거는 미확인성인데 actual에는 숫자 금액 존재 | 기존 타입 support_amount -> 새 타입 non_cash,False,risk_reasons_present,2470.0,support_amount,subtract,2,2470.0,non_cash,recommend_only,,"최대 2,470만원","금액 판단: 금액 미기재 / 지원 방식: 현금지원, 기술개발, 시험인증"
PBLN_000000000123673,[대전] 2026년 2차 방산혁신클러스터 국방ㆍ드론분야 기술사업화 민-군 브릿지 코디네이터 지원기업 모집 공고,방위사업청,2,subtract 근거에 전체예산/총사업비/조건성 키워드 포함 | 근거는 미확인성인데 actual에는 숫자 금액 존재,False,risk_reasons_present,600.0,support_amount,subtract,2,600.0,support_amount,subtract,,최대 600만원,"금액 판단: 금액 미기재 / 지원 방식: 현금지원, 컨설팅멘토링, 기술개발, 시험인증, 판로수출"
PBLN_000000000123677,[제주] 건강기능식품 양산화 지원 사업 수혜기업 모집 공고(기능성식품공장운영 및 제품생산활성화사업),제주특별자치도,2,subtract 근거에 전체예산/총사업비/조건성 키워드 포함 | 근거는 미확인성인데 actual에는 숫자 금액 존재,False,risk_reasons_present,900.0,support_amount,subtract,2,900.0,support_amount,subtract,,최대 900만원,"금액 판단: 금액 미기재 / 지원 방식: 현금지원, 공동장비, 컨설팅멘토링, 기술개발, 시험인증, 판로수출"
PBLN_000000000123740,[대구] 2026년 대경이음 상생 R&D 지원 수혜기업 모집 공고(지역산업맞춤형 일자리지원사업 대경권 광역이음프로젝트),고용노동부,2,subtract 근거에 전체예산/총사업비/조건성 키워드 포함 | 근거는 미확인성인데 actual에는 숫자 금액 존재,False,risk_reasons_present,4500.0,support_amount,subtract,2,4500.0,support_amount,subtract,0.1,"최대 4,500만원","금액 판단: 금액 미기재 / 지원 방식: 현금지원, 기술개발, 시험인증, 판로수출"
PBLN_000000000118617,[충북] 지능형첨단부품산업의 디지털전환 거점 구축 사업 오픈랩 AI 개발플랫폼 활용 지원 수혜기업 모집 공고,충청북도,2,max_amount_type=unknown | 후보는 있으나 대표 후보 없음,False,risk_reasons_present,,unknown,recommend_only,1,,,,1.0,지원금 확인 필요,"금액 판단: 금액 미기재 / 지원 방식: 기술개발, 시험인증, 스마트공장"
PBLN_000000000119904,[충북] 2026년 산업체 방사광가속기 활용 역량강화사업 산업체 방사광가속기 활용 프로그램 참여기업 모집 공고,충청북도,2,max_amount_type=support_ratio | 후보는 있으나 대표 후보 없음,False,risk_reasons_present,,support_ratio,ratio_cap,1,,,,1.0,전 과정 무상지원,"금액 판단: 금액 미기재 / 지원 방식: 컨설팅멘토링, 기술개발, 시험인증, 교육"
PBLN_000000000120459,[경남] 사천시ㆍ진주시 2026년 스마트제조 고급인력양성 사업 수요기업 모집 공고,산업통상부,2,max_amount_type=unknown | 후보는 있으나 대표 후보 없음,False,risk_reasons_present,,unknown,recommend_only,1,,,,1.0,지원금 확인 필요,"금액 판단: 금액 미기재 / 지원 방식: 컨설팅멘토링, 시험인증, 교육, 판로수출, 스마트공장"
PBLN_000000000120549,[경남] 2026년 항노화기업 천연물 소재화 지원사업 참여기업 모집 공고,경상남도,2,max_amount_type=unknown | 후보는 있으나 대표 후보 없음,False,risk_reasons_present,,unknown,recommend_only,1,,,,1.0,지원금 확인 필요,금액 판단: 금액 미기재 / 지원 방식: 시험인증
PBLN_000000000123504,[서남권] 2026년 2차 지역혁신클러스터육성(비R&D) 기업지원사업 모집 공고,전남광주통합특별시,2,max_amount_type=unknown | 후보는 있으나 대표 후보 없음,False,risk_reasons_present,,unknown,recommend_only,1,,,,0.5,지원금 확인 필요,"금액 판단: 금액 미기재 / 지원 방식: 기술개발, 시험인증, 에너지효율"
PBLN_000000000123712,[강원] 바이오ㆍ헬스케어 AI 대전환 실증기업 모집 공고(지역 주도형 AI 대전환 사업),강원특별자치도,2,max_amount_type=unknown | 후보는 있으나 대표 후보 없음,False,risk_reasons_present,,unknown,recommend_only,1,,,,1.0,지원금 확인 필요,"금액 판단: 금액 미기재 / 지원 방식: 현금지원, 컨설팅멘토링, 기술개발, 시험인증, 교육, 판로수출"
SMARTFACTORY:2026-N-0005:1,2026년 스마트공장 수준확인 사업 공고,스마트공장 사업관리시스템,2,근거는 미확인성인데 actual에는 숫자 금액 존재 | 후보는 있으나 대표 후보 없음,False,risk_reasons_present,,,recommend_only,1,,,,1.0,최대 100% 지원,금액 판단: 금액 미기재 / 금액 표현: 최대 100% 지원 / 지원 방식: 스마트공장
PBLN_000000000122045,2026년 연구조직(기업부설연구소 등) 설립 및 기술ㆍ경영혁신 인증 지원사업 참여기업 모집 공고,대구광역시,2,max_amount_type=unknown | 기존 금액은 있으나 새 대표 금액 없음,False,risk_reasons_present,5000.0,unknown,recommend_only,0,,,,,지원금 확인 필요,"금액 판단: 금액 미기재 / 지원 방식: 컨설팅멘토링, 기술개발, 시험인증, 교육, 판로수출"
PBLN_000000000122623,[전북] 2026년 2차 자동차 대체부품 분야 기업지원 사업 공고,전북특별자치도,2,max_amount_type=unknown | 기존 금액은 있으나 새 대표 금액 없음,False,risk_reasons_present,49493.0,unknown,review,0,,,,,,금액 판단: 금액 성격 미확인
PBLN_000000000122627,[서울] 2026년 2차 서울형 R&D 지원사업 테스트베드서울 통합 공고,서울특별시,2,max_amount_type=unknown | 기존 금액은 있으나 새 대표 금액 없음,False,risk_reasons_present,20000.0,unknown,recommend_only,0,,,,,지원금 확인 필요,"금액 판단: 금액 미기재 / 지원 방식: 기술개발, 시험인증"
PBLN_000000000122826,2026년 제3회 신기술(NET)지정 신규신청(100대 전략품목 포함) 및 유효기간 연장신청 접수 공고,산업통상부,2,max_amount_type=unknown | 기존 금액은 있으나 새 대표 금액 없음,False,risk_reasons_present,50.0,unknown,recommend_only,0,,,,,지원금 확인 필요,"금액 판단: 금액 미기재 / 지원 방식: 기술개발, 시험인증"
SMARTFACTORY:2026-N-0100:1,"2026년도 경북 지역특화형(고도화) 스마트공장 구축사업 공고(방산, 모빌리티)",스마트공장 사업관리시스템,1,억 단위 금액이나 기업당/과제당 근거 부족,False,risk_reasons_present,20000.0,support_amount,subtract,40,20000.0,support_amount,subtract,0.5,회당 최대 2억원 이내,"금액 판단: 지원금 20,000만원 / 금액 표현: 회당 최대 2억원 이내 / 지원 방식: 스마트공장"
SMARTFACTORY:2025-N-0205:1,2026년 한국로봇산업진흥원 로봇활용 제조혁신 지원사업,스마트공장 사업관리시스템,1,후보는 있으나 대표 후보 없음,False,risk_reasons_present,,,recommend_only,37,,,,0.5,,"금액 판단: 금액 미기재 / 지원 방식: 컨설팅멘토링, 시험인증, 교육, 판로수출, 스마트공장 / 주의 사항: 현금성 최대지원금으로 확정할 수 없어 공통 금액 컬럼에서 제외"
TECHNOPARK:1743,「2026년 충청권 미래차 전환 혁신지원사업」 기업지원 프로그램(비R&D) 모집공고(2차),충남테크노파크,1,subtract 근거에 전체예산/총사업비/조건성 키워드 포함,False,risk_reasons_present,2000.0,support_amount,subtract,26,2000.0,support_amount,subtract,,"기업 당 최대 20,000천원","금액 판단: 지원금 2,000만원 / 금액 표현: 기업 당 최대 20,000천원 / 지원 방식: 현금지원, 공동장비, 컨설팅멘토링, 기술개발, 시험인증, 교육"
TECHNOPARK:1769,[2026-056호] 2026년 정보보호 기업육성(사업화 / 창업·벤처 육성)) 지원사업 모집공고,세종테크노파크,1,subtract 근거에 전체예산/총사업비/조건성 키워드 포함,False,risk_reasons_present,4000.0,support_amount,subtract,24,4000.0,support_amount,subtract,0.1,"최대 4,000만원","금액 판단: 지원금 4,000만원 / 금액 표현: 최대 4,000만원 / 지원 방식: 현금지원, 컨설팅멘토링, 기술개발, 시험인증, 교육, 판로수출"
PBLN_000000000118209,2026년 중소기업 연구인력지원사업 공고,중소벤처기업부,1,근거는 미확인성인데 actual에는 숫자 금액 존재,False,risk_reasons_present,3800.0,subsidy,subtract,23,3800.0,subsidy,subtract,0.4,"최대 3,800만원","금액 판단: 금액 미기재 / 지원 방식: 현금지원, 기술개발, 시험인증, 스마트공장"
SMARTFACTORY:2026-N-0112:1,2026년 전북형 스마트 제조혁신 프로젝트 추가모집 (JS1-일반과제),스마트공장 사업관리시스템,1,후보는 있으나 대표 후보 없음,False,risk_reasons_present,,,recommend_only,23,,,,0.8,,"금액 판단: 금액 미기재 / 지원 방식: 현금지원, 교육, 판로수출, 스마트공장 / 주의 사항: 현금성 최대지원금으로 확정할 수 없어 공통 금액 컬럼에서 제외"
SMARTFACTORY:2026-N-0112:2,2026년 전북형 스마트 제조혁신 프로젝트 추가모집 (JS1-간편자동화과제),스마트공장 사업관리시스템,1,후보는 있으나 대표 후보 없음,False,risk_reasons_present,,,recommend_only,23,,,,0.8,,"금액 판단: 금액 미기재 / 지원 방식: 현금지원, 교육, 판로수출, 스마트공장 / 주의 사항: 현금성 최대지원금으로 확정할 수 없어 공통 금액 컬럼에서 제외"
SMARTFACTORY:2026-N-0061:3,[2차]2026 대중소상생형(삼성) 스마트공장 구축(고도화),스마트공장 사업관리시스템,1,억 단위 금액이나 기업당/과제당 근거 부족,False,risk_reasons_present,15000.0,support_amount,subtract,17,15000.0,support_amount,subtract,0.6,최대 1.5억원,"금액 판단: 지원금 15,000만원 / 금액 표현: 최대 1.5억원 / 지원 방식: 현금지원, 시험인증, 교육, 판로수출, 에너지효율, 스마트공장"
SMARTFACTORY:2026-N-0061:4,"[2차]2026 대중소상생형(삼성) 스마트공장 구축(기초,동일수준)",스마트공장 사업관리시스템,1,억 단위 금액이나 기업당/과제당 근거 부족,False,risk_reasons_present,15000.0,support_amount,subtract,17,15000.0,support_amount,subtract,0.6,최대 1.5억원,"금액 판단: 지원금 15,000만원 / 금액 표현: 최대 1.5억원 / 지원 방식: 현금지원, 시험인증, 교육, 판로수출, 에너지효율, 스마트공장"
PBLN_000000000119953,[부산] 제조산업 산업전환을 통한 혁신성장 지원 사업 참여 기업 모집 공고,부산광역시,1,근거는 미확인성인데 actual에는 숫자 금액 존재,False,risk_reasons_present,4000.0,support_amount,subtract,16,4000.0,support_amount,subtract,,"최대 4,000만원","금액 판단: 금액 미기재 / 지원 방식: 현금지원, 기술개발, 시험인증, 에너지효율"
PBLN_000000000118395,[경기] 2026년 기술닥터사업 공고,경기도,1,근거는 미확인성인데 actual에는 숫자 금액 존재,False,risk_reasons_present,500.0,support_amount,subtract,15,500.0,support_amount,subtract,0.8,최대 500만원,"금액 판단: 금액 미기재 / 지원 방식: 현금지원, 공동장비, 기술개발, 시험인증, 판로수출, 스마트공장"
TECHNOPARK:1724,「2026년 예비수소전문기업지원사업」수소산업분야 기술사업화(비R&D) 수혜기업 모집공고,충남테크노파크,1,subtract 근거에 전체예산/총사업비/조건성 키워드 포함,False,risk_reasons_present,6700.0,support_amount,subtract,15,6700.0,support_amount,subtract,,"최대 67,000천원 이내","금액 판단: 지원금 6,700만원 / 금액 표현: 최대 67,000천원 이내 / 지원 방식: 현금지원, 컨설팅멘토링, 기술개발, 시험인증, 교육, 판로수출"
PBLN_000000000121424,[경북] 고령군 2026년 지역발전 우수기업 환경개선 사업 참가기업 모집 공고,경상북도,1,근거는 미확인성인데 actual에는 숫자 금액 존재,False,risk_reasons_present,1000.0,support_amount,subtract,12,1000.0,support_amount,subtract,0.7,"최대 1,000만원","금액 판단: 금액 미기재 / 지원 방식: 현금지원, 시험인증, 판로수출"
PBLN_000000000123605,[경기] 2026년 AI기업 글로벌 공동연구ㆍ해외진출 지원 예비참여기업 공개모집 공고,경기도,1,근거는 미확인성인데 actual에는 숫자 금액 존재,False,risk_reasons_present,1000.0,voucher,subtract,12,1000.0,voucher,subtract,,"최대 1,000만원","금액 판단: 금액 미기재 / 지원 방식: 현금지원, 공동장비, 기술개발, 시험인증, 판로수출, 스마트공장"
TECHNOPARK:957,(2026-119호) 2026년 강원지역연구장비 활용 수수료 지원사업 참여기업(1차) 모집 공고,강원테크노파크,1,기존 타입 unknown -> 새 타입 support_amount,False,risk_reasons_present,,,recommend_only,12,300.0,support_amount,subtract,0.9,,"금액 판단: 금액 미기재 / 지원 방식: 공동장비, 판로수출"
SMARTFACTORY:2026-N-0106:1,(충북) 2026년 제조 AI 현장 적용 지원 사업,스마트공장 사업관리시스템,1,기존 타입 unknown -> 새 타입 support_amount,False,risk_reasons_present,,,recommend_only,11,8000.0,support_amount,subtract,,,"금액 판단: 금액 미기재 / 지원 방식: 현금지원, 컨설팅멘토링, 기술개발, 시험인증, 스마트공장"
PBLN_000000000123715,순환경제 DNA 선도기업ㆍ산업단지 2차 모집 공고,기후에너지환경부,1,근거는 미확인성인데 actual에는 숫자 금액 존재,False,risk_reasons_present,10000.0,support_amount,subtract,10,10000.0,support_amount,subtract,0.4,최대 1억원,"금액 판단: 금액 미기재 / 지원 방식: 기술개발, 시험인증"
SMARTFACTORY:2026-N-0105:1,2026년도 강원 지역특화형(바이오헬스·식품) 스마트공장 구축사업(동일수준) 공고,스마트공장 사업관리시스템,1,억 단위 금액이나 기업당/과제당 근거 부족,False,risk_reasons_present,25000.0,support_amount,subtract,10,25000.0,support_amount,subtract,0.5,최대 2.5억원,"금액 판단: 지원금 25,000만원 / 금액 표현: 최대 2.5억원 / 지원 방식: 판로수출, 스마트공장"
SMARTFACTORY:2026-N-0107:1,2026년 경남 산업안전AI 스마트공장 구축 지원사업 공고,스마트공장 사업관리시스템,1,억 단위 금액이나 기업당/과제당 근거 부족,False,risk_reasons_present,28000.0,support_amount,subtract,10,28000.0,support_amount,subtract,,최대 2.8억원 이내,"금액 판단: 지원금 28,000만원 / 금액 표현: 최대 2.8억원 이내 / 지원 방식: 스마트공장"
TECHNOPARK:1348,(2026-127호) 2026년 강원지역연구장비 서비스 활성화 지원사업 참여기관 모집 공고,강원테크노파크,1,기존 타입 subsidy -> 새 타입 support_amount,False,risk_reasons_present,1000.0,subsidy,subtract,10,1000.0,support_amount,subtract,0.8,"기관별 최대 10,000천원 이내","금액 판단: 보조금 1,000만원 / 금액 표현: 기관별 최대 10,000천원 이내 / 지원 방식: 판로수출"
TECHNOPARK:1439,「2026년 미래차전환 종합지원사업」 기업지원(R&D) 프로그램 모집 공고,충남테크노파크,1,기존 타입 unknown -> 새 타입 guarantee,False,risk_reasons_present,,,recommend_only,10,10000.0,guarantee,exclude,,,"금액 판단: 금액 미기재 / 지원 방식: 기술개발, 시험인증, 교육 / 주의 사항: 자부담 조건 금액으로 판단되어 지원금에서 제외"
TECHNOPARK:616,(2026-88호) 「홍천군 첨단바이오산업 활성화 지원사업」 지역(홍천군)선도기업 육성사업 수혜기업 모집,강원테크노파크,1,subtract 근거에 전체예산/총사업비/조건성 키워드 포함,False,risk_reasons_present,40000.0,support_amount,subtract,10,40000.0,support_amount,subtract,,최대 4억원,"금액 판단: 지원금 40,000만원 / 금액 표현: 최대 4억원 / 지원 방식: 기술개발, 판로수출"
TECHNOPARK:793,[강원테크노파크 공고 제 2026-101호] 2026년도 강원 지역특화형(바이오헬스·식품) 스마트공장 구축사업 공고,강원테크노파크,1,억 단위 금액이나 기업당/과제당 근거 부족,False,risk_reasons_present,25000.0,support_amount,subtract,10,25000.0,support_amount,subtract,0.5,최대 2.5억원,"금액 판단: 지원금 25,000만원 / 금액 표현: 최대 2.5억원 / 지원 방식: 판로수출, 스마트공장"
PBLN_000000000121311,[전남광주] 2026년 융ㆍ복합 가전산업 고용 안착 활성화 지원 사업 참여기업(참여자) 모집 공고,전남광주통합특별시,1,근거는 미확인성인데 actual에는 숫자 금액 존재,False,risk_reasons_present,300.0,support_amount,subtract,9,300.0,support_amount,subtract,,최대 300만원,"금액 판단: 금액 미기재 / 지원 방식: 현금지원, 시험인증, 교육"
SMARTFACTORY:2026-N-0102:1,2026년도 강원 지역특화형(바이오헬스·식품) 스마트공장 구축사업(고도화) 공고,스마트공장 사업관리시스템,1,억 단위 금액이나 기업당/과제당 근거 부족,False,risk_reasons_present,25000.0,support_amount,subtract,9,25000.0,support_amount,subtract,0.5,최대 2.5억원,"금액 판단: 지원금 25,000만원 / 금액 표현: 최대 2.5억원 / 지원 방식: 판로수출, 스마트공장"
SMARTFACTORY:2026-N-0103:1,2026년도 강원 지역특화형(바이오헬스·식품) 스마트공장 구축사업(기초) 공고,스마트공장 사업관리시스템,1,억 단위 금액이나 기업당/과제당 근거 부족,False,risk_reasons_present,25000.0,support_amount,subtract,9,25000.0,support_amount,subtract,0.5,최대 2.5억원,"금액 판단: 지원금 25,000만원 / 금액 표현: 최대 2.5억원 / 지원 방식: 판로수출, 스마트공장"
TECHNOPARK:1316,아산시 CES 2027 기업지원 사업 참가기업 모집 재공고,충남테크노파크,1,subtract 근거에 전체예산/총사업비/조건성 키워드 포함,False,risk_reasons_present,2900.0,support_amount,subtract,9,2900.0,support_amount,subtract,1.0,"전액 지원 (29,000천원 이내)","금액 판단: 지원금 2,900만원 / 금액 표현: 전액 지원 (29,000천원 이내) / 지원 방식: 현금지원, 컨설팅멘토링, 기술개발, 시험인증, 교육, 판로수출"
TECHNOPARK:1382,2026년 인천광역시 우수디자인 시제품개발지원사업 모집 공고[~7/7],인천테크노파크,1,subtract 근거에 전체예산/총사업비/조건성 키워드 포함,False,risk_reasons_present,2500.0,support_amount,subtract,9,2500.0,support_amount,subtract,0.8,"최대 2,500만원","금액 판단: 지원금 2,500만원 / 금액 표현: 최대 2,500만원 / 지원 방식: 현금지원, 컨설팅멘토링, 기술개발, 시험인증, 교육, 판로수출"
TECHNOPARK:654,아산시 CES 2027 기업지원 사업 참가기업 모집 공고,충남테크노파크,1,subtract 근거에 전체예산/총사업비/조건성 키워드 포함,False,risk_reasons_present,2700.0,support_amount,subtract,9,2700.0,support_amount,subtract,1.0,"전액 지원 (27,000천원 이내)","금액 판단: 지원금 2,700만원 / 금액 표현: 전액 지원 (27,000천원 이내) / 지원 방식: 현금지원, 컨설팅멘토링, 기술개발, 시험인증, 교육, 판로수출"
PBLN_000000000117781,[경북] 국방기술 민간이전 사업 참여기업 모집 공고(경북ㆍ구미 방산혁신클러스터),경상북도,1,근거는 미확인성인데 actual에는 숫자 금액 존재,False,risk_reasons_present,4000.0,support_amount,subtract,8,4000.0,support_amount,subtract,,"최대 4,000만원","금액 판단: 금액 미기재 / 지원 방식: 현금지원, 기술개발, 시험인증, 판로수출, 스마트공장"
PBLN_000000000123496,2026년 경북 뿌리산업 DX(디지털전환) 기술지원사업 수혜기업 모집 재공고(뿌리산업 제조공정혁신 지원을 위한 DX 기반구축),산업통상부,1,근거는 미확인성인데 actual에는 숫자 금액 존재,False,risk_reasons_present,250.0,support_amount,subtract,8,250.0,support_amount,subtract,,최대 250만원,"금액 판단: 금액 미기재 / 지원 방식: 현금지원, 기술개발, 시험인증, 스마트공장"
PBLN_000000000123618,[울산] 2026년 동남권 수소산업 육성을 위한 수요 맞춤형 기술지원 사업 수요기업 모집 공고,산업통상부,1,근거는 미확인성인데 actual에는 숫자 금액 존재,False,risk_reasons_present,6500.0,support_amount,subtract,8,6500.0,support_amount,subtract,0.2,"최대 6,500만원","금액 판단: 금액 미기재 / 지원 방식: 현금지원, 기술개발, 시험인증"
TECHNOPARK:1725,「2026년 지역 거점 정보보호 클러스터 구축 사업」정보보호 비즈니스 모델 발굴 및 유망기업 지원 모집공고 재공고(2차),충남테크노파크,1,기존 타입 unknown -> 새 타입 support_amount,False,risk_reasons_present,,,recommend_only,8,5200.0,support_amount,subtract,0.1,,"금액 판단: 금액 미기재 / 지원 방식: 현금지원, 컨설팅멘토링, 기술개발, 시험인증, 교육"
PBLN_000000000118679,[인천] 2026년 채용연계형 뿌리기업 근로환경 혁신 지원사업(환경개선) 모집 공고(지역산업맞춤형 일자리지원 사업),인천광역시,1,근거는 미확인성인데 actual에는 숫자 금액 존재,False,risk_reasons_present,2100.0,support_amount,subtract,7,2100.0,support_amount,subtract,,"최대 2,100만원",금액 판단: 금액 미기재 / 지원 방식: 시험인증
PBLN_000000000121591,[충남] 2026년 수소상용차 부품 성능 검증 기반 구축 사업 장비활용 지원 수혜기업 상시 모집 공고,충청남도,1,근거는 미확인성인데 actual에는 숫자 금액 존재,False,risk_reasons_present,1000.0,support_amount,subtract,7,1000.0,support_amount,subtract,,"최대 1,000만원","금액 판단: 금액 미기재 / 지원 방식: 현금지원, 기술개발, 시험인증"
PBLN_000000000122906,[부산ㆍ울산ㆍ경남] 2026년 부ㆍ울ㆍ경 3T(Together Towards Tomorrow) 협력 파트너십 참여기업 모집 공고,고용노동부,1,근거는 미확인성인데 actual에는 숫자 금액 존재,False,risk_reasons_present,6000.0,support_amount,subtract,7,6000.0,support_amount,subtract,,"최대 6,000만원","금액 판단: 금액 미기재 / 지원 방식: 기술개발, 시험인증, 판로수출"
SMARTFACTORY:2026-N-0067:3,[인천] 2026년 제조DX멘토단 활용지원사업 (구축지도) 도입기업 모집공고,스마트공장 사업관리시스템,1,후보는 있으나 대표 후보 없음,False,risk_reasons_present,,,recommend_only,7,,,,0.85,,금액 판단: 금액 미기재 / 지원 방식: 스마트공장 / 주의 사항: 현금성 최대지원금으로 확정할 수 없어 공통 금액 컬럼에서 제외
TECHNOPARK:1500,"(2026-130호) 2026년도 지역주력산업육성(지역특화 프로젝트 레전드 50+) 지원모집 2차 공고 (강원 2.0, 퀀텀점프)",강원테크노파크,1,subtract 근거에 전체예산/총사업비/조건성 키워드 포함,False,risk_reasons_present,1000.0,support_amount,subtract,7,1000.0,support_amount,subtract,,"10,000천원","금액 판단: 지원금 1,000만원 / 금액 표현: 10,000천원 / 지원 방식: 판로수출"
TECHNOPARK:1532,(재공고) 2026년 테크노파크 생산장비 고도화 지원사업 산학연 협동프로그램 참여 기업 모집 재공고,충남테크노파크,1,후보는 있으나 대표 후보 없음,False,risk_reasons_present,,,recommend_only,7,,,,0.1,,"금액 판단: 금액 미기재 / 지원 방식: 공동장비, 컨설팅멘토링, 기술개발, 시험인증, 교육, 판로수출 / 주의 사항: 현금성 최대지원금으로 확정할 수 없어 공통 금액 컬럼에서 제외"
TECHNOPARK:1857,미래차 산업전환 공정기술 고도화 수혜기업 모집 공고(3차),경남테크노파크,1,기존 타입 unknown -> 새 타입 support_amount,False,risk_reasons_present,,,recommend_only,7,5000.0,support_amount,subtract,0.5,,"금액 판단: 금액 미기재 / 지원 방식: 현금지원, 컨설팅멘토링, 교육, 에너지효율"
TECHNOPARK:271,CES 2027 충남관 참가기업 모집 공고,충남테크노파크,1,subtract 근거에 전체예산/총사업비/조건성 키워드 포함,False,risk_reasons_present,2650.0,support_amount,subtract,7,2650.0,support_amount,subtract,1.0,"최대 2,650만원","금액 판단: 지원금 2,650만원 / 금액 표현: 최대 2,650만원 / 지원 방식: 현금지원, 컨설팅멘토링, 기술개발, 시험인증, 교육, 판로수출"
TECHNOPARK:579,「플렉서블·스트레처블 산업 창출을 위한 부착형 디스플레이 기술 기반구축」 2026년도 기업지원 수혜기업 모집 재공고,충남테크노파크,1,subtract 근거에 전체예산/총사업비/조건성 키워드 포함,False,risk_reasons_present,2630.0,support_amount,subtract,7,2630.0,support_amount,subtract,,"최대 2,630만원","금액 판단: 지원금 2,630만원 / 금액 표현: 최대 2,630만원 / 지원 방식: 현금지원, 공동장비, 컨설팅멘토링, 기술개발, 시험인증, 교육, 판로수출"
PBLN_000000000118752,2026년 한국농수산식품유통공사(aT) 안전성 검사비 지원사업 공고,농림축산식품부,1,근거는 미확인성인데 actual에는 숫자 금액 존재,False,risk_reasons_present,8000.0,support_amount,subtract,6,8000.0,support_amount,subtract,0.5,"최대 8,000만원","금액 판단: 금액 미기재 / 지원 방식: 공동장비, 시험인증, 판로수출"
PBLN_000000000122718,[충북] 2026년 유망기업 IP투자연계 지식재산평가 지원사업 모집 재공고,충청북도,1,근거는 미확인성인데 actual에는 숫자 금액 존재,False,risk_reasons_present,1500.0,support_amount,subtract,6,1500.0,support_amount,subtract,0.8,"최대 1,500만원","금액 판단: 금액 미기재 / 지원 방식: 기술개발, 시험인증, 판로수출"
PBLN_000000000123205,[경기] 안양시 2026년 하반기 국내외 IP 출원 및 인증 지원사업 모집 공고,경기도,1,근거는 미확인성인데 actual에는 숫자 금액 존재,False,risk_reasons_present,400.0,support_amount,subtract,6,400.0,support_amount,subtract,0.8,최대 400만원,"금액 판단: 금액 미기재 / 지원 방식: 공동장비, 기술개발, 시험인증, 판로수출, 스마트공장"
PBLN_000000000123298,2026년 산업데이터 표준 기반 AI 솔루션 실증지원 사업수요기업 추가모집 공고(산업데이터 표준확산 기반구축 사업),경기도,1,근거는 미확인성인데 actual에는 숫자 금액 존재,False,risk_reasons_present,5000.0,support_amount,subtract,6,5000.0,support_amount,subtract,1.0,"최대 5,000만원","금액 판단: 금액 미기재 / 지원 방식: 공동장비, 기술개발, 시험인증, 판로수출, 스마트공장"
PBLN_000000000123483,[부산] 2026년 2차 소규모사업장 작업환경개선 지원사업 모집 공고,부산광역시,1,근거는 미확인성인데 actual에는 숫자 금액 존재,False,risk_reasons_present,175.0,support_amount,subtract,6,175.0,support_amount,subtract,0.1,최대 175만원,"금액 판단: 금액 미기재 / 지원 방식: 현금지원, 기술개발, 시험인증"
SMARTFACTORY:2026-N-0011:1,2026년도 제조DX멘토단 활용지원(사전기획) 도입기업 모집 공고,스마트공장 사업관리시스템,1,후보는 있으나 대표 후보 없음,False,risk_reasons_present,,,recommend_only,6,,,,0.85,,"금액 판단: 금액 미기재 / 지원 방식: 현금지원, 컨설팅멘토링, 시험인증, 판로수출, 스마트공장 / 주의 사항: 현금성 최대지원금으로 확정할 수 없어 공통 금액 컬럼에서 제외"
SMARTFACTORY:2026-N-0062:3,[2차] 2026 AI 트랙 (삼성) 스마트공장 구축,스마트공장 사업관리시스템,1,기존 타입 unknown -> 새 타입 support_amount,False,risk_reasons_present,,,recommend_only,6,150000.0,support_amount,subtract,0.25,,"금액 판단: 금액 미기재 / 지원 방식: 현금지원, 시험인증, 교육, 판로수출, 스마트공장"
SMARTFACTORY:2026-N-0073:1,[충남] 2026년 제조DX멘토단 활용지원사업(구축지도) 도입기업 모집 공고,스마트공장 사업관리시스템,1,기존 타입 unknown -> 새 타입 subsidy,False,risk_reasons_present,,,recommend_only,6,119.0,subsidy,subtract,0.85,,"금액 판단: 금액 미기재 / 지원 방식: 컨설팅멘토링, 스마트공장 / 주의 사항: 현금성 최대지원금으로 확정할 수 없어 공통 금액 컬럼에서 제외"
SMARTFACTORY:2026-N-0109:1,2026년 대구지역 스마트공장 구축(기초단계)지원 사업,스마트공장 사업관리시스템,1,subtract 근거에 전체예산/총사업비/조건성 키워드 포함,False,risk_reasons_present,4700.0,support_amount,subtract,6,4700.0,support_amount,subtract,,"최대 4,700만원","금액 판단: 지원금 4,700만원 / 금액 표현: 최대 4,700만원 / 지원 방식: 현금지원, 시험인증, 판로수출, 스마트공장"
TECHNOPARK:976,「플렉서블·스트레처블 산업 창출을 위한 부착형 디스플레이 기술 기반구축」 2026년도 기업지원 수혜기업 모집 재공고,충남테크노파크,1,subtract 근거에 전체예산/총사업비/조건성 키워드 포함,False,risk_reasons_present,200.0,support_amount,subtract,6,200.0,support_amount,subtract,,최대 200만원,"금액 판단: 지원금 200만원 / 금액 표현: 최대 200만원 / 지원 방식: 현금지원, 공동장비, 컨설팅멘토링, 기술개발, 시험인증, 교육, 판로수출"
PBLN_000000000118133,[경북] 2026년 화장품산업 경쟁력 강화사업(성분 분석ㆍ검증 시험인증) 모집공고,경상북도,1,근거는 미확인성인데 actual에는 숫자 금액 존재,False,risk_reasons_present,80.0,support_amount,subtract,5,80.0,support_amount,subtract,,최대 80만원,"금액 판단: 금액 미기재 / 지원 방식: 기술개발, 시험인증, 스마트공장"
PBLN_000000000119126,2026년 물리ㆍ화학적 시험평가인증 지원사업 공고(메카노바이오활성소재 혁신의료기기 실증 기반구축),전북특별자치도,1,기존 타입 support_amount -> 새 타입 non_cash,False,risk_reasons_present,400.0,support_amount,subtract,5,400.0,non_cash,recommend_only,,,금액 판단: 지원금 400만원
PBLN_000000000120822,[경북] 영천시 2026년 영천기업 연구시설장비 바우처 지원사업 수혜기업 모집 공고,경상북도,1,근거는 미확인성인데 actual에는 숫자 금액 존재,False,risk_reasons_present,800.0,support_amount,subtract,5,800.0,support_amount,subtract,0.1,최대 800만원,"금액 판단: 금액 미기재 / 지원 방식: 현금지원, 공동장비, 기술개발, 시험인증, 스마트공장"
PBLN_000000000122268,2026년 2차 메카노바이오활성소재 혁신의료기기 실증 기반구축 생물학적 시험평가인증 지원사업 공고(산업혁신기반구축사업),산업통상부,1,기존 타입 support_amount -> 새 타입 non_cash,False,risk_reasons_present,800.0,support_amount,subtract,5,800.0,non_cash,recommend_only,,,금액 판단: 지원금 800만원
PBLN_000000000123264,[경북] 2026년 모빌리티 산업 디지털 전환 고도화 지원사업 수혜기업 모집 공고,경상북도,1,근거는 미확인성인데 actual에는 숫자 금액 존재,False,risk_reasons_present,2000.0,support_amount,subtract,5,2000.0,support_amount,subtract,,"최대 2,000만원","금액 판단: 금액 미기재 / 지원 방식: 기술개발, 시험인증, 판로수출, 스마트공장"
PBLN_000000000123488,[경북] 구미시 2026년 푸드테크 상용화모델 개발 및 실증사업 수혜기업 모집 공고,경상북도,1,근거는 미확인성인데 actual에는 숫자 금액 존재,False,risk_reasons_present,7500.0,support_amount,subtract,5,7500.0,support_amount,subtract,1.0,"최대 7,500만원","금액 판단: 금액 미기재 / 지원 방식: 기술개발, 시험인증, 스마트공장"
PBLN_000000000123489,[경북] 포항시 2026년 푸드테크 상용화모델 개발 및 실증사업 수혜기업 모집 공고,경상북도,1,근거는 미확인성인데 actual에는 숫자 금액 존재,False,risk_reasons_present,7500.0,support_amount,subtract,5,7500.0,support_amount,subtract,1.0,"최대 7,500만원","금액 판단: 금액 미기재 / 지원 방식: 기술개발, 시험인증, 스마트공장"
PBLN_000000000123524,[경북] 경산시 2026년 푸드테크 상용화모델 개발 및 실증사업 수혜기업 모집 공고,경상북도,1,근거는 미확인성인데 actual에는 숫자 금액 존재,False,risk_reasons_present,7500.0,support_amount,subtract,5,7500.0,support_amount,subtract,1.0,"최대 7,500만원","금액 판단: 금액 미기재 / 지원 방식: 기술개발, 시험인증, 스마트공장"
PBLN_000000000123527,[경북] 안동시 2026년 푸드테크 상용화모델 개발 및 실증사업 수혜기업 모집 공고,경상북도,1,근거는 미확인성인데 actual에는 숫자 금액 존재,False,risk_reasons_present,7500.0,support_amount,subtract,5,7500.0,support_amount,subtract,1.0,"최대 7,500만원","금액 판단: 금액 미기재 / 지원 방식: 기술개발, 시험인증, 스마트공장"
TECHNOPARK:405,2026년 전북특별자치도 공공데이터·AI 활용 창업경진대회 공고,전북테크노파크,1,후보는 있으나 대표 후보 없음,False,risk_reasons_present,,,recommend_only,5,,,,0.044000000000000004,,"금액 판단: 금액 미기재 / 지원 방식: 컨설팅멘토링, 기술개발 / 주의 사항: 현금성 최대지원금으로 확정할 수 없어 공통 금액 컬럼에서 제외"
TECHNOPARK:525,「AI 솔루션 기술개발」참여기업 모집공고,충남테크노파크,1,subtract 근거에 전체예산/총사업비/조건성 키워드 포함,False,risk_reasons_present,5000.0,support_amount,subtract,5,5000.0,support_amount,subtract,,"최대 5,000만원","금액 판단: 지원금 5,000만원 / 금액 표현: 최대 5,000만원 / 지원 방식: 기술개발, 시험인증, 교육"
TECHNOPARK:818,「2026년 지역 거점 정보보호 클러스터 구축 사업」정보보호 성장지원 과제 모집공고(재공고),충남테크노파크,1,subtract 근거에 전체예산/총사업비/조건성 키워드 포함,False,risk_reasons_present,1000.0,support_amount,subtract,5,1000.0,support_amount,subtract,0.1,"최대 1,000만원","금액 판단: 지원금 1,000만원 / 금액 표현: 최대 1,000만원 / 지원 방식: 현금지원, 컨설팅멘토링, 기술개발, 시험인증, 교육, 판로수출"
TECHNOPARK:977,「AI 솔루션 기술개발」참여기업 추가 모집공고,충남테크노파크,1,subtract 근거에 전체예산/총사업비/조건성 키워드 포함,False,risk_reasons_present,5000.0,support_amount,subtract,5,5000.0,support_amount,subtract,,"최대 5,000만원","금액 판단: 지원금 5,000만원 / 금액 표현: 최대 5,000만원 / 지원 방식: 현금지원, 컨설팅멘토링, 기술개발, 시험인증, 교육"
TECHNOPARK:988,2026년 충청권 에너지기술공유대학 산학공동 에너지프로젝트 지원사업 2차 공고,충남테크노파크,1,subtract 근거에 전체예산/총사업비/조건성 키워드 포함,False,risk_reasons_present,1500.0,support_amount,subtract,5,1500.0,support_amount,subtract,,"최대 1,500만원","금액 판단: 지원금 1,500만원 / 금액 표현: 최대 1,500만원 / 지원 방식: 시험인증, 교육"
PBLN_000000000119686,[경기] 2026년 베이비부머 라이트잡 모집 공고,경기도,1,근거는 미확인성인데 actual에는 숫자 금액 존재,False,risk_reasons_present,40.0,support_amount,subtract,4,40.0,support_amount,subtract,,최대 40만원,"금액 판단: 금액 미기재 / 지원 방식: 현금지원, 시험인증, 교육"
PBLN_000000000120097,2026년 데이터 품질인증 지원사업 공고,과학기술정보통신부,1,근거는 미확인성인데 actual에는 숫자 금액 존재,False,risk_reasons_present,1150.0,support_amount,subtract,4,1150.0,support_amount,subtract,,"최대 1,150만원","금액 판단: 금액 미기재 / 지원 방식: 현금지원, 기술개발, 시험인증"
PBLN_000000000120375,2026년 중소기업 연구인력 현장맞춤형 양성지원사업 연구인력(R&D) 양성프로그램 참여기업 모집 공고,경기도,1,근거는 미확인성인데 actual에는 숫자 금액 존재,False,risk_reasons_present,1000.0,support_amount,subtract,4,1000.0,support_amount,subtract,0.5,"최대 1,000만원","금액 판단: 금액 미기재 / 지원 방식: 기술개발, 시험인증, 교육"
PBLN_000000000123412,[경남] 2026년 수산부산물 재활용 규제자유특구 책임보험 지원기업 모집 공고,경상남도,1,근거는 미확인성인데 actual에는 숫자 금액 존재,False,risk_reasons_present,2000.0,support_amount,subtract,4,2000.0,support_amount,subtract,0.8,"최대 2,000만원","금액 판단: 금액 미기재 / 지원 방식: 현금지원, 기술개발, 시험인증, 판로수출"
SMARTFACTORY:2026-N-0068:1,[부산] 2026년 제조DX멘토단 활용지원사업(구축지도) 도입기업 모집 공고,스마트공장 사업관리시스템,1,후보는 있으나 대표 후보 없음,False,risk_reasons_present,,,recommend_only,4,,,,0.85,,금액 판단: 금액 미기재 / 지원 방식: 스마트공장 / 주의 사항: 현금성 최대지원금으로 확정할 수 없어 공통 금액 컬럼에서 제외
SMARTFACTORY:2026-N-0069:1,[경기] 2026년 제조DX멘토단 활용지원사업(구축지도) 도입기업 모집 공고,스마트공장 사업관리시스템,1,후보는 있으나 대표 후보 없음,False,risk_reasons_present,,,recommend_only,4,,,,0.85,,금액 판단: 금액 미기재 / 지원 방식: 스마트공장 / 주의 사항: 현금성 최대지원금으로 확정할 수 없어 공통 금액 컬럼에서 제외
SMARTFACTORY:2026-N-0070:1,[전북] 2026년 제조DX멘토단 활용지원(구축지도) 도입기업 모집 공고,스마트공장 사업관리시스템,1,후보는 있으나 대표 후보 없음,False,risk_reasons_present,,,recommend_only,4,,,,0.85,,"금액 판단: 금액 미기재 / 지원 방식: 컨설팅멘토링, 스마트공장 / 주의 사항: 현금성 최대지원금으로 확정할 수 없어 공통 금액 컬럼에서 제외"
SMARTFACTORY:2026-N-0072:1,[전남]2026년 제조DX멘토단 활용지원(구축지도) 도입기업 모집 공고,스마트공장 사업관리시스템,1,후보는 있으나 대표 후보 없음,False,risk_reasons_present,,,recommend_only,4,,,,0.85,,"금액 판단: 금액 미기재 / 지원 방식: 현금지원, 컨설팅멘토링, 스마트공장 / 주의 사항: 현금성 최대지원금으로 확정할 수 없어 공통 금액 컬럼에서 제외"
PBLN_000000000121417,[대구] 2026년 디지털전환 현장캠퍼스 지원대상 기업 모집 공고,대구광역시,1,subtract 근거에 전체예산/총사업비/조건성 키워드 포함,False,risk_reasons_present,2000.0,support_amount,subtract,3,2000.0,support_amount,subtract,,,"금액 판단: 지원금 2,000만원"
PBLN_000000000122325,2026년 대전 도심 공실 활용 스마트팜 조성사업 운영사 모집 공고,대전광역시,1,근거는 미확인성인데 actual에는 숫자 금액 존재,False,risk_reasons_present,200.0,support_amount,subtract,3,200.0,support_amount,subtract,,최대 200만원,"금액 판단: 금액 미기재 / 지원 방식: 시험인증, 판로수출"
PBLN_000000000122893,2026년 세종테크밸리 첨단기업 유치 임차료 지원사업 희망기업(임차기업) 모집 수정 공고,세종특별자치시,1,근거는 미확인성인데 actual에는 숫자 금액 존재,False,risk_reasons_present,2000.0,support_amount,subtract,3,2000.0,support_amount,subtract,0.7,"최대 2,000만원","금액 판단: 금액 미기재 / 지원 방식: 현금지원, 시험인증"
PBLN_000000000122990,[경남] 서부 2026년 2차 글로벌IP스타기업육성사업 특허기술 홍보영상제작 지원기업 모집 공고,경상남도,1,근거는 미확인성인데 actual에는 숫자 금액 존재,False,risk_reasons_present,1500.0,support_amount,subtract,3,1500.0,support_amount,subtract,,"최대 1,500만원",금액 판단: 금액 미기재 / 지원 방식: 시험인증
PBLN_000000000123291,[전북] 군산시 2026년 2차 AX얼라이언스 산ㆍ학ㆍ연 종합프로그램 지원 수혜기업 모집 공고(군산국가산업단지 스마트그린 AX실증산단 구축사업),산업통상부,1,근거는 미확인성인데 actual에는 숫자 금액 존재,False,risk_reasons_present,2000.0,support_amount,subtract,3,2000.0,support_amount,subtract,,"최대 2,000만원","금액 판단: 금액 미기재 / 지원 방식: 기술개발, 시험인증"
PBLN_000000000123358,[충북] 2026년 화장품산업 근로자 고용안정을 위한 복지 지원사업 참여기업 모집 공고(충청북도 고용유지 버팀이음 프로젝트 사업),충청북도,1,근거는 미확인성인데 actual에는 숫자 금액 존재,False,risk_reasons_present,50.0,support_amount,subtract,3,50.0,support_amount,subtract,,최대 50만원,"금액 판단: 금액 미기재 / 지원 방식: 현금지원, 시험인증, 교육, 판로수출"
PBLN_000000000123375,[전남] 첨단로봇ㆍAI 활용 중소기업 제조혁신 사업 기업지원(기술개발) 모집 공고,전라남도,1,근거는 미확인성인데 actual에는 숫자 금액 존재,False,risk_reasons_present,7000.0,support_amount,subtract,3,7000.0,support_amount,subtract,,"최대 7,000만원","금액 판단: 금액 미기재 / 지원 방식: 기술개발, 시험인증"
PBLN_000000000123443,[충북] 2026년 2차 바이오 국제공동연구사업 지원과제 공고(양자간 국제공동연구사업),충청북도,1,근거는 미확인성인데 actual에는 숫자 금액 존재,False,risk_reasons_present,6000.0,support_amount,subtract,3,6000.0,support_amount,subtract,,"최대 6,000만원","금액 판단: 금액 미기재 / 지원 방식: 기술개발, 시험인증, 교육"
SMARTFACTORY:2025-N-0211:1,2026년 제조DX멘토단 활용지원사업 통합공고,스마트공장 사업관리시스템,1,기존 타입 unknown -> 새 타입 support_amount,False,risk_reasons_present,,,recommend_only,3,1900.0,support_amount,subtract,,지원금 확인 필요,금액 판단: 금액 미기재 / 금액 표현: 지원금 확인 필요 / 지원 방식: 스마트공장
TECHNOPARK:135,2026년 제조DX멘토단 활용지원(구축지도) 도입기업 모집 공고,전북테크노파크,1,후보는 있으나 대표 후보 없음,False,risk_reasons_present,,,recommend_only,3,,,,0.85,,금액 판단: 금액 미기재 / 지원 방식: 스마트공장 / 주의 사항: 현금성 최대지원금으로 확정할 수 없어 공통 금액 컬럼에서 제외
PBLN_000000000120134,[전남광주] 2026년 평동산업단지 중소기업 보증료 지원사업 공고,전남광주통합특별시,1,근거는 미확인성인데 actual에는 숫자 금액 존재,False,risk_reasons_present,100.0,support_amount,subtract,2,100.0,support_amount,subtract,0.99,최대 100만원,금액 판단: 금액 미기재 / 지원 방식: 시험인증
PBLN_000000000120135,[전남광주] 2026년 하남산업단지 중소기업 보증료 지원사업 공고,전남광주통합특별시,1,근거는 미확인성인데 actual에는 숫자 금액 존재,False,risk_reasons_present,100.0,support_amount,subtract,2,100.0,support_amount,subtract,0.98,최대 100만원,금액 판단: 금액 미기재 / 지원 방식: 시험인증
PBLN_000000000120201,[경기] 포천시 2026년 신소재개발 프로그램 지원사업 모집 공고,경기도,1,근거는 미확인성인데 actual에는 숫자 금액 존재,False,risk_reasons_present,73.0,support_amount,subtract,2,73.0,support_amount,subtract,,최대 73만원,"금액 판단: 금액 미기재 / 지원 방식: 공동장비, 기술개발, 시험인증, 판로수출, 스마트공장"
PBLN_000000000121327,[경북] 상주시 2026년 일자리 공감페이 지원사업 참여기업 모집 공고,경상북도,1,근거는 미확인성인데 actual에는 숫자 금액 존재,False,risk_reasons_present,1000.0,support_amount,subtract,2,1000.0,support_amount,subtract,,"최대 1,000만원","금액 판단: 금액 미기재 / 지원 방식: 현금지원, 시험인증, 교육, 판로수출"
PBLN_000000000123529,[부산] 2026년 리스크 대응 섬유패션 원부자재 공동 비축 시스템 구축사업 참여기업 모집공고,부산광역시,1,근거는 미확인성인데 actual에는 숫자 금액 존재,False,risk_reasons_present,200.0,support_amount,subtract,2,200.0,support_amount,subtract,,최대 200만원,"금액 판단: 금액 미기재 / 지원 방식: 기술개발, 시험인증"
PBLN_000000000123622,[전북] 2026년 전주1인창조기업지원센터 선택형 지원사업 공고,전북특별자치도,1,근거는 미확인성인데 actual에는 숫자 금액 존재,False,risk_reasons_present,400.0,support_amount,subtract,2,400.0,support_amount,subtract,,최대 400만원,"금액 판단: 금액 미기재 / 지원 방식: 현금지원, 기술개발, 시험인증"
PBLN_000000000123666,[경북] 2026년 3차 광역이음프로젝트 공동 R&Dㆍ일터 개선ㆍ재직자 훈련 참여기업 모집 통합 공고,경상북도,1,근거는 미확인성인데 actual에는 숫자 금액 존재,False,risk_reasons_present,3000.0,support_amount,subtract,2,3000.0,support_amount,subtract,,"최대 3,000만원","금액 판단: 금액 미기재 / 지원 방식: 기술개발, 시험인증, 교육, 스마트공장"
PBLN_000000000123698,[대구] 2026년 노사상생 우수기업 발굴 및 지원 공고,대구광역시,1,근거는 미확인성인데 actual에는 숫자 금액 존재,False,risk_reasons_present,500.0,support_amount,subtract,2,500.0,support_amount,subtract,,최대 500만원,"금액 판단: 금액 미기재 / 지원 방식: 현금지원, 기술개발, 시험인증, 교육, 판로수출"
TECHNOPARK:1343,2026년 충남 디스플레이 특화단지 R&D 컨설팅 지원 수혜기업 모집,충남테크노파크,1,기존 타입 unknown -> 새 타입 support_amount,False,risk_reasons_present,,,recommend_only,2,300.0,support_amount,subtract,,,"금액 판단: 금액 미기재 / 지원 방식: 컨설팅멘토링, 기술개발, 시험인증, 교육 / 주의 사항: 현금성 최대지원금으로 확정할 수 없어 공통 금액 컬럼에서 제외"
TECHNOPARK:1770,[2026-037호] 2026년도 세종 규제자유특구 수요조사 재공고(3차),세종테크노파크,1,후보는 있으나 대표 후보 없음,False,risk_reasons_present,,,recommend_only,2,,,,,지원금 확인 필요,"금액 판단: 금액 미기재 / 금액 표현: 지원금 확인 필요 / 지원 방식: 기술개발, 시험인증, 교육"
TECHNOPARK:1792,2026년 수출디딤돌지원사업 「2026 중국 상하이 시장개척단」참가기업 모집 공고,충남테크노파크,1,후보는 있으나 대표 후보 없음,False,risk_reasons_present,,,recommend_only,2,,,,,,"금액 판단: 금액 미기재 / 지원 방식: 현금지원, 기술개발, 시험인증, 교육, 판로수출 / 주의 사항: 현금성 최대지원금으로 확정할 수 없어 공통 금액 컬럼에서 제외"
PBLN_000000000117307,[인천] 2026년 가상융합산업 콘텐츠 제작 장비 임차지원 공고(인천 가상융합산업 혁신센터),인천광역시,1,후보는 있으나 대표 후보 없음,False,risk_reasons_present,,,recommend_only,1,,,,1.0,,"금액 판단: 금액 미기재 / 주의 사항: LLM은 지원금액 없음으로 판단했으나 확정 보류 (소스: detail_page+attachment_hwp, 수집 2건)"
PBLN_000000000118027,2026년 KOLAS 공인 제품인증 서비스 바우처 지원사업 참가 희망기업 모집 공고,부산광역시,1,기존 타입 voucher -> 새 타입 non_cash,False,risk_reasons_present,80.0,voucher,subtract,1,80.0,non_cash,recommend_only,1.0,,금액 판단: 바우처 80만원
TECHNOPARK:1399,(2026-129호) 「수요맞춤형 전기구동 경형 PBV 개발 지원기반 구축사업」 2026년 기업지원 프로그램 기술자문(지도) 추가 모집 공고,강원테크노파크,1,후보는 있으나 대표 후보 없음,False,risk_reasons_present,,,recommend_only,1,,,,,지원금 확인 필요,"금액 판단: 금액 미기재 / 금액 표현: 지원금 확인 필요 / 지원 방식: 컨설팅멘토링, 판로수출"
TECHNOPARK:1854,2026 동남 정보보호클러스터 보안 테스팅 지원,경남테크노파크,1,후보는 있으나 대표 후보 없음,False,risk_reasons_present,,,recommend_only,1,,,,1.0,,"금액 판단: 금액 미기재 / 지원 방식: 컨설팅멘토링, 시험인증, 교육, 스마트공장 / 주의 사항: 현금성 최대지원금으로 확정할 수 없어 공통 금액 컬럼에서 제외"
TECHNOPARK:257,(2026-69호) 2026년 디지털트윈 플랫폼 활용 수요기업 모집 수정공고 (싱가포르 지원 삭제),강원테크노파크,1,후보는 있으나 대표 후보 없음,False,risk_reasons_present,,,recommend_only,1,,,,0.5,지원금 확인 필요,금액 판단: 금액 미기재 / 금액 표현: 지원금 확인 필요 / 지원 방식: 판로수출
PBLN_000000000117668,[인천] 2026년 기술거래촉진네트워크사업(인천기술전환플랫폼) 기술이전 및 기술수요조사서 신청 공고,인천광역시,1,max_amount_type=unknown,False,risk_reasons_present,,unknown,recommend_only,0,,,,,지원금 확인 필요,"금액 판단: 금액 미기재 / 지원 방식: 현금지원, 컨설팅멘토링, 기술개발, 시험인증"
PBLN_000000000117774,[서울] 가죽ㆍ패션산업 소공인 장비 임대지원사업 공고,서울특별시,1,max_amount_type=unknown,False,risk_reasons_present,,unknown,recommend_only,0,,,,,지원금 확인 필요,"금액 판단: 금액 미기재 / 지원 방식: 컨설팅멘토링, 시험인증, 교육"
PBLN_000000000117942,[경남] 창원시 2026년 지식재산진흥 지원사업 기업 모집 공고,경상남도,1,max_amount_type=unknown,False,risk_reasons_present,,unknown,recommend_only,0,,,,,지원금 확인 필요,"금액 판단: 금액 미기재 / 금액 표현: 지원금 확인 필요 / 지원 방식: 기술개발, 시험인증, 에너지효율"
PBLN_000000000118037,2026년 기업인력애로센터 활용 취업지원 사업 구인기업 및 구직자 모집 공고,중소벤처기업부,1,max_amount_type=unknown,False,risk_reasons_present,,unknown,recommend_only,0,,,,,지원금 확인 필요,"금액 판단: 금액 미기재 / 지원 방식: 컨설팅멘토링, 기술개발, 시험인증, 교육, 스마트공장"
PBLN_000000000119064,2026년 자동차용 반도체 기능안전ㆍ신뢰성 산업혁신기반구축사업 기업지원 모집 공고,산업통상부,1,max_amount_type=unknown,False,risk_reasons_present,,unknown,recommend_only,0,,,,,지원금 확인 필요,"금액 판단: 금액 미기재 / 지원 방식: 기술개발, 시험인증"
PBLN_000000000119234,2026년 안전관리 우수연구실 인증제 시행 공고,과학기술정보통신부,1,max_amount_type=unknown,False,risk_reasons_present,,unknown,recommend_only,0,,,,,지원금 확인 필요,"금액 판단: 금액 미기재 / 지원 방식: 컨설팅멘토링, 시험인증, 교육"
PBLN_000000000119272,2026년 유니버설디자인리빙랩 제품 사용성조사 장비 공동활용 지원안내 공고 ,인천광역시,1,max_amount_type=unknown,False,risk_reasons_present,,unknown,recommend_only,0,,,,,지원금 확인 필요,"금액 판단: 금액 미기재 / 지원 방식: 현금지원, 공동장비, 시험인증"
PBLN_000000000119584,2026년 광주테크노파크 공동활용 연구시설ㆍ장비 사용 안내 공고,전남광주통합특별시,1,max_amount_type=unknown,False,risk_reasons_present,,unknown,recommend_only,0,,,,,지원금 확인 필요,"금액 판단: 금액 미기재 / 지원 방식: 공동장비, 컨설팅멘토링, 기술개발, 시험인증, 스마트공장"
PBLN_000000000119762,2026년 일터혁신 상생컨설팅 지원사업 기업 모집 공고,고용노동부,1,max_amount_type=unknown,False,risk_reasons_present,,unknown,recommend_only,0,,,,,지원금 확인 필요,"금액 판단: 금액 미기재 / 지원 방식: 컨설팅멘토링, 시험인증, 교육, 스마트공장"
PBLN_000000000120215,2026년 산업ㆍ일자리전환 컨설팅 참여기업 모집 공고,고용노동부,1,max_amount_type=unknown,False,risk_reasons_present,,unknown,recommend_only,0,,,,,지원금 확인 필요,"금액 판단: 금액 미기재 / 지원 방식: 현금지원, 컨설팅멘토링, 기술개발, 시험인증, 교육, 에너지효율, 스마트공장"
PBLN_000000000120516,[부산] 2026년 지산학 브랜치 기업 현장솔루션 랩(lab) 참여 기업 모집 공고,부산광역시,1,max_amount_type=unknown,False,risk_reasons_present,,unknown,recommend_only,0,,,,,지원금 확인 필요,"금액 판단: 금액 미기재 / 지원 방식: 컨설팅멘토링, 기술개발, 시험인증, 교육"
PBLN_000000000120527,2026년 스마트 전자약 종합지원센터 인허가 지원 기업 상시 모집 공고,보건복지부,1,max_amount_type=unknown,False,risk_reasons_present,,unknown,recommend_only,0,,,,,지원금 확인 필요,"금액 판단: 금액 미기재 / 지원 방식: 기술개발, 시험인증, 교육"
PBLN_000000000120588,해양플랜트산업지원센터 보유 시험장비ㆍ교육시설 활용 지원사업 공고,해양수산부,1,max_amount_type=unknown,False,risk_reasons_present,,unknown,recommend_only,0,,,,,지원금 확인 필요,"금액 판단: 금액 미기재 / 지원 방식: 공동장비, 기술개발, 시험인증, 교육, 판로수출"
PBLN_000000000120591,조선ㆍ해양 배관 및 시운전 장비 공동활용 지원 사업 모집 공고(선박해양플랜트연구소 해양플랜트산업지원센터 구축 장비 공동 활용 사업),해양수산부,1,max_amount_type=unknown,False,risk_reasons_present,,unknown,recommend_only,0,,,,,지원금 확인 필요,"금액 판단: 금액 미기재 / 지원 방식: 공동장비, 기술개발, 시험인증, 교육"
PBLN_000000000120679,[인천] 2026년 시제품제작 장비 (3D 프린팅) 공동활용 지원 공고,인천광역시,1,max_amount_type=unknown,False,risk_reasons_present,,unknown,recommend_only,0,,,,,지원금 확인 필요,"금액 판단: 금액 미기재 / 지원 방식: 현금지원, 공동장비, 기술개발, 시험인증"
PBLN_000000000120694,[충북] 2026년 수출기업 해외규격인증 취득 지원사업 참여기업 모집 공고,충청북도,1,max_amount_type=unknown,False,risk_reasons_present,,unknown,recommend_only,0,,,,,지원금 확인 필요,"금액 판단: 금액 미기재 / 지원 방식: 컨설팅멘토링, 시험인증, 판로수출"
PBLN_000000000120871,[경북] 2026년 초거대 AI 기술 컨설팅 신규 대상기업 모집 공고(초거대 AI 클라우드 팜 실증 및 확산 환경 조성사업),경상북도,1,max_amount_type=unknown,False,risk_reasons_present,,unknown,recommend_only,0,,,,,지원금 확인 필요,"금액 판단: 금액 미기재 / 지원 방식: 컨설팅멘토링, 기술개발, 시험인증, 교육, 스마트공장"
PBLN_000000000121617,2026년 조달청 우수제품 지정계획 변경 공고,조달청,1,max_amount_type=unknown,False,risk_reasons_present,,unknown,recommend_only,0,,,,,지원금 확인 필요,"금액 판단: 금액 미기재 / 지원 방식: 컨설팅멘토링, 시험인증, 판로수출"
PBLN_000000000121697,[경북] 2026년 중대재해 예방 사각지대 해소 지원사업 참여기업 모집 공고,경상북도,1,max_amount_type=unknown,False,risk_reasons_present,,unknown,recommend_only,0,,,,,지원금 확인 필요,"금액 판단: 금액 미기재 / 지원 방식: 컨설팅멘토링, 시험인증, 교육, 판로수출"
PBLN_000000000121868,2026년 생활화학제품 안전관리 컨설팅 지원사업 참여기업 모집 공고,기후에너지환경부,1,max_amount_type=unknown,False,risk_reasons_present,,unknown,recommend_only,0,,,,,지원금 확인 필요,"금액 판단: 금액 미기재 / 지원 방식: 컨설팅멘토링, 시험인증"
PBLN_000000000122309,2026년 바이오 의료기기 해외 진출 지원 제로트러스트 기반구축사업 참여기업 상시 지원 모집 공고,산업통상부,1,max_amount_type=unknown,False,risk_reasons_present,,unknown,recommend_only,0,,,,,지원금 확인 필요,"금액 판단: 금액 미기재 / 지원 방식: 기술개발, 시험인증, 판로수출"
PBLN_000000000122357,[충북] 2026년 중소기업 경영애로 전문가 컨설팅서비스 참여기업 모집 공고,충청북도,1,max_amount_type=unknown,False,risk_reasons_present,,unknown,recommend_only,0,,,,,지원금 확인 필요,"금액 판단: 금액 미기재 / 지원 방식: 현금지원, 컨설팅멘토링, 기술개발, 시험인증, 스마트공장"
PBLN_000000000122371,[경기] 제조데이터 기반 디지털전환 실증 참여기업 모집 공고,산업통상부,1,max_amount_type=unknown,False,risk_reasons_present,,unknown,recommend_only,0,,,,,지원금 확인 필요,"금액 판단: 금액 미기재 / 지원 방식: 기술개발, 시험인증"
PBLN_000000000122526,[경북] 2026년 중대재해 예방 사각지대 해소 지원사업 참여기업 모집 변경 공고,경상북도,1,max_amount_type=unknown,False,risk_reasons_present,,unknown,recommend_only,0,,,,,지원금 확인 필요,"금액 판단: 금액 미기재 / 지원 방식: 컨설팅멘토링, 시험인증, 교육, 판로수출"
PBLN_000000000122825,2026년 제3회 신제품(NEP)지정 신규신청(100대 전략품목 포함) 및 유효기간 연장신청 접수 공고,산업통상부,1,기존 금액은 있으나 새 대표 금액 없음,False,risk_reasons_present,50.0,non_cash,recommend_only,0,,,,,,금액 판단: 비현금지원
PBLN_000000000122863,[경북] 2026년 제조업AI융합기반조성사업 경북AX랩 활용기업 모집 공고,경상북도,1,max_amount_type=unknown,False,risk_reasons_present,,unknown,recommend_only,0,,,,,지원금 확인 필요,"금액 판단: 금액 미기재 / 지원 방식: 컨설팅멘토링, 기술개발, 시험인증, 교육, 스마트공장"
PBLN_000000000123038,2026년 대구 미래신산업 유망벤처ㆍ고성장기업 육성사업 글로벌 비상(飛上) 프로젝트 참여기업 모집 공고,대구광역시,1,max_amount_type=unknown,False,risk_reasons_present,,unknown,recommend_only,0,,,,,지원금 확인 필요,"금액 판단: 금액 미기재 / 지원 방식: 현금지원, 컨설팅멘토링, 기술개발, 시험인증, 교육, 판로수출"
PBLN_000000000123203,AI기반 Age-Tech 산업 중심의 디지털의료제품 지원 바이오데이터 및 알고리즘 실증 기술서비스 모집 상시 공고(산업혁신기반구축ㆍ2차년도),산업통상부,1,max_amount_type=unknown,False,risk_reasons_present,,unknown,recommend_only,0,,,,,지원금 확인 필요,"금액 판단: 금액 미기재 / 지원 방식: 기술개발, 시험인증, 교육"
PBLN_000000000123222,2026년 2차 섬유산업 지능형 마이크로팩토리 제조 플랫폼 실증기반 구축사업 I-Tube 기술지원 서비스 참여기업 모집 공고,산업통상부,1,max_amount_type=unknown,False,risk_reasons_present,,unknown,recommend_only,0,,,,,지원금 확인 필요,"금액 판단: 금액 미기재 / 지원 방식: 컨설팅멘토링, 기술개발, 시험인증"
PBLN_000000000123296,2026년 2차 기후에너지환경부 혁신제품 지정기간 연장(2차 연장) 공고,기후에너지환경부,1,max_amount_type=unknown,False,risk_reasons_present,,unknown,recommend_only,0,,,,,지원금 확인 필요,"금액 판단: 금액 미기재 / 지원 방식: 시험인증, 판로수출"
PBLN_000000000123335,2026년 차세대 특화망 사전검증(PoC) 지원사업 수요기업 모집 공고,과학기술정보통신부,1,max_amount_type=unknown,False,risk_reasons_present,,unknown,recommend_only,0,,,,,지원금 확인 필요,"금액 판단: 금액 미기재 / 지원 방식: 컨설팅멘토링, 기술개발, 시험인증"
PBLN_000000000123361,2026년 청정공정 확산사업 참여기업 모집 공고,산업통상부,1,max_amount_type=unknown,False,risk_reasons_present,,unknown,recommend_only,0,,,,,지원금 확인 필요,"금액 판단: 금액 미기재 / 지원 방식: 현금지원, 컨설팅멘토링, 기술개발, 시험인증, 판로수출"
PBLN_000000000123397,[충북] 2026년 중소기업 산업보안 진단 컨설팅 모집 공고(산업기술단지 거점기능강화사업),중소벤처기업부,1,max_amount_type=unknown,False,risk_reasons_present,,unknown,recommend_only,0,,,,,지원금 확인 필요,"금액 판단: 금액 미기재 / 지원 방식: 현금지원, 컨설팅멘토링, 시험인증, 교육"
PBLN_000000000123719,2026년 3차 품질보증조달물품 지정계획 공고,조달청,1,max_amount_type=unknown,False,risk_reasons_present,,unknown,recommend_only,0,,,,,지원금 확인 필요,"금액 판단: 금액 미기재 / 지원 방식: 컨설팅멘토링, 시험인증, 교육, 판로수출"
SMARTFACTORY:2026-N-0077:1,[대구] AI솔루션 실증 지원(단일 실증),스마트공장 사업관리시스템,1,max_amount_type=unknown,False,risk_reasons_present,,unknown,recommend_only,0,,,,,지원금 확인 필요,금액 판단: 금액 미기재
SMARTFACTORY:2026-N-0110:2,[현대자동차그룹]2026 대중소상생형 스마트공장 구축(고도화 동일),스마트공장 사업관리시스템,1,max_amount_type=unknown,False,risk_reasons_present,,unknown,recommend_only,0,,,,,지원금 확인 필요,금액 판단: 금액 미기재
SMARTFACTORY:2026-N-0110:4,[현대자동차그룹]2026 대중소상생형 스마트공장 구축(고도화1),스마트공장 사업관리시스템,1,max_amount_type=unknown,False,risk_reasons_present,,unknown,recommend_only,0,,,,,지원금 확인 필요,금액 판단: 금액 미기재
SMARTFACTORY:2026-N-0110:5,[현대자동차그룹]2026 대중소상생형 스마트공장 구축(기초),스마트공장 사업관리시스템,1,max_amount_type=unknown,False,risk_reasons_present,,unknown,recommend_only,0,,,,,지원금 확인 필요,금액 판단: 금액 미기재
SMARTFACTORY:2026-N-0121:1,2026년「푸드테크 스마트 제조 기반 구축」사업 공고(기초)_4차 재공고,스마트공장 사업관리시스템,1,max_amount_type=unknown,False,risk_reasons_present,,unknown,recommend_only,0,,,,,지원금 확인 필요,금액 판단: 금액 미기재
PBLN_000000000122454,[경기] 포천시 2026년 현장기술돌봄이 지원사업 모집 공고,경기도,0,,True,auto_update_candidate,90.0,support_amount,subtract,9,90.0,support_amount,subtract,,,금액 판단: 지원금 90만원
PBLN_000000000123257,[부산] 2027년 방산 중소기업 생산성향상 지원사업 공고,부산광역시,0,,True,auto_update_candidate,15000.0,support_amount,subtract,9,15000.0,support_amount,subtract,,최대 1.5억원,"금액 판단: 지원금 15,000만원 / 금액 표현: 최대 1.5억원 / 지원 방식: 현금지원, 기술개발, 시험인증, 판로수출"
TECHNOPARK:1794,2026년도 인천광역시 중소기업 디자인개발지원사업 (하반기 일반기업 지원분야) 과제 모집,인천테크노파크,0,,True,auto_update_candidate,1800.0,support_amount,subtract,9,1800.0,support_amount,subtract,0.8,"조건별 최대 1,800만원","금액 판단: 지원금 1,800만원 / 금액 표현: 조건별 최대 1,800만원 / 지원 방식: 현금지원, 시험인증"
TECHNOPARK:268,「2026년 수소상용차 부품 성능 검증 기반 구축」사업 장비활용 지원 수혜기업 모집,충남테크노파크,0,,True,auto_update_candidate,1000.0,support_amount,subtract,7,1000.0,support_amount,subtract,,"최대 1,000만원","금액 판단: 지원금 1,000만원 / 금액 표현: 최대 1,000만원 / 지원 방식: 현금지원, 기술개발, 시험인증, 교육"
TECHNOPARK:694,정보보호 기업 육성을 위한 지원사업 참여기업 추가모집(창업·벤처 기업),경남테크노파크,0,,True,auto_update_candidate,1000.0,support_amount,subtract,7,1000.0,support_amount,subtract,,"최대 1,000만원","금액 판단: 지원금 1,000만원 / 금액 표현: 최대 1,000만원 / 지원 방식: 기술개발, 시험인증, 스마트공장"
TECHNOPARK:1868,『고성능 전기차용 전동화시스템 성능평가 기반구축』 2026년도 기업지원 통합 모집 공고,충남테크노파크,0,,True,auto_update_candidate,2000.0,support_amount,subtract,4,2000.0,support_amount,subtract,,"건당 최대 20,000천원","금액 판단: 지원금 2,000만원 / 금액 표현: 건당 최대 20,000천원 / 지원 방식: 시험인증, 교육"
PBLN_000000000120845,2026년 하반기 중소기업기술혁신개발사업 유망기술개발(구조혁신R&D) 시행계획 공고,중소벤처기업부,0,,True,auto_update_candidate,48000.0,subsidy,subtract,3,50000.0,subsidy,subtract,0.75,,"금액 판단: 보조금 48,000만원"
PBLN_000000000119010,[인천] 2026년 연구장비 공동활용 지원사업 모집 공고,인천광역시,0,,True,auto_update_candidate,300.0,subsidy,subtract,1,300.0,subsidy,subtract,0.6,,금액 판단: 보조금 300만원
PBLN_000000000122275,[대구] 2026년 2차 지역혁신 중심 대학지원체계(RISE) 사업 협업ㆍ지원대상 기업 모집 공고,교육부,0,,True,auto_update_candidate,5500.0,support_amount,subtract,1,5500.0,support_amount,subtract,,,"금액 판단: 지원금 5,500만원"
PBLN_000000000122563,[충남] 천안시 2026년 기술이전ㆍ가치평가 지원사업 참여기업 모집 공고,충청남도,0,,True,auto_update_candidate,900.0,support_amount,subtract,1,900.0,support_amount,subtract,,,금액 판단: 지원금 900만원
PBLN_000000000122585,2026년 2차 미래차 전자제어부품 산업 고도화 기반구축 기업지원 수혜기업 모집 공고,산업통상부,0,,True,auto_update_candidate,2000.0,support_amount,subtract,1,2000.0,support_amount,subtract,,,"금액 판단: 지원금 2,000만원"
KOSMES:6107069,2026년 숙련기능인력 E-7-4 전환추천 모집공고(제2026-52호),중소벤처기업진흥공단,0,,False,selected_candidate_missing,,,recommend_only,0,,,,,,금액 판단: 금액 미기재 / 지원 방식: 시험인증 / 주의 사항: 연봉 조건 금액으로 판단되어 지원금에서 제외
PBLN_000000000122670,2026년 산업통상부-공공기관 기술나눔 공고,산업통상부,0,,False,selected_candidate_missing,,,recommend_only,0,,,,,,금액 판단: 금액 미기재 / 주의 사항: 현금 지원금액 없음: 3(금) 한국산업기술진흥원 기술나눔 심의위원회 신청 기업의 특허활용계획 등 심의 7월 중 기술나눔 심의위원회 최종추천 심의결과에 따라 기술별 우선 이전 대상 기업을 확정하여 추천 7월 말 한국산업기술진흥원→ 공공기관 결과안내 기술별 이전기업 확정 및 결과안내 8월...
PBLN_000000000122744,2026년 2차 GLP(세포독성) 시험평가인증 지원사업 공고(메카노바이오활성소재 혁신의료기기 실증 기반구축),산업통상부,0,,False,selected_candidate_missing,,,recommend_only,0,,,,,,"금액 판단: 금액 미기재 / 주의 사항: LLM은 지원금액 없음으로 판단했으나 확정 보류 (소스: detail_page+attachment_pdf, 수집 4건)"
PBLN_000000000123381,[강원] 2026년 2차 지역주력산업육성(지역특화 프로젝트 레전드 50+) 지원모집 공고(강원 2.0 퀀텀점프),중소벤처기업부,0,,False,selected_candidate_missing,,,recommend_only,0,,,,,지원금 확인 필요,금액 판단: 금액 미기재 / 금액 표현: 지원금 확인 필요
PBLN_000000000123433,2026년 K-바이오헬스 지역ㆍ전략센터 연계ㆍ협력 지원사업 참여기업 모집 공고,충청북도,0,,False,selected_candidate_missing,,,recommend_only,0,,,,,지원금 확인 필요,금액 판단: 금액 미기재 / 금액 표현: 지원금 확인 필요
PBLN_000000000123447,[전북] 2026년 특화역량 BI 지원사업 AI-R&D 부스팅 프로그램 참여기업 모집 공고,중소벤처기업부,0,,False,selected_candidate_missing,,,recommend_only,0,,,,,지원금 확인 필요,금액 판단: 금액 미기재 / 금액 표현: 지원금 확인 필요
TECHNOPARK:1519,2026년 햇빛소득마을 컨설팅 지원사업 위탁기관 모집 공고,충남테크노파크,0,,False,selected_candidate_missing,,,recommend_only,0,,,,,,"금액 판단: 금액 미기재 / 지원 방식: 컨설팅멘토링, 시험인증, 교육 / 주의 사항: 현금성 최대지원금으로 확정할 수 없어 공통 금액 컬럼에서 제외"
TECHNOPARK:1558,2026 패패부산(부산국제신발섬유패션전시회) 참가기업 모집공고,부산테크노파크,0,,False,selected_candidate_missing,,,recommend_only,0,,,,,,금액 판단: 금액 미기재 / 지원 방식: 공동장비 / 주의 사항: 현금성 최대지원금으로 확정할 수 없어 공통 금액 컬럼에서 제외
TECHNOPARK:1559,2026년 부산 연구개발장비 공동활용 지원사업 모집 공고(2차),부산테크노파크,0,,False,selected_candidate_missing,,,recommend_only,0,,,,,,금액 판단: 금액 미기재 / 지원 방식: 공동장비 / 주의 사항: 현금성 최대지원금으로 확정할 수 없어 공통 금액 컬럼에서 제외
TECHNOPARK:1749,「2026년 지역특화 제조데이터 활성화 사업」AI솔루션 실증 참여기업 모집 2차 공고,대구테크노파크,0,,False,selected_candidate_missing,,,recommend_only,0,,,,,지원금 확인 필요,금액 판단: 금액 미기재 / 금액 표현: 지원금 확인 필요 / 지원 방식: 기술개발
TECHNOPARK:1873,「충남 지역혁신클러스터육성(비R&D)사업」사업화 지원 수혜기업 모집 공고(2차),충남테크노파크,0,,False,selected_candidate_missing,,,recommend_only,0,,,,,지원금 확인 필요,"금액 판단: 금액 미기재 / 금액 표현: 지원금 확인 필요 / 지원 방식: 기술개발, 시험인증, 교육"
TECHNOPARK:434,「해양수산자원 산업화 육성 지원(바이오)」수혜기업 모집(2차) 공고,충남테크노파크,0,,False,selected_candidate_missing,,,recommend_only,0,,,,,지원금 확인 필요,"금액 판단: 금액 미기재 / 금액 표현: 지원금 확인 필요 / 지원 방식: 시험인증, 교육"
TECHNOPARK:539,전북AX랩 활용 희망기업 모집 상시공고,전북테크노파크,0,,False,selected_candidate_missing,,,recommend_only,0,,,,,지원금 확인 필요,금액 판단: 금액 미기재 / 금액 표현: 지원금 확인 필요 / 지원 방식: 기술개발
TECHNOPARK:946,「2026 제12회 한국 AI 신발디자인 공모전」후원사 모집,부산테크노파크,0,,False,selected_candidate_missing,,,recommend_only,0,,,,,지원금 확인 필요,"금액 판단: 금액 미기재 / 금액 표현: 지원금 확인 필요 / 지원 방식: 기술개발, 시험인증, 에너지효율"
TECHNOPARK:964,[2026-047호] 2026년 디지털 콘텐츠 산업 규제개혁 어드바이저 참여기업 모집 공고,세종테크노파크,0,,False,selected_candidate_missing,,,recommend_only,0,,,,,,"금액 판단: 금액 미기재 / 지원 방식: 현금지원, 컨설팅멘토링, 기술개발, 시험인증, 교육 / 주의 사항: 현금성 최대지원금으로 확정할 수 없어 공통 금액 컬럼에서 제외"
